/workspace/input/bundle.zip: OK
Get:1 http://deb.debian.org/debian bookworm InRelease [151 kB]
Get:2 http://deb.debian.org/debian bookworm-updates InRelease [55.4 kB]
Get:3 http://deb.debian.org/debian-security bookworm-security InRelease [34.8 kB]
Get:4 http://deb.debian.org/debian bookworm/main amd64 Packages [8790 kB]
Get:5 http://deb.debian.org/debian bookworm-updates/main amd64 Packages [6924 B]
Get:6 http://deb.debian.org/debian-security bookworm-security/main amd64 Packages [335 kB]
Fetched 9374 kB in 1s (8130 kB/s)
Reading package lists...
Reading package lists...
Building dependency tree...
Reading state information...
unzip is already the newest version (6.0-28+deb12u1).
The following additional packages will be installed:
  eslint fontconfig-config gcc-12-base gyp handlebars libaom3 libasound2
  libasound2-data libass9 libasyncns0 libavc1394-0 libavcodec59 libavdevice59
  libavfilter8 libavformat59 libavutil57 libblas3 libbluray2 libbrotli1
  libbs2b0 libc-ares2 libcaca0 libcairo-gobject2 libcairo2 libcdio-cdda2
  libcdio-paranoia2 libcdio19 libchromaprint1 libcjson1 libcodec2-1.0
  libdatrie1 libdav1d6 libdbus-1-3 libdc1394-25 libdecor-0-0 libdeflate0
  libdrm-amdgpu1 libdrm-common libdrm-intel1 libdrm-nouveau2 libdrm-radeon1
  libdrm2 libelf1 libepoxy0 libexpat1 libflac12 libflite1 libfontconfig1
  libfreetype6 libfribidi0 libgbm1 libgcc-s1 libgdk-pixbuf-2.0-0
  libgdk-pixbuf2.0-common libgfortran5 libgl1 libgl1-mesa-dri libglapi-mesa
  libglib2.0-0 libglvnd0 libglx-mesa0 libglx0 libgme0 libgomp1 libgraphite2-3
  libgsm1 libharfbuzz0b libhwy1 libicu72 libiec61883-0 libjack-jackd2-0
  libjbig0 libjpeg62-turbo libjs-async libjs-events libjs-inherits
  libjs-is-typedarray libjs-prettify libjs-regenerate libjs-source-map
  libjs-sprintf-js libjs-typedarray-to-buffer libjs-util libjxl0.7 liblapack3
  liblcms2-2 liblerc4 liblilv-0-0 libllvm15 libmbedcrypto7 libmfx1 libmp3lame0
  libmpg123-0 libmysofa1 libnghttp2-14 libnode-dev libnode108 libnorm1
  libnuma1 libogg0 libopenal-data libopenal1 libopenjp2-7 libopenmpt0 libopus0
  libpango-1.0-0 libpangocairo-1.0-0 libpangoft2-1.0-0 libpciaccess0
  libpgm-5.3-0 libpixman-1-0 libplacebo208 libpng16-16 libpocketsphinx3
  libpostproc56 libpulse0 libpython3-stdlib libpython3.11-minimal
  libpython3.11-stdlib libquadmath0 librabbitmq4 librav1e0 libraw1394-11
  librist4 librsvg2-2 librubberband2 libsamplerate0 libsdl2-2.0-0
  libsensors-config libsensors5 libserd-0-0 libshine3 libslang2 libsnappy1v5
  libsndfile1 libsndio7.0 libsodium23 libsord-0-0 libsoxr0 libspeex1
  libsphinxbase3 libsratom-0-0 libsrt1.5-gnutls libssh-gcrypt-4 libssl-dev
  libstdc++6 libsvtav1enc1 libswresample4 libswscale6 libthai-data libthai0
  libtheora0 libtiff6 libtwolame0 libudfread0 libusb-1.0-0 libuv1 libuv1-dev
  libva-drm2 libva-x11-2 libva2 libvdpau1 libvidstab1.1 libvorbis0a
  libvorbisenc2 libvorbisfile3 libvpx7 libvulkan1 libwayland-client0
  libwayland-cursor0 libwayland-egl1 libwayland-server0 libwebp7 libwebpmux3
  libx11-6 libx11-data libx11-xcb1 libx264-164 libx265-199 libxau6
  libxcb-dri2-0 libxcb-dri3-0 libxcb-glx0 libxcb-present0 libxcb-randr0
  libxcb-render0 libxcb-shape0 libxcb-shm0 libxcb-sync1 libxcb-xfixes0 libxcb1
  libxcursor1 libxdmcp6 libxext6 libxfixes3 libxi6 libxkbcommon0 libxml2
  libxrandr2 libxrender1 libxshmfence1 libxss1 libxv1 libxvidcore4 libxxf86vm1
  libz3-4 libzimg2 libzmq5 libzvbi-common libzvbi0 media-types node-abbrev
  node-acorn node-agent-base node-ajv node-ajv-keywords
  node-ampproject-remapping node-ansi-escapes node-ansi-regex node-ansi-styles
  node-anymatch node-aproba node-archy node-are-we-there-yet node-argparse
  node-arrify node-assert node-async node-async-each
  node-babel-helper-define-polyfill-provider
  node-babel-plugin-add-module-exports node-babel-plugin-lodash
  node-babel-plugin-polyfill-corejs2 node-babel-plugin-polyfill-corejs3
  node-babel-plugin-polyfill-regenerator node-babel7 node-babel7-runtime
  node-balanced-match node-base64-js node-binary-extensions
  node-brace-expansion node-braces node-browserslist node-builtins node-busboy
  node-cacache node-camelcase node-caniuse-lite node-chalk node-chokidar
  node-chownr node-chrome-trace-event node-ci-info node-cjs-module-lexer
  node-cli-table node-cliui node-clone node-clone-deep node-color-convert
  node-color-name node-colors node-columnify node-commander node-commondir
  node-concat-stream node-console-control-strings node-convert-source-map
  node-copy-concurrently node-core-js node-core-js-compat node-core-js-pure
  node-core-util-is node-css-loader node-css-selector-tokenizer
  node-data-uri-to-buffer node-debbundle-es-to-primitive node-debug
  node-decamelize node-decompress-response node-deep-equal node-deep-is
  node-defaults node-define-properties node-defined node-del node-delegates
  node-depd node-diff node-doctrine node-electron-to-chromium node-encoding
  node-end-of-stream node-enhanced-resolve node-err-code node-errno
  node-error-ex node-es-abstract node-es-module-lexer node-es6-error
  node-escape-string-regexp node-escodegen node-eslint-scope node-eslint-utils
  node-eslint-visitor-keys node-espree node-esprima node-esquery
  node-esrecurse node-estraverse node-esutils node-events node-fancy-log
  node-fast-deep-equal node-fast-levenshtein node-fetch node-file-entry-cache
  node-fill-range node-find-cache-dir node-find-up node-flat-cache
  node-flatted node-for-in node-for-own node-foreground-child
  node-fs-readdir-recursive node-fs-write-stream-atomic node-fs.realpath
  node-function-bind node-functional-red-black-tree node-gauge
  node-get-caller-file node-get-stream node-glob node-glob-parent node-globals
  node-globby node-got node-graceful-fs node-gyp node-has-flag
  node-has-unicode node-hosted-git-info node-https-proxy-agent node-iconv-lite
  node-icss-utils node-ieee754 node-iferr node-ignore node-imurmurhash
  node-indent-string node-inflight node-inherits node-ini node-interpret
  node-ip node-ip-regex node-is-arrayish node-is-binary-path node-is-buffer
  node-is-extendable node-is-extglob node-is-glob node-is-number
  node-is-path-cwd node-is-path-inside node-is-plain-obj node-is-plain-object
  node-is-stream node-is-typedarray node-is-windows node-isarray node-isexe
  node-isobject node-istanbul node-jest-debbundle node-jest-worker
  node-js-tokens node-js-yaml node-jsesc node-json-buffer
  node-json-parse-better-errors node-json-schema node-json-schema-traverse
  node-json-stable-stringify node-json5 node-jsonify node-jsonparse
  node-kind-of node-levn node-loader-runner node-locate-path node-lodash
  node-lodash-packages node-lowercase-keys node-lru-cache node-make-dir
  node-memfs node-memory-fs node-merge-stream node-micromatch node-mime
  node-mime-types node-mimic-response node-minimatch node-minimist
  node-minipass node-mkdirp node-move-concurrently node-ms node-mute-stream
  node-n3 node-negotiator node-neo-async node-nopt node-normalize-package-data
  node-normalize-path node-npm-bundled node-npm-package-arg node-npm-run-path
  node-npmlog node-object-assign node-object-inspect node-once node-optimist
  node-optionator node-osenv node-p-cancelable node-p-limit node-p-locate
  node-p-map node-parse-json node-path-dirname node-path-exists
  node-path-is-absolute node-path-is-inside node-path-type node-picocolors
  node-pify node-pkg-dir node-postcss node-postcss-modules-extract-imports
  node-postcss-modules-values node-postcss-value-parser node-prelude-ls
  node-process-nextick-args node-progress node-promise-inflight
  node-promise-retry node-promzard node-prr node-pump node-punycode
  node-quick-lru node-randombytes node-read node-read-package-json
  node-read-pkg node-readable-stream node-readdirp node-rechoir
  node-regenerate node-regenerate-unicode-properties node-regenerator-runtime
  node-regenerator-transform node-regexpp node-regexpu-core node-regjsgen
  node-regjsparser node-repeat-string node-require-directory node-resolve
  node-resolve-cwd node-resolve-from node-resumer node-retry node-rimraf
  node-run-queue node-safe-buffer node-schema-utils node-semver
  node-serialize-javascript node-set-blocking node-set-immediate-shim
  node-shebang-command node-shebang-regex node-signal-exit node-slash
  node-slice-ansi node-source-list-map node-source-map node-source-map-support
  node-spdx-correct node-spdx-exceptions node-spdx-expression-parse
  node-spdx-license-ids node-sprintf-js node-ssri node-string-decoder
  node-string-width node-strip-ansi node-strip-bom node-strip-json-comments
  node-supports-color node-tapable node-tape node-tar node-terser
  node-text-table node-through node-time-stamp node-to-fast-properties
  node-to-regex-range node-tslib node-type-check node-typedarray
  node-typedarray-to-buffer node-undici
  node-unicode-canonical-property-names-ecmascript
  node-unicode-match-property-ecmascript
  node-unicode-match-property-value-ecmascript
  node-unicode-property-aliases-ecmascript node-unique-filename node-uri-js
  node-util node-util-deprecate node-uuid node-v8-compile-cache node-v8flags
  node-validate-npm-package-license node-validate-npm-package-name
  node-watchpack node-wcwidth.js node-webassemblyjs node-webpack-sources
  node-which node-wide-align node-wordwrap node-wrap-ansi node-wrappy
  node-write node-write-file-atomic node-xtend node-y18n node-yallist
  node-yargs node-yargs-parser ocl-icd-libopencl1 python3 python3-minimal
  python3-pkg-resources python3-six python3.11 python3.11-minimal
  shared-mime-info terser webpack x11-common xkb-data
Suggested packages:
  node-babel-eslint node-esprima-fb node-inquirer ffmpeg-doc
  libasound2-plugins alsa-utils libcuda1 libnvcuvid1 libnvidia-encode1
  libbluray-bdj low-memory-monitor jackd2 libjs-angularjs liblcms2-utils
  libportaudio2 opus-tools pciutils pulseaudio libraw1394-doc librsvg2-bin
  xdg-utils lm-sensors serdi sndiod sordi speex libssl-doc
  node-babel-plugin-polyfill-es-shims node-babel7-debug javascript-common
  livescript chai node-jest-diff node-opener opencl-icd python3-doc python3-tk
  python3-venv python3-setuptools python3.11-venv python3.11-doc binutils
  binfmt-support
Recommended packages:
  alsa-ucm-conf alsa-topology-conf libaacs0 dbus libdecor-0-plugin-1-cairo
  | libdecor-0-plugin-1 libgdk-pixbuf2.0-bin libglib2.0-data xdg-user-dirs
  javascript-common pocketsphinx-en-us librsvg2-common va-driver-all
  | va-driver vdpau-driver-all | vdpau-driver mesa-vulkan-drivers | vulkan-icd
  build-essential nodejs-doc git node-tap
The following NEW packages will be installed:
  eslint ffmpeg fontconfig fontconfig-config fonts-dejavu-core
  fonts-liberation gyp handlebars libaom3 libasound2 libasound2-data libass9
  libasyncns0 libavc1394-0 libavcodec59 libavdevice59 libavfilter8
  libavformat59 libavutil57 libblas3 libbluray2 libbrotli1 libbs2b0 libc-ares2
  libcaca0 libcairo-gobject2 libcairo2 libcdio-cdda2 libcdio-paranoia2
  libcdio19 libchromaprint1 libcjson1 libcodec2-1.0 libdatrie1 libdav1d6
  libdbus-1-3 libdc1394-25 libdecor-0-0 libdeflate0 libdrm-amdgpu1
  libdrm-common libdrm-intel1 libdrm-nouveau2 libdrm-radeon1 libdrm2 libelf1
  libepoxy0 libexpat1 libflac12 libflite1 libfontconfig1 libfreetype6
  libfribidi0 libgbm1 libgdk-pixbuf-2.0-0 libgdk-pixbuf2.0-common libgfortran5
  libgl1 libgl1-mesa-dri libglapi-mesa libglib2.0-0 libglvnd0 libglx-mesa0
  libglx0 libgme0 libgomp1 libgraphite2-3 libgsm1 libharfbuzz0b libhwy1
  libicu72 libiec61883-0 libjack-jackd2-0 libjbig0 libjpeg62-turbo libjs-async
  libjs-events libjs-inherits libjs-is-typedarray libjs-prettify
  libjs-regenerate libjs-source-map libjs-sprintf-js
  libjs-typedarray-to-buffer libjs-util libjxl0.7 liblapack3 liblcms2-2
  liblerc4 liblilv-0-0 libllvm15 libmbedcrypto7 libmfx1 libmp3lame0
  libmpg123-0 libmysofa1 libnghttp2-14 libnode-dev libnode108 libnorm1
  libnuma1 libogg0 libopenal-data libopenal1 libopenjp2-7 libopenmpt0 libopus0
  libpango-1.0-0 libpangocairo-1.0-0 libpangoft2-1.0-0 libpciaccess0
  libpgm-5.3-0 libpixman-1-0 libplacebo208 libpng16-16 libpocketsphinx3
  libpostproc56 libpulse0 libpython3-stdlib libpython3.11-minimal
  libpython3.11-stdlib libquadmath0 librabbitmq4 librav1e0 libraw1394-11
  librist4 librsvg2-2 librubberband2 libsamplerate0 libsdl2-2.0-0
  libsensors-config libsensors5 libserd-0-0 libshine3 libslang2 libsnappy1v5
  libsndfile1 libsndio7.0 libsodium23 libsord-0-0 libsoxr0 libspeex1
  libsphinxbase3 libsratom-0-0 libsrt1.5-gnutls libssh-gcrypt-4 libssl-dev
  libsvtav1enc1 libswresample4 libswscale6 libthai-data libthai0 libtheora0
  libtiff6 libtwolame0 libudfread0 libusb-1.0-0 libuv1 libuv1-dev libva-drm2
  libva-x11-2 libva2 libvdpau1 libvidstab1.1 libvorbis0a libvorbisenc2
  libvorbisfile3 libvpx7 libvulkan1 libwayland-client0 libwayland-cursor0
  libwayland-egl1 libwayland-server0 libwebp7 libwebpmux3 libx11-6 libx11-data
  libx11-xcb1 libx264-164 libx265-199 libxau6 libxcb-dri2-0 libxcb-dri3-0
  libxcb-glx0 libxcb-present0 libxcb-randr0 libxcb-render0 libxcb-shape0
  libxcb-shm0 libxcb-sync1 libxcb-xfixes0 libxcb1 libxcursor1 libxdmcp6
  libxext6 libxfixes3 libxi6 libxkbcommon0 libxml2 libxrandr2 libxrender1
  libxshmfence1 libxss1 libxv1 libxvidcore4 libxxf86vm1 libz3-4 libzimg2
  libzmq5 libzvbi-common libzvbi0 media-types node-abbrev node-acorn
  node-agent-base node-ajv node-ajv-keywords node-ampproject-remapping
  node-ansi-escapes node-ansi-regex node-ansi-styles node-anymatch node-aproba
  node-archy node-are-we-there-yet node-argparse node-arrify node-assert
  node-async node-async-each node-babel-helper-define-polyfill-provider
  node-babel-plugin-add-module-exports node-babel-plugin-lodash
  node-babel-plugin-polyfill-corejs2 node-babel-plugin-polyfill-corejs3
  node-babel-plugin-polyfill-regenerator node-babel7 node-babel7-runtime
  node-balanced-match node-base64-js node-binary-extensions
  node-brace-expansion node-braces node-browserslist node-builtins node-busboy
  node-cacache node-camelcase node-caniuse-lite node-chalk node-chokidar
  node-chownr node-chrome-trace-event node-ci-info node-cjs-module-lexer
  node-cli-table node-cliui node-clone node-clone-deep node-color-convert
  node-color-name node-colors node-columnify node-commander node-commondir
  node-concat-stream node-console-control-strings node-convert-source-map
  node-copy-concurrently node-core-js node-core-js-compat node-core-js-pure
  node-core-util-is node-css-loader node-css-selector-tokenizer
  node-data-uri-to-buffer node-debbundle-es-to-primitive node-debug
  node-decamelize node-decompress-response node-deep-equal node-deep-is
  node-defaults node-define-properties node-defined node-del node-delegates
  node-depd node-diff node-doctrine node-electron-to-chromium node-encoding
  node-end-of-stream node-enhanced-resolve node-err-code node-errno
  node-error-ex node-es-abstract node-es-module-lexer node-es6-error
  node-escape-string-regexp node-escodegen node-eslint-scope node-eslint-utils
  node-eslint-visitor-keys node-espree node-esprima node-esquery
  node-esrecurse node-estraverse node-esutils node-events node-fancy-log
  node-fast-deep-equal node-fast-levenshtein node-fetch node-file-entry-cache
  node-fill-range node-find-cache-dir node-find-up node-flat-cache
  node-flatted node-for-in node-for-own node-foreground-child
  node-fs-readdir-recursive node-fs-write-stream-atomic node-fs.realpath
  node-function-bind node-functional-red-black-tree node-gauge
  node-get-caller-file node-get-stream node-glob node-glob-parent node-globals
  node-globby node-got node-graceful-fs node-gyp node-has-flag
  node-has-unicode node-hosted-git-info node-https-proxy-agent node-iconv-lite
  node-icss-utils node-ieee754 node-iferr node-ignore node-imurmurhash
  node-indent-string node-inflight node-inherits node-ini node-interpret
  node-ip node-ip-regex node-is-arrayish node-is-binary-path node-is-buffer
  node-is-extendable node-is-extglob node-is-glob node-is-number
  node-is-path-cwd node-is-path-inside node-is-plain-obj node-is-plain-object
  node-is-stream node-is-typedarray node-is-windows node-isarray node-isexe
  node-isobject node-istanbul node-jest-debbundle node-jest-worker
  node-js-tokens node-js-yaml node-jsesc node-json-buffer
  node-json-parse-better-errors node-json-schema node-json-schema-traverse
  node-json-stable-stringify node-json5 node-jsonify node-jsonparse
  node-kind-of node-levn node-loader-runner node-locate-path node-lodash
  node-lodash-packages node-lowercase-keys node-lru-cache node-make-dir
  node-memfs node-memory-fs node-merge-stream node-micromatch node-mime
  node-mime-types node-mimic-response node-minimatch node-minimist
  node-minipass node-mkdirp node-move-concurrently node-ms node-mute-stream
  node-n3 node-negotiator node-neo-async node-nopt node-normalize-package-data
  node-normalize-path node-npm-bundled node-npm-package-arg node-npm-run-path
  node-npmlog node-object-assign node-object-inspect node-once node-optimist
  node-optionator node-osenv node-p-cancelable node-p-limit node-p-locate
  node-p-map node-parse-json node-path-dirname node-path-exists
  node-path-is-absolute node-path-is-inside node-path-type node-picocolors
  node-pify node-pkg-dir node-postcss node-postcss-modules-extract-imports
  node-postcss-modules-values node-postcss-value-parser node-prelude-ls
  node-process-nextick-args node-progress node-promise-inflight
  node-promise-retry node-promzard node-prr node-pump node-punycode
  node-quick-lru node-randombytes node-read node-read-package-json
  node-read-pkg node-readable-stream node-readdirp node-rechoir
  node-regenerate node-regenerate-unicode-properties node-regenerator-runtime
  node-regenerator-transform node-regexpp node-regexpu-core node-regjsgen
  node-regjsparser node-repeat-string node-require-directory node-resolve
  node-resolve-cwd node-resolve-from node-resumer node-retry node-rimraf
  node-run-queue node-safe-buffer node-schema-utils node-semver
  node-serialize-javascript node-set-blocking node-set-immediate-shim
  node-shebang-command node-shebang-regex node-signal-exit node-slash
  node-slice-ansi node-source-list-map node-source-map node-source-map-support
  node-spdx-correct node-spdx-exceptions node-spdx-expression-parse
  node-spdx-license-ids node-sprintf-js node-ssri node-string-decoder
  node-string-width node-strip-ansi node-strip-bom node-strip-json-comments
  node-supports-color node-tapable node-tape node-tar node-terser
  node-text-table node-through node-time-stamp node-to-fast-properties
  node-to-regex-range node-tslib node-type-check node-typedarray
  node-typedarray-to-buffer node-undici
  node-unicode-canonical-property-names-ecmascript
  node-unicode-match-property-ecmascript
  node-unicode-match-property-value-ecmascript
  node-unicode-property-aliases-ecmascript node-unique-filename node-uri-js
  node-util node-util-deprecate node-uuid node-v8-compile-cache node-v8flags
  node-validate-npm-package-license node-validate-npm-package-name
  node-watchpack node-wcwidth.js node-webassemblyjs node-webpack-sources
  node-which node-wide-align node-wordwrap node-wrap-ansi node-wrappy
  node-write node-write-file-atomic node-xtend node-y18n node-yallist
  node-yargs node-yargs-parser nodejs npm ocl-icd-libopencl1 python3
  python3-minimal python3-pkg-resources python3-six python3.11
  python3.11-minimal shared-mime-info terser webpack x11-common xkb-data
The following packages will be upgraded:
  gcc-12-base libgcc-s1 libstdc++6
3 upgraded, 561 newly installed, 0 to remove and 42 not upgraded.
Need to get 164 MB of archives.
After this operation, 658 MB of additional disk space will be used.
Get:1 http://deb.debian.org/debian bookworm/main amd64 libpython3.11-minimal amd64 3.11.2-6+deb12u8 [818 kB]
Get:2 http://deb.debian.org/debian bookworm/main amd64 libexpat1 amd64 2.5.0-1+deb12u2 [99.9 kB]
Get:3 http://deb.debian.org/debian bookworm/main amd64 python3.11-minimal amd64 3.11.2-6+deb12u8 [2065 kB]
Get:4 http://deb.debian.org/debian bookworm/main amd64 python3-minimal amd64 3.11.2-1+b1 [26.3 kB]
Get:5 http://deb.debian.org/debian bookworm/main amd64 media-types all 10.0.0 [26.1 kB]
Get:6 http://deb.debian.org/debian bookworm/main amd64 libpython3.11-stdlib amd64 3.11.2-6+deb12u8 [1799 kB]
Get:7 http://deb.debian.org/debian bookworm/main amd64 python3.11 amd64 3.11.2-6+deb12u8 [574 kB]
Get:8 http://deb.debian.org/debian bookworm/main amd64 libpython3-stdlib amd64 3.11.2-1+b1 [9312 B]
Get:9 http://deb.debian.org/debian bookworm/main amd64 python3 amd64 3.11.2-1+b1 [26.3 kB]
Get:10 http://deb.debian.org/debian bookworm/main amd64 gcc-12-base amd64 12.2.0-14+deb12u1 [37.6 kB]
Get:11 http://deb.debian.org/debian bookworm/main amd64 libstdc++6 amd64 12.2.0-14+deb12u1 [613 kB]
Get:12 http://deb.debian.org/debian bookworm/main amd64 libgcc-s1 amd64 12.2.0-14+deb12u1 [49.9 kB]
Get:13 http://deb.debian.org/debian bookworm/main amd64 node-fast-deep-equal all 3.1.3-3 [5768 B]
Get:14 http://deb.debian.org/debian bookworm/main amd64 node-json-schema-traverse all 1.0.0-3 [6308 B]
Get:15 http://deb.debian.org/debian bookworm/main amd64 node-jsonify all 0.0.1-1 [8704 B]
Get:16 http://deb.debian.org/debian bookworm/main amd64 node-json-stable-stringify all 1.0.2+~cs5.2.34-1 [11.3 kB]
Get:17 http://deb.debian.org/debian bookworm/main amd64 libbrotli1 amd64 1.0.9-2+b6 [275 kB]
Get:18 http://deb.debian.org/debian bookworm/main amd64 libc-ares2 amd64 1.18.1-3 [102 kB]
Get:19 http://deb.debian.org/debian bookworm/main amd64 libicu72 amd64 72.1-3+deb12u1 [9376 kB]
Get:20 http://deb.debian.org/debian bookworm/main amd64 libnghttp2-14 amd64 1.52.0-1+deb12u3 [72.4 kB]
Get:21 http://deb.debian.org/debian bookworm/main amd64 libuv1 amd64 1.44.2-1+deb12u1 [136 kB]
Get:22 http://deb.debian.org/debian bookworm/main amd64 node-xtend all 4.0.2-3 [3932 B]
Get:23 http://deb.debian.org/debian bookworm/main amd64 node-acorn all 8.8.1+ds+~cs25.17.7-2 [128 kB]
Get:24 http://deb.debian.org/debian bookworm/main amd64 node-cjs-module-lexer all 1.2.2+dfsg-5 [30.1 kB]
Get:25 http://deb.debian.org/debian bookworm/main amd64 node-busboy all 1.6.0+~cs2.6.0-2 [16.9 kB]
Get:26 http://deb.debian.org/debian bookworm/main amd64 node-undici all 5.15.0+dfsg1+~cs20.10.9.3-1+deb12u4 [285 kB]
Get:27 http://deb.debian.org/debian bookworm/main amd64 libnode108 amd64 18.20.4+dfsg-1~deb12u2 [10.6 MB]
Get:28 http://deb.debian.org/debian bookworm/main amd64 nodejs amd64 18.20.4+dfsg-1~deb12u2 [321 kB]
Get:29 http://deb.debian.org/debian bookworm/main amd64 node-punycode all 2.1.1-6 [9444 B]
Get:30 http://deb.debian.org/debian bookworm/main amd64 node-uri-js all 4.4.0+dfsg-8 [47.3 kB]
Get:31 http://deb.debian.org/debian bookworm/main amd64 node-ajv all 6.12.6-3 [74.0 kB]
Get:32 http://deb.debian.org/debian bookworm/main amd64 libjs-inherits all 2.0.4-6 [3548 B]
Get:33 http://deb.debian.org/debian bookworm/main amd64 node-inherits all 2.0.4-6 [4548 B]
Get:34 http://deb.debian.org/debian bookworm/main amd64 node-core-util-is all 1.0.3-1 [4072 B]
Get:35 http://deb.debian.org/debian bookworm/main amd64 node-safe-buffer all 5.2.1+~cs2.1.2-3 [15.5 kB]
Get:36 http://deb.debian.org/debian bookworm/main amd64 node-string-decoder all 1.3.0-6 [7180 B]
Get:37 http://deb.debian.org/debian bookworm/main amd64 node-process-nextick-args all 2.0.1-3 [3816 B]
Get:38 http://deb.debian.org/debian bookworm/main amd64 node-util-deprecate all 1.0.2-3 [4436 B]
Get:39 http://deb.debian.org/debian bookworm/main amd64 node-isarray all 2.0.5-4 [4040 B]
Get:40 http://deb.debian.org/debian bookworm/main amd64 node-readable-stream all 3.6.0+~cs3.0.0-4 [32.0 kB]
Get:41 http://deb.debian.org/debian bookworm/main amd64 node-typedarray all 0.0.7-1 [11.4 kB]
Get:42 http://deb.debian.org/debian bookworm/main amd64 node-concat-stream all 2.0.0+~2.0.0-2 [6388 B]
Get:43 http://deb.debian.org/debian bookworm/main amd64 node-ms all 2.1.3+~cs0.7.31-3 [5648 B]
Get:44 http://deb.debian.org/debian bookworm/main amd64 node-debug all 4.3.4+~cs4.1.7-1 [18.1 kB]
Get:45 http://deb.debian.org/debian bookworm/main amd64 node-esutils all 2.0.3+~2.0.0-1 [12.4 kB]
Get:46 http://deb.debian.org/debian bookworm/main amd64 node-doctrine all 3.0.0-4 [19.9 kB]
Get:47 http://deb.debian.org/debian bookworm/main amd64 node-eslint-visitor-keys all 3.3.0+~1.0.0-1 [17.1 kB]
Get:48 http://deb.debian.org/debian bookworm/main amd64 node-estraverse all 5.3.0+ds+~5.1.1-1 [11.6 kB]
Get:49 http://deb.debian.org/debian bookworm/main amd64 node-object-assign all 4.1.1-7 [4684 B]
Get:50 http://deb.debian.org/debian bookworm/main amd64 node-esrecurse all 4.3.0-2 [6048 B]
Get:51 http://deb.debian.org/debian bookworm/main amd64 node-eslint-scope all 7.1.1+~3.7.4-1 [35.6 kB]
Get:52 http://deb.debian.org/debian bookworm/main amd64 node-espree all 9.4.1~dfsg-1 [41.0 kB]
Get:53 http://deb.debian.org/debian bookworm/main amd64 node-esquery all 1.4.2~ds-1 [24.9 kB]
Get:54 http://deb.debian.org/debian bookworm/main amd64 node-eslint-utils all 3.0.0-3 [15.5 kB]
Get:55 http://deb.debian.org/debian bookworm/main amd64 node-flatted all 3.2.7~ds-1+deb12u1 [10.4 kB]
Get:56 http://deb.debian.org/debian bookworm/main amd64 node-fs.realpath all 1.0.0-3 [6172 B]
Get:57 http://deb.debian.org/debian bookworm/main amd64 node-wrappy all 1.0.2-3 [3776 B]
Get:58 http://deb.debian.org/debian bookworm/main amd64 node-once all 1.4.0-7 [4492 B]
Get:59 http://deb.debian.org/debian bookworm/main amd64 node-inflight all 1.0.6-2 [3952 B]
Get:60 http://deb.debian.org/debian bookworm/main amd64 node-balanced-match all 2.0.0-1 [4872 B]
Get:61 http://deb.debian.org/debian bookworm/main amd64 node-brace-expansion all 2.0.1-2 [7320 B]
Get:62 http://deb.debian.org/debian bookworm/main amd64 node-minimatch all 5.1.1+~5.1.2-1 [18.6 kB]
Get:63 http://deb.debian.org/debian bookworm/main amd64 node-glob all 8.0.3+~cs8.4.15-1 [133 kB]
Get:64 http://deb.debian.org/debian bookworm/main amd64 node-rimraf all 3.0.2-2 [11.1 kB]
Get:65 http://deb.debian.org/debian bookworm/main amd64 node-write all 2.0.0~6.0.0+~3.0.4+~2.0.0+~1.0.0+~2.0.1-5 [17.8 kB]
Get:66 http://deb.debian.org/debian bookworm/main amd64 node-flat-cache all 3.0.4~6.0.0+~3.0.4+~2.0.0+~1.0.0+~2.0.1-5 [20.1 kB]
Get:67 http://deb.debian.org/debian bookworm/main amd64 node-file-entry-cache all 6.0.0+~3.0.4+~2.0.0+~1.0.0+~2.0.1-5 [15.0 kB]
Get:68 http://deb.debian.org/debian bookworm/main amd64 node-functional-red-black-tree all 1.0.1+20181105-7 [14.1 kB]
Get:69 http://deb.debian.org/debian bookworm/main amd64 node-is-extglob all 2.1.1-5 [4612 B]
Get:70 http://deb.debian.org/debian bookworm/main amd64 node-is-glob all 4.0.3-2 [6620 B]
Get:71 http://deb.debian.org/debian bookworm/main amd64 node-path-dirname all 1.0.2-2 [4312 B]
Get:72 http://deb.debian.org/debian bookworm/main amd64 node-glob-parent all 6.0.2+~5.1.1-2 [8784 B]
Get:73 http://deb.debian.org/debian bookworm/main amd64 node-globals all 13.18.0-1 [11.1 kB]
Get:74 http://deb.debian.org/debian bookworm/main amd64 node-resolve-from all 5.0.0+~3.1.0+~3.3.0+~2.0.0-1 [7292 B]
Get:75 http://deb.debian.org/debian bookworm/main amd64 node-imurmurhash all 0.1.4+dfsg+~0.1.1-2 [8412 B]
Get:76 http://deb.debian.org/debian bookworm/main amd64 node-ignore all 5.2.1-1 [26.4 kB]
Get:77 http://deb.debian.org/debian bookworm/main amd64 node-prelude-ls all 1.2.1+dfsg-3 [11.3 kB]
Get:78 http://deb.debian.org/debian bookworm/main amd64 node-type-check all 0.4.0+dfsg-3 [9184 B]
Get:79 http://deb.debian.org/debian bookworm/main amd64 node-levn all 0.4.1+dfsg-2 [10.2 kB]
Get:80 http://deb.debian.org/debian bookworm/main amd64 node-lodash all 4.17.21+dfsg+~cs8.31.198.20210220-9 [462 kB]
Get:81 http://deb.debian.org/debian bookworm/main amd64 node-memfs all 3.4.12+~cs1.0.3-1 [46.8 kB]
Get:82 http://deb.debian.org/debian bookworm/main amd64 node-mkdirp all 1.0.4+~1.0.2-4 [11.6 kB]
Get:83 http://deb.debian.org/debian bookworm/main amd64 node-deep-is all 0.1.4-1 [5136 B]
Get:84 http://deb.debian.org/debian bookworm/main amd64 node-fast-levenshtein all 2.0.6+ds-3 [6040 B]
Get:85 http://deb.debian.org/debian bookworm/main amd64 node-optionator all 0.9.1+dfsg+~cs1.2.3-1 [17.6 kB]
Get:86 http://deb.debian.org/debian bookworm/main amd64 node-progress all 2.0.3-2 [8256 B]
Get:87 http://deb.debian.org/debian bookworm/main amd64 libjs-regenerate all 1.4.2-3 [14.3 kB]
Get:88 http://deb.debian.org/debian bookworm/main amd64 node-regenerate all 1.4.2-3 [7388 B]
Get:89 http://deb.debian.org/debian bookworm/main amd64 node-regenerate-unicode-properties all 10.1.0+ds-1 [50.7 kB]
Get:90 http://deb.debian.org/debian bookworm/main amd64 node-regexpp all 3.2.0-4+deb12u1 [27.0 kB]
Get:91 http://deb.debian.org/debian bookworm/main amd64 node-yallist all 4.0.0+~4.0.1-1 [8172 B]
Get:92 http://deb.debian.org/debian bookworm/main amd64 node-lru-cache all 7.14.1-1 [26.3 kB]
Get:93 http://deb.debian.org/debian bookworm/main amd64 node-semver all 7.3.5+~7.3.9-2 [42.1 kB]
Get:94 http://deb.debian.org/debian bookworm/main amd64 node-strip-json-comments all 4.0.0-4 [5668 B]
Get:95 http://deb.debian.org/debian bookworm/main amd64 node-json-schema all 0.4.0+~7.0.11-1 [13.1 kB]
Get:96 http://deb.debian.org/debian bookworm/main amd64 node-v8-compile-cache all 2.3.0-3+deb12u1 [8464 B]
Get:97 http://deb.debian.org/debian bookworm/main amd64 eslint all 6.4.0~dfsg+~6.1.9-7 [606 kB]
Get:98 http://deb.debian.org/debian bookworm/main amd64 libaom3 amd64 3.6.0-1+deb12u2 [1850 kB]
Get:99 http://deb.debian.org/debian bookworm/main amd64 libdrm-common all 2.4.114-1 [7112 B]
Get:100 http://deb.debian.org/debian bookworm/main amd64 libdrm2 amd64 2.4.114-1+b1 [37.5 kB]
Get:101 http://deb.debian.org/debian bookworm/main amd64 libva2 amd64 2.17.0-1 [69.2 kB]
Get:102 http://deb.debian.org/debian bookworm/main amd64 libmfx1 amd64 22.5.4-1 [3219 kB]
Get:103 http://deb.debian.org/debian bookworm/main amd64 libva-drm2 amd64 2.17.0-1 [16.4 kB]
Get:104 http://deb.debian.org/debian bookworm/main amd64 libxau6 amd64 1:1.0.9-1 [19.7 kB]
Get:105 http://deb.debian.org/debian bookworm/main amd64 libxdmcp6 amd64 1:1.1.2-3 [26.3 kB]
Get:106 http://deb.debian.org/debian bookworm/main amd64 libxcb1 amd64 1.15-1 [144 kB]
Get:107 http://deb.debian.org/debian bookworm/main amd64 libx11-data all 2:1.8.4-2+deb12u2 [292 kB]
Get:108 http://deb.debian.org/debian bookworm/main amd64 libx11-6 amd64 2:1.8.4-2+deb12u2 [760 kB]
Get:109 http://deb.debian.org/debian bookworm/main amd64 libx11-xcb1 amd64 2:1.8.4-2+deb12u2 [192 kB]
Get:110 http://deb.debian.org/debian bookworm/main amd64 libxcb-dri3-0 amd64 1.15-1 [107 kB]
Get:111 http://deb.debian.org/debian bookworm/main amd64 libxext6 amd64 2:1.3.4-1+b1 [52.9 kB]
Get:112 http://deb.debian.org/debian bookworm/main amd64 libxfixes3 amd64 1:6.0.0-2 [22.7 kB]
Get:113 http://deb.debian.org/debian bookworm/main amd64 libva-x11-2 amd64 2.17.0-1 [21.0 kB]
Get:114 http://deb.debian.org/debian bookworm/main amd64 libvdpau1 amd64 1.5-2 [26.1 kB]
Get:115 http://deb.debian.org/debian bookworm/main amd64 ocl-icd-libopencl1 amd64 2.3.1-1 [43.0 kB]
Get:116 http://deb.debian.org/debian bookworm/main amd64 libavutil57 amd64 7:5.1.9-0+deb12u1 [373 kB]
Get:117 http://deb.debian.org/debian bookworm/main amd64 libpng16-16 amd64 1.6.39-2+deb12u5 [277 kB]
Get:118 http://deb.debian.org/debian bookworm/main amd64 libfreetype6 amd64 2.12.1+dfsg-5+deb12u4 [398 kB]
Get:119 http://deb.debian.org/debian bookworm/main amd64 fonts-dejavu-core all 2.37-6 [1068 kB]
Get:120 http://deb.debian.org/debian bookworm/main amd64 fonts-liberation all 1:1.07.4-11 [828 kB]
Get:121 http://deb.debian.org/debian bookworm/main amd64 fontconfig-config amd64 2.14.1-4 [315 kB]
Get:122 http://deb.debian.org/debian bookworm/main amd64 libfontconfig1 amd64 2.14.1-4 [386 kB]
Get:123 http://deb.debian.org/debian bookworm/main amd64 libpixman-1-0 amd64 0.42.2-1 [546 kB]
Get:124 http://deb.debian.org/debian bookworm/main amd64 libxcb-render0 amd64 1.15-1 [115 kB]
Get:125 http://deb.debian.org/debian bookworm/main amd64 libxcb-shm0 amd64 1.15-1 [105 kB]
Get:126 http://deb.debian.org/debian bookworm/main amd64 libxrender1 amd64 1:0.9.10-1.1 [33.2 kB]
Get:127 http://deb.debian.org/debian bookworm/main amd64 libcairo2 amd64 1.16.0-7 [575 kB]
Get:128 http://deb.debian.org/debian bookworm/main amd64 libcodec2-1.0 amd64 1.0.5-1 [8171 kB]
Get:129 http://deb.debian.org/debian bookworm/main amd64 libdav1d6 amd64 1.0.0-2+deb12u1 [513 kB]
Get:130 http://deb.debian.org/debian bookworm/main amd64 libglib2.0-0 amd64 2.74.6-2+deb12u9 [1403 kB]
Get:131 http://deb.debian.org/debian bookworm/main amd64 libgsm1 amd64 1.0.22-1 [30.9 kB]
Get:132 http://deb.debian.org/debian bookworm/main amd64 libhwy1 amd64 1.0.3-3+deb12u1 [348 kB]
Get:133 http://deb.debian.org/debian bookworm/main amd64 liblcms2-2 amd64 2.14-2+deb12u1 [154 kB]
Get:134 http://deb.debian.org/debian bookworm/main amd64 libjxl0.7 amd64 0.7.0-10+deb12u1 [1046 kB]
Get:135 http://deb.debian.org/debian bookworm/main amd64 libmp3lame0 amd64 3.100-6 [365 kB]
Get:136 http://deb.debian.org/debian bookworm/main amd64 libopenjp2-7 amd64 2.5.0-2+deb12u3 [189 kB]
Get:137 http://deb.debian.org/debian bookworm/main amd64 libopus0 amd64 1.3.1-3 [195 kB]
Get:138 http://deb.debian.org/debian bookworm/main amd64 librav1e0 amd64 0.5.1-6 [763 kB]
Get:139 http://deb.debian.org/debian bookworm/main amd64 libcairo-gobject2 amd64 1.16.0-7 [112 kB]
Get:140 http://deb.debian.org/debian bookworm/main amd64 libgdk-pixbuf2.0-common all 2.42.10+dfsg-1+deb12u4 [307 kB]
Get:141 http://deb.debian.org/debian bookworm/main amd64 libxml2 amd64 2.9.14+dfsg-1.3~deb12u6 [689 kB]
Get:142 http://deb.debian.org/debian bookworm/main amd64 shared-mime-info amd64 2.2-1 [729 kB]
Get:143 http://deb.debian.org/debian bookworm/main amd64 libjpeg62-turbo amd64 1:2.1.5-2 [166 kB]
Get:144 http://deb.debian.org/debian bookworm/main amd64 libdeflate0 amd64 1.14-1 [61.4 kB]
Get:145 http://deb.debian.org/debian bookworm/main amd64 libjbig0 amd64 2.1-6.1 [31.7 kB]
Get:146 http://deb.debian.org/debian bookworm/main amd64 liblerc4 amd64 4.0.0+ds-2 [170 kB]
Get:147 http://deb.debian.org/debian bookworm/main amd64 libwebp7 amd64 1.2.4-0.2+deb12u1 [286 kB]
Get:148 http://deb.debian.org/debian bookworm/main amd64 libtiff6 amd64 4.5.0-6+deb12u4 [316 kB]
Get:149 http://deb.debian.org/debian bookworm/main amd64 libgdk-pixbuf-2.0-0 amd64 2.42.10+dfsg-1+deb12u4 [139 kB]
Get:150 http://deb.debian.org/debian bookworm/main amd64 fontconfig amd64 2.14.1-4 [449 kB]
Get:151 http://deb.debian.org/debian bookworm/main amd64 libfribidi0 amd64 1.0.8-2.1 [65.0 kB]
Get:152 http://deb.debian.org/debian bookworm/main amd64 libgraphite2-3 amd64 1.3.14-1+deb12u1 [74.6 kB]
Get:153 http://deb.debian.org/debian bookworm/main amd64 libharfbuzz0b amd64 6.0.0+dfsg-3 [1945 kB]
Get:154 http://deb.debian.org/debian bookworm/main amd64 libthai-data all 0.1.29-1 [176 kB]
Get:155 http://deb.debian.org/debian bookworm/main amd64 libdatrie1 amd64 0.2.13-2+b1 [43.3 kB]
Get:156 http://deb.debian.org/debian bookworm/main amd64 libthai0 amd64 0.1.29-1 [57.5 kB]
Get:157 http://deb.debian.org/debian bookworm/main amd64 libpango-1.0-0 amd64 1.50.12+ds-1 [212 kB]
Get:158 http://deb.debian.org/debian bookworm/main amd64 libpangoft2-1.0-0 amd64 1.50.12+ds-1 [47.4 kB]
Get:159 http://deb.debian.org/debian bookworm/main amd64 libpangocairo-1.0-0 amd64 1.50.12+ds-1 [34.2 kB]
Get:160 http://deb.debian.org/debian bookworm/main amd64 librsvg2-2 amd64 2.54.7+dfsg-1~deb12u1 [2620 kB]
Get:161 http://deb.debian.org/debian bookworm/main amd64 libshine3 amd64 3.1.1-2 [23.6 kB]
Get:162 http://deb.debian.org/debian bookworm/main amd64 libsnappy1v5 amd64 1.1.9-3 [26.0 kB]
Get:163 http://deb.debian.org/debian bookworm/main amd64 libspeex1 amd64 1.2.1-2 [54.6 kB]
Get:164 http://deb.debian.org/debian bookworm/main amd64 libsvtav1enc1 amd64 1.4.1+dfsg-1 [2121 kB]
Get:165 http://deb.debian.org/debian bookworm/main amd64 libgomp1 amd64 12.2.0-14+deb12u1 [116 kB]
Get:166 http://deb.debian.org/debian bookworm/main amd64 libsoxr0 amd64 0.1.3-4 [77.8 kB]
Get:167 http://deb.debian.org/debian bookworm/main amd64 libswresample4 amd64 7:5.1.9-0+deb12u1 [107 kB]
Get:168 http://deb.debian.org/debian bookworm/main amd64 libogg0 amd64 1.3.5-3 [23.4 kB]
Get:169 http://deb.debian.org/debian bookworm/main amd64 libtheora0 amd64 1.1.1+dfsg.1-16.1+deb12u1 [154 kB]
Get:170 http://deb.debian.org/debian bookworm/main amd64 libtwolame0 amd64 0.4.0-2 [51.1 kB]
Get:171 http://deb.debian.org/debian bookworm/main amd64 libvorbis0a amd64 1.3.7-1 [93.0 kB]
Get:172 http://deb.debian.org/debian bookworm/main amd64 libvorbisenc2 amd64 1.3.7-1 [80.6 kB]
Get:173 http://deb.debian.org/debian bookworm/main amd64 libvpx7 amd64 1.12.0-1+deb12u5 [1003 kB]
Get:174 http://deb.debian.org/debian bookworm/main amd64 libwebpmux3 amd64 1.2.4-0.2+deb12u1 [109 kB]
Get:175 http://deb.debian.org/debian bookworm/main amd64 libx264-164 amd64 2:0.164.3095+gitbaee400-3 [547 kB]
Get:176 http://deb.debian.org/debian bookworm/main amd64 libnuma1 amd64 2.0.16-1 [21.0 kB]
Get:177 http://deb.debian.org/debian bookworm/main amd64 libx265-199 amd64 3.5-2+b1 [1150 kB]
Get:178 http://deb.debian.org/debian bookworm/main amd64 libxvidcore4 amd64 2:1.3.7-1 [242 kB]
Get:179 http://deb.debian.org/debian bookworm/main amd64 libzvbi-common all 0.2.41-1+deb12u1 [69.9 kB]
Get:180 http://deb.debian.org/debian bookworm/main amd64 libzvbi0 amd64 0.2.41-1+deb12u1 [275 kB]
Get:181 http://deb.debian.org/debian bookworm/main amd64 libavcodec59 amd64 7:5.1.9-0+deb12u1 [5229 kB]
Get:182 http://deb.debian.org/debian bookworm/main amd64 libasound2-data all 1.2.8-1 [20.5 kB]
Get:183 http://deb.debian.org/debian bookworm/main amd64 libasound2 amd64 1.2.8-1+b1 [362 kB]
Get:184 http://deb.debian.org/debian bookworm/main amd64 libraw1394-11 amd64 2.1.2-2 [41.1 kB]
Get:185 http://deb.debian.org/debian bookworm/main amd64 libavc1394-0 amd64 0.5.4-5 [19.9 kB]
Get:186 http://deb.debian.org/debian bookworm/main amd64 libass9 amd64 1:0.17.1-1 [107 kB]
Get:187 http://deb.debian.org/debian bookworm/main amd64 libudfread0 amd64 1.1.2-1 [16.5 kB]
Get:188 http://deb.debian.org/debian bookworm/main amd64 libbluray2 amd64 1:1.3.4-1 [138 kB]
Get:189 http://deb.debian.org/debian bookworm/main amd64 libchromaprint1 amd64 1.5.1-2+b1 [41.0 kB]
Get:190 http://deb.debian.org/debian bookworm/main amd64 libgme0 amd64 0.6.3-6 [130 kB]
Get:191 http://deb.debian.org/debian bookworm/main amd64 libmpg123-0 amd64 1.31.2-1+deb12u1 [147 kB]
Get:192 http://deb.debian.org/debian bookworm/main amd64 libvorbisfile3 amd64 1.3.7-1 [26.1 kB]
Get:193 http://deb.debian.org/debian bookworm/main amd64 libopenmpt0 amd64 0.6.9-1 [693 kB]
Get:194 http://deb.debian.org/debian-security bookworm-security/main amd64 librabbitmq4 amd64 0.11.0-1+deb12u3 [41.8 kB]
Get:195 http://deb.debian.org/debian bookworm/main amd64 libcjson1 amd64 1.7.15-1+deb12u4 [23.2 kB]
Get:196 http://deb.debian.org/debian bookworm/main amd64 libmbedcrypto7 amd64 2.28.3-1 [277 kB]
Get:197 http://deb.debian.org/debian bookworm/main amd64 librist4 amd64 0.2.7+dfsg-1 [73.9 kB]
Get:198 http://deb.debian.org/debian bookworm/main amd64 libsrt1.5-gnutls amd64 1.5.1-1+deb12u1 [313 kB]
Get:199 http://deb.debian.org/debian bookworm/main amd64 libssh-gcrypt-4 amd64 0.10.6-0+deb12u2 [220 kB]
Get:200 http://deb.debian.org/debian bookworm/main amd64 libnorm1 amd64 1.5.9+dfsg-2 [221 kB]
Get:201 http://deb.debian.org/debian bookworm/main amd64 libpgm-5.3-0 amd64 5.3.128~dfsg-2 [161 kB]
Get:202 http://deb.debian.org/debian bookworm/main amd64 libsodium23 amd64 1.0.18-1+deb12u1 [162 kB]
Get:203 http://deb.debian.org/debian bookworm/main amd64 libzmq5 amd64 4.3.4-6 [273 kB]
Get:204 http://deb.debian.org/debian bookworm/main amd64 libavformat59 amd64 7:5.1.9-0+deb12u1 [1114 kB]
Get:205 http://deb.debian.org/debian bookworm/main amd64 libbs2b0 amd64 3.1.0+dfsg-7 [11.5 kB]
Get:206 http://deb.debian.org/debian bookworm/main amd64 libflite1 amd64 2.2-5 [12.8 MB]
Get:207 http://deb.debian.org/debian bookworm/main amd64 libserd-0-0 amd64 0.30.16-1 [47.5 kB]
Get:208 http://deb.debian.org/debian bookworm/main amd64 libsord-0-0 amd64 0.16.14+git221008-1 [20.8 kB]
Get:209 http://deb.debian.org/debian bookworm/main amd64 libsratom-0-0 amd64 0.6.14-1 [17.7 kB]
Get:210 http://deb.debian.org/debian bookworm/main amd64 liblilv-0-0 amd64 0.24.14-1 [49.4 kB]
Get:211 http://deb.debian.org/debian bookworm/main amd64 libmysofa1 amd64 1.3.1~dfsg0-1 [1158 kB]
Get:212 http://deb.debian.org/debian bookworm/main amd64 libepoxy0 amd64 1.5.10-1 [189 kB]
Get:213 http://deb.debian.org/debian bookworm/main amd64 libvulkan1 amd64 1.3.239.0-1 [116 kB]
Get:214 http://deb.debian.org/debian bookworm/main amd64 libplacebo208 amd64 4.208.0-3 [2239 kB]
Get:215 http://deb.debian.org/debian bookworm/main amd64 libblas3 amd64 3.11.0-2 [149 kB]
Get:216 http://deb.debian.org/debian bookworm/main amd64 libquadmath0 amd64 12.2.0-14+deb12u1 [145 kB]
Get:217 http://deb.debian.org/debian bookworm/main amd64 libgfortran5 amd64 12.2.0-14+deb12u1 [793 kB]
Get:218 http://deb.debian.org/debian bookworm/main amd64 liblapack3 amd64 3.11.0-2 [2323 kB]
Get:219 http://deb.debian.org/debian bookworm/main amd64 libasyncns0 amd64 0.8-6+b3 [12.9 kB]
Get:220 http://deb.debian.org/debian bookworm/main amd64 libdbus-1-3 amd64 1.14.10-1~deb12u1 [201 kB]
Get:221 http://deb.debian.org/debian bookworm/main amd64 libflac12 amd64 1.4.2+ds-2 [198 kB]
Get:222 http://deb.debian.org/debian bookworm/main amd64 libsndfile1 amd64 1.2.0-1+deb12u1 [197 kB]
Get:223 http://deb.debian.org/debian bookworm/main amd64 libpulse0 amd64 16.1+dfsg1-2+b1 [274 kB]
Get:224 http://deb.debian.org/debian bookworm/main amd64 libsphinxbase3 amd64 0.8+5prealpha+1-16 [118 kB]
Get:225 http://deb.debian.org/debian bookworm/main amd64 libpocketsphinx3 amd64 0.8+5prealpha+1-15 [125 kB]
Get:226 http://deb.debian.org/debian bookworm/main amd64 libpostproc56 amd64 7:5.1.9-0+deb12u1 [103 kB]
Get:227 http://deb.debian.org/debian bookworm/main amd64 librubberband2 amd64 3.1.2+dfsg0-1 [137 kB]
Get:228 http://deb.debian.org/debian bookworm/main amd64 libswscale6 amd64 7:5.1.9-0+deb12u1 [225 kB]
Get:229 http://deb.debian.org/debian bookworm/main amd64 libvidstab1.1 amd64 1.1.0-2+b1 [37.8 kB]
Get:230 http://deb.debian.org/debian bookworm/main amd64 libzimg2 amd64 3.0.4+ds1-1 [227 kB]
Get:231 http://deb.debian.org/debian bookworm/main amd64 libavfilter8 amd64 7:5.1.9-0+deb12u1 [3713 kB]
Get:232 http://deb.debian.org/debian bookworm/main amd64 libslang2 amd64 2.3.3-3 [554 kB]
Get:233 http://deb.debian.org/debian bookworm/main amd64 libcaca0 amd64 0.99.beta20-3+deb12u1 [201 kB]
Get:234 http://deb.debian.org/debian bookworm/main amd64 libcdio19 amd64 2.1.0-4 [203 kB]
Get:235 http://deb.debian.org/debian bookworm/main amd64 libcdio-cdda2 amd64 10.2+2.0.1-1 [20.9 kB]
Get:236 http://deb.debian.org/debian bookworm/main amd64 libcdio-paranoia2 amd64 10.2+2.0.1-1 [20.4 kB]
Get:237 http://deb.debian.org/debian bookworm/main amd64 libusb-1.0-0 amd64 2:1.0.26-1 [62.6 kB]
Get:238 http://deb.debian.org/debian bookworm/main amd64 libdc1394-25 amd64 2.2.6-4 [109 kB]
Get:239 http://deb.debian.org/debian bookworm/main amd64 libglvnd0 amd64 1.6.0-1 [51.8 kB]
Get:240 http://deb.debian.org/debian bookworm/main amd64 libglapi-mesa amd64 22.3.6-1+deb12u2 [35.9 kB]
Get:241 http://deb.debian.org/debian bookworm/main amd64 libxcb-dri2-0 amd64 1.15-1 [107 kB]
Get:242 http://deb.debian.org/debian bookworm/main amd64 libxcb-glx0 amd64 1.15-1 [122 kB]
Get:243 http://deb.debian.org/debian bookworm/main amd64 libxcb-present0 amd64 1.15-1 [105 kB]
Get:244 http://deb.debian.org/debian bookworm/main amd64 libxcb-randr0 amd64 1.15-1 [117 kB]
Get:245 http://deb.debian.org/debian bookworm/main amd64 libxcb-sync1 amd64 1.15-1 [109 kB]
Get:246 http://deb.debian.org/debian bookworm/main amd64 libxcb-xfixes0 amd64 1.15-1 [109 kB]
Get:247 http://deb.debian.org/debian bookworm/main amd64 libxshmfence1 amd64 1.3-1 [8820 B]
Get:248 http://deb.debian.org/debian bookworm/main amd64 libxxf86vm1 amd64 1:1.1.4-1+b2 [20.8 kB]
Get:249 http://deb.debian.org/debian bookworm/main amd64 libdrm-amdgpu1 amd64 2.4.114-1+b1 [20.9 kB]
Get:250 http://deb.debian.org/debian bookworm/main amd64 libpciaccess0 amd64 0.17-2 [51.4 kB]
Get:251 http://deb.debian.org/debian bookworm/main amd64 libdrm-intel1 amd64 2.4.114-1+b1 [64.0 kB]
Get:252 http://deb.debian.org/debian bookworm/main amd64 libdrm-nouveau2 amd64 2.4.114-1+b1 [19.1 kB]
Get:253 http://deb.debian.org/debian bookworm/main amd64 libdrm-radeon1 amd64 2.4.114-1+b1 [21.8 kB]
Get:254 http://deb.debian.org/debian bookworm/main amd64 libelf1 amd64 0.188-2.1 [174 kB]
Get:255 http://deb.debian.org/debian bookworm/main amd64 libz3-4 amd64 4.8.12-3.1 [7216 kB]
Get:256 http://deb.debian.org/debian bookworm/main amd64 libllvm15 amd64 1:15.0.6-4+b1 [23.1 MB]
Get:257 http://deb.debian.org/debian bookworm/main amd64 libsensors-config all 1:3.6.0-7.1 [14.3 kB]
Get:258 http://deb.debian.org/debian bookworm/main amd64 libsensors5 amd64 1:3.6.0-7.1 [34.2 kB]
Get:259 http://deb.debian.org/debian bookworm/main amd64 libgl1-mesa-dri amd64 22.3.6-1+deb12u2 [7240 kB]
Get:260 http://deb.debian.org/debian bookworm/main amd64 libglx-mesa0 amd64 22.3.6-1+deb12u2 [148 kB]
Get:261 http://deb.debian.org/debian bookworm/main amd64 libglx0 amd64 1.6.0-1 [34.4 kB]
Get:262 http://deb.debian.org/debian bookworm/main amd64 libgl1 amd64 1.6.0-1 [88.4 kB]
Get:263 http://deb.debian.org/debian bookworm/main amd64 libiec61883-0 amd64 1.2.0-6+b1 [30.5 kB]
Get:264 http://deb.debian.org/debian bookworm/main amd64 libsamplerate0 amd64 0.2.2-3 [952 kB]
Get:265 http://deb.debian.org/debian bookworm/main amd64 libjack-jackd2-0 amd64 1.9.21~dfsg-3 [281 kB]
Get:266 http://deb.debian.org/debian bookworm/main amd64 libopenal-data all 1:1.19.1-2 [170 kB]
Get:267 http://deb.debian.org/debian bookworm/main amd64 libsndio7.0 amd64 1.9.0-0.3+b2 [27.3 kB]
Get:268 http://deb.debian.org/debian bookworm/main amd64 libopenal1 amd64 1:1.19.1-2 [501 kB]
Get:269 http://deb.debian.org/debian bookworm/main amd64 libwayland-client0 amd64 1.21.0-1 [28.3 kB]
Get:270 http://deb.debian.org/debian bookworm/main amd64 libdecor-0-0 amd64 0.1.1-2 [14.6 kB]
Get:271 http://deb.debian.org/debian bookworm/main amd64 libwayland-server0 amd64 1.21.0-1 [35.9 kB]
Get:272 http://deb.debian.org/debian bookworm/main amd64 libgbm1 amd64 22.3.6-1+deb12u2 [38.1 kB]
Get:273 http://deb.debian.org/debian bookworm/main amd64 libwayland-cursor0 amd64 1.21.0-1 [14.4 kB]
Get:274 http://deb.debian.org/debian bookworm/main amd64 libwayland-egl1 amd64 1.21.0-1 [8640 B]
Get:275 http://deb.debian.org/debian bookworm/main amd64 libxcursor1 amd64 1:1.2.1-1 [40.9 kB]
Get:276 http://deb.debian.org/debian bookworm/main amd64 libxi6 amd64 2:1.8-1+b1 [84.2 kB]
Get:277 http://deb.debian.org/debian bookworm/main amd64 xkb-data all 2.35.1-1 [764 kB]
Get:278 http://deb.debian.org/debian bookworm/main amd64 libxkbcommon0 amd64 1.5.0-1 [106 kB]
Get:279 http://deb.debian.org/debian bookworm/main amd64 libxrandr2 amd64 2:1.5.2-2+b1 [39.2 kB]
Get:280 http://deb.debian.org/debian bookworm/main amd64 x11-common all 1:7.7+23 [252 kB]
Get:281 http://deb.debian.org/debian bookworm/main amd64 libxss1 amd64 1:1.2.3-1 [17.8 kB]
Get:282 http://deb.debian.org/debian bookworm/main amd64 libsdl2-2.0-0 amd64 2.26.5+dfsg-1 [629 kB]
Get:283 http://deb.debian.org/debian bookworm/main amd64 libxcb-shape0 amd64 1.15-1 [106 kB]
Get:284 http://deb.debian.org/debian bookworm/main amd64 libxv1 amd64 2:1.0.11-1.1 [24.8 kB]
Get:285 http://deb.debian.org/debian bookworm/main amd64 libavdevice59 amd64 7:5.1.9-0+deb12u1 [123 kB]
Get:286 http://deb.debian.org/debian bookworm/main amd64 ffmpeg amd64 7:5.1.9-0+deb12u1 [1822 kB]
Get:287 http://deb.debian.org/debian bookworm/main amd64 python3-pkg-resources all 66.1.1-1+deb12u2 [297 kB]
Get:288 http://deb.debian.org/debian bookworm/main amd64 python3-six all 1.16.0-4 [17.5 kB]
Get:289 http://deb.debian.org/debian bookworm/main amd64 gyp all 0.1+20220404git9ecf45e-2 [237 kB]
Get:290 http://deb.debian.org/debian bookworm/main amd64 node-neo-async all 2.6.2+~cs3.0.0-2 [35.2 kB]
Get:291 http://deb.debian.org/debian bookworm/main amd64 node-arrify all 2.0.1-3 [3700 B]
Get:292 http://deb.debian.org/debian bookworm/main amd64 node-is-plain-obj all 3.0.0-2 [3972 B]
Get:293 http://deb.debian.org/debian bookworm/main amd64 node-is-buffer all 2.0.5-2 [4112 B]
Get:294 http://deb.debian.org/debian bookworm/main amd64 node-kind-of all 6.0.3+dfsg-2 [10.2 kB]
Get:295 http://deb.debian.org/debian bookworm/main amd64 node-minimist all 1.2.7+~cs5.3.2-2 [14.7 kB]
Get:296 http://deb.debian.org/debian bookworm/main amd64 node-wordwrap all 1.0.0-4 [4628 B]
Get:297 http://deb.debian.org/debian bookworm/main amd64 node-optimist all 0.6.1+~0.0.30-2 [13.5 kB]
Get:298 http://deb.debian.org/debian bookworm/main amd64 libjs-source-map all 0.7.0++dfsg2+really.0.6.1-15 [29.6 kB]
Get:299 http://deb.debian.org/debian bookworm/main amd64 node-source-map all 0.7.0++dfsg2+really.0.6.1-15 [41.7 kB]
Get:300 http://deb.debian.org/debian bookworm/main amd64 handlebars all 3:4.7.7+~4.1.0-1 [199 kB]
Get:301 http://deb.debian.org/debian bookworm/main amd64 libjs-async all 0.8.0-6 [24.2 kB]
Get:302 http://deb.debian.org/debian bookworm/main amd64 libjs-events all 3.3.0+~3.0.0-3 [11.3 kB]
Get:303 http://deb.debian.org/debian bookworm/main amd64 libjs-is-typedarray all 1.0.0-4 [3816 B]
Get:304 http://deb.debian.org/debian bookworm/main amd64 libjs-prettify all 2015.12.04+dfsg-1.1 [41.7 kB]
Get:305 http://deb.debian.org/debian bookworm/main amd64 libjs-sprintf-js all 1.1.2+ds1+~1.1.2-1 [12.8 kB]
Get:306 http://deb.debian.org/debian bookworm/main amd64 libjs-typedarray-to-buffer all 4.0.0-2 [4668 B]
Get:307 http://deb.debian.org/debian bookworm/main amd64 node-lodash-packages all 4.17.21+dfsg+~cs8.31.198.20210220-9 [179 kB]
Get:308 http://deb.debian.org/debian bookworm/main amd64 node-function-bind all 1.1.1+repacked+~1.0.3-2 [5252 B]
Get:309 http://deb.debian.org/debian bookworm/main amd64 node-object-inspect all 1.12.2+~cs1.8.1-1 [20.8 kB]
Get:310 http://deb.debian.org/debian bookworm/main amd64 node-es-abstract all 1.20.4+~cs26.27.47-1 [137 kB]
Get:311 http://deb.debian.org/debian bookworm/main amd64 node-resolve all 1.22.1+~cs5.31.10-1 [28.1 kB]
Get:312 http://deb.debian.org/debian bookworm/main amd64 node-define-properties all 1.1.4+~1.1.3-1 [6828 B]
Get:313 http://deb.debian.org/debian bookworm/main amd64 node-debbundle-es-to-primitive all 1.2.1+~cs9.7.25-2 [39.9 kB]
Get:314 http://deb.debian.org/debian bookworm/main amd64 node-defined all 1.0.1+~1.0.0-1 [6776 B]
Get:315 http://deb.debian.org/debian bookworm/main amd64 node-abbrev all 1.1.1+~1.1.2-1 [5692 B]
Get:316 http://deb.debian.org/debian bookworm/main amd64 node-archy all 1.0.0-6 [4556 B]
Get:317 http://deb.debian.org/debian bookworm/main amd64 node-async all 0.8.0-6 [3748 B]
Get:318 http://deb.debian.org/debian bookworm/main amd64 node-convert-source-map all 1.9.0+~1.5.2-1 [8176 B]
Get:319 http://deb.debian.org/debian bookworm/main amd64 node-decamelize all 4.0.0-2 [4080 B]
Get:320 http://deb.debian.org/debian bookworm/main amd64 node-es6-error all 4.1.1-5 [6148 B]
Get:321 http://deb.debian.org/debian bookworm/main amd64 node-esprima all 4.0.1+ds+~4.0.3-2 [69.3 kB]
Get:322 http://deb.debian.org/debian bookworm/main amd64 node-escodegen all 2.0.0+dfsg+~0.0.7-2 [23.0 kB]
Get:323 http://deb.debian.org/debian bookworm/main amd64 node-commondir all 1.0.1+~1.0.0-1 [4388 B]
Get:324 http://deb.debian.org/debian bookworm/main amd64 node-is-number all 7.0.0-4 [6020 B]
Get:325 http://deb.debian.org/debian bookworm/main amd64 node-repeat-string all 1.6.1+repack-1 [5600 B]
Get:326 http://deb.debian.org/debian bookworm/main amd64 node-to-regex-range all 5.0.1-4 [10.5 kB]
Get:327 http://deb.debian.org/debian bookworm/main amd64 node-fill-range all 7.0.1+~7.0.0-1 [8952 B]
Get:328 http://deb.debian.org/debian bookworm/main amd64 node-braces all 3.0.2+~3.0.1-1 [20.8 kB]
Get:329 http://deb.debian.org/debian bookworm/main amd64 node-normalize-path all 3.0.0+~3.0.0-1 [6608 B]
Get:330 http://deb.debian.org/debian bookworm/main amd64 node-anymatch all 3.1.3+~cs4.6.1-2 [33.4 kB]
Get:331 http://deb.debian.org/debian bookworm/main amd64 node-micromatch all 4.0.5+~4.0.2-1 [25.8 kB]
Get:332 http://deb.debian.org/debian bookworm/main amd64 node-pify all 5.0.0+~cs5.0.1-1 [7072 B]
Get:333 http://deb.debian.org/debian bookworm/main amd64 node-path-type all 4.0.0-3 [3944 B]
Get:334 http://deb.debian.org/debian bookworm/main amd64 node-n3 all 1.16.3+~1.2.3+~1.10.4-1 [37.0 kB]
Get:335 http://deb.debian.org/debian bookworm/main amd64 node-slash all 4.0.0-3 [4292 B]
Get:336 http://deb.debian.org/debian bookworm/main amd64 node-globby all 13.1.3+~cs16.25.40-1+deb12u1 [40.5 kB]
Get:337 http://deb.debian.org/debian bookworm/main amd64 node-graceful-fs all 4.2.10-1 [14.4 kB]
Get:338 http://deb.debian.org/debian bookworm/main amd64 node-is-path-cwd all 2.2.0-2 [3672 B]
Get:339 http://deb.debian.org/debian bookworm/main amd64 node-path-is-inside all 1.0.2+~1.0.0-1 [5072 B]
Get:340 http://deb.debian.org/debian bookworm/main amd64 node-is-path-inside all 3.0.3-2 [3980 B]
Get:341 http://deb.debian.org/debian bookworm/main amd64 node-escape-string-regexp all 4.0.0-2 [4296 B]
Get:342 http://deb.debian.org/debian bookworm/main amd64 node-indent-string all 4.0.0-2 [4144 B]
Get:343 http://deb.debian.org/debian bookworm/main amd64 node-p-map all 4.0.0+~3.1.0+~3.0.1-1 [7912 B]
Get:344 http://deb.debian.org/debian bookworm/main amd64 node-del all 7.0.0-5 [6804 B]
Get:345 http://deb.debian.org/debian bookworm/main amd64 node-make-dir all 3.1.0-3 [6040 B]
Get:346 http://deb.debian.org/debian bookworm/main amd64 node-p-limit all 4.0.0+~cs4.0.0-5 [7576 B]
Get:347 http://deb.debian.org/debian bookworm/main amd64 node-p-locate all 6.0.0-12 [5752 B]
Get:348 http://deb.debian.org/debian bookworm/main amd64 node-locate-path all 7.1.1-2 [5584 B]
Get:349 http://deb.debian.org/debian bookworm/main amd64 node-path-exists all 5.0.0-8 [4732 B]
Get:350 http://deb.debian.org/debian bookworm/main amd64 node-find-up all 6.3.0-7 [9388 B]
Get:351 http://deb.debian.org/debian bookworm/main amd64 node-pkg-dir all 5.0.0-2 [4260 B]
Get:352 http://deb.debian.org/debian bookworm/main amd64 node-find-cache-dir all 3.3.2+~3.2.1-1 [6152 B]
Get:353 http://deb.debian.org/debian bookworm/main amd64 node-signal-exit all 3.0.7+~3.0.1-1 [7600 B]
Get:354 http://deb.debian.org/debian bookworm/main amd64 node-foreground-child all 2.0.0-5 [6384 B]
Get:355 http://deb.debian.org/debian bookworm/main amd64 node-is-stream all 3.0.0-4 [5076 B]
Get:356 http://deb.debian.org/debian bookworm/main amd64 node-is-windows all 1.0.2+~cs1.0.0-1 [5936 B]
Get:357 http://deb.debian.org/debian bookworm/main amd64 node-sprintf-js all 1.1.2+ds1+~1.1.2-1 [4024 B]
Get:358 http://deb.debian.org/debian bookworm/main amd64 node-argparse all 2.0.1-2 [34.6 kB]
Get:359 http://deb.debian.org/debian bookworm/main amd64 node-js-yaml all 4.1.0+dfsg+~4.0.5-7 [66.6 kB]
Get:360 http://deb.debian.org/debian bookworm/main amd64 node-nopt all 5.0.0-4 [12.1 kB]
Get:361 http://deb.debian.org/debian bookworm/main amd64 node-npm-run-path all 5.1.0+~4.0.0-8 [6276 B]
Get:362 http://deb.debian.org/debian bookworm/main amd64 node-shebang-regex all 3.0.0-2 [3528 B]
Get:363 http://deb.debian.org/debian bookworm/main amd64 node-shebang-command all 2.0.0-1 [3500 B]
Get:364 http://deb.debian.org/debian bookworm/main amd64 node-strip-bom all 4.0.0-2 [4144 B]
Get:365 http://deb.debian.org/debian bookworm/main amd64 node-has-flag all 4.0.0-3 [4304 B]
Get:366 http://deb.debian.org/debian bookworm/main amd64 node-supports-color all 8.1.1+~8.1.1-1 [6920 B]
Get:367 http://deb.debian.org/debian bookworm/main amd64 node-util all 0.12.5+~1.0.10-1 [5700 B]
Get:368 http://deb.debian.org/debian bookworm/main amd64 node-assert all 2.0.0+~cs3.9.8-2 [26.8 kB]
Get:369 http://deb.debian.org/debian bookworm/main amd64 node-ampproject-remapping all 2.2.0+~cs5.15.37-1 [59.4 kB]
Get:370 http://deb.debian.org/debian bookworm/main amd64 node-babel-plugin-add-module-exports all 1.0.4+dfsg1~cs5.8.0-4 [8672 B]
Get:371 http://deb.debian.org/debian bookworm/main amd64 node-regenerator-runtime all 0.15.1+~0.10.8-1 [10.6 kB]
Get:372 http://deb.debian.org/debian bookworm/main amd64 node-babel7-runtime all 7.20.15+ds1+~cs214.269.168-3+deb12u2 [116 kB]
Get:373 http://deb.debian.org/debian bookworm/main amd64 node-babel-helper-define-polyfill-provider all 0.3.3~0~20220913+ds1-1 [27.4 kB]
Get:374 http://deb.debian.org/debian bookworm/main amd64 node-babel-plugin-polyfill-corejs2 all 0.3.3~0~20220913+ds1-1 [17.1 kB]
Get:375 http://deb.debian.org/debian bookworm/main amd64 node-caniuse-lite all 1.0.30001436+dfsg+~1.0.1-1 [208 kB]
Get:376 http://deb.debian.org/debian bookworm/main amd64 node-electron-to-chromium all 1.4.284-1 [20.6 kB]
Get:377 http://deb.debian.org/debian bookworm/main amd64 node-picocolors all 1.0.0-4 [6652 B]
Get:378 http://deb.debian.org/debian bookworm/main amd64 node-browserslist all 4.21.4+~cs6.1.17-2 [63.5 kB]
Get:379 http://deb.debian.org/debian bookworm/main amd64 node-core-js-compat all 3.26.1-3 [66.1 kB]
Get:380 http://deb.debian.org/debian bookworm/main amd64 node-babel-plugin-polyfill-corejs3 all 0.6.0~0~20220913+ds1-1 [29.5 kB]
Get:381 http://deb.debian.org/debian bookworm/main amd64 node-babel-plugin-polyfill-regenerator all 0.4.1~0~20220913+ds1-1 [5036 B]
Get:382 http://deb.debian.org/debian bookworm/main amd64 node-color-name all 1.1.4+~1.1.1-2 [5920 B]
Get:383 http://deb.debian.org/debian bookworm/main amd64 node-color-convert all 2.0.1+~cs2.0.0-2 [13.1 kB]
Get:384 http://deb.debian.org/debian bookworm/main amd64 node-ansi-styles all 6.2.1-2 [8640 B]
Get:385 http://deb.debian.org/debian bookworm/main amd64 node-chalk all 5.2.0-1 [18.0 kB]
Get:386 http://deb.debian.org/debian bookworm/main amd64 node-for-in all 1.0.2-4 [4840 B]
Get:387 http://deb.debian.org/debian bookworm/main amd64 node-for-own all 1.0.0-3 [4800 B]
Get:388 http://deb.debian.org/debian bookworm/main amd64 node-is-plain-object all 5.0.0-7 [6108 B]
Get:389 http://deb.debian.org/debian bookworm/main amd64 node-is-extendable all 1.0.1-3 [5228 B]
Get:390 http://deb.debian.org/debian bookworm/main amd64 node-clone-deep all 4.0.1+~cs7.0.2-1 [6720 B]
Get:391 http://deb.debian.org/debian bookworm/main amd64 node-commander all 9.4.1-1 [65.3 kB]
Get:392 http://deb.debian.org/debian bookworm/main amd64 node-core-js all 3.26.1-3 [268 kB]
Get:393 http://deb.debian.org/debian bookworm/main amd64 node-core-js-pure all 3.26.1-3 [250 kB]
Get:394 http://deb.debian.org/debian bookworm/main amd64 node-fs-readdir-recursive all 1.1.0+~1.1.0-1 [4540 B]
Get:395 http://deb.debian.org/debian bookworm/main amd64 node-js-tokens all 8.0.0-2 [14.9 kB]
Get:396 http://deb.debian.org/debian bookworm/main amd64 node-jsesc all 3.0.2+~3.0.1-1 [17.6 kB]
Get:397 http://deb.debian.org/debian bookworm/main amd64 node-json5 all 2.2.3+dfsg-1 [25.6 kB]
Get:398 http://deb.debian.org/debian bookworm/main amd64 node-quick-lru all 6.1.1-4 [8076 B]
Get:399 http://deb.debian.org/debian bookworm/main amd64 node-regenerator-transform all 0.15.1+~0.10.8-1 [24.6 kB]
Get:400 http://deb.debian.org/debian bookworm/main amd64 node-regjsgen all 0.7.1+ds-1 [6968 B]
Get:401 http://deb.debian.org/debian bookworm/main amd64 node-regjsparser all 0.9.1+ds-2 [22.1 kB]
Get:402 http://deb.debian.org/debian bookworm/main amd64 node-unicode-canonical-property-names-ecmascript all 2.0.0-2 [4540 B]
Get:403 http://deb.debian.org/debian bookworm/main amd64 node-unicode-property-aliases-ecmascript all 2.1.0+ds-1 [5256 B]
Get:404 http://deb.debian.org/debian bookworm/main amd64 node-unicode-match-property-ecmascript all 2.0.0-2 [4440 B]
Get:405 http://deb.debian.org/debian bookworm/main amd64 node-unicode-match-property-value-ecmascript all 2.1.0+ds-1 [7272 B]
Get:406 http://deb.debian.org/debian bookworm/main amd64 node-regexpu-core all 5.2.2-3 [13.9 kB]
Get:407 http://deb.debian.org/debian bookworm/main amd64 node-source-map-support all 0.5.21+ds+~0.5.4-1 [14.5 kB]
Get:408 http://deb.debian.org/debian bookworm/main amd64 node-to-fast-properties all 3.0.1-3 [4332 B]
Get:409 http://deb.debian.org/debian bookworm/main amd64 node-v8flags all 3.2.0+~3.1.1-1 [7612 B]
Get:410 http://deb.debian.org/debian bookworm/main amd64 node-babel7 all 7.20.15+ds1+~cs214.269.168-3+deb12u2 [712 kB]
Get:411 http://deb.debian.org/debian bookworm/main amd64 node-is-arrayish all 0.3.2-3 [3960 B]
Get:412 http://deb.debian.org/debian bookworm/main amd64 node-error-ex all 1.3.2-4 [5656 B]
Get:413 http://deb.debian.org/debian bookworm/main amd64 node-json-parse-better-errors all 1.0.2+~cs3.3.1-2 [7800 B]
Get:414 http://deb.debian.org/debian bookworm/main amd64 node-parse-json all 5.2.0+~cs5.1.7-1 [7356 B]
Get:415 http://deb.debian.org/debian bookworm/main amd64 node-hosted-git-info all 6.1.1-2 [12.6 kB]
Get:416 http://deb.debian.org/debian bookworm/main amd64 node-spdx-license-ids all 3.0.12-1 [6276 B]
Get:417 http://deb.debian.org/debian bookworm/main amd64 node-spdx-exceptions all 2.3.0-2 [3992 B]
Get:418 http://deb.debian.org/debian bookworm/main amd64 node-spdx-expression-parse all 3.0.1+~3.0.1-1 [7532 B]
Get:419 http://deb.debian.org/debian bookworm/main amd64 node-spdx-correct all 3.1.1-2 [5464 B]
Get:420 http://deb.debian.org/debian bookworm/main amd64 node-validate-npm-package-license all 3.0.4-2 [4280 B]
Get:421 http://deb.debian.org/debian bookworm/main amd64 node-normalize-package-data all 4.0.1+~2.4.1-1 [13.6 kB]
Get:422 http://deb.debian.org/debian bookworm/main amd64 node-read-pkg all 5.2.0-2 [24.0 kB]
Get:423 http://deb.debian.org/debian bookworm/main amd64 node-uuid all 8.3.2+~8.3.3-3 [44.0 kB]
Get:424 http://deb.debian.org/debian bookworm/main amd64 node-isexe all 2.0.0+~2.0.1-5 [6084 B]
Get:425 http://deb.debian.org/debian bookworm/main amd64 node-which all 2.0.2+~cs1.3.2-3 [8368 B]
Get:426 http://deb.debian.org/debian bookworm/main amd64 node-is-typedarray all 1.0.0-4 [3292 B]
Get:427 http://deb.debian.org/debian bookworm/main amd64 node-typedarray-to-buffer all 4.0.0-2 [3380 B]
Get:428 http://deb.debian.org/debian bookworm/main amd64 node-write-file-atomic all 4.0.2+~4.0.0-1 [9284 B]
Get:429 http://deb.debian.org/debian bookworm/main amd64 node-slice-ansi all 5.0.0+~cs9.0.0-5 [8788 B]
Get:430 http://deb.debian.org/debian bookworm/main amd64 node-ansi-regex all 5.0.1-1 [4912 B]
Get:431 http://deb.debian.org/debian bookworm/main amd64 node-strip-ansi all 6.0.1-2 [4120 B]
Get:432 http://deb.debian.org/debian bookworm/main amd64 node-clone all 2.1.2-4 [8280 B]
Get:433 http://deb.debian.org/debian bookworm/main amd64 node-defaults all 1.0.4+~1.0.3-1 [4400 B]
Get:434 http://deb.debian.org/debian bookworm/main amd64 node-wcwidth.js all 1.0.2-2 [7088 B]
Get:435 http://deb.debian.org/debian bookworm/main amd64 node-string-width all 4.2.3+~cs13.2.3-1 [10.7 kB]
Get:436 http://deb.debian.org/debian bookworm/main amd64 node-wrap-ansi all 8.0.1+~8.0.1-3 [11.8 kB]
Get:437 http://deb.debian.org/debian bookworm/main amd64 node-cliui all 7.0.4+repack+~cs3.1.0-4 [11.5 kB]
Get:438 http://deb.debian.org/debian bookworm/main amd64 node-get-caller-file all 2.0.5+~cs1.1.1-4 [5728 B]
Get:439 http://deb.debian.org/debian bookworm/main amd64 node-require-directory all 2.1.1+~2.1.2-1 [7092 B]
Get:440 http://deb.debian.org/debian bookworm/main amd64 node-y18n all 5.0.8+~5.0.0-3 [10.2 kB]
Get:441 http://deb.debian.org/debian bookworm/main amd64 node-camelcase all 7.0.0-3 [6032 B]
Get:442 http://deb.debian.org/debian bookworm/main amd64 node-yargs-parser all 21.1.1+~21.0.0-4 [28.4 kB]
Get:443 http://deb.debian.org/debian bookworm/main amd64 node-yargs all 16.2.0+~16.0.4-7 [128 kB]
Get:444 http://deb.debian.org/debian bookworm/main amd64 node-istanbul all 0.4.5+repack10+~cs97.25.57-3 [207 kB]
Get:445 http://deb.debian.org/debian bookworm/main amd64 node-through all 2.3.8+~cs0.0.30-1 [5452 B]
Get:446 http://deb.debian.org/debian bookworm/main amd64 node-resumer all 0.0.0-6 [4144 B]
Get:447 http://deb.debian.org/debian bookworm/main amd64 node-tape all 5.6.1+~cs8.20.19-1 [70.9 kB]
Get:448 http://deb.debian.org/debian bookworm/main amd64 node-deep-equal all 2.1.0+~cs31.12.80-1 [34.5 kB]
Get:449 http://deb.debian.org/debian bookworm/main amd64 libjs-util all 0.12.5+~1.0.10-1 [16.0 kB]
Get:450 http://deb.debian.org/debian bookworm/main amd64 libssl-dev amd64 3.0.20-1~deb12u2 [2443 kB]
Get:451 http://deb.debian.org/debian bookworm/main amd64 libuv1-dev amd64 1.44.2-1+deb12u1 [172 kB]
Get:452 http://deb.debian.org/debian bookworm/main amd64 libnode-dev amd64 18.20.4+dfsg-1~deb12u2 [513 kB]
Get:453 http://deb.debian.org/debian bookworm/main amd64 node-agent-base all 6.0.2+~cs5.4.2-2 [17.3 kB]
Get:454 http://deb.debian.org/debian bookworm/main amd64 node-ajv-keywords all 3.5.2-2 [20.3 kB]
Get:455 http://deb.debian.org/debian bookworm/main amd64 node-ansi-escapes all 5.0.0+really.4.3.1-1 [8896 B]
Get:456 http://deb.debian.org/debian bookworm/main amd64 node-aproba all 2.0.0-3 [5844 B]
Get:457 http://deb.debian.org/debian bookworm/main amd64 node-delegates all 1.0.0-3 [4528 B]
Get:458 http://deb.debian.org/debian bookworm/main amd64 node-are-we-there-yet all 3.0.1+~1.1.0-1 [10.0 kB]
Get:459 http://deb.debian.org/debian bookworm/main amd64 node-async-each all 1.0.3-3 [4292 B]
Get:460 http://deb.debian.org/debian bookworm/main amd64 node-babel-plugin-lodash all 3.3.4+~cs2.0.1-6 [11.0 kB]
Get:461 http://deb.debian.org/debian bookworm/main amd64 node-base64-js all 1.5.1+dfsg+~1.3.0-2 [7140 B]
Get:462 http://deb.debian.org/debian bookworm/main amd64 node-binary-extensions all 2.2.0-2 [4408 B]
Get:463 http://deb.debian.org/debian bookworm/main amd64 node-builtins all 5.0.1-1 [4072 B]
Get:464 http://deb.debian.org/debian bookworm/main amd64 node-chownr all 2.0.0-2 [4424 B]
Get:465 http://deb.debian.org/debian bookworm/main amd64 node-iconv-lite all 0.6.3-3 [115 kB]
Get:466 http://deb.debian.org/debian bookworm/main amd64 node-encoding all 0.1.13-2 [4400 B]
Get:467 http://deb.debian.org/debian bookworm/main amd64 node-jsonparse all 1.3.1-10 [8020 B]
Get:468 http://deb.debian.org/debian bookworm/main amd64 node-minipass all 3.3.6+~cs9.4.19-1+deb12u1 [43.1 kB]
Get:469 http://deb.debian.org/debian bookworm/main amd64 node-iferr all 1.0.2+~1.0.2-1 [4588 B]
Get:470 http://deb.debian.org/debian bookworm/main amd64 node-fs-write-stream-atomic all 1.0.10-6 [5316 B]
Get:471 http://deb.debian.org/debian bookworm/main amd64 node-run-queue all 2.0.0-3 [5156 B]
Get:472 http://deb.debian.org/debian bookworm/main amd64 node-copy-concurrently all 1.0.5-9 [7100 B]
Get:473 http://deb.debian.org/debian bookworm/main amd64 node-move-concurrently all 1.0.1-5 [5152 B]
Get:474 http://deb.debian.org/debian bookworm/main amd64 node-promise-inflight all 1.0.1+~1.0.0-1 [4864 B]
Get:475 http://deb.debian.org/debian bookworm/main amd64 node-ssri all 9.0.1-2 [18.0 kB]
Get:476 http://deb.debian.org/debian bookworm/main amd64 node-unique-filename all 1.1.1+ds-2 [4032 B]
Get:477 http://deb.debian.org/debian bookworm/main amd64 node-cacache all 17.0.3+~cs10.3.7-1 [45.1 kB]
Get:478 http://deb.debian.org/debian bookworm/main amd64 node-is-binary-path all 2.1.0-5 [3684 B]
Get:479 http://deb.debian.org/debian bookworm/main amd64 node-path-is-absolute all 2.0.0-2 [4068 B]
Get:480 http://deb.debian.org/debian bookworm/main amd64 node-set-immediate-shim all 2.0.0-2 [3740 B]
Get:481 http://deb.debian.org/debian bookworm/main amd64 node-readdirp all 3.6.0-1 [11.5 kB]
Get:482 http://deb.debian.org/debian bookworm/main amd64 node-chokidar all 3.5.3-2 [32.3 kB]
Get:483 http://deb.debian.org/debian bookworm/main amd64 node-tslib all 2.4.1-1 [19.5 kB]
Get:484 http://deb.debian.org/debian bookworm/main amd64 node-chrome-trace-event all 1.0.3-2 [6984 B]
Get:485 http://deb.debian.org/debian bookworm/main amd64 node-ci-info all 3.6.1+~cs1.1.0-1 [11.7 kB]
Get:486 http://deb.debian.org/debian bookworm/main amd64 node-colors all 1.4.0-4 [11.9 kB]
Get:487 http://deb.debian.org/debian bookworm/main amd64 node-cli-table all 0.3.11+~cs0.13.4-3 [23.6 kB]
Get:488 http://deb.debian.org/debian bookworm/main amd64 node-columnify all 1.6.0+~1.5.1-1 [12.4 kB]
Get:489 http://deb.debian.org/debian bookworm/main amd64 node-console-control-strings all 1.1.0-3 [5564 B]
Get:490 http://deb.debian.org/debian bookworm/main amd64 node-css-selector-tokenizer all 0.8.0+~cs4.8.3-1 [13.0 kB]
Get:491 http://deb.debian.org/debian bookworm/main amd64 node-isobject all 4.0.0-2 [5332 B]
Get:492 http://deb.debian.org/debian bookworm/main amd64 node-postcss all 8.4.20+~cs8.0.23-1+deb12u1 [181 kB]
Get:493 http://deb.debian.org/debian bookworm/main amd64 node-icss-utils all 5.1.0+~5.1.0-1 [7564 B]
Get:494 http://deb.debian.org/debian bookworm/main amd64 node-postcss-modules-extract-imports all 3.0.0-2 [6584 B]
Get:495 http://deb.debian.org/debian bookworm/main amd64 node-postcss-modules-values all 4.0.0+~4.0.0-1 [7180 B]
Get:496 http://deb.debian.org/debian bookworm/main amd64 node-postcss-value-parser all 4.2.0-1 [10.4 kB]
Get:497 http://deb.debian.org/debian bookworm/main amd64 node-prr all 1.0.1-3 [4352 B]
Get:498 http://deb.debian.org/debian bookworm/main amd64 node-errno all 1.0.0-3 [7736 B]
Get:499 http://deb.debian.org/debian bookworm/main amd64 node-memory-fs all 0.5.0+~0.3.3-2 [7676 B]
Get:500 http://deb.debian.org/debian bookworm/main amd64 node-tapable all 2.2.1-2 [13.6 kB]
Get:501 http://deb.debian.org/debian bookworm/main amd64 node-enhanced-resolve all 5.10.0-1 [33.6 kB]
Get:502 http://deb.debian.org/debian bookworm/main amd64 node-es-module-lexer all 1.1.0+dfsg-2+deb12u1 [19.7 kB]
Get:503 http://deb.debian.org/debian bookworm/main amd64 node-events all 3.3.0+~3.0.0-3 [5888 B]
Get:504 http://deb.debian.org/debian bookworm/main amd64 node-resolve-cwd all 3.0.0-2 [4212 B]
Get:505 http://deb.debian.org/debian bookworm/main amd64 node-jest-debbundle all 29.3.1~ds1+~cs70.48.25-2 [129 kB]
Get:506 http://deb.debian.org/debian bookworm/main amd64 node-interpret all 2.2.0-3 [7660 B]
Get:507 http://deb.debian.org/debian bookworm/main amd64 node-merge-stream all 2.0.0+~1.1.2-2 [5124 B]
Get:508 http://deb.debian.org/debian bookworm/main amd64 node-jest-worker all 29.3.1~ds1+~cs70.48.25-2 [112 kB]
Get:509 http://deb.debian.org/debian bookworm/main amd64 node-loader-runner all 4.3.0-1 [7644 B]
Get:510 http://deb.debian.org/debian bookworm/main amd64 node-mime all 3.0.0+dfsg+~cs3.97.1-1 [40.4 kB]
Get:511 http://deb.debian.org/debian bookworm/main amd64 node-mime-types all 2.1.35-1 [9456 B]
Get:512 http://deb.debian.org/debian bookworm/main amd64 node-rechoir all 0.8.0+~0.6.1-2 [6628 B]
Get:513 http://deb.debian.org/debian bookworm/main amd64 node-schema-utils all 3.1.1~ds-2 [20.0 kB]
Get:514 http://deb.debian.org/debian bookworm/main amd64 node-randombytes all 2.1.0+~2.0.0-2 [4852 B]
Get:515 http://deb.debian.org/debian bookworm/main amd64 node-serialize-javascript all 6.0.0-2+deb12u1 [12.8 kB]
Get:516 http://deb.debian.org/debian bookworm/main amd64 node-watchpack all 2.4.0+~cs2.8.1-1 [20.2 kB]
Get:517 http://deb.debian.org/debian bookworm/main amd64 node-webassemblyjs all 1.11.4+dfsg+~cs10.11.17-2 [139 kB]
Get:518 http://deb.debian.org/debian bookworm/main amd64 node-source-list-map all 2.0.1+dfsg-2 [9348 B]
Get:519 http://deb.debian.org/debian bookworm/main amd64 node-webpack-sources all 3.2.3+~3.2.0-2 [23.2 kB]
Get:520 http://deb.debian.org/debian bookworm/main amd64 node-terser all 5.16.5-2 [204 kB]
Get:521 http://deb.debian.org/debian bookworm/main amd64 terser all 5.16.5-2 [16.5 kB]
Get:522 http://deb.debian.org/debian bookworm/main amd64 webpack all 5.75.0+dfsg+~cs17.16.14-1+deb12u1 [756 kB]
Get:523 http://deb.debian.org/debian bookworm/main amd64 node-css-loader all 6.7.2+~cs14.0.11-1 [73.0 kB]
Get:524 http://deb.debian.org/debian bookworm/main amd64 node-data-uri-to-buffer all 4.0.0-3 [5540 B]
Get:525 http://deb.debian.org/debian bookworm/main amd64 node-mimic-response all 3.1.0-8 [5404 B]
Get:526 http://deb.debian.org/debian bookworm/main amd64 node-decompress-response all 6.0.0-2 [4620 B]
Get:527 http://deb.debian.org/debian bookworm/main amd64 node-depd all 2.0.0-2 [11.2 kB]
Get:528 http://deb.debian.org/debian bookworm/main amd64 node-diff all 5.0.0~dfsg+~5.0.1-4 [69.7 kB]
Get:529 http://deb.debian.org/debian bookworm/main amd64 node-end-of-stream all 1.4.4+~1.4.1-1 [5292 B]
Get:530 http://deb.debian.org/debian bookworm/main amd64 node-err-code all 2.0.3+dfsg-3 [4884 B]
Get:531 http://deb.debian.org/debian bookworm/main amd64 node-time-stamp all 2.2.0-2 [6016 B]
Get:532 http://deb.debian.org/debian bookworm/main amd64 node-fancy-log all 1.3.3+~cs1.3.1-2 [7940 B]
Get:533 http://deb.debian.org/debian bookworm/main amd64 node-fetch all 3.3.0+~cs11.4.11-2 [212 kB]
Get:534 http://deb.debian.org/debian bookworm/main amd64 node-has-unicode all 2.0.1-5 [3992 B]
Get:535 http://deb.debian.org/debian bookworm/main amd64 node-wide-align all 1.1.3-4 [4244 B]
Get:536 http://deb.debian.org/debian bookworm/main amd64 node-gauge all 4.0.4-1 [19.6 kB]
Get:537 http://deb.debian.org/debian bookworm/main amd64 node-pump all 3.0.0-5 [5136 B]
Get:538 http://deb.debian.org/debian bookworm/main amd64 node-get-stream all 6.0.1-1 [7208 B]
Get:539 http://deb.debian.org/debian bookworm/main amd64 node-lowercase-keys all 2.0.0-2 [3768 B]
Get:540 http://deb.debian.org/debian bookworm/main amd64 node-json-buffer all 3.0.1+~3.0.0-1 [4536 B]
Get:541 http://deb.debian.org/debian bookworm/main amd64 node-p-cancelable all 2.1.1-1 [7272 B]
Get:542 http://deb.debian.org/debian bookworm/main amd64 node-got all 11.8.5+~cs58.13.36-3 [121 kB]
Get:543 http://deb.debian.org/debian bookworm/main amd64 node-https-proxy-agent all 5.0.1+~cs8.0.0-3 [16.1 kB]
Get:544 http://deb.debian.org/debian bookworm/main amd64 node-set-blocking all 2.0.0-2 [4248 B]
Get:545 http://deb.debian.org/debian bookworm/main amd64 node-npmlog all 7.0.1+~4.1.4-1 [11.4 kB]
Get:546 http://deb.debian.org/debian bookworm/main amd64 node-osenv all 0.1.5+~0.1.1-1 [5884 B]
Get:547 http://deb.debian.org/debian-security bookworm-security/main amd64 node-tar all 6.1.13+~cs7.0.5-1+deb12u1 [52.8 kB]
Get:548 http://deb.debian.org/debian bookworm/main amd64 node-gyp all 9.3.0-2 [57.9 kB]
Get:549 http://deb.debian.org/debian bookworm/main amd64 node-ieee754 all 1.2.1-3 [5268 B]
Get:550 http://deb.debian.org/debian bookworm/main amd64 node-ini all 3.0.1-2 [6928 B]
Get:551 http://deb.debian.org/debian bookworm/main amd64 node-ip all 2.0.0+~1.1.0-1 [8128 B]
Get:552 http://deb.debian.org/debian bookworm/main amd64 node-ip-regex all 4.3.0+~4.1.1-1 [5188 B]
Get:553 http://deb.debian.org/debian bookworm/main amd64 node-mute-stream all 0.0.8+~0.0.1-3 [6232 B]
Get:554 http://deb.debian.org/debian bookworm/main amd64 node-negotiator all 0.6.3+~0.6.1-1 [10.8 kB]
Get:555 http://deb.debian.org/debian bookworm/main amd64 node-read-package-json all 5.0.2+~2.0.0-1 [12.0 kB]
Get:556 http://deb.debian.org/debian bookworm/main amd64 node-npm-bundled all 2.0.1-2 [6408 B]
Get:557 http://deb.debian.org/debian bookworm/main amd64 node-validate-npm-package-name all 5.0.0+~4.0.0-1 [7444 B]
Get:558 http://deb.debian.org/debian bookworm/main amd64 node-npm-package-arg all 10.0.0+~3.0.0-2 [11.4 kB]
Get:559 http://deb.debian.org/debian bookworm/main amd64 node-retry all 0.13.1+~0.12.1-1 [11.2 kB]
Get:560 http://deb.debian.org/debian bookworm/main amd64 node-promise-retry all 2.0.1-4 [5016 B]
Get:561 http://deb.debian.org/debian bookworm/main amd64 node-read all 1.0.7-5 [5388 B]
Get:562 http://deb.debian.org/debian bookworm/main amd64 node-promzard all 0.3.0-2 [6788 B]
Get:563 http://deb.debian.org/debian bookworm/main amd64 node-text-table all 0.2.0-4 [4736 B]
Get:564 http://deb.debian.org/debian bookworm/main amd64 npm all 9.2.0~ds1-1 [669 kB]
Fetched 164 MB in 1s (206 MB/s)
Selecting previously unselected package libpython3.11-minimal:amd64.
(Reading database ... (Reading database ... 5%(Reading database ... 10%(Reading database ... 15%(Reading database ... 20%(Reading database ... 25%(Reading database ... 30%(Reading database ... 35%(Reading database ... 40%(Reading database ... 45%(Reading database ... 50%(Reading database ... 55%(Reading database ... 60%(Reading database ... 65%(Reading database ... 70%(Reading database ... 75%(Reading database ... 80%(Reading database ... 85%(Reading database ... 90%(Reading database ... 95%(Reading database ... 100%(Reading database ... 7102 files and directories currently installed.)
Preparing to unpack .../libpython3.11-minimal_3.11.2-6+deb12u8_amd64.deb ...
Unpacking libpython3.11-minimal:amd64 (3.11.2-6+deb12u8) ...
debconf: delaying package configuration, since apt-utils is not installed
Selecting previously unselected package libexpat1:amd64.
Preparing to unpack .../libexpat1_2.5.0-1+deb12u2_amd64.deb ...
Unpacking libexpat1:amd64 (2.5.0-1+deb12u2) ...
Selecting previously unselected package python3.11-minimal.
Preparing to unpack .../python3.11-minimal_3.11.2-6+deb12u8_amd64.deb ...
Unpacking python3.11-minimal (3.11.2-6+deb12u8) ...
Setting up libpython3.11-minimal:amd64 (3.11.2-6+deb12u8) ...
Setting up libexpat1:amd64 (2.5.0-1+deb12u2) ...
Setting up python3.11-minimal (3.11.2-6+deb12u8) ...
Selecting previously unselected package python3-minimal.
(Reading database ... (Reading database ... 5%(Reading database ... 10%(Reading database ... 15%(Reading database ... 20%(Reading database ... 25%(Reading database ... 30%(Reading database ... 35%(Reading database ... 40%(Reading database ... 45%(Reading database ... 50%(Reading database ... 55%(Reading database ... 60%(Reading database ... 65%(Reading database ... 70%(Reading database ... 75%(Reading database ... 80%(Reading database ... 85%(Reading database ... 90%(Reading database ... 95%(Reading database ... 100%(Reading database ... 7418 files and directories currently installed.)
Preparing to unpack .../python3-minimal_3.11.2-1+b1_amd64.deb ...
Unpacking python3-minimal (3.11.2-1+b1) ...
Selecting previously unselected package media-types.
Preparing to unpack .../media-types_10.0.0_all.deb ...
Unpacking media-types (10.0.0) ...
Selecting previously unselected package libpython3.11-stdlib:amd64.
Preparing to unpack .../libpython3.11-stdlib_3.11.2-6+deb12u8_amd64.deb ...
Unpacking libpython3.11-stdlib:amd64 (3.11.2-6+deb12u8) ...
Selecting previously unselected package python3.11.
Preparing to unpack .../python3.11_3.11.2-6+deb12u8_amd64.deb ...
Unpacking python3.11 (3.11.2-6+deb12u8) ...
Selecting previously unselected package libpython3-stdlib:amd64.
Preparing to unpack .../libpython3-stdlib_3.11.2-1+b1_amd64.deb ...
Unpacking libpython3-stdlib:amd64 (3.11.2-1+b1) ...
Setting up python3-minimal (3.11.2-1+b1) ...
Selecting previously unselected package python3.
(Reading database ... (Reading database ... 5%(Reading database ... 10%(Reading database ... 15%(Reading database ... 20%(Reading database ... 25%(Reading database ... 30%(Reading database ... 35%(Reading database ... 40%(Reading database ... 45%(Reading database ... 50%(Reading database ... 55%(Reading database ... 60%(Reading database ... 65%(Reading database ... 70%(Reading database ... 75%(Reading database ... 80%(Reading database ... 85%(Reading database ... 90%(Reading database ... 95%(Reading database ... 100%(Reading database ... 7828 files and directories currently installed.)
Preparing to unpack .../python3_3.11.2-1+b1_amd64.deb ...
Unpacking python3 (3.11.2-1+b1) ...
Preparing to unpack .../gcc-12-base_12.2.0-14+deb12u1_amd64.deb ...
Unpacking gcc-12-base:amd64 (12.2.0-14+deb12u1) over (12.2.0-14) ...
Setting up gcc-12-base:amd64 (12.2.0-14+deb12u1) ...
(Reading database ... (Reading database ... 5%(Reading database ... 10%(Reading database ... 15%(Reading database ... 20%(Reading database ... 25%(Reading database ... 30%(Reading database ... 35%(Reading database ... 40%(Reading database ... 45%(Reading database ... 50%(Reading database ... 55%(Reading database ... 60%(Reading database ... 65%(Reading database ... 70%(Reading database ... 75%(Reading database ... 80%(Reading database ... 85%(Reading database ... 90%(Reading database ... 95%(Reading database ... 100%(Reading database ... 7850 files and directories currently installed.)
Preparing to unpack .../libstdc++6_12.2.0-14+deb12u1_amd64.deb ...
Unpacking libstdc++6:amd64 (12.2.0-14+deb12u1) over (12.2.0-14) ...
Setting up libstdc++6:amd64 (12.2.0-14+deb12u1) ...
(Reading database ... (Reading database ... 5%(Reading database ... 10%(Reading database ... 15%(Reading database ... 20%(Reading database ... 25%(Reading database ... 30%(Reading database ... 35%(Reading database ... 40%(Reading database ... 45%(Reading database ... 50%(Reading database ... 55%(Reading database ... 60%(Reading database ... 65%(Reading database ... 70%(Reading database ... 75%(Reading database ... 80%(Reading database ... 85%(Reading database ... 90%(Reading database ... 95%(Reading database ... 100%(Reading database ... 7850 files and directories currently installed.)
Preparing to unpack .../libgcc-s1_12.2.0-14+deb12u1_amd64.deb ...
Unpacking libgcc-s1:amd64 (12.2.0-14+deb12u1) over (12.2.0-14) ...
Setting up libgcc-s1:amd64 (12.2.0-14+deb12u1) ...
Selecting previously unselected package node-fast-deep-equal.
(Reading database ... (Reading database ... 5%(Reading database ... 10%(Reading database ... 15%(Reading database ... 20%(Reading database ... 25%(Reading database ... 30%(Reading database ... 35%(Reading database ... 40%(Reading database ... 45%(Reading database ... 50%(Reading database ... 55%(Reading database ... 60%(Reading database ... 65%(Reading database ... 70%(Reading database ... 75%(Reading database ... 80%(Reading database ... 85%(Reading database ... 90%(Reading database ... 95%(Reading database ... 100%(Reading database ... 7850 files and directories currently installed.)
Preparing to unpack .../000-node-fast-deep-equal_3.1.3-3_all.deb ...
Unpacking node-fast-deep-equal (3.1.3-3) ...
Selecting previously unselected package node-json-schema-traverse.
Preparing to unpack .../001-node-json-schema-traverse_1.0.0-3_all.deb ...
Unpacking node-json-schema-traverse (1.0.0-3) ...
Selecting previously unselected package node-jsonify.
Preparing to unpack .../002-node-jsonify_0.0.1-1_all.deb ...
Unpacking node-jsonify (0.0.1-1) ...
Selecting previously unselected package node-json-stable-stringify.
Preparing to unpack .../003-node-json-stable-stringify_1.0.2+~cs5.2.34-1_all.deb ...
Unpacking node-json-stable-stringify (1.0.2+~cs5.2.34-1) ...
Selecting previously unselected package libbrotli1:amd64.
Preparing to unpack .../004-libbrotli1_1.0.9-2+b6_amd64.deb ...
Unpacking libbrotli1:amd64 (1.0.9-2+b6) ...
Selecting previously unselected package libc-ares2:amd64.
Preparing to unpack .../005-libc-ares2_1.18.1-3_amd64.deb ...
Unpacking libc-ares2:amd64 (1.18.1-3) ...
Selecting previously unselected package libicu72:amd64.
Preparing to unpack .../006-libicu72_72.1-3+deb12u1_amd64.deb ...
Unpacking libicu72:amd64 (72.1-3+deb12u1) ...
Selecting previously unselected package libnghttp2-14:amd64.
Preparing to unpack .../007-libnghttp2-14_1.52.0-1+deb12u3_amd64.deb ...
Unpacking libnghttp2-14:amd64 (1.52.0-1+deb12u3) ...
Selecting previously unselected package libuv1:amd64.
Preparing to unpack .../008-libuv1_1.44.2-1+deb12u1_amd64.deb ...
Unpacking libuv1:amd64 (1.44.2-1+deb12u1) ...
Selecting previously unselected package node-xtend.
Preparing to unpack .../009-node-xtend_4.0.2-3_all.deb ...
Unpacking node-xtend (4.0.2-3) ...
Selecting previously unselected package node-acorn.
Preparing to unpack .../010-node-acorn_8.8.1+ds+~cs25.17.7-2_all.deb ...
Unpacking node-acorn (8.8.1+ds+~cs25.17.7-2) ...
Selecting previously unselected package node-cjs-module-lexer.
Preparing to unpack .../011-node-cjs-module-lexer_1.2.2+dfsg-5_all.deb ...
Unpacking node-cjs-module-lexer (1.2.2+dfsg-5) ...
Selecting previously unselected package node-busboy.
Preparing to unpack .../012-node-busboy_1.6.0+~cs2.6.0-2_all.deb ...
Unpacking node-busboy (1.6.0+~cs2.6.0-2) ...
Selecting previously unselected package node-undici.
Preparing to unpack .../013-node-undici_5.15.0+dfsg1+~cs20.10.9.3-1+deb12u4_all.deb ...
Unpacking node-undici (5.15.0+dfsg1+~cs20.10.9.3-1+deb12u4) ...
Selecting previously unselected package libnode108:amd64.
Preparing to unpack .../014-libnode108_18.20.4+dfsg-1~deb12u2_amd64.deb ...
Unpacking libnode108:amd64 (18.20.4+dfsg-1~deb12u2) ...
Selecting previously unselected package nodejs.
Preparing to unpack .../015-nodejs_18.20.4+dfsg-1~deb12u2_amd64.deb ...
Unpacking nodejs (18.20.4+dfsg-1~deb12u2) ...
Selecting previously unselected package node-punycode.
Preparing to unpack .../016-node-punycode_2.1.1-6_all.deb ...
Unpacking node-punycode (2.1.1-6) ...
Selecting previously unselected package node-uri-js.
Preparing to unpack .../017-node-uri-js_4.4.0+dfsg-8_all.deb ...
Unpacking node-uri-js (4.4.0+dfsg-8) ...
Selecting previously unselected package node-ajv.
Preparing to unpack .../018-node-ajv_6.12.6-3_all.deb ...
Unpacking node-ajv (6.12.6-3) ...
Selecting previously unselected package libjs-inherits.
Preparing to unpack .../019-libjs-inherits_2.0.4-6_all.deb ...
Unpacking libjs-inherits (2.0.4-6) ...
Selecting previously unselected package node-inherits.
Preparing to unpack .../020-node-inherits_2.0.4-6_all.deb ...
Unpacking node-inherits (2.0.4-6) ...
Selecting previously unselected package node-core-util-is.
Preparing to unpack .../021-node-core-util-is_1.0.3-1_all.deb ...
Unpacking node-core-util-is (1.0.3-1) ...
Selecting previously unselected package node-safe-buffer.
Preparing to unpack .../022-node-safe-buffer_5.2.1+~cs2.1.2-3_all.deb ...
Unpacking node-safe-buffer (5.2.1+~cs2.1.2-3) ...
Selecting previously unselected package node-string-decoder.
Preparing to unpack .../023-node-string-decoder_1.3.0-6_all.deb ...
Unpacking node-string-decoder (1.3.0-6) ...
Selecting previously unselected package node-process-nextick-args.
Preparing to unpack .../024-node-process-nextick-args_2.0.1-3_all.deb ...
Unpacking node-process-nextick-args (2.0.1-3) ...
Selecting previously unselected package node-util-deprecate.
Preparing to unpack .../025-node-util-deprecate_1.0.2-3_all.deb ...
Unpacking node-util-deprecate (1.0.2-3) ...
Selecting previously unselected package node-isarray.
Preparing to unpack .../026-node-isarray_2.0.5-4_all.deb ...
Unpacking node-isarray (2.0.5-4) ...
Selecting previously unselected package node-readable-stream.
Preparing to unpack .../027-node-readable-stream_3.6.0+~cs3.0.0-4_all.deb ...
Unpacking node-readable-stream (3.6.0+~cs3.0.0-4) ...
Selecting previously unselected package node-typedarray.
Preparing to unpack .../028-node-typedarray_0.0.7-1_all.deb ...
Unpacking node-typedarray (0.0.7-1) ...
Selecting previously unselected package node-concat-stream.
Preparing to unpack .../029-node-concat-stream_2.0.0+~2.0.0-2_all.deb ...
Unpacking node-concat-stream (2.0.0+~2.0.0-2) ...
Selecting previously unselected package node-ms.
Preparing to unpack .../030-node-ms_2.1.3+~cs0.7.31-3_all.deb ...
Unpacking node-ms (2.1.3+~cs0.7.31-3) ...
Selecting previously unselected package node-debug.
Preparing to unpack .../031-node-debug_4.3.4+~cs4.1.7-1_all.deb ...
Unpacking node-debug (4.3.4+~cs4.1.7-1) ...
Selecting previously unselected package node-esutils.
Preparing to unpack .../032-node-esutils_2.0.3+~2.0.0-1_all.deb ...
Unpacking node-esutils (2.0.3+~2.0.0-1) ...
Selecting previously unselected package node-doctrine.
Preparing to unpack .../033-node-doctrine_3.0.0-4_all.deb ...
Unpacking node-doctrine (3.0.0-4) ...
Selecting previously unselected package node-eslint-visitor-keys.
Preparing to unpack .../034-node-eslint-visitor-keys_3.3.0+~1.0.0-1_all.deb ...
Unpacking node-eslint-visitor-keys (3.3.0+~1.0.0-1) ...
Selecting previously unselected package node-estraverse.
Preparing to unpack .../035-node-estraverse_5.3.0+ds+~5.1.1-1_all.deb ...
Unpacking node-estraverse (5.3.0+ds+~5.1.1-1) ...
Selecting previously unselected package node-object-assign.
Preparing to unpack .../036-node-object-assign_4.1.1-7_all.deb ...
Unpacking node-object-assign (4.1.1-7) ...
Selecting previously unselected package node-esrecurse.
Preparing to unpack .../037-node-esrecurse_4.3.0-2_all.deb ...
Unpacking node-esrecurse (4.3.0-2) ...
Selecting previously unselected package node-eslint-scope.
Preparing to unpack .../038-node-eslint-scope_7.1.1+~3.7.4-1_all.deb ...
Unpacking node-eslint-scope (7.1.1+~3.7.4-1) ...
Selecting previously unselected package node-espree.
Preparing to unpack .../039-node-espree_9.4.1~dfsg-1_all.deb ...
Unpacking node-espree (9.4.1~dfsg-1) ...
Selecting previously unselected package node-esquery.
Preparing to unpack .../040-node-esquery_1.4.2~ds-1_all.deb ...
Unpacking node-esquery (1.4.2~ds-1) ...
Selecting previously unselected package node-eslint-utils.
Preparing to unpack .../041-node-eslint-utils_3.0.0-3_all.deb ...
Unpacking node-eslint-utils (3.0.0-3) ...
Selecting previously unselected package node-flatted.
Preparing to unpack .../042-node-flatted_3.2.7~ds-1+deb12u1_all.deb ...
Unpacking node-flatted (3.2.7~ds-1+deb12u1) ...
Selecting previously unselected package node-fs.realpath.
Preparing to unpack .../043-node-fs.realpath_1.0.0-3_all.deb ...
Unpacking node-fs.realpath (1.0.0-3) ...
Selecting previously unselected package node-wrappy.
Preparing to unpack .../044-node-wrappy_1.0.2-3_all.deb ...
Unpacking node-wrappy (1.0.2-3) ...
Selecting previously unselected package node-once.
Preparing to unpack .../045-node-once_1.4.0-7_all.deb ...
Unpacking node-once (1.4.0-7) ...
Selecting previously unselected package node-inflight.
Preparing to unpack .../046-node-inflight_1.0.6-2_all.deb ...
Unpacking node-inflight (1.0.6-2) ...
Selecting previously unselected package node-balanced-match.
Preparing to unpack .../047-node-balanced-match_2.0.0-1_all.deb ...
Unpacking node-balanced-match (2.0.0-1) ...
Selecting previously unselected package node-brace-expansion.
Preparing to unpack .../048-node-brace-expansion_2.0.1-2_all.deb ...
Unpacking node-brace-expansion (2.0.1-2) ...
Selecting previously unselected package node-minimatch.
Preparing to unpack .../049-node-minimatch_5.1.1+~5.1.2-1_all.deb ...
Unpacking node-minimatch (5.1.1+~5.1.2-1) ...
Selecting previously unselected package node-glob.
Preparing to unpack .../050-node-glob_8.0.3+~cs8.4.15-1_all.deb ...
Unpacking node-glob (8.0.3+~cs8.4.15-1) ...
Selecting previously unselected package node-rimraf.
Preparing to unpack .../051-node-rimraf_3.0.2-2_all.deb ...
Unpacking node-rimraf (3.0.2-2) ...
Selecting previously unselected package node-write.
Preparing to unpack .../052-node-write_2.0.0~6.0.0+~3.0.4+~2.0.0+~1.0.0+~2.0.1-5_all.deb ...
Unpacking node-write (2.0.0~6.0.0+~3.0.4+~2.0.0+~1.0.0+~2.0.1-5) ...
Selecting previously unselected package node-flat-cache.
Preparing to unpack .../053-node-flat-cache_3.0.4~6.0.0+~3.0.4+~2.0.0+~1.0.0+~2.0.1-5_all.deb ...
Unpacking node-flat-cache (3.0.4~6.0.0+~3.0.4+~2.0.0+~1.0.0+~2.0.1-5) ...
Selecting previously unselected package node-file-entry-cache.
Preparing to unpack .../054-node-file-entry-cache_6.0.0+~3.0.4+~2.0.0+~1.0.0+~2.0.1-5_all.deb ...
Unpacking node-file-entry-cache (6.0.0+~3.0.4+~2.0.0+~1.0.0+~2.0.1-5) ...
Selecting previously unselected package node-functional-red-black-tree.
Preparing to unpack .../055-node-functional-red-black-tree_1.0.1+20181105-7_all.deb ...
Unpacking node-functional-red-black-tree (1.0.1+20181105-7) ...
Selecting previously unselected package node-is-extglob.
Preparing to unpack .../056-node-is-extglob_2.1.1-5_all.deb ...
Unpacking node-is-extglob (2.1.1-5) ...
Selecting previously unselected package node-is-glob.
Preparing to unpack .../057-node-is-glob_4.0.3-2_all.deb ...
Unpacking node-is-glob (4.0.3-2) ...
Selecting previously unselected package node-path-dirname.
Preparing to unpack .../058-node-path-dirname_1.0.2-2_all.deb ...
Unpacking node-path-dirname (1.0.2-2) ...
Selecting previously unselected package node-glob-parent.
Preparing to unpack .../059-node-glob-parent_6.0.2+~5.1.1-2_all.deb ...
Unpacking node-glob-parent (6.0.2+~5.1.1-2) ...
Selecting previously unselected package node-globals.
Preparing to unpack .../060-node-globals_13.18.0-1_all.deb ...
Unpacking node-globals (13.18.0-1) ...
Selecting previously unselected package node-resolve-from.
Preparing to unpack .../061-node-resolve-from_5.0.0+~3.1.0+~3.3.0+~2.0.0-1_all.deb ...
Unpacking node-resolve-from (5.0.0+~3.1.0+~3.3.0+~2.0.0-1) ...
Selecting previously unselected package node-imurmurhash.
Preparing to unpack .../062-node-imurmurhash_0.1.4+dfsg+~0.1.1-2_all.deb ...
Unpacking node-imurmurhash (0.1.4+dfsg+~0.1.1-2) ...
Selecting previously unselected package node-ignore.
Preparing to unpack .../063-node-ignore_5.2.1-1_all.deb ...
Unpacking node-ignore (5.2.1-1) ...
Selecting previously unselected package node-prelude-ls.
Preparing to unpack .../064-node-prelude-ls_1.2.1+dfsg-3_all.deb ...
Unpacking node-prelude-ls (1.2.1+dfsg-3) ...
Selecting previously unselected package node-type-check.
Preparing to unpack .../065-node-type-check_0.4.0+dfsg-3_all.deb ...
Unpacking node-type-check (0.4.0+dfsg-3) ...
Selecting previously unselected package node-levn.
Preparing to unpack .../066-node-levn_0.4.1+dfsg-2_all.deb ...
Unpacking node-levn (0.4.1+dfsg-2) ...
Selecting previously unselected package node-lodash.
Preparing to unpack .../067-node-lodash_4.17.21+dfsg+~cs8.31.198.20210220-9_all.deb ...
Unpacking node-lodash (4.17.21+dfsg+~cs8.31.198.20210220-9) ...
Selecting previously unselected package node-memfs.
Preparing to unpack .../068-node-memfs_3.4.12+~cs1.0.3-1_all.deb ...
Unpacking node-memfs (3.4.12+~cs1.0.3-1) ...
Selecting previously unselected package node-mkdirp.
Preparing to unpack .../069-node-mkdirp_1.0.4+~1.0.2-4_all.deb ...
Unpacking node-mkdirp (1.0.4+~1.0.2-4) ...
Selecting previously unselected package node-deep-is.
Preparing to unpack .../070-node-deep-is_0.1.4-1_all.deb ...
Unpacking node-deep-is (0.1.4-1) ...
Selecting previously unselected package node-fast-levenshtein.
Preparing to unpack .../071-node-fast-levenshtein_2.0.6+ds-3_all.deb ...
Unpacking node-fast-levenshtein (2.0.6+ds-3) ...
Selecting previously unselected package node-optionator.
Preparing to unpack .../072-node-optionator_0.9.1+dfsg+~cs1.2.3-1_all.deb ...
Unpacking node-optionator (0.9.1+dfsg+~cs1.2.3-1) ...
Selecting previously unselected package node-progress.
Preparing to unpack .../073-node-progress_2.0.3-2_all.deb ...
Unpacking node-progress (2.0.3-2) ...
Selecting previously unselected package libjs-regenerate.
Preparing to unpack .../074-libjs-regenerate_1.4.2-3_all.deb ...
Unpacking libjs-regenerate (1.4.2-3) ...
Selecting previously unselected package node-regenerate.
Preparing to unpack .../075-node-regenerate_1.4.2-3_all.deb ...
Unpacking node-regenerate (1.4.2-3) ...
Selecting previously unselected package node-regenerate-unicode-properties.
Preparing to unpack .../076-node-regenerate-unicode-properties_10.1.0+ds-1_all.deb ...
Unpacking node-regenerate-unicode-properties (10.1.0+ds-1) ...
Selecting previously unselected package node-regexpp.
Preparing to unpack .../077-node-regexpp_3.2.0-4+deb12u1_all.deb ...
Unpacking node-regexpp (3.2.0-4+deb12u1) ...
Selecting previously unselected package node-yallist.
Preparing to unpack .../078-node-yallist_4.0.0+~4.0.1-1_all.deb ...
Unpacking node-yallist (4.0.0+~4.0.1-1) ...
Selecting previously unselected package node-lru-cache.
Preparing to unpack .../079-node-lru-cache_7.14.1-1_all.deb ...
Unpacking node-lru-cache (7.14.1-1) ...
Selecting previously unselected package node-semver.
Preparing to unpack .../080-node-semver_7.3.5+~7.3.9-2_all.deb ...
Unpacking node-semver (7.3.5+~7.3.9-2) ...
Selecting previously unselected package node-strip-json-comments.
Preparing to unpack .../081-node-strip-json-comments_4.0.0-4_all.deb ...
Unpacking node-strip-json-comments (4.0.0-4) ...
Selecting previously unselected package node-json-schema.
Preparing to unpack .../082-node-json-schema_0.4.0+~7.0.11-1_all.deb ...
Unpacking node-json-schema (0.4.0+~7.0.11-1) ...
Selecting previously unselected package node-v8-compile-cache.
Preparing to unpack .../083-node-v8-compile-cache_2.3.0-3+deb12u1_all.deb ...
Unpacking node-v8-compile-cache (2.3.0-3+deb12u1) ...
Selecting previously unselected package eslint.
Preparing to unpack .../084-eslint_6.4.0~dfsg+~6.1.9-7_all.deb ...
Unpacking eslint (6.4.0~dfsg+~6.1.9-7) ...
Selecting previously unselected package libaom3:amd64.
Preparing to unpack .../085-libaom3_3.6.0-1+deb12u2_amd64.deb ...
Unpacking libaom3:amd64 (3.6.0-1+deb12u2) ...
Selecting previously unselected package libdrm-common.
Preparing to unpack .../086-libdrm-common_2.4.114-1_all.deb ...
Unpacking libdrm-common (2.4.114-1) ...
Selecting previously unselected package libdrm2:amd64.
Preparing to unpack .../087-libdrm2_2.4.114-1+b1_amd64.deb ...
Unpacking libdrm2:amd64 (2.4.114-1+b1) ...
Selecting previously unselected package libva2:amd64.
Preparing to unpack .../088-libva2_2.17.0-1_amd64.deb ...
Unpacking libva2:amd64 (2.17.0-1) ...
Selecting previously unselected package libmfx1:amd64.
Preparing to unpack .../089-libmfx1_22.5.4-1_amd64.deb ...
Unpacking libmfx1:amd64 (22.5.4-1) ...
Selecting previously unselected package libva-drm2:amd64.
Preparing to unpack .../090-libva-drm2_2.17.0-1_amd64.deb ...
Unpacking libva-drm2:amd64 (2.17.0-1) ...
Selecting previously unselected package libxau6:amd64.
Preparing to unpack .../091-libxau6_1%3a1.0.9-1_amd64.deb ...
Unpacking libxau6:amd64 (1:1.0.9-1) ...
Selecting previously unselected package libxdmcp6:amd64.
Preparing to unpack .../092-libxdmcp6_1%3a1.1.2-3_amd64.deb ...
Unpacking libxdmcp6:amd64 (1:1.1.2-3) ...
Selecting previously unselected package libxcb1:amd64.
Preparing to unpack .../093-libxcb1_1.15-1_amd64.deb ...
Unpacking libxcb1:amd64 (1.15-1) ...
Selecting previously unselected package libx11-data.
Preparing to unpack .../094-libx11-data_2%3a1.8.4-2+deb12u2_all.deb ...
Unpacking libx11-data (2:1.8.4-2+deb12u2) ...
Selecting previously unselected package libx11-6:amd64.
Preparing to unpack .../095-libx11-6_2%3a1.8.4-2+deb12u2_amd64.deb ...
Unpacking libx11-6:amd64 (2:1.8.4-2+deb12u2) ...
Selecting previously unselected package libx11-xcb1:amd64.
Preparing to unpack .../096-libx11-xcb1_2%3a1.8.4-2+deb12u2_amd64.deb ...
Unpacking libx11-xcb1:amd64 (2:1.8.4-2+deb12u2) ...
Selecting previously unselected package libxcb-dri3-0:amd64.
Preparing to unpack .../097-libxcb-dri3-0_1.15-1_amd64.deb ...
Unpacking libxcb-dri3-0:amd64 (1.15-1) ...
Selecting previously unselected package libxext6:amd64.
Preparing to unpack .../098-libxext6_2%3a1.3.4-1+b1_amd64.deb ...
Unpacking libxext6:amd64 (2:1.3.4-1+b1) ...
Selecting previously unselected package libxfixes3:amd64.
Preparing to unpack .../099-libxfixes3_1%3a6.0.0-2_amd64.deb ...
Unpacking libxfixes3:amd64 (1:6.0.0-2) ...
Selecting previously unselected package libva-x11-2:amd64.
Preparing to unpack .../100-libva-x11-2_2.17.0-1_amd64.deb ...
Unpacking libva-x11-2:amd64 (2.17.0-1) ...
Selecting previously unselected package libvdpau1:amd64.
Preparing to unpack .../101-libvdpau1_1.5-2_amd64.deb ...
Unpacking libvdpau1:amd64 (1.5-2) ...
Selecting previously unselected package ocl-icd-libopencl1:amd64.
Preparing to unpack .../102-ocl-icd-libopencl1_2.3.1-1_amd64.deb ...
Unpacking ocl-icd-libopencl1:amd64 (2.3.1-1) ...
Selecting previously unselected package libavutil57:amd64.
Preparing to unpack .../103-libavutil57_7%3a5.1.9-0+deb12u1_amd64.deb ...
Unpacking libavutil57:amd64 (7:5.1.9-0+deb12u1) ...
Selecting previously unselected package libpng16-16:amd64.
Preparing to unpack .../104-libpng16-16_1.6.39-2+deb12u5_amd64.deb ...
Unpacking libpng16-16:amd64 (1.6.39-2+deb12u5) ...
Selecting previously unselected package libfreetype6:amd64.
Preparing to unpack .../105-libfreetype6_2.12.1+dfsg-5+deb12u4_amd64.deb ...
Unpacking libfreetype6:amd64 (2.12.1+dfsg-5+deb12u4) ...
Selecting previously unselected package fonts-dejavu-core.
Preparing to unpack .../106-fonts-dejavu-core_2.37-6_all.deb ...
Unpacking fonts-dejavu-core (2.37-6) ...
Selecting previously unselected package fonts-liberation.
Preparing to unpack .../107-fonts-liberation_1%3a1.07.4-11_all.deb ...
Unpacking fonts-liberation (1:1.07.4-11) ...
Selecting previously unselected package fontconfig-config.
Preparing to unpack .../108-fontconfig-config_2.14.1-4_amd64.deb ...
Unpacking fontconfig-config (2.14.1-4) ...
Selecting previously unselected package libfontconfig1:amd64.
Preparing to unpack .../109-libfontconfig1_2.14.1-4_amd64.deb ...
Unpacking libfontconfig1:amd64 (2.14.1-4) ...
Selecting previously unselected package libpixman-1-0:amd64.
Preparing to unpack .../110-libpixman-1-0_0.42.2-1_amd64.deb ...
Unpacking libpixman-1-0:amd64 (0.42.2-1) ...
Selecting previously unselected package libxcb-render0:amd64.
Preparing to unpack .../111-libxcb-render0_1.15-1_amd64.deb ...
Unpacking libxcb-render0:amd64 (1.15-1) ...
Selecting previously unselected package libxcb-shm0:amd64.
Preparing to unpack .../112-libxcb-shm0_1.15-1_amd64.deb ...
Unpacking libxcb-shm0:amd64 (1.15-1) ...
Selecting previously unselected package libxrender1:amd64.
Preparing to unpack .../113-libxrender1_1%3a0.9.10-1.1_amd64.deb ...
Unpacking libxrender1:amd64 (1:0.9.10-1.1) ...
Selecting previously unselected package libcairo2:amd64.
Preparing to unpack .../114-libcairo2_1.16.0-7_amd64.deb ...
Unpacking libcairo2:amd64 (1.16.0-7) ...
Selecting previously unselected package libcodec2-1.0:amd64.
Preparing to unpack .../115-libcodec2-1.0_1.0.5-1_amd64.deb ...
Unpacking libcodec2-1.0:amd64 (1.0.5-1) ...
Selecting previously unselected package libdav1d6:amd64.
Preparing to unpack .../116-libdav1d6_1.0.0-2+deb12u1_amd64.deb ...
Unpacking libdav1d6:amd64 (1.0.0-2+deb12u1) ...
Selecting previously unselected package libglib2.0-0:amd64.
Preparing to unpack .../117-libglib2.0-0_2.74.6-2+deb12u9_amd64.deb ...
Unpacking libglib2.0-0:amd64 (2.74.6-2+deb12u9) ...
Selecting previously unselected package libgsm1:amd64.
Preparing to unpack .../118-libgsm1_1.0.22-1_amd64.deb ...
Unpacking libgsm1:amd64 (1.0.22-1) ...
Selecting previously unselected package libhwy1:amd64.
Preparing to unpack .../119-libhwy1_1.0.3-3+deb12u1_amd64.deb ...
Unpacking libhwy1:amd64 (1.0.3-3+deb12u1) ...
Selecting previously unselected package liblcms2-2:amd64.
Preparing to unpack .../120-liblcms2-2_2.14-2+deb12u1_amd64.deb ...
Unpacking liblcms2-2:amd64 (2.14-2+deb12u1) ...
Selecting previously unselected package libjxl0.7:amd64.
Preparing to unpack .../121-libjxl0.7_0.7.0-10+deb12u1_amd64.deb ...
Unpacking libjxl0.7:amd64 (0.7.0-10+deb12u1) ...
Selecting previously unselected package libmp3lame0:amd64.
Preparing to unpack .../122-libmp3lame0_3.100-6_amd64.deb ...
Unpacking libmp3lame0:amd64 (3.100-6) ...
Selecting previously unselected package libopenjp2-7:amd64.
Preparing to unpack .../123-libopenjp2-7_2.5.0-2+deb12u3_amd64.deb ...
Unpacking libopenjp2-7:amd64 (2.5.0-2+deb12u3) ...
Selecting previously unselected package libopus0:amd64.
Preparing to unpack .../124-libopus0_1.3.1-3_amd64.deb ...
Unpacking libopus0:amd64 (1.3.1-3) ...
Selecting previously unselected package librav1e0:amd64.
Preparing to unpack .../125-librav1e0_0.5.1-6_amd64.deb ...
Unpacking librav1e0:amd64 (0.5.1-6) ...
Selecting previously unselected package libcairo-gobject2:amd64.
Preparing to unpack .../126-libcairo-gobject2_1.16.0-7_amd64.deb ...
Unpacking libcairo-gobject2:amd64 (1.16.0-7) ...
Selecting previously unselected package libgdk-pixbuf2.0-common.
Preparing to unpack .../127-libgdk-pixbuf2.0-common_2.42.10+dfsg-1+deb12u4_all.deb ...
Unpacking libgdk-pixbuf2.0-common (2.42.10+dfsg-1+deb12u4) ...
Selecting previously unselected package libxml2:amd64.
Preparing to unpack .../128-libxml2_2.9.14+dfsg-1.3~deb12u6_amd64.deb ...
Unpacking libxml2:amd64 (2.9.14+dfsg-1.3~deb12u6) ...
Selecting previously unselected package shared-mime-info.
Preparing to unpack .../129-shared-mime-info_2.2-1_amd64.deb ...
Unpacking shared-mime-info (2.2-1) ...
Selecting previously unselected package libjpeg62-turbo:amd64.
Preparing to unpack .../130-libjpeg62-turbo_1%3a2.1.5-2_amd64.deb ...
Unpacking libjpeg62-turbo:amd64 (1:2.1.5-2) ...
Selecting previously unselected package libdeflate0:amd64.
Preparing to unpack .../131-libdeflate0_1.14-1_amd64.deb ...
Unpacking libdeflate0:amd64 (1.14-1) ...
Selecting previously unselected package libjbig0:amd64.
Preparing to unpack .../132-libjbig0_2.1-6.1_amd64.deb ...
Unpacking libjbig0:amd64 (2.1-6.1) ...
Selecting previously unselected package liblerc4:amd64.
Preparing to unpack .../133-liblerc4_4.0.0+ds-2_amd64.deb ...
Unpacking liblerc4:amd64 (4.0.0+ds-2) ...
Selecting previously unselected package libwebp7:amd64.
Preparing to unpack .../134-libwebp7_1.2.4-0.2+deb12u1_amd64.deb ...
Unpacking libwebp7:amd64 (1.2.4-0.2+deb12u1) ...
Selecting previously unselected package libtiff6:amd64.
Preparing to unpack .../135-libtiff6_4.5.0-6+deb12u4_amd64.deb ...
Unpacking libtiff6:amd64 (4.5.0-6+deb12u4) ...
Selecting previously unselected package libgdk-pixbuf-2.0-0:amd64.
Preparing to unpack .../136-libgdk-pixbuf-2.0-0_2.42.10+dfsg-1+deb12u4_amd64.deb ...
Unpacking libgdk-pixbuf-2.0-0:amd64 (2.42.10+dfsg-1+deb12u4) ...
Selecting previously unselected package fontconfig.
Preparing to unpack .../137-fontconfig_2.14.1-4_amd64.deb ...
Unpacking fontconfig (2.14.1-4) ...
Selecting previously unselected package libfribidi0:amd64.
Preparing to unpack .../138-libfribidi0_1.0.8-2.1_amd64.deb ...
Unpacking libfribidi0:amd64 (1.0.8-2.1) ...
Selecting previously unselected package libgraphite2-3:amd64.
Preparing to unpack .../139-libgraphite2-3_1.3.14-1+deb12u1_amd64.deb ...
Unpacking libgraphite2-3:amd64 (1.3.14-1+deb12u1) ...
Selecting previously unselected package libharfbuzz0b:amd64.
Preparing to unpack .../140-libharfbuzz0b_6.0.0+dfsg-3_amd64.deb ...
Unpacking libharfbuzz0b:amd64 (6.0.0+dfsg-3) ...
Selecting previously unselected package libthai-data.
Preparing to unpack .../141-libthai-data_0.1.29-1_all.deb ...
Unpacking libthai-data (0.1.29-1) ...
Selecting previously unselected package libdatrie1:amd64.
Preparing to unpack .../142-libdatrie1_0.2.13-2+b1_amd64.deb ...
Unpacking libdatrie1:amd64 (0.2.13-2+b1) ...
Selecting previously unselected package libthai0:amd64.
Preparing to unpack .../143-libthai0_0.1.29-1_amd64.deb ...
Unpacking libthai0:amd64 (0.1.29-1) ...
Selecting previously unselected package libpango-1.0-0:amd64.
Preparing to unpack .../144-libpango-1.0-0_1.50.12+ds-1_amd64.deb ...
Unpacking libpango-1.0-0:amd64 (1.50.12+ds-1) ...
Selecting previously unselected package libpangoft2-1.0-0:amd64.
Preparing to unpack .../145-libpangoft2-1.0-0_1.50.12+ds-1_amd64.deb ...
Unpacking libpangoft2-1.0-0:amd64 (1.50.12+ds-1) ...
Selecting previously unselected package libpangocairo-1.0-0:amd64.
Preparing to unpack .../146-libpangocairo-1.0-0_1.50.12+ds-1_amd64.deb ...
Unpacking libpangocairo-1.0-0:amd64 (1.50.12+ds-1) ...
Selecting previously unselected package librsvg2-2:amd64.
Preparing to unpack .../147-librsvg2-2_2.54.7+dfsg-1~deb12u1_amd64.deb ...
Unpacking librsvg2-2:amd64 (2.54.7+dfsg-1~deb12u1) ...
Selecting previously unselected package libshine3:amd64.
Preparing to unpack .../148-libshine3_3.1.1-2_amd64.deb ...
Unpacking libshine3:amd64 (3.1.1-2) ...
Selecting previously unselected package libsnappy1v5:amd64.
Preparing to unpack .../149-libsnappy1v5_1.1.9-3_amd64.deb ...
Unpacking libsnappy1v5:amd64 (1.1.9-3) ...
Selecting previously unselected package libspeex1:amd64.
Preparing to unpack .../150-libspeex1_1.2.1-2_amd64.deb ...
Unpacking libspeex1:amd64 (1.2.1-2) ...
Selecting previously unselected package libsvtav1enc1:amd64.
Preparing to unpack .../151-libsvtav1enc1_1.4.1+dfsg-1_amd64.deb ...
Unpacking libsvtav1enc1:amd64 (1.4.1+dfsg-1) ...
Selecting previously unselected package libgomp1:amd64.
Preparing to unpack .../152-libgomp1_12.2.0-14+deb12u1_amd64.deb ...
Unpacking libgomp1:amd64 (12.2.0-14+deb12u1) ...
Selecting previously unselected package libsoxr0:amd64.
Preparing to unpack .../153-libsoxr0_0.1.3-4_amd64.deb ...
Unpacking libsoxr0:amd64 (0.1.3-4) ...
Selecting previously unselected package libswresample4:amd64.
Preparing to unpack .../154-libswresample4_7%3a5.1.9-0+deb12u1_amd64.deb ...
Unpacking libswresample4:amd64 (7:5.1.9-0+deb12u1) ...
Selecting previously unselected package libogg0:amd64.
Preparing to unpack .../155-libogg0_1.3.5-3_amd64.deb ...
Unpacking libogg0:amd64 (1.3.5-3) ...
Selecting previously unselected package libtheora0:amd64.
Preparing to unpack .../156-libtheora0_1.1.1+dfsg.1-16.1+deb12u1_amd64.deb ...
Unpacking libtheora0:amd64 (1.1.1+dfsg.1-16.1+deb12u1) ...
Selecting previously unselected package libtwolame0:amd64.
Preparing to unpack .../157-libtwolame0_0.4.0-2_amd64.deb ...
Unpacking libtwolame0:amd64 (0.4.0-2) ...
Selecting previously unselected package libvorbis0a:amd64.
Preparing to unpack .../158-libvorbis0a_1.3.7-1_amd64.deb ...
Unpacking libvorbis0a:amd64 (1.3.7-1) ...
Selecting previously unselected package libvorbisenc2:amd64.
Preparing to unpack .../159-libvorbisenc2_1.3.7-1_amd64.deb ...
Unpacking libvorbisenc2:amd64 (1.3.7-1) ...
Selecting previously unselected package libvpx7:amd64.
Preparing to unpack .../160-libvpx7_1.12.0-1+deb12u5_amd64.deb ...
Unpacking libvpx7:amd64 (1.12.0-1+deb12u5) ...
Selecting previously unselected package libwebpmux3:amd64.
Preparing to unpack .../161-libwebpmux3_1.2.4-0.2+deb12u1_amd64.deb ...
Unpacking libwebpmux3:amd64 (1.2.4-0.2+deb12u1) ...
Selecting previously unselected package libx264-164:amd64.
Preparing to unpack .../162-libx264-164_2%3a0.164.3095+gitbaee400-3_amd64.deb ...
Unpacking libx264-164:amd64 (2:0.164.3095+gitbaee400-3) ...
Selecting previously unselected package libnuma1:amd64.
Preparing to unpack .../163-libnuma1_2.0.16-1_amd64.deb ...
Unpacking libnuma1:amd64 (2.0.16-1) ...
Selecting previously unselected package libx265-199:amd64.
Preparing to unpack .../164-libx265-199_3.5-2+b1_amd64.deb ...
Unpacking libx265-199:amd64 (3.5-2+b1) ...
Selecting previously unselected package libxvidcore4:amd64.
Preparing to unpack .../165-libxvidcore4_2%3a1.3.7-1_amd64.deb ...
Unpacking libxvidcore4:amd64 (2:1.3.7-1) ...
Selecting previously unselected package libzvbi-common.
Preparing to unpack .../166-libzvbi-common_0.2.41-1+deb12u1_all.deb ...
Unpacking libzvbi-common (0.2.41-1+deb12u1) ...
Selecting previously unselected package libzvbi0:amd64.
Preparing to unpack .../167-libzvbi0_0.2.41-1+deb12u1_amd64.deb ...
Unpacking libzvbi0:amd64 (0.2.41-1+deb12u1) ...
Selecting previously unselected package libavcodec59:amd64.
Preparing to unpack .../168-libavcodec59_7%3a5.1.9-0+deb12u1_amd64.deb ...
Unpacking libavcodec59:amd64 (7:5.1.9-0+deb12u1) ...
Selecting previously unselected package libasound2-data.
Preparing to unpack .../169-libasound2-data_1.2.8-1_all.deb ...
Unpacking libasound2-data (1.2.8-1) ...
Selecting previously unselected package libasound2:amd64.
Preparing to unpack .../170-libasound2_1.2.8-1+b1_amd64.deb ...
Unpacking libasound2:amd64 (1.2.8-1+b1) ...
Selecting previously unselected package libraw1394-11:amd64.
Preparing to unpack .../171-libraw1394-11_2.1.2-2_amd64.deb ...
Unpacking libraw1394-11:amd64 (2.1.2-2) ...
Selecting previously unselected package libavc1394-0:amd64.
Preparing to unpack .../172-libavc1394-0_0.5.4-5_amd64.deb ...
Unpacking libavc1394-0:amd64 (0.5.4-5) ...
Selecting previously unselected package libass9:amd64.
Preparing to unpack .../173-libass9_1%3a0.17.1-1_amd64.deb ...
Unpacking libass9:amd64 (1:0.17.1-1) ...
Selecting previously unselected package libudfread0:amd64.
Preparing to unpack .../174-libudfread0_1.1.2-1_amd64.deb ...
Unpacking libudfread0:amd64 (1.1.2-1) ...
Selecting previously unselected package libbluray2:amd64.
Preparing to unpack .../175-libbluray2_1%3a1.3.4-1_amd64.deb ...
Unpacking libbluray2:amd64 (1:1.3.4-1) ...
Selecting previously unselected package libchromaprint1:amd64.
Preparing to unpack .../176-libchromaprint1_1.5.1-2+b1_amd64.deb ...
Unpacking libchromaprint1:amd64 (1.5.1-2+b1) ...
Selecting previously unselected package libgme0:amd64.
Preparing to unpack .../177-libgme0_0.6.3-6_amd64.deb ...
Unpacking libgme0:amd64 (0.6.3-6) ...
Selecting previously unselected package libmpg123-0:amd64.
Preparing to unpack .../178-libmpg123-0_1.31.2-1+deb12u1_amd64.deb ...
Unpacking libmpg123-0:amd64 (1.31.2-1+deb12u1) ...
Selecting previously unselected package libvorbisfile3:amd64.
Preparing to unpack .../179-libvorbisfile3_1.3.7-1_amd64.deb ...
Unpacking libvorbisfile3:amd64 (1.3.7-1) ...
Selecting previously unselected package libopenmpt0:amd64.
Preparing to unpack .../180-libopenmpt0_0.6.9-1_amd64.deb ...
Unpacking libopenmpt0:amd64 (0.6.9-1) ...
Selecting previously unselected package librabbitmq4:amd64.
Preparing to unpack .../181-librabbitmq4_0.11.0-1+deb12u3_amd64.deb ...
Unpacking librabbitmq4:amd64 (0.11.0-1+deb12u3) ...
Selecting previously unselected package libcjson1:amd64.
Preparing to unpack .../182-libcjson1_1.7.15-1+deb12u4_amd64.deb ...
Unpacking libcjson1:amd64 (1.7.15-1+deb12u4) ...
Selecting previously unselected package libmbedcrypto7:amd64.
Preparing to unpack .../183-libmbedcrypto7_2.28.3-1_amd64.deb ...
Unpacking libmbedcrypto7:amd64 (2.28.3-1) ...
Selecting previously unselected package librist4:amd64.
Preparing to unpack .../184-librist4_0.2.7+dfsg-1_amd64.deb ...
Unpacking librist4:amd64 (0.2.7+dfsg-1) ...
Selecting previously unselected package libsrt1.5-gnutls:amd64.
Preparing to unpack .../185-libsrt1.5-gnutls_1.5.1-1+deb12u1_amd64.deb ...
Unpacking libsrt1.5-gnutls:amd64 (1.5.1-1+deb12u1) ...
Selecting previously unselected package libssh-gcrypt-4:amd64.
Preparing to unpack .../186-libssh-gcrypt-4_0.10.6-0+deb12u2_amd64.deb ...
Unpacking libssh-gcrypt-4:amd64 (0.10.6-0+deb12u2) ...
Selecting previously unselected package libnorm1:amd64.
Preparing to unpack .../187-libnorm1_1.5.9+dfsg-2_amd64.deb ...
Unpacking libnorm1:amd64 (1.5.9+dfsg-2) ...
Selecting previously unselected package libpgm-5.3-0:amd64.
Preparing to unpack .../188-libpgm-5.3-0_5.3.128~dfsg-2_amd64.deb ...
Unpacking libpgm-5.3-0:amd64 (5.3.128~dfsg-2) ...
Selecting previously unselected package libsodium23:amd64.
Preparing to unpack .../189-libsodium23_1.0.18-1+deb12u1_amd64.deb ...
Unpacking libsodium23:amd64 (1.0.18-1+deb12u1) ...
Selecting previously unselected package libzmq5:amd64.
Preparing to unpack .../190-libzmq5_4.3.4-6_amd64.deb ...
Unpacking libzmq5:amd64 (4.3.4-6) ...
Selecting previously unselected package libavformat59:amd64.
Preparing to unpack .../191-libavformat59_7%3a5.1.9-0+deb12u1_amd64.deb ...
Unpacking libavformat59:amd64 (7:5.1.9-0+deb12u1) ...
Selecting previously unselected package libbs2b0:amd64.
Preparing to unpack .../192-libbs2b0_3.1.0+dfsg-7_amd64.deb ...
Unpacking libbs2b0:amd64 (3.1.0+dfsg-7) ...
Selecting previously unselected package libflite1:amd64.
Preparing to unpack .../193-libflite1_2.2-5_amd64.deb ...
Unpacking libflite1:amd64 (2.2-5) ...
Selecting previously unselected package libserd-0-0:amd64.
Preparing to unpack .../194-libserd-0-0_0.30.16-1_amd64.deb ...
Unpacking libserd-0-0:amd64 (0.30.16-1) ...
Selecting previously unselected package libsord-0-0:amd64.
Preparing to unpack .../195-libsord-0-0_0.16.14+git221008-1_amd64.deb ...
Unpacking libsord-0-0:amd64 (0.16.14+git221008-1) ...
Selecting previously unselected package libsratom-0-0:amd64.
Preparing to unpack .../196-libsratom-0-0_0.6.14-1_amd64.deb ...
Unpacking libsratom-0-0:amd64 (0.6.14-1) ...
Selecting previously unselected package liblilv-0-0:amd64.
Preparing to unpack .../197-liblilv-0-0_0.24.14-1_amd64.deb ...
Unpacking liblilv-0-0:amd64 (0.24.14-1) ...
Selecting previously unselected package libmysofa1:amd64.
Preparing to unpack .../198-libmysofa1_1.3.1~dfsg0-1_amd64.deb ...
Unpacking libmysofa1:amd64 (1.3.1~dfsg0-1) ...
Selecting previously unselected package libepoxy0:amd64.
Preparing to unpack .../199-libepoxy0_1.5.10-1_amd64.deb ...
Unpacking libepoxy0:amd64 (1.5.10-1) ...
Selecting previously unselected package libvulkan1:amd64.
Preparing to unpack .../200-libvulkan1_1.3.239.0-1_amd64.deb ...
Unpacking libvulkan1:amd64 (1.3.239.0-1) ...
Selecting previously unselected package libplacebo208:amd64.
Preparing to unpack .../201-libplacebo208_4.208.0-3_amd64.deb ...
Unpacking libplacebo208:amd64 (4.208.0-3) ...
Selecting previously unselected package libblas3:amd64.
Preparing to unpack .../202-libblas3_3.11.0-2_amd64.deb ...
Unpacking libblas3:amd64 (3.11.0-2) ...
Selecting previously unselected package libquadmath0:amd64.
Preparing to unpack .../203-libquadmath0_12.2.0-14+deb12u1_amd64.deb ...
Unpacking libquadmath0:amd64 (12.2.0-14+deb12u1) ...
Selecting previously unselected package libgfortran5:amd64.
Preparing to unpack .../204-libgfortran5_12.2.0-14+deb12u1_amd64.deb ...
Unpacking libgfortran5:amd64 (12.2.0-14+deb12u1) ...
Selecting previously unselected package liblapack3:amd64.
Preparing to unpack .../205-liblapack3_3.11.0-2_amd64.deb ...
Unpacking liblapack3:amd64 (3.11.0-2) ...
Selecting previously unselected package libasyncns0:amd64.
Preparing to unpack .../206-libasyncns0_0.8-6+b3_amd64.deb ...
Unpacking libasyncns0:amd64 (0.8-6+b3) ...
Selecting previously unselected package libdbus-1-3:amd64.
Preparing to unpack .../207-libdbus-1-3_1.14.10-1~deb12u1_amd64.deb ...
Unpacking libdbus-1-3:amd64 (1.14.10-1~deb12u1) ...
Selecting previously unselected package libflac12:amd64.
Preparing to unpack .../208-libflac12_1.4.2+ds-2_amd64.deb ...
Unpacking libflac12:amd64 (1.4.2+ds-2) ...
Selecting previously unselected package libsndfile1:amd64.
Preparing to unpack .../209-libsndfile1_1.2.0-1+deb12u1_amd64.deb ...
Unpacking libsndfile1:amd64 (1.2.0-1+deb12u1) ...
Selecting previously unselected package libpulse0:amd64.
Preparing to unpack .../210-libpulse0_16.1+dfsg1-2+b1_amd64.deb ...
Unpacking libpulse0:amd64 (16.1+dfsg1-2+b1) ...
Selecting previously unselected package libsphinxbase3:amd64.
Preparing to unpack .../211-libsphinxbase3_0.8+5prealpha+1-16_amd64.deb ...
Unpacking libsphinxbase3:amd64 (0.8+5prealpha+1-16) ...
Selecting previously unselected package libpocketsphinx3:amd64.
Preparing to unpack .../212-libpocketsphinx3_0.8+5prealpha+1-15_amd64.deb ...
Unpacking libpocketsphinx3:amd64 (0.8+5prealpha+1-15) ...
Selecting previously unselected package libpostproc56:amd64.
Preparing to unpack .../213-libpostproc56_7%3a5.1.9-0+deb12u1_amd64.deb ...
Unpacking libpostproc56:amd64 (7:5.1.9-0+deb12u1) ...
Selecting previously unselected package librubberband2:amd64.
Preparing to unpack .../214-librubberband2_3.1.2+dfsg0-1_amd64.deb ...
Unpacking librubberband2:amd64 (3.1.2+dfsg0-1) ...
Selecting previously unselected package libswscale6:amd64.
Preparing to unpack .../215-libswscale6_7%3a5.1.9-0+deb12u1_amd64.deb ...
Unpacking libswscale6:amd64 (7:5.1.9-0+deb12u1) ...
Selecting previously unselected package libvidstab1.1:amd64.
Preparing to unpack .../216-libvidstab1.1_1.1.0-2+b1_amd64.deb ...
Unpacking libvidstab1.1:amd64 (1.1.0-2+b1) ...
Selecting previously unselected package libzimg2:amd64.
Preparing to unpack .../217-libzimg2_3.0.4+ds1-1_amd64.deb ...
Unpacking libzimg2:amd64 (3.0.4+ds1-1) ...
Selecting previously unselected package libavfilter8:amd64.
Preparing to unpack .../218-libavfilter8_7%3a5.1.9-0+deb12u1_amd64.deb ...
Unpacking libavfilter8:amd64 (7:5.1.9-0+deb12u1) ...
Selecting previously unselected package libslang2:amd64.
Preparing to unpack .../219-libslang2_2.3.3-3_amd64.deb ...
Unpacking libslang2:amd64 (2.3.3-3) ...
Selecting previously unselected package libcaca0:amd64.
Preparing to unpack .../220-libcaca0_0.99.beta20-3+deb12u1_amd64.deb ...
Unpacking libcaca0:amd64 (0.99.beta20-3+deb12u1) ...
Selecting previously unselected package libcdio19:amd64.
Preparing to unpack .../221-libcdio19_2.1.0-4_amd64.deb ...
Unpacking libcdio19:amd64 (2.1.0-4) ...
Selecting previously unselected package libcdio-cdda2:amd64.
Preparing to unpack .../222-libcdio-cdda2_10.2+2.0.1-1_amd64.deb ...
Unpacking libcdio-cdda2:amd64 (10.2+2.0.1-1) ...
Selecting previously unselected package libcdio-paranoia2:amd64.
Preparing to unpack .../223-libcdio-paranoia2_10.2+2.0.1-1_amd64.deb ...
Unpacking libcdio-paranoia2:amd64 (10.2+2.0.1-1) ...
Selecting previously unselected package libusb-1.0-0:amd64.
Preparing to unpack .../224-libusb-1.0-0_2%3a1.0.26-1_amd64.deb ...
Unpacking libusb-1.0-0:amd64 (2:1.0.26-1) ...
Selecting previously unselected package libdc1394-25:amd64.
Preparing to unpack .../225-libdc1394-25_2.2.6-4_amd64.deb ...
Unpacking libdc1394-25:amd64 (2.2.6-4) ...
Selecting previously unselected package libglvnd0:amd64.
Preparing to unpack .../226-libglvnd0_1.6.0-1_amd64.deb ...
Unpacking libglvnd0:amd64 (1.6.0-1) ...
Selecting previously unselected package libglapi-mesa:amd64.
Preparing to unpack .../227-libglapi-mesa_22.3.6-1+deb12u2_amd64.deb ...
Unpacking libglapi-mesa:amd64 (22.3.6-1+deb12u2) ...
Selecting previously unselected package libxcb-dri2-0:amd64.
Preparing to unpack .../228-libxcb-dri2-0_1.15-1_amd64.deb ...
Unpacking libxcb-dri2-0:amd64 (1.15-1) ...
Selecting previously unselected package libxcb-glx0:amd64.
Preparing to unpack .../229-libxcb-glx0_1.15-1_amd64.deb ...
Unpacking libxcb-glx0:amd64 (1.15-1) ...
Selecting previously unselected package libxcb-present0:amd64.
Preparing to unpack .../230-libxcb-present0_1.15-1_amd64.deb ...
Unpacking libxcb-present0:amd64 (1.15-1) ...
Selecting previously unselected package libxcb-randr0:amd64.
Preparing to unpack .../231-libxcb-randr0_1.15-1_amd64.deb ...
Unpacking libxcb-randr0:amd64 (1.15-1) ...
Selecting previously unselected package libxcb-sync1:amd64.
Preparing to unpack .../232-libxcb-sync1_1.15-1_amd64.deb ...
Unpacking libxcb-sync1:amd64 (1.15-1) ...
Selecting previously unselected package libxcb-xfixes0:amd64.
Preparing to unpack .../233-libxcb-xfixes0_1.15-1_amd64.deb ...
Unpacking libxcb-xfixes0:amd64 (1.15-1) ...
Selecting previously unselected package libxshmfence1:amd64.
Preparing to unpack .../234-libxshmfence1_1.3-1_amd64.deb ...
Unpacking libxshmfence1:amd64 (1.3-1) ...
Selecting previously unselected package libxxf86vm1:amd64.
Preparing to unpack .../235-libxxf86vm1_1%3a1.1.4-1+b2_amd64.deb ...
Unpacking libxxf86vm1:amd64 (1:1.1.4-1+b2) ...
Selecting previously unselected package libdrm-amdgpu1:amd64.
Preparing to unpack .../236-libdrm-amdgpu1_2.4.114-1+b1_amd64.deb ...
Unpacking libdrm-amdgpu1:amd64 (2.4.114-1+b1) ...
Selecting previously unselected package libpciaccess0:amd64.
Preparing to unpack .../237-libpciaccess0_0.17-2_amd64.deb ...
Unpacking libpciaccess0:amd64 (0.17-2) ...
Selecting previously unselected package libdrm-intel1:amd64.
Preparing to unpack .../238-libdrm-intel1_2.4.114-1+b1_amd64.deb ...
Unpacking libdrm-intel1:amd64 (2.4.114-1+b1) ...
Selecting previously unselected package libdrm-nouveau2:amd64.
Preparing to unpack .../239-libdrm-nouveau2_2.4.114-1+b1_amd64.deb ...
Unpacking libdrm-nouveau2:amd64 (2.4.114-1+b1) ...
Selecting previously unselected package libdrm-radeon1:amd64.
Preparing to unpack .../240-libdrm-radeon1_2.4.114-1+b1_amd64.deb ...
Unpacking libdrm-radeon1:amd64 (2.4.114-1+b1) ...
Selecting previously unselected package libelf1:amd64.
Preparing to unpack .../241-libelf1_0.188-2.1_amd64.deb ...
Unpacking libelf1:amd64 (0.188-2.1) ...
Selecting previously unselected package libz3-4:amd64.
Preparing to unpack .../242-libz3-4_4.8.12-3.1_amd64.deb ...
Unpacking libz3-4:amd64 (4.8.12-3.1) ...
Selecting previously unselected package libllvm15:amd64.
Preparing to unpack .../243-libllvm15_1%3a15.0.6-4+b1_amd64.deb ...
Unpacking libllvm15:amd64 (1:15.0.6-4+b1) ...
Selecting previously unselected package libsensors-config.
Preparing to unpack .../244-libsensors-config_1%3a3.6.0-7.1_all.deb ...
Unpacking libsensors-config (1:3.6.0-7.1) ...
Selecting previously unselected package libsensors5:amd64.
Preparing to unpack .../245-libsensors5_1%3a3.6.0-7.1_amd64.deb ...
Unpacking libsensors5:amd64 (1:3.6.0-7.1) ...
Selecting previously unselected package libgl1-mesa-dri:amd64.
Preparing to unpack .../246-libgl1-mesa-dri_22.3.6-1+deb12u2_amd64.deb ...
Unpacking libgl1-mesa-dri:amd64 (22.3.6-1+deb12u2) ...
Selecting previously unselected package libglx-mesa0:amd64.
Preparing to unpack .../247-libglx-mesa0_22.3.6-1+deb12u2_amd64.deb ...
Unpacking libglx-mesa0:amd64 (22.3.6-1+deb12u2) ...
Selecting previously unselected package libglx0:amd64.
Preparing to unpack .../248-libglx0_1.6.0-1_amd64.deb ...
Unpacking libglx0:amd64 (1.6.0-1) ...
Selecting previously unselected package libgl1:amd64.
Preparing to unpack .../249-libgl1_1.6.0-1_amd64.deb ...
Unpacking libgl1:amd64 (1.6.0-1) ...
Selecting previously unselected package libiec61883-0:amd64.
Preparing to unpack .../250-libiec61883-0_1.2.0-6+b1_amd64.deb ...
Unpacking libiec61883-0:amd64 (1.2.0-6+b1) ...
Selecting previously unselected package libsamplerate0:amd64.
Preparing to unpack .../251-libsamplerate0_0.2.2-3_amd64.deb ...
Unpacking libsamplerate0:amd64 (0.2.2-3) ...
Selecting previously unselected package libjack-jackd2-0:amd64.
Preparing to unpack .../252-libjack-jackd2-0_1.9.21~dfsg-3_amd64.deb ...
Unpacking libjack-jackd2-0:amd64 (1.9.21~dfsg-3) ...
Selecting previously unselected package libopenal-data.
Preparing to unpack .../253-libopenal-data_1%3a1.19.1-2_all.deb ...
Unpacking libopenal-data (1:1.19.1-2) ...
Selecting previously unselected package libsndio7.0:amd64.
Preparing to unpack .../254-libsndio7.0_1.9.0-0.3+b2_amd64.deb ...
Unpacking libsndio7.0:amd64 (1.9.0-0.3+b2) ...
Selecting previously unselected package libopenal1:amd64.
Preparing to unpack .../255-libopenal1_1%3a1.19.1-2_amd64.deb ...
Unpacking libopenal1:amd64 (1:1.19.1-2) ...
Selecting previously unselected package libwayland-client0:amd64.
Preparing to unpack .../256-libwayland-client0_1.21.0-1_amd64.deb ...
Unpacking libwayland-client0:amd64 (1.21.0-1) ...
Selecting previously unselected package libdecor-0-0:amd64.
Preparing to unpack .../257-libdecor-0-0_0.1.1-2_amd64.deb ...
Unpacking libdecor-0-0:amd64 (0.1.1-2) ...
Selecting previously unselected package libwayland-server0:amd64.
Preparing to unpack .../258-libwayland-server0_1.21.0-1_amd64.deb ...
Unpacking libwayland-server0:amd64 (1.21.0-1) ...
Selecting previously unselected package libgbm1:amd64.
Preparing to unpack .../259-libgbm1_22.3.6-1+deb12u2_amd64.deb ...
Unpacking libgbm1:amd64 (22.3.6-1+deb12u2) ...
Selecting previously unselected package libwayland-cursor0:amd64.
Preparing to unpack .../260-libwayland-cursor0_1.21.0-1_amd64.deb ...
Unpacking libwayland-cursor0:amd64 (1.21.0-1) ...
Selecting previously unselected package libwayland-egl1:amd64.
Preparing to unpack .../261-libwayland-egl1_1.21.0-1_amd64.deb ...
Unpacking libwayland-egl1:amd64 (1.21.0-1) ...
Selecting previously unselected package libxcursor1:amd64.
Preparing to unpack .../262-libxcursor1_1%3a1.2.1-1_amd64.deb ...
Unpacking libxcursor1:amd64 (1:1.2.1-1) ...
Selecting previously unselected package libxi6:amd64.
Preparing to unpack .../263-libxi6_2%3a1.8-1+b1_amd64.deb ...
Unpacking libxi6:amd64 (2:1.8-1+b1) ...
Selecting previously unselected package xkb-data.
Preparing to unpack .../264-xkb-data_2.35.1-1_all.deb ...
Unpacking xkb-data (2.35.1-1) ...
Selecting previously unselected package libxkbcommon0:amd64.
Preparing to unpack .../265-libxkbcommon0_1.5.0-1_amd64.deb ...
Unpacking libxkbcommon0:amd64 (1.5.0-1) ...
Selecting previously unselected package libxrandr2:amd64.
Preparing to unpack .../266-libxrandr2_2%3a1.5.2-2+b1_amd64.deb ...
Unpacking libxrandr2:amd64 (2:1.5.2-2+b1) ...
Selecting previously unselected package x11-common.
Preparing to unpack .../267-x11-common_1%3a7.7+23_all.deb ...
Unpacking x11-common (1:7.7+23) ...
Selecting previously unselected package libxss1:amd64.
Preparing to unpack .../268-libxss1_1%3a1.2.3-1_amd64.deb ...
Unpacking libxss1:amd64 (1:1.2.3-1) ...
Selecting previously unselected package libsdl2-2.0-0:amd64.
Preparing to unpack .../269-libsdl2-2.0-0_2.26.5+dfsg-1_amd64.deb ...
Unpacking libsdl2-2.0-0:amd64 (2.26.5+dfsg-1) ...
Selecting previously unselected package libxcb-shape0:amd64.
Preparing to unpack .../270-libxcb-shape0_1.15-1_amd64.deb ...
Unpacking libxcb-shape0:amd64 (1.15-1) ...
Selecting previously unselected package libxv1:amd64.
Preparing to unpack .../271-libxv1_2%3a1.0.11-1.1_amd64.deb ...
Unpacking libxv1:amd64 (2:1.0.11-1.1) ...
Selecting previously unselected package libavdevice59:amd64.
Preparing to unpack .../272-libavdevice59_7%3a5.1.9-0+deb12u1_amd64.deb ...
Unpacking libavdevice59:amd64 (7:5.1.9-0+deb12u1) ...
Selecting previously unselected package ffmpeg.
Preparing to unpack .../273-ffmpeg_7%3a5.1.9-0+deb12u1_amd64.deb ...
Unpacking ffmpeg (7:5.1.9-0+deb12u1) ...
Selecting previously unselected package python3-pkg-resources.
Preparing to unpack .../274-python3-pkg-resources_66.1.1-1+deb12u2_all.deb ...
Unpacking python3-pkg-resources (66.1.1-1+deb12u2) ...
Selecting previously unselected package python3-six.
Preparing to unpack .../275-python3-six_1.16.0-4_all.deb ...
Unpacking python3-six (1.16.0-4) ...
Selecting previously unselected package gyp.
Preparing to unpack .../276-gyp_0.1+20220404git9ecf45e-2_all.deb ...
Unpacking gyp (0.1+20220404git9ecf45e-2) ...
Selecting previously unselected package node-neo-async.
Preparing to unpack .../277-node-neo-async_2.6.2+~cs3.0.0-2_all.deb ...
Unpacking node-neo-async (2.6.2+~cs3.0.0-2) ...
Selecting previously unselected package node-arrify.
Preparing to unpack .../278-node-arrify_2.0.1-3_all.deb ...
Unpacking node-arrify (2.0.1-3) ...
Selecting previously unselected package node-is-plain-obj.
Preparing to unpack .../279-node-is-plain-obj_3.0.0-2_all.deb ...
Unpacking node-is-plain-obj (3.0.0-2) ...
Selecting previously unselected package node-is-buffer.
Preparing to unpack .../280-node-is-buffer_2.0.5-2_all.deb ...
Unpacking node-is-buffer (2.0.5-2) ...
Selecting previously unselected package node-kind-of.
Preparing to unpack .../281-node-kind-of_6.0.3+dfsg-2_all.deb ...
Unpacking node-kind-of (6.0.3+dfsg-2) ...
Selecting previously unselected package node-minimist.
Preparing to unpack .../282-node-minimist_1.2.7+~cs5.3.2-2_all.deb ...
Unpacking node-minimist (1.2.7+~cs5.3.2-2) ...
Selecting previously unselected package node-wordwrap.
Preparing to unpack .../283-node-wordwrap_1.0.0-4_all.deb ...
Unpacking node-wordwrap (1.0.0-4) ...
Selecting previously unselected package node-optimist.
Preparing to unpack .../284-node-optimist_0.6.1+~0.0.30-2_all.deb ...
Unpacking node-optimist (0.6.1+~0.0.30-2) ...
Selecting previously unselected package libjs-source-map.
Preparing to unpack .../285-libjs-source-map_0.7.0++dfsg2+really.0.6.1-15_all.deb ...
Unpacking libjs-source-map (0.7.0++dfsg2+really.0.6.1-15) ...
Selecting previously unselected package node-source-map.
Preparing to unpack .../286-node-source-map_0.7.0++dfsg2+really.0.6.1-15_all.deb ...
Unpacking node-source-map (0.7.0++dfsg2+really.0.6.1-15) ...
Selecting previously unselected package handlebars.
Preparing to unpack .../287-handlebars_3%3a4.7.7+~4.1.0-1_all.deb ...
Unpacking handlebars (3:4.7.7+~4.1.0-1) ...
Selecting previously unselected package libjs-async.
Preparing to unpack .../288-libjs-async_0.8.0-6_all.deb ...
Unpacking libjs-async (0.8.0-6) ...
Selecting previously unselected package libjs-events.
Preparing to unpack .../289-libjs-events_3.3.0+~3.0.0-3_all.deb ...
Unpacking libjs-events (3.3.0+~3.0.0-3) ...
Selecting previously unselected package libjs-is-typedarray.
Preparing to unpack .../290-libjs-is-typedarray_1.0.0-4_all.deb ...
Unpacking libjs-is-typedarray (1.0.0-4) ...
Selecting previously unselected package libjs-prettify.
Preparing to unpack .../291-libjs-prettify_2015.12.04+dfsg-1.1_all.deb ...
Unpacking libjs-prettify (2015.12.04+dfsg-1.1) ...
Selecting previously unselected package libjs-sprintf-js.
Preparing to unpack .../292-libjs-sprintf-js_1.1.2+ds1+~1.1.2-1_all.deb ...
Unpacking libjs-sprintf-js (1.1.2+ds1+~1.1.2-1) ...
Selecting previously unselected package libjs-typedarray-to-buffer.
Preparing to unpack .../293-libjs-typedarray-to-buffer_4.0.0-2_all.deb ...
Unpacking libjs-typedarray-to-buffer (4.0.0-2) ...
Selecting previously unselected package node-lodash-packages.
Preparing to unpack .../294-node-lodash-packages_4.17.21+dfsg+~cs8.31.198.20210220-9_all.deb ...
Unpacking node-lodash-packages (4.17.21+dfsg+~cs8.31.198.20210220-9) ...
Selecting previously unselected package node-function-bind.
Preparing to unpack .../295-node-function-bind_1.1.1+repacked+~1.0.3-2_all.deb ...
Unpacking node-function-bind (1.1.1+repacked+~1.0.3-2) ...
Selecting previously unselected package node-object-inspect.
Preparing to unpack .../296-node-object-inspect_1.12.2+~cs1.8.1-1_all.deb ...
Unpacking node-object-inspect (1.12.2+~cs1.8.1-1) ...
Selecting previously unselected package node-es-abstract.
Preparing to unpack .../297-node-es-abstract_1.20.4+~cs26.27.47-1_all.deb ...
Unpacking node-es-abstract (1.20.4+~cs26.27.47-1) ...
Selecting previously unselected package node-resolve.
Preparing to unpack .../298-node-resolve_1.22.1+~cs5.31.10-1_all.deb ...
Unpacking node-resolve (1.22.1+~cs5.31.10-1) ...
Selecting previously unselected package node-define-properties.
Preparing to unpack .../299-node-define-properties_1.1.4+~1.1.3-1_all.deb ...
Unpacking node-define-properties (1.1.4+~1.1.3-1) ...
Selecting previously unselected package node-debbundle-es-to-primitive.
Preparing to unpack .../300-node-debbundle-es-to-primitive_1.2.1+~cs9.7.25-2_all.deb ...
Unpacking node-debbundle-es-to-primitive (1.2.1+~cs9.7.25-2) ...
Selecting previously unselected package node-defined.
Preparing to unpack .../301-node-defined_1.0.1+~1.0.0-1_all.deb ...
Unpacking node-defined (1.0.1+~1.0.0-1) ...
Selecting previously unselected package node-abbrev.
Preparing to unpack .../302-node-abbrev_1.1.1+~1.1.2-1_all.deb ...
Unpacking node-abbrev (1.1.1+~1.1.2-1) ...
Selecting previously unselected package node-archy.
Preparing to unpack .../303-node-archy_1.0.0-6_all.deb ...
Unpacking node-archy (1.0.0-6) ...
Selecting previously unselected package node-async.
Preparing to unpack .../304-node-async_0.8.0-6_all.deb ...
Unpacking node-async (0.8.0-6) ...
Selecting previously unselected package node-convert-source-map.
Preparing to unpack .../305-node-convert-source-map_1.9.0+~1.5.2-1_all.deb ...
Unpacking node-convert-source-map (1.9.0+~1.5.2-1) ...
Selecting previously unselected package node-decamelize.
Preparing to unpack .../306-node-decamelize_4.0.0-2_all.deb ...
Unpacking node-decamelize (4.0.0-2) ...
Selecting previously unselected package node-es6-error.
Preparing to unpack .../307-node-es6-error_4.1.1-5_all.deb ...
Unpacking node-es6-error (4.1.1-5) ...
Selecting previously unselected package node-esprima.
Preparing to unpack .../308-node-esprima_4.0.1+ds+~4.0.3-2_all.deb ...
Unpacking node-esprima (4.0.1+ds+~4.0.3-2) ...
Selecting previously unselected package node-escodegen.
Preparing to unpack .../309-node-escodegen_2.0.0+dfsg+~0.0.7-2_all.deb ...
Unpacking node-escodegen (2.0.0+dfsg+~0.0.7-2) ...
Selecting previously unselected package node-commondir.
Preparing to unpack .../310-node-commondir_1.0.1+~1.0.0-1_all.deb ...
Unpacking node-commondir (1.0.1+~1.0.0-1) ...
Selecting previously unselected package node-is-number.
Preparing to unpack .../311-node-is-number_7.0.0-4_all.deb ...
Unpacking node-is-number (7.0.0-4) ...
Selecting previously unselected package node-repeat-string.
Preparing to unpack .../312-node-repeat-string_1.6.1+repack-1_all.deb ...
Unpacking node-repeat-string (1.6.1+repack-1) ...
Selecting previously unselected package node-to-regex-range.
Preparing to unpack .../313-node-to-regex-range_5.0.1-4_all.deb ...
Unpacking node-to-regex-range (5.0.1-4) ...
Selecting previously unselected package node-fill-range.
Preparing to unpack .../314-node-fill-range_7.0.1+~7.0.0-1_all.deb ...
Unpacking node-fill-range (7.0.1+~7.0.0-1) ...
Selecting previously unselected package node-braces.
Preparing to unpack .../315-node-braces_3.0.2+~3.0.1-1_all.deb ...
Unpacking node-braces (3.0.2+~3.0.1-1) ...
Selecting previously unselected package node-normalize-path.
Preparing to unpack .../316-node-normalize-path_3.0.0+~3.0.0-1_all.deb ...
Unpacking node-normalize-path (3.0.0+~3.0.0-1) ...
Selecting previously unselected package node-anymatch.
Preparing to unpack .../317-node-anymatch_3.1.3+~cs4.6.1-2_all.deb ...
Unpacking node-anymatch (3.1.3+~cs4.6.1-2) ...
Selecting previously unselected package node-micromatch.
Preparing to unpack .../318-node-micromatch_4.0.5+~4.0.2-1_all.deb ...
Unpacking node-micromatch (4.0.5+~4.0.2-1) ...
Selecting previously unselected package node-pify.
Preparing to unpack .../319-node-pify_5.0.0+~cs5.0.1-1_all.deb ...
Unpacking node-pify (5.0.0+~cs5.0.1-1) ...
Selecting previously unselected package node-path-type.
Preparing to unpack .../320-node-path-type_4.0.0-3_all.deb ...
Unpacking node-path-type (4.0.0-3) ...
Selecting previously unselected package node-n3.
Preparing to unpack .../321-node-n3_1.16.3+~1.2.3+~1.10.4-1_all.deb ...
Unpacking node-n3 (1.16.3+~1.2.3+~1.10.4-1) ...
Selecting previously unselected package node-slash.
Preparing to unpack .../322-node-slash_4.0.0-3_all.deb ...
Unpacking node-slash (4.0.0-3) ...
Selecting previously unselected package node-globby.
Preparing to unpack .../323-node-globby_13.1.3+~cs16.25.40-1+deb12u1_all.deb ...
Unpacking node-globby (13.1.3+~cs16.25.40-1+deb12u1) ...
Selecting previously unselected package node-graceful-fs.
Preparing to unpack .../324-node-graceful-fs_4.2.10-1_all.deb ...
Unpacking node-graceful-fs (4.2.10-1) ...
Selecting previously unselected package node-is-path-cwd.
Preparing to unpack .../325-node-is-path-cwd_2.2.0-2_all.deb ...
Unpacking node-is-path-cwd (2.2.0-2) ...
Selecting previously unselected package node-path-is-inside.
Preparing to unpack .../326-node-path-is-inside_1.0.2+~1.0.0-1_all.deb ...
Unpacking node-path-is-inside (1.0.2+~1.0.0-1) ...
Selecting previously unselected package node-is-path-inside.
Preparing to unpack .../327-node-is-path-inside_3.0.3-2_all.deb ...
Unpacking node-is-path-inside (3.0.3-2) ...
Selecting previously unselected package node-escape-string-regexp.
Preparing to unpack .../328-node-escape-string-regexp_4.0.0-2_all.deb ...
Unpacking node-escape-string-regexp (4.0.0-2) ...
Selecting previously unselected package node-indent-string.
Preparing to unpack .../329-node-indent-string_4.0.0-2_all.deb ...
Unpacking node-indent-string (4.0.0-2) ...
Selecting previously unselected package node-p-map.
Preparing to unpack .../330-node-p-map_4.0.0+~3.1.0+~3.0.1-1_all.deb ...
Unpacking node-p-map (4.0.0+~3.1.0+~3.0.1-1) ...
Selecting previously unselected package node-del.
Preparing to unpack .../331-node-del_7.0.0-5_all.deb ...
Unpacking node-del (7.0.0-5) ...
Selecting previously unselected package node-make-dir.
Preparing to unpack .../332-node-make-dir_3.1.0-3_all.deb ...
Unpacking node-make-dir (3.1.0-3) ...
Selecting previously unselected package node-p-limit.
Preparing to unpack .../333-node-p-limit_4.0.0+~cs4.0.0-5_all.deb ...
Unpacking node-p-limit (4.0.0+~cs4.0.0-5) ...
Selecting previously unselected package node-p-locate.
Preparing to unpack .../334-node-p-locate_6.0.0-12_all.deb ...
Unpacking node-p-locate (6.0.0-12) ...
Selecting previously unselected package node-locate-path.
Preparing to unpack .../335-node-locate-path_7.1.1-2_all.deb ...
Unpacking node-locate-path (7.1.1-2) ...
Selecting previously unselected package node-path-exists.
Preparing to unpack .../336-node-path-exists_5.0.0-8_all.deb ...
Unpacking node-path-exists (5.0.0-8) ...
Selecting previously unselected package node-find-up.
Preparing to unpack .../337-node-find-up_6.3.0-7_all.deb ...
Unpacking node-find-up (6.3.0-7) ...
Selecting previously unselected package node-pkg-dir.
Preparing to unpack .../338-node-pkg-dir_5.0.0-2_all.deb ...
Unpacking node-pkg-dir (5.0.0-2) ...
Selecting previously unselected package node-find-cache-dir.
Preparing to unpack .../339-node-find-cache-dir_3.3.2+~3.2.1-1_all.deb ...
Unpacking node-find-cache-dir (3.3.2+~3.2.1-1) ...
Selecting previously unselected package node-signal-exit.
Preparing to unpack .../340-node-signal-exit_3.0.7+~3.0.1-1_all.deb ...
Unpacking node-signal-exit (3.0.7+~3.0.1-1) ...
Selecting previously unselected package node-foreground-child.
Preparing to unpack .../341-node-foreground-child_2.0.0-5_all.deb ...
Unpacking node-foreground-child (2.0.0-5) ...
Selecting previously unselected package node-is-stream.
Preparing to unpack .../342-node-is-stream_3.0.0-4_all.deb ...
Unpacking node-is-stream (3.0.0-4) ...
Selecting previously unselected package node-is-windows.
Preparing to unpack .../343-node-is-windows_1.0.2+~cs1.0.0-1_all.deb ...
Unpacking node-is-windows (1.0.2+~cs1.0.0-1) ...
Selecting previously unselected package node-sprintf-js.
Preparing to unpack .../344-node-sprintf-js_1.1.2+ds1+~1.1.2-1_all.deb ...
Unpacking node-sprintf-js (1.1.2+ds1+~1.1.2-1) ...
Selecting previously unselected package node-argparse.
Preparing to unpack .../345-node-argparse_2.0.1-2_all.deb ...
Unpacking node-argparse (2.0.1-2) ...
Selecting previously unselected package node-js-yaml.
Preparing to unpack .../346-node-js-yaml_4.1.0+dfsg+~4.0.5-7_all.deb ...
Unpacking node-js-yaml (4.1.0+dfsg+~4.0.5-7) ...
Selecting previously unselected package node-nopt.
Preparing to unpack .../347-node-nopt_5.0.0-4_all.deb ...
Unpacking node-nopt (5.0.0-4) ...
Selecting previously unselected package node-npm-run-path.
Preparing to unpack .../348-node-npm-run-path_5.1.0+~4.0.0-8_all.deb ...
Unpacking node-npm-run-path (5.1.0+~4.0.0-8) ...
Selecting previously unselected package node-shebang-regex.
Preparing to unpack .../349-node-shebang-regex_3.0.0-2_all.deb ...
Unpacking node-shebang-regex (3.0.0-2) ...
Selecting previously unselected package node-shebang-command.
Preparing to unpack .../350-node-shebang-command_2.0.0-1_all.deb ...
Unpacking node-shebang-command (2.0.0-1) ...
Selecting previously unselected package node-strip-bom.
Preparing to unpack .../351-node-strip-bom_4.0.0-2_all.deb ...
Unpacking node-strip-bom (4.0.0-2) ...
Selecting previously unselected package node-has-flag.
Preparing to unpack .../352-node-has-flag_4.0.0-3_all.deb ...
Unpacking node-has-flag (4.0.0-3) ...
Selecting previously unselected package node-supports-color.
Preparing to unpack .../353-node-supports-color_8.1.1+~8.1.1-1_all.deb ...
Unpacking node-supports-color (8.1.1+~8.1.1-1) ...
Selecting previously unselected package node-util.
Preparing to unpack .../354-node-util_0.12.5+~1.0.10-1_all.deb ...
Unpacking node-util (0.12.5+~1.0.10-1) ...
Selecting previously unselected package node-assert.
Preparing to unpack .../355-node-assert_2.0.0+~cs3.9.8-2_all.deb ...
Unpacking node-assert (2.0.0+~cs3.9.8-2) ...
Selecting previously unselected package node-ampproject-remapping.
Preparing to unpack .../356-node-ampproject-remapping_2.2.0+~cs5.15.37-1_all.deb ...
Unpacking node-ampproject-remapping (2.2.0+~cs5.15.37-1) ...
Selecting previously unselected package node-babel-plugin-add-module-exports.
Preparing to unpack .../357-node-babel-plugin-add-module-exports_1.0.4+dfsg1~cs5.8.0-4_all.deb ...
Unpacking node-babel-plugin-add-module-exports (1.0.4+dfsg1~cs5.8.0-4) ...
Selecting previously unselected package node-regenerator-runtime.
Preparing to unpack .../358-node-regenerator-runtime_0.15.1+~0.10.8-1_all.deb ...
Unpacking node-regenerator-runtime (0.15.1+~0.10.8-1) ...
Selecting previously unselected package node-babel7-runtime.
Preparing to unpack .../359-node-babel7-runtime_7.20.15+ds1+~cs214.269.168-3+deb12u2_all.deb ...
Unpacking node-babel7-runtime (7.20.15+ds1+~cs214.269.168-3+deb12u2) ...
Selecting previously unselected package node-babel-helper-define-polyfill-provider.
Preparing to unpack .../360-node-babel-helper-define-polyfill-provider_0.3.3~0~20220913+ds1-1_all.deb ...
Unpacking node-babel-helper-define-polyfill-provider (0.3.3~0~20220913+ds1-1) ...
Selecting previously unselected package node-babel-plugin-polyfill-corejs2.
Preparing to unpack .../361-node-babel-plugin-polyfill-corejs2_0.3.3~0~20220913+ds1-1_all.deb ...
Unpacking node-babel-plugin-polyfill-corejs2 (0.3.3~0~20220913+ds1-1) ...
Selecting previously unselected package node-caniuse-lite.
Preparing to unpack .../362-node-caniuse-lite_1.0.30001436+dfsg+~1.0.1-1_all.deb ...
Unpacking node-caniuse-lite (1.0.30001436+dfsg+~1.0.1-1) ...
Selecting previously unselected package node-electron-to-chromium.
Preparing to unpack .../363-node-electron-to-chromium_1.4.284-1_all.deb ...
Unpacking node-electron-to-chromium (1.4.284-1) ...
Selecting previously unselected package node-picocolors.
Preparing to unpack .../364-node-picocolors_1.0.0-4_all.deb ...
Unpacking node-picocolors (1.0.0-4) ...
Selecting previously unselected package node-browserslist.
Preparing to unpack .../365-node-browserslist_4.21.4+~cs6.1.17-2_all.deb ...
Unpacking node-browserslist (4.21.4+~cs6.1.17-2) ...
Selecting previously unselected package node-core-js-compat.
Preparing to unpack .../366-node-core-js-compat_3.26.1-3_all.deb ...
Unpacking node-core-js-compat (3.26.1-3) ...
Selecting previously unselected package node-babel-plugin-polyfill-corejs3.
Preparing to unpack .../367-node-babel-plugin-polyfill-corejs3_0.6.0~0~20220913+ds1-1_all.deb ...
Unpacking node-babel-plugin-polyfill-corejs3 (0.6.0~0~20220913+ds1-1) ...
Selecting previously unselected package node-babel-plugin-polyfill-regenerator.
Preparing to unpack .../368-node-babel-plugin-polyfill-regenerator_0.4.1~0~20220913+ds1-1_all.deb ...
Unpacking node-babel-plugin-polyfill-regenerator (0.4.1~0~20220913+ds1-1) ...
Selecting previously unselected package node-color-name.
Preparing to unpack .../369-node-color-name_1.1.4+~1.1.1-2_all.deb ...
Unpacking node-color-name (1.1.4+~1.1.1-2) ...
Selecting previously unselected package node-color-convert.
Preparing to unpack .../370-node-color-convert_2.0.1+~cs2.0.0-2_all.deb ...
Unpacking node-color-convert (2.0.1+~cs2.0.0-2) ...
Selecting previously unselected package node-ansi-styles.
Preparing to unpack .../371-node-ansi-styles_6.2.1-2_all.deb ...
Unpacking node-ansi-styles (6.2.1-2) ...
Selecting previously unselected package node-chalk.
Preparing to unpack .../372-node-chalk_5.2.0-1_all.deb ...
Unpacking node-chalk (5.2.0-1) ...
Selecting previously unselected package node-for-in.
Preparing to unpack .../373-node-for-in_1.0.2-4_all.deb ...
Unpacking node-for-in (1.0.2-4) ...
Selecting previously unselected package node-for-own.
Preparing to unpack .../374-node-for-own_1.0.0-3_all.deb ...
Unpacking node-for-own (1.0.0-3) ...
Selecting previously unselected package node-is-plain-object.
Preparing to unpack .../375-node-is-plain-object_5.0.0-7_all.deb ...
Unpacking node-is-plain-object (5.0.0-7) ...
Selecting previously unselected package node-is-extendable.
Preparing to unpack .../376-node-is-extendable_1.0.1-3_all.deb ...
Unpacking node-is-extendable (1.0.1-3) ...
Selecting previously unselected package node-clone-deep.
Preparing to unpack .../377-node-clone-deep_4.0.1+~cs7.0.2-1_all.deb ...
Unpacking node-clone-deep (4.0.1+~cs7.0.2-1) ...
Selecting previously unselected package node-commander.
Preparing to unpack .../378-node-commander_9.4.1-1_all.deb ...
Unpacking node-commander (9.4.1-1) ...
Selecting previously unselected package node-core-js.
Preparing to unpack .../379-node-core-js_3.26.1-3_all.deb ...
Unpacking node-core-js (3.26.1-3) ...
Selecting previously unselected package node-core-js-pure.
Preparing to unpack .../380-node-core-js-pure_3.26.1-3_all.deb ...
Unpacking node-core-js-pure (3.26.1-3) ...
Selecting previously unselected package node-fs-readdir-recursive.
Preparing to unpack .../381-node-fs-readdir-recursive_1.1.0+~1.1.0-1_all.deb ...
Unpacking node-fs-readdir-recursive (1.1.0+~1.1.0-1) ...
Selecting previously unselected package node-js-tokens.
Preparing to unpack .../382-node-js-tokens_8.0.0-2_all.deb ...
Unpacking node-js-tokens (8.0.0-2) ...
Selecting previously unselected package node-jsesc.
Preparing to unpack .../383-node-jsesc_3.0.2+~3.0.1-1_all.deb ...
Unpacking node-jsesc (3.0.2+~3.0.1-1) ...
Selecting previously unselected package node-json5.
Preparing to unpack .../384-node-json5_2.2.3+dfsg-1_all.deb ...
Unpacking node-json5 (2.2.3+dfsg-1) ...
Selecting previously unselected package node-quick-lru.
Preparing to unpack .../385-node-quick-lru_6.1.1-4_all.deb ...
Unpacking node-quick-lru (6.1.1-4) ...
Selecting previously unselected package node-regenerator-transform.
Preparing to unpack .../386-node-regenerator-transform_0.15.1+~0.10.8-1_all.deb ...
Unpacking node-regenerator-transform (0.15.1+~0.10.8-1) ...
Selecting previously unselected package node-regjsgen.
Preparing to unpack .../387-node-regjsgen_0.7.1+ds-1_all.deb ...
Unpacking node-regjsgen (0.7.1+ds-1) ...
Selecting previously unselected package node-regjsparser.
Preparing to unpack .../388-node-regjsparser_0.9.1+ds-2_all.deb ...
Unpacking node-regjsparser (0.9.1+ds-2) ...
Selecting previously unselected package node-unicode-canonical-property-names-ecmascript.
Preparing to unpack .../389-node-unicode-canonical-property-names-ecmascript_2.0.0-2_all.deb ...
Unpacking node-unicode-canonical-property-names-ecmascript (2.0.0-2) ...
Selecting previously unselected package node-unicode-property-aliases-ecmascript.
Preparing to unpack .../390-node-unicode-property-aliases-ecmascript_2.1.0+ds-1_all.deb ...
Unpacking node-unicode-property-aliases-ecmascript (2.1.0+ds-1) ...
Selecting previously unselected package node-unicode-match-property-ecmascript.
Preparing to unpack .../391-node-unicode-match-property-ecmascript_2.0.0-2_all.deb ...
Unpacking node-unicode-match-property-ecmascript (2.0.0-2) ...
Selecting previously unselected package node-unicode-match-property-value-ecmascript.
Preparing to unpack .../392-node-unicode-match-property-value-ecmascript_2.1.0+ds-1_all.deb ...
Unpacking node-unicode-match-property-value-ecmascript (2.1.0+ds-1) ...
Selecting previously unselected package node-regexpu-core.
Preparing to unpack .../393-node-regexpu-core_5.2.2-3_all.deb ...
Unpacking node-regexpu-core (5.2.2-3) ...
Selecting previously unselected package node-source-map-support.
Preparing to unpack .../394-node-source-map-support_0.5.21+ds+~0.5.4-1_all.deb ...
Unpacking node-source-map-support (0.5.21+ds+~0.5.4-1) ...
Selecting previously unselected package node-to-fast-properties.
Preparing to unpack .../395-node-to-fast-properties_3.0.1-3_all.deb ...
Unpacking node-to-fast-properties (3.0.1-3) ...
Selecting previously unselected package node-v8flags.
Preparing to unpack .../396-node-v8flags_3.2.0+~3.1.1-1_all.deb ...
Unpacking node-v8flags (3.2.0+~3.1.1-1) ...
Selecting previously unselected package node-babel7.
Preparing to unpack .../397-node-babel7_7.20.15+ds1+~cs214.269.168-3+deb12u2_all.deb ...
Unpacking node-babel7 (7.20.15+ds1+~cs214.269.168-3+deb12u2) ...
Selecting previously unselected package node-is-arrayish.
Preparing to unpack .../398-node-is-arrayish_0.3.2-3_all.deb ...
Unpacking node-is-arrayish (0.3.2-3) ...
Selecting previously unselected package node-error-ex.
Preparing to unpack .../399-node-error-ex_1.3.2-4_all.deb ...
Unpacking node-error-ex (1.3.2-4) ...
Selecting previously unselected package node-json-parse-better-errors.
Preparing to unpack .../400-node-json-parse-better-errors_1.0.2+~cs3.3.1-2_all.deb ...
Unpacking node-json-parse-better-errors (1.0.2+~cs3.3.1-2) ...
Selecting previously unselected package node-parse-json.
Preparing to unpack .../401-node-parse-json_5.2.0+~cs5.1.7-1_all.deb ...
Unpacking node-parse-json (5.2.0+~cs5.1.7-1) ...
Selecting previously unselected package node-hosted-git-info.
Preparing to unpack .../402-node-hosted-git-info_6.1.1-2_all.deb ...
Unpacking node-hosted-git-info (6.1.1-2) ...
Selecting previously unselected package node-spdx-license-ids.
Preparing to unpack .../403-node-spdx-license-ids_3.0.12-1_all.deb ...
Unpacking node-spdx-license-ids (3.0.12-1) ...
Selecting previously unselected package node-spdx-exceptions.
Preparing to unpack .../404-node-spdx-exceptions_2.3.0-2_all.deb ...
Unpacking node-spdx-exceptions (2.3.0-2) ...
Selecting previously unselected package node-spdx-expression-parse.
Preparing to unpack .../405-node-spdx-expression-parse_3.0.1+~3.0.1-1_all.deb ...
Unpacking node-spdx-expression-parse (3.0.1+~3.0.1-1) ...
Selecting previously unselected package node-spdx-correct.
Preparing to unpack .../406-node-spdx-correct_3.1.1-2_all.deb ...
Unpacking node-spdx-correct (3.1.1-2) ...
Selecting previously unselected package node-validate-npm-package-license.
Preparing to unpack .../407-node-validate-npm-package-license_3.0.4-2_all.deb ...
Unpacking node-validate-npm-package-license (3.0.4-2) ...
Selecting previously unselected package node-normalize-package-data.
Preparing to unpack .../408-node-normalize-package-data_4.0.1+~2.4.1-1_all.deb ...
Unpacking node-normalize-package-data (4.0.1+~2.4.1-1) ...
Selecting previously unselected package node-read-pkg.
Preparing to unpack .../409-node-read-pkg_5.2.0-2_all.deb ...
Unpacking node-read-pkg (5.2.0-2) ...
Selecting previously unselected package node-uuid.
Preparing to unpack .../410-node-uuid_8.3.2+~8.3.3-3_all.deb ...
Unpacking node-uuid (8.3.2+~8.3.3-3) ...
Selecting previously unselected package node-isexe.
Preparing to unpack .../411-node-isexe_2.0.0+~2.0.1-5_all.deb ...
Unpacking node-isexe (2.0.0+~2.0.1-5) ...
Selecting previously unselected package node-which.
Preparing to unpack .../412-node-which_2.0.2+~cs1.3.2-3_all.deb ...
Unpacking node-which (2.0.2+~cs1.3.2-3) ...
Selecting previously unselected package node-is-typedarray.
Preparing to unpack .../413-node-is-typedarray_1.0.0-4_all.deb ...
Unpacking node-is-typedarray (1.0.0-4) ...
Selecting previously unselected package node-typedarray-to-buffer.
Preparing to unpack .../414-node-typedarray-to-buffer_4.0.0-2_all.deb ...
Unpacking node-typedarray-to-buffer (4.0.0-2) ...
Selecting previously unselected package node-write-file-atomic.
Preparing to unpack .../415-node-write-file-atomic_4.0.2+~4.0.0-1_all.deb ...
Unpacking node-write-file-atomic (4.0.2+~4.0.0-1) ...
Selecting previously unselected package node-slice-ansi.
Preparing to unpack .../416-node-slice-ansi_5.0.0+~cs9.0.0-5_all.deb ...
Unpacking node-slice-ansi (5.0.0+~cs9.0.0-5) ...
Selecting previously unselected package node-ansi-regex.
Preparing to unpack .../417-node-ansi-regex_5.0.1-1_all.deb ...
Unpacking node-ansi-regex (5.0.1-1) ...
Selecting previously unselected package node-strip-ansi.
Preparing to unpack .../418-node-strip-ansi_6.0.1-2_all.deb ...
Unpacking node-strip-ansi (6.0.1-2) ...
Selecting previously unselected package node-clone.
Preparing to unpack .../419-node-clone_2.1.2-4_all.deb ...
Unpacking node-clone (2.1.2-4) ...
Selecting previously unselected package node-defaults.
Preparing to unpack .../420-node-defaults_1.0.4+~1.0.3-1_all.deb ...
Unpacking node-defaults (1.0.4+~1.0.3-1) ...
Selecting previously unselected package node-wcwidth.js.
Preparing to unpack .../421-node-wcwidth.js_1.0.2-2_all.deb ...
Unpacking node-wcwidth.js (1.0.2-2) ...
Selecting previously unselected package node-string-width.
Preparing to unpack .../422-node-string-width_4.2.3+~cs13.2.3-1_all.deb ...
Unpacking node-string-width (4.2.3+~cs13.2.3-1) ...
Selecting previously unselected package node-wrap-ansi.
Preparing to unpack .../423-node-wrap-ansi_8.0.1+~8.0.1-3_all.deb ...
Unpacking node-wrap-ansi (8.0.1+~8.0.1-3) ...
Selecting previously unselected package node-cliui.
Preparing to unpack .../424-node-cliui_7.0.4+repack+~cs3.1.0-4_all.deb ...
Unpacking node-cliui (7.0.4+repack+~cs3.1.0-4) ...
Selecting previously unselected package node-get-caller-file.
Preparing to unpack .../425-node-get-caller-file_2.0.5+~cs1.1.1-4_all.deb ...
Unpacking node-get-caller-file (2.0.5+~cs1.1.1-4) ...
Selecting previously unselected package node-require-directory.
Preparing to unpack .../426-node-require-directory_2.1.1+~2.1.2-1_all.deb ...
Unpacking node-require-directory (2.1.1+~2.1.2-1) ...
Selecting previously unselected package node-y18n.
Preparing to unpack .../427-node-y18n_5.0.8+~5.0.0-3_all.deb ...
Unpacking node-y18n (5.0.8+~5.0.0-3) ...
Selecting previously unselected package node-camelcase.
Preparing to unpack .../428-node-camelcase_7.0.0-3_all.deb ...
Unpacking node-camelcase (7.0.0-3) ...
Selecting previously unselected package node-yargs-parser.
Preparing to unpack .../429-node-yargs-parser_21.1.1+~21.0.0-4_all.deb ...
Unpacking node-yargs-parser (21.1.1+~21.0.0-4) ...
Selecting previously unselected package node-yargs.
Preparing to unpack .../430-node-yargs_16.2.0+~16.0.4-7_all.deb ...
Unpacking node-yargs (16.2.0+~16.0.4-7) ...
Selecting previously unselected package node-istanbul.
Preparing to unpack .../431-node-istanbul_0.4.5+repack10+~cs97.25.57-3_all.deb ...
Unpacking node-istanbul (0.4.5+repack10+~cs97.25.57-3) ...
Selecting previously unselected package node-through.
Preparing to unpack .../432-node-through_2.3.8+~cs0.0.30-1_all.deb ...
Unpacking node-through (2.3.8+~cs0.0.30-1) ...
Selecting previously unselected package node-resumer.
Preparing to unpack .../433-node-resumer_0.0.0-6_all.deb ...
Unpacking node-resumer (0.0.0-6) ...
Selecting previously unselected package node-tape.
Preparing to unpack .../434-node-tape_5.6.1+~cs8.20.19-1_all.deb ...
Unpacking node-tape (5.6.1+~cs8.20.19-1) ...
Selecting previously unselected package node-deep-equal.
Preparing to unpack .../435-node-deep-equal_2.1.0+~cs31.12.80-1_all.deb ...
Unpacking node-deep-equal (2.1.0+~cs31.12.80-1) ...
Selecting previously unselected package libjs-util.
Preparing to unpack .../436-libjs-util_0.12.5+~1.0.10-1_all.deb ...
Unpacking libjs-util (0.12.5+~1.0.10-1) ...
Selecting previously unselected package libssl-dev:amd64.
Preparing to unpack .../437-libssl-dev_3.0.20-1~deb12u2_amd64.deb ...
Unpacking libssl-dev:amd64 (3.0.20-1~deb12u2) ...
Selecting previously unselected package libuv1-dev:amd64.
Preparing to unpack .../438-libuv1-dev_1.44.2-1+deb12u1_amd64.deb ...
Unpacking libuv1-dev:amd64 (1.44.2-1+deb12u1) ...
Selecting previously unselected package libnode-dev.
Preparing to unpack .../439-libnode-dev_18.20.4+dfsg-1~deb12u2_amd64.deb ...
Unpacking libnode-dev (18.20.4+dfsg-1~deb12u2) ...
Selecting previously unselected package node-agent-base.
Preparing to unpack .../440-node-agent-base_6.0.2+~cs5.4.2-2_all.deb ...
Unpacking node-agent-base (6.0.2+~cs5.4.2-2) ...
Selecting previously unselected package node-ajv-keywords.
Preparing to unpack .../441-node-ajv-keywords_3.5.2-2_all.deb ...
Unpacking node-ajv-keywords (3.5.2-2) ...
Selecting previously unselected package node-ansi-escapes.
Preparing to unpack .../442-node-ansi-escapes_5.0.0+really.4.3.1-1_all.deb ...
Unpacking node-ansi-escapes (5.0.0+really.4.3.1-1) ...
Selecting previously unselected package node-aproba.
Preparing to unpack .../443-node-aproba_2.0.0-3_all.deb ...
Unpacking node-aproba (2.0.0-3) ...
Selecting previously unselected package node-delegates.
Preparing to unpack .../444-node-delegates_1.0.0-3_all.deb ...
Unpacking node-delegates (1.0.0-3) ...
Selecting previously unselected package node-are-we-there-yet.
Preparing to unpack .../445-node-are-we-there-yet_3.0.1+~1.1.0-1_all.deb ...
Unpacking node-are-we-there-yet (3.0.1+~1.1.0-1) ...
Selecting previously unselected package node-async-each.
Preparing to unpack .../446-node-async-each_1.0.3-3_all.deb ...
Unpacking node-async-each (1.0.3-3) ...
Selecting previously unselected package node-babel-plugin-lodash.
Preparing to unpack .../447-node-babel-plugin-lodash_3.3.4+~cs2.0.1-6_all.deb ...
Unpacking node-babel-plugin-lodash (3.3.4+~cs2.0.1-6) ...
Selecting previously unselected package node-base64-js.
Preparing to unpack .../448-node-base64-js_1.5.1+dfsg+~1.3.0-2_all.deb ...
Unpacking node-base64-js (1.5.1+dfsg+~1.3.0-2) ...
Selecting previously unselected package node-binary-extensions.
Preparing to unpack .../449-node-binary-extensions_2.2.0-2_all.deb ...
Unpacking node-binary-extensions (2.2.0-2) ...
Selecting previously unselected package node-builtins.
Preparing to unpack .../450-node-builtins_5.0.1-1_all.deb ...
Unpacking node-builtins (5.0.1-1) ...
Selecting previously unselected package node-chownr.
Preparing to unpack .../451-node-chownr_2.0.0-2_all.deb ...
Unpacking node-chownr (2.0.0-2) ...
Selecting previously unselected package node-iconv-lite.
Preparing to unpack .../452-node-iconv-lite_0.6.3-3_all.deb ...
Unpacking node-iconv-lite (0.6.3-3) ...
Selecting previously unselected package node-encoding.
Preparing to unpack .../453-node-encoding_0.1.13-2_all.deb ...
Unpacking node-encoding (0.1.13-2) ...
Selecting previously unselected package node-jsonparse.
Preparing to unpack .../454-node-jsonparse_1.3.1-10_all.deb ...
Unpacking node-jsonparse (1.3.1-10) ...
Selecting previously unselected package node-minipass.
Preparing to unpack .../455-node-minipass_3.3.6+~cs9.4.19-1+deb12u1_all.deb ...
Unpacking node-minipass (3.3.6+~cs9.4.19-1+deb12u1) ...
Selecting previously unselected package node-iferr.
Preparing to unpack .../456-node-iferr_1.0.2+~1.0.2-1_all.deb ...
Unpacking node-iferr (1.0.2+~1.0.2-1) ...
Selecting previously unselected package node-fs-write-stream-atomic.
Preparing to unpack .../457-node-fs-write-stream-atomic_1.0.10-6_all.deb ...
Unpacking node-fs-write-stream-atomic (1.0.10-6) ...
Selecting previously unselected package node-run-queue.
Preparing to unpack .../458-node-run-queue_2.0.0-3_all.deb ...
Unpacking node-run-queue (2.0.0-3) ...
Selecting previously unselected package node-copy-concurrently.
Preparing to unpack .../459-node-copy-concurrently_1.0.5-9_all.deb ...
Unpacking node-copy-concurrently (1.0.5-9) ...
Selecting previously unselected package node-move-concurrently.
Preparing to unpack .../460-node-move-concurrently_1.0.1-5_all.deb ...
Unpacking node-move-concurrently (1.0.1-5) ...
Selecting previously unselected package node-promise-inflight.
Preparing to unpack .../461-node-promise-inflight_1.0.1+~1.0.0-1_all.deb ...
Unpacking node-promise-inflight (1.0.1+~1.0.0-1) ...
Selecting previously unselected package node-ssri.
Preparing to unpack .../462-node-ssri_9.0.1-2_all.deb ...
Unpacking node-ssri (9.0.1-2) ...
Selecting previously unselected package node-unique-filename.
Preparing to unpack .../463-node-unique-filename_1.1.1+ds-2_all.deb ...
Unpacking node-unique-filename (1.1.1+ds-2) ...
Selecting previously unselected package node-cacache.
Preparing to unpack .../464-node-cacache_17.0.3+~cs10.3.7-1_all.deb ...
Unpacking node-cacache (17.0.3+~cs10.3.7-1) ...
Selecting previously unselected package node-is-binary-path.
Preparing to unpack .../465-node-is-binary-path_2.1.0-5_all.deb ...
Unpacking node-is-binary-path (2.1.0-5) ...
Selecting previously unselected package node-path-is-absolute.
Preparing to unpack .../466-node-path-is-absolute_2.0.0-2_all.deb ...
Unpacking node-path-is-absolute (2.0.0-2) ...
Selecting previously unselected package node-set-immediate-shim.
Preparing to unpack .../467-node-set-immediate-shim_2.0.0-2_all.deb ...
Unpacking node-set-immediate-shim (2.0.0-2) ...
Selecting previously unselected package node-readdirp.
Preparing to unpack .../468-node-readdirp_3.6.0-1_all.deb ...
Unpacking node-readdirp (3.6.0-1) ...
Selecting previously unselected package node-chokidar.
Preparing to unpack .../469-node-chokidar_3.5.3-2_all.deb ...
Unpacking node-chokidar (3.5.3-2) ...
Selecting previously unselected package node-tslib.
Preparing to unpack .../470-node-tslib_2.4.1-1_all.deb ...
Unpacking node-tslib (2.4.1-1) ...
Selecting previously unselected package node-chrome-trace-event.
Preparing to unpack .../471-node-chrome-trace-event_1.0.3-2_all.deb ...
Unpacking node-chrome-trace-event (1.0.3-2) ...
Selecting previously unselected package node-ci-info.
Preparing to unpack .../472-node-ci-info_3.6.1+~cs1.1.0-1_all.deb ...
Unpacking node-ci-info (3.6.1+~cs1.1.0-1) ...
Selecting previously unselected package node-colors.
Preparing to unpack .../473-node-colors_1.4.0-4_all.deb ...
Unpacking node-colors (1.4.0-4) ...
Selecting previously unselected package node-cli-table.
Preparing to unpack .../474-node-cli-table_0.3.11+~cs0.13.4-3_all.deb ...
Unpacking node-cli-table (0.3.11+~cs0.13.4-3) ...
Selecting previously unselected package node-columnify.
Preparing to unpack .../475-node-columnify_1.6.0+~1.5.1-1_all.deb ...
Unpacking node-columnify (1.6.0+~1.5.1-1) ...
Selecting previously unselected package node-console-control-strings.
Preparing to unpack .../476-node-console-control-strings_1.1.0-3_all.deb ...
Unpacking node-console-control-strings (1.1.0-3) ...
Selecting previously unselected package node-css-selector-tokenizer.
Preparing to unpack .../477-node-css-selector-tokenizer_0.8.0+~cs4.8.3-1_all.deb ...
Unpacking node-css-selector-tokenizer (0.8.0+~cs4.8.3-1) ...
Selecting previously unselected package node-isobject.
Preparing to unpack .../478-node-isobject_4.0.0-2_all.deb ...
Unpacking node-isobject (4.0.0-2) ...
Selecting previously unselected package node-postcss.
Preparing to unpack .../479-node-postcss_8.4.20+~cs8.0.23-1+deb12u1_all.deb ...
Unpacking node-postcss (8.4.20+~cs8.0.23-1+deb12u1) ...
Selecting previously unselected package node-icss-utils.
Preparing to unpack .../480-node-icss-utils_5.1.0+~5.1.0-1_all.deb ...
Unpacking node-icss-utils (5.1.0+~5.1.0-1) ...
Selecting previously unselected package node-postcss-modules-extract-imports.
Preparing to unpack .../481-node-postcss-modules-extract-imports_3.0.0-2_all.deb ...
Unpacking node-postcss-modules-extract-imports (3.0.0-2) ...
Selecting previously unselected package node-postcss-modules-values.
Preparing to unpack .../482-node-postcss-modules-values_4.0.0+~4.0.0-1_all.deb ...
Unpacking node-postcss-modules-values (4.0.0+~4.0.0-1) ...
Selecting previously unselected package node-postcss-value-parser.
Preparing to unpack .../483-node-postcss-value-parser_4.2.0-1_all.deb ...
Unpacking node-postcss-value-parser (4.2.0-1) ...
Selecting previously unselected package node-prr.
Preparing to unpack .../484-node-prr_1.0.1-3_all.deb ...
Unpacking node-prr (1.0.1-3) ...
Selecting previously unselected package node-errno.
Preparing to unpack .../485-node-errno_1.0.0-3_all.deb ...
Unpacking node-errno (1.0.0-3) ...
Selecting previously unselected package node-memory-fs.
Preparing to unpack .../486-node-memory-fs_0.5.0+~0.3.3-2_all.deb ...
Unpacking node-memory-fs (0.5.0+~0.3.3-2) ...
Selecting previously unselected package node-tapable.
Preparing to unpack .../487-node-tapable_2.2.1-2_all.deb ...
Unpacking node-tapable (2.2.1-2) ...
Selecting previously unselected package node-enhanced-resolve.
Preparing to unpack .../488-node-enhanced-resolve_5.10.0-1_all.deb ...
Unpacking node-enhanced-resolve (5.10.0-1) ...
Selecting previously unselected package node-es-module-lexer.
Preparing to unpack .../489-node-es-module-lexer_1.1.0+dfsg-2+deb12u1_all.deb ...
Unpacking node-es-module-lexer (1.1.0+dfsg-2+deb12u1) ...
Selecting previously unselected package node-events.
Preparing to unpack .../490-node-events_3.3.0+~3.0.0-3_all.deb ...
Unpacking node-events (3.3.0+~3.0.0-3) ...
Selecting previously unselected package node-resolve-cwd.
Preparing to unpack .../491-node-resolve-cwd_3.0.0-2_all.deb ...
Unpacking node-resolve-cwd (3.0.0-2) ...
Selecting previously unselected package node-jest-debbundle.
Preparing to unpack .../492-node-jest-debbundle_29.3.1~ds1+~cs70.48.25-2_all.deb ...
Unpacking node-jest-debbundle (29.3.1~ds1+~cs70.48.25-2) ...
Selecting previously unselected package node-interpret.
Preparing to unpack .../493-node-interpret_2.2.0-3_all.deb ...
Unpacking node-interpret (2.2.0-3) ...
Selecting previously unselected package node-merge-stream.
Preparing to unpack .../494-node-merge-stream_2.0.0+~1.1.2-2_all.deb ...
Unpacking node-merge-stream (2.0.0+~1.1.2-2) ...
Selecting previously unselected package node-jest-worker.
Preparing to unpack .../495-node-jest-worker_29.3.1~ds1+~cs70.48.25-2_all.deb ...
Unpacking node-jest-worker (29.3.1~ds1+~cs70.48.25-2) ...
Selecting previously unselected package node-loader-runner.
Preparing to unpack .../496-node-loader-runner_4.3.0-1_all.deb ...
Unpacking node-loader-runner (4.3.0-1) ...
Selecting previously unselected package node-mime.
Preparing to unpack .../497-node-mime_3.0.0+dfsg+~cs3.97.1-1_all.deb ...
Unpacking node-mime (3.0.0+dfsg+~cs3.97.1-1) ...
Selecting previously unselected package node-mime-types.
Preparing to unpack .../498-node-mime-types_2.1.35-1_all.deb ...
Unpacking node-mime-types (2.1.35-1) ...
Selecting previously unselected package node-rechoir.
Preparing to unpack .../499-node-rechoir_0.8.0+~0.6.1-2_all.deb ...
Unpacking node-rechoir (0.8.0+~0.6.1-2) ...
Selecting previously unselected package node-schema-utils.
Preparing to unpack .../500-node-schema-utils_3.1.1~ds-2_all.deb ...
Unpacking node-schema-utils (3.1.1~ds-2) ...
Selecting previously unselected package node-randombytes.
Preparing to unpack .../501-node-randombytes_2.1.0+~2.0.0-2_all.deb ...
Unpacking node-randombytes (2.1.0+~2.0.0-2) ...
Selecting previously unselected package node-serialize-javascript.
Preparing to unpack .../502-node-serialize-javascript_6.0.0-2+deb12u1_all.deb ...
Unpacking node-serialize-javascript (6.0.0-2+deb12u1) ...
Selecting previously unselected package node-watchpack.
Preparing to unpack .../503-node-watchpack_2.4.0+~cs2.8.1-1_all.deb ...
Unpacking node-watchpack (2.4.0+~cs2.8.1-1) ...
Selecting previously unselected package node-webassemblyjs.
Preparing to unpack .../504-node-webassemblyjs_1.11.4+dfsg+~cs10.11.17-2_all.deb ...
Unpacking node-webassemblyjs (1.11.4+dfsg+~cs10.11.17-2) ...
Selecting previously unselected package node-source-list-map.
Preparing to unpack .../505-node-source-list-map_2.0.1+dfsg-2_all.deb ...
Unpacking node-source-list-map (2.0.1+dfsg-2) ...
Selecting previously unselected package node-webpack-sources.
Preparing to unpack .../506-node-webpack-sources_3.2.3+~3.2.0-2_all.deb ...
Unpacking node-webpack-sources (3.2.3+~3.2.0-2) ...
Selecting previously unselected package node-terser.
Preparing to unpack .../507-node-terser_5.16.5-2_all.deb ...
Unpacking node-terser (5.16.5-2) ...
Selecting previously unselected package terser.
Preparing to unpack .../508-terser_5.16.5-2_all.deb ...
Unpacking terser (5.16.5-2) ...
Selecting previously unselected package webpack.
Preparing to unpack .../509-webpack_5.75.0+dfsg+~cs17.16.14-1+deb12u1_all.deb ...
Unpacking webpack (5.75.0+dfsg+~cs17.16.14-1+deb12u1) ...
Selecting previously unselected package node-css-loader.
Preparing to unpack .../510-node-css-loader_6.7.2+~cs14.0.11-1_all.deb ...
Unpacking node-css-loader (6.7.2+~cs14.0.11-1) ...
Selecting previously unselected package node-data-uri-to-buffer.
Preparing to unpack .../511-node-data-uri-to-buffer_4.0.0-3_all.deb ...
Unpacking node-data-uri-to-buffer (4.0.0-3) ...
Selecting previously unselected package node-mimic-response.
Preparing to unpack .../512-node-mimic-response_3.1.0-8_all.deb ...
Unpacking node-mimic-response (3.1.0-8) ...
Selecting previously unselected package node-decompress-response.
Preparing to unpack .../513-node-decompress-response_6.0.0-2_all.deb ...
Unpacking node-decompress-response (6.0.0-2) ...
Selecting previously unselected package node-depd.
Preparing to unpack .../514-node-depd_2.0.0-2_all.deb ...
Unpacking node-depd (2.0.0-2) ...
Selecting previously unselected package node-diff.
Preparing to unpack .../515-node-diff_5.0.0~dfsg+~5.0.1-4_all.deb ...
Unpacking node-diff (5.0.0~dfsg+~5.0.1-4) ...
Selecting previously unselected package node-end-of-stream.
Preparing to unpack .../516-node-end-of-stream_1.4.4+~1.4.1-1_all.deb ...
Unpacking node-end-of-stream (1.4.4+~1.4.1-1) ...
Selecting previously unselected package node-err-code.
Preparing to unpack .../517-node-err-code_2.0.3+dfsg-3_all.deb ...
Unpacking node-err-code (2.0.3+dfsg-3) ...
Selecting previously unselected package node-time-stamp.
Preparing to unpack .../518-node-time-stamp_2.2.0-2_all.deb ...
Unpacking node-time-stamp (2.2.0-2) ...
Selecting previously unselected package node-fancy-log.
Preparing to unpack .../519-node-fancy-log_1.3.3+~cs1.3.1-2_all.deb ...
Unpacking node-fancy-log (1.3.3+~cs1.3.1-2) ...
Selecting previously unselected package node-fetch.
Preparing to unpack .../520-node-fetch_3.3.0+~cs11.4.11-2_all.deb ...
Unpacking node-fetch (3.3.0+~cs11.4.11-2) ...
Selecting previously unselected package node-has-unicode.
Preparing to unpack .../521-node-has-unicode_2.0.1-5_all.deb ...
Unpacking node-has-unicode (2.0.1-5) ...
Selecting previously unselected package node-wide-align.
Preparing to unpack .../522-node-wide-align_1.1.3-4_all.deb ...
Unpacking node-wide-align (1.1.3-4) ...
Selecting previously unselected package node-gauge.
Preparing to unpack .../523-node-gauge_4.0.4-1_all.deb ...
Unpacking node-gauge (4.0.4-1) ...
Selecting previously unselected package node-pump.
Preparing to unpack .../524-node-pump_3.0.0-5_all.deb ...
Unpacking node-pump (3.0.0-5) ...
Selecting previously unselected package node-get-stream.
Preparing to unpack .../525-node-get-stream_6.0.1-1_all.deb ...
Unpacking node-get-stream (6.0.1-1) ...
Selecting previously unselected package node-lowercase-keys.
Preparing to unpack .../526-node-lowercase-keys_2.0.0-2_all.deb ...
Unpacking node-lowercase-keys (2.0.0-2) ...
Selecting previously unselected package node-json-buffer.
Preparing to unpack .../527-node-json-buffer_3.0.1+~3.0.0-1_all.deb ...
Unpacking node-json-buffer (3.0.1+~3.0.0-1) ...
Selecting previously unselected package node-p-cancelable.
Preparing to unpack .../528-node-p-cancelable_2.1.1-1_all.deb ...
Unpacking node-p-cancelable (2.1.1-1) ...
Selecting previously unselected package node-got.
Preparing to unpack .../529-node-got_11.8.5+~cs58.13.36-3_all.deb ...
Unpacking node-got (11.8.5+~cs58.13.36-3) ...
Selecting previously unselected package node-https-proxy-agent.
Preparing to unpack .../530-node-https-proxy-agent_5.0.1+~cs8.0.0-3_all.deb ...
Unpacking node-https-proxy-agent (5.0.1+~cs8.0.0-3) ...
Selecting previously unselected package node-set-blocking.
Preparing to unpack .../531-node-set-blocking_2.0.0-2_all.deb ...
Unpacking node-set-blocking (2.0.0-2) ...
Selecting previously unselected package node-npmlog.
Preparing to unpack .../532-node-npmlog_7.0.1+~4.1.4-1_all.deb ...
Unpacking node-npmlog (7.0.1+~4.1.4-1) ...
Selecting previously unselected package node-osenv.
Preparing to unpack .../533-node-osenv_0.1.5+~0.1.1-1_all.deb ...
Unpacking node-osenv (0.1.5+~0.1.1-1) ...
Selecting previously unselected package node-tar.
Preparing to unpack .../534-node-tar_6.1.13+~cs7.0.5-1+deb12u1_all.deb ...
Unpacking node-tar (6.1.13+~cs7.0.5-1+deb12u1) ...
Selecting previously unselected package node-gyp.
Preparing to unpack .../535-node-gyp_9.3.0-2_all.deb ...
Unpacking node-gyp (9.3.0-2) ...
Selecting previously unselected package node-ieee754.
Preparing to unpack .../536-node-ieee754_1.2.1-3_all.deb ...
Unpacking node-ieee754 (1.2.1-3) ...
Selecting previously unselected package node-ini.
Preparing to unpack .../537-node-ini_3.0.1-2_all.deb ...
Unpacking node-ini (3.0.1-2) ...
Selecting previously unselected package node-ip.
Preparing to unpack .../538-node-ip_2.0.0+~1.1.0-1_all.deb ...
Unpacking node-ip (2.0.0+~1.1.0-1) ...
Selecting previously unselected package node-ip-regex.
Preparing to unpack .../539-node-ip-regex_4.3.0+~4.1.1-1_all.deb ...
Unpacking node-ip-regex (4.3.0+~4.1.1-1) ...
Selecting previously unselected package node-mute-stream.
Preparing to unpack .../540-node-mute-stream_0.0.8+~0.0.1-3_all.deb ...
Unpacking node-mute-stream (0.0.8+~0.0.1-3) ...
Selecting previously unselected package node-negotiator.
Preparing to unpack .../541-node-negotiator_0.6.3+~0.6.1-1_all.deb ...
Unpacking node-negotiator (0.6.3+~0.6.1-1) ...
Selecting previously unselected package node-read-package-json.
Preparing to unpack .../542-node-read-package-json_5.0.2+~2.0.0-1_all.deb ...
Unpacking node-read-package-json (5.0.2+~2.0.0-1) ...
Selecting previously unselected package node-npm-bundled.
Preparing to unpack .../543-node-npm-bundled_2.0.1-2_all.deb ...
Unpacking node-npm-bundled (2.0.1-2) ...
Selecting previously unselected package node-validate-npm-package-name.
Preparing to unpack .../544-node-validate-npm-package-name_5.0.0+~4.0.0-1_all.deb ...
Unpacking node-validate-npm-package-name (5.0.0+~4.0.0-1) ...
Selecting previously unselected package node-npm-package-arg.
Preparing to unpack .../545-node-npm-package-arg_10.0.0+~3.0.0-2_all.deb ...
Unpacking node-npm-package-arg (10.0.0+~3.0.0-2) ...
Selecting previously unselected package node-retry.
Preparing to unpack .../546-node-retry_0.13.1+~0.12.1-1_all.deb ...
Unpacking node-retry (0.13.1+~0.12.1-1) ...
Selecting previously unselected package node-promise-retry.
Preparing to unpack .../547-node-promise-retry_2.0.1-4_all.deb ...
Unpacking node-promise-retry (2.0.1-4) ...
Selecting previously unselected package node-read.
Preparing to unpack .../548-node-read_1.0.7-5_all.deb ...
Unpacking node-read (1.0.7-5) ...
Selecting previously unselected package node-promzard.
Preparing to unpack .../549-node-promzard_0.3.0-2_all.deb ...
Unpacking node-promzard (0.3.0-2) ...
Selecting previously unselected package node-text-table.
Preparing to unpack .../550-node-text-table_0.2.0-4_all.deb ...
Unpacking node-text-table (0.2.0-4) ...
Selecting previously unselected package npm.
Preparing to unpack .../551-npm_9.2.0~ds1-1_all.deb ...
Unpacking npm (9.2.0~ds1-1) ...
Setting up libgme0:amd64 (0.6.3-6) ...
Setting up libssh-gcrypt-4:amd64 (0.10.6-0+deb12u2) ...
Setting up media-types (10.0.0) ...
Setting up libgraphite2-3:amd64 (1.3.14-1+deb12u1) ...
Setting up liblcms2-2:amd64 (2.14-2+deb12u1) ...
Setting up node-colors (1.4.0-4) ...
Setting up libpixman-1-0:amd64 (0.42.2-1) ...
Setting up node-fs.realpath (1.0.0-3) ...
Setting up libudfread0:amd64 (1.1.2-1) ...
Setting up libwayland-server0:amd64 (1.21.0-1) ...
Setting up node-ampproject-remapping (2.2.0+~cs5.15.37-1) ...
Setting up node-diff (5.0.0~dfsg+~5.0.1-4) ...
Setting up libaom3:amd64 (3.6.0-1+deb12u2) ...
Setting up libpciaccess0:amd64 (0.17-2) ...
Setting up librabbitmq4:amd64 (0.11.0-1+deb12u3) ...
Setting up libxau6:amd64 (1:1.0.9-1) ...
Setting up libxdmcp6:amd64 (1:1.1.2-3) ...
Setting up libraw1394-11:amd64 (2.1.2-2) ...
Setting up node-abbrev (1.1.1+~1.1.2-1) ...
Setting up libxcb1:amd64 (1.15-1) ...
Setting up node-path-is-inside (1.0.2+~1.0.0-1) ...
Setting up libjs-sprintf-js (1.1.2+ds1+~1.1.2-1) ...
Setting up libcodec2-1.0:amd64 (1.0.5-1) ...
Setting up libsodium23:amd64 (1.0.18-1+deb12u1) ...
Setting up libicu72:amd64 (72.1-3+deb12u1) ...
Setting up libmpg123-0:amd64 (1.31.2-1+deb12u1) ...
Setting up libxcb-xfixes0:amd64 (1.15-1) ...
Setting up node-pify (5.0.0+~cs5.0.1-1) ...
Setting up libogg0:amd64 (1.3.5-3) ...
Setting up node-p-limit (4.0.0+~cs4.0.0-5) ...
Setting up node-yallist (4.0.0+~4.0.1-1) ...
Setting up liblerc4:amd64 (4.0.0+ds-2) ...
Setting up libjs-inherits (2.0.4-6) ...
Setting up libspeex1:amd64 (1.2.1-2) ...
Setting up libshine3:amd64 (3.1.1-2) ...
Setting up node-p-cancelable (2.1.1-1) ...
Setting up node-is-windows (1.0.2+~cs1.0.0-1) ...
Setting up node-ansi-regex (5.0.1-1) ...
Setting up libx264-164:amd64 (2:0.164.3095+gitbaee400-3) ...
Setting up libtwolame0:amd64 (0.4.0-2) ...
Setting up node-loader-runner (4.3.0-1) ...
Setting up node-object-inspect (1.12.2+~cs1.8.1-1) ...
Setting up libdatrie1:amd64 (0.2.13-2+b1) ...
Setting up node-slash (4.0.0-3) ...
Setting up node-util-deprecate (1.0.2-3) ...
Setting up node-ieee754 (1.2.1-3) ...
Setting up node-fs-readdir-recursive (1.1.0+~1.1.0-1) ...
Setting up node-v8flags (3.2.0+~3.1.1-1) ...
Setting up node-retry (0.13.1+~0.12.1-1) ...
Setting up libgsm1:amd64 (1.0.22-1) ...
Setting up node-get-caller-file (2.0.5+~cs1.1.1-4) ...
Setting up node-arrify (2.0.1-3) ...
Setting up libxcb-render0:amd64 (1.15-1) ...
Setting up node-eslint-visitor-keys (3.3.0+~1.0.0-1) ...
Setting up libglib2.0-0:amd64 (2.74.6-2+deb12u9) ...
No schema files found: doing nothing.
Setting up node-caniuse-lite (1.0.30001436+dfsg+~1.0.1-1) ...
Setting up node-isobject (4.0.0-2) ...
Setting up libglvnd0:amd64 (1.6.0-1) ...
Setting up node-delegates (1.0.0-3) ...
Setting up libpgm-5.3-0:amd64 (5.3.128~dfsg-2) ...
Setting up node-depd (2.0.0-2) ...
Setting up libxcb-glx0:amd64 (1.15-1) ...
Setting up node-isexe (2.0.0+~2.0.1-5) ...
Setting up libpython3.11-stdlib:amd64 (3.11.2-6+deb12u8) ...
Setting up libbrotli1:amd64 (1.0.9-2+b6) ...
Setting up node-jsonparse (1.3.1-10) ...
Setting up node-core-js-pure (3.26.1-3) ...
Setting up node-es-module-lexer (1.1.0+dfsg-2+deb12u1) ...
Setting up node-path-exists (5.0.0-8) ...
Setting up libgdk-pixbuf2.0-common (2.42.10+dfsg-1+deb12u4) ...
Setting up node-unicode-match-property-value-ecmascript (2.1.0+ds-1) ...
Setting up node-escape-string-regexp (4.0.0-2) ...
Setting up libnorm1:amd64 (1.5.9+dfsg-2) ...
Setting up node-through (2.3.8+~cs0.0.30-1) ...
Setting up libmysofa1:amd64 (1.3.1~dfsg0-1) ...
Setting up libxcb-shape0:amd64 (1.15-1) ...
Setting up libjs-source-map (0.7.0++dfsg2+really.0.6.1-15) ...
Setting up x11-common (1:7.7+23) ...
debconf: unable to initialize frontend: Dialog
debconf: (TERM is not set, so the dialog frontend is not usable.)
debconf: falling back to frontend: Readline
debconf: unable to initialize frontend: Readline
debconf: (Can't locate Term/ReadLine.pm in @INC (you may need to install the Term::ReadLine module) (@INC contains: /etc/perl /usr/local/lib/x86_64-linux-gnu/perl/5.36.0 /usr/local/share/perl/5.36.0 /usr/lib/x86_64-linux-gnu/perl5/5.36 /usr/share/perl5 /usr/lib/x86_64-linux-gnu/perl-base /usr/lib/x86_64-linux-gnu/perl/5.36 /usr/share/perl/5.36 /usr/local/lib/site_perl) at /usr/share/perl5/Debconf/FrontEnd/Readline.pm line 7.)
debconf: falling back to frontend: Teletype
invoke-rc.d: could not determine current runlevel
invoke-rc.d: policy-rc.d denied execution of restart.
Setting up node-p-locate (6.0.0-12) ...
Setting up libsensors-config (1:3.6.0-7.1) ...
Setting up node-negotiator (0.6.3+~0.6.1-1) ...
Setting up node-tslib (2.4.1-1) ...
Setting up libnghttp2-14:amd64 (1.52.0-1+deb12u3) ...
Setting up node-strip-bom (4.0.0-2) ...
Setting up libdeflate0:amd64 (1.14-1) ...
Setting up node-ci-info (3.6.1+~cs1.1.0-1) ...
Setting up node-color-name (1.1.4+~1.1.1-2) ...
Setting up node-chrome-trace-event (1.0.3-2) ...
Setting up xkb-data (2.35.1-1) ...
Setting up node-json-buffer (3.0.1+~3.0.0-1) ...
Setting up node-electron-to-chromium (1.4.284-1) ...
Setting up node-cjs-module-lexer (1.2.2+dfsg-5) ...
Setting up node-console-control-strings (1.1.0-3) ...
Setting up libhwy1:amd64 (1.0.3-3+deb12u1) ...
Setting up node-source-list-map (2.0.1+dfsg-2) ...
Setting up libxcb-shm0:amd64 (1.15-1) ...
Setting up node-camelcase (7.0.0-3) ...
Setting up node-resumer (0.0.0-6) ...
Setting up libc-ares2:amd64 (1.18.1-3) ...
Setting up node-uuid (8.3.2+~8.3.3-3) ...
Setting up libsvtav1enc1:amd64 (1.4.1+dfsg-1) ...
Setting up libgomp1:amd64 (12.2.0-14+deb12u1) ...
Setting up libcdio19:amd64 (2.1.0-4) ...
Setting up libcjson1:amd64 (1.7.15-1+deb12u4) ...
Setting up libxvidcore4:amd64 (2:1.3.7-1) ...
Setting up node-terser (5.16.5-2) ...
Setting up libjbig0:amd64 (2.1-6.1) ...
Setting up node-path-type (4.0.0-3) ...
Setting up node-indent-string (4.0.0-2) ...
Setting up librav1e0:amd64 (0.5.1-6) ...
Setting up node-typedarray (0.0.7-1) ...
Setting up node-function-bind (1.1.1+repacked+~1.0.3-2) ...
Setting up libsnappy1v5:amd64 (1.1.9-3) ...
Setting up node-clone (2.1.2-4) ...
Setting up node-p-map (4.0.0+~3.1.0+~3.0.1-1) ...
Setting up node-iferr (1.0.2+~1.0.2-1) ...
Setting up node-chownr (2.0.0-2) ...
Setting up node-has-flag (4.0.0-3) ...
Setting up node-estraverse (5.3.0+ds+~5.1.1-1) ...
Setting up node-regjsgen (0.7.1+ds-1) ...
Setting up libxcb-present0:amd64 (1.15-1) ...
Setting up node-lodash-packages (4.17.21+dfsg+~cs8.31.198.20210220-9) ...
Setting up libasound2-data (1.2.8-1) ...
Setting up node-json-schema-traverse (1.0.0-3) ...
Setting up node-inherits (2.0.4-6) ...
Setting up node-path-is-absolute (2.0.0-2) ...
Setting up node-locate-path (7.1.1-2) ...
Setting up node-ini (3.0.1-2) ...
Setting up node-postcss-value-parser (4.2.0-1) ...
Setting up libz3-4:amd64 (4.8.12-3.1) ...
Setting up node-safe-buffer (5.2.1+~cs2.1.2-3) ...
Setting up node-promise-inflight (1.0.1+~1.0.0-1) ...
Setting up libblas3:amd64 (3.11.0-2) ...
update-alternatives: using /usr/lib/x86_64-linux-gnu/blas/libblas.so.3 to provide /usr/lib/x86_64-linux-gnu/libblas.so.3 (libblas.so.3-x86_64-linux-gnu) in auto mode
Setting up libuv1:amd64 (1.44.2-1+deb12u1) ...
Setting up libflac12:amd64 (1.4.2+ds-2) ...
Setting up node-json-parse-better-errors (1.0.2+~cs3.3.1-2) ...
Setting up libjpeg62-turbo:amd64 (1:2.1.5-2) ...
Setting up node-unicode-canonical-property-names-ecmascript (2.0.0-2) ...
Setting up libslang2:amd64 (2.3.3-3) ...
Setting up node-sprintf-js (1.1.2+ds1+~1.1.2-1) ...
Setting up node-flatted (3.2.7~ds-1+deb12u1) ...
Setting up libva2:amd64 (2.17.0-1) ...
Setting up node-y18n (5.0.8+~5.0.0-3) ...
Setting up node-fast-deep-equal (3.1.3-3) ...
Setting up node-shebang-regex (3.0.0-2) ...
Setting up node-err-code (2.0.3+dfsg-3) ...
Setting up node-resolve-from (5.0.0+~3.1.0+~3.3.0+~2.0.0-1) ...
Setting up libmbedcrypto7:amd64 (2.28.3-1) ...
Setting up libx11-data (2:1.8.4-2+deb12u2) ...
Setting up libepoxy0:amd64 (1.5.10-1) ...
Setting up libxcb-sync1:amd64 (1.15-1) ...
Setting up node-balanced-match (2.0.0-1) ...
Setting up node-convert-source-map (1.9.0+~1.5.2-1) ...
Setting up node-brace-expansion (2.0.1-2) ...
Setting up node-is-stream (3.0.0-4) ...
Setting up node-spdx-exceptions (2.3.0-2) ...
Setting up libdbus-1-3:amd64 (1.14.10-1~deb12u1) ...
Setting up libfribidi0:amd64 (1.0.8-2.1) ...
Setting up libopus0:amd64 (1.3.1-3) ...
Setting up libquadmath0:amd64 (12.2.0-14+deb12u1) ...
Setting up node-js-tokens (8.0.0-2) ...
Setting up node-core-js (3.26.1-3) ...
Setting up node-interpret (2.2.0-3) ...
Setting up node-set-blocking (2.0.0-2) ...
Setting up node-prr (1.0.1-3) ...
Setting up libssl-dev:amd64 (3.0.20-1~deb12u2) ...
Setting up libpng16-16:amd64 (1.6.39-2+deb12u5) ...
Setting up node-repeat-string (1.6.1+repack-1) ...
Setting up libvorbis0a:amd64 (1.3.7-1) ...
Setting up node-globals (13.18.0-1) ...
Setting up node-deep-is (0.1.4-1) ...
Setting up fonts-dejavu-core (2.37-6) ...
Setting up node-signal-exit (3.0.7+~3.0.1-1) ...
Setting up node-randombytes (2.1.0+~2.0.0-2) ...
Setting up libsensors5:amd64 (1:3.6.0-7.1) ...
Setting up libjxl0.7:amd64 (0.7.0-10+deb12u1) ...
Setting up node-source-map (0.7.0++dfsg2+really.0.6.1-15) ...
Setting up libdav1d6:amd64 (1.0.0-2+deb12u1) ...
Setting up node-wrappy (1.0.2-3) ...
Setting up libglapi-mesa:amd64 (22.3.6-1+deb12u2) ...
Setting up node-text-table (0.2.0-4) ...
Setting up libgfortran5:amd64 (12.2.0-14+deb12u1) ...
Setting up libvulkan1:amd64 (1.3.239.0-1) ...
Setting up node-require-directory (2.1.1+~2.1.2-1) ...
Setting up node-ip (2.0.0+~1.1.0-1) ...
Setting up node-quick-lru (6.1.1-4) ...
Setting up node-regenerator-runtime (0.15.1+~0.10.8-1) ...
Setting up libwebp7:amd64 (1.2.4-0.2+deb12u1) ...
Setting up librubberband2:amd64 (3.1.2+dfsg0-1) ...
Setting up libxcb-dri2-0:amd64 (1.15-1) ...
Setting up node-to-fast-properties (3.0.1-3) ...
Setting up node-defaults (1.0.4+~1.0.3-1) ...
Setting up node-mute-stream (0.0.8+~0.0.1-3) ...
Setting up node-memfs (3.4.12+~cs1.0.3-1) ...
Setting up node-mimic-response (3.1.0-8) ...
Setting up node-commander (9.4.1-1) ...
Setting up libnuma1:amd64 (2.0.16-1) ...
Setting up libvidstab1.1:amd64 (1.1.0-2+b1) ...
Setting up libjs-typedarray-to-buffer (4.0.0-2) ...
Setting up libsrt1.5-gnutls:amd64 (1.5.1-1+deb12u1) ...
Setting up node-graceful-fs (4.2.10-1) ...
Setting up node-merge-stream (2.0.0+~1.1.2-2) ...
Setting up ocl-icd-libopencl1:amd64 (2.3.1-1) ...
Setting up node-is-path-cwd (2.2.0-2) ...
Setting up libasyncns0:amd64 (0.8-6+b3) ...
Setting up libxshmfence1:amd64 (1.3-1) ...
Setting up libtiff6:amd64 (4.5.0-6+deb12u4) ...
Setting up libbs2b0:amd64 (3.1.0+dfsg-7) ...
Setting up libxcb-randr0:amd64 (1.15-1) ...
Setting up node-jsonify (0.0.1-1) ...
Setting up libasound2:amd64 (1.2.8-1+b1) ...
Setting up node-json-stable-stringify (1.0.2+~cs5.2.34-1) ...
Setting up node-fast-levenshtein (2.0.6+ds-3) ...
Setting up libjs-regenerate (1.4.2-3) ...
Setting up fonts-liberation (1:1.07.4-11) ...
Setting up node-aproba (2.0.0-3) ...
Setting up node-unicode-property-aliases-ecmascript (2.1.0+ds-1) ...
Setting up node-binary-extensions (2.2.0-2) ...
Setting up node-is-plain-object (5.0.0-7) ...
Setting up node-eslint-utils (3.0.0-3) ...
Setting up libzimg2:amd64 (3.0.4+ds1-1) ...
Setting up node-path-dirname (1.0.2-2) ...
Setting up node-ip-regex (4.3.0+~4.1.1-1) ...
Setting up libopenjp2-7:amd64 (2.5.0-2+deb12u3) ...
Setting up libx11-6:amd64 (2:1.8.4-2+deb12u2) ...
Setting up libopenal-data (1:1.19.1-2) ...
Setting up libthai-data (0.1.29-1) ...
Setting up node-spdx-license-ids (3.0.12-1) ...
Setting up node-string-decoder (1.3.0-6) ...
Setting up node-esutils (2.0.3+~2.0.0-1) ...
Setting up node-time-stamp (2.2.0-2) ...
Setting up node-commondir (1.0.1+~1.0.0-1) ...
Setting up libvpx7:amd64 (1.12.0-1+deb12u5) ...
Setting up libjs-prettify (2015.12.04+dfsg-1.1) ...
Setting up libjs-events (3.3.0+~3.0.0-3) ...
Setting up node-run-queue (2.0.0-3) ...
Setting up node-core-util-is (1.0.3-1) ...
Setting up node-json-schema (0.4.0+~7.0.11-1) ...
Setting up libwayland-egl1:amd64 (1.21.0-1) ...
Setting up node-prelude-ls (1.2.1+dfsg-3) ...
Setting up libusb-1.0-0:amd64 (2:1.0.26-1) ...
Setting up node-minimatch (5.1.1+~5.1.2-1) ...
Setting up libjs-async (0.8.0-6) ...
Setting up libmfx1:amd64 (22.5.4-1) ...
Setting up node-imurmurhash (0.1.4+dfsg+~0.1.1-2) ...
Setting up node-xtend (4.0.2-3) ...
Setting up node-set-immediate-shim (2.0.0-2) ...
Setting up node-foreground-child (2.0.0-5) ...
Setting up node-wordwrap (1.0.0-4) ...
Setting up node-read (1.0.7-5) ...
Setting up libsamplerate0:amd64 (0.2.2-3) ...
Setting up node-regexpp (3.2.0-4+deb12u1) ...
Setting up libwebpmux3:amd64 (1.2.4-0.2+deb12u1) ...
Setting up node-is-arrayish (0.3.2-3) ...
Setting up libdrm-common (2.4.114-1) ...
Setting up libelf1:amd64 (0.188-2.1) ...
Setting up node-base64-js (1.5.1+dfsg+~1.3.0-2) ...
Setting up node-esquery (1.4.2~ds-1) ...
Setting up node-npm-run-path (5.1.0+~4.0.0-8) ...
Setting up libxml2:amd64 (2.9.14+dfsg-1.3~deb12u6) ...
Setting up node-is-buffer (2.0.5-2) ...
Setting up node-color-convert (2.0.1+~cs2.0.0-2) ...
Setting up node-data-uri-to-buffer (4.0.0-3) ...
Setting up libzvbi-common (0.2.41-1+deb12u1) ...
Setting up node-async-each (1.0.3-3) ...
Setting up libmp3lame0:amd64 (3.100-6) ...
Setting up node-isarray (2.0.5-4) ...
Setting up node-osenv (0.1.5+~0.1.1-1) ...
Setting up libvorbisenc2:amd64 (1.3.7-1) ...
Setting up node-is-plain-obj (3.0.0-2) ...
Setting up node-is-extglob (2.1.1-5) ...
Setting up libpython3-stdlib:amd64 (3.11.2-1+b1) ...
Setting up node-tapable (2.2.1-2) ...
Setting up node-shebang-command (2.0.0-1) ...
Setting up libiec61883-0:amd64 (1.2.0-6+b1) ...
Setting up libjs-is-typedarray (1.0.0-4) ...
Setting up libserd-0-0:amd64 (0.30.16-1) ...
Setting up node-lowercase-keys (2.0.0-2) ...
Setting up node-babel-plugin-add-module-exports (1.0.4+dfsg1~cs5.8.0-4) ...
Setting up node-decompress-response (6.0.0-2) ...
Setting up libxkbcommon0:amd64 (1.5.0-1) ...
Setting up node-process-nextick-args (2.0.1-3) ...
Setting up node-has-unicode (2.0.1-5) ...
Setting up node-busboy (1.6.0+~cs2.6.0-2) ...
Setting up libwayland-client0:amd64 (1.21.0-1) ...
Setting up libavc1394-0:amd64 (0.5.4-5) ...
Setting up libuv1-dev:amd64 (1.44.2-1+deb12u1) ...
Setting up libxcb-dri3-0:amd64 (1.15-1) ...
Setting up libzvbi0:amd64 (0.2.41-1+deb12u1) ...
Setting up node-readable-stream (3.6.0+~cs3.0.0-4) ...
Setting up libx11-xcb1:amd64 (2:1.8.4-2+deb12u2) ...
Setting up python3.11 (3.11.2-6+deb12u8) ...
Setting up node-lru-cache (7.14.1-1) ...
Setting up liblapack3:amd64 (3.11.0-2) ...
update-alternatives: using /usr/lib/x86_64-linux-gnu/lapack/liblapack.so.3 to provide /usr/lib/x86_64-linux-gnu/liblapack.so.3 (liblapack.so.3-x86_64-linux-gnu) in auto mode
Setting up node-promise-retry (2.0.1-4) ...
Setting up node-supports-color (8.1.1+~8.1.1-1) ...
Setting up libplacebo208:amd64 (4.208.0-3) ...
Setting up libzmq5:amd64 (4.3.4-6) ...
Setting up libcaca0:amd64 (0.99.beta20-3+deb12u1) ...
Setting up node-error-ex (1.3.2-4) ...
Setting up node-once (1.4.0-7) ...
Setting up node-webpack-sources (3.2.3+~3.2.0-2) ...
Setting up libxrender1:amd64 (1:0.9.10-1.1) ...
Setting up node-n3 (1.16.3+~1.2.3+~1.10.4-1) ...
Setting up libsoxr0:amd64 (0.1.3-4) ...
Setting up libcdio-cdda2:amd64 (10.2+2.0.1-1) ...
Setting up fontconfig-config (2.14.1-4) ...
debconf: unable to initialize frontend: Dialog
debconf: (TERM is not set, so the dialog frontend is not usable.)
debconf: falling back to frontend: Readline
debconf: unable to initialize frontend: Readline
debconf: (Can't locate Term/ReadLine.pm in @INC (you may need to install the Term::ReadLine module) (@INC contains: /etc/perl /usr/local/lib/x86_64-linux-gnu/perl/5.36.0 /usr/local/share/perl/5.36.0 /usr/lib/x86_64-linux-gnu/perl5/5.36 /usr/share/perl5 /usr/lib/x86_64-linux-gnu/perl-base /usr/lib/x86_64-linux-gnu/perl/5.36 /usr/share/perl/5.36 /usr/local/lib/site_perl) at /usr/share/perl5/Debconf/FrontEnd/Readline.pm line 7.)
debconf: falling back to frontend: Teletype
Setting up node-serialize-javascript (6.0.0-2+deb12u1) ...
Setting up libcdio-paranoia2:amd64 (10.2+2.0.1-1) ...
Setting up node-resolve (1.22.1+~cs5.31.10-1) ...
Setting up node-are-we-there-yet (3.0.1+~1.1.0-1) ...
Setting up node-find-up (6.3.0-7) ...
Setting up libxext6:amd64 (2:1.3.4-1+b1) ...
Setting up node-kind-of (6.0.3+dfsg-2) ...
Setting up python3 (3.11.2-1+b1) ...
running python rtupdate hooks for python3.11...
running python post-rtupdate hooks for python3.11...
Setting up node-is-binary-path (2.1.0-5) ...
Setting up node-events (3.3.0+~3.0.0-3) ...
Setting up node-minimist (1.2.7+~cs5.3.2-2) ...
Setting up node-fancy-log (1.3.3+~cs1.3.1-2) ...
Setting up libxxf86vm1:amd64 (1:1.1.4-1+b2) ...
Setting up librist4:amd64 (0.2.7+dfsg-1) ...
Setting up node-promzard (0.3.0-2) ...
Setting up node-wcwidth.js (1.0.2-2) ...
Setting up python3-six (1.16.0-4) ...
Setting up node-resolve-cwd (3.0.0-2) ...
Setting up libthai0:amd64 (0.1.29-1) ...
Setting up node-fetch (3.3.0+~cs11.4.11-2) ...
Setting up node-babel7-runtime (7.20.15+ds1+~cs214.269.168-3+deb12u2) ...
Setting up libvorbisfile3:amd64 (1.3.7-1) ...
Setting up node-iconv-lite (0.6.3-3) ...
Setting up node-type-check (0.4.0+dfsg-3) ...
Setting up node-rechoir (0.8.0+~0.6.1-2) ...
Setting up libfreetype6:amd64 (2.12.1+dfsg-5+deb12u4) ...
Setting up node-ansi-styles (6.2.1-2) ...
Setting up libxfixes3:amd64 (1:6.0.0-2) ...
Setting up node-pkg-dir (5.0.0-2) ...
Setting up shared-mime-info (2.2-1) ...
Setting up libdc1394-25:amd64 (2.2.6-4) ...
Setting up libxv1:amd64 (2:1.0.11-1.1) ...
Setting up libxrandr2:amd64 (2:1.5.2-2+b1) ...
Setting up node-async (0.8.0-6) ...
Setting up node-optimist (0.6.1+~0.0.30-2) ...
Setting up node-spdx-expression-parse (3.0.1+~3.0.1-1) ...
Setting up libx265-199:amd64 (3.5-2+b1) ...
Setting up node-concat-stream (2.0.0+~2.0.0-2) ...
Setting up libsndio7.0:amd64 (1.9.0-0.3+b2) ...
Setting up node-is-typedarray (1.0.0-4) ...
Setting up libjack-jackd2-0:amd64 (1.9.21~dfsg-3) ...
Setting up node-undici (5.15.0+dfsg1+~cs20.10.9.3-1+deb12u4) ...
Setting up libdrm2:amd64 (2.4.114-1+b1) ...
Setting up libflite1:amd64 (2.2-5) ...
Setting up libva-drm2:amd64 (2.17.0-1) ...
Setting up node-inflight (1.0.6-2) ...
Setting up libvdpau1:amd64 (1.5-2) ...
Setting up libsord-0-0:amd64 (0.16.14+git221008-1) ...
Setting up libwayland-cursor0:amd64 (1.21.0-1) ...
Setting up libsratom-0-0:amd64 (0.6.14-1) ...
Setting up libllvm15:amd64 (1:15.0.6-4+b1) ...
Setting up node-hosted-git-info (6.1.1-2) ...
Setting up libdecor-0-0:amd64 (0.1.1-2) ...
Setting up libharfbuzz0b:amd64 (6.0.0+dfsg-3) ...
Setting up libgdk-pixbuf-2.0-0:amd64 (2.42.10+dfsg-1+deb12u4) ...
Setting up libxss1:amd64 (1:1.2.3-1) ...
Setting up libfontconfig1:amd64 (2.14.1-4) ...
Setting up libsndfile1:amd64 (1.2.0-1+deb12u1) ...
Setting up libbluray2:amd64 (1:1.3.4-1) ...
Setting up node-encoding (0.1.13-2) ...
Setting up libva-x11-2:amd64 (2.17.0-1) ...
Setting up liblilv-0-0:amd64 (0.24.14-1) ...
Setting up libopenmpt0:amd64 (0.6.9-1) ...
Setting up node-slice-ansi (5.0.0+~cs9.0.0-5) ...
Setting up libdrm-amdgpu1:amd64 (2.4.114-1+b1) ...
Setting up node-fs-write-stream-atomic (1.0.10-6) ...
Setting up python3-pkg-resources (66.1.1-1+deb12u2) ...
Setting up fontconfig (2.14.1-4) ...
Regenerating fonts cache... done.
Setting up libdrm-nouveau2:amd64 (2.4.114-1+b1) ...
Setting up node-end-of-stream (1.4.4+~1.4.1-1) ...
Setting up libxi6:amd64 (2:1.8-1+b1) ...
Setting up node-pump (3.0.0-5) ...
Setting up libgbm1:amd64 (22.3.6-1+deb12u2) ...
Setting up node-regenerator-transform (0.15.1+~0.10.8-1) ...
Setting up libpulse0:amd64 (16.1+dfsg1-2+b1) ...
Setting up libdrm-radeon1:amd64 (2.4.114-1+b1) ...
Setting up libxcursor1:amd64 (1:1.2.1-1) ...
Setting up libpango-1.0-0:amd64 (1.50.12+ds-1) ...
Setting up libdrm-intel1:amd64 (2.4.114-1+b1) ...
Setting up libgl1-mesa-dri:amd64 (22.3.6-1+deb12u2) ...
Setting up libopenal1:amd64 (1:1.19.1-2) ...
Setting up libcairo2:amd64 (1.16.0-7) ...
Setting up node-levn (0.4.1+dfsg-2) ...
Setting up libavutil57:amd64 (7:5.1.9-0+deb12u1) ...
Setting up node-spdx-correct (3.1.1-2) ...
Setting up libass9:amd64 (1:0.17.1-1) ...
Setting up node-glob (8.0.3+~cs8.4.15-1) ...
Setting up libswresample4:amd64 (7:5.1.9-0+deb12u1) ...
Setting up node-get-stream (6.0.1-1) ...
Setting up node-got (11.8.5+~cs58.13.36-3) ...
Setting up node-typedarray-to-buffer (4.0.0-2) ...
Setting up node-minipass (3.3.6+~cs9.4.19-1+deb12u1) ...
Setting up libtheora0:amd64 (1.1.1+dfsg.1-16.1+deb12u1) ...
Setting up libcairo-gobject2:amd64 (1.16.0-7) ...
Setting up libpostproc56:amd64 (7:5.1.9-0+deb12u1) ...
Setting up libpangoft2-1.0-0:amd64 (1.50.12+ds-1) ...
Setting up libsdl2-2.0-0:amd64 (2.26.5+dfsg-1) ...
Setting up libswscale6:amd64 (7:5.1.9-0+deb12u1) ...
Setting up libpangocairo-1.0-0:amd64 (1.50.12+ds-1) ...
Setting up gyp (0.1+20220404git9ecf45e-2) ...
Setting up node-validate-npm-package-license (3.0.4-2) ...
Setting up node-optionator (0.9.1+dfsg+~cs1.2.3-1) ...
Setting up node-ssri (9.0.1-2) ...
Setting up libglx-mesa0:amd64 (22.3.6-1+deb12u2) ...
Setting up libglx0:amd64 (1.6.0-1) ...
Setting up node-write-file-atomic (4.0.2+~4.0.0-1) ...
Setting up libsphinxbase3:amd64 (0.8+5prealpha+1-16) ...
Setting up librsvg2-2:amd64 (2.54.7+dfsg-1~deb12u1) ...
Setting up libpocketsphinx3:amd64 (0.8+5prealpha+1-15) ...
Setting up libgl1:amd64 (1.6.0-1) ...
Setting up libavcodec59:amd64 (7:5.1.9-0+deb12u1) ...
Setting up libchromaprint1:amd64 (1.5.1-2+b1) ...
Setting up libavformat59:amd64 (7:5.1.9-0+deb12u1) ...
Setting up libavfilter8:amd64 (7:5.1.9-0+deb12u1) ...
Setting up libavdevice59:amd64 (7:5.1.9-0+deb12u1) ...
Setting up ffmpeg (7:5.1.9-0+deb12u1) ...
Setting up node-define-properties (1.1.4+~1.1.3-1) ...
Setting up node-acorn (8.8.1+ds+~cs25.17.7-2) ...
Setting up node-espree (9.4.1~dfsg-1) ...
Setting up node-debbundle-es-to-primitive (1.2.1+~cs9.7.25-2) ...
Setting up node-deep-equal (2.1.0+~cs31.12.80-1) ...
Setting up libnode108:amd64 (18.20.4+dfsg-1~deb12u2) ...
Setting up libjs-util (0.12.5+~1.0.10-1) ...
Setting up nodejs (18.20.4+dfsg-1~deb12u2) ...
update-alternatives: using /usr/bin/nodejs to provide /usr/bin/js (js) in auto mode
update-alternatives: warning: skip creation of /usr/share/man/man1/js.1.gz because associated file /usr/share/man/man1/nodejs.1.gz (of link group js) doesn't exist
Setting up node-argparse (2.0.1-2) ...
Setting up terser (5.16.5-2) ...
Setting up node-mime (3.0.0+dfsg+~cs3.97.1-1) ...
Setting up node-source-map-support (0.5.21+ds+~0.5.4-1) ...
Setting up node-unique-filename (1.1.1+ds-2) ...
Setting up node-unicode-match-property-ecmascript (2.0.0-2) ...
Setting up node-defined (1.0.1+~1.0.0-1) ...
Setting up node-mime-types (2.1.35-1) ...
Setting up node-ansi-escapes (5.0.0+really.4.3.1-1) ...
Setting up node-strip-ansi (6.0.1-2) ...
Setting up node-write (2.0.0~6.0.0+~3.0.4+~2.0.0+~1.0.0+~2.0.1-5) ...
Setting up node-ignore (5.2.1-1) ...
Setting up node-chalk (5.2.0-1) ...
Setting up node-which (2.0.2+~cs1.3.2-3) ...
Setting up node-punycode (2.1.1-6) ...
Setting up node-css-selector-tokenizer (0.8.0+~cs4.8.3-1) ...
Setting up node-esprima (4.0.1+ds+~4.0.3-2) ...
Setting up node-is-path-inside (3.0.3-2) ...
Setting up node-neo-async (2.6.2+~cs3.0.0-2) ...
Setting up node-mkdirp (1.0.4+~1.0.2-4) ...
Setting up node-uri-js (4.4.0+dfsg-8) ...
Setting up node-es6-error (4.1.1-5) ...
Setting up node-archy (1.0.0-6) ...
Setting up node-js-yaml (4.1.0+dfsg+~4.0.5-7) ...
Setting up node-nopt (5.0.0-4) ...
Setting up node-lodash (4.17.21+dfsg+~cs8.31.198.20210220-9) ...
Setting up node-progress (2.0.3-2) ...
Setting up node-json5 (2.2.3+dfsg-1) ...
Setting up node-ms (2.1.3+~cs0.7.31-3) ...
Setting up node-rimraf (3.0.2-2) ...
Setting up node-string-width (4.2.3+~cs13.2.3-1) ...
Setting up node-regenerate (1.4.2-3) ...
Setting up node-semver (7.3.5+~7.3.9-2) ...
Setting up node-picocolors (1.0.0-4) ...
Setting up node-es-abstract (1.20.4+~cs26.27.47-1) ...
Setting up node-builtins (5.0.1-1) ...
Setting up handlebars (3:4.7.7+~4.1.0-1) ...
Setting up node-object-assign (4.1.1-7) ...
Setting up node-is-glob (4.0.3-2) ...
Setting up node-v8-compile-cache (2.3.0-3+deb12u1) ...
Setting up node-flat-cache (3.0.4~6.0.0+~3.0.4+~2.0.0+~1.0.0+~2.0.1-5) ...
Setting up node-is-number (7.0.0-4) ...
Setting up node-babel-plugin-polyfill-corejs2 (0.3.3~0~20220913+ds1-1) ...
Setting up node-for-in (1.0.2-4) ...
Setting up node-webassemblyjs (1.11.4+dfsg+~cs10.11.17-2) ...
Setting up node-strip-json-comments (4.0.0-4) ...
Setting up libnode-dev (18.20.4+dfsg-1~deb12u2) ...
Setting up node-is-extendable (1.0.1-3) ...
Setting up node-columnify (1.6.0+~1.5.1-1) ...
Setting up node-doctrine (3.0.0-4) ...
Setting up node-copy-concurrently (1.0.5-9) ...
Setting up node-ajv (6.12.6-3) ...
Setting up node-jsesc (3.0.2+~3.0.1-1) ...
Setting up node-regjsparser (0.9.1+ds-2) ...
Setting up node-errno (1.0.0-3) ...
Setting up node-decamelize (4.0.0-2) ...
Setting up node-move-concurrently (1.0.1-5) ...
Setting up node-normalize-path (3.0.0+~3.0.0-1) ...
Setting up node-util (0.12.5+~1.0.10-1) ...
Setting up node-functional-red-black-tree (1.0.1+20181105-7) ...
Setting up node-debug (4.3.4+~cs4.1.7-1) ...
Setting up node-agent-base (6.0.2+~cs5.4.2-2) ...
Setting up node-browserslist (4.21.4+~cs6.1.17-2) ...
Setting up node-yargs-parser (21.1.1+~21.0.0-4) ...
Setting up node-make-dir (3.1.0-3) ...
Setting up node-validate-npm-package-name (5.0.0+~4.0.0-1) ...
Setting up node-esrecurse (4.3.0-2) ...
Setting up node-file-entry-cache (6.0.0+~3.0.4+~2.0.0+~1.0.0+~2.0.1-5) ...
Setting up node-wrap-ansi (8.0.1+~8.0.1-3) ...
Setting up node-normalize-package-data (4.0.1+~2.4.1-1) ...
Setting up node-for-own (1.0.0-3) ...
Setting up node-eslint-scope (7.1.1+~3.7.4-1) ...
Setting up node-escodegen (2.0.0+dfsg+~0.0.7-2) ...
Setting up node-memory-fs (0.5.0+~0.3.3-2) ...
Setting up node-babel-helper-define-polyfill-provider (0.3.3~0~20220913+ds1-1) ...
Setting up node-assert (2.0.0+~cs3.9.8-2) ...
Setting up node-cli-table (0.3.11+~cs0.13.4-3) ...
Setting up node-tar (6.1.13+~cs7.0.5-1+deb12u1) ...
Setting up node-regenerate-unicode-properties (10.1.0+ds-1) ...
Setting up node-glob-parent (6.0.2+~5.1.1-2) ...
Setting up node-enhanced-resolve (5.10.0-1) ...
Setting up node-postcss (8.4.20+~cs8.0.23-1+deb12u1) ...
Setting up node-wide-align (1.1.3-4) ...
Setting up node-npm-package-arg (10.0.0+~3.0.0-2) ...
Setting up node-anymatch (3.1.3+~cs4.6.1-2) ...
Setting up node-postcss-modules-extract-imports (3.0.0-2) ...
Setting up node-https-proxy-agent (5.0.1+~cs8.0.0-3) ...
Setting up node-cliui (7.0.4+repack+~cs3.1.0-4) ...
Setting up node-regexpu-core (5.2.2-3) ...
Setting up node-yargs (16.2.0+~16.0.4-7) ...
Setting up node-to-regex-range (5.0.1-4) ...
Setting up node-cacache (17.0.3+~cs10.3.7-1) ...
Setting up node-ajv-keywords (3.5.2-2) ...
Setting up node-read-package-json (5.0.2+~2.0.0-1) ...
Setting up node-core-js-compat (3.26.1-3) ...
Setting up node-clone-deep (4.0.1+~cs7.0.2-1) ...
Setting up eslint (6.4.0~dfsg+~6.1.9-7) ...
Setting up node-babel-plugin-polyfill-regenerator (0.4.1~0~20220913+ds1-1) ...
Setting up node-gauge (4.0.4-1) ...
Setting up node-readdirp (3.6.0-1) ...
Setting up node-icss-utils (5.1.0+~5.1.0-1) ...
Setting up node-npm-bundled (2.0.1-2) ...
Setting up node-schema-utils (3.1.1~ds-2) ...
Setting up node-jest-worker (29.3.1~ds1+~cs70.48.25-2) ...
Setting up node-npmlog (7.0.1+~4.1.4-1) ...
Setting up node-babel-plugin-polyfill-corejs3 (0.6.0~0~20220913+ds1-1) ...
Setting up node-postcss-modules-values (4.0.0+~4.0.0-1) ...
Setting up node-fill-range (7.0.1+~7.0.0-1) ...
Setting up node-gyp (9.3.0-2) ...
Setting up node-braces (3.0.2+~3.0.1-1) ...
Setting up node-chokidar (3.5.3-2) ...
Setting up node-watchpack (2.4.0+~cs2.8.1-1) ...
Setting up node-micromatch (4.0.5+~4.0.2-1) ...
Setting up node-globby (13.1.3+~cs16.25.40-1+deb12u1) ...
Setting up node-del (7.0.0-5) ...
Setting up node-find-cache-dir (3.3.2+~3.2.1-1) ...
Setting up node-babel7 (7.20.15+ds1+~cs214.269.168-3+deb12u2) ...
update-alternatives: using /usr/bin/babeljs-7 to provide /usr/bin/babeljs (babeljs) in auto mode
update-alternatives: using /usr/bin/babeljs-7-external-helpers to provide /usr/bin/babeljs-external-helpers (babeljs-external-helpers) in auto mode
update-alternatives: using /usr/bin/babeljs-7-node to provide /usr/bin/babeljs-node (babeljs-node) in auto mode
update-alternatives: using /usr/bin/babeljs-7-parser to provide /usr/bin/babeljs-parser (babeljs-parser) in auto mode
Setting up node-babel-plugin-lodash (3.3.4+~cs2.0.1-6) ...
Setting up node-jest-debbundle (29.3.1~ds1+~cs70.48.25-2) ...
Setting up node-parse-json (5.2.0+~cs5.1.7-1) ...
Setting up node-read-pkg (5.2.0-2) ...
Setting up node-istanbul (0.4.5+repack10+~cs97.25.57-3) ...
Setting up node-tape (5.6.1+~cs8.20.19-1) ...
Setting up webpack (5.75.0+dfsg+~cs17.16.14-1+deb12u1) ...
Setting up node-css-loader (6.7.2+~cs14.0.11-1) ...
Setting up npm (9.2.0~ds1-1) ...
Processing triggers for libc-bin (2.36-9+deb12u9) ...
Collecting jsonschema==4.26.0
  Downloading jsonschema-4.26.0-py3-none-any.whl (90 kB)
     ━━━━━━━━━━━━━━━━━━━━━━━━━━━━━━━━━━━━━━━━ 90.6/90.6 kB 5.9 MB/s eta 0:00:00
Collecting numpy==2.2.6
  Downloading numpy-2.2.6-cp310-cp310-manylinux_2_17_x86_64.manylinux2014_x86_64.whl (16.8 MB)
     ━━━━━━━━━━━━━━━━━━━━━━━━━━━━━━━━━━━━━━━ 16.8/16.8 MB 387.6 MB/s eta 0:00:00
Collecting opentimelineio==0.18.1
  Downloading opentimelineio-0.18.1-cp310-cp310-manylinux2014_x86_64.manylinux_2_17_x86_64.whl (845 kB)
     ━━━━━━━━━━━━━━━━━━━━━━━━━━━━━━━━━━━━━ 845.1/845.1 kB 427.3 MB/s eta 0:00:00
Collecting pydantic==2.13.4
  Downloading pydantic-2.13.4-py3-none-any.whl (472 kB)
     ━━━━━━━━━━━━━━━━━━━━━━━━━━━━━━━━━━━━━ 472.3/472.3 kB 416.1 MB/s eta 0:00:00
Collecting rich==15.0.0
  Downloading rich-15.0.0-py3-none-any.whl (310 kB)
     ━━━━━━━━━━━━━━━━━━━━━━━━━━━━━━━━━━━━━ 310.7/310.7 kB 415.0 MB/s eta 0:00:00
Collecting typer==0.25.1
  Downloading typer-0.25.1-py3-none-any.whl (58 kB)
     ━━━━━━━━━━━━━━━━━━━━━━━━━━━━━━━━━━━━━━━ 58.4/58.4 kB 311.2 MB/s eta 0:00:00
Collecting referencing>=0.28.4
  Downloading referencing-0.37.0-py3-none-any.whl (26 kB)
Collecting attrs>=22.2.0
  Downloading attrs-26.1.0-py3-none-any.whl (67 kB)
     ━━━━━━━━━━━━━━━━━━━━━━━━━━━━━━━━━━━━━━━ 67.5/67.5 kB 319.8 MB/s eta 0:00:00
Collecting rpds-py>=0.25.0
  Downloading rpds_py-0.30.0-cp310-cp310-manylinux_2_17_x86_64.manylinux2014_x86_64.whl (390 kB)
     ━━━━━━━━━━━━━━━━━━━━━━━━━━━━━━━━━━━━━ 390.5/390.5 kB 119.6 MB/s eta 0:00:00
Collecting jsonschema-specifications>=2023.03.6
  Downloading jsonschema_specifications-2025.9.1-py3-none-any.whl (18 kB)
Collecting typing-extensions>=4.14.1
  Downloading typing_extensions-4.16.0-py3-none-any.whl (45 kB)
     ━━━━━━━━━━━━━━━━━━━━━━━━━━━━━━━━━━━━━━━ 45.6/45.6 kB 342.7 MB/s eta 0:00:00
Collecting annotated-types>=0.6.0
  Downloading annotated_types-0.8.0-py3-none-any.whl (13 kB)
Collecting typing-inspection>=0.4.2
  Downloading typing_inspection-0.4.4-py3-none-any.whl (14 kB)
Collecting pydantic-core==2.46.4
  Downloading pydantic_core-2.46.4-cp310-cp310-manylinux_2_17_x86_64.manylinux2014_x86_64.whl (2.1 MB)
     ━━━━━━━━━━━━━━━━━━━━━━━━━━━━━━━━━━━━━━━━ 2.1/2.1 MB 209.0 MB/s eta 0:00:00
Collecting markdown-it-py>=2.2.0
  Downloading markdown_it_py-4.2.0-py3-none-any.whl (91 kB)
     ━━━━━━━━━━━━━━━━━━━━━━━━━━━━━━━━━━━━━━━ 91.7/91.7 kB 348.4 MB/s eta 0:00:00
Collecting pygments<3.0.0,>=2.13.0
  Downloading pygments-2.21.0-py3-none-any.whl (1.3 MB)
     ━━━━━━━━━━━━━━━━━━━━━━━━━━━━━━━━━━━━━━━━ 1.3/1.3 MB 425.9 MB/s eta 0:00:00
Collecting shellingham>=1.3.0
  Downloading shellingham-1.5.4-py2.py3-none-any.whl (9.8 kB)
Collecting click>=8.2.1
  Downloading click-8.5.0-py3-none-any.whl (125 kB)
     ━━━━━━━━━━━━━━━━━━━━━━━━━━━━━━━━━━━━━ 125.3/125.3 kB 356.1 MB/s eta 0:00:00
Collecting annotated-doc>=0.0.2
  Downloading annotated_doc-0.0.5-py3-none-any.whl (5.3 kB)
Collecting mdurl~=0.1
  Downloading mdurl-0.1.2-py3-none-any.whl (10.0 kB)
Installing collected packages: typing-extensions, shellingham, rpds-py, pygments, opentimelineio, numpy, mdurl, click, attrs, annotated-types, annotated-doc, typing-inspection, referencing, pydantic-core, markdown-it-py, rich, pydantic, jsonschema-specifications, typer, jsonschema
Successfully installed annotated-doc-0.0.5 annotated-types-0.8.0 attrs-26.1.0 click-8.5.0 jsonschema-4.26.0 jsonschema-specifications-2025.9.1 markdown-it-py-4.2.0 mdurl-0.1.2 numpy-2.2.6 opentimelineio-0.18.1 pydantic-2.13.4 pydantic-core-2.46.4 pygments-2.21.0 referencing-0.37.0 rich-15.0.0 rpds-py-0.30.0 shellingham-1.5.4 typer-0.25.1 typing-extensions-4.16.0 typing-inspection-0.4.4
WARNING: Running pip as the 'root' user can result in broken permissions and conflicting behaviour with the system package manager. It is recommended to use a virtual environment instead: https://pip.pypa.io/warnings/venv

[notice] A new release of pip is available: 23.0.1 -> 26.2.1
[notice] To update, run: pip install --upgrade pip

added 2 packages, and audited 3 packages in 1s

1 high severity vulnerability

To address all issues, run:
  npm audit fix --force

Run `npm audit` for details.
Installing dependencies...
Get:1 http://deb.debian.org/debian bookworm InRelease [151 kB]
Get:2 http://deb.debian.org/debian bookworm-updates InRelease [55.4 kB]
Get:3 http://deb.debian.org/debian-security bookworm-security InRelease [34.8 kB]
Get:4 http://deb.debian.org/debian bookworm/main amd64 Packages [8790 kB]
Get:5 http://deb.debian.org/debian bookworm-updates/main amd64 Packages [6924 B]
Get:6 http://deb.debian.org/debian-security bookworm-security/main amd64 Packages [335 kB]
Fetched 9374 kB in 1s (8264 kB/s)
Reading package lists...
Reading package lists...
Building dependency tree...
Reading state information...
libasound2 is already the newest version (1.2.8-1+b1).
libasound2 set to manually installed.
libcairo2 is already the newest version (1.16.0-7).
libcairo2 set to manually installed.
libdbus-1-3 is already the newest version (1.14.10-1~deb12u1).
libdbus-1-3 set to manually installed.
libdrm2 is already the newest version (2.4.114-1+b1).
libdrm2 set to manually installed.
libgbm1 is already the newest version (22.3.6-1+deb12u2).
libgbm1 set to manually installed.
libglib2.0-0 is already the newest version (2.74.6-2+deb12u9).
libglib2.0-0 set to manually installed.
libpango-1.0-0 is already the newest version (1.50.12+ds-1).
libpango-1.0-0 set to manually installed.
libx11-6 is already the newest version (2:1.8.4-2+deb12u2).
libx11-6 set to manually installed.
libxcb1 is already the newest version (1.15-1).
libxcb1 set to manually installed.
libxext6 is already the newest version (2:1.3.4-1+b1).
libxext6 set to manually installed.
libxfixes3 is already the newest version (1:6.0.0-2).
libxfixes3 set to manually installed.
libxkbcommon0 is already the newest version (1.5.0-1).
libxkbcommon0 set to manually installed.
libxrandr2 is already the newest version (2:1.5.2-2+b1).
libxrandr2 set to manually installed.
libfontconfig1 is already the newest version (2.14.1-4).
libfontconfig1 set to manually installed.
libfreetype6 is already the newest version (2.12.1+dfsg-5+deb12u4).
libfreetype6 set to manually installed.
fonts-liberation is already the newest version (1:1.07.4-11).
The following additional packages will be installed:
  at-spi2-common libavahi-client3 libavahi-common-data libavahi-common3
  libfontenc1 libice6 libsm6 libunwind8 libxaw7 libxfont2 libxkbfile1 libxmu6
  libxpm4 libxt6 x11-xkb-utils xfonts-encodings xfonts-utils xserver-common
Suggested packages:
  cups-common
Recommended packages:
  fonts-ipafont-mincho fonts-tlwg-loma at-spi2-core xfonts-base xauth
The following NEW packages will be installed:
  at-spi2-common fonts-freefont-ttf fonts-ipafont-gothic
  fonts-noto-color-emoji fonts-tlwg-loma-otf fonts-unifont fonts-wqy-zenhei
  libatk-bridge2.0-0 libatk1.0-0 libatspi2.0-0 libavahi-client3
  libavahi-common-data libavahi-common3 libcups2 libfontenc1 libice6 libnspr4
  libnss3 libsm6 libunwind8 libxaw7 libxcomposite1 libxdamage1 libxfont2
  libxkbfile1 libxmu6 libxpm4 libxt6 x11-xkb-utils xfonts-encodings
  xfonts-scalable xfonts-utils xserver-common xvfb
0 upgraded, 34 newly installed, 0 to remove and 42 not upgraded.
Need to get 35.4 MB of archives.
After this operation, 81.6 MB of additional disk space will be used.
Get:1 http://deb.debian.org/debian bookworm/main amd64 fonts-ipafont-gothic all 00303-23 [3515 kB]
Get:2 http://deb.debian.org/debian bookworm/main amd64 at-spi2-common all 2.46.0-5 [162 kB]
Get:3 http://deb.debian.org/debian bookworm/main amd64 fonts-freefont-ttf all 20120503-10 [2552 kB]
Get:4 http://deb.debian.org/debian bookworm/main amd64 fonts-noto-color-emoji all 2.042-0+deb12u1 [9894 kB]
Get:5 http://deb.debian.org/debian bookworm/main amd64 fonts-tlwg-loma-otf all 1:0.7.3-1 [147 kB]
Get:6 http://deb.debian.org/debian bookworm/main amd64 fonts-unifont all 1:15.0.01-2 [2019 kB]
Get:7 http://deb.debian.org/debian bookworm/main amd64 fonts-wqy-zenhei all 0.9.45-8 [7479 kB]
Get:8 http://deb.debian.org/debian bookworm/main amd64 libatk1.0-0 amd64 2.46.0-5 [49.6 kB]
Get:9 http://deb.debian.org/debian bookworm/main amd64 libatspi2.0-0 amd64 2.46.0-5 [75.4 kB]
Get:10 http://deb.debian.org/debian bookworm/main amd64 libatk-bridge2.0-0 amd64 2.46.0-5 [64.6 kB]
Get:11 http://deb.debian.org/debian bookworm/main amd64 libavahi-common-data amd64 0.8-10+deb12u1 [107 kB]
Get:12 http://deb.debian.org/debian bookworm/main amd64 libavahi-common3 amd64 0.8-10+deb12u1 [42.1 kB]
Get:13 http://deb.debian.org/debian bookworm/main amd64 libavahi-client3 amd64 0.8-10+deb12u1 [45.8 kB]
Get:14 http://deb.debian.org/debian bookworm/main amd64 libcups2 amd64 2.4.2-3+deb12u9 [245 kB]
Get:15 http://deb.debian.org/debian bookworm/main amd64 libfontenc1 amd64 1:1.1.4-1 [24.3 kB]
Get:16 http://deb.debian.org/debian bookworm/main amd64 libice6 amd64 2:1.0.10-1 [58.5 kB]
Get:17 http://deb.debian.org/debian bookworm/main amd64 libnspr4 amd64 2:4.35-1 [113 kB]
Get:18 http://deb.debian.org/debian-security bookworm-security/main amd64 libnss3 amd64 2:3.87.1-1+deb12u4 [1331 kB]
Get:19 http://deb.debian.org/debian bookworm/main amd64 libsm6 amd64 2:1.2.3-1 [35.1 kB]
Get:20 http://deb.debian.org/debian bookworm/main amd64 libunwind8 amd64 1.6.2-3 [51.2 kB]
Get:21 http://deb.debian.org/debian bookworm/main amd64 libxt6 amd64 1:1.2.1-1.1 [186 kB]
Get:22 http://deb.debian.org/debian bookworm/main amd64 libxmu6 amd64 2:1.1.3-3 [60.1 kB]
Get:23 http://deb.debian.org/debian bookworm/main amd64 libxpm4 amd64 1:3.5.12-1.1+deb12u1 [48.6 kB]
Get:24 http://deb.debian.org/debian bookworm/main amd64 libxaw7 amd64 2:1.0.14-1 [201 kB]
Get:25 http://deb.debian.org/debian bookworm/main amd64 libxcomposite1 amd64 1:0.4.5-1 [16.6 kB]
Get:26 http://deb.debian.org/debian bookworm/main amd64 libxdamage1 amd64 1:1.1.6-1 [15.1 kB]
Get:27 http://deb.debian.org/debian-security bookworm-security/main amd64 libxfont2 amd64 1:2.0.6-1+deb12u1 [132 kB]
Get:28 http://deb.debian.org/debian bookworm/main amd64 libxkbfile1 amd64 1:1.1.0-1 [75.2 kB]
Get:29 http://deb.debian.org/debian bookworm/main amd64 x11-xkb-utils amd64 7.7+7 [165 kB]
Get:30 http://deb.debian.org/debian bookworm/main amd64 xfonts-encodings all 1:1.0.4-2.2 [577 kB]
Get:31 http://deb.debian.org/debian bookworm/main amd64 xfonts-utils amd64 1:7.7+6 [93.0 kB]
Get:32 http://deb.debian.org/debian bookworm/main amd64 xfonts-scalable all 1:1.0.3-1.3 [306 kB]
Get:33 http://deb.debian.org/debian-security bookworm-security/main amd64 xserver-common all 2:21.1.7-3+deb12u13 [2384 kB]
Get:34 http://deb.debian.org/debian-security bookworm-security/main amd64 xvfb amd64 2:21.1.7-3+deb12u13 [3154 kB]
Fetched 35.4 MB in 0s (235 MB/s)
debconf: delaying package configuration, since apt-utils is not installed
Selecting previously unselected package fonts-ipafont-gothic.
(Reading database ... (Reading database ... 5%(Reading database ... 10%(Reading database ... 15%(Reading database ... 20%(Reading database ... 25%(Reading database ... 30%(Reading database ... 35%(Reading database ... 40%(Reading database ... 45%(Reading database ... 50%(Reading database ... 55%(Reading database ... 60%(Reading database ... 65%(Reading database ... 70%(Reading database ... 75%(Reading database ... 80%(Reading database ... 85%(Reading database ... 90%(Reading database ... 95%(Reading database ... 100%(Reading database ... 38692 files and directories currently installed.)
Preparing to unpack .../00-fonts-ipafont-gothic_00303-23_all.deb ...
Unpacking fonts-ipafont-gothic (00303-23) ...
Selecting previously unselected package at-spi2-common.
Preparing to unpack .../01-at-spi2-common_2.46.0-5_all.deb ...
Unpacking at-spi2-common (2.46.0-5) ...
Selecting previously unselected package fonts-freefont-ttf.
Preparing to unpack .../02-fonts-freefont-ttf_20120503-10_all.deb ...
Unpacking fonts-freefont-ttf (20120503-10) ...
Selecting previously unselected package fonts-noto-color-emoji.
Preparing to unpack .../03-fonts-noto-color-emoji_2.042-0+deb12u1_all.deb ...
Unpacking fonts-noto-color-emoji (2.042-0+deb12u1) ...
Selecting previously unselected package fonts-tlwg-loma-otf.
Preparing to unpack .../04-fonts-tlwg-loma-otf_1%3a0.7.3-1_all.deb ...
Unpacking fonts-tlwg-loma-otf (1:0.7.3-1) ...
Selecting previously unselected package fonts-unifont.
Preparing to unpack .../05-fonts-unifont_1%3a15.0.01-2_all.deb ...
Unpacking fonts-unifont (1:15.0.01-2) ...
Selecting previously unselected package fonts-wqy-zenhei.
Preparing to unpack .../06-fonts-wqy-zenhei_0.9.45-8_all.deb ...
Unpacking fonts-wqy-zenhei (0.9.45-8) ...
Selecting previously unselected package libatk1.0-0:amd64.
Preparing to unpack .../07-libatk1.0-0_2.46.0-5_amd64.deb ...
Unpacking libatk1.0-0:amd64 (2.46.0-5) ...
Selecting previously unselected package libatspi2.0-0:amd64.
Preparing to unpack .../08-libatspi2.0-0_2.46.0-5_amd64.deb ...
Unpacking libatspi2.0-0:amd64 (2.46.0-5) ...
Selecting previously unselected package libatk-bridge2.0-0:amd64.
Preparing to unpack .../09-libatk-bridge2.0-0_2.46.0-5_amd64.deb ...
Unpacking libatk-bridge2.0-0:amd64 (2.46.0-5) ...
Selecting previously unselected package libavahi-common-data:amd64.
Preparing to unpack .../10-libavahi-common-data_0.8-10+deb12u1_amd64.deb ...
Unpacking libavahi-common-data:amd64 (0.8-10+deb12u1) ...
Selecting previously unselected package libavahi-common3:amd64.
Preparing to unpack .../11-libavahi-common3_0.8-10+deb12u1_amd64.deb ...
Unpacking libavahi-common3:amd64 (0.8-10+deb12u1) ...
Selecting previously unselected package libavahi-client3:amd64.
Preparing to unpack .../12-libavahi-client3_0.8-10+deb12u1_amd64.deb ...
Unpacking libavahi-client3:amd64 (0.8-10+deb12u1) ...
Selecting previously unselected package libcups2:amd64.
Preparing to unpack .../13-libcups2_2.4.2-3+deb12u9_amd64.deb ...
Unpacking libcups2:amd64 (2.4.2-3+deb12u9) ...
Selecting previously unselected package libfontenc1:amd64.
Preparing to unpack .../14-libfontenc1_1%3a1.1.4-1_amd64.deb ...
Unpacking libfontenc1:amd64 (1:1.1.4-1) ...
Selecting previously unselected package libice6:amd64.
Preparing to unpack .../15-libice6_2%3a1.0.10-1_amd64.deb ...
Unpacking libice6:amd64 (2:1.0.10-1) ...
Selecting previously unselected package libnspr4:amd64.
Preparing to unpack .../16-libnspr4_2%3a4.35-1_amd64.deb ...
Unpacking libnspr4:amd64 (2:4.35-1) ...
Selecting previously unselected package libnss3:amd64.
Preparing to unpack .../17-libnss3_2%3a3.87.1-1+deb12u4_amd64.deb ...
Unpacking libnss3:amd64 (2:3.87.1-1+deb12u4) ...
Selecting previously unselected package libsm6:amd64.
Preparing to unpack .../18-libsm6_2%3a1.2.3-1_amd64.deb ...
Unpacking libsm6:amd64 (2:1.2.3-1) ...
Selecting previously unselected package libunwind8:amd64.
Preparing to unpack .../19-libunwind8_1.6.2-3_amd64.deb ...
Unpacking libunwind8:amd64 (1.6.2-3) ...
Selecting previously unselected package libxt6:amd64.
Preparing to unpack .../20-libxt6_1%3a1.2.1-1.1_amd64.deb ...
Unpacking libxt6:amd64 (1:1.2.1-1.1) ...
Selecting previously unselected package libxmu6:amd64.
Preparing to unpack .../21-libxmu6_2%3a1.1.3-3_amd64.deb ...
Unpacking libxmu6:amd64 (2:1.1.3-3) ...
Selecting previously unselected package libxpm4:amd64.
Preparing to unpack .../22-libxpm4_1%3a3.5.12-1.1+deb12u1_amd64.deb ...
Unpacking libxpm4:amd64 (1:3.5.12-1.1+deb12u1) ...
Selecting previously unselected package libxaw7:amd64.
Preparing to unpack .../23-libxaw7_2%3a1.0.14-1_amd64.deb ...
Unpacking libxaw7:amd64 (2:1.0.14-1) ...
Selecting previously unselected package libxcomposite1:amd64.
Preparing to unpack .../24-libxcomposite1_1%3a0.4.5-1_amd64.deb ...
Unpacking libxcomposite1:amd64 (1:0.4.5-1) ...
Selecting previously unselected package libxdamage1:amd64.
Preparing to unpack .../25-libxdamage1_1%3a1.1.6-1_amd64.deb ...
Unpacking libxdamage1:amd64 (1:1.1.6-1) ...
Selecting previously unselected package libxfont2:amd64.
Preparing to unpack .../26-libxfont2_1%3a2.0.6-1+deb12u1_amd64.deb ...
Unpacking libxfont2:amd64 (1:2.0.6-1+deb12u1) ...
Selecting previously unselected package libxkbfile1:amd64.
Preparing to unpack .../27-libxkbfile1_1%3a1.1.0-1_amd64.deb ...
Unpacking libxkbfile1:amd64 (1:1.1.0-1) ...
Selecting previously unselected package x11-xkb-utils.
Preparing to unpack .../28-x11-xkb-utils_7.7+7_amd64.deb ...
Unpacking x11-xkb-utils (7.7+7) ...
Selecting previously unselected package xfonts-encodings.
Preparing to unpack .../29-xfonts-encodings_1%3a1.0.4-2.2_all.deb ...
Unpacking xfonts-encodings (1:1.0.4-2.2) ...
Selecting previously unselected package xfonts-utils.
Preparing to unpack .../30-xfonts-utils_1%3a7.7+6_amd64.deb ...
Unpacking xfonts-utils (1:7.7+6) ...
Selecting previously unselected package xfonts-scalable.
Preparing to unpack .../31-xfonts-scalable_1%3a1.0.3-1.3_all.deb ...
Unpacking xfonts-scalable (1:1.0.3-1.3) ...
Selecting previously unselected package xserver-common.
Preparing to unpack .../32-xserver-common_2%3a21.1.7-3+deb12u13_all.deb ...
Unpacking xserver-common (2:21.1.7-3+deb12u13) ...
Selecting previously unselected package xvfb.
Preparing to unpack .../33-xvfb_2%3a21.1.7-3+deb12u13_amd64.deb ...
Unpacking xvfb (2:21.1.7-3+deb12u13) ...
Setting up libice6:amd64 (2:1.0.10-1) ...
Setting up libxdamage1:amd64 (1:1.1.6-1) ...
Setting up libxpm4:amd64 (1:3.5.12-1.1+deb12u1) ...
Setting up fonts-noto-color-emoji (2.042-0+deb12u1) ...
Setting up fonts-wqy-zenhei (0.9.45-8) ...
Setting up fonts-freefont-ttf (20120503-10) ...
Setting up libatspi2.0-0:amd64 (2.46.0-5) ...
Setting up libunwind8:amd64 (1.6.2-3) ...
Setting up libfontenc1:amd64 (1:1.1.4-1) ...
Setting up fonts-tlwg-loma-otf (1:0.7.3-1) ...
Setting up libnspr4:amd64 (2:4.35-1) ...
Setting up libavahi-common-data:amd64 (0.8-10+deb12u1) ...
Setting up xfonts-encodings (1:1.0.4-2.2) ...
Setting up fonts-ipafont-gothic (00303-23) ...
update-alternatives: using /usr/share/fonts/opentype/ipafont-gothic/ipag.ttf to provide /usr/share/fonts/truetype/fonts-japanese-gothic.ttf (fonts-japanese-gothic.ttf) in auto mode
Setting up at-spi2-common (2.46.0-5) ...
Setting up libatk1.0-0:amd64 (2.46.0-5) ...
Setting up libxkbfile1:amd64 (1:1.1.0-1) ...
Setting up libxcomposite1:amd64 (1:0.4.5-1) ...
Setting up libsm6:amd64 (2:1.2.3-1) ...
Setting up libxfont2:amd64 (1:2.0.6-1+deb12u1) ...
Setting up fonts-unifont (1:15.0.01-2) ...
Setting up libavahi-common3:amd64 (0.8-10+deb12u1) ...
Setting up libnss3:amd64 (2:3.87.1-1+deb12u4) ...
Setting up xfonts-utils (1:7.7+6) ...
Setting up libatk-bridge2.0-0:amd64 (2.46.0-5) ...
Setting up libxt6:amd64 (1:1.2.1-1.1) ...
Setting up libavahi-client3:amd64 (0.8-10+deb12u1) ...
Setting up xfonts-scalable (1:1.0.3-1.3) ...
Setting up libxmu6:amd64 (2:1.1.3-3) ...
Setting up libxaw7:amd64 (2:1.0.14-1) ...
Setting up libcups2:amd64 (2.4.2-3+deb12u9) ...
Setting up x11-xkb-utils (7.7+7) ...
Setting up xserver-common (2:21.1.7-3+deb12u13) ...
Setting up xvfb (2:21.1.7-3+deb12u13) ...
Processing triggers for fontconfig (2.14.1-4) ...
Processing triggers for libc-bin (2.36-9+deb12u9) ...
Downloading Chromium 138.0.7204.23 (playwright build v1179) from https://cdn.playwright.dev/dbazure/download/playwright/builds/chromium/1179/chromium-linux.zip
|                                                                                |   0% of 171.6 MiB
|■■■■■■■■                                                                        |  10% of 171.6 MiB
|■■■■■■■■■■■■■■■■                                                                |  20% of 171.6 MiB
|■■■■■■■■■■■■■■■■■■■■■■■■                                                        |  30% of 171.6 MiB
|■■■■■■■■■■■■■■■■■■■■■■■■■■■■■■■■                                                |  40% of 171.6 MiB
|■■■■■■■■■■■■■■■■■■■■■■■■■■■■■■■■■■■■■■■■                                        |  50% of 171.6 MiB
|■■■■■■■■■■■■■■■■■■■■■■■■■■■■■■■■■■■■■■■■■■■■■■■■                                |  60% of 171.6 MiB
|■■■■■■■■■■■■■■■■■■■■■■■■■■■■■■■■■■■■■■■■■■■■■■■■■■■■■■■■                        |  70% of 171.6 MiB
|■■■■■■■■■■■■■■■■■■■■■■■■■■■■■■■■■■■■■■■■■■■■■■■■■■■■■■■■■■■■■■■■                |  80% of 171.6 MiB
|■■■■■■■■■■■■■■■■■■■■■■■■■■■■■■■■■■■■■■■■■■■■■■■■■■■■■■■■■■■■■■■■■■■■■■■■        |  90% of 171.6 MiB
|■■■■■■■■■■■■■■■■■■■■■■■■■■■■■■■■■■■■■■■■■■■■■■■■■■■■■■■■■■■■■■■■■■■■■■■■■■■■■■■■| 100% of 171.6 MiB
Chromium 138.0.7204.23 (playwright build v1179) downloaded to /ms-playwright/chromium-1179
Downloading FFMPEG playwright build v1011 from https://cdn.playwright.dev/dbazure/download/playwright/builds/ffmpeg/1011/ffmpeg-linux.zip
|                                                                                |   0% of 2.3 MiB
|■■■■■■■■                                                                        |  10% of 2.3 MiB
|■■■■■■■■■■■■■■■■                                                                |  20% of 2.3 MiB
|■■■■■■■■■■■■■■■■■■■■■■■■                                                        |  30% of 2.3 MiB
|■■■■■■■■■■■■■■■■■■■■■■■■■■■■■■■■                                                |  40% of 2.3 MiB
|■■■■■■■■■■■■■■■■■■■■■■■■■■■■■■■■■■■■■■■■                                        |  50% of 2.3 MiB
|■■■■■■■■■■■■■■■■■■■■■■■■■■■■■■■■■■■■■■■■■■■■■■■■                                |  60% of 2.3 MiB
|■■■■■■■■■■■■■■■■■■■■■■■■■■■■■■■■■■■■■■■■■■■■■■■■■■■■■■■■                        |  70% of 2.3 MiB
|■■■■■■■■■■■■■■■■■■■■■■■■■■■■■■■■■■■■■■■■■■■■■■■■■■■■■■■■■■■■■■■■                |  80% of 2.3 MiB
|■■■■■■■■■■■■■■■■■■■■■■■■■■■■■■■■■■■■■■■■■■■■■■■■■■■■■■■■■■■■■■■■■■■■■■■■        |  90% of 2.3 MiB
|■■■■■■■■■■■■■■■■■■■■■■■■■■■■■■■■■■■■■■■■■■■■■■■■■■■■■■■■■■■■■■■■■■■■■■■■■■■■■■■■| 100% of 2.3 MiB
FFMPEG playwright build v1011 downloaded to /ms-playwright/ffmpeg-1011
Downloading Chromium Headless Shell 138.0.7204.23 (playwright build v1179) from https://cdn.playwright.dev/dbazure/download/playwright/builds/chromium/1179/chromium-headless-shell-linux.zip
|                                                                                |   0% of 104.5 MiB
|■■■■■■■■                                                                        |  10% of 104.5 MiB
|■■■■■■■■■■■■■■■■                                                                |  20% of 104.5 MiB
|■■■■■■■■■■■■■■■■■■■■■■■■                                                        |  30% of 104.5 MiB
|■■■■■■■■■■■■■■■■■■■■■■■■■■■■■■■■                                                |  40% of 104.5 MiB
|■■■■■■■■■■■■■■■■■■■■■■■■■■■■■■■■■■■■■■■■                                        |  50% of 104.5 MiB
|■■■■■■■■■■■■■■■■■■■■■■■■■■■■■■■■■■■■■■■■■■■■■■■■                                |  60% of 104.5 MiB
|■■■■■■■■■■■■■■■■■■■■■■■■■■■■■■■■■■■■■■■■■■■■■■■■■■■■■■■■                        |  70% of 104.5 MiB
|■■■■■■■■■■■■■■■■■■■■■■■■■■■■■■■■■■■■■■■■■■■■■■■■■■■■■■■■■■■■■■■■                |  80% of 104.5 MiB
|■■■■■■■■■■■■■■■■■■■■■■■■■■■■■■■■■■■■■■■■■■■■■■■■■■■■■■■■■■■■■■■■■■■■■■■■        |  90% of 104.5 MiB
|■■■■■■■■■■■■■■■■■■■■■■■■■■■■■■■■■■■■■■■■■■■■■■■■■■■■■■■■■■■■■■■■■■■■■■■■■■■■■■■■| 100% of 104.5 MiB
Chromium Headless Shell 138.0.7204.23 (playwright build v1179) downloaded to /ms-playwright/chromium_headless_shell-1179
