corpus,id,live_k,ambient_n,op_family,shape,current_engine,cm_instructions,cse_flat_instructions,raw_instructions,cm_executed_bigint_ops,cse_flat_executed_bigint_ops,raw_executed_bigint_ops,cm_executed_word_ops,cse_flat_executed_word_ops,raw_executed_word_ops,cm_current_ns_median,cm_wrapper_ns_median,cse_flat_current_ns_median,raw_current_ns_median,cm_current_over_cse_flat_current,cm_wrapper_over_cse_flat_current,cm_current_over_raw_current,cm_wrapper_over_raw_current,cse_flat_current_over_raw_current,cm_flat_ns_median,cm_words_ns_median,cse_flat_flat_ns_median,cse_flat_words_ns_median,raw_flat_ns_median,raw_words_ns_median,truth_sha256_expected,packed_sha256,packed_equal_all_arms,batch,rounds
b2,b2-k4-xor_dom-tree-1-8b6c553e4c62,4,4,xor_dom,tree,flat,6,6,6,9,9,9,7,7,7,2335.5,12978.5,2531.0,1979.5,0.9227578032398261,5.127815092848676,1.1798433947966658,6.556453649911594,1.2786057085122506,2101.0,2186.0,2432.0,2399.5,1759.5,1833.0,8e05696833e6832e8ad694ea4bef56ad3e4d9944c35799f8a67e1fc7312907e6,8e05696833e6832e8ad694ea4bef56ad3e4d9944c35799f8a67e1fc7312907e6,True,100,24
b2,b2-k4-xor_dom-tree-2-186a2a5c9bf0,4,4,xor_dom,tree,flat,2,2,3,3,3,3,3,3,3,1465.0,11911.0,1673.0,1404.5,0.8756724447101016,7.119545726240287,1.0430758276966892,8.48059807760769,1.1911712353150588,1329.0,1403.5,1640.5,1610.0,1262.5,1347.0,a22175a602c02145cc695f9333f8ddfcc5cf32cebe88d461f157889dfd8e9468,a22175a602c02145cc695f9333f8ddfcc5cf32cebe88d461f157889dfd8e9468,True,100,24
b2,b2-k4-xor_dom-tree-3-128078f3da7b,4,4,xor_dom,tree,flat,7,7,8,11,11,11,8,8,8,2400.5,12749.5,2642.0,2159.5,0.9085919757759273,4.825700227100682,1.111599907385969,5.903912942810836,1.2234313498495022,2283.0,2349.0,2595.5,2569.5,1968.5,2046.0,62e7c221122cae8423ae3abd29d9fc9c53287f46a67c831dc0fd497948602a48,62e7c221122cae8423ae3abd29d9fc9c53287f46a67c831dc0fd497948602a48,True,100,24
b2,b2-k4-xor_dom-tree-4-9a5b24a5b691,4,4,xor_dom,tree,flat,2,2,5,3,5,5,3,5,5,1488.5,11593.0,1781.5,1700.0,0.8355318551782206,6.507437552624193,0.8755882352941177,6.819411764705882,1.0479411764705882,1321.5,1403.0,1684.0,1648.5,1508.5,1591.5,bf03ae910baf5f6fdb652b910c8004017dd76989a1ecd128aef435bdf5bfdff9,bf03ae910baf5f6fdb652b910c8004017dd76989a1ecd128aef435bdf5bfdff9,True,100,24
b2,b2-k4-xor_dom-shared-1-b3e4cd19e589,4,4,xor_dom,shared,flat,4,5,17,7,12,19,6,11,18,1970.5,12409.0,2601.0,3565.5,0.7575932333717801,4.7708573625528645,0.5526574113027626,3.480297293507222,0.7294909549852756,1835.0,1923.0,2585.0,2536.0,3373.0,3464.5,9a83c6cb1126d93de4a30715b28f1f4b26b983c57fb39e6d826d7e893ae4ee74,9a83c6cb1126d93de4a30715b28f1f4b26b983c57fb39e6d826d7e893ae4ee74,True,100,24
b2,b2-k4-xor_dom-shared-2-d4c0909c8173,4,4,xor_dom,shared,flat,7,8,27,14,18,29,12,16,27,2731.0,13299.5,3315.5,4954.5,0.823706831548786,4.0113105112351075,0.5512160662024422,2.6843273791502673,0.6691896255928953,2585.5,2677.5,3297.0,3248.5,4746.5,4842.5,bfa9ad6c53bd4fa5c103452ec0f0c7e0d582abdd55bb8f39362c766dd459e870,bfa9ad6c53bd4fa5c103452ec0f0c7e0d582abdd55bb8f39362c766dd459e870,True,100,24
b2,b2-k4-xor_dom-shared-3-88f8242fa307,4,4,xor_dom,shared,flat,4,6,23,8,17,24,7,16,23,2013.5,12784.5,2983.5,4357.0,0.6748784984079101,4.285067873303167,0.46212990589855407,2.9342437456965804,0.6847601560706909,1743.0,1827.0,2742.5,2712.0,3908.0,3963.5,ae8f3419f2285fc482b01c8e22707b13699ad50038026ce4618391aa1c675671,ae8f3419f2285fc482b01c8e22707b13699ad50038026ce4618391aa1c675671,True,100,24
b2,b2-k4-xor_dom-shared-4-28c644b1084a,4,4,xor_dom,shared,flat,6,8,21,9,16,23,8,15,22,2343.0,12365.0,3273.0,3963.0,0.7158570119156737,3.7778796211426826,0.5912187736563209,3.120111026999748,0.825889477668433,2296.5,2398.5,3391.5,3339.5,3980.5,4078.0,8fe99e1d4b27948fd5e99e3883f6e2954b653363a4874606a09becab762842ad,8fe99e1d4b27948fd5e99e3883f6e2954b653363a4874606a09becab762842ad,True,100,24
b2,b2-k4-andor_dom-tree-1-ea13a53017b8,4,4,andor_dom,tree,flat,2,2,3,5,5,5,4,4,4,1521.5,11520.0,1741.0,1512.0,0.8739230327398048,6.616886846639862,1.0062830687830688,7.619047619047619,1.1514550264550265,1343.5,1431.0,1661.0,1616.5,1317.0,1397.0,0d9ba34f231adf13041d4ad21fdfbf7209755748963a9c4683e00cef9a30f068,0d9ba34f231adf13041d4ad21fdfbf7209755748963a9c4683e00cef9a30f068,True,100,24
b2,b2-k4-andor_dom-tree-2-e674d60a6337,4,4,andor_dom,tree,flat,5,5,5,6,6,6,5,5,5,2004.5,12029.0,2251.5,1673.0,0.890295358649789,5.342660448589829,1.1981470412432755,7.190077704722056,1.3457860131500299,1835.0,1919.0,2221.0,2169.5,1485.0,1570.0,40b7b0acaa3a96600fe748a9adb72e7d390fff319c0a222f724ecd7159384a8d,40b7b0acaa3a96600fe748a9adb72e7d390fff319c0a222f724ecd7159384a8d,True,100,24
b2,b2-k4-andor_dom-tree-3-269b85d31c4b,4,4,andor_dom,tree,flat,3,3,3,5,5,5,4,4,4,1629.5,11629.0,1859.0,1458.0,0.8765465303926843,6.255513717052178,1.1176268861454046,7.97599451303155,1.275034293552812,1465.0,1567.0,1782.0,1742.5,1257.5,1341.0,5eace7caa8a101d3105c0c338da64e3d62dd7d90b1e4f9a2846f43f9e99ab977,5eace7caa8a101d3105c0c338da64e3d62dd7d90b1e4f9a2846f43f9e99ab977,True,100,24
b2,b2-k4-andor_dom-tree-4-d96f9fff14ea,4,4,andor_dom,tree,flat,5,5,5,5,5,5,5,5,5,2042.5,12165.5,2276.0,1637.0,0.8974077328646749,5.3451230228471,1.2477092241905925,7.431582162492364,1.3903481979230299,1921.5,2013.5,2263.5,2211.5,1486.0,1564.5,830dcc860e2f53775bdab51b1b2ff210ce23f6366ac76fba9168f62702456c31,830dcc860e2f53775bdab51b1b2ff210ce23f6366ac76fba9168f62702456c31,True,100,24
b2,b2-k4-andor_dom-shared-1-17ce9f3e12c6,4,4,andor_dom,shared,flat,7,8,22,15,16,26,14,15,24,2721.5,12926.5,3166.5,3929.5,0.8594662876993526,4.082267487762514,0.692581753403741,3.2896042753530983,0.8058277134495483,2616.0,2658.0,3134.0,3096.0,3795.5,3846.5,48b576dfc3447c7a0e6b513608937a23d02e6330c5ed01b0fc4ca98b2bca1feb,48b576dfc3447c7a0e6b513608937a23d02e6330c5ed01b0fc4ca98b2bca1feb,True,100,24
b2,b2-k4-andor_dom-shared-2-f7cba4ce652b,4,4,andor_dom,shared,flat,6,7,15,10,12,15,10,12,15,2573.5,13213.0,3051.5,3104.5,0.8433557266917909,4.330001638538424,0.8289579642454502,4.2560798840392975,0.9829280077307134,2379.5,2469.5,2954.0,2912.0,2843.0,2928.5,085edad400785fca7e7e90b1fac4beb776fc2beee5aa24352d5f39b5d57efcad,085edad400785fca7e7e90b1fac4beb776fc2beee5aa24352d5f39b5d57efcad,True,100,24
b2,b2-k4-andor_dom-shared-3-44c5bbe1b3b1,4,4,andor_dom,shared,flat,7,8,26,11,16,31,9,14,26,2442.5,13107.0,3047.0,4302.0,0.8016081391532655,4.301608139153266,0.5677591817759182,3.0467224546722456,0.708275220827522,2344.5,2432.0,3072.5,3030.5,4255.5,4342.5,8509b81230019d2ad970d970f791dfbdc8caf54f5c594fcd327cef9feed206c1,8509b81230019d2ad970d970f791dfbdc8caf54f5c594fcd327cef9feed206c1,True,100,24
b2,b2-k4-andor_dom-shared-4-f79caff75ff2,4,4,andor_dom,shared,flat,5,6,19,8,11,19,8,11,19,2252.5,12982.0,2808.0,3399.5,0.8021723646723646,4.623219373219373,0.6625974408001176,3.818796881894396,0.8260038240917782,2117.0,2195.0,2763.5,2719.0,3178.0,3262.0,474f2af47544e9c7ce4338cabd43c5ca1c26432b7300ce387406157ea433891f,474f2af47544e9c7ce4338cabd43c5ca1c26432b7300ce387406157ea433891f,True,100,24
b2,b2-k4-impeqv_dom-tree-1-d73fd085a946,4,4,impeqv_dom,tree,flat,3,3,3,9,9,9,6,6,6,1780.5,12182.0,1983.5,1790.0,0.8976556591883035,6.141668767330477,0.9946927374301676,6.805586592178771,1.1081005586592179,1586.0,1659.0,1913.5,1874.5,1574.0,1658.0,fac7a6ffd3e55613018acf3b37a17e37f496208ce155acaa10324695365069e4,fac7a6ffd3e55613018acf3b37a17e37f496208ce155acaa10324695365069e4,True,100,24
b2,b2-k4-impeqv_dom-tree-2-cf78873f00c4,4,4,impeqv_dom,tree,flat,4,4,4,12,12,12,8,8,8,1982.0,12334.0,2204.5,2006.5,0.899070083919256,5.594919482875936,0.9877896835285322,6.147022177921754,1.0986792923000248,1758.5,1848.0,2091.0,2046.5,1774.5,1851.5,f3569af837bfacd4b4b6d0e65c49197d37f1adb3bea6b311aed40bf0e7c19204,f3569af837bfacd4b4b6d0e65c49197d37f1adb3bea6b311aed40bf0e7c19204,True,100,24
b2,b2-k4-impeqv_dom-tree-3-0dc01f652163,4,4,impeqv_dom,tree,flat,3,5,5,5,11,11,4,8,8,1703.0,12267.5,2393.5,2019.0,0.7115103405055359,5.125339461040317,0.8434868746904408,6.076027736503219,1.1854878652798415,1537.5,1641.0,2307.5,2279.0,1804.5,1881.0,c06b3cef20609e99f07633eef2aced3698988d513f39c51d4537da1357179f21,c06b3cef20609e99f07633eef2aced3698988d513f39c51d4537da1357179f21,True,100,24
b2,b2-k4-impeqv_dom-tree-4-0bc2267938a0,4,4,impeqv_dom,tree,flat,3,3,3,9,9,9,6,6,6,1779.5,12356.0,2002.5,1799.0,0.8886392009987516,6.170287141073658,0.9891606448026682,6.8682601445247355,1.113118399110617,1587.5,1665.5,1916.0,1875.0,1577.0,1660.0,15b73ef77d3f7b4473e5e2ce1c8843189467ce6fd6df11d9065c5eb3c0ff877a,15b73ef77d3f7b4473e5e2ce1c8843189467ce6fd6df11d9065c5eb3c0ff877a,True,100,24
b2,b2-k4-impeqv_dom-shared-1-093bd06ebf38,4,4,impeqv_dom,shared,flat,13,13,39,30,30,73,21,21,51,3902.0,15138.5,4233.0,7776.5,0.9218048665249232,3.576305220883534,0.5017681476242526,1.946698386163441,0.544332283160805,3618.5,3699.0,4022.0,4002.5,7362.5,7451.5,6bad351a721281983a6e1f281d7336daf4112fd879642799cf6db6b2c12452a7,6bad351a721281983a6e1f281d7336daf4112fd879642799cf6db6b2c12452a7,True,100,24
b2,b2-k4-impeqv_dom-shared-2-85e742aeb5d6,4,4,impeqv_dom,shared,flat,11,12,21,28,30,55,19,21,38,3464.0,13923.0,3990.5,5505.0,0.8680616464102243,3.489036461596291,0.6292461398728428,2.529155313351499,0.7248864668483197,3273.5,3376.5,3951.0,3919.0,5314.0,5372.5,29e6cfa2a6ac59fbab9d5c4d6d564f4255760cf51fd7457a3e7fe343d48ef318,29e6cfa2a6ac59fbab9d5c4d6d564f4255760cf51fd7457a3e7fe343d48ef318,True,100,24
b2,b2-k4-impeqv_dom-shared-3-8552cadc9761,4,4,impeqv_dom,shared,flat,15,15,26,41,41,72,28,28,49,4383.5,15105.0,4641.5,6684.0,0.944414521167726,3.25433588279651,0.65581986834231,2.259874326750449,0.6944195092758827,4248.0,4366.5,4665.5,4645.0,6397.0,6524.0,5eac72d678bc6b54f36eebba0a3a7394388c0d248b38358a45456a92e9fc5724,5eac72d678bc6b54f36eebba0a3a7394388c0d248b38358a45456a92e9fc5724,True,100,24
b2,b2-k4-impeqv_dom-shared-4-f61110d6fca7,4,4,impeqv_dom,shared,flat,5,15,27,14,44,80,9,29,53,2113.5,12487.0,4600.0,7060.5,0.45945652173913043,2.7145652173913044,0.29934140641597623,1.768571630904327,0.6515119325826783,1873.5,1952.5,4429.5,4389.5,6492.0,6590.5,af35cf33330c8003d7af1221cd460af6401a1f4936caf864fc5772657e3ca072,af35cf33330c8003d7af1221cd460af6401a1f4936caf864fc5772657e3ca072,True,100,24
b2,b2-k4-mixed-tree-1-6a5b06e30521,4,4,mixed,tree,flat,6,6,6,7,7,7,6,6,6,2318.0,12776.5,2568.5,1873.5,0.9024722600739732,4.974304068522484,1.237256471844142,6.8195890045369625,1.3709634374166,2183.5,2292.5,2546.0,2492.5,1685.5,1764.0,e9af142af8c43e431b89ecd40f29bbd8c1068cad8afec9b8b07d2e0e9768edf6,e9af142af8c43e431b89ecd40f29bbd8c1068cad8afec9b8b07d2e0e9768edf6,True,100,24
b2,b2-k4-mixed-tree-2-39dcef306168,4,4,mixed,tree,flat,7,7,7,13,13,13,9,9,9,2577.5,13583.0,2837.0,2347.5,0.9085301374691576,4.787804018329221,1.0979765708200213,5.786155484558041,1.2085197018104366,2384.5,2482.5,2762.5,2734.5,2024.0,2159.0,d6702270d176bac32f4c82874128788420408e580e7c3a1be862bbfe2fb1a632,d6702270d176bac32f4c82874128788420408e580e7c3a1be862bbfe2fb1a632,True,100,24
b2,b2-k4-mixed-tree-3-42ca330baf1d,4,4,mixed,tree,flat,6,6,6,12,12,12,8,8,8,2290.5,12763.0,2504.5,2087.5,0.9145538031543222,5.09602715112797,1.0972455089820359,6.114011976047904,1.199760479041916,2007.0,2068.0,2311.0,2356.5,1779.0,1869.0,e8822f532ae9349b2b5743c494efd216ed4e44f9ebc82a6b1cb54895a5b88433,e8822f532ae9349b2b5743c494efd216ed4e44f9ebc82a6b1cb54895a5b88433,True,100,24
b2,b2-k4-mixed-tree-4-21975d9e7f15,4,4,mixed,tree,flat,5,5,5,9,9,9,6,6,6,1905.0,12128.0,2137.5,1721.5,0.8912280701754386,5.673918128654971,1.1065930874237584,7.045018878884694,1.241649724077839,1859.5,1959.0,2217.0,2178.0,1653.5,1737.5,46cc6a8cb5bcc0120f98b84c71699b2ac5b90cb34a781ae2a83305fa98cd8e67,46cc6a8cb5bcc0120f98b84c71699b2ac5b90cb34a781ae2a83305fa98cd8e67,True,100,24
b2,b2-k4-mixed-shared-1-1f8d2534cdb0,4,4,mixed,shared,flat,7,8,18,14,18,24,12,15,20,2721.5,13253.5,3226.0,3695.5,0.8436143831370118,4.108338499690019,0.7364362061967258,3.586388851305642,0.872953592206738,2539.0,2633.5,3187.0,3131.0,3483.0,3581.0,b8811852747cfa3620c3dd2af5d59498c240f208e689b4052bac934c29faf094,b8811852747cfa3620c3dd2af5d59498c240f208e689b4052bac934c29faf094,True,100,24
b2,b2-k4-mixed-shared-2-8d20aba853af,4,4,mixed,shared,flat,10,10,15,20,20,22,16,16,18,3392.5,14334.0,3649.5,3395.5,0.9295793944375942,3.9276613234689686,0.9991164776910617,4.2214695921072005,1.0748048888234427,3296.0,3383.5,3729.0,3691.5,3284.5,3380.5,fcf0a6c700dd13e274b6fba8deea8dd9b26e4eedde3495717cac8408c9c5177f,fcf0a6c700dd13e274b6fba8deea8dd9b26e4eedde3495717cac8408c9c5177f,True,100,24
b2,b2-k4-mixed-shared-3-8ed832ddfd1a,4,4,mixed,shared,flat,13,13,27,29,29,48,22,22,37,4177.5,15365.5,4425.5,5809.5,0.9439611343351034,3.4720370579595525,0.7190808159049832,2.644891987262243,0.7617695154488338,3887.0,3986.0,4286.0,4221.0,5386.5,5524.5,c0ba8a33ac67f44abff5984dfbb6f56c46b880ac2b86e1f23e7fa9c402c53ae7,c0ba8a33ac67f44abff5984dfbb6f56c46b880ac2b86e1f23e7fa9c402c53ae7,True,100,24
b2,b2-k4-mixed-shared-4-22af367a203f,4,4,mixed,shared,flat,9,9,18,24,24,40,18,18,29,3220.5,13787.0,3408.5,4439.5,0.9448437729206396,4.0448877805486285,0.7254195292262642,3.1055299020159928,0.767766640387431,3029.5,3133.5,3368.5,3341.0,4164.5,4268.5,339e8fdd18e00f5d48bda16256b4afabd5106771063c47c993e05676cd5264e9,339e8fdd18e00f5d48bda16256b4afabd5106771063c47c993e05676cd5264e9,True,100,24
b2,b2-k6-xor_dom-tree-1-bd603bfcb13b,6,6,xor_dom,tree,flat,4,4,6,8,8,8,7,7,7,2229.5,12905.0,2490.0,2215.5,0.8953815261044177,5.182730923694779,1.0063191153238547,5.824870232453171,1.1238997968855788,2039.0,10072.0,2386.5,10022.5,1988.5,9300.0,134a2372b7a31f4577e0f1881cee72029d82b9b9f47e40e5367a07212656b59a,134a2372b7a31f4577e0f1881cee72029d82b9b9f47e40e5367a07212656b59a,True,100,24
b2,b2-k6-xor_dom-tree-2-186d01415e6e,6,6,xor_dom,tree,flat,1,1,5,5,5,5,5,5,5,1595.5,12022.5,1808.0,1921.0,0.8824668141592921,6.649612831858407,0.8305570015616867,6.258459135866736,0.9411764705882353,1394.0,8292.0,1706.5,8325.0,1683.0,7025.5,1d32e4a54704fac550a359f8a10b86059decdcb9c5508b41ff340958805d1bc1,1d32e4a54704fac550a359f8a10b86059decdcb9c5508b41ff340958805d1bc1,True,100,24
b2,b2-k6-xor_dom-tree-3-db17c2d558b5,6,6,xor_dom,tree,flat,3,3,6,7,7,7,6,6,6,2019.0,12483.0,2231.0,2138.0,0.9049753473778575,5.595248767368893,0.9443405051449953,5.8386342376052385,1.0434985968194574,1797.5,8652.0,2118.5,8748.5,1886.5,7607.0,3771c86aaf3420499795d6e04e7615973a08aa7d0e4e4225479b5e45d6d790e9,3771c86aaf3420499795d6e04e7615973a08aa7d0e4e4225479b5e45d6d790e9,True,100,24
b2,b2-k6-xor_dom-tree-4-55e169562c2e,6,6,xor_dom,tree,flat,5,5,7,10,10,10,8,8,8,2300.5,12667.0,2549.5,2249.0,0.9023337909393999,4.9684251814081195,1.0228990662516675,5.632281013783904,1.1336149399733215,2261.0,10798.5,2615.0,10818.0,2160.0,10059.5,77ec00a4540ec379e53185390153ae3788621199fb76ecced5ba563d8587d205,77ec00a4540ec379e53185390153ae3788621199fb76ecced5ba563d8587d205,True,100,24
b2,b2-k6-xor_dom-shared-1-9e510ec73f56,6,6,xor_dom,shared,flat,8,8,25,18,22,28,16,20,26,3427.0,14594.0,3901.0,5160.5,0.8784926941809792,3.741092027685209,0.6640829376998353,2.8280205406452863,0.7559345024706908,3199.5,20798.0,3827.5,26264.0,4887.5,29934.5,2aec3bc90a539e122dd54736db4e4400e5b5007095003e6c684efddffc04cfad,2aec3bc90a539e122dd54736db4e4400e5b5007095003e6c684efddffc04cfad,True,100,24
b2,b2-k6-xor_dom-shared-2-b6c3c0a8013a,6,6,xor_dom,shared,flat,4,4,15,8,14,15,8,14,15,2319.0,12777.0,2815.0,3596.0,0.8238010657193605,4.538898756660746,0.6448832035595106,3.553114571746385,0.7828142380422692,2088.0,11485.5,2699.5,19503.5,3256.0,17477.0,009e38e0d30da65985e43e9b34e826fd6f0eca25b432424470acf2b2d76135f2,009e38e0d30da65985e43e9b34e826fd6f0eca25b432424470acf2b2d76135f2,True,100,24
b2,b2-k6-xor_dom-shared-3-032bd0c6858d,6,6,xor_dom,shared,flat,7,7,23,17,21,35,14,18,29,2985.0,13363.0,3357.5,5033.5,0.889054355919583,3.9800446760982875,0.5930267209695044,2.6548127545445515,0.6670308930167875,2846.0,17718.0,3361.0,22726.5,4791.0,32459.5,647e06729ebad981aa02e88ae05b3d081a43127e3d34b56fbde7c6413b78f788,647e06729ebad981aa02e88ae05b3d081a43127e3d34b56fbde7c6413b78f788,True,100,24
b2,b2-k6-xor_dom-shared-4-2ef76830fe72,6,6,xor_dom,shared,flat,4,10,42,8,21,81,7,18,59,2512.5,13047.5,4547.0,10344.0,0.5525621288761821,2.8694743787112382,0.24289443155452436,1.2613592420726991,0.4395784996133024,1945.0,9817.5,3833.0,21541.5,8999.5,60939.5,edef7ad9513057d8979adaa108d88fbe5f634f3a3dc3c66f9364ef7e8032213f,edef7ad9513057d8979adaa108d88fbe5f634f3a3dc3c66f9364ef7e8032213f,True,100,24
b2,b2-k6-andor_dom-tree-1-0a0c172dd63a,6,6,andor_dom,tree,flat,3,3,5,5,5,5,5,5,5,1903.5,13506.0,2124.0,1807.5,0.8961864406779662,6.358757062146893,1.0531120331950208,7.472199170124481,1.175103734439834,1744.0,7791.0,2073.5,7861.0,1625.5,6891.5,f848de93b27124b7b13eaefeb6bfa0087e5ebbdf95e1833f4dd9ff0a83e967ac,f848de93b27124b7b13eaefeb6bfa0087e5ebbdf95e1833f4dd9ff0a83e967ac,True,100,24
b2,b2-k6-andor_dom-tree-2-eff74425a5c6,6,6,andor_dom,tree,flat,4,4,8,7,8,8,7,8,8,2234.5,13345.0,2509.5,2285.0,0.8904164176130703,5.317792388922096,0.9778993435448577,5.8402625820568925,1.098249452954048,1909.5,10070.5,2273.5,11493.5,1973.0,9942.5,cad6be77a54376f1a05420a4bc3d4683a92d6e8e364fbca00e2996debd78f326,cad6be77a54376f1a05420a4bc3d4683a92d6e8e364fbca00e2996debd78f326,True,100,24
b2,b2-k6-andor_dom-tree-3-d47d0c96cf7f,6,6,andor_dom,tree,flat,5,5,7,8,9,9,7,8,8,2266.5,12700.0,2513.5,2140.0,0.9017306544658842,5.052715337179232,1.0591121495327103,5.934579439252336,1.1745327102803738,2170.5,9479.0,2524.5,10998.5,2004.5,10290.0,50914e4773046b53f84ce0f6f4539f4b538cc3fe27541eabae848d1b199cf00b,50914e4773046b53f84ce0f6f4539f4b538cc3fe27541eabae848d1b199cf00b,True,100,24
b2,b2-k6-andor_dom-tree-4-9dc0cd28326c,6,6,andor_dom,tree,flat,5,5,8,8,8,8,8,8,8,2374.5,12836.0,2591.5,2171.5,0.9162647115570133,4.953115956010032,1.0934837669813493,5.911121344692609,1.19341469030624,2191.0,11181.5,2519.5,11288.5,1977.5,10075.5,c9b8b2d93f46839e42d4fa0c013558ab346efeafcd9458aa0784a14e80460c26,c9b8b2d93f46839e42d4fa0c013558ab346efeafcd9458aa0784a14e80460c26,True,100,24
b2,b2-k6-andor_dom-shared-1-b8d344418390,6,6,andor_dom,shared,flat,10,13,29,18,21,36,15,18,29,3656.0,14865.5,4548.0,5462.0,0.8038698328935796,3.2685795954265613,0.6693518857561332,2.721622116440864,0.8326620285609667,3406.0,17697.0,4425.0,20819.0,5086.5,28961.5,3e990d45c83fa01d9bf0c64b79ed7678df3c723614f0f7eccdc3d196fa3073e9,3e990d45c83fa01d9bf0c64b79ed7678df3c723614f0f7eccdc3d196fa3073e9,True,100,24
b2,b2-k6-andor_dom-shared-2-64893da6cbd9,6,6,andor_dom,shared,flat,8,12,43,16,21,48,14,19,44,3233.5,14349.5,4402.5,7451.0,0.7344690516751845,3.2593980692788187,0.4339685948194873,1.9258488793450543,0.5908602872097705,2916.0,17570.5,4157.0,22688.0,6840.0,46843.0,46386ff0eccd7a7871daa3122b418bbf8e0d0180eca74808a53b2c3ed970f50e,46386ff0eccd7a7871daa3122b418bbf8e0d0180eca74808a53b2c3ed970f50e,True,100,24
b2,b2-k6-andor_dom-shared-3-a125454cd529,6,6,andor_dom,shared,flat,6,8,21,15,18,25,13,16,22,2799.0,13736.0,3571.0,4331.5,0.7838140576869225,3.8465415849901987,0.64619646773635,3.171187810227404,0.8244257185732425,2569.5,16881.5,3401.0,20314.5,3921.0,24311.0,3f710ac088db33363087de2b9a657541fe5447821debaa9fe5cbd538eb1a5f29,3f710ac088db33363087de2b9a657541fe5447821debaa9fe5cbd538eb1a5f29,True,100,24
b2,b2-k6-andor_dom-shared-4-0dd35386d57d,6,6,andor_dom,shared,flat,7,7,20,15,16,22,14,15,21,3030.0,13842.0,3339.0,3937.0,0.9074573225516622,4.1455525606469,0.7696215392430785,3.5158750317500633,0.8481076962153924,2773.0,18391.0,3202.5,19885.0,3572.5,24031.0,1656c269d0236784b54b17c8ef8406cea69739a8e3a204b3cbb8bfa53449f35b,1656c269d0236784b54b17c8ef8406cea69739a8e3a204b3cbb8bfa53449f35b,True,100,24
b2,b2-k6-impeqv_dom-tree-1-c05059f5591f,6,6,impeqv_dom,tree,flat,5,5,5,13,13,13,9,9,9,2576.0,13069.5,2802.5,2483.0,0.9191793041926851,4.663514719000892,1.0374546919049537,5.263592428513895,1.1286749899315345,2271.0,11364.5,2659.0,11217.5,2130.5,11274.0,7524471d915b02b29cef6bb1183791a371f6ace366b980da3b4594da2e301b21,7524471d915b02b29cef6bb1183791a371f6ace366b980da3b4594da2e301b21,True,100,24
b2,b2-k6-impeqv_dom-tree-2-187a6f599749,6,6,impeqv_dom,tree,flat,8,8,8,20,20,20,13,13,13,3134.0,13920.5,3395.5,3027.0,0.9229863054042114,4.099690767191872,1.0353485298975884,4.598777667657747,1.1217376940865544,2852.5,14793.5,3220.5,14369.5,2712.0,14533.0,1e13d706fb3dda034bfb6bd79f1f24f0a35baa6c661823432c53d2ac2c6be21a,1e13d706fb3dda034bfb6bd79f1f24f0a35baa6c661823432c53d2ac2c6be21a,True,100,24
b2,b2-k6-impeqv_dom-tree-3-9df370a422d4,6,6,impeqv_dom,tree,flat,9,9,9,22,22,22,15,15,15,3336.5,14143.0,3584.5,3170.0,0.9308132236016181,3.9455991072674013,1.0525236593059937,4.461514195583597,1.130757097791798,3212.0,17170.5,3583.0,17331.5,2959.0,17332.5,28a94295a090f24e443f2d252b023381603f14ffb2377f65b6be6020665e3e9a,28a94295a090f24e443f2d252b023381603f14ffb2377f65b6be6020665e3e9a,True,100,24
b2,b2-k6-impeqv_dom-tree-4-07d0d6da2af7,6,6,impeqv_dom,tree,flat,8,8,8,20,20,20,14,14,14,3470.0,14570.0,3718.5,3277.5,0.9331719779480974,3.918246604813769,1.0587337909992371,4.445461479786423,1.1345537757437072,3120.5,16767.0,3488.0,16841.5,2899.0,16666.0,8f70d951764efc3a27090723594ff891fe9fb6f0f120509230ab0b05e930f6b6,8f70d951764efc3a27090723594ff891fe9fb6f0f120509230ab0b05e930f6b6,True,100,24
b2,b2-k6-impeqv_dom-shared-1-f68095cd3ba2,6,6,impeqv_dom,shared,flat,18,18,21,49,49,56,33,33,38,5909.0,16942.0,6252.0,6485.5,0.9451375559820857,2.7098528470889316,0.9111093978875954,2.612288952278159,0.9639966078174389,5585.0,36005.5,6021.5,35866.0,5998.0,41290.0,456fa9ee42dce63c64416e513d4e929a4ee3caabd2db6c1d980b63123ef8151d,456fa9ee42dce63c64416e513d4e929a4ee3caabd2db6c1d980b63123ef8151d,True,100,24
b2,b2-k6-impeqv_dom-shared-2-22089ede1135,6,6,impeqv_dom,shared,flat,14,15,20,39,41,56,26,28,38,4898.5,15983.5,5494.0,6407.0,0.8916090280305788,2.909264652348016,0.7645543936319651,2.494693304198533,0.8574996098017793,4580.5,27932.0,5308.5,30694.0,5950.0,41457.5,da5dc6f3940660a47e580ca74507b1073a28fc8818f12f7901782e7f17c39b91,da5dc6f3940660a47e580ca74507b1073a28fc8818f12f7901782e7f17c39b91,True,100,24
b2,b2-k6-impeqv_dom-shared-3-32d1a4c2066e,6,6,impeqv_dom,shared,flat,16,18,27,38,44,65,26,30,43,5482.5,17226.0,6366.0,7756.5,0.8612158341187559,2.705937794533459,0.7068265325855734,2.2208470315219495,0.8207309998066138,4998.0,28271.5,5995.5,32474.5,7142.5,45064.5,ea0d9f4b80c89400af7c42e36ca3620d6893ac17c46c1fe18b9f59bbc42433b8,ea0d9f4b80c89400af7c42e36ca3620d6893ac17c46c1fe18b9f59bbc42433b8,True,100,24
b2,b2-k6-impeqv_dom-shared-4-3e4e99468c60,6,6,impeqv_dom,shared,flat,17,17,23,45,45,61,30,30,40,5552.5,16372.0,5808.0,6815.0,0.9560089531680441,2.818870523415978,0.8147468818782099,2.402347762289068,0.8522377109317681,5220.0,32024.5,5679.5,32381.0,6407.5,42210.0,f6b41ca15f86f66da7370a58a52c273cdddd507c80b432acf9de9d69ab5f6e54,f6b41ca15f86f66da7370a58a52c273cdddd507c80b432acf9de9d69ab5f6e54,True,100,24
b2,b2-k6-mixed-tree-1-9ecccc175ad2,6,6,mixed,tree,flat,7,7,7,15,15,15,11,11,11,3013.5,13731.0,3229.5,2709.0,0.9331165815141663,4.251741755689736,1.1124031007751938,5.068660022148395,1.1921373200442968,2732.0,13429.5,3074.0,13551.5,2420.5,13492.0,cc748c8dd498ebf4ba264da58e9b3b3c3cd35ba8a8d734c934c91675c283fc04,cc748c8dd498ebf4ba264da58e9b3b3c3cd35ba8a8d734c934c91675c283fc04,True,100,24
b2,b2-k6-mixed-tree-2-40b1238ea748,6,6,mixed,tree,flat,8,8,8,15,15,15,11,11,11,3112.5,13993.0,3361.0,2750.0,0.9260636715263314,4.163344242784885,1.1318181818181818,5.088363636363637,1.2221818181818183,2892.0,13305.0,3228.5,13442.0,2485.5,13239.5,50b964a05d1cc7f170c8e535883101b324eeedb8ca72b9b15fb11465c0efdc4c,50b964a05d1cc7f170c8e535883101b324eeedb8ca72b9b15fb11465c0efdc4c,True,100,24
b2,b2-k6-mixed-tree-3-aeb0c639e3f5,6,6,mixed,tree,flat,5,5,6,10,10,10,8,8,8,2396.0,13528.0,2634.0,2253.5,0.9096431283219438,5.135914958238421,1.0632349678278235,6.003106279121367,1.1688484579542933,2262.5,10778.5,2617.5,10825.0,2075.5,10370.0,70502cbecab45d272c4e30db55dde2af39dabf59ea4cb5b06c13d6335e5470af,70502cbecab45d272c4e30db55dde2af39dabf59ea4cb5b06c13d6335e5470af,True,100,24
b2,b2-k6-mixed-tree-4-987f3c678ab0,6,6,mixed,tree,flat,8,8,9,16,16,16,12,12,12,3166.0,14347.5,3377.0,2916.0,0.9375185075510808,4.248593426117856,1.0857338820301783,4.920267489711934,1.1580932784636488,3226.0,16648.0,3795.5,16284.0,2867.5,15724.0,4506d091ec25797f922490bd81243c8f7290dc8a6844c6537f3e46dd4720faf9,4506d091ec25797f922490bd81243c8f7290dc8a6844c6537f3e46dd4720faf9,True,100,24
b2,b2-k6-mixed-shared-1-bf5809ef3c65,6,6,mixed,shared,flat,10,10,49,20,20,59,17,17,54,3802.5,15659.0,4074.0,8764.5,0.9333578792341679,3.843642611683849,0.43385247304466884,1.7866392834731017,0.46482971076501794,3508.5,20673.5,3854.5,20583.0,7920.0,59991.0,d80e470e33e534894d3e5df0e299031a7e9f0ac845d9035403c74342fad902d2,d80e470e33e534894d3e5df0e299031a7e9f0ac845d9035403c74342fad902d2,True,100,24
b2,b2-k6-mixed-shared-2-33593cbc9843,6,6,mixed,shared,flat,14,15,25,30,31,42,23,24,32,4665.0,15237.5,5106.5,5606.5,0.9135415646724763,2.983942034661706,0.8320699188441987,2.7178275216266834,0.910817800766967,4654.0,27532.0,5254.0,28277.5,5656.0,35425.5,991201b381b64d183be8d60df0a5b23afa16a6c4f1747ae0fafc957a288b8155,991201b381b64d183be8d60df0a5b23afa16a6c4f1747ae0fafc957a288b8155,True,100,24
b2,b2-k6-mixed-shared-3-a377b00385d6,6,6,mixed,shared,flat,15,15,36,33,33,68,26,26,52,5167.0,16727.0,5467.0,8402.5,0.9451252972379733,3.0596305103347357,0.6149360309431717,1.990717048497471,0.6506396905682833,4858.5,30836.0,5344.5,31199.5,8001.0,57945.0,5683fd468752a8eebd3fecdf82e47864ac13a8699d5fe2495930fb25fa755b75,5683fd468752a8eebd3fecdf82e47864ac13a8699d5fe2495930fb25fa755b75,True,100,24
b2,b2-k6-mixed-shared-4-d71d1df79e0f,6,6,mixed,shared,flat,11,15,34,22,31,57,17,24,42,4085.5,15102.0,5375.0,7505.0,0.760093023255814,2.809674418604651,0.5443704197201865,2.0122584943371087,0.7161892071952032,3726.0,20378.5,5169.5,27758.5,6999.5,44794.0,649807f9b389602dad3c9be515538cf94aea9d5cc3dfb85d443ffc48f9d24360,649807f9b389602dad3c9be515538cf94aea9d5cc3dfb85d443ffc48f9d24360,True,100,24
b2,b2-k8-xor_dom-tree-1-e3305253a197,8,8,xor_dom,tree,flat,8,8,11,13,13,13,11,11,11,3280.0,14283.0,3464.0,2981.0,0.9468822170900693,4.1232678983833715,1.1003019121100301,4.791345186179134,1.1620261657162025,3268.5,12053.0,3608.0,12061.0,2966.0,13414.5,46af8650e56cb3d8316990197ae711b02c6005066cac2953e04fc0ca70015a55,46af8650e56cb3d8316990197ae711b02c6005066cac2953e04fc0ca70015a55,True,100,24
b2,b2-k8-xor_dom-tree-2-13ed19191907,8,8,xor_dom,tree,flat,8,8,12,17,17,17,14,14,14,3561.0,15261.5,3791.5,3544.0,0.9392061189502835,4.025187920348147,1.0047968397291196,4.306292325056433,1.069836343115124,3311.5,13500.5,3680.0,13610.5,3267.5,15252.5,e1816aca7b95dbe067940f525f729f06e1e3535d98b933099d96513ab738a3bc,e1816aca7b95dbe067940f525f729f06e1e3535d98b933099d96513ab738a3bc,True,100,24
b2,b2-k8-xor_dom-tree-3-6411e7a81de6,8,8,xor_dom,tree,flat,8,8,12,18,18,18,14,14,14,3567.5,14522.0,3804.5,3667.0,0.9377053489289,3.81705874622158,0.9728661030815381,3.9601854376874828,1.0374965912189802,3305.0,13204.0,3685.5,13204.0,3357.0,14571.0,e3b16859071e39ef7e23d1c58adf4b4d9f7bd4834a5d7fb37c7e5bd4ffc3bf12,e3b16859071e39ef7e23d1c58adf4b4d9f7bd4834a5d7fb37c7e5bd4ffc3bf12,True,100,24
b2,b2-k8-xor_dom-tree-4-c77ef7ea382c,8,8,xor_dom,tree,flat,8,8,10,13,13,13,11,11,11,3368.0,14024.0,3626.0,3019.0,0.9288472145615003,3.867622724765582,1.1156011924478304,4.6452467704537925,1.2010599536270288,3203.0,11957.5,3592.5,11895.0,2816.0,12512.5,64256c18b54a69684f950bf04e330c2a5d4ff3ee20ae16427bd89a85344dbdf6,64256c18b54a69684f950bf04e330c2a5d4ff3ee20ae16427bd89a85344dbdf6,True,100,24
b2,b2-k8-xor_dom-shared-1-39a6b403d2d3,8,8,xor_dom,shared,flat,10,10,27,20,24,32,17,21,29,4126.5,15560.5,4699.0,6147.0,0.878165567141945,3.3114492445201105,0.671303074670571,2.531397429640475,0.7644379372051407,3779.0,16087.5,4552.5,18886.0,5802.5,31494.0,969e55e56254cb0c53aae5eaf2bf2ae32c59ac1ba8cda5ed517b46ff3a91b000,969e55e56254cb0c53aae5eaf2bf2ae32c59ac1ba8cda5ed517b46ff3a91b000,True,100,24
b2,b2-k8-xor_dom-shared-2-13d2013b2012,8,8,xor_dom,shared,flat,2,3,18,10,17,24,9,16,21,2253.5,13237.0,3054.0,4693.0,0.7378847413228553,4.334315651604453,0.4801832516513957,2.8205838482846795,0.6507564457702962,2034.5,8407.5,2950.5,13462.0,4374.5,22776.5,c685e7aa0cf19a6f715b097a9d3252953f12dde3bf98a0f43deef53ac6245c78,c685e7aa0cf19a6f715b097a9d3252953f12dde3bf98a0f43deef53ac6245c78,True,100,24
b2,b2-k8-xor_dom-shared-3-c2eeb3424108,8,8,xor_dom,shared,flat,6,8,31,17,22,35,16,20,32,3307.0,14414.0,4111.0,6660.5,0.80442714667964,3.506202870347847,0.49650927107574505,2.1641017941595977,0.6172209293596577,3064.5,14428.0,3982.5,17547.0,6234.5,35036.5,6eb7bcba5a6aa5f243c21c44059f0b469b9f09ed9a02eb46abb5d3b379a21f83,6eb7bcba5a6aa5f243c21c44059f0b469b9f09ed9a02eb46abb5d3b379a21f83,True,100,24
b2,b2-k8-xor_dom-shared-4-b7ecc9bde8c8,8,8,xor_dom,shared,flat,15,16,43,24,27,50,21,24,43,5005.5,15848.0,5664.0,8136.0,0.883739406779661,2.7980225988700567,0.6152286135693216,1.9478859390363814,0.696165191740413,4998.0,20449.0,5726.0,22781.0,8049.0,44928.5,288e53bef7c9f70b78ec03366f445225a7937c0d6c72724b6d60e44db6fd53a4,288e53bef7c9f70b78ec03366f445225a7937c0d6c72724b6d60e44db6fd53a4,True,100,24
b2,b2-k8-andor_dom-tree-1-0a99939bca63,8,8,andor_dom,tree,flat,6,6,9,12,12,12,10,10,10,2853.0,13557.5,3095.5,2786.5,0.9216604748828945,4.3797447908253915,1.023865063699982,4.8654225731204015,1.1108917997487888,2655.5,10172.5,3017.0,10252.0,2562.0,11317.0,8fd28e1480f36482da1a002c844de2475a8c1509bb3c5f17bc852f253674c754,8fd28e1480f36482da1a002c844de2475a8c1509bb3c5f17bc852f253674c754,True,100,24
b2,b2-k8-andor_dom-tree-2-cbc8a38367ce,8,8,andor_dom,tree,flat,7,7,8,9,9,9,8,8,8,3008.0,13746.5,3242.0,2553.0,0.9278223318938926,4.240129549660703,1.1782216999608304,5.384449667058362,1.2698785742264003,2643.0,9132.0,2987.0,9155.5,2162.5,9423.0,3d79bfe61802b728b5e2d9a5a13fc4c2e855c7614300109f66b4512e32c1ca43,3d79bfe61802b728b5e2d9a5a13fc4c2e855c7614300109f66b4512e32c1ca43,True,100,24
b2,b2-k8-andor_dom-tree-3-329734acd78e,8,8,andor_dom,tree,flat,6,6,9,10,10,10,9,9,9,2674.0,13590.0,2967.5,2527.0,0.901095197978096,4.579612468407751,1.0581717451523547,5.377918480411555,1.1743173723783142,2550.0,9734.5,2978.0,9757.5,2360.5,11022.0,de720284cb8b83b7752b2428ee149a8a958c8b0df09a2818c89b1d2e9cec3291,de720284cb8b83b7752b2428ee149a8a958c8b0df09a2818c89b1d2e9cec3291,True,100,24
b2,b2-k8-andor_dom-tree-4-fa17785afafe,8,8,andor_dom,tree,flat,9,9,10,12,12,12,10,10,10,3237.5,14012.0,3449.0,2724.5,0.9386778776456944,4.062626848361844,1.1882914296201137,5.142962011378234,1.265920352358231,3049.5,10895.5,3408.0,10972.0,2493.5,11294.0,e81aaaaf5c7365dfb830e4ef552588ef192a92c961dc5d3b2d0774e6f5f42835,e81aaaaf5c7365dfb830e4ef552588ef192a92c961dc5d3b2d0774e6f5f42835,True,100,24
b2,b2-k8-andor_dom-shared-1-69a470723d85,8,8,andor_dom,shared,flat,8,8,24,18,19,37,16,17,30,3374.5,13850.5,3674.0,5235.0,0.918481219379423,3.7698693522046813,0.644603629417383,2.6457497612225405,0.7018147086914995,3181.5,14493.5,3609.0,15096.5,4982.5,28307.0,d09260b32b9036615aa0a298b0be0cb238f5a32466a24e74b66ac6cfc665270a,d09260b32b9036615aa0a298b0be0cb238f5a32466a24e74b66ac6cfc665270a,True,100,24
b2,b2-k8-andor_dom-shared-2-775ee4cbbb58,8,8,andor_dom,shared,flat,10,12,24,18,21,28,16,19,25,3909.5,14978.5,4643.0,4845.0,0.8420202455309067,3.2260391987938832,0.8069143446852425,3.0915376676986583,0.9583075335397316,3692.0,15652.5,4490.5,18444.5,4576.5,26748.5,64736495552f7d588011b5d4dee6824053c01ef39c79204d75808e0ed5578a72,64736495552f7d588011b5d4dee6824053c01ef39c79204d75808e0ed5578a72,True,100,24
b2,b2-k8-andor_dom-shared-3-5e5303eaddfb,8,8,andor_dom,shared,flat,14,14,26,23,23,30,20,20,26,4545.0,15687.0,4825.0,4943.0,0.9419689119170984,3.2511917098445595,0.9194820958931823,3.173578798300627,0.9761278575763707,4329.0,19206.0,4722.5,19259.5,4675.0,26953.0,84d9f58be131996c613a24c6bad7f9cfc8fc2dced6da06cbeae5828f30c5ba7a,84d9f58be131996c613a24c6bad7f9cfc8fc2dced6da06cbeae5828f30c5ba7a,True,100,24
b2,b2-k8-andor_dom-shared-4-0f2c3ce95a60,8,8,andor_dom,shared,flat,13,14,28,23,24,30,21,22,28,4625.5,15324.0,5296.0,5367.0,0.8733950151057401,2.8935045317220545,0.8618408794484814,2.855226383454444,0.9867710080119247,4388.0,19817.0,5187.0,21200.0,5196.5,30576.0,25e947aaa44b7574bce0d0ac4d91d63489a7837f6af73764eab3cc83eff2b01f,25e947aaa44b7574bce0d0ac4d91d63489a7837f6af73764eab3cc83eff2b01f,True,100,24
b2,b2-k8-impeqv_dom-tree-1-3976cb8a8eb7,8,8,impeqv_dom,tree,flat,9,9,9,21,21,21,14,14,14,3714.5,14482.5,3882.5,3366.5,0.9567289117836446,3.7301996136509983,1.1033714540323778,4.301945640873311,1.1532749145997327,3238.0,12003.0,3676.0,12186.5,3096.5,11804.0,9531d19a39d1a78eec73434e717a83cf79fa45f90d2765dc523db518b3697bef,9531d19a39d1a78eec73434e717a83cf79fa45f90d2765dc523db518b3697bef,True,100,24
b2,b2-k8-impeqv_dom-tree-2-575c0b583dee,8,8,impeqv_dom,tree,flat,13,13,13,31,31,31,21,21,21,4821.0,15868.5,5150.5,4536.5,0.9360256285797496,3.0809630132996797,1.0627135456849994,3.4979609831367795,1.1353466328667474,4625.5,17648.0,5094.5,17416.5,4304.5,17593.0,f88dc445236ad27d04c5a74e2871821110c0dc36e8dae49131312ad077f3261a,f88dc445236ad27d04c5a74e2871821110c0dc36e8dae49131312ad077f3261a,True,100,24
b2,b2-k8-impeqv_dom-tree-3-d5e4f370e98e,8,8,impeqv_dom,tree,flat,13,13,13,31,31,31,21,21,21,4759.0,15616.5,5081.5,4385.5,0.9365344878480764,3.0732067302961723,1.0851670277049368,3.5609394595827157,1.1587048227112073,4509.5,17161.5,4976.5,17129.5,4137.0,17458.0,e673bd4ecbb357747580f30354acd0a1fe7a42af6dcd35f60e2af6c926e4ee1a,e673bd4ecbb357747580f30354acd0a1fe7a42af6dcd35f60e2af6c926e4ee1a,True,100,24
b2,b2-k8-impeqv_dom-tree-4-e0ca29a93790,8,8,impeqv_dom,tree,flat,8,8,9,23,23,23,16,16,16,3504.0,14509.0,3804.0,3435.5,0.9211356466876972,3.814143007360673,1.0199388735264154,4.223257167806724,1.1072624072187454,3383.5,13367.5,3785.0,13560.5,3312.0,13805.5,f1b43719eaea9c28c2bcc7797b027fa9e77c4aaea97a7806365d47a0924e2909,f1b43719eaea9c28c2bcc7797b027fa9e77c4aaea97a7806365d47a0924e2909,True,100,24
b2,b2-k8-impeqv_dom-shared-1-773a9da63c46,8,8,impeqv_dom,shared,flat,19,19,23,50,50,60,34,34,41,6783.5,18079.0,7139.0,7591.5,0.9502031096792268,2.5324275108558623,0.8935651715734704,2.3814792860436014,0.9403938615556873,6422.0,26389.5,6959.0,26427.0,7128.0,31987.0,3b65ebd0507c96a532e9ddb9576f815bc022606a088fa00e45975372ceca63d2,3b65ebd0507c96a532e9ddb9576f815bc022606a088fa00e45975372ceca63d2,True,100,24
b2,b2-k8-impeqv_dom-shared-2-dc9d85a45968,8,8,impeqv_dom,shared,flat,15,17,20,45,51,60,30,34,40,5575.5,16634.0,6522.0,7192.5,0.8548758049678012,2.5504446488807115,0.7751824817518248,2.31268682655544,0.9067778936392075,5370.5,22720.5,6398.0,25627.5,6747.0,29924.5,a20f0fa32a3ae96daafe19c0fdfc34275718c1a7704b8f97b39c81440d0d66a1,a20f0fa32a3ae96daafe19c0fdfc34275718c1a7704b8f97b39c81440d0d66a1,True,100,24
b2,b2-k8-impeqv_dom-shared-3-94e2d9a0a313,8,8,impeqv_dom,shared,flat,19,19,28,50,50,68,33,33,46,6499.5,17366.0,6771.0,8184.0,0.959902525476296,2.5647614827942697,0.7941715542521994,2.1219452590420333,0.8273460410557185,6246.5,25796.0,6670.0,26211.0,7907.0,37239.0,fd1f53f68b66014297161c5dffa9b1fc333d2a86ec2b4e2e6104bc0d6b795d70,fd1f53f68b66014297161c5dffa9b1fc333d2a86ec2b4e2e6104bc0d6b795d70,True,100,24
b2,b2-k8-impeqv_dom-shared-4-2f7845a8dfa7,8,8,impeqv_dom,shared,flat,19,19,36,48,48,99,33,33,67,6570.0,17708.5,6959.0,11433.5,0.9441011639603392,2.544690329070269,0.5746271920234399,1.548825818865614,0.6086500196790134,6260.5,25411.0,6719.0,25500.5,10823.0,49918.5,48e63c1a11cb0d080536dcb51cc2d060417613566341202ea999668099542938,48e63c1a11cb0d080536dcb51cc2d060417613566341202ea999668099542938,True,100,24
b2,b2-k8-mixed-tree-1-37379aed18cc,8,8,mixed,tree,flat,9,9,10,17,18,18,13,14,14,3605.0,14363.5,3923.0,3184.0,0.9189395870507265,3.661356105021667,1.1322236180904524,4.5111494974874375,1.2320979899497488,3470.0,13147.0,3938.0,14010.0,3060.0,14258.0,46857c01ef2600404806313e98a00270bda713004aad3f522ef97f8b99dbf8d3,46857c01ef2600404806313e98a00270bda713004aad3f522ef97f8b99dbf8d3,True,100,24
b2,b2-k8-mixed-tree-2-64fdfc904809,8,8,mixed,tree,flat,10,10,11,17,17,17,14,14,14,4011.5,15169.5,4257.5,3376.5,0.9422196124486201,3.563006459189665,1.1880645638975271,4.49266992447801,1.2609210721160966,3804.5,14572.0,4159.0,14634.0,3149.5,14992.0,3331a38050c24c8daa54e6b7c23ad776764e78a23ae0b95a773dc5d240371a38,3331a38050c24c8daa54e6b7c23ad776764e78a23ae0b95a773dc5d240371a38,True,100,24
b2,b2-k8-mixed-tree-3-1a734e9283ab,8,8,mixed,tree,flat,6,6,7,11,11,11,9,9,9,2888.5,14266.5,3170.0,2636.5,0.911198738170347,4.500473186119874,1.0955812630381188,5.411151147354447,1.2023516025033187,2787.0,10195.0,3164.5,10334.5,2509.0,10684.5,90c94f3372b4e17bacff811f01bca854e743251196514d9791e9a8aec42244f0,90c94f3372b4e17bacff811f01bca854e743251196514d9791e9a8aec42244f0,True,100,24
b2,b2-k8-mixed-tree-4-e12838f7e137,8,8,mixed,tree,flat,8,8,11,15,15,15,12,12,12,3399.5,14100.0,3602.0,3168.5,0.9437812326485286,3.9144919489172683,1.0729051601704276,4.450055231181947,1.136815527852296,3156.5,12276.0,3579.0,12384.0,2927.5,13512.0,ac5919231d3637285700f6c4c5aa7c8aac2c0236c2c6c2db742a320a6b46e66d,ac5919231d3637285700f6c4c5aa7c8aac2c0236c2c6c2db742a320a6b46e66d,True,100,24
b2,b2-k8-mixed-shared-1-1c2a917da296,8,8,mixed,shared,flat,12,13,29,28,30,53,22,24,40,4565.5,16182.5,5185.0,7201.5,0.8805207328833172,3.121022179363549,0.6339651461501076,2.2471012983406236,0.7199888912032215,4391.5,19977.5,5240.0,22064.5,7124.0,37905.0,084e640fa57cbf5f097fd08636fe5e98e23839d95c532099efe1a7a838dbafca,084e640fa57cbf5f097fd08636fe5e98e23839d95c532099efe1a7a838dbafca,True,100,24
b2,b2-k8-mixed-shared-2-3705369d2025,8,8,mixed,shared,flat,9,11,23,22,27,39,18,22,31,4140.5,16068.5,4939.0,5995.5,0.8383275966794898,3.253391374772221,0.6906012842965558,2.6800934033858725,0.8237845050454508,3977.5,17070.5,5003.5,20512.5,5786.0,30841.0,ca72bc9bb4f0f6e2ddd3d641d94a62163a066af9d77ac3937cb00d134dfd46f2,ca72bc9bb4f0f6e2ddd3d641d94a62163a066af9d77ac3937cb00d134dfd46f2,True,100,24
b2,b2-k8-mixed-shared-3-7ac091ab0ff3,8,8,mixed,shared,flat,15,16,31,35,36,49,27,28,40,5842.0,17562.5,6367.0,7774.0,0.9175435841055443,2.7583634364692946,0.7514792899408284,2.2591330074607665,0.8190120915873425,5550.0,24166.0,6247.0,25307.0,7453.5,40163.0,4248c9b3f703df679b477bf075256cda4912f14382e7e3af86f3adc3a2bef552,4248c9b3f703df679b477bf075256cda4912f14382e7e3af86f3adc3a2bef552,True,100,24
b2,b2-k8-mixed-shared-4-761923963fb0,8,8,mixed,shared,flat,10,10,23,23,24,37,19,20,30,4260.0,15790.5,4592.0,5807.5,0.9277003484320557,3.4386977351916377,0.7335342229875161,2.7189840723202754,0.7907016788635385,4137.0,18009.0,4634.5,18669.0,5520.0,30206.5,0f26ac14628db4891a38eb6cc5ecb59db84a9796c433fd0f0ff7a5eecc4fec25,0f26ac14628db4891a38eb6cc5ecb59db84a9796c433fd0f0ff7a5eecc4fec25,True,100,24
b2,b2-k10-xor_dom-tree-1-77230e81be62,10,10,xor_dom,tree,flat,2,2,10,12,12,12,11,11,11,2714.0,14140.0,2964.0,3450.0,0.9156545209176788,4.770580296896086,0.7866666666666666,4.098550724637681,0.8591304347826086,2584.0,10530.0,2946.0,10724.0,3270.0,14158.0,f4bd7cb6d894da1941302437ccf55c6d9bd9cb292196c1d561dedb49901754e4,f4bd7cb6d894da1941302437ccf55c6d9bd9cb292196c1d561dedb49901754e4,True,25,24
b2,b2-k10-xor_dom-tree-2-b2b59ccfcc06,10,10,xor_dom,tree,flat,5,5,10,11,11,11,10,10,10,3108.0,15210.0,3414.0,3344.0,0.9103690685413005,4.45518453427065,0.9294258373205742,4.548444976076555,1.020933014354067,2948.0,11208.0,3360.0,11224.0,3132.0,13336.0,0bbd3db6d49c182c7ead9ffb206e26b1c610422940832230be18b4c64709ee3c,0bbd3db6d49c182c7ead9ffb206e26b1c610422940832230be18b4c64709ee3c,True,25,24
b2,b2-k10-xor_dom-tree-3-25d12caacfcf,10,10,xor_dom,tree,flat,9,9,15,19,19,19,16,16,16,4118.0,15890.0,4474.0,4310.0,0.9204291461779168,3.5516316495306213,0.9554524361948956,3.6867749419953597,1.0380510440835267,3934.0,15462.0,4320.0,15536.0,4006.0,17634.0,761b19ded3cd7c6125a2f2da98b1c268cbc5b25a9d551d0d9f05c277c1857514,761b19ded3cd7c6125a2f2da98b1c268cbc5b25a9d551d0d9f05c277c1857514,True,25,24
b2,b2-k10-xor_dom-tree-4-04f54e4b6bdc,10,10,xor_dom,tree,flat,6,6,12,13,13,13,12,12,12,3196.0,14318.0,3436.0,3432.0,0.930151338766007,4.1670547147846335,0.9312354312354313,4.171911421911422,1.0011655011655012,3100.0,12502.0,3470.0,12482.0,3326.0,15036.0,5000883c6bbe89a7f96ee4a08d3d04023911181e77f9d6f4ba49f6ba34e14573,5000883c6bbe89a7f96ee4a08d3d04023911181e77f9d6f4ba49f6ba34e14573,True,25,24
b2,b2-k10-xor_dom-shared-1-b1df44674c4f,10,10,xor_dom,shared,flat,4,8,24,12,19,24,12,19,24,2806.0,13746.0,4290.0,5306.0,0.654079254079254,3.204195804195804,0.5288352808141726,2.590652091971353,0.8085186581228797,2836.0,12762.0,4532.0,19772.0,5398.0,30424.0,64cb1dd5e87df195d3a5640f0f16b021f2e876b208820bda0aed2845cdcf016e,64cb1dd5e87df195d3a5640f0f16b021f2e876b208820bda0aed2845cdcf016e,True,25,24
b2,b2-k10-xor_dom-shared-2-972e9d7d2b36,10,10,xor_dom,shared,flat,12,12,31,21,21,33,20,20,32,5234.0,17452.0,5544.0,7084.0,0.9440836940836941,3.147907647907648,0.7388481084133258,2.4635798983625072,0.782608695652174,5074.0,21228.0,5460.0,21330.0,6748.0,38176.0,27ddd67ef29981b9b24889ea43fac48a1ec9eb77eb37aa5a7d47feea46419c9f,27ddd67ef29981b9b24889ea43fac48a1ec9eb77eb37aa5a7d47feea46419c9f,True,25,24
b2,b2-k10-xor_dom-shared-3-cf872e9babd8,10,10,xor_dom,shared,flat,9,10,28,23,28,35,20,25,31,4706.0,16896.0,5490.0,6972.0,0.8571948998178507,3.0775956284153008,0.6749856569133678,2.423407917383821,0.7874354561101549,4590.0,19164.0,5498.0,23258.0,6684.0,35186.0,eb4559ebfa931806d97c952a7959464f8134746b139c9c252bbe5d8c0ffa8c64,eb4559ebfa931806d97c952a7959464f8134746b139c9c252bbe5d8c0ffa8c64,True,25,24
b2,b2-k10-xor_dom-shared-4-dd24aa5a61a6,10,10,xor_dom,shared,flat,10,12,23,22,25,29,19,22,26,4786.0,17052.0,5718.0,6092.0,0.8370059461350122,2.982161594963274,0.7856204858831254,2.799080761654629,0.9386080105055811,4756.0,19194.0,5762.0,22250.0,5942.0,29970.0,b46d9f523cdf3dff3a17467140b0da2c922f1adb28d416e004eb247ddc5ee027,b46d9f523cdf3dff3a17467140b0da2c922f1adb28d416e004eb247ddc5ee027,True,25,24
b2,b2-k10-andor_dom-tree-1-a8fc7f363671,10,10,andor_dom,tree,flat,9,9,13,14,15,15,12,13,13,3924.0,15934.0,4308.0,3700.0,0.9108635097493036,3.6987000928505105,1.0605405405405406,4.306486486486486,1.1643243243243244,3780.0,14108.0,4324.0,14920.0,3474.0,16160.0,ebf92b7e7ae41e047af3f1eb28dbb964c9771aeae2618553b6c339d4a2eedb66,ebf92b7e7ae41e047af3f1eb28dbb964c9771aeae2618553b6c339d4a2eedb66,True,25,24
b2,b2-k10-andor_dom-tree-2-7400a955a56c,10,10,andor_dom,tree,flat,15,15,15,25,25,25,19,19,19,5846.0,19164.0,6234.0,5002.0,0.9377606673083093,3.074109720885467,1.1687325069972012,3.831267493002799,1.2463014794082368,5542.0,19806.0,6046.0,19960.0,4656.0,19910.0,30d5060db7e2b493d9e99eef52a71ec6f1485c7ac8e517d905d958281a5b00e9,30d5060db7e2b493d9e99eef52a71ec6f1485c7ac8e517d905d958281a5b00e9,True,25,24
b2,b2-k10-andor_dom-tree-3-42d9480de48e,10,10,andor_dom,tree,flat,9,9,13,16,17,17,13,14,14,4166.0,16608.0,4526.0,3918.0,0.9204595669465312,3.669465311533363,1.0632976008167432,4.238897396630934,1.155181214905564,3934.0,14070.0,4452.0,14778.0,3728.0,16348.0,7efc6a69c4232f0ab321ee5249f71dbd53c5c70a6451e2e0f7fc4666559a3722,7efc6a69c4232f0ab321ee5249f71dbd53c5c70a6451e2e0f7fc4666559a3722,True,25,24
b2,b2-k10-andor_dom-tree-4-837da4e67104,10,10,andor_dom,tree,flat,8,8,9,11,11,11,10,10,10,3640.0,15456.0,3984.0,3080.0,0.9136546184738956,3.8795180722891565,1.1818181818181819,5.0181818181818185,1.2935064935064935,3392.0,12208.0,3816.0,12428.0,2838.0,12636.0,46b1a2a910859148f0cea6d361339e29c7f212a819e8f68dc7efafa95acf8a19,46b1a2a910859148f0cea6d361339e29c7f212a819e8f68dc7efafa95acf8a19,True,25,24
b2,b2-k10-andor_dom-shared-1-071d6b8e4bb7,10,10,andor_dom,shared,flat,17,17,53,31,33,62,28,30,57,6624.0,19092.0,7154.0,11066.0,0.9259155717081353,2.6687168017892087,0.598590276522682,1.7252846557021508,0.6464847279956624,10276.0,47254.0,10008.0,31216.0,11988.0,91118.0,2023bed7c6d67a4c9d4c5e68fc10a864e8a221cce3a504eeb9a5a1df50f2397f,2023bed7c6d67a4c9d4c5e68fc10a864e8a221cce3a504eeb9a5a1df50f2397f,True,25,24
b2,b2-k10-andor_dom-shared-2-16ca12c11ee1,10,10,andor_dom,shared,flat,14,14,42,27,27,47,24,24,43,7990.0,34060.0,12008.0,12058.0,0.6653897401732178,2.8364423717521654,0.6626306186763974,2.8246807099021396,0.9958533753524631,5466.0,24004.0,6002.0,23716.0,8562.0,49234.0,d25214afe652c886762108a089e935eff46230b85de72818e00ca84571629e82,d25214afe652c886762108a089e935eff46230b85de72818e00ca84571629e82,True,25,24
b2,b2-k10-andor_dom-shared-3-22432c1ba51e,10,10,andor_dom,shared,flat,9,10,25,18,19,27,17,18,25,4112.0,16042.0,4638.0,5380.0,0.8865890470030185,3.458818456231134,0.7643122676579925,2.9817843866171003,0.8620817843866171,4070.0,18688.0,4662.0,18816.0,5196.0,30134.0,61292e14dd3f798c3df8a836c0490e4eb6288368a970d63c20944478da823ce4,61292e14dd3f798c3df8a836c0490e4eb6288368a970d63c20944478da823ce4,True,25,24
b2,b2-k10-andor_dom-shared-4-7f3eabfd2bc0,10,10,andor_dom,shared,flat,15,15,28,30,31,35,25,26,30,6166.0,18866.0,6566.0,6630.0,0.9390801096558026,2.8732866280840694,0.9300150829562595,2.845550527903469,0.9903469079939669,5560.0,23646.0,6100.0,24400.0,5922.0,32014.0,ef41308852853f4cc52229ddade54e424af29dd99a564d4718ea4177daccf4d1,ef41308852853f4cc52229ddade54e424af29dd99a564d4718ea4177daccf4d1,True,25,24
b2,b2-k10-impeqv_dom-tree-1-d65cd8c37d53,10,10,impeqv_dom,tree,flat,17,17,17,44,44,44,29,29,29,7574.0,20856.0,7864.0,7224.0,0.9631230925737538,2.6520854526958293,1.0484496124031009,2.8870431893687707,1.08859357696567,6938.0,24336.0,7466.0,24606.0,6650.0,24088.0,6a277e9b6f1a2c9d5406a1ad99b4f6882da9542b22cd8fbe9d99c3005a604450,6a277e9b6f1a2c9d5406a1ad99b4f6882da9542b22cd8fbe9d99c3005a604450,True,25,24
b2,b2-k10-impeqv_dom-tree-2-c28e8c343d74,10,10,impeqv_dom,tree,flat,9,9,9,23,23,23,16,16,16,4508.0,16596.0,4834.0,4308.0,0.9325610260653703,3.4331816301199836,1.0464252553389044,3.852367688022284,1.1220984215413186,4274.0,14822.0,4702.0,14684.0,4036.0,14534.0,7f49ad0ac1c2e262607d04e82a59052fca7b1a050532196ae13874ad77ddf3d1,7f49ad0ac1c2e262607d04e82a59052fca7b1a050532196ae13874ad77ddf3d1,True,25,24
b2,b2-k10-impeqv_dom-tree-3-4537a75ce604,10,10,impeqv_dom,tree,flat,14,14,14,35,35,35,24,24,24,6152.0,18120.0,6416.0,5800.0,0.9588528678304239,2.8241895261845387,1.0606896551724139,3.1241379310344826,1.1062068965517242,5940.0,20426.0,6412.0,20486.0,5560.0,20944.0,56d24a658c7cbe708adf0414be52f24ddc0aa1f015579185dc0cd48a1f240882,56d24a658c7cbe708adf0414be52f24ddc0aa1f015579185dc0cd48a1f240882,True,25,24
b2,b2-k10-impeqv_dom-tree-4-146866abdaef,10,10,impeqv_dom,tree,flat,11,11,11,27,27,27,18,18,18,5004.0,16602.0,5340.0,4780.0,0.9370786516853933,3.108988764044944,1.0468619246861925,3.4732217573221758,1.1171548117154813,5192.0,16790.0,5588.0,17122.0,4868.0,16722.0,5314217abb5a6447b09852854165d1b704f2905cddd68cebeadfdaf9cceb96dd,5314217abb5a6447b09852854165d1b704f2905cddd68cebeadfdaf9cceb96dd,True,25,24
b2,b2-k10-impeqv_dom-shared-1-a2d9511bd8a2,10,10,impeqv_dom,shared,flat,24,26,30,68,74,86,46,50,58,10640.0,22838.0,11674.0,12654.0,0.9114271029638513,1.9563131745759808,0.8408408408408409,1.8048048048048049,0.9225541330804489,11084.0,39004.0,12194.0,42500.0,12610.0,48408.0,3b07de64b0c63311c34ee1d14d51cd0dbff4fa063cc3cc72eda1bc51bd02dfc6,3b07de64b0c63311c34ee1d14d51cd0dbff4fa063cc3cc72eda1bc51bd02dfc6,True,25,24
b2,b2-k10-impeqv_dom-shared-2-e0619ddaeb12,10,10,impeqv_dom,shared,flat,22,22,28,61,61,79,40,40,52,9264.0,21970.0,9600.0,11116.0,0.965,2.2885416666666667,0.8333933069449442,1.9764303706369197,0.8636200071968334,8744.0,29968.0,9166.0,30260.0,10474.0,39152.0,f834dbdf22fd8cf1b2092bb052117469798775d42c4cc697442cc22ba86df612,f834dbdf22fd8cf1b2092bb052117469798775d42c4cc697442cc22ba86df612,True,25,24
b2,b2-k10-impeqv_dom-shared-3-456d3bc52660,10,10,impeqv_dom,shared,flat,20,25,51,51,64,114,35,44,82,8498.0,20378.0,10764.0,16640.0,0.7894834633965069,1.893162393162393,0.5106971153846154,1.224639423076923,0.646875,8494.0,29572.0,10872.0,36560.0,16596.0,71294.0,e90aaf1e4409cd954c1689522f626be0c05bd03a907bba5e153335cd2fa656c5,e90aaf1e4409cd954c1689522f626be0c05bd03a907bba5e153335cd2fa656c5,True,25,24
b2,b2-k10-impeqv_dom-shared-4-2386e2077320,10,10,impeqv_dom,shared,flat,22,22,43,56,56,105,38,38,71,9458.0,22058.0,9858.0,15932.0,0.9594238182187056,2.2375735443294786,0.5936480040170725,1.3845091639467737,0.6187547075069043,9272.0,31664.0,9786.0,31680.0,15792.0,58798.0,650e7da2e8455d8ed3c88f0b1bd75c14a36dcec3d79f9bf1ab2e401e20537b2b,650e7da2e8455d8ed3c88f0b1bd75c14a36dcec3d79f9bf1ab2e401e20537b2b,True,25,24
b2,b2-k10-mixed-tree-1-f431ce588c32,10,10,mixed,tree,flat,7,7,10,14,14,14,12,12,12,3794.0,15624.0,4052.0,3640.0,0.9363277393879565,3.8558736426456073,1.0423076923076924,4.292307692307692,1.1131868131868132,3426.0,13122.0,3852.0,13040.0,3242.0,13896.0,4745731af5e9243209198887508a49500828d5e3b5b95a785cd4015c2c9746c2,4745731af5e9243209198887508a49500828d5e3b5b95a785cd4015c2c9746c2,True,25,24
b2,b2-k10-mixed-tree-2-82994a7af72e,10,10,mixed,tree,flat,12,12,13,26,26,26,19,19,19,5286.0,16986.0,5572.0,4946.0,0.9486719310839914,3.048456568557071,1.068742418115649,3.4342903356247474,1.1265669227658714,5116.0,18440.0,5516.0,17866.0,4712.0,18410.0,999e6cb468a0387d197bfc65cc9bfd4b994d448c970bc3da29f6bd6f9fffd95e,999e6cb468a0387d197bfc65cc9bfd4b994d448c970bc3da29f6bd6f9fffd95e,True,25,24
b2,b2-k10-mixed-tree-3-961dbd1e0dd8,10,10,mixed,tree,flat,10,10,12,15,15,15,13,13,13,4160.0,16422.0,4426.0,3612.0,0.9399005874378672,3.710347943967465,1.1517165005537098,4.546511627906977,1.225359911406423,4008.0,14390.0,4380.0,14374.0,3374.0,15076.0,c764aed964b41ffe8a6d6671bb0382489e45362d47d9f79f5f06116a50ae4f44,c764aed964b41ffe8a6d6671bb0382489e45362d47d9f79f5f06116a50ae4f44,True,25,24
b2,b2-k10-mixed-tree-4-a46b1cdc2617,10,10,mixed,tree,flat,9,9,9,15,15,15,12,12,12,4024.0,16138.0,4298.0,3470.0,0.9362494183341089,3.7547696603071197,1.1596541786743515,4.6507204610951005,1.2386167146974063,3898.0,13110.0,4308.0,13388.0,3290.0,13156.0,2482721c239c03e6563c0d339ad648261c9bde5695c190c7e3fc844e703949e8,2482721c239c03e6563c0d339ad648261c9bde5695c190c7e3fc844e703949e8,True,25,24
b2,b2-k10-mixed-shared-1-ed6b5cd37350,10,10,mixed,shared,flat,18,18,30,38,38,51,29,29,39,6964.0,18970.0,7238.0,8070.0,0.9621442387399834,2.620889748549323,0.8629491945477076,2.3506815365551423,0.8969021065675341,6860.0,26396.0,7278.0,26522.0,7816.0,37552.0,6d93321deb38f1132aad525ae54ba3a0281a6927f26d0ef1270e7b1a966ce072,6d93321deb38f1132aad525ae54ba3a0281a6927f26d0ef1270e7b1a966ce072,True,25,24
b2,b2-k10-mixed-shared-2-ee63ac52edf4,10,10,mixed,shared,flat,13,14,28,30,34,52,25,28,40,5846.0,17666.0,6686.0,8558.0,0.874364343404128,2.6422375112174694,0.6831035288618836,2.06426735218509,0.7812573031082028,5576.0,23226.0,6554.0,25438.0,8094.0,37852.0,d5b9585357b8851bce30f11eac0744be80f6c99086765fbec06556e8dcba487c,d5b9585357b8851bce30f11eac0744be80f6c99086765fbec06556e8dcba487c,True,25,24
b2,b2-k10-mixed-shared-3-189118134673,10,10,mixed,shared,flat,13,15,29,30,36,53,24,28,41,5850.0,18552.0,6836.0,8384.0,0.855763604447045,2.713867758923347,0.6977576335877863,2.2127862595419847,0.8153625954198473,5346.0,21318.0,6448.0,23918.0,7684.0,38124.0,f63d4bbf0860a4b54fa10e72b56cdefdb2fec0a8f874429c44c8c467d12f3716,f63d4bbf0860a4b54fa10e72b56cdefdb2fec0a8f874429c44c8c467d12f3716,True,25,24
b2,b2-k10-mixed-shared-4-bc98fc0156a1,10,10,mixed,shared,flat,19,19,38,43,43,67,33,33,52,7296.0,19328.0,7692.0,10160.0,0.9485179407176287,2.512740509620385,0.7181102362204724,1.9023622047244095,0.7570866141732283,7280.0,29272.0,7724.0,29374.0,10140.0,49266.0,f7743b4d3584d737f00c61e0d0e4483f3eeeed164a52e0b4b9f6adfd08ed6134,f7743b4d3584d737f00c61e0d0e4483f3eeeed164a52e0b4b9f6adfd08ed6134,True,25,24
b2,b2-k12-xor_dom-tree-1-58b08f43ff42,12,12,xor_dom,tree,flat,7,7,12,16,16,16,14,14,14,5658.0,17516.0,5934.0,5664.0,0.9534883720930233,2.9518031681833503,0.9989406779661016,3.0925141242937855,1.0476694915254237,5468.0,14716.0,5894.0,14688.0,5312.0,16750.0,b47bd399acce2d9e4a4446b7ddedd667546ab768effebe79232934adf8822fcd,b47bd399acce2d9e4a4446b7ddedd667546ab768effebe79232934adf8822fcd,True,25,24
b2,b2-k12-xor_dom-tree-2-f9f1dbfc58a0,12,12,xor_dom,tree,flat,9,9,16,19,19,19,16,16,16,6450.0,18364.0,6808.0,6710.0,0.9474148061104583,2.697414806110458,0.9612518628912071,2.736810730253353,1.0146050670640834,6260.0,16382.0,6738.0,16150.0,6440.0,18974.0,427ec03b5f5d547ae32f7cfc4a065844544ee6965f1ba9ad58b8446c6e83cded,427ec03b5f5d547ae32f7cfc4a065844544ee6965f1ba9ad58b8446c6e83cded,True,25,24
b2,b2-k12-xor_dom-tree-3-732256a48755,12,12,xor_dom,tree,flat,8,8,16,18,18,18,16,16,16,6240.0,17948.0,6536.0,6562.0,0.9547123623011016,2.7460220318237454,0.9509295946357817,2.7351417250838157,0.9960377933556842,6078.0,17282.0,6494.0,17172.0,6264.0,20676.0,c7302e58732f124950724bb164ab08c8e412445463d0e329387615054bd17e6f,c7302e58732f124950724bb164ab08c8e412445463d0e329387615054bd17e6f,True,25,24
b2,b2-k12-xor_dom-tree-4-d425291e801e,12,12,xor_dom,tree,flat,5,5,11,15,15,15,13,13,13,5144.0,16486.0,5386.0,5428.0,0.9550686966208689,3.0608986260675826,0.9476787030213707,3.0372144436256447,0.9922623434045689,5114.0,13100.0,5480.0,13092.0,5318.0,15650.0,882842244bf707ab8293f5c692f94aabc749c16effedfcb3c1dbd0d978b94898,882842244bf707ab8293f5c692f94aabc749c16effedfcb3c1dbd0d978b94898,True,25,24
b2,b2-k12-xor_dom-shared-1-471ce8cfd63d,12,12,xor_dom,shared,flat,8,9,25,23,26,30,20,23,27,7030.0,18936.0,8022.0,11970.0,0.8763400648217402,2.3605086013462975,0.5873015873015873,1.5819548872180451,0.6701754385964912,6884.0,18754.0,7976.0,21406.0,10678.0,30600.0,ac3fc79eacd1d3ed9e99f95d4d164e885aa62b794868cf4e8716c6affda9b2cb,ac3fc79eacd1d3ed9e99f95d4d164e885aa62b794868cf4e8716c6affda9b2cb,True,25,24
b2,b2-k12-xor_dom-shared-2-c00263664ad9,12,12,xor_dom,shared,flat,11,16,74,27,38,97,24,34,85,8400.0,20742.0,12070.0,27942.0,0.695940347970174,1.7184755592377796,0.3006227184882972,0.7423233841528881,0.4319662157325889,8042.0,23062.0,11726.0,31880.0,26920.0,92858.0,33e3c96f05ea739bc01ccd8787cc5e2af60ae27c0040f5ec6696ff322370b74f,33e3c96f05ea739bc01ccd8787cc5e2af60ae27c0040f5ec6696ff322370b74f,True,25,24
b2,b2-k12-xor_dom-shared-3-75c78e4c8980,12,12,xor_dom,shared,flat,18,18,43,37,41,53,31,35,47,11678.0,24094.0,12628.0,15896.0,0.9247703515996198,1.9079822616407982,0.7346502264720685,1.5157272269753397,0.7944136889783593,11200.0,29952.0,12202.0,32862.0,15012.0,52284.0,a1b36dd03e496fe7dbb7c1055d8a78a826fa830ee6ec76048bf0b94903351520,a1b36dd03e496fe7dbb7c1055d8a78a826fa830ee6ec76048bf0b94903351520,True,25,24
b2,b2-k12-xor_dom-shared-4-ef377d6180bd,12,12,xor_dom,shared,flat,11,11,29,24,24,35,22,22,30,7892.0,20192.0,8264.0,11076.0,0.9549854791868344,2.4433688286544046,0.7125315998555435,1.823040808956302,0.746117732033225,7424.0,20928.0,7788.0,21042.0,10348.0,32796.0,ad1260d2805fb2e3089ad381f925524c0c3a8d8d99c946dffde12cf6364f3bc7,ad1260d2805fb2e3089ad381f925524c0c3a8d8d99c946dffde12cf6364f3bc7,True,25,24
b2,b2-k12-andor_dom-tree-1-a97f101c02c9,12,12,andor_dom,tree,flat,8,8,14,14,14,14,14,14,14,5038.0,15946.0,5316.0,4750.0,0.9477050413844996,2.9996237772761476,1.0606315789473684,3.3570526315789473,1.1191578947368421,4796.0,15676.0,5182.0,15752.0,4472.0,17686.0,1c70364ab0c6d294988f2cd9350a324e844b3bef3795c32a0449c50168a8ef9a,1c70364ab0c6d294988f2cd9350a324e844b3bef3795c32a0449c50168a8ef9a,True,25,24
b2,b2-k12-andor_dom-tree-2-7c935460fe73,12,12,andor_dom,tree,flat,12,12,14,23,23,23,17,17,17,8158.0,19986.0,8438.0,7688.0,0.9668167812277791,2.368570751362882,1.0611342351716961,2.5996357960457854,1.097554630593132,8236.0,18042.0,8584.0,18180.0,7552.0,18738.0,277a0bd63a0736365059119411599b5aaf498f03c37eb8c6019cafcac3ac0c0f,277a0bd63a0736365059119411599b5aaf498f03c37eb8c6019cafcac3ac0c0f,True,25,24
b2,b2-k12-andor_dom-tree-3-3425f4494063,12,12,andor_dom,tree,flat,12,12,15,19,19,19,17,17,17,7456.0,19348.0,7714.0,6592.0,0.9665543168265491,2.5081669691470054,1.1310679611650485,2.9350728155339807,1.1702063106796117,7070.0,19248.0,7474.0,19254.0,6194.0,20188.0,20df078becaffb7697d484657044c06259823bed8550d38b29c0130a91510b08,20df078becaffb7697d484657044c06259823bed8550d38b29c0130a91510b08,True,25,24
b2,b2-k12-andor_dom-tree-4-4668b9a9de6a,12,12,andor_dom,tree,flat,8,8,14,14,15,15,13,14,14,5406.0,17446.0,5866.0,5282.0,0.921581997954313,2.9740879645414253,1.0234759560772435,3.3029155622870126,1.1105641802347597,5076.0,14856.0,5630.0,15704.0,4920.0,17708.0,d17d47659342e84f45d293475ae80d1440c596010bad72068c02d0538116fb8c,d17d47659342e84f45d293475ae80d1440c596010bad72068c02d0538116fb8c,True,25,24
b2,b2-k12-andor_dom-shared-1-50f526a5c97f,12,12,andor_dom,shared,flat,13,14,40,23,24,58,20,21,48,7994.0,19716.0,8644.0,15796.0,0.9248033317908376,2.2808884775566867,0.5060774879716384,1.2481640921752342,0.54722714611294,9364.0,20302.0,10058.0,21500.0,17390.0,48464.0,085867a3008fc330558d9a52d31e9e1c0f9805d909277ee6f4512554def6ca0e,085867a3008fc330558d9a52d31e9e1c0f9805d909277ee6f4512554def6ca0e,True,25,24
b2,b2-k12-andor_dom-shared-2-50260f8a12a2,12,12,andor_dom,shared,flat,14,14,43,29,29,49,27,27,44,8604.0,19976.0,8922.0,13516.0,0.9643577673167452,2.238959874467608,0.6365788694880142,1.4779520568215447,0.660106540396567,8282.0,24880.0,8722.0,25132.0,13034.0,47018.0,af151701c29240b24d2bbdee39b0c6b4f1c3db6776f0fca3fa0a70c6e4d6c55d,af151701c29240b24d2bbdee39b0c6b4f1c3db6776f0fca3fa0a70c6e4d6c55d,True,25,24
b2,b2-k12-andor_dom-shared-3-0c0054958df2,12,12,andor_dom,shared,flat,7,8,24,16,19,28,15,18,26,5286.0,16486.0,6498.0,8742.0,0.8134810710987996,2.5370883348722684,0.6046671242278655,1.88583848089682,0.7433081674673988,5282.0,15080.0,6510.0,17784.0,8550.0,29552.0,71edf00a5137651c0a4fb97720d8baa0b6ce7db6da6567afec547030d5499922,71edf00a5137651c0a4fb97720d8baa0b6ce7db6da6567afec547030d5499922,True,25,24
b2,b2-k12-andor_dom-shared-4-4b3e0c13b861,12,12,andor_dom,shared,flat,12,12,24,29,29,39,24,24,31,8958.0,20610.0,9290.0,19380.0,0.9642626480086114,2.218514531754575,0.46222910216718266,1.063467492260062,0.47936016511867907,9180.0,23862.0,9568.0,23492.0,12466.0,32824.0,05554d5b91542982023de10c6e728ca182d34cc773455cb52b396e9b54c4ea25,05554d5b91542982023de10c6e728ca182d34cc773455cb52b396e9b54c4ea25,True,25,24
b2,b2-k12-impeqv_dom-tree-1-b84e5ead9772,12,12,impeqv_dom,tree,flat,13,13,13,35,35,35,24,24,24,11896.0,23810.0,12226.0,11644.0,0.9730083428758384,1.9474889579584491,1.0216420474063896,2.044829955341807,1.0499828237718998,11608.0,21380.0,11992.0,21280.0,11254.0,21322.0,8bbf576bad1940554ba4dfbdcccbac9e5815b6edabcdc8be19495390d01d8653,8bbf576bad1940554ba4dfbdcccbac9e5815b6edabcdc8be19495390d01d8653,True,25,24
b2,b2-k12-impeqv_dom-tree-2-efcfe8a9d099,12,12,impeqv_dom,tree,flat,19,19,19,47,47,47,32,32,32,15790.0,28578.0,16138.0,15332.0,0.9784359895897881,1.7708514066179204,1.0298721627967649,1.863944690842682,1.0525697886772762,15636.0,27696.0,15984.0,27092.0,14914.0,27582.0,12bb8d46f3dc7c1b2d765504f1204f9320b843e9936bf45b93c9dd882ea43beb,12bb8d46f3dc7c1b2d765504f1204f9320b843e9936bf45b93c9dd882ea43beb,True,25,24
b2,b2-k12-impeqv_dom-tree-3-55ecbcba0651,12,12,impeqv_dom,tree,flat,14,14,14,36,36,36,24,24,24,12398.0,24272.0,12754.0,12088.0,0.972087188333072,1.903089226909205,1.0256452680344144,2.0079417604235608,1.0550959629384513,12032.0,20280.0,12444.0,20244.0,11748.0,20382.0,7706cdf872b2f54e859c5e467f810d90a27b5012d71cc14b9184bac89fa49101,7706cdf872b2f54e859c5e467f810d90a27b5012d71cc14b9184bac89fa49101,True,25,24
b2,b2-k12-impeqv_dom-tree-4-d18fdd8343dc,12,12,impeqv_dom,tree,flat,17,17,17,42,42,42,29,29,29,16008.0,27856.0,16344.0,15636.0,0.9794419970631424,1.7043563387175722,1.0237912509593246,1.7815298030186748,1.0452801227935533,18736.0,23928.0,20226.0,24168.0,18480.0,24078.0,5023ff3d5a8388df2f16269410d8c0f53d8424ec6b906f93eede58371eb3e700,5023ff3d5a8388df2f16269410d8c0f53d8424ec6b906f93eede58371eb3e700,True,25,24
b2,b2-k12-impeqv_dom-shared-1-a0a2c0931e69,12,12,impeqv_dom,shared,flat,25,25,41,67,67,102,45,45,69,22620.0,35322.0,23058.0,32806.0,0.9810044236273745,1.5318761384335156,0.6895080168261903,1.076693287813205,0.7028592330671218,22664.0,37902.0,23166.0,37864.0,32752.0,59668.0,c7b32fa81162ac5c89f652db28dbb2a74603fa55ad809e80665fb863c0b85982,c7b32fa81162ac5c89f652db28dbb2a74603fa55ad809e80665fb863c0b85982,True,25,24
b2,b2-k12-impeqv_dom-shared-2-1385a0b1080c,12,12,impeqv_dom,shared,flat,18,21,28,52,59,70,35,40,49,17092.0,28802.0,19650.0,21698.0,0.869821882951654,1.4657506361323156,0.7877223707254125,1.327403447322334,0.9056134205917596,16220.0,27374.0,18768.0,31108.0,20828.0,40008.0,ed2456209e3c9c214dd3fb32696b3d14e49809d467d353e0e4491ef7597972ed,ed2456209e3c9c214dd3fb32696b3d14e49809d467d353e0e4491ef7597972ed,True,25,24
b2,b2-k12-impeqv_dom-shared-3-c60cc82b0720,12,12,impeqv_dom,shared,flat,22,22,34,59,59,83,40,40,56,19162.0,31104.0,19460.0,25126.0,0.9846865364850976,1.5983556012332991,0.7626363129825678,1.237920878770994,0.7744965374512457,18614.0,32298.0,19100.0,32526.0,24380.0,46174.0,1f5e30ff999fd78ba6cf030159d9c0aa183021f5f490ffadb04748179aa955dc,1f5e30ff999fd78ba6cf030159d9c0aa183021f5f490ffadb04748179aa955dc,True,25,24
b2,b2-k12-impeqv_dom-shared-4-5d7fc59cbaf7,12,12,impeqv_dom,shared,flat,24,24,32,63,63,79,42,42,54,19932.0,31910.0,20288.0,23508.0,0.9824526813880127,1.5728509463722398,0.84788157223073,1.3574102433214226,0.8630253530712949,20526.0,36016.0,21080.0,36410.0,24126.0,47488.0,65e35349e4a9010a3b6bc75bb6cd6e9387358c2ab01c9eb392d787a38e96b7ea,65e35349e4a9010a3b6bc75bb6cd6e9387358c2ab01c9eb392d787a38e96b7ea,True,25,24
b2,b2-k12-mixed-tree-1-ddb82bdf8146,12,12,mixed,tree,flat,11,11,12,22,22,22,17,17,17,8402.0,19922.0,8650.0,7786.0,0.9713294797687861,2.303121387283237,1.0791163627022862,2.5586950937580273,1.1109684048291806,8546.0,18424.0,9034.0,18508.0,7898.0,18828.0,9c8b248d77b14f016a5c8523895940246703d3753efb78809b5f7a0d630e976e,9c8b248d77b14f016a5c8523895940246703d3753efb78809b5f7a0d630e976e,True,25,24
b2,b2-k12-mixed-tree-2-380dba915931,12,12,mixed,tree,flat,12,12,13,22,22,22,17,17,17,8434.0,20790.0,8802.0,7746.0,0.9581913201545104,2.361963190184049,1.0888200361476892,2.683965917893106,1.1363284275755228,8262.0,18590.0,8722.0,18816.0,7496.0,19062.0,357ab1032ff9d89f13986c91b214ecdee357db539ccc245df471924319d0755c,357ab1032ff9d89f13986c91b214ecdee357db539ccc245df471924319d0755c,True,25,24
b2,b2-k12-mixed-tree-3-e56bca913be9,12,12,mixed,tree,flat,15,15,16,30,30,30,22,22,22,10684.0,23078.0,11052.0,10120.0,0.9667028592110025,2.0881288454578355,1.0557312252964426,2.2804347826086957,1.092094861660079,10650.0,22690.0,11084.0,22798.0,9826.0,23148.0,83f7f5180404aaff1e4d42351c83fa2c083c68d3179ba35daa204ccc350af1fc,83f7f5180404aaff1e4d42351c83fa2c083c68d3179ba35daa204ccc350af1fc,True,25,24
b2,b2-k12-mixed-tree-4-4769a3d3ef25,12,12,mixed,tree,flat,13,14,15,28,29,29,20,21,21,11186.0,24930.0,11800.0,10846.0,0.9479661016949152,2.1127118644067795,1.031347962382445,2.29854324174811,1.0879586944495667,14100.0,20636.0,12844.0,22118.0,11860.0,22522.0,3e999714a42c4f044b430b8cc40abb720d38493759d9fe0cc549d769e03d9ad9,3e999714a42c4f044b430b8cc40abb720d38493759d9fe0cc549d769e03d9ad9,True,25,24
b2,b2-k12-mixed-shared-1-f8b45cd2b4da,12,12,mixed,shared,flat,20,20,42,44,44,63,36,36,51,14720.0,27168.0,14928.0,19656.0,0.9860664523043944,1.819935691318328,0.7488807488807488,1.3821733821733821,0.7594627594627594,14580.0,35510.0,14864.0,35438.0,19602.0,55138.0,58d74552627d4b7e9c125d6eb17b2f852862824480487ffbd2d2855002864947,58d74552627d4b7e9c125d6eb17b2f852862824480487ffbd2d2855002864947,True,25,24
b2,b2-k12-mixed-shared-2-50e3ef4d7ce9,12,12,mixed,shared,flat,18,18,32,39,39,57,31,31,44,14474.0,25756.0,14618.0,17894.0,0.9901491312080996,1.7619373375290737,0.8088744830669499,1.4393651503297196,0.8169218732536045,15928.0,27892.0,15360.0,28194.0,19118.0,41558.0,7d6ab2fd13b177da1853d5aba62e55a9f8bd1d2f9b1c5a128c5194b40f2544ca,7d6ab2fd13b177da1853d5aba62e55a9f8bd1d2f9b1c5a128c5194b40f2544ca,True,25,24
b2,b2-k12-mixed-shared-3-b8fa1dce4b0b,12,12,mixed,shared,flat,12,14,36,30,36,82,24,28,59,10430.0,23128.0,12362.0,23416.0,0.8437146092865232,1.870894677236693,0.44542193372053296,0.9877007174581482,0.5279296207721216,10716.0,23414.0,12974.0,26104.0,26164.0,53654.0,d170e5645e8911a3ecb37073163e94e81699b620f5d1a07eeb2d13301d1a8f3d,d170e5645e8911a3ecb37073163e94e81699b620f5d1a07eeb2d13301d1a8f3d,True,25,24
b2,b2-k12-mixed-shared-4-b5d9843db5e5,12,12,mixed,shared,flat,21,23,47,40,42,60,32,34,52,13856.0,26650.0,15084.0,18516.0,0.9185892336250332,1.7667727393264385,0.7483257723050335,1.439295744221214,0.814646791963707,13342.0,31366.0,14724.0,34156.0,17858.0,57790.0,f056e6820013d8b35a3a4a56d4b2e9cece0e03cb2be1884a7fe5b62e6e54439f,f056e6820013d8b35a3a4a56d4b2e9cece0e03cb2be1884a7fe5b62e6e54439f,True,25,24
b2,b2-k16-xor_dom-tree-1-2f5ce8a982ff,16,16,xor_dom,tree,words,14,14,23,29,29,29,25,25,25,45030.0,60070.0,44660.0,49050.0,1.0082848186296463,1.345051500223914,0.9180428134556575,1.2246687054026504,0.9104994903160041,42570.0,45560.0,43730.0,45930.0,42440.0,49940.0,018e0ba07f27a37af3716edbabbd12ddb0b4c19c71b3e0d33f1ffc9c32f618c8,018e0ba07f27a37af3716edbabbd12ddb0b4c19c71b3e0d33f1ffc9c32f618c8,True,5,24
b2,b2-k16-xor_dom-tree-2-dc59bd3a0d74,16,16,xor_dom,tree,words,11,11,19,22,22,22,20,20,20,39630.0,55020.0,39480.0,44320.0,1.0037993920972645,1.3936170212765957,0.8941787003610109,1.2414259927797835,0.8907942238267148,29580.0,39370.0,30750.0,39820.0,29840.0,42890.0,b3ff3aa89347b3ff62d4d5966b626179406588b275bf6df9a7ddf9da6917a985,b3ff3aa89347b3ff62d4d5966b626179406588b275bf6df9a7ddf9da6917a985,True,5,24
b2,b2-k16-xor_dom-tree-3-fd0e9542c807,16,16,xor_dom,tree,words,15,15,24,34,34,34,28,28,28,51430.0,66770.0,51450.0,54450.0,0.9996112730806609,1.2977648202138,0.9445362718089991,1.2262626262626262,0.9449035812672176,52230.0,52890.0,52690.0,53180.0,52130.0,57120.0,a3955e0d7106bf8d76e35852c93e5943f4d40a0fc2408a3793bffdf25c694402,a3955e0d7106bf8d76e35852c93e5943f4d40a0fc2408a3793bffdf25c694402,True,5,24
b2,b2-k16-xor_dom-tree-4-ccf5dc564650,16,16,xor_dom,tree,words,14,14,24,29,29,29,26,26,26,49550.0,64980.0,50000.0,54560.0,0.991,1.2996,0.9081744868035191,1.190982404692082,0.9164222873900293,39830.0,49770.0,40410.0,50250.0,39970.0,54660.0,3c793589cc2bebc13af38a7c815bc02ed82fcfd33ae54d0a1d523e95d20eb1e3,3c793589cc2bebc13af38a7c815bc02ed82fcfd33ae54d0a1d523e95d20eb1e3,True,5,24
b2,b2-k16-xor_dom-shared-1-3867fe1a233b,16,16,xor_dom,shared,words,17,18,41,35,40,47,31,36,43,56360.0,71970.0,63070.0,83630.0,0.8936102742983986,1.1411130489931822,0.6739208418031807,0.8605763482004065,0.7541552074614373,53960.0,56570.0,60780.0,63770.0,67730.0,84300.0,61793872c60bf17fd180b9da24ec1c27aa496660279f122cdac3f9312e26df04,61793872c60bf17fd180b9da24ec1c27aa496660279f122cdac3f9312e26df04,True,5,24
b2,b2-k16-xor_dom-shared-2-d28a01c0b901,16,16,xor_dom,shared,words,10,10,31,27,29,39,25,27,35,46490.0,61910.0,49000.0,69750.0,0.9487755102040817,1.263469387755102,0.6665232974910394,0.8875985663082437,0.7025089605734767,34930.0,46520.0,37520.0,49190.0,53650.0,69570.0,e6bb163b96b1e8d81c66a8d3862f9e8cc469a96a2e0c2c1627b125cc35e0d6c3,e6bb163b96b1e8d81c66a8d3862f9e8cc469a96a2e0c2c1627b125cc35e0d6c3,True,5,24
b2,b2-k16-xor_dom-shared-3-78849fba8a04,16,16,xor_dom,shared,words,13,13,37,34,34,42,30,30,38,52690.0,68420.0,52370.0,74180.0,1.006110368531602,1.306473171663166,0.7102992720409814,0.9223510380156377,0.7059854408196279,50290.0,52390.0,49740.0,51960.0,59620.0,78080.0,d8a6946aaef5ede9c872cb34102c54b328721c28f85ee042e221cd4e1035b1a3,d8a6946aaef5ede9c872cb34102c54b328721c28f85ee042e221cd4e1035b1a3,True,5,24
b2,b2-k16-xor_dom-shared-4-c20fb11b9c87,16,16,xor_dom,shared,words,15,16,36,32,38,45,26,32,39,45920.0,61510.0,54970.0,72320.0,0.8353647444060397,1.1189739858104422,0.6349557522123894,0.8505254424778761,0.7600940265486725,51180.0,48340.0,60910.0,58160.0,70210.0,76610.0,4ac9c3c0cad97d417ecda5976d75ae28cccf878ef50e0a5b38335576cdd355fc,4ac9c3c0cad97d417ecda5976d75ae28cccf878ef50e0a5b38335576cdd355fc,True,5,24
b2,b2-k16-andor_dom-tree-1-9b69c21027be,16,16,andor_dom,tree,words,15,15,16,17,17,17,16,16,16,38760.0,54570.0,38270.0,39070.0,1.0128037627384374,1.4259210870133263,0.9920655234195035,1.3967238290248272,0.9795239314051702,25120.0,38620.0,25860.0,38320.0,23380.0,38950.0,2ca316eb2f35ea4b8332ebc0581fd6e0804e90ea1114984111640b40d9fcc188,2ca316eb2f35ea4b8332ebc0581fd6e0804e90ea1114984111640b40d9fcc188,True,5,24
b2,b2-k16-andor_dom-tree-2-4798fd76dd91,16,16,andor_dom,tree,words,15,15,18,25,25,25,20,20,20,42240.0,59070.0,41940.0,43340.0,1.0071530758226037,1.4084406294706724,0.9746192893401016,1.3629441624365481,0.9676972773419474,43460.0,41700.0,43880.0,41490.0,41890.0,42710.0,4460bf05a8bc6256ffcc79d3e2f758a8823b21313048bebf192867527f455313,4460bf05a8bc6256ffcc79d3e2f758a8823b21313048bebf192867527f455313,True,5,24
b2,b2-k16-andor_dom-tree-3-0631f9f38a59,16,16,andor_dom,tree,words,15,15,18,25,25,25,20,20,20,39720.0,55660.0,40040.0,41120.0,0.9920079920079921,1.39010989010989,0.9659533073929961,1.3535992217898833,0.9737354085603113,44060.0,39420.0,44600.0,39430.0,42840.0,40800.0,fbe9a08a73ce5575f037a20423fdff198c637108de4103c6866d2a82619d5521,fbe9a08a73ce5575f037a20423fdff198c637108de4103c6866d2a82619d5521,True,5,24
b2,b2-k16-andor_dom-tree-4-63621194d872,16,16,andor_dom,tree,words,17,17,20,27,28,28,22,23,23,43670.0,58600.0,44950.0,46180.0,0.971523915461624,1.3036707452725251,0.9456474664356864,1.2689475963620616,0.9733650931139021,41510.0,44590.0,43070.0,46080.0,41230.0,47210.0,17f9d6bb136db54edcc941d09098c3b90ca65b39e4c4efbb1cce0ab98375d033,17f9d6bb136db54edcc941d09098c3b90ca65b39e4c4efbb1cce0ab98375d033,True,5,24
b2,b2-k16-andor_dom-shared-1-98d2a1ad94ad,16,16,andor_dom,shared,words,12,13,37,26,28,41,25,27,37,47070.0,63650.0,50100.0,72960.0,0.9395209580838323,1.2704590818363273,0.6451480263157895,0.8723958333333334,0.6866776315789473,33110.0,47200.0,35960.0,50200.0,54780.0,73190.0,61cb2b2132400af1e104646086523433a7a1ab97ee1ca0017395caa45fe33395,61cb2b2132400af1e104646086523433a7a1ab97ee1ca0017395caa45fe33395,True,5,24
b2,b2-k16-andor_dom-shared-2-cf190eb487c4,16,16,andor_dom,shared,words,21,21,38,40,40,47,34,34,40,59630.0,75080.0,59450.0,74400.0,1.003027754415475,1.262910008410429,0.801478494623656,1.0091397849462365,0.7990591397849462,57660.0,56720.0,59730.0,56950.0,67110.0,70000.0,a27c9206f7b3a6994f380287bd0875302344283e44383b01cd4424959ada4433,a27c9206f7b3a6994f380287bd0875302344283e44383b01cd4424959ada4433,True,5,24
b2,b2-k16-andor_dom-shared-3-b995a8e54fc8,16,16,andor_dom,shared,words,16,16,42,34,35,49,30,31,45,52540.0,67460.0,53230.0,83280.0,0.9870373849333083,1.2673304527522073,0.6308837656099904,0.8100384245917387,0.6391690682036504,45110.0,52750.0,46340.0,54620.0,61400.0,83720.0,a858d9c33bba4c22c5645d0238026ec68895f78131c09866ba049ac1213930f0,a858d9c33bba4c22c5645d0238026ec68895f78131c09866ba049ac1213930f0,True,5,24
b2,b2-k16-andor_dom-shared-4-00fae4d6add7,16,16,andor_dom,shared,words,16,17,39,33,34,52,29,30,45,51720.0,66710.0,53570.0,82460.0,0.9654657457532201,1.245286540974426,0.6272131942760126,0.8089983022071308,0.6496483143342227,53640.0,51800.0,55460.0,53750.0,86510.0,82740.0,7b9b7ab938f677f2eeba5f8f4b683b2e08a62006f1718fd09dbd9982634affb7,7b9b7ab938f677f2eeba5f8f4b683b2e08a62006f1718fd09dbd9982634affb7,True,5,24
b2,b2-k16-impeqv_dom-tree-1-e08d580f6edb,16,16,impeqv_dom,tree,words,24,24,24,65,65,65,44,44,44,67860.0,82800.0,67380.0,67230.0,1.0071237756010685,1.2288512911843277,1.0093708165997322,1.2315930388219545,1.00223114680946,137300.0,68360.0,138330.0,68540.0,137270.0,67970.0,28939964043b92825c69db3a62cc0fd0e572fe878bc09d6abe48f167e8f38c56,28939964043b92825c69db3a62cc0fd0e572fe878bc09d6abe48f167e8f38c56,True,5,24
b2,b2-k16-impeqv_dom-tree-2-c47a93c76ff1,16,16,impeqv_dom,tree,words,21,21,22,56,56,56,37,37,37,58040.0,72880.0,58040.0,58770.0,1.0,1.255685733976568,0.9875786966139186,1.2400884805172707,0.9875786966139186,108640.0,59370.0,108850.0,58600.0,108170.0,59390.0,b02ee6a9490f8f01dae562dfc4eaee99f6b91c56c9a55de5075e040c2c8badb0,b02ee6a9490f8f01dae562dfc4eaee99f6b91c56c9a55de5075e040c2c8badb0,True,5,24
b2,b2-k16-impeqv_dom-tree-3-01da67660395,16,16,impeqv_dom,tree,words,23,23,24,60,60,60,41,41,41,64380.0,80130.0,64700.0,65360.0,0.9950540958268933,1.238485316846986,0.9850061199510404,1.2259791921664627,0.9899020807833537,118000.0,64280.0,117930.0,64870.0,116870.0,65100.0,6eca2c4bc082b0802c1c2ec4897191c392a9aa04049295ebb289b5966f58ca11,6eca2c4bc082b0802c1c2ec4897191c392a9aa04049295ebb289b5966f58ca11,True,5,24
b2,b2-k16-impeqv_dom-tree-4-f1d16cc1ccd8,16,16,impeqv_dom,tree,words,20,20,20,54,54,54,35,35,35,52990.0,66970.0,52550.0,52630.0,1.00837297811608,1.274405328258801,1.0068402052061562,1.2724681740452213,0.9984799543986319,108270.0,54900.0,109480.0,55060.0,108010.0,54750.0,b2800e59b7e91c0103d66c14b98bd8f6bd2802fc6614fcd1cba5ce28391b0a8d,b2800e59b7e91c0103d66c14b98bd8f6bd2802fc6614fcd1cba5ce28391b0a8d,True,5,24
b2,b2-k16-impeqv_dom-shared-1-37e51ffa951a,16,16,impeqv_dom,shared,words,30,30,39,77,77,93,52,52,64,78140.0,93290.0,77770.0,96570.0,1.0047576186190048,1.1995628134241996,0.8091539815677746,0.9660350005177591,0.8053225639432536,169610.0,81640.0,171110.0,83410.0,201620.0,101990.0,3750f3194b5162b24abdb770fe535cd77b4bef4322b4e5dfa973574f347c175c,3750f3194b5162b24abdb770fe535cd77b4bef4322b4e5dfa973574f347c175c,True,5,24
b2,b2-k16-impeqv_dom-shared-2-c84cd9722277,16,16,impeqv_dom,shared,words,33,36,58,80,87,118,54,59,82,83000.0,99710.0,89960.0,128260.0,0.9226322810137839,1.1083815028901733,0.6471230313425854,0.777405270544207,0.7013878060190238,187880.0,86550.0,203510.0,93350.0,254200.0,132250.0,1c30a6291e46f89c84bcae3dadbeef7d015272b03ccf65928a8dfa7f459ee9b9,1c30a6291e46f89c84bcae3dadbeef7d015272b03ccf65928a8dfa7f459ee9b9,True,5,24
b2,b2-k16-impeqv_dom-shared-3-dd3d88c4a1c4,16,16,impeqv_dom,shared,words,26,31,63,74,89,185,49,59,123,72910.0,89300.0,86470.0,171320.0,0.8431826066843993,1.0327281137966926,0.4255778659817885,0.5212467896334345,0.5047279943964511,175850.0,79140.0,198330.0,93780.0,416180.0,183110.0,5d121794535354beda6ba2813e5aba86727dc7c786f7fc871639de7cbca6eb44,5d121794535354beda6ba2813e5aba86727dc7c786f7fc871639de7cbca6eb44,True,5,24
b2,b2-k16-impeqv_dom-shared-4-750f3169f2d6,16,16,impeqv_dom,shared,words,23,24,44,67,69,124,44,46,81,66390.0,81860.0,69540.0,117540.0,0.954702329594478,1.177164222030486,0.5648289943848902,0.6964437638250808,0.591628381827463,157290.0,67110.0,163700.0,70310.0,264520.0,119120.0,516f91b25b608fbd7314967bd76f9d270ad918c97cc184abb9d442d58cab63a2,516f91b25b608fbd7314967bd76f9d270ad918c97cc184abb9d442d58cab63a2,True,5,24
b2,b2-k16-mixed-tree-1-d1b5689114e3,16,16,mixed,tree,words,13,13,16,25,25,25,20,20,20,36880.0,50940.0,37220.0,39030.0,0.9908651262761956,1.368619022031166,0.9449141685882655,1.305149884704074,0.9536254163464002,46410.0,36870.0,48660.0,38570.0,45750.0,38350.0,cfd9c47fbac4cfe26ed662ae3188f5f7e58968533c6a4898b9d815378ce18e20,cfd9c47fbac4cfe26ed662ae3188f5f7e58968533c6a4898b9d815378ce18e20,True,5,24
b2,b2-k16-mixed-tree-2-9cf5c64922ce,16,16,mixed,tree,words,16,16,16,26,26,26,21,21,21,40570.0,55460.0,40710.0,41060.0,0.9965610415131417,1.3623188405797102,0.9880662445202143,1.3507062834875792,0.9914758889430102,43410.0,42780.0,43630.0,42980.0,41500.0,43050.0,c4c0eb0b91911ee77095e3f1861624778ca5fc74b348b68586b378949000912b,c4c0eb0b91911ee77095e3f1861624778ca5fc74b348b68586b378949000912b,True,5,24
b2,b2-k16-mixed-tree-3-813773e1451b,16,16,mixed,tree,words,24,24,24,53,53,53,38,38,38,64260.0,79120.0,64360.0,64230.0,0.9984462399005594,1.2293349906774393,1.0004670714619337,1.2318231356064144,1.002023976335046,112600.0,66530.0,113220.0,66960.0,110440.0,66590.0,a95812dc6dbc063bb8164d6abbc45375d73fcfc19d0625b01d15b5c6e8414b8e,a95812dc6dbc063bb8164d6abbc45375d73fcfc19d0625b01d15b5c6e8414b8e,True,5,24
b2,b2-k16-mixed-tree-4-8eb11693eacf,16,16,mixed,tree,words,20,20,21,43,43,43,32,32,32,54670.0,71070.0,54830.0,54670.0,0.997081889476564,1.2961882181287616,1.0,1.2999817084324126,1.0029266508139747,79660.0,57510.0,80750.0,57970.0,78290.0,57630.0,4d6d9f055df5a6ee20cb816584dc2ae46a7f5e44347816ed8de2c611a8529f3b,4d6d9f055df5a6ee20cb816584dc2ae46a7f5e44347816ed8de2c611a8529f3b,True,5,24
b2,b2-k16-mixed-shared-1-ee24b1b1bb48,16,16,mixed,shared,words,17,17,38,39,39,54,32,32,46,58470.0,75260.0,59450.0,88030.0,0.983515559293524,1.265937762825904,0.6642053845280018,0.8549358173349995,0.6753379529705782,66940.0,55460.0,67740.0,55780.0,88620.0,83900.0,c1e3d8599b12aecc02b1037e39548ef97c9b307728c1dd11c2724784ceae6cb0,c1e3d8599b12aecc02b1037e39548ef97c9b307728c1dd11c2724784ceae6cb0,True,5,24
b2,b2-k16-mixed-shared-2-bc31f42a45c2,16,16,mixed,shared,words,18,18,50,51,51,107,39,39,76,61220.0,79890.0,61660.0,121400.0,0.9928640934155044,1.2956535841712618,0.5042833607907743,0.6580724876441516,0.5079077429983525,88810.0,65280.0,89290.0,65320.0,195250.0,121960.0,7a725401fb035c3469721894db466607939804371e65638031032201203731b2,7a725401fb035c3469721894db466607939804371e65638031032201203731b2,True,5,24
b2,b2-k16-mixed-shared-3-8dda327e304f,16,16,mixed,shared,words,23,23,42,50,50,70,40,40,56,69330.0,84640.0,69770.0,98140.0,0.9936935645692991,1.2131288519420955,0.7064397799062564,0.8624414102302833,0.7109231709802323,84380.0,69330.0,85140.0,69480.0,119770.0,97490.0,5a5dd23628309d8254036753447cc7855664935af517dc86b3a9c8b57d120b9f,5a5dd23628309d8254036753447cc7855664935af517dc86b3a9c8b57d120b9f,True,5,24
b2,b2-k16-mixed-shared-4-8dafe13fc96b,16,16,mixed,shared,words,16,16,34,45,45,68,35,35,51,57310.0,71980.0,57260.0,83340.0,1.0008732099196647,1.257073000349284,0.6876649868010559,0.8636909047276218,0.6870650347972163,85660.0,57810.0,86360.0,57670.0,140830.0,83830.0,2b01e9e55fa763957fceaf6cf7170bb8e75ab3237ef34252d83ab4a5e9c39ccc,2b01e9e55fa763957fceaf6cf7170bb8e75ab3237ef34252d83ab4a5e9c39ccc,True,5,24
b4,b4-k8-xor_dom-tree-ab2bcaf5515c,8,16,xor_dom,tree,flat,10,10,12,18,18,18,14,14,14,3688.0,15430.0,3978.0,3358.0,0.9270990447461036,3.8788335847159376,1.0982727814175104,4.594997022036927,1.1846337105419893,3541.5,13568.5,3871.0,13746.0,3171.5,14308.5,823aa951aee024175797ffa99d222f8da97c11c52f04fc164a37034077636b58,823aa951aee024175797ffa99d222f8da97c11c52f04fc164a37034077636b58,True,100,24
b4,b4-k8-xor_dom-tree-ab2bcaf5515c,8,20,xor_dom,tree,flat,10,10,12,18,18,18,14,14,14,3662.0,15104.5,3933.0,3292.5,0.9310958555809814,3.84045258072718,1.112224753227031,4.587547456340167,1.1945330296127563,3495.5,14414.5,3857.0,13604.0,3155.0,14550.5,823aa951aee024175797ffa99d222f8da97c11c52f04fc164a37034077636b58,823aa951aee024175797ffa99d222f8da97c11c52f04fc164a37034077636b58,True,100,24
b4,b4-k8-xor_dom-tree-ab2bcaf5515c,8,24,xor_dom,tree,flat,10,10,12,18,18,18,14,14,14,3991.0,16415.5,4258.0,3575.5,0.9372945044621889,3.855213715359324,1.1162075234232975,4.591106139001538,1.1908823940707594,3565.0,14038.5,4076.5,14166.0,3235.5,15240.0,823aa951aee024175797ffa99d222f8da97c11c52f04fc164a37034077636b58,823aa951aee024175797ffa99d222f8da97c11c52f04fc164a37034077636b58,True,100,24
b4,b4-k8-xor_dom-shared-97977d46abf4,8,16,xor_dom,shared,flat,6,8,25,15,23,26,14,22,25,3312.0,15538.0,4437.0,5662.5,0.7464503042596349,3.5019157088122603,0.5849006622516556,2.74401766004415,0.7835761589403973,2881.5,12847.5,3981.5,19425.5,5104.5,28716.0,017ba139dc30dfb0539cf87bde3bc946b2d0b5ed110d6dc992ae96aeb48b8135,017ba139dc30dfb0539cf87bde3bc946b2d0b5ed110d6dc992ae96aeb48b8135,True,100,24
b4,b4-k8-xor_dom-shared-97977d46abf4,8,20,xor_dom,shared,flat,6,8,25,15,23,26,14,22,25,3018.5,14989.5,4067.0,5189.0,0.7421932628473076,3.6856405212687484,0.5817113123915976,2.888706879938331,0.783773366737329,2949.0,13051.0,4110.0,19519.0,5074.5,28280.0,017ba139dc30dfb0539cf87bde3bc946b2d0b5ed110d6dc992ae96aeb48b8135,017ba139dc30dfb0539cf87bde3bc946b2d0b5ed110d6dc992ae96aeb48b8135,True,100,24
b4,b4-k8-xor_dom-shared-97977d46abf4,8,24,xor_dom,shared,flat,6,8,25,15,23,26,14,22,25,3005.5,14845.0,4161.5,5352.5,0.7222155472786255,3.5672233569626335,0.5615133115366651,2.773470340962167,0.7774871555347969,2869.0,12564.0,4019.5,18923.0,4979.5,27927.5,017ba139dc30dfb0539cf87bde3bc946b2d0b5ed110d6dc992ae96aeb48b8135,017ba139dc30dfb0539cf87bde3bc946b2d0b5ed110d6dc992ae96aeb48b8135,True,100,24
b4,b4-k8-andor_dom-tree-1deffbce22ed,8,16,andor_dom,tree,flat,4,4,8,8,8,8,8,8,8,2480.5,14163.5,2767.0,2389.0,0.8964582580411998,5.118720636067944,1.0383005441607367,5.928631226454583,1.1582251988279615,2340.5,9140.0,2696.5,9122.5,2239.0,10529.0,1216dd8bfb814cb128b9734bec0c1c5daa4778792a3a78d9a65c1c2a8eb7d712,1216dd8bfb814cb128b9734bec0c1c5daa4778792a3a78d9a65c1c2a8eb7d712,True,100,24
b4,b4-k8-andor_dom-tree-1deffbce22ed,8,20,andor_dom,tree,flat,4,4,8,8,8,8,8,8,8,2490.0,14411.0,2820.5,2411.5,0.8828221946463393,5.109377769898954,1.0325523533070702,5.975948579722164,1.1696039809247356,2378.5,9298.0,2716.5,9213.5,2237.0,10609.0,1216dd8bfb814cb128b9734bec0c1c5daa4778792a3a78d9a65c1c2a8eb7d712,1216dd8bfb814cb128b9734bec0c1c5daa4778792a3a78d9a65c1c2a8eb7d712,True,100,24
b4,b4-k8-andor_dom-tree-1deffbce22ed,8,24,andor_dom,tree,flat,4,4,8,8,8,8,8,8,8,2324.5,13306.0,2579.0,2251.5,0.9013183404420317,5.159364094610314,1.032422829224961,5.909837885853875,1.1454585831667776,2254.5,8929.5,2597.5,8880.0,2167.0,10228.5,1216dd8bfb814cb128b9734bec0c1c5daa4778792a3a78d9a65c1c2a8eb7d712,1216dd8bfb814cb128b9734bec0c1c5daa4778792a3a78d9a65c1c2a8eb7d712,True,100,24
b4,b4-k8-andor_dom-shared-ddfd4bb6253b,8,16,andor_dom,shared,flat,17,17,63,33,33,107,27,27,84,5887.5,18830.5,6172.0,13480.0,0.9539047310434219,3.050955930006481,0.4367581602373887,1.3969213649851633,0.45786350148367955,5830.5,25791.0,6335.5,25909.0,13591.0,81386.5,21e6cd49b1dabe9dd26edc61b1cde6776927d9a4c3f6022ebe270e6c26d8fccd,21e6cd49b1dabe9dd26edc61b1cde6776927d9a4c3f6022ebe270e6c26d8fccd,True,100,24
b4,b4-k8-andor_dom-shared-ddfd4bb6253b,8,20,andor_dom,shared,flat,17,17,63,33,33,107,27,27,84,6010.0,18728.5,6358.0,13649.0,0.9452658068575024,2.945659012268009,0.4403252985566708,1.372151805993113,0.4658216719173566,5681.0,24829.0,6139.0,24631.0,12795.0,77190.5,21e6cd49b1dabe9dd26edc61b1cde6776927d9a4c3f6022ebe270e6c26d8fccd,21e6cd49b1dabe9dd26edc61b1cde6776927d9a4c3f6022ebe270e6c26d8fccd,True,100,24
b4,b4-k8-andor_dom-shared-ddfd4bb6253b,8,24,andor_dom,shared,flat,17,17,63,33,33,107,27,27,84,6070.0,18563.5,6311.5,13724.0,0.9617365127148855,2.9412184108373602,0.4422908772952492,1.3526304284465172,0.459887787816963,5562.0,24289.0,5917.0,24448.5,12688.5,77086.5,21e6cd49b1dabe9dd26edc61b1cde6776927d9a4c3f6022ebe270e6c26d8fccd,21e6cd49b1dabe9dd26edc61b1cde6776927d9a4c3f6022ebe270e6c26d8fccd,True,100,24
b4,b4-k8-impeqv_dom-tree-d790fcb10088,8,16,impeqv_dom,tree,flat,11,11,12,27,27,27,19,19,19,4421.5,17631.0,4693.5,4197.5,0.9420475125173112,3.7564717162032597,1.0533650982727814,4.200357355568791,1.118165574746873,4241.0,16401.5,4581.5,16410.0,4032.0,16875.0,355abca755daacfcb02e12760e29610f3937fc96f02a8a36801d06c7752272c6,355abca755daacfcb02e12760e29610f3937fc96f02a8a36801d06c7752272c6,True,100,24
b4,b4-k8-impeqv_dom-tree-d790fcb10088,8,20,impeqv_dom,tree,flat,11,11,12,27,27,27,19,19,19,4562.0,17444.0,4857.0,4334.0,0.9392629194976323,3.5915173975705166,1.0526072911859714,4.024919243193355,1.1206737425011537,4159.5,17225.5,4557.0,16744.0,4021.0,17076.5,355abca755daacfcb02e12760e29610f3937fc96f02a8a36801d06c7752272c6,355abca755daacfcb02e12760e29610f3937fc96f02a8a36801d06c7752272c6,True,100,24
b4,b4-k8-impeqv_dom-tree-d790fcb10088,8,24,impeqv_dom,tree,flat,11,11,12,27,27,27,19,19,19,4329.0,17312.5,4674.5,4176.5,0.9260883516953685,3.703604663600385,1.0365138273674128,4.145217287202203,1.1192385969112895,4151.5,16154.0,4556.0,17101.5,4217.5,17618.5,355abca755daacfcb02e12760e29610f3937fc96f02a8a36801d06c7752272c6,355abca755daacfcb02e12760e29610f3937fc96f02a8a36801d06c7752272c6,True,100,24
b4,b4-k8-impeqv_dom-shared-4bd4845b3576,8,16,impeqv_dom,shared,flat,17,19,25,43,48,61,29,33,42,6198.5,19754.5,7258.0,8024.5,0.8540231468724166,2.7217553044915954,0.772446881425634,2.46177331920992,0.9044800299084055,5776.5,23764.0,6886.5,26847.0,7410.0,34533.5,7615702cd3fa4a222f82f10801b889512640175fafd82cd14a65d5b92895e025,7615702cd3fa4a222f82f10801b889512640175fafd82cd14a65d5b92895e025,True,100,24
b4,b4-k8-impeqv_dom-shared-4bd4845b3576,8,20,impeqv_dom,shared,flat,17,19,25,43,48,61,29,33,42,5875.5,18444.5,6959.0,7758.0,0.844302342290559,2.6504526512429947,0.7573472544470224,2.3774813096158804,0.8970095385408611,5785.5,24043.5,6819.0,27003.0,7273.0,35172.0,7615702cd3fa4a222f82f10801b889512640175fafd82cd14a65d5b92895e025,7615702cd3fa4a222f82f10801b889512640175fafd82cd14a65d5b92895e025,True,100,24
b4,b4-k8-impeqv_dom-shared-4bd4845b3576,8,24,impeqv_dom,shared,flat,17,19,25,43,48,61,29,33,42,5952.5,18453.0,6945.0,7697.0,0.8570914326853851,2.6570194384449244,0.773353254514746,2.3974275691827986,0.9022995972456801,5893.5,24383.0,7005.0,27373.5,7568.0,35296.0,7615702cd3fa4a222f82f10801b889512640175fafd82cd14a65d5b92895e025,7615702cd3fa4a222f82f10801b889512640175fafd82cd14a65d5b92895e025,True,100,24
b4,b4-k8-mixed-tree-e2387dd52311,8,16,mixed,tree,flat,9,9,9,19,19,19,13,13,13,3593.5,15747.5,4030.0,3334.5,0.8916873449131514,3.9075682382133996,1.0776728145149197,4.722597091018144,1.2085769980506822,3352.0,12199.5,3741.5,12117.5,3055.0,12143.0,a6ffb8e839203583587a595caf3f30754611c071319effcd06249814e0098c42,a6ffb8e839203583587a595caf3f30754611c071319effcd06249814e0098c42,True,100,24
b4,b4-k8-mixed-tree-e2387dd52311,8,20,mixed,tree,flat,9,9,9,19,19,19,13,13,13,3568.0,15849.0,3900.0,3259.0,0.9148717948717948,4.063846153846153,1.0948143602332003,4.86314820497085,1.1966861000306843,3296.0,11784.0,3698.5,11674.5,2947.0,11710.0,a6ffb8e839203583587a595caf3f30754611c071319effcd06249814e0098c42,a6ffb8e839203583587a595caf3f30754611c071319effcd06249814e0098c42,True,100,24
b4,b4-k8-mixed-tree-e2387dd52311,8,24,mixed,tree,flat,9,9,9,19,19,19,13,13,13,3584.0,15818.0,3930.0,3273.0,0.9119592875318067,4.024936386768448,1.0950198594561564,4.832875038191262,1.2007332722273143,3394.0,12142.5,3835.5,12221.5,3117.5,12074.5,a6ffb8e839203583587a595caf3f30754611c071319effcd06249814e0098c42,a6ffb8e839203583587a595caf3f30754611c071319effcd06249814e0098c42,True,100,24
b4,b4-k8-mixed-shared-af0d30e3fab9,8,16,mixed,shared,flat,12,12,28,31,31,49,25,25,38,5021.0,18714.0,5412.5,7216.5,0.9276674364896074,3.4575519630484988,0.6957666458809673,2.5932238619829557,0.750017321416199,4743.0,22502.5,5233.5,22264.0,6746.5,37069.0,fd72235f91772c02350df5deef3c4e1419297226d4cd1f56ef6fb0057cf4caf1,fd72235f91772c02350df5deef3c4e1419297226d4cd1f56ef6fb0057cf4caf1,True,100,24
b4,b4-k8-mixed-shared-af0d30e3fab9,8,20,mixed,shared,flat,12,12,28,31,31,49,25,25,38,4982.5,17790.0,5276.0,7045.5,0.9443707354056103,3.371872630780895,0.7071889858775104,2.5250159676389186,0.7488467816336669,4584.5,21530.5,5003.5,21548.0,6498.5,35677.5,fd72235f91772c02350df5deef3c4e1419297226d4cd1f56ef6fb0057cf4caf1,fd72235f91772c02350df5deef3c4e1419297226d4cd1f56ef6fb0057cf4caf1,True,100,24
b4,b4-k8-mixed-shared-af0d30e3fab9,8,24,mixed,shared,flat,12,12,28,31,31,49,25,25,38,4937.0,17881.5,5211.5,7014.0,0.9473280245610669,3.4311618535930153,0.7038779583689764,2.5494011976047903,0.7430139720558883,4664.0,21440.5,5038.0,21387.0,6634.5,35243.5,fd72235f91772c02350df5deef3c4e1419297226d4cd1f56ef6fb0057cf4caf1,fd72235f91772c02350df5deef3c4e1419297226d4cd1f56ef6fb0057cf4caf1,True,100,24
b4,b4-k12-xor_dom-tree-8d4df9a5aa26,12,16,xor_dom,tree,flat,6,6,11,15,15,15,13,13,13,5960.0,20404.0,6340.0,6132.0,0.9400630914826499,3.218296529968454,0.9719504240052185,3.3274624918460534,1.0339204174820613,5798.0,14388.0,6234.0,14450.0,5854.0,16758.0,21fcd61bfa4cf4bce0a55a11cb66e07a50691ac4939aa18a3c3be22b3fbd521b,21fcd61bfa4cf4bce0a55a11cb66e07a50691ac4939aa18a3c3be22b3fbd521b,True,25,24
b4,b4-k12-xor_dom-tree-8d4df9a5aa26,12,20,xor_dom,tree,flat,6,6,11,15,15,15,13,13,13,6062.0,22218.0,6520.0,6166.0,0.9297546012269938,3.407668711656442,0.983133311709374,3.6033084657800845,1.0574116120661694,6036.0,14964.0,6718.0,15220.0,6120.0,17412.0,21fcd61bfa4cf4bce0a55a11cb66e07a50691ac4939aa18a3c3be22b3fbd521b,21fcd61bfa4cf4bce0a55a11cb66e07a50691ac4939aa18a3c3be22b3fbd521b,True,25,24
b4,b4-k12-xor_dom-tree-8d4df9a5aa26,12,24,xor_dom,tree,flat,6,6,11,15,15,15,13,13,13,6022.0,20336.0,6414.0,6232.0,0.9388836919239164,3.1705643903960086,0.9663029525032092,3.263157894736842,1.029204107830552,5994.0,15212.0,6538.0,14956.0,6072.0,17430.0,21fcd61bfa4cf4bce0a55a11cb66e07a50691ac4939aa18a3c3be22b3fbd521b,21fcd61bfa4cf4bce0a55a11cb66e07a50691ac4939aa18a3c3be22b3fbd521b,True,25,24
b4,b4-k12-xor_dom-shared-221d38307c2c,12,16,xor_dom,shared,flat,7,7,36,20,24,37,19,23,36,6566.0,22006.0,7480.0,11986.0,0.877807486631016,2.9419786096256684,0.5478057734023026,1.8359753045219422,0.6240614049724679,7020.0,21160.0,7880.0,23506.0,12332.0,53212.0,7c87f58d0aade6bc2554ac3faaa1b721bcb1db7833fd31f5e6b066cd2c6b3330,7c87f58d0aade6bc2554ac3faaa1b721bcb1db7833fd31f5e6b066cd2c6b3330,True,25,24
b4,b4-k12-xor_dom-shared-221d38307c2c,12,20,xor_dom,shared,flat,7,7,36,20,24,37,19,23,36,6774.0,21530.0,7554.0,12302.0,0.8967434471803019,2.850145618215515,0.5506421720045521,1.7501219313932694,0.6140464965046334,6844.0,20622.0,7836.0,23674.0,12308.0,49076.0,7c87f58d0aade6bc2554ac3faaa1b721bcb1db7833fd31f5e6b066cd2c6b3330,7c87f58d0aade6bc2554ac3faaa1b721bcb1db7833fd31f5e6b066cd2c6b3330,True,25,24
b4,b4-k12-xor_dom-shared-221d38307c2c,12,24,xor_dom,shared,flat,7,7,36,20,24,37,19,23,36,7780.0,26044.0,9884.0,14508.0,0.7871307163091865,2.6349656009712668,0.536255858836504,1.7951475048249241,0.68127929418252,13526.0,41686.0,15872.0,46176.0,22458.0,102400.0,7c87f58d0aade6bc2554ac3faaa1b721bcb1db7833fd31f5e6b066cd2c6b3330,7c87f58d0aade6bc2554ac3faaa1b721bcb1db7833fd31f5e6b066cd2c6b3330,True,25,24
b4,b4-k12-andor_dom-tree-c5f4154e06f3,12,16,andor_dom,tree,flat,11,11,14,14,15,15,13,14,14,7748.0,28494.0,9302.0,7022.0,0.8329391528703505,3.063212212427435,1.1033893477641699,4.0578182853887785,1.3246938194246654,9714.0,26436.0,8708.0,27408.0,8408.0,36184.0,d949c9d8a9f40eebbffa0da6e11d31d1ecf796cd3a1d92283264a320038b8261,d949c9d8a9f40eebbffa0da6e11d31d1ecf796cd3a1d92283264a320038b8261,True,25,24
b4,b4-k12-andor_dom-tree-c5f4154e06f3,12,20,andor_dom,tree,flat,11,11,14,14,15,15,13,14,14,10640.0,38770.0,11236.0,11362.0,0.9469562121751512,3.450516197935208,0.9364548494983278,3.4122513641964445,0.9889104030980461,6708.0,17698.0,7020.0,18964.0,5698.0,19850.0,d949c9d8a9f40eebbffa0da6e11d31d1ecf796cd3a1d92283264a320038b8261,d949c9d8a9f40eebbffa0da6e11d31d1ecf796cd3a1d92283264a320038b8261,True,25,24
b4,b4-k12-andor_dom-tree-c5f4154e06f3,12,24,andor_dom,tree,flat,11,11,14,14,15,15,13,14,14,5858.0,18642.0,6308.0,5202.0,0.9286620164870006,2.9552948636651872,1.1261053440984237,3.5836216839677046,1.2126105344098423,5732.0,15828.0,6254.0,16614.0,5046.0,17594.0,d949c9d8a9f40eebbffa0da6e11d31d1ecf796cd3a1d92283264a320038b8261,d949c9d8a9f40eebbffa0da6e11d31d1ecf796cd3a1d92283264a320038b8261,True,25,24
b4,b4-k12-andor_dom-shared-86ccd155e598,12,16,andor_dom,shared,flat,9,11,26,24,27,31,21,24,28,14130.0,27940.0,15042.0,15850.0,0.9393697646589549,1.8574657625315782,0.8914826498422713,1.7627760252365932,0.9490220820189275,11722.0,20664.0,13936.0,23780.0,14664.0,32828.0,3a691de90fd2e568f22c76b8493ad1468f9dc78745dd407b116b6fd267145db2,3a691de90fd2e568f22c76b8493ad1468f9dc78745dd407b116b6fd267145db2,True,25,24
b4,b4-k12-andor_dom-shared-86ccd155e598,12,20,andor_dom,shared,flat,9,11,26,24,27,31,21,24,28,9386.0,22616.0,10136.0,10992.0,0.926006314127861,2.2312549329123916,0.8538937409024745,2.057496360989811,0.9221251819505094,9432.0,19738.0,10140.0,22826.0,10854.0,31398.0,3a691de90fd2e568f22c76b8493ad1468f9dc78745dd407b116b6fd267145db2,3a691de90fd2e568f22c76b8493ad1468f9dc78745dd407b116b6fd267145db2,True,25,24
b4,b4-k12-andor_dom-shared-86ccd155e598,12,24,andor_dom,shared,flat,9,11,26,24,27,31,21,24,28,9654.0,22676.0,10284.0,11124.0,0.9387397899649942,2.204978607545702,0.8678532901833873,2.038475368572456,0.924487594390507,9416.0,19470.0,10112.0,22744.0,10838.0,30908.0,3a691de90fd2e568f22c76b8493ad1468f9dc78745dd407b116b6fd267145db2,3a691de90fd2e568f22c76b8493ad1468f9dc78745dd407b116b6fd267145db2,True,25,24
b4,b4-k12-impeqv_dom-tree-8fe562209709,12,16,impeqv_dom,tree,flat,13,13,13,31,31,31,21,21,21,11368.0,25860.0,11788.0,10946.0,0.9643705463182898,2.193756362402443,1.0385528960350814,2.362506851818016,1.0769230769230769,11252.0,19712.0,11756.0,19782.0,10746.0,19896.0,e245efb7c6cdd5382da73a305e702450dcc37d19e564d38fcf7a87fd90239187,e245efb7c6cdd5382da73a305e702450dcc37d19e564d38fcf7a87fd90239187,True,25,24
b4,b4-k12-impeqv_dom-tree-8fe562209709,12,20,impeqv_dom,tree,flat,13,13,13,31,31,31,21,21,21,12214.0,27828.0,12684.0,11486.0,0.9629454430778934,2.193945127719962,1.0633815079226885,2.422775552846944,1.104300888037611,11666.0,20418.0,12264.0,20474.0,11254.0,20376.0,e245efb7c6cdd5382da73a305e702450dcc37d19e564d38fcf7a87fd90239187,e245efb7c6cdd5382da73a305e702450dcc37d19e564d38fcf7a87fd90239187,True,25,24
b4,b4-k12-impeqv_dom-tree-8fe562209709,12,24,impeqv_dom,tree,flat,13,13,13,31,31,31,21,21,21,11580.0,25708.0,11936.0,11166.0,0.9701742627345844,2.153820375335121,1.0370768404083825,2.3023464087408203,1.0689593408561706,11490.0,20178.0,11852.0,20142.0,11130.0,20372.0,e245efb7c6cdd5382da73a305e702450dcc37d19e564d38fcf7a87fd90239187,e245efb7c6cdd5382da73a305e702450dcc37d19e564d38fcf7a87fd90239187,True,25,24
b4,b4-k12-impeqv_dom-shared-a906e175a694,12,16,impeqv_dom,shared,flat,22,22,35,59,59,94,40,40,64,19478.0,34186.0,19904.0,28314.0,0.978597266881029,1.7175442122186495,0.6879282333827789,1.2073885710249346,0.7029737938828848,18786.0,33426.0,19324.0,33460.0,27164.0,53094.0,b7fb5e2f2206b97a1fe6625049c4a5e6c76425cfc7fb3a538e8ed62a44d98b8f,b7fb5e2f2206b97a1fe6625049c4a5e6c76425cfc7fb3a538e8ed62a44d98b8f,True,25,24
b4,b4-k12-impeqv_dom-shared-a906e175a694,12,20,impeqv_dom,shared,flat,22,22,35,59,59,94,40,40,64,18782.0,31806.0,19198.0,27204.0,0.978331076153766,1.656735076570476,0.6904131745331569,1.1691662990736655,0.7057050433759742,18572.0,33562.0,19594.0,33450.0,26608.0,52676.0,b7fb5e2f2206b97a1fe6625049c4a5e6c76425cfc7fb3a538e8ed62a44d98b8f,b7fb5e2f2206b97a1fe6625049c4a5e6c76425cfc7fb3a538e8ed62a44d98b8f,True,25,24
b4,b4-k12-impeqv_dom-shared-a906e175a694,12,24,impeqv_dom,shared,flat,22,22,35,59,59,94,40,40,64,20140.0,34952.0,20500.0,29176.0,0.9824390243902439,1.7049756097560975,0.6902933918289005,1.197970935015081,0.7026323005209761,18646.0,32538.0,19134.0,32976.0,26930.0,51644.0,b7fb5e2f2206b97a1fe6625049c4a5e6c76425cfc7fb3a538e8ed62a44d98b8f,b7fb5e2f2206b97a1fe6625049c4a5e6c76425cfc7fb3a538e8ed62a44d98b8f,True,25,24
b4,b4-k12-mixed-tree-646cf634cbc9,12,16,mixed,tree,flat,8,8,11,15,15,15,13,13,13,6090.0,19148.0,6348.0,5674.0,0.9593572778827977,3.0163831127914302,1.0733168840324285,3.3746915756080367,1.1187874515333098,5912.0,14092.0,6264.0,13912.0,5450.0,14858.0,f113a50e484a199a624fd6fe2572894e730c3ae9debcf3c8534e9bb10a6a592e,f113a50e484a199a624fd6fe2572894e730c3ae9debcf3c8534e9bb10a6a592e,True,25,24
b4,b4-k12-mixed-tree-646cf634cbc9,12,20,mixed,tree,flat,8,8,11,15,15,15,13,13,13,6158.0,18890.0,6412.0,5754.0,0.9603867747972551,2.9460386774797254,1.070212026416406,3.2829336114007646,1.1143552311435523,6134.0,14738.0,6498.0,14626.0,5690.0,15626.0,f113a50e484a199a624fd6fe2572894e730c3ae9debcf3c8534e9bb10a6a592e,f113a50e484a199a624fd6fe2572894e730c3ae9debcf3c8534e9bb10a6a592e,True,25,24
b4,b4-k12-mixed-tree-646cf634cbc9,12,24,mixed,tree,flat,8,8,11,15,15,15,13,13,13,5824.0,18784.0,6024.0,5404.0,0.9667994687915007,3.1181938911022575,1.077720207253886,3.4759437453737974,1.1147298297557364,5890.0,14746.0,6272.0,14620.0,5422.0,15576.0,f113a50e484a199a624fd6fe2572894e730c3ae9debcf3c8534e9bb10a6a592e,f113a50e484a199a624fd6fe2572894e730c3ae9debcf3c8534e9bb10a6a592e,True,25,24
b4,b4-k12-mixed-shared-f8025aa2f7b1,12,16,mixed,shared,flat,26,26,64,57,57,99,46,46,78,17644.0,31428.0,18218.0,29806.0,0.9684926995279394,1.7251070369963772,0.5919613500637455,1.054418573441589,0.6112192176071932,21146.0,42126.0,21632.0,42144.0,36130.0,76112.0,8494d33604500637a75915e0e76744108fbf8497359191e7246cc7982d6f54ed,8494d33604500637a75915e0e76744108fbf8497359191e7246cc7982d6f54ed,True,25,24
b4,b4-k12-mixed-shared-f8025aa2f7b1,12,20,mixed,shared,flat,26,26,64,57,57,99,46,46,78,21300.0,34216.0,21470.0,36754.0,0.992081974848626,1.5936655798789008,0.5795287587745551,0.9309462915601023,0.5841541056755727,21406.0,42260.0,21924.0,42488.0,37070.0,76430.0,8494d33604500637a75915e0e76744108fbf8497359191e7246cc7982d6f54ed,8494d33604500637a75915e0e76744108fbf8497359191e7246cc7982d6f54ed,True,25,24
b4,b4-k12-mixed-shared-f8025aa2f7b1,12,24,mixed,shared,flat,26,26,64,57,57,99,46,46,78,21260.0,34810.0,21550.0,36710.0,0.9865429234338747,1.6153132250580047,0.57913375102152,0.9482429855625171,0.5870335058567148,17462.0,42004.0,17876.0,42788.0,28604.0,76720.0,8494d33604500637a75915e0e76744108fbf8497359191e7246cc7982d6f54ed,8494d33604500637a75915e0e76744108fbf8497359191e7246cc7982d6f54ed,True,25,24
b4,b4-k16-xor_dom-tree-6109348803ab,16,16,xor_dom,tree,words,12,12,20,26,26,26,21,21,21,36820.0,50670.0,36940.0,40440.0,0.9967514889009204,1.3716838115863563,0.9104846686449061,1.252967359050445,0.9134520276953512,39960.0,38040.0,40600.0,38150.0,40560.0,42140.0,19c03725e5cc1b5e01e0eba58c63c0d7865a9bbd3f4e219e74aa34c68266be7b,19c03725e5cc1b5e01e0eba58c63c0d7865a9bbd3f4e219e74aa34c68266be7b,True,5,24
b4,b4-k16-xor_dom-tree-6109348803ab,16,20,xor_dom,tree,words,12,12,20,26,26,26,21,21,21,37740.0,54860.0,37930.0,41610.0,0.994990772475613,1.4463485367782758,0.9069935111751982,1.3184330689738044,0.9115597212208604,39770.0,37430.0,39670.0,37580.0,40150.0,41330.0,19c03725e5cc1b5e01e0eba58c63c0d7865a9bbd3f4e219e74aa34c68266be7b,19c03725e5cc1b5e01e0eba58c63c0d7865a9bbd3f4e219e74aa34c68266be7b,True,5,24
b4,b4-k16-xor_dom-tree-6109348803ab,16,24,xor_dom,tree,words,12,12,20,26,26,26,21,21,21,39150.0,57080.0,39240.0,43280.0,0.9977064220183486,1.454638124362895,0.9045748613678374,1.3188539741219962,0.9066543438077634,41060.0,39790.0,41690.0,39830.0,41310.0,43600.0,19c03725e5cc1b5e01e0eba58c63c0d7865a9bbd3f4e219e74aa34c68266be7b,19c03725e5cc1b5e01e0eba58c63c0d7865a9bbd3f4e219e74aa34c68266be7b,True,5,24
b4,b4-k16-xor_dom-shared-24aebb58ba91,16,16,xor_dom,shared,words,7,8,30,23,26,38,21,24,33,38490.0,55370.0,42850.0,63380.0,0.8982497082847141,1.2921820303383897,0.6072893657305144,0.8736194383086147,0.6760807825812559,32390.0,39380.0,36540.0,43690.0,60980.0,64480.0,1982b9f6474e902be78ea310337c95bf2c53ff56d74d5ef3bb976d45a2fd7b0c,1982b9f6474e902be78ea310337c95bf2c53ff56d74d5ef3bb976d45a2fd7b0c,True,5,24
b4,b4-k16-xor_dom-shared-24aebb58ba91,16,20,xor_dom,shared,words,7,8,30,23,26,38,21,24,33,39340.0,57170.0,43400.0,64540.0,0.9064516129032258,1.3172811059907834,0.6095444685466378,0.8858072513170127,0.6724511930585684,32450.0,38670.0,36370.0,43090.0,60760.0,64460.0,1982b9f6474e902be78ea310337c95bf2c53ff56d74d5ef3bb976d45a2fd7b0c,1982b9f6474e902be78ea310337c95bf2c53ff56d74d5ef3bb976d45a2fd7b0c,True,5,24
b4,b4-k16-xor_dom-shared-24aebb58ba91,16,24,xor_dom,shared,words,7,8,30,23,26,38,21,24,33,39210.0,57950.0,43690.0,65450.0,0.8974593728542001,1.3263904783703364,0.5990832696715049,0.8854087089381207,0.6675324675324675,32740.0,39260.0,36840.0,43520.0,61820.0,65300.0,1982b9f6474e902be78ea310337c95bf2c53ff56d74d5ef3bb976d45a2fd7b0c,1982b9f6474e902be78ea310337c95bf2c53ff56d74d5ef3bb976d45a2fd7b0c,True,5,24
b4,b4-k16-andor_dom-tree-2f1233215648,16,16,andor_dom,tree,words,13,13,16,17,17,17,16,16,16,34890.0,49380.0,34780.0,36060.0,1.0031627372052905,1.4197814836112708,0.9675540765391015,1.3693843594009982,0.9645036051026068,22870.0,34770.0,23410.0,34700.0,21770.0,35790.0,65bbc846767fb03a5bb45d48fb90329a7345a0c94bfcb0f57ec1c170dd3156b1,65bbc846767fb03a5bb45d48fb90329a7345a0c94bfcb0f57ec1c170dd3156b1,True,5,24
b4,b4-k16-andor_dom-tree-2f1233215648,16,20,andor_dom,tree,words,13,13,16,17,17,17,16,16,16,34490.0,51600.0,34850.0,35710.0,0.9896700143472023,1.4806312769010044,0.965835900308037,1.4449733968076168,0.9759171100532064,23150.0,35310.0,23870.0,34830.0,21630.0,35860.0,65bbc846767fb03a5bb45d48fb90329a7345a0c94bfcb0f57ec1c170dd3156b1,65bbc846767fb03a5bb45d48fb90329a7345a0c94bfcb0f57ec1c170dd3156b1,True,5,24
b4,b4-k16-andor_dom-tree-2f1233215648,16,24,andor_dom,tree,words,13,13,16,17,17,17,16,16,16,34150.0,49530.0,33550.0,35070.0,1.0178837555886737,1.4763040238450074,0.973766752209866,1.4123182207014542,0.9566581123467351,22980.0,35020.0,23440.0,35260.0,21860.0,36270.0,65bbc846767fb03a5bb45d48fb90329a7345a0c94bfcb0f57ec1c170dd3156b1,65bbc846767fb03a5bb45d48fb90329a7345a0c94bfcb0f57ec1c170dd3156b1,True,5,24
b4,b4-k16-andor_dom-shared-3f5171ea0365,16,16,andor_dom,shared,words,11,11,31,27,27,35,26,26,33,46580.0,63930.0,46730.0,67670.0,0.9967900706184464,1.3680719024181467,0.6883404758386287,0.9447317866114969,0.6905571154130339,32320.0,47190.0,33080.0,47400.0,43680.0,64820.0,a3e9a89e15f43111479cb1c649762223a1020c7ff05a0790a1dbd724c186d43d,a3e9a89e15f43111479cb1c649762223a1020c7ff05a0790a1dbd724c186d43d,True,5,24
b4,b4-k16-andor_dom-shared-3f5171ea0365,16,20,andor_dom,shared,words,11,11,31,27,27,35,26,26,33,47800.0,66060.0,48090.0,66010.0,0.9939696402578498,1.373674360573924,0.724132707165581,1.000757460990759,0.7285259809119831,30860.0,44830.0,31460.0,45080.0,43720.0,61750.0,a3e9a89e15f43111479cb1c649762223a1020c7ff05a0790a1dbd724c186d43d,a3e9a89e15f43111479cb1c649762223a1020c7ff05a0790a1dbd724c186d43d,True,5,24
b4,b4-k16-andor_dom-shared-3f5171ea0365,16,24,andor_dom,shared,words,11,11,31,27,27,35,26,26,33,45680.0,61790.0,45780.0,62790.0,0.9978156400174749,1.3497160332022717,0.7275043796782927,0.9840738971173754,0.7290969899665551,31590.0,45810.0,32080.0,45920.0,44540.0,63110.0,a3e9a89e15f43111479cb1c649762223a1020c7ff05a0790a1dbd724c186d43d,a3e9a89e15f43111479cb1c649762223a1020c7ff05a0790a1dbd724c186d43d,True,5,24
b4,b4-k16-impeqv_dom-tree-e8f2b17bc687,16,16,impeqv_dom,tree,words,21,21,21,58,58,58,39,39,39,58120.0,73120.0,58660.0,58480.0,0.9907944084555063,1.2465052846914422,0.993844049247606,1.250341997264022,1.003077975376197,119380.0,62290.0,121280.0,62000.0,119220.0,62560.0,f34ccea8f4207e4c2911132f497a2011bae9b60d87ac450aaba9658a05c39d6b,f34ccea8f4207e4c2911132f497a2011bae9b60d87ac450aaba9658a05c39d6b,True,5,24
b4,b4-k16-impeqv_dom-tree-e8f2b17bc687,16,20,impeqv_dom,tree,words,21,21,21,58,58,58,39,39,39,60870.0,77390.0,60510.0,60470.0,1.0059494298463063,1.2789621550157,1.006614850339011,1.2798081693401686,1.000661485033901,116790.0,61380.0,118670.0,60830.0,116500.0,61080.0,f34ccea8f4207e4c2911132f497a2011bae9b60d87ac450aaba9658a05c39d6b,f34ccea8f4207e4c2911132f497a2011bae9b60d87ac450aaba9658a05c39d6b,True,5,24
b4,b4-k16-impeqv_dom-tree-e8f2b17bc687,16,24,impeqv_dom,tree,words,21,21,21,58,58,58,39,39,39,61530.0,78320.0,60800.0,60840.0,1.0120065789473685,1.2881578947368422,1.0113412228796843,1.287310979618672,0.9993425378040762,116450.0,60770.0,117300.0,61000.0,116730.0,61370.0,f34ccea8f4207e4c2911132f497a2011bae9b60d87ac450aaba9658a05c39d6b,f34ccea8f4207e4c2911132f497a2011bae9b60d87ac450aaba9658a05c39d6b,True,5,24
b4,b4-k16-impeqv_dom-shared-e99fa645e56f,16,16,impeqv_dom,shared,words,32,32,50,78,78,118,53,53,80,80480.0,95990.0,80490.0,119960.0,0.9998757609640949,1.1925705056528761,0.6708902967655885,0.8001833944648216,0.670973657885962,155810.0,78210.0,155800.0,77820.0,218360.0,114790.0,5ea1738aec3cdb44c3738da5cb0360c64d34b37e30d0513696bf11f50671ba93,5ea1738aec3cdb44c3738da5cb0360c64d34b37e30d0513696bf11f50671ba93,True,5,24
b4,b4-k16-impeqv_dom-shared-e99fa645e56f,16,20,impeqv_dom,shared,words,32,32,50,78,78,118,53,53,80,77210.0,93070.0,77120.0,114420.0,1.0011670124481329,1.2068205394190872,0.6747946163258172,0.8134067470721902,0.674008040552351,159200.0,80620.0,159430.0,79470.0,222010.0,119760.0,5ea1738aec3cdb44c3738da5cb0360c64d34b37e30d0513696bf11f50671ba93,5ea1738aec3cdb44c3738da5cb0360c64d34b37e30d0513696bf11f50671ba93,True,5,24
b4,b4-k16-impeqv_dom-shared-e99fa645e56f,16,24,impeqv_dom,shared,words,32,32,50,78,78,118,53,53,80,82820.0,102830.0,82860.0,123080.0,0.9995172580255853,1.2410089307265266,0.6728956776080598,0.8354728631784205,0.6732206694832629,161230.0,81070.0,159330.0,81160.0,224420.0,121050.0,5ea1738aec3cdb44c3738da5cb0360c64d34b37e30d0513696bf11f50671ba93,5ea1738aec3cdb44c3738da5cb0360c64d34b37e30d0513696bf11f50671ba93,True,5,24
b4,b4-k16-mixed-tree-1a32ec4e774b,16,16,mixed,tree,words,19,19,24,43,43,43,33,33,33,55160.0,70600.0,55160.0,56790.0,1.0,1.2799129804205946,0.9712977636907907,1.2431766156013382,0.9712977636907907,70860.0,55930.0,71580.0,55490.0,70450.0,57180.0,3415d1f4d1c6bbc5eebc32a426fbf05984a23c3baa2a116928ee575577748dad,3415d1f4d1c6bbc5eebc32a426fbf05984a23c3baa2a116928ee575577748dad,True,5,24
b4,b4-k16-mixed-tree-1a32ec4e774b,16,20,mixed,tree,words,19,19,24,43,43,43,33,33,33,55640.0,72410.0,55500.0,57460.0,1.0025225225225225,1.3046846846846847,0.9683257918552036,1.260180995475113,0.9658893143056039,71910.0,57110.0,71440.0,56160.0,70780.0,59140.0,3415d1f4d1c6bbc5eebc32a426fbf05984a23c3baa2a116928ee575577748dad,3415d1f4d1c6bbc5eebc32a426fbf05984a23c3baa2a116928ee575577748dad,True,5,24
b4,b4-k16-mixed-tree-1a32ec4e774b,16,24,mixed,tree,words,19,19,24,43,43,43,33,33,33,53780.0,70240.0,54410.0,56030.0,0.9884212460944679,1.29093916559456,0.9598429412814563,1.253614135284669,0.9710869177226485,71050.0,57250.0,72240.0,56990.0,72390.0,58820.0,3415d1f4d1c6bbc5eebc32a426fbf05984a23c3baa2a116928ee575577748dad,3415d1f4d1c6bbc5eebc32a426fbf05984a23c3baa2a116928ee575577748dad,True,5,24
b4,b4-k16-mixed-shared-53b17b68c3f4,16,16,mixed,shared,words,23,23,43,56,56,82,43,43,62,67170.0,81510.0,67150.0,97190.0,1.0002978406552494,1.2138495904690991,0.6911204856466715,0.8386665294783414,0.6909147031587611,97900.0,66810.0,98920.0,67260.0,145280.0,96580.0,429f1bf7f7d888e276b72b8eb279d92843030c475661ddee10c10f18895a7dd0,429f1bf7f7d888e276b72b8eb279d92843030c475661ddee10c10f18895a7dd0,True,5,24
b4,b4-k16-mixed-shared-53b17b68c3f4,16,20,mixed,shared,words,23,23,43,56,56,82,43,43,62,69130.0,86720.0,69110.0,100130.0,1.0002893937201562,1.254811170597598,0.6904024767801857,0.8660741036652352,0.6902027364426246,100910.0,70300.0,102050.0,70390.0,150370.0,101850.0,429f1bf7f7d888e276b72b8eb279d92843030c475661ddee10c10f18895a7dd0,429f1bf7f7d888e276b72b8eb279d92843030c475661ddee10c10f18895a7dd0,True,5,24
b4,b4-k16-mixed-shared-53b17b68c3f4,16,24,mixed,shared,words,23,23,43,56,56,82,43,43,62,66370.0,82010.0,65460.0,95100.0,1.013901619309502,1.2528261533761076,0.6978969505783386,0.8623554153522608,0.6883280757097792,103590.0,72530.0,106420.0,70980.0,152160.0,102730.0,429f1bf7f7d888e276b72b8eb279d92843030c475661ddee10c10f18895a7dd0,429f1bf7f7d888e276b72b8eb279d92843030c475661ddee10c10f18895a7dd0,True,5,24
