corpus,role,id,seed,truth_sha256_expected,frozen_truth_sha256_verified,source_circuit_sha256,cluster,live_k,structural_dag_nodes_source,unfolded_tree_nodes,ir_nodes,node_count_cold_ns_median,node_count_warm_ns_median,cm_instructions,cm_executed_bigint_ops,cm_executed_word_ops,cm_peak_live_word_buffers,raw_instructions,raw_executed_bigint_ops,raw_executed_word_ops,hash_ns_median,serde_ns_median,json_encode_ns_median,serde_bytes,compile_external_ns,ir_compile_ns,ir_canonicalize_ns,ir_rewrite_ns,ir_intern_ns,ir_live_vars_ns,lower_cm_ns_median,lower_raw_ns_median,raw_kernel_status,raw_flat_ns_median,raw_words_ns_median,cm_flat_ns_median,cm_words_ns_median,wrapper_current_ns_median,end_to_end_current_ns_median,raw_words_over_flat,cm_words_over_flat,wrapper_over_selected_bare,packed_sha256,packed_digest_scope,packed_equal,output_bytes_exact,words_environment_bytes_estimate,raw_flat_temporary_bytes_estimate,raw_word_scratch_bytes_estimate,cm_word_scratch_bytes_estimate,max_kernel_temporary_bytes,kernel_batch,kernel_rounds,structural_hash
bx1,tuning,bx1-k2-1-54f10b4162e0,8461079743465329282,2b4c342f5433ebe591a1da77e013d1b72475562d48578dca8b84bac6651c3cb9,2b4c342f5433ebe591a1da77e013d1b72475562d48578dca8b84bac6651c3cb9,,andor_dom,2,3,3,3,2650.0,490.0,1,3,2,1,1,3,2,7100.0,8180.0,10130.0,95,47080.0,43379.95778769255,0.0,3729.9469113349915,9770.039469003677,3090.011887252331,13721.0,8660.0,ok,992.51,1072.21,1028.61,1089.51,19980.0,53901.0,1.0803014579198196,1.059206113104092,19.424271589815383,2b4c342f5433ebe591a1da77e013d1b72475562d48578dca8b84bac6651c3cb9,semantic_live_support,True,1,0,3,0,0,8388608,100,5,54f10b4162e03f461c68c6c8f768e35b
bx1,tuning,bx1-k2-2-b518dd4ce7ff,469422568421749975,67586e98fad27da0b9968bc039a1ef34c939b9b8e523a8bef89d478608c5ecf6,67586e98fad27da0b9968bc039a1ef34c939b9b8e523a8bef89d478608c5ecf6,,andor_dom,2,4,5,3,1210.0,260.0,1,1,1,1,2,2,2,8110.0,6460.0,7730.0,119,52000.0,49540.0745421648,3559.9805414676666,6960.006430745125,7980.968803167343,2449.960447847843,7210.0,7720.0,ok,1010.01,1078.71,1075.61,1129.21,12260.0,70561.0,1.06801912852348,1.0498321882466695,11.39818335642101,67586e98fad27da0b9968bc039a1ef34c939b9b8e523a8bef89d478608c5ecf6,semantic_live_support,True,1,0,5,0,0,8388608,100,5,b518dd4ce7fff267e46efc2771ac579d
bx1,tuning,bx1-k2-3-95c6829453f6,452964046958912957,beead77994cf573341ec17b58bbf7eb34d2711c993c1d976b128b3188dc1829a,beead77994cf573341ec17b58bbf7eb34d2711c993c1d976b128b3188dc1829a,,andor_dom,2,3,3,3,1300.0,260.0,1,1,1,1,1,1,1,4920.0,4180.0,6030.0,95,36700.0,34410.04082560539,1990.0035113096237,2069.980837404728,8050.119504332542,2009.9105313420296,6540.0,5140.0,ok,897.51,970.61,1060.21,1118.11,12030.0,51090.0,1.081447560472864,1.0546118221861704,11.346808651116287,beead77994cf573341ec17b58bbf7eb34d2711c993c1d976b128b3188dc1829a,semantic_live_support,True,1,0,3,0,0,8388608,100,5,95c6829453f64683b84b443462b96527
bx1,tuning,bx1-k2-4-32783dec984f,5318592467202692467,e7cf46a078fed4fafd0b5e3aff144802b853f8ae459a4f0c14add3314b7cc3a6,e7cf46a078fed4fafd0b5e3aff144802b853f8ae459a4f0c14add3314b7cc3a6,,mixed,2,3,3,3,1380.0,250.0,1,3,2,1,1,3,2,5100.0,4390.0,5930.0,95,31250.0,29210.001230239868,0.0,1159.9622666835785,7909.955456852913,2090.0042727589607,6540.0,4510.0,ok,987.51,1052.61,1005.61,1059.01,11340.0,45311.0,1.0659233830543486,1.0531020972345144,11.276737502610356,e7cf46a078fed4fafd0b5e3aff144802b853f8ae459a4f0c14add3314b7cc3a6,semantic_live_support,True,1,0,3,0,0,8388608,100,5,32783dec984fbaffc95cf27946092cdd
bx1,tuning,bx1-k2-5-fc111ecef3a9,8616361440898826637,4d7b3ef7300acf70c892d8327db8272f54434adbc61a4e130a563cb59a0d0f47,4d7b3ef7300acf70c892d8327db8272f54434adbc61a4e130a563cb59a0d0f47,,impeqv_dom,2,11,31,3,1250.0,200.0,1,1,1,1,15,39,27,15330.0,19740.0,11430.0,295,103410.0,100789.9409160018,2600.019797682762,10529.998689889908,21910.062059760094,5580.0192058086395,6370.0,22970.0,ok,2949.23,3049.43,714.7,742.41,8740.0,81861.0,1.0339749697378637,1.0387715125227368,12.228907233804392,4d7b3ef7300acf70c892d8327db8272f54434adbc61a4e130a563cb59a0d0f47,semantic_live_support,True,1,0,31,0,0,8388608,100,5,fc111ecef3a9fea0fb4436cc12779e92
bx1,tuning,bx1-k2-6-7d06ed9915a2,4522821221123432492,e52d9c508c502347344d8c07ad91cbd6068afc75ff6292f062a09ca381c89e71,e52d9c508c502347344d8c07ad91cbd6068afc75ff6292f062a09ca381c89e71,,xor_dom,2,10,25,6,2070.0,170.0,4,6,6,4,12,12,12,10340.0,11040.0,7900.0,270,108911.0,106590.91640263796,11050.025932490826,15259.95321571827,19300.146959722042,8650.007657706738,10550.0,13550.0,ok,1377.01,1423.91,1152.71,1193.92,9160.0,112601.0,1.0340593024015803,1.0357505356941468,7.946491311778331,e52d9c508c502347344d8c07ad91cbd6068afc75ff6292f062a09ca381c89e71,semantic_live_support,True,1,0,25,0,0,8388608,100,5,7d06ed9915a2307d619a02bbecd15e57
bx1,tuning,bx1-k2-7-1ac6b3fc16a4,6260423800473009968,4bf5122f344554c53bde2ebb8cd2b7e3d1600ad631c385a5d7cce23c7785459a,4bf5122f344554c53bde2ebb8cd2b7e3d1600ad631c385a5d7cce23c7785459a,,andor_dom,2,5,6,4,1080.0,190.0,2,3,2,2,3,4,3,5500.0,6090.0,5390.0,137,43060.0,41250.02305954695,3130.1751732826233,2590.0080800056458,8460.01785248518,2920.045517385006,7290.0,5430.0,ok,775.01,819.31,816.81,849.11,9131.0,57051.0,1.0571605527670611,1.039544080018609,11.178854323526892,4bf5122f344554c53bde2ebb8cd2b7e3d1600ad631c385a5d7cce23c7785459a,semantic_live_support,True,1,0,6,0,0,8388608,100,5,1ac6b3fc16a4f65ccac07328e95bf0b3
bx1,tuning,bx1-k2-8-7cec1b883a82,4008937263292170230,ca358758f6d27e6cf45272937977a748fd88391db679ceda7dc7bf1f005ee879,ca358758f6d27e6cf45272937977a748fd88391db679ceda7dc7bf1f005ee879,,xor_dom,2,12,31,8,2200.0,200.0,6,11,8,3,16,24,19,11970.0,13281.0,8910.0,310,118401.0,116000.99969655275,7259.892299771309,17939.83392417431,24111.12654954195,8190.399967133999,12670.0,16380.0,ok,1906.52,1923.02,1301.12,1331.02,9680.0,119331.0,1.0086545118855297,1.0229802016724054,7.439744220363995,ca358758f6d27e6cf45272937977a748fd88391db679ceda7dc7bf1f005ee879,semantic_live_support,True,1,0,31,0,0,8388608,100,5,7cec1b883a82113d6050c89326721bc9
bx1,tuning,bx1-k3-1-6189f2994067,5966868217106501688,620bfdaa346b088fb49998d92f19a7eaf6bfc2fb0aee015753966da1028cb731,620bfdaa346b088fb49998d92f19a7eaf6bfc2fb0aee015753966da1028cb731,,andor_dom,3,6,6,5,1330.0,190.0,2,4,3,2,3,4,3,5640.0,6070.0,6050.0,158,48160.0,46200.002543628216,2970.104105770588,2469.867467880249,11500.087566673756,3359.9790185689926,7360.0,5300.0,ok,787.81,832.91,870.5,896.91,12140.0,82611.0,1.0572473058224698,1.0303388856978748,13.946008041355542,620bfdaa346b088fb49998d92f19a7eaf6bfc2fb0aee015753966da1028cb731,semantic_live_support,True,1,0,6,0,0,8388608,100,5,6189f29940672a4e1c71b4b746175557
bx1,tuning,bx1-k3-2-c073c4cae16c,2140984543467918017,4bf5122f344554c53bde2ebb8cd2b7e3d1600ad631c385a5d7cce23c7785459a,4bf5122f344554c53bde2ebb8cd2b7e3d1600ad631c385a5d7cce23c7785459a,,impeqv_dom,3,16,56,16,5521.0,250.0,13,32,22,6,28,59,43,22730.0,30180.0,16131.0,412,193912.0,190012.04054802656,5050.096660852432,11849.799193441868,47820.85306942463,27099.973522126675,30560.0,41990.0,ok,3307.33,3412.03,2218.32,2250.82,11550.0,163211.0,1.031656955913078,1.0146507266760432,5.206642864870712,4bf5122f344554c53bde2ebb8cd2b7e3d1600ad631c385a5d7cce23c7785459a,semantic_live_support,True,1,0,56,0,0,8388608,100,5,c073c4cae16c20ea16679fb56d345d47
bx1,tuning,bx1-k3-3-2cf6fe6bc52c,351760472865490451,3973e022e93220f9212c18d0d0c543ae7c309e46640da93a4a0314de999f5112,3973e022e93220f9212c18d0d0c543ae7c309e46640da93a4a0314de999f5112,,mixed,3,6,7,6,1630.0,230.0,3,5,4,2,3,5,4,7280.0,7010.0,6490.0,164,55681.0,53490.977734327316,2810.1494535803795,5449.983291327953,11959.928087890148,4159.985110163689,8870.0,5900.0,ok,876.8,920.41,1055.11,1080.91,9390.0,75961.0,1.049737682481752,1.024452426761191,8.899546018898505,3973e022e93220f9212c18d0d0c543ae7c309e46640da93a4a0314de999f5112,semantic_live_support,True,1,0,7,0,0,8388608,100,5,2cf6fe6bc52ca9b0c580828a67d0e3b2
bx1,tuning,bx1-k3-4-6f4b1568a0b2,3528185177367768437,50868f20258bbc9cce0da2719e8654c108733dd2f663b8737c574ec0ead93eb3,50868f20258bbc9cce0da2719e8654c108733dd2f663b8737c574ec0ead93eb3,,impeqv_dom,3,14,37,8,1850.0,180.0,5,14,9,3,19,45,31,14110.0,17451.0,10500.0,363,99531.0,97071.05346024036,3700.144588947296,9719.980880618095,21509.94259864092,7060.123607516289,11621.0,21120.0,ok,2577.92,2592.83,1203.61,1233.51,9270.0,107931.0,1.0057837326216483,1.0248419338490042,7.7018303270993105,50868f20258bbc9cce0da2719e8654c108733dd2f663b8737c574ec0ead93eb3,semantic_live_support,True,1,0,37,0,0,8388608,100,5,6f4b1568a0b24d9f538b69e1ddaf3168
bx1,tuning,bx1-k3-5-9d6635482dd7,2879241967487364291,beead77994cf573341ec17b58bbf7eb34d2711c993c1d976b128b3188dc1829a,beead77994cf573341ec17b58bbf7eb34d2711c993c1d976b128b3188dc1829a,,mixed,3,6,6,6,1540.0,160.0,3,8,5,2,3,8,5,5450.0,6050.0,5950.0,158,39230.0,37280.02775460482,0.0,1179.9857020378113,11390.19150286913,3090.011887252331,8280.0,5050.0,ok,942.41,981.11,960.91,980.81,8770.0,55331.0,1.0410649292770664,1.020709535752568,9.126765253769864,beead77994cf573341ec17b58bbf7eb34d2711c993c1d976b128b3188dc1829a,semantic_live_support,True,1,0,6,0,0,8388608,100,5,9d6635482dd776daa8fdfaeb834e3d4b
bx1,tuning,bx1-k3-6-6e2e20f77614,6222481568918042885,9e076ceaf246b6003d9c2680a2b4cf0bffd069805902b0b5edeebf49039fe4bd,9e076ceaf246b6003d9c2680a2b4cf0bffd069805902b0b5edeebf49039fe4bd,,andor_dom,3,5,5,5,1250.0,170.0,2,4,3,2,2,4,3,5690.0,5360.0,5240.0,139,40870.0,39050.00630766153,1569.977030158043,3269.989974796772,9519.862942397594,3120.04704028368,7170.0,4760.0,ok,788.81,841.81,916.41,947.51,8890.0,56090.0,1.0671898175733066,1.0339367750242796,9.700898069641319,9e076ceaf246b6003d9c2680a2b4cf0bffd069805902b0b5edeebf49039fe4bd,semantic_live_support,True,1,0,5,0,0,8388608,100,5,6e2e20f7761486ffa97f9643074ee08b
bx1,tuning,bx1-k3-7-7eea095f4c98,5572147757052189078,3e151409ace91cb3394fecd59e92b5dc42c0aad29993a1858f2f70a0866a539b,3e151409ace91cb3394fecd59e92b5dc42c0aad29993a1858f2f70a0866a539b,,mixed,3,5,5,5,1320.0,150.0,2,4,3,2,2,4,3,5890.0,5560.0,5310.0,138,40791.0,38851.0525226593,1679.9895092844963,1850.072294473648,9560.026228427887,3169.989213347435,9410.0,4780.0,ok,794.31,845.91,904.21,931.71,8930.0,58761.0,1.0649620425274766,1.0304132889483637,9.876024374868669,3e151409ace91cb3394fecd59e92b5dc42c0aad29993a1858f2f70a0866a539b,semantic_live_support,True,1,0,5,0,0,8388608,100,5,7eea095f4c986451937dd28e2dc782e7
bx1,tuning,bx1-k3-8-a6d677a5a9c6,9188566006954337819,fe1dcd3abfcd6b1655a026e60a05d03a7f71e4b6070f36e6c7e9c4b6f3d3bf1b,fe1dcd3abfcd6b1655a026e60a05d03a7f71e4b6070f36e6c7e9c4b6f3d3bf1b,,xor_dom,3,16,38,5,1400.0,180.0,2,3,3,2,19,22,20,13910.0,20110.0,11050.0,413,125341.0,123150.99593251944,10989.8392111063,18490.12915045023,18059.85812097788,6149.988621473312,7500.0,22091.0,ok,2040.92,2091.82,909.61,953.71,9500.0,121471.0,1.0249397330615606,1.048482316597223,10.44403645518409,fe1dcd3abfcd6b1655a026e60a05d03a7f71e4b6070f36e6c7e9c4b6f3d3bf1b,semantic_live_support,True,1,0,38,0,0,8388608,100,5,a6d677a5a9c6e5a710b944d3546e59a6
bx1,tuning,bx1-k4-1-3d5e8d379589,2912613150875055739,6b50da4c7475bcec045cadc909f0de41b16eb0a92ff8b1477f0020c937f044ec,6b50da4c7475bcec045cadc909f0de41b16eb0a92ff8b1477f0020c937f044ec,,andor_dom,4,9,11,9,2500.0,180.0,5,11,8,4,5,11,8,9910.0,9920.0,7410.0,232,74981.0,72591.00675582886,2820.044755935669,6499.933078885078,17879.76361811161,7580.150850117207,12320.0,7710.0,ok,1212.51,1263.41,1434.02,1474.51,10080.0,90621.0,1.0419790352244518,1.0282353105256552,7.029190666796837,6b50da4c7475bcec045cadc909f0de41b16eb0a92ff8b1477f0020c937f044ec,semantic_live_support,True,2,0,22,0,0,8388608,100,5,3d5e8d3795898edaa2d1f391c12bd94e
bx1,tuning,bx1-k4-2-dc59c9d65758,7097291320739778651,0c3f8fb85969c5f63bbb8cd980c4089845e43c24d46f2f3d36dac81ec4a6b5e9,0c3f8fb85969c5f63bbb8cd980c4089845e43c24d46f2f3d36dac81ec4a6b5e9,,andor_dom,4,8,9,8,2010.0,170.0,4,4,4,3,4,4,4,9470.0,8350.0,6660.0,206,70391.0,68241.03184044361,4040.077328681946,5719.950422644615,15650.875866413116,6250.105798244476,11020.0,7230.0,ok,929.9,975.91,1220.92,1259.02,9470.0,85881.0,1.0494784385417786,1.0312059758215115,7.756445958785178,0c3f8fb85969c5f63bbb8cd980c4089845e43c24d46f2f3d36dac81ec4a6b5e9,semantic_live_support,True,2,0,18,0,0,8388608,100,5,dc59c9d65758cde975d26a122e6a5109
bx1,tuning,bx1-k4-3-ab064aa12f01,1101616449022087241,fc5c2283015b212d975b85e56b2a75aac4b50bd5aba30cbe74f62857c380bd47,fc5c2283015b212d975b85e56b2a75aac4b50bd5aba30cbe74f62857c380bd47,,mixed,4,9,10,8,1980.0,180.0,4,8,6,3,5,8,6,8861.0,8750.0,6860.0,226,72881.0,70490.99076539278,4379.8936530947685,5709.938704967499,17181.038856506348,5949.987098574638,9810.0,7350.0,ok,1062.71,1113.72,1181.11,1218.01,9160.0,85971.0,1.047999924720761,1.0312417979697066,7.755416514973204,fc5c2283015b212d975b85e56b2a75aac4b50bd5aba30cbe74f62857c380bd47,semantic_live_support,True,2,0,20,0,0,8388608,100,5,ab064aa12f01ab07398c8f0813f4e1ad
bx1,tuning,bx1-k4-4-341296acd12a,1570959925577742463,dc957fb3268bfbc0fe10280b72493204a4a93b515bc94d24bd3a535c3f1cec88,dc957fb3268bfbc0fe10280b72493204a4a93b515bc94d24bd3a535c3f1cec88,,andor_dom,4,8,9,8,1910.0,140.0,4,6,5,3,4,6,5,9100.0,8661.0,6570.0,207,68170.0,66060.10720133781,3659.9813029170036,6370.013579726219,15549.827367067337,6219.9542298913,11330.0,6460.0,ok,979.61,1035.21,1207.01,1248.51,9170.0,86241.0,1.0567572809587489,1.034382482332375,7.597285855129618,dc957fb3268bfbc0fe10280b72493204a4a93b515bc94d24bd3a535c3f1cec88,semantic_live_support,True,2,0,18,0,0,8388608,100,5,341296acd12a5b8fb41f5050d99bae4c
bx1,tuning,bx1-k4-5-2c4ebec5300e,4579402982539958222,a5f6a4547f1b079ee5452d9ca3ddca4e9c67df04289297a3865575f3f14539b3,a5f6a4547f1b079ee5452d9ca3ddca4e9c67df04289297a3865575f3f14539b3,,mixed,4,8,8,8,1730.0,210.0,4,7,5,2,4,7,5,8360.0,7820.0,6400.0,202,60231.0,58201.02524012327,2649.961970746517,5700.043402612209,14480.086974799633,4759.989678859711,10190.0,5980.0,ok,980.41,1034.91,1181.01,1210.11,9830.0,75441.0,1.0555889882804135,1.024639926842279,8.323384221979492,a5f6a4547f1b079ee5452d9ca3ddca4e9c67df04289297a3865575f3f14539b3,semantic_live_support,True,2,0,16,0,0,8388608,100,5,2c4ebec5300e3642aed0c42d51ad00d1
bx1,tuning,bx1-k4-6-cfc288ac73fb,2798707706268544857,51cf98f7d7cc561328db7f0f423f71139a220416148bc30dc5fc9c8f495b0a7f,51cf98f7d7cc561328db7f0f423f71139a220416148bc30dc5fc9c8f495b0a7f,,xor_dom,4,20,55,13,3800.0,230.0,9,16,16,7,27,27,27,21700.0,26590.0,13450.0,516,224463.0,221043.01024228334,21090.26536345482,32410.14201194048,43179.490603506565,23860.251531004906,19470.0,32030.0,ok,2816.93,2885.33,2226.72,2226.42,10600.0,231512.0,1.0242817535402016,0.9998652726880795,4.760365021197098,51cf98f7d7cc561328db7f0f423f71139a220416148bc30dc5fc9c8f495b0a7f,semantic_live_support,True,2,0,110,0,0,8388608,100,5,cfc288ac73fb764f9742ae15cc8de6be
bx1,tuning,bx1-k4-7-3e9177a0a359,7151450016185330364,576058b879ad23fe9231e3e6bbc2ddb5547e70f54b9311e3ea35b63cda778021,576058b879ad23fe9231e3e6bbc2ddb5547e70f54b9311e3ea35b63cda778021,,andor_dom,4,7,7,6,1490.0,230.0,2,5,4,2,3,5,4,7130.0,7150.0,6400.0,183,54491.0,52351.03890299797,2729.9392968416214,2860.0916266441345,12980.191968381405,4690.024070441723,7860.0,6020.0,ok,902.2,949.71,968.21,1003.91,9000.0,67970.0,1.0526601640434494,1.0368721661622995,9.295504074529285,576058b879ad23fe9231e3e6bbc2ddb5547e70f54b9311e3ea35b63cda778021,semantic_live_support,True,2,0,14,0,0,8388608,100,5,3e9177a0a3593dfa8363df00fbb4d704
bx1,tuning,bx1-k4-8-9e6b3f348e02,3811774514271255125,86284851da241f87363910fbd25eb577ae625901035874a8b63300e0d42d9350,86284851da241f87363910fbd25eb577ae625901035874a8b63300e0d42d9350,,mixed,4,7,7,7,1520.0,190.0,3,9,6,2,3,9,6,6520.0,7550.0,6500.0,183,47520.0,45530.032366514206,0.0,2869.986928999424,12619.886547327042,4730.070941150188,9220.0,5960.0,ok,1045.91,1092.91,1069.01,1095.71,9260.0,64070.0,1.0449369448614125,1.0249763800151543,8.66222018503101,86284851da241f87363910fbd25eb577ae625901035874a8b63300e0d42d9350,semantic_live_support,True,2,0,14,0,0,8388608,100,5,9e6b3f348e02367e9f2d6939a90b0157
bx1,tuning,bx1-k5-1-034e0f291fe2,1828508922621870129,6f51d2666b29c657b5100faacd6816cf6bc25fb330e8ae537bb99e0ea8490e33,6f51d2666b29c657b5100faacd6816cf6bc25fb330e8ae537bb99e0ea8490e33,,andor_dom,5,9,9,9,1840.0,180.0,4,4,4,3,4,4,4,9850.0,8290.0,7030.0,225,70010.0,67789.92246836424,3829.8312574625015,4180.008545517921,16489.881090819836,6459.886208176613,10681.0,6160.0,ok,955.81,1008.71,1269.01,1315.82,9631.0,86310.0,1.0553457277073897,1.036887022166886,7.58938069833965,6f51d2666b29c657b5100faacd6816cf6bc25fb330e8ae537bb99e0ea8490e33,semantic_live_support,True,4,0,36,0,0,8388608,100,5,034e0f291fe2129ff5c840daf6a5e9e9
bx1,tuning,bx1-k5-2-2c0d115977c9,2444305532916082909,6143256ea532cef7b52c2b02d1b0cb8c7500d6465e1a93f315999298b376d38e,6143256ea532cef7b52c2b02d1b0cb8c7500d6465e1a93f315999298b376d38e,,mixed,5,14,16,14,3420.0,210.0,9,22,14,2,9,22,14,12740.0,15431.0,9420.0,338,97461.0,94880.93201071024,1600.012183189392,5890.033207833767,27370.871976017952,11049.909517168999,19940.0,10390.0,ok,1962.62,2020.72,2144.32,2154.93,11000.0,118061.0,1.0296032854042048,1.0049479555290253,5.12983136845247,6143256ea532cef7b52c2b02d1b0cb8c7500d6465e1a93f315999298b376d38e,semantic_live_support,True,4,0,64,0,0,8388608,100,5,2c0d115977c91fa7c7e69867ea273f8c
bx1,tuning,bx1-k5-3-2df622ee85b3,1088714000501922821,0de99e9d3584c7d8e58d818956422633581f33bfb40079949c52c7cf00ab0886,0de99e9d3584c7d8e58d818956422633581f33bfb40079949c52c7cf00ab0886,,xor_dom,5,19,53,13,2740.0,210.0,8,12,9,4,26,40,33,18910.0,22180.0,13191.0,486,182332.0,178802.05996334553,12560.049071907997,24169.916287064552,36289.68261182308,16530.160792171955,15370.0,29361.0,ok,3685.63,3740.13,1871.22,1925.82,10260.0,186162.0,1.0147871598614078,1.0291788245102125,5.483053836534453,0de99e9d3584c7d8e58d818956422633581f33bfb40079949c52c7cf00ab0886,semantic_live_support,True,4,0,212,0,0,8388608,100,5,2df622ee85b309c9a2d4baf0becea65c
bx1,tuning,bx1-k5-4-c147eb2ddd37,5743920076487934602,bca5c616901bd9250b3ff9847df58a80dce917799789900b1f45afa2f67f9ea3,bca5c616901bd9250b3ff9847df58a80dce917799789900b1f45afa2f67f9ea3,,andor_dom,5,12,14,11,2080.0,140.0,6,9,7,2,7,10,8,13050.0,11800.0,8440.0,296,94880.0,92189.99184668064,5729.962140321732,8939.765393733978,20669.889636337757,8889.823220670223,14420.0,8800.0,ok,1373.41,1409.52,1601.52,1638.52,9870.0,110731.0,1.0262922215507386,1.0231030521005045,6.162895249512963,bca5c616901bd9250b3ff9847df58a80dce917799789900b1f45afa2f67f9ea3,semantic_live_support,True,4,0,56,0,0,8388608,100,5,c147eb2ddd37348849bdb3a05817a921
bx1,tuning,bx1-k5-5-a102e1e6ae56,112315865244663687,917b0f241a54adf2a7621d1364c6cd65d0810137aa21ecb37539007ea88feae4,917b0f241a54adf2a7621d1364c6cd65d0810137aa21ecb37539007ea88feae4,,impeqv_dom,5,23,82,13,2760.0,200.0,8,22,14,3,47,122,78,20820.0,28300.0,13740.0,580,157652.0,154532.0264995098,2259.9706426262856,14870.543964207172,38561.178371310234,13130.134902894497,15561.0,48941.0,ok,7469.27,7518.07,1947.22,1968.32,10130.0,155241.0,1.0065334363331355,1.0108359610110824,5.202288390628691,917b0f241a54adf2a7621d1364c6cd65d0810137aa21ecb37539007ea88feae4,semantic_live_support,True,4,0,328,0,0,8388608,100,5,a102e1e6ae5644e6f1866b788b1b8100
bx1,tuning,bx1-k5-6-116409bdc50c,5133863355171125170,b8c7f44e7b8503569d12a3f3c52a7540395f01a7416a8ae111c683b83b02bfea,b8c7f44e7b8503569d12a3f3c52a7540395f01a7416a8ae111c683b83b02bfea,,mixed,5,11,11,10,2240.0,210.0,5,8,6,3,6,8,6,11020.0,10150.0,7790.0,265,94141.0,91641.09360426664,5340.087227523327,7279.799319803715,23041.036911308765,6849.8775362968445,12780.0,8080.0,ok,1241.62,1302.21,1397.31,1432.02,9390.0,102231.0,1.0487991494982363,1.024840586555596,6.720054962749855,b8c7f44e7b8503569d12a3f3c52a7540395f01a7416a8ae111c683b83b02bfea,semantic_live_support,True,4,0,44,0,0,8388608,100,5,116409bdc50c96488b8c18592d9dd143
bx1,tuning,bx1-k5-7-31414d038c89,8863517242013747676,c3c0795e66efdb4893dfbea5904c0264813b066194206a9d9dc51fdc29434600,c3c0795e66efdb4893dfbea5904c0264813b066194206a9d9dc51fdc29434600,,xor_dom,5,21,52,12,2820.0,220.0,7,12,10,5,27,30,27,20441.0,24680.0,12920.0,527,195122.0,191621.94803357124,16570.091247558594,29729.795642197132,36329.9623131752,17120.037227869034,16170.0,30430.0,ok,3296.14,3323.43,1804.41,1843.22,9920.0,201812.0,1.0082793813369577,1.0215084154931529,5.497641888484324,c3c0795e66efdb4893dfbea5904c0264813b066194206a9d9dc51fdc29434600,semantic_live_support,True,4,0,208,0,0,8388608,100,5,31414d038c89d07ba7be4651278c13c6
bx1,tuning,bx1-k5-8-0e1e9c457194,3751698668188430725,e6bef58a11fdfb6803208006b5064a62868e99ef09c185c62776cecbada1e076,e6bef58a11fdfb6803208006b5064a62868e99ef09c185c62776cecbada1e076,,andor_dom,5,11,11,10,2250.0,200.0,5,8,6,2,6,8,6,10320.0,10520.0,8230.0,262,81331.0,78891.05472713709,5069.887265563011,5249.7489377856255,20120.64214795828,6460.119038820267,12760.0,7850.0,ok,1283.31,1333.71,1438.11,1469.21,9601.0,96931.0,1.039273441335297,1.021625605829874,6.676123523235358,e6bef58a11fdfb6803208006b5064a62868e99ef09c185c62776cecbada1e076,semantic_live_support,True,4,0,44,0,0,8388608,100,5,0e1e9c45719487f626e2b2e3fec8739b
bx1,tuning,bx1-k6-1-ac26b8df9ebe,51376053804700149,3ed2b9d2e8aead855936cc675b7dd59402c2db788ff8c164dd46d78f9a95d464,3ed2b9d2e8aead855936cc675b7dd59402c2db788ff8c164dd46d78f9a95d464,,andor_dom,6,12,13,10,2060.0,190.0,4,10,8,3,6,10,8,10490.0,11010.0,8930.0,298,95151.0,92510.9488889575,5550.100468099117,5899.928510189056,22971.071302890778,10399.846360087395,12740.0,9110.0,ok,1369.91,6108.06,1416.12,6597.56,10140.0,110081.0,4.4587308655313125,4.658898963364687,7.160410134734345,3ed2b9d2e8aead855936cc675b7dd59402c2db788ff8c164dd46d78f9a95d464,semantic_live_support,True,8,48,104,24,24,8388608,100,5,ac26b8df9ebe5cfd73a7e131c1fb6168
bx1,tuning,bx1-k6-2-ffc059d624c2,287296342116631151,fecdd560447fcdd00b65d7b2346f087ae28ba0a7ccad3c5a26996194d2f72e19,fecdd560447fcdd00b65d7b2346f087ae28ba0a7ccad3c5a26996194d2f72e19,,mixed,6,12,13,10,2210.0,260.0,4,8,7,3,6,8,7,11160.0,12720.0,8891.0,296,103981.0,101131.03780895472,6379.792466759682,9580.166079103947,23000.873625278473,10360.032320022583,12250.0,8670.0,ok,1290.82,5774.16,1423.71,6095.16,10100.0,116561.0,4.473249562293736,4.281180858461344,7.094141363058488,fecdd560447fcdd00b65d7b2346f087ae28ba0a7ccad3c5a26996194d2f72e19,semantic_live_support,True,8,48,104,24,24,8388608,100,5,ffc059d624c231c84857b6d3fc7288c6
bx1,tuning,bx1-k6-3-ce65022b9fb4,4617287766949047424,965425c496880102a23b9bb3b622c940f98677ee48cf209044732608565c1468,965425c496880102a23b9bb3b622c940f98677ee48cf209044732608565c1468,,andor_dom,6,11,11,11,2420.0,220.0,5,9,7,3,5,9,7,11700.0,10740.0,8270.0,272,87701.0,85521.02372050285,4359.986633062363,6050.104275345802,22520.19476145506,9350.944310426712,13000.0,8220.0,ok,1331.31,5683.75,1578.92,5797.76,10680.0,104271.0,4.269291149319092,3.671978314290781,6.764117244698908,965425c496880102a23b9bb3b622c940f98677ee48cf209044732608565c1468,semantic_live_support,True,8,48,88,24,24,8388608,100,5,ce65022b9fb43122e39355b3447e35cc
bx1,tuning,bx1-k6-4-5eff59fb232a,7058108064572688751,6eea92dc369a2dc0b787ee1e430ea8253af8bc2835240652b5a1016d0a24a40b,6eea92dc369a2dc0b787ee1e430ea8253af8bc2835240652b5a1016d0a24a40b,,mixed,6,12,13,12,2700.0,170.0,6,6,6,3,6,6,6,13430.0,12550.0,9301.0,297,101441.0,98521.00629359484,6009.94098931551,8560.135029256344,22370.251826941967,10190.065950155258,15270.0,8601.0,ok,1198.11,5468.16,1656.51,5383.55,10080.0,119911.0,4.563988281543431,3.2499351045269878,6.085082492710578,6eea92dc369a2dc0b787ee1e430ea8253af8bc2835240652b5a1016d0a24a40b,semantic_live_support,True,8,48,104,24,24,8388608,100,5,5eff59fb232a9934bd6d5955d0652bb2
bx1,tuning,bx1-k6-5-66ebf761dca1,6753710601522320977,438bbe3675971dbdad9e96dfc2d1874c752fbb27cf06a3f4643eb8f8879dd493,438bbe3675971dbdad9e96dfc2d1874c752fbb27cf06a3f4643eb8f8879dd493,,andor_dom,6,11,11,9,2000.0,220.0,3,7,6,2,5,7,6,10620.0,13220.0,8390.0,270,88461.0,85690.99009037018,5339.854396879673,6360.001862049103,21069.892682135105,9079.929441213608,11500.0,7860.0,ok,1214.41,5349.85,1254.52,5686.35,10030.0,102781.0,4.405307927306264,4.53268979370596,7.995089755444313,438bbe3675971dbdad9e96dfc2d1874c752fbb27cf06a3f4643eb8f8879dd493,semantic_live_support,True,8,48,88,24,16,8388608,100,5,66ebf761dca172ad2ee7a1b488dd56c5
bx1,tuning,bx1-k6-6-2d863b86e83a,6857619866424346742,65af7220a3badb6d357bd7ad6a22e4e99780c02e975ab5a9cf4eb72e9fac2483,65af7220a3badb6d357bd7ad6a22e4e99780c02e975ab5a9cf4eb72e9fac2483,,impeqv_dom,6,25,65,24,5710.0,190.0,18,44,30,7,35,87,58,22340.0,31860.0,15051.0,617,201902.0,197621.99372053146,7390.277460217476,13949.931599199772,50671.51505500078,27060.043066740036,29841.0,36971.0,ok,6112.86,36565.55,3825.04,19208.78,13230.0,226562.0,5.981741770627825,5.021850751887562,3.458787359086441,65af7220a3badb6d357bd7ad6a22e4e99780c02e975ab5a9cf4eb72e9fac2483,semantic_live_support,True,8,48,520,40,56,8388608,100,5,2d863b86e83a8daaad1f4a3307211b06
bx1,tuning,bx1-k6-7-fa21ca943885,5781047927349053090,dfa2795fd2560a0399c10a1341bffb96778104541181e1eb5bcbb1161510f7c8,dfa2795fd2560a0399c10a1341bffb96778104541181e1eb5bcbb1161510f7c8,,mixed,6,15,18,12,2550.0,170.0,6,14,10,3,9,16,12,13000.0,14900.0,10510.0,370,111251.0,108420.96526175737,6390.153430402279,8039.874956011772,25580.055080354214,10250.01984089613,14290.0,11430.0,ok,1861.71,8934.69,1760.71,7732.68,10360.0,126271.0,4.799184620590747,4.391796491188214,5.883989981314356,dfa2795fd2560a0399c10a1341bffb96778104541181e1eb5bcbb1161510f7c8,semantic_live_support,True,8,48,144,32,24,8388608,100,5,fa21ca9438851982b8af7092c3b57630
bx1,tuning,bx1-k6-8-7ebdf5d9f846,8219207902678451901,e9355ae0ee1835ecb045dae2bc25d4bc454005e743fc0329c2551c4e3dec56fd,e9355ae0ee1835ecb045dae2bc25d4bc454005e743fc0329c2551c4e3dec56fd,,xor_dom,6,20,56,12,3190.0,170.0,6,10,9,3,28,29,28,17260.0,21740.0,13370.0,500,198892.0,195202.06842571497,17879.76361811161,24320.0920522213,39710.19759774208,22110.063582658768,15321.0,29640.0,ok,3339.53,19408.09,1776.02,7452.07,12101.0,207362.0,5.81162319248517,4.195938108805081,6.81354939696625,e9355ae0ee1835ecb045dae2bc25d4bc454005e743fc0329c2551c4e3dec56fd,semantic_live_support,True,8,48,448,32,24,8388608,100,5,7ebdf5d9f84654a7bcaed18c98258b0d
bx1,tuning,bx1-k7-1-5ff39721fc88,7631648143058458772,34786c07d664b0dfc25b038850de5499efd11016b94e0fc7bbf1a224d5113d48,34786c07d664b0dfc25b038850de5499efd11016b94e0fc7bbf1a224d5113d48,,andor_dom,7,14,15,9,1850.0,200.0,2,6,6,2,7,7,7,11770.0,13830.0,9840.0,340,107791.0,105091.02139621973,9000.06853044033,7209.7172960639,24959.910660982132,11070.049367845058,11520.0,9530.0,ok,1309.21,5826.75,1174.92,4265.44,9810.0,121361.0,4.450584703752645,3.6304088789023927,8.34950464712491,34786c07d664b0dfc25b038850de5499efd11016b94e0fc7bbf1a224d5113d48,semantic_live_support,True,16,112,240,64,32,8388608,100,5,5ff39721fc88b1a8a5a24f7bc6cbba34
bx1,tuning,bx1-k7-2-e0fc1bb3261b,8743293369282057094,b8ee779cb8c5eb0beb1bf480e65e9803111b57412577edae72a1423f383b04f2,b8ee779cb8c5eb0beb1bf480e65e9803111b57412577edae72a1423f383b04f2,,mixed,7,14,15,14,3170.0,190.0,7,17,12,4,7,17,12,13330.0,13840.0,9730.0,344,103081.0,100350.93873739243,2959.9759727716446,6520.189344882965,26451.07451826334,13090.088032186031,16000.0,9410.0,ok,1768.02,6689.37,1947.02,6635.17,12040.0,123321.0,3.7835375165439307,3.4078591899415516,6.183809103142238,b8ee779cb8c5eb0beb1bf480e65e9803111b57412577edae72a1423f383b04f2,semantic_live_support,True,16,112,240,64,64,8388608,100,5,e0fc1bb3261b62320541d273cfbe44c6
bx1,tuning,bx1-k7-3-6c16cb84b240,4257197736996724787,844cd7fc286c4123bcbc0b95df454c8be52ea115c0aeaf637d2bf177f75a1163,844cd7fc286c4123bcbc0b95df454c8be52ea115c0aeaf637d2bf177f75a1163,,xor_dom,7,26,115,19,5070.0,190.0,12,25,22,6,57,69,63,27460.0,41200.0,15360.0,657,269383.0,264903.06481719017,20799.69272017479,37710.18236875534,54610.89313030243,32661.017030477524,24400.0,63511.0,ok,6335.26,40222.68,2929.43,12093.51,12470.0,285172.0,6.349018035566022,4.128280928371732,4.256800811079288,844cd7fc286c4123bcbc0b95df454c8be52ea115c0aeaf637d2bf177f75a1163,semantic_live_support,True,16,112,1840,112,96,8388608,100,5,6c16cb84b240f21671593b323da8e05c
bx1,tuning,bx1-k7-4-8a9246588c00,2717684551468254355,54995ea77c2b16a8d95d3fc713813ba295f81e4847eb399e7ecec4bc4b7ce8e0,54995ea77c2b16a8d95d3fc713813ba295f81e4847eb399e7ecec4bc4b7ce8e0,,andor_dom,7,16,17,14,2820.0,210.0,7,13,10,3,9,13,10,14810.0,14300.0,10250.0,382,125141.0,121850.98603367805,7359.893061220646,9580.980986356735,30400.115065276623,12179.836630821228,16201.0,10230.0,ok,1669.32,6946.27,1905.42,6485.67,10560.0,143011.0,4.161137469149115,3.4038007368454197,5.5420852095600965,54995ea77c2b16a8d95d3fc713813ba295f81e4847eb399e7ecec4bc4b7ce8e0,semantic_live_support,True,16,112,272,64,48,8388608,100,5,8a9246588c00c3a48bc164937853d93b
bx1,tuning,bx1-k7-5-c9bc83e08a2e,1800966940377457308,8f2bf1a497fa86adaf46247de1fc06111c83dd7d5acf9cd434a0de581d5fdfa6,8f2bf1a497fa86adaf46247de1fc06111c83dd7d5acf9cd434a0de581d5fdfa6,,impeqv_dom,7,29,62,29,6600.0,190.0,22,63,42,7,31,90,60,25781.0,35951.0,16710.0,731,220422.0,216281.9728255272,1720.0363799929619,13329.903595149517,59782.1781411767,37699.82140511274,36320.0,36290.0,ok,6251.36,25385.85,4765.75,17881.87,13930.0,246632.0,4.060852358526785,3.752162828515973,2.922939726171117,8f2bf1a497fa86adaf46247de1fc06111c83dd7d5acf9cd434a0de581d5fdfa6,semantic_live_support,True,16,112,992,64,112,8388608,100,5,c9bc83e08a2e5ab2a6122aefe0b3d382
bx1,tuning,bx1-k7-6-f354ff655ae6,7364799129822872276,02b1b0272cd3edb1600af80596fed6cb2dbbce970e06855c973cc3030a75504a,02b1b0272cd3edb1600af80596fed6cb2dbbce970e06855c973cc3030a75504a,,mixed,7,13,13,12,2391.0,180.0,5,8,7,3,6,8,7,12930.0,11970.0,9070.0,314,98471.0,95560.09899824858,6600.166670978069,5519.948899745941,23269.90943402052,10540.010407567024,13420.0,7980.0,ok,1339.21,5412.85,1581.41,5216.95,10111.0,113601.0,4.041823164402895,3.298923112918218,6.393661352843348,02b1b0272cd3edb1600af80596fed6cb2dbbce970e06855c973cc3030a75504a,semantic_live_support,True,16,112,208,48,48,8388608,100,5,f354ff655ae68d12d56ddb1694b369b8
bx1,tuning,bx1-k7-7-6f54a0caffbb,669694256650786877,3745959b8dc7bf972951241a7e492452284dfe12f6dacab712bb34c57f56deff,3745959b8dc7bf972951241a7e492452284dfe12f6dacab712bb34c57f56deff,,andor_dom,7,14,15,11,2480.0,210.0,4,11,9,3,7,11,9,12340.0,13710.0,9850.0,343,115761.0,112520.99648118019,7460.126653313637,8300.179615616798,26850.96114873886,13140.146620571613,12890.0,9810.0,ok,1491.61,6278.36,1521.62,5651.65,10801.0,128981.0,4.209116323972084,3.71423219989222,7.098355699846217,3745959b8dc7bf972951241a7e492452284dfe12f6dacab712bb34c57f56deff,semantic_live_support,True,16,112,240,48,48,8388608,100,5,6f54a0caffbb99f01de2eaa6f04abbe3
bx1,tuning,bx1-k7-8-31960f6785ea,5389744817123187390,fb1d0487129833c3401e3a60402f1d05d7ff1adbb6dd3ba1a3039b0fe62ec7a7,fb1d0487129833c3401e3a60402f1d05d7ff1adbb6dd3ba1a3039b0fe62ec7a7,,mixed,7,16,17,15,3030.0,180.0,8,17,12,3,9,17,12,15150.0,16941.0,10420.0,384,123362.0,120111.9739562273,5359.994247555733,10329.880751669407,33259.9738612771,12639.793567359447,17060.0,12100.0,ok,1929.22,7260.97,2121.72,6940.77,11010.0,142711.0,3.7636816951928758,3.2712940444545,5.189186132006109,fb1d0487129833c3401e3a60402f1d05d7ff1adbb6dd3ba1a3039b0fe62ec7a7,semantic_live_support,True,16,112,272,64,48,8388608,100,5,31960f6785ea570b99d64be942bc4dce
bx1,tuning,bx1-k8-1-4e47cb5cd5b6,1130776419271888585,9f6e49b04ee86bd513a46fd1c97e098b8eb0f96924bbd2794be3f59555a6ae30,9f6e49b04ee86bd513a46fd1c97e098b8eb0f96924bbd2794be3f59555a6ae30,,andor_dom,8,18,20,17,3280.0,170.0,9,11,10,4,10,11,10,18500.0,16900.0,11240.0,434,149351.0,145790.9820601344,10040.7050922513,12820.12090086937,34669.763408601284,15529.920347034931,18770.0,12780.0,ok,1660.62,7874.47,2184.42,7696.27,10930.0,168462.0,4.7418855608146355,3.5232556010291063,5.0036165206324785,9f6e49b04ee86bd513a46fd1c97e098b8eb0f96924bbd2794be3f59555a6ae30,semantic_live_support,True,32,256,640,96,128,8388608,100,5,4e47cb5cd5b69bcfd719d4ac6068c6c8
bx1,tuning,bx1-k8-2-a182f8acff49,7248160241883210108,8b7875dd32eb966f016e3fd28a016328a763518beeee69e2d6f88c364768d679,8b7875dd32eb966f016e3fd28a016328a763518beeee69e2d6f88c364768d679,,impeqv_dom,8,28,94,28,6470.0,170.0,20,54,36,6,49,128,86,25420.0,34630.0,16260.0,694,228083.0,223353.0394732952,3020.046278834343,16059.726476669312,58659.701608121395,35999.808460474014,32700.0,57151.0,ok,8678.88,37923.37,4433.94,15498.15,13480.0,237782.0,4.369615664694063,3.495344997902543,3.040185478378147,8b7875dd32eb966f016e3fd28a016328a763518beeee69e2d6f88c364768d679,semantic_live_support,True,32,256,3008,160,192,8388608,100,5,a182f8acff49c11d3ef08d27856710fa
bx1,tuning,bx1-k8-3-afe9419ba99d,7509505614599461452,d18ac77ccd418be3ea78e236f39efa0a39eccfa942edd7a9cf6dd87e694a0ba6,d18ac77ccd418be3ea78e236f39efa0a39eccfa942edd7a9cf6dd87e694a0ba6,,mixed,8,20,22,20,4050.0,180.0,12,23,16,3,12,23,16,19170.0,19380.0,12010.0,476,150421.0,146990.99119752645,5449.866876006126,13791.25751554966,37239.864468574524,17500.249668955803,23241.0,12230.0,ok,2278.62,8740.98,2693.73,8980.29,12251.0,183052.0,3.8360849988150725,3.3337750999543387,4.5479688016245134,d18ac77ccd418be3ea78e236f39efa0a39eccfa942edd7a9cf6dd87e694a0ba6,semantic_live_support,True,32,256,704,96,96,8388608,100,5,afe9419ba99da1754207a2ecf55c469f
bx1,tuning,bx1-k8-4-f19b51fae83a,1483325244659736325,6bfda650328bb3de7368ee86ae030866c7c95772f0b4d56a96124e009213ca0d,6bfda650328bb3de7368ee86ae030866c7c95772f0b4d56a96124e009213ca0d,,andor_dom,8,16,17,13,2660.0,200.0,5,7,7,4,8,8,8,15490.0,14460.0,10940.0,387,125232.0,122121.06958031654,9560.026228427887,8209.957741200924,27840.37496894598,13649.92931485176,13920.0,10431.0,ok,1421.81,6624.07,1590.01,5532.85,10610.0,140742.0,4.658899571672727,3.479757988943466,6.672914006830146,6bfda650328bb3de7368ee86ae030866c7c95772f0b4d56a96124e009213ca0d,semantic_live_support,True,32,256,544,96,128,8388608,100,5,f19b51fae83ab75f67f487b56c96c709
bx1,tuning,bx1-k8-5-e450c9286a4b,7353142359741118861,df011df91ca5053f5dd5d482f1005f40217484210d2d70002af80d424af24c47,df011df91ca5053f5dd5d482f1005f40217484210d2d70002af80d424af24c47,,andor_dom,8,15,15,12,2230.0,170.0,4,11,9,3,7,11,9,13560.0,13970.0,9980.0,360,115051.0,111870.93332409859,6870.133802294731,6849.993951618671,28100.09755194187,13020.122423768044,13180.0,10490.0,ok,1567.91,6215.36,1609.51,5553.65,10400.0,128052.0,3.9641050825621362,3.4505222086224996,6.461593901249449,df011df91ca5053f5dd5d482f1005f40217484210d2d70002af80d424af24c47,semantic_live_support,True,32,256,480,96,96,8388608,100,5,e450c9286a4b75188f2525837394d3f7
bx1,tuning,bx1-k8-6-64c2a6d682df,549110268813727283,27891780ec8e448b119c5dc9cfc94faba3eca39177fa458804258b4d4324a512,27891780ec8e448b119c5dc9cfc94faba3eca39177fa458804258b4d4324a512,,impeqv_dom,8,27,60,27,5880.0,190.0,19,54,35,6,33,92,59,22960.0,34130.0,15990.0,660,187402.0,183271.94266021252,0.0,11559.808626770973,52880.14654070139,28360.867872834206,34710.0,36620.0,ok,6553.16,24119.23,4166.54,14505.24,13610.0,220192.0,3.6805495364068634,3.4813634334483767,3.266499301578768,27891780ec8e448b119c5dc9cfc94faba3eca39177fa458804258b4d4324a512,semantic_live_support,True,32,256,1920,160,192,8388608,100,5,64c2a6d682df173dee0ef1896f738c84
bx1,tuning,bx1-k8-7-09fc993513d7,1450827913852197284,4f158000b47e4689beeec4a55c010155d5f95ffe1e0643fd9eb925e725a0d601,4f158000b47e4689beeec4a55c010155d5f95ffe1e0643fd9eb925e725a0d601,,mixed,8,15,15,15,2710.0,180.0,7,15,11,4,7,15,11,14580.0,13800.0,10420.0,363,114041.0,110910.97258031368,4169.880412518978,11999.974958598614,27249.916456639767,12079.835869371891,16060.0,9570.0,ok,1843.01,6643.87,2077.22,6697.47,11610.0,128721.0,3.604901763962214,3.2242468298976523,5.589200951271412,4f158000b47e4689beeec4a55c010155d5f95ffe1e0643fd9eb925e725a0d601,semantic_live_support,True,32,256,480,96,128,8388608,100,5,09fc993513d7e644f90133989f40f63b
bx1,tuning,bx1-k8-8-21adfede2a12,4862862450874983221,dbf6879a50bc62709899f57bdbc6fa686a2113d9461a924c4daa9d566b4a94e0,dbf6879a50bc62709899f57bdbc6fa686a2113d9461a924c4daa9d566b4a94e0,,andor_dom,8,20,23,19,4050.0,170.0,11,16,13,3,12,16,13,19940.0,20250.0,12510.0,478,165182.0,161341.0422578454,10119.983926415443,13799.755834043026,38839.76023644209,18241.116777062416,22590.0,13740.0,ok,2067.62,9243.89,2625.93,8752.48,11671.0,181172.0,4.470787668914017,3.333097226506419,4.444520607936997,dbf6879a50bc62709899f57bdbc6fa686a2113d9461a924c4daa9d566b4a94e0,semantic_live_support,True,32,256,736,128,96,8388608,100,5,21adfede2a12c2886e347d09a80ac9d1
bx1,tuning,bx1-k10-1-ce8ba79b76b0,7420669341356717624,bf1133aff1ed584dcfebd2d8cfd40ab4dbd176c9840cf4eeff1b82b6b4587f7b,bf1133aff1ed584dcfebd2d8cfd40ab4dbd176c9840cf4eeff1b82b6b4587f7b,,mixed,10,21,22,20,3940.0,170.0,10,20,15,3,11,20,15,19990.0,20081.0,12160.0,500,158302.0,154742.0397400856,7140.100933611393,12770.76080441475,38900.87828040123,20289.910025894642,21061.0,12570.0,ok,2435.22,9019.08,2766.62,8669.9,11620.0,185842.0,3.7035996747727107,3.1337516536423506,4.2000708445684625,bf1133aff1ed584dcfebd2d8cfd40ab4dbd176c9840cf4eeff1b82b6b4587f7b,semantic_live_support,True,128,1280,2816,384,384,8388608,50,5,ce8ba79b76b0ba54ca0b1db699d85b79
bx1,tuning,bx1-k10-2-e17d064cca67,9123787503790150821,eb4c672ced2de1a76d4a2403041d4ac0eeb2b73b824c7ec93028a5747bfbdac7,eb4c672ced2de1a76d4a2403041d4ac0eeb2b73b824c7ec93028a5747bfbdac7,,andor_dom,10,23,25,22,4291.0,210.0,12,21,16,3,13,21,16,22081.0,22390.0,12950.0,544,177151.0,173511.10000163317,9802.286513149738,12939.795851707458,43059.815652668476,22269.90181952715,23580.0,15910.0,ok,2564.42,10237.5,3039.24,9997.7,15990.0,201332.0,3.992130774210153,3.2895394901356925,5.261183716981877,eb4c672ced2de1a76d4a2403041d4ac0eeb2b73b824c7ec93028a5747bfbdac7,semantic_live_support,True,128,1280,3200,384,384,8388608,50,5,e17d064cca67024299d5bbac1258b783
bx1,tuning,bx1-k10-3-16f87b523a35,8987951477283036305,06fed3f06e44dfc17f35ad059ace2c26aeef00978d4ae10a4763490b0a32dd83,06fed3f06e44dfc17f35ad059ace2c26aeef00978d4ae10a4763490b0a32dd83,,mixed,10,22,24,22,4141.0,200.0,12,21,16,3,12,21,16,22350.0,20760.0,12790.0,526,172762.0,168862.05412447453,7560.127414762974,13529.905118048191,41531.04964643717,22511.230781674385,23430.0,13811.0,ok,2521.02,9922.9,3072.24,9879.3,12040.0,193232.0,3.936065560765087,3.2156667447855636,3.9189646642189415,06fed3f06e44dfc17f35ad059ace2c26aeef00978d4ae10a4763490b0a32dd83,semantic_live_support,True,128,1280,3072,512,384,8388608,50,5,16f87b523a35164be73301b34d212037
bx1,tuning,bx1-k10-4-23d83455c005,1680298533417107274,650f04850fc8aa5bdf56eb89cd57e29e202b41d5857d7a03713a5341d50bfa76,650f04850fc8aa5bdf56eb89cd57e29e202b41d5857d7a03713a5341d50bfa76,,andor_dom,10,24,26,21,4040.0,180.0,11,20,15,4,14,21,16,25710.0,21350.0,13500.0,567,188012.0,183632.01525062323,11060.968972742558,16299.774870276451,44729.67702895403,21279.78950738907,23180.0,15380.0,ok,2503.82,10442.1,2833.84,9197.88,12160.0,200731.0,4.170467525620851,3.2457301753098267,4.290997374587133,650f04850fc8aa5bdf56eb89cd57e29e202b41d5857d7a03713a5341d50bfa76,semantic_live_support,True,128,1280,3328,384,512,8388608,50,5,23d83455c005b89b0513919ce5be401d
bx1,tuning,bx1-k10-5-9bbcf8dd3e01,7979976481648541001,fc3f1b016da13b03f0c85a6e9d3f0ab2d5bcf2150664877c4d1be31543186ee8,fc3f1b016da13b03f0c85a6e9d3f0ab2d5bcf2150664877c4d1be31543186ee8,,impeqv_dom,10,33,63,33,7130.0,170.0,23,55,38,7,32,80,55,31821.0,39261.0,18201.0,807,272422.0,267041.96352511644,6959.890015423298,24140.81245660782,64819.93477791548,40879.93875145912,37961.0,38301.0,ok,6921.28,25402.64,5472.04,17895.96,14360.0,291383.0,3.670222848952795,3.2704366196153534,2.624249822735214,fc3f1b016da13b03f0c85a6e9d3f0ab2d5bcf2150664877c4d1be31543186ee8,semantic_live_support,True,128,1280,8064,512,896,8388608,50,5,9bbcf8dd3e0149f882f57d4076f9d84c
bx1,tuning,bx1-k10-6-85ff4d86e6c8,6788654603028088088,9ec7d6a737abdce839f03b08acdb4e6691734ca923a6cd4d01a8bbc1045e827f,9ec7d6a737abdce839f03b08acdb4e6691734ca923a6cd4d01a8bbc1045e827f,,mixed,10,20,21,20,3830.0,210.0,10,20,15,3,10,20,15,19771.0,19680.0,12740.0,480,151391.0,147711.01996302605,6279.908120632172,11799.97343569994,35910.168662667274,18790.94634205103,21360.0,14501.0,ok,2396.22,8830.28,2850.04,8825.28,11660.0,171432.0,3.6850873459031313,3.096546013389286,4.091170650236488,9ec7d6a737abdce839f03b08acdb4e6691734ca923a6cd4d01a8bbc1045e827f,semantic_live_support,True,128,1280,2688,384,384,8388608,50,5,85ff4d86e6c8c0d9e4ca8c07f394e95b
bx1,tuning,bx1-k10-7-8246a0ff1e16,764246932348172014,9b89ca8226b6112656f0c4cabccc93534b4026a6150565073fd85e4c03812db1,9b89ca8226b6112656f0c4cabccc93534b4026a6150565073fd85e4c03812db1,,andor_dom,10,21,23,19,3860.0,210.0,9,15,13,5,11,15,13,20990.0,20401.0,12990.0,505,167652.0,163782.03872591257,10760.035365819931,9429.9903139472,38651.865907013416,18869.992345571518,21350.0,14200.0,ok,2062.82,9120.3,2544.62,8854.28,11820.0,180291.0,4.421277668434472,3.479607957180247,4.645094355935267,9b89ca8226b6112656f0c4cabccc93534b4026a6150565073fd85e4c03812db1,semantic_live_support,True,128,1280,2944,640,640,8388608,50,5,8246a0ff1e166187576e293cd8d04664
bx1,tuning,bx1-k10-8-77067f84ea1d,3417172046598079534,eea5060d15db70e5e032a78ce7ea32ca0f710efc3d3bf60fe8f921498c6f3a7e,eea5060d15db70e5e032a78ce7ea32ca0f710efc3d3bf60fe8f921498c6f3a7e,,mixed,10,23,27,19,3820.0,220.0,9,18,15,4,13,19,16,22051.0,28831.0,13980.0,558,190322.0,186312.0123744011,11759.926564991474,19000.843167304993,41399.96599406004,22829.975932836533,21901.0,15300.0,ok,2384.22,10974.5,2521.64,9498.68,11870.0,207642.0,4.602972880019462,3.76686600783617,4.707254009295538,eea5060d15db70e5e032a78ce7ea32ca0f710efc3d3bf60fe8f921498c6f3a7e,semantic_live_support,True,128,1280,3456,384,512,8388608,50,5,77067f84ea1da1bfaf0b99360374c009
bx1,tuning,bx1-k12-1-dcaeee786843,5272243526725519305,43e053d4256b86f12322d11b9de2728424bb39c997bbfaa95e97eb0032bf3958,43e053d4256b86f12322d11b9de2728424bb39c997bbfaa95e97eb0032bf3958,,andor_dom,12,27,29,23,4300.0,190.0,11,19,16,5,15,19,16,24900.0,26810.0,15870.0,635,212612.0,209112.0695695281,14319.89949196577,14880.206435918808,54910.89541465044,25419.86759752035,25080.0,16231.0,ok,3791.05,11629.15,3963.0,10420.6,13391.0,241663.0,3.06752746600546,2.629472621751199,3.3790058036840778,43e053d4256b86f12322d11b9de2728424bb39c997bbfaa95e97eb0032bf3958,semantic_live_support,True,512,6144,14848,2560,2560,8388608,20,5,dcaeee786843d10664d1d9075a3d551d
bx1,tuning,bx1-k12-2-56fe11ff64c7,4640074950674228798,dac62da81c27bdf3c5095c9ca757bd0e9721a3c943f4211b507a5f581fd49f26,dac62da81c27bdf3c5095c9ca757bd0e9721a3c943f4211b507a5f581fd49f26,,mixed,12,23,23,21,3980.0,180.0,9,17,14,3,11,17,14,22320.0,21981.0,13410.0,549,180622.0,176711.93927526474,9950.250387191772,15080.440789461136,42621.162720024586,22530.09006381035,22010.0,13730.0,ok,3544.05,9641.1,4054.0,9373.1,12810.0,207142.0,2.720362297371651,2.312062160828811,3.1598421312284164,dac62da81c27bdf3c5095c9ca757bd0e9721a3c943f4211b507a5f581fd49f26,semantic_live_support,True,512,6144,11776,1536,1536,8388608,20,5,56fe11ff64c7a692c568b910bca1f2ea
bx1,tuning,bx1-k12-3-0e386c458b97,7382781167060541420,2a56b6c49cbac5a8b5c86b2ea4e0ba49adbf21af05e16d221c9b054471f1db10,2a56b6c49cbac5a8b5c86b2ea4e0ba49adbf21af05e16d221c9b054471f1db10,,andor_dom,12,25,26,21,4150.0,180.0,9,16,14,4,13,16,14,22440.0,22520.0,14211.0,590,191692.0,187422.03246802092,12379.954569041729,13790.09336233139,45521.18480205536,23320.200853049755,21010.0,15040.0,ok,3055.5,10514.6,3282.5,9510.6,12480.0,211042.0,3.4412043855342827,2.8973648134044176,3.801980198019802,2a56b6c49cbac5a8b5c86b2ea4e0ba49adbf21af05e16d221c9b054471f1db10,semantic_live_support,True,512,6144,13312,2048,2048,8388608,20,5,0e386c458b97236a1cb5788eb0f0d157
bx1,tuning,bx1-k12-4-fa0f34a0d7ca,5488042815295775796,9e02b50eac043198077de892e99d6dcd4da0c8468a8ae6ea2c46f7c87675bf83,9e02b50eac043198077de892e99d6dcd4da0c8468a8ae6ea2c46f7c87675bf83,,mixed,12,30,34,28,5190.0,220.0,16,33,24,4,18,33,24,27800.0,29210.0,16250.0,711,232883.0,228033.05182605982,11699.739843606949,20039.966329932213,56260.03257930279,28439.68104571104,29071.0,18890.0,ok,6420.55,14286.15,6872.05,13916.65,16220.0,259793.0,2.225066388393518,2.0251089558428705,2.3602855043254922,9e02b50eac043198077de892e99d6dcd4da0c8468a8ae6ea2c46f7c87675bf83,semantic_live_support,True,512,6144,17408,2048,2048,8388608,20,5,fa0f34a0d7ca8395c44f2fe157823fdb
bx1,tuning,bx1-k12-5-933f221d92f9,6831630244739130491,d480fcda3d28f9df6104543c3e49775d0f63b53c9820430ad4c7c5b4cc5a4b41,d480fcda3d28f9df6104543c3e49775d0f63b53c9820430ad4c7c5b4cc5a4b41,,andor_dom,12,23,23,20,3730.0,170.0,8,11,11,6,11,11,11,21540.0,19651.0,13200.0,546,186602.0,182721.99667990208,14079.967513680458,13040.02944380045,45670.8949059248,23370.14302611351,21160.0,14210.0,ok,2276.5,9290.1,2640.05,8633.55,11900.0,200372.0,4.0808697562047005,3.2702221548834296,4.507490388439613,d480fcda3d28f9df6104543c3e49775d0f63b53c9820430ad4c7c5b4cc5a4b41,semantic_live_support,True,512,6144,11776,2560,3072,8388608,20,5,933f221d92f9e42626d06e4bac938665
bx1,tuning,bx1-k12-6-ab8ebfd94e71,1493478640250878970,6dcea35bb2d25f0467e558a31d9fc4463da58a2739192244dc708d9963d1cf8c,6dcea35bb2d25f0467e558a31d9fc4463da58a2739192244dc708d9963d1cf8c,,impeqv_dom,12,34,72,34,7140.0,180.0,22,62,41,6,38,107,70,30450.0,37200.0,19050.0,829,246162.0,241121.97570502758,1730.0480976700783,12399.861589074135,67611.2249493599,47489.76789414883,37501.0,41430.0,ok,21376.75,30076.75,12585.65,18042.15,22320.0,284313.0,1.4069842235138643,1.4335493200589562,1.7734483320289378,6dcea35bb2d25f0467e558a31d9fc4463da58a2739192244dc708d9963d1cf8c,semantic_live_support,True,512,6144,36864,2048,3072,8388608,20,5,ab8ebfd94e7121a69b1d94786ae9c692
bx1,tuning,bx1-k12-7-f4216d709297,8237117734719079983,ec19433f76563af73d590b5694269c71451213a84f29c0b196b80b3af6b4cf32,ec19433f76563af73d590b5694269c71451213a84f29c0b196b80b3af6b4cf32,,mixed,12,24,24,24,4370.0,220.0,12,23,17,4,12,23,17,25070.0,22560.0,14320.0,569,178521.0,174421.0021570325,7210.066542029381,14700.11193305254,45240.39104580879,22021.12227678299,24730.0,14490.0,ok,4626.55,10311.1,5120.55,10306.1,14260.0,205952.0,2.2286801180145033,2.012693948892209,2.784857095429202,ec19433f76563af73d590b5694269c71451213a84f29c0b196b80b3af6b4cf32,semantic_live_support,True,512,6144,12288,1536,2048,8388608,20,5,f4216d709297ea6daed114cf7ea737ee
bx1,tuning,bx1-k12-8-ff7ab4c2ccae,8062625858879735573,94d7e06d8895fe73fb4fae5f7444e7cc1bb2a5deaad8eae976d6fd963db7b568,94d7e06d8895fe73fb4fae5f7444e7cc1bb2a5deaad8eae976d6fd963db7b568,,andor_dom,12,26,28,22,4550.0,220.0,10,17,15,4,14,17,15,23710.0,25810.0,15050.0,616,206072.0,202372.08809703588,13099.750503897667,15530.153177678585,51590.497605502605,25551.184080541134,23480.0,16660.0,ok,3576.55,11252.1,3709.0,10294.6,12500.0,225232.0,3.146076526261341,2.775572930709086,3.3701806416823943,94d7e06d8895fe73fb4fae5f7444e7cc1bb2a5deaad8eae976d6fd963db7b568,semantic_live_support,True,512,6144,14336,2048,2048,8388608,20,5,ff7ab4c2ccae34850007d3df9a257fa0
bx1,tuning,bx1-k16-1-00faa20cf21f,118518869172703822,d53b9a68dab51f0da8f7984fa75fa6c3b30b50a274e12d5289ebd56795db4e1f,d53b9a68dab51f0da8f7984fa75fa6c3b30b50a274e12d5289ebd56795db4e1f,,andor_dom,16,33,34,30,5440.0,190.0,14,22,19,4,17,22,19,30321.0,30451.0,17690.0,777,259653.0,254832.90664851665,15550.176613032818,20280.014723539352,64300.955273211,36059.762351214886,29010.0,18840.0,ok,17948.0,20094.2,18454.2,19318.2,29711.0,322113.0,1.1195787831513262,1.0468186103976331,1.537979728960255,d53b9a68dab51f0da8f7984fa75fa6c3b30b50a274e12d5289ebd56795db4e1f,semantic_live_support,True,8192,131072,278528,32768,32768,8388608,5,5,00faa20cf21f8654c0317cc3490477d5
bx1,tuning,bx1-k16-2-7a57c9d7559d,2455481210717987663,4f466d23ffe144b5124259ffabcb2630adc9cb1d10c5b7384c06001c75f28433,4f466d23ffe144b5124259ffabcb2630adc9cb1d10c5b7384c06001c75f28433,,impeqv_dom,16,44,91,41,7650.0,210.0,25,70,47,7,47,123,83,38080.0,46451.0,23370.0,1073,318903.0,313262.9208266735,2859.9752113223076,16220.379620790482,77680.80104142427,68670.48796266317,42270.0,56930.0,ok,192047.8,55954.6,118143.2,32226.2,47670.0,401174.0,0.2913576724128056,0.2727723643849159,1.4792311845641124,4f466d23ffe144b5124259ffabcb2630adc9cb1d10c5b7384c06001c75f28433,semantic_live_support,True,8192,131072,745472,40960,57344,8388608,5,5,7a57c9d7559d9837fb9909e1ba7f8391
bx1,tuning,bx1-k16-3-5054f67d71a1,7266381232235041005,64fc80a81adcf57aa807e2c69c4c2ad49f2659c00858bf80bb75fef476b23956,64fc80a81adcf57aa807e2c69c4c2ad49f2659c00858bf80bb75fef476b23956,,andor_dom,16,36,38,34,5990.0,170.0,18,27,22,5,20,27,22,34280.0,35670.0,19270.0,845,280253.0,275162.9799604416,17680.926248431206,22310.06510555744,65800.15178769827,39899.83815699816,34020.0,25050.0,ok,26228.4,22236.2,27016.2,21400.2,31761.0,357903.0,0.8477909441673911,0.7921247251649011,1.4841450079905796,64fc80a81adcf57aa807e2c69c4c2ad49f2659c00858bf80bb75fef476b23956,semantic_live_support,True,8192,131072,311296,32768,40960,8388608,5,5,5054f67d71a1b6ae9cb0cda4216ad5ac
bx1,tuning,bx1-k16-4-31d43debdd10,7357007383985780078,263344caa8e1642eea283ad058cf301e041381b05e849db068a20e6e83da75b8,263344caa8e1642eea283ad058cf301e041381b05e849db068a20e6e83da75b8,,mixed,16,32,33,32,5300.0,170.0,16,32,24,5,16,32,24,31470.0,30740.0,17900.0,762,239742.0,234881.99803978205,9780.051186680794,18881.051801145077,57449.331507086754,36769.89581435919,31730.0,19540.0,ok,41242.4,21372.2,41622.4,21370.2,32261.0,308763.0,0.5182094155529261,0.5134302683170601,1.509625553340633,263344caa8e1642eea283ad058cf301e041381b05e849db068a20e6e83da75b8,semantic_live_support,True,8192,131072,270336,32768,40960,8388608,5,5,31d43debdd10c266328d907bf8e2baa1
bx1,tuning,bx1-k16-5-d9d873c51a93,4504534119318889697,5e67584e1d859e2e584e98787eba1d799f639da7bbb5a623810d669f72232bca,5e67584e1d859e2e584e98787eba1d799f639da7bbb5a623810d669f72232bca,,xor_dom,16,39,48,26,5480.0,240.0,10,28,25,5,24,29,26,30200.0,39200.0,20110.0,942,402744.0,396932.9409301281,29319.897294044495,60050.04979670048,82410.98839789629,61951.22841745615,27850.0,26600.0,ok,25574.2,25968.4,24274.2,21536.2,31480.0,432275.0,1.015413971893549,0.8872053455932636,1.4617249096869456,5e67584e1d859e2e584e98787eba1d799f639da7bbb5a623810d669f72232bca,semantic_live_support,True,8192,131072,393216,32768,40960,8388608,5,5,d9d873c51a93afd036c6b4946d576a42
bx1,tuning,bx1-k16-6-d8a917bace96,5214471196951292117,9ac5751ddd60e313dbf1fa4f890d8b8299aa66416cd4e1c3afb92e7d3a9bc58b,9ac5751ddd60e313dbf1fa4f890d8b8299aa66416cd4e1c3afb92e7d3a9bc58b,,mixed,16,37,40,36,6270.0,240.0,20,46,32,6,21,46,32,33400.0,37840.0,18980.0,874,278663.0,273333.047516644,9899.958968162537,21540.094166994095,73141.18556678295,40350.016206502914,37120.0,23640.0,ok,60156.6,25908.2,61080.6,25364.2,35220.0,349844.0,0.43067926046352356,0.4152578723850126,1.3885712933977812,9ac5751ddd60e313dbf1fa4f890d8b8299aa66416cd4e1c3afb92e7d3a9bc58b,semantic_live_support,True,8192,131072,327680,49152,49152,8388608,5,5,d8a917bace962a7fa02b9af71c289999
bx1,tuning,bx1-k16-7-8facb8315cfa,148776591144945431,58920619d6f8de9d357799535db7f88d493f01888c8ec4a9c7370c9a8816588f,58920619d6f8de9d357799535db7f88d493f01888c8ec4a9c7370c9a8816588f,,andor_dom,16,44,52,44,7870.0,190.0,28,41,32,5,28,41,32,43460.0,44671.0,21730.0,1041,348553.0,342082.93072879314,19790.837541222572,28010.341338813305,85690.17518311739,49460.0972160697,43490.0,27750.0,ok,41142.4,29450.4,42636.4,29156.4,38680.0,511555.0,0.7158162868476317,0.6838382227392557,1.3266384052900906,58920619d6f8de9d357799535db7f88d493f01888c8ec4a9c7370c9a8816588f,semantic_live_support,True,8192,131072,425984,57344,40960,8388608,5,5,8facb8315cfa2a6fca384fb0b4853908
bx1,tuning,bx1-k16-8-a9644a6c5c5b,4180285109197120153,ad124e329f2b7dea66f0426285fc88030ed17330d2b93901d6aec19904cb7bb7,ad124e329f2b7dea66f0426285fc88030ed17330d2b93901d6aec19904cb7bb7,,mixed,16,40,45,32,5880.0,190.0,16,30,24,6,24,32,26,34290.0,36160.0,22330.0,945,317903.0,312072.9234069586,20749.86696243286,26259.920559823513,75081.5961509943,43900.334276258945,32000.0,23130.0,ok,34318.2,25282.2,33500.4,22612.2,32401.0,374173.0,0.7366994772453102,0.6749829852777878,1.4328990544927074,ad124e329f2b7dea66f0426285fc88030ed17330d2b93901d6aec19904cb7bb7,semantic_live_support,True,8192,131072,368640,32768,49152,8388608,5,5,a9644a6c5c5b94b455663c24d3ecfa1f
b2,validation_reused,b2-k4-xor_dom-tree-1-8b6c553e4c62,111003307701815573,8e05696833e6832e8ad694ea4bef56ad3e4d9944c35799f8a67e1fc7312907e6,8e05696833e6832e8ad694ea4bef56ad3e4d9944c35799f8a67e1fc7312907e6,,xor_dom,4,10,12,10,2510.0,220.0,6,9,7,4,6,9,7,12121.0,11610.0,8880.0,251,97681.0,94291.05557501316,5410.169251263142,7999.9445006251335,25219.866074621677,7789.931260049343,14520.0,8840.0,ok,1225.01,1281.31,1495.91,1567.92,10380.0,105021.0,1.0459588084995224,1.0481379227359935,6.938920122199865,8e05696833e6832e8ad694ea4bef56ad3e4d9944c35799f8a67e1fc7312907e6,semantic_live_support,True,2,0,24,0,0,8388608,100,5,8b6c553e4c623adeaaf6b1ab12c89fbb
b2,validation_reused,b2-k4-xor_dom-tree-2-186a2a5c9bf0,6533399089810239086,a22175a602c02145cc695f9333f8ddfcc5cf32cebe88d461f157889dfd8e9468,a22175a602c02145cc695f9333f8ddfcc5cf32cebe88d461f157889dfd8e9468,,xor_dom,4,7,7,6,1460.0,170.0,2,3,3,2,3,3,3,9801.0,9200.0,6550.0,183,62951.0,60620.950534939766,4410.97654402256,6180.023774504662,13499.986380338669,5019.945092499256,8461.0,6020.0,ok,870.31,915.91,972.51,1016.01,9780.0,76640.0,1.0523951235766567,1.044729617176173,10.056451861677514,a22175a602c02145cc695f9333f8ddfcc5cf32cebe88d461f157889dfd8e9468,semantic_live_support,True,2,0,14,0,0,8388608,100,5,186a2a5c9bf05ce9f5cd3f1ba7dcfc20
b2,validation_reused,b2-k4-xor_dom-tree-3-128078f3da7b,1249514538893697756,62e7c221122cae8423ae3abd29d9fc9c53287f46a67c831dc0fd497948602a48,62e7c221122cae8423ae3abd29d9fc9c53287f46a67c831dc0fd497948602a48,,xor_dom,4,12,14,11,2570.0,170.0,7,11,8,3,8,11,8,11710.0,11970.0,8950.0,291,101151.0,98331.01648837328,8009.95621830225,9780.051186680794,24650.01307427883,7800.175808370113,14050.0,9921.0,ok,1368.61,1415.81,1603.42,1654.32,10400.0,119431.0,1.0344875457581049,1.0317446458195607,6.486135884546781,62e7c221122cae8423ae3abd29d9fc9c53287f46a67c831dc0fd497948602a48,semantic_live_support,True,2,0,28,0,0,8388608,100,5,128078f3da7bb66e7b480d8a5126b627
b2,validation_reused,b2-k4-xor_dom-tree-4-9a5b24a5b691,5973450879871075286,bf03ae910baf5f6fdb652b910c8004017dd76989a1ecd128aef435bdf5bfdff9,bf03ae910baf5f6fdb652b910c8004017dd76989a1ecd128aef435bdf5bfdff9,,xor_dom,4,9,11,6,1540.0,180.0,2,3,3,2,5,5,5,8130.0,9400.0,6890.0,232,83431.0,81121.10663205385,6469.897925853729,9860.959835350513,16520.14907449484,6539.863534271717,7920.0,8110.0,ok,1064.71,1114.81,972.01,1020.01,9470.0,94501.0,1.0470550666378637,1.0493822080019752,9.742698120389708,bf03ae910baf5f6fdb652b910c8004017dd76989a1ecd128aef435bdf5bfdff9,semantic_live_support,True,2,0,22,0,0,8388608,100,5,9a5b24a5b691079e8950391d76714c61
b2,validation_reused,b2-k4-xor_dom-shared-1-b3e4cd19e589,4200792122326145356,9a83c6cb1126d93de4a30715b28f1f4b26b983c57fb39e6d826d7e893ae4ee74,9a83c6cb1126d93de4a30715b28f1f4b26b983c57fb39e6d826d7e893ae4ee74,,xor_dom,4,14,35,8,1920.0,330.0,4,7,6,3,17,19,18,13760.0,15650.0,10020.0,362,140191.0,137201.04470849037,11840.136721730232,17249.956727027893,28580.66000044346,13079.843483865261,11220.0,25021.0,ok,2092.02,2126.62,1268.91,1314.11,9820.0,149961.0,1.0165390388237205,1.0356211236415505,7.738925534513873,9a83c6cb1126d93de4a30715b28f1f4b26b983c57fb39e6d826d7e893ae4ee74,semantic_live_support,True,2,0,70,0,0,8388608,100,5,b3e4cd19e58938c2d0357fec6b80eb57
b2,validation_reused,b2-k4-xor_dom-shared-2-d4c0909c8173,6673506366441354419,bfa9ad6c53bd4fa5c103452ec0f0c7e0d582abdd55bb8f39362c766dd459e870,bfa9ad6c53bd4fa5c103452ec0f0c7e0d582abdd55bb8f39362c766dd459e870,,xor_dom,4,20,53,11,3090.0,190.0,7,14,12,5,27,29,27,18710.0,22970.0,13000.0,505,200922.0,197032.00086951256,18440.3033927083,28019.887395203114,40321.02879136801,17169.862985610962,19250.0,34430.0,ok,2919.23,2986.23,1751.12,1793.91,16360.0,200232.0,1.022951257694666,1.0244357896660423,9.342592169582897,bfa9ad6c53bd4fa5c103452ec0f0c7e0d582abdd55bb8f39362c766dd459e870,semantic_live_support,True,2,0,106,0,0,8388608,100,5,d4c0909c81730352433585d489c6f933
b2,validation_reused,b2-k4-xor_dom-shared-3-88f8242fa307,8741506733210502234,ae8f3419f2285fc482b01c8e22707b13699ad50038026ce4618391aa1c675671,ae8f3419f2285fc482b01c8e22707b13699ad50038026ce4618391aa1c675671,,xor_dom,4,20,46,8,2110.0,200.0,4,8,7,3,23,24,23,14510.0,20690.0,13270.0,512,176442.0,172992.00408160686,15960.191376507282,24729.641154408455,31000.003218650818,13801.15281790495,11020.0,29450.0,ok,2634.43,2645.12,1292.71,1331.62,9680.0,182382.0,1.0040578037753898,1.0300995582922696,7.488145059603468,ae8f3419f2285fc482b01c8e22707b13699ad50038026ce4618391aa1c675671,semantic_live_support,True,2,0,92,0,0,8388608,100,5,88f8242fa3078a0b324089c8677355b4
b2,validation_reused,b2-k4-xor_dom-shared-4-28c644b1084a,8944855446226036940,8fe99e1d4b27948fd5e99e3883f6e2954b653363a4874606a09becab762842ad,8fe99e1d4b27948fd5e99e3883f6e2954b653363a4874606a09becab762842ad,,xor_dom,4,18,43,10,2680.0,190.0,6,9,8,4,21,23,22,16470.0,19400.0,11710.0,466,183432.0,180031.9878384471,14690.100215375423,28969.8364213109,34330.179914832115,18039.951100945473,14040.0,26020.0,ok,2444.32,2522.73,1584.81,1629.02,9850.0,196421.0,1.03207845126661,1.027896088490103,6.215256087480518,8fe99e1d4b27948fd5e99e3883f6e2954b653363a4874606a09becab762842ad,semantic_live_support,True,2,0,86,0,0,8388608,100,5,28c644b1084a1cde8e56428c422b610d
b2,validation_reused,b2-k4-andor_dom-tree-1-ea13a53017b8,67867771356869609,0d9ba34f231adf13041d4ad21fdfbf7209755748963a9c4683e00cef9a30f068,0d9ba34f231adf13041d4ad21fdfbf7209755748963a9c4683e00cef9a30f068,,andor_dom,4,7,7,6,1490.0,170.0,2,5,4,2,3,5,4,7120.0,7250.0,6350.0,181,57541.0,55380.9804841876,2910.0337997078896,3620.050847530365,13729.790225625038,5059.991963207722,8400.0,6740.0,ok,932.11,984.41,997.01,1039.21,9380.0,72190.0,1.0561092574910687,1.042326556403647,9.408130309625781,0d9ba34f231adf13041d4ad21fdfbf7209755748963a9c4683e00cef9a30f068,semantic_live_support,True,2,0,14,0,0,8388608,100,5,ea13a53017b87e9e0931d2c14563d2c8
b2,validation_reused,b2-k4-andor_dom-tree-2-e674d60a6337,2700119753953878052,40b7b0acaa3a96600fe748a9adb72e7d390fff319c0a222f724ecd7159384a8d,40b7b0acaa3a96600fe748a9adb72e7d390fff319c0a222f724ecd7159384a8d,,andor_dom,4,9,10,9,2080.0,200.0,5,6,5,3,5,6,5,10150.0,9020.0,7150.0,225,80831.0,78311.0735937953,5000.03807246685,7240.10169506073,17400.248907506466,6570.13151794672,11980.0,8111.0,ok,1048.41,1098.61,1364.72,1407.81,9460.0,93151.0,1.0478820308848635,1.0315742423354242,6.9318248431912775,40b7b0acaa3a96600fe748a9adb72e7d390fff319c0a222f724ecd7159384a8d,semantic_live_support,True,2,0,20,0,0,8388608,100,5,e674d60a6337dea4f87502f3a49715b1
b2,validation_reused,b2-k4-andor_dom-tree-3-269b85d31c4b,7565303281249509524,5eace7caa8a101d3105c0c338da64e3d62dd7d90b1e4f9a2846f43f9e99ab977,5eace7caa8a101d3105c0c338da64e3d62dd7d90b1e4f9a2846f43f9e99ab977,,andor_dom,4,7,7,7,1740.0,190.0,3,5,4,2,3,5,4,7870.0,6710.0,5940.0,182,53680.0,51639.97411727905,2720.043994486332,2549.96120929718,12939.912267029285,4740.082658827305,9480.0,5290.0,ok,908.31,955.31,1089.91,1125.61,9360.0,70640.0,1.0517444484812455,1.0327549981191106,8.587865053077776,5eace7caa8a101d3105c0c338da64e3d62dd7d90b1e4f9a2846f43f9e99ab977,semantic_live_support,True,2,0,14,0,0,8388608,100,5,269b85d31c4b598a18aa024675dbc917
b2,validation_reused,b2-k4-andor_dom-tree-4-d96f9fff14ea,2225502782104075469,830dcc860e2f53775bdab51b1b2ff210ce23f6366ac76fba9168f62702456c31,830dcc860e2f53775bdab51b1b2ff210ce23f6366ac76fba9168f62702456c31,,andor_dom,4,9,11,9,2100.0,180.0,5,5,5,3,5,5,5,10330.0,8870.0,7530.0,231,81551.0,79130.9867054224,6119.953468441963,6560.818292200565,17850.077711045742,7439.986802637577,12240.0,8261.0,ok,1028.91,1095.71,1374.92,1413.61,9600.0,101371.0,1.0649230739326083,1.028139819044017,6.98222442032991,830dcc860e2f53775bdab51b1b2ff210ce23f6366ac76fba9168f62702456c31,semantic_live_support,True,2,0,22,0,0,8388608,100,5,d96f9fff14eaa8f53817655268fa6ba3
b2,validation_reused,b2-k4-andor_dom-shared-1-17ce9f3e12c6,9117237289594880842,48b576dfc3447c7a0e6b513608937a23d02e6330c5ed01b0fc4ca98b2bca1feb,48b576dfc3447c7a0e6b513608937a23d02e6330c5ed01b0fc4ca98b2bca1feb,,andor_dom,4,18,45,11,2970.0,150.0,7,15,14,7,22,26,24,17330.0,22310.0,11400.0,462,193712.0,190431.95061385632,17540.878616273403,17250.07314234972,36219.94983404875,20380.01548498869,16681.0,31921.0,ok,2527.32,2596.12,1870.42,1916.62,10500.0,187642.0,1.0272225123846603,1.0247003346841885,5.613712428224677,48b576dfc3447c7a0e6b513608937a23d02e6330c5ed01b0fc4ca98b2bca1feb,semantic_live_support,True,2,0,90,0,0,8388608,100,5,17ce9f3e12c650b4e3da3174950665b6
b2,validation_reused,b2-k4-andor_dom-shared-2-f7cba4ce652b,3612892547654723396,085edad400785fca7e7e90b1fac4beb776fc2beee5aa24352d5f39b5d57efcad,085edad400785fca7e7e90b1fac4beb776fc2beee5aa24352d5f39b5d57efcad,,andor_dom,4,16,31,10,2780.0,190.0,6,10,10,5,15,15,15,15280.0,16360.0,10550.0,411,155462.0,152242.02070385218,16079.866327345371,15940.866433084011,30140.04323631525,16090.92578291893,14550.0,19280.0,ok,1860.02,1919.12,1690.92,1723.21,10000.0,162241.0,1.0317738518940656,1.0190961133584084,5.913940340169848,085edad400785fca7e7e90b1fac4beb776fc2beee5aa24352d5f39b5d57efcad,semantic_live_support,True,2,0,62,0,0,8388608,100,5,f7cba4ce652beb639b4716f01ea72b8a
b2,validation_reused,b2-k4-andor_dom-shared-3-44c5bbe1b3b1,467798099736167574,8509b81230019d2ad970d970f791dfbdc8caf54f5c594fcd327cef9feed206c1,8509b81230019d2ad970d970f791dfbdc8caf54f5c594fcd327cef9feed206c1,,andor_dom,4,18,48,11,2620.0,210.0,7,11,9,4,26,31,26,14480.0,18440.0,11840.0,452,160501.0,157361.03523522615,14180.317521095276,16199.890524148941,29290.909878909588,14750.286936759949,14440.0,30690.0,ok,2634.62,2693.43,1574.62,1620.51,10190.0,162581.0,1.0223220046913786,1.0291435393936315,6.4714026241251865,8509b81230019d2ad970d970f791dfbdc8caf54f5c594fcd327cef9feed206c1,semantic_live_support,True,2,0,96,0,0,8388608,100,5,44c5bbe1b3b124fc2ca5faf1b50a402a
b2,validation_reused,b2-k4-andor_dom-shared-4-f79caff75ff2,7651224647821769314,474f2af47544e9c7ce4338cabd43c5ca1c26432b7300ce387406157ea433891f,474f2af47544e9c7ce4338cabd43c5ca1c26432b7300ce387406157ea433891f,,andor_dom,4,15,39,9,2290.0,200.0,5,8,8,5,19,19,19,12960.0,14790.0,9921.0,387,146942.0,143751.96769833565,13520.126231014729,13761.105947196484,28780.079446732998,16239.937394857407,12850.0,23830.0,ok,2071.82,2105.52,1444.81,1489.21,9711.0,155272.0,1.0162658918245793,1.030730684311432,6.721298994331435,474f2af47544e9c7ce4338cabd43c5ca1c26432b7300ce387406157ea433891f,semantic_live_support,True,2,0,78,0,0,8388608,100,5,f79caff75ff29481a248e8ff52e9ed81
b2,validation_reused,b2-k4-impeqv_dom-tree-1-d73fd085a946,5776384275015077152,fac7a6ffd3e55613018acf3b37a17e37f496208ce155acaa10324695365069e4,fac7a6ffd3e55613018acf3b37a17e37f496208ce155acaa10324695365069e4,,impeqv_dom,4,7,7,7,1470.0,160.0,3,9,6,2,3,9,6,6480.0,7100.0,6310.0,183,49780.0,47690.002247691154,0.0,3070.104867219925,13030.017726123333,4849.978722631931,9240.0,5730.0,ok,1043.61,1088.01,1049.41,1084.71,9220.0,71491.0,1.0425446287406215,1.0336379489427392,8.78588921393926,fac7a6ffd3e55613018acf3b37a17e37f496208ce155acaa10324695365069e4,semantic_live_support,True,2,0,14,0,0,8388608,100,5,d73fd085a946a9591b8180e6bf562e1a
b2,validation_reused,b2-k4-impeqv_dom-tree-2-cf78873f00c4,5237676360102411996,f3569af837bfacd4b4b6d0e65c49197d37f1adb3bea6b311aed40bf0e7c19204,f3569af837bfacd4b4b6d0e65c49197d37f1adb3bea6b311aed40bf0e7c19204,,impeqv_dom,4,8,9,8,1830.0,180.0,4,12,8,3,4,12,8,7350.0,8610.0,6760.0,208,56760.0,54560.01963466406,0.0,3710.0398913025856,14489.982277154922,6249.989382922649,10420.0,6851.0,ok,1180.91,1215.71,1185.31,1223.51,9230.0,74471.0,1.0294687994851428,1.0322278560039146,7.786992432359468,f3569af837bfacd4b4b6d0e65c49197d37f1adb3bea6b311aed40bf0e7c19204,semantic_live_support,True,2,0,18,0,0,8388608,100,5,cf78873f00c41b8314c06bdd1ea7b949
b2,validation_reused,b2-k4-impeqv_dom-tree-3-0dc01f652163,8446956793139275148,c06b3cef20609e99f07633eef2aced3698988d513f39c51d4537da1357179f21,c06b3cef20609e99f07633eef2aced3698988d513f39c51d4537da1357179f21,,impeqv_dom,4,9,11,7,1420.0,170.0,3,5,4,2,5,11,8,9600.0,10210.0,7130.0,233,68661.0,66441.01813435555,3100.023604929447,5460.111424326897,15191.035345196724,5170.120857656002,9790.0,8340.0,ok,1184.72,1235.82,1082.91,1130.21,11150.0,108921.0,1.043132554527652,1.0436786067170862,10.29633118172332,c06b3cef20609e99f07633eef2aced3698988d513f39c51d4537da1357179f21,semantic_live_support,True,2,0,22,0,0,8388608,100,5,0dc01f65216357ec5ed0c7856f6b0625
b2,validation_reused,b2-k4-impeqv_dom-tree-4-0bc2267938a0,1583124285615562827,15b73ef77d3f7b4473e5e2ce1c8843189467ce6fd6df11d9065c5eb3c0ff877a,15b73ef77d3f7b4473e5e2ce1c8843189467ce6fd6df11d9065c5eb3c0ff877a,,impeqv_dom,4,7,7,7,1590.0,160.0,3,9,6,2,3,9,6,6690.0,7840.0,6320.0,183,48211.0,46061.002649366856,0.0,2509.9143385887146,12979.842722415924,4880.0138756632805,9211.0,5530.0,ok,1037.81,1096.11,1065.81,1090.91,9370.0,64760.0,1.056175985970457,1.023550163725242,8.791435621733706,15b73ef77d3f7b4473e5e2ce1c8843189467ce6fd6df11d9065c5eb3c0ff877a,semantic_live_support,True,2,0,14,0,0,8388608,100,5,0bc2267938a0eadbe8796e7cc98327a6
b2,validation_reused,b2-k4-impeqv_dom-shared-1-093bd06ebf38,6635082935601043608,6bad351a721281983a6e1f281d7336daf4112fd879642799cf6db6b2c12452a7,6bad351a721281983a6e1f281d7336daf4112fd879642799cf6db6b2c12452a7,,impeqv_dom,4,17,69,17,4690.0,200.0,13,30,21,6,39,73,51,17110.0,20420.0,11210.0,434,141271.0,138081.02812618017,5969.894118607044,10190.880857408047,33519.81285959482,16900.24510025978,23070.0,36230.0,ok,4417.44,4500.05,2399.12,2439.42,11000.0,186322.0,1.0187008765257708,1.0167978258694856,4.585014505318617,6bad351a721281983a6e1f281d7336daf4112fd879642799cf6db6b2c12452a7,semantic_live_support,True,2,0,138,0,0,8388608,100,5,093bd06ebf38e8e2a4952bd6d737d9f3
b2,validation_reused,b2-k4-impeqv_dom-shared-2-85e742aeb5d6,5608226510718411522,29e6cfa2a6ac59fbab9d5c4d6d564f4255760cf51fd7457a3e7fe343d48ef318,29e6cfa2a6ac59fbab9d5c4d6d564f4255760cf51fd7457a3e7fe343d48ef318,,impeqv_dom,4,16,43,15,3870.0,250.0,11,28,19,5,21,55,38,16840.0,18250.0,10610.0,414,131741.0,128321.00037485361,4340.079613029957,12080.068700015545,31610.135920345783,13660.173863172531,19770.0,25341.0,ok,3370.53,3401.33,2167.22,2199.22,10700.0,153871.0,1.0091380287373202,1.0147654598979337,4.937200653371601,29e6cfa2a6ac59fbab9d5c4d6d564f4255760cf51fd7457a3e7fe343d48ef318,semantic_live_support,True,2,0,86,0,0,8388608,100,5,85e742aeb5d6ea4aa8a62ebab266885e
b2,validation_reused,b2-k4-impeqv_dom-shared-3-8552cadc9761,5008161132277512325,5eac72d678bc6b54f36eebba0a3a7394388c0d248b38358a45456a92e9fc5724,5eac72d678bc6b54f36eebba0a3a7394388c0d248b38358a45456a92e9fc5724,,impeqv_dom,4,19,53,19,6970.0,180.0,15,41,28,7,26,72,49,18540.0,23220.0,12820.0,493,165551.0,162030.91945499182,3609.9227145314217,14559.94788557291,39561.06957048178,22769.67279613018,25321.0,33320.0,ok,4006.24,4104.94,2804.02,2870.93,11551.0,181901.0,1.0246365669555493,1.0238621693140562,4.119442799980028,5eac72d678bc6b54f36eebba0a3a7394388c0d248b38358a45456a92e9fc5724,semantic_live_support,True,2,0,106,0,0,8388608,100,5,8552cadc97618657cfda9d66fdc55bd8
b2,validation_reused,b2-k4-impeqv_dom-shared-4-f61110d6fca7,7282138017201606167,af35cf33330c8003d7af1221cd460af6401a1f4936caf864fc5772657e3ca072,af35cf33330c8003d7af1221cd460af6401a1f4936caf864fc5772657e3ca072,,impeqv_dom,4,19,54,9,1900.0,180.0,5,14,9,3,27,80,53,21441.0,22660.0,12280.0,487,121252.0,118162.01731562614,0.0,8839.648216962814,31190.342269837856,13921.060599386692,11920.0,31480.0,ok,4336.74,4380.14,1286.91,1323.31,10040.0,130491.0,1.0100075171672733,1.0282848062413066,7.801633369854923,af35cf33330c8003d7af1221cd460af6401a1f4936caf864fc5772657e3ca072,semantic_live_support,True,2,0,108,0,0,8388608,100,5,f61110d6fca70cd8f1e204fa6bbef169
b2,validation_reused,b2-k4-mixed-tree-1-6a5b06e30521,6759912084491046203,e9af142af8c43e431b89ecd40f29bbd8c1068cad8afec9b8b07d2e0e9768edf6,e9af142af8c43e431b89ecd40f29bbd8c1068cad8afec9b8b07d2e0e9768edf6,,mixed,4,10,12,10,2280.0,210.0,6,7,6,3,6,7,6,11050.0,10190.0,7520.0,251,89951.0,87601.0162755847,5880.0214901566505,8590.868674218655,19839.96480703354,7730.093784630299,13830.0,8140.0,ok,1116.82,1163.41,1499.11,1540.31,10040.0,106231.0,1.0417166598019378,1.0274829732307835,6.697307068860858,e9af142af8c43e431b89ecd40f29bbd8c1068cad8afec9b8b07d2e0e9768edf6,semantic_live_support,True,2,0,24,0,0,8388608,100,5,6a5b06e30521fe3eb7c5520703fa4ceb
b2,validation_reused,b2-k4-mixed-tree-2-39dcef306168,6552045602183466457,d6702270d176bac32f4c82874128788420408e580e7c3a1be862bbfe2fb1a632,d6702270d176bac32f4c82874128788420408e580e7c3a1be862bbfe2fb1a632,,mixed,4,11,13,11,2430.0,220.0,7,13,9,3,7,13,9,10940.0,11030.0,8360.0,271,93220.0,90860.06321012974,3720.051608979702,9629.991836845875,22489.81036245823,7689.697667956352,14550.0,10410.0,ok,1396.61,1450.31,1652.71,1680.22,9810.0,109341.0,1.0384502473847388,1.0166453884831579,5.935705598683374,d6702270d176bac32f4c82874128788420408e580e7c3a1be862bbfe2fb1a632,semantic_live_support,True,2,0,26,0,0,8388608,100,5,39dcef306168c12c385ff031195ea84c
b2,validation_reused,b2-k4-mixed-tree-3-42ca330baf1d,6035043200671025830,e8822f532ae9349b2b5743c494efd216ed4e44f9ebc82a6b1cb54895a5b88433,e8822f532ae9349b2b5743c494efd216ed4e44f9ebc82a6b1cb54895a5b88433,,mixed,4,10,11,10,2040.0,220.0,6,12,8,2,6,12,8,10180.0,10490.0,7160.0,245,81951.0,79620.97879499197,2689.892426133156,6060.81448495388,19340.193830430508,6739.981472492218,12290.0,8200.0,ok,1253.22,1306.51,1436.31,1476.12,9810.0,93921.0,1.0425224621375337,1.0277168577813982,6.830001879817031,e8822f532ae9349b2b5743c494efd216ed4e44f9ebc82a6b1cb54895a5b88433,semantic_live_support,True,2,0,22,0,0,8388608,100,5,42ca330baf1dcce15bd68ebc23f919c1
b2,validation_reused,b2-k4-mixed-tree-4-21975d9e7f15,1177019971751500373,46cc6a8cb5bcc0120f98b84c71699b2ac5b90cb34a781ae2a83305fa98cd8e67,46cc6a8cb5bcc0120f98b84c71699b2ac5b90cb34a781ae2a83305fa98cd8e67,,mixed,4,9,9,9,2000.0,190.0,5,9,6,2,5,9,6,9230.0,8390.0,6640.0,220,63541.0,61341.095715761185,2409.9135771393776,3840.075805783272,16901.176422834396,5079.898983240128,10730.0,7040.0,ok,1071.21,1114.81,1230.61,1270.72,9330.0,78461.0,1.0407016364671726,1.0325935917959388,7.581605870259465,46cc6a8cb5bcc0120f98b84c71699b2ac5b90cb34a781ae2a83305fa98cd8e67,semantic_live_support,True,2,0,18,0,0,8388608,100,5,21975d9e7f1523cda197d6a2afc034fa
b2,validation_reused,b2-k4-mixed-shared-1-1f8d2534cdb0,7168349840661561346,b8811852747cfa3620c3dd2af5d59498c240f208e689b4052bac934c29faf094,b8811852747cfa3620c3dd2af5d59498c240f208e689b4052bac934c29faf094,,mixed,4,17,35,11,3070.0,200.0,7,14,12,4,18,24,20,15630.0,20150.0,10740.0,432,166341.0,162820.9138289094,12410.106137394905,17100.0137925148,36191.195249557495,18129.940144717693,15870.0,25450.0,ok,2195.82,2266.22,1748.02,1798.01,10330.0,178861.0,1.0320609157399057,1.0285980709602864,5.909543369069004,b8811852747cfa3620c3dd2af5d59498c240f208e689b4052bac934c29faf094,semantic_live_support,True,2,0,70,0,0,8388608,100,5,1f8d2534cdb0abf755acdf0eb3981e20
b2,validation_reused,b2-k4-mixed-shared-2-8d20aba853af,5722106435940747964,fcf0a6c700dd13e274b6fba8deea8dd9b26e4eedde3495717cac8408c9c5177f,fcf0a6c700dd13e274b6fba8deea8dd9b26e4eedde3495717cac8408c9c5177f,,mixed,4,17,30,14,3380.0,170.0,10,20,16,6,15,22,18,16481.0,19060.0,11241.0,435,163832.0,160292.0237928629,12100.092135369778,16259.844414889812,35760.109312832355,18120.62691897154,21290.0,20020.0,ok,2049.72,2092.12,2204.82,2226.63,11300.0,188612.0,1.0206857522003006,1.0098919639698478,5.1251349316497485,fcf0a6c700dd13e274b6fba8deea8dd9b26e4eedde3495717cac8408c9c5177f,semantic_live_support,True,2,0,60,0,0,8388608,100,5,8d20aba853af3734903b0b621217f515
b2,validation_reused,b2-k4-mixed-shared-3-8ed832ddfd1a,2921580432505029403,c0ba8a33ac67f44abff5984dfbb6f56c46b880ac2b86e1f23e7fa9c402c53ae7,c0ba8a33ac67f44abff5984dfbb6f56c46b880ac2b86e1f23e7fa9c402c53ae7,,mixed,4,20,54,17,4080.0,160.0,13,29,22,7,27,48,37,19140.0,24010.0,13150.0,510,194372.0,190521.93965762854,12071.104720234871,19610.277377068996,41619.87453699112,24429.988116025925,27400.0,38580.0,ok,3449.73,3521.43,2607.72,2643.22,11310.0,207922.0,1.020784235287979,1.0136134247541915,4.337122083659289,c0ba8a33ac67f44abff5984dfbb6f56c46b880ac2b86e1f23e7fa9c402c53ae7,semantic_live_support,True,2,0,108,0,0,8388608,100,5,8ed832ddfd1a1d2e71bb9b68f38cf7c1
b2,validation_reused,b2-k4-mixed-shared-4-22af367a203f,6827124183896632196,339e8fdd18e00f5d48bda16256b4afabd5106771063c47c993e05676cd5264e9,339e8fdd18e00f5d48bda16256b4afabd5106771063c47c993e05676cd5264e9,,mixed,4,16,37,13,3300.0,160.0,9,24,18,6,18,40,29,15551.0,18160.0,11281.0,412,147052.0,143682.00208991766,8319.85380500555,12570.060789585114,32550.189644098282,18799.910321831703,18351.0,23090.0,ok,2728.33,2747.92,2014.92,2064.32,10380.0,164272.0,1.0071802164694155,1.024517102415977,5.1515692930736705,339e8fdd18e00f5d48bda16256b4afabd5106771063c47c993e05676cd5264e9,semantic_live_support,True,2,0,74,0,0,8388608,100,5,22af367a203f3412d92a700f0b549191
b2,validation_reused,b2-k6-xor_dom-tree-1-bd603bfcb13b,6148636377328669615,134a2372b7a31f4577e0f1881cee72029d82b9b9f47e40e5367a07212656b59a,134a2372b7a31f4577e0f1881cee72029d82b9b9f47e40e5367a07212656b59a,,xor_dom,6,12,13,10,2190.0,190.0,4,8,7,3,6,8,7,11200.0,11800.0,8850.0,297,105611.0,102840.94605594873,6260.001100599766,11639.902368187904,23439.875803887844,9920.098818838596,13190.0,9410.0,ok,1332.91,5747.85,1466.01,6136.86,10360.0,121971.0,4.312256641483671,4.1860969570466775,7.066800362889748,134a2372b7a31f4577e0f1881cee72029d82b9b9f47e40e5367a07212656b59a,semantic_live_support,True,8,48,104,24,24,8388608,100,5,bd603bfcb13bb478d5ff8d74c3a97524
b2,validation_reused,b2-k6-xor_dom-tree-2-186d01415e6e,6510793204261524814,1d32e4a54704fac550a359f8a10b86059decdcb9c5508b41ff340958805d1bc1,1d32e4a54704fac550a359f8a10b86059decdcb9c5508b41ff340958805d1bc1,,xor_dom,6,11,11,7,1620.0,170.0,1,5,5,1,5,5,5,8440.0,10080.0,8220.0,272,100840.0,98229.9679890275,7509.952411055565,12179.836630821228,21989.92297053337,9659.910574555397,9070.0,8380.0,ok,1176.71,4668.75,1031.21,5316.85,9610.0,111681.0,3.967630087277239,5.155933321050028,9.319149348823228,1d32e4a54704fac550a359f8a10b86059decdcb9c5508b41ff340958805d1bc1,semantic_live_support,True,8,48,88,24,8,8388608,100,5,186d01415e6e19ebf25d33d46640fffa
b2,validation_reused,b2-k6-xor_dom-tree-3-db17c2d558b5,2698055410617472564,3771c86aaf3420499795d6e04e7615973a08aa7d0e4e4225479b5e45d6d790e9,3771c86aaf3420499795d6e04e7615973a08aa7d0e4e4225479b5e45d6d790e9,,xor_dom,6,12,12,9,2060.0,150.0,3,7,6,2,6,7,6,10450.0,11030.0,9110.0,292,101461.0,98461.05240285397,6439.979188144207,11211.144737899303,23209.955543279648,8970.149792730808,11300.0,9260.0,ok,1317.11,4985.94,1290.91,5536.15,10150.0,115171.0,3.785515256888187,4.288563881293041,7.862670519246112,3771c86aaf3420499795d6e04e7615973a08aa7d0e4e4225479b5e45d6d790e9,semantic_live_support,True,8,48,96,24,16,8388608,100,5,db17c2d558b5dd43e8ec864eb16dc7be
b2,validation_reused,b2-k6-xor_dom-tree-4-55e169562c2e,2705751552586522721,77ec00a4540ec379e53185390153ae3788621199fb76ecced5ba563d8587d205,77ec00a4540ec379e53185390153ae3788621199fb76ecced5ba563d8587d205,,xor_dom,6,13,14,11,2440.0,150.0,5,10,8,3,7,10,8,12420.0,13440.0,9210.0,317,112101.0,108970.91124206781,7321.01034373045,10919.873602688313,25770.04488557577,10909.978300333023,13270.0,9360.0,ok,1515.12,6417.26,1611.31,6896.17,10370.0,127561.0,4.235479697977718,4.279853038831758,6.435757241002663,77ec00a4540ec379e53185390153ae3788621199fb76ecced5ba563d8587d205,semantic_live_support,True,8,48,112,24,24,8388608,100,5,55e169562c2ed5d0f95d9ee8145e7c02
b2,validation_reused,b2-k6-xor_dom-shared-1-9e510ec73f56,817734030143994411,2aec3bc90a539e122dd54736db4e4400e5b5007095003e6c684efddffc04cfad,2aec3bc90a539e122dd54736db4e4400e5b5007095003e6c684efddffc04cfad,,xor_dom,6,25,50,14,3680.0,190.0,8,18,16,7,25,28,26,19970.0,35160.0,15480.0,628,278613.0,274023.04112911224,23729.633539915085,38180.15102297068,54422.06747829914,36090.961657464504,19810.0,30951.0,ok,3237.54,19228.38,2301.02,12939.62,12070.0,284143.0,5.939194573657778,5.623427871118026,5.24549982181815,2aec3bc90a539e122dd54736db4e4400e5b5007095003e6c684efddffc04cfad,semantic_live_support,True,8,48,400,32,56,8388608,100,5,9e510ec73f56fd2d891893c5bffdec32
b2,validation_reused,b2-k6-xor_dom-shared-2-b6c3c0a8013a,43502830611819436,009e38e0d30da65985e43e9b34e826fd6f0eca25b432424470acf2b2d76135f2,009e38e0d30da65985e43e9b34e826fd6f0eca25b432424470acf2b2d76135f2,,xor_dom,6,20,31,10,2430.0,210.0,4,8,8,3,15,15,15,14740.0,21170.0,13670.0,505,205052.0,201361.95234954357,16700.12716203928,28709.997422993183,41150.72079002857,20390.027202665806,13641.0,19100.0,ok,2154.33,11576.41,1514.41,7436.67,10760.0,199992.0,5.373554655043564,4.91060545030738,7.105077224793813,009e38e0d30da65985e43e9b34e826fd6f0eca25b432424470acf2b2d76135f2,semantic_live_support,True,8,48,248,32,24,8388608,100,5,b6c3c0a8013a4d2b1970ce811663641e
b2,validation_reused,b2-k6-xor_dom-shared-3-032bd0c6858d,6779329885841458816,647e06729ebad981aa02e88ae05b3d081a43127e3d34b56fbde7c6413b78f788,647e06729ebad981aa02e88ae05b3d081a43127e3d34b56fbde7c6413b78f788,,xor_dom,6,21,47,13,3320.0,200.0,7,17,14,4,23,35,29,17641.0,23050.0,13720.0,534,214632.0,210962.02544867992,17099.897377192974,27110.101655125618,43620.12259662151,24900.073185563087,18970.0,28890.0,ok,3276.84,20738.4,2026.91,11366.61,10930.0,221852.0,6.3287801662577365,5.607851359951848,5.392444657138205,647e06729ebad981aa02e88ae05b3d081a43127e3d34b56fbde7c6413b78f788,semantic_live_support,True,8,48,376,32,32,8388608,100,5,032bd0c6858d6b4afd0094a7424cfa11
b2,validation_reused,b2-k6-xor_dom-shared-4-2ef76830fe72,6295189379941435074,edef7ad9513057d8979adaa108d88fbe5f634f3a3dc3c66f9364ef7e8032213f,edef7ad9513057d8979adaa108d88fbe5f634f3a3dc3c66f9364ef7e8032213f,,xor_dom,6,22,80,10,2150.0,200.0,4,8,7,2,42,81,59,19850.0,24240.0,13941.0,553,182221.0,178941.0598576069,15021.185390651226,25329.994969069958,32420.03731429577,14299.992471933365,12870.0,50720.0,ok,6323.46,38722.17,1462.31,6319.36,10840.0,190971.0,6.123573170384567,4.321491339045756,7.412928859133836,edef7ad9513057d8979adaa108d88fbe5f634f3a3dc3c66f9364ef7e8032213f,semantic_live_support,True,8,48,640,40,16,8388608,100,5,2ef76830fe72100cfafd3031156ddbbc
b2,validation_reused,b2-k6-andor_dom-tree-1-0a0c172dd63a,2228120184893709708,f848de93b27124b7b13eaefeb6bfa0087e5ebbdf95e1833f4dd9ff0a83e967ac,f848de93b27124b7b13eaefeb6bfa0087e5ebbdf95e1833f4dd9ff0a83e967ac,,andor_dom,6,11,11,9,1970.0,250.0,3,5,5,3,5,5,5,10490.0,10360.0,8401.0,270,93281.0,90460.991486907,6850.110366940498,7110.065780580044,21150.102838873863,8750.124834477901,11060.0,7610.0,ok,1124.61,4673.25,1270.31,5129.45,9910.0,106211.0,4.155440552724945,4.037951366201951,7.801245365304532,f848de93b27124b7b13eaefeb6bfa0087e5ebbdf95e1833f4dd9ff0a83e967ac,semantic_live_support,True,8,48,88,24,24,8388608,100,5,0a0c172dd63ac6dbb5654a05eaf59115
b2,validation_reused,b2-k6-andor_dom-tree-2-eff74425a5c6,7432897982282964193,cad6be77a54376f1a05420a4bc3d4683a92d6e8e364fbca00e2996debd78f326,cad6be77a54376f1a05420a4bc3d4683a92d6e8e364fbca00e2996debd78f326,,andor_dom,6,14,17,10,2220.0,170.0,4,7,7,4,8,8,8,12651.0,14570.0,9320.0,347,129911.0,126580.94055950642,10810.093954205513,11230.004020035267,27869.94446069002,13329.903595149517,16130.0,11080.0,ok,1404.82,6850.26,1472.81,6644.86,10110.0,140061.0,4.876254609131419,4.5116885409523295,6.8644292203339194,cad6be77a54376f1a05420a4bc3d4683a92d6e8e364fbca00e2996debd78f326,semantic_live_support,True,8,48,136,24,32,8388608,100,5,eff74425a5c62e0a8ee9f7af08b7476d
b2,validation_reused,b2-k6-andor_dom-tree-3-d47d0c96cf7f,5746379891948687308,50914e4773046b53f84ce0f6f4539f4b538cc3fe27541eabae848d1b199cf00b,50914e4773046b53f84ce0f6f4539f4b538cc3fe27541eabae848d1b199cf00b,,andor_dom,6,13,15,11,2240.0,160.0,5,8,7,3,7,9,8,12441.0,12850.0,9050.0,320,103791.0,100721.02304548025,6309.710443019867,6729.853339493275,23360.131308436394,10659.918189048767,13660.0,9251.0,ok,1398.31,6578.17,1551.01,6022.95,10330.0,119221.0,4.704371705844913,3.8832438217677514,6.660176272235511,50914e4773046b53f84ce0f6f4539f4b538cc3fe27541eabae848d1b199cf00b,semantic_live_support,True,8,48,120,24,24,8388608,100,5,d47d0c96cf7fd5a658f4bb76c89f7a9c
b2,validation_reused,b2-k6-andor_dom-tree-4-9dc0cd28326c,2740379789626186465,c9b8b2d93f46839e42d4fa0c013558ab346efeafcd9458aa0784a14e80460c26,c9b8b2d93f46839e42d4fa0c013558ab346efeafcd9458aa0784a14e80460c26,,andor_dom,6,14,17,11,2370.0,180.0,5,8,8,3,8,8,8,13230.0,17470.0,9470.0,347,123351.0,120010.92545688152,9339.884854853153,8720.20609676838,27020.229026675224,13760.174624621868,13840.0,10330.0,ok,1342.82,6723.66,1568.81,7331.67,10471.0,136622.0,5.007119345854247,4.673395758568597,6.6744857567200615,c9b8b2d93f46839e42d4fa0c013558ab346efeafcd9458aa0784a14e80460c26,semantic_live_support,True,8,48,136,24,24,8388608,100,5,9dc0cd28326ce254829e44c3b1a16e33
b2,validation_reused,b2-k6-andor_dom-shared-1-b8d344418390,1483425612532446315,3e990d45c83fa01d9bf0c64b79ed7678df3c723614f0f7eccdc3d196fa3073e9,3e990d45c83fa01d9bf0c64b79ed7678df3c723614f0f7eccdc3d196fa3073e9,,andor_dom,6,24,52,16,3540.0,230.0,10,18,15,6,29,36,29,23610.0,26500.0,14660.0,593,221602.0,217042.04846173525,20129.838958382607,25209.85435694456,44449.931010603905,22720.196284353733,20730.0,35910.0,ok,3529.23,18922.89,2429.12,11401.71,11620.0,224102.0,5.361761630723982,4.693761526808062,4.783625345804242,3e990d45c83fa01d9bf0c64b79ed7678df3c723614f0f7eccdc3d196fa3073e9,semantic_live_support,True,8,48,416,32,48,8388608,100,5,b8d344418390aa1b1341778c11e98f9f
b2,validation_reused,b2-k6-andor_dom-shared-2-64893da6cbd9,1195079420979256423,46386ff0eccd7a7871daa3122b418bbf8e0d0180eca74808a53b2c3ed970f50e,46386ff0eccd7a7871daa3122b418bbf8e0d0180eca74808a53b2c3ed970f50e,,andor_dom,6,24,84,14,3390.0,180.0,8,16,14,6,43,48,44,25621.0,24880.0,14620.0,598,213782.0,209931.9826811552,19780.825823545456,24309.963919222355,40440.23808091879,23729.74995523691,19580.0,51610.0,ok,4563.04,29965.18,2133.92,11114.41,12870.0,225862.0,6.566933447876854,5.208447364474769,6.0311539326685155,46386ff0eccd7a7871daa3122b418bbf8e0d0180eca74808a53b2c3ed970f50e,semantic_live_support,True,8,48,672,48,48,8388608,100,5,64893da6cbd9f2e635bceb73d3fdd198
b2,validation_reused,b2-k6-andor_dom-shared-3-a125454cd529,6597676320240713909,3f710ac088db33363087de2b9a657541fe5447821debaa9fe5cbd538eb1a5f29,3f710ac088db33363087de2b9a657541fe5447821debaa9fe5cbd538eb1a5f29,,andor_dom,6,21,41,12,3050.0,210.0,6,15,13,4,21,25,22,18420.0,22900.0,14301.0,527,193092.0,188881.9970190525,16799.66226220131,21120.882593095303,39050.93763023615,20191.073417663574,21710.0,23390.0,ok,2727.53,15773.45,1858.82,10991.3,11291.0,202402.0,5.783052798685991,5.913052366555126,6.07428368534877,3f710ac088db33363087de2b9a657541fe5447821debaa9fe5cbd538eb1a5f29,semantic_live_support,True,8,48,328,32,32,8388608,100,5,a125454cd529d4c8e17690dfb1168998
b2,validation_reused,b2-k6-andor_dom-shared-4-0dd35386d57d,5025181188167973354,1656c269d0236784b54b17c8ef8406cea69739a8e3a204b3cbb8bfa53449f35b,1656c269d0236784b54b17c8ef8406cea69739a8e3a204b3cbb8bfa53449f35b,,andor_dom,6,20,41,13,3190.0,230.0,7,15,14,5,20,22,21,18570.0,20400.0,13390.0,501,190722.0,186931.92396312952,16109.668649733067,15829.806216061115,39189.704693853855,25021.028704941273,18721.0,23480.0,ok,2461.13,15771.55,2039.31,12121.62,11331.0,196022.0,6.408255557406557,5.943981052414788,5.5562910984597735,1656c269d0236784b54b17c8ef8406cea69739a8e3a204b3cbb8bfa53449f35b,semantic_live_support,True,8,48,328,32,40,8388608,100,5,0dd35386d57dfaaca3377253436c56ef
b2,validation_reused,b2-k6-impeqv_dom-tree-1-c05059f5591f,3448833746776026562,7524471d915b02b29cef6bb1183791a371f6ace366b980da3b4594da2e301b21,7524471d915b02b29cef6bb1183791a371f6ace366b980da3b4594da2e301b21,,impeqv_dom,6,11,11,11,2160.0,210.0,5,13,9,3,5,13,9,11411.0,11130.0,8340.0,272,81130.0,78409.91020202637,1369.975507259369,6560.003384947777,20490.14437943697,8759.903721511364,13681.0,8210.0,ok,1507.21,7021.77,1646.61,7124.67,10780.0,103001.0,4.6587867649498085,4.326871572503507,6.54678399863963,7524471d915b02b29cef6bb1183791a371f6ace366b980da3b4594da2e301b21,semantic_live_support,True,8,48,88,24,24,8388608,100,5,c05059f5591fb03830a6d165ccd50950
b2,validation_reused,b2-k6-impeqv_dom-tree-2-187a6f599749,471439702659932403,1e13d706fb3dda034bfb6bd79f1f24f0a35baa6c661823432c53d2ac2c6be21a,1e13d706fb3dda034bfb6bd79f1f24f0a35baa6c661823432c53d2ac2c6be21a,,impeqv_dom,6,14,15,14,2800.0,180.0,8,20,13,4,8,20,13,14060.0,14510.0,10000.0,337,98571.0,95430.9944063425,1369.975507259369,6030.197255313396,27079.717256128788,10101.241059601307,17450.0,10670.0,ok,1968.02,9064.79,2087.12,9082.58,10780.0,148041.0,4.606045670267579,4.351728697918663,5.165012074054199,1e13d706fb3dda034bfb6bd79f1f24f0a35baa6c661823432c53d2ac2c6be21a,semantic_live_support,True,8,48,120,32,32,8388608,100,5,187a6f599749426908bf6ffdf8a53d6d
b2,validation_reused,b2-k6-impeqv_dom-tree-3-9df370a422d4,606070464318698982,28a94295a090f24e443f2d252b023381603f14ffb2377f65b6be6020665e3e9a,28a94295a090f24e443f2d252b023381603f14ffb2377f65b6be6020665e3e9a,,impeqv_dom,6,15,18,15,3170.0,170.0,9,22,15,3,9,22,15,15171.0,16470.0,17151.0,369,115691.0,112291.076220572,2910.0337997078896,8459.785021841526,29911.05429828167,13619.894161820412,19220.0,11960.0,ok,2141.52,10560.71,2326.72,10567.51,11170.0,135511.0,4.9314085322574615,4.541805631962592,4.800749553018842,28a94295a090f24e443f2d252b023381603f14ffb2377f65b6be6020665e3e9a,semantic_live_support,True,8,48,144,24,24,8388608,100,5,9df370a422d43bf095998857fb41128c
b2,validation_reused,b2-k6-impeqv_dom-tree-4-07d0d6da2af7,4974364884613824353,8f70d951764efc3a27090723594ff891fe9fb6f0f120509230ab0b05e930f6b6,8f70d951764efc3a27090723594ff891fe9fb6f0f120509230ab0b05e930f6b6,,impeqv_dom,6,14,17,14,3080.0,170.0,8,20,14,5,8,20,14,14090.0,14460.0,10210.0,350,111711.0,108671.02537304163,2969.987690448761,10129.879228770733,26970.403268933296,13559.823855757713,17050.0,10910.0,ok,1930.41,10134.4,2145.02,10153.0,11010.0,134692.0,5.249869198771245,4.733289200100699,5.13281927441236,8f70d951764efc3a27090723594ff891fe9fb6f0f120509230ab0b05e930f6b6,semantic_live_support,True,8,48,136,40,40,8388608,100,5,07d0d6da2af72423732742dae2858d4a
b2,validation_reused,b2-k6-impeqv_dom-shared-1-f68095cd3ba2,2563147662185002592,456fa9ee42dce63c64416e513d4e929a4ee3caabd2db6c1d980b63123ef8151d,456fa9ee42dce63c64416e513d4e929a4ee3caabd2db6c1d980b63123ef8151d,,impeqv_dom,6,24,42,24,5630.0,210.0,18,49,33,7,21,56,38,23521.0,30301.0,14630.0,604,190462.0,186201.99989527464,2789.893187582493,14179.851859807968,48419.926315546036,27900.096029043198,30120.0,28380.0,ok,4168.94,25366.24,3864.14,21820.31,13041.0,215122.0,6.084577854322682,5.6468735604817635,3.3748777218216732,456fa9ee42dce63c64416e513d4e929a4ee3caabd2db6c1d980b63123ef8151d,semantic_live_support,True,8,48,336,24,56,8388608,100,5,f68095cd3ba2889cdc1c29844e0c9c77
b2,validation_reused,b2-k6-impeqv_dom-shared-2-22089ede1135,6245498698643612095,da5dc6f3940660a47e580ca74507b1073a28fc8818f12f7901782e7f17c39b91,da5dc6f3940660a47e580ca74507b1073a28fc8818f12f7901782e7f17c39b91,,impeqv_dom,6,21,41,20,4930.0,210.0,14,39,26,6,20,56,38,21030.0,23731.0,13800.0,532,166982.0,163271.90678566694,2629.9385353922844,13599.637895822525,41040.70831090212,22830.907255411148,24310.0,23150.0,ok,4073.44,25431.35,3164.73,17106.47,12401.0,195332.0,6.243212125378059,5.405348955519113,3.918501736325058,da5dc6f3940660a47e580ca74507b1073a28fc8818f12f7901782e7f17c39b91,semantic_live_support,True,8,48,328,40,48,8388608,100,5,22089ede1135fa54afe9f25462602668
b2,validation_reused,b2-k6-impeqv_dom-shared-3-32d1a4c2066e,8360467827713798882,ea0d9f4b80c89400af7c42e36ca3620d6893ac17c46c1fe18b9f59bbc42433b8,ea0d9f4b80c89400af7c42e36ca3620d6893ac17c46c1fe18b9f59bbc42433b8,,impeqv_dom,6,24,49,22,5030.0,210.0,16,38,26,5,27,65,43,23691.0,27840.0,14860.0,599,198232.0,194332.0967257023,4530.069418251514,18440.186977386475,49180.00195175409,26700.20330697298,27160.0,28561.0,ok,4937.14,27353.46,3523.93,17567.27,13080.0,221022.0,5.540345220107187,4.985135913596468,3.711764989656435,ea0d9f4b80c89400af7c42e36ca3620d6893ac17c46c1fe18b9f59bbc42433b8,semantic_live_support,True,8,48,392,32,40,8388608,100,5,32d1a4c2066ea302483a5e9001e64892
b2,validation_reused,b2-k6-impeqv_dom-shared-4-3e4e99468c60,2396735422642767746,f6b41ca15f86f66da7370a58a52c273cdddd507c80b432acf9de9d69ab5f6e54,f6b41ca15f86f66da7370a58a52c273cdddd507c80b432acf9de9d69ab5f6e54,,impeqv_dom,6,23,43,23,5600.0,210.0,17,45,30,6,23,61,40,21731.0,26900.0,14360.0,573,181382.0,177451.99147611856,2580.927684903145,14519.901014864445,45520.25347948074,26439.898647367954,28430.0,25490.0,ok,4454.05,25940.85,3688.63,19921.89,12670.0,210012.0,5.824103905434379,5.400891387859449,3.4348796165514024,f6b41ca15f86f66da7370a58a52c273cdddd507c80b432acf9de9d69ab5f6e54,semantic_live_support,True,8,48,344,32,48,8388608,100,5,3e4e99468c604c0792fd1951a4829f9a
b2,validation_reused,b2-k6-mixed-tree-1-9ecccc175ad2,8528765092273830041,cc748c8dd498ebf4ba264da58e9b3b3c3cd35ba8a8d734c934c91675c283fc04,cc748c8dd498ebf4ba264da58e9b3b3c3cd35ba8a8d734c934c91675c283fc04,,mixed,6,13,15,13,2630.0,180.0,7,15,11,4,7,15,11,14100.0,13380.0,10240.0,322,114631.0,111551.02401971817,4199.915565550327,10080.053471028805,26140.944100916386,13030.13414144516,16680.0,10370.0,ok,1715.82,8489.68,1931.92,8329.98,10550.0,126381.0,4.947884976279563,4.311762391817466,5.460888649633525,cc748c8dd498ebf4ba264da58e9b3b3c3cd35ba8a8d734c934c91675c283fc04,semantic_live_support,True,8,48,120,32,32,8388608,100,5,9ecccc175ad277dbcf0c90e75e26c502
b2,validation_reused,b2-k6-mixed-tree-2-40b1238ea748,6841518108757936030,50b964a05d1cc7f170c8e535883101b324eeedb8ca72b9b15fb11465c0efdc4c,50b964a05d1cc7f170c8e535883101b324eeedb8ca72b9b15fb11465c0efdc4c,,mixed,6,14,16,14,3010.0,200.0,8,15,11,4,8,15,11,14490.0,14240.0,10280.0,344,112841.0,109700.95172524452,5129.9575716257095,8811.126463115215,27710.222639143467,11489.843018352985,17730.0,10260.0,ok,1747.42,8123.57,2090.22,8140.48,11120.0,134761.0,4.6488937977132,3.8945565538555753,5.320014161188775,50b964a05d1cc7f170c8e535883101b324eeedb8ca72b9b15fb11465c0efdc4c,semantic_live_support,True,8,48,128,32,32,8388608,100,5,40b1238ea7485d631141d917570e7cc6
b2,validation_reused,b2-k6-mixed-tree-3-aeb0c639e3f5,5278453736713610921,70502cbecab45d272c4e30db55dde2af39dabf59ea4cb5b06c13d6335e5470af,70502cbecab45d272c4e30db55dde2af39dabf59ea4cb5b06c13d6335e5470af,,mixed,6,12,13,11,2570.0,180.0,5,10,8,3,6,10,8,12260.0,12060.0,8970.0,298,103441.0,100911.01285070181,5130.0739869475365,9700.07386058569,23650.12187510729,10660.034604370594,14070.0,9700.0,ok,1389.51,6434.46,1601.91,6713.67,10280.0,120361.0,4.630740332923117,4.19104069517014,6.417339301209181,70502cbecab45d272c4e30db55dde2af39dabf59ea4cb5b06c13d6335e5470af,semantic_live_support,True,8,48,104,24,24,8388608,100,5,aeb0c639e3f54cd776046db8f6214870
b2,validation_reused,b2-k6-mixed-tree-4-987f3c678ab0,3111900735067260042,4506d091ec25797f922490bd81243c8f7290dc8a6844c6537f3e46dd4720faf9,4506d091ec25797f922490bd81243c8f7290dc8a6844c6537f3e46dd4720faf9,,mixed,6,15,18,14,2980.0,180.0,8,16,12,4,9,16,12,14801.0,16390.0,9780.0,367,128481.0,125201.06974989176,6290.152668952942,12749.922461807728,29619.66674774885,13119.657523930073,17350.0,11731.0,ok,1813.42,8806.89,2041.52,9129.99,10970.0,153731.0,4.8565086962755455,4.472153101610565,5.373447235393236,4506d091ec25797f922490bd81243c8f7290dc8a6844c6537f3e46dd4720faf9,semantic_live_support,True,8,48,144,24,32,8388608,100,5,987f3c678ab01dcbbc390a676451e56d
b2,validation_reused,b2-k6-mixed-shared-1-bf5809ef3c65,3947449479653283534,d80e470e33e534894d3e5df0e299031a7e9f0ac845d9035403c74342fad902d2,d80e470e33e534894d3e5df0e299031a7e9f0ac845d9035403c74342fad902d2,,mixed,6,20,99,16,4020.0,190.0,10,20,17,6,49,59,54,19921.0,22790.0,13390.0,503,196652.0,193392.0430019498,15409.896150231361,15469.850040972233,41841.76214039326,25640.125386416912,21470.0,65671.0,ok,5257.05,37957.86,2495.02,13051.72,12060.0,207702.0,7.220372642451565,5.231108367868795,4.83362858814759,d80e470e33e534894d3e5df0e299031a7e9f0ac845d9035403c74342fad902d2,semantic_live_support,True,8,48,792,48,48,8388608,100,5,bf5809ef3c65a57e44e51e7bb7da73ed
b2,validation_reused,b2-k6-mixed-shared-2-33593cbc9843,3662816970818520256,991201b381b64d183be8d60df0a5b23afa16a6c4f1747ae0fafc957a288b8155,991201b381b64d183be8d60df0a5b23afa16a6c4f1747ae0fafc957a288b8155,,mixed,6,25,48,20,4980.0,210.0,14,30,23,6,25,42,32,23300.0,31170.0,15590.0,624,235842.0,231761.95099949837,15189.871191978455,23280.037567019463,50881.17904961109,29109.884053468704,27970.0,28210.0,ok,3721.04,21913.01,3095.63,16987.36,12430.0,258932.0,5.88894771354245,5.487529194380465,4.015337750312537,991201b381b64d183be8d60df0a5b23afa16a6c4f1747ae0fafc957a288b8155,semantic_live_support,True,8,48,384,32,48,8388608,100,5,33593cbc98430d981a4d52e075da2368
b2,validation_reused,b2-k6-mixed-shared-3-a377b00385d6,4325378358314373839,5683fd468752a8eebd3fecdf82e47864ac13a8699d5fe2495930fb25fa755b75,5683fd468752a8eebd3fecdf82e47864ac13a8699d5fe2495930fb25fa755b75,,mixed,6,25,73,21,5650.0,210.0,15,33,26,8,36,68,52,24000.0,28590.0,15800.0,636,242782.0,238012.05679774284,14800.112694501877,19110.040739178658,52930.55437505245,35799.69052225351,27900.0,45510.0,ok,5345.75,36333.65,3444.64,19463.38,13190.0,260233.0,6.796735724641071,5.650337916298946,3.8291374425193925,5683fd468752a8eebd3fecdf82e47864ac13a8699d5fe2495930fb25fa755b75,semantic_live_support,True,8,48,584,40,64,8388608,100,5,a377b00385d6fc357716d386b7f5b90f
b2,validation_reused,b2-k6-mixed-shared-4-d71d1df79e0f,643801753669841859,649807f9b389602dad3c9be515538cf94aea9d5cc3dfb85d443ffc48f9d24360,649807f9b389602dad3c9be515538cf94aea9d5cc3dfb85d443ffc48f9d24360,,mixed,6,26,62,17,3931.0,220.0,11,22,17,5,34,57,42,24161.0,29760.0,15920.0,643,233202.0,228541.90319776535,15810.015611350536,21050.218492746353,50781.06187283993,26239.89712446928,22500.0,35540.0,ok,4726.04,28022.07,2602.93,12523.82,12730.0,250382.0,5.929291753772715,4.811431732701226,4.890642468295344,649807f9b389602dad3c9be515538cf94aea9d5cc3dfb85d443ffc48f9d24360,semantic_live_support,True,8,48,496,32,40,8388608,100,5,d71d1df79e0f9ab661f2b60b133e10b7
b2,validation_reused,b2-k8-xor_dom-tree-1-e3305253a197,8722644039266008436,46af8650e56cb3d8316990197ae711b02c6005066cac2953e04fc0ca70015a55,46af8650e56cb3d8316990197ae711b02c6005066cac2953e04fc0ca70015a55,,xor_dom,8,19,21,16,3460.0,200.0,8,13,11,3,11,13,11,18011.0,18920.0,11770.0,455,171582.0,167731.07927292585,12310.221791267395,19630.067981779575,37981.31365329027,18530.05960583687,19470.0,16310.0,ok,2005.72,8216.68,2295.32,7452.37,11940.0,186111.0,4.096623656342859,3.2467673352735127,5.201889061220221,46af8650e56cb3d8316990197ae711b02c6005066cac2953e04fc0ca70015a55,semantic_live_support,True,32,256,672,96,96,8388608,100,5,e3305253a197e6682a020c093232fbcd
b2,validation_reused,b2-k8-xor_dom-tree-2-13ed19191907,5330423069332583842,e1816aca7b95dbe067940f525f729f06e1e3535d98b933099d96513ab738a3bc,e1816aca7b95dbe067940f525f729f06e1e3535d98b933099d96513ab738a3bc,,xor_dom,8,20,24,16,3670.0,210.0,8,17,14,4,12,17,14,18910.0,22170.0,12860.0,488,184982.0,181002.07671523094,11739.786714315414,21491.083316504955,41160.03401577473,19939.965568482876,20820.0,15470.0,ok,2171.72,9531.89,2277.72,8402.08,11910.0,195462.0,4.389097121175842,3.6888116186361803,5.228913123649966,e1816aca7b95dbe067940f525f729f06e1e3535d98b933099d96513ab738a3bc,semantic_live_support,True,32,256,768,128,128,8388608,100,5,13ed19191907ecffbdf1f46e78a39988
b2,validation_reused,b2-k8-xor_dom-tree-3-6411e7a81de6,5820208530979990493,e3b16859071e39ef7e23d1c58adf4b4d9f7bd4834a5d7fb37c7e5bd4ffc3bf12,e3b16859071e39ef7e23d1c58adf4b4d9f7bd4834a5d7fb37c7e5bd4ffc3bf12,,xor_dom,8,20,23,16,3330.0,190.0,8,18,14,3,12,18,14,17530.0,20010.0,13040.0,483,173792.0,169952.05078274012,10719.988495111465,19410.159438848495,39450.82426071167,18419.81429606676,18170.0,14270.0,ok,2246.03,9046.08,2261.02,8199.08,11250.0,193682.0,4.027586452540705,3.6262748670953817,4.975630467665036,e3b16859071e39ef7e23d1c58adf4b4d9f7bd4834a5d7fb37c7e5bd4ffc3bf12,semantic_live_support,True,32,256,736,128,96,8388608,100,5,6411e7a81de64d918d91ddbbc4eb04ba
b2,validation_reused,b2-k8-xor_dom-tree-4-c77ef7ea382c,8935539817186761035,64256c18b54a69684f950bf04e330c2a5d4ff3ee20ae16427bd89a85344dbdf6,64256c18b54a69684f950bf04e330c2a5d4ff3ee20ae16427bd89a85344dbdf6,,xor_dom,8,18,20,16,3180.0,190.0,8,13,11,3,10,13,11,17860.0,17090.0,11650.0,435,159202.0,155712.01220154762,10169.926099479198,15990.110114216805,35100.61651468277,20659.87791866064,18591.0,13060.0,ok,1857.62,7979.08,2198.72,7562.97,11401.0,172191.0,4.295324124417266,3.4397149250473005,5.185289623053413,64256c18b54a69684f950bf04e330c2a5d4ff3ee20ae16427bd89a85344dbdf6,semantic_live_support,True,32,256,640,96,96,8388608,100,5,c77ef7ea382c8d9f058c35d09d8210ed
b2,validation_reused,b2-k8-xor_dom-shared-1-39a6b403d2d3,7585107600607857645,969e55e56254cb0c53aae5eaf2bf2ae32c59ac1ba8cda5ed517b46ff3a91b000,969e55e56254cb0c53aae5eaf2bf2ae32c59ac1ba8cda5ed517b46ff3a91b000,,xor_dom,8,27,54,18,4130.0,240.0,10,20,17,5,27,32,29,24980.0,35551.0,16461.0,670,262682.0,258071.93014770746,21640.094928443432,34510.74007898569,52391.20218902826,30700.000934302807,21660.0,32530.0,ok,3495.13,19692.98,2585.82,10206.4,11510.0,273803.0,5.634405587202765,3.947065147612749,4.451199232738551,969e55e56254cb0c53aae5eaf2bf2ae32c59ac1ba8cda5ed517b46ff3a91b000,semantic_live_support,True,32,256,1728,128,160,8388608,100,5,39a6b403d2d3d5be2ee0d84f8e0d87b7
b2,validation_reused,b2-k8-xor_dom-shared-2-13d2013b2012,788561067974380762,c685e7aa0cf19a6f715b097a9d3252953f12dde3bf98a0f43deef53ac6245c78,c685e7aa0cf19a6f715b097a9d3252953f12dde3bf98a0f43deef53ac6245c78,,xor_dom,8,23,37,10,2150.0,190.0,2,10,9,2,18,24,21,14080.0,22630.0,13800.0,572,242222.0,238431.9668635726,19570.114091038704,34110.15495657921,47880.8069601655,27019.99619603157,11180.0,20010.0,ok,2711.22,14012.24,1399.31,5301.35,10651.0,233133.0,5.168241603411011,3.7885457832789022,7.611608578513696,c685e7aa0cf19a6f715b097a9d3252953f12dde3bf98a0f43deef53ac6245c78,semantic_live_support,True,32,256,1184,128,64,8388608,100,5,13d2013b2012467757657a68f5afedbd
b2,validation_reused,b2-k8-xor_dom-shared-3-c2eeb3424108,8543544085464432446,6eb7bcba5a6aa5f243c21c44059f0b469b9f09ed9a02eb46abb5d3b379a21f83,6eb7bcba5a6aa5f243c21c44059f0b469b9f09ed9a02eb46abb5d3b379a21f83,,xor_dom,8,27,61,14,3510.0,180.0,6,17,16,6,31,35,32,22170.0,30090.0,15950.0,673,295553.0,290772.99404889345,24609.966203570366,44140.61550050974,62941.224314272404,33749.96595084667,19281.0,37321.0,ok,3778.84,21725.51,2112.12,8963.89,11250.0,289283.0,5.74925373924273,4.2440249607029905,5.326401908982445,6eb7bcba5a6aa5f243c21c44059f0b469b9f09ed9a02eb46abb5d3b379a21f83,semantic_live_support,True,32,256,1952,128,192,8388608,100,5,c2eeb34241088cd5bbb74df3b6d20411
b2,validation_reused,b2-k8-xor_dom-shared-4-b7ecc9bde8c8,7476554530599473469,288e53bef7c9f70b78ec03366f445225a7937c0d6c72724b6d60e44db6fd53a4,288e53bef7c9f70b78ec03366f445225a7937c0d6c72724b6d60e44db6fd53a4,,xor_dom,8,32,80,23,5570.0,220.0,15,24,21,5,43,50,43,28120.0,35051.0,17971.0,789,318763.0,313522.9926556349,25099.72546249628,38950.35479217768,65351.25430673361,41810.56283414364,28040.0,48661.0,ok,5100.75,28919.28,3392.13,13315.93,12560.0,328323.0,5.669613292162917,3.925536462340771,3.7026882814043094,288e53bef7c9f70b78ec03366f445225a7937c0d6c72724b6d60e44db6fd53a4,semantic_live_support,True,32,256,2560,128,160,8388608,100,5,b7ecc9bde8c819e66e5f06353e700999
b2,validation_reused,b2-k8-andor_dom-tree-1-0a99939bca63,8855662682345806780,8fd28e1480f36482da1a002c844de2475a8c1509bb3c5f17bc852f253674c754,8fd28e1480f36482da1a002c844de2475a8c1509bb3c5f17bc852f253674c754,,andor_dom,8,17,18,14,2680.0,270.0,6,12,10,3,9,12,10,20280.0,15160.0,11031.0,405,132091.0,128641.02609455585,8760.020136833191,8050.0030890107155,31980.802305042744,14200.108125805855,16590.0,11930.0,ok,1710.81,7331.87,1855.21,6575.96,11090.0,148161.0,4.285613247526026,3.5445906393346305,5.977759930142679,8fd28e1480f36482da1a002c844de2475a8c1509bb3c5f17bc852f253674c754,semantic_live_support,True,32,256,576,96,96,8388608,100,5,0a99939bca6384a8377803d74a648c72
b2,validation_reused,b2-k8-andor_dom-tree-2-cbc8a38367ce,93080013742338133,3d79bfe61802b728b5e2d9a5a13fc4c2e855c7614300109f66b4512e32c1ca43,3d79bfe61802b728b5e2d9a5a13fc4c2e855c7614300109f66b4512e32c1ca43,,andor_dom,8,16,16,15,3190.0,190.0,7,9,8,3,8,9,8,16640.0,15040.0,10840.0,379,127841.0,124371.02850526571,6980.1462814211845,9399.955160915852,31229.923479259014,13930.024579167366,16940.0,10740.0,ok,1500.02,6355.86,1854.02,6143.16,10881.0,141172.0,4.237183504219944,3.3134270396220105,5.868868728492681,3d79bfe61802b728b5e2d9a5a13fc4c2e855c7614300109f66b4512e32c1ca43,semantic_live_support,True,32,256,512,96,96,8388608,100,5,cbc8a38367cef6057649fd0b31ab5dc2
b2,validation_reused,b2-k8-andor_dom-tree-3-329734acd78e,2381437988148073298,de720284cb8b83b7752b2428ee149a8a958c8b0df09a2818c89b1d2e9cec3291,de720284cb8b83b7752b2428ee149a8a958c8b0df09a2818c89b1d2e9cec3291,,andor_dom,8,17,18,14,2740.0,170.0,6,10,9,3,9,10,9,15030.0,16120.0,10620.0,404,136161.0,132631.04483485222,9699.957445263863,8800.067007541656,34640.31033217907,14989.86966907978,16170.0,11520.0,ok,1602.32,7015.67,1789.61,6296.36,10100.0,147411.0,4.3784450047431225,3.5182861070289055,5.643687730846386,de720284cb8b83b7752b2428ee149a8a958c8b0df09a2818c89b1d2e9cec3291,semantic_live_support,True,32,256,576,160,96,8388608,100,5,329734acd78e4b86f10763d7b9610e6b
b2,validation_reused,b2-k8-andor_dom-tree-4-fa17785afafe,6594633550136713120,e81aaaaf5c7365dfb830e4ef552588ef192a92c961dc5d3b2d0774e6f5f42835,e81aaaaf5c7365dfb830e4ef552588ef192a92c961dc5d3b2d0774e6f5f42835,,andor_dom,8,18,19,17,3110.0,190.0,9,12,10,4,10,12,10,18020.0,15970.0,11290.0,426,140311.0,136750.98307430744,9320.094250142574,10770.978406071663,33929.71120774746,15909.78354215622,18450.0,11801.0,ok,1749.12,7460.88,2174.32,7254.37,11780.0,207852.0,4.265504939626784,3.3363856286103237,5.417785790500018,e81aaaaf5c7365dfb830e4ef552588ef192a92c961dc5d3b2d0774e6f5f42835,semantic_live_support,True,32,256,608,128,128,8388608,100,5,fa17785afafe122fe491d0ba167d1994
b2,validation_reused,b2-k8-andor_dom-shared-1-69a470723d85,6301960526502956799,d09260b32b9036615aa0a298b0be0cb238f5a32466a24e74b66ac6cfc665270a,d09260b32b9036615aa0a298b0be0cb238f5a32466a24e74b66ac6cfc665270a,,andor_dom,8,24,48,16,3860.0,230.0,8,18,16,7,24,37,30,19471.0,25160.0,14750.0,589,217532.0,213191.96093827486,18220.162019133568,17939.717508852482,48840.88411927223,26850.96114873886,19780.0,25700.0,ok,3522.13,18196.98,2325.22,9306.49,11991.0,225033.0,5.166470289285177,4.002412674929684,5.156931387137561,d09260b32b9036615aa0a298b0be0cb238f5a32466a24e74b66ac6cfc665270a,semantic_live_support,True,32,256,1536,128,224,8388608,100,5,69a470723d851d46bf09a6e0ecf86c5c
b2,validation_reused,b2-k8-andor_dom-shared-2-775ee4cbbb58,5249758345667889293,64736495552f7d588011b5d4dee6824053c01ef39c79204d75808e0ed5578a72,64736495552f7d588011b5d4dee6824053c01ef39c79204d75808e0ed5578a72,,andor_dom,8,26,47,18,3800.0,190.0,10,18,16,6,24,28,25,27920.0,28221.0,15170.0,641,224582.0,220401.9110649824,17679.99492585659,23780.041374266148,45360.76448857784,26080.990210175514,22410.0,30910.0,ok,2997.73,17573.17,2521.12,10066.1,11820.0,235632.0,5.862159033668809,3.9927095893888436,4.688392460493749,64736495552f7d588011b5d4dee6824053c01ef39c79204d75808e0ed5578a72,semantic_live_support,True,32,256,1504,128,192,8388608,100,5,775ee4cbbb581588c3316bc37a8f4327
b2,validation_reused,b2-k8-andor_dom-shared-3-5e5303eaddfb,8058430730899446706,84d9f58be131996c613a24c6bad7f9cfc8fc2dced6da06cbeae5828f30c5ba7a,84d9f58be131996c613a24c6bad7f9cfc8fc2dced6da06cbeae5828f30c5ba7a,,andor_dom,8,28,49,22,5120.0,190.0,14,23,20,6,26,30,26,25340.0,28971.0,15570.0,678,253742.0,249022.0358595252,20881.067030131817,21780.37539124489,55991.11318588257,31490.460969507694,26801.0,30920.0,ok,3266.94,17915.37,3163.73,12669.52,12450.0,271742.0,5.483838087017208,4.004614805941088,3.935228353873434,84d9f58be131996c613a24c6bad7f9cfc8fc2dced6da06cbeae5828f30c5ba7a,semantic_live_support,True,32,256,1568,160,192,8388608,100,5,5e5303eaddfb01f4cf5d65e7af708933
b2,validation_reused,b2-k8-andor_dom-shared-4-0f2c3ce95a60,1117034386922797230,25e947aaa44b7574bce0d0ac4d91d63489a7837f6af73764eab3cc83eff2b01f,25e947aaa44b7574bce0d0ac4d91d63489a7837f6af73764eab3cc83eff2b01f,,andor_dom,8,30,55,21,4910.0,180.0,13,23,21,7,28,30,28,33030.0,29790.0,17551.0,737,295093.0,289933.0575019121,24740.933440625668,31010.014936327934,62950.07187873125,40151.06242150068,26050.0,30711.0,ok,3279.64,19865.89,2988.43,12854.23,12780.0,296393.0,6.057338610335281,4.301332137610719,4.276493008034319,25e947aaa44b7574bce0d0ac4d91d63489a7837f6af73764eab3cc83eff2b01f,semantic_live_support,True,32,256,1760,128,224,8388608,100,5,0f2c3ce95a60f2589016de0cc982f8ab
b2,validation_reused,b2-k8-impeqv_dom-tree-1-3976cb8a8eb7,5375572303809198307,9531d19a39d1a78eec73434e717a83cf79fa45f90d2765dc523db518b3697bef,9531d19a39d1a78eec73434e717a83cf79fa45f90d2765dc523db518b3697bef,,impeqv_dom,8,17,17,17,3330.0,220.0,9,21,14,3,9,21,14,16430.0,15250.0,10840.0,403,115831.0,112661.044113338,3150.082193315029,8089.817129075527,31111.063435673714,11709.98439192772,18711.0,10380.0,ok,2217.42,7381.17,2457.22,7528.17,11841.0,142642.0,3.3287198636252944,3.06369393053939,4.818860338105664,9531d19a39d1a78eec73434e717a83cf79fa45f90d2765dc523db518b3697bef,semantic_live_support,True,32,256,544,96,96,8388608,100,5,3976cb8a8eb7f363765825f8f085acc9
b2,validation_reused,b2-k8-impeqv_dom-tree-2-575c0b583dee,5802707388340509815,f88dc445236ad27d04c5a74e2871821110c0dc36e8dae49131312ad077f3261a,f88dc445236ad27d04c5a74e2871821110c0dc36e8dae49131312ad077f3261a,,impeqv_dom,8,21,25,21,4460.0,230.0,13,31,21,4,13,31,21,20450.0,22150.0,12840.0,507,160641.0,156920.98531872034,4520.174115896225,9270.035661756992,40469.80757266283,19390.834495425224,24331.0,16070.0,ok,2985.83,10480.9,3245.13,10512.0,12760.0,183331.0,3.5102132405394815,3.2393155281914745,3.932045865650991,f88dc445236ad27d04c5a74e2871821110c0dc36e8dae49131312ad077f3261a,semantic_live_support,True,32,256,800,128,128,8388608,100,5,575c0b583dee690032fc991b41af0c90
b2,validation_reused,b2-k8-impeqv_dom-tree-3-d5e4f370e98e,7141073354313406849,e673bd4ecbb357747580f30354acd0a1fe7a42af6dcd35f60e2af6c926e4ee1a,e673bd4ecbb357747580f30354acd0a1fe7a42af6dcd35f60e2af6c926e4ee1a,,impeqv_dom,8,21,25,21,4480.0,220.0,13,31,21,4,13,31,21,20330.0,23831.0,13520.0,508,161492.0,157681.992277503,4459.754563868046,13940.967619419098,41630.35191595554,19430.0664588809,24160.0,15010.0,ok,2859.73,10751.9,3134.33,10826.3,12420.0,191332.0,3.759760536833897,3.4541034288029655,3.962569352939863,e673bd4ecbb357747580f30354acd0a1fe7a42af6dcd35f60e2af6c926e4ee1a,semantic_live_support,True,32,256,800,128,128,8388608,100,5,d5e4f370e98ec048d9d1c67d80fb2b49
b2,validation_reused,b2-k8-impeqv_dom-tree-4-e0ca29a93790,7942060999345390599,f1b43719eaea9c28c2bcc7797b027fa9e77c4aaea97a7806365d47a0924e2909,f1b43719eaea9c28c2bcc7797b027fa9e77c4aaea97a7806365d47a0924e2909,,impeqv_dom,8,17,19,16,3310.0,200.0,8,23,16,4,9,23,16,16290.0,17360.0,11080.0,416,127742.0,124551.93791538477,3489.898517727852,9569.921530783176,32710.027880966663,15630.037523806095,19080.0,13170.0,ok,2296.62,8361.28,2384.02,8117.28,11680.0,149361.0,3.640689360886869,3.404870764507009,4.89928775765304,f1b43719eaea9c28c2bcc7797b027fa9e77c4aaea97a7806365d47a0924e2909,semantic_live_support,True,32,256,608,128,128,8388608,100,5,e0ca29a937907c0f9057dc67633432ee
b2,validation_reused,b2-k8-impeqv_dom-shared-1-773a9da63c46,6194497246727135287,3b65ebd0507c96a532e9ddb9576f815bc022606a088fa00e45975372ceca63d2,3b65ebd0507c96a532e9ddb9576f815bc022606a088fa00e45975372ceca63d2,,impeqv_dom,8,27,46,27,6190.0,230.0,19,50,34,7,23,60,41,26301.0,33431.0,16460.0,668,216812.0,211681.9377988577,4210.043698549271,13330.020010471344,54881.093092262745,33820.862881839275,33480.0,28880.0,ok,4946.95,19227.79,4537.24,16032.25,14670.0,252082.0,3.886796915271026,3.5334807063324845,3.233243116960972,3b65ebd0507c96a532e9ddb9576f815bc022606a088fa00e45975372ceca63d2,semantic_live_support,True,32,256,1472,128,224,8388608,100,5,773a9da63c46b8e86f39557860fbd1f1
b2,validation_reused,b2-k8-impeqv_dom-shared-2-dc9d85a45968,8984142082404742433,a20f0fa32a3ae96daafe19c0fdfc34275718c1a7704b8f97b39c81440d0d66a1,a20f0fa32a3ae96daafe19c0fdfc34275718c1a7704b8f97b39c81440d0d66a1,,impeqv_dom,8,25,41,23,5490.0,220.0,15,45,30,6,20,60,40,23210.0,31690.0,16230.0,627,180632.0,176602.0432114601,0.0,14330.260455608368,47210.0218757987,25129.644200205803,29170.0,25640.0,ok,4724.55,18002.57,3719.74,13711.93,13200.0,215542.0,3.8104306230222984,3.6862603300230665,3.548635119658901,a20f0fa32a3ae96daafe19c0fdfc34275718c1a7704b8f97b39c81440d0d66a1,semantic_live_support,True,32,256,1312,128,192,8388608,100,5,dc9d85a45968acf3f874ff03419a3765
b2,validation_reused,b2-k8-impeqv_dom-shared-3-94e2d9a0a313,2610667257240562311,fd1f53f68b66014297161c5dffa9b1fc333d2a86ec2b4e2e6104bc0d6b795d70,fd1f53f68b66014297161c5dffa9b1fc333d2a86ec2b4e2e6104bc0d6b795d70,,impeqv_dom,8,27,53,27,7901.0,240.0,19,50,33,6,28,68,46,26900.0,32730.0,16620.0,659,216522.0,211892.0674547553,3759.9820643663406,15400.000847876072,56359.56767946482,31449.715606868267,34300.0,32070.0,ok,5539.76,22646.81,4389.14,15333.34,14310.0,247352.0,4.088048940748336,3.4934725253694343,3.2603197892981313,fd1f53f68b66014297161c5dffa9b1fc333d2a86ec2b4e2e6104bc0d6b795d70,semantic_live_support,True,32,256,1696,128,192,8388608,100,5,94e2d9a0a31342ba2b0e0ee1e73d6f38
b2,validation_reused,b2-k8-impeqv_dom-shared-4-2f7845a8dfa7,4207285047441774699,48e63c1a11cb0d080536dcb51cc2d060417613566341202ea999668099542938,48e63c1a11cb0d080536dcb51cc2d060417613566341202ea999668099542938,,impeqv_dom,8,27,72,27,6400.0,270.0,19,48,33,6,36,99,67,27550.0,31521.0,18691.0,673,223622.0,218642.06064492464,5160.109139978886,15679.97969686985,55770.622566342354,35300.03596097231,33910.0,41880.0,ok,7346.07,30856.2,4427.24,15668.15,14431.0,295342.0,4.200368360225264,3.539033348090458,3.259592884054174,48e63c1a11cb0d080536dcb51cc2d060417613566341202ea999668099542938,semantic_live_support,True,32,256,2304,160,192,8388608,100,5,2f7845a8dfa7bf2d117cc43d92422a5f
b2,validation_reused,b2-k8-mixed-tree-1-37379aed18cc,6384252221718112555,46857c01ef2600404806313e98a00270bda713004aad3f522ef97f8b99dbf8d3,46857c01ef2600404806313e98a00270bda713004aad3f522ef97f8b99dbf8d3,,mixed,8,18,21,17,3631.0,200.0,9,17,13,4,10,18,14,19101.0,18700.0,11910.0,440,148161.0,144400.9831175208,8010.072633624077,10581.22143149376,34480.12284934521,17980.11362552643,20180.0,13700.0,ok,2109.42,9089.99,2356.73,8228.98,11760.0,164262.0,4.309236662210465,3.4916939997369236,4.989964909005274,46857c01ef2600404806313e98a00270bda713004aad3f522ef97f8b99dbf8d3,semantic_live_support,True,32,256,672,128,128,8388608,100,5,37379aed18cc805c305021311a0190aa
b2,validation_reused,b2-k8-mixed-tree-2-64fdfc904809,9176876730104389783,3331a38050c24c8daa54e6b7c23ad776764e78a23ae0b95a773dc5d240371a38,3331a38050c24c8daa54e6b7c23ad776764e78a23ae0b95a773dc5d240371a38,,mixed,8,19,23,18,3780.0,200.0,10,17,14,5,11,17,14,20360.0,21570.0,13001.0,467,168962.0,165752.01880186796,10060.030035674572,15260.069631040096,36870.12940645218,22160.93707829714,22180.0,14470.0,ok,2028.52,9430.19,2561.63,9124.29,12490.0,189831.0,4.648803068246801,3.5619078477375736,4.875801735613652,3331a38050c24c8daa54e6b7c23ad776764e78a23ae0b95a773dc5d240371a38,semantic_live_support,True,32,256,736,96,160,8388608,100,5,64fdfc904809edfc6a36a760e0da469f
b2,validation_reused,b2-k8-mixed-tree-3-1a734e9283ab,335233932623530871,90c94f3372b4e17bacff811f01bca854e743251196514d9791e9a8aec42244f0,90c94f3372b4e17bacff811f01bca854e743251196514d9791e9a8aec42244f0,,mixed,8,15,15,14,2560.0,160.0,6,11,9,4,7,11,9,15240.0,15450.0,10130.0,363,125311.0,122311.0593855381,6360.001862049103,10430.230759084225,30900.46811848879,12271.106243133545,16570.0,11080.0,ok,1633.81,6421.96,1852.12,6120.26,10920.0,137661.0,3.930665132420539,3.3044619139148654,5.895946266980541,90c94f3372b4e17bacff811f01bca854e743251196514d9791e9a8aec42244f0,semantic_live_support,True,32,256,480,96,128,8388608,100,5,1a734e9283ab3bbc670ebbbaeb95e706
b2,validation_reused,b2-k8-mixed-tree-4-e12838f7e137,5188710377776609396,ac5919231d3637285700f6c4c5aa7c8aac2c0236c2c6c2db742a320a6b46e66d,ac5919231d3637285700f6c4c5aa7c8aac2c0236c2c6c2db742a320a6b46e66d,,mixed,8,19,21,16,3030.0,230.0,8,15,12,3,11,15,12,17341.0,19220.0,11040.0,454,154772.0,150821.0552856326,10220.101103186607,13150.274753570557,35451.14304870367,16960.082575678825,17800.0,11890.0,ok,1920.62,8405.09,2141.52,7854.58,11220.0,174931.0,4.376237881517427,3.6677593485001307,5.239269304045725,ac5919231d3637285700f6c4c5aa7c8aac2c0236c2c6c2db742a320a6b46e66d,semantic_live_support,True,32,256,672,128,96,8388608,100,5,e12838f7e137c31dc1918fc32bd435d3
b2,validation_reused,b2-k8-mixed-shared-1-1c2a917da296,2726908483369619383,084e640fa57cbf5f097fd08636fe5e98e23839d95c532099efe1a7a838dbafca,084e640fa57cbf5f097fd08636fe5e98e23839d95c532099efe1a7a838dbafca,,mixed,8,27,57,20,4840.0,200.0,12,28,22,7,29,53,40,24290.0,38441.0,16151.0,670,260452.0,255512.073636055,16870.093531906605,29710.12145280838,57040.71372747421,32240.40847271681,27500.0,35700.0,ok,4489.25,22733.52,2959.02,11905.82,12960.0,277022.0,5.06399064431698,4.023568613932992,4.379828456718778,084e640fa57cbf5f097fd08636fe5e98e23839d95c532099efe1a7a838dbafca,semantic_live_support,True,32,256,1824,160,224,8388608,100,5,1c2a917da2966f13b82ecb3bcef12690
b2,validation_reused,b2-k8-mixed-shared-2-3705369d2025,2130736414152006996,ca72bc9bb4f0f6e2ddd3d641d94a62163a066af9d77ac3937cb00d134dfd46f2,ca72bc9bb4f0f6e2ddd3d641d94a62163a066af9d77ac3937cb00d134dfd46f2,,mixed,8,25,47,17,4010.0,200.0,9,22,18,4,23,39,31,22140.0,26890.0,15561.0,623,228793.0,224401.9415229559,15189.987607300282,21050.102077424526,49309.805035591125,30861.23615503311,21000.0,27860.0,ok,3563.73,18350.48,2523.03,10316.4,12070.0,249332.0,5.149234089002253,4.08889311660979,4.783930432852562,ca72bc9bb4f0f6e2ddd3d641d94a62163a066af9d77ac3937cb00d134dfd46f2,semantic_live_support,True,32,256,1504,160,128,8388608,100,5,3705369d2025de285a7e3dfe402e59de
b2,validation_reused,b2-k8-mixed-shared-3-7ac091ab0ff3,2595040323065769712,4248c9b3f703df679b477bf075256cda4912f14382e7e3af86f3adc3a2bef552,4248c9b3f703df679b477bf075256cda4912f14382e7e3af86f3adc3a2bef552,,mixed,8,28,63,23,5681.0,240.0,15,35,27,6,31,49,40,26700.0,35100.0,16260.0,701,266563.0,261912.93727606535,17040.176317095757,25839.894078671932,55960.495956242085,38489.699363708496,29990.0,41251.0,ok,4534.94,24677.83,3656.34,14301.64,13790.0,285653.0,5.441710364414965,3.91146337594425,3.771531093935465,4248c9b3f703df679b477bf075256cda4912f14382e7e3af86f3adc3a2bef552,semantic_live_support,True,32,256,2016,160,192,8388608,100,5,7ac091ab0ff3bdf9cf8fd8452c50c933
b2,validation_reused,b2-k8-mixed-shared-4-761923963fb0,8970710980208121589,0f26ac14628db4891a38eb6cc5ecb59db84a9796c433fd0f0ff7a5eecc4fec25,0f26ac14628db4891a38eb6cc5ecb59db84a9796c433fd0f0ff7a5eecc4fec25,,mixed,8,24,47,18,4000.0,190.0,10,23,19,6,23,37,30,22110.0,26260.0,15140.0,597,220742.0,216532.03293681145,15709.898434579372,19799.917936325073,46441.215090453625,29679.73705381155,24390.0,29221.0,ok,3626.93,18403.18,2812.62,10919.11,12520.0,235862.0,5.074037822621336,3.882184582346709,4.451365630621982,0f26ac14628db4891a38eb6cc5ecb59db84a9796c433fd0f0ff7a5eecc4fec25,semantic_live_support,True,32,256,1504,128,192,8388608,100,5,761923963fb055ac1c4654a82dea746e
b2,validation_reused,b2-k10-xor_dom-tree-1-77230e81be62,8990915870604129592,f4bd7cb6d894da1941302437ccf55c6d9bd9cb292196c1d561dedb49901754e4,f4bd7cb6d894da1941302437ccf55c6d9bd9cb292196c1d561dedb49901754e4,,xor_dom,10,20,21,12,2310.0,190.0,2,12,11,2,10,12,11,14350.0,19610.0,12401.0,482,184322.0,180961.91342920065,13270.066119730473,24650.245904922485,39919.74517703056,21700.048819184303,13280.0,14270.0,ok,1974.62,8365.48,1671.22,6212.06,14370.0,191382.0,4.23650120023093,3.717080934885892,8.598508873756897,f4bd7cb6d894da1941302437ccf55c6d9bd9cb292196c1d561dedb49901754e4,semantic_live_support,True,128,1280,2688,512,256,8388608,50,5,77230e81be62acee25486748ab10bef6
b2,validation_reused,b2-k10-xor_dom-tree-2-b2b59ccfcc06,2289015191115055438,0bbd3db6d49c182c7ead9ffb206e26b1c610422940832230be18b4c64709ee3c,0bbd3db6d49c182c7ead9ffb206e26b1c610422940832230be18b4c64709ee3c,,xor_dom,10,20,20,15,2880.0,180.0,5,11,10,3,10,11,10,17810.0,20131.0,13320.0,475,172602.0,168942.03145056963,13179.960660636425,19620.05626410246,38690.16654789448,18511.200323700905,16890.0,13581.0,ok,1889.22,7981.26,1887.62,6711.26,10940.0,183322.0,4.224632387969638,3.5554083978766915,5.7956580243905025,0bbd3db6d49c182c7ead9ffb206e26b1c610422940832230be18b4c64709ee3c,semantic_live_support,True,128,1280,2560,512,384,8388608,50,5,b2b59ccfcc06124c5ef2dd69881458f8
b2,validation_reused,b2-k10-xor_dom-tree-3-25d12caacfcf,6561532620212432638,761b19ded3cd7c6125a2f2da98b1c268cbc5b25a9d551d0d9f05c277c1857514,761b19ded3cd7c6125a2f2da98b1c268cbc5b25a9d551d0d9f05c277c1857514,,xor_dom,10,25,29,19,4090.0,190.0,9,19,16,5,15,19,16,21631.0,27020.0,14690.0,596,230082.0,225232.09918290377,17290.70208966732,23780.73986619711,54509.72821563482,25949.906557798386,22261.0,20190.0,ok,2595.24,11409.7,2647.22,9898.9,11771.0,237342.0,4.3963949384257335,3.73935675916622,4.446551476643423,761b19ded3cd7c6125a2f2da98b1c268cbc5b25a9d551d0d9f05c277c1857514,semantic_live_support,True,128,1280,3712,384,640,8388608,50,5,25d12caacfcfe89ce76a5051b2ecbff3
b2,validation_reused,b2-k10-xor_dom-tree-4-04f54e4b6bdc,8901674206206014332,5000883c6bbe89a7f96ee4a08d3d04023911181e77f9d6f4ba49f6ba34e14573,5000883c6bbe89a7f96ee4a08d3d04023911181e77f9d6f4ba49f6ba34e14573,,xor_dom,10,22,24,16,3040.0,190.0,6,13,12,4,12,13,12,18530.0,21070.0,13340.0,528,194962.0,191012.04816251993,14240.15499651432,22270.367480814457,42570.75488567352,23269.793018698692,22120.0,14550.0,ok,2067.22,9257.9,2098.82,7825.88,10940.0,230342.0,4.478429968750302,3.7287047007366043,5.212452711523618,5000883c6bbe89a7f96ee4a08d3d04023911181e77f9d6f4ba49f6ba34e14573,semantic_live_support,True,128,1280,3072,512,512,8388608,50,5,04f54e4b6bdc564bc2f0560ae2fb9005
b2,validation_reused,b2-k10-xor_dom-shared-1-b1df44674c4f,7516307406492075971,64cb1dd5e87df195d3a5640f0f16b021f2e876b208820bda0aed2845cdcf016e,64cb1dd5e87df195d3a5640f0f16b021f2e876b208820bda0aed2845cdcf016e,,xor_dom,10,29,49,14,3110.0,200.0,4,12,12,3,24,24,24,22541.0,32961.0,16740.0,717,305623.0,301133.02636891603,27230.35868257284,46879.868023097515,58692.18148291111,36420.88267952204,16090.0,27981.0,ok,3121.62,17738.78,1773.82,7392.26,10630.0,295602.0,5.682555852409966,4.167423977630199,5.992716284628655,64cb1dd5e87df195d3a5640f0f16b021f2e876b208820bda0aed2845cdcf016e,semantic_live_support,True,128,1280,6272,640,384,8388608,50,5,b1df44674c4f5bc3f8fe2d3a09e403f8
b2,validation_reused,b2-k10-xor_dom-shared-2-972e9d7d2b36,3796299948274582217,27ddd67ef29981b9b24889ea43fac48a1ec9eb77eb37aa5a7d47feea46419c9f,27ddd67ef29981b9b24889ea43fac48a1ec9eb77eb37aa5a7d47feea46419c9f,,xor_dom,10,29,63,22,5100.0,170.0,12,21,20,6,31,33,32,26920.0,29980.0,16900.0,717,292073.0,286842.92919933796,23100.292310118675,34291.18078202009,58369.943872094154,40640.123188495636,26160.0,34060.0,ok,3868.22,22614.22,3154.04,12617.12,12780.0,308393.0,5.846156630181325,4.000304371536189,4.051946075509505,27ddd67ef29981b9b24889ea43fac48a1ec9eb77eb37aa5a7d47feea46419c9f,semantic_live_support,True,128,1280,8064,768,768,8388608,50,5,972e9d7d2b367a6f2056ef1907bcbbaa
b2,validation_reused,b2-k10-xor_dom-shared-3-cf872e9babd8,9136493435978029959,eb4559ebfa931806d97c952a7959464f8134746b139c9c252bbe5d8c0ffa8c64,eb4559ebfa931806d97c952a7959464f8134746b139c9c252bbe5d8c0ffa8c64,,xor_dom,10,33,56,19,4640.0,210.0,9,23,20,6,28,35,31,24750.0,37320.0,18480.0,816,351594.0,346273.9987298846,27820.002287626266,54421.0197404027,69990.87054282427,44641.08496904373,22630.0,35681.0,ok,3836.04,20339.98,2827.22,11111.72,12570.0,340893.0,5.302337827551329,3.930263651219219,4.446063624337689,eb4559ebfa931806d97c952a7959464f8134746b139c9c252bbe5d8c0ffa8c64,semantic_live_support,True,128,1280,7168,512,768,8388608,50,5,cf872e9babd8b504d8d24ac093cb680b
b2,validation_reused,b2-k10-xor_dom-shared-4-dd24aa5a61a6,8470570620916091080,b46d9f523cdf3dff3a17467140b0da2c922f1adb28d416e004eb247ddc5ee027,b46d9f523cdf3dff3a17467140b0da2c922f1adb28d416e004eb247ddc5ee027,,xor_dom,10,29,47,20,4590.0,190.0,10,22,19,7,23,29,26,27740.0,33041.0,18101.0,720,275802.0,271301.94939672947,22090.040147304535,35959.9944204092,55290.99144041538,37541.030906140804,22200.0,30130.0,ok,3436.44,17530.36,2872.42,11014.1,12650.0,303543.0,5.101314150690832,3.8344322905424693,4.403952068290849,b46d9f523cdf3dff3a17467140b0da2c922f1adb28d416e004eb247ddc5ee027,semantic_live_support,True,128,1280,6016,512,896,8388608,50,5,dd24aa5a61a631f86d58fb49b232dd41
b2,validation_reused,b2-k10-andor_dom-tree-1-a8fc7f363671,4013102388107299514,ebf92b7e7ae41e047af3f1eb28dbb964c9771aeae2618553b6c339d4a2eedb66,ebf92b7e7ae41e047af3f1eb28dbb964c9771aeae2618553b6c339d4a2eedb66,,andor_dom,10,23,25,19,3930.0,180.0,9,14,12,3,13,15,13,20400.0,22520.0,14431.0,543,181592.0,177611.94612830877,13290.32238572836,12699.863873422146,41610.44489592314,20870.938897132874,19960.0,17220.0,ok,2121.22,9711.3,2418.82,8479.88,12240.0,198432.0,4.578167281092956,3.5057920804359144,5.060318667780157,ebf92b7e7ae41e047af3f1eb28dbb964c9771aeae2618553b6c339d4a2eedb66,semantic_live_support,True,128,1280,3200,512,384,8388608,50,5,a8fc7f36367164f959169348f8cf6d2e
b2,validation_reused,b2-k10-andor_dom-tree-2-7400a955a56c,2409443570567677888,30d5060db7e2b493d9e99eef52a71ec6f1485c7ac8e517d905d958281a5b00e9,30d5060db7e2b493d9e99eef52a71ec6f1485c7ac8e517d905d958281a5b00e9,,andor_dom,10,25,29,25,5180.0,200.0,15,25,19,5,15,25,19,25161.0,26380.0,14800.0,596,202692.0,198291.03257507086,9761.075489223003,16420.26472836733,48769.98718827963,25289.948098361492,27970.0,17650.0,ok,2854.84,11980.52,3478.02,11726.7,12840.0,228502.0,4.196564430931331,3.3716597374368176,3.691755654079045,30d5060db7e2b493d9e99eef52a71ec6f1485c7ac8e517d905d958281a5b00e9,semantic_live_support,True,128,1280,3712,512,640,8388608,50,5,7400a955a56c0351caa7e26ab8375d06
b2,validation_reused,b2-k10-andor_dom-tree-3-42d9480de48e,6591728995520027329,7efc6a69c4232f0ab321ee5249f71dbd53c5c70a6451e2e0f7fc4666559a3722,7efc6a69c4232f0ab321ee5249f71dbd53c5c70a6451e2e0f7fc4666559a3722,,andor_dom,10,23,25,19,3980.0,200.0,9,16,13,4,13,17,14,20590.0,23630.0,13390.0,547,193452.0,189551.96719616652,13610.11527478695,18771.15573734045,43430.01637607813,21939.86438214779,23430.0,14430.0,ok,2238.62,9716.7,2453.82,8342.28,13160.0,206932.0,4.3404865497494,3.3997114702789935,5.363066565599758,7efc6a69c4232f0ab321ee5249f71dbd53c5c70a6451e2e0f7fc4666559a3722,semantic_live_support,True,128,1280,3200,384,512,8388608,50,5,42d9480de48e8681a40165803353291b
b2,validation_reused,b2-k10-andor_dom-tree-4-837da4e67104,3414923216527063826,46b1a2a910859148f0cea6d361339e29c7f212a819e8f68dc7efafa95acf8a19,46b1a2a910859148f0cea6d361339e29c7f212a819e8f68dc7efafa95acf8a19,,andor_dom,10,19,19,18,3150.0,190.0,8,11,10,4,9,11,10,18900.0,17520.0,12230.0,452,147542.0,143992.0160919428,9009.96383279562,10970.165021717548,34420.05254328251,17399.899661540985,19631.0,12030.0,ok,1716.22,7679.68,2250.62,7440.46,11320.0,176242.0,4.474764307606251,3.3059601354293484,5.029725142405204,46b1a2a910859148f0cea6d361339e29c7f212a819e8f68dc7efafa95acf8a19,semantic_live_support,True,128,1280,2432,512,512,8388608,50,5,837da4e671045148f301e3ec75b66e39
b2,validation_reused,b2-k10-andor_dom-shared-1-071d6b8e4bb7,6530266422640893003,2023bed7c6d67a4c9d4c5e68fc10a864e8a221cce3a504eeb9a5a1df50f2397f,2023bed7c6d67a4c9d4c5e68fc10a864e8a221cce3a504eeb9a5a1df50f2397f,,andor_dom,10,38,106,27,6201.0,190.0,17,31,28,7,53,62,57,33520.0,43131.0,21401.0,944,387344.0,380584.0387940407,33441.9310092926,42270.17052471638,79720.513895154,55550.01553148031,33330.0,76181.0,ok,6189.06,38043.96,3965.64,16164.76,14001.0,382193.0,6.146969006601972,4.076204597492461,3.53057766211759,2023bed7c6d67a4c9d4c5e68fc10a864e8a221cce3a504eeb9a5a1df50f2397f,semantic_live_support,True,128,1280,13568,768,896,8388608,50,5,071d6b8e4bb7ae001556afc7a4e24e39
b2,validation_reused,b2-k10-andor_dom-shared-2-16ca12c11ee1,919501032189299475,d25214afe652c886762108a089e935eff46230b85de72818e00ca84571629e82,d25214afe652c886762108a089e935eff46230b85de72818e00ca84571629e82,,andor_dom,10,33,82,24,5360.0,220.0,14,27,24,7,42,47,43,29080.0,34910.0,18000.0,806,321893.0,316482.9686284065,26950.030587613583,36389.91620391607,68951.5145495534,41909.98151898384,30970.0,51121.0,ok,4926.46,29155.68,3511.82,13724.54,13320.0,340353.0,5.9181806002687525,3.9080989344556385,3.7929051033367314,d25214afe652c886762108a089e935eff46230b85de72818e00ca84571629e82,semantic_live_support,True,128,1280,10496,768,896,8388608,50,5,16ca12c11ee14aa3365d00891b188a8a
b2,validation_reused,b2-k10-andor_dom-shared-3-22432c1ba51e,8617253102809217736,61292e14dd3f798c3df8a836c0490e4eb6288368a970d63c20944478da823ce4,61292e14dd3f798c3df8a836c0490e4eb6288368a970d63c20944478da823ce4,,andor_dom,10,28,49,19,4230.0,160.0,9,18,17,7,25,27,25,23900.0,27610.0,16300.0,682,254612.0,250271.987169981,22029.969841241837,23230.095393955708,54802.047088742256,33949.967473745346,23080.0,27390.0,ok,3241.44,17729.56,2619.22,10582.9,12020.0,274023.0,5.469655461770078,4.040477699467781,4.589152495781187,61292e14dd3f798c3df8a836c0490e4eb6288368a970d63c20944478da823ce4,semantic_live_support,True,128,1280,6272,512,896,8388608,50,5,22432c1ba51e8de7860ffb6b558c6af4
b2,validation_reused,b2-k10-andor_dom-shared-4-7f3eabfd2bc0,5017156083016439025,ef41308852853f4cc52229ddade54e424af29dd99a564d4718ea4177daccf4d1,ef41308852853f4cc52229ddade54e424af29dd99a564d4718ea4177daccf4d1,,andor_dom,10,34,54,25,5510.0,150.0,15,30,25,6,28,35,30,28990.0,36120.0,18590.0,828,306103.0,300813.0006492138,22811.000235378742,29359.827749431133,66990.84769934416,41710.21282672882,30440.0,37250.0,ok,3781.44,20232.98,3708.24,14671.34,13590.0,331013.0,5.350601887111788,3.9564159817056073,3.664811339071905,ef41308852853f4cc52229ddade54e424af29dd99a564d4718ea4177daccf4d1,semantic_live_support,True,128,1280,6912,512,768,8388608,50,5,7f3eabfd2bc0766469a75bb178dbb53c
b2,validation_reused,b2-k10-impeqv_dom-tree-1-d65cd8c37d53,5427482908318501800,6a277e9b6f1a2c9d5406a1ad99b4f6882da9542b22cd8fbe9d99c3005a604450,6a277e9b6f1a2c9d5406a1ad99b4f6882da9542b22cd8fbe9d99c3005a604450,,impeqv_dom,10,27,32,27,5200.0,220.0,17,44,29,5,17,44,29,24120.0,28680.0,15330.0,647,197432.0,193351.99613124132,2949.964255094528,13811.164535582066,50849.97974336147,27741.072699427605,31851.0,18080.0,ok,4185.64,13693.74,4419.06,13524.34,13680.0,220402.0,3.2716000420485276,3.060456296135377,3.095680981928283,6a277e9b6f1a2c9d5406a1ad99b4f6882da9542b22cd8fbe9d99c3005a604450,semantic_live_support,True,128,1280,4096,640,640,8388608,50,5,d65cd8c37d539bec10c4ceb1925d8850
b2,validation_reused,b2-k10-impeqv_dom-tree-2-c28e8c343d74,2571888799181496610,7f49ad0ac1c2e262607d04e82a59052fca7b1a050532196ae13874ad77ddf3d1,7f49ad0ac1c2e262607d04e82a59052fca7b1a050532196ae13874ad77ddf3d1,,impeqv_dom,10,19,19,19,3560.0,200.0,9,23,16,4,9,23,16,17900.0,18050.0,11660.0,456,132791.0,129440.91577082872,2900.022082030773,10469.811968505383,34729.83371466398,16901.06000751257,19860.0,13021.0,ok,2598.42,8359.88,2773.84,8402.08,12500.0,161392.0,3.2172935861023233,3.029042771032215,4.506388255991694,7f49ad0ac1c2e262607d04e82a59052fca7b1a050532196ae13874ad77ddf3d1,semantic_live_support,True,128,1280,2432,512,512,8388608,50,5,c28e8c343d74fa2c39bae85d0d215a51
b2,validation_reused,b2-k10-impeqv_dom-tree-3-4537a75ce604,2757192480714216151,56d24a658c7cbe708adf0414be52f24ddc0aa1f015579185dc0cd48a1f240882,56d24a658c7cbe708adf0414be52f24ddc0aa1f015579185dc0cd48a1f240882,,impeqv_dom,10,24,28,24,4940.0,190.0,14,35,24,4,14,35,24,22620.0,26941.0,14250.0,582,174762.0,170781.97561204433,3640.074282884598,14020.013622939587,45489.75266516209,23329.979740083218,31730.0,19680.0,ok,3518.62,11887.12,3864.22,11911.1,13560.0,201462.0,3.3783471929335938,3.082407316353624,3.509116975741547,56d24a658c7cbe708adf0414be52f24ddc0aa1f015579185dc0cd48a1f240882,semantic_live_support,True,128,1280,3584,640,512,8388608,50,5,4537a75ce60422c1a0cdcdfca10b146e
b2,validation_reused,b2-k10-impeqv_dom-tree-4-146866abdaef,1556866305809211590,5314217abb5a6447b09852854165d1b704f2905cddd68cebeadfdaf9cceb96dd,5314217abb5a6447b09852854165d1b704f2905cddd68cebeadfdaf9cceb96dd,,impeqv_dom,10,21,21,21,3970.0,170.0,11,27,18,5,11,27,18,19400.0,20021.0,12260.0,495,140921.0,137201.04470849037,3440.0727599859238,9090.057574212551,39250.35707652569,16910.023987293243,23340.0,13530.0,ok,2988.24,8983.08,3163.82,8933.28,12160.0,161552.0,3.006144084812465,2.8235740339210196,3.843455063815261,5314217abb5a6447b09852854165d1b704f2905cddd68cebeadfdaf9cceb96dd,semantic_live_support,True,128,1280,2688,768,640,8388608,50,5,146866abdaefb2c0b1597eb94371ed3f
b2,validation_reused,b2-k10-impeqv_dom-shared-1-a2d9511bd8a2,5292682897367932940,3b07de64b0c63311c34ee1d14d51cd0dbff4fa063cc3cc72eda1bc51bd02dfc6,3b07de64b0c63311c34ee1d14d51cd0dbff4fa063cc3cc72eda1bc51bd02dfc6,,impeqv_dom,10,36,61,34,7240.0,200.0,24,68,46,7,30,86,58,32070.0,46880.0,20500.0,903,260303.0,255062.94332444668,2969.987690448761,17020.502127707005,66481.53066635132,43489.85385149717,39600.0,40630.0,ok,7531.86,25113.24,6428.06,19842.4,16170.0,298873.0,3.3342680294110623,3.0868411309166373,2.5155334579951028,3b07de64b0c63311c34ee1d14d51cd0dbff4fa063cc3cc72eda1bc51bd02dfc6,semantic_live_support,True,128,1280,7808,640,896,8388608,50,5,a2d9511bd8a201c689ebc3f5a7b55893
b2,validation_reused,b2-k10-impeqv_dom-shared-2-e0619ddaeb12,6313063904411458792,f834dbdf22fd8cf1b2092bb052117469798775d42c4cc697442cc22ba86df612,f834dbdf22fd8cf1b2092bb052117469798775d42c4cc697442cc22ba86df612,,impeqv_dom,10,32,54,32,6430.0,180.0,22,61,40,6,28,79,52,27170.0,33790.0,17580.0,778,227942.0,223072.012886405,1760.0832507014275,14871.00962549448,62050.4142716527,36710.17475426197,36100.0,31261.0,ok,6799.26,22418.22,5635.66,17162.58,15540.0,258692.0,3.297155866961993,3.045354049037735,2.757441009571195,f834dbdf22fd8cf1b2092bb052117469798775d42c4cc697442cc22ba86df612,semantic_live_support,True,128,1280,6912,512,768,8388608,50,5,e0619ddaeb1211acdf3616cfa3ac87f9
b2,validation_reused,b2-k10-impeqv_dom-shared-3-456d3bc52660,1607127040407481344,e90aaf1e4409cd954c1689522f626be0c05bd03a907bba5e153335cd2fa656c5,e90aaf1e4409cd954c1689522f626be0c05bd03a907bba5e153335cd2fa656c5,,impeqv_dom,10,35,102,30,6080.0,170.0,20,51,35,5,51,114,82,32760.0,42281.0,19331.0,868,271432.0,266462.0988070965,7269.904017448425,22910.6517508626,64040.88344424963,38129.97601926327,33681.0,62160.0,ok,9953.68,40243.98,5349.04,16315.36,15200.0,291202.0,4.043125758513434,3.050147316153927,2.8416313955401344,e90aaf1e4409cd954c1689522f626be0c05bd03a907bba5e153335cd2fa656c5,semantic_live_support,True,128,1280,13056,640,640,8388608,50,5,456d3bc526601306ff104f31f5e57ae2
b2,validation_reused,b2-k10-impeqv_dom-shared-4-2386e2077320,6173966275266302578,650e7da2e8455d8ed3c88f0b1bd75c14a36dcec3d79f9bf1ab2e401e20537b2b,650e7da2e8455d8ed3c88f0b1bd75c14a36dcec3d79f9bf1ab2e401e20537b2b,,impeqv_dom,10,32,81,32,6720.0,250.0,22,56,38,6,43,105,71,29630.0,35070.0,18050.0,784,260332.0,255462.0150476694,6059.999577701092,18419.930711388588,62869.97813731432,47269.85935121775,36111.0,45811.0,ok,9277.08,32548.9,5740.04,17393.38,14810.0,300832.0,3.508528545619958,3.0301844586448876,2.5801213928822797,650e7da2e8455d8ed3c88f0b1bd75c14a36dcec3d79f9bf1ab2e401e20537b2b,semantic_live_support,True,128,1280,10368,640,768,8388608,50,5,2386e2077320ecac837b776f630db81f
b2,validation_reused,b2-k10-mixed-tree-1-f431ce588c32,3624270875353164548,4745731af5e9243209198887508a49500828d5e3b5b95a785cd4015c2c9746c2,4745731af5e9243209198887508a49500828d5e3b5b95a785cd4015c2c9746c2,,mixed,10,20,21,17,3160.0,210.0,7,14,12,4,10,14,12,19290.0,19770.0,12750.0,479,169641.0,165650.97030252218,10570.045560598373,16799.778677523136,39329.75232601166,18999.911844730377,18761.0,13170.0,ok,1973.62,8748.08,2247.22,8031.48,11300.0,182831.0,4.43250473748746,3.573962495883803,5.0284351331867825,4745731af5e9243209198887508a49500828d5e3b5b95a785cd4015c2c9746c2,semantic_live_support,True,128,1280,2688,512,512,8388608,50,5,f431ce588c32a7f3e482c89aa2729a7a
b2,validation_reused,b2-k10-mixed-tree-2-82994a7af72e,6389711878431836114,999e6cb468a0387d197bfc65cc9bfd4b994d448c970bc3da29f6bd6f9fffd95e,999e6cb468a0387d197bfc65cc9bfd4b994d448c970bc3da29f6bd6f9fffd95e,,mixed,10,23,26,22,4350.0,190.0,12,26,19,4,13,26,19,22990.0,24311.0,13850.0,554,182282.0,178141.9850885868,8249.888196587563,16660.895198583603,43359.934352338314,22919.848561286926,25081.0,15450.0,ok,2967.82,10692.7,3321.42,10500.9,13191.0,210552.0,3.6028802285852914,3.161569449211482,3.9714941199848255,999e6cb468a0387d197bfc65cc9bfd4b994d448c970bc3da29f6bd6f9fffd95e,semantic_live_support,True,128,1280,3328,512,512,8388608,50,5,82994a7af72e9a55853afac16b489e5f
b2,validation_reused,b2-k10-mixed-tree-3-961dbd1e0dd8,5779049478844451861,c764aed964b41ffe8a6d6671bb0382489e45362d47d9f79f5f06116a50ae4f44,c764aed964b41ffe8a6d6671bb0382489e45362d47d9f79f5f06116a50ae4f44,,mixed,10,22,24,20,3990.0,200.0,10,15,13,3,12,15,13,21610.0,21450.0,13601.0,527,184432.0,180231.98936134577,11570.16959041357,15329.918824136257,41801.01677775383,25060.027837753296,21920.0,14621.0,ok,2131.22,9644.68,2678.24,9208.7,11660.0,203302.0,4.525426750875086,3.4383401039488626,4.353605352768983,c764aed964b41ffe8a6d6671bb0382489e45362d47d9f79f5f06116a50ae4f44,semantic_live_support,True,128,1280,3072,384,384,8388608,50,5,961dbd1e0dd8468c22deb7a41cd1aae8
b2,validation_reused,b2-k10-mixed-tree-4-a46b1cdc2617,6980434910580637429,2482721c239c03e6563c0d339ad648261c9bde5695c190c7e3fc844e703949e8,2482721c239c03e6563c0d339ad648261c9bde5695c190c7e3fc844e703949e8,,mixed,10,19,19,19,3580.0,150.0,9,15,12,3,9,15,12,20210.0,18440.0,12410.0,454,154082.0,150501.96088850498,6979.913450777531,12389.849871397018,34971.279092133045,19980.12885451317,21101.0,12050.0,ok,2066.42,8099.48,2598.22,8049.48,11430.0,186822.0,3.919571045576407,3.0980748358491583,4.399165582591159,2482721c239c03e6563c0d339ad648261c9bde5695c190c7e3fc844e703949e8,semantic_live_support,True,128,1280,2432,384,384,8388608,50,5,a46b1cdc261747a7788db7973a2ba3f6
b2,validation_reused,b2-k10-mixed-shared-1-ed6b5cd37350,3446688548793734298,6d93321deb38f1132aad525ae54ba3a0281a6927f26d0ef1270e7b1a966ce072,6d93321deb38f1132aad525ae54ba3a0281a6927f26d0ef1270e7b1a966ce072,,mixed,10,32,58,28,6820.0,220.0,18,38,29,7,30,51,39,31711.0,36891.0,18841.0,781,303283.0,297833.0012410879,18040.0675162673,27380.06878644228,66990.26562273502,46760.30948758125,34941.0,32550.0,ok,5077.24,23276.02,4583.26,16101.76,13690.0,317103.0,4.584384429335624,3.513167483407007,2.9869568822192063,6d93321deb38f1132aad525ae54ba3a0281a6927f26d0ef1270e7b1a966ce072,semantic_live_support,True,128,1280,7424,512,896,8388608,50,5,ed6b5cd3735029768ba19d5fd6fe31e0
b2,validation_reused,b2-k10-mixed-shared-2-ee63ac52edf4,1550171057243158312,d5b9585357b8851bce30f11eac0744be80f6c99086765fbec06556e8dcba487c,d5b9585357b8851bce30f11eac0744be80f6c99086765fbec06556e8dcba487c,,mixed,10,32,57,23,5590.0,190.0,13,30,25,7,28,52,40,28710.0,35770.0,18790.0,791,306513.0,301411.95748001337,22450.345568358898,29780.901968479156,66000.50255656242,42920.93217372894,28600.0,32451.0,ok,5259.26,23034.82,3667.64,14305.74,13880.0,323283.0,4.3798595239634475,3.900530041116358,3.784449946014331,d5b9585357b8851bce30f11eac0744be80f6c99086765fbec06556e8dcba487c,semantic_live_support,True,128,1280,7296,640,896,8388608,50,5,ee63ac52edf494d15a82fdec517e2fd7
b2,validation_reused,b2-k10-mixed-shared-3-189118134673,5661738862708891787,f63d4bbf0860a4b54fa10e72b56cdefdb2fec0a8f874429c44c8c467d12f3716,f63d4bbf0860a4b54fa10e72b56cdefdb2fec0a8f874429c44c8c467d12f3716,,mixed,10,30,59,23,5170.0,200.0,13,30,24,6,29,53,41,28670.0,34880.0,19210.0,742,284892.0,279942.0617520809,17191.283404827118,28089.8530036211,65369.88075822592,38979.92428392172,27831.0,35670.0,ok,5003.44,23536.82,3643.62,13292.72,13750.0,308383.0,4.704127560238557,3.6482179810188766,3.773719542652637,f63d4bbf0860a4b54fa10e72b56cdefdb2fec0a8f874429c44c8c467d12f3716,semantic_live_support,True,128,1280,7552,512,768,8388608,50,5,1891181346731b0b1f59219de651e491
b2,validation_reused,b2-k10-mixed-shared-4-bc98fc0156a1,1211785704347422295,f7743b4d3584d737f00c61e0d0e4483f3eeeed164a52e0b4b9f6adfd08ed6134,f7743b4d3584d737f00c61e0d0e4483f3eeeed164a52e0b4b9f6adfd08ed6134,,mixed,10,34,76,29,6561.0,240.0,19,43,33,7,38,67,52,31280.0,42300.0,25131.0,839,317903.0,313253.0255243182,22770.138457417488,28671.34753614664,71380.9859007597,46870.32196670771,36200.0,55571.0,ok,6332.86,29865.7,4794.66,17863.96,14540.0,346143.0,4.715989300252967,3.725803289492894,3.032540367825873,f7743b4d3584d737f00c61e0d0e4483f3eeeed164a52e0b4b9f6adfd08ed6134,semantic_live_support,True,128,1280,9728,640,896,8388608,50,5,bc98fc0156a176df345867ab15afbd18
b2,validation_reused,b2-k12-xor_dom-tree-1-58b08f43ff42,221395747203947214,b47bd399acce2d9e4a4446b7ddedd667546ab768effebe79232934adf8822fcd,b47bd399acce2d9e4a4446b7ddedd667546ab768effebe79232934adf8822fcd,,xor_dom,12,24,25,19,4100.0,230.0,7,16,14,4,12,16,14,21960.0,26011.0,14520.0,575,209142.0,204911.92117333412,12820.004485547543,23199.94382560253,47170.6734970212,26529.887691140175,21480.0,17050.0,ok,3099.05,10260.1,3072.55,9246.55,12820.0,224182.0,3.310724254206934,3.0094058680900226,4.172430066231631,b47bd399acce2d9e4a4446b7ddedd667546ab768effebe79232934adf8822fcd,semantic_live_support,True,512,6144,12800,2048,2048,8388608,20,5,58b08f43ff4235817eee5e1f0042ed14
b2,validation_reused,b2-k12-xor_dom-tree-2-f9f1dbfc58a0,7411211578172593753,427ec03b5f5d547ae32f7cfc4a065844544ee6965f1ba9ad58b8446c6e83cded,427ec03b5f5d547ae32f7cfc4a065844544ee6965f1ba9ad58b8446c6e83cded,,xor_dom,12,28,30,21,4240.0,220.0,9,19,16,4,16,19,16,23271.0,27810.0,16070.0,660,252932.0,248261.96022331715,18310.383893549442,31789.764761924744,56520.10440826416,28109.99285429716,22551.0,18120.0,ok,3718.05,11908.6,3520.55,9989.1,12900.0,259452.0,3.2029155067844703,2.837369161068583,3.664200195992103,427ec03b5f5d547ae32f7cfc4a065844544ee6965f1ba9ad58b8446c6e83cded,semantic_live_support,True,512,6144,15360,2048,2048,8388608,20,5,f9f1dbfc58a043dc493070b19c76313b
b2,validation_reused,b2-k12-xor_dom-tree-3-732256a48755,1757570066407390709,c7302e58732f124950724bb164ab08c8e412445463d0e329387615054bd17e6f,c7302e58732f124950724bb164ab08c8e412445463d0e329387615054bd17e6f,,xor_dom,12,28,31,20,4460.0,160.0,8,18,16,3,16,18,16,23071.0,25670.0,15550.0,669,252993.0,245252.04207748175,18290.127627551556,29879.85499203205,56070.275604724884,30230.265110731125,21660.0,17870.0,ok,3449.55,12227.6,3371.5,10330.1,12920.0,259152.0,3.54469423547999,3.0639477977161502,3.8321222008008307,c7302e58732f124950724bb164ab08c8e412445463d0e329387615054bd17e6f,semantic_live_support,True,512,6144,15872,2048,1536,8388608,20,5,732256a487557c763f973d17d5915df4
b2,validation_reused,b2-k12-xor_dom-tree-4-d425291e801e,3600091003421285003,882842244bf707ab8293f5c692f94aabc749c16effedfcb3c1dbd0d978b94898,882842244bf707ab8293f5c692f94aabc749c16effedfcb3c1dbd0d978b94898,,xor_dom,12,23,23,17,3050.0,180.0,5,15,13,4,11,15,13,19610.0,21710.0,13810.0,548,203342.0,199572.06677645445,13419.77622359991,24590.05918353796,45819.79010254145,24131.033569574356,18211.0,16500.0,ok,3108.0,9765.1,2968.05,8122.55,11750.0,219332.0,3.141924066924067,2.736662118225771,3.95882818685669,882842244bf707ab8293f5c692f94aabc749c16effedfcb3c1dbd0d978b94898,semantic_live_support,True,512,6144,11776,2048,2048,8388608,20,5,d425291e801ee09b5be7583fed51e705
b2,validation_reused,b2-k12-xor_dom-shared-1-471ce8cfd63d,757653677291527923,ac3fc79eacd1d3ed9e99f95d4d164e885aa62b794868cf4e8716c6affda9b2cb,ac3fc79eacd1d3ed9e99f95d4d164e885aa62b794868cf4e8716c6affda9b2cb,,xor_dom,12,33,50,20,4530.0,190.0,8,23,20,6,25,30,27,26041.0,33831.0,18860.0,806,339364.0,334333.9776620269,26709.982194006443,47359.61556434631,74191.36818498373,45639.92843031883,23181.0,31410.0,ok,5191.05,19330.7,3979.5,11637.65,13530.0,345343.0,3.7238516292464916,2.92440005025757,3.3999246136449304,ac3fc79eacd1d3ed9e99f95d4d164e885aa62b794868cf4e8716c6affda9b2cb,semantic_live_support,True,512,6144,25600,2048,3072,8388608,20,5,471ce8cfd63dffec52eed3f02c923b95
b2,validation_reused,b2-k12-xor_dom-shared-2-c00263664ad9,3186792753857850529,33e3c96f05ea739bc01ccd8787cc5e2af60ae27c0040f5ec6696ff322370b74f,33e3c96f05ea739bc01ccd8787cc5e2af60ae27c0040f5ec6696ff322370b74f,,xor_dom,12,43,148,23,5310.0,230.0,11,27,24,8,74,97,85,36131.0,53220.0,23490.0,1072,483925.0,477445.07901370525,43650.15774965286,69700.06506890059,94520.2773436904,73703.23874056339,27690.0,96051.0,ok,14928.1,54870.0,4334.05,13809.6,13920.0,463625.0,3.6756184645065346,3.186303803601712,3.2117765138842422,33e3c96f05ea739bc01ccd8787cc5e2af60ae27c0040f5ec6696ff322370b74f,semantic_live_support,True,512,6144,75776,2560,4096,8388608,20,5,c00263664ad99d2758e4c36e5b323172
b2,validation_reused,b2-k12-xor_dom-shared-3-75c78e4c8980,1045398341543788215,a1b36dd03e496fe7dbb7c1055d8a78a826fa830ee6ec76048bf0b94903351520,a1b36dd03e496fe7dbb7c1055d8a78a826fa830ee6ec76048bf0b94903351520,,xor_dom,12,43,85,30,6740.0,190.0,18,37,31,8,43,53,47,38870.0,48461.0,22470.0,1063,419854.0,413013.97141069174,31420.146115124226,54089.35248851776,84760.59883832932,58870.064094662666,37280.0,43911.0,ok,8498.6,31824.3,6381.55,17920.65,16000.0,427045.0,3.74465206033935,2.8081970681104123,2.507227867837751,a1b36dd03e496fe7dbb7c1055d8a78a826fa830ee6ec76048bf0b94903351520,semantic_live_support,True,512,6144,43520,2560,4096,8388608,20,5,75c78e4c89801ac4090903381cfeabe5
b2,validation_reused,b2-k12-xor_dom-shared-4-ef377d6180bd,8986853030041671011,ad1260d2805fb2e3089ad381f925524c0c3a8d8d99c946dffde12cf6364f3bc7,ad1260d2805fb2e3089ad381f925524c0c3a8d8d99c946dffde12cf6364f3bc7,,xor_dom,12,33,55,23,5410.0,190.0,11,24,22,7,29,35,30,27421.0,32141.0,17790.0,805,349043.0,343783.0600887537,27449.801564216614,49380.818381905556,73250.03389269114,47761.24842464924,26030.0,30730.0,ok,6094.55,20593.2,4427.05,13320.15,13720.0,351793.0,3.378953327152948,3.0088094780948937,3.0991292169729276,ad1260d2805fb2e3089ad381f925524c0c3a8d8d99c946dffde12cf6364f3bc7,semantic_live_support,True,512,6144,28160,2560,3584,8388608,20,5,ef377d6180bdac50ff2bb5858f945f18
b2,validation_reused,b2-k12-andor_dom-tree-1-a97f101c02c9,5231186278601261507,1c70364ab0c6d294988f2cd9350a324e844b3bef3795c32a0449c50168a8ef9a,1c70364ab0c6d294988f2cd9350a324e844b3bef3795c32a0449c50168a8ef9a,,andor_dom,12,26,29,20,4220.0,180.0,8,14,14,6,14,14,14,22430.0,23311.0,15010.0,624,227162.0,222732.08014667034,17120.15364319086,18389.89555835724,49821.68320566416,26779.94780242443,22970.0,17800.0,ok,2682.55,11473.6,2860.55,10097.1,11910.0,226533.0,4.2771243779239905,3.5297757424271556,4.163534984530947,1c70364ab0c6d294988f2cd9350a324e844b3bef3795c32a0449c50168a8ef9a,semantic_live_support,True,512,6144,14848,2560,3072,8388608,20,5,a97f101c02c94fa6717a8e45e4f527bf
b2,validation_reused,b2-k12-andor_dom-tree-2-7c935460fe73,3528756940792466924,277a0bd63a0736365059119411599b5aaf498f03c37eb8c6019cafcac3ac0c0f,277a0bd63a0736365059119411599b5aaf498f03c37eb8c6019cafcac3ac0c0f,,andor_dom,12,26,26,24,4180.0,160.0,12,23,17,3,14,23,17,23930.0,22950.0,14440.0,604,193812.0,189701.9101306796,10660.267435014248,15119.556337594986,48169.633373618126,26540.830731391907,24270.0,15490.0,ok,4456.05,10804.6,4671.55,10352.6,14560.0,217732.0,2.4247034930038938,2.2160953002750694,3.1167385557256155,277a0bd63a0736365059119411599b5aaf498f03c37eb8c6019cafcac3ac0c0f,semantic_live_support,True,512,6144,13312,2048,1536,8388608,20,5,7c935460fe73c450f8c766b0a0f0c05b
b2,validation_reused,b2-k12-andor_dom-tree-3-3425f4494063,8598764449675670836,20df078becaffb7697d484657044c06259823bed8550d38b29c0130a91510b08,20df078becaffb7697d484657044c06259823bed8550d38b29c0130a91510b08,,andor_dom,12,27,31,24,4690.0,230.0,12,19,17,6,15,19,17,27370.0,26530.0,15400.0,652,234262.0,229622.00455367565,14890.218153595924,19830.185920000076,51680.02098798752,32160.081900656223,25980.0,17270.0,ok,3631.05,12542.1,4199.55,11871.6,13490.0,248023.0,3.4541248399223363,2.8268743079615675,3.2122489314331295,20df078becaffb7697d484657044c06259823bed8550d38b29c0130a91510b08,semantic_live_support,True,512,6144,15872,2048,3072,8388608,20,5,3425f4494063df5c04dbe9c6ae5ab73d
b2,validation_reused,b2-k12-andor_dom-tree-4-4668b9a9de6a,936709755032230383,d17d47659342e84f45d293475ae80d1440c596010bad72068c02d0538116fb8c,d17d47659342e84f45d293475ae80d1440c596010bad72068c02d0538116fb8c,,andor_dom,12,26,28,20,4050.0,170.0,8,14,13,4,14,15,14,21690.0,22460.0,14520.0,617,195862.0,191531.95898979902,14551.21673643589,13099.98333454132,46189.87441062927,21860.46913266182,21050.0,16280.0,ok,2875.05,11026.1,2886.0,9343.6,11841.0,213202.0,3.8350985200257384,3.237560637560638,4.102910602910603,d17d47659342e84f45d293475ae80d1440c596010bad72068c02d0538116fb8c,semantic_live_support,True,512,6144,14336,2048,2048,8388608,20,5,4668b9a9de6a9db132298188e926347c
b2,validation_reused,b2-k12-andor_dom-shared-1-50f526a5c97f,1868980891956868651,085867a3008fc330558d9a52d31e9e1c0f9805d909277ee6f4512554def6ca0e,085867a3008fc330558d9a52d31e9e1c0f9805d909277ee6f4512554def6ca0e,,andor_dom,12,32,79,25,4970.0,230.0,13,23,20,7,40,58,48,31560.0,29880.0,17691.0,768,287993.0,282572.9316100478,22051.04101449251,24020.089767873287,60650.636442005634,44711.05057746172,28200.0,47580.0,ok,8672.6,30019.8,4261.05,12349.65,13260.0,296333.0,3.4614533127320524,2.8982645122681028,3.1119090365050868,085867a3008fc330558d9a52d31e9e1c0f9805d909277ee6f4512554def6ca0e,semantic_live_support,True,512,6144,40448,2048,3584,8388608,20,5,50f526a5c97f217dd2b68dc289572fbb
b2,validation_reused,b2-k12-andor_dom-shared-2-50260f8a12a2,2865108032548886642,af151701c29240b24d2bbdee39b0c6b4f1c3db6776f0fca3fa0a70c6e4d6c55d,af151701c29240b24d2bbdee39b0c6b4f1c3db6776f0fca3fa0a70c6e4d6c55d,,andor_dom,12,38,83,26,5880.0,230.0,14,29,27,8,43,49,44,33591.0,38851.0,20571.0,930,378613.0,372493.0575117469,32661.249861121178,35710.1671397686,78940.88048487902,60750.7536187768,30631.0,46981.0,ok,7755.1,30803.8,4823.5,16019.7,14500.0,377374.0,3.9720699926499976,3.3211775681559037,3.0061158909505545,af151701c29240b24d2bbdee39b0c6b4f1c3db6776f0fca3fa0a70c6e4d6c55d,semantic_live_support,True,512,6144,42496,2560,4096,8388608,20,5,50260f8a12a2adfeb77aa187e78a4609
b2,validation_reused,b2-k12-andor_dom-shared-3-0c0054958df2,2630966035142090651,71edf00a5137651c0a4fb97720d8baa0b6ce7db6da6567afec547030d5499922,71edf00a5137651c0a4fb97720d8baa0b6ce7db6da6567afec547030d5499922,,andor_dom,12,29,49,19,4090.0,190.0,7,16,15,5,24,28,26,24590.0,28180.0,16180.0,707,277173.0,272552.9484450817,21830.08473366499,28250.50614774227,63342.04226732254,35910.168662667274,21370.0,26411.0,ok,5007.55,18906.15,2985.05,9644.6,12370.0,279743.0,3.775528951283562,3.2309676554831577,4.14398418786955,71edf00a5137651c0a4fb97720d8baa0b6ce7db6da6567afec547030d5499922,semantic_live_support,True,512,6144,25088,2048,2560,8388608,20,5,0c0054958df225563af528bd48e72728
b2,validation_reused,b2-k12-andor_dom-shared-4-4b3e0c13b861,2898015842502853779,05554d5b91542982023de10c6e728ca182d34cc773455cb52b396e9b54c4ea25,05554d5b91542982023de10c6e728ca182d34cc773455cb52b396e9b54c4ea25,,andor_dom,12,32,48,24,5540.0,210.0,12,29,24,6,24,39,31,27001.0,30681.0,17720.0,775,293882.0,288742.01234430075,20910.98576784134,28619.891963899136,65809.93067473173,42320.46194374561,28020.0,26810.0,ok,6784.55,19150.7,5084.05,13652.15,15030.0,311653.0,2.8226927357009677,2.6852902705520205,2.956304521001957,05554d5b91542982023de10c6e728ca182d34cc773455cb52b396e9b54c4ea25,semantic_live_support,True,512,6144,24576,2048,3072,8388608,20,5,4b3e0c13b861338c49538c7b5f081432
b2,validation_reused,b2-k12-impeqv_dom-tree-1-b84e5ead9772,650839947324121101,8bbf576bad1940554ba4dfbdcccbac9e5815b6edabcdc8be19495390d01d8653,8bbf576bad1940554ba4dfbdcccbac9e5815b6edabcdc8be19495390d01d8653,,impeqv_dom,12,25,27,25,4980.0,270.0,13,35,24,6,13,35,24,23330.0,24190.0,14620.0,602,178042.0,174112.0358929038,2590.0080800056458,12310.105375945568,44790.911488235,28530.019335448742,26901.0,17160.0,ok,6949.05,11916.1,7159.55,11770.1,16050.0,209312.0,1.714781157136587,1.643972037348716,2.2417610045324077,8bbf576bad1940554ba4dfbdcccbac9e5815b6edabcdc8be19495390d01d8653,semantic_live_support,True,512,6144,13824,2560,3072,8388608,20,5,b84e5ead97722466c738aaebf0d7bb64
b2,validation_reused,b2-k12-impeqv_dom-tree-2-efcfe8a9d099,458987363646541869,12bb8d46f3dc7c1b2d765504f1204f9320b843e9936bf45b93c9dd882ea43beb,12bb8d46f3dc7c1b2d765504f1204f9320b843e9936bf45b93c9dd882ea43beb,,impeqv_dom,12,31,37,31,6090.0,210.0,19,47,32,5,19,47,32,29060.0,30640.0,16620.0,747,215752.0,211031.9910570979,4389.905370771885,13380.427844822407,57699.973694980145,31250.063329935074,33430.0,22060.0,ok,9030.55,15574.65,9653.6,15343.65,19080.0,261382.0,1.7246623959780967,1.5894225988232369,1.9764647385431342,12bb8d46f3dc7c1b2d765504f1204f9320b843e9936bf45b93c9dd882ea43beb,semantic_live_support,True,512,6144,18944,2560,2560,8388608,20,5,efcfe8a9d0999545edb922e8add55891
b2,validation_reused,b2-k12-impeqv_dom-tree-3-55ecbcba0651,5857418499416136517,7706cdf872b2f54e859c5e467f810d90a27b5012d71cc14b9184bac89fa49101,7706cdf872b2f54e859c5e467f810d90a27b5012d71cc14b9184bac89fa49101,,impeqv_dom,12,26,27,26,4710.0,200.0,14,36,24,6,14,36,24,22960.0,24540.0,14800.0,616,174671.0,170681.04352802038,2469.867467880249,11619.995348155499,46630.04074245691,23760.94926148653,26790.0,15530.0,ok,7445.55,11745.6,7637.55,11797.6,17370.0,205602.0,1.5775328887724882,1.5446838318570746,2.2742895300194435,7706cdf872b2f54e859c5e467f810d90a27b5012d71cc14b9184bac89fa49101,semantic_live_support,True,512,6144,13824,2048,3072,8388608,20,5,55ecbcba0651567d453a83b2852bf685
b2,validation_reused,b2-k12-impeqv_dom-tree-4-d18fdd8343dc,8262023895027738459,5023ff3d5a8388df2f16269410d8c0f53d8424ec6b906f93eede58371eb3e700,5023ff3d5a8388df2f16269410d8c0f53d8424ec6b906f93eede58371eb3e700,,impeqv_dom,12,29,34,29,5620.0,190.0,17,42,29,6,17,42,29,27190.0,30170.0,15920.0,699,211152.0,206631.95755332708,4500.034265220165,13850.047253072262,53529.51120585203,33110.72941869497,31390.0,21981.0,ok,8085.05,15101.65,8837.6,14787.15,18110.0,247613.0,1.8678486836816097,1.673208789716665,2.049198877523309,5023ff3d5a8388df2f16269410d8c0f53d8424ec6b906f93eede58371eb3e700,semantic_live_support,True,512,6144,17408,2048,3072,8388608,20,5,d18fdd8343dcadfdba4bd1ea2ecf1d01
b2,validation_reused,b2-k12-impeqv_dom-shared-1-a0a2c0931e69,433907426300434722,c7b32fa81162ac5c89f652db28dbb2a74603fa55ad809e80665fb863c0b85982,c7b32fa81162ac5c89f652db28dbb2a74603fa55ad809e80665fb863c0b85982,,impeqv_dom,12,37,78,37,7620.0,230.0,25,67,45,8,41,102,69,33190.0,43390.0,20010.0,904,283363.0,278003.0481517315,3750.086762011051,15550.176613032818,71250.60074031353,52800.05279928446,40741.0,49390.0,ok,19585.7,32292.85,13298.1,20119.7,22111.0,322823.0,1.6487973368324849,1.512975537858792,1.6627187342552696,c7b32fa81162ac5c89f652db28dbb2a74603fa55ad809e80665fb863c0b85982,semantic_live_support,True,512,6144,39936,2048,4096,8388608,20,5,a0a2c0931e693e4de212d7771546e6e4
b2,validation_reused,b2-k12-impeqv_dom-shared-2-1385a0b1080c,4063321571096695436,ed2456209e3c9c214dd3fb32696b3d14e49809d467d353e0e4491ef7597972ed,ed2456209e3c9c214dd3fb32696b3d14e49809d467d353e0e4491ef7597972ed,,impeqv_dom,12,33,57,30,6080.0,200.0,18,52,35,7,28,70,49,29531.0,33151.0,18640.0,812,231192.0,226721.98247164488,2840.0681912899017,14740.042388439178,57521.2761759758,40710.088796913624,32330.0,30480.0,ok,13087.65,23769.2,10025.6,15704.15,19840.0,263713.0,1.8161549246809017,1.5664050031918288,1.9789339291413979,ed2456209e3c9c214dd3fb32696b3d14e49809d467d353e0e4491ef7597972ed,semantic_live_support,True,512,6144,29184,2048,3584,8388608,20,5,1385a0b1080c90d88b168bb1678be65b
b2,validation_reused,b2-k12-impeqv_dom-shared-3-c60cc82b0720,5638624352018510945,1f5e30ff999fd78ba6cf030159d9c0aa183021f5f490ffadb04748179aa955dc,1f5e30ff999fd78ba6cf030159d9c0aa183021f5f490ffadb04748179aa955dc,,impeqv_dom,12,35,64,34,6820.0,240.0,22,59,40,6,34,83,56,35520.0,41000.0,18670.0,851,265843.0,261442.96862185,5480.949766933918,19010.272808372974,70810.55082380772,46390.80725610256,36190.0,35891.0,ok,15344.65,26181.75,11757.6,18032.15,21881.0,304192.0,1.7062461509386009,1.533659080084371,1.8610090494658773,1f5e30ff999fd78ba6cf030159d9c0aa183021f5f490ffadb04748179aa955dc,semantic_live_support,True,512,6144,32768,2048,3072,8388608,20,5,c60cc82b0720dc27fa80890745e3b89d
b2,validation_reused,b2-k12-impeqv_dom-shared-4-5d7fc59cbaf7,2449394051856914272,65e35349e4a9010a3b6bc75bb6cd6e9387358c2ab01c9eb392d787a38e96b7ea,65e35349e4a9010a3b6bc75bb6cd6e9387358c2ab01c9eb392d787a38e96b7ea,,impeqv_dom,12,36,62,36,7170.0,240.0,24,63,42,7,32,79,54,32200.0,39460.0,19250.0,875,267653.0,262932.96832591295,3920.053131878376,18530.176021158695,69781.09013289213,45061.11145019531,39500.0,37700.0,ok,14366.65,25467.2,12100.65,18866.2,26291.0,306933.0,1.7726609891658809,1.5591063289988556,2.1726932024312746,65e35349e4a9010a3b6bc75bb6cd6e9387358c2ab01c9eb392d787a38e96b7ea,semantic_live_support,True,512,6144,31744,2560,3584,8388608,20,5,5d7fc59cbaf768164fa3056661b4d3f5
b2,validation_reused,b2-k12-mixed-tree-1-ddb82bdf8146,3677944072933272508,9c8b248d77b14f016a5c8523895940246703d3753efb78809b5f7a0d630e976e,9c8b248d77b14f016a5c8523895940246703d3753efb78809b5f7a0d630e976e,,mixed,12,24,25,23,4440.0,210.0,11,22,17,3,12,22,17,23161.0,22730.0,14030.0,576,186432.0,182311.9819164276,9041.163139045238,15570.20004838705,43610.46012490988,25109.853595495224,24931.0,17210.0,ok,4499.05,10797.1,5008.55,10468.6,14370.0,212772.0,2.399862193129661,2.0901458505954817,2.8690938495173253,9c8b248d77b14f016a5c8523895940246703d3753efb78809b5f7a0d630e976e,semantic_live_support,True,512,6144,12800,2560,1536,8388608,20,5,ddb82bdf81460398f51b7b71b2b5084f
b2,validation_reused,b2-k12-mixed-tree-2-380dba915931,3337054381804343800,357ab1032ff9d89f13986c91b214ecdee357db539ccc245df471924319d0755c,357ab1032ff9d89f13986c91b214ecdee357db539ccc245df471924319d0755c,,mixed,12,25,26,24,4490.0,180.0,12,22,17,3,13,22,17,24900.0,25790.0,14780.0,594,204592.0,200181.96664750576,10430.114343762398,17329.934053122997,47719.68815475702,28669.950552284718,25530.0,15450.0,ok,4289.55,11259.1,4795.0,10771.65,14020.0,223752.0,2.624774160459722,2.246433785192909,2.923879040667362,357ab1032ff9d89f13986c91b214ecdee357db539ccc245df471924319d0755c,semantic_live_support,True,512,6144,13312,2048,1536,8388608,20,5,380dba9159313b1c381805637c2acb3e
b2,validation_reused,b2-k12-mixed-tree-3-e56bca913be9,2623101370694258581,83f7f5180404aaff1e4d42351c83fa2c083c68d3179ba35daa204ccc350af1fc,83f7f5180404aaff1e4d42351c83fa2c083c68d3179ba35daa204ccc350af1fc,,mixed,12,28,31,27,4801.0,170.0,15,30,22,4,16,30,22,26700.0,29530.0,15521.0,665,220922.0,216362.06656694412,9240.000508725643,19550.207071006298,53919.851779937744,33430.871553719044,28540.0,19620.0,ok,5397.55,12831.65,6082.55,12627.6,15030.0,249472.0,2.377310075867755,2.0760371883502806,2.4710031154696632,83f7f5180404aaff1e4d42351c83fa2c083c68d3179ba35daa204ccc350af1fc,semantic_live_support,True,512,6144,15872,2048,2048,8388608,20,5,e56bca913be9349b5a10d57295c7207b
b2,validation_reused,b2-k12-mixed-tree-4-4769a3d3ef25,5309945438962748026,3e999714a42c4f044b430b8cc40abb720d38493759d9fe0cc549d769e03d9ad9,3e999714a42c4f044b430b8cc40abb720d38493759d9fe0cc549d769e03d9ad9,,mixed,12,27,29,25,4820.0,200.0,13,28,20,4,15,29,21,25761.0,26330.0,14870.0,640,198462.0,194302.06157267094,8029.863238334656,17011.072486639023,48320.39121538401,25619.985535740852,26060.0,16431.0,ok,5737.1,12020.1,5888.55,11171.6,15200.0,234703.0,2.0951526032315977,1.8971733278990583,2.581280620865918,3e999714a42c4f044b430b8cc40abb720d38493759d9fe0cc549d769e03d9ad9,semantic_live_support,True,512,6144,14848,2048,2048,8388608,20,5,4769a3d3ef257f5baf500e4fadea31a5
b2,validation_reused,b2-k12-mixed-shared-1-f8b45cd2b4da,3228334566636910320,58d74552627d4b7e9c125d6eb17b2f852862824480487ffbd2d2855002864947,58d74552627d4b7e9c125d6eb17b2f852862824480487ffbd2d2855002864947,,mixed,12,42,82,32,7260.0,230.0,20,44,36,8,42,63,51,36090.0,45160.0,21560.0,1030,402283.0,396032.93407708406,29020.01142501831,38802.274502813816,85160.48546880484,61150.29100328684,37170.0,46111.0,ok,10458.6,31645.8,7636.05,20299.2,17480.0,419924.0,3.0258160748092475,2.658337753157719,2.289141637364868,58d74552627d4b7e9c125d6eb17b2f852862824480487ffbd2d2855002864947,semantic_live_support,True,512,6144,41984,2048,4096,8388608,20,5,f8b45cd2b4dae9a1f0826e7ff9df8a79
b2,validation_reused,b2-k12-mixed-shared-2-50e3ef4d7ce9,5068251161288152654,7d6ab2fd13b177da1853d5aba62e55a9f8bd1d2f9b1c5a128c5194b40f2544ca,7d6ab2fd13b177da1853d5aba62e55a9f8bd1d2f9b1c5a128c5194b40f2544ca,,mixed,12,36,64,30,6340.0,210.0,18,39,31,7,32,57,44,31940.0,44260.0,19780.0,885,337543.0,331982.97023773193,22689.92830067873,33649.84877407551,73830.01502603292,48269.75055038929,35880.0,40000.0,ok,9333.6,26131.25,7113.6,17531.2,17360.0,357653.0,2.7996967943773035,2.4644624381466484,2.440395861448493,7d6ab2fd13b177da1853d5aba62e55a9f8bd1d2f9b1c5a128c5194b40f2544ca,semantic_live_support,True,512,6144,32768,2560,3584,8388608,20,5,50e3ef4d7ce94f2b7e5fe91738eb7758
b2,validation_reused,b2-k12-mixed-shared-3-b8fa1dce4b0b,6783274338345329890,d170e5645e8911a3ecb37073163e94e81699b620f5d1a07eeb2d13301d1a8f3d,d170e5645e8911a3ecb37073163e94e81699b620f5d1a07eeb2d13301d1a8f3d,,mixed,12,32,73,24,4830.0,230.0,12,30,24,8,36,82,59,28150.0,35620.0,17160.0,785,275723.0,270802.9933273792,15790.225006639957,25149.90046620369,60729.68244552612,42360.04315316677,26090.0,43400.0,ok,13377.6,29547.3,5465.05,13474.15,15420.0,319203.0,2.2087145676354503,2.465512666855747,2.8215661338871554,d170e5645e8911a3ecb37073163e94e81699b620f5d1a07eeb2d13301d1a8f3d,semantic_live_support,True,512,6144,37376,2560,4096,8388608,20,5,b8fa1dce4b0bc619bce10a46918c22fa
b2,validation_reused,b2-k12-mixed-shared-4-b5d9843db5e5,8163146052916282808,f056e6820013d8b35a3a4a56d4b2e9cece0e03cb2be1884a7fe5b62e6e54439f,f056e6820013d8b35a3a4a56d4b2e9cece0e03cb2be1884a7fe5b62e6e54439f,,mixed,12,41,92,33,6990.0,210.0,21,40,32,10,47,60,52,38870.0,44750.0,21350.0,999,379104.0,372363.9529198408,28460.868634283543,34189.89945203066,80319.81997191906,57570.869103074074,38601.0,55680.0,ok,9579.1,35073.85,7564.05,18383.2,18230.0,413834.0,3.6614974266893547,2.4303382447233957,2.41008454465531,f056e6820013d8b35a3a4a56d4b2e9cece0e03cb2be1884a7fe5b62e6e54439f,semantic_live_support,True,512,6144,47104,2560,5120,8388608,20,5,b5d9843db5e5a41e524408169173818c
b2,validation_reused,b2-k16-xor_dom-tree-1-2f5ce8a982ff,6810252154136699346,018e0ba07f27a37af3716edbabbd12ddb0b4c19c71b3e0d33f1ffc9c32f618c8,018e0ba07f27a37af3716edbabbd12ddb0b4c19c71b3e0d33f1ffc9c32f618c8,,xor_dom,16,39,45,30,6070.0,230.0,14,29,25,5,23,29,25,32710.0,46031.0,20451.0,934,340454.0,334723.9689901471,26989.844627678394,38010.766729712486,74920.24451494217,46149.943955242634,32340.0,30080.0,ok,28676.2,25744.2,24316.2,22402.4,33320.0,406954.0,0.8977549326619287,0.9212952681751261,1.4873406420740634,018e0ba07f27a37af3716edbabbd12ddb0b4c19c71b3e0d33f1ffc9c32f618c8,semantic_live_support,True,8192,131072,368640,40960,40960,8388608,5,5,2f5ce8a982ffa8fd1f0938431c39c29c
b2,validation_reused,b2-k16-xor_dom-tree-2-dc59bd3a0d74,5929915108510667547,b3ff3aa89347b3ff62d4d5966b626179406588b275bf6df9a7ddf9da6917a985,b3ff3aa89347b3ff62d4d5966b626179406588b275bf6df9a7ddf9da6917a985,,xor_dom,16,35,38,27,5260.0,210.0,11,22,20,4,19,22,20,29011.0,36471.0,18920.0,836,305153.0,299813.10945004225,20480.24907708168,35580.829717218876,67419.60532963276,42600.9064540267,30080.0,25021.0,ok,14684.2,21212.2,14604.2,19240.2,29451.0,371354.0,1.4445594584655617,1.3174429273770558,1.5307013440608725,b3ff3aa89347b3ff62d4d5966b626179406588b275bf6df9a7ddf9da6917a985,semantic_live_support,True,8192,131072,311296,32768,32768,8388608,5,5,dc59bd3a0d742d46cb136f3486a28cda
b2,validation_reused,b2-k16-xor_dom-tree-3-fd0e9542c807,2205747598495726275,a3955e0d7106bf8d76e35852c93e5943f4d40a0fc2408a3793bffdf25c694402,a3955e0d7106bf8d76e35852c93e5943f4d40a0fc2408a3793bffdf25c694402,,xor_dom,16,40,47,31,6110.0,250.0,15,34,28,4,24,34,28,33841.0,44551.0,20940.0,961,355193.0,349482.9870760441,24629.756808280945,40960.03249287605,78043.0855229497,51559.99679118395,34181.0,31300.0,ok,27582.2,25860.4,27222.4,23650.2,33910.0,442015.0,0.9375756828679366,0.8687771834959445,1.4338145131965057,a3955e0d7106bf8d76e35852c93e5943f4d40a0fc2408a3793bffdf25c694402,semantic_live_support,True,8192,131072,385024,49152,32768,8388608,5,5,fd0e9542c807aa5f98d6a8a50bb4942a
b2,validation_reused,b2-k16-xor_dom-tree-4-ccf5dc564650,2152520424065324552,3c793589cc2bebc13af38a7c815bc02ed82fcfd33ae54d0a1d523e95d20eb1e3,3c793589cc2bebc13af38a7c815bc02ed82fcfd33ae54d0a1d523e95d20eb1e3,,xor_dom,16,40,48,30,5840.0,200.0,14,29,26,4,24,29,26,39290.0,41111.0,20821.0,965,362893.0,356663.0184650421,25039.77157175541,43030.944652855396,76769.96756345034,54169.911891222,32910.0,29450.0,ok,19002.2,25752.2,19420.2,23034.2,38040.0,412664.0,1.3552220269231983,1.1860948908868085,1.6514573981297376,3c793589cc2bebc13af38a7c815bc02ed82fcfd33ae54d0a1d523e95d20eb1e3,semantic_live_support,True,8192,131072,393216,40960,32768,8388608,5,5,ccf5dc564650469fd8771eed98469d37
b2,validation_reused,b2-k16-xor_dom-shared-1-3867fe1a233b,7495572205536692381,61793872c60bf17fd180b9da24ec1c27aa496660279f122cdac3f9312e26df04,61793872c60bf17fd180b9da24ec1c27aa496660279f122cdac3f9312e26df04,,xor_dom,16,50,81,33,6790.0,200.0,17,35,31,7,41,47,43,38190.0,59560.0,24760.0,1227,491155.0,484135.0018978119,37801.10273510218,63670.3334748745,98490.03981798887,80991.07071757317,39001.0,43931.0,ok,35672.2,40662.4,28854.2,26852.2,36101.0,556385.0,1.13989044690263,0.9306166866522031,1.3444336032056963,61793872c60bf17fd180b9da24ec1c27aa496660279f122cdac3f9312e26df04,semantic_live_support,True,8192,131072,663552,49152,57344,8388608,5,5,3867fe1a233b8539d9c2ba0736d5141b
b2,validation_reused,b2-k16-xor_dom-shared-2-d28a01c0b901,465941860363625421,e6bb163b96b1e8d81c66a8d3862f9e8cc469a96a2e0c2c1627b125cc35e0d6c3,e6bb163b96b1e8d81c66a8d3862f9e8cc469a96a2e0c2c1627b125cc35e0d6c3,,xor_dom,16,41,63,26,5701.0,240.0,10,27,25,5,31,39,35,31700.0,46791.0,21560.0,999,432234.0,426114.0711605549,31559.844501316547,64050.08025467396,89430.71588873863,69581.43785595894,27740.0,33790.0,ok,25792.2,33398.2,15936.0,21670.2,30650.0,477245.0,1.294895355960329,1.3598268072289157,1.414384731105389,e6bb163b96b1e8d81c66a8d3862f9e8cc469a96a2e0c2c1627b125cc35e0d6c3,semantic_live_support,True,8192,131072,516096,32768,40960,8388608,5,5,d28a01c0b9013e8020356d64403c0f01
b2,validation_reused,b2-k16-xor_dom-shared-3-78849fba8a04,98424347731004743,d8a6946aaef5ede9c872cb34102c54b328721c28f85ee042e221cd4e1035b1a3,d8a6946aaef5ede9c872cb34102c54b328721c28f85ee042e221cd4e1035b1a3,,xor_dom,16,45,72,29,6190.0,230.0,13,34,30,7,37,42,38,33920.0,48081.0,23400.0,1085,455184.0,448394.101113081,34889.78836685419,65599.80101883411,93260.89639216661,67729.96857762337,30561.0,42470.0,ok,29450.4,35676.2,25216.2,24448.2,35151.0,500654.0,1.2113995056094313,0.9695433887738835,1.4377745600903133,d8a6946aaef5ede9c872cb34102c54b328721c28f85ee042e221cd4e1035b1a3,semantic_live_support,True,8192,131072,589824,40960,57344,8388608,5,5,78849fba8a0496b7b3829f603bc87028
b2,validation_reused,b2-k16-xor_dom-shared-4-c20fb11b9c87,5927682103504941426,4ac9c3c0cad97d417ecda5976d75ae28cccf878ef50e0a5b38335576cdd355fc,4ac9c3c0cad97d417ecda5976d75ae28cccf878ef50e0a5b38335576cdd355fc,,xor_dom,16,45,70,31,5890.0,170.0,15,32,26,5,36,45,39,36350.0,44380.0,22710.0,1088,426434.0,419914.023950696,30320.02132385969,53609.60494726896,89820.0087249279,62710.256315767765,31510.0,40300.0,ok,37430.2,35808.4,29624.2,22284.2,31611.0,485915.0,0.9566713509412187,0.7522295960734805,1.4185386955780328,4ac9c3c0cad97d417ecda5976d75ae28cccf878ef50e0a5b38335576cdd355fc,semantic_live_support,True,8192,131072,573440,32768,40960,8388608,5,5,c20fb11b9c873214ba614bab4da1f4b0
b2,validation_reused,b2-k16-andor_dom-tree-1-9b69c21027be,1923879239273327675,2ca316eb2f35ea4b8332ebc0581fd6e0804e90ea1114984111640b40d9fcc188,2ca316eb2f35ea4b8332ebc0581fd6e0804e90ea1114984111640b40d9fcc188,,andor_dom,16,32,32,31,5510.0,250.0,15,17,16,4,16,17,16,31981.0,27800.0,17840.0,752,250292.0,245242.03035980463,16470.206901431084,18330.058082938194,59070.996940135956,35281.29309415817,32421.0,16720.0,ok,11090.2,18490.2,11982.2,18106.2,27320.0,359354.0,1.667255775369245,1.5110914523209427,1.5088754128420099,2ca316eb2f35ea4b8332ebc0581fd6e0804e90ea1114984111640b40d9fcc188,semantic_live_support,True,8192,131072,262144,32768,32768,8388608,5,5,9b69c21027be1612263d601c2fa605c2
b2,validation_reused,b2-k16-andor_dom-tree-2-4798fd76dd91,8936547383074978021,4460bf05a8bc6256ffcc79d3e2f758a8823b21313048bebf192867527f455313,4460bf05a8bc6256ffcc79d3e2f758a8823b21313048bebf192867527f455313,,andor_dom,16,34,34,31,5430.0,220.0,15,25,20,4,18,25,20,32431.0,32270.0,18160.0,795,251152.0,246021.89660072327,14700.11193305254,17889.891751110554,63001.06178969145,32420.270144939423,29881.0,19090.0,ok,26160.2,19954.2,26644.2,19390.2,28331.0,315223.0,0.7627693977874787,0.7277456256896435,1.4610989056327424,4460bf05a8bc6256ffcc79d3e2f758a8823b21313048bebf192867527f455313,semantic_live_support,True,8192,131072,278528,49152,32768,8388608,5,5,4798fd76dd91a3fedf52dc7c0edece3d
b2,validation_reused,b2-k16-andor_dom-tree-3-0631f9f38a59,2286144104135083728,fbe9a08a73ce5575f037a20423fdff198c637108de4103c6866d2a82619d5521,fbe9a08a73ce5575f037a20423fdff198c637108de4103c6866d2a82619d5521,,andor_dom,16,34,34,31,5200.0,200.0,15,25,20,5,18,25,20,30691.0,30881.0,23290.0,789,260743.0,255762.94865459204,15699.770301580429,20049.62880164385,63869.63650584221,34022.02855795622,30960.0,21791.0,ok,27376.2,19788.2,27962.2,18948.2,28380.0,320463.0,0.7228249355279404,0.6776362374920428,1.4977675979776444,fbe9a08a73ce5575f037a20423fdff198c637108de4103c6866d2a82619d5521,semantic_live_support,True,8192,131072,278528,40960,40960,8388608,5,5,0631f9f38a59e376b1fca7715ceaf22e
b2,validation_reused,b2-k16-andor_dom-tree-4-63621194d872,1732736013917953904,17f9d6bb136db54edcc941d09098c3b90ca65b39e4c4efbb1cce0ab98375d033,17f9d6bb136db54edcc941d09098c3b90ca65b39e4c4efbb1cce0ab98375d033,,andor_dom,16,36,39,33,5960.0,220.0,17,27,22,5,20,28,23,33981.0,34251.0,17931.0,853,285543.0,280832.98821002245,16419.79906708002,24481.09444230795,66120.64316868782,37319.84179466963,33020.0,21970.0,ok,24512.2,22646.2,24630.2,21182.4,30030.0,355814.0,0.9238746420149966,0.8600173770411934,1.4176863811466123,17f9d6bb136db54edcc941d09098c3b90ca65b39e4c4efbb1cce0ab98375d033,semantic_live_support,True,8192,131072,319488,40960,40960,8388608,5,5,63621194d872ff0fb0296bcc8a8fc619
b2,validation_reused,b2-k16-andor_dom-shared-1-98d2a1ad94ad,1220152016246370561,61cb2b2132400af1e104646086523433a7a1ab97ee1ca0017395caa45fe33395,61cb2b2132400af1e104646086523433a7a1ab97ee1ca0017395caa45fe33395,,andor_dom,16,43,71,28,6100.0,210.0,12,26,25,8,37,41,37,35711.0,41301.0,21460.0,1041,429494.0,424163.9981046319,37149.8754248023,50949.747674167156,94050.19227415323,69509.72601771355,30391.0,42610.0,ok,30948.2,35824.4,16328.0,22736.4,31650.0,469704.0,1.1575600519577876,1.3924791768740814,1.392040956351929,61cb2b2132400af1e104646086523433a7a1ab97ee1ca0017395caa45fe33395,semantic_live_support,True,8192,131072,581632,32768,65536,8388608,5,5,98d2a1ad94adf2bb987a8c3d3d580016
b2,validation_reused,b2-k16-andor_dom-shared-2-cf190eb487c4,7887325703681359166,a27c9206f7b3a6994f380287bd0875302344283e44383b01cd4424959ada4433,a27c9206f7b3a6994f380287bd0875302344283e44383b01cd4424959ada4433,,andor_dom,16,48,72,37,7020.0,200.0,21,40,34,8,38,47,40,40321.0,48570.0,23460.0,1154,436174.0,429254.025220871,33820.04797458649,37300.51685124636,96591.42233431339,71131.1586201191,40691.0,43571.0,ok,42598.4,36684.4,36572.4,28448.2,37740.0,502375.0,0.8611684945913461,0.7778598068488806,1.3266217194761003,a27c9206f7b3a6994f380287bd0875302344283e44383b01cd4424959ada4433,semantic_live_support,True,8192,131072,589824,40960,65536,8388608,5,5,cf190eb487c43e880bdcac6247716fcf
b2,validation_reused,b2-k16-andor_dom-shared-3-b995a8e54fc8,8291594619762703730,a858d9c33bba4c22c5645d0238026ec68895f78131c09866ba049ac1213930f0,a858d9c33bba4c22c5645d0238026ec68895f78131c09866ba049ac1213930f0,,andor_dom,16,44,84,32,6500.0,230.0,16,34,30,9,42,49,45,38211.0,46190.0,22900.0,1069,418624.0,412154.01142835617,32629.934139549732,39291.102439165115,89652.95273810625,70781.21416270733,35781.0,46240.0,ok,35370.2,41452.4,26778.2,25932.2,39251.0,484545.0,1.1719583151918849,0.9684071371488748,1.5136008514510917,a858d9c33bba4c22c5645d0238026ec68895f78131c09866ba049ac1213930f0,semantic_live_support,True,8192,131072,688128,40960,73728,8388608,5,5,b995a8e54fc8be58fad7f1820347b1a4
b2,validation_reused,b2-k16-andor_dom-shared-4-00fae4d6add7,911737085210064713,7b9b7ab938f677f2eeba5f8f4b683b2e08a62006f1718fd09dbd9982634affb7,7b9b7ab938f677f2eeba5f8f4b683b2e08a62006f1718fd09dbd9982634affb7,,andor_dom,16,43,78,32,6510.0,200.0,16,33,29,8,39,52,45,37050.0,45281.0,22201.0,1042,395634.0,390334.0548276901,28699.636459350586,35380.12970238924,87071.67580723763,68451.0450810194,34791.0,46170.0,ok,55390.4,40100.4,32342.2,25490.2,35291.0,567516.0,0.7239593864640804,0.7881405717607337,1.3844928639241747,7b9b7ab938f677f2eeba5f8f4b683b2e08a62006f1718fd09dbd9982634affb7,semantic_live_support,True,8192,131072,638976,40960,65536,8388608,5,5,00fae4d6add7f3969a304bb041c09e1d
b2,validation_reused,b2-k16-impeqv_dom-tree-1-e08d580f6edb,2303823521989399970,28939964043b92825c69db3a62cc0fd0e572fe878bc09d6abe48f167e8f38c56,28939964043b92825c69db3a62cc0fd0e572fe878bc09d6abe48f167e8f38c56,,impeqv_dom,16,40,48,40,7500.0,230.0,24,65,44,6,24,65,44,34890.0,43860.0,20610.0,970,280133.0,274753.08161228895,4359.870217740536,18009.799532592297,74989.74446207285,48440.29899686575,41901.0,27790.0,ok,102135.0,30858.2,102831.0,31160.4,41010.0,380024.0,0.3021314926323004,0.3030253522770371,1.3160935032926406,28939964043b92825c69db3a62cc0fd0e572fe878bc09d6abe48f167e8f38c56,semantic_live_support,True,8192,131072,393216,49152,49152,8388608,5,5,e08d580f6edb5bb7f9f29d7e6b5c87b1
b2,validation_reused,b2-k16-impeqv_dom-tree-2-c47a93c76ff1,4202918359783409565,b02ee6a9490f8f01dae562dfc4eaee99f6b91c56c9a55de5075e040c2c8badb0,b02ee6a9490f8f01dae562dfc4eaee99f6b91c56c9a55de5075e040c2c8badb0,,impeqv_dom,16,38,41,37,6540.0,210.0,21,56,37,5,22,56,37,33120.0,42171.0,19421.0,896,274742.0,269641.9833227992,5001.085810363293,20969.542674720287,79540.76863825321,41190.069168806076,39520.0,27351.0,ok,78986.8,26272.2,76922.8,25632.2,35740.0,347193.0,0.332615069859774,0.3332197995912785,1.394339931804527,b02ee6a9490f8f01dae562dfc4eaee99f6b91c56c9a55de5075e040c2c8badb0,semantic_live_support,True,8192,131072,335872,40960,40960,8388608,5,5,c47a93c76ff1f90404d1101c7e522774
b2,validation_reused,b2-k16-impeqv_dom-tree-3-01da67660395,3476691762425883568,6eca2c4bc082b0802c1c2ec4897191c392a9aa04049295ebb289b5966f58ca11,6eca2c4bc082b0802c1c2ec4897191c392a9aa04049295ebb289b5966f58ca11,,impeqv_dom,16,40,47,39,7120.0,210.0,23,60,41,6,24,60,41,34710.0,45210.0,21110.0,961,307583.0,302052.9402419925,7020.19315212965,24090.171791613102,81341.13159030676,50580.01261204481,44381.0,30041.0,ok,85082.8,29998.4,85309.0,29750.4,40441.0,429724.0,0.3525788996130828,0.3487369445193356,1.359343067656233,6eca2c4bc082b0802c1c2ec4897191c392a9aa04049295ebb289b5966f58ca11,semantic_live_support,True,8192,131072,385024,40960,49152,8388608,5,5,01da676603950bf10ac55f06ccb310ec
b2,validation_reused,b2-k16-impeqv_dom-tree-4-f1d16cc1ccd8,5028277784127778536,b2800e59b7e91c0103d66c14b98bd8f6bd2802fc6614fcd1cba5ce28391b0a8d,b2800e59b7e91c0103d66c14b98bd8f6bd2802fc6614fcd1cba5ce28391b0a8d,,impeqv_dom,16,36,37,36,6350.0,170.0,20,54,35,5,20,54,35,30380.0,39370.0,19550.0,844,231092.0,226431.99190497398,1790.0019884109497,14799.879863858223,67631.71404600143,35669.771023094654,43110.0,25370.0,ok,81112.8,24908.2,80688.8,25268.2,34291.0,313483.0,0.3070810032448639,0.3131562249035802,1.3570812325373394,b2800e59b7e91c0103d66c14b98bd8f6bd2802fc6614fcd1cba5ce28391b0a8d,semantic_live_support,True,8192,131072,303104,32768,40960,8388608,5,5,f1d16cc1ccd87cd3bdbf93dc2d4cbb76
b2,validation_reused,b2-k16-impeqv_dom-shared-1-37e51ffa951a,8541885619864290971,3750f3194b5162b24abdb770fe535cd77b4bef4322b4e5dfa973574f347c175c,3750f3194b5162b24abdb770fe535cd77b4bef4322b4e5dfa973574f347c175c,,impeqv_dom,16,46,75,46,8550.0,240.0,30,77,52,7,39,93,64,41691.0,52530.0,24230.0,1118,386463.0,378682.97658860683,7829.978130757809,25579.938665032387,96190.95362722874,76470.89660167694,52550.0,44840.0,ok,143179.2,44944.4,121983.2,35858.4,47461.0,461295.0,0.31390313676846915,0.2939617914598076,1.3235671418691297,3750f3194b5162b24abdb770fe535cd77b4bef4322b4e5dfa973574f347c175c,semantic_live_support,True,8192,131072,614400,32768,57344,8388608,5,5,37e51ffa951a5efa0431ecfe2e1e7612
b2,validation_reused,b2-k16-impeqv_dom-shared-2-c84cd9722277,7728009916220492791,1c30a6291e46f89c84bcae3dadbeef7d015272b03ccf65928a8dfa7f459ee9b9,1c30a6291e46f89c84bcae3dadbeef7d015272b03ccf65928a8dfa7f459ee9b9,,impeqv_dom,16,52,105,49,9250.0,200.0,33,80,54,8,58,118,82,48400.0,55441.0,28090.0,1262,403114.0,396304.065361619,10229.87999022007,30549.82516914606,96890.14405012131,75871.82335555553,54540.0,60511.0,ok,175837.6,59634.6,134103.2,38196.4,57690.0,501994.0,0.33914589371101517,0.2848284008137017,1.5103517608989327,1c30a6291e46f89c84bcae3dadbeef7d015272b03ccf65928a8dfa7f459ee9b9,semantic_live_support,True,8192,131072,860160,40960,65536,8388608,5,5,c84cd972227722d3994c261dbed9935f
b2,validation_reused,b2-k16-impeqv_dom-shared-3-dd3d88c4a1c4,4375186941912038214,5d121794535354beda6ba2813e5aba86727dc7c786f7fc871639de7cbca6eb44,5d121794535354beda6ba2813e5aba86727dc7c786f7fc871639de7cbca6eb44,,impeqv_dom,16,47,125,42,7820.0,190.0,26,74,49,7,63,185,123,40970.0,51731.0,24511.0,1148,323574.0,317992.9917678237,1379.9872249364853,16860.43106019497,84190.62942266464,65070.92621177435,52230.0,86601.0,ok,292618.8,76538.8,126685.2,32772.4,46210.0,420654.0,0.2615648755308955,0.25869162301515886,1.4100279503484638,5d121794535354beda6ba2813e5aba86727dc7c786f7fc871639de7cbca6eb44,semantic_live_support,True,8192,131072,1024000,49152,57344,8388608,5,5,dd3d88c4a1c4c77c937babcfe278be7c
b2,validation_reused,b2-k16-impeqv_dom-shared-4-750f3169f2d6,1888028651262616953,516f91b25b608fbd7314967bd76f9d270ad918c97cc184abb9d442d58cab63a2,516f91b25b608fbd7314967bd76f9d270ad918c97cc184abb9d442d58cab63a2,,impeqv_dom,16,40,83,39,7340.0,220.0,23,67,44,6,44,124,81,35090.0,45390.0,22291.0,969,286873.0,281343.00373494625,1559.9653124809265,15810.24844199419,76541.09504073858,61271.01369202137,43351.0,47461.0,ok,194327.8,51336.6,116661.2,29722.2,39580.0,370613.0,0.2641752749735241,0.2547736522511341,1.3316645470389137,516f91b25b608fbd7314967bd76f9d270ad918c97cc184abb9d442d58cab63a2,semantic_live_support,True,8192,131072,679936,32768,49152,8388608,5,5,750f3169f2d63d844b1f4544bdd21e36
b2,validation_reused,b2-k16-mixed-tree-1-d1b5689114e3,2031832896383559571,cfd9c47fbac4cfe26ed662ae3188f5f7e58968533c6a4898b9d815378ce18e20,cfd9c47fbac4cfe26ed662ae3188f5f7e58968533c6a4898b9d815378ce18e20,,mixed,16,32,32,29,5180.0,190.0,13,25,20,6,16,25,20,29820.0,31320.0,17080.0,752,255113.0,249983.04434120655,13460.05592495203,20180.013962090015,61239.81438577175,39000.180549919605,33540.0,20170.0,ok,31844.4,19674.2,32334.4,18738.0,28790.0,311443.0,0.6178229139189308,0.5795066554505418,1.536449994663251,cfd9c47fbac4cfe26ed662ae3188f5f7e58968533c6a4898b9d815378ce18e20,semantic_live_support,True,8192,131072,262144,40960,49152,8388608,5,5,d1b5689114e3546f3a1d158264d1cd1a
b2,validation_reused,b2-k16-mixed-tree-2-9cf5c64922ce,7206917432231053046,c4c0eb0b91911ee77095e3f1861624778ca5fc74b348b68586b378949000912b,c4c0eb0b91911ee77095e3f1861624778ca5fc74b348b68586b378949000912b,,mixed,16,32,33,32,5440.0,220.0,16,26,21,5,16,26,21,32400.0,31670.0,17250.0,759,247352.0,242431.99732154608,11840.020306408405,20839.856006205082,58849.92424398661,35350.79304128885,32400.0,20500.0,ok,25068.4,20162.2,25676.2,20314.2,29440.0,317273.0,0.8042874694834932,0.7911684750858772,1.4492325565368067,c4c0eb0b91911ee77095e3f1861624778ca5fc74b348b68586b378949000912b,semantic_live_support,True,8192,131072,270336,40960,40960,8388608,5,5,9cf5c64922ce0571249969b7df68a600
b2,validation_reused,b2-k16-mixed-tree-3-813773e1451b,8471364858595781130,a95812dc6dbc063bb8164d6abbc45375d73fcfc19d0625b01d15b5c6e8414b8e,a95812dc6dbc063bb8164d6abbc45375d73fcfc19d0625b01d15b5c6e8414b8e,,mixed,16,40,48,40,7430.0,220.0,24,53,38,6,24,53,38,38710.0,44010.0,22160.0,966,309103.0,303143.0533155799,10639.66192305088,23510.190658271313,76399.99967068434,49981.87068849802,41221.0,30310.0,ok,77340.8,29766.4,78622.8,30418.4,40251.0,403634.0,0.384873184658033,0.386890316803777,1.3232451410988086,a95812dc6dbc063bb8164d6abbc45375d73fcfc19d0625b01d15b5c6e8414b8e,semantic_live_support,True,8192,131072,393216,40960,49152,8388608,5,5,813773e1451bbd6a2f98e96ceefda0d9
b2,validation_reused,b2-k16-mixed-tree-4-8eb11693eacf,7546548295398555270,4d6d9f055df5a6ee20cb816584dc2ae46a7f5e44347816ed8de2c611a8529f3b,4d6d9f055df5a6ee20cb816584dc2ae46a7f5e44347816ed8de2c611a8529f3b,,mixed,16,37,43,36,6760.0,220.0,20,43,32,5,21,43,32,35740.0,41861.0,20591.0,893,309453.0,303753.06960195303,14910.008758306503,26839.785277843475,74700.8016332984,49029.82618659735,38630.0,27021.0,ok,51294.4,25990.2,52066.6,25770.2,35290.0,367403.0,0.5066868897969369,0.49494685652606474,1.3694111803556046,4d6d9f055df5a6ee20cb816584dc2ae46a7f5e44347816ed8de2c611a8529f3b,semantic_live_support,True,8192,131072,352256,32768,40960,8388608,5,5,8eb11693eacf1038682e614ce5d178ae
b2,validation_reused,b2-k16-mixed-shared-1-ee24b1b1bb48,7410857442308306875,c1e3d8599b12aecc02b1037e39548ef97c9b307728c1dd11c2724784ceae6cb0,c1e3d8599b12aecc02b1037e39548ef97c9b307728c1dd11c2724784ceae6cb0,,mixed,16,41,77,33,6500.0,200.0,17,39,32,6,38,54,46,35481.0,42711.0,21740.0,998,384624.0,378674.01260882616,25009.852834045887,34030.177630484104,82901.67897939682,68602.15216875076,36050.0,47040.0,ok,53962.4,41726.4,42782.4,26802.2,35980.0,448574.0,0.7732495218893155,0.626477242978421,1.3424271141921185,c1e3d8599b12aecc02b1037e39548ef97c9b307728c1dd11c2724784ceae6cb0,semantic_live_support,True,8192,131072,630784,40960,49152,8388608,5,5,ee24b1b1bb4825011fe7d41a9efa2bb7
b2,validation_reused,b2-k16-mixed-shared-2-bc31f42a45c2,8112298265698936930,7a725401fb035c3469721894db466607939804371e65638031032201203731b2,7a725401fb035c3469721894db466607939804371e65638031032201203731b2,,mixed,16,44,96,34,6670.0,280.0,18,51,39,7,50,107,76,36261.0,49901.0,23880.0,1073,405573.0,399863.92948776484,22229.738533496857,37730.20580410957,92710.71758121252,75521.06399089098,39760.0,58751.0,ok,135065.2,54502.6,58950.6,29714.2,39780.0,480515.0,0.4035280738487782,0.5040525456907987,1.338753861789986,7a725401fb035c3469721894db466607939804371e65638031032201203731b2,semantic_live_support,True,8192,131072,786432,32768,57344,8388608,5,5,bc31f42a45c2f54a8b39ca80550f8c5f
b2,validation_reused,b2-k16-mixed-shared-3-8dda327e304f,5943071947396413043,5a5dd23628309d8254036753447cc7855664935af517dc86b3a9c8b57d120b9f,5a5dd23628309d8254036753447cc7855664935af517dc86b3a9c8b57d120b9f,,mixed,16,46,85,39,8030.0,210.0,23,50,40,9,42,70,56,41810.0,49401.0,23620.0,1133,424804.0,418453.9429843426,24670.036509633064,37110.41063070297,91950.05986839533,78900.13512223959,43601.0,48000.0,ok,78326.8,46006.6,54114.4,31998.4,41691.0,506605.0,0.587367286803495,0.5913102612243691,1.3029088954447723,5a5dd23628309d8254036753447cc7855664935af517dc86b3a9c8b57d120b9f,semantic_live_support,True,8192,131072,696320,40960,73728,8388608,5,5,8dda327e304f66ada6c383e414f2a5f7
b2,validation_reused,b2-k16-mixed-shared-4-8dafe13fc96b,4257770961390699927,2b01e9e55fa763957fceaf6cf7170bb8e75ab3237ef34252d83ab4a5e9c39ccc,2b01e9e55fa763957fceaf6cf7170bb8e75ab3237ef34252d83ab4a5e9c39ccc,,mixed,16,41,69,32,6280.0,190.0,16,45,35,8,34,68,51,34361.0,51241.0,21470.0,1001,377594.0,371944.04285401106,22940.57048857212,34449.73845034838,85630.80336898565,68320.77633589506,36100.0,39990.0,ok,99659.0,40046.4,58468.6,28032.2,36330.0,547156.0,0.40183425480889834,0.4794402465596919,1.2960095889726815,2b01e9e55fa763957fceaf6cf7170bb8e75ab3237ef34252d83ab4a5e9c39ccc,semantic_live_support,True,8192,131072,565248,49152,65536,8388608,5,5,8dafe13fc96bfdcb0f894634ae107e89
epfl,validation_reused,epfl-arithmetic-adder-po3-e22ec7119f,,5f85ccec0d99b17c1f1e24b9cc46ce3319945912648ce0a7842f2114eafcb741,5f85ccec0d99b17c1f1e24b9cc46ce3319945912648ce0a7842f2114eafcb741,60a28c90dc413ab479e07aba13185ae71ab7ffd3fd256c5e631212ee46170bcd,adder.aig,8,42,89,41,7640.0,200.0,33,53,34,6,61,95,61,35531.0,35410.0,21520.0,956,301433.0,295303.06346714497,18469.98929977417,21280.022338032722,88900.56051313877,28870.184905827045,47871.0,48430.0,ok,7426.27,31972.31,5363.65,17887.07,15620.0,316013.0,4.305298622323185,3.3348689791466635,2.9121959859424087,5f85ccec0d99b17c1f1e24b9cc46ce3319945912648ce0a7842f2114eafcb741,semantic_live_support,True,32,256,2848,192,192,8388608,100,5,e22ec7119ffd1636eadffc9fcfcb4843
epfl,validation_reused,epfl-arithmetic-adder-po4-ed17ac917c,,7438036983e270a3aae7df9a97a7adb27b08600271f54b1528fb7c79033c2900,7438036983e270a3aae7df9a97a7adb27b08600271f54b1528fb7c79033c2900,60a28c90dc413ab479e07aba13185ae71ab7ffd3fd256c5e631212ee46170bcd,adder.aig,10,54,117,53,9450.0,230.0,43,69,44,8,81,127,81,45591.0,50270.0,25770.0,1222,375794.0,369173.94027113914,22010.06282120943,25410.08871048689,105910.23601591587,38561.178371310234,58521.0,72551.0,ok,11098.3,40775.6,7536.06,22129.62,17720.0,394724.0,3.6740401683140664,2.936497320881203,2.351361321433216,7438036983e270a3aae7df9a97a7adb27b08600271f54b1528fb7c79033c2900,semantic_live_support,True,128,1280,14976,896,1024,8388608,50,5,ed17ac917c28511b926f91df0f41f4cd
epfl,validation_reused,epfl-arithmetic-adder-po5-d8df03f32b,,cc1392ab2872a16263358c49d54f6f6a042ee879c568ff666eff15a4b702977b,cc1392ab2872a16263358c49d54f6f6a042ee879c568ff666eff15a4b702977b,60a28c90dc413ab479e07aba13185ae71ab7ffd3fd256c5e631212ee46170bcd,adder.aig,12,66,145,65,10970.0,260.0,53,85,54,10,101,159,101,54991.0,61001.0,29690.0,1490,448324.0,440943.98617744446,24650.01307427883,31799.543648958206,129080.3775191307,50180.00956624746,72091.0,86521.0,ok,27201.75,51614.95,16102.15,27461.75,27241.0,465495.0,1.8974863749574935,1.705471008529917,1.6917616591573175,cc1392ab2872a16263358c49d54f6f6a042ee879c568ff666eff15a4b702977b,semantic_live_support,True,512,6144,74240,4096,5120,8388608,20,5,d8df03f32bb4ff5aac640b5056423024
epfl,validation_reused,epfl-arithmetic-adder-po6-5e5f8d2bf9,,ed2f865d4c1d045128523bd100e5c1052d90c4ffdde819b5e6e720ddda2ec6d0,ed2f865d4c1d045128523bd100e5c1052d90c4ffdde819b5e6e720ddda2ec6d0,60a28c90dc413ab479e07aba13185ae71ab7ffd3fd256c5e631212ee46170bcd,adder.aig,14,78,173,77,13521.0,220.0,63,101,64,12,121,191,121,63291.0,64931.0,33780.0,1758,532035.0,523195.01992315054,27230.00943660736,35951.26327127218,160842.3190191388,64669.87542808056,90341.0,104531.0,ok,82910.8,63860.6,45532.4,33936.2,55960.0,596975.0,0.7702325873107001,0.7453198162187804,1.229014943205278,ed2f865d4c1d045128523bd100e5c1052d90c4ffdde819b5e6e720ddda2ec6d0,semantic_live_support,True,2048,28672,354304,18432,24576,8388608,5,5,5e5f8d2bf9194aa08af98cde3140bffc
epfl,validation_reused,epfl-arithmetic-adder-po7-7187a359bb,,9d28057f0e1c91056edd5e0780e22fabb109924591d348fee488088f94b03a13,9d28057f0e1c91056edd5e0780e22fabb109924591d348fee488088f94b03a13,60a28c90dc413ab479e07aba13185ae71ab7ffd3fd256c5e631212ee46170bcd,adder.aig,16,90,201,89,15550.0,200.0,73,117,74,14,141,223,141,74090.0,74131.0,37520.0,2026,639516.0,623765.9836187959,31460.891477763653,42559.695430099964,175241.49734526873,83020.07336169481,98121.0,128181.0,ok,281548.8,106069.0,147911.4,55294.6,63000.0,804698.0,0.3767339800418258,0.37383595855356655,1.139351763101641,9d28057f0e1c91056edd5e0780e22fabb109924591d348fee488088f94b03a13,semantic_live_support,True,8192,131072,1646592,81920,114688,8388608,5,5,7187a359bb715a036d7885a01c0f65a1
epfl,validation_reused,epfl-arithmetic-adder-internal23-c8f7e7c3d1,,8c303820e642d3085b45ccf82e502f884e33901014b7355ce9947a191d911173,8c303820e642d3085b45ccf82e502f884e33901014b7355ce9947a191d911173,60a28c90dc413ab479e07aba13185ae71ab7ffd3fd256c5e631212ee46170bcd,adder.aig,8,37,43,35,6840.0,190.0,27,45,29,7,29,45,29,30121.0,37501.0,18950.0,844,261713.0,256792.99142211676,15909.899957478046,18491.060473024845,77919.68528181314,21460.000425577164,39451.0,23480.0,ok,3994.54,15363.54,4584.24,15132.15,16200.0,281342.0,3.8461349742398374,3.300907020574839,3.533846395476677,8c303820e642d3085b45ccf82e502f884e33901014b7355ce9947a191d911173,semantic_live_support,True,32,256,1376,160,224,8388608,100,5,c8f7e7c3d152396e9e07dab9ad5b9c81
epfl,validation_reused,epfl-arithmetic-adder-internal59-0da2adafe4,,314c7a0e9d6ef2861621e1abd2ac969b70fafecc64f84c17e6e40dabd4aec203,314c7a0e9d6ef2861621e1abd2ac969b70fafecc64f84c17e6e40dabd4aec203,60a28c90dc413ab479e07aba13185ae71ab7ffd3fd256c5e631212ee46170bcd,adder.aig,16,86,100,85,15391.0,200.0,69,111,70,16,70,111,70,68531.0,75661.0,36401.0,1932,588846.0,576496.0078522563,28659.706003963947,38230.79168796539,173769.54201608896,76111.17325723171,94811.0,64110.0,ok,140997.4,52410.6,141473.2,50290.4,58691.0,891388.0,0.37171323726536804,0.35547651427973637,1.1670418211030336,314c7a0e9d6ef2861621e1abd2ac969b70fafecc64f84c17e6e40dabd4aec203,semantic_live_support,True,8192,131072,819200,73728,131072,8388608,5,5,0da2adafe4073aa50a8272d1609ccc0e
epfl,validation_reused,epfl-arithmetic-bar-internal12-c0943537bc,,8c8c379a4908901531f2f5d87fbfdb999cc6f4d090cf41d953e14297a29dedec,8c8c379a4908901531f2f5d87fbfdb999cc6f4d090cf41d953e14297a29dedec,28a3d895fe2821d4dcd04230751a059cb31ff5e28285a61ff7778cf71fb61da3,bar.aig,8,30,38,23,7320.0,190.0,15,31,22,8,24,35,24,21560.0,29690.0,16110.0,701,230513.0,225313.0078315735,17030.281014740467,18380.931578576565,60161.459259688854,21950.10893046856,25261.0,18510.0,ok,3364.83,13895.33,3185.73,11524.71,13330.0,256003.0,4.129578611698065,3.617604128410129,4.184284292768062,8c8c379a4908901531f2f5d87fbfdb999cc6f4d090cf41d953e14297a29dedec,semantic_live_support,True,32,256,1216,160,256,8388608,100,5,c0943537bc142f4bbb73ea82b186df6e
epfl,validation_reused,epfl-arithmetic-bar-internal946-d4ec02cf11,,de79b1ebef3a6a2f2e4ad16d21d48d5e932615c52349246d16cc90d3647da400,de79b1ebef3a6a2f2e4ad16d21d48d5e932615c52349246d16cc90d3647da400,28a3d895fe2821d4dcd04230751a059cb31ff5e28285a61ff7778cf71fb61da3,bar.aig,8,29,37,22,5460.0,260.0,14,29,21,7,23,33,23,21280.0,29710.0,16310.0,681,223652.0,219421.92688584328,17329.934053122997,18460.210412740707,57540.25187343359,22631.254978477955,24940.0,21320.0,ok,3113.03,13638.63,2960.83,11092.3,12360.0,244442.0,4.381143130647632,3.7463481523761915,4.17450512187461,de79b1ebef3a6a2f2e4ad16d21d48d5e932615c52349246d16cc90d3647da400,semantic_live_support,True,32,256,1184,160,224,8388608,100,5,d4ec02cf1136c41e9bd1916f1b0ee824
epfl,validation_reused,epfl-arithmetic-bar-internal1491-d851acd11c,,79570f48654881e6c3b0293a3404059220fadaf331d51391080aeb1a61f9888e,79570f48654881e6c3b0293a3404059220fadaf331d51391080aeb1a61f9888e,28a3d895fe2821d4dcd04230751a059cb31ff5e28285a61ff7778cf71fb61da3,bar.aig,8,28,36,21,4480.0,190.0,13,27,20,6,22,31,22,20051.0,29440.0,15380.0,660,225092.0,220571.99385017157,16739.94120210409,18520.979210734367,54239.644668996334,21989.690139889717,23571.0,20250.0,ok,3072.23,13646.13,2877.63,11033.01,12531.0,240042.0,4.441767055200945,3.8340613629966325,4.354625160288154,79570f48654881e6c3b0293a3404059220fadaf331d51391080aeb1a61f9888e,semantic_live_support,True,32,256,1152,160,192,8388608,100,5,d851acd11c7e46c1a61c483ea739b41e
epfl,validation_reused,epfl-arithmetic-bar-internal1655-92b9245782,,0b86792efa3f1ec23b5e5fef89798ce65887056f734a22f0ec3bea3a09139cbe,0b86792efa3f1ec23b5e5fef89798ce65887056f734a22f0ec3bea3a09139cbe,28a3d895fe2821d4dcd04230751a059cb31ff5e28285a61ff7778cf71fb61da3,bar.aig,8,29,37,22,4740.0,200.0,14,29,21,7,23,33,23,21550.0,30720.0,16530.0,681,235552.0,229801.9826412201,17139.94424790144,19420.171156525612,59920.36312818527,24120.905436575413,26300.0,22250.0,ok,3187.33,13850.33,2988.33,11216.21,13221.0,252562.0,4.345433325071455,3.7533371481730597,4.424210177590829,0b86792efa3f1ec23b5e5fef89798ce65887056f734a22f0ec3bea3a09139cbe,semantic_live_support,True,32,256,1184,160,224,8388608,100,5,92b9245782c10ad004215feb9cdf4cc1
epfl,validation_reused,epfl-arithmetic-bar-internal2321-8f03a00382,,898ae3e0a2d5b9a004896620f6100d41741c1f7a6c59afda8fc4fc20331b6df5,898ae3e0a2d5b9a004896620f6100d41741c1f7a6c59afda8fc4fc20331b6df5,28a3d895fe2821d4dcd04230751a059cb31ff5e28285a61ff7778cf71fb61da3,bar.aig,12,54,76,40,8710.0,230.0,28,57,42,8,48,69,48,38100.0,55101.0,26880.0,1268,442114.0,435333.93181860447,36539.97555375099,37160.11997312307,112329.84252274036,51151.02976560593,44150.0,47891.0,ok,11676.1,27687.3,9308.6,21811.2,20310.0,450665.0,2.371279793766754,2.343123563156651,2.181853339922222,898ae3e0a2d5b9a004896620f6100d41741c1f7a6c59afda8fc4fc20331b6df5,semantic_live_support,True,512,6144,38912,2560,4096,8388608,20,5,8f03a00382f722f8356f7ce4ae9e61c6
epfl,validation_reused,epfl-arithmetic-div-internal11-6e2b7582e6,,01d0fabd251fcbbe2b93b4b927b26ad2a1a99077152e45ded1e678afa45dbec5,01d0fabd251fcbbe2b93b4b927b26ad2a1a99077152e45ded1e678afa45dbec5,e65955ae0931e5c7ed91a6210f0f6e6b7bd95eaeef1ffddcfb3e7ec633ed5d82,div.aig,8,23,23,17,3120.0,190.0,9,23,15,9,15,23,15,15640.0,23910.0,13690.0,524,163671.0,160201.10342651606,10649.90647137165,15579.978935420513,44730.02627491951,13399.869203567505,24050.0,14710.0,ok,2329.73,8806.38,2220.63,7115.16,12100.0,187252.0,3.780000257540573,3.2041177503681384,5.448904139816178,01d0fabd251fcbbe2b93b4b927b26ad2a1a99077152e45ded1e678afa45dbec5,semantic_live_support,True,32,256,736,160,288,8388608,100,5,6e2b7582e69a24a480feb20a4a258e8d
epfl,validation_reused,epfl-arithmetic-div-internal205-17fa719fea,,997c1bbe98efbc30bcb4fc4bbe24093055e0fa4b85351e419f04bc96f6a3bea2,997c1bbe98efbc30bcb4fc4bbe24093055e0fa4b85351e419f04bc96f6a3bea2,e65955ae0931e5c7ed91a6210f0f6e6b7bd95eaeef1ffddcfb3e7ec633ed5d82,div.aig,10,33,38,26,4900.0,200.0,16,35,23,11,25,38,25,24060.0,32750.0,17430.0,748,239102.0,234731.93868994713,16720.034182071686,23299.82817173004,66370.00478804111,20859.99585688114,26260.0,22470.0,ok,4012.44,14063.74,3831.04,11152.32,14061.0,254872.0,3.5050343431926705,2.9110424323421316,3.6702827430671565,997c1bbe98efbc30bcb4fc4bbe24093055e0fa4b85351e419f04bc96f6a3bea2,semantic_live_support,True,128,1280,4864,640,1408,8388608,50,5,17fa719fea419fc70e73558a1f8ddce6
epfl,validation_reused,epfl-arithmetic-div-internal2341-0bff27478a,,5778f985db754c6628691f56fadae50c65fddbe8eb2e93039633fefa05d45e31,5778f985db754c6628691f56fadae50c65fddbe8eb2e93039633fefa05d45e31,e65955ae0931e5c7ed91a6210f0f6e6b7bd95eaeef1ffddcfb3e7ec633ed5d82,div.aig,8,22,22,16,3170.0,190.0,8,21,14,8,14,21,14,15320.0,19660.0,13520.0,504,158732.0,155291.98572039604,10560.033842921257,14939.927496016026,43800.21709948778,12220.116332173347,15150.0,12310.0,ok,2231.83,8480.18,2105.92,6822.26,11630.0,169432.0,3.799653199392427,3.239562756419997,5.522526971584865,5778f985db754c6628691f56fadae50c65fddbe8eb2e93039633fefa05d45e31,semantic_live_support,True,32,256,704,160,256,8388608,100,5,0bff27478a11a38d9def3bd159cffbdd
epfl,validation_reused,epfl-arithmetic-div-internal10810-b1ae747db1,,d5990a0fe875a0aa109edb831f0e95b8f0a3a46b9b78daeaea9ce05c32c7201f,d5990a0fe875a0aa109edb831f0e95b8f0a3a46b9b78daeaea9ce05c32c7201f,e65955ae0931e5c7ed91a6210f0f6e6b7bd95eaeef1ffddcfb3e7ec633ed5d82,div.aig,14,41,41,29,4930.0,200.0,15,41,27,15,27,41,27,26150.0,37050.0,19560.0,924,320523.0,315443.0305585265,23310.07272005081,34719.93841230869,80209.92390811443,30541.210435330868,25970.0,20550.0,ok,17672.2,16110.0,16296.2,12808.0,26270.0,316623.0,0.9116012720544131,0.7859500987960383,1.6120322529178581,d5990a0fe875a0aa109edb831f0e95b8f0a3a46b9b78daeaea9ce05c32c7201f,semantic_live_support,True,2048,28672,83968,12288,30720,8388608,5,5,b1ae747db1c268396bdf3e86f1f55413
epfl,validation_reused,epfl-arithmetic-div-internal28675-2e29c8b7fc,,8b2cf5a9437ce2378e2ba67b209e77c5966fb18f456512ec0aaaa01c619c217b,8b2cf5a9437ce2378e2ba67b209e77c5966fb18f456512ec0aaaa01c619c217b,e65955ae0931e5c7ed91a6210f0f6e6b7bd95eaeef1ffddcfb3e7ec633ed5d82,div.aig,16,46,46,32,5470.0,220.0,16,45,30,16,30,45,30,29110.0,40100.0,21630.0,1038,341353.0,336452.96934992075,24600.187316536903,37310.76139956713,95720.05365043879,31599.891372025013,28250.0,24221.0,ok,55370.4,25670.2,51422.6,21496.2,31230.0,427944.0,0.4636087151257712,0.4180302046182029,1.4528149161247104,8b2cf5a9437ce2378e2ba67b209e77c5966fb18f456512ec0aaaa01c619c217b,semantic_live_support,True,8192,131072,376832,49152,131072,8388608,5,5,2e29c8b7fc05a592949476903c8a4505
epfl,validation_reused,epfl-arithmetic-hyp-internal65-be3998eac0,,892dc1d93262adb098e8a99ab8d0c65922c9e262dbaf8c9b873ea42b1e34007a,892dc1d93262adb098e8a99ab8d0c65922c9e262dbaf8c9b873ea42b1e34007a,b0be478cd838b5fb7bb91ee695aae9e5e8a6ddb3035f965461bb709c21386549,hyp.aig,8,44,67,38,7840.0,220.0,30,51,36,7,41,57,41,44500.0,43670.0,22150.0,1037,356444.0,350293.9362078905,26029.651053249836,27040.019631385803,92281.72712028027,42441.30104780197,48000.0,39631.0,ok,4986.15,23385.72,4965.14,19163.49,15190.0,369894.0,4.690135675822027,3.859607181267799,3.0593296462939614,892dc1d93262adb098e8a99ab8d0c65922c9e262dbaf8c9b873ea42b1e34007a,semantic_live_support,True,32,256,2144,192,224,8388608,100,5,be3998eac02d8153fbe2b03fa2a191da
epfl,validation_reused,epfl-arithmetic-hyp-internal17666-fd54aaf9b3,,198de70838377fa516f8f25f259d48d2acc38d2f09f983f3f98ba3a32f0a4e07,198de70838377fa516f8f25f259d48d2acc38d2f09f983f3f98ba3a32f0a4e07,b0be478cd838b5fb7bb91ee695aae9e5e8a6ddb3035f965461bb709c21386549,hyp.aig,12,58,108,53,9451.0,200.0,41,66,46,7,66,91,66,48721.0,49520.0,27031.0,1348,436574.0,429454.02674376965,32089.99987691641,32030.162401497364,111752.5389418006,49629.71433997154,52941.0,58460.0,ok,15511.15,38703.4,12806.15,25164.2,24940.0,475544.0,2.4951986151897185,1.9650089995822322,1.9475017862511372,198de70838377fa516f8f25f259d48d2acc38d2f09f983f3f98ba3a32f0a4e07,semantic_live_support,True,512,6144,55296,3072,3584,8388608,20,5,fd54aaf9b3ed8bf0bd52a04ebb21538c
epfl,validation_reused,epfl-arithmetic-hyp-internal39470-7af4a2b5bd,,9d6d1b4f4cb9e69615ed682a9f012d7c5e34dba6e16ce2c30fe3fe08f3a41526,9d6d1b4f4cb9e69615ed682a9f012d7c5e34dba6e16ce2c30fe3fe08f3a41526,b0be478cd838b5fb7bb91ee695aae9e5e8a6ddb3035f965461bb709c21386549,hyp.aig,12,41,49,33,6361.0,180.0,21,39,29,6,29,39,29,31940.0,37730.0,20960.0,962,311563.0,305633.0606341362,23099.826648831367,22351.276129484177,81781.18150681257,35240.198485553265,34230.0,25140.0,ok,6956.05,18646.15,7196.1,16849.15,16460.0,319793.0,2.6805658383709146,2.341427995719904,2.287350092411167,9d6d1b4f4cb9e69615ed682a9f012d7c5e34dba6e16ce2c30fe3fe08f3a41526,semantic_live_support,True,512,6144,25088,2560,3072,8388608,20,5,7af4a2b5bdfe2e940f507a680a7b93a5
epfl,validation_reused,epfl-arithmetic-hyp-internal60556-85a8c283b2,,068cc6dea0f88cf6c0cc4c18cb930df20504334f2df745ea0ba2b63d9c114d87,068cc6dea0f88cf6c0cc4c18cb930df20504334f2df745ea0ba2b63d9c114d87,b0be478cd838b5fb7bb91ee695aae9e5e8a6ddb3035f965461bb709c21386549,hyp.aig,12,47,103,41,7760.0,200.0,29,49,35,6,63,87,63,37641.0,45101.0,22851.0,1096,349443.0,343202.9625400901,24350.01078993082,24659.675545990467,90460.29299497604,41930.81986159086,40970.0,55381.0,ok,14867.1,37453.35,9196.6,19953.7,18740.0,384774.0,2.5192102023932037,2.1696822738838266,2.0377095883261203,068cc6dea0f88cf6c0cc4c18cb930df20504334f2df745ea0ba2b63d9c114d87,semantic_live_support,True,512,6144,52736,3072,3072,8388608,20,5,85a8c283b241c11a136b97590b04e7e5
epfl,validation_reused,epfl-arithmetic-hyp-internal76240-1bc3a2623d,,e7557c59ce00eb6eac61299f2e160fc750fec37af064a2bf539668e19c462bdc,e7557c59ce00eb6eac61299f2e160fc750fec37af064a2bf539668e19c462bdc,b0be478cd838b5fb7bb91ee695aae9e5e8a6ddb3035f965461bb709c21386549,hyp.aig,12,57,211,53,9680.0,210.0,41,65,45,6,131,183,131,48940.0,51460.0,27500.0,1324,434984.0,427954.0153220296,31059.95710939169,30250.63779205084,119931.06454610825,51330.19294589758,56791.0,116941.0,ok,30935.8,75344.75,12868.1,25126.75,23601.0,464094.0,2.4355196891627178,1.9526386956893402,1.834070297868372,e7557c59ce00eb6eac61299f2e160fc750fec37af064a2bf539668e19c462bdc,semantic_live_support,True,512,6144,108032,3584,3072,8388608,20,5,1bc3a2623d755d21c2b1f52b6c23ac51
epfl,validation_reused,epfl-arithmetic-hyp-internal97454-29cafc7bc4,,6ae90b00e22334d16b32f3d55eca283934424b24de7bb04bdf7380a4e42aeaaf,6ae90b00e22334d16b32f3d55eca283934424b24de7bb04bdf7380a4e42aeaaf,b0be478cd838b5fb7bb91ee695aae9e5e8a6ddb3035f965461bb709c21386549,hyp.aig,10,37,45,31,8280.0,230.0,21,37,27,6,27,37,27,28970.0,38410.0,18840.0,868,280053.0,275123.04950505495,19320.170395076275,20920.182578265667,74311.15955114365,30550.756491720676,33800.0,22981.0,ok,3832.64,16466.16,4283.44,15284.56,14701.0,305633.0,4.296297069382984,3.5682909063743162,3.4320546103132066,6ae90b00e22334d16b32f3d55eca283934424b24de7bb04bdf7380a4e42aeaaf,semantic_live_support,True,128,1280,5760,640,768,8388608,50,5,29cafc7bc498116a823b99a9af3569b8
epfl,validation_reused,epfl-arithmetic-hyp-internal119304-16daab6b7b,,1c4d64d031df1f1e95ff233263a3bef9131a16bacc361ce541751c5252b84018,1c4d64d031df1f1e95ff233263a3bef9131a16bacc361ce541751c5252b84018,b0be478cd838b5fb7bb91ee695aae9e5e8a6ddb3035f965461bb709c21386549,hyp.aig,12,57,107,51,9860.0,210.0,39,64,45,7,65,89,65,48150.0,58180.0,26730.0,1328,446484.0,439084.0185806155,34440.19239395857,32761.01779192686,116371.08400464058,51461.393013596535,55261.0,67301.0,ok,15231.65,38609.9,12293.1,24130.75,23140.0,455104.0,2.5348468485029527,1.9629507609960057,1.8823567692445355,1c4d64d031df1f1e95ff233263a3bef9131a16bacc361ce541751c5252b84018,semantic_live_support,True,512,6144,54784,3072,3584,8388608,20,5,16daab6b7bdf7b07ea30b5ec661a047d
epfl,validation_reused,epfl-arithmetic-hyp-internal212060-c28ab69616,,c1ba94e94e9e5bda403528c481e360a007a4338aec7850571e72a8ba0d9e4a12,c1ba94e94e9e5bda403528c481e360a007a4338aec7850571e72a8ba0d9e4a12,b0be478cd838b5fb7bb91ee695aae9e5e8a6ddb3035f965461bb709c21386549,hyp.aig,8,93,635,89,17350.0,210.0,81,126,85,14,399,563,399,86031.0,101621.0,39821.0,2173,716397.0,705686.9799271226,54062.227718532085,56792.283430695534,187640.42761176825,88579.48705554008,102611.0,403964.0,ok,43970.72,215202.06,12099.02,41813.3,22640.0,735217.0,4.894212785235266,3.4559245294246974,1.8712259340012662,c1ba94e94e9e5bda403528c481e360a007a4338aec7850571e72a8ba0d9e4a12,semantic_live_support,True,32,256,20320,288,448,8388608,100,5,c28ab69616b3c6909e4aa6aed555f5d6
epfl,validation_reused,epfl-arithmetic-log2-internal16-c3a7b25434,,3269aeb6831504cb8679ea40f749072951eb1728cc5e21e45fd0d6b423f6fa42,3269aeb6831504cb8679ea40f749072951eb1728cc5e21e45fd0d6b423f6fa42,146f031921372d0dc47c73ad2c82ce4e7413caff725204b7938a4cf61b1f15cb,log2.aig,8,19,19,13,2590.0,170.0,5,15,11,5,11,15,11,13460.0,18650.0,11220.0,444,141401.0,137910.94534099102,10539.77757692337,12021.162547171116,35939.50532376766,12399.861589074135,13770.0,11690.0,ok,1890.82,7288.97,1680.72,5831.76,10750.0,155171.0,3.8549253762917677,3.469798657718121,6.396068351658813,3269aeb6831504cb8679ea40f749072951eb1728cc5e21e45fd0d6b423f6fa42,semantic_live_support,True,32,256,608,160,160,8388608,100,5,c3a7b254347e6b932fdd568eab56616c
epfl,validation_reused,epfl-arithmetic-log2-internal1914-5f203d9539,,572dbdacc4bddfa324214e5e0f808bf1673be4ab3cbd524794866e03edfe9660,572dbdacc4bddfa324214e5e0f808bf1673be4ab3cbd524794866e03edfe9660,146f031921372d0dc47c73ad2c82ce4e7413caff725204b7938a4cf61b1f15cb,log2.aig,8,402,2380,291,64161.0,200.0,283,515,394,117,1476,2049,1476,436254.0,441184.0,176351.0,10299,5787855.0,5674763.931892812,845810.6312900782,1033637.672662735,1037330.9487476945,1036727.1024733782,371993.0,1379393.0,ok,172849.86,814309.49,45516.03,175553.18,58460.0,5873586.0,4.711079835413231,3.8569528142063354,1.2843826669417346,572dbdacc4bddfa324214e5e0f808bf1673be4ab3cbd524794866e03edfe9660,semantic_live_support,True,32,256,76160,288,3744,8388608,100,5,5f203d953931fcdf28e2dfa9b241a0ae
epfl,validation_reused,epfl-arithmetic-log2-internal3778-4bd86194c9,,2ce995d729520a32007bd7dd1acacf3813d4a3757255e3ae7d1e898dd59a0203,2ce995d729520a32007bd7dd1acacf3813d4a3757255e3ae7d1e898dd59a0203,146f031921372d0dc47c73ad2c82ce4e7413caff725204b7938a4cf61b1f15cb,log2.aig,8,64,191,44,10170.0,230.0,36,72,56,14,119,167,119,46810.0,66661.0,31701.0,1563,612926.0,604416.0109013319,59441.08124822378,57280.76212108135,134402.1875411272,86131.04000687599,50851.0,78861.0,ok,13084.22,66631.93,6581.06,27885.77,16760.0,580965.0,5.0925412443386,4.237276365813409,2.546702202988576,2ce995d729520a32007bd7dd1acacf3813d4a3757255e3ae7d1e898dd59a0203,semantic_live_support,True,32,256,6112,192,448,8388608,100,5,4bd86194c9caae856550eb197db8c927
epfl,validation_reused,epfl-arithmetic-log2-internal5717-7cc65aa43a,,48187f7424e4a340a340f865bc4f2d47d3bb7ffaceccadf8e59ad718b98d0bd0,48187f7424e4a340a340f865bc4f2d47d3bb7ffaceccadf8e59ad718b98d0bd0,146f031921372d0dc47c73ad2c82ce4e7413caff725204b7938a4cf61b1f15cb,log2.aig,8,78,203,51,11960.0,240.0,43,88,70,21,123,167,123,50481.0,73771.0,37221.0,1922,732197.0,722396.8859761953,78081.03691786528,76100.46304762363,158969.77856755257,104580.07454872131,58501.0,105761.0,ok,13083.63,69478.36,8086.67,34098.33,18450.0,713017.0,5.310327485567844,4.216609556220298,2.281532447843179,48187f7424e4a340a340f865bc4f2d47d3bb7ffaceccadf8e59ad718b98d0bd0,semantic_live_support,True,32,256,6496,192,672,8388608,100,5,7cc65aa43a34ba3681d0dddbd21687a1
epfl,validation_reused,epfl-arithmetic-log2-internal7808-791f45c1ba,,1f6f71b6077524958b516c869356dd36e7b353bbad0a2d3c892595e520fd611f,1f6f71b6077524958b516c869356dd36e7b353bbad0a2d3c892595e520fd611f,146f031921372d0dc47c73ad2c82ce4e7413caff725204b7938a4cf61b1f15cb,log2.aig,8,1563,3466426,876,222042.0,240.0,868,1953,1555,269,,,,1936969.0,1748707.0,643106.0,42203,32899175.0,32171378.028579056,4897292.5869748,7710731.937550008,5136748.42659384,5785857.676528394,1212522.0,,skipped_source_protocol,,,161685.25,638907.3,174152.0,31421670.0,,3.951549692999207,1.0771050544190024,1f6f71b6077524958b516c869356dd36e7b353bbad0a2d3c892595e520fd611f,semantic_live_support,True,32,256,,,8608,8388608,100,5,791f45c1ba31f5d9f05c8b492299c35d
epfl,validation_reused,epfl-arithmetic-log2-internal10182-8de9088c0d,,1f039510013a58de6a8e31ddc7b0622a7670e834248c337f69dc0e6d684dcd5f,1f039510013a58de6a8e31ddc7b0622a7670e834248c337f69dc0e6d684dcd5f,146f031921372d0dc47c73ad2c82ce4e7413caff725204b7938a4cf61b1f15cb,log2.aig,14,1409,2572957,815,189012.0,240.0,800,1764,1394,234,,,,1683576.0,1689196.0,601376.0,37778,29382641.0,28423830.98322898,4427572.479471564,6423148.442991078,4545238.916762173,5976938.642561436,1078041.0,,skipped_source_protocol,,,692384.6,736349.0,771718.0,29470612.0,,1.0634970795133225,1.114579960328407,502ede267c969d8728c23ca315ce2314b93f601aa83a1edaf60de9ea6bf43cd2,semantic_live_support,True,2048,28672,,,479232,8388608,5,5,8de9088c0d9597039c78d1929d1274f4
epfl,validation_reused,epfl-arithmetic-log2-internal13053-84f396fda2,,cb1fffb7a2370c8034e8a614b6681b5037e45557b067c43afb4806c0f505bf57,cb1fffb7a2370c8034e8a614b6681b5037e45557b067c43afb4806c0f505bf57,146f031921372d0dc47c73ad2c82ce4e7413caff725204b7938a4cf61b1f15cb,log2.aig,8,74,215,50,11851.0,220.0,42,84,66,16,135,191,135,50641.0,64951.0,35490.0,1818,728746.0,717996.0375651717,75320.13114541769,69450.12137293816,161143.71828734875,110831.57733082771,74171.0,142741.0,ok,14825.34,74735.12,7596.78,32377.21,18890.0,702857.0,5.041039193704832,4.261964937776268,2.486579840406067,cb1fffb7a2370c8034e8a614b6681b5037e45557b067c43afb4806c0f505bf57,semantic_live_support,True,32,256,6880,224,512,8388608,100,5,84f396fda25c13f6ffd8d74183c72aeb
epfl,validation_reused,epfl-arithmetic-log2-internal32040-45f1c015f0,,e55e842043ee29d88a582451a6ef3580c1ab35ebefb21317fd2ad21db6764a46,e55e842043ee29d88a582451a6ef3580c1ab35ebefb21317fd2ad21db6764a46,146f031921372d0dc47c73ad2c82ce4e7413caff725204b7938a4cf61b1f15cb,log2.aig,8,411,4985,295,64931.0,230.0,287,531,403,121,3111,4349,3111,490084.0,466724.0,184212.0,10530,5895166.0,5766905.029304326,851380.405947566,992777.5245159864,1083421.17164284,1073550.7821664214,384244.0,3990378.0,ok,363328.38,1703777.18,45471.73,177093.49,57711.0,5489482.0,4.6893589209849225,3.8945843934242217,1.2691621805460227,e55e842043ee29d88a582451a6ef3580c1ab35ebefb21317fd2ad21db6764a46,semantic_live_support,True,32,256,159520,352,3872,8388608,100,5,45f1c015f0521faa2e84f1b97c3f9eff
epfl,validation_reused,epfl-arithmetic-max-internal9-16138770df,,9e092f4bc31b29bcfb23ba1e8e85d556e0900daa6b32105d6089ac6ac5858083,9e092f4bc31b29bcfb23ba1e8e85d556e0900daa6b32105d6089ac6ac5858083,9a7c45c95cec2afbfd418468d8b5ff6a33161c591892e34ba34ff6ed3fbbb1a9,max.aig,8,28,30,26,5210.0,190.0,18,31,20,6,20,31,20,22580.0,27120.0,15620.0,636,190722.0,186592.1076387167,10720.337741076946,13509.998098015785,54879.69610840082,15550.06019771099,31701.0,17840.0,ok,2988.13,11403.51,3404.63,11007.2,14230.0,224582.0,3.8162697071412555,3.233009166928565,4.179602482501769,9e092f4bc31b29bcfb23ba1e8e85d556e0900daa6b32105d6089ac6ac5858083,semantic_live_support,True,32,256,960,128,192,8388608,100,5,16138770df66c40ef44ecd7a9f37d58b
epfl,validation_reused,epfl-arithmetic-max-internal199-d7c9bf4c7a,,0e225e0385ddf5af7e7a80679873b1d5ab4d660032c9ca1b9d66c7e0e25cafe0,0e225e0385ddf5af7e7a80679873b1d5ab4d660032c9ca1b9d66c7e0e25cafe0,9a7c45c95cec2afbfd418468d8b5ff6a33161c591892e34ba34ff6ed3fbbb1a9,max.aig,11,53,110,51,9260.0,270.0,40,66,42,9,76,119,76,44081.0,44390.0,25260.0,1195,387544.0,380664.0161201358,22270.25106549263,27650.268748402596,109900.72041749954,45939.93071466684,53871.0,69670.0,ok,12626.6,39965.4,8468.55,21908.2,19070.0,393943.0,3.1651751065211537,2.587007220834736,2.251861298569413,0e225e0385ddf5af7e7a80679873b1d5ab4d660032c9ca1b9d66c7e0e25cafe0,semantic_live_support,True,256,2816,28160,1536,2304,8388608,20,5,d7c9bf4c7a62a681ada392b093293654
epfl,validation_reused,epfl-arithmetic-max-internal358-1768f94bf4,,c296615806cbadda08f39beb75e2b925fb2488f33a2f35b46f7290c6ee3a871f,c296615806cbadda08f39beb75e2b925fb2488f33a2f35b46f7290c6ee3a871f,9a7c45c95cec2afbfd418468d8b5ff6a33161c591892e34ba34ff6ed3fbbb1a9,max.aig,8,37,43,34,6320.0,190.0,26,45,29,8,29,45,29,29430.0,33480.0,18510.0,842,258462.0,253641.9779062271,15310.361050069332,20289.910025894642,70990.17966538668,23420.085199177265,35241.0,23350.0,ok,3943.34,15837.85,4512.95,15370.75,14600.0,293602.0,4.016354156628645,3.4059207392060626,3.2351344464263954,c296615806cbadda08f39beb75e2b925fb2488f33a2f35b46f7290c6ee3a871f,semantic_live_support,True,32,256,1376,160,256,8388608,100,5,1768f94bf4b5d294db744cf5eb0fc661
epfl,validation_reused,epfl-arithmetic-max-internal485-1db8c85dc1,,ac60471a71d690820510ddaee87fdb00def36528db9ba5a91c1d4bb5a425052b,ac60471a71d690820510ddaee87fdb00def36528db9ba5a91c1d4bb5a425052b,9a7c45c95cec2afbfd418468d8b5ff6a33161c591892e34ba34ff6ed3fbbb1a9,max.aig,8,23,23,21,4090.0,160.0,13,23,15,5,15,23,15,18550.0,17670.0,13060.0,524,156291.0,152891.03612303734,9269.802831113338,11589.610949158669,47100.940719246864,12089.964002370834,21030.0,12030.0,ok,2354.32,8818.98,2652.52,8324.78,12380.0,171622.0,3.7458714193482616,3.138441934462323,4.667259813309608,ac60471a71d690820510ddaee87fdb00def36528db9ba5a91c1d4bb5a425052b,semantic_live_support,True,32,256,736,128,160,8388608,100,5,1db8c85dc1cff343018757029be77feb
epfl,validation_reused,epfl-arithmetic-max-internal888-0e6bfd375e,,0c9dc5155c1c1424edd4236b9343653c88189d15be701435ccca97f8383fb2cc,0c9dc5155c1c1424edd4236b9343653c88189d15be701435ccca97f8383fb2cc,9a7c45c95cec2afbfd418468d8b5ff6a33161c591892e34ba34ff6ed3fbbb1a9,max.aig,8,32,36,29,5330.0,220.0,21,37,24,7,24,37,24,25231.0,27400.0,18490.0,728,219672.0,215391.97769016027,13689.743354916573,17389.655113220215,60581.136494874954,19439.845345914364,28171.0,17450.0,ok,3372.04,13144.03,3814.84,12790.52,13490.0,242002.0,3.897946050462035,3.3528326220758933,3.536190246510994,0c9dc5155c1c1424edd4236b9343653c88189d15be701435ccca97f8383fb2cc,semantic_live_support,True,32,256,1152,160,224,8388608,100,5,0e6bfd375eee1868b5d3069bb08892e2
epfl,validation_reused,epfl-arithmetic-max-internal1138-315c29a3d9,,006d933ef5f79016159106ad21c150690ba37d318364af9ff1f9918b8fdc14b0,006d933ef5f79016159106ad21c150690ba37d318364af9ff1f9918b8fdc14b0,9a7c45c95cec2afbfd418468d8b5ff6a33161c591892e34ba34ff6ed3fbbb1a9,max.aig,8,34,38,33,6350.0,220.0,25,41,26,7,26,41,26,27590.0,30370.0,17390.0,768,226382.0,221991.9115304947,12060.045264661312,16500.00922381878,64850.31917691231,18810.038454830647,31380.0,18971.0,ok,3611.83,13936.83,4276.54,13753.73,14240.0,260862.0,3.8586616756602607,3.2160882395581476,3.3297946470745043,006d933ef5f79016159106ad21c150690ba37d318364af9ff1f9918b8fdc14b0,semantic_live_support,True,32,256,1216,160,224,8388608,100,5,315c29a3d9bcc13760721d8828cf97e9
epfl,validation_reused,epfl-arithmetic-multiplier-po3-d3b5084b79,,629864367eeef65759c1c7b2ee4b4259ddc1d36d4e2b9ea05a48b00065b82060,629864367eeef65759c1c7b2ee4b4259ddc1d36d4e2b9ea05a48b00065b82060,543555652101e587c1d1b18a38eb18dfebcb5f85e63e35c781361aa26888946e,multiplier.aig,8,143,2455,131,24511.0,260.0,123,198,135,14,1649,2493,1649,116861.0,143511.0,61380.0,3415,1184241.0,1175081.0081139207,88870.29252946377,96869.88778412342,303602.428175509,143921.235576272,144902.0,1532565.0,ok,200258.61,860943.73,18271.07,68482.55,29400.0,1144381.0,4.299159621651224,3.7481411871335397,1.6091011637523145,629864367eeef65759c1c7b2ee4b4259ddc1d36d4e2b9ea05a48b00065b82060,semantic_live_support,True,32,256,78560,288,448,8388608,100,5,d3b5084b793f95f04d04d12f1c7e366d
epfl,validation_reused,epfl-arithmetic-multiplier-po4-54b9cbe5da,,70c9cb6c87e680d8d1cf7335ea3362b7074b71609af6c6031cfa85ba615c64d6,70c9cb6c87e680d8d1cf7335ea3362b7074b71609af6c6031cfa85ba615c64d6,543555652101e587c1d1b18a38eb18dfebcb5f85e63e35c781361aa26888946e,multiplier.aig,10,231,9953,210,38840.0,200.0,199,322,220,18,6773,10367,6773,191791.0,222642.0,99871.0,5599,1936038.0,1880327.9381245375,140170.68315297365,159672.2286194563,499326.15365833044,268069.5615708828,243432.0,5854996.0,ok,965183.62,3540933.44,32722.12,108988.24,45291.0,1900128.0,3.6686630052839067,3.3307206256807325,1.384109587031647,a4bfed488609e5107454f3c60631dc9478e8d8058b5a710d99f59e3be21467ea,semantic_live_support,True,128,1280,1273984,1536,2304,8388608,50,5,54b9cbe5da5cba8980c927ad509e69c2
epfl,validation_reused,epfl-arithmetic-multiplier-po5-ad1045c3bc,,9b6a7a15d2450265125ff2d0882f989c169ad27b5f22ac15faf1a9845b9d4be9,9b6a7a15d2450265125ff2d0882f989c169ad27b5f22ac15faf1a9845b9d4be9,543555652101e587c1d1b18a38eb18dfebcb5f85e63e35c781361aa26888946e,multiplier.aig,12,307,25681,284,55500.0,330.0,272,432,295,22,17533,26919,17533,250072.0,315253.0,123721.0,7499,2562874.0,2546524.04692024,177431.3859641552,210740.1378452778,646055.5596277118,363861.9091361761,321213.0,15549008.0,refused_temporary_budget,,,83773.8,147573.9,97241.0,2545244.0,,1.7615758148729077,1.1607567043634166,9b6a7a15d2450265125ff2d0882f989c169ad27b5f22ac15faf1a9845b9d4be9,semantic_live_support,True,512,6144,13148672,6656,11264,8388608,20,5,ad1045c3bcbb833f4ca254e0b9e49a88
epfl,validation_reused,epfl-arithmetic-multiplier-po6-1ed43b9012,,81f326f27605be20525566c09a58817cd052cfbbe82c0a03e4837c12214e4294,81f326f27605be20525566c09a58817cd052cfbbe82c0a03e4837c12214e4294,543555652101e587c1d1b18a38eb18dfebcb5f85e63e35c781361aa26888946e,multiplier.aig,14,395,57571,369,70511.0,240.0,355,559,381,24,39363,60519,39363,345324.0,408424.0,173631.0,9685,3318912.0,3297731.978818774,232810.50380319357,269220.9091037512,852037.3376086354,504157.38951414824,427714.0,36994674.0,refused_temporary_budget,,,253958.4,200783.8,262833.0,3647955.0,,0.7906168884352712,1.0349450933696227,81f326f27605be20525566c09a58817cd052cfbbe82c0a03e4837c12214e4294,semantic_live_support,True,2048,28672,117905408,30720,49152,8388608,5,5,1ed43b9012def7eda7e3bf298a6db017
epfl,validation_reused,epfl-arithmetic-multiplier-internal72-32d8a19161,,94b5b537c776457a60ff4d7497a7e9363e97323f91ba241e335eb0476f302a63,94b5b537c776457a60ff4d7497a7e9363e97323f91ba241e335eb0476f302a63,543555652101e587c1d1b18a38eb18dfebcb5f85e63e35c781361aa26888946e,multiplier.aig,8,71,379,61,12261.0,200.0,53,92,63,10,254,384,254,55860.0,60111.0,33530.0,1667,553455.0,545045.0116768479,38909.72584486008,47841.109335422516,140620.04629522562,64170.33728212118,74151.0,233792.0,ok,28392.17,131693.26,8363.48,31658.0,18770.0,554155.0,4.638365436667927,3.785266420198291,2.2442810887333984,94b5b537c776457a60ff4d7497a7e9363e97323f91ba241e335eb0476f302a63,semantic_live_support,True,32,256,12128,224,320,8388608,100,5,32d8a19161cb3892f02bb79a125cd124
epfl,validation_reused,epfl-arithmetic-multiplier-internal2314-b18e1af7fc,,1d27d2717ee24a52912668cd788986209715cce7ce28d164e08dddf51a004507,1d27d2717ee24a52912668cd788986209715cce7ce28d164e08dddf51a004507,543555652101e587c1d1b18a38eb18dfebcb5f85e63e35c781361aa26888946e,multiplier.aig,15,145,445,129,22790.0,210.0,114,193,130,24,303,465,303,112361.0,141202.0,60090.0,3422,1112700.0,1104319.9338018894,83799.7067719698,92561.12389266491,288933.7483793497,141261.26188784838,125051.0,179752.0,ok,323989.0,199786.0,132225.2,79880.8,146251.0,1267832.0,0.6166443922478849,0.6041268986547194,1.1060750900736016,1d27d2717ee24a52912668cd788986209715cce7ce28d164e08dddf51a004507,semantic_live_support,True,4096,61440,1822720,53248,98304,8388608,5,5,b18e1af7fcbbdb5f917095d09f80a36b
epfl,validation_reused,epfl-arithmetic-multiplier-internal7576-a86c4496f1,,fcfcfaa9e1207088156a88507dec2d35c22f1af36b590f96bcb98aff95237677,fcfcfaa9e1207088156a88507dec2d35c22f1af36b590f96bcb98aff95237677,543555652101e587c1d1b18a38eb18dfebcb5f85e63e35c781361aa26888946e,multiplier.aig,16,154,480,137,24951.0,190.0,121,205,138,26,327,502,327,123591.0,128501.0,63111.0,3640,1154161.0,1137280.953116715,78851.00785642862,99961.87873184681,308771.0356339812,145870.0280636549,146871.0,267363.0,ok,621878.0,248420.4,242044.2,97699.0,106571.0,1373313.0,0.3994680628676364,0.4036411531447562,1.0908095272213636,fcfcfaa9e1207088156a88507dec2d35c22f1af36b590f96bcb98aff95237677,semantic_live_support,True,8192,131072,3932160,114688,212992,8388608,5,5,a86c4496f10eff6ce65f60e5923f747c
epfl,validation_reused,epfl-arithmetic-multiplier-internal26856-ce1452e666,,5b1311b0bd79a5281a8098298bbfab287bdf3484752e78841dd644636f1b2400,5b1311b0bd79a5281a8098298bbfab287bdf3484752e78841dd644636f1b2400,543555652101e587c1d1b18a38eb18dfebcb5f85e63e35c781361aa26888946e,multiplier.aig,8,53,447,53,9950.0,230.0,45,68,45,8,307,475,307,46280.0,45031.0,26000.0,1223,381214.0,374753.9594769478,22220.192477107048,28379.610739648342,103269.93651688099,42020.22682875395,62280.0,202301.0,ok,34090.43,156007.39,6857.37,22923.92,17460.0,412184.0,4.576281085336853,3.342960931085824,2.54616565826257,5b1311b0bd79a5281a8098298bbfab287bdf3484752e78841dd644636f1b2400,semantic_live_support,True,32,256,14304,192,256,8388608,100,5,ce1452e6668b4909b91a1234dd10261d
epfl,validation_reused,epfl-arithmetic-sin-internal473-3d94727928,,ea2436278464508cf40dafdb68691a17b11649d0ad661adeb7fac75363fe48e0,ea2436278464508cf40dafdb68691a17b11649d0ad661adeb7fac75363fe48e0,e1a649d2eca27337787cb4aed79abe120f49597975beaed8bffd6a329c2664b3,sin.aig,15,49,91,37,6600.0,180.0,22,52,34,15,61,93,61,36480.0,42520.0,22711.0,1105,410984.0,405294.0057590604,26160.036213696003,60399.76142346859,101621.14631384611,55910.08812189102,34930.0,46391.0,ok,62198.6,39250.4,33774.4,19744.2,45100.0,452544.0,0.6310495734630683,0.5845906959116964,1.3353309015112036,ea2436278464508cf40dafdb68691a17b11649d0ad661adeb7fac75363fe48e0,semantic_live_support,True,4096,61440,372736,16384,61440,8388608,5,5,3d94727928cfeeabc60c80b54077fd83
epfl,validation_reused,epfl-arithmetic-sin-internal618-7a9d438d5b,,4c6aae58f1e5eb08bba9e16f5446a4787129b7312b7602726bae9c99a71c442f,4c6aae58f1e5eb08bba9e16f5446a4787129b7312b7602726bae9c99a71c442f,e1a649d2eca27337787cb4aed79abe120f49597975beaed8bffd6a329c2664b3,sin.aig,13,39,39,29,4890.0,200.0,16,40,26,14,26,40,26,25330.0,34350.0,18950.0,877,300743.0,296063.0226880312,21469.779312610626,38410.65336018801,76950.0620663166,34521.217457950115,27930.0,21120.0,ok,11496.0,14700.0,10742.2,12272.2,19600.0,354353.0,1.278705636743215,1.1424289251736144,1.8245796950345365,4c6aae58f1e5eb08bba9e16f5446a4787129b7312b7602726bae9c99a71c442f,semantic_live_support,True,1024,13312,39936,3072,14336,8388608,5,5,7a9d438d5b320a7176c1a8a3128853ae
epfl,validation_reused,epfl-arithmetic-sin-internal960-85572a6224,,c898ea29e1a22accb12fa471817d9a314a8bad31404f711c42721a50e2de6c9f,c898ea29e1a22accb12fa471817d9a314a8bad31404f711c42721a50e2de6c9f,e1a649d2eca27337787cb4aed79abe120f49597975beaed8bffd6a329c2664b3,sin.aig,8,24,24,19,3470.0,160.0,11,25,16,9,16,25,16,17090.0,19610.0,13681.0,544,175291.0,171870.92453241348,10029.878467321396,18959.632143378258,45461.23091131449,15430.152416229248,18201.0,12210.0,ok,2532.93,9133.18,2446.72,7775.57,12850.0,198312.0,3.6057767091865944,3.177956611300026,5.251929113261837,c898ea29e1a22accb12fa471817d9a314a8bad31404f711c42721a50e2de6c9f,semantic_live_support,True,32,256,768,96,288,8388608,100,5,85572a6224a32cb70f0fe545ea9b3cfb
epfl,validation_reused,epfl-arithmetic-sin-internal2610-34083b18d5,,1941668a0bc7f7c56d381d239832a38c13b3ddda8208579a0893ec63d16ec83b,1941668a0bc7f7c56d381d239832a38c13b3ddda8208579a0893ec63d16ec83b,e1a649d2eca27337787cb4aed79abe120f49597975beaed8bffd6a329c2664b3,sin.aig,14,65,345,55,9670.0,230.0,41,78,51,13,235,361,235,53000.0,71330.0,28971.0,1481,567205.0,559515.0869339705,36349.52008724213,56890.88720828295,134250.38196146488,94461.72043681145,66981.0,236172.0,ok,152063.4,127503.2,32834.4,26088.2,44741.0,571376.0,0.8384871047207941,0.7945386545817801,1.3626257827156885,1941668a0bc7f7c56d381d239832a38c13b3ddda8208579a0893ec63d16ec83b,semantic_live_support,True,2048,28672,706560,12288,26624,8388608,5,5,34083b18d5095228518a5ae37cc71e13
epfl,validation_reused,epfl-arithmetic-sin-internal2639-ac10ac7863,,5f56ecd00688c513065dff9ebfe794aef190187d420700c059806a94264b2cea,5f56ecd00688c513065dff9ebfe794aef190187d420700c059806a94264b2cea,e1a649d2eca27337787cb4aed79abe120f49597975beaed8bffd6a329c2664b3,sin.aig,13,59,321,51,9010.0,250.0,38,71,46,12,219,337,219,47740.0,49321.0,27821.0,1340,473674.0,466833.938844502,29489.86366391182,45719.90575641394,120072.50916212797,71730.2318662405,52360.0,156971.0,ok,88404.8,112605.2,19288.2,22956.2,29540.0,513785.0,1.2737453169963622,1.1901680820397964,1.5315063095571384,5f56ecd00688c513065dff9ebfe794aef190187d420700c059806a94264b2cea,semantic_live_support,True,1024,13312,328704,6144,12288,8388608,5,5,ac10ac78631fc2eb7adc47be3276ea49
epfl,validation_reused,epfl-arithmetic-sin-internal2747-d32e2cbf05,,dee17dc6fffdb437cc0fc8458ee6fa21b3f3bb6c68f3543f82696c920e561034,dee17dc6fffdb437cc0fc8458ee6fa21b3f3bb6c68f3543f82696c920e561034,e1a649d2eca27337787cb4aed79abe120f49597975beaed8bffd6a329c2664b3,sin.aig,10,48,123,41,7480.0,210.0,31,58,38,10,84,130,84,40161.0,50451.0,22770.0,1099,381064.0,374863.97195607424,23730.099201202393,35620.17809599638,101060.9557852149,50891.07435196638,40531.0,52481.0,ok,11505.7,43304.8,6045.86,18526.18,16731.0,392084.0,3.7637692621917833,3.064275388447632,2.7673482349905556,dee17dc6fffdb437cc0fc8458ee6fa21b3f3bb6c68f3543f82696c920e561034,semantic_live_support,True,128,1280,15744,640,1280,8388608,50,5,d32e2cbf0520534b771effcc3dc61473
epfl,validation_reused,epfl-arithmetic-sin-internal2767-a8eda7f06b,,2911254d25b48e8560e6fdac5481c650b0a1816803e90b2cb3ce7b7dcd28238e,2911254d25b48e8560e6fdac5481c650b0a1816803e90b2cb3ce7b7dcd28238e,e1a649d2eca27337787cb4aed79abe120f49597975beaed8bffd6a329c2664b3,sin.aig,10,79,453,75,13700.0,210.0,65,106,69,12,313,487,313,71651.0,77991.0,40620.0,1817,614435.0,605594.9488654733,37490.157410502434,45600.4636362195,160773.40114861727,91440.04434347153,80471.0,264362.0,ok,41856.2,155660.08,11026.12,33202.32,30480.0,610776.0,3.7189252727194537,3.0112423953303606,2.764345027988086,2911254d25b48e8560e6fdac5481c650b0a1816803e90b2cb3ce7b7dcd28238e,semantic_live_support,True,128,1280,57984,896,1536,8388608,50,5,a8eda7f06b624613a7b606248bf0012b
epfl,validation_reused,epfl-arithmetic-sqrt-po56-f681a5806f,,08c917b6f5d4403578735f27f1b4d9a707d04213386d5399f4719299bf90969a,08c917b6f5d4403578735f27f1b4d9a707d04213386d5399f4719299bf90969a,2fdf59877a0f1ceba46a2a3aca5457e05c47ac24ceb69839a4c12d071cf62300,sqrt.aig,16,615,319537861997,492,96831.0,250.0,476,841,599,49,,,,482204.0,670157.0,253112.0,15557,6571053.0,6454461.952671409,466954.312287271,578949.2279291153,1642037.5322923064,1415610.1970002055,614986.0,,skipped_source_protocol,,,963573.2,403465.8,392674.0,7060337.0,,0.4187183703324252,0.9732522558293665,08c917b6f5d4403578735f27f1b4d9a707d04213386d5399f4719299bf90969a,semantic_live_support,True,8192,131072,,,401408,8388608,5,5,f681a5806f8a35c8f2ce27c64cdbb9a5
epfl,validation_reused,epfl-arithmetic-sqrt-po57-bf55ec5ca5,,887381e00e8341985e2f4c4a753e64206825d568f1989680a9120b415f0b0fb8,887381e00e8341985e2f4c4a753e64206825d568f1989680a9120b415f0b0fb8,2fdf59877a0f1ceba46a2a3aca5457e05c47ac24ceb69839a4c12d071cf62300,sqrt.aig,14,461,1366847531,370,75631.0,270.0,356,629,447,42,,,,356814.0,492144.0,192962.0,11595,4723265.0,4590824.0135759115,368231.0925796628,445159.1521501541,1051783.4452912211,960096.1348041892,463274.0,,skipped_source_protocol,,,261366.6,214978.0,292273.0,4638184.0,,0.8225151951320482,1.118249233069566,887381e00e8341985e2f4c4a753e64206825d568f1989680a9120b415f0b0fb8,semantic_live_support,True,2048,28672,,,86016,8388608,5,5,bf55ec5ca5dad499ebc74cc64b2a8a12
epfl,validation_reused,epfl-arithmetic-sqrt-po58-036819cd52,,1edc01d694775274693859415b28a12a7e474c3aa52d13ee8d3b87e304aad8db,1edc01d694775274693859415b28a12a7e474c3aa52d13ee8d3b87e304aad8db,2fdf59877a0f1ceba46a2a3aca5457e05c47ac24ceb69839a4c12d071cf62300,sqrt.aig,12,327,11332465,264,52171.0,230.0,252,445,315,33,,,,246712.0,306543.0,131601.0,8149,3026079.0,3004889.003932476,239463.05736899376,302405.6786671281,700457.9529166222,553576.2757062912,321113.0,,skipped_source_protocol,,,80182.75,146405.4,90590.0,3461124.0,,1.8258964677564686,1.1297941265421803,1edc01d694775274693859415b28a12a7e474c3aa52d13ee8d3b87e304aad8db,semantic_live_support,True,512,6144,,,16896,8388608,20,5,036819cd523fab5b811a6a6701bd597b
epfl,validation_reused,epfl-arithmetic-sqrt-po59-fa6cca6484,,256f9b141dd39200db1847d03423d5f3524faed05e9b5320913137e807626310,256f9b141dd39200db1847d03423d5f3524faed05e9b5320913137e807626310,2fdf59877a0f1ceba46a2a3aca5457e05c47ac24ceb69839a4c12d071cf62300,sqrt.aig,10,213,178657,177,33731.0,210.0,167,290,203,26,,,,164401.0,182702.0,95741.0,5215,1812578.0,1789627.9459819198,144071.76058739424,177453.8541212678,440384.0284794569,284853.04210335016,207442.0,,skipped_source_protocol,,,27948.46,92250.28,39560.0,1820188.0,,3.300728555347951,1.4154626050952361,256f9b141dd39200db1847d03423d5f3524faed05e9b5320913137e807626310,semantic_live_support,True,128,1280,,,3328,8388608,50,5,fa6cca64840141a82161456bf270112e
epfl,validation_reused,epfl-arithmetic-sqrt-po60-dfcf257f53,,6b8bffdb7c7349ae997eb466bb5e536075207cf52b23433bdda570eacff4162f,6b8bffdb7c7349ae997eb466bb5e536075207cf52b23433bdda570eacff4162f,2fdf59877a0f1ceba46a2a3aca5457e05c47ac24ceb69839a4c12d071cf62300,sqrt.aig,8,121,5235,105,20751.0,250.0,97,165,113,18,3732,5962,3732,94951.0,100681.0,52041.0,2871,972919.0,959229.0734872222,72550.72705447674,88940.25813788176,249073.95709306002,131760.60747355223,117901.0,3979048.0,ok,490595.68,1810445.8,15114.44,53132.71,26901.0,991190.0,3.690301145741846,3.515360807280984,1.7798211511640523,6b8bffdb7c7349ae997eb466bb5e536075207cf52b23433bdda570eacff4162f,semantic_live_support,True,32,256,167520,352,576,8388608,100,5,dfcf257f53982cf506894d39cb27dc60
epfl,validation_reused,epfl-arithmetic-sqrt-internal35-0d85c1edda,,878b0dc406d6e458ba4487335c2e75415103fde3d496590fac7466c13088321e,878b0dc406d6e458ba4487335c2e75415103fde3d496590fac7466c13088321e,2fdf59877a0f1ceba46a2a3aca5457e05c47ac24ceb69839a4c12d071cf62300,sqrt.aig,8,76,749,70,13190.0,210.0,62,102,68,13,533,851,533,66140.0,64150.0,34700.0,1762,566416.0,557816.0053119063,38861.06424033642,47229.81248050928,151131.3021183014,67171.2914481759,84531.0,429884.0,ok,66159.33,257948.57,9867.7,33166.81,22091.0,593936.0,3.8988993691441554,3.361149001287027,2.2387182423462404,878b0dc406d6e458ba4487335c2e75415103fde3d496590fac7466c13088321e,semantic_live_support,True,32,256,23968,288,416,8388608,100,5,0d85c1edda445ca2d248f877ecd2d95f
epfl,validation_reused,epfl-arithmetic-sqrt-internal245-d665cc05c9,,aa8cecf0d7790f3461d1c4af822dc58fa68fcdd5c8e974bee90e4da4be65647f,aa8cecf0d7790f3461d1c4af822dc58fa68fcdd5c8e974bee90e4da4be65647f,2fdf59877a0f1ceba46a2a3aca5457e05c47ac24ceb69839a4c12d071cf62300,sqrt.aig,12,299,5238153,247,47751.0,190.0,235,408,287,31,,,,230012.0,299003.0,125451.0,7407,2774067.0,2757317.037321627,217590.13179689646,264128.2044351101,649027.1771326661,508024.82292056084,288403.0,,skipped_source_protocol,,,72265.7,132910.75,86011.0,3088130.0,,1.8391954966187278,1.1902050350304503,aa8cecf0d7790f3461d1c4af822dc58fa68fcdd5c8e974bee90e4da4be65647f,semantic_live_support,True,512,6144,,,15872,8388608,20,5,d665cc05c98f0539cebc8485d4de97bf
epfl,validation_reused,epfl-arithmetic-sqrt-internal572-4cc8f15071,,579236a307516f9e4b6378aa4e5ecbd17300382b6eb394beb39cf4d3b992593e,579236a307516f9e4b6378aa4e5ecbd17300382b6eb394beb39cf4d3b992593e,2fdf59877a0f1ceba46a2a3aca5457e05c47ac24ceb69839a4c12d071cf62300,sqrt.aig,16,642,1899735334685,509,100961.0,260.0,493,876,626,47,,,,491255.0,662446.0,263793.0,16275,6570823.0,6482211.989350617,474238.53538930416,600447.179749608,1374413.9578193426,1463557.8263550997,593605.0,,skipped_source_protocol,,,1015627.6,423204.0,476035.0,7013237.0,,0.41669210249898686,1.124835776599465,579236a307516f9e4b6378aa4e5ecbd17300382b6eb394beb39cf4d3b992593e,semantic_live_support,True,8192,131072,,,385024,8388608,5,5,4cc8f150710053e26b2220fa48c91d68
epfl,validation_reused,epfl-arithmetic-square-po8-79f4d8bbc0,,e9019db4e4836eb23117e60dab498591ce57a879524e71ce80b85c2fe7480865,e9019db4e4836eb23117e60dab498591ce57a879524e71ce80b85c2fe7480865,c3fe8598cf501743043cf573b7226478a06be9dfb180d17bca77cdfbe667d784,square.aig,8,157,2341,150,28000.0,270.0,142,218,149,15,1411,1893,1411,140061.0,134631.0,65761.0,3764,1217751.0,1200121.0125163198,84219.8496684432,96171.97792977095,312671.6474071145,158640.2067914605,155532.0,1200771.0,ok,157696.41,798564.93,20172.9,73988.3,32340.0,1408623.0,5.063938551296126,3.6677076672169098,1.6031408473744477,e9019db4e4836eb23117e60dab498591ce57a879524e71ce80b85c2fe7480865,semantic_live_support,True,32,256,74912,320,480,8388608,100,5,79f4d8bbc074cdc084c960530bf8e08b
epfl,validation_reused,epfl-arithmetic-square-po9-6849ed374c,,6f7a70c010ef837cd8692273bc1237a0dcb5f7351652921433c8142c1c008302,6f7a70c010ef837cd8692273bc1237a0dcb5f7351652921433c8142c1c008302,c3fe8598cf501743043cf573b7226478a06be9dfb180d17bca77cdfbe667d784,square.aig,9,212,5209,204,37420.0,210.0,195,297,203,24,3135,4197,3135,196112.0,192482.0,91251.0,5138,1680696.0,1656105.974689126,125589.31484818459,129951.62978768349,441227.45748609304,228970.07875144482,224703.0,4019188.0,ok,370058.94,1816182.16,29100.68,99057.94,40550.0,1722226.0,4.907818630189018,3.403973377941684,1.3934382289348566,6f7a70c010ef837cd8692273bc1237a0dcb5f7351652921433c8142c1c008302,semantic_live_support,True,64,576,333376,704,1536,8388608,50,5,6849ed374cf32f09770ff27a40a0d775
epfl,validation_reused,epfl-arithmetic-square-po10-805e4729e4,,ad2e42ab42b67756eba0fd06d114a30d066dce5cfe5f5db6cf11c8e48a744383,ad2e42ab42b67756eba0fd06d114a30d066dce5cfe5f5db6cf11c8e48a744383,c3fe8598cf501743043cf573b7226478a06be9dfb180d17bca77cdfbe667d784,square.aig,10,288,10477,275,52021.0,250.0,265,407,278,18,6311,8457,6311,250432.0,287493.0,116921.0,7030,2509294.0,2484283.992089331,174400.16381442547,189921.9350889325,634718.6863422394,336863.91543596983,338794.0,7940476.0,ok,812361.36,3609453.28,42081.8,136455.9,54841.0,2356862.0,4.443162190776774,3.2426345831214443,1.3031999581766938,ad2e42ab42b67756eba0fd06d114a30d066dce5cfe5f5db6cf11c8e48a744383,semantic_live_support,True,128,1280,1341056,1536,2304,8388608,50,5,805e4729e44fda0f5af09adb21a05a13
epfl,validation_reused,epfl-arithmetic-square-po11-4ea9428b58,,17c8bf5944eb995db10c2199fb2c83b50362fddedaa5a3117711da069871e0c0,17c8bf5944eb995db10c2199fb2c83b50362fddedaa5a3117711da069871e0c0,c3fe8598cf501743043cf573b7226478a06be9dfb180d17bca77cdfbe667d784,square.aig,11,367,17285,349,72251.0,300.0,338,521,356,19,10407,13937,10407,334803.0,388994.0,147901.0,9000,3196641.0,3170019.9469923973,218852.19030082226,238109.1471761465,813910.3883877397,483435.8114749193,399164.0,10883624.0,ok,3754312.4,7902387.0,63812.1,174904.2,83700.0,3163070.0,2.104882641092947,2.740925310403513,1.3116634619453051,17c8bf5944eb995db10c2199fb2c83b50362fddedaa5a3117711da069871e0c0,semantic_live_support,True,256,2816,4424960,3072,4864,8388608,20,5,4ea9428b58db320f7cf290e9f6743231
epfl,validation_reused,epfl-arithmetic-square-po12-3163147af5,,08f494ce64d82a0932d5ac914691fb39eef2556e471b3dce37c2df7533856e25,08f494ce64d82a0932d5ac914691fb39eef2556e471b3dce37c2df7533856e25,c3fe8598cf501743043cf573b7226478a06be9dfb180d17bca77cdfbe667d784,square.aig,12,459,32381,438,81781.0,250.0,426,655,447,22,19555,26285,19555,406834.0,453834.0,197632.0,11288,3934628.0,3809086.9784355164,271884.95732843876,301544.08887028694,988097.8614091873,625484.3901842833,531675.0,30532122.0,refused_temporary_budget,,,125290.7,223403.6,143331.0,3771586.0,,1.7830820643511451,1.1439875425709969,08f494ce64d82a0932d5ac914691fb39eef2556e471b3dce37c2df7533856e25,semantic_live_support,True,512,6144,16579072,7168,11264,8388608,20,5,3163147af54dcaa081b4fe8b21d13034
epfl,validation_reused,epfl-arithmetic-square-po13-eca0925c59,,9ae718a4bd6eb26aafff891eb98132b81be08769509e4c27d8d89bb8d8f5118f,9ae718a4bd6eb26aafff891eb98132b81be08769509e4c27d8d89bb8d8f5118f,c3fe8598cf501743043cf573b7226478a06be9dfb180d17bca77cdfbe667d784,square.aig,13,551,52801,525,96081.0,270.0,512,788,538,24,31907,42921,31907,500555.0,523155.0,221942.0,13600,4751715.0,4729344.975203276,321776.83897316456,352413.0443111062,1187528.9492309093,761365.401558578,586456.0,37626430.0,refused_temporary_budget,,,242128.2,280202.6,253572.0,4797585.0,,1.1572489284602123,1.04726339187257,9ae718a4bd6eb26aafff891eb98132b81be08769509e4c27d8d89bb8d8f5118f,semantic_live_support,True,1024,13312,54068224,14336,24576,8388608,5,5,eca0925c592628dc2497f28ce408e77e
epfl,validation_reused,epfl-arithmetic-square-po14-e64d8827d4,,4981afcc4d4520dc7f0b099de623c7eaa4910c0fa1a4b295cf331a6cf8768dc2,4981afcc4d4520dc7f0b099de623c7eaa4910c0fa1a4b295cf331a6cf8768dc2,c3fe8598cf501743043cf573b7226478a06be9dfb180d17bca77cdfbe667d784,square.aig,14,654,80445,628,118391.0,640.0,614,941,640,39,,,,591266.0,662566.0,269793.0,16149,5746535.0,5716424.0861311555,402917.8526252508,436673.9885881543,1432615.9143820405,1052191.248163581,758798.0,,skipped_source_protocol,,,431906.0,343383.2,439564.0,5962207.0,,0.7950415136626952,1.0177307099229924,4981afcc4d4520dc7f0b099de623c7eaa4910c0fa1a4b295cf331a6cf8768dc2,semantic_live_support,True,2048,28672,,,79872,8388608,5,5,e64d8827d4d43d7b6102b9359591d740
epfl,validation_reused,epfl-arithmetic-square-po15-ffd477ae96,,421c5916b980efdbdda8673156a5471fdca87a3ee1efa0e169cea2e4b8ea010d,421c5916b980efdbdda8673156a5471fdca87a3ee1efa0e169cea2e4b8ea010d,c3fe8598cf501743043cf573b7226478a06be9dfb180d17bca77cdfbe667d784,square.aig,15,770,122557,737,138082.0,210.0,722,1110,755,46,,,,701286.0,800807.0,303593.0,19082,6973287.0,6708934.903144836,460154.2605087161,502954.7028243542,1687884.9128261209,1140369.102358818,855968.0,,skipped_source_protocol,,,795719.6,476146.6,818278.0,7546572.0,,0.598384908452676,1.0283496849895366,421c5916b980efdbdda8673156a5471fdca87a3ee1efa0e169cea2e4b8ea010d,semantic_live_support,True,4096,61440,,,188416,8388608,5,5,ffd477ae96c74a84e947ac8939371503
epfl,validation_reused,epfl-random_control-arbiter-internal7-1db4c51be9,,ee8c072f36f562cbe66d5db95916dc3520a0df79d1c9c3fcab43aa8acd69c648,ee8c072f36f562cbe66d5db95916dc3520a0df79d1c9c3fcab43aa8acd69c648,0eacc0a97717bbc91f732ce6814bbfcdefa8a0b65b13ade6f002e35d0e585d82,arbiter.aig,8,26,28,23,4670.0,200.0,15,28,18,8,19,30,19,20900.0,23160.0,14841.0,590,178232.0,174120.99987268448,10189.716704189777,13969.72220391035,49259.86286252737,14350.982382893562,24150.0,14641.0,ok,2825.63,10300.5,2970.73,9296.39,13050.0,196752.0,3.6453817378779245,3.1293284815516724,4.392859667489136,ee8c072f36f562cbe66d5db95916dc3520a0df79d1c9c3fcab43aa8acd69c648,semantic_live_support,True,32,256,896,160,256,8388608,100,5,1db4c51be911b1a86d9e43d761107704
epfl,validation_reused,epfl-random_control-arbiter-internal2404-73be6ac31e,,27749e21417ede053c79774e373b3530dc25a0f866bbf077d10739aaf6d8b6eb,27749e21417ede053c79774e373b3530dc25a0f866bbf077d10739aaf6d8b6eb,0eacc0a97717bbc91f732ce6814bbfcdefa8a0b65b13ade6f002e35d0e585d82,arbiter.aig,11,37,41,32,5700.0,210.0,21,40,26,11,28,44,28,26930.0,32620.0,18980.0,837,251672.0,247161.95184737444,14849.938452243805,21731.480956077576,74371.34627252817,22990.047000348568,31631.0,21960.0,ok,5201.05,15150.1,5159.05,13187.1,15070.0,277182.0,2.9128925889964528,2.556110136556149,2.921080431474787,27749e21417ede053c79774e373b3530dc25a0f866bbf077d10739aaf6d8b6eb,semantic_live_support,True,256,2816,10496,1024,2816,8388608,20,5,73be6ac31eaef6ba562a01ac384577f2
epfl,validation_reused,epfl-random_control-arbiter-internal4039-8a2c198584,,f30a305a5b9c4bf8cff7da9e508a99d17b56a44a23cdd25e25ba18a30743e3dd,f30a305a5b9c4bf8cff7da9e508a99d17b56a44a23cdd25e25ba18a30743e3dd,0eacc0a97717bbc91f732ce6814bbfcdefa8a0b65b13ade6f002e35d0e585d82,arbiter.aig,14,48,54,41,7070.0,160.0,27,52,34,14,37,58,37,34271.0,39861.0,24480.0,1084,319774.0,314633.0127492547,18200.953491032124,26920.11184990406,92120.95756083727,31930.0452247262,39221.0,26120.0,ok,24746.4,21316.2,23694.2,18588.2,32690.0,364113.0,0.8613858985549413,0.7845042246625756,1.3796625334470038,f30a305a5b9c4bf8cff7da9e508a99d17b56a44a23cdd25e25ba18a30743e3dd,semantic_live_support,True,2048,28672,110592,8192,28672,8388608,5,5,8a2c198584ee4ae28c08c8fcbe50497c
epfl,validation_reused,epfl-random_control-arbiter-internal11831-1c7490a3b2,,2b8e753c2efa059010b3aecd6c00bff0a1a09c0f08d5d4522ffef4d207c1fb0c,2b8e753c2efa059010b3aecd6c00bff0a1a09c0f08d5d4522ffef4d207c1fb0c,0eacc0a97717bbc91f732ce6814bbfcdefa8a0b65b13ade6f002e35d0e585d82,arbiter.aig,16,47,47,33,5510.0,160.0,17,47,31,17,31,47,31,28540.0,38840.0,21730.0,1058,330013.0,325202.94189453125,23480.853997170925,38619.85169351101,90950.05225390196,31302.100978791714,27880.0,21891.0,ok,56936.6,25458.2,53968.6,21342.2,30700.0,378134.0,0.4471324244861829,0.3954558761946762,1.4384646381347752,2b8e753c2efa059010b3aecd6c00bff0a1a09c0f08d5d4522ffef4d207c1fb0c,semantic_live_support,True,8192,131072,385024,49152,139264,8388608,5,5,1c7490a3b226ba14ca0dee60f7d0858f
epfl,validation_reused,epfl-random_control-cavlc-po0-ba667d014f,,b7f5b19da4b0d11c61dde7efbd6c3094a52060f48535ac34550d807ffb6119ca,b7f5b19da4b0d11c61dde7efbd6c3094a52060f48535ac34550d807ffb6119ca,125e0fdeb41ccadac5e6ada71f3c416fd026cfcbc8e75ad1c6b57ddc2b100f31,cavlc.aig,10,235,456,208,40621.0,250.0,198,328,225,23,317,496,317,179801.0,228582.0,95991.0,5656,1918228.0,1906208.1119045615,143561.39581650496,170970.91767936945,498259.90572571754,240622.20472842455,235263.0,269183.0,ok,43030.22,158831.32,32186.5,108205.04,43121.0,1838788.0,3.6911575167405606,3.3618144253025335,1.339723175865658,b7f5b19da4b0d11c61dde7efbd6c3094a52060f48535ac34550d807ffb6119ca,semantic_live_support,True,128,1280,58368,1152,2944,8388608,50,5,ba667d014f0acfe16f8b6dfe6d7986ae
epfl,validation_reused,epfl-random_control-cavlc-po1-8237be7ae9,,ad6c2515c3750f7d7ca1584904637ad15bad2e1b0323d2f162b2ff05fb241c95,ad6c2515c3750f7d7ca1584904637ad15bad2e1b0323d2f162b2ff05fb241c95,125e0fdeb41ccadac5e6ada71f3c416fd026cfcbc8e75ad1c6b57ddc2b100f31,cavlc.aig,10,243,458,217,56001.0,310.0,207,340,233,23,316,491,316,191072.0,217562.0,96321.0,5861,1889738.0,1854987.0001152158,132410.554215312,169911.18900477886,502049.92294311523,238776.67263150215,265173.0,263752.0,ok,42506.4,159098.72,34284.52,113914.28,46181.0,2333392.0,3.7429356520429864,3.3226155711090604,1.3469927535809165,ad6c2515c3750f7d7ca1584904637ad15bad2e1b0323d2f162b2ff05fb241c95,semantic_live_support,True,128,1280,58624,1152,2944,8388608,50,5,8237be7ae99d2205294c6d3d73e219c9
epfl,validation_reused,epfl-random_control-cavlc-po2-0b6bf76197,,3f9035e35bcdf5ca5fd3de5a0bb4cfafc86df2a24dbce3c4656bd2eea0021b1b,3f9035e35bcdf5ca5fd3de5a0bb4cfafc86df2a24dbce3c4656bd2eea0021b1b,125e0fdeb41ccadac5e6ada71f3c416fd026cfcbc8e75ad1c6b57ddc2b100f31,cavlc.aig,10,233,428,207,39301.0,200.0,197,326,223,21,296,461,296,183622.0,214483.0,95691.0,5598,1846618.0,1816416.9741794467,134442.23441183567,165072.2697377205,481952.4474442005,228531.65864944458,250342.0,266433.0,ok,39340.16,151072.24,32358.7,109682.04,43551.0,2419253.0,3.8401531666368407,3.3895688022077524,1.345882251141115,3f9035e35bcdf5ca5fd3de5a0bb4cfafc86df2a24dbce3c4656bd2eea0021b1b,semantic_live_support,True,128,1280,54784,1152,2688,8388608,50,5,0b6bf7619752055dda52cb3c98c0ba51
epfl,validation_reused,epfl-random_control-cavlc-po3-d0da020a7b,,1bf307e9ff2838b6a583a95cf843eb0a75d2f9d6a548a73e7df5e639b6a169ce,1bf307e9ff2838b6a583a95cf843eb0a75d2f9d6a548a73e7df5e639b6a169ce,125e0fdeb41ccadac5e6ada71f3c416fd026cfcbc8e75ad1c6b57ddc2b100f31,cavlc.aig,10,184,331,170,31980.0,230.0,160,258,174,18,229,357,229,152811.0,160252.0,75361.0,4377,1422584.0,1401253.9759278297,97670.82519829273,122450.40852576494,376463.052816689,173030.77038377523,203792.0,195202.0,ok,30240.5,115740.5,26244.06,84029.2,38660.0,1484864.0,3.8273342041302225,3.2018369109047913,1.4730952451716692,1bf307e9ff2838b6a583a95cf843eb0a75d2f9d6a548a73e7df5e639b6a169ce,semantic_live_support,True,128,1280,42368,896,2304,8388608,50,5,d0da020a7b95c11e6d7d7627199f4168
epfl,validation_reused,epfl-random_control-cavlc-po4-40d9e418e9,,148654f802619c32a13e3b78596545a8e656a017d464e6b1fb7bf67a368347fb,148654f802619c32a13e3b78596545a8e656a017d464e6b1fb7bf67a368347fb,125e0fdeb41ccadac5e6ada71f3c416fd026cfcbc8e75ad1c6b57ddc2b100f31,cavlc.aig,8,34,43,29,5950.0,200.0,21,39,26,8,29,45,29,26080.0,33991.0,18111.0,781,243522.0,238882.02849775553,15620.025806128979,20490.14437943697,65411.09178215265,21990.155801177025,32530.0,23170.0,ok,3874.34,15399.85,3801.44,13318.83,15650.0,278662.0,3.974831842326693,3.503627572709289,4.116860978997432,148654f802619c32a13e3b78596545a8e656a017d464e6b1fb7bf67a368347fb,semantic_live_support,True,32,256,1376,128,256,8388608,100,5,40d9e418e9ad2c10461dcd2750750511
epfl,validation_reused,epfl-random_control-cavlc-po5-ce52440322,,b76afe3d11b181cfe719b4f00a85bc0bbfdaaefcd3d218e73878c99ffbf92040,b76afe3d11b181cfe719b4f00a85bc0bbfdaaefcd3d218e73878c99ffbf92040,125e0fdeb41ccadac5e6ada71f3c416fd026cfcbc8e75ad1c6b57ddc2b100f31,cavlc.aig,8,30,38,23,4710.0,190.0,15,32,22,7,25,38,25,20910.0,30450.0,17060.0,695,224202.0,219771.98775857687,15660.189092159271,20080.129615962505,56861.783377826214,21249.870769679546,25241.0,20200.0,ok,3478.43,13665.33,3030.13,11007.6,12610.0,244482.0,3.9285913472457406,3.6327154280509415,4.161537623798319,b76afe3d11b181cfe719b4f00a85bc0bbfdaaefcd3d218e73878c99ffbf92040,semantic_live_support,True,32,256,1216,160,224,8388608,100,5,ce52440322af5b36785b2ef176ab89a7
epfl,validation_reused,epfl-random_control-cavlc-po6-6ee697114e,,94c7e39f483d33b821222ab1c28ed106a56972cbbfb10cfd7e3712e95e829702,94c7e39f483d33b821222ab1c28ed106a56972cbbfb10cfd7e3712e95e829702,125e0fdeb41ccadac5e6ada71f3c416fd026cfcbc8e75ad1c6b57ddc2b100f31,cavlc.aig,10,218,415,195,37361.0,270.0,185,304,208,22,287,447,287,170391.0,220032.0,89301.0,5245,1699726.0,1674375.9624660015,123989.3026649952,148101.82619839907,456755.51518797874,218502.82792001963,220012.0,259403.0,ok,38182.96,142647.16,30312.28,99736.14,41440.0,2045839.0,3.7358853268578445,3.2902882924016272,1.367102705570152,94c7e39f483d33b821222ab1c28ed106a56972cbbfb10cfd7e3712e95e829702,semantic_live_support,True,128,1280,53120,1280,2816,8388608,50,5,6ee697114edf2051ba26906fbbf629b7
epfl,validation_reused,epfl-random_control-cavlc-po7-01ca37e2be,,c7a070a0fcff55cad677a5106cfafc82368d763c0dbca0372661ff6cf90b1191,c7a070a0fcff55cad677a5106cfafc82368d763c0dbca0372661ff6cf90b1191,125e0fdeb41ccadac5e6ada71f3c416fd026cfcbc8e75ad1c6b57ddc2b100f31,cavlc.aig,10,226,440,195,37580.0,270.0,185,311,216,22,301,464,301,171252.0,214732.0,91841.0,5490,1845287.0,1803966.9375866652,143549.40503835678,161812.29148060083,487685.43638288975,237319.96770948172,244232.0,242972.0,ok,40066.58,153804.06,30326.68,104304.4,42290.0,2123770.0,3.8387119639360283,3.439360985112778,1.3944816907093027,c7a070a0fcff55cad677a5106cfafc82368d763c0dbca0372661ff6cf90b1191,semantic_live_support,True,128,1280,56320,1280,2816,8388608,50,5,01ca37e2be419a2c60942be2f90a1acb
epfl,validation_reused,epfl-random_control-dec-po0-829c8b783a,,6cc4f0e930b34481d03a4134331852eaed66667e3b3d8605f7cd3777551d2b6f,6cc4f0e930b34481d03a4134331852eaed66667e3b3d8605f7cd3777551d2b6f,38def606e795975e469273411ee9217bc43656c57e6f6eeda3ea640452fa3443,dec.aig,8,22,22,16,3110.0,190.0,8,21,14,8,14,21,14,14820.0,21100.0,12730.0,504,157102.0,153781.96258097887,10469.92838382721,14760.8807310462,42941.072024405,11709.867976605892,16171.0,11160.0,ok,2261.12,8317.68,2083.12,6875.87,12130.0,176612.0,3.678566374186244,3.300755597373171,5.822996274818542,6cc4f0e930b34481d03a4134331852eaed66667e3b3d8605f7cd3777551d2b6f,semantic_live_support,True,32,256,704,160,256,8388608,100,5,829c8b783a390c59545980cb92685906
epfl,validation_reused,epfl-random_control-dec-po1-c4c60ec16a,,671eaa12d76be21eb2ced2f61ac1e98df94c1952c2cdfc047895c74f15a7f3fa,671eaa12d76be21eb2ced2f61ac1e98df94c1952c2cdfc047895c74f15a7f3fa,38def606e795975e469273411ee9217bc43656c57e6f6eeda3ea640452fa3443,dec.aig,8,21,21,15,2930.0,200.0,7,19,13,7,13,19,13,14320.0,18930.0,13030.0,484,151442.0,148031.9770053029,10440.009646117687,14679.855667054653,39990.292862057686,12380.070984363556,15470.0,12840.0,ok,2101.42,8020.57,1941.92,6455.86,10970.0,162761.0,3.816738205594312,3.3244726868254095,5.649048364505232,671eaa12d76be21eb2ced2f61ac1e98df94c1952c2cdfc047895c74f15a7f3fa,semantic_live_support,True,32,256,672,160,224,8388608,100,5,c4c60ec16a7409920fc63251b4391178
epfl,validation_reused,epfl-random_control-dec-po2-f57f2d2e2b,,5481b8528ef488d0a4ed259244306aff83145b7d675e159efece21def7561297,5481b8528ef488d0a4ed259244306aff83145b7d675e159efece21def7561297,38def606e795975e469273411ee9217bc43656c57e6f6eeda3ea640452fa3443,dec.aig,8,21,21,15,2560.0,180.0,7,19,13,7,13,19,13,14290.0,18060.0,11790.0,484,152361.0,149101.01890563965,10539.893992245197,15029.916539788246,40459.67943966389,12619.886547327042,14730.0,12110.0,ok,2142.72,7968.97,1961.62,6448.86,10990.0,161831.0,3.7190906884707293,3.287517460058523,5.602512209296398,5481b8528ef488d0a4ed259244306aff83145b7d675e159efece21def7561297,semantic_live_support,True,32,256,672,160,224,8388608,100,5,f57f2d2e2b1d31675060cf3bf1219b69
epfl,validation_reused,epfl-random_control-dec-po3-4364177137,,59e7addb5e068640de3f8fb015017e7aa7495430d2533f87d4ece9f7ee548fa3,59e7addb5e068640de3f8fb015017e7aa7495430d2533f87d4ece9f7ee548fa3,38def606e795975e469273411ee9217bc43656c57e6f6eeda3ea640452fa3443,dec.aig,8,20,20,14,2560.0,240.0,6,17,12,6,12,17,12,13680.0,16990.0,11640.0,464,146272.0,142851.9608452916,9450.013749301434,14189.747162163258,37510.87933778763,12110.918760299683,14690.0,11590.0,ok,2002.92,7742.97,1845.41,6217.86,10740.0,155641.0,3.8658408723264035,3.3693650733441345,5.819844912512666,59e7addb5e068640de3f8fb015017e7aa7495430d2533f87d4ece9f7ee548fa3,semantic_live_support,True,32,256,640,160,192,8388608,100,5,4364177137cb0b31ea980fceca1a6e48
epfl,validation_reused,epfl-random_control-dec-po4-e56e9dcbed,,d140e61d738c3298875886b8d8de576e48ff5c7e9f4d0e66d0149d0bdee19f49,d140e61d738c3298875886b8d8de576e48ff5c7e9f4d0e66d0149d0bdee19f49,38def606e795975e469273411ee9217bc43656c57e6f6eeda3ea640452fa3443,dec.aig,8,21,21,15,2670.0,150.0,7,19,13,7,13,19,13,14010.0,16970.0,11590.0,484,155991.0,152600.92914104462,10460.964404046535,14810.007996857166,43349.57338869572,11979.951523244381,15470.0,12891.0,ok,2102.22,7984.28,1953.62,6539.67,11090.0,164292.0,3.7980230423076557,3.3474626590636873,5.676641312025881,d140e61d738c3298875886b8d8de576e48ff5c7e9f4d0e66d0149d0bdee19f49,semantic_live_support,True,32,256,672,160,224,8388608,100,5,e56e9dcbed4ee4d67ba188065354f781
epfl,validation_reused,epfl-random_control-dec-po5-8708527f1a,,650189d78de4cf754ed237a9ddadd9686b58d85d06d82e937df6075f4cc87642,650189d78de4cf754ed237a9ddadd9686b58d85d06d82e937df6075f4cc87642,38def606e795975e469273411ee9217bc43656c57e6f6eeda3ea640452fa3443,dec.aig,8,20,20,14,2550.0,190.0,6,17,12,6,12,17,12,13510.0,17180.0,11640.0,464,154212.0,151031.0685262084,11170.166544616222,15000.11421740055,38070.95345109701,13619.894161820412,15000.0,11710.0,ok,2011.22,7608.87,1866.91,6235.66,10740.0,161732.0,3.7832111852507433,3.3400967373895902,5.752821507196383,650189d78de4cf754ed237a9ddadd9686b58d85d06d82e937df6075f4cc87642,semantic_live_support,True,32,256,640,160,192,8388608,100,5,8708527f1ac0e2ae97223419ac12a345
epfl,validation_reused,epfl-random_control-dec-po6-0e1bce9519,,8aa4012b4573828d21c20ac64d18a6ea73da0347b5d1a71442091ca48655db70,8aa4012b4573828d21c20ac64d18a6ea73da0347b5d1a71442091ca48655db70,38def606e795975e469273411ee9217bc43656c57e6f6eeda3ea640452fa3443,dec.aig,8,20,20,14,2370.0,170.0,6,17,12,6,12,17,12,13930.0,17160.0,11450.0,464,147871.0,144521.00731432438,10679.941624403,14140.27065038681,38670.60877382755,12279.953807592392,14270.0,12160.0,ok,1984.91,7710.48,1871.32,6178.86,10520.0,164872.0,3.884548921613574,3.3018724750443535,5.621700190240045,8aa4012b4573828d21c20ac64d18a6ea73da0347b5d1a71442091ca48655db70,semantic_live_support,True,32,256,640,160,192,8388608,100,5,0e1bce951934e2576887c3b17c43ef96
epfl,validation_reused,epfl-random_control-dec-po7-07a62f5837,,d504fd065f8d2bcd3d1d3a4b298328e09f1cb44e3106d156477e992aabe9812c,d504fd065f8d2bcd3d1d3a4b298328e09f1cb44e3106d156477e992aabe9812c,38def606e795975e469273411ee9217bc43656c57e6f6eeda3ea640452fa3443,dec.aig,8,19,19,13,2360.0,170.0,5,15,11,5,11,15,11,12791.0,16300.0,11160.0,444,140931.0,137981.02736473083,10130.112059414387,12889.62084800005,36430.079489946365,12560.980394482613,16250.0,12260.0,ok,1857.42,7294.47,1699.32,6009.96,11070.0,159132.0,3.9272054785670445,3.5366852623402303,6.514370454063979,d504fd065f8d2bcd3d1d3a4b298328e09f1cb44e3106d156477e992aabe9812c,semantic_live_support,True,32,256,608,160,160,8388608,100,5,07a62f583752189739cdf8207581714a
epfl,validation_reused,epfl-random_control-i2c-po41-b4580bd004,,0745a1313e725625a421ff591e0d9715e6dec82a85ea7df2dbe8826b6ce24140,0745a1313e725625a421ff591e0d9715e6dec82a85ea7df2dbe8826b6ce24140,3f6ab413a3f745c87811fa6565d972146f1f4e6ede78fae71fcb16e469b9b213,i2c.aig,14,56,63,46,8231.0,210.0,32,64,42,12,42,64,42,39991.0,51750.0,26220.0,1273,409164.0,402873.03272634745,28339.79669958353,33720.16362845898,112921.34877294302,48209.913074970245,49051.0,40080.0,ok,28030.4,24710.2,28324.2,22178.2,38221.0,445455.0,0.881550031394486,0.7830124063521653,1.3494114573403662,0745a1313e725625a421ff591e0d9715e6dec82a85ea7df2dbe8826b6ce24140,semantic_live_support,True,2048,28672,129024,12288,24576,8388608,5,5,b4580bd004a03184f80a40bf4bf57ba8
epfl,validation_reused,epfl-random_control-i2c-po42-455375796e,,e87145524912979e39791f7c4003bb11ed4ac15f3b104d38919631094b82010a,e87145524912979e39791f7c4003bb11ed4ac15f3b104d38919631094b82010a,3f6ab413a3f745c87811fa6565d972146f1f4e6ede78fae71fcb16e469b9b213,i2c.aig,15,59,66,48,8710.0,230.0,33,67,44,13,44,67,44,41090.0,50751.0,26340.0,1340,418894.0,412633.9918002486,29029.790312051773,35911.09998524189,115421.6006398201,48040.878027677536,47281.0,32721.0,ok,46114.4,29230.2,46514.4,27512.2,56450.0,570025.0,0.6338627413562792,0.5914770479679411,1.2136026692809108,e87145524912979e39791f7c4003bb11ed4ac15f3b104d38919631094b82010a,semantic_live_support,True,4096,61440,270336,28672,53248,8388608,5,5,455375796e966a411f691ab3a7c4d3b5
epfl,validation_reused,epfl-random_control-i2c-po44-bebebe05c9,,6eff763c0a3873b7c137cd0393c10beff7bdb9e948d044cc2e0ab422ef711c25,6eff763c0a3873b7c137cd0393c10beff7bdb9e948d044cc2e0ab422ef711c25,3f6ab413a3f745c87811fa6565d972146f1f4e6ede78fae71fcb16e469b9b213,i2c.aig,14,88,136,77,14580.0,180.0,63,111,74,16,93,144,93,68130.0,75191.0,37620.0,2019,659076.0,648076.06395334,39332.31346309185,55599.72487390041,177021.48761600256,88870.17611414194,75961.0,64870.0,ok,62922.6,51350.4,48044.6,39546.4,56551.0,718247.0,0.8160883370998656,0.8231185190427228,1.1770521557053237,6eff763c0a3873b7c137cd0393c10beff7bdb9e948d044cc2e0ab422ef711c25,semantic_live_support,True,2048,28672,278528,18432,32768,8388608,5,5,bebebe05c902b53a25f3e3c9ee760de8
epfl,validation_reused,epfl-random_control-i2c-po68-6659cda0b7,,2d73e34f6f2daef7bc8bb9d45f08152cdd237b44def8bcb5410ef8b5620f267a,2d73e34f6f2daef7bc8bb9d45f08152cdd237b44def8bcb5410ef8b5620f267a,3f6ab413a3f745c87811fa6565d972146f1f4e6ede78fae71fcb16e469b9b213,i2c.aig,13,47,52,38,7090.0,240.0,25,52,34,14,35,54,35,33421.0,39821.0,26060.0,1061,335043.0,329962.93157339096,25439.891032874584,29879.971407353878,89209.52677726746,39209.96095985174,37820.0,25420.0,ok,14828.2,20136.2,14414.2,17242.2,23850.0,370884.0,1.357966577197502,1.1961954184068488,1.6546183624481414,2d73e34f6f2daef7bc8bb9d45f08152cdd237b44def8bcb5410ef8b5620f267a,semantic_live_support,True,1024,13312,53248,5120,14336,8388608,5,5,6659cda0b7df92842bccc47e46449962
epfl,validation_reused,epfl-random_control-i2c-po71-1bdb300ea1,,d9a20d913be5cdfba0722957559b9af2b666a5aeaa07119c050157cb5f34bdaf,d9a20d913be5cdfba0722957559b9af2b666a5aeaa07119c050157cb5f34bdaf,3f6ab413a3f745c87811fa6565d972146f1f4e6ede78fae71fcb16e469b9b213,i2c.aig,10,60,95,57,10501.0,200.0,47,76,50,11,66,104,66,49560.0,57671.0,27480.0,1372,438204.0,430454.034358263,26089.83777463436,34660.10093688965,119601.9584313035,47409.674152731895,58411.0,44810.0,ok,9378.3,34344.72,8608.08,25673.24,18900.0,468205.0,3.662147724001152,2.9824583414652284,2.195611564948281,d9a20d913be5cdfba0722957559b9af2b666a5aeaa07119c050157cb5f34bdaf,semantic_live_support,True,128,1280,12160,896,1408,8388608,50,5,1bdb300ea1180c272c3a44ce4bbaa04e
epfl,validation_reused,epfl-random_control-i2c-po72-e01c98e60e,,0b71902f31be008f6d02162daa39f47c7ff6b95f23dd647c29201886c93d4fb5,0b71902f31be008f6d02162daa39f47c7ff6b95f23dd647c29201886c93d4fb5,3f6ab413a3f745c87811fa6565d972146f1f4e6ede78fae71fcb16e469b9b213,i2c.aig,10,50,80,46,8600.0,240.0,36,61,40,9,55,86,55,44690.0,47990.0,23900.0,1140,359334.0,352743.89665573835,21390.034817159176,27030.007913708687,101789.83211517334,39171.893149614334,51491.0,39700.0,ok,7994.08,28541.48,6930.46,20376.0,17091.0,516965.0,3.570327042011088,2.9400645844575974,2.4660700732707497,0b71902f31be008f6d02162daa39f47c7ff6b95f23dd647c29201886c93d4fb5,semantic_live_support,True,128,1280,10240,896,1152,8388608,50,5,e01c98e60e9e792fd949c7a738e22514
epfl,validation_reused,epfl-random_control-i2c-po73-8b0c8a5c32,,9e6f086ae708e3b7dfd830d42ba530cd33373efab8896af8ab4794741a46d754,9e6f086ae708e3b7dfd830d42ba530cd33373efab8896af8ab4794741a46d754,3f6ab413a3f745c87811fa6565d972146f1f4e6ede78fae71fcb16e469b9b213,i2c.aig,11,44,52,35,6620.0,190.0,24,50,33,12,35,54,35,30940.0,41090.0,21880.0,1001,328303.0,322973.0064049363,20129.955373704433,29809.772968292236,93071.13941758871,33569.871447980404,36670.0,25170.0,ok,6216.05,19001.7,5769.05,15910.15,15250.0,351453.0,3.056876955622944,2.7578457458333694,2.643416160373025,9e6f086ae708e3b7dfd830d42ba530cd33373efab8896af8ab4794741a46d754,semantic_live_support,True,256,2816,13312,1280,3072,8388608,20,5,8b0c8a5c32c3ae5544ea6374e0cf56c1
epfl,validation_reused,epfl-random_control-i2c-po74-3bf1791a1e,,e54ca27b26f1691a561195da4fde45b721df5856793f104cc2f6b120014c587d,e54ca27b26f1691a561195da4fde45b721df5856793f104cc2f6b120014c587d,3f6ab413a3f745c87811fa6565d972146f1f4e6ede78fae71fcb16e469b9b213,i2c.aig,14,78,136,69,12640.0,180.0,55,96,64,14,94,147,94,59921.0,69401.0,34290.0,1784,589945.0,580784.9811390042,37641.96299016476,46619.44694817066,159592.7169546485,82079.90322262049,67731.0,73821.0,ok,63932.6,50798.6,40624.4,33576.4,59281.0,624496.0,0.7945649011615358,0.8265082068904402,1.4592461673280097,e54ca27b26f1691a561195da4fde45b721df5856793f104cc2f6b120014c587d,semantic_live_support,True,2048,28672,278528,16384,28672,8388608,5,5,3bf1791a1e19a330524199cb7289b9d3
epfl,validation_reused,epfl-random_control-int2float-po0-03bdd5ff4c,,6e0ae2da7ac89da04fa8c34c3d99fe58bc8fb27f5f87cb8adeac548ba492750c,6e0ae2da7ac89da04fa8c34c3d99fe58bc8fb27f5f87cb8adeac548ba492750c,ad280bdb8331591998b8184ff70ad00d31184649c245796965fc6777e3016bab,int2float.aig,11,123,195,104,20780.0,230.0,93,164,112,17,134,208,134,90411.0,111771.0,52671.0,2902,962040.0,946840.038523078,70538.95387798548,82851.27114504576,250561.1628293991,120191.01995974779,113991.0,104581.0,ok,21338.2,68296.15,18679.15,54740.5,29280.0,969619.0,3.2006518825392956,2.930566969053731,1.5675231474665603,6e0ae2da7ac89da04fa8c34c3d99fe58bc8fb27f5f87cb8adeac548ba492750c,semantic_live_support,True,256,2816,49920,2048,4352,8388608,20,5,03bdd5ff4c9e7ba74dd98df4b3e13c3f
epfl,validation_reused,epfl-random_control-int2float-po1-5d8e7b322c,,cc38b9dc76ffe1332b8d31ac077a17e1cdca3469c1a2d0b081a49079a518a543,cc38b9dc76ffe1332b8d31ac077a17e1cdca3469c1a2d0b081a49079a518a543,ad280bdb8331591998b8184ff70ad00d31184649c245796965fc6777e3016bab,int2float.aig,11,140,250,121,23190.0,230.0,110,188,129,17,171,264,171,105991.0,123422.0,61131.0,3324,1107300.0,1090100.035071373,77709.67204123735,94631.8032220006,290413.1542891264,149060.6227889657,141121.0,130621.0,ok,26885.25,88617.35,22354.7,65179.1,33700.0,1407814.0,3.296132637784659,2.9156776874661703,1.5075129614801361,cc38b9dc76ffe1332b8d31ac077a17e1cdca3469c1a2d0b081a49079a518a543,semantic_live_support,True,256,2816,64000,2048,4352,8388608,20,5,5d8e7b322c52ffcea867e25a64827d0d
epfl,validation_reused,epfl-random_control-int2float-po2-6d30452990,,4ade002b7e53378e2631c88d02e3480b044e6dffcb6c7a9f1831cde8b1bfe52b,4ade002b7e53378e2631c88d02e3480b044e6dffcb6c7a9f1831cde8b1bfe52b,ad280bdb8331591998b8184ff70ad00d31184649c245796965fc6777e3016bab,int2float.aig,11,136,208,117,23771.0,250.0,106,183,125,19,139,210,139,105301.0,121741.0,61041.0,3220,1067960.0,1052220.0027480721,74719.77733075619,89479.72673922777,282093.76614540815,137901.05003863573,139602.0,120281.0,ok,21910.2,75165.2,21476.7,64250.15,31430.0,1342733.0,3.430603098100428,2.991621152225435,1.4634464326456111,4ade002b7e53378e2631c88d02e3480b044e6dffcb6c7a9f1831cde8b1bfe52b,semantic_live_support,True,256,2816,53248,2560,4864,8388608,20,5,6d304529902c7de8d07c800e0b54ebc4
epfl,validation_reused,epfl-random_control-int2float-po3-15980bb2bc,,9b7a1eb80dc024677b1c37549ba56b32214447d257e63af9f8a4ff2b01f88cdb,9b7a1eb80dc024677b1c37549ba56b32214447d257e63af9f8a4ff2b01f88cdb,ad280bdb8331591998b8184ff70ad00d31184649c245796965fc6777e3016bab,int2float.aig,9,35,40,26,5480.0,190.0,17,39,26,9,26,39,26,23330.0,37570.0,18260.0,801,264173.0,259332.94091373682,18869.87593024969,23689.703084528446,73370.75658142567,26060.850359499454,27480.0,20320.0,ok,3784.24,15022.14,3699.44,12923.72,13870.0,279893.0,3.969658372619073,3.4934260320480934,3.7492160975715243,9b7a1eb80dc024677b1c37549ba56b32214447d257e63af9f8a4ff2b01f88cdb,semantic_live_support,True,64,576,2560,320,576,8388608,50,5,15980bb2bc4ddf8ac669d986b3fe2987
epfl,validation_reused,epfl-random_control-int2float-po4-f28975a467,,f5ba19ceb6d88282377896a1527ed6cacb1025f8f16bea3b3222cb99cdf00b37,f5ba19ceb6d88282377896a1527ed6cacb1025f8f16bea3b3222cb99cdf00b37,ad280bdb8331591998b8184ff70ad00d31184649c245796965fc6777e3016bab,int2float.aig,11,79,116,65,13240.0,180.0,54,99,68,13,76,113,76,65361.0,77571.0,36411.0,1838,645466.0,635575.9687721729,48599.67157244682,58039.79001939297,168613.8566583395,83950.93027502298,76921.0,72140.0,ok,12096.6,42526.4,11690.1,34879.3,22240.0,658496.0,3.5155663574888814,2.9836613886964183,1.9024644784903464,f5ba19ceb6d88282377896a1527ed6cacb1025f8f16bea3b3222cb99cdf00b37,semantic_live_support,True,256,2816,29696,1536,3328,8388608,20,5,f28975a467467027fb13672468eee71e
epfl,validation_reused,epfl-random_control-int2float-po5-b67636a98e,,bb1610e3db0eb5ed6c93ca7fe15cf3624caf1eb398f17cd22096a71d6078868a,bb1610e3db0eb5ed6c93ca7fe15cf3624caf1eb398f17cd22096a71d6078868a,ad280bdb8331591998b8184ff70ad00d31184649c245796965fc6777e3016bab,int2float.aig,11,55,76,43,8670.0,200.0,32,62,44,8,48,69,48,39960.0,51011.0,27950.0,1288,434874.0,427003.9498806,31441.100873053074,36540.208384394646,111680.24502694607,53289.81205821037,47780.0,39730.0,ok,7623.55,27608.25,7257.05,22776.2,16910.0,440124.0,3.621442766165369,3.1384929137872826,2.3301479251210893,bb1610e3db0eb5ed6c93ca7fe15cf3624caf1eb398f17cd22096a71d6078868a,semantic_live_support,True,256,2816,19456,1536,2048,8388608,20,5,b67636a98ead5159e39ab86cf33ee5ec
epfl,validation_reused,epfl-random_control-int2float-po6-f3b25f4977,,20ff0051b893aa207f502ce373fb7624a9709a47295efaa9406ad4517d64bf83,20ff0051b893aa207f502ce373fb7624a9709a47295efaa9406ad4517d64bf83,ad280bdb8331591998b8184ff70ad00d31184649c245796965fc6777e3016bab,int2float.aig,9,23,23,17,3100.0,180.0,8,20,14,6,14,20,14,15920.0,20030.0,13160.0,530,171651.0,167890.91750979424,11621.159501373768,14200.108125805855,44749.81687963009,16400.241293013096,17471.0,13720.0,ok,2298.42,8987.7,2261.02,7449.68,11800.0,184572.0,3.910381914532592,3.2948315362093217,5.218883512750883,20ff0051b893aa207f502ce373fb7624a9709a47295efaa9406ad4517d64bf83,semantic_live_support,True,64,576,1472,256,384,8388608,50,5,f3b25f4977d4bcf51dda67781c43f99e
epfl,validation_reused,epfl-random_control-int2float-internal25-be3b3fac1d,,4c02791891541161338fbb5fd396937592ff08c94f3d301404208cc38c60b573,4c02791891541161338fbb5fd396937592ff08c94f3d301404208cc38c60b573,ad280bdb8331591998b8184ff70ad00d31184649c245796965fc6777e3016bab,int2float.aig,9,62,84,55,10750.0,240.0,46,80,53,10,57,88,57,47591.0,56491.0,28161.0,1423,479175.0,473725.02740472555,33320.0441673398,37710.18236875534,125922.02983796597,51220.995374023914,62580.0,47790.0,ok,7314.88,29522.08,7700.48,26720.26,17720.0,472814.0,4.035893958615863,3.4699473279587765,2.3011552526595747,4c02791891541161338fbb5fd396937592ff08c94f3d301404208cc38c60b573,semantic_live_support,True,64,576,5376,384,640,8388608,50,5,be3b3fac1d823fd25e118a7cd2988a7f
epfl,validation_reused,epfl-random_control-mem_ctrl-po614-b0a54afe66,,b1861a1bb5fb48063c02ada92da89296a1303b82adafd084f6aec4b769be5b94,b1861a1bb5fb48063c02ada92da89296a1303b82adafd084f6aec4b769be5b94,390d601836717129b903a5ecc8fd96b41d322d26895d666b303c64b796bd0d1d,mem_ctrl.aig,13,59,85,53,9750.0,210.0,40,68,46,7,56,84,56,46340.0,50160.0,27280.0,1353,421394.0,414204.0852457285,25230.227038264275,31660.660170018673,111971.74899280071,51530.078053474426,52400.0,40931.0,ok,24166.2,31756.4,19698.2,24608.2,29380.0,465074.0,1.3140833064362623,1.2492613538292838,1.4915068381882608,b1861a1bb5fb48063c02ada92da89296a1303b82adafd084f6aec4b769be5b94,semantic_live_support,True,1024,13312,87040,6144,7168,8388608,5,5,b0a54afe6676a053c38f0c7838100f31
epfl,validation_reused,epfl-random_control-mem_ctrl-po622-b73ccd172a,,fbd79b8ef47e3106a7154d4446110ee72b8e217901da9504e84122f655858acd,fbd79b8ef47e3106a7154d4446110ee72b8e217901da9504e84122f655858acd,390d601836717129b903a5ecc8fd96b41d322d26895d666b303c64b796bd0d1d,mem_ctrl.aig,16,111,261,95,18180.0,240.0,79,139,95,16,178,274,178,83991.0,103801.0,47380.0,2590,890878.0,872548.0875000358,63739.83342200518,75909.30908918381,229634.46099311113,125769.87501233816,106091.0,145921.0,ok,342427.4,138739.4,168123.6,72550.6,80981.0,1308392.0,0.4051644231740801,0.4315313257627127,1.1162002795290458,fbd79b8ef47e3106a7154d4446110ee72b8e217901da9504e84122f655858acd,semantic_live_support,True,8192,131072,2138112,57344,131072,8388608,5,5,b73ccd172ac9991f3ef8cd79521ebe5d
epfl,validation_reused,epfl-random_control-mem_ctrl-po623-7f80ce9c66,,174bc76a6e13974f3c04c56d4aec84fa2d602244a32d9574fa80f24ded1c4843,174bc76a6e13974f3c04c56d4aec84fa2d602244a32d9574fa80f24ded1c4843,390d601836717129b903a5ecc8fd96b41d322d26895d666b303c64b796bd0d1d,mem_ctrl.aig,16,120,415,105,19240.0,190.0,89,154,104,21,286,444,286,101541.0,100561.0,50190.0,2811,937159.0,923268.9626514912,64349.61687773466,78561.13370507956,235913.0885452032,145760.13199985027,104921.0,189212.0,ok,577743.4,215742.2,183585.6,76908.8,83801.0,1168491.0,0.37342218015818096,0.4189261031366295,1.0896152325871682,174bc76a6e13974f3c04c56d4aec84fa2d602244a32d9574fa80f24ded1c4843,semantic_live_support,True,8192,131072,3399680,57344,172032,8388608,5,5,7f80ce9c6606a9cff5dee7e69924c7d6
epfl,validation_reused,epfl-random_control-mem_ctrl-po627-7b4af14eba,,174bc76a6e13974f3c04c56d4aec84fa2d602244a32d9574fa80f24ded1c4843,174bc76a6e13974f3c04c56d4aec84fa2d602244a32d9574fa80f24ded1c4843,390d601836717129b903a5ecc8fd96b41d322d26895d666b303c64b796bd0d1d,mem_ctrl.aig,16,110,256,94,18230.0,200.0,78,137,94,15,173,264,173,84751.0,93811.0,48070.0,2568,871128.0,858697.9238316417,62211.06741577387,76821.42313569784,221202.38281786442,121442.01900810003,95901.0,110551.0,ok,326263.2,127621.2,161679.6,68510.6,76670.0,1297893.0,0.39116026569959467,0.4237430077758728,1.1190968988740428,174bc76a6e13974f3c04c56d4aec84fa2d602244a32d9574fa80f24ded1c4843,semantic_live_support,True,8192,131072,2097152,57344,122880,8388608,5,5,7b4af14eba4e0fd1de4e465555a67dbb
epfl,validation_reused,epfl-random_control-priority-internal17-ead80e25a7,,1e3eedb68183438cc634ee5159e66844d4ac5f4b8141245322ad1e2cc9c09f4a,1e3eedb68183438cc634ee5159e66844d4ac5f4b8141245322ad1e2cc9c09f4a,9123187c4169189f53f17a84367c4bd5f749b13298f9619ef601c5de4ee90678,priority.aig,8,49,172,49,12440.0,220.0,41,64,41,7,118,183,118,40631.0,43100.0,23830.0,1117,328023.0,321742.9621145129,17600.25043040514,23980.04289716482,92939.93934988976,38169.906474649906,48271.0,71380.0,ok,13588.13,60426.37,6567.76,21435.4,17260.0,372594.0,4.4469967537843695,3.263730708795693,2.627988842466838,1e3eedb68183438cc634ee5159e66844d4ac5f4b8141245322ad1e2cc9c09f4a,semantic_live_support,True,32,256,5504,160,224,8388608,100,5,ead80e25a7a707e58a98e54ea2ab071d
epfl,validation_reused,epfl-random_control-priority-internal33-6197962bc5,,322ccb5a63c694ad735ba187631593ae0d85f9bc452b9fef518fa226df7bbbc6,322ccb5a63c694ad735ba187631593ae0d85f9bc452b9fef518fa226df7bbbc6,9123187c4169189f53f17a84367c4bd5f749b13298f9619ef601c5de4ee90678,priority.aig,13,88,1967,88,16410.0,190.0,75,117,75,8,1358,2108,1358,73351.0,79820.0,39510.0,2000,672647.0,661337.049677968,54670.03211379051,45740.16202241182,183160.64961254597,100111.00675910711,98551.0,1361273.0,ok,636088.0,772327.4,33890.4,39856.2,45120.0,736187.0,1.2141832576624618,1.1760321506975426,1.3313504709298207,322ccb5a63c694ad735ba187631593ae0d85f9bc452b9fef518fa226df7bbbc6,semantic_live_support,True,1024,13312,2014208,8192,8192,8388608,5,5,6197962bc5841fedc87735bf397d9789
epfl,validation_reused,epfl-random_control-priority-internal390-5c1b8c3dc3,,28dd33a34e5477c9e28a36255872a929e77d06012353da99aff23c18605f9813,28dd33a34e5477c9e28a36255872a929e77d06012353da99aff23c18605f9813,9123187c4169189f53f17a84367c4bd5f749b13298f9619ef601c5de4ee90678,priority.aig,10,46,94,45,7830.0,160.0,35,56,36,9,66,105,66,37900.0,40571.0,27131.0,1043,319373.0,313212.97865360975,20369.887351989746,25769.928470253944,87409.9787324667,34189.666621387005,46361.0,42540.0,ok,9559.88,33395.12,6692.26,18396.78,16770.0,352583.0,3.493257237538547,2.7489637282472583,2.505879926960399,28dd33a34e5477c9e28a36255872a929e77d06012353da99aff23c18605f9813,semantic_live_support,True,128,1280,12032,896,1152,8388608,50,5,5c1b8c3dc37c9ce71c4f40cce691208e
epfl,validation_reused,epfl-random_control-priority-internal636-78eeeb8379,,01577f70e1c9995b0e3e6cc59788f540867673be56a84ac306fb0ed333b8f3c5,01577f70e1c9995b0e3e6cc59788f540867673be56a84ac306fb0ed333b8f3c5,9123187c4169189f53f17a84367c4bd5f749b13298f9619ef601c5de4ee90678,priority.aig,16,49,51,37,6180.0,230.0,21,50,33,16,34,52,34,32291.0,40891.0,22491.0,1105,339483.0,334263.0807310343,22020.3073695302,33821.09571248293,93530.74710816145,33959.862776100636,33610.0,24381.0,ok,62380.6,27236.2,58046.6,23772.2,32770.0,399854.0,0.43661330605989684,0.4095364758659422,1.3785009380705193,01577f70e1c9995b0e3e6cc59788f540867673be56a84ac306fb0ed333b8f3c5,semantic_live_support,True,8192,131072,417792,40960,131072,8388608,5,5,78eeeb837992edfa21763c8a541c030f
epfl,validation_reused,epfl-random_control-priority-internal919-8f1126a8c9,,16abab341fb7f370e27e4dadcf81766dd0dfd0ae64469477bb2cf6614938b2af,16abab341fb7f370e27e4dadcf81766dd0dfd0ae64469477bb2cf6614938b2af,9123187c4169189f53f17a84367c4bd5f749b13298f9619ef601c5de4ee90678,priority.aig,9,26,26,19,3590.0,200.0,10,26,17,10,17,26,17,17310.0,21150.0,13671.0,590,193812.0,190182.0069178939,12951.088137924671,24900.30601620674,49650.43626725674,20719.831809401512,17480.0,12941.0,ok,2862.24,9566.9,2572.24,7719.08,12480.0,210782.0,3.342452065515121,3.000917488259261,4.851802320156751,16abab341fb7f370e27e4dadcf81766dd0dfd0ae64469477bb2cf6614938b2af,semantic_live_support,True,64,576,1664,192,640,8388608,50,5,8f1126a8c958341aaed77b581b1997eb
epfl,validation_reused,epfl-random_control-router-internal19-4200fe3838,,23fc335ebc04e96fb4e7a1116e3fc68a401e8eb2b8297cff732698f1a0971456,23fc335ebc04e96fb4e7a1116e3fc68a401e8eb2b8297cff732698f1a0971456,fe8d13d4efe05fc3400ab8c94c0d1ce07ee24dd2ec106f7ae3d24e962e80efbd,router.aig,8,24,24,22,4080.0,190.0,14,25,16,6,16,25,16,18710.0,23030.0,12590.0,544,162241.0,158351.0311320424,8339.99365568161,11790.07813334465,45360.648073256016,15240.16261100769,22841.0,12350.0,ok,2551.02,8983.99,2839.43,8516.38,12180.0,184301.0,3.521724643475943,2.9993273297809773,4.289593333873348,23fc335ebc04e96fb4e7a1116e3fc68a401e8eb2b8297cff732698f1a0971456,semantic_live_support,True,32,256,768,96,192,8388608,100,5,4200fe38385d0b56304dad3e6eb02b81
epfl,validation_reused,epfl-random_control-router-internal29-ebfa4eab0e,,b4f361622f1bc2f68bf08063a7f1fb20030b4e92daf2ece8f8bd2eaa55a27ec0,b4f361622f1bc2f68bf08063a7f1fb20030b4e92daf2ece8f8bd2eaa55a27ec0,fe8d13d4efe05fc3400ab8c94c0d1ce07ee24dd2ec106f7ae3d24e962e80efbd,router.aig,11,34,34,31,5020.0,180.0,20,36,23,8,23,36,23,26650.0,30110.0,17910.0,763,218982.0,214881.96216523647,10251.067578792572,15210.011042654514,62300.125136971474,24890.06146788597,28901.0,17020.0,ok,4539.55,12852.6,4940.05,12322.1,14440.0,250332.0,2.831249793481733,2.4943269804961488,2.9230473375775547,b4f361622f1bc2f68bf08063a7f1fb20030b4e92daf2ece8f8bd2eaa55a27ec0,semantic_live_support,True,256,2816,8704,768,2048,8388608,20,5,ebfa4eab0e74bc8c6ed30aeb1411544c
epfl,validation_reused,epfl-random_control-router-internal39-7af9c35a7e,,f67a1729e9d5531acbb12ffa5fb02094206dc61dee866b9d9b490a5c5c1333d8,f67a1729e9d5531acbb12ffa5fb02094206dc61dee866b9d9b490a5c5c1333d8,fe8d13d4efe05fc3400ab8c94c0d1ce07ee24dd2ec106f7ae3d24e962e80efbd,router.aig,14,43,43,40,6270.0,190.0,26,45,29,8,29,45,29,34440.0,37710.0,21160.0,964,294232.0,288801.9662350416,14109.88625138998,19769.99919861555,85392.73403584957,37870.02060562372,37890.0,22061.0,ok,20656.2,17662.2,21068.2,17134.2,36121.0,333503.0,0.8550556249455369,0.8132730845539723,1.7144796423045157,f67a1729e9d5531acbb12ffa5fb02094206dc61dee866b9d9b490a5c5c1333d8,semantic_live_support,True,2048,28672,88064,6144,16384,8388608,5,5,7af9c35a7e112b2839cd08d8fa30b8b1
epfl,validation_reused,epfl-random_control-router-internal104-77af71e925,,26ab8d2f3a330290d28a5f168aa4a309405d06406fcabb86d3d8e405f45ad1e1,26ab8d2f3a330290d28a5f168aa4a309405d06406fcabb86d3d8e405f45ad1e1,fe8d13d4efe05fc3400ab8c94c0d1ce07ee24dd2ec106f7ae3d24e962e80efbd,router.aig,11,42,56,33,5850.0,190.0,22,47,31,14,38,59,38,29261.0,36691.0,20531.0,958,328863.0,323752.9890611768,21629.96679544449,40660.14662384987,84540.69029539824,32069.86002624035,30850.0,26260.0,ok,6709.05,20607.7,5398.55,14390.1,14820.0,342333.0,3.0716271305177334,2.665549082624038,2.74518157653444,26ab8d2f3a330290d28a5f168aa4a309405d06406fcabb86d3d8e405f45ad1e1,semantic_live_support,True,256,2816,14336,1280,3584,8388608,20,5,77af71e9251e73440cb959cf402bac43
epfl,validation_reused,epfl-random_control-router-internal135-565d2a3a16,,9201cdc32d9a27d99e0addf8236830f207bc858dee515da9d3df903bac337853,9201cdc32d9a27d99e0addf8236830f207bc858dee515da9d3df903bac337853,fe8d13d4efe05fc3400ab8c94c0d1ce07ee24dd2ec106f7ae3d24e962e80efbd,router.aig,12,36,36,33,5440.0,160.0,21,37,24,7,24,37,24,27941.0,30020.0,18040.0,810,235792.0,231372.07608669996,10699.848644435406,15760.655514895916,65709.81349796057,27749.803848564625,30620.0,17680.0,ok,6719.6,13654.6,7041.55,12858.1,16950.0,309083.0,2.032055479492827,1.8260326206588038,2.407140473333286,9201cdc32d9a27d99e0addf8236830f207bc858dee515da9d3df903bac337853,semantic_live_support,True,512,6144,18432,1536,3584,8388608,20,5,565d2a3a163f4b2698aa927119f22d2e
epfl,validation_reused,epfl-random_control-router-internal177-832d43e9af,,ad6a855b1c0263206b617b7122ab8b4bb9667664e39c08120bbf7d38cf2c158e,ad6a855b1c0263206b617b7122ab8b4bb9667664e39c08120bbf7d38cf2c158e,fe8d13d4efe05fc3400ab8c94c0d1ce07ee24dd2ec106f7ae3d24e962e80efbd,router.aig,15,51,95,47,7620.0,230.0,32,56,36,9,65,101,65,42290.0,39591.0,23560.0,1145,350434.0,344353.960826993,15429.803170263767,23189.69927728176,94599.78900849819,51271.053962409496,42290.0,43321.0,ok,69024.8,42084.4,39256.4,23392.2,53081.0,408314.0,0.6096997021360439,0.5958824548353899,1.3521616857378669,ad6a855b1c0263206b617b7122ab8b4bb9667664e39c08120bbf7d38cf2c158e,semantic_live_support,True,4096,61440,389120,16384,36864,8388608,5,5,832d43e9afe1ef2f4984e581e6acacd9
epfl,validation_reused,epfl-random_control-router-internal233-5ddc8d5e1b,,dec234304d115a50b977a1569748ab6d44b8743cf93a68babf841c46ba798cbc,dec234304d115a50b977a1569748ab6d44b8743cf93a68babf841c46ba798cbc,fe8d13d4efe05fc3400ab8c94c0d1ce07ee24dd2ec106f7ae3d24e962e80efbd,router.aig,16,85,253,67,11860.0,210.0,51,102,69,23,175,273,175,62140.0,79851.0,37650.0,1965,735597.0,726456.9867402315,56090.18262475729,99171.18586599827,179891.47454500198,100522.18567579985,64120.0,152502.0,ok,336413.2,125585.2,114389.2,47036.4,57961.0,847808.0,0.373306398203162,0.41119616187542185,1.2322584211376721,dec234304d115a50b977a1569748ab6d44b8743cf93a68babf841c46ba798cbc,semantic_live_support,True,8192,131072,2072576,40960,188416,8388608,5,5,5ddc8d5e1b4e33d6d415cb84321f21e3
epfl,validation_reused,epfl-random_control-voter-internal72-661c8b218d,,00ad53b87fd6d173a86443ac94b6972381d29a677c2112133d90424185c3ee91,00ad53b87fd6d173a86443ac94b6972381d29a677c2112133d90424185c3ee91,10ea098f4fca120ba55dd1abd5fab34d6a4df6099c4f411bc8592a27f9caf324,voter.aig,12,89,265,85,16051.0,220.0,73,119,77,8,185,291,185,71051.0,75320.0,37980.0,2034,608665.0,599244.9587211013,39780.7452827692,46791.043132543564,173449.8655423522,59041.54386371374,94261.0,176991.0,ok,49444.45,95343.9,22150.7,39072.9,34731.0,658196.0,1.928303378842317,1.7639577981734211,1.5679414194585273,00ad53b87fd6d173a86443ac94b6972381d29a677c2112133d90424185c3ee91,semantic_live_support,True,512,6144,135680,3584,4096,8388608,20,5,661c8b218d6a9527eeb662c0cb1deaf2
epfl,validation_reused,epfl-random_control-voter-internal3075-f8954d4f09,,d17086cdb006ae47e044c0c125cdb6aaf8c917b0029278ce0cc88eef4a43a896,d17086cdb006ae47e044c0c125cdb6aaf8c917b0029278ce0cc88eef4a43a896,10ea098f4fca120ba55dd1abd5fab34d6a4df6099c4f411bc8592a27f9caf324,voter.aig,12,179,4547,168,30800.0,240.0,156,250,167,13,3161,4937,3161,149541.0,169102.0,71911.0,4274,1389094.0,1369812.9914700985,105930.14303594828,112310.9832406044,378867.14562773705,178411.602973938,188452.0,3584814.0,ok,864248.25,1706826.3,46971.95,82213.25,59241.0,1425223.0,1.974925954434967,1.7502626567557873,1.261199503107706,d17086cdb006ae47e044c0c125cdb6aaf8c917b0029278ce0cc88eef4a43a896,semantic_live_support,True,512,6144,2328064,5632,6656,8388608,20,5,f8954d4f09d9cc98e6430789baffe087
epfl,validation_reused,epfl-random_control-voter-internal4823-4087895a60,,7c87f58d0aade6bc2554ac3faaa1b721bcb1db7833fd31f5e6b066cd2c6b3330,7c87f58d0aade6bc2554ac3faaa1b721bcb1db7833fd31f5e6b066cd2c6b3330,10ea098f4fca120ba55dd1abd5fab34d6a4df6099c4f411bc8592a27f9caf324,voter.aig,12,167,2599,161,29210.0,270.0,149,235,155,14,1807,2823,1807,140721.0,145761.0,70271.0,3959,1252272.0,1234671.9158813357,87740.36541581154,98722.52121567726,346374.2323219776,152422.23162204027,183332.0,1782267.0,ok,506952.85,1006198.6,45367.45,76949.75,57111.0,1386254.0,1.9847972054994858,1.6961444824428087,1.258854090322467,7c87f58d0aade6bc2554ac3faaa1b721bcb1db7833fd31f5e6b066cd2c6b3330,semantic_live_support,True,512,6144,1330688,5120,7168,8388608,20,5,4087895a6009aa8f117aa8f85be6db1a
epfl,validation_reused,epfl-random_control-voter-internal7179-1f4236d03b,,94b0613d0adbb661e8da4ec12a47be76198b860edad947a3ede25a4a57cf36c9,94b0613d0adbb661e8da4ec12a47be76198b860edad947a3ede25a4a57cf36c9,10ea098f4fca120ba55dd1abd5fab34d6a4df6099c4f411bc8592a27f9caf324,voter.aig,12,171,3897,163,29661.0,250.0,151,240,159,16,2709,4231,2709,142211.0,158081.0,93280.0,4064,1301533.0,1283403.0203521252,91590.22010862827,110660.7960537076,365842.7158370614,157142.17443019152,191082.0,3653675.0,ok,772350.4,1503689.4,44082.4,77722.25,57430.0,1396314.0,1.9469005259788819,1.7631129430339545,1.302787507032285,94b0613d0adbb661e8da4ec12a47be76198b860edad947a3ede25a4a57cf36c9,semantic_live_support,True,512,6144,1995264,5632,8192,8388608,20,5,1f4236d03b0184ebbfd243a0ab581e29
epfl,validation_reused,epfl-random_control-voter-internal9182-24dfeed155,,0859ad9970b5619d8c45db08023b2bbf9bcd0d857023c08ea9bf0feb0141b0d4,0859ad9970b5619d8c45db08023b2bbf9bcd0d857023c08ea9bf0feb0141b0d4,10ea098f4fca120ba55dd1abd5fab34d6a4df6099c4f411bc8592a27f9caf324,voter.aig,12,176,3247,165,29420.0,200.0,153,246,164,17,2257,3525,2257,140751.0,166572.0,71080.0,4200,1388823.0,1364973.0244651437,119940.95984846354,113568.7343776226,376180.62924593687,178541.17322713137,199682.0,2768036.0,ok,610624.85,1256264.5,45229.9,80202.8,57910.0,1405703.0,2.0573425729398336,1.7732252337502405,1.2803477345738106,0859ad9970b5619d8c45db08023b2bbf9bcd0d857023c08ea9bf0feb0141b0d4,semantic_live_support,True,512,6144,1662464,5632,8704,8388608,20,5,24dfeed155ecdb25a2b71062c9aae63d
epfl,validation_reused,epfl-random_control-voter-internal10038-a5538c254b,,7ec7d00c5ff6344bdf00c9115a08a5b3d5ef20d14c28db009908bd82d5cf747a,7ec7d00c5ff6344bdf00c9115a08a5b3d5ef20d14c28db009908bd82d5cf747a,10ea098f4fca120ba55dd1abd5fab34d6a4df6099c4f411bc8592a27f9caf324,voter.aig,12,172,2598,163,28941.0,270.0,151,241,160,19,1806,2821,1806,145561.0,149561.0,71300.0,4094,1317703.0,1300572.999753058,95611.2053245306,110138.55691999197,365721.41107171774,160585.27398854494,192792.0,1788068.0,ok,491710.7,965645.7,45480.4,78402.75,57710.0,1333983.0,1.9638492715330376,1.7238799570804126,1.268898250675016,7ec7d00c5ff6344bdf00c9115a08a5b3d5ef20d14c28db009908bd82d5cf747a,semantic_live_support,True,512,6144,1330176,5120,9728,8388608,20,5,a5538c254b4d2c474716906da6d65640
epfl,validation_reused,epfl-random_control-voter-internal10957-7dc361262b,,d4af98be3a974fa5f66ea9822e9ae42d9a7bc3a7a15b3978d33a027e25b56c66,d4af98be3a974fa5f66ea9822e9ae42d9a7bc3a7a15b3978d33a027e25b56c66,10ea098f4fca120ba55dd1abd5fab34d6a4df6099c4f411bc8592a27f9caf324,voter.aig,12,195,11047,182,34141.0,270.0,170,273,183,14,7681,11997,7681,157152.0,171282.0,78661.0,4685,1538454.0,1519353.9438769221,117130.69397956133,126242.870464921,414194.1899433732,210032.2162732482,208242.0,6836816.0,ok,2145823.0,4113108.3,50036.0,88274.35,62431.0,1530635.0,1.9167975643843875,1.7642167639299706,1.2477216404188984,d4af98be3a974fa5f66ea9822e9ae42d9a7bc3a7a15b3978d33a027e25b56c66,semantic_live_support,True,512,6144,5656064,6144,7168,8388608,20,5,7dc361262ba66647abf5eecb25adf706
