case_id,corpus,model_id,history,slice_kind,k,residual_clauses,residual_unique_clauses,residual_literals,duplicate_fraction,packed_true_count,solution_density,packed_sha256,all_relation_arms_equal,expression_build_ns,cm_compile_ns,cse_compile_ns,robdd_backend,requested_backend,robdd_fixed_setup_ns,robdd_fixed_build_ns,robdd_fixed_nodes,robdd_best5_setup_ns,robdd_best5_selected_build_ns,robdd_best5_nodes,robdd_best5_search_ns,robdd_best5_trials_json,cm_flat_instructions,cse_flat_instructions,cm_executed_word_ops,cse_executed_word_ops,cm_packed_ns_median,cse_packed_ns_median,cnf_packed_ns_median,robdd_extract_enumerate_ns_median,robdd_extract_naive_ns_median,cm_over_cnf_packed,cm_over_cse_packed,cm_over_robdd_enumerate,extraction_samples_json,point_queries,point_equal,packed_point_session_ns_median,scalar_cnf_point_session_ns_median,robdd_point_session_ns_median,cadical_point_session_ns_median,packed_point_over_robdd,packed_point_over_cadical,point_samples_json,packed_count_ns,robdd_count_ns,cadical_enum_count_ns,cadical_enum_count,count_equal,cm_traced_build_eval_ns,cm_tracemalloc_peak_bytes,cse_traced_build_eval_ns,cse_tracemalloc_peak_bytes,cnf_traced_eval_ns,cnf_tracemalloc_peak_bytes,robdd_traced_build_ns,robdd_tracemalloc_peak_bytes,cm_serialized_bytes,cm_serialize_ns,cm_reload_ns,cm_roundtrip_equal,cnf_serialized_bytes,cnf_serialize_ns,cnf_reload_ns,cnf_roundtrip_equal,robdd_serialized_bytes,robdd_serialize_ns,robdd_reload_ns,robdd_roundtrip_equal,metadata_json
real|automotive2@2_1|incidence|k8,real,automotive2@2_1,automotive2,incidence,8,628,16,644,0.9745222929936306,4,0.015625,86adb8e6dea363b4f0e1c664c209fab752d734189e9e4137aba7b7743e3815b0,True,1013465,7783300,1897522,dd.cudd,cudd,9303798,1168475,11,7744798,525834,11,47719665,"[{""sweep"":0,""seed"":1361490082,""nodes"":13,""setup_ns"":10052245,""build_ns"":811252,""order"":[""x4"",""x6"",""x5"",""x2"",""x7"",""x0"",""x3"",""x1""]},{""sweep"":1,""seed"":1361490083,""nodes"":15,""setup_ns"":9606017,""build_ns"":601839,""order"":[""x6"",""x0"",""x7"",""x1"",""x3"",""x2"",""x5"",""x4""]},{""sweep"":2,""seed"":1361490084,""nodes"":14,""setup_ns"":8402040,""build_ns"":499432,""order"":[""x3"",""x4"",""x0"",""x5"",""x7"",""x2"",""x1"",""x6""]},{""sweep"":3,""seed"":1361490085,""nodes"":15,""setup_ns"":8242430,""build_ns"":537934,""order"":[""x4"",""x1"",""x5"",""x0"",""x3"",""x6"",""x7"",""x2""]},{""sweep"":4,""seed"":1361490086,""nodes"":11,""setup_ns"":7744798,""build_ns"":525834,""order"":[""x2"",""x0"",""x1"",""x3"",""x5"",""x4"",""x6"",""x7""]}]",45,75,87,278,76105.89,203173.55,116640.495,168211.0,1620904.0,0.6524825704829185,0.37458561904342375,0.4524430031329699,"{""cm"":[74595.795,78749.06,75253.335,105285.765,76105.89],""cse"":[219233.085,248703.98,203173.55,202377.5,199391.81],""cnf"":[115484.92,118751.13,110141.575,120603.745,116640.495],""robdd_enumerate"":[222715.0,204713.0,168211.0,150910.0,164111.0],""robdd_naive"":[1620904.0,1679608.0,1629805.0,1468394.0,1610503.0]}",256,True,30102.0,4804008.0,1521498.0,1392289.0,0.01978444927301909,0.021620511258797562,"{""packed"":[33402.0,34203.0,29002.0,29802.0,30102.0],""scalar_cnf"":[4600696.0,4866612.0,4804008.0,4888514.0,4788008.0],""robdd"":[1521498.0,1500397.0,1578502.0,1564701.0,1486896.0],""cadical"":[1343986.0,1439992.0,1321885.0,1392289.0,1422091.0]}",1500,36902,496832,4,True,12985135,203001,4664600,233300,442428,536,13461165,41831,4151,10096449,5580758,True,2575,8683458,5555457,True,607,46458885,35653591,True,"{""dropped_satisfied_clauses"":237057,""payload_sha256"":""80870caebe19aded263a4bc412ea369d98dfe3f43e639c65141edb5db3c7894c"",""removed_fixed_false_literals"":13369,""residual_clauses"":628,""residual_literals"":644,""slice_feature_names"":[""N_2085033141__F_C53EADCFF030"",""F_1DB4A8F021D3"",""F_079A5285BA97"",""F_347FF2E3B2E8"",""F_81EBCF6E0907"",""F_B5E459A1D1C3"",""F_99EBFB0F4B15"",""F_76250E09E21A""],""slice_variables"":[3,1732,3117,1734,1735,1736,1737,1738],""source_clauses"":237685}"
real|automotive2@2_1|hash|k8,real,automotive2@2_1,automotive2,hash,8,8,7,8,0.125,2,0.0078125,9245a18805f18d96e06e115bed80fceb097bcfbec4155a16e4fb6a121444db04,True,39603,389925,146209,dd.cudd,cudd,12590609,40903,8,11957169,41002,8,59786241,"[{""sweep"":0,""seed"":2059008789,""nodes"":8,""setup_ns"":11957169,""build_ns"":41002,""order"":[""x1"",""x4"",""x2"",""x0"",""x6"",""x5"",""x3"",""x7""]},{""sweep"":1,""seed"":2059008790,""nodes"":8,""setup_ns"":11938567,""build_ns"":41403,""order"":[""x7"",""x3"",""x6"",""x2"",""x4"",""x0"",""x5"",""x1""]},{""sweep"":2,""seed"":2059008791,""nodes"":8,""setup_ns"":11617546,""build_ns"":47903,""order"":[""x3"",""x2"",""x0"",""x4"",""x1"",""x5"",""x6"",""x7""]},{""sweep"":3,""seed"":2059008792,""nodes"":8,""setup_ns"":11688251,""build_ns"":59404,""order"":[""x5"",""x0"",""x7"",""x1"",""x2"",""x4"",""x6"",""x3""]},{""sweep"":4,""seed"":2059008793,""nodes"":8,""setup_ns"":11748854,""build_ns"":43403,""order"":[""x5"",""x3"",""x0"",""x6"",""x4"",""x2"",""x7"",""x1""]}]",6,6,11,12,8134.52,8920.57,1867.62,108607.0,1249580.0,4.355554127713347,0.9118834334577276,0.07489867135635825,"{""cm"":[8134.52,7885.51,8064.02,8400.54,9171.09],""cse"":[8679.555,8920.57,8748.56,9069.58,9005.08],""cnf"":[1711.61,1697.61,1867.62,1887.12,2135.135],""robdd_enumerate"":[62304.0,83705.0,121408.0,108607.0,108607.0],""robdd_naive"":[1180075.0,1208778.0,1273482.0,1249580.0,1484696.0]}",256,True,27302.0,343522.0,1465995.0,1324385.0,0.018623528729634138,0.020614851421603235,"{""packed"":[27302.0,26302.0,28302.0,27602.0,26602.0],""scalar_cnf"":[361123.0,332021.0,330921.0,368324.0,343522.0],""robdd"":[1352687.0,1597803.0,1465995.0,1533898.0,1427292.0],""cadical"":[1229679.0,1246580.0,1706709.0,1324385.0,1333986.0]}",1300,38303,175511,2,True,1134773,18333,446428,15209,36603,480,2843783,40951,933,10166953,7365274,True,47,9871934,7300469,True,432,39543541,39464435,True,"{""dropped_satisfied_clauses"":237677,""payload_sha256"":""80870caebe19aded263a4bc412ea369d98dfe3f43e639c65141edb5db3c7894c"",""removed_fixed_false_literals"":13234,""residual_clauses"":8,""residual_literals"":8,""slice_feature_names"":[""F_0F1697D591B1"",""I_2306953098__F_9C84777F3E04"",""I_1304992611__F_CA641630D0C3"",""I_505306787__F_1B1AC0C05412"",""F_AC621D8DF312"",""F_F63B1DDC6FA1"",""I_2358381103__F_A1BE8D85FFA7"",""I_1130897914__F_EAF10DDEDC6B""],""slice_variables"":[13911,10076,5662,8848,3716,2115,11529,7024],""source_clauses"":237685}"
real|automotive2@2_1|incidence|k12,real,automotive2@2_1,automotive2,incidence,12,654,42,700,0.9357798165137614,8,0.001953125,afffcd09e94ea63c3386564721ee485e8271fd197bd0216e3cccf0d594335496,True,755248,8483245,2248445,dd.cudd,cudd,2517162,666343,19,2760177,781750,21,18110163,"[{""sweep"":0,""seed"":326537371,""nodes"":21,""setup_ns"":2760177,""build_ns"":781750,""order"":[""x8"",""x6"",""x11"",""x10"",""x7"",""x5"",""x2"",""x4"",""x9"",""x1"",""x3"",""x0""]},{""sweep"":1,""seed"":326537372,""nodes"":23,""setup_ns"":2860284,""build_ns"":735147,""order"":[""x10"",""x4"",""x8"",""x5"",""x6"",""x11"",""x0"",""x1"",""x7"",""x3"",""x9"",""x2""]},{""sweep"":2,""seed"":326537373,""nodes"":23,""setup_ns"":2546564,""build_ns"":768750,""order"":[""x9"",""x3"",""x4"",""x1"",""x7"",""x2"",""x0"",""x10"",""x8"",""x6"",""x5"",""x11""]},{""sweep"":3,""seed"":326537374,""nodes"":23,""setup_ns"":2730275,""build_ns"":629841,""order"":[""x10"",""x11"",""x4"",""x1"",""x3"",""x5"",""x7"",""x8"",""x6"",""x0"",""x2"",""x9""]},{""sweep"":4,""seed"":326537375,""nodes"":23,""setup_ns"":2894486,""build_ns"":889257,""order"":[""x4"",""x7"",""x8"",""x3"",""x6"",""x5"",""x9"",""x10"",""x1"",""x2"",""x11"",""x0""]}]",71,92,139,374,121411.8,279927.98,198974.78,253916.0,31637232.0,0.610186878960238,0.43372513172852534,0.4781573433733991,"{""cm"":[121831.84,121411.8,113939.32,192060.34,112747.26],""cse"":[279927.98,308957.86,258836.62,302711.44,255724.42],""cnf"":[189806.2,198974.78,310629.96,202967.04,175185.24],""robdd_enumerate"":[213914.0,205913.0,377625.0,259717.0,253916.0],""robdd_naive"":[31836445.0,30187139.0,40426497.0,31637232.0,30494959.0]}",256,True,40503.0,1722310.0,2230643.0,1435892.0,0.01815754470796089,0.0282075532143086,"{""packed"":[44003.0,40503.0,43203.0,36703.0,35602.0],""scalar_cnf"":[1633005.0,1722310.0,1792716.0,1849819.0,1658707.0],""robdd"":[2170340.0,2377952.0,2230643.0,1839118.0,2417655.0],""cadical"":[1366587.0,1424092.0,1435892.0,1677807.0,1477895.0]}",1800,47703,603039,8,True,19634561,284045,7039452,325586,571037,3640,4657999,41221,7400,10000843,5727368,True,2815,46649896,9203791,True,1066,40634610,49933108,True,"{""dropped_satisfied_clauses"":237031,""payload_sha256"":""80870caebe19aded263a4bc412ea369d98dfe3f43e639c65141edb5db3c7894c"",""removed_fixed_false_literals"":13365,""residual_clauses"":654,""residual_literals"":700,""slice_feature_names"":[""N_2085033141__F_C53EADCFF030"",""F_1DB4A8F021D3"",""F_079A5285BA97"",""F_347FF2E3B2E8"",""F_81EBCF6E0907"",""F_B5E459A1D1C3"",""F_99EBFB0F4B15"",""F_76250E09E21A"",""F_C683C32D8AF9"",""F_9E623D1264D7"",""F_AB6890415E65"",""F_D06F3DEBB846""],""slice_variables"":[3,1732,3117,1734,1735,1736,1737,1738,1739,1740,1741,1742],""source_clauses"":237685}"
real|automotive2@2_1|hash|k12,real,automotive2@2_1,automotive2,hash,12,9,8,9,0.11111111111111116,16,0.00390625,9c3fbb134336c61edd9fff90207ead4f70c8927fd433edf92b95f2ca511f51a6,True,38203,288318,98306,dd.cudd,cudd,2832482,54903,9,2661871,32302,9,22768162,"[{""sweep"":0,""seed"":1105292799,""nodes"":9,""setup_ns"":2522962,""build_ns"":50604,""order"":[""x10"",""x1"",""x6"",""x7"",""x9"",""x8"",""x5"",""x0"",""x2"",""x3"",""x4"",""x11""]},{""sweep"":1,""seed"":1105292800,""nodes"":9,""setup_ns"":2618069,""build_ns"":33102,""order"":[""x5"",""x11"",""x10"",""x8"",""x4"",""x6"",""x2"",""x9"",""x7"",""x3"",""x0"",""x1""]},{""sweep"":2,""seed"":1105292801,""nodes"":9,""setup_ns"":2584366,""build_ns"":82705,""order"":[""x9"",""x10"",""x0"",""x11"",""x6"",""x8"",""x1"",""x4"",""x3"",""x2"",""x7"",""x5""]},{""sweep"":3,""seed"":1105292802,""nodes"":9,""setup_ns"":2661871,""build_ns"":32302,""order"":[""x7"",""x11"",""x1"",""x9"",""x10"",""x3"",""x5"",""x2"",""x8"",""x4"",""x6"",""x0""]},{""sweep"":4,""seed"":1105292803,""nodes"":9,""setup_ns"":11637848,""build_ns"":46203,""order"":[""x11"",""x0"",""x5"",""x7"",""x8"",""x1"",""x3"",""x2"",""x6"",""x4"",""x10"",""x9""]}]",6,6,12,13,12402.8,12226.78,4806.32,171411.0,31530325.0,2.580518983338604,1.0143962678644745,0.0723570832677016,"{""cm"":[12070.78,17589.12,11942.76,12446.8,12402.8],""cse"":[10840.7,15366.98,12226.78,13826.88,11254.72],""cnf"":[4806.32,5320.34,4756.32,4796.3,5052.34],""robdd_enumerate"":[224815.0,176411.0,123208.0,171411.0,167610.0],""robdd_naive"":[36053916.0,30896185.0,31530325.0,31874848.0,30440856.0]}",256,True,54303.0,321621.0,2062833.0,1406290.0,0.026324477066248214,0.03861436830241273,"{""packed"":[52604.0,60804.0,54303.0,46903.0,54504.0],""scalar_cnf"":[316320.0,336121.0,321621.0,312720.0,336221.0],""robdd"":[2185741.0,1876121.0,1952325.0,2215342.0,2062833.0],""cadical"":[1410190.0,1398490.0,1387190.0,1406290.0,1805216.0]}",1500,34802,325821,16,True,916958,20256,446328,15932,40802,3072,2724575,41221,1953,9126486,5830675,True,53,53519438,5549756,True,519,32789406,30668370,True,"{""dropped_satisfied_clauses"":237676,""payload_sha256"":""80870caebe19aded263a4bc412ea369d98dfe3f43e639c65141edb5db3c7894c"",""removed_fixed_false_literals"":13232,""residual_clauses"":9,""residual_literals"":9,""slice_feature_names"":[""F_0F1697D591B1"",""I_2306953098__F_9C84777F3E04"",""I_1304992611__F_CA641630D0C3"",""I_505306787__F_1B1AC0C05412"",""F_AC621D8DF312"",""F_F63B1DDC6FA1"",""I_2358381103__F_A1BE8D85FFA7"",""I_1130897914__F_EAF10DDEDC6B"",""I_1915112965__F_14217BC2934A"",""F_6031300DD786"",""F_FA132362833C"",""F_D2082674FB4C""],""slice_variables"":[13911,10076,5662,8848,3716,2115,11529,7024,3390,1629,548,3686],""source_clauses"":237685}"
real|automotive2@2_1|incidence|k16,real,automotive2@2_1,automotive2,incidence,16,696,84,788,0.8793103448275862,12,0.00018310546875,8d28e83a3de8bf329abe051d5cb05029cb141b2382e1048962ada1c355de7858,True,923460,12031873,2409354,dd.cudd,cudd,2745877,1064268,27,3661135,1515498,29,25389531,"[{""sweep"":0,""seed"":247281056,""nodes"":31,""setup_ns"":3329214,""build_ns"":1424491,""order"":[""x13"",""x6"",""x0"",""x4"",""x2"",""x8"",""x7"",""x12"",""x1"",""x10"",""x9"",""x11"",""x3"",""x15"",""x14"",""x5""]},{""sweep"":1,""seed"":247281057,""nodes"":31,""setup_ns"":3154303,""build_ns"":1540199,""order"":[""x13"",""x4"",""x7"",""x3"",""x10"",""x6"",""x14"",""x12"",""x9"",""x11"",""x5"",""x0"",""x1"",""x8"",""x15"",""x2""]},{""sweep"":2,""seed"":247281058,""nodes"":30,""setup_ns"":3466223,""build_ns"":1379689,""order"":[""x2"",""x14"",""x6"",""x11"",""x5"",""x1"",""x0"",""x4"",""x9"",""x12"",""x13"",""x10"",""x15"",""x8"",""x7"",""x3""]},{""sweep"":3,""seed"":247281059,""nodes"":31,""setup_ns"":3603531,""build_ns"":1631505,""order"":[""x15"",""x5"",""x14"",""x10"",""x13"",""x6"",""x11"",""x7"",""x3"",""x1"",""x0"",""x9"",""x12"",""x2"",""x4"",""x8""]},{""sweep"":4,""seed"":247281060,""nodes"":29,""setup_ns"":3661135,""build_ns"":1515498,""order"":[""x0"",""x1"",""x7"",""x5"",""x9"",""x11"",""x12"",""x14"",""x15"",""x2"",""x6"",""x13"",""x3"",""x4"",""x8"",""x10""]}]",111,133,219,499,306549.7,609009.1,1537268.8,362723.0,,0.19941190506175627,0.5033581600012217,0.8451344414332701,"{""cm"":[335211.5,301779.4,306549.7,413286.5,300439.3],""cse"":[591998.0,609009.1,753478.4,840944.1,584327.5],""cnf"":[1523227.9,1549149.5,1537268.8,1864999.8,1522477.8],""robdd_enumerate"":[368123.0,346123.0,362723.0,465630.0,327321.0]}",256,True,108007.0,978063.0,2531863.0,1655607.0,0.04265910122309145,0.06523710035050588,"{""packed"":[113307.0,107707.0,103006.0,108007.0,170511.0],""scalar_cnf"":[985964.0,956461.0,958062.0,1012865.0,978063.0],""robdd"":[2531863.0,2441257.0,2717475.0,2494760.0,2715074.0],""cadical"":[1545399.0,1686709.0,1655607.0,1580402.0,1720310.0]}",4200,55604,,,True,29111371,989147,7635091,1190715,2095735,52792,5564758,41429,26284,11223221,6634326,True,3219,45840445,5960683,True,1534,42670241,35329970,True,"{""dropped_satisfied_clauses"":236989,""payload_sha256"":""80870caebe19aded263a4bc412ea369d98dfe3f43e639c65141edb5db3c7894c"",""removed_fixed_false_literals"":13361,""residual_clauses"":696,""residual_literals"":788,""slice_feature_names"":[""N_2085033141__F_C53EADCFF030"",""F_1DB4A8F021D3"",""F_079A5285BA97"",""F_347FF2E3B2E8"",""F_81EBCF6E0907"",""F_B5E459A1D1C3"",""F_99EBFB0F4B15"",""F_76250E09E21A"",""F_C683C32D8AF9"",""F_9E623D1264D7"",""F_AB6890415E65"",""F_D06F3DEBB846"",""F_53B91F453D46"",""F_65074A9F78E5"",""F_36FE2E1AA38D"",""F_7E3EA0301DE8""],""slice_variables"":[3,1732,3117,1734,1735,1736,1737,1738,1739,1740,1741,1742,1743,1744,1745,1746],""source_clauses"":237685}"
real|automotive2@2_1|hash|k16,real,automotive2@2_1,automotive2,hash,16,12,11,12,0.08333333333333337,32,0.00048828125,8af13a2b4bbda835826de338b54deda2a1fa35f972518b58d55a710dee07fdb5,True,65604,404026,141109,dd.cudd,cudd,13032837,62004,12,2478259,44903,12,36378437,"[{""sweep"":0,""seed"":776535366,""nodes"":12,""setup_ns"":13418462,""build_ns"":56404,""order"":[""x4"",""x0"",""x11"",""x5"",""x3"",""x15"",""x14"",""x7"",""x10"",""x1"",""x9"",""x2"",""x12"",""x8"",""x13"",""x6""]},{""sweep"":1,""seed"":776535367,""nodes"":12,""setup_ns"":2478259,""build_ns"":44903,""order"":[""x11"",""x2"",""x9"",""x6"",""x1"",""x8"",""x0"",""x5"",""x4"",""x10"",""x15"",""x12"",""x13"",""x3"",""x7"",""x14""]},{""sweep"":2,""seed"":776535368,""nodes"":12,""setup_ns"":3101799,""build_ns"":82905,""order"":[""x4"",""x0"",""x14"",""x3"",""x11"",""x2"",""x8"",""x1"",""x9"",""x15"",""x10"",""x6"",""x12"",""x5"",""x13"",""x7""]},{""sweep"":3,""seed"":776535369,""nodes"":12,""setup_ns"":2985592,""build_ns"":49303,""order"":[""x15"",""x14"",""x11"",""x2"",""x7"",""x9"",""x3"",""x8"",""x10"",""x13"",""x0"",""x12"",""x1"",""x5"",""x4"",""x6""]},{""sweep"":4,""seed"":776535370,""nodes"":12,""setup_ns"":13380459,""build_ns"":59503,""order"":[""x9"",""x7"",""x12"",""x6"",""x10"",""x15"",""x3"",""x4"",""x2"",""x5"",""x13"",""x0"",""x11"",""x14"",""x1"",""x8""]}]",7,7,16,17,27411.8,27881.8,39262.5,245116.0,,0.6981674625915314,0.9831431256231664,0.11183194895478059,"{""cm"":[37932.4,27411.8,27611.8,23961.5,24391.5],""cse"":[28491.8,26871.7,27171.7,27881.8,28571.9],""cnf"":[41062.7,41792.7,39242.6,39262.5,39252.5],""robdd_enumerate"":[250916.0,250516.0,243315.0,245116.0,241516.0]}",256,True,229615.0,412127.0,2930088.0,1735512.0,0.0783645405871769,0.13230389648703092,"{""packed"":[228515.0,210313.0,229615.0,240815.0,242916.0],""scalar_cnf"":[412127.0,431428.0,374124.0,363424.0,515333.0],""robdd"":[2603367.0,2987292.0,3030595.0,2930088.0,2568064.0],""cadical"":[1805916.0,1781314.0,1720111.0,1735512.0,1703109.0]}",5700,40403,,,True,3904851,91061,1663707,84917,277118,44032,15130072,41457,17552,12350794,7034752,True,70,47333540,7381374,True,704,33749968,82840922,True,"{""dropped_satisfied_clauses"":237673,""payload_sha256"":""80870caebe19aded263a4bc412ea369d98dfe3f43e639c65141edb5db3c7894c"",""removed_fixed_false_literals"":13231,""residual_clauses"":12,""residual_literals"":12,""slice_feature_names"":[""F_0F1697D591B1"",""I_2306953098__F_9C84777F3E04"",""I_1304992611__F_CA641630D0C3"",""I_505306787__F_1B1AC0C05412"",""F_AC621D8DF312"",""F_F63B1DDC6FA1"",""I_2358381103__F_A1BE8D85FFA7"",""I_1130897914__F_EAF10DDEDC6B"",""I_1915112965__F_14217BC2934A"",""F_6031300DD786"",""F_FA132362833C"",""F_D2082674FB4C"",""F_E05187EC543C"",""F_03C1303C30A9"",""I_400939561__F_CEA105AC8992"",""F_DB271295D925""],""slice_variables"":[13911,10076,5662,8848,3716,2115,11529,7024,3390,1629,548,3686,380,4580,9981,2154],""source_clauses"":237685}"
real|automotive2@2_2|incidence|k8,real,automotive2@2_2,automotive2,incidence,8,468,20,490,0.9572649572649573,5,0.01953125,5705930384412b7a6e2648bfbc68d00375e9ee2c486824b206e3035391d6c84e,True,1740111,10144551,3953153,dd.cudd,cudd,4513790,1214478,12,4435385,1114671,14,58779276,"[{""sweep"":0,""seed"":673090929,""nodes"":14,""setup_ns"":4875314,""build_ns"":1246880,""order"":[""x0"",""x3"",""x2"",""x6"",""x4"",""x5"",""x7"",""x1""]},{""sweep"":1,""seed"":673090930,""nodes"":14,""setup_ns"":14423427,""build_ns"":1187776,""order"":[""x0"",""x5"",""x7"",""x2"",""x4"",""x6"",""x1"",""x3""]},{""sweep"":2,""seed"":673090931,""nodes"":15,""setup_ns"":23156088,""build_ns"":960062,""order"":[""x6"",""x5"",""x4"",""x1"",""x7"",""x2"",""x3"",""x0""]},{""sweep"":3,""seed"":673090932,""nodes"":15,""setup_ns"":5078326,""build_ns"":1015465,""order"":[""x4"",""x6"",""x2"",""x7"",""x1"",""x5"",""x3"",""x0""]},{""sweep"":4,""seed"":673090933,""nodes"":14,""setup_ns"":4435385,""build_ns"":1114671,""order"":[""x2"",""x3"",""x5"",""x7"",""x6"",""x1"",""x4"",""x0""]}]",34,49,64,198,63853.1,160044.78,88140.165,203513.0,1822117.0,0.724449517424888,0.3989702132115774,0.31375440389557424,"{""cm"":[85153.47,63853.1,84221.41,55581.07,55990.595],""cse"":[276756.28,160044.78,197037.66,143952.25,140563.53],""cnf"":[116519.485,107676.415,80503.17,88140.165,85235.975],""robdd_enumerate"":[262617.0,271718.0,203513.0,181111.0,182612.0],""robdd_naive"":[1822117.0,1836018.0,2177340.0,1534899.0,1518297.0]}",256,True,32902.0,5222335.0,1554300.0,1414891.0,0.021168371614231487,0.023254088124102845,"{""packed"":[56004.0,32902.0,33302.0,30202.0,32102.0],""scalar_cnf"":[5176032.0,5222335.0,5502853.0,4897114.0,5587359.0],""robdd"":[1554300.0,1436792.0,1601802.0,1447393.0,1556000.0],""cadical"":[1514397.0,1455493.0,1388789.0,1389490.0,1414891.0]}",1600,45803,650942,5,True,8774263,143312,3622332,192816,341922,540,4276475,40951,3221,9506111,5958382,True,1956,45508523,6078491,True,665,45007792,28859154,True,"{""dropped_satisfied_clauses"":342440,""payload_sha256"":""d388e769e237f697d71850ef412b82b9f9b9344ae155884d647a18fdb367fbcf"",""removed_fixed_false_literals"":17033,""residual_clauses"":468,""residual_literals"":490,""slice_feature_names"":[""N_2085033141__F_C53EADCFF030"",""F_1DB4A8F021D3"",""F_347FF2E3B2E8"",""F_81EBCF6E0907"",""F_B5E459A1D1C3"",""F_99EBFB0F4B15"",""F_76250E09E21A"",""F_C683C32D8AF9""],""slice_variables"":[3,1799,1801,1802,1803,1804,1805,1806],""source_clauses"":342908}"
real|automotive2@2_2|hash|k8,real,automotive2@2_2,automotive2,hash,8,6,6,8,0.0,8,0.03125,219b71c9b3712f5b802badb6d844485230243b078cea33ead199df0d7b576c3c,True,37202,337922,98506,dd.cudd,cudd,2754077,64004,11,2940789,41503,8,25692250,"[{""sweep"":0,""seed"":744286818,""nodes"":11,""setup_ns"":2606867,""build_ns"":32702,""order"":[""x1"",""x2"",""x5"",""x4"",""x6"",""x0"",""x3"",""x7""]},{""sweep"":1,""seed"":744286819,""nodes"":10,""setup_ns"":2924987,""build_ns"":42302,""order"":[""x1"",""x2"",""x6"",""x7"",""x0"",""x4"",""x3"",""x5""]},{""sweep"":2,""seed"":744286820,""nodes"":8,""setup_ns"":2940789,""build_ns"":41503,""order"":[""x1"",""x7"",""x0"",""x2"",""x5"",""x4"",""x3"",""x6""]},{""sweep"":3,""seed"":744286821,""nodes"":10,""setup_ns"":2618068,""build_ns"":37202,""order"":[""x5"",""x6"",""x0"",""x1"",""x4"",""x3"",""x2"",""x7""]},{""sweep"":4,""seed"":744286822,""nodes"":8,""setup_ns"":13852390,""build_ns"":46603,""order"":[""x4"",""x6"",""x5"",""x0"",""x2"",""x7"",""x3"",""x1""]}]",9,9,13,13,12174.28,11925.765,1987.125,119508.0,1448393.0,6.126579857834812,1.0208384954759717,0.10187000033470563,"{""cm"":[11851.265,12180.285,12267.785,12174.28,11663.75],""cse"":[12012.27,12869.325,11925.765,11602.745,11828.76],""cnf"":[1923.12,2096.635,2022.63,1987.125,1935.625],""robdd_enumerate"":[83106.0,119508.0,123308.0,82806.0,124708.0],""robdd_naive"":[1332285.0,1476595.0,1501997.0,1444392.0,1448393.0]}",256,True,30002.0,416527.0,1346786.0,1310985.0,0.02227673884343912,0.02288508259057121,"{""packed"":[29602.0,34302.0,30002.0,29701.0,30102.0],""scalar_cnf"":[416527.0,427528.0,451429.0,395026.0,394725.0],""robdd"":[1937024.0,1346786.0,1339686.0,1350287.0,1248180.0],""cadical"":[1612104.0,1312785.0,1310985.0,1288082.0,1283883.0]}",701,32102,217314,8,True,983863,17706,431428,15070,48403,528,2853684,40951,1073,9564514,6287604,True,44,8658156,5991584,True,583,32552691,33599259,True,"{""dropped_satisfied_clauses"":342902,""payload_sha256"":""d388e769e237f697d71850ef412b82b9f9b9344ae155884d647a18fdb367fbcf"",""removed_fixed_false_literals"":16992,""residual_clauses"":6,""residual_literals"":8,""slice_feature_names"":[""F_94C5567EAEC4"",""I_4209430719__F_7B92F6B866B2"",""F_DED561FB2C7E"",""I_2087887377__F_8CDF3B265F3A"",""I_149572510__F_335B7D7E8C3E"",""F_3964D9AAFF67"",""I_2609422582__F_1E133F2C4854"",""I_4209430719__F_A70A2E3E2C71""],""slice_variables"":[897,11418,2276,11367,10707,2291,12468,11392],""source_clauses"":342908}"
real|automotive2@2_2|incidence|k12,real,automotive2@2_2,automotive2,incidence,12,498,50,554,0.8995983935742972,9,0.002197265625,83658ce8200c3e099d17aaa93885c55d6d3361d85aa10323fd3d608a7214edf7,True,736547,7690895,1747212,dd.cudd,cudd,2704374,620840,20,2753877,613640,22,17906550,"[{""sweep"":0,""seed"":1302567175,""nodes"":22,""setup_ns"":2753877,""build_ns"":613640,""order"":[""x5"",""x10"",""x1"",""x6"",""x4"",""x9"",""x11"",""x3"",""x8"",""x7"",""x2"",""x0""]},{""sweep"":1,""seed"":1302567176,""nodes"":23,""setup_ns"":2734176,""build_ns"":629140,""order"":[""x11"",""x0"",""x7"",""x10"",""x5"",""x8"",""x4"",""x2"",""x3"",""x6"",""x1"",""x9""]},{""sweep"":2,""seed"":1302567177,""nodes"":22,""setup_ns"":3359416,""build_ns"":699045,""order"":[""x2"",""x11"",""x10"",""x0"",""x5"",""x7"",""x8"",""x9"",""x6"",""x3"",""x1"",""x4""]},{""sweep"":3,""seed"":1302567178,""nodes"":23,""setup_ns"":2610768,""build_ns"":555836,""order"":[""x7"",""x2"",""x10"",""x8"",""x9"",""x11"",""x3"",""x5"",""x4"",""x1"",""x0"",""x6""]},{""sweep"":4,""seed"":1302567179,""nodes"":23,""setup_ns"":2771678,""build_ns"":625640,""order"":[""x5"",""x7"",""x1"",""x11"",""x2"",""x6"",""x9"",""x10"",""x4"",""x3"",""x8"",""x0""]}]",68,81,132,301,117505.54,234019.04,154637.94,253517.0,31446120.0,0.7598752285499922,0.5021195711254947,0.46350161922080174,"{""cm"":[116285.48,124031.96,117505.54,122549.88,116507.48],""cse"":[239371.38,230738.82,239669.4,234019.04,229354.74],""cnf"":[153137.84,154637.94,151719.76,179237.52,156698.06],""robdd_enumerate"":[201513.0,271517.0,401326.0,253517.0,246016.0],""robdd_naive"":[35753897.0,31446120.0,31487323.0,31141300.0,31216905.0]}",256,True,40402.0,2329949.0,2202642.0,1515497.0,0.018342517758219448,0.026659241159830736,"{""packed"":[38902.0,40402.0,36503.0,58504.0,40803.0],""scalar_cnf"":[2338450.0,2324550.0,2326149.0,2329949.0,2349950.0],""robdd"":[2202642.0,2164439.0,2306549.0,2089234.0,2365852.0],""cadical"":[1458094.0,1543499.0,1592402.0,1515497.0,1513597.0]}",1500,40803,512833,9,True,15414590,229130,4449086,240646,437028,3644,4331478,41221,7133,10123050,5710367,True,2231,8283132,6114493,True,1124,40128778,38257058,True,"{""dropped_satisfied_clauses"":342410,""payload_sha256"":""d388e769e237f697d71850ef412b82b9f9b9344ae155884d647a18fdb367fbcf"",""removed_fixed_false_literals"":17029,""residual_clauses"":498,""residual_literals"":554,""slice_feature_names"":[""N_2085033141__F_C53EADCFF030"",""F_1DB4A8F021D3"",""F_347FF2E3B2E8"",""F_81EBCF6E0907"",""F_B5E459A1D1C3"",""F_99EBFB0F4B15"",""F_76250E09E21A"",""F_C683C32D8AF9"",""F_9E623D1264D7"",""F_AB6890415E65"",""F_D06F3DEBB846"",""F_53B91F453D46""],""slice_variables"":[3,1799,1801,1802,1803,1804,1805,1806,1807,1808,1809,1810],""source_clauses"":342908}"
real|automotive2@2_2|hash|k12,real,automotive2@2_2,automotive2,hash,12,9,9,11,0.0,16,0.00390625,0bcf7868fbc0b3d2f396c4e4e4e75b175bbdb90e757d8c5dc6ea4098a36b0ef5,True,43802,638941,121908,dd.cudd,cudd,2878885,53303,15,2476859,38603,13,29907821,"[{""sweep"":0,""seed"":790286081,""nodes"":15,""setup_ns"":2815080,""build_ns"":45903,""order"":[""x8"",""x7"",""x4"",""x11"",""x9"",""x5"",""x2"",""x6"",""x0"",""x1"",""x3"",""x10""]},{""sweep"":1,""seed"":790286082,""nodes"":14,""setup_ns"":8215328,""build_ns"":53404,""order"":[""x9"",""x6"",""x2"",""x7"",""x11"",""x10"",""x8"",""x0"",""x1"",""x5"",""x4"",""x3""]},{""sweep"":2,""seed"":790286083,""nodes"":15,""setup_ns"":2741976,""build_ns"":44303,""order"":[""x2"",""x0"",""x7"",""x10"",""x11"",""x6"",""x3"",""x9"",""x1"",""x5"",""x8"",""x4""]},{""sweep"":3,""seed"":790286084,""nodes"":13,""setup_ns"":2476859,""build_ns"":38603,""order"":[""x10"",""x3"",""x4"",""x6"",""x1"",""x8"",""x5"",""x2"",""x9"",""x0"",""x7"",""x11""]},{""sweep"":4,""seed"":790286085,""nodes"":14,""setup_ns"":12862327,""build_ns"":58004,""order"":[""x11"",""x1"",""x0"",""x8"",""x10"",""x2"",""x7"",""x9"",""x6"",""x5"",""x4"",""x3""]}]",12,12,19,19,18779.2,17983.16,6382.4,181411.0,32007356.0,2.9423414389571323,1.0442658576134562,0.10351742727838996,"{""cm"":[18995.22,17243.1,18837.2,18469.18,18779.2],""cse"":[19221.22,17983.16,18291.18,17111.1,17811.16],""cnf"":[6590.44,6318.42,6382.4,6370.4,8584.54],""robdd_enumerate"":[189712.0,169110.0,181411.0,179512.0,214314.0],""robdd_naive"":[31816744.0,32064759.0,31946353.0,32007356.0,32797407.0]}",256,True,27901.0,321821.0,2060432.0,1458294.0,0.013541335021005303,0.019132630320086347,"{""packed"":[28502.0,27201.0,27901.0,28002.0,27002.0],""scalar_cnf"":[348322.0,316221.0,321821.0,356223.0,321520.0],""robdd"":[2060432.0,2174239.0,1875621.0,2170039.0,2018930.0],""cadical"":[1503097.0,1491795.0,1428591.0,1458294.0,1449593.0]}",1400,40203,434228,16,True,1199177,26653,527334,20569,46103,3324,3044695,41221,2390,8948074,5726768,True,62,24082548,5300040,True,808,33453750,35563585,True,"{""dropped_satisfied_clauses"":342899,""payload_sha256"":""d388e769e237f697d71850ef412b82b9f9b9344ae155884d647a18fdb367fbcf"",""removed_fixed_false_literals"":16991,""residual_clauses"":9,""residual_literals"":11,""slice_feature_names"":[""F_94C5567EAEC4"",""I_4209430719__F_7B92F6B866B2"",""F_DED561FB2C7E"",""I_2087887377__F_8CDF3B265F3A"",""I_149572510__F_335B7D7E8C3E"",""F_3964D9AAFF67"",""I_2609422582__F_1E133F2C4854"",""I_4209430719__F_A70A2E3E2C71"",""I_1407082107__F_6949F3D5FF81"",""F_A7713F056EC9"",""I_2309254684__F_2FDB72DDFE0A"",""I_2771360831__F_9C4614722CBE""],""slice_variables"":[897,11418,2276,11367,10707,2291,12468,11392,6991,2767,16046,2399],""source_clauses"":342908}"
real|automotive2@2_2|incidence|k16,real,automotive2@2_2,automotive2,incidence,16,544,96,650,0.8235294117647058,13,0.0001983642578125,b2200ef01833f66f4be8b75f1da3e8c8c8081d8472f18b42fca85a192da53283,True,1087970,11915265,3461623,dd.cudd,cudd,2824882,992463,28,2759677,1081269,31,30458456,"[{""sweep"":0,""seed"":285359864,""nodes"":31,""setup_ns"":2759677,""build_ns"":1081269,""order"":[""x9"",""x15"",""x0"",""x6"",""x5"",""x12"",""x7"",""x14"",""x3"",""x1"",""x11"",""x4"",""x8"",""x10"",""x13"",""x2""]},{""sweep"":1,""seed"":285359865,""nodes"":31,""setup_ns"":2831182,""build_ns"":1158974,""order"":[""x14"",""x2"",""x10"",""x1"",""x4"",""x15"",""x12"",""x11"",""x9"",""x6"",""x7"",""x5"",""x3"",""x13"",""x0"",""x8""]},{""sweep"":2,""seed"":285359866,""nodes"":31,""setup_ns"":3118000,""build_ns"":1599202,""order"":[""x11"",""x1"",""x10"",""x7"",""x12"",""x13"",""x14"",""x5"",""x2"",""x15"",""x3"",""x0"",""x8"",""x6"",""x4"",""x9""]},{""sweep"":3,""seed"":285359867,""nodes"":31,""setup_ns"":3379417,""build_ns"":1488496,""order"":[""x4"",""x6"",""x3"",""x9"",""x12"",""x5"",""x2"",""x8"",""x7"",""x0"",""x14"",""x10"",""x15"",""x13"",""x1"",""x11""]},{""sweep"":4,""seed"":285359868,""nodes"":31,""setup_ns"":10675286,""build_ns"":1594802,""order"":[""x6"",""x0"",""x11"",""x7"",""x8"",""x5"",""x4"",""x12"",""x1"",""x2"",""x13"",""x14"",""x10"",""x9"",""x3"",""x15""]}]",114,128,224,442,337021.6,641351.2,1705799.6,388025.0,,0.19757397058833873,0.5254868159598048,0.8685564074479737,"{""cm"":[643921.3,314360.2,336871.7,357793.0,337021.6],""cse"":[809432.0,566966.4,582997.5,641351.2,668533.0],""cnf"":[2038571.0,1637675.2,1649305.9,1773714.0,1705799.6],""robdd_enumerate"":[656843.0,356323.0,408827.0,387025.0,388025.0]}",256,True,146209.0,1709810.0,3017694.0,1804516.0,0.048450571860500107,0.08102394215401804,"{""packed"":[146209.0,140109.0,245716.0,152610.0,144109.0],""scalar_cnf"":[1790715.0,1709810.0,1736312.0,1700709.0,1559600.0],""robdd"":[3266010.0,2908987.0,3021194.0,2897486.0,3017694.0],""cadical"":[1871421.0,1857619.0,1804516.0,1761213.0,1715011.0]}",4301,50003,,,True,26565807,994083,7406676,1133123,1962926,52796,5432649,41429,26522,14694744,7876606,True,2671,9562514,7680293,True,1592,46431483,52360564,True,"{""dropped_satisfied_clauses"":342364,""payload_sha256"":""d388e769e237f697d71850ef412b82b9f9b9344ae155884d647a18fdb367fbcf"",""removed_fixed_false_literals"":17025,""residual_clauses"":544,""residual_literals"":650,""slice_feature_names"":[""N_2085033141__F_C53EADCFF030"",""F_1DB4A8F021D3"",""F_347FF2E3B2E8"",""F_81EBCF6E0907"",""F_B5E459A1D1C3"",""F_99EBFB0F4B15"",""F_76250E09E21A"",""F_C683C32D8AF9"",""F_9E623D1264D7"",""F_AB6890415E65"",""F_D06F3DEBB846"",""F_53B91F453D46"",""F_65074A9F78E5"",""F_36FE2E1AA38D"",""F_7E3EA0301DE8"",""F_914DFC6A9A5E""],""slice_variables"":[3,1799,1801,1802,1803,1804,1805,1806,1807,1808,1809,1810,1811,1812,1813,1814],""source_clauses"":342908}"
real|automotive2@2_2|hash|k16,real,automotive2@2_2,automotive2,hash,16,14,13,16,0.0714285714285714,16,0.000244140625,b600e042354809250d7c1ca8322aba3a4f9bb3d3ff11cb338b769dac97ccb12e,True,94206,919559,208313,dd.cudd,cudd,3506126,70304,19,2770978,54104,16,30058631,"[{""sweep"":0,""seed"":462138473,""nodes"":16,""setup_ns"":2770978,""build_ns"":54104,""order"":[""x11"",""x14"",""x0"",""x3"",""x2"",""x1"",""x13"",""x7"",""x15"",""x8"",""x12"",""x6"",""x5"",""x4"",""x10"",""x9""]},{""sweep"":1,""seed"":462138474,""nodes"":25,""setup_ns"":2760877,""build_ns"":51203,""order"":[""x1"",""x4"",""x2"",""x10"",""x3"",""x15"",""x8"",""x12"",""x9"",""x14"",""x6"",""x13"",""x7"",""x0"",""x11"",""x5""]},{""sweep"":2,""seed"":462138475,""nodes"":17,""setup_ns"":2905887,""build_ns"":79305,""order"":[""x4"",""x0"",""x6"",""x3"",""x11"",""x1"",""x12"",""x13"",""x7"",""x14"",""x15"",""x5"",""x9"",""x2"",""x8"",""x10""]},{""sweep"":3,""seed"":462138476,""nodes"":21,""setup_ns"":7946711,""build_ns"":64104,""order"":[""x5"",""x13"",""x11"",""x10"",""x2"",""x1"",""x14"",""x4"",""x3"",""x15"",""x8"",""x0"",""x12"",""x7"",""x6"",""x9""]},{""sweep"":4,""seed"":462138477,""nodes"":19,""setup_ns"":12744419,""build_ns"":72004,""order"":[""x11"",""x6"",""x1"",""x4"",""x2"",""x13"",""x3"",""x7"",""x12"",""x8"",""x5"",""x9"",""x14"",""x15"",""x10"",""x0""]}]",14,14,25,26,35882.3,36342.3,65984.3,155910.0,,0.543800570741828,0.9873425732548573,0.23014752100570843,"{""cm"":[35882.3,37632.5,37432.4,33522.1,34452.2],""cse"":[36342.3,33922.1,34592.3,42972.8,37422.4],""cnf"":[63304.0,65984.3,66954.3,66134.3,64004.1],""robdd_enumerate"":[155910.0,159210.0,180111.0,151310.0,153410.0]}",256,True,66405.0,326721.0,2530263.0,1630305.0,0.02624430740994118,0.0407316422387222,"{""packed"":[65905.0,71505.0,70704.0,58104.0,66405.0],""scalar_cnf"":[337121.0,326721.0,323521.0,314220.0,404126.0],""robdd"":[2530263.0,2607267.0,2651771.0,2478659.0,2455658.0],""cadical"":[1650906.0,1622004.0,1630305.0,1565701.0,1739511.0]}",5501,69504,,,True,1890021,134670,723246,126782,291518,51704,5714567,41429,18108,11539041,7209664,True,90,54414196,6874842,True,1040,37496009,46550590,True,"{""dropped_satisfied_clauses"":342894,""payload_sha256"":""d388e769e237f697d71850ef412b82b9f9b9344ae155884d647a18fdb367fbcf"",""removed_fixed_false_literals"":16991,""residual_clauses"":14,""residual_literals"":16,""slice_feature_names"":[""F_94C5567EAEC4"",""I_4209430719__F_7B92F6B866B2"",""F_DED561FB2C7E"",""I_2087887377__F_8CDF3B265F3A"",""I_149572510__F_335B7D7E8C3E"",""F_3964D9AAFF67"",""I_2609422582__F_1E133F2C4854"",""I_4209430719__F_A70A2E3E2C71"",""I_1407082107__F_6949F3D5FF81"",""F_A7713F056EC9"",""I_2309254684__F_2FDB72DDFE0A"",""I_2771360831__F_9C4614722CBE"",""I_797771428__F_69A344CB05AF"",""I_1477694548__F_432ADE59A343"",""F_D361EBE81B41"",""I_1670938260__F_0E1224F777BA""],""slice_variables"":[897,11418,2276,11367,10707,2291,12468,11392,6991,2767,16046,2399,9285,9975,17013,15661],""source_clauses"":342908}"
real|automotive2@2_3|incidence|k8,real,automotive2@2_3,automotive2,incidence,8,468,20,490,0.9572649572649573,5,0.01953125,5705930384412b7a6e2648bfbc68d00375e9ee2c486824b206e3035391d6c84e,True,657043,4224671,1650206,dd.cudd,cudd,2847383,448829,12,3083098,521734,14,18513090,"[{""sweep"":0,""seed"":617626893,""nodes"":15,""setup_ns"":3545528,""build_ns"":656042,""order"":[""x7"",""x1"",""x3"",""x5"",""x6"",""x2"",""x4"",""x0""]},{""sweep"":1,""seed"":617626894,""nodes"":14,""setup_ns"":3083098,""build_ns"":521734,""order"":[""x6"",""x7"",""x0"",""x4"",""x5"",""x3"",""x2"",""x1""]},{""sweep"":2,""seed"":617626895,""nodes"":15,""setup_ns"":2691873,""build_ns"":492332,""order"":[""x4"",""x1"",""x2"",""x7"",""x5"",""x0"",""x3"",""x6""]},{""sweep"":3,""seed"":617626896,""nodes"":15,""setup_ns"":3030394,""build_ns"":465330,""order"":[""x5"",""x0"",""x3"",""x2"",""x6"",""x4"",""x1"",""x7""]},{""sweep"":4,""seed"":617626897,""nodes"":15,""setup_ns"":3006193,""build_ns"":516633,""order"":[""x7"",""x5"",""x6"",""x2"",""x3"",""x1"",""x4"",""x0""]}]",34,49,64,198,56628.64,145441.345,87078.595,183611.0,1535099.0,0.65031641817372,0.3893572353858526,0.3084163802822271,"{""cm"":[59455.32,56628.64,55445.065,59107.295,53461.435],""cse"":[146346.9,145441.345,142188.135,143922.245,176254.825],""cnf"":[87131.1,87078.595,83761.88,87345.115,84784.95],""robdd_enumerate"":[177211.0,172211.0,189312.0,183611.0,186412.0],""robdd_naive"":[1455094.0,1573201.0,1533498.0,1565000.0,1535099.0]}",256,True,31002.0,4925324.0,1541502.0,1360087.0,0.02011155353674533,0.0227941300813845,"{""packed"":[32302.0,30402.0,30802.0,32802.0,31002.0],""scalar_cnf"":[4993821.0,4892814.0,5037024.0,4897515.0,4925324.0],""robdd"":[1763614.0,1465094.0,1596402.0,1425793.0,1541502.0],""cadical"":[1414391.0,1332186.0,1360087.0,1440295.0,1337188.0]}",1300,50604,490632,5,True,9392018,143312,3637039,192816,349723,540,4122171,40951,3221,9662636,6267712,True,1956,45727608,6736743,True,665,37933595,36346591,True,"{""dropped_satisfied_clauses"":347058,""payload_sha256"":""3514e7aa4c7109bf9c0921f1f6c4768b7bac16e537ab7eba84d462d3659b321e"",""removed_fixed_false_literals"":17784,""residual_clauses"":468,""residual_literals"":490,""slice_feature_names"":[""N_2085033141__F_C53EADCFF030"",""F_1DB4A8F021D3"",""F_347FF2E3B2E8"",""F_81EBCF6E0907"",""F_B5E459A1D1C3"",""F_99EBFB0F4B15"",""F_76250E09E21A"",""F_C683C32D8AF9""],""slice_variables"":[3,1809,1811,1812,1813,1814,1815,1816],""source_clauses"":347526}"
real|automotive2@2_3|hash|k8,real,automotive2@2_3,automotive2,hash,8,11,8,11,0.2727272727272727,1,0.00390625,56fd25956f759e64e853071ff01587c364eaf6286c97da600e0be78c701637db,True,36402,344223,111507,dd.cudd,cudd,2733580,52004,9,2770883,38202,9,15310907,"[{""sweep"":0,""seed"":1815145831,""nodes"":9,""setup_ns"":2964695,""build_ns"":52704,""order"":[""x6"",""x1"",""x7"",""x2"",""x4"",""x0"",""x3"",""x5""]},{""sweep"":1,""seed"":1815145832,""nodes"":9,""setup_ns"":2949294,""build_ns"":48704,""order"":[""x1"",""x7"",""x0"",""x3"",""x6"",""x5"",""x2"",""x4""]},{""sweep"":2,""seed"":1815145833,""nodes"":9,""setup_ns"":2957395,""build_ns"":44803,""order"":[""x6"",""x4"",""x2"",""x5"",""x7"",""x0"",""x3"",""x1""]},{""sweep"":3,""seed"":1815145834,""nodes"":9,""setup_ns"":2814785,""build_ns"":59604,""order"":[""x2"",""x7"",""x5"",""x1"",""x6"",""x3"",""x4"",""x0""]},{""sweep"":4,""seed"":1815145835,""nodes"":9,""setup_ns"":2770883,""build_ns"":38202,""order"":[""x3"",""x4"",""x5"",""x6"",""x2"",""x0"",""x1"",""x7""]}]",8,8,14,17,10651.2,12393.82,2692.175,89406.0,1310086.0,3.9563549917817378,0.8593960538397364,0.11913294409771157,"{""cm"":[11570.76,10590.7,10651.2,10702.205,10417.685],""cse"":[12288.81,12231.305,12393.82,12834.345,13492.39],""cnf"":[2650.675,2692.175,2758.18,2679.175,2745.18],""robdd_enumerate"":[52504.0,89406.0,99306.0,91606.0,67604.0],""robdd_naive"":[1274984.0,1421493.0,1465296.0,1310086.0,1273684.0]}",256,True,24701.0,390326.0,1293385.0,1281384.0,0.019097948406700246,0.019276813195732115,"{""packed"":[24701.0,22901.0,23901.0,26202.0,39203.0],""scalar_cnf"":[368325.0,390326.0,364624.0,426628.0,396126.0],""robdd"":[1272884.0,1264683.0,1293385.0,1441295.0,1328088.0],""cadical"":[1239882.0,1231781.0,1309186.0,1375690.0,1281384.0]}",1200,37302,146210,1,True,1240782,23960,461430,19068,36002,480,3191910,40951,1110,9296212,6133603,True,63,7726208,6275713,True,478,34486868,42122671,True,"{""dropped_satisfied_clauses"":347515,""payload_sha256"":""3514e7aa4c7109bf9c0921f1f6c4768b7bac16e537ab7eba84d462d3659b321e"",""removed_fixed_false_literals"":17747,""residual_clauses"":11,""residual_literals"":11,""slice_feature_names"":[""I_3006809684__F_66A34F3FDF9F"",""I_3518491159__F_C75927076542"",""F_968BAA64621A"",""I_3442299793__F_ABDCAB5BAAF2"",""F_BC1A5AC3EF42"",""I_1109162832__F_D1228B36F5F7"",""F_A2BFF9AD5E7B"",""I_2131317224__F_4CF28198D648""],""slice_variables"":[8904,16157,4962,8577,757,9476,18153,8366],""source_clauses"":347526}"
real|automotive2@2_3|incidence|k12,real,automotive2@2_3,automotive2,incidence,12,498,50,554,0.8995983935742972,9,0.002197265625,83658ce8200c3e099d17aaa93885c55d6d3361d85aa10323fd3d608a7214edf7,True,773351,8080332,1727813,dd.cudd,cudd,2639874,585138,20,2553068,576838,22,17445247,"[{""sweep"":0,""seed"":451689532,""nodes"":22,""setup_ns"":2553068,""build_ns"":576838,""order"":[""x1"",""x4"",""x3"",""x5"",""x2"",""x0"",""x9"",""x6"",""x8"",""x10"",""x7"",""x11""]},{""sweep"":1,""seed"":451689533,""nodes"":22,""setup_ns"":2731580,""build_ns"":591439,""order"":[""x2"",""x9"",""x3"",""x8"",""x11"",""x6"",""x1"",""x10"",""x4"",""x7"",""x5"",""x0""]},{""sweep"":2,""seed"":451689534,""nodes"":23,""setup_ns"":2811985,""build_ns"":607840,""order"":[""x10"",""x0"",""x1"",""x8"",""x5"",""x9"",""x6"",""x2"",""x7"",""x11"",""x4"",""x3""]},{""sweep"":3,""seed"":451689535,""nodes"":23,""setup_ns"":2783983,""build_ns"":630641,""order"":[""x4"",""x7"",""x6"",""x5"",""x8"",""x1"",""x3"",""x10"",""x2"",""x9"",""x11"",""x0""]},{""sweep"":4,""seed"":451689536,""nodes"":23,""setup_ns"":2937993,""build_ns"":644643,""order"":[""x9"",""x0"",""x7"",""x6"",""x5"",""x1"",""x4"",""x2"",""x11"",""x8"",""x3"",""x10""]}]",68,81,132,301,115585.6,234331.42,153634.12,256917.0,31379264.0,0.7523432945754498,0.49325694352042077,0.4498947130785429,"{""cm"":[126460.32,113713.48,115725.62,115585.6,114223.52],""cse"":[239751.78,238665.7,232205.28,230821.18,234331.42],""cnf"":[169071.12,146247.62,156122.28,153634.12,147351.68],""robdd_enumerate"":[244216.0,257417.0,256917.0,259117.0,253117.0],""robdd_naive"":[31379264.0,30585612.0,31382264.0,31351262.0,31593878.0]}",256,True,38303.0,3964761.0,2182144.0,1493298.0,0.017552920430549037,0.025649937252979645,"{""packed"":[38003.0,38303.0,40203.0,41303.0,37403.0],""scalar_cnf"":[3851753.0,3897956.0,3988463.0,3964761.0,4030765.0],""robdd"":[2159742.0,2182144.0,2279050.0,2038234.0,2497764.0],""cadical"":[1360490.0,1493298.0,1477897.0,1530801.0,1498298.0]}",1400,40703,504833,9,True,21956844,229130,4678908,240646,507934,3644,4832818,41249,7133,9810345,6602035,True,2231,46329947,6509428,True,1124,36837223,41449926,True,"{""dropped_satisfied_clauses"":347028,""payload_sha256"":""3514e7aa4c7109bf9c0921f1f6c4768b7bac16e537ab7eba84d462d3659b321e"",""removed_fixed_false_literals"":17780,""residual_clauses"":498,""residual_literals"":554,""slice_feature_names"":[""N_2085033141__F_C53EADCFF030"",""F_1DB4A8F021D3"",""F_347FF2E3B2E8"",""F_81EBCF6E0907"",""F_B5E459A1D1C3"",""F_99EBFB0F4B15"",""F_76250E09E21A"",""F_C683C32D8AF9"",""F_9E623D1264D7"",""F_AB6890415E65"",""F_D06F3DEBB846"",""F_53B91F453D46""],""slice_variables"":[3,1809,1811,1812,1813,1814,1815,1816,1817,1818,1819,1820],""source_clauses"":347526}"
real|automotive2@2_3|hash|k12,real,automotive2@2_3,automotive2,hash,12,14,11,14,0.2142857142857143,2,0.00048828125,6d7fd2002fce85cc82f3693290757c2789f1db896fa4c0619b8458bc78c6c54c,True,49503,467931,143009,dd.cudd,cudd,3078303,63004,12,3141607,48003,12,21180693,"[{""sweep"":0,""seed"":197827172,""nodes"":12,""setup_ns"":3073802,""build_ns"":49603,""order"":[""x6"",""x10"",""x3"",""x9"",""x0"",""x7"",""x8"",""x4"",""x5"",""x11"",""x2"",""x1""]},{""sweep"":1,""seed"":197827173,""nodes"":12,""setup_ns"":3141607,""build_ns"":48003,""order"":[""x0"",""x7"",""x11"",""x5"",""x6"",""x8"",""x1"",""x10"",""x3"",""x2"",""x9"",""x4""]},{""sweep"":2,""seed"":197827174,""nodes"":12,""setup_ns"":2699278,""build_ns"":52803,""order"":[""x10"",""x1"",""x4"",""x5"",""x7"",""x3"",""x8"",""x11"",""x2"",""x9"",""x6"",""x0""]},{""sweep"":3,""seed"":197827175,""nodes"":12,""setup_ns"":3153307,""build_ns"":61904,""order"":[""x6"",""x10"",""x9"",""x1"",""x8"",""x0"",""x4"",""x2"",""x7"",""x11"",""x5"",""x3""]},{""sweep"":4,""seed"":197827176,""nodes"":12,""setup_ns"":8244442,""build_ns"":74605,""order"":[""x0"",""x1"",""x9"",""x3"",""x2"",""x5"",""x4"",""x11"",""x7"",""x8"",""x10"",""x6""]}]",11,11,20,23,19061.26,20393.34,8810.58,129509.0,35327024.0,2.163451214335492,0.9346806359331036,0.14718096811804585,"{""cm"":[18535.22,23593.54,21721.42,19061.26,18817.22],""cse"":[20393.34,21281.4,21573.42,19015.26,19009.24],""cnf"":[7984.54,10150.66,9276.6,8810.58,8426.56],""robdd_enumerate"":[112507.0,162511.0,502033.0,129308.0,129509.0],""robdd_naive"":[35327024.0,38473331.0,42273980.0,32976569.0,31976603.0]}",256,True,26702.0,425328.0,2053035.0,1478697.0,0.013006110465725133,0.018057790067877326,"{""packed"":[27702.0,26902.0,25402.0,24901.0,26702.0],""scalar_cnf"":[425328.0,444030.0,400426.0,439729.0,413427.0],""robdd"":[2053035.0,2190244.0,2030534.0,2069237.0,1864823.0],""cadical"":[1517900.0,1478697.0,1451295.0,1475297.0,1481397.0]}",2200,63004,251217,2,True,1729913,28707,851656,23303,62204,3072,3551333,41221,2427,10601697,7642002,True,81,9138001,7014761,True,658,37413961,40756580,True,"{""dropped_satisfied_clauses"":347512,""payload_sha256"":""3514e7aa4c7109bf9c0921f1f6c4768b7bac16e537ab7eba84d462d3659b321e"",""removed_fixed_false_literals"":17746,""residual_clauses"":14,""residual_literals"":14,""slice_feature_names"":[""I_3006809684__F_66A34F3FDF9F"",""I_3518491159__F_C75927076542"",""F_968BAA64621A"",""I_3442299793__F_ABDCAB5BAAF2"",""F_BC1A5AC3EF42"",""I_1109162832__F_D1228B36F5F7"",""F_A2BFF9AD5E7B"",""I_2131317224__F_4CF28198D648"",""I_2877283941__F_2B7D0CAA233E"",""F_56FE3CC1C062"",""I_4029636225__F_1BFC2FF7982B"",""I_570790106__F_6BBA9BDE6C92""],""slice_variables"":[8904,16157,4962,8577,757,9476,18153,8366,9229,18205,8275,968],""source_clauses"":347526}"
real|automotive2@2_3|incidence|k16,real,automotive2@2_3,automotive2,incidence,16,544,96,650,0.8235294117647058,13,0.0001983642578125,b2200ef01833f66f4be8b75f1da3e8c8c8081d8472f18b42fca85a192da53283,True,979065,11103130,2626073,dd.cudd,cudd,3546033,1309186,28,3216512,1069170,31,23041315,"[{""sweep"":0,""seed"":985967752,""nodes"":31,""setup_ns"":3558134,""build_ns"":1196479,""order"":[""x7"",""x1"",""x10"",""x3"",""x5"",""x9"",""x0"",""x2"",""x8"",""x15"",""x4"",""x13"",""x6"",""x11"",""x14"",""x12""]},{""sweep"":1,""seed"":985967753,""nodes"":31,""setup_ns"":3216512,""build_ns"":1069170,""order"":[""x11"",""x10"",""x13"",""x3"",""x12"",""x14"",""x15"",""x6"",""x7"",""x8"",""x5"",""x9"",""x0"",""x2"",""x1"",""x4""]},{""sweep"":2,""seed"":985967754,""nodes"":31,""setup_ns"":3529132,""build_ns"":1446695,""order"":[""x12"",""x4"",""x15"",""x0"",""x3"",""x8"",""x11"",""x13"",""x7"",""x2"",""x6"",""x1"",""x14"",""x10"",""x9"",""x5""]},{""sweep"":3,""seed"":985967755,""nodes"":31,""setup_ns"":2968795,""build_ns"":1087972,""order"":[""x8"",""x13"",""x5"",""x10"",""x11"",""x0"",""x2"",""x6"",""x4"",""x9"",""x7"",""x1"",""x3"",""x12"",""x14"",""x15""]},{""sweep"":4,""seed"":985967756,""nodes"":31,""setup_ns"":3157608,""build_ns"":1144775,""order"":[""x5"",""x6"",""x9"",""x4"",""x3"",""x10"",""x14"",""x0"",""x12"",""x11"",""x2"",""x13"",""x15"",""x8"",""x1"",""x7""]}]",114,128,224,442,492062.3,818993.8,2225626.4,505433.0,,0.22108935264247406,0.6008132173894356,0.9735460486355263,"{""cm"":[325331.4,535495.2,492062.3,471031.0,496682.6],""cse"":[575167.8,1080021.0,581628.3,889488.5,818993.8],""cnf"":[2483113.4,1819539.6,2311732.1,2225626.4,1765486.2],""robdd_enumerate"":[705146.0,588138.0,505433.0,440829.0,400226.0]}",256,True,121708.0,1473997.0,2642074.0,1707812.0,0.04606532595226326,0.07126545544825777,"{""packed"":[121708.0,138809.0,119608.0,170911.0,118208.0],""scalar_cnf"":[1473997.0,1611206.0,1483497.0,1423894.0,1448495.0],""robdd"":[2782683.0,2620372.0,3010398.0,2642074.0,2570269.0],""cadical"":[1702812.0,1706812.0,1745015.0,1707812.0,1711012.0]}",7300,74705,,,True,33496503,995787,9233108,1133123,2886690,52796,5462659,41429,26522,15894445,10502191,True,2671,11279542,10907118,True,1592,51077360,58854771,True,"{""dropped_satisfied_clauses"":346982,""payload_sha256"":""3514e7aa4c7109bf9c0921f1f6c4768b7bac16e537ab7eba84d462d3659b321e"",""removed_fixed_false_literals"":17776,""residual_clauses"":544,""residual_literals"":650,""slice_feature_names"":[""N_2085033141__F_C53EADCFF030"",""F_1DB4A8F021D3"",""F_347FF2E3B2E8"",""F_81EBCF6E0907"",""F_B5E459A1D1C3"",""F_99EBFB0F4B15"",""F_76250E09E21A"",""F_C683C32D8AF9"",""F_9E623D1264D7"",""F_AB6890415E65"",""F_D06F3DEBB846"",""F_53B91F453D46"",""F_65074A9F78E5"",""F_36FE2E1AA38D"",""F_7E3EA0301DE8"",""F_914DFC6A9A5E""],""slice_variables"":[3,1809,1811,1812,1813,1814,1815,1816,1817,1818,1819,1820,1821,1822,1823,1824],""source_clauses"":347526}"
real|automotive2@2_3|hash|k16,real,automotive2@2_3,automotive2,hash,16,16,13,16,0.1875,8,0.0001220703125,22601fa6a43b0bcbd05191064fa27be096f06c7739ee9ebdb8f25b04024d1445,True,96606,832855,218915,dd.cudd,cudd,3747947,86506,14,7447590,67805,14,30980537,"[{""sweep"":0,""seed"":1371681441,""nodes"":14,""setup_ns"":3036400,""build_ns"":69304,""order"":[""x15"",""x3"",""x11"",""x4"",""x7"",""x9"",""x8"",""x0"",""x10"",""x6"",""x13"",""x12"",""x1"",""x2"",""x14"",""x5""]},{""sweep"":1,""seed"":1371681442,""nodes"":14,""setup_ns"":3040600,""build_ns"":114507,""order"":[""x2"",""x3"",""x1"",""x14"",""x0"",""x15"",""x9"",""x11"",""x4"",""x10"",""x6"",""x5"",""x8"",""x7"",""x13"",""x12""]},{""sweep"":2,""seed"":1371681443,""nodes"":14,""setup_ns"":8117033,""build_ns"":72504,""order"":[""x15"",""x11"",""x0"",""x2"",""x12"",""x14"",""x6"",""x3"",""x8"",""x9"",""x10"",""x1"",""x7"",""x5"",""x13"",""x4""]},{""sweep"":3,""seed"":1371681444,""nodes"":14,""setup_ns"":8311246,""build_ns"":70904,""order"":[""x2"",""x12"",""x14"",""x5"",""x15"",""x6"",""x10"",""x1"",""x11"",""x7"",""x3"",""x13"",""x8"",""x4"",""x9"",""x0""]},{""sweep"":4,""seed"":1371681445,""nodes"":14,""setup_ns"":7447590,""build_ns"":67805,""order"":[""x4"",""x3"",""x13"",""x10"",""x6"",""x11"",""x8"",""x12"",""x0"",""x5"",""x9"",""x14"",""x1"",""x15"",""x7"",""x2""]}]",13,13,24,27,37322.5,35492.3,71144.7,106107.0,,0.5245998647826191,1.0515661143402935,0.3517439942699351,"{""cm"":[33702.2,41412.7,31192.0,37322.5,38212.5],""cse"":[35492.3,40192.6,39152.5,32752.1,34432.2],""cnf"":[74224.9,71144.7,71054.7,71104.7,74324.8],""robdd_enumerate"":[119408.0,106107.0,103207.0,142810.0,96407.0]}",256,True,184312.0,441629.0,2776883.0,1794218.0,0.06637370029633946,0.10272553279478859,"{""packed"":[158510.0,283918.0,184312.0,146709.0,225515.0],""scalar_cnf"":[455930.0,554437.0,441629.0,397527.0,406927.0],""robdd"":[2698478.0,3212711.0,2776883.0,3003897.0,2766982.0],""cadical"":[1715713.0,2127239.0,1794218.0,2011533.0,1751915.0]}",9001,53904,,,True,2802284,144800,978864,137896,254817,44032,3417625,41429,18025,15902846,9229807,True,93,11432352,8501059,True,796,43321649,41092503,True,"{""dropped_satisfied_clauses"":347510,""payload_sha256"":""3514e7aa4c7109bf9c0921f1f6c4768b7bac16e537ab7eba84d462d3659b321e"",""removed_fixed_false_literals"":17744,""residual_clauses"":16,""residual_literals"":16,""slice_feature_names"":[""I_3006809684__F_66A34F3FDF9F"",""I_3518491159__F_C75927076542"",""F_968BAA64621A"",""I_3442299793__F_ABDCAB5BAAF2"",""F_BC1A5AC3EF42"",""I_1109162832__F_D1228B36F5F7"",""F_A2BFF9AD5E7B"",""I_2131317224__F_4CF28198D648"",""I_2877283941__F_2B7D0CAA233E"",""F_56FE3CC1C062"",""I_4029636225__F_1BFC2FF7982B"",""I_570790106__F_6BBA9BDE6C92"",""I_1304992611__F_B5F631E0D249"",""F_1126CC7925AB"",""I_1411645995__F_390FA6F72C9E"",""F_4CA9C76808F6""],""slice_variables"":[8904,16157,4962,8577,757,9476,18153,8366,9229,18205,8275,968,6747,2061,8527,1119],""source_clauses"":347526}"
real|automotive2@2_4|incidence|k8,real,automotive2@2_4,automotive2,incidence,8,471,20,493,0.9575371549893843,5,0.01953125,5705930384412b7a6e2648bfbc68d00375e9ee2c486824b206e3035391d6c84e,True,867957,6814348,2464062,dd.cudd,cudd,4097669,835855,12,4112171,874458,13,39594805,"[{""sweep"":0,""seed"":7928743,""nodes"":15,""setup_ns"":3955860,""build_ns"":936162,""order"":[""x4"",""x0"",""x7"",""x1"",""x3"",""x2"",""x6"",""x5""]},{""sweep"":1,""seed"":7928744,""nodes"":14,""setup_ns"":3972261,""build_ns"":813053,""order"":[""x1"",""x4"",""x0"",""x6"",""x7"",""x2"",""x5"",""x3""]},{""sweep"":2,""seed"":7928745,""nodes"":14,""setup_ns"":4429791,""build_ns"":1025367,""order"":[""x0"",""x7"",""x3"",""x6"",""x2"",""x1"",""x5"",""x4""]},{""sweep"":3,""seed"":7928746,""nodes"":13,""setup_ns"":4112171,""build_ns"":874458,""order"":[""x6"",""x5"",""x4"",""x7"",""x3"",""x0"",""x1"",""x2""]},{""sweep"":4,""seed"":7928747,""nodes"":14,""setup_ns"":17635360,""build_ns"":882558,""order"":[""x5"",""x0"",""x7"",""x4"",""x3"",""x6"",""x2"",""x1""]}]",36,46,68,202,69374.06,157257.84,97987.945,196813.0,1946528.0,0.7079856608892042,0.4411484985422666,0.35248718326533307,"{""cm"":[64950.775,70374.63,58295.83,71373.19,69374.06],""cse"":[164110.795,142937.4,157257.84,181818.96,155702.24],""cnf"":[114571.04,89663.395,90379.945,130292.07,97987.945],""robdd_enumerate"":[94806.0,193612.0,214614.0,291919.0,196813.0],""robdd_naive"":[1417693.0,2182644.0,1791218.0,2974696.0,1946528.0]}",256,True,29202.0,4584301.0,1352689.0,1287584.0,0.021588110792650786,0.022679685364217016,"{""packed"":[31102.0,33802.0,29202.0,28702.0,28202.0],""scalar_cnf"":[4800016.0,4799916.0,4584301.0,4455593.0,4402089.0],""robdd"":[1567403.0,1433595.0,1352689.0,1324388.0,1345689.0],""cadical"":[1308486.0,1368390.0,1256282.0,1287584.0,1260883.0]}",900,34903,375024,5,True,9595632,143672,5067333,193832,337022,540,4514097,40951,3387,9601232,6178106,True,1968,45200673,7717708,True,665,39115173,35026903,True,"{""dropped_satisfied_clauses"":349649,""payload_sha256"":""e8c91a242be63344f538dc2a5b7bc27fefb0ae5d9f1f698f485ea6272f41a8ec"",""removed_fixed_false_literals"":17867,""residual_clauses"":471,""residual_literals"":493,""slice_feature_names"":[""N_2085033141__F_C53EADCFF030"",""F_1DB4A8F021D3"",""F_347FF2E3B2E8"",""F_81EBCF6E0907"",""F_B5E459A1D1C3"",""F_99EBFB0F4B15"",""F_76250E09E21A"",""F_C683C32D8AF9""],""slice_variables"":[3,1844,1846,1847,1848,1849,1850,1851],""source_clauses"":350120}"
real|automotive2@2_4|hash|k8,real,automotive2@2_4,automotive2,hash,8,7,7,7,0.0,2,0.0078125,5f181884da782b8f1f4fed4defe56227678baa439d8b7bcfc0557fc513fc650e,True,35003,329322,98306,dd.cudd,cudd,3395623,46904,8,2898391,36702,8,21218196,"[{""sweep"":0,""seed"":1551455071,""nodes"":8,""setup_ns"":2876389,""build_ns"":38403,""order"":[""x5"",""x6"",""x2"",""x1"",""x4"",""x3"",""x7"",""x0""]},{""sweep"":1,""seed"":1551455072,""nodes"":8,""setup_ns"":2898391,""build_ns"":36702,""order"":[""x6"",""x1"",""x2"",""x3"",""x5"",""x4"",""x7"",""x0""]},{""sweep"":2,""seed"":1551455073,""nodes"":8,""setup_ns"":3083803,""build_ns"":45203,""order"":[""x4"",""x6"",""x7"",""x3"",""x0"",""x5"",""x2"",""x1""]},{""sweep"":3,""seed"":1551455074,""nodes"":8,""setup_ns"":3369021,""build_ns"":97407,""order"":[""x2"",""x6"",""x4"",""x1"",""x5"",""x0"",""x7"",""x3""]},{""sweep"":4,""seed"":1551455075,""nodes"":8,""setup_ns"":7947222,""build_ns"":47504,""order"":[""x1"",""x0"",""x4"",""x2"",""x3"",""x5"",""x6"",""x7""]}]",8,8,13,13,11607.76,11765.27,2335.655,137509.0,1448996.0,4.969809325435477,0.9866122919406014,0.08441454741144216,"{""cm"":[10736.705,22781.0,12414.315,11607.76,11539.76],""cse"":[10511.69,16830.61,11524.76,12548.325,11765.27],""cnf"":[4393.79,2800.185,1959.63,2335.655,2115.14],""robdd_enumerate"":[256617.0,137509.0,69604.0,80105.0,150010.0],""robdd_naive"":[1447296.0,1615606.0,1367490.0,1448996.0,1621807.0]}",256,True,25501.0,343423.0,1494898.0,1332088.0,0.01705868895402897,0.019143630150560625,"{""packed"":[27802.0,25501.0,24701.0,24401.0,45803.0],""scalar_cnf"":[354123.0,329521.0,343623.0,322121.0,343423.0],""robdd"":[1494398.0,1530601.0,1344488.0,1537502.0,1494898.0],""cadical"":[1501498.0,1332088.0,1281884.0,1285385.0,1358889.0]}",900,37102,148610,2,True,947962,18613,470531,15697,44003,480,3142106,40951,1051,11432252,8631768,True,45,12116397,8355649,True,432,35831657,34706783,True,"{""dropped_satisfied_clauses"":350113,""payload_sha256"":""e8c91a242be63344f538dc2a5b7bc27fefb0ae5d9f1f698f485ea6272f41a8ec"",""removed_fixed_false_literals"":17828,""residual_clauses"":7,""residual_literals"":7,""slice_feature_names"":[""I_4111823400__F_6C981ACDB639"",""I_3890840877__F_AF8B3AC05759"",""F_999736B7A514"",""I_3697682672__F_70E7AE8DA9C4"",""F_94312C79B3B9"",""I_1816407881__F_15E85E9C0F76"",""F_B51F3D40E4CF"",""I_936824723__F_EEFC42B412D8""],""slice_variables"":[13019,13254,3230,17730,562,5701,811,17521],""source_clauses"":350120}"
real|automotive2@2_4|incidence|k12,real,automotive2@2_4,automotive2,incidence,12,501,50,557,0.9001996007984032,9,0.002197265625,83658ce8200c3e099d17aaa93885c55d6d3361d85aa10323fd3d608a7214edf7,True,761450,6986060,1909626,dd.cudd,cudd,2624173,597339,20,2757482,596439,23,26763360,"[{""sweep"":0,""seed"":1310599743,""nodes"":23,""setup_ns"":2709679,""build_ns"":618440,""order"":[""x9"",""x1"",""x2"",""x8"",""x5"",""x11"",""x10"",""x4"",""x6"",""x3"",""x0"",""x7""]},{""sweep"":1,""seed"":1310599744,""nodes"":23,""setup_ns"":2757482,""build_ns"":596439,""order"":[""x7"",""x11"",""x6"",""x2"",""x3"",""x10"",""x0"",""x1"",""x9"",""x5"",""x4"",""x8""]},{""sweep"":2,""seed"":1310599745,""nodes"":23,""setup_ns"":3029899,""build_ns"":649543,""order"":[""x11"",""x1"",""x5"",""x6"",""x4"",""x2"",""x8"",""x9"",""x10"",""x3"",""x0"",""x7""]},{""sweep"":3,""seed"":1310599746,""nodes"":23,""setup_ns"":2589770,""build_ns"":615840,""order"":[""x4"",""x3"",""x8"",""x5"",""x7"",""x2"",""x6"",""x11"",""x9"",""x1"",""x0"",""x10""]},{""sweep"":4,""seed"":1310599747,""nodes"":23,""setup_ns"":11989189,""build_ns"":693345,""order"":[""x10"",""x11"",""x9"",""x4"",""x3"",""x0"",""x8"",""x5"",""x1"",""x6"",""x2"",""x7""]}]",67,81,130,298,117255.7,234583.42,156850.32,245916.0,31065344.0,0.7475643020683668,0.49984649384001645,0.47681200084581726,"{""cm"":[175523.54,115539.6,117255.7,115005.56,120331.92],""cse"":[357989.56,238913.72,232055.26,228079.0,234583.42],""cnf"":[234579.42,159100.46,155054.2,156850.32,156420.3],""robdd_enumerate"":[372924.0,248816.0,244516.0,227715.0,245916.0],""robdd_naive"":[32525240.0,30477405.0,31411366.0,31065344.0,30997339.0]}",256,True,43803.0,2232547.0,2186044.0,1594605.0,0.020037565575075342,0.027469498715982955,"{""packed"":[59004.0,39203.0,39503.0,43803.0,44603.0],""scalar_cnf"":[2232547.0,2241747.0,2227347.0,2199345.0,2288851.0],""robdd"":[2169243.0,2101639.0,2372556.0,2226346.0,2186044.0],""cadical"":[1523200.0,1573503.0,1625407.0,1594605.0,1602005.0]}",1300,37702,521135,9,True,16129661,222650,5085135,239658,476231,3644,4315384,41221,7052,10188270,6360418,True,2243,43834984,7402287,True,1124,50190502,42363086,True,"{""dropped_satisfied_clauses"":349619,""payload_sha256"":""e8c91a242be63344f538dc2a5b7bc27fefb0ae5d9f1f698f485ea6272f41a8ec"",""removed_fixed_false_literals"":17863,""residual_clauses"":501,""residual_literals"":557,""slice_feature_names"":[""N_2085033141__F_C53EADCFF030"",""F_1DB4A8F021D3"",""F_347FF2E3B2E8"",""F_81EBCF6E0907"",""F_B5E459A1D1C3"",""F_99EBFB0F4B15"",""F_76250E09E21A"",""F_C683C32D8AF9"",""F_9E623D1264D7"",""F_AB6890415E65"",""F_D06F3DEBB846"",""F_53B91F453D46""],""slice_variables"":[3,1844,1846,1847,1848,1849,1850,1851,1852,1853,1854,1855],""source_clauses"":350120}"
real|automotive2@2_4|hash|k12,real,automotive2@2_4,automotive2,hash,12,12,11,12,0.08333333333333337,2,0.00048828125,97524d047b6495badda4e51be99ce36d254522e9854a64a137537b924ce1b4e6,True,38802,574338,115508,dd.cudd,cudd,3065502,55503,12,2643174,39603,12,24521413,"[{""sweep"":0,""seed"":270773050,""nodes"":12,""setup_ns"":2643174,""build_ns"":39603,""order"":[""x0"",""x3"",""x6"",""x2"",""x1"",""x5"",""x8"",""x10"",""x11"",""x7"",""x9"",""x4""]},{""sweep"":1,""seed"":270773051,""nodes"":12,""setup_ns"":2934993,""build_ns"":47203,""order"":[""x10"",""x6"",""x7"",""x8"",""x0"",""x2"",""x3"",""x1"",""x4"",""x5"",""x11"",""x9""]},{""sweep"":2,""seed"":270773052,""nodes"":12,""setup_ns"":2841887,""build_ns"":45503,""order"":[""x3"",""x9"",""x8"",""x10"",""x6"",""x0"",""x11"",""x4"",""x2"",""x5"",""x1"",""x7""]},{""sweep"":3,""seed"":270773053,""nodes"":12,""setup_ns"":7910020,""build_ns"":69405,""order"":[""x6"",""x0"",""x5"",""x11"",""x10"",""x7"",""x1"",""x2"",""x3"",""x9"",""x8"",""x4""]},{""sweep"":4,""seed"":270773054,""nodes"":12,""setup_ns"":7397286,""build_ns"":54304,""order"":[""x2"",""x4"",""x3"",""x5"",""x8"",""x1"",""x11"",""x10"",""x7"",""x0"",""x9"",""x6""]}]",11,11,20,21,18905.24,19707.3,8024.54,116708.0,35448132.0,2.3559281902763276,0.95930137563238,0.16198752441991981,"{""cm"":[18767.24,19951.32,25557.7,18905.24,17449.14],""cse"":[19707.3,18165.18,27545.8,18317.2,23023.52],""cnf"":[7930.52,7602.5,10026.66,8024.54,8308.54],""robdd_enumerate"":[110907.0,116708.0,152310.0,116908.0,87906.0],""robdd_naive"":[37468165.0,32955167.0,35448132.0,37030736.0,31463170.0]}",256,True,40403.0,367625.0,2025133.0,1486297.0,0.01995078841735333,0.027183665175937247,"{""packed"":[40403.0,36202.0,36802.0,40503.0,42103.0],""scalar_cnf"":[428728.0,413328.0,367625.0,350223.0,345623.0],""robdd"":[2013832.0,1991031.0,2050735.0,2144641.0,2025133.0],""cadical"":[1486297.0,1528501.0,1485897.0,1463396.0,1560203.0]}",1500,40403,159110,2,True,1835620,28204,670844,22535,87105,3072,3862054,41221,2427,9530927,5951891,True,74,44586033,5686974,True,659,48264075,41291716,True,"{""dropped_satisfied_clauses"":350108,""payload_sha256"":""e8c91a242be63344f538dc2a5b7bc27fefb0ae5d9f1f698f485ea6272f41a8ec"",""removed_fixed_false_literals"":17828,""residual_clauses"":12,""residual_literals"":12,""slice_feature_names"":[""I_4111823400__F_6C981ACDB639"",""I_3890840877__F_AF8B3AC05759"",""F_999736B7A514"",""I_3697682672__F_70E7AE8DA9C4"",""F_94312C79B3B9"",""I_1816407881__F_15E85E9C0F76"",""F_B51F3D40E4CF"",""I_936824723__F_EEFC42B412D8"",""I_3930068502__F_3C0F319A0914"",""F_DB098597E3CA"",""I_2135516953__F_123AF4AD4BEB"",""I_1853139500__F_652439D0FE02""],""slice_variables"":[13019,13254,3230,17730,562,5701,811,17521,17457,3903,13546,9979],""source_clauses"":350120}"
real|automotive2@2_4|incidence|k16,real,automotive2@2_4,automotive2,incidence,16,547,96,653,0.8244972577696527,13,0.0001983642578125,b2200ef01833f66f4be8b75f1da3e8c8c8081d8472f18b42fca85a192da53283,True,927661,12471721,2526666,dd.cudd,cudd,3207711,1072270,28,3260815,1274284,30,33415898,"[{""sweep"":0,""seed"":1824398431,""nodes"":31,""setup_ns"":3256314,""build_ns"":1100772,""order"":[""x13"",""x5"",""x9"",""x11"",""x8"",""x0"",""x15"",""x2"",""x4"",""x14"",""x12"",""x7"",""x6"",""x10"",""x3"",""x1""]},{""sweep"":1,""seed"":1824398432,""nodes"":31,""setup_ns"":3189110,""build_ns"":1029368,""order"":[""x12"",""x1"",""x0"",""x7"",""x3"",""x13"",""x2"",""x14"",""x10"",""x6"",""x11"",""x8"",""x15"",""x4"",""x9"",""x5""]},{""sweep"":2,""seed"":1824398433,""nodes"":30,""setup_ns"":3260815,""build_ns"":1274284,""order"":[""x1"",""x7"",""x11"",""x5"",""x12"",""x15"",""x6"",""x8"",""x0"",""x14"",""x3"",""x4"",""x2"",""x13"",""x10"",""x9""]},{""sweep"":3,""seed"":1824398434,""nodes"":31,""setup_ns"":8746775,""build_ns"":1282585,""order"":[""x5"",""x4"",""x12"",""x11"",""x14"",""x8"",""x7"",""x9"",""x15"",""x13"",""x3"",""x0"",""x1"",""x6"",""x10"",""x2""]},{""sweep"":4,""seed"":1824398435,""nodes"":31,""setup_ns"":8319347,""build_ns"":1244382,""order"":[""x15"",""x6"",""x7"",""x13"",""x4"",""x9"",""x1"",""x3"",""x12"",""x8"",""x14"",""x5"",""x10"",""x2"",""x0"",""x11""]}]",115,128,226,444,344992.7,603639.7,1668049.7,394926.0,,0.2068239933138683,0.5715208923468752,0.8735628953272259,"{""cm"":[473321.1,303079.9,315140.7,344992.7,365964.0],""cse"":[665983.8,523314.4,542565.7,644712.4,603639.7],""cnf"":[2125579.8,1489478.0,1666029.6,1994891.3,1668049.7],""robdd_enumerate"":[508834.0,347022.0,537635.0,394926.0,393526.0]}",256,True,156611.0,1428894.0,3107804.0,1736514.0,0.05039281756507167,0.09018700684244411,"{""packed"":[136409.0,317621.0,156611.0,173411.0,129209.0],""scalar_cnf"":[1525900.0,2535867.0,1390792.0,1428894.0,1375490.0],""robdd"":[3303217.0,4192376.0,2899491.0,3107804.0,3028799.0],""cadical"":[1713912.0,1780417.0,1727613.0,1781017.0,1736514.0]}",4000,52803,,,True,24851435,1004587,6143004,1133475,1882624,52796,4524798,41429,26609,13707202,10087464,True,2683,76100006,6203008,True,1592,45675504,44109201,True,"{""dropped_satisfied_clauses"":349573,""payload_sha256"":""e8c91a242be63344f538dc2a5b7bc27fefb0ae5d9f1f698f485ea6272f41a8ec"",""removed_fixed_false_literals"":17859,""residual_clauses"":547,""residual_literals"":653,""slice_feature_names"":[""N_2085033141__F_C53EADCFF030"",""F_1DB4A8F021D3"",""F_347FF2E3B2E8"",""F_81EBCF6E0907"",""F_B5E459A1D1C3"",""F_99EBFB0F4B15"",""F_76250E09E21A"",""F_C683C32D8AF9"",""F_9E623D1264D7"",""F_AB6890415E65"",""F_D06F3DEBB846"",""F_53B91F453D46"",""F_65074A9F78E5"",""F_36FE2E1AA38D"",""F_7E3EA0301DE8"",""F_914DFC6A9A5E""],""slice_variables"":[3,1844,1846,1847,1848,1849,1850,1851,1852,1853,1854,1855,1856,1857,1858,1859],""source_clauses"":350120}"
real|automotive2@2_4|hash|k16,real,automotive2@2_4,automotive2,hash,16,15,14,15,0.06666666666666665,4,6.103515625e-05,2f4098765001a2262c7469cb9b7e1cb3b89861b19f61f667742efd016f7c8dec,True,44703,523834,149110,dd.cudd,cudd,3030200,64404,15,2639574,50303,15,34574674,"[{""sweep"":0,""seed"":1043360291,""nodes"":15,""setup_ns"":2639574,""build_ns"":50303,""order"":[""x9"",""x4"",""x6"",""x2"",""x0"",""x13"",""x10"",""x8"",""x12"",""x15"",""x5"",""x14"",""x3"",""x7"",""x11"",""x1""]},{""sweep"":1,""seed"":1043360292,""nodes"":15,""setup_ns"":3039300,""build_ns"":55603,""order"":[""x4"",""x13"",""x12"",""x5"",""x14"",""x9"",""x8"",""x2"",""x10"",""x0"",""x6"",""x3"",""x11"",""x15"",""x7"",""x1""]},{""sweep"":2,""seed"":1043360293,""nodes"":15,""setup_ns"":2752281,""build_ns"":52203,""order"":[""x0"",""x9"",""x15"",""x11"",""x4"",""x12"",""x8"",""x6"",""x3"",""x1"",""x2"",""x7"",""x14"",""x5"",""x10"",""x13""]},{""sweep"":3,""seed"":1043360294,""nodes"":15,""setup_ns"":13032257,""build_ns"":83105,""order"":[""x12"",""x14"",""x1"",""x15"",""x6"",""x5"",""x9"",""x7"",""x0"",""x8"",""x4"",""x2"",""x10"",""x13"",""x3"",""x11""]},{""sweep"":4,""seed"":1043360295,""nodes"":15,""setup_ns"":12231204,""build_ns"":65404,""order"":[""x1"",""x2"",""x5"",""x15"",""x9"",""x12"",""x6"",""x7"",""x4"",""x8"",""x0"",""x11"",""x3"",""x10"",""x13"",""x14""]}]",14,14,26,27,35942.4,32952.2,71334.7,74105.0,,0.5038557672493191,1.0907435618866117,0.4850199041900007,"{""cm"":[32052.1,34042.2,36522.4,42112.8,35942.4],""cse"":[36942.5,30932.1,51273.3,32352.1,32952.2],""cnf"":[65684.3,72794.8,71334.7,68704.5,76655.0],""robdd_enumerate"":[56404.0,100706.0,77505.0,73705.0,74105.0]}",256,True,48203.0,360923.0,2852688.0,1726613.0,0.016897396420498843,0.027917663077945087,"{""packed"":[49104.0,52904.0,48203.0,36503.0,40603.0],""scalar_cnf"":[339722.0,362124.0,345323.0,398226.0,360923.0],""robdd"":[2941894.0,2610071.0,3246314.0,2852688.0,2469363.0],""cadical"":[1726613.0,2002932.0,1716113.0,1708312.0,1745815.0]}",18701,48803,,,True,1687511,150088,664044,142400,225115,44032,3097504,41429,18144,11648866,6292814,True,92,8419954,6249311,True,843,36460698,37820888,True,"{""dropped_satisfied_clauses"":350105,""payload_sha256"":""e8c91a242be63344f538dc2a5b7bc27fefb0ae5d9f1f698f485ea6272f41a8ec"",""removed_fixed_false_literals"":17827,""residual_clauses"":15,""residual_literals"":15,""slice_feature_names"":[""I_4111823400__F_6C981ACDB639"",""I_3890840877__F_AF8B3AC05759"",""F_999736B7A514"",""I_3697682672__F_70E7AE8DA9C4"",""F_94312C79B3B9"",""I_1816407881__F_15E85E9C0F76"",""F_B51F3D40E4CF"",""I_936824723__F_EEFC42B412D8"",""I_3930068502__F_3C0F319A0914"",""F_DB098597E3CA"",""I_2135516953__F_123AF4AD4BEB"",""I_1853139500__F_652439D0FE02"",""I_3377835161__F_D74522F8EE0C"",""I_3734118231__F_8AFD07F78355"",""I_2390636848__F_E666510F5DD5"",""I_2816392211__F_3C429570543C""],""slice_variables"":[13019,13254,3230,17730,562,5701,811,17521,17457,3903,13546,9979,14614,3810,11671,14388],""source_clauses"":350120}"
real|FinancialServices01@2017-05-22|incidence|k8,real,FinancialServices01@2017-05-22,FinancialServices01,incidence,8,13,10,15,0.23076923076923073,1,0.00390625,067dc6a810183e9069f63c2020b692c122c8d58263ed7f5c0e531504dc3b6e06,True,44703,464431,115207,dd.cudd,cudd,2998197,55203,9,2964795,39903,9,19982514,"[{""sweep"":0,""seed"":1679063009,""nodes"":9,""setup_ns"":2841787,""build_ns"":93706,""order"":[""x0"",""x6"",""x3"",""x4"",""x7"",""x2"",""x5"",""x1""]},{""sweep"":1,""seed"":1679063010,""nodes"":9,""setup_ns"":2939393,""build_ns"":41303,""order"":[""x2"",""x3"",""x0"",""x1"",""x6"",""x7"",""x4"",""x5""]},{""sweep"":2,""seed"":1679063011,""nodes"":9,""setup_ns"":2964795,""build_ns"":39903,""order"":[""x0"",""x4"",""x6"",""x2"",""x3"",""x7"",""x5"",""x1""]},{""sweep"":3,""seed"":1679063012,""nodes"":9,""setup_ns"":2852387,""build_ns"":40503,""order"":[""x6"",""x0"",""x3"",""x1"",""x5"",""x2"",""x7"",""x4""]},{""sweep"":4,""seed"":1679063013,""nodes"":9,""setup_ns"":7618301,""build_ns"":56003,""order"":[""x4"",""x0"",""x6"",""x7"",""x2"",""x5"",""x3"",""x1""]}]",10,9,17,20,13890.415,15395.01,3497.23,86306.0,1414593.0,3.9718334224514833,0.9022673580595271,0.16094379301554934,"{""cm"":[14298.44,14440.945,13519.385,13890.415,13680.9],""cse"":[15395.01,15208.0,15812.04,16375.08,14889.48],""cnf"":[3488.225,3447.725,3497.23,4447.79,4228.28],""robdd_enumerate"":[88505.0,85206.0,79005.0,86306.0,123308.0],""robdd_naive"":[1209680.0,1411993.0,1431695.0,1414593.0,1458396.0]}",256,True,26002.0,342722.0,1403892.0,1343888.0,0.018521367740538447,0.01934833855202219,"{""packed"":[26001.0,26002.0,24001.0,26002.0,26102.0],""scalar_cnf"":[339022.0,341923.0,367224.0,342722.0,638942.0],""robdd"":[1403892.0,1340988.0,1507900.0,1306186.0,1691411.0],""cadical"":[1336987.0,1343888.0,1259683.0,1639208.0,1514900.0]}",1000,38102,141410,1,True,1410592,25312,598439,20524,50904,524,3613237,40951,1272,9140801,6546331,True,78,8322448,6779346,True,478,39271183,31394765,True,"{""dropped_satisfied_clauses"":4979,""payload_sha256"":""e466d4d3ad031a3b843dde6f34e7b13aad2c060d7c485e23cf05b611584febcb"",""removed_fixed_false_literals"":891,""residual_clauses"":13,""residual_literals"":15,""slice_feature_names"":[""F_5EA1A5BAPLNZPLBA5QHIIIBA3GHWP145"",""F_PCSFPPAA5NKMO55554DBIWBA1LFGWFBA"",""F_WDQ4T1551H15ET555WQ4C3BA15EEVLAA"",""F_P14MAJAA5VDXN2BA45VFYUBAWHPAL5AA"",""F_XNRFW1BAPPYCS4455PGEDEAAX5N33055"",""F_HXV24K45W2FHXB455CGDJIBAL4JOMDBA"",""F_5OPJ4OBA52O2HYAAC5O4BJ55LJQAGZBA"",""F_LD540GAA15SDUJ45535WJW4544KDWBAA""],""slice_variables"":[458,454,404,448,475,442,439,447],""source_clauses"":4992}"
real|FinancialServices01@2017-05-22|hash|k8,real,FinancialServices01@2017-05-22,FinancialServices01,hash,8,35,9,36,0.7428571428571429,1,0.00390625,5778f985db754c6628691f56fadae50c65fddbe8eb2e93039633fefa05d45e31,True,75405,832955,253416,dd.cudd,cudd,3132106,87506,9,3141006,70005,9,23157023,"[{""sweep"":0,""seed"":1097331477,""nodes"":9,""setup_ns"":3457127,""build_ns"":93206,""order"":[""x5"",""x6"",""x1"",""x2"",""x7"",""x3"",""x0"",""x4""]},{""sweep"":1,""seed"":1097331478,""nodes"":9,""setup_ns"":3466628,""build_ns"":130609,""order"":[""x2"",""x6"",""x0"",""x4"",""x1"",""x3"",""x5"",""x7""]},{""sweep"":2,""seed"":1097331479,""nodes"":9,""setup_ns"":3025999,""build_ns"":74005,""order"":[""x3"",""x2"",""x5"",""x7"",""x6"",""x4"",""x1"",""x0""]},{""sweep"":3,""seed"":1097331480,""nodes"":9,""setup_ns"":3141006,""build_ns"":70005,""order"":[""x7"",""x3"",""x6"",""x1"",""x4"",""x0"",""x5"",""x2""]},{""sweep"":4,""seed"":1097331481,""nodes"":9,""setup_ns"":9024293,""build_ns"":91406,""order"":[""x5"",""x3"",""x4"",""x2"",""x0"",""x1"",""x6"",""x7""]}]",9,14,16,37,14426.945,30293.495,9427.62,126909.0,1666909.0,1.530284949966163,0.47623904075776,0.11367944747811423,"{""cm"":[14426.945,14279.44,14652.465,14989.485,13650.9],""cse"":[30536.005,29167.42,31808.09,30293.495,29489.44],""cnf"":[10566.195,9577.13,9345.615,9427.62,9047.595],""robdd_enumerate"":[142709.0,112208.0,105007.0,144209.0,126909.0],""robdd_naive"":[1611906.0,1671110.0,1516600.0,1760516.0,1666909.0]}",256,True,23801.0,326421.0,1291485.0,1288985.0,0.01842917261911675,0.018464916193749344,"{""packed"":[24801.0,23801.0,44403.0,23702.0,23801.0],""scalar_cnf"":[321722.0,348923.0,326421.0,359624.0,317621.0],""robdd"":[1279984.0,1395292.0,1491198.0,1291485.0,1259883.0],""cadical"":[1310487.0,1247982.0,1380191.0,1250282.0,1288985.0]}",800,30502,136209,1,True,1812719,35404,707547,33412,70304,480,3204810,40951,1191,9109400,6073199,True,187,8135535,6804448,True,478,39201078,31987004,True,"{""dropped_satisfied_clauses"":4957,""payload_sha256"":""e466d4d3ad031a3b843dde6f34e7b13aad2c060d7c485e23cf05b611584febcb"",""removed_fixed_false_literals"":1100,""residual_clauses"":35,""residual_literals"":36,""slice_feature_names"":[""F_WEN5QOAAUXYNCL55ZHTVJNAA53L1VY55"",""F_4YXBYGBAPVY4QF4555YYP5554POUVJ45"",""F_POZGKX551OYHXBBAXNUOUF555FDQMR55"",""F_1SV0F1AA3XY4FBAAHPTOHKAAPNDTXEAA"",""F_5C2SZ0AA5RUOWY455HYSMY45GUXJK5BA"",""F_5XEPF24535CJP4AALONKA0BAW310LLBA"",""F_TWGO3VAA2FSEZEBA5DPGKU5545CBAT45"",""F_4NERQNAAWV0D4EAAOO1ASNBA5Q0I2N55""],""slice_variables"":[418,513,122,44,53,225,540,175],""source_clauses"":4992}"
real|FinancialServices01@2017-05-22|incidence|k12,real,FinancialServices01@2017-05-22,FinancialServices01,incidence,12,19,17,29,0.10526315789473684,1,0.000244140625,66354c85a92e9af916006bb093f71c1f67333bb0466928775af6d1e7f23f0aec,True,60604,895659,181412,dd.cudd,cudd,2877990,141209,13,3063902,62504,13,15204300,"[{""sweep"":0,""seed"":692014986,""nodes"":13,""setup_ns"":2761282,""build_ns"":69104,""order"":[""x7"",""x4"",""x10"",""x5"",""x0"",""x9"",""x2"",""x1"",""x8"",""x3"",""x6"",""x11""]},{""sweep"":1,""seed"":692014987,""nodes"":13,""setup_ns"":3063902,""build_ns"":62504,""order"":[""x0"",""x4"",""x2"",""x10"",""x11"",""x8"",""x6"",""x9"",""x3"",""x7"",""x5"",""x1""]},{""sweep"":2,""seed"":692014988,""nodes"":13,""setup_ns"":2807485,""build_ns"":65004,""order"":[""x5"",""x8"",""x6"",""x10"",""x7"",""x4"",""x0"",""x9"",""x2"",""x3"",""x11"",""x1""]},{""sweep"":3,""seed"":692014989,""nodes"":13,""setup_ns"":2890190,""build_ns"":63504,""order"":[""x9"",""x8"",""x0"",""x11"",""x4"",""x10"",""x1"",""x3"",""x6"",""x2"",""x7"",""x5""]},{""sweep"":4,""seed"":692014990,""nodes"":13,""setup_ns"":2838987,""build_ns"":65205,""order"":[""x0"",""x10"",""x8"",""x4"",""x2"",""x7"",""x9"",""x1"",""x11"",""x5"",""x3"",""x6""]}]",20,20,36,38,33978.24,34640.28,14042.92,116808.0,31726087.0,2.4195993425868694,0.9808881452459391,0.2908896650914321,"{""cm"":[34506.28,33978.24,33706.22,34468.26,33000.16],""cse"":[34584.28,37650.48,34210.24,34640.28,34844.28],""cnf"":[14092.94,14046.92,13840.92,13642.9,14042.92],""robdd_enumerate"":[114907.0,115008.0,137309.0,118108.0,116808.0],""robdd_naive"":[33182683.0,31248555.0,31473471.0,31928400.0,31726087.0]}",256,True,48704.0,620341.0,2026433.0,1485198.0,0.024034350013052493,0.032792934006105584,"{""packed"":[50603.0,48704.0,54304.0,48703.0,41503.0],""scalar_cnf"":[600840.0,594639.0,669744.0,664844.0,620341.0],""robdd"":[2229746.0,1932027.0,2052335.0,1965229.0,2026433.0],""cadical"":[1480798.0,1565403.0,1498098.0,1485198.0,1455396.0]}",1600,35302,144810,1,True,2517665,43822,845556,33878,85906,3636,4639305,41221,3189,9863149,6042297,True,133,8074931,5728076,True,705,28549277,43786480,True,"{""dropped_satisfied_clauses"":4973,""payload_sha256"":""e466d4d3ad031a3b843dde6f34e7b13aad2c060d7c485e23cf05b611584febcb"",""removed_fixed_false_literals"":814,""residual_clauses"":19,""residual_literals"":29,""slice_feature_names"":[""F_5EA1A5BAPLNZPLBA5QHIIIBA3GHWP145"",""F_PCSFPPAA5NKMO55554DBIWBA1LFGWFBA"",""F_WDQ4T1551H15ET555WQ4C3BA15EEVLAA"",""F_P14MAJAA5VDXN2BA45VFYUBAWHPAL5AA"",""F_XNRFW1BAPPYCS4455PGEDEAAX5N33055"",""F_HXV24K45W2FHXB455CGDJIBAL4JOMDBA"",""F_5OPJ4OBA52O2HYAAC5O4BJ55LJQAGZBA"",""F_LD540GAA15SDUJ45535WJW4544KDWBAA"",""F_GDVLU355LVABXFAAZOU4OEAA51Y0R455"",""F_O5DEVXAAXPQ001BA15AXW45543RYN155"",""F_3EPJNAAA5HWBVGAAXFO2RZBA51DTF145"",""F_V5PLE4BA05XIOUAAZLMFUABA3TES2455""],""slice_variables"":[458,454,404,448,475,442,439,447,502,486,402,437],""source_clauses"":4992}"
real|FinancialServices01@2017-05-22|hash|k12,real,FinancialServices01@2017-05-22,FinancialServices01,hash,12,50,13,51,0.74,1,0.000244140625,378e4d2c28320f28ea657776961e77a1264f2c1272559e55b524d28755bd3aaa,True,120708,1604106,355123,dd.cudd,cudd,3817151,140109,13,2834686,107407,13,24441807,"[{""sweep"":0,""seed"":714853892,""nodes"":13,""setup_ns"":4159673,""build_ns"":201914,""order"":[""x0"",""x1"",""x2"",""x4"",""x5"",""x8"",""x7"",""x11"",""x10"",""x6"",""x3"",""x9""]},{""sweep"":1,""seed"":714853893,""nodes"":13,""setup_ns"":3758548,""build_ns"":143509,""order"":[""x4"",""x6"",""x10"",""x9"",""x7"",""x2"",""x11"",""x8"",""x5"",""x0"",""x3"",""x1""]},{""sweep"":2,""seed"":714853894,""nodes"":13,""setup_ns"":3534332,""build_ns"":136809,""order"":[""x9"",""x1"",""x5"",""x8"",""x10"",""x3"",""x6"",""x0"",""x11"",""x4"",""x2"",""x7""]},{""sweep"":3,""seed"":714853895,""nodes"":13,""setup_ns"":8659870,""build_ns"":139209,""order"":[""x2"",""x4"",""x8"",""x7"",""x6"",""x3"",""x10"",""x0"",""x5"",""x1"",""x11"",""x9""]},{""sweep"":4,""seed"":714853896,""nodes"":13,""setup_ns"":2834686,""build_ns"":107407,""order"":[""x7"",""x5"",""x9"",""x4"",""x10"",""x8"",""x11"",""x2"",""x1"",""x6"",""x3"",""x0""]}]",15,17,28,55,28971.9,46205.04,28667.88,117008.0,34734685.0,1.010604899978652,0.6270289994338281,0.2476061465882675,"{""cm"":[28099.84,39520.6,27197.78,28971.9,29029.92],""cse"":[46205.04,63862.2,40160.64,38740.56,50861.34],""cnf"":[28667.88,39742.62,26523.76,25957.7,29623.96],""robdd_enumerate"":[117008.0,134209.0,107807.0,64804.0,143609.0],""robdd_naive"":[34734685.0,48801710.0,31853195.0,34186948.0,37088640.0]}",256,True,38902.0,406726.0,2167443.0,1645508.0,0.01794833820312691,0.023641331430780038,"{""packed"":[87305.0,44303.0,38503.0,36803.0,38902.0],""scalar_cnf"":[406726.0,454230.0,420828.0,396726.0,401927.0],""robdd"":[2680477.0,2293851.0,2113239.0,2167443.0,2056035.0],""cadical"":[1667310.0,1645508.0,1582604.0,1559402.0,1684411.0]}",1800,47404,213714,1,True,2602071,47926,1229681,42806,112807,3448,3931458,41221,2803,67215021,6104201,True,270,9240008,7039063,True,705,31921300,39569602,True,"{""dropped_satisfied_clauses"":4942,""payload_sha256"":""e466d4d3ad031a3b843dde6f34e7b13aad2c060d7c485e23cf05b611584febcb"",""removed_fixed_false_literals"":1106,""residual_clauses"":50,""residual_literals"":51,""slice_feature_names"":[""F_WEN5QOAAUXYNCL55ZHTVJNAA53L1VY55"",""F_4YXBYGBAPVY4QF4555YYP5554POUVJ45"",""F_POZGKX551OYHXBBAXNUOUF555FDQMR55"",""F_1SV0F1AA3XY4FBAAHPTOHKAAPNDTXEAA"",""F_5C2SZ0AA5RUOWY455HYSMY45GUXJK5BA"",""F_5XEPF24535CJP4AALONKA0BAW310LLBA"",""F_TWGO3VAA2FSEZEBA5DPGKU5545CBAT45"",""F_4NERQNAAWV0D4EAAOO1ASNBA5Q0I2N55"",""F_1XD12W45XPA4NNBAJWYZEV45PPGTEE45"",""F_5N5X1YBA1GQEWIAA44T050BA5HVD4GAA"",""F_4RSLGQAAXTI3LQBAX5WTQT45PFMANE55"",""F_XUDGEK554TFKUT553RJKNTBAFXJ5WS45""],""slice_variables"":[418,513,122,44,53,225,540,175,78,543,380,434],""source_clauses"":4992}"
real|FinancialServices01@2017-05-22|incidence|k16,real,FinancialServices01@2017-05-22,FinancialServices01,incidence,16,26,23,42,0.11538461538461542,1,1.52587890625e-05,571d4015f34292920e6012149f276dc45216be1a47b51c9601ff74bae563d8ee,True,114708,1057769,239016,dd.cudd,cudd,2957495,125208,17,2918092,103907,17,16451482,"[{""sweep"":0,""seed"":2009914293,""nodes"":17,""setup_ns"":3139607,""build_ns"":145509,""order"":[""x9"",""x2"",""x0"",""x5"",""x6"",""x10"",""x12"",""x14"",""x7"",""x13"",""x15"",""x3"",""x1"",""x8"",""x11"",""x4""]},{""sweep"":1,""seed"":2009914294,""nodes"":17,""setup_ns"":3084603,""build_ns"":135009,""order"":[""x2"",""x1"",""x10"",""x8"",""x15"",""x0"",""x5"",""x11"",""x14"",""x7"",""x6"",""x13"",""x9"",""x4"",""x12"",""x3""]},{""sweep"":2,""seed"":2009914295,""nodes"":17,""setup_ns"":3202610,""build_ns"":114408,""order"":[""x14"",""x2"",""x13"",""x10"",""x3"",""x1"",""x4"",""x7"",""x9"",""x8"",""x6"",""x0"",""x11"",""x15"",""x12"",""x5""]},{""sweep"":3,""seed"":2009914296,""nodes"":17,""setup_ns"":2918092,""build_ns"":103907,""order"":[""x13"",""x5"",""x1"",""x7"",""x3"",""x10"",""x8"",""x4"",""x14"",""x2"",""x9"",""x0"",""x6"",""x12"",""x11"",""x15""]},{""sweep"":4,""seed"":2009914297,""nodes"":17,""setup_ns"":2895091,""build_ns"":103907,""order"":[""x6"",""x1"",""x5"",""x15"",""x2"",""x13"",""x4"",""x8"",""x12"",""x9"",""x11"",""x7"",""x14"",""x10"",""x0"",""x3""]}]",29,29,52,55,67934.5,72184.7,147879.7,68605.0,,0.45939030171145867,0.9411204867513476,0.9902266598644414,"{""cm"":[67934.5,75574.9,74274.9,65944.3,66614.3],""cse"":[68794.5,76185.0,72184.7,71194.7,73104.9],""cnf"":[142959.4,150119.9,151859.9,147879.7,145009.5],""robdd_enumerate"":[96606.0,68305.0,68605.0,64304.0,72505.0]}",256,True,93206.0,688845.0,2564369.0,1644008.0,0.03634656322861492,0.0566943713169279,"{""packed"":[94806.0,93206.0,93206.0,87806.0,138409.0],""scalar_cnf"":[651243.0,805953.0,684745.0,688845.0,729948.0],""robdd"":[2470662.0,2500365.0,2760182.0,2564369.0,2737280.0],""cadical"":[1617107.0,1571303.0,2347855.0,1743615.0,1644008.0]}",4300,65404,,,True,4029465,197487,1073371,188455,340323,52788,3562534,41429,19413,11899583,6958358,True,189,116577068,5983893,True,936,31316560,40753581,True,"{""dropped_satisfied_clauses"":4966,""payload_sha256"":""e466d4d3ad031a3b843dde6f34e7b13aad2c060d7c485e23cf05b611584febcb"",""removed_fixed_false_literals"":796,""residual_clauses"":26,""residual_literals"":42,""slice_feature_names"":[""F_5EA1A5BAPLNZPLBA5QHIIIBA3GHWP145"",""F_PCSFPPAA5NKMO55554DBIWBA1LFGWFBA"",""F_WDQ4T1551H15ET555WQ4C3BA15EEVLAA"",""F_P14MAJAA5VDXN2BA45VFYUBAWHPAL5AA"",""F_XNRFW1BAPPYCS4455PGEDEAAX5N33055"",""F_HXV24K45W2FHXB455CGDJIBAL4JOMDBA"",""F_5OPJ4OBA52O2HYAAC5O4BJ55LJQAGZBA"",""F_LD540GAA15SDUJ45535WJW4544KDWBAA"",""F_GDVLU355LVABXFAAZOU4OEAA51Y0R455"",""F_O5DEVXAAXPQ001BA15AXW45543RYN155"",""F_3EPJNAAA5HWBVGAAXFO2RZBA51DTF145"",""F_V5PLE4BA05XIOUAAZLMFUABA3TES2455"",""F_PXOWDG4545RETTAAOH1ZQI4553W1NFAA"",""F_55YQ3ZAA1PUQ0L455UIIZ455PPF53MAA"",""F_5VFAGCAA4NPLOQBAPPXUGF5500U3I5BA"",""F_WDUEJABAWV4PZXAAPGQ13K45SHSZET55""],""slice_variables"":[458,454,404,448,475,442,439,447,502,486,402,437,455,446,470,548],""source_clauses"":4992}"
real|FinancialServices01@2017-05-22|hash|k16,real,FinancialServices01@2017-05-22,FinancialServices01,hash,16,63,17,64,0.7301587301587302,1,1.52587890625e-05,0e5ad25dff819fd2e8e1ea371db0bc5e5b53661486e00a5d07625986d348f3d5,True,98206,1858522,301920,dd.cudd,cudd,2874089,222015,17,2901291,111107,17,26749159,"[{""sweep"":0,""seed"":1526404441,""nodes"":17,""setup_ns"":3303917,""build_ns"":132409,""order"":[""x0"",""x6"",""x8"",""x10"",""x13"",""x15"",""x4"",""x1"",""x14"",""x7"",""x5"",""x2"",""x12"",""x11"",""x9"",""x3""]},{""sweep"":1,""seed"":1526404442,""nodes"":17,""setup_ns"":3132306,""build_ns"":119808,""order"":[""x11"",""x6"",""x4"",""x0"",""x5"",""x3"",""x9"",""x7"",""x2"",""x1"",""x8"",""x15"",""x14"",""x12"",""x10"",""x13""]},{""sweep"":2,""seed"":1526404443,""nodes"":17,""setup_ns"":2977096,""build_ns"":114908,""order"":[""x7"",""x10"",""x4"",""x12"",""x8"",""x2"",""x5"",""x13"",""x0"",""x15"",""x1"",""x9"",""x14"",""x3"",""x11"",""x6""]},{""sweep"":3,""seed"":1526404444,""nodes"":17,""setup_ns"":2901291,""build_ns"":111107,""order"":[""x3"",""x7"",""x6"",""x1"",""x9"",""x15"",""x2"",""x0"",""x10"",""x4"",""x11"",""x12"",""x13"",""x14"",""x8"",""x5""]},{""sweep"":4,""seed"":1526404445,""nodes"":17,""setup_ns"":13162066,""build_ns"":200613,""order"":[""x1"",""x6"",""x11"",""x2"",""x4"",""x14"",""x7"",""x12"",""x5"",""x15"",""x9"",""x0"",""x10"",""x3"",""x8"",""x13""]}]",19,24,36,69,48323.1,78395.2,271667.8,95407.0,,0.17787569965965785,0.6164038104373737,0.506494282390181,"{""cm"":[53823.5,50143.3,45853.0,47063.0,48323.1],""cse"":[81545.3,80605.3,78395.2,77355.0,78365.1],""cnf"":[287628.9,271337.9,271667.8,263787.4,271767.9],""robdd_enumerate"":[123508.0,87306.0,58904.0,130609.0,95407.0]}",256,True,27802.0,362024.0,2463562.0,1661509.0,0.011285285290161156,0.016732981885743622,"{""packed"":[27902.0,27501.0,28102.0,27802.0,26502.0],""scalar_cnf"":[431828.0,362024.0,377225.0,353824.0,361924.0],""robdd"":[2595771.0,2830987.0,2372156.0,2391457.0,2463562.0],""cadical"":[1586704.0,1684011.0,1661509.0,1682111.0,1609806.0]}",1600,45903,,,True,3692732,201987,1303882,212787,565035,48776,3506520,41429,18639,12156299,7050464,True,348,9918753,6846450,True,936,40492264,43242415,True,"{""dropped_satisfied_clauses"":4929,""payload_sha256"":""e466d4d3ad031a3b843dde6f34e7b13aad2c060d7c485e23cf05b611584febcb"",""removed_fixed_false_literals"":1109,""residual_clauses"":63,""residual_literals"":64,""slice_feature_names"":[""F_WEN5QOAAUXYNCL55ZHTVJNAA53L1VY55"",""F_4YXBYGBAPVY4QF4555YYP5554POUVJ45"",""F_POZGKX551OYHXBBAXNUOUF555FDQMR55"",""F_1SV0F1AA3XY4FBAAHPTOHKAAPNDTXEAA"",""F_5C2SZ0AA5RUOWY455HYSMY45GUXJK5BA"",""F_5XEPF24535CJP4AALONKA0BAW310LLBA"",""F_TWGO3VAA2FSEZEBA5DPGKU5545CBAT45"",""F_4NERQNAAWV0D4EAAOO1ASNBA5Q0I2N55"",""F_1XD12W45XPA4NNBAJWYZEV45PPGTEE45"",""F_5N5X1YBA1GQEWIAA44T050BA5HVD4GAA"",""F_4RSLGQAAXTI3LQBAX5WTQT45PFMANE55"",""F_XUDGEK554TFKUT553RJKNTBAFXJ5WS45"",""F_3PRC0I555F05PWAA2PJVJK551LB1VLBA"",""F_Z53HI1BA44WJZO45RNCB1DBAFTDONO45"",""F_HE12HW550XLTW0455KBANW55XU1YYBAA"",""F_WVEFQ1454D4YXA5555ED1R45ZNCIIMAA""],""slice_variables"":[418,513,122,44,53,225,540,175,78,543,380,434,462,37,250,547],""source_clauses"":4992}"
real|FinancialServices01@2017-09-28|incidence|k8,real,FinancialServices01@2017-09-28,FinancialServices01,incidence,8,254,10,498,0.9606299212598425,1,0.00390625,01d0fabd251fcbbe2b93b4b927b26ad2a1a99077152e45ded1e678afa45dbec5,True,635940,1769311,1183374,dd.cudd,cudd,3199700,662642,9,3193800,618739,9,20263771,"[{""sweep"":0,""seed"":1238451331,""nodes"":9,""setup_ns"":3193800,""build_ns"":618739,""order"":[""x6"",""x5"",""x4"",""x3"",""x0"",""x2"",""x1"",""x7""]},{""sweep"":1,""seed"":1238451332,""nodes"":9,""setup_ns"":3395713,""build_ns"":721746,""order"":[""x3"",""x2"",""x1"",""x6"",""x7"",""x5"",""x0"",""x4""]},{""sweep"":2,""seed"":1238451333,""nodes"":9,""setup_ns"":2914483,""build_ns"":635240,""order"":[""x7"",""x6"",""x4"",""x3"",""x1"",""x5"",""x2"",""x0""]},{""sweep"":3,""seed"":1238451334,""nodes"":9,""setup_ns"":3199000,""build_ns"":943760,""order"":[""x7"",""x5"",""x6"",""x0"",""x4"",""x3"",""x2"",""x1""]},{""sweep"":4,""seed"":1238451335,""nodes"":9,""setup_ns"":3359011,""build_ns"":627439,""order"":[""x0"",""x3"",""x1"",""x5"",""x6"",""x7"",""x4"",""x2""]}]",11,17,19,37,16421.03,29073.325,99443.235,149609.0,1502994.0,0.16512968428671893,0.5648143100247391,0.10975964012860188,"{""cm"":[16459.03,16285.02,16421.03,16590.54,15237.955],""cse"":[29073.325,27211.21,29141.825,28383.78,30825.935],""cnf"":[102642.935,95265.97,99443.235,101703.88,91973.77],""robdd_enumerate"":[149710.0,136308.0,375723.0,91905.0,149609.0],""robdd_naive"":[1502994.0,1364486.0,1617302.0,1651004.0,1416589.0]}",256,True,26202.0,495131.0,1304482.0,1289381.0,0.02008613380636912,0.020321379018304133,"{""packed"":[27402.0,42302.0,25601.0,22702.0,26202.0],""scalar_cnf"":[512232.0,522733.0,494731.0,494731.0,495131.0],""robdd"":[1580899.0,1289181.0,1279980.0,1304482.0,1347585.0],""cadical"":[1510795.0,1289381.0,1277881.0,1261479.0,1426189.0]}",800,33202,259516,1,True,3783238,97752,2649366,110492,601638,480,4277368,40951,1331,9820315,5900369,True,2013,8631941,5617152,True,478,29373341,32872862,True,"{""dropped_satisfied_clauses"":6291,""payload_sha256"":""701053a38d0963c4c42c1e921e9667fb6d590aaf9102f036d1d885db70b856a5"",""removed_fixed_false_literals"":3026,""residual_clauses"":254,""residual_literals"":498,""slice_feature_names"":[""F_5BFMUTAA5OARB1AA2ODXJD455GWCYP55"",""F_H5ATWYBAJWJN0VAA15P22H55XROJJW45"",""F_5HGKTL454VBR2DBA55O5DCBAXVX3JCAA"",""F_PCSFPPAA5NKMO55554DBIWBA1LFGWFBA"",""F_WDQ4T1551H15ET555WQ4C3BA15EEVLAA"",""F_5HPX5S551POBZ0BA5FN1BPBATNBSPX45"",""F_P14MAJAA5VDXN2BA45VFYUBAWHPAL5AA"",""F_HXV24K45W2FHXB455CGDJIBAL4JOMDBA""],""slice_variables"":[399,504,593,500,450,521,494,488],""source_clauses"":6545}"
real|FinancialServices01@2017-09-28|hash|k8,real,FinancialServices01@2017-09-28,FinancialServices01,hash,8,34,8,34,0.7647058823529411,1,0.00390625,49293309d25cafc914c11063c2d1cd286a4500d519b11b4fc98500efb85f6d9c,True,139808,604838,206613,dd.cudd,cudd,2626864,62004,9,2497957,56403,9,14158888,"[{""sweep"":0,""seed"":2057264823,""nodes"":9,""setup_ns"":2945685,""build_ns"":72204,""order"":[""x5"",""x2"",""x6"",""x7"",""x0"",""x4"",""x3"",""x1""]},{""sweep"":1,""seed"":2057264824,""nodes"":9,""setup_ns"":2636765,""build_ns"":62203,""order"":[""x0"",""x1"",""x5"",""x7"",""x6"",""x4"",""x3"",""x2""]},{""sweep"":2,""seed"":2057264825,""nodes"":9,""setup_ns"":2747272,""build_ns"":59004,""order"":[""x3"",""x4"",""x0"",""x6"",""x5"",""x7"",""x2"",""x1""]},{""sweep"":3,""seed"":2057264826,""nodes"":9,""setup_ns"":2546960,""build_ns"":62904,""order"":[""x5"",""x6"",""x4"",""x2"",""x3"",""x1"",""x7"",""x0""]},{""sweep"":4,""seed"":2057264827,""nodes"":9,""setup_ns"":2497957,""build_ns"":56403,""order"":[""x5"",""x6"",""x7"",""x3"",""x4"",""x1"",""x2"",""x0""]}]",8,12,14,35,11645.73,26340.15,8272.52,127508.0,1464092.0,1.407760875766997,0.44212846168302,0.09133332810490322,"{""cm"":[11463.215,11765.735,11645.73,12933.31,11510.22],""cse"":[26340.15,28568.795,25787.115,26353.15,25698.615],""cnf"":[8058.505,8195.51,8611.535,8272.52,10264.14],""robdd_enumerate"":[114507.0,94805.0,127508.0,135709.0,133308.0],""robdd_naive"":[1464092.0,1437790.0,1512595.0,1385187.0,1527696.0]}",256,True,26801.0,349322.0,1365285.0,1267279.0,0.019630333593352305,0.021148460599441796,"{""packed"":[26801.0,25201.0,68404.0,25502.0,27102.0],""scalar_cnf"":[349322.0,347021.0,368123.0,365923.0,336721.0],""robdd"":[1393088.0,1286481.0,1365285.0,1498194.0,1275280.0],""cadical"":[1318982.0,1239378.0,1599301.0,1243278.0,1267279.0]}",1500,115708,163710,1,True,1694506,31956,705544,30884,64804,480,2866279,40951,1110,9432691,6061580,True,178,7471168,5728359,True,478,32782955,40374631,True,"{""dropped_satisfied_clauses"":6511,""payload_sha256"":""701053a38d0963c4c42c1e921e9667fb6d590aaf9102f036d1d885db70b856a5"",""removed_fixed_false_literals"":2352,""residual_clauses"":34,""residual_literals"":34,""slice_feature_names"":[""F_4L512O450HLBIAAA3DFEMP45XC00RXBA"",""F_PP2G14AA50MS1J554J3TJ2555PDPKXBA"",""F_XM1HJP5545MT2GBA5H25WTAAV5H2BA55"",""F_WDUEJABAWV4PZXAAPGQ13K45SHSZET55"",""F_5EJJHA55NLTGXO555OVMVYAA3WMU1GBA"",""F_5TUYZ355WTTRQV45VFEMFQBA5VE4ZDAA"",""F_PHWSHO555533LU554N5DWB55QFO55OAA"",""F_314N2KAA3XTRGJ45X5C25G555LYVIH55""],""slice_variables"":[259,457,374,626,79,8,565,531],""source_clauses"":6545}"
real|FinancialServices01@2017-09-28|incidence|k12,real,FinancialServices01@2017-09-28,FinancialServices01,incidence,12,261,19,669,0.9272030651340997,1,0.000244140625,d839a3521723b8a55d09d8eed9848940b284828e4d09218202c3ee11046bc16d,True,804151,3064292,1816014,dd.cudd,cudd,2807476,796850,13,2992988,703944,13,19474221,"[{""sweep"":0,""seed"":732363617,""nodes"":13,""setup_ns"":3009989,""build_ns"":801750,""order"":[""x5"",""x2"",""x0"",""x4"",""x6"",""x3"",""x1"",""x11"",""x9"",""x7"",""x10"",""x8""]},{""sweep"":1,""seed"":732363618,""nodes"":13,""setup_ns"":2992988,""build_ns"":703944,""order"":[""x4"",""x7"",""x11"",""x5"",""x8"",""x1"",""x9"",""x3"",""x2"",""x0"",""x6"",""x10""]},{""sweep"":2,""seed"":732363619,""nodes"":13,""setup_ns"":3110695,""build_ns"":850054,""order"":[""x11"",""x1"",""x2"",""x9"",""x8"",""x7"",""x0"",""x4"",""x3"",""x6"",""x10"",""x5""]},{""sweep"":3,""seed"":732363620,""nodes"":13,""setup_ns"":3108395,""build_ns"":740146,""order"":[""x6"",""x11"",""x7"",""x10"",""x0"",""x8"",""x3"",""x5"",""x9"",""x2"",""x4"",""x1""]},{""sweep"":4,""seed"":732363621,""nodes"":13,""setup_ns"":2830778,""build_ns"":758247,""order"":[""x1"",""x6"",""x9"",""x0"",""x10"",""x7"",""x8"",""x2"",""x11"",""x4"",""x3"",""x5""]}]",24,36,46,102,41924.62,78410.92,309325.4,141309.0,31075848.0,0.13553565274626656,0.5346783330689144,0.2966875429024337,"{""cm"":[51417.22,40606.56,41924.62,40800.56,45222.84],""cse"":[77994.9,83463.22,78410.92,78186.9,81403.1],""cnf"":[295840.54,311565.54,309325.4,304223.06,309327.4],""robdd_enumerate"":[136809.0,105607.0,175211.0,141309.0,182312.0],""robdd_naive"":[34481662.0,30579017.0,31075848.0,30767729.0,31171154.0]}",256,True,27702.0,394325.0,2661867.0,1584799.0,0.01040698126540507,0.017479819207356896,"{""packed"":[47603.0,27802.0,25202.0,27702.0,26001.0],""scalar_cnf"":[380824.0,394325.0,382824.0,396625.0,437227.0],""robdd"":[3069793.0,3231903.0,2392650.0,2661867.0,2304844.0],""cadical"":[2291743.0,1584799.0,1536396.0,1700107.0,1539197.0]}",1300,37703,294718,1,True,6744222,160014,4047153,173206,859053,3504,4966612,41221,3511,9043467,5881669,True,2466,8581038,5991376,True,704,27291911,30044884,True,"{""dropped_satisfied_clauses"":6284,""payload_sha256"":""701053a38d0963c4c42c1e921e9667fb6d590aaf9102f036d1d885db70b856a5"",""removed_fixed_false_literals"":2752,""residual_clauses"":261,""residual_literals"":669,""slice_feature_names"":[""F_5BFMUTAA5OARB1AA2ODXJD455GWCYP55"",""F_H5ATWYBAJWJN0VAA15P22H55XROJJW45"",""F_5HGKTL454VBR2DBA55O5DCBAXVX3JCAA"",""F_PCSFPPAA5NKMO55554DBIWBA1LFGWFBA"",""F_WDQ4T1551H15ET555WQ4C3BA15EEVLAA"",""F_5HPX5S551POBZ0BA5FN1BPBATNBSPX45"",""F_P14MAJAA5VDXN2BA45VFYUBAWHPAL5AA"",""F_HXV24K45W2FHXB455CGDJIBAL4JOMDBA"",""F_5TWQT255XYDOYGAAYW0U1S555PSLGTAA"",""F_5OPJ4OBA52O2HYAAC5O4BJ55LJQAGZBA"",""F_OB2W1NBATO2UCI553X5JDEBA0SXRMNBA"",""F_GDVLU355LVABXFAAZOU4OEAA51Y0R455""],""slice_variables"":[399,504,593,500,450,521,494,488,643,485,642,567],""source_clauses"":6545}"
real|FinancialServices01@2017-09-28|hash|k12,real,FinancialServices01@2017-09-28,FinancialServices01,hash,12,66,13,67,0.803030303030303,1,0.000244140625,654570c81dcaf412c191946f70e20a3e8e11c7968e3a891f98ac679189db0fff,True,89105,1427890,266917,dd.cudd,cudd,2960885,135909,13,2539459,99307,13,14838531,"[{""sweep"":0,""seed"":1319733988,""nodes"":13,""setup_ns"":2852679,""build_ns"":147909,""order"":[""x9"",""x7"",""x8"",""x5"",""x3"",""x11"",""x0"",""x2"",""x4"",""x1"",""x6"",""x10""]},{""sweep"":1,""seed"":1319733989,""nodes"":13,""setup_ns"":2672268,""build_ns"":102906,""order"":[""x3"",""x10"",""x6"",""x4"",""x8"",""x7"",""x0"",""x9"",""x2"",""x5"",""x1"",""x11""]},{""sweep"":2,""seed"":1319733990,""nodes"":13,""setup_ns"":2761873,""build_ns"":100407,""order"":[""x8"",""x3"",""x5"",""x0"",""x9"",""x7"",""x2"",""x10"",""x4"",""x6"",""x11"",""x1""]},{""sweep"":3,""seed"":1319733991,""nodes"":13,""setup_ns"":2539459,""build_ns"":99307,""order"":[""x2"",""x10"",""x8"",""x6"",""x1"",""x7"",""x9"",""x4"",""x5"",""x11"",""x3"",""x0""]},{""sweep"":4,""seed"":1319733992,""nodes"":13,""setup_ns"":2925583,""build_ns"":119108,""order"":[""x8"",""x5"",""x0"",""x9"",""x10"",""x7"",""x3"",""x1"",""x2"",""x6"",""x4"",""x11""]}]",13,22,24,62,22381.4,49947.14,36984.32,109807.0,31664386.0,0.6051591593410397,0.44810173315228863,0.20382489276639923,"{""cm"":[24341.52,27231.7,19747.24,21849.38,22381.4],""cse"":[49853.14,54955.44,48521.04,50025.14,49947.14],""cnf"":[37568.34,36368.28,37476.36,36534.28,36984.32],""robdd_enumerate"":[102906.0,134108.0,71804.0,110007.0,109807.0],""robdd_naive"":[31664386.0,31894199.0,32118113.0,31224758.0,31237959.0]}",256,True,25901.0,371523.0,2026827.0,1522895.0,0.012779087707041597,0.017007738550589502,"{""packed"":[28301.0,24101.0,25901.0,40502.0,25202.0],""scalar_cnf"":[376424.0,371523.0,353722.0,377823.0,363023.0],""robdd"":[2007226.0,2092031.0,2108433.0,1985425.0,2026827.0],""cadical"":[1514395.0,1473793.0,1522895.0,1576699.0,1525195.0]}",1200,40303,165510,1,True,2804476,53341,1219576,55142,139809,3508,3558523,41221,2626,9774112,6499007,True,365,38540016,5736759,True,704,32387931,29564754,True,"{""dropped_satisfied_clauses"":6479,""payload_sha256"":""701053a38d0963c4c42c1e921e9667fb6d590aaf9102f036d1d885db70b856a5"",""removed_fixed_false_literals"":2369,""residual_clauses"":66,""residual_literals"":67,""slice_feature_names"":[""F_4L512O450HLBIAAA3DFEMP45XC00RXBA"",""F_PP2G14AA50MS1J554J3TJ2555PDPKXBA"",""F_XM1HJP5545MT2GBA5H25WTAAV5H2BA55"",""F_WDUEJABAWV4PZXAAPGQ13K45SHSZET55"",""F_5EJJHA55NLTGXO555OVMVYAA3WMU1GBA"",""F_5TUYZ355WTTRQV45VFEMFQBA5VE4ZDAA"",""F_PHWSHO555533LU554N5DWB55QFO55OAA"",""F_314N2KAA3XTRGJ45X5C25G555LYVIH55"",""F_TFF413AAXU5Q5H55TXD5B5555H5JICAA"",""F_552MTY55XPUNS0BAXHJGVH454VXLGRAA"",""F_PLQRW1BAO3Z1RS454PNYU445155TAW55"",""F_5FAUUNBA5XF30W455K20RJAA1XYVE2BA""],""slice_variables"":[259,457,374,626,79,8,565,531,282,12,303,113],""source_clauses"":6545}"
real|FinancialServices01@2017-09-28|incidence|k16,real,FinancialServices01@2017-09-28,FinancialServices01,incidence,16,271,61,1009,0.7749077490774907,1,1.52587890625e-05,2b8e753c2efa059010b3aecd6c00bff0a1a09c0f08d5d4522ffef4d207c1fb0c,True,1097368,6553511,2303444,dd.cudd,cudd,2883180,1254379,17,2615764,1115270,17,21318737,"[{""sweep"":0,""seed"":1573969348,""nodes"":17,""setup_ns"":3075493,""build_ns"":1207175,""order"":[""x4"",""x7"",""x2"",""x12"",""x11"",""x1"",""x13"",""x14"",""x5"",""x8"",""x15"",""x3"",""x6"",""x10"",""x0"",""x9""]},{""sweep"":1,""seed"":1573969349,""nodes"":17,""setup_ns"":3059692,""build_ns"":1293281,""order"":[""x14"",""x12"",""x7"",""x6"",""x15"",""x3"",""x5"",""x10"",""x8"",""x0"",""x4"",""x9"",""x13"",""x11"",""x2"",""x1""]},{""sweep"":2,""seed"":1573969350,""nodes"":17,""setup_ns"":3041291,""build_ns"":1189574,""order"":[""x10"",""x3"",""x9"",""x0"",""x11"",""x15"",""x2"",""x6"",""x8"",""x4"",""x12"",""x7"",""x5"",""x13"",""x1"",""x14""]},{""sweep"":3,""seed"":1573969351,""nodes"":17,""setup_ns"":2864379,""build_ns"":1193775,""order"":[""x5"",""x0"",""x12"",""x13"",""x3"",""x4"",""x2"",""x1"",""x10"",""x9"",""x7"",""x15"",""x14"",""x6"",""x8"",""x11""]},{""sweep"":4,""seed"":1573969352,""nodes"":17,""setup_ns"":2615764,""build_ns"":1115270,""order"":[""x3"",""x10"",""x9"",""x4"",""x6"",""x5"",""x14"",""x0"",""x11"",""x2"",""x13"",""x15"",""x7"",""x12"",""x1"",""x8""]}]",103,103,185,220,271577.0,298568.7,3483498.4,176511.0,,0.07796099461392031,0.9095963508566035,1.5385839975978834,"{""cm"":[274307.2,261436.4,268856.9,280867.7,271577.0],""cse"":[298568.7,291578.3,292758.4,301618.9,309659.4],""cnf"":[3523200.9,3483498.4,3495159.1,3438715.6,3442375.8],""robdd_enumerate"":[176511.0,81305.0,209813.0,192512.0,176411.0]}",256,True,25302.0,416526.0,2639065.0,1638003.0,0.009587486477218257,0.015446858155937443,"{""packed"":[25302.0,27002.0,25402.0,25002.0,24402.0],""scalar_cnf"":[509331.0,392825.0,412026.0,427226.0,416526.0],""robdd"":[2828777.0,2566261.0,2548060.0,2639065.0,2863780.0],""cadical"":[1571699.0,1743009.0,1638003.0,1859517.0,1588999.0]}",1400,43303,,,True,16890259,710203,6439804,691643,3953348,52656,5450142,41429,25362,13085421,7523072,True,3520,47166657,6290995,True,936,29204931,31189855,True,"{""dropped_satisfied_clauses"":6274,""payload_sha256"":""701053a38d0963c4c42c1e921e9667fb6d590aaf9102f036d1d885db70b856a5"",""removed_fixed_false_literals"":2428,""residual_clauses"":271,""residual_literals"":1009,""slice_feature_names"":[""F_5BFMUTAA5OARB1AA2ODXJD455GWCYP55"",""F_H5ATWYBAJWJN0VAA15P22H55XROJJW45"",""F_5HGKTL454VBR2DBA55O5DCBAXVX3JCAA"",""F_PCSFPPAA5NKMO55554DBIWBA1LFGWFBA"",""F_WDQ4T1551H15ET555WQ4C3BA15EEVLAA"",""F_5HPX5S551POBZ0BA5FN1BPBATNBSPX45"",""F_P14MAJAA5VDXN2BA45VFYUBAWHPAL5AA"",""F_HXV24K45W2FHXB455CGDJIBAL4JOMDBA"",""F_5TWQT255XYDOYGAAYW0U1S555PSLGTAA"",""F_5OPJ4OBA52O2HYAAC5O4BJ55LJQAGZBA"",""F_OB2W1NBATO2UCI553X5JDEBA0SXRMNBA"",""F_GDVLU355LVABXFAAZOU4OEAA51Y0R455"",""F_5NXY454513L0DRAA54VEKM554F1VFY45"",""F_P4WMWLAA41CXZBAAO0CUFKAAVDRDDQ55"",""F_5XOLFNBAXOJDGJAAUKQZZZ454G1GKHAA"",""F_LPNR22555WPGGVBANG2CG3AAXHA2PS45""],""slice_variables"":[399,504,593,500,450,521,494,488,643,485,642,567,645,647,687,688],""source_clauses"":6545}"
real|FinancialServices01@2017-09-28|hash|k16,real,FinancialServices01@2017-09-28,FinancialServices01,hash,16,85,21,90,0.7529411764705882,1,1.52587890625e-05,ae77e78fdd1c399ea69ca2f23a45050ef7aa7a1db915c59d93f53f23ce9ec917,True,136408,2349447,722746,dd.cudd,cudd,2721071,145809,17,2809976,156710,17,17372089,"[{""sweep"":0,""seed"":197810449,""nodes"":17,""setup_ns"":3221902,""build_ns"":206613,""order"":[""x6"",""x5"",""x1"",""x7"",""x8"",""x11"",""x15"",""x12"",""x0"",""x3"",""x13"",""x9"",""x14"",""x10"",""x2"",""x4""]},{""sweep"":1,""seed"":197810450,""nodes"":17,""setup_ns"":2809976,""build_ns"":156710,""order"":[""x5"",""x7"",""x15"",""x10"",""x6"",""x12"",""x4"",""x9"",""x3"",""x11"",""x1"",""x13"",""x2"",""x8"",""x14"",""x0""]},{""sweep"":2,""seed"":197810451,""nodes"":17,""setup_ns"":3435116,""build_ns"":242615,""order"":[""x1"",""x12"",""x2"",""x10"",""x7"",""x13"",""x8"",""x5"",""x15"",""x6"",""x4"",""x11"",""x3"",""x9"",""x0"",""x14""]},{""sweep"":3,""seed"":197810452,""nodes"":17,""setup_ns"":2880580,""build_ns"":176811,""order"":[""x7"",""x5"",""x2"",""x10"",""x12"",""x15"",""x9"",""x3"",""x4"",""x1"",""x14"",""x13"",""x11"",""x8"",""x6"",""x0""]},{""sweep"":4,""seed"":197810453,""nodes"":17,""setup_ns"":3300407,""build_ns"":352222,""order"":[""x6"",""x2"",""x5"",""x9"",""x14"",""x1"",""x3"",""x4"",""x0"",""x10"",""x7"",""x12"",""x11"",""x15"",""x8"",""x13""]}]",23,32,44,89,62613.9,102796.4,377443.7,83105.0,,0.16588937634937342,0.6091059609091369,0.7534312014920883,"{""cm"":[63134.0,53273.4,62613.9,53903.4,72304.5],""cse"":[102796.4,106216.6,103906.5,100996.3,98956.2],""cnf"":[379203.8,373103.4,383184.0,376043.6,377443.7],""robdd_enumerate"":[43703.0,114808.0,100007.0,83105.0,67605.0]}",256,True,25802.0,355522.0,2581262.0,1694106.0,0.009995885733412571,0.015230451931579252,"{""packed"":[24001.0,41103.0,25802.0,25201.0,27002.0],""scalar_cnf"":[344922.0,356523.0,355522.0,355122.0,359523.0],""robdd"":[2482156.0,2656666.0,2546760.0,2811876.0,2581262.0],""cadical"":[1745709.0,1667505.0,1694106.0,1654304.0,1766011.0]}",1500,64204,,,True,5922271,241475,1694906,310555,976861,52660,4717396,41429,18957,10788077,5821165,True,491,87369278,6144885,True,936,27542127,35738241,True,"{""dropped_satisfied_clauses"":6460,""payload_sha256"":""701053a38d0963c4c42c1e921e9667fb6d590aaf9102f036d1d885db70b856a5"",""removed_fixed_false_literals"":2379,""residual_clauses"":85,""residual_literals"":90,""slice_feature_names"":[""F_4L512O450HLBIAAA3DFEMP45XC00RXBA"",""F_PP2G14AA50MS1J554J3TJ2555PDPKXBA"",""F_XM1HJP5545MT2GBA5H25WTAAV5H2BA55"",""F_WDUEJABAWV4PZXAAPGQ13K45SHSZET55"",""F_5EJJHA55NLTGXO555OVMVYAA3WMU1GBA"",""F_5TUYZ355WTTRQV45VFEMFQBA5VE4ZDAA"",""F_PHWSHO555533LU554N5DWB55QFO55OAA"",""F_314N2KAA3XTRGJ45X5C25G555LYVIH55"",""F_TFF413AAXU5Q5H55TXD5B5555H5JICAA"",""F_552MTY55XPUNS0BAXHJGVH454VXLGRAA"",""F_PLQRW1BAO3Z1RS454PNYU445155TAW55"",""F_5FAUUNBA5XF30W455K20RJAA1XYVE2BA"",""F_5HPX5S551POBZ0BA5FN1BPBATNBSPX45"",""F_TDZSNNAAJ0PM22453X1DQ145ZGE4HH45"",""F_VPV5DBBADS3LI3555XLBCGAA5V4RP0BA"",""F_5PTCH4454P2XY2AA4NZVKF45TTAM3P55""],""slice_variables"":[259,457,374,626,79,8,565,531,282,12,303,113,521,123,699,172],""source_clauses"":6545}"
real|FinancialServices01@2017-12-22|incidence|k8,real,FinancialServices01@2017-12-22,FinancialServices01,incidence,8,257,10,502,0.9610894941634242,1,0.00390625,7e8bbd09e5c09de409cdf71c4b39f59b350b4b5dec4a45d0b6127fdf873b4602,True,1022564,2156035,1480893,dd.cudd,cudd,3097794,538234,9,2810076,475430,9,18643569,"[{""sweep"":0,""seed"":1382820802,""nodes"":9,""setup_ns"":2810076,""build_ns"":475430,""order"":[""x7"",""x0"",""x3"",""x1"",""x6"",""x4"",""x2"",""x5""]},{""sweep"":1,""seed"":1382820803,""nodes"":9,""setup_ns"":3185100,""build_ns"":614139,""order"":[""x1"",""x5"",""x4"",""x6"",""x2"",""x7"",""x3"",""x0""]},{""sweep"":2,""seed"":1382820804,""nodes"":9,""setup_ns"":3051092,""build_ns"":618638,""order"":[""x2"",""x5"",""x4"",""x1"",""x6"",""x7"",""x0"",""x3""]},{""sweep"":3,""seed"":1382820805,""nodes"":9,""setup_ns"":3131296,""build_ns"":663542,""order"":[""x4"",""x5"",""x6"",""x7"",""x3"",""x1"",""x0"",""x2""]},{""sweep"":4,""seed"":1382820806,""nodes"":9,""setup_ns"":2842578,""build_ns"":591137,""order"":[""x6"",""x4"",""x0"",""x7"",""x5"",""x2"",""x1"",""x3""]}]",9,15,17,34,15686.485,28068.26,104967.08,161310.0,1594500.0,0.14944194884720047,0.5588691639595758,0.09724434319013081,"{""cm"":[15686.485,15531.475,15188.455,16456.53,16951.565],""cse"":[31346.965,28613.295,27251.705,27460.22,28068.26],""cnf"":[108445.3,104967.08,128371.55,104122.53,100181.28],""robdd_enumerate"":[161310.0,150509.0,265216.0,201413.0,138909.0],""robdd_naive"":[1740109.0,1603601.0,1554597.0,1594500.0,1580699.0]}",256,True,26302.0,465230.0,1414589.0,1338184.0,0.018593386488937776,0.019654995127725335,"{""packed"":[25402.0,26401.0,26302.0,25002.0,26502.0],""scalar_cnf"":[471430.0,465230.0,462629.0,465229.0,484830.0],""robdd"":[1474392.0,1414589.0,1388287.0,1321783.0,1635803.0],""cadical"":[1305682.0,1350785.0,1316682.0,1997625.0,1338184.0]}",800,29902,248016,1,True,5353735,95432,5904470,107732,872955,508,8135910,40951,1213,9136072,7049542,True,2027,15171851,6500508,True,478,42600871,40901465,True,"{""dropped_satisfied_clauses"":6604,""payload_sha256"":""6290b2259ec2c625b7a4600b4052580ef5b0636e5e5703a2f7043d137c7f792f"",""removed_fixed_false_literals"":2755,""residual_clauses"":257,""residual_literals"":502,""slice_feature_names"":[""F_5BFMUTAA5OARB1AA2ODXJD455GWCYP55"",""F_H5ATWYBAJWJN0VAA15P22H55XROJJW45"",""F_5HGKTL454VBR2DBA55O5DCBAXVX3JCAA"",""F_PCSFPPAA5NKMO55554DBIWBA1LFGWFBA"",""F_WDQ4T1551H15ET555WQ4C3BA15EEVLAA"",""F_5HPX5S551POBZ0BA5FN1BPBATNBSPX45"",""F_P14MAJAA5VDXN2BA45VFYUBAWHPAL5AA"",""F_HXV24K45W2FHXB455CGDJIBAL4JOMDBA""],""slice_variables"":[706,96,193,92,42,113,86,80],""source_clauses"":6861}"
real|FinancialServices01@2017-12-22|hash|k8,real,FinancialServices01@2017-12-22,FinancialServices01,hash,8,20,9,21,0.55,1,0.00390625,1eb50e78e6dfb0a4725fb71ba0443c3129a6822213f3d40da2439fcd2bced580,True,105906,1745309,321020,dd.cudd,cudd,4432478,78705,9,2891481,58204,9,17586603,"[{""sweep"":0,""seed"":93291504,""nodes"":9,""setup_ns"":3524221,""build_ns"":75005,""order"":[""x4"",""x3"",""x5"",""x6"",""x7"",""x1"",""x0"",""x2""]},{""sweep"":1,""seed"":93291505,""nodes"":9,""setup_ns"":3795637,""build_ns"":82505,""order"":[""x0"",""x7"",""x3"",""x1"",""x5"",""x2"",""x4"",""x6""]},{""sweep"":2,""seed"":93291506,""nodes"":9,""setup_ns"":3222202,""build_ns"":64504,""order"":[""x7"",""x4"",""x2"",""x0"",""x6"",""x5"",""x1"",""x3""]},{""sweep"":3,""seed"":93291507,""nodes"":9,""setup_ns"":3193900,""build_ns"":100006,""order"":[""x5"",""x6"",""x1"",""x3"",""x0"",""x7"",""x2"",""x4""]},{""sweep"":4,""seed"":93291508,""nodes"":9,""setup_ns"":2891481,""build_ns"":58204,""order"":[""x3"",""x1"",""x7"",""x0"",""x6"",""x2"",""x5"",""x4""]}]",9,9,16,27,17706.11,24689.55,7143.445,141609.0,2172137.0,2.478651406989205,0.7171499683064293,0.12503520256480874,"{""cm"":[15921.995,37062.82,22986.44,17706.11,14863.435],""cse"":[24689.55,35846.245,33305.09,22903.435,23704.485],""cnf"":[7143.445,8556.035,8896.56,5521.345,5566.345],""robdd_enumerate"":[78805.0,142208.0,224714.0,141609.0,123708.0],""robdd_naive"":[2172137.0,2662767.0,2448754.0,1744510.0,1564098.0]}",256,True,28202.0,371624.0,1506795.0,1409388.0,0.018716547373730335,0.020010103676205558,"{""packed"":[28202.0,25601.0,25202.0,29302.0,28902.0],""scalar_cnf"":[373724.0,363023.0,365423.0,371624.0,377623.0],""robdd"":[1556098.0,1409288.0,1427890.0,1631502.0,1506795.0],""cadical"":[1407688.0,1380286.0,1409388.0,1594000.0,1549697.0]}",2301,71004,181312,1,True,3507920,28444,1226677,23100,69104,512,5276931,40951,1191,10827079,7674081,True,111,86079897,7797589,True,478,36239172,42166044,True,"{""dropped_satisfied_clauses"":6841,""payload_sha256"":""6290b2259ec2c625b7a4600b4052580ef5b0636e5e5703a2f7043d137c7f792f"",""removed_fixed_false_literals"":1871,""residual_clauses"":20,""residual_literals"":21,""slice_feature_names"":[""F_OTEEB045VH0EK3454HEJ1UBA0R2QS355"",""F_Z504WKAAXDZFBOAA5XNKP0455XDMBN55"",""F_WW2FGTBA1PWW0MBA13XROB4545U1MIBA"",""F_U5VYYNAAMJ4RRZ553FE0RLBA5TP45045"",""F_5VFAGCAA4NPLOQBAPPXUGF5500U3I5BA"",""F_P35NFDBA43FBIW553O1OSXAAN4WBD5AA"",""F_5PTCH4454P2XY2AA4NZVKF45TTAM3P55"",""F_P5RSCJAAXFCN1H45KPURQ35555CDIA55""],""slice_variables"":[344,117,131,78,108,669,478,139],""source_clauses"":6861}"
real|FinancialServices01@2017-12-22|incidence|k12,real,FinancialServices01@2017-12-22,FinancialServices01,incidence,12,264,19,673,0.928030303030303,1,0.000244140625,a5c8cf78def359c7258b4a5bb8f59c7e50ee12d2c14387cd7178b60b7c5eddc0,True,1974524,6865631,3516720,dd.cudd,cudd,4138359,1466991,13,3736335,877655,13,24195517,"[{""sweep"":0,""seed"":1581996784,""nodes"":13,""setup_ns"":3936747,""build_ns"":1400888,""order"":[""x5"",""x10"",""x2"",""x7"",""x1"",""x6"",""x0"",""x3"",""x11"",""x4"",""x8"",""x9""]},{""sweep"":1,""seed"":1581996785,""nodes"":13,""setup_ns"":3736335,""build_ns"":877655,""order"":[""x7"",""x11"",""x6"",""x0"",""x3"",""x2"",""x8"",""x4"",""x10"",""x1"",""x5"",""x9""]},{""sweep"":2,""seed"":1581996786,""nodes"":13,""setup_ns"":3266904,""build_ns"":902857,""order"":[""x0"",""x11"",""x9"",""x8"",""x1"",""x10"",""x5"",""x7"",""x3"",""x2"",""x4"",""x6""]},{""sweep"":3,""seed"":1581996787,""nodes"":13,""setup_ns"":3450316,""build_ns"":991762,""order"":[""x10"",""x7"",""x3"",""x5"",""x2"",""x0"",""x11"",""x9"",""x4"",""x1"",""x6"",""x8""]},{""sweep"":4,""seed"":1581996788,""nodes"":13,""setup_ns"":3618527,""build_ns"":1185174,""order"":[""x0"",""x4"",""x9"",""x6"",""x2"",""x10"",""x8"",""x5"",""x1"",""x11"",""x7"",""x3""]}]",24,34,46,99,62525.92,105534.62,405351.42,179411.0,49000173.0,0.15425114336592186,0.5924683293501223,0.3485066133068764,"{""cm"":[49739.12,59287.72,62525.92,64760.06,65366.1],""cse"":[91101.72,105534.62,98902.2,137944.64,136286.56],""cnf"":[378799.76,490494.76,388512.36,437579.44,405351.42],""robdd_enumerate"":[122008.0,179411.0,233215.0,246115.0,159010.0],""robdd_naive"":[49272589.0,49000173.0,49013573.0,48700754.0,45431448.0]}",256,True,35202.0,577836.0,3567924.0,1955722.0,0.009866241545503772,0.017999490725164415,"{""packed"":[50903.0,45203.0,34503.0,35202.0,31602.0],""scalar_cnf"":[616739.0,577836.0,626639.0,433527.0,505032.0],""robdd"":[3567924.0,3185100.0,4457080.0,2770574.0,5006814.0],""cadical"":[2268743.0,2693969.0,1955722.0,1811213.0,1859217.0]}",1500,66704,401225,1,True,13917373,159998,8672344,172398,2561161,3504,11676932,41221,3536,16003403,10928985,True,2480,13965476,10222141,True,704,38120090,39648686,True,"{""dropped_satisfied_clauses"":6597,""payload_sha256"":""6290b2259ec2c625b7a4600b4052580ef5b0636e5e5703a2f7043d137c7f792f"",""removed_fixed_false_literals"":2482,""residual_clauses"":264,""residual_literals"":673,""slice_feature_names"":[""F_5BFMUTAA5OARB1AA2ODXJD455GWCYP55"",""F_H5ATWYBAJWJN0VAA15P22H55XROJJW45"",""F_5HGKTL454VBR2DBA55O5DCBAXVX3JCAA"",""F_PCSFPPAA5NKMO55554DBIWBA1LFGWFBA"",""F_WDQ4T1551H15ET555WQ4C3BA15EEVLAA"",""F_5HPX5S551POBZ0BA5FN1BPBATNBSPX45"",""F_P14MAJAA5VDXN2BA45VFYUBAWHPAL5AA"",""F_HXV24K45W2FHXB455CGDJIBAL4JOMDBA"",""F_5TWQT255XYDOYGAAYW0U1S555PSLGTAA"",""F_5OPJ4OBA52O2HYAAC5O4BJ55LJQAGZBA"",""F_OB2W1NBATO2UCI553X5JDEBA0SXRMNBA"",""F_GDVLU355LVABXFAAZOU4OEAA51Y0R455""],""slice_variables"":[706,96,193,92,42,113,86,80,246,77,245,167],""source_clauses"":6861}"
real|FinancialServices01@2017-12-22|hash|k12,real,FinancialServices01@2017-12-22,FinancialServices01,hash,12,29,13,30,0.5517241379310345,1,0.000244140625,7e794f4c08c57bdaefc53eb8ffe1052dfc5c30aacd7626a50d13382e6356801a,True,144509,2362748,515232,dd.cudd,cudd,10352649,169710,13,4590288,133508,13,27717638,"[{""sweep"":0,""seed"":111791556,""nodes"":13,""setup_ns"":4785600,""build_ns"":179911,""order"":[""x4"",""x11"",""x7"",""x6"",""x3"",""x1"",""x10"",""x5"",""x8"",""x9"",""x0"",""x2""]},{""sweep"":1,""seed"":111791557,""nodes"":13,""setup_ns"":5635453,""build_ns"":189912,""order"":[""x9"",""x6"",""x8"",""x3"",""x1"",""x10"",""x11"",""x4"",""x7"",""x5"",""x0"",""x2""]},{""sweep"":2,""seed"":111791558,""nodes"":13,""setup_ns"":5635453,""build_ns"":179312,""order"":[""x5"",""x1"",""x0"",""x8"",""x7"",""x4"",""x3"",""x9"",""x11"",""x6"",""x2"",""x10""]},{""sweep"":3,""seed"":111791559,""nodes"":13,""setup_ns"":4590288,""build_ns"":133508,""order"":[""x10"",""x4"",""x5"",""x8"",""x3"",""x0"",""x2"",""x11"",""x6"",""x7"",""x9"",""x1""]},{""sweep"":4,""seed"":111791560,""nodes"":13,""setup_ns"":5013814,""build_ns"":177711,""order"":[""x1"",""x5"",""x11"",""x6"",""x10"",""x3"",""x4"",""x8"",""x2"",""x9"",""x0"",""x7""]}]",14,15,26,38,32078.0,44448.78,18703.18,158410.0,41423997.0,1.7151094092020716,0.7216845996673025,0.20249984218168046,"{""cm"":[35558.22,32078.0,28419.78,37550.36,26877.68],""cse"":[46048.88,44448.78,31976.0,49633.12,32000.0],""cnf"":[22713.42,22685.42,18703.18,18235.14,18151.14],""robdd_enumerate"":[160310.0,146409.0,113907.0,158410.0,187612.0],""robdd_naive"":[43358219.0,41210884.0,41423997.0,44478389.0,37816671.0]}",256,True,27501.0,378324.0,2338547.0,1588199.0,0.011759866275939718,0.01731584014345809,"{""packed"":[27501.0,28402.0,26702.0,25201.0,27502.0],""scalar_cnf"":[408526.0,346221.0,347222.0,378324.0,397925.0],""robdd"":[2338547.0,2250441.0,2745473.0,2495957.0,2294544.0],""cadical"":[1682105.0,1766310.0,1588199.0,1585500.0,1572098.0]}",1900,65004,411226,1,True,4066855,41774,992662,34802,140309,3104,3831140,41221,2709,15653182,11294408,True,165,14086383,11490920,True,704,51276115,66461867,True,"{""dropped_satisfied_clauses"":6832,""payload_sha256"":""6290b2259ec2c625b7a4600b4052580ef5b0636e5e5703a2f7043d137c7f792f"",""removed_fixed_false_literals"":1864,""residual_clauses"":29,""residual_literals"":30,""slice_feature_names"":[""F_OTEEB045VH0EK3454HEJ1UBA0R2QS355"",""F_Z504WKAAXDZFBOAA5XNKP0455XDMBN55"",""F_WW2FGTBA1PWW0MBA13XROB4545U1MIBA"",""F_U5VYYNAAMJ4RRZ553FE0RLBA5TP45045"",""F_5VFAGCAA4NPLOQBAPPXUGF5500U3I5BA"",""F_P35NFDBA43FBIW553O1OSXAAN4WBD5AA"",""F_5PTCH4454P2XY2AA4NZVKF45TTAM3P55"",""F_P5RSCJAAXFCN1H45KPURQ35555CDIA55"",""F_XF4ZNEAA5PYV0U555UXSUVBAXH0HI255"",""F_3VIVCC451PHGZTAANTZ25A45G4NDH3AA"",""F_VHGMMV550GQ3TR554LVAV255PXYMN055"",""F_X0MS5Y455XSSCJBA533C5T55CRCJ0CBA""],""slice_variables"":[344,117,131,78,108,669,478,139,32,17,328,620],""source_clauses"":6861}"
real|FinancialServices01@2017-12-22|incidence|k16,real,FinancialServices01@2017-12-22,FinancialServices01,incidence,16,274,61,1013,0.7773722627737226,1,1.52587890625e-05,3e270b89ed703daa2698b55ca746c66e959aff6df48999dac7687f3e466e7a85,True,1445291,11252206,4350972,dd.cudd,cudd,3650229,1233778,17,3014989,1176074,17,22480010,"[{""sweep"":0,""seed"":1613707732,""nodes"":17,""setup_ns"":2787974,""build_ns"":1186875,""order"":[""x3"",""x14"",""x11"",""x13"",""x8"",""x5"",""x2"",""x12"",""x10"",""x4"",""x1"",""x15"",""x9"",""x0"",""x7"",""x6""]},{""sweep"":1,""seed"":1613707733,""nodes"":17,""setup_ns"":3505420,""build_ns"":1336984,""order"":[""x5"",""x3"",""x7"",""x1"",""x15"",""x10"",""x11"",""x13"",""x8"",""x12"",""x6"",""x14"",""x0"",""x9"",""x4"",""x2""]},{""sweep"":2,""seed"":1613707734,""nodes"":17,""setup_ns"":3014989,""build_ns"":1176074,""order"":[""x1"",""x13"",""x15"",""x12"",""x6"",""x10"",""x0"",""x3"",""x2"",""x9"",""x5"",""x11"",""x7"",""x8"",""x14"",""x4""]},{""sweep"":3,""seed"":1613707735,""nodes"":17,""setup_ns"":2872480,""build_ns"":1384487,""order"":[""x3"",""x1"",""x10"",""x8"",""x2"",""x15"",""x12"",""x7"",""x0"",""x4"",""x14"",""x13"",""x11"",""x9"",""x6"",""x5""]},{""sweep"":4,""seed"":1613707736,""nodes"":17,""setup_ns"":3272705,""build_ns"":1240278,""order"":[""x8"",""x7"",""x4"",""x1"",""x15"",""x10"",""x12"",""x11"",""x0"",""x14"",""x2"",""x5"",""x13"",""x9"",""x6"",""x3""]}]",103,102,185,220,271297.0,292318.4,3519460.6,174411.0,,0.07708482373691014,0.9280873184855964,1.5555039533056974,"{""cm"":[258166.2,272927.1,271557.0,271297.0,263046.5],""cse"":[292318.4,307459.3,289508.1,345961.6,290018.2],""cnf"":[3577774.3,4101077.2,3333789.0,3519460.6,3507669.9],""robdd_enumerate"":[189812.0,174411.0,166310.0,110807.0,188112.0]}",256,True,25402.0,354722.0,2561961.0,1687606.0,0.009915061158229965,0.015052091542694207,"{""packed"":[25402.0,24902.0,24102.0,25701.0,26001.0],""scalar_cnf"":[477930.0,357822.0,349922.0,354722.0,338821.0],""robdd"":[2704769.0,2538859.0,2606563.0,2453453.0,2561961.0],""cadical"":[1639202.0,1892619.0,1687606.0,1617902.0,1872918.0]}",1900,52003,,,True,16339024,709283,7230654,691395,4069255,52656,5522246,41429,25384,11489320,5668755,True,3534,46308703,5994875,True,936,28455684,32864560,True,"{""dropped_satisfied_clauses"":6587,""payload_sha256"":""6290b2259ec2c625b7a4600b4052580ef5b0636e5e5703a2f7043d137c7f792f"",""removed_fixed_false_literals"":2159,""residual_clauses"":274,""residual_literals"":1013,""slice_feature_names"":[""F_5BFMUTAA5OARB1AA2ODXJD455GWCYP55"",""F_H5ATWYBAJWJN0VAA15P22H55XROJJW45"",""F_5HGKTL454VBR2DBA55O5DCBAXVX3JCAA"",""F_PCSFPPAA5NKMO55554DBIWBA1LFGWFBA"",""F_WDQ4T1551H15ET555WQ4C3BA15EEVLAA"",""F_5HPX5S551POBZ0BA5FN1BPBATNBSPX45"",""F_P14MAJAA5VDXN2BA45VFYUBAWHPAL5AA"",""F_HXV24K45W2FHXB455CGDJIBAL4JOMDBA"",""F_5TWQT255XYDOYGAAYW0U1S555PSLGTAA"",""F_5OPJ4OBA52O2HYAAC5O4BJ55LJQAGZBA"",""F_OB2W1NBATO2UCI553X5JDEBA0SXRMNBA"",""F_GDVLU355LVABXFAAZOU4OEAA51Y0R455"",""F_5NXY454513L0DRAA54VEKM554F1VFY45"",""F_P4WMWLAA41CXZBAAO0CUFKAAVDRDDQ55"",""F_5XOLFNBAXOJDGJAAUKQZZZ454G1GKHAA"",""F_LPNR22555WPGGVBANG2CG3AAXHA2PS45""],""slice_variables"":[706,96,193,92,42,113,86,80,246,77,245,167,248,250,290,291],""source_clauses"":6861}"
real|FinancialServices01@2017-12-22|hash|k16,real,FinancialServices01@2017-12-22,FinancialServices01,hash,16,45,19,48,0.5777777777777777,1,1.52587890625e-05,c9dc4ea8b62efd2cd8abb0418b5a80edf91c621559cee86023f0fce0b52f4895,True,115907,1396988,330721,dd.cudd,cudd,2847279,103506,17,2610264,88005,17,21214530,"[{""sweep"":0,""seed"":1900101210,""nodes"":17,""setup_ns"":3477518,""build_ns"":111607,""order"":[""x10"",""x12"",""x6"",""x3"",""x7"",""x11"",""x14"",""x15"",""x9"",""x2"",""x8"",""x0"",""x1"",""x4"",""x13"",""x5""]},{""sweep"":1,""seed"":1900101211,""nodes"":17,""setup_ns"":3301107,""build_ns"":103607,""order"":[""x1"",""x3"",""x0"",""x8"",""x6"",""x10"",""x11"",""x13"",""x9"",""x15"",""x7"",""x4"",""x14"",""x2"",""x12"",""x5""]},{""sweep"":2,""seed"":1900101212,""nodes"":17,""setup_ns"":2821877,""build_ns"":140909,""order"":[""x6"",""x15"",""x14"",""x1"",""x11"",""x8"",""x4"",""x0"",""x5"",""x3"",""x10"",""x9"",""x2"",""x13"",""x7"",""x12""]},{""sweep"":3,""seed"":1900101213,""nodes"":17,""setup_ns"":2610264,""build_ns"":88005,""order"":[""x12"",""x13"",""x10"",""x11"",""x15"",""x8"",""x9"",""x14"",""x3"",""x7"",""x4"",""x6"",""x1"",""x0"",""x5"",""x2""]},{""sweep"":4,""seed"":1900101214,""nodes"":17,""setup_ns"":7863793,""build_ns"":121608,""order"":[""x13"",""x12"",""x9"",""x10"",""x1"",""x8"",""x14"",""x11"",""x6"",""x3"",""x5"",""x15"",""x7"",""x4"",""x0"",""x2""]}]",19,20,38,57,54313.4,72394.5,208053.0,74505.0,,0.26105559641053,0.7502420764008316,0.7289900006710959,"{""cm"":[67994.3,54313.4,48683.1,49843.1,58843.7],""cse"":[75244.7,72394.5,69184.3,70494.4,76774.8],""cnf"":[208053.0,207843.0,206233.0,210043.2,217143.6],""robdd_enumerate"":[74505.0,81005.0,66304.0,107807.0,72304.0]}",256,True,48603.0,397825.0,2767674.0,1730209.0,0.017560955517159898,0.028090826021596235,"{""packed"":[49903.0,40203.0,56704.0,48603.0,46603.0],""scalar_cnf"":[363023.0,401725.0,398925.0,397825.0,361122.0],""robdd"":[2655966.0,2767674.0,2764573.0,2840278.0,2888481.0],""cadical"":[1727309.0,1790612.0,1805114.0,1696206.0,1730209.0]}",2400,55703,,,True,3200601,201635,1036065,193771,422027,48428,3936847,41429,18672,18365051,5683857,True,261,7347061,5844866,True,936,30402007,42717978,True,"{""dropped_satisfied_clauses"":6816,""payload_sha256"":""6290b2259ec2c625b7a4600b4052580ef5b0636e5e5703a2f7043d137c7f792f"",""removed_fixed_false_literals"":1867,""residual_clauses"":45,""residual_literals"":48,""slice_feature_names"":[""F_OTEEB045VH0EK3454HEJ1UBA0R2QS355"",""F_Z504WKAAXDZFBOAA5XNKP0455XDMBN55"",""F_WW2FGTBA1PWW0MBA13XROB4545U1MIBA"",""F_U5VYYNAAMJ4RRZ553FE0RLBA5TP45045"",""F_5VFAGCAA4NPLOQBAPPXUGF5500U3I5BA"",""F_P35NFDBA43FBIW553O1OSXAAN4WBD5AA"",""F_5PTCH4454P2XY2AA4NZVKF45TTAM3P55"",""F_P5RSCJAAXFCN1H45KPURQ35555CDIA55"",""F_XF4ZNEAA5PYV0U555UXSUVBAXH0HI255"",""F_3VIVCC451PHGZTAANTZ25A45G4NDH3AA"",""F_VHGMMV550GQ3TR554LVAV255PXYMN055"",""F_X0MS5Y455XSSCJBA533C5T55CRCJ0CBA"",""F_5JTYHG45X5GANH45PWETUM45LY3DICAA"",""F_5XW15RAA3MATHZ455P2A1D553KFA12BA"",""F_PDLNMUBA0W45SHBALTPJ2K554PBE1K45"",""F_XVAWMUAALG23C2AATACPXB455HYZY245""],""slice_variables"":[344,117,131,78,108,669,478,139,32,17,328,620,53,62,562,673],""source_clauses"":6861}"
real|FinancialServices01@2018-01-23|incidence|k8,real,FinancialServices01@2018-01-23,FinancialServices01,incidence,8,256,11,582,0.95703125,1,0.00390625,7e8bbd09e5c09de409cdf71c4b39f59b350b4b5dec4a45d0b6127fdf873b4602,True,832852,2145035,1213376,dd.cudd,cudd,2973287,743346,9,2513358,537934,9,16645843,"[{""sweep"":0,""seed"":1224819129,""nodes"":9,""setup_ns"":2709570,""build_ns"":658341,""order"":[""x1"",""x3"",""x6"",""x0"",""x2"",""x7"",""x5"",""x4""]},{""sweep"":1,""seed"":1224819130,""nodes"":9,""setup_ns"":2663767,""build_ns"":560936,""order"":[""x0"",""x1"",""x3"",""x4"",""x2"",""x5"",""x6"",""x7""]},{""sweep"":2,""seed"":1224819131,""nodes"":9,""setup_ns"":2473655,""build_ns"":547735,""order"":[""x5"",""x4"",""x3"",""x6"",""x2"",""x7"",""x0"",""x1""]},{""sweep"":3,""seed"":1224819132,""nodes"":9,""setup_ns"":2513358,""build_ns"":537934,""order"":[""x0"",""x2"",""x5"",""x1"",""x3"",""x6"",""x4"",""x7""]},{""sweep"":4,""seed"":1224819133,""nodes"":9,""setup_ns"":2834777,""build_ns"":587836,""order"":[""x0"",""x7"",""x4"",""x2"",""x5"",""x3"",""x1"",""x6""]}]",17,24,33,67,29393.84,55072.955,112282.54,158610.0,1677105.0,0.26178460159522576,0.5337254919406449,0.185321480360633,"{""cm"":[29170.33,29038.82,29393.84,31066.45,29886.875],""cse"":[54615.42,55072.955,55398.975,59390.225,53286.34],""cnf"":[101693.875,112282.54,115939.27,111020.96,112823.07],""robdd_enumerate"":[158610.0,150909.0,263417.0,147010.0,178611.0],""robdd_naive"":[1862917.0,1521695.0,1888618.0,1677105.0,1643803.0]}",256,True,25501.0,489830.0,1377786.0,1427790.0,0.018508679867555628,0.017860469676913272,"{""packed"":[26502.0,25501.0,25001.0,24002.0,25802.0],""scalar_cnf"":[482830.0,451228.0,516432.0,511132.0,489830.0],""robdd"":[1469892.0,1291281.0,1377786.0,1294481.0,1798812.0],""cadical"":[1427790.0,1526895.0,1329483.0,1282780.0,1448591.0]}",1000,35402,286918,1,True,4738597,104472,3107995,126448,610138,508,4839403,40951,1866,9444992,6245391,True,2184,46922742,6215589,True,478,30694324,28261472,True,"{""dropped_satisfied_clauses"":6427,""payload_sha256"":""85773f382ff330512a5ae586e396edd313df03217909f995bc05c567876ef5ca"",""removed_fixed_false_literals"":2608,""residual_clauses"":256,""residual_literals"":582,""slice_feature_names"":[""F_5BFMUTAA5OARB1AA2ODXJD455GWCYP55"",""F_H5ATWYBAJWJN0VAA15P22H55XROJJW45"",""F_X3R5CL45UX2FCU451OQPFEBA0HO44EBA"",""F_PCSFPPAA5NKMO55554DBIWBA1LFGWFBA"",""F_WDQ4T1551H15ET555WQ4C3BA15EEVLAA"",""F_P14MAJAA5VDXN2BA45VFYUBAWHPAL5AA"",""F_HXV24K45W2FHXB455CGDJIBAL4JOMDBA"",""F_5TWQT255XYDOYGAAYW0U1S555PSLGTAA""],""slice_variables"":[702,69,189,65,95,59,53,242],""source_clauses"":6683}"
real|FinancialServices01@2018-01-23|hash|k8,real,FinancialServices01@2018-01-23,FinancialServices01,hash,8,32,8,32,0.75,1,0.00390625,56fd25956f759e64e853071ff01587c364eaf6286c97da600e0be78c701637db,True,67005,835452,195612,dd.cudd,cudd,3522121,93306,9,2981587,58804,9,15812292,"[{""sweep"":0,""seed"":1526173719,""nodes"":9,""setup_ns"":3461717,""build_ns"":65104,""order"":[""x2"",""x7"",""x5"",""x0"",""x6"",""x4"",""x3"",""x1""]},{""sweep"":1,""seed"":1526173720,""nodes"":9,""setup_ns"":2981587,""build_ns"":58804,""order"":[""x0"",""x3"",""x5"",""x2"",""x1"",""x6"",""x4"",""x7""]},{""sweep"":2,""seed"":1526173721,""nodes"":9,""setup_ns"":2664567,""build_ns"":58804,""order"":[""x0"",""x6"",""x7"",""x5"",""x4"",""x1"",""x3"",""x2""]},{""sweep"":3,""seed"":1526173722,""nodes"":9,""setup_ns"":3012089,""build_ns"":69504,""order"":[""x4"",""x2"",""x5"",""x1"",""x7"",""x6"",""x3"",""x0""]},{""sweep"":4,""seed"":1526173723,""nodes"":9,""setup_ns"":2845778,""build_ns"":68904,""order"":[""x0"",""x1"",""x3"",""x6"",""x5"",""x4"",""x2"",""x7""]}]",8,10,14,36,12349.775,27140.705,8411.03,100906.0,1539697.0,1.46828331369642,0.45502778944025213,0.12238890650704616,"{""cm"":[11711.735,12659.795,11937.25,12526.285,12349.775],""cse"":[26489.16,28394.78,27824.745,27140.705,26893.69],""cnf"":[8508.535,8337.525,8571.54,8166.51,8411.03],""robdd_enumerate"":[49403.0,101306.0,137208.0,96906.0,100906.0],""robdd_naive"":[1425289.0,1528196.0,1555398.0,1539697.0,1595900.0]}",256,True,28202.0,399625.0,1361485.0,1360585.0,0.0207141466854207,0.020727848682735736,"{""packed"":[25601.0,24801.0,28202.0,46503.0,38302.0],""scalar_cnf"":[400526.0,396424.0,399625.0,392225.0,432827.0],""robdd"":[1361485.0,1413189.0,1338084.0,1334283.0,1416589.0],""cadical"":[1360585.0,1330184.0,1363486.0,1344684.0,1440791.0]}",800,36703,177911,1,True,1782511,32524,731046,31852,73205,480,3213302,40951,1110,8574038,6098982,True,169,7568574,5610851,True,478,28875210,29601456,True,"{""dropped_satisfied_clauses"":6651,""payload_sha256"":""85773f382ff330512a5ae586e396edd313df03217909f995bc05c567876ef5ca"",""removed_fixed_false_literals"":1828,""residual_clauses"":32,""residual_literals"":32,""slice_feature_names"":[""F_VPCRML451FKE1MAA4TUHVJAA5ZPLZI55"",""F_5HTYA545PXB5DJ554HO2DWBAF5T0UTAA"",""F_15QCMNBAWMMFUAAA4XX1FY45X5O1PIAA"",""F_JGA3UT45MDGJH3BA0X4SBGBA5ZRKZWBA"",""F_1PMMWZ55OHSQWT55XLATU1BAPTS1UYBA"",""F_SPCYPWAAXFBYSE455G05EZBA2TORHN55"",""F_H4WV3X554HE1GA55HDTWE45553QVRD45"",""F_5V051N455XJ5JPAA530GAY45ONWD2Y45""],""slice_variables"":[517,394,37,695,568,664,338,312],""source_clauses"":6683}"
real|FinancialServices01@2018-01-23|incidence|k12,real,FinancialServices01@2018-01-23,FinancialServices01,incidence,12,265,25,757,0.9056603773584906,1,0.000244140625,a5c8cf78def359c7258b4a5bb8f59c7e50ee12d2c14387cd7178b60b7c5eddc0,True,1184875,5089719,2143334,dd.cudd,cudd,3222003,962560,13,2811376,846153,13,20222668,"[{""sweep"":0,""seed"":1669113993,""nodes"":13,""setup_ns"":3099594,""build_ns"":931559,""order"":[""x7"",""x10"",""x2"",""x8"",""x3"",""x1"",""x9"",""x4"",""x5"",""x11"",""x0"",""x6""]},{""sweep"":1,""seed"":1669113994,""nodes"":13,""setup_ns"":3031590,""build_ns"":893656,""order"":[""x0"",""x6"",""x5"",""x11"",""x7"",""x8"",""x1"",""x10"",""x3"",""x2"",""x9"",""x4""]},{""sweep"":2,""seed"":1669113995,""nodes"":13,""setup_ns"":3051391,""build_ns"":939259,""order"":[""x5"",""x10"",""x1"",""x4"",""x0"",""x11"",""x3"",""x2"",""x6"",""x8"",""x7"",""x9""]},{""sweep"":3,""seed"":1669113996,""nodes"":13,""setup_ns"":2977386,""build_ns"":1061967,""order"":[""x0"",""x2"",""x4"",""x8"",""x10"",""x5"",""x6"",""x11"",""x7"",""x3"",""x1"",""x9""]},{""sweep"":4,""seed"":1669113997,""nodes"":13,""setup_ns"":2811376,""build_ns"":846153,""order"":[""x1"",""x7"",""x2"",""x4"",""x0"",""x5"",""x11"",""x9"",""x8"",""x6"",""x10"",""x3""]}]",37,59,71,151,65856.14,129176.1,336111.06,166711.0,31571780.0,0.19593565293566953,0.5098167540280284,0.39503176155142733,"{""cm"":[65856.14,82517.16,64102.02,64390.04,73616.62],""cse"":[129706.14,184777.6,124933.84,129176.1,117537.38],""cnf"":[382645.98,360400.6,326606.48,333244.9,336111.06],""robdd_enumerate"":[169010.0,185012.0,155410.0,166711.0,138309.0],""robdd_naive"":[30758128.0,32313526.0,31571780.0,32445534.0,30731727.0]}",256,True,36503.0,545634.0,2916783.0,1975524.0,0.012514815123373936,0.018477629226473585,"{""packed"":[69604.0,25902.0,25402.0,50204.0,36503.0],""scalar_cnf"":[677243.0,537333.0,523033.0,577336.0,545634.0],""robdd"":[4212864.0,2583362.0,3745635.0,2916783.0,2858480.0],""cadical"":[2250041.0,1620302.0,1586499.0,1975524.0,2048428.0]}",1101,51003,300719,1,True,8614740,162422,5087319,202982,869755,3572,4801801,41221,4595,10194839,6795427,True,2736,8821754,6615114,True,704,26747977,37122928,True,"{""dropped_satisfied_clauses"":6418,""payload_sha256"":""85773f382ff330512a5ae586e396edd313df03217909f995bc05c567876ef5ca"",""removed_fixed_false_literals"":2341,""residual_clauses"":265,""residual_literals"":757,""slice_feature_names"":[""F_5BFMUTAA5OARB1AA2ODXJD455GWCYP55"",""F_H5ATWYBAJWJN0VAA15P22H55XROJJW45"",""F_X3R5CL45UX2FCU451OQPFEBA0HO44EBA"",""F_PCSFPPAA5NKMO55554DBIWBA1LFGWFBA"",""F_WDQ4T1551H15ET555WQ4C3BA15EEVLAA"",""F_P14MAJAA5VDXN2BA45VFYUBAWHPAL5AA"",""F_HXV24K45W2FHXB455CGDJIBAL4JOMDBA"",""F_5TWQT255XYDOYGAAYW0U1S555PSLGTAA"",""F_5OPJ4OBA52O2HYAAC5O4BJ55LJQAGZBA"",""F_OB2W1NBATO2UCI553X5JDEBA0SXRMNBA"",""F_GDVLU355LVABXFAAZOU4OEAA51Y0R455"",""F_5NXY454513L0DRAA54VEKM554F1VFY45""],""slice_variables"":[702,69,189,65,95,59,53,242,50,241,116,244],""source_clauses"":6683}"
real|FinancialServices01@2018-01-23|hash|k12,real,FinancialServices01@2018-01-23,FinancialServices01,hash,12,40,12,40,0.7,1,0.000244140625,6138f12e519a775284d1027f1bc1d60abd422433450725ce2715c78305fa8562,True,67104,1514394,215814,dd.cudd,cudd,2903482,93206,13,2853179,73404,13,15875696,"[{""sweep"":0,""seed"":681919559,""nodes"":13,""setup_ns"":2842478,""build_ns"":74705,""order"":[""x9"",""x0"",""x8"",""x11"",""x6"",""x3"",""x1"",""x2"",""x10"",""x7"",""x5"",""x4""]},{""sweep"":1,""seed"":681919560,""nodes"":13,""setup_ns"":3147698,""build_ns"":82205,""order"":[""x3"",""x2"",""x10"",""x9"",""x7"",""x11"",""x0"",""x6"",""x4"",""x1"",""x5"",""x8""]},{""sweep"":2,""seed"":681919561,""nodes"":13,""setup_ns"":2853179,""build_ns"":73404,""order"":[""x7"",""x6"",""x3"",""x8"",""x9"",""x2"",""x4"",""x11"",""x10"",""x0"",""x5"",""x1""]},{""sweep"":3,""seed"":681919562,""nodes"":13,""setup_ns"":2938585,""build_ns"":119207,""order"":[""x2"",""x9"",""x3"",""x7"",""x5"",""x10"",""x0"",""x6"",""x1"",""x8"",""x11"",""x4""]},{""sweep"":4,""seed"":681919563,""nodes"":13,""setup_ns"":3045091,""build_ns"":85905,""order"":[""x2"",""x8"",""x0"",""x5"",""x11"",""x6"",""x1"",""x10"",""x7"",""x3"",""x4"",""x9""]}]",13,16,23,46,20481.28,37022.32,23805.5,116507.0,31862798.0,0.860359160698158,0.5532143852681302,0.17579441578617594,"{""cm"":[20315.28,18661.16,23233.46,20481.28,25597.6],""cse"":[37022.32,37642.36,35834.26,34408.16,42684.68],""cnf"":[22631.42,23957.52,21141.34,23805.5,25387.6],""robdd_enumerate"":[113507.0,116507.0,112607.0,127808.0,168810.0],""robdd_naive"":[32029009.0,31777292.0,34073636.0,31283862.0,31862798.0]}",256,True,24801.0,389124.0,1944122.0,1506395.0,0.012756915461066744,0.016463809293047308,"{""packed"":[24801.0,47903.0,25702.0,23702.0,23902.0],""scalar_cnf"":[426827.0,510932.0,382824.0,382024.0,389124.0],""robdd"":[1942722.0,2162636.0,2138534.0,1944122.0,1863017.0],""cadical"":[1523896.0,1506395.0,1611501.0,1451791.0,1488793.0]}",1000,36602,145810,1,True,2157535,42357,750347,38098,74404,3072,3319108,41221,2615,9112671,6395401,True,217,7876394,5792464,True,704,26158440,27902949,True,"{""dropped_satisfied_clauses"":6643,""payload_sha256"":""85773f382ff330512a5ae586e396edd313df03217909f995bc05c567876ef5ca"",""removed_fixed_false_literals"":1810,""residual_clauses"":40,""residual_literals"":40,""slice_feature_names"":[""F_VPCRML451FKE1MAA4TUHVJAA5ZPLZI55"",""F_5HTYA545PXB5DJ554HO2DWBAF5T0UTAA"",""F_15QCMNBAWMMFUAAA4XX1FY45X5O1PIAA"",""F_JGA3UT45MDGJH3BA0X4SBGBA5ZRKZWBA"",""F_1PMMWZ55OHSQWT55XLATU1BAPTS1UYBA"",""F_SPCYPWAAXFBYSE455G05EZBA2TORHN55"",""F_H4WV3X554HE1GA55HDTWE45553QVRD45"",""F_5V051N455XJ5JPAA530GAY45ONWD2Y45"",""F_5XD0VYBAFGXSBG451NRP13BA5NDVZ5BA"",""F_55B13KAAHH3R2D4540FMLW551PG0AI55"",""F_0G3JZT45FUBLVD45PV4OUCAA0W2VFI45"",""F_1PF0PFAAXGD1WO5505GEVYBA4NKLNS45""],""slice_variables"":[517,394,37,695,568,664,338,312,204,80,560,296],""source_clauses"":6683}"
real|FinancialServices01@2018-01-23|incidence|k16,real,FinancialServices01@2018-01-23,FinancialServices01,incidence,16,275,99,1097,0.64,1,1.52587890625e-05,3e270b89ed703daa2698b55ca746c66e959aff6df48999dac7687f3e466e7a85,True,1149172,10049331,3079193,dd.cudd,cudd,2850579,1314282,17,2626464,1212876,17,26289248,"[{""sweep"":0,""seed"":1840039196,""nodes"":17,""setup_ns"":2565561,""build_ns"":1321182,""order"":[""x5"",""x15"",""x11"",""x10"",""x1"",""x6"",""x13"",""x3"",""x2"",""x14"",""x7"",""x9"",""x0"",""x4"",""x12"",""x8""]},{""sweep"":1,""seed"":1840039197,""nodes"":17,""setup_ns"":3473118,""build_ns"":1272780,""order"":[""x15"",""x14"",""x12"",""x7"",""x3"",""x5"",""x9"",""x10"",""x2"",""x4"",""x1"",""x6"",""x11"",""x13"",""x0"",""x8""]},{""sweep"":2,""seed"":1840039198,""nodes"":17,""setup_ns"":2626464,""build_ns"":1212876,""order"":[""x9"",""x5"",""x14"",""x3"",""x15"",""x10"",""x7"",""x11"",""x13"",""x6"",""x12"",""x4"",""x0"",""x8"",""x1"",""x2""]},{""sweep"":3,""seed"":1840039199,""nodes"":17,""setup_ns"":2689869,""build_ns"":1214776,""order"":[""x13"",""x2"",""x8"",""x10"",""x7"",""x3"",""x5"",""x15"",""x6"",""x9"",""x1"",""x11"",""x12"",""x14"",""x0"",""x4""]},{""sweep"":4,""seed"":1840039200,""nodes"":17,""setup_ns"":7931597,""build_ns"":1403088,""order"":[""x6"",""x2"",""x3"",""x1"",""x5"",""x12"",""x13"",""x11"",""x7"",""x15"",""x9"",""x14"",""x10"",""x0"",""x8"",""x4""]}]",172,171,281,335,397574.9,445477.9,3602075.8,215214.0,,0.11037382944578791,0.8924682907951214,1.8473468268792923,"{""cm"":[497561.2,374573.5,397574.9,392044.6,460518.9],""cse"":[445477.9,481840.2,429676.9,456328.6,432287.1],""cnf"":[4117858.2,3602075.8,3583344.7,3570103.9,3620547.0],""robdd_enumerate"":[231315.0,111607.0,215214.0,205813.0,393024.0]}",256,True,26002.0,359522.0,2559860.0,1649604.0,0.01015758674302501,0.015762570895802873,"{""packed"":[24802.0,26002.0,26101.0,26201.0,22301.0],""scalar_cnf"":[359423.0,359522.0,366223.0,362523.0,358623.0],""robdd"":[2792675.0,2471055.0,2328446.0,2605963.0,2559860.0],""cadical"":[1571598.0,1649604.0,1911920.0,1827115.0,1587700.0]}",1800,52403,,,True,25687000,891275,8876214,886067,5604462,52724,6056283,41429,30728,12777998,7534552,True,3791,9438441,7047729,True,936,36058984,36182690,True,"{""dropped_satisfied_clauses"":6408,""payload_sha256"":""85773f382ff330512a5ae586e396edd313df03217909f995bc05c567876ef5ca"",""removed_fixed_false_literals"":2017,""residual_clauses"":275,""residual_literals"":1097,""slice_feature_names"":[""F_5BFMUTAA5OARB1AA2ODXJD455GWCYP55"",""F_H5ATWYBAJWJN0VAA15P22H55XROJJW45"",""F_X3R5CL45UX2FCU451OQPFEBA0HO44EBA"",""F_PCSFPPAA5NKMO55554DBIWBA1LFGWFBA"",""F_WDQ4T1551H15ET555WQ4C3BA15EEVLAA"",""F_P14MAJAA5VDXN2BA45VFYUBAWHPAL5AA"",""F_HXV24K45W2FHXB455CGDJIBAL4JOMDBA"",""F_5TWQT255XYDOYGAAYW0U1S555PSLGTAA"",""F_5OPJ4OBA52O2HYAAC5O4BJ55LJQAGZBA"",""F_OB2W1NBATO2UCI553X5JDEBA0SXRMNBA"",""F_GDVLU355LVABXFAAZOU4OEAA51Y0R455"",""F_5NXY454513L0DRAA54VEKM554F1VFY45"",""F_P4WMWLAA41CXZBAAO0CUFKAAVDRDDQ55"",""F_5XOLFNBAXOJDGJAAUKQZZZ454G1GKHAA"",""F_LPNR22555WPGGVBANG2CG3AAXHA2PS45"",""F_RPMNOLAAPN4LEOAAOLQVLX5505DZ4T45""],""slice_variables"":[702,69,189,65,95,59,53,242,50,241,116,244,246,286,287,288],""source_clauses"":6683}"
real|FinancialServices01@2018-01-23|hash|k16,real,FinancialServices01@2018-01-23,FinancialServices01,hash,16,54,18,56,0.6666666666666667,1,1.52587890625e-05,0781a01d6d3d7f0d6ecc4d66d44083d48fea9f9ec1732fefc8a27c1ead8bfee2,True,144407,1801184,481923,dd.cudd,cudd,2756029,150807,17,2768329,91105,17,15531125,"[{""sweep"":0,""seed"":1188012731,""nodes"":17,""setup_ns"":3090844,""build_ns"":99005,""order"":[""x14"",""x3"",""x0"",""x6"",""x2"",""x5"",""x4"",""x1"",""x9"",""x11"",""x12"",""x7"",""x8"",""x15"",""x13"",""x10""]},{""sweep"":1,""seed"":1188012732,""nodes"":17,""setup_ns"":2943938,""build_ns"":96204,""order"":[""x8"",""x15"",""x4"",""x7"",""x9"",""x5"",""x11"",""x14"",""x13"",""x6"",""x10"",""x2"",""x1"",""x3"",""x12"",""x0""]},{""sweep"":2,""seed"":1188012733,""nodes"":17,""setup_ns"":2768329,""build_ns"":91105,""order"":[""x5"",""x11"",""x7"",""x14"",""x8"",""x10"",""x1"",""x13"",""x9"",""x3"",""x0"",""x2"",""x12"",""x4"",""x6"",""x15""]},{""sweep"":3,""seed"":1188012734,""nodes"":17,""setup_ns"":2894735,""build_ns"":170608,""order"":[""x7"",""x2"",""x10"",""x13"",""x0"",""x8"",""x14"",""x6"",""x1"",""x9"",""x4"",""x15"",""x5"",""x12"",""x3"",""x11""]},{""sweep"":4,""seed"":1188012735,""nodes"":17,""setup_ns"":2725927,""build_ns"":107005,""order"":[""x10"",""x4"",""x13"",""x1"",""x9"",""x14"",""x3"",""x2"",""x12"",""x15"",""x0"",""x11"",""x8"",""x5"",""x7"",""x6""]}]",17,19,33,67,44912.1,77653.6,252131.7,99904.0,,0.17812952516482455,0.5783646862476434,0.4495525704676489,"{""cm"":[43722.1,44292.1,54132.5,44912.1,49302.3],""cse"":[76253.5,72693.4,79353.7,78203.6,77653.6],""cnf"":[246071.5,251531.8,268232.5,252131.7,257972.1],""robdd_enumerate"":[321615.0,99904.0,105105.0,88405.0,57703.0]}",256,True,35402.0,361016.0,2648223.0,1655977.0,0.013368209550328655,0.021378316244730453,"{""packed"":[38102.0,35402.0,35801.0,25302.0,31501.0],""scalar_cnf"":[362417.0,361016.0,358317.0,445720.0,351917.0],""robdd"":[2648223.0,2487516.0,2704226.0,2530019.0,2712127.0],""cadical"":[1666377.0,1655977.0,1710480.0,1609575.0,1652977.0]}",1801,40201,,,True,3268953,185651,975745,194987,483823,51636,3249052,41429,18485,11481436,6295094,True,306,7707860,5366651,True,936,32098599,34633119,True,"{""dropped_satisfied_clauses"":6629,""payload_sha256"":""85773f382ff330512a5ae586e396edd313df03217909f995bc05c567876ef5ca"",""removed_fixed_false_literals"":1839,""residual_clauses"":54,""residual_literals"":56,""slice_feature_names"":[""F_VPCRML451FKE1MAA4TUHVJAA5ZPLZI55"",""F_5HTYA545PXB5DJ554HO2DWBAF5T0UTAA"",""F_15QCMNBAWMMFUAAA4XX1FY45X5O1PIAA"",""F_JGA3UT45MDGJH3BA0X4SBGBA5ZRKZWBA"",""F_1PMMWZ55OHSQWT55XLATU1BAPTS1UYBA"",""F_SPCYPWAAXFBYSE455G05EZBA2TORHN55"",""F_H4WV3X554HE1GA55HDTWE45553QVRD45"",""F_5V051N455XJ5JPAA530GAY45ONWD2Y45"",""F_5XD0VYBAFGXSBG451NRP13BA5NDVZ5BA"",""F_55B13KAAHH3R2D4540FMLW551PG0AI55"",""F_0G3JZT45FUBLVD45PV4OUCAA0W2VFI45"",""F_1PF0PFAAXGD1WO5505GEVYBA4NKLNS45"",""F_31T3RABA5XVINZ45531GWFBAX5JCDC45"",""F_5YD1BMAA4X5TXGAA340GZX455HI1KM45"",""F_PE1CAP45PT0XAMAA5LUXGOBA35H4M345"",""F_WRQM1345TIB0X2555XKONJAA5PADFB45""],""slice_variables"":[517,394,37,695,568,664,338,312,204,80,560,296,4,78,548,335],""source_clauses"":6683}"
real|FinancialServices01@2018-04-23|incidence|k8,real,FinancialServices01@2018-04-23,FinancialServices01,incidence,8,276,10,520,0.9637681159420289,1,0.00390625,909f22c2b34103bf854580c5f2c4f64c2520aa57b492e422d1801a160b6c6e67,True,606628,1824685,1057950,dd.cudd,cudd,3344156,876741,9,3390659,743135,9,21517905,"[{""sweep"":0,""seed"":1825753860,""nodes"":9,""setup_ns"":3688072,""build_ns"":786237,""order"":[""x0"",""x7"",""x3"",""x2"",""x4"",""x5"",""x1"",""x6""]},{""sweep"":1,""seed"":1825753861,""nodes"":9,""setup_ns"":3390659,""build_ns"":743135,""order"":[""x7"",""x5"",""x0"",""x1"",""x4"",""x3"",""x6"",""x2""]},{""sweep"":2,""seed"":1825753862,""nodes"":9,""setup_ns"":3523664,""build_ns"":781137,""order"":[""x5"",""x3"",""x6"",""x2"",""x1"",""x7"",""x4"",""x0""]},{""sweep"":3,""seed"":1825753863,""nodes"":9,""setup_ns"":3239452,""build_ns"":777436,""order"":[""x6"",""x1"",""x7"",""x2"",""x0"",""x4"",""x5"",""x3""]},{""sweep"":4,""seed"":1825753864,""nodes"":9,""setup_ns"":3217450,""build_ns"":761736,""order"":[""x1"",""x7"",""x5"",""x6"",""x0"",""x3"",""x2"",""x4""]}]",10,20,18,44,17605.325,38151.28,104641.39,161708.0,1740681.0,0.16824437251836966,0.46146092608164135,0.1088710824449007,"{""cm"":[21333.0,17605.325,15140.705,13940.15,24938.665],""cse"":[49446.81,38151.28,33696.575,36507.705,56480.64],""cnf"":[101998.265,111188.7,100801.21,104641.39,153408.17],""robdd_enumerate"":[41802.0,145306.0,161708.0,162208.0,172908.0],""robdd_naive"":[1820585.0,1584474.0,1740681.0,1407566.0,2045396.0]}",256,True,23501.0,457321.0,1313361.0,1201756.0,0.01789378548624483,0.01955555037794694,"{""packed"":[23001.0,23501.0,23402.0,23501.0,25601.0],""scalar_cnf"":[434420.0,457321.0,440320.0,546426.0,508723.0],""robdd"":[1207957.0,1313361.0,1255659.0,1416166.0,1371465.0],""cadical"":[1177055.0,1198756.0,1201756.0,1297661.0,1269059.0]}",1000,50403,288313,1,True,4642717,99472,2979639,114456,516424,512,4582514,40951,1272,8617903,6038082,True,2112,7529052,5444054,True,478,24854161,39824260,True,"{""dropped_satisfied_clauses"":6858,""payload_sha256"":""a9805eecae4fe259510b4bc90303b1f38c530c3268bdec4f6954539bb788ebff"",""removed_fixed_false_literals"":3309,""residual_clauses"":276,""residual_literals"":520,""slice_feature_names"":[""F_5BFMUTAA5OARB1AA2ODXJD455GWCYP55"",""F_H5ATWYBAJWJN0VAA15P22H55XROJJW45"",""F_X3R5CL45UX2FCU451OQPFEBA0HO44EBA"",""F_PCSFPPAA5NKMO55554DBIWBA1LFGWFBA"",""F_WDQ4T1551H15ET555WQ4C3BA15EEVLAA"",""F_3XM0NE55VGMNMQAA3V4XAPBA1PQXTHAA"",""F_P14MAJAA5VDXN2BA45VFYUBAWHPAL5AA"",""F_HXV24K45W2FHXB455CGDJIBAL4JOMDBA""],""slice_variables"":[758,76,203,72,112,127,66,60],""source_clauses"":7134}"
real|FinancialServices01@2018-04-23|hash|k8,real,FinancialServices01@2018-04-23,FinancialServices01,hash,8,33,7,33,0.7878787878787878,2,0.0078125,3439ba20e7335d9d829f183fee6df2f0a5e06db74140d52c03a553d18023891e,True,62503,664431,210310,dd.cudd,cudd,2886435,68903,8,2755629,62903,8,15437021,"[{""sweep"":0,""seed"":20336819,""nodes"":8,""setup_ns"":3222650,""build_ns"":68803,""order"":[""x0"",""x7"",""x4"",""x6"",""x2"",""x5"",""x3"",""x1""]},{""sweep"":1,""seed"":20336820,""nodes"":8,""setup_ns"":2890235,""build_ns"":66603,""order"":[""x7"",""x0"",""x4"",""x3"",""x6"",""x2"",""x5"",""x1""]},{""sweep"":2,""seed"":20336821,""nodes"":8,""setup_ns"":2881635,""build_ns"":72904,""order"":[""x2"",""x6"",""x4"",""x3"",""x1"",""x5"",""x7"",""x0""]},{""sweep"":3,""seed"":20336822,""nodes"":8,""setup_ns"":2837432,""build_ns"":64403,""order"":[""x7"",""x2"",""x4"",""x5"",""x3"",""x1"",""x0"",""x6""]},{""sweep"":4,""seed"":20336823,""nodes"":8,""setup_ns"":2755629,""build_ns"":62903,""order"":[""x2"",""x0"",""x1"",""x5"",""x4"",""x7"",""x3"",""x6""]}]",9,13,15,33,12629.59,25568.195,8099.88,116605.0,1478669.0,1.5592317417048154,0.49395704311548,0.10831087860726384,"{""cm"":[12791.595,11575.04,13559.135,12629.59,12081.565],""cse"":[25275.68,23008.075,25568.195,25945.215,28148.815],""cnf"":[8013.375,7895.365,8099.88,8771.91,8421.895],""robdd_enumerate"":[91804.0,96905.0,127506.0,116605.0,144407.0],""robdd_naive"":[1399466.0,1453468.0,1487769.0,1524071.0,1478669.0]}",256,True,26102.0,378818.0,1415666.0,1362563.0,0.01843796488719797,0.01915654542211993,"{""packed"":[25401.0,26501.0,28101.0,26102.0,26101.0],""scalar_cnf"":[362917.0,406519.0,371318.0,410720.0,378818.0],""robdd"":[1415666.0,1524571.0,1347163.0,1478169.0,1389165.0],""cadical"":[1323962.0,1394965.0,1526171.0,1362563.0,1333062.0]}",1000,34501,159508,2,True,1847186,31457,760335,28777,77204,464,3661071,40951,1133,9768557,7132233,True,176,9419440,6762316,True,432,29596683,30185911,True,"{""dropped_satisfied_clauses"":7101,""payload_sha256"":""a9805eecae4fe259510b4bc90303b1f38c530c3268bdec4f6954539bb788ebff"",""removed_fixed_false_literals"":2722,""residual_clauses"":33,""residual_literals"":33,""slice_feature_names"":[""F_5DO2GL551X2V0L451VTT5I55YIARNOBA"",""F_5C1P1U553PDTX5454XUJWX45GV5FNQBA"",""F_1P2R2X455M3I1Y553X0FKZ5515B1NS55"",""F_HXC2GABA5XCKYN553DEADABAX5U5WE45"",""F_U5LHOV55MPG1TK45U5WLVJ454JIMAU45"",""F_3PP3AH555GP3PYAAP53IYPAA5UZWB055"",""F_WEN5QOAAUXYNCL55ZHTVJNAA53L1VY55"",""F_3VCW2T45UVPIIJ454TQ4OM45SP1ZWM55""],""slice_variables"":[628,489,139,745,559,62,145,46],""source_clauses"":7134}"
real|FinancialServices01@2018-04-23|incidence|k12,real,FinancialServices01@2018-04-23,FinancialServices01,incidence,12,284,25,775,0.9119718309859155,1,0.000244140625,0833869e4fa27de581b3293fc3f9226ab8f2f4aff44ed63d10733b5832e60d58,True,1021647,4417006,2342810,dd.cudd,cudd,2609822,763136,13,2806831,726734,13,18413661,"[{""sweep"":0,""seed"":1057315902,""nodes"":13,""setup_ns"":2806831,""build_ns"":726734,""order"":[""x2"",""x8"",""x7"",""x10"",""x11"",""x6"",""x1"",""x3"",""x5"",""x4"",""x9"",""x0""]},{""sweep"":1,""seed"":1057315903,""nodes"":13,""setup_ns"":2809131,""build_ns"":819938,""order"":[""x3"",""x10"",""x9"",""x11"",""x6"",""x8"",""x4"",""x5"",""x1"",""x7"",""x0"",""x2""]},{""sweep"":2,""seed"":1057315904,""nodes"":13,""setup_ns"":2794731,""build_ns"":819138,""order"":[""x8"",""x5"",""x1"",""x11"",""x4"",""x6"",""x0"",""x9"",""x10"",""x7"",""x2"",""x3""]},{""sweep"":3,""seed"":1057315905,""nodes"":13,""setup_ns"":2791430,""build_ns"":763636,""order"":[""x0"",""x5"",""x8"",""x7"",""x9"",""x6"",""x2"",""x1"",""x11"",""x3"",""x10"",""x4""]},{""sweep"":4,""seed"":1057315906,""nodes"":13,""setup_ns"":2752228,""build_ns"":795638,""order"":[""x10"",""x6"",""x8"",""x4"",""x3"",""x2"",""x7"",""x1"",""x5"",""x9"",""x0"",""x11""]}]",36,63,71,161,63630.98,131630.14,337439.78,154607.0,31510772.0,0.18856988349150772,0.48340737159437797,0.41156597049292726,"{""cm"":[61376.86,64301.0,63522.96,66573.12,63630.98],""cse"":[136948.38,129944.08,131630.14,131644.14,130698.1],""cnf"":[341371.94,332023.52,335093.66,339807.88,337439.78],""robdd_enumerate"":[159208.0,143307.0,169308.0,151407.0,154607.0],""robdd_naive"":[31510772.0,32717728.0,31089753.0,31235360.0,31525173.0]}",256,True,23301.0,338716.0,1868587.0,1445668.0,0.012469850213021926,0.016117808514818064,"{""packed"":[24501.0,24701.0,23301.0,22701.0,22601.0],""scalar_cnf"":[387018.0,323915.0,319215.0,338716.0,347016.0],""robdd"":[2398112.0,1856387.0,1868587.0,1824185.0,2570420.0],""cadical"":[1879187.0,1445668.0,1419967.0,1369264.0,1491870.0]}",1200,31801,362116,1,True,9722754,162702,4911229,216974,904242,3508,5145841,41221,4527,9238532,6160188,True,2821,8275886,6188589,True,704,26224625,33606071,True,"{""dropped_satisfied_clauses"":6850,""payload_sha256"":""a9805eecae4fe259510b4bc90303b1f38c530c3268bdec4f6954539bb788ebff"",""removed_fixed_false_literals"":3005,""residual_clauses"":284,""residual_literals"":775,""slice_feature_names"":[""F_5BFMUTAA5OARB1AA2ODXJD455GWCYP55"",""F_H5ATWYBAJWJN0VAA15P22H55XROJJW45"",""F_X3R5CL45UX2FCU451OQPFEBA0HO44EBA"",""F_PCSFPPAA5NKMO55554DBIWBA1LFGWFBA"",""F_WDQ4T1551H15ET555WQ4C3BA15EEVLAA"",""F_3XM0NE55VGMNMQAA3V4XAPBA1PQXTHAA"",""F_P14MAJAA5VDXN2BA45VFYUBAWHPAL5AA"",""F_HXV24K45W2FHXB455CGDJIBAL4JOMDBA"",""F_5TWQT255XYDOYGAAYW0U1S555PSLGTAA"",""F_5OPJ4OBA52O2HYAAC5O4BJ55LJQAGZBA"",""F_OB2W1NBATO2UCI553X5JDEBA0SXRMNBA"",""F_5NXY454513L0DRAA54VEKM554F1VFY45""],""slice_variables"":[758,76,203,72,112,127,66,60,256,57,255,258],""source_clauses"":7134}"
real|FinancialServices01@2018-04-23|hash|k12,real,FinancialServices01@2018-04-23,FinancialServices01,hash,12,42,11,42,0.7380952380952381,2,0.00048828125,5716676686574e164ce3bfd55c994043806c70b119b0216df04b9fcf6e62c775,True,73504,1181755,222810,dd.cudd,cudd,3539565,116206,12,3507864,109205,12,20006535,"[{""sweep"":0,""seed"":2039388800,""nodes"":12,""setup_ns"":3646070,""build_ns"":111605,""order"":[""x0"",""x1"",""x4"",""x7"",""x3"",""x5"",""x10"",""x9"",""x6"",""x11"",""x8"",""x2""]},{""sweep"":1,""seed"":2039388801,""nodes"":12,""setup_ns"":3824378,""build_ns"":110906,""order"":[""x6"",""x11"",""x9"",""x2"",""x10"",""x1"",""x4"",""x3"",""x7"",""x0"",""x8"",""x5""]},{""sweep"":2,""seed"":2039388802,""nodes"":12,""setup_ns"":3900482,""build_ns"":118306,""order"":[""x4"",""x2"",""x0"",""x5"",""x11"",""x10"",""x1"",""x3"",""x7"",""x9"",""x8"",""x6""]},{""sweep"":3,""seed"":2039388803,""nodes"":12,""setup_ns"":3857680,""build_ns"":120306,""order"":[""x6"",""x1"",""x3"",""x4"",""x10"",""x9"",""x11"",""x0"",""x8"",""x7"",""x2"",""x5""]},{""sweep"":4,""seed"":2039388804,""nodes"":12,""setup_ns"":3507864,""build_ns"":109205,""order"":[""x3"",""x10"",""x7"",""x9"",""x8"",""x0"",""x11"",""x1"",""x6"",""x4"",""x5"",""x2""]}]",12,17,22,42,20170.94,34291.6,28491.34,116105.0,32936439.0,0.7079674034285505,0.5882181058918219,0.17373015804659575,"{""cm"":[21487.02,21891.02,19268.9,20170.94,18828.88],""cse"":[36381.7,34291.6,35313.66,34067.6,33543.56],""cnf"":[29857.4,29169.36,27601.3,28329.32,28491.34],""robdd_enumerate"":[120606.0,116105.0,119106.0,112706.0,73603.0],""robdd_naive"":[33139748.0,32936439.0,35967480.0,32383813.0,32680927.0]}",256,True,42702.0,353716.0,2357810.0,1561673.0,0.018110874073822742,0.0273437525013239,"{""packed"":[43802.0,47702.0,42702.0,36302.0,39702.0],""scalar_cnf"":[377618.0,350116.0,353716.0,347016.0,373618.0],""robdd"":[2318308.0,2757529.0,2447814.0,2357810.0,2148000.0],""cadical"":[1551373.0,1881888.0,1561673.0,1551273.0,1654677.0]}",2100,50002,212810,2,True,2368711,39906,1066349,36835,113105,2936,3148848,41221,2509,10467789,6815018,True,224,8791210,6231191,True,659,24649652,27806099,True,"{""dropped_satisfied_clauses"":7092,""payload_sha256"":""a9805eecae4fe259510b4bc90303b1f38c530c3268bdec4f6954539bb788ebff"",""removed_fixed_false_literals"":2713,""residual_clauses"":42,""residual_literals"":42,""slice_feature_names"":[""F_5DO2GL551X2V0L451VTT5I55YIARNOBA"",""F_5C1P1U553PDTX5454XUJWX45GV5FNQBA"",""F_1P2R2X455M3I1Y553X0FKZ5515B1NS55"",""F_HXC2GABA5XCKYN553DEADABAX5U5WE45"",""F_U5LHOV55MPG1TK45U5WLVJ454JIMAU45"",""F_3PP3AH555GP3PYAAP53IYPAA5UZWB055"",""F_WEN5QOAAUXYNCL55ZHTVJNAA53L1VY55"",""F_3VCW2T45UVPIIJ454TQ4OM45SP1ZWM55"",""F_X5Q2DB555XGSRU453ZR1U0BA5ZEYD1BA"",""F_PSUN3F45ZG5KGFBA1YKJFF55O1JM4DAA"",""F_5BIGCKBA4VR1W4BA50UNASBAWGBUTRBA"",""F_HHHRG5BAPPUNYI45PXALVHBAGHSUY345""],""slice_variables"":[628,489,139,745,559,62,145,46,683,273,21,249],""source_clauses"":7134}"
real|FinancialServices01@2018-04-23|incidence|k16,real,FinancialServices01@2018-04-23,FinancialServices01,incidence,16,294,99,1115,0.6632653061224489,1,1.52587890625e-05,f7d7aea26b80ca97661fa8293d5edee22ee86766e2c2b9fde637b44b4cd2f3c3,True,1277560,10106572,3232351,dd.cudd,cudd,3021942,1427966,17,2913236,1228558,17,20818873,"[{""sweep"":0,""seed"":2091378463,""nodes"":17,""setup_ns"":2915736,""build_ns"":1343263,""order"":[""x15"",""x7"",""x11"",""x14"",""x0"",""x6"",""x12"",""x3"",""x13"",""x9"",""x2"",""x8"",""x10"",""x5"",""x1"",""x4""]},{""sweep"":1,""seed"":2091378464,""nodes"":17,""setup_ns"":2913236,""build_ns"":1228558,""order"":[""x1"",""x4"",""x11"",""x6"",""x9"",""x14"",""x3"",""x12"",""x2"",""x10"",""x7"",""x0"",""x8"",""x5"",""x13"",""x15""]},{""sweep"":2,""seed"":2091378465,""nodes"":17,""setup_ns"":2784730,""build_ns"":1244059,""order"":[""x10"",""x4"",""x11"",""x14"",""x13"",""x7"",""x3"",""x8"",""x12"",""x2"",""x15"",""x6"",""x5"",""x9"",""x0"",""x1""]},{""sweep"":3,""seed"":2091378466,""nodes"":17,""setup_ns"":2643624,""build_ns"":1274159,""order"":[""x2"",""x1"",""x6"",""x15"",""x11"",""x9"",""x5"",""x10"",""x3"",""x12"",""x13"",""x8"",""x4"",""x7"",""x0"",""x14""]},{""sweep"":4,""seed"":2091378467,""nodes"":17,""setup_ns"":2658824,""build_ns"":1236758,""order"":[""x3"",""x10"",""x0"",""x6"",""x9"",""x15"",""x8"",""x1"",""x5"",""x2"",""x14"",""x13"",""x11"",""x12"",""x7"",""x4""]}]",172,176,279,346,406089.0,465551.8,3648060.5,185608.0,,0.11131641045974977,0.8722745782531611,2.187885220464635,"{""cm"":[374527.5,412649.2,406089.0,395108.5,414639.4],""cse"":[480872.5,465551.8,475812.2,460881.5,437440.4],""cnf"":[3632769.7,3671611.5,4007857.2,3648060.5,3586567.5],""robdd_enumerate"":[199009.0,254011.0,185608.0,137306.0,177408.0]}",256,True,24802.0,345416.0,2613421.0,1673878.0,0.00949024286557734,0.014817089417508325,"{""packed"":[24802.0,77704.0,23501.0,31502.0,24201.0],""scalar_cnf"":[362017.0,344716.0,508924.0,341116.0,345416.0],""robdd"":[2404712.0,2613421.0,2888935.0,2714427.0,2468215.0],""cadical"":[1605575.0,1748582.0,1673878.0,1745981.0,1570773.0]}",1300,45102,,,True,24687754,891375,8015874,914655,3994287,52660,6375998,41429,30731,11777550,6547206,True,3876,8194183,5943177,True,936,25561794,30119808,True,"{""dropped_satisfied_clauses"":6840,""payload_sha256"":""a9805eecae4fe259510b4bc90303b1f38c530c3268bdec4f6954539bb788ebff"",""removed_fixed_false_literals"":2681,""residual_clauses"":294,""residual_literals"":1115,""slice_feature_names"":[""F_5BFMUTAA5OARB1AA2ODXJD455GWCYP55"",""F_H5ATWYBAJWJN0VAA15P22H55XROJJW45"",""F_X3R5CL45UX2FCU451OQPFEBA0HO44EBA"",""F_PCSFPPAA5NKMO55554DBIWBA1LFGWFBA"",""F_WDQ4T1551H15ET555WQ4C3BA15EEVLAA"",""F_3XM0NE55VGMNMQAA3V4XAPBA1PQXTHAA"",""F_P14MAJAA5VDXN2BA45VFYUBAWHPAL5AA"",""F_HXV24K45W2FHXB455CGDJIBAL4JOMDBA"",""F_5TWQT255XYDOYGAAYW0U1S555PSLGTAA"",""F_5OPJ4OBA52O2HYAAC5O4BJ55LJQAGZBA"",""F_OB2W1NBATO2UCI553X5JDEBA0SXRMNBA"",""F_5NXY454513L0DRAA54VEKM554F1VFY45"",""F_P4WMWLAA41CXZBAAO0CUFKAAVDRDDQ55"",""F_5XOLFNBAXOJDGJAAUKQZZZ454G1GKHAA"",""F_LPNR22555WPGGVBANG2CG3AAXHA2PS45"",""F_RPMNOLAAPN4LEOAAOLQVLX5505DZ4T45""],""slice_variables"":[758,76,203,72,112,127,66,60,256,57,255,258,260,300,301,302],""source_clauses"":7134}"
real|FinancialServices01@2018-04-23|hash|k16,real,FinancialServices01@2018-04-23,FinancialServices01,hash,16,53,16,56,0.6981132075471699,4,6.103515625e-05,e3cdfe9e6217c7c21c57e922abeade575eac53ad1392a2232c97f663e27b5c4b,True,102605,1159055,323015,dd.cudd,cudd,2882135,108405,21,3258752,106605,18,15814539,"[{""sweep"":0,""seed"":281184733,""nodes"":27,""setup_ns"":3023741,""build_ns"":128906,""order"":[""x8"",""x14"",""x3"",""x11"",""x2"",""x0"",""x5"",""x10"",""x4"",""x7"",""x12"",""x15"",""x1"",""x9"",""x13"",""x6""]},{""sweep"":1,""seed"":281184734,""nodes"":18,""setup_ns"":3258752,""build_ns"":106605,""order"":[""x1"",""x7"",""x11"",""x3"",""x12"",""x9"",""x13"",""x14"",""x4"",""x2"",""x0"",""x15"",""x8"",""x6"",""x10"",""x5""]},{""sweep"":2,""seed"":281184735,""nodes"":23,""setup_ns"":2738428,""build_ns"":106705,""order"":[""x12"",""x2"",""x7"",""x3"",""x13"",""x4"",""x14"",""x0"",""x5"",""x1"",""x6"",""x15"",""x8"",""x9"",""x11"",""x10""]},{""sweep"":3,""seed"":281184736,""nodes"":29,""setup_ns"":2977739,""build_ns"":105705,""order"":[""x9"",""x3"",""x7"",""x11"",""x5"",""x12"",""x13"",""x1"",""x0"",""x6"",""x10"",""x2"",""x15"",""x4"",""x8"",""x14""]},{""sweep"":4,""seed"":281184737,""nodes"":22,""setup_ns"":2673125,""build_ns"":96304,""order"":[""x10"",""x4"",""x2"",""x15"",""x9"",""x1"",""x0"",""x7"",""x11"",""x12"",""x14"",""x3"",""x5"",""x6"",""x8"",""x13""]}]",18,25,32,59,45142.2,71383.4,260082.1,102705.0,,0.17356903839210772,0.6323907238937905,0.4395326420330071,"{""cm"":[41921.9,43692.0,45142.2,64993.0,48082.3],""cse"":[70413.3,73493.5,70443.3,76933.6,71383.4],""cnf"":[251991.8,258142.1,270222.6,262312.2,260082.1],""robdd_enumerate"":[97204.0,105705.0,99804.0,193809.0,102705.0]}",256,True,63603.0,381817.0,2577721.0,1672878.0,0.024674121054993926,0.03802010666647538,"{""packed"":[59803.0,52902.0,63603.0,69903.0,64503.0],""scalar_cnf"":[361117.0,357617.0,403119.0,381817.0,385518.0],""robdd"":[2353910.0,2669325.0,2582321.0,2484817.0,2577721.0],""cadical"":[1672878.0,1709480.0,1664277.0,1677378.0,1657177.0]}",3000,45102,,,True,3384859,175472,1086850,220280,508823,51568,3686572,41429,18485,10758002,5530558,True,300,7330543,6007280,True,1137,33546067,37482051,True,"{""dropped_satisfied_clauses"":7081,""payload_sha256"":""a9805eecae4fe259510b4bc90303b1f38c530c3268bdec4f6954539bb788ebff"",""removed_fixed_false_literals"":2711,""residual_clauses"":53,""residual_literals"":56,""slice_feature_names"":[""F_5DO2GL551X2V0L451VTT5I55YIARNOBA"",""F_5C1P1U553PDTX5454XUJWX45GV5FNQBA"",""F_1P2R2X455M3I1Y553X0FKZ5515B1NS55"",""F_HXC2GABA5XCKYN553DEADABAX5U5WE45"",""F_U5LHOV55MPG1TK45U5WLVJ454JIMAU45"",""F_3PP3AH555GP3PYAAP53IYPAA5UZWB055"",""F_WEN5QOAAUXYNCL55ZHTVJNAA53L1VY55"",""F_3VCW2T45UVPIIJ454TQ4OM45SP1ZWM55"",""F_X5Q2DB555XGSRU453ZR1U0BA5ZEYD1BA"",""F_PSUN3F45ZG5KGFBA1YKJFF55O1JM4DAA"",""F_5BIGCKBA4VR1W4BA50UNASBAWGBUTRBA"",""F_HHHRG5BAPPUNYI45PXALVHBAGHSUY345"",""F_VVAOS055TZ3X1XAAXXKVTCBA152NMKAA"",""F_TMXK3G455VLGKF555X0AEABAVHBJ2F55"",""F_55RCF3554FB54PBAHCOFJFAA01Q0IKAA"",""F_TC3VD5BAXGPHWMBA5XIJHJAATKQTOS55""],""slice_variables"":[628,489,139,745,559,62,145,46,683,273,21,249,688,14,271,30],""source_clauses"":7134}"
real|FinancialServices01@2018-05-09|incidence|k8,real,FinancialServices01@2018-05-09,FinancialServices01,incidence,8,277,11,602,0.9602888086642599,1,0.00390625,909f22c2b34103bf854580c5f2c4f64c2520aa57b492e422d1801a160b6c6e67,True,893242,2743328,1474269,dd.cudd,cudd,3077643,746535,9,2719327,630529,9,17918737,"[{""sweep"":0,""seed"":531057844,""nodes"":9,""setup_ns"":3054842,""build_ns"":711833,""order"":[""x2"",""x5"",""x7"",""x0"",""x6"",""x1"",""x4"",""x3""]},{""sweep"":1,""seed"":531057845,""nodes"":9,""setup_ns"":2578920,""build_ns"":637130,""order"":[""x1"",""x4"",""x2"",""x6"",""x3"",""x7"",""x5"",""x0""]},{""sweep"":2,""seed"":531057846,""nodes"":9,""setup_ns"":2832333,""build_ns"":671231,""order"":[""x2"",""x1"",""x5"",""x3"",""x0"",""x6"",""x4"",""x7""]},{""sweep"":3,""seed"":531057847,""nodes"":9,""setup_ns"":2813631,""build_ns"":692433,""order"":[""x4"",""x3"",""x0"",""x7"",""x6"",""x2"",""x5"",""x1""]},{""sweep"":4,""seed"":531057848,""nodes"":9,""setup_ns"":2719327,""build_ns"":630529,""order"":[""x1"",""x0"",""x3"",""x5"",""x4"",""x7"",""x6"",""x2""]}]",15,25,29,79,24822.16,59817.295,120014.105,143707.0,1582874.0,0.20682702254039223,0.4149662735501497,0.17272756372340944,"{""cm"":[23121.58,24102.625,25483.69,26070.215,24822.16],""cse"":[56187.625,59572.285,66165.095,61242.365,59817.295],""cnf"":[107889.045,118655.045,120014.105,120086.61,121289.67],""robdd_enumerate"":[142606.0,155407.0,143707.0,157207.0,114905.0],""robdd_naive"":[1223457.0,1604675.0,1582874.0,1607475.0,1486970.0]}",256,True,24601.0,463721.0,1249759.0,1236258.0,0.019684595189952622,0.01989956788955056,"{""packed"":[24302.0,24501.0,26102.0,25001.0,24601.0],""scalar_cnf"":[463721.0,461322.0,465922.0,526724.0,457221.0],""robdd"":[1249759.0,1341862.0,1248058.0,1236358.0,1295261.0],""cadical"":[1217957.0,1236258.0,1282059.0,1219557.0,1286460.0]}",800,32202,279413,1,True,5902476,106632,3485063,136872,617929,512,4863928,40951,1691,9334536,5896176,True,2279,8649104,6231491,True,478,31886790,26127821,True,"{""dropped_satisfied_clauses"":6961,""payload_sha256"":""772f2861716cb36bf183eabd1e7e34ef36f6af75373f9c7ead5d01f4ef8c9de4"",""removed_fixed_false_literals"":3319,""residual_clauses"":277,""residual_literals"":602,""slice_feature_names"":[""F_5BFMUTAA5OARB1AA2ODXJD455GWCYP55"",""F_H5ATWYBAJWJN0VAA15P22H55XROJJW45"",""F_X3R5CL45UX2FCU451OQPFEBA0HO44EBA"",""F_PCSFPPAA5NKMO55554DBIWBA1LFGWFBA"",""F_WDQ4T1551H15ET555WQ4C3BA15EEVLAA"",""F_3XM0NE55VGMNMQAA3V4XAPBA1PQXTHAA"",""F_5TWQT255XYDOYGAAYW0U1S555PSLGTAA"",""F_P14MAJAA5VDXN2BA45VFYUBAWHPAL5AA""],""slice_variables"":[755,76,202,72,112,127,255,66],""source_clauses"":7238}"
real|FinancialServices01@2018-05-09|hash|k8,real,FinancialServices01@2018-05-09,FinancialServices01,hash,8,33,10,35,0.696969696969697,1,0.00390625,5778f985db754c6628691f56fadae50c65fddbe8eb2e93039633fefa05d45e31,True,65803,755535,179908,dd.cudd,cudd,2567420,64503,9,2561820,58103,9,14344671,"[{""sweep"":0,""seed"":1526425043,""nodes"":9,""setup_ns"":2561820,""build_ns"":58103,""order"":[""x1"",""x3"",""x7"",""x5"",""x0"",""x6"",""x2"",""x4""]},{""sweep"":1,""seed"":1526425044,""nodes"":9,""setup_ns"":3086144,""build_ns"":78004,""order"":[""x0"",""x6"",""x3"",""x1"",""x4"",""x7"",""x2"",""x5""]},{""sweep"":2,""seed"":1526425045,""nodes"":9,""setup_ns"":2656524,""build_ns"":66103,""order"":[""x3"",""x4"",""x0"",""x7"",""x6"",""x1"",""x2"",""x5""]},{""sweep"":3,""seed"":1526425046,""nodes"":9,""setup_ns"":2549319,""build_ns"":63703,""order"":[""x7"",""x6"",""x4"",""x0"",""x5"",""x2"",""x3"",""x1""]},{""sweep"":4,""seed"":1526425047,""nodes"":9,""setup_ns"":2608222,""build_ns"":60703,""order"":[""x5"",""x3"",""x6"",""x7"",""x4"",""x0"",""x1"",""x2""]}]",11,14,20,35,17284.805,27856.305,8207.385,90904.0,1390465.0,2.1060063589072526,0.6204988421831251,0.19014350303617003,"{""cm"":[15368.22,17109.3,17284.805,19870.425,19473.41],""cse"":[25841.205,25742.2,27856.305,27963.81,27969.805],""cnf"":[7937.87,8164.38,8207.385,8817.41,8702.405],""robdd_enumerate"":[112006.0,86104.0,90904.0,58903.0,125606.0],""robdd_naive"":[1390265.0,1374764.0,1439968.0,1390465.0,1603674.0]}",256,True,24801.0,384618.0,1348263.0,1333962.0,0.018394779060168526,0.018591983879600767,"{""packed"":[25901.0,24701.0,24801.0,23501.0,32002.0],""scalar_cnf"":[525625.0,380418.0,371017.0,384618.0,384618.0],""robdd"":[1614475.0,1402265.0,1291061.0,1292460.0,1348263.0],""cadical"":[1542672.0,1276460.0,1348663.0,1290461.0,1333962.0]}",900,38801,154708,1,True,2045796,33252,751835,31812,56803,476,3198649,40951,1353,9399139,5311148,True,178,7229638,5689666,True,478,25131274,31955294,True,"{""dropped_satisfied_clauses"":7205,""payload_sha256"":""772f2861716cb36bf183eabd1e7e34ef36f6af75373f9c7ead5d01f4ef8c9de4"",""removed_fixed_false_literals"":2633,""residual_clauses"":33,""residual_literals"":35,""slice_feature_names"":[""F_55KP45AA1X3JGF554410URAA3FHPGUAA"",""F_XNQBF3555GSFPOAA55PAZL455YRY1Q55"",""F_4T02AGAA5R5Q4555YHP0WD4551BB0LBA"",""F_N4UD3H45WX5XMV451OVOWV455DP3GLAA"",""F_OGGCHHBAPWQ3JDAA2KQFBXAATTUPUZBA"",""F_5H4LYN5554H3YUBAPG0YQNBA5XNMQX45"",""F_H5ATWYBAJWJN0VAA15P22H55XROJJW45"",""F_PXJOQ5BA45B1FGBAG0IWZW5555GDBQAA""],""slice_variables"":[175,303,385,183,70,573,76,508],""source_clauses"":7238}"
real|FinancialServices01@2018-05-09|incidence|k12,real,FinancialServices01@2018-05-09,FinancialServices01,incidence,12,287,35,861,0.8780487804878049,1,0.000244140625,0833869e4fa27de581b3293fc3f9226ab8f2f4aff44ed63d10733b5832e60d58,True,1138853,4606115,2155701,dd.cudd,cudd,2790231,965245,13,2945438,924843,13,20696367,"[{""sweep"":0,""seed"":992722340,""nodes"":13,""setup_ns"":2945438,""build_ns"":924843,""order"":[""x2"",""x9"",""x7"",""x5"",""x3"",""x0"",""x6"",""x1"",""x4"",""x10"",""x11"",""x8""]},{""sweep"":1,""seed"":992722341,""nodes"":13,""setup_ns"":2748629,""build_ns"":989746,""order"":[""x2"",""x0"",""x3"",""x9"",""x10"",""x7"",""x11"",""x4"",""x1"",""x6"",""x8"",""x5""]},{""sweep"":2,""seed"":992722342,""nodes"":13,""setup_ns"":3418259,""build_ns"":981445,""order"":[""x0"",""x4"",""x6"",""x7"",""x3"",""x5"",""x9"",""x2"",""x11"",""x1"",""x8"",""x10""]},{""sweep"":3,""seed"":992722343,""nodes"":13,""setup_ns"":2807531,""build_ns"":1144954,""order"":[""x5"",""x7"",""x6"",""x4"",""x10"",""x9"",""x0"",""x3"",""x1"",""x2"",""x11"",""x8""]},{""sweep"":4,""seed"":992722344,""nodes"":13,""setup_ns"":2927137,""build_ns"":1037448,""order"":[""x7"",""x10"",""x2"",""x6"",""x11"",""x8"",""x1"",""x3"",""x9"",""x4"",""x5"",""x0""]}]",58,84,110,184,100166.68,155727.28,361000.86,170208.0,31971394.0,0.27746936669347544,0.6432185805852385,0.5884957228802407,"{""cm"":[102518.78,95534.46,100166.68,98232.58,109409.12],""cse"":[155727.28,154329.2,163895.64,152749.14,161551.56],""cnf"":[333825.6,358886.78,361000.86,382075.84,376489.58],""robdd_enumerate"":[151507.0,174608.0,146707.0,209610.0,170208.0],""robdd_naive"":[32218306.0,31971394.0,31693481.0,31893191.0,33421462.0]}",256,True,25902.0,406919.0,2272106.0,1501570.0,0.011399996302989384,0.017249945057506478,"{""packed"":[27201.0,25902.0,24701.0,26502.0,25301.0],""scalar_cnf"":[426020.0,406919.0,418020.0,373617.0,379218.0],""robdd"":[2366511.0,2272106.0,2401712.0,2073697.0,2158701.0],""cadical"":[1621476.0,1499770.0,1501570.0,1480569.0,1515271.0]}",1200,44703,396918,1,True,12487083,181182,6041383,239214,1097551,3364,5923476,41221,6288,10604196,6801318,True,3005,9740355,6282293,True,704,26521540,37503053,True,"{""dropped_satisfied_clauses"":6951,""payload_sha256"":""772f2861716cb36bf183eabd1e7e34ef36f6af75373f9c7ead5d01f4ef8c9de4"",""removed_fixed_false_literals"":3042,""residual_clauses"":287,""residual_literals"":861,""slice_feature_names"":[""F_5BFMUTAA5OARB1AA2ODXJD455GWCYP55"",""F_H5ATWYBAJWJN0VAA15P22H55XROJJW45"",""F_X3R5CL45UX2FCU451OQPFEBA0HO44EBA"",""F_PCSFPPAA5NKMO55554DBIWBA1LFGWFBA"",""F_WDQ4T1551H15ET555WQ4C3BA15EEVLAA"",""F_3XM0NE55VGMNMQAA3V4XAPBA1PQXTHAA"",""F_5TWQT255XYDOYGAAYW0U1S555PSLGTAA"",""F_P14MAJAA5VDXN2BA45VFYUBAWHPAL5AA"",""F_OB2W1NBATO2UCI553X5JDEBA0SXRMNBA"",""F_HXV24K45W2FHXB455CGDJIBAL4JOMDBA"",""F_5NXY454513L0DRAA54VEKM554F1VFY45"",""F_P4WMWLAA41CXZBAAO0CUFKAAVDRDDQ55""],""slice_variables"":[755,76,202,72,112,127,255,66,254,60,257,259],""source_clauses"":7238}"
real|FinancialServices01@2018-05-09|hash|k12,real,FinancialServices01@2018-05-09,FinancialServices01,hash,12,56,18,62,0.6785714285714286,1,0.000244140625,dc3bb7db94fffd5146970e52bf9a1204bc6afe80da9d23678c69a13486bd49c3,True,105304,3173648,331516,dd.cudd,cudd,4080591,161407,13,3519164,111106,13,19657119,"[{""sweep"":0,""seed"":593739276,""nodes"":13,""setup_ns"":3519164,""build_ns"":111106,""order"":[""x7"",""x4"",""x1"",""x8"",""x0"",""x2"",""x3"",""x11"",""x5"",""x9"",""x6"",""x10""]},{""sweep"":1,""seed"":593739277,""nodes"":13,""setup_ns"":3580167,""build_ns"":129106,""order"":[""x2"",""x3"",""x7"",""x6"",""x5"",""x9"",""x11"",""x1"",""x8"",""x4"",""x0"",""x10""]},{""sweep"":2,""seed"":593739278,""nodes"":13,""setup_ns"":3628269,""build_ns"":156208,""order"":[""x11"",""x1"",""x5"",""x0"",""x3"",""x4"",""x7"",""x2"",""x6"",""x8"",""x9"",""x10""]},{""sweep"":3,""seed"":593739279,""nodes"":13,""setup_ns"":3795577,""build_ns"":157208,""order"":[""x10"",""x9"",""x5"",""x1"",""x4"",""x6"",""x8"",""x11"",""x0"",""x7"",""x2"",""x3""]},{""sweep"":4,""seed"":593739280,""nodes"":13,""setup_ns"":3747575,""build_ns"":144507,""order"":[""x11"",""x8"",""x1"",""x9"",""x6"",""x0"",""x10"",""x5"",""x4"",""x7"",""x3"",""x2""]}]",19,21,36,67,36361.7,54064.54,32935.54,130206.0,34000688.0,1.1040262282021183,0.67256097989551,0.27926286039045817,"{""cm"":[47388.22,36361.7,45878.16,33581.56,35797.68],""cse"":[80163.76,53704.5,54994.56,54064.54,53642.5],""cnf"":[33083.54,32889.54,32935.54,33715.58,32475.52],""robdd_enumerate"":[109805.0,189209.0,159608.0,130206.0,123406.0],""robdd_naive"":[38095180.0,34259801.0,34000688.0,32075699.0,31111954.0]}",256,True,25101.0,350016.0,2026294.0,1455168.0,0.012387639700852887,0.017249554690592427,"{""packed"":[25102.0,23501.0,25101.0,23701.0,52702.0],""scalar_cnf"":[378317.0,327915.0,350016.0,352716.0,338516.0],""robdd"":[2279506.0,2081298.0,1973792.0,1851387.0,2026294.0],""cadical"":[1455168.0,1442167.0,1560273.0,1445068.0,1503670.0]}",1200,42102,154007,1,True,3361357,55782,1289460,53558,127906,3072,3290053,41221,3116,10199376,7324943,True,320,10908310,8014475,True,704,32371612,33811280,True,"{""dropped_satisfied_clauses"":7182,""payload_sha256"":""772f2861716cb36bf183eabd1e7e34ef36f6af75373f9c7ead5d01f4ef8c9de4"",""removed_fixed_false_literals"":2644,""residual_clauses"":56,""residual_literals"":62,""slice_feature_names"":[""F_55KP45AA1X3JGF554410URAA3FHPGUAA"",""F_XNQBF3555GSFPOAA55PAZL455YRY1Q55"",""F_4T02AGAA5R5Q4555YHP0WD4551BB0LBA"",""F_N4UD3H45WX5XMV451OVOWV455DP3GLAA"",""F_OGGCHHBAPWQ3JDAA2KQFBXAATTUPUZBA"",""F_5H4LYN5554H3YUBAPG0YQNBA5XNMQX45"",""F_H5ATWYBAJWJN0VAA15P22H55XROJJW45"",""F_PXJOQ5BA45B1FGBAG0IWZW5555GDBQAA"",""F_5X0KBT55X5ZURVBA12MC5N55LXJQ2I45"",""F_5MJOUH55ZRHMNN553XXH4D45N2XFDEAA"",""F_NMTLNABA55JE2JAAHIGFDDBAF35IGMAA"",""F_3XGBZDAATHXYJE555OHTH1550PEJ0245""],""slice_variables"":[175,303,385,183,70,573,76,508,436,708,710,20],""source_clauses"":7238}"
real|FinancialServices01@2018-05-09|incidence|k16,real,FinancialServices01@2018-05-09,FinancialServices01,incidence,16,293,61,1112,0.7918088737201365,1,1.52587890625e-05,f7d7aea26b80ca97661fa8293d5edee22ee86766e2c2b9fde637b44b4cd2f3c3,True,1842986,7606255,3233151,dd.cudd,cudd,3015941,1394865,17,2908236,1252059,17,21497705,"[{""sweep"":0,""seed"":53038215,""nodes"":17,""setup_ns"":2985539,""build_ns"":1326862,""order"":[""x14"",""x5"",""x15"",""x3"",""x10"",""x7"",""x12"",""x0"",""x8"",""x9"",""x13"",""x2"",""x11"",""x6"",""x4"",""x1""]},{""sweep"":1,""seed"":53038216,""nodes"":17,""setup_ns"":2780930,""build_ns"":1310662,""order"":[""x2"",""x13"",""x4"",""x7"",""x11"",""x3"",""x12"",""x14"",""x9"",""x8"",""x5"",""x0"",""x1"",""x6"",""x15"",""x10""]},{""sweep"":2,""seed"":53038217,""nodes"":17,""setup_ns"":2754729,""build_ns"":1297261,""order"":[""x13"",""x11"",""x2"",""x5"",""x7"",""x10"",""x8"",""x0"",""x12"",""x15"",""x1"",""x3"",""x6"",""x14"",""x9"",""x4""]},{""sweep"":3,""seed"":53038218,""nodes"":17,""setup_ns"":2908236,""build_ns"":1252059,""order"":[""x6"",""x14"",""x4"",""x7"",""x0"",""x15"",""x11"",""x13"",""x5"",""x2"",""x9"",""x10"",""x8"",""x1"",""x3"",""x12""]},{""sweep"":4,""seed"":53038219,""nodes"":17,""setup_ns"":3009340,""build_ns"":1277060,""order"":[""x6"",""x9"",""x4"",""x5"",""x15"",""x14"",""x3"",""x1"",""x13"",""x7"",""x12"",""x10"",""x2"",""x0"",""x11"",""x8""]}]",122,126,198,240,318984.9,343626.1,4407376.0,195809.0,,0.07237524095970028,0.9282906624380396,1.6290614833843184,"{""cm"":[289853.6,305244.2,320285.0,475952.2,318984.9],""cse"":[328515.3,344316.1,328765.4,343626.1,352326.5],""cnf"":[3522504.5,4407376.0,4686799.0,4992663.3,3960555.0],""robdd_enumerate"":[181308.0,153007.0,196109.0,277613.0,195809.0]}",256,True,26201.0,394819.0,2802631.0,1656478.0,0.00934871554621354,0.01581729428341336,"{""packed"":[26201.0,26802.0,26601.0,24501.0,25301.0],""scalar_cnf"":[385218.0,391318.0,442621.0,403819.0,394819.0],""robdd"":[2823432.0,2616022.0,2628623.0,2802631.0,2852233.0],""cadical"":[1656478.0,1681679.0,1777483.0,1608176.0,1653977.0]}",1400,42502,,,True,19244800,650455,7713361,668543,4182495,51972,6999827,41429,26716,11948258,6155188,True,3778,9429940,6023982,True,936,29550881,37191038,True,"{""dropped_satisfied_clauses"":6945,""payload_sha256"":""772f2861716cb36bf183eabd1e7e34ef36f6af75373f9c7ead5d01f4ef8c9de4"",""removed_fixed_false_literals"":2735,""residual_clauses"":293,""residual_literals"":1112,""slice_feature_names"":[""F_5BFMUTAA5OARB1AA2ODXJD455GWCYP55"",""F_H5ATWYBAJWJN0VAA15P22H55XROJJW45"",""F_X3R5CL45UX2FCU451OQPFEBA0HO44EBA"",""F_PCSFPPAA5NKMO55554DBIWBA1LFGWFBA"",""F_WDQ4T1551H15ET555WQ4C3BA15EEVLAA"",""F_3XM0NE55VGMNMQAA3V4XAPBA1PQXTHAA"",""F_5TWQT255XYDOYGAAYW0U1S555PSLGTAA"",""F_P14MAJAA5VDXN2BA45VFYUBAWHPAL5AA"",""F_OB2W1NBATO2UCI553X5JDEBA0SXRMNBA"",""F_HXV24K45W2FHXB455CGDJIBAL4JOMDBA"",""F_5NXY454513L0DRAA54VEKM554F1VFY45"",""F_P4WMWLAA41CXZBAAO0CUFKAAVDRDDQ55"",""F_5OPJ4OBA52O2HYAAC5O4BJ55LJQAGZBA"",""F_5XOLFNBAXOJDGJAAUKQZZZ454G1GKHAA"",""F_LPNR22555WPGGVBANG2CG3AAXHA2PS45"",""F_5HQ231455DW5CD45332WZQ55ZXW5AR45""],""slice_variables"":[755,76,202,72,112,127,255,66,254,60,257,259,57,299,300,276],""source_clauses"":7238}"
real|FinancialServices01@2018-05-09|hash|k16,real,FinancialServices01@2018-05-09,FinancialServices01,hash,16,84,26,94,0.6904761904761905,1,1.52587890625e-05,8b2cf5a9437ce2378e2ba67b209e77c5966fb18f456512ec0aaaa01c619c217b,True,132906,2795331,575127,dd.cudd,cudd,3138646,168408,17,2673125,147407,17,16717181,"[{""sweep"":0,""seed"":278522944,""nodes"":17,""setup_ns"":3197350,""build_ns"":149407,""order"":[""x5"",""x2"",""x3"",""x12"",""x10"",""x8"",""x15"",""x14"",""x1"",""x11"",""x7"",""x13"",""x4"",""x9"",""x0"",""x6""]},{""sweep"":1,""seed"":278522945,""nodes"":17,""setup_ns"":2673125,""build_ns"":147407,""order"":[""x14"",""x3"",""x6"",""x13"",""x11"",""x10"",""x1"",""x4"",""x2"",""x7"",""x5"",""x15"",""x9"",""x12"",""x8"",""x0""]},{""sweep"":2,""seed"":278522946,""nodes"":17,""setup_ns"":2946237,""build_ns"":154107,""order"":[""x6"",""x1"",""x2"",""x8"",""x3"",""x14"",""x0"",""x11"",""x5"",""x12"",""x10"",""x15"",""x9"",""x7"",""x13"",""x4""]},{""sweep"":3,""seed"":278522947,""nodes"":17,""setup_ns"":3401559,""build_ns"":214610,""order"":[""x8"",""x4"",""x13"",""x14"",""x6"",""x7"",""x11"",""x10"",""x9"",""x15"",""x2"",""x1"",""x3"",""x12"",""x0"",""x5""]},{""sweep"":4,""seed"":278522948,""nodes"":17,""setup_ns"":2993039,""build_ns"":159407,""order"":[""x14"",""x3"",""x2"",""x6"",""x1"",""x4"",""x11"",""x10"",""x9"",""x0"",""x5"",""x8"",""x13"",""x7"",""x15"",""x12""]}]",30,35,58,96,88804.2,124855.9,490413.0,183708.0,,0.18108043628533502,0.7112535330729265,0.4833986543863087,"{""cm"":[75713.5,93854.3,123305.7,88804.2,78213.6],""cse"":[116675.5,118435.5,193519.1,130576.1,124855.9],""cnf"":[401978.7,554475.9,579037.0,490413.0,392818.3],""robdd_enumerate"":[47703.0,226211.0,197210.0,183708.0,97005.0]}",256,True,27001.0,330815.0,2574620.0,1678479.0,0.010487372893863948,0.016086587916798484,"{""packed"":[26802.0,27001.0,28502.0,24401.0,27602.0],""scalar_cnf"":[335615.0,378018.0,330815.0,323315.0,326315.0],""robdd"":[2803531.0,2546219.0,2574620.0,2729828.0,2513617.0],""cadical"":[1596974.0,1678479.0,1859587.0,1617976.0,1769983.0]}",1501,53702,,,True,5418053,302587,2009894,337915,689633,44032,4016387,41429,19530,12347777,7052729,True,498,10365184,7662558,True,936,32013496,42132169,True,"{""dropped_satisfied_clauses"":7154,""payload_sha256"":""772f2861716cb36bf183eabd1e7e34ef36f6af75373f9c7ead5d01f4ef8c9de4"",""removed_fixed_false_literals"":2623,""residual_clauses"":84,""residual_literals"":94,""slice_feature_names"":[""F_55KP45AA1X3JGF554410URAA3FHPGUAA"",""F_XNQBF3555GSFPOAA55PAZL455YRY1Q55"",""F_4T02AGAA5R5Q4555YHP0WD4551BB0LBA"",""F_N4UD3H45WX5XMV451OVOWV455DP3GLAA"",""F_OGGCHHBAPWQ3JDAA2KQFBXAATTUPUZBA"",""F_5H4LYN5554H3YUBAPG0YQNBA5XNMQX45"",""F_H5ATWYBAJWJN0VAA15P22H55XROJJW45"",""F_PXJOQ5BA45B1FGBAG0IWZW5555GDBQAA"",""F_5X0KBT55X5ZURVBA12MC5N55LXJQ2I45"",""F_5MJOUH55ZRHMNN553XXH4D45N2XFDEAA"",""F_NMTLNABA55JE2JAAHIGFDDBAF35IGMAA"",""F_3XGBZDAATHXYJE555OHTH1550PEJ0245"",""F_WHD5IYBA4HIZLGAA2XCGSU45TH2NFRBA"",""F_T4LMJK55IF05B5AAW5HBIVAA4HBBIY45"",""F_55B13KAAHH3R2D4540FMLW551PG0AI55"",""F_55ARGFBAX20KZ4BAX2N5IXAA0SEVNOAA""],""slice_variables"":[175,303,385,183,70,573,76,508,436,708,710,20,626,532,97,610],""source_clauses"":7238}"
real|BusyBox@2007-05-20_17-12-43|incidence|k8,real,BusyBox@2007-05-20_17-12-43,BusyBox,incidence,8,88,11,94,0.875,1,0.00390625,d8c9ae155f36f1edd6a9a0fbce9d8a2d97efc4896eeab31fa4b2a267f10f83d7,True,162107,1881088,425120,dd.cudd,cudd,2848233,136906,9,2946638,119205,9,16262160,"[{""sweep"":0,""seed"":1488028190,""nodes"":9,""setup_ns"":2872934,""build_ns"":124306,""order"":[""x1"",""x4"",""x3"",""x6"",""x2"",""x7"",""x0"",""x5""]},{""sweep"":1,""seed"":1488028191,""nodes"":9,""setup_ns"":2946638,""build_ns"":119205,""order"":[""x4"",""x2"",""x1"",""x3"",""x6"",""x0"",""x7"",""x5""]},{""sweep"":2,""seed"":1488028192,""nodes"":9,""setup_ns"":2928037,""build_ns"":144906,""order"":[""x7"",""x6"",""x1"",""x5"",""x4"",""x3"",""x2"",""x0""]},{""sweep"":3,""seed"":1488028193,""nodes"":9,""setup_ns"":3109545,""build_ns"":131306,""order"":[""x3"",""x7"",""x0"",""x4"",""x2"",""x1"",""x5"",""x6""]},{""sweep"":4,""seed"":1488028194,""nodes"":9,""setup_ns"":3094944,""build_ns"":145207,""order"":[""x4"",""x2"",""x3"",""x6"",""x7"",""x1"",""x0"",""x5""]}]",15,14,34,81,32665.53,69398.745,16574.275,142107.0,1605875.0,1.9708572471495733,0.4706933821353686,0.2298657349743503,"{""cm"":[31112.45,32665.53,32444.515,50119.845,48596.27],""cse"":[65158.045,69398.745,97305.545,67177.14,73427.435],""cnf"":[17354.81,16574.275,15706.735,21891.02,16142.755],""robdd_enumerate"":[142107.0,131206.0,117705.0,192809.0,156107.0],""robdd_naive"":[1605875.0,1465068.0,1543072.0,2194802.0,2185602.0]}",256,True,30901.0,565526.0,1558873.0,1339162.0,0.019822653930114897,0.0230748781700795,"{""packed"":[32702.0,29802.0,28802.0,30901.0,31902.0],""scalar_cnf"":[551425.0,565526.0,546925.0,578227.0,566326.0],""robdd"":[1534572.0,1597674.0,1558873.0,1367364.0,1587475.0],""cadical"":[1426367.0,1321461.0,1283560.0,1558373.0,1339162.0]}",900,52802,169808,1,True,5621462,67968,1400565,64780,92604,480,3769176,40951,1812,10478890,7566254,True,377,10474290,8067177,True,479,33897584,37841168,True,"{""dropped_satisfied_clauses"":375,""payload_sha256"":""1568a1dea5ef192366a643e5a1e3474c9467c55290015f986cb632f3fc77ec24"",""removed_fixed_false_literals"":307,""residual_clauses"":88,""residual_literals"":94,""slice_feature_names"":[""CONFIG_GETOPT_LONG"",""CONFIG_FIND"",""CONFIG_ASH"",""CONFIG_FEATURE_SYSLOG"",""CONFIG_FEATURE_IFUPDOWN_IP_BUILTIN"",""CONFIG_SELINUX"",""CONFIG_IP"",""CONFIG_FEATURE_WTMP""],""slice_variables"":[24,9,92,100,49,71,47,56],""source_clauses"":463}"
real|BusyBox@2007-05-20_17-12-43|hash|k8,real,BusyBox@2007-05-20_17-12-43,BusyBox,hash,8,7,2,7,0.7142857142857143,64,0.25,316a65d6d219b87e7e0d5dbdb4170deebfaa220866917d053ae8fb5c1ae2f0fa,True,36801,169508,101105,dd.cudd,cudd,3359257,33502,3,3643270,34402,3,18862381,"[{""sweep"":0,""seed"":1688029941,""nodes"":3,""setup_ns"":3643270,""build_ns"":34402,""order"":[""x3"",""x6"",""x5"",""x7"",""x1"",""x0"",""x2"",""x4""]},{""sweep"":1,""seed"":1688029942,""nodes"":3,""setup_ns"":3708673,""build_ns"":43702,""order"":[""x7"",""x0"",""x6"",""x5"",""x3"",""x1"",""x4"",""x2""]},{""sweep"":2,""seed"":1688029943,""nodes"":3,""setup_ns"":3517865,""build_ns"":38202,""order"":[""x6"",""x4"",""x0"",""x1"",""x7"",""x2"",""x3"",""x5""]},{""sweep"":3,""seed"":1688029944,""nodes"":3,""setup_ns"":3559266,""build_ns"":37602,""order"":[""x3"",""x4"",""x1"",""x5"",""x7"",""x2"",""x0"",""x6""]},{""sweep"":4,""seed"":1688029945,""nodes"":3,""setup_ns"":3533865,""build_ns"":41802,""order"":[""x2"",""x7"",""x0"",""x4"",""x6"",""x3"",""x1"",""x5""]}]",1,2,1,5,3040.145,6654.81,1558.075,311014.0,1481569.0,1.9512186512202556,0.4568342296774814,0.009774945822374556,"{""cm"":[2923.14,3040.145,2825.135,3700.675,3304.155],""cse"":[5669.765,6244.29,6654.81,6800.32,6778.815],""cnf"":[1558.075,1384.565,1667.08,1528.57,1630.58],""robdd_enumerate"":[276113.0,311014.0,336016.0,382718.0,308314.0],""robdd_naive"":[1365463.0,1476169.0,1481569.0,1825385.0,1655777.0]}",256,True,36901.0,599628.0,1669678.0,1553873.0,0.022100668512132278,0.023747758021408442,"{""packed"":[39202.0,37202.0,36901.0,35502.0,34401.0],""scalar_cnf"":[594128.0,675531.0,678532.0,599628.0,533025.0],""robdd"":[1834586.0,1692279.0,1620476.0,1669678.0,1477669.0],""cadical"":[1623076.0,1731381.0,1553873.0,1443467.0,1459469.0]}",1600,35701,829739,64,True,553926,7518,364317,7010,38202,368,3336856,40951,356,10228578,7048829,True,38,9632750,7628757,True,201,35836875,30170610,True,"{""dropped_satisfied_clauses"":456,""payload_sha256"":""1568a1dea5ef192366a643e5a1e3474c9467c55290015f986cb632f3fc77ec24"",""removed_fixed_false_literals"":271,""residual_clauses"":7,""residual_literals"":7,""slice_feature_names"":[""CONFIG_FEATURE_HDPARM_HDIO_SCAN_HWIF"",""CONFIG_FEATURE_GREP_FGREP_ALIAS"",""CONFIG_TEST"",""CONFIG_ASH_MAIL"",""CONFIG_ASH_MATH_SUPPORT_64"",""CONFIG_FEATURE_LS_USERNAME"",""CONFIG_FEATURE_EDITING_VI"",""CONFIG_EFENCE""],""slice_variables"":[41,266,45,393,392,343,372,151],""source_clauses"":463}"
real|BusyBox@2007-05-20_17-12-43|incidence|k12,real,BusyBox@2007-05-20_17-12-43,BusyBox,incidence,12,114,17,126,0.8508771929824561,1,0.000244140625,e72f8bcd3019f69b2e9bd940ab9c8b557a439f0fa75c45b998232caf6f0faf2d,True,189309,2643624,532125,dd.cudd,cudd,2851333,198609,13,3021441,179209,13,16589275,"[{""sweep"":0,""seed"":1964122857,""nodes"":13,""setup_ns"":2987740,""build_ns"":217810,""order"":[""x4"",""x2"",""x5"",""x11"",""x10"",""x8"",""x9"",""x7"",""x1"",""x0"",""x6"",""x3""]},{""sweep"":1,""seed"":1964122858,""nodes"":13,""setup_ns"":3021441,""build_ns"":179209,""order"":[""x4"",""x3"",""x5"",""x7"",""x2"",""x11"",""x9"",""x6"",""x0"",""x10"",""x8"",""x1""]},{""sweep"":2,""seed"":1964122859,""nodes"":13,""setup_ns"":3126646,""build_ns"":215410,""order"":[""x11"",""x1"",""x3"",""x0"",""x8"",""x5"",""x10"",""x7"",""x9"",""x4"",""x6"",""x2""]},{""sweep"":3,""seed"":1964122860,""nodes"":13,""setup_ns"":2936837,""build_ns"":211610,""order"":[""x7"",""x9"",""x11"",""x8"",""x6"",""x0"",""x4"",""x1"",""x2"",""x3"",""x5"",""x10""]},{""sweep"":4,""seed"":1964122861,""nodes"":13,""setup_ns"":2951638,""build_ns"":193609,""order"":[""x4"",""x0"",""x2"",""x8"",""x6"",""x9"",""x3"",""x11"",""x1"",""x10"",""x7"",""x5""]}]",18,18,41,109,42179.96,92988.36,43814.04,153407.0,39275535.0,0.9627041925373693,0.45360473074264346,0.2749545978997047,"{""cm"":[42397.98,42179.96,39675.86,40789.9,51972.42],""cse"":[100180.68,92988.36,85678.0,86718.06,100554.7],""cnf"":[64149.0,60200.8,39411.84,39153.82,43814.04],""robdd_enumerate"":[153407.0,168808.0,136007.0,139107.0,204410.0],""robdd_naive"":[39855562.0,40738404.0,39275535.0,32685627.0,31965193.0]}",256,True,82204.0,547626.0,2789230.0,1862687.0,0.029471933114156953,0.044131944873185884,"{""packed"":[77704.0,82204.0,80903.0,177309.0,172308.0],""scalar_cnf"":[518724.0,547626.0,508924.0,825938.0,889441.0],""robdd"":[3313155.0,2421213.0,2570520.0,2789230.0,4200197.0],""cadical"":[1623676.0,1754182.0,1862687.0,2164801.0,2514917.0]}",1700,40302,251912,1,True,6822219,94246,2022794,86134,188309,3644,4888828,41221,3204,13188016,8542799,True,518,11739549,8250985,True,705,35641265,38310790,True,"{""dropped_satisfied_clauses"":349,""payload_sha256"":""1568a1dea5ef192366a643e5a1e3474c9467c55290015f986cb632f3fc77ec24"",""removed_fixed_false_literals"":316,""residual_clauses"":114,""residual_literals"":126,""slice_feature_names"":[""CONFIG_GETOPT_LONG"",""CONFIG_FIND"",""CONFIG_ASH"",""CONFIG_FEATURE_SYSLOG"",""CONFIG_FEATURE_IFUPDOWN_IP_BUILTIN"",""CONFIG_SELINUX"",""CONFIG_IP"",""CONFIG_FEATURE_WTMP"",""CONFIG_VI"",""CONFIG_FEATURE_UTMP"",""CONFIG_FEATURE_IP_SHORT_FORMS"",""CONFIG_NITPICK""],""slice_variables"":[24,9,92,100,49,71,47,56,12,57,95,20],""source_clauses"":463}"
real|BusyBox@2007-05-20_17-12-43|hash|k12,real,BusyBox@2007-05-20_17-12-43,BusyBox,hash,12,7,2,7,0.7142857142857143,1024,0.25,e47b9aafd8563456fad3eced3cf5d100f0d949eda3090f204bb878c8b2448e0c,True,56302,208009,94105,dd.cudd,cudd,3683872,55803,3,3888382,44902,3,22341844,"[{""sweep"":0,""seed"":1632120489,""nodes"":3,""setup_ns"":4077991,""build_ns"":169508,""order"":[""x6"",""x9"",""x3"",""x0"",""x4"",""x1"",""x7"",""x5"",""x2"",""x11"",""x10"",""x8""]},{""sweep"":1,""seed"":1632120490,""nodes"":3,""setup_ns"":3888382,""build_ns"":44902,""order"":[""x3"",""x1"",""x2"",""x10"",""x6"",""x8"",""x11"",""x0"",""x5"",""x4"",""x9"",""x7""]},{""sweep"":2,""seed"":1632120491,""nodes"":3,""setup_ns"":3990787,""build_ns"":51902,""order"":[""x9"",""x0"",""x10"",""x6"",""x3"",""x11"",""x4"",""x2"",""x7"",""x1"",""x5"",""x8""]},{""sweep"":3,""seed"":1632120492,""nodes"":3,""setup_ns"":4803424,""build_ns"":59903,""order"":[""x7"",""x11"",""x10"",""x8"",""x0"",""x2"",""x1"",""x3"",""x4"",""x6"",""x5"",""x9""]},{""sweep"":4,""seed"":1632120493,""nodes"":3,""setup_ns"":4229898,""build_ns"":56502,""order"":[""x3"",""x2"",""x9"",""x6"",""x1"",""x8"",""x0"",""x7"",""x5"",""x4"",""x11"",""x10""]}]",1,2,1,5,6532.3,11192.52,3962.18,7418047.0,44538681.0,1.6486631097022348,0.5836308534628484,0.0008805956608255516,"{""cm"":[7558.36,8080.38,6532.3,6518.3,4556.22],""cse"":[11192.52,12556.6,13474.64,8970.42,6956.32],""cnf"":[4640.22,3962.18,4032.18,3346.14,3846.18],""robdd_enumerate"":[6256692.0,10749603.0,7418047.0,6769916.0,9345937.0],""robdd_naive"":[44538681.0,54546148.0,52392948.0,37829168.0,39808160.0]}",256,True,75503.0,594928.0,2693426.0,1692079.0,0.02803232760060978,0.044621439069925224,"{""packed"":[84004.0,84304.0,75503.0,71203.0,72603.0],""scalar_cnf"":[621229.0,634229.0,590028.0,561026.0,594928.0],""robdd"":[2966739.0,2892436.0,2693426.0,2423514.0,2529018.0],""cadical"":[1975293.0,1878887.0,1692079.0,1678579.0,1679679.0]}",3000,50602,23071478,1024,True,1419466,8231,692932,7607,64503,2448,5314549,41221,1317,10831606,7316342,True,39,10120373,8014075,True,241,48065946,35532260,True,"{""dropped_satisfied_clauses"":456,""payload_sha256"":""1568a1dea5ef192366a643e5a1e3474c9467c55290015f986cb632f3fc77ec24"",""removed_fixed_false_literals"":269,""residual_clauses"":7,""residual_literals"":7,""slice_feature_names"":[""CONFIG_FEATURE_HDPARM_HDIO_SCAN_HWIF"",""CONFIG_FEATURE_GREP_FGREP_ALIAS"",""CONFIG_TEST"",""CONFIG_ASH_MAIL"",""CONFIG_ASH_MATH_SUPPORT_64"",""CONFIG_FEATURE_LS_USERNAME"",""CONFIG_FEATURE_EDITING_VI"",""CONFIG_EFENCE"",""CONFIG_FEATURE_FIND_PATH"",""CONFIG_FEATURE_ALLOW_EXEC"",""CONFIG_GETSEBOOL"",""CONFIG_DPKG""],""slice_variables"":[41,266,45,393,392,343,372,151,403,62,91,121],""source_clauses"":463}"
real|BusyBox@2007-05-20_17-12-43|incidence|k16,real,BusyBox@2007-05-20_17-12-43,BusyBox,incidence,16,135,30,156,0.7777777777777778,1,1.52587890625e-05,7787fb4ca518c88119ca77f02de015b2effab858b3a673f0274c960abbc59e9e,True,585827,6653911,1665178,dd.cudd,cudd,3673772,339316,17,4400306,347216,17,24862562,"[{""sweep"":0,""seed"":1806837117,""nodes"":17,""setup_ns"":4400306,""build_ns"":347216,""order"":[""x9"",""x15"",""x5"",""x14"",""x0"",""x8"",""x4"",""x6"",""x11"",""x7"",""x2"",""x1"",""x10"",""x13"",""x12"",""x3""]},{""sweep"":1,""seed"":1806837118,""nodes"":17,""setup_ns"":3823179,""build_ns"":472822,""order"":[""x7"",""x4"",""x13"",""x11"",""x14"",""x3"",""x6"",""x8"",""x10"",""x12"",""x1"",""x2"",""x9"",""x15"",""x5"",""x0""]},{""sweep"":2,""seed"":1806837119,""nodes"":17,""setup_ns"":4473209,""build_ns"":464721,""order"":[""x4"",""x2"",""x14"",""x11"",""x7"",""x8"",""x0"",""x10"",""x5"",""x13"",""x1"",""x15"",""x6"",""x3"",""x12"",""x9""]},{""sweep"":3,""seed"":1806837120,""nodes"":17,""setup_ns"":4612716,""build_ns"":482922,""order"":[""x3"",""x7"",""x12"",""x10"",""x15"",""x0"",""x6"",""x13"",""x11"",""x14"",""x2"",""x9"",""x1"",""x4"",""x5"",""x8""]},{""sweep"":4,""seed"":1806837121,""nodes"":17,""setup_ns"":4408206,""build_ns"":512524,""order"":[""x13"",""x5"",""x0"",""x9"",""x7"",""x1"",""x14"",""x4"",""x6"",""x11"",""x8"",""x15"",""x10"",""x12"",""x2"",""x3""]}]",30,27,68,146,221510.4,354846.6,545505.5,284413.0,,0.40606446681105873,0.6242427009304866,0.778833597620362,"{""cm"":[171438.0,227680.6,222660.4,195609.1,221510.4],""cse"":[299174.0,264662.4,354846.6,376097.5,360556.8],""cnf"":[400838.7,441400.6,567216.6,545505.5,568316.6],""robdd_enumerate"":[228011.0,297414.0,286213.0,284413.0,268913.0]}",256,True,409219.0,512324.0,3509464.0,2220904.0,0.11660441594499901,0.18425785175766266,"{""packed"":[450421.0,392618.0,399119.0,409219.0,446921.0],""scalar_cnf"":[585528.0,512324.0,505523.0,481223.0,900642.0],""robdd"":[3382158.0,3514664.0,3509464.0,3137946.0,4755422.0],""cadical"":[2245305.0,2126299.0,2021194.0,2669025.0,2220904.0]}",13201,74304,,,True,20813324,296023,5777367,259527,1337585,52796,6003082,41429,19757,18423261,9549946,True,657,12783797,10576094,True,937,53445167,78018164,True,"{""dropped_satisfied_clauses"":328,""payload_sha256"":""1568a1dea5ef192366a643e5a1e3474c9467c55290015f986cb632f3fc77ec24"",""removed_fixed_false_literals"":309,""residual_clauses"":135,""residual_literals"":156,""slice_feature_names"":[""CONFIG_GETOPT_LONG"",""CONFIG_FIND"",""CONFIG_ASH"",""CONFIG_FEATURE_SYSLOG"",""CONFIG_FEATURE_IFUPDOWN_IP_BUILTIN"",""CONFIG_SELINUX"",""CONFIG_IP"",""CONFIG_FEATURE_WTMP"",""CONFIG_VI"",""CONFIG_FEATURE_UTMP"",""CONFIG_FEATURE_IP_SHORT_FORMS"",""CONFIG_NITPICK"",""CONFIG_LOGIN"",""CONFIG_SU"",""CONFIG_LS"",""CONFIG_TAR""],""slice_variables"":[24,9,92,100,49,71,47,56,12,57,95,20,35,53,80,166],""source_clauses"":463}"
real|BusyBox@2007-05-20_17-12-43|hash|k16,real,BusyBox@2007-05-20_17-12-43,BusyBox,hash,16,8,3,8,0.625,8192,0.125,f458b3b440a2835a251aa714af499af20b1db7effe1c6887dc88aeb72c653fbf,True,84805,465830,151510,dd.cudd,cudd,6634822,86705,4,4667997,64904,4,28958942,"[{""sweep"":0,""seed"":1523744629,""nodes"":4,""setup_ns"":5732965,""build_ns"":82105,""order"":[""x10"",""x13"",""x11"",""x7"",""x6"",""x5"",""x2"",""x3"",""x12"",""x15"",""x4"",""x0"",""x1"",""x9"",""x14"",""x8""]},{""sweep"":1,""seed"":1523744630,""nodes"":4,""setup_ns"":4763103,""build_ns"":71004,""order"":[""x13"",""x2"",""x3"",""x11"",""x6"",""x14"",""x12"",""x15"",""x8"",""x1"",""x9"",""x7"",""x0"",""x5"",""x10"",""x4""]},{""sweep"":2,""seed"":1523744631,""nodes"":4,""setup_ns"":4667997,""build_ns"":64904,""order"":[""x15"",""x5"",""x3"",""x11"",""x7"",""x13"",""x0"",""x10"",""x14"",""x1"",""x4"",""x12"",""x9"",""x6"",""x2"",""x8""]},{""sweep"":3,""seed"":1523744632,""nodes"":4,""setup_ns"":5791869,""build_ns"":70804,""order"":[""x0"",""x6"",""x12"",""x11"",""x13"",""x2"",""x14"",""x15"",""x8"",""x10"",""x9"",""x4"",""x3"",""x7"",""x1"",""x5""]},{""sweep"":4,""seed"":1523744633,""nodes"":4,""setup_ns"":6284600,""build_ns"":81305,""order"":[""x9"",""x4"",""x15"",""x12"",""x13"",""x10"",""x2"",""x14"",""x0"",""x5"",""x8"",""x6"",""x1"",""x7"",""x3"",""x11""]}]",1,2,2,6,21581.4,35252.2,23661.5,116656222.0,,0.9120892589227226,0.6122000896397957,0.00018499999082775029,"{""cm"":[21011.3,21581.4,36242.3,258146.4,21061.3],""cse"":[29931.9,18821.2,37242.4,35252.2,44772.9],""cnf"":[18521.2,15701.0,28791.9,26411.7,23661.5],""robdd_enumerate"":[81779803.0,95467374.0,119875427.0,143799749.0,116656222.0]}",256,True,383424.0,541934.0,2862182.0,1985527.0,0.13396213098957369,0.19310943643677472,"{""packed"":[530633.0,361423.0,383424.0,633240.0,338322.0],""scalar_cnf"":[658341.0,538334.0,566536.0,533234.0,541934.0],""robdd"":[3058194.0,2862182.0,2600466.0,2595465.0,3697235.0],""cadical"":[1985527.0,2154737.0,1774613.0,1988027.0,1712309.0]}",10801,40803,,,True,654041,32631,293518,39551,91506,35216,2649569,41429,16735,11871655,6424209,True,44,8157819,5936478,True,332,29794995,33022801,True,"{""dropped_satisfied_clauses"":455,""payload_sha256"":""1568a1dea5ef192366a643e5a1e3474c9467c55290015f986cb632f3fc77ec24"",""removed_fixed_false_literals"":266,""residual_clauses"":8,""residual_literals"":8,""slice_feature_names"":[""CONFIG_FEATURE_HDPARM_HDIO_SCAN_HWIF"",""CONFIG_FEATURE_GREP_FGREP_ALIAS"",""CONFIG_TEST"",""CONFIG_ASH_MAIL"",""CONFIG_ASH_MATH_SUPPORT_64"",""CONFIG_FEATURE_LS_USERNAME"",""CONFIG_FEATURE_EDITING_VI"",""CONFIG_EFENCE"",""CONFIG_FEATURE_FIND_PATH"",""CONFIG_FEATURE_ALLOW_EXEC"",""CONFIG_GETSEBOOL"",""CONFIG_DPKG"",""CONFIG_FEATURE_RUN_PARTS_FANCY"",""CONFIG_FEATURE_INITRD"",""CONFIG_TASKSET"",""CONFIG_FAKEIDENTD""],""slice_variables"":[41,266,45,393,392,343,372,151,403,62,91,121,97,433,273,376],""source_clauses"":463}"
real|BusyBox@2007-05-20_21-51-38|incidence|k8,real,BusyBox@2007-05-20_21-51-38,BusyBox,incidence,8,86,10,92,0.8837209302325582,2,0.0078125,b47a112a53771a1b108d130e6dc09763cc68b1428dd8a79f7e50f3c3dab4d45f,True,120207,1533198,372024,dd.cudd,cudd,2478758,111607,8,2720573,112407,8,14648732,"[{""sweep"":0,""seed"":812878544,""nodes"":8,""setup_ns"":2777376,""build_ns"":113507,""order"":[""x2"",""x5"",""x1"",""x7"",""x0"",""x4"",""x6"",""x3""]},{""sweep"":1,""seed"":812878545,""nodes"":8,""setup_ns"":2777577,""build_ns"":141309,""order"":[""x0"",""x4"",""x6"",""x3"",""x1"",""x7"",""x2"",""x5""]},{""sweep"":2,""seed"":812878546,""nodes"":8,""setup_ns"":2623767,""build_ns"":115807,""order"":[""x0"",""x5"",""x7"",""x1"",""x4"",""x6"",""x2"",""x3""]},{""sweep"":3,""seed"":812878547,""nodes"":8,""setup_ns"":2592665,""build_ns"":114907,""order"":[""x1"",""x6"",""x0"",""x2"",""x3"",""x5"",""x7"",""x4""]},{""sweep"":4,""seed"":812878548,""nodes"":8,""setup_ns"":2720573,""build_ns"":112407,""order"":[""x4"",""x5"",""x0"",""x6"",""x3"",""x7"",""x1"",""x2""]}]",14,16,30,72,29538.88,57135.135,15690.5,115408.0,1505696.0,1.8825964755743922,0.5170002661234633,0.255951753777901,"{""cm"":[29970.405,29538.88,28423.31,36894.845,27794.765],""cse"":[56843.115,57135.135,57904.185,75027.775,56917.625],""cnf"":[15319.975,15898.01,15421.48,15690.5,15771.0],""robdd_enumerate"":[124008.0,110607.0,115408.0,128408.0,111608.0],""robdd_naive"":[1505696.0,1524597.0,1462893.0,1552599.0,1494095.0]}",256,True,31702.0,455129.0,1347086.0,1291582.0,0.023533761021939208,0.024545092762209446,"{""packed"":[32702.0,30602.0,31702.0,43203.0,30502.0],""scalar_cnf"":[457429.0,482331.0,455129.0,451929.0,448529.0],""robdd"":[1344485.0,1366787.0,1312584.0,1347086.0,1451992.0],""cadical"":[1464293.0,1336285.0,1291582.0,1261980.0,1275881.0]}",900,32602,224415,2,True,3148501,64200,1094569,57308,81605,480,3086797,40951,1706,8976771,5715564,True,368,8076414,5658760,True,431,31227487,36809041,True,"{""dropped_satisfied_clauses"":377,""payload_sha256"":""945f45d9a2704fc7b70e9dccabaf593525dfc96473fd5f21cb77671d15242f53"",""removed_fixed_false_literals"":302,""residual_clauses"":86,""residual_literals"":92,""slice_feature_names"":[""CONFIG_GETOPT_LONG"",""CONFIG_FIND"",""CONFIG_ASH"",""CONFIG_FEATURE_SYSLOG"",""CONFIG_SELINUX"",""CONFIG_FEATURE_IFUPDOWN_IP_BUILTIN"",""CONFIG_IP"",""CONFIG_FEATURE_WTMP""],""slice_variables"":[28,57,104,66,11,53,52,39],""source_clauses"":463}"
real|BusyBox@2007-05-20_21-51-38|hash|k8,real,BusyBox@2007-05-20_21-51-38,BusyBox,hash,8,14,5,14,0.6428571428571428,8,0.03125,548d687b37e454c5fd5624e6ec7e9556b500d4ff500c7b8df761893197069646,True,36803,249316,81005,dd.cudd,cudd,2982090,51303,6,3418818,41402,6,17502913,"[{""sweep"":0,""seed"":1155669024,""nodes"":6,""setup_ns"":3141299,""build_ns"":51203,""order"":[""x5"",""x7"",""x4"",""x1"",""x2"",""x3"",""x0"",""x6""]},{""sweep"":1,""seed"":1155669025,""nodes"":6,""setup_ns"":3103997,""build_ns"":43002,""order"":[""x7"",""x1"",""x2"",""x0"",""x4"",""x3"",""x5"",""x6""]},{""sweep"":2,""seed"":1155669026,""nodes"":6,""setup_ns"":3418818,""build_ns"":41402,""order"":[""x4"",""x0"",""x2"",""x6"",""x5"",""x3"",""x1"",""x7""]},{""sweep"":3,""seed"":1155669027,""nodes"":6,""setup_ns"":3273308,""build_ns"":45203,""order"":[""x6"",""x4"",""x0"",""x1"",""x7"",""x3"",""x5"",""x2""]},{""sweep"":4,""seed"":1155669028,""nodes"":6,""setup_ns"":3736038,""build_ns"":54003,""order"":[""x4"",""x0"",""x5"",""x6"",""x1"",""x2"",""x7"",""x3""]}]",3,2,6,11,7804.495,10376.16,2677.67,90206.0,1482994.0,2.9146590132465913,0.7521563854065473,0.08651857969536395,"{""cm"":[11155.71,11069.205,7630.485,7804.495,7402.97],""cse"":[15224.97,10376.16,10177.15,10162.645,10484.67],""cnf"":[4061.26,2701.17,2648.165,2661.665,2677.67],""robdd_enumerate"":[90206.0,114908.0,112108.0,83906.0,87605.0],""robdd_naive"":[2108634.0,2060331.0,1422091.0,1482994.0,1480394.0]}",256,True,30802.0,488631.0,1358486.0,1315784.0,0.022673770653506918,0.02340961738400832,"{""packed"":[36202.0,33702.0,30802.0,30502.0,29602.0],""scalar_cnf"":[509333.0,470230.0,488631.0,457529.0,817752.0],""robdd"":[1348186.0,1358486.0,1396089.0,1281582.0,1962925.0],""cadical"":[1649705.0,1315784.0,1251379.0,1266580.0,1772513.0]}",1500,62104,263117,8,True,747048,15447,523533,12387,34302,368,2740275,40951,663,10021337,6822934,True,67,8539843,6412808,True,339,31561408,32780685,True,"{""dropped_satisfied_clauses"":449,""payload_sha256"":""945f45d9a2704fc7b70e9dccabaf593525dfc96473fd5f21cb77671d15242f53"",""removed_fixed_false_literals"":273,""residual_clauses"":14,""residual_literals"":14,""slice_feature_names"":[""CONFIG_KILL"",""CONFIG_FEATURE_MOUNT_NFS"",""CONFIG_IFCONFIG"",""CONFIG_DMALLOC"",""CONFIG_IFUPDOWN"",""CONFIG_FEATURE_MAKEDEVS_TABLE"",""CONFIG_FEATURE_PASSWD_WEAK_CHECK"",""CONFIG_FEATURE_EDITING_FANCY_KEYS""],""slice_variables"":[342,125,174,101,191,389,423,197],""source_clauses"":463}"
real|BusyBox@2007-05-20_21-51-38|incidence|k12,real,BusyBox@2007-05-20_21-51-38,BusyBox,incidence,12,118,17,131,0.8559322033898304,2,0.00048828125,b749679696b90db13cb8c8ec8c8e20d8a8719da1bb414b4615085eac99f9b6ec,True,166211,2757975,495632,dd.cudd,cudd,3067896,177311,12,2566963,160111,12,14833244,"[{""sweep"":0,""seed"":438379645,""nodes"":12,""setup_ns"":2723473,""build_ns"":169411,""order"":[""x6"",""x0"",""x10"",""x11"",""x8"",""x7"",""x3"",""x1"",""x2"",""x4"",""x5"",""x9""]},{""sweep"":1,""seed"":438379646,""nodes"":12,""setup_ns"":2701872,""build_ns"":188612,""order"":[""x1"",""x0"",""x11"",""x10"",""x4"",""x3"",""x9"",""x6"",""x2"",""x7"",""x8"",""x5""]},{""sweep"":2,""seed"":438379647,""nodes"":12,""setup_ns"":2566963,""build_ns"":160111,""order"":[""x9"",""x3"",""x6"",""x11"",""x7"",""x4"",""x10"",""x8"",""x0"",""x2"",""x1"",""x5""]},{""sweep"":3,""seed"":438379648,""nodes"":12,""setup_ns"":2562363,""build_ns"":162210,""order"":[""x11"",""x5"",""x1"",""x10"",""x3"",""x7"",""x9"",""x0"",""x6"",""x4"",""x8"",""x2""]},{""sweep"":4,""seed"":438379649,""nodes"":12,""setup_ns"":2867282,""build_ns"":217914,""order"":[""x6"",""x5"",""x9"",""x3"",""x2"",""x11"",""x0"",""x7"",""x10"",""x8"",""x1"",""x4""]}]",19,17,43,116,45752.9,92573.88,37820.42,137009.0,31905330.0,1.2097406639059007,0.4942312021490295,0.33394083600347424,"{""cm"":[45752.9,41968.68,45936.92,58001.68,43164.74],""cse"":[92871.92,90027.72,92805.92,92085.86,92573.88],""cnf"":[37722.4,37820.42,38738.46,38060.42,34688.2],""robdd_enumerate"":[194412.0,140009.0,137009.0,122708.0,125408.0],""robdd_naive"":[32196149.0,31905330.0,31365095.0,35387451.0,30550143.0]}",256,True,56604.0,419527.0,1936624.0,1458593.0,0.029228182651872537,0.038807261518463344,"{""packed"":[61404.0,56604.0,51603.0,52403.0,62404.0],""scalar_cnf"":[523434.0,416226.0,461629.0,407126.0,419527.0],""robdd"":[2089533.0,1927322.0,1936624.0,1906721.0,2160838.0],""cadical"":[1442992.0,1443492.0,1571500.0,1458593.0,1572900.0]}",1700,45903,201813,2,True,5165528,101350,1519396,88390,128309,3644,3588429,41221,3283,9733619,5531451,True,542,44607338,5692662,True,657,38222532,35318447,True,"{""dropped_satisfied_clauses"":345,""payload_sha256"":""945f45d9a2704fc7b70e9dccabaf593525dfc96473fd5f21cb77671d15242f53"",""removed_fixed_false_literals"":311,""residual_clauses"":118,""residual_literals"":131,""slice_feature_names"":[""CONFIG_GETOPT_LONG"",""CONFIG_FIND"",""CONFIG_ASH"",""CONFIG_FEATURE_SYSLOG"",""CONFIG_SELINUX"",""CONFIG_FEATURE_IFUPDOWN_IP_BUILTIN"",""CONFIG_IP"",""CONFIG_FEATURE_WTMP"",""CONFIG_FEATURE_UTMP"",""CONFIG_FEATURE_IP_SHORT_FORMS"",""CONFIG_VI"",""CONFIG_LS""],""slice_variables"":[28,57,104,66,11,53,52,39,40,48,70,26],""source_clauses"":463}"
real|BusyBox@2007-05-20_21-51-38|hash|k12,real,BusyBox@2007-05-20_21-51-38,BusyBox,hash,12,22,7,22,0.6818181818181819,32,0.0078125,d425c7229f0b75c746b99ccc425e38fb92ef3cb71a3eae53a15a0bb3b38423ae,True,51803,463130,118407,dd.cudd,cudd,2570564,85605,8,2715072,42403,8,21045439,"[{""sweep"":0,""seed"":968384434,""nodes"":8,""setup_ns"":2634568,""build_ns"":45402,""order"":[""x1"",""x5"",""x0"",""x11"",""x7"",""x3"",""x6"",""x4"",""x10"",""x9"",""x8"",""x2""]},{""sweep"":1,""seed"":968384435,""nodes"":8,""setup_ns"":2630767,""build_ns"":44003,""order"":[""x1"",""x11"",""x7"",""x3"",""x10"",""x2"",""x0"",""x9"",""x6"",""x5"",""x4"",""x8""]},{""sweep"":2,""seed"":968384436,""nodes"":8,""setup_ns"":2715072,""build_ns"":42403,""order"":[""x8"",""x2"",""x6"",""x3"",""x9"",""x0"",""x10"",""x5"",""x11"",""x4"",""x1"",""x7""]},{""sweep"":3,""seed"":968384437,""nodes"":8,""setup_ns"":2746275,""build_ns"":50803,""order"":[""x1"",""x3"",""x8"",""x10"",""x2"",""x9"",""x6"",""x0"",""x11"",""x7"",""x5"",""x4""]},{""sweep"":4,""seed"":968384438,""nodes"":8,""setup_ns"":9421500,""build_ns"":79905,""order"":[""x8"",""x3"",""x0"",""x1"",""x5"",""x2"",""x6"",""x7"",""x11"",""x10"",""x9"",""x4""]}]",2,1,8,21,9966.62,17869.14,6510.42,245615.0,31935531.0,1.5308720481935114,0.5577559972108339,0.04057822201412781,"{""cm"":[10384.66,9196.58,9966.62,10502.68,9918.62],""cse"":[17869.14,17755.14,18231.16,18019.14,17085.1],""cnf"":[6510.42,7178.46,6300.4,7372.46,6180.38],""robdd_enumerate"":[251816.0,216114.0,241316.0,343022.0,245615.0],""robdd_naive"":[32208349.0,31935531.0,35660768.0,29852999.0,31432700.0]}",256,True,58103.0,435027.0,1984326.0,1461593.0,0.02928097500108349,0.03975320078845479,"{""packed"":[63304.0,48903.0,54604.0,110607.0,58103.0],""scalar_cnf"":[435027.0,454129.0,417026.0,420927.0,435828.0],""robdd"":[1957024.0,2020529.0,2261144.0,1984326.0,1901821.0],""cadical"":[1432392.0,1410689.0,1498596.0,1494895.0,1461593.0]}",1700,46503,480831,32,True,1435992,25453,694244,21185,67504,2448,3339012,41221,1681,8760157,6160792,True,106,8139418,5752866,True,471,32104342,38438645,True,"{""dropped_satisfied_clauses"":441,""payload_sha256"":""945f45d9a2704fc7b70e9dccabaf593525dfc96473fd5f21cb77671d15242f53"",""removed_fixed_false_literals"":273,""residual_clauses"":22,""residual_literals"":22,""slice_feature_names"":[""CONFIG_KILL"",""CONFIG_FEATURE_MOUNT_NFS"",""CONFIG_IFCONFIG"",""CONFIG_DMALLOC"",""CONFIG_IFUPDOWN"",""CONFIG_FEATURE_MAKEDEVS_TABLE"",""CONFIG_FEATURE_PASSWD_WEAK_CHECK"",""CONFIG_FEATURE_EDITING_FANCY_KEYS"",""CONFIG_IPCALC"",""CONFIG_HDPARM"",""CONFIG_FEATURE_UDHCP_DEBUG"",""CONFIG_FEATURE_DEB_TAR_LZMA""],""slice_variables"":[342,125,174,101,191,389,423,197,24,71,418,304],""source_clauses"":463}"
real|BusyBox@2007-05-20_21-51-38|incidence|k16,real,BusyBox@2007-05-20_21-51-38,BusyBox,incidence,16,133,29,154,0.7819548872180451,2,3.0517578125e-05,c167fe8ada4cbdc46ee17f3de24b185fc8511a5a81767b7fd5619d22f99ee551,True,241015,3760039,718646,dd.cudd,cudd,2819779,246816,16,2794578,211814,16,15631294,"[{""sweep"":0,""seed"":2058864537,""nodes"":16,""setup_ns"":2794578,""build_ns"":211814,""order"":[""x4"",""x11"",""x2"",""x14"",""x15"",""x7"",""x8"",""x13"",""x10"",""x3"",""x12"",""x1"",""x6"",""x0"",""x9"",""x5""]},{""sweep"":1,""seed"":2058864538,""nodes"":16,""setup_ns"":2927587,""build_ns"":254116,""order"":[""x6"",""x15"",""x11"",""x8"",""x7"",""x5"",""x13"",""x3"",""x1"",""x12"",""x0"",""x2"",""x10"",""x4"",""x9"",""x14""]},{""sweep"":2,""seed"":2058864539,""nodes"":16,""setup_ns"":2659069,""build_ns"":231815,""order"":[""x4"",""x13"",""x9"",""x12"",""x7"",""x3"",""x15"",""x0"",""x5"",""x2"",""x11"",""x8"",""x1"",""x14"",""x10"",""x6""]},{""sweep"":3,""seed"":2058864540,""nodes"":16,""setup_ns"":2780177,""build_ns"":244115,""order"":[""x3"",""x5"",""x6"",""x7"",""x2"",""x14"",""x1"",""x12"",""x15"",""x8"",""x0"",""x9"",""x13"",""x10"",""x11"",""x4""]},{""sweep"":4,""seed"":2058864541,""nodes"":16,""setup_ns"":2740474,""build_ns"":243416,""order"":[""x6"",""x4"",""x12"",""x1"",""x13"",""x3"",""x11"",""x15"",""x5"",""x8"",""x0"",""x9"",""x14"",""x10"",""x2"",""x7""]}]",33,29,72,142,108136.9,185431.8,304459.3,150810.0,,0.35517686600475007,0.5831626506348965,0.7170406471719382,"{""cm"":[105306.7,107006.8,108136.9,118787.5,109807.0],""cse"":[297508.9,169970.8,190512.1,180791.5,185431.8],""cnf"":[284168.1,293868.7,307199.6,334911.3,304459.3],""robdd_enumerate"":[84305.0,207514.0,169011.0,150810.0,116607.0]}",256,True,338221.0,396425.0,2611366.0,1672607.0,0.12951880356870696,0.20221187643002808,"{""packed"":[407026.0,338221.0,333621.0,325421.0,377024.0],""scalar_cnf"":[396425.0,395025.0,431327.0,411826.0,383424.0],""robdd"":[2591865.0,2715773.0,2880784.0,2531561.0,2611366.0],""cadical"":[1734310.0,1672607.0,1725510.0,1613503.0,1611503.0]}",6901,38502,,,True,7179557,312787,2103733,267011,473130,52796,3584028,41429,19984,11062804,5885675,True,649,16094823,5507550,True,889,26613193,34738910,True,"{""dropped_satisfied_clauses"":330,""payload_sha256"":""945f45d9a2704fc7b70e9dccabaf593525dfc96473fd5f21cb77671d15242f53"",""removed_fixed_false_literals"":304,""residual_clauses"":133,""residual_literals"":154,""slice_feature_names"":[""CONFIG_GETOPT_LONG"",""CONFIG_FIND"",""CONFIG_ASH"",""CONFIG_FEATURE_SYSLOG"",""CONFIG_SELINUX"",""CONFIG_FEATURE_IFUPDOWN_IP_BUILTIN"",""CONFIG_IP"",""CONFIG_FEATURE_WTMP"",""CONFIG_FEATURE_UTMP"",""CONFIG_FEATURE_IP_SHORT_FORMS"",""CONFIG_VI"",""CONFIG_LS"",""CONFIG_LOGIN"",""CONFIG_SU"",""CONFIG_TAR"",""CONFIG_NITPICK""],""slice_variables"":[28,57,104,66,11,53,52,39,40,48,70,26,42,43,63,133],""source_clauses"":463}"
real|BusyBox@2007-05-20_21-51-38|hash|k16,real,BusyBox@2007-05-20_21-51-38,BusyBox,hash,16,22,7,22,0.6818181818181819,512,0.0078125,e39be1e3bd07926afec8f0b6d34013c2b9000c2bf069434f2239ecd98a246ac5,True,54304,453129,128608,dd.cudd,cudd,2683170,43603,8,2690071,40302,8,14186503,"[{""sweep"":0,""seed"":192922556,""nodes"":8,""setup_ns"":3015991,""build_ns"":49104,""order"":[""x7"",""x2"",""x11"",""x0"",""x4"",""x14"",""x5"",""x3"",""x10"",""x1"",""x6"",""x8"",""x13"",""x15"",""x9"",""x12""]},{""sweep"":1,""seed"":192922557,""nodes"":8,""setup_ns"":2690071,""build_ns"":40302,""order"":[""x10"",""x5"",""x12"",""x15"",""x9"",""x1"",""x8"",""x3"",""x0"",""x14"",""x13"",""x4"",""x6"",""x11"",""x2"",""x7""]},{""sweep"":2,""seed"":192922558,""nodes"":8,""setup_ns"":2576264,""build_ns"":42202,""order"":[""x15"",""x13"",""x5"",""x11"",""x14"",""x9"",""x1"",""x3"",""x6"",""x4"",""x10"",""x7"",""x12"",""x8"",""x0"",""x2""]},{""sweep"":3,""seed"":192922559,""nodes"":8,""setup_ns"":2574163,""build_ns"":43303,""order"":[""x2"",""x7"",""x9"",""x12"",""x6"",""x3"",""x4"",""x8"",""x15"",""x10"",""x14"",""x11"",""x0"",""x13"",""x5"",""x1""]},{""sweep"":4,""seed"":192922560,""nodes"":8,""setup_ns"":2632868,""build_ns"":43503,""order"":[""x11"",""x1"",""x15"",""x10"",""x6"",""x3"",""x13"",""x4"",""x12"",""x14"",""x5"",""x8"",""x0"",""x7"",""x9"",""x2""]}]",2,1,8,21,21311.4,34172.2,34082.2,3667633.0,,0.6252941418100945,0.6236472922434027,0.0058106686246960915,"{""cm"":[31462.0,18361.2,28991.8,21311.4,21301.4],""cse"":[31832.1,31092.0,34172.2,34612.2,41702.6],""cnf"":[33962.1,33092.1,65424.1,45662.9,34082.2],""robdd_enumerate"":[3534125.0,3707036.0,4390279.0,3667633.0,3582828.0]}",256,True,315220.0,385324.0,2559363.0,1656006.0,0.1231634590325796,0.19034955187360433,"{""packed"":[315220.0,323520.0,314120.0,313520.0,391225.0],""scalar_cnf"":[397125.0,396525.0,384225.0,383425.0,385324.0],""robdd"":[2628767.0,3175002.0,2416553.0,2559363.0,2387852.0],""cadical"":[1701809.0,1656006.0,1535398.0,1599101.0,2199140.0]}",7000,33702,,,True,1316583,49618,476930,36170,111507,35216,3099597,41429,17041,11013001,6234397,True,106,74683852,5672961,True,515,39492313,31660314,True,"{""dropped_satisfied_clauses"":441,""payload_sha256"":""945f45d9a2704fc7b70e9dccabaf593525dfc96473fd5f21cb77671d15242f53"",""removed_fixed_false_literals"":270,""residual_clauses"":22,""residual_literals"":22,""slice_feature_names"":[""CONFIG_KILL"",""CONFIG_FEATURE_MOUNT_NFS"",""CONFIG_IFCONFIG"",""CONFIG_DMALLOC"",""CONFIG_IFUPDOWN"",""CONFIG_FEATURE_MAKEDEVS_TABLE"",""CONFIG_FEATURE_PASSWD_WEAK_CHECK"",""CONFIG_FEATURE_EDITING_FANCY_KEYS"",""CONFIG_IPCALC"",""CONFIG_HDPARM"",""CONFIG_FEATURE_UDHCP_DEBUG"",""CONFIG_FEATURE_DEB_TAR_LZMA"",""CONFIG_EXPR_MATH_SUPPORT_64"",""CONFIG_FEATURE_PIDOF_OMIT"",""CONFIG_FEATURE_EXTRA_QUIET"",""CONFIG_FEATURE_HTTPD_CONFIG_WITH_MIME_TYPES""],""slice_variables"":[342,125,174,101,191,389,423,197,24,71,418,304,426,294,329,315],""source_clauses"":463}"
real|BusyBox@2008-07-15_22-01-49|incidence|k8,real,BusyBox@2008-07-15_22-01-49,BusyBox,incidence,8,105,11,109,0.8952380952380953,1,0.00390625,25e947aaa44b7574bce0d0ac4d91d63489a7837f6af73764eab3cc83eff2b01f,True,142909,2339649,385324,dd.cudd,cudd,2526361,128408,9,2678870,123808,9,14712136,"[{""sweep"":0,""seed"":948761729,""nodes"":9,""setup_ns"":2780677,""build_ns"":125408,""order"":[""x1"",""x6"",""x2"",""x5"",""x7"",""x3"",""x4"",""x0""]},{""sweep"":1,""seed"":948761730,""nodes"":9,""setup_ns"":2678870,""build_ns"":123808,""order"":[""x7"",""x0"",""x6"",""x3"",""x2"",""x1"",""x5"",""x4""]},{""sweep"":2,""seed"":948761731,""nodes"":9,""setup_ns"":3005091,""build_ns"":170011,""order"":[""x1"",""x7"",""x3"",""x2"",""x0"",""x4"",""x5"",""x6""]},{""sweep"":3,""seed"":948761732,""nodes"":9,""setup_ns"":2522360,""build_ns"":135609,""order"":[""x3"",""x7"",""x1"",""x0"",""x2"",""x5"",""x6"",""x4""]},{""sweep"":4,""seed"":948761733,""nodes"":9,""setup_ns"":2572264,""build_ns"":130108,""order"":[""x1"",""x0"",""x4"",""x3"",""x2"",""x7"",""x5"",""x6""]}]",17,19,36,90,33891.155,70834.505,19203.72,125408.0,1545198.0,1.7648223885788794,0.47845545048984245,0.27024715329165605,"{""cm"":[35173.74,32905.095,35391.75,33299.12,33891.155],""cse"":[73965.205,71784.565,67076.77,70834.505,70365.98],""cnf"":[18471.675,19376.235,19203.72,19364.735,19047.215],""robdd_enumerate"":[60804.0,125408.0,132809.0,109107.0,135908.0],""robdd_naive"":[1475694.0,1545198.0,1634204.0,1530197.0,1593102.0]}",256,True,31302.0,507533.0,1424791.0,1287282.0,0.021969537988378647,0.02431635026357861,"{""packed"":[32602.0,31302.0,29802.0,32202.0,30702.0],""scalar_cnf"":[522033.0,512532.0,501432.0,501932.0,507533.0],""robdd"":[1783214.0,1424791.0,1440592.0,1259880.0,1304983.0],""cadical"":[1318384.0,1299783.0,1251179.0,1287282.0,1265780.0]}",900,33702,181612,1,True,4126262,76728,1288381,71600,101007,540,3097597,40951,1930,9310292,6243098,True,447,45592101,6326402,True,479,41778358,34234478,True,"{""dropped_satisfied_clauses"":504,""payload_sha256"":""87b7ba10a92af198bbe68fe87e3f2b635fa9fc064d557b688dae9fdf25087c40"",""removed_fixed_false_literals"":363,""residual_clauses"":105,""residual_literals"":109,""slice_feature_names"":[""CONFIG_GETOPT_LONG"",""CONFIG_FIND"",""CONFIG_INSMOD"",""CONFIG_MODPROBE_SMALL"",""CONFIG_SELINUX"",""CONFIG_ASH"",""CONFIG_MODPROBE"",""CONFIG_VOLUMEID""],""slice_variables"":[87,46,44,51,77,169,91,128],""source_clauses"":609}"
real|BusyBox@2008-07-15_22-01-49|hash|k8,real,BusyBox@2008-07-15_22-01-49,BusyBox,hash,8,18,3,18,0.8333333333333334,32,0.125,648f982897ac7b310d86c0acd76b68e6afbbaa01ca28a674152a93441728c16d,True,42703,258617,96606,dd.cudd,cudd,2729473,43203,4,2594365,35502,4,15107261,"[{""sweep"":0,""seed"":2107589226,""nodes"":4,""setup_ns"":2594365,""build_ns"":35502,""order"":[""x7"",""x3"",""x0"",""x5"",""x6"",""x2"",""x4"",""x1""]},{""sweep"":1,""seed"":2107589227,""nodes"":4,""setup_ns"":3099998,""build_ns"":53903,""order"":[""x1"",""x7"",""x2"",""x4"",""x6"",""x3"",""x0"",""x5""]},{""sweep"":2,""seed"":2107589228,""nodes"":4,""setup_ns"":2654769,""build_ns"":37302,""order"":[""x5"",""x2"",""x3"",""x0"",""x6"",""x4"",""x1"",""x7""]},{""sweep"":3,""seed"":2107589229,""nodes"":4,""setup_ns"":2585264,""build_ns"":36903,""order"":[""x5"",""x2"",""x7"",""x6"",""x4"",""x0"",""x3"",""x1""]},{""sweep"":4,""seed"":2107589230,""nodes"":4,""setup_ns"":3357714,""build_ns"":43202,""order"":[""x5"",""x0"",""x7"",""x1"",""x6"",""x2"",""x4"",""x3""]}]",2,3,3,11,4534.785,10166.645,3448.72,172911.0,1460493.0,1.3149182885244382,0.44604537681801615,0.026226122109061886,"{""cm"":[4534.785,4433.28,4472.285,5250.335,4809.81],""cse"":[11084.71,9834.625,10163.15,10451.165,10166.645],""cnf"":[3592.225,3448.72,3289.705,3332.21,3687.73],""robdd_enumerate"":[146409.0,201613.0,172911.0,169511.0,201412.0],""robdd_naive"":[1235279.0,1460493.0,1459592.0,1750911.0,1477194.0]}",256,True,33602.0,917559.0,1372187.0,1325285.0,0.02448791600561731,0.025354546380589836,"{""packed"":[34702.0,31902.0,33602.0,34302.0,31802.0],""scalar_cnf"":[917559.0,1084769.0,913858.0,889457.0,1096170.0],""robdd"":[1335785.0,1544298.0,1372187.0,1316883.0,1410290.0],""cadical"":[1391288.0,1316384.0,1391789.0,1325285.0,1302083.0]}",1300,59204,742647,32,True,647142,11073,346322,13733,38102,368,2794078,40951,481,8822861,6375506,True,83,7584383,6032584,True,247,27294036,31379097,True,"{""dropped_satisfied_clauses"":591,""payload_sha256"":""87b7ba10a92af198bbe68fe87e3f2b635fa9fc064d557b688dae9fdf25087c40"",""removed_fixed_false_literals"":351,""residual_clauses"":18,""residual_literals"":18,""slice_feature_names"":[""CONFIG_IPADDR"",""CONFIG_ASH_MAIL"",""CONFIG_DEVFSD_VERBOSE"",""CONFIG_FEATURE_SYSLOG"",""CONFIG_FEATURE_HEXDUMP_REVERSE"",""CONFIG_FEATURE_VERBOSE_USAGE"",""CONFIG_BRCTL"",""CONFIG_FEATURE_MTAB_SUPPORT""],""slice_variables"":[50,387,508,108,516,464,325,164],""source_clauses"":609}"
real|BusyBox@2008-07-15_22-01-49|incidence|k12,real,BusyBox@2008-07-15_22-01-49,BusyBox,incidence,12,141,47,211,0.6666666666666667,2,0.00048828125,53c708fdafc87873c56d7844a06282d0ba74971a0b02040d54a865808a58544c,True,311320,4230069,797851,dd.cudd,cudd,2656769,323720,12,2583664,291219,12,15687598,"[{""sweep"":0,""seed"":138440822,""nodes"":12,""setup_ns"":2837881,""build_ns"":327621,""order"":[""x8"",""x2"",""x0"",""x5"",""x10"",""x7"",""x3"",""x6"",""x4"",""x9"",""x1"",""x11""]},{""sweep"":1,""seed"":138440823,""nodes"":12,""setup_ns"":2583664,""build_ns"":291219,""order"":[""x7"",""x10"",""x6"",""x4"",""x5"",""x9"",""x8"",""x2"",""x11"",""x0"",""x1"",""x3""]},{""sweep"":2,""seed"":138440824,""nodes"":12,""setup_ns"":2584665,""build_ns"":308120,""order"":[""x0"",""x2"",""x9"",""x4"",""x1"",""x3"",""x8"",""x10"",""x7"",""x11"",""x5"",""x6""]},{""sweep"":3,""seed"":138440825,""nodes"":12,""setup_ns"":2753276,""build_ns"":359622,""order"":[""x6"",""x5"",""x10"",""x0"",""x4"",""x7"",""x11"",""x8"",""x1"",""x9"",""x3"",""x2""]},{""sweep"":4,""seed"":138440826,""nodes"":12,""setup_ns"":2827580,""build_ns"":318920,""order"":[""x6"",""x1"",""x0"",""x11"",""x8"",""x3"",""x9"",""x5"",""x10"",""x2"",""x7"",""x4""]}]",55,56,111,181,104082.62,151329.64,75734.82,162811.0,32968798.0,1.3743033917556018,0.6877874023885868,0.6392849377499064,"{""cm"":[94480.02,102194.5,106634.78,104210.64,104082.62],""cse"":[143437.12,151329.64,149945.54,156003.92,151367.64],""cnf"":[72126.6,74920.76,87479.56,77920.94,75734.82],""robdd_enumerate"":[189412.0,162811.0,177511.0,139908.0,153509.0],""robdd_naive"":[30339130.0,33355622.0,32968798.0,33425926.0,31536906.0]}",256,True,58504.0,444028.0,2041330.0,1504795.0,0.028659746341845756,0.038878385427915434,"{""packed"":[64304.0,53204.0,60804.0,58504.0,53104.0],""scalar_cnf"":[444028.0,436728.0,494332.0,509833.0,436428.0],""robdd"":[2041330.0,2074632.0,2083832.0,1982627.0,2006327.0],""cadical"":[1492295.0,1669706.0,1492795.0,1504795.0,1563499.0]}",1900,37502,241516,2,True,8927968,164150,2662070,138494,220214,3644,3631631,41221,6173,9363196,6323502,True,824,7833498,5679762,True,658,27145227,40172056,True,"{""dropped_satisfied_clauses"":468,""payload_sha256"":""87b7ba10a92af198bbe68fe87e3f2b635fa9fc064d557b688dae9fdf25087c40"",""removed_fixed_false_literals"":361,""residual_clauses"":141,""residual_literals"":211,""slice_feature_names"":[""CONFIG_GETOPT_LONG"",""CONFIG_FIND"",""CONFIG_INSMOD"",""CONFIG_MODPROBE_SMALL"",""CONFIG_SELINUX"",""CONFIG_ASH"",""CONFIG_MODPROBE"",""CONFIG_VOLUMEID"",""CONFIG_DEFAULT_DEPMOD_FILE"",""CONFIG_DEFAULT_MODULES_DIR"",""CONFIG_RMMOD"",""CONFIG_DEPMOD""],""slice_variables"":[87,46,44,51,77,169,91,128,90,154,89,92],""source_clauses"":609}"
real|BusyBox@2008-07-15_22-01-49|hash|k12,real,BusyBox@2008-07-15_22-01-49,BusyBox,hash,12,19,4,19,0.7894736842105263,256,0.0625,c7caf7f46c7a65724e992dc3f90cbbc3c3818ddbd8397260457ee856222b207e,True,48303,316120,102806,dd.cudd,cudd,2839581,48003,5,2565763,36602,5,14272708,"[{""sweep"":0,""seed"":2032447649,""nodes"":5,""setup_ns"":3049194,""build_ns"":49003,""order"":[""x2"",""x6"",""x9"",""x0"",""x10"",""x1"",""x4"",""x7"",""x3"",""x8"",""x11"",""x5""]},{""sweep"":1,""seed"":2032447650,""nodes"":5,""setup_ns"":2605366,""build_ns"":41402,""order"":[""x7"",""x9"",""x10"",""x1"",""x5"",""x3"",""x0"",""x11"",""x8"",""x2"",""x4"",""x6""]},{""sweep"":2,""seed"":2032447651,""nodes"":5,""setup_ns"":2677070,""build_ns"":39203,""order"":[""x1"",""x7"",""x6"",""x11"",""x4"",""x2"",""x10"",""x5"",""x0"",""x3"",""x9"",""x8""]},{""sweep"":3,""seed"":2032447652,""nodes"":5,""setup_ns"":2565763,""build_ns"":36602,""order"":[""x7"",""x3"",""x8"",""x5"",""x11"",""x1"",""x4"",""x6"",""x10"",""x2"",""x0"",""x9""]},{""sweep"":4,""seed"":2032447653,""nodes"":5,""setup_ns"":2650868,""build_ns"":38503,""order"":[""x6"",""x10"",""x5"",""x8"",""x2"",""x4"",""x1"",""x0"",""x7"",""x11"",""x9"",""x3""]}]",1,3,3,12,5724.36,15616.98,5932.38,1624104.0,36072695.0,0.9649348153692109,0.3665471813372368,0.0035246265017511193,"{""cm"":[5654.36,5800.38,9898.62,5682.36,5724.36],""cse"":[15616.98,23017.46,20121.28,11344.72,12162.78],""cnf"":[8440.52,11514.74,5528.34,5276.34,5932.38],""robdd_enumerate"":[1624104.0,2170638.0,1325585.0,2056531.0,1330384.0],""robdd_naive"":[32066840.0,40817997.0,37247270.0,36072695.0,30859764.0]}",256,True,61404.0,791951.0,2125136.0,1510696.0,0.028894150774350442,0.040646165740824095,"{""packed"":[66004.0,63304.0,61404.0,52904.0,57903.0],""scalar_cnf"":[740847.0,780350.0,799951.0,794550.0,791951.0],""robdd"":[2192839.0,2093033.0,2125136.0,2229841.0,2034729.0],""cadical"":[1488595.0,1492595.0,1547398.0,1510696.0,1567100.0]}",1600,31702,2880883,256,True,812252,14332,354123,15000,36503,2448,2875883,41221,1431,8660251,5945478,True,88,7592483,5637958,True,333,35879083,31069377,True,"{""dropped_satisfied_clauses"":590,""payload_sha256"":""87b7ba10a92af198bbe68fe87e3f2b635fa9fc064d557b688dae9fdf25087c40"",""removed_fixed_false_literals"":349,""residual_clauses"":19,""residual_literals"":19,""slice_feature_names"":[""CONFIG_IPADDR"",""CONFIG_ASH_MAIL"",""CONFIG_DEVFSD_VERBOSE"",""CONFIG_FEATURE_SYSLOG"",""CONFIG_FEATURE_HEXDUMP_REVERSE"",""CONFIG_FEATURE_VERBOSE_USAGE"",""CONFIG_BRCTL"",""CONFIG_FEATURE_MTAB_SUPPORT"",""CONFIG_FEATURE_PS_TIME"",""CONFIG_FTPPUT"",""CONFIG_FEATURE_PIDOF_SINGLE"",""CONFIG_FEATURE_LESS_BRACKETS""],""slice_variables"":[50,387,508,108,516,464,325,164,184,496,251,517],""source_clauses"":609}"
real|BusyBox@2008-07-15_22-01-49|incidence|k16,real,BusyBox@2008-07-15_22-01-49,BusyBox,incidence,16,176,52,250,0.7045454545454546,4,6.103515625e-05,6de4f0c6237bcd3404d713b3a2ecde35fa2b767d7750c18127a547cec21d035c,True,306919,5291337,1021065,dd.cudd,cudd,3022192,439128,15,2632367,371524,15,16667660,"[{""sweep"":0,""seed"":131566778,""nodes"":15,""setup_ns"":2841781,""build_ns"":381124,""order"":[""x13"",""x4"",""x0"",""x8"",""x1"",""x5"",""x9"",""x10"",""x2"",""x15"",""x14"",""x3"",""x11"",""x6"",""x12"",""x7""]},{""sweep"":1,""seed"":131566779,""nodes"":15,""setup_ns"":2639568,""build_ns"":406626,""order"":[""x10"",""x14"",""x2"",""x12"",""x4"",""x7"",""x5"",""x9"",""x8"",""x13"",""x3"",""x15"",""x6"",""x0"",""x1"",""x11""]},{""sweep"":2,""seed"":131566780,""nodes"":15,""setup_ns"":2940988,""build_ns"":382724,""order"":[""x8"",""x2"",""x9"",""x4"",""x1"",""x6"",""x14"",""x15"",""x12"",""x11"",""x13"",""x5"",""x3"",""x10"",""x0"",""x7""]},{""sweep"":3,""seed"":131566781,""nodes"":15,""setup_ns"":2952388,""build_ns"":583737,""order"":[""x3"",""x5"",""x12"",""x7"",""x8"",""x0"",""x2"",""x6"",""x4"",""x10"",""x14"",""x13"",""x11"",""x1"",""x9"",""x15""]},{""sweep"":4,""seed"":131566782,""nodes"":15,""setup_ns"":2632367,""build_ns"":371524,""order"":[""x8"",""x0"",""x5"",""x11"",""x15"",""x9"",""x10"",""x7"",""x12"",""x6"",""x3"",""x13"",""x4"",""x2"",""x1"",""x14""]}]",65,62,132,217,205253.1,267117.0,624269.7,195312.0,,0.32878914353844185,0.7684014869888476,1.0508985623003195,"{""cm"":[168430.7,180911.5,212613.5,205253.1,213153.5],""cse"":[252726.1,276817.6,274917.5,256776.3,267117.0],""cnf"":[626319.8,624159.7,611168.9,624269.7,646781.2],""robdd_enumerate"":[187312.0,229615.0,139909.0,221314.0,195312.0]}",256,True,347523.0,529033.0,2834080.0,1732510.0,0.12262286173996499,0.20058931838777266,"{""packed"":[511732.0,347523.0,332421.0,371523.0,300319.0],""scalar_cnf"":[758349.0,529033.0,549435.0,511633.0,473930.0],""robdd"":[3564026.0,3766239.0,2820679.0,2834080.0,2716173.0],""cadical"":[2315848.0,1977625.0,1732510.0,1699108.0,1469994.0]}",7101,42402,,,True,11517033,573459,3232406,550851,890856,52796,3539825,41429,22545,11358123,6442310,True,1012,57645867,5441546,True,843,26667096,34999826,True,"{""dropped_satisfied_clauses"":433,""payload_sha256"":""87b7ba10a92af198bbe68fe87e3f2b635fa9fc064d557b688dae9fdf25087c40"",""removed_fixed_false_literals"":365,""residual_clauses"":176,""residual_literals"":250,""slice_feature_names"":[""CONFIG_GETOPT_LONG"",""CONFIG_FIND"",""CONFIG_INSMOD"",""CONFIG_MODPROBE_SMALL"",""CONFIG_SELINUX"",""CONFIG_ASH"",""CONFIG_MODPROBE"",""CONFIG_VOLUMEID"",""CONFIG_DEFAULT_DEPMOD_FILE"",""CONFIG_DEFAULT_MODULES_DIR"",""CONFIG_RMMOD"",""CONFIG_DEPMOD"",""CONFIG_FEATURE_SYSLOG"",""CONFIG_IP"",""CONFIG_FEATURE_IFUPDOWN_IP_BUILTIN"",""CONFIG_VI""],""slice_variables"":[87,46,44,51,77,169,91,128,90,154,89,92,108,14,16,66],""source_clauses"":609}"
real|BusyBox@2008-07-15_22-01-49|hash|k16,real,BusyBox@2008-07-15_22-01-49,BusyBox,hash,16,19,4,19,0.7894736842105263,4096,0.0625,800d05f03b6d0072a370bae82095300742c040bbab8531912f18ca34dee10efe,True,51403,423427,119808,dd.cudd,cudd,3231606,62604,5,3259007,45403,5,17083687,"[{""sweep"":0,""seed"":1412280739,""nodes"":5,""setup_ns"":2935387,""build_ns"":48903,""order"":[""x13"",""x3"",""x10"",""x12"",""x5"",""x14"",""x2"",""x15"",""x9"",""x11"",""x4"",""x1"",""x8"",""x7"",""x0"",""x6""]},{""sweep"":1,""seed"":1412280740,""nodes"":5,""setup_ns"":3208504,""build_ns"":47703,""order"":[""x4"",""x8"",""x3"",""x10"",""x9"",""x12"",""x7"",""x1"",""x14"",""x0"",""x6"",""x13"",""x2"",""x15"",""x5"",""x11""]},{""sweep"":2,""seed"":1412280741,""nodes"":5,""setup_ns"":3259007,""build_ns"":45403,""order"":[""x11"",""x4"",""x3"",""x8"",""x5"",""x12"",""x13"",""x0"",""x1"",""x2"",""x6"",""x14"",""x9"",""x7"",""x15"",""x10""]},{""sweep"":3,""seed"":1412280742,""nodes"":5,""setup_ns"":3378915,""build_ns"":90406,""order"":[""x0"",""x14"",""x6"",""x10"",""x3"",""x4"",""x8"",""x15"",""x9"",""x13"",""x2"",""x7"",""x5"",""x1"",""x12"",""x11""]},{""sweep"":4,""seed"":1412280743,""nodes"":5,""setup_ns"":3362714,""build_ns"":88606,""order"":[""x13"",""x12"",""x10"",""x5"",""x1"",""x3"",""x11"",""x6"",""x0"",""x4"",""x9"",""x2"",""x15"",""x7"",""x8"",""x14""]}]",1,3,3,12,18721.2,24031.5,32232.1,30145017.0,,0.5808247058057031,0.7790275263716373,0.0006210379645830023,"{""cm"":[18971.2,18731.2,18721.2,12640.8,18671.1],""cse"":[28861.8,24031.5,23621.5,22721.5,29321.9],""cnf"":[50133.2,30912.0,32232.1,29841.9,34492.2],""robdd_enumerate"":[30262026.0,29859700.0,30128317.0,30145017.0,39432908.0]}",256,True,331021.0,744348.0,2640268.0,1638304.0,0.12537401506210732,0.20205102349747056,"{""packed"":[338622.0,316720.0,331021.0,352222.0,330721.0],""scalar_cnf"":[800651.0,737947.0,744348.0,776550.0,741847.0],""robdd"":[2982990.0,2640268.0,2347249.0,3281409.0,2449256.0],""cadical"":[1638304.0,1555299.0,1695208.0,1664006.0,1611003.0]}",6900,33502,,,True,1152973,35473,411626,50001,104907,35216,2889784,41429,16791,10587674,5616957,True,88,7778695,5575454,True,377,31343494,31948332,True,"{""dropped_satisfied_clauses"":590,""payload_sha256"":""87b7ba10a92af198bbe68fe87e3f2b635fa9fc064d557b688dae9fdf25087c40"",""removed_fixed_false_literals"":343,""residual_clauses"":19,""residual_literals"":19,""slice_feature_names"":[""CONFIG_IPADDR"",""CONFIG_ASH_MAIL"",""CONFIG_DEVFSD_VERBOSE"",""CONFIG_FEATURE_SYSLOG"",""CONFIG_FEATURE_HEXDUMP_REVERSE"",""CONFIG_FEATURE_VERBOSE_USAGE"",""CONFIG_BRCTL"",""CONFIG_FEATURE_MTAB_SUPPORT"",""CONFIG_FEATURE_PS_TIME"",""CONFIG_FTPPUT"",""CONFIG_FEATURE_PIDOF_SINGLE"",""CONFIG_FEATURE_LESS_BRACKETS"",""CONFIG_FEATURE_GREP_EGREP_ALIAS"",""CONFIG_FEATURE_FIND_DELETE"",""CONFIG_FEATURE_SORT_BIG"",""CONFIG_FEATURE_RUN_PARTS_LONG_OPTIONS""],""slice_variables"":[50,387,508,108,516,464,325,164,184,496,251,517,366,377,236,255],""source_clauses"":609}"
real|BusyBox@2008-07-17_18-26-45|incidence|k8,real,BusyBox@2008-07-17_18-26-45,BusyBox,incidence,8,105,11,109,0.8952380952380953,1,0.00390625,25e947aaa44b7574bce0d0ac4d91d63489a7837f6af73764eab3cc83eff2b01f,True,130408,2549662,969662,dd.cudd,cudd,2958088,163511,9,3763140,164210,9,18715391,"[{""sweep"":0,""seed"":1846537525,""nodes"":9,""setup_ns"":3763140,""build_ns"":164210,""order"":[""x4"",""x1"",""x5"",""x7"",""x0"",""x3"",""x6"",""x2""]},{""sweep"":1,""seed"":1846537526,""nodes"":9,""setup_ns"":3266908,""build_ns"":164210,""order"":[""x2"",""x6"",""x3"",""x0"",""x7"",""x4"",""x1"",""x5""]},{""sweep"":2,""seed"":1846537527,""nodes"":9,""setup_ns"":3609130,""build_ns"":197412,""order"":[""x2"",""x5"",""x6"",""x1"",""x0"",""x4"",""x3"",""x7""]},{""sweep"":3,""seed"":1846537528,""nodes"":9,""setup_ns"":3309711,""build_ns"":190712,""order"":[""x7"",""x1"",""x4"",""x6"",""x5"",""x2"",""x0"",""x3""]},{""sweep"":4,""seed"":1846537529,""nodes"":9,""setup_ns"":3274308,""build_ns"":182012,""order"":[""x0"",""x7"",""x1"",""x4"",""x3"",""x5"",""x6"",""x2""]}]",17,19,36,90,33789.15,70785.505,20334.795,122707.0,1471494.0,1.6616420278640627,0.47734560910457585,0.2753644861336354,"{""cm"":[50787.73,33789.15,33607.14,35126.735,33680.64],""cse"":[74449.735,68825.38,70785.505,71846.57,65410.16],""cnf"":[18293.16,21179.35,22150.91,19266.225,20334.795],""robdd_enumerate"":[56204.0,159310.0,126708.0,120008.0,122707.0],""robdd_naive"":[1959924.0,1449392.0,1471494.0,1488395.0,1467094.0]}",256,True,31502.0,522333.0,1362487.0,1379088.0,0.02312095454855716,0.02284263223231585,"{""packed"":[32602.0,30602.0,30302.0,31502.0,32102.0],""scalar_cnf"":[522333.0,497232.0,507933.0,549135.0,552435.0],""robdd"":[1362487.0,1278781.0,1286281.0,1406689.0,1555599.0],""cadical"":[1277081.0,1379088.0,1247080.0,1381088.0,1480794.0]}",900,32702,177011,1,True,3609330,76728,1271381,71600,93306,540,3653333,40951,1930,8894666,6499413,True,447,7925104,5957779,True,479,37524588,34095269,True,"{""dropped_satisfied_clauses"":505,""payload_sha256"":""ea646e62de53c246a8ebcfdc01b97657ca5e7cd3e27f515e8b75ca8d28355b5c"",""removed_fixed_false_literals"":364,""residual_clauses"":105,""residual_literals"":109,""slice_feature_names"":[""CONFIG_GETOPT_LONG"",""CONFIG_FIND"",""CONFIG_INSMOD"",""CONFIG_MODPROBE_SMALL"",""CONFIG_SELINUX"",""CONFIG_ASH"",""CONFIG_MODPROBE"",""CONFIG_VOLUMEID""],""slice_variables"":[87,46,44,51,77,170,91,129],""source_clauses"":610}"
real|BusyBox@2008-07-17_18-26-45|hash|k8,real,BusyBox@2008-07-17_18-26-45,BusyBox,hash,8,6,3,7,0.5,64,0.25,43f0c17bb223037e8156e69d669d25c2f20761731364f3205169fb030fb29a7a,True,36202,200113,73605,dd.cudd,cudd,2917485,39303,3,2627367,27602,3,14515224,"[{""sweep"":0,""seed"":1767726326,""nodes"":3,""setup_ns"":2838281,""build_ns"":30002,""order"":[""x5"",""x1"",""x7"",""x0"",""x3"",""x6"",""x2"",""x4""]},{""sweep"":1,""seed"":1767726327,""nodes"":3,""setup_ns"":2817579,""build_ns"":29702,""order"":[""x2"",""x3"",""x1"",""x4"",""x0"",""x5"",""x7"",""x6""]},{""sweep"":2,""seed"":1767726328,""nodes"":3,""setup_ns"":2627367,""build_ns"":27602,""order"":[""x0"",""x5"",""x6"",""x1"",""x4"",""x7"",""x3"",""x2""]},{""sweep"":3,""seed"":1767726329,""nodes"":3,""setup_ns"":2778577,""build_ns"":35803,""order"":[""x2"",""x4"",""x3"",""x5"",""x7"",""x6"",""x1"",""x0""]},{""sweep"":4,""seed"":1767726330,""nodes"":3,""setup_ns"":2777977,""build_ns"":34802,""order"":[""x2"",""x0"",""x7"",""x5"",""x6"",""x1"",""x4"",""x3""]}]",4,5,5,7,5981.38,7802.995,1932.12,292619.0,1410589.0,3.0957600977164983,0.7665492544849766,0.020440846288176776,"{""cm"":[5799.37,5942.875,5981.38,6726.93,6332.905],""cse"":[7419.975,8062.515,8749.56,7677.49,7802.995],""cnf"":[1881.62,1865.62,1932.12,1971.63,1961.125],""robdd_enumerate"":[281718.0,278517.0,304120.0,308219.0,292619.0],""robdd_naive"":[1353586.0,1470093.0,1450892.0,1354486.0,1410589.0]}",256,True,33602.0,427827.0,1330484.0,1309184.0,0.025255470941401775,0.025666369280406727,"{""packed"":[34702.0,33602.0,32502.0,30602.0,119907.0],""scalar_cnf"":[427827.0,431428.0,424127.0,418427.0,617339.0],""robdd"":[1374688.0,1287482.0,1330484.0,1259480.0,1346285.0],""cadical"":[1288682.0,1374087.0,1309184.0,1273981.0,1329685.0]}",1000,29602,783150,64,True,676043,11729,344522,9005,31602,540,3363114,40951,595,8569045,6235997,True,42,7253062,5823570,True,202,26251170,30091415,True,"{""dropped_satisfied_clauses"":604,""payload_sha256"":""ea646e62de53c246a8ebcfdc01b97657ca5e7cd3e27f515e8b75ca8d28355b5c"",""removed_fixed_false_literals"":339,""residual_clauses"":6,""residual_literals"":7,""slice_feature_names"":[""CONFIG_RMDIR"",""CONFIG_FEATURE_TAR_CREATE"",""CONFIG_FEATURE_ADDUSER_TO_GROUP"",""CONFIG_MODPROBE_SMALL"",""CONFIG_FEATURE_HTTPD_ENCODE_URL_STR"",""CONFIG_RMMOD"",""CONFIG_GETTY"",""CONFIG_FEATURE_TRACEROUTE_VERBOSE""],""slice_variables"":[324,63,458,51,449,89,106,178],""source_clauses"":610}"
real|BusyBox@2008-07-17_18-26-45|incidence|k12,real,BusyBox@2008-07-17_18-26-45,BusyBox,incidence,12,141,47,211,0.6666666666666667,2,0.00048828125,53c708fdafc87873c56d7844a06282d0ba74971a0b02040d54a865808a58544c,True,251316,4190066,1369087,dd.cudd,cudd,2633667,312420,12,2633768,297919,12,15868510,"[{""sweep"":0,""seed"":1323551267,""nodes"":12,""setup_ns"":2795978,""build_ns"":415426,""order"":[""x0"",""x10"",""x3"",""x4"",""x1"",""x2"",""x5"",""x8"",""x11"",""x6"",""x7"",""x9""]},{""sweep"":1,""seed"":1323551268,""nodes"":12,""setup_ns"":2970089,""build_ns"":340722,""order"":[""x11"",""x2"",""x1"",""x10"",""x9"",""x5"",""x3"",""x4"",""x0"",""x7"",""x8"",""x6""]},{""sweep"":2,""seed"":1323551269,""nodes"":12,""setup_ns"":2571164,""build_ns"":305619,""order"":[""x1"",""x3"",""x10"",""x11"",""x7"",""x2"",""x5"",""x6"",""x4"",""x0"",""x8"",""x9""]},{""sweep"":3,""seed"":1323551270,""nodes"":12,""setup_ns"":2633768,""build_ns"":297919,""order"":[""x4"",""x6"",""x2"",""x5"",""x7"",""x10"",""x8"",""x0"",""x1"",""x11"",""x9"",""x3""]},{""sweep"":4,""seed"":1323551271,""nodes"":12,""setup_ns"":2735074,""build_ns"":307019,""order"":[""x11"",""x6"",""x10"",""x1"",""x3"",""x4"",""x7"",""x2"",""x8"",""x0"",""x9"",""x5""]}]",55,56,111,181,121861.76,178903.38,78236.98,161910.0,40062049.0,1.5575979543177663,0.6811596292926383,0.7526512259897473,"{""cm"":[142805.08,99102.3,121861.76,97512.2,162804.36],""cse"":[240439.3,167884.68,178903.38,143757.16,234140.9],""cnf"":[107836.86,78236.98,78104.98,68692.36,78649.0],""robdd_enumerate"":[201213.0,161910.0,144209.0,218713.0,161510.0],""robdd_naive"":[52891365.0,30999072.0,40062049.0,41579945.0,37169264.0]}",256,True,77105.0,603038.0,2525361.0,1752211.0,0.03053226845587621,0.044004403579249306,"{""packed"":[77905.0,77105.0,66605.0,70004.0,78105.0],""scalar_cnf"":[578837.0,568137.0,607338.0,609239.0,603038.0],""robdd"":[2378851.0,2783277.0,2812279.0,2525361.0,2438055.0],""cadical"":[2102034.0,1612502.0,1752211.0,1741611.0,1796614.0]}",1800,40503,306619,2,True,9239988,164150,2657569,138494,236315,3644,3824943,41221,6173,9537507,5662360,True,824,46798777,5713964,True,658,38346439,39989544,True,"{""dropped_satisfied_clauses"":469,""payload_sha256"":""ea646e62de53c246a8ebcfdc01b97657ca5e7cd3e27f515e8b75ca8d28355b5c"",""removed_fixed_false_literals"":362,""residual_clauses"":141,""residual_literals"":211,""slice_feature_names"":[""CONFIG_GETOPT_LONG"",""CONFIG_FIND"",""CONFIG_INSMOD"",""CONFIG_MODPROBE_SMALL"",""CONFIG_SELINUX"",""CONFIG_ASH"",""CONFIG_MODPROBE"",""CONFIG_VOLUMEID"",""CONFIG_DEFAULT_DEPMOD_FILE"",""CONFIG_DEFAULT_MODULES_DIR"",""CONFIG_RMMOD"",""CONFIG_DEPMOD""],""slice_variables"":[87,46,44,51,77,170,91,129,90,155,89,92],""source_clauses"":610}"
real|BusyBox@2008-07-17_18-26-45|hash|k12,real,BusyBox@2008-07-17_18-26-45,BusyBox,hash,12,8,4,9,0.5,512,0.125,61c4aab5110dda245bd55505b5049402a81a61ebbdce5eea9bcbbf02658bd064,True,40403,239016,84105,dd.cudd,cudd,2783477,43503,4,2721573,41103,4,15530788,"[{""sweep"":0,""seed"":1393563322,""nodes"":4,""setup_ns"":3189403,""build_ns"":47103,""order"":[""x4"",""x9"",""x10"",""x3"",""x1"",""x2"",""x8"",""x0"",""x11"",""x5"",""x6"",""x7""]},{""sweep"":1,""seed"":1393563323,""nodes"":4,""setup_ns"":2721573,""build_ns"":41103,""order"":[""x5"",""x9"",""x8"",""x6"",""x1"",""x7"",""x2"",""x10"",""x11"",""x0"",""x3"",""x4""]},{""sweep"":2,""seed"":1393563324,""nodes"":4,""setup_ns"":2946787,""build_ns"":42903,""order"":[""x4"",""x8"",""x11"",""x2"",""x10"",""x6"",""x0"",""x3"",""x7"",""x1"",""x5"",""x9""]},{""sweep"":3,""seed"":1393563325,""nodes"":4,""setup_ns"":2848281,""build_ns"":45603,""order"":[""x10"",""x9"",""x11"",""x3"",""x8"",""x0"",""x5"",""x4"",""x6"",""x7"",""x1"",""x2""]},{""sweep"":4,""seed"":1393563326,""nodes"":4,""setup_ns"":2979690,""build_ns"":43802,""order"":[""x9"",""x3"",""x1"",""x5"",""x7"",""x0"",""x4"",""x10"",""x2"",""x11"",""x8"",""x6""]}]",5,4,7,10,12010.76,11626.74,5366.34,2924686.0,32854790.0,2.2381660498589353,1.033029034793932,0.004106683589281037,"{""cm"":[10194.66,10260.66,12010.76,15921.0,13968.9],""cse"":[11626.74,10334.66,10970.7,16093.02,15486.98],""cnf"":[5036.32,5364.34,5366.34,7484.46,7296.46],""robdd_enumerate"":[2580665.0,2924686.0,2847081.0,4190467.0,4379978.0],""robdd_naive"":[32854790.0,33918558.0,32788086.0,40013445.0,32286154.0]}",256,True,62004.0,378324.0,1881720.0,1426391.0,0.03295070467444678,0.04346914695900353,"{""packed"":[59404.0,64104.0,68304.0,62004.0,54403.0],""scalar_cnf"":[378324.0,376224.0,374924.0,390625.0,411426.0],""robdd"":[1881720.0,2447256.0,1807015.0,1802715.0,1935123.0],""cadical"":[1327484.0,1686708.0,1396589.0,1436691.0,1426391.0]}",1400,29902,6103988,512,True,962362,14244,507532,11560,64404,3644,4553393,41221,1681,10430564,6802233,True,51,10406262,6598119,True,289,37217168,35972989,True,"{""dropped_satisfied_clauses"":602,""payload_sha256"":""ea646e62de53c246a8ebcfdc01b97657ca5e7cd3e27f515e8b75ca8d28355b5c"",""removed_fixed_false_literals"":336,""residual_clauses"":8,""residual_literals"":9,""slice_feature_names"":[""CONFIG_RMDIR"",""CONFIG_FEATURE_TAR_CREATE"",""CONFIG_FEATURE_ADDUSER_TO_GROUP"",""CONFIG_MODPROBE_SMALL"",""CONFIG_FEATURE_HTTPD_ENCODE_URL_STR"",""CONFIG_RMMOD"",""CONFIG_GETTY"",""CONFIG_FEATURE_TRACEROUTE_VERBOSE"",""CONFIG_HWCLOCK"",""CONFIG_FEATURE_INSMOD_LOADINKMEM"",""CONFIG_LOAD_POLICY"",""CONFIG_FEATURE_TAR_OLDGNU_COMPATIBILITY""],""slice_variables"":[324,63,458,51,449,89,106,178,412,446,76,339],""source_clauses"":610}"
real|BusyBox@2008-07-17_18-26-45|incidence|k16,real,BusyBox@2008-07-17_18-26-45,BusyBox,incidence,16,176,52,250,0.7045454545454546,4,6.103515625e-05,6de4f0c6237bcd3404d713b3a2ecde35fa2b767d7750c18127a547cec21d035c,True,644541,7204564,1843018,dd.cudd,cudd,4120065,718147,15,3602832,535234,15,21977215,"[{""sweep"":0,""seed"":756094137,""nodes"":15,""setup_ns"":3827747,""build_ns"":607039,""order"":[""x8"",""x7"",""x12"",""x11"",""x9"",""x4"",""x6"",""x0"",""x15"",""x14"",""x5"",""x2"",""x13"",""x3"",""x10"",""x1""]},{""sweep"":1,""seed"":756094138,""nodes"":15,""setup_ns"":3602832,""build_ns"":535234,""order"":[""x9"",""x1"",""x15"",""x11"",""x5"",""x0"",""x13"",""x12"",""x7"",""x4"",""x14"",""x8"",""x10"",""x3"",""x6"",""x2""]},{""sweep"":2,""seed"":756094139,""nodes"":15,""setup_ns"":3637035,""build_ns"":547435,""order"":[""x12"",""x14"",""x13"",""x9"",""x5"",""x1"",""x0"",""x11"",""x6"",""x4"",""x8"",""x7"",""x15"",""x3"",""x2"",""x10""]},{""sweep"":3,""seed"":756094140,""nodes"":15,""setup_ns"":3629934,""build_ns"":697945,""order"":[""x2"",""x14"",""x7"",""x0"",""x9"",""x13"",""x3"",""x1"",""x8"",""x5"",""x12"",""x6"",""x10"",""x11"",""x15"",""x4""]},{""sweep"":4,""seed"":756094141,""nodes"":15,""setup_ns"":3538028,""build_ns"":589838,""order"":[""x3"",""x0"",""x2"",""x11"",""x12"",""x6"",""x14"",""x4"",""x13"",""x10"",""x7"",""x8"",""x1"",""x5"",""x9"",""x15""]}]",65,62,132,217,275607.8,411536.5,884077.0,251017.0,,0.31174637503294395,0.6697043883106358,1.0979646796830493,"{""cm"":[296429.1,275607.8,206333.3,242555.6,340051.9],""cse"":[411536.5,447868.8,290638.7,535394.5,358893.1],""cnf"":[919489.2,666252.9,868655.9,884077.0,900368.0],""robdd_enumerate"":[251017.0,216614.0,314721.0,227814.0,329822.0]}",256,True,374624.0,668744.0,2995793.0,1669808.0,0.12505002848995242,0.2243515422132365,"{""packed"":[375524.0,374624.0,351622.0,387725.0,318921.0],""scalar_cnf"":[753548.0,668744.0,700445.0,597938.0,590838.0],""robdd"":[3050697.0,2629669.0,3181905.0,2652370.0,2995793.0],""cadical"":[1919823.0,2256945.0,1669808.0,1634705.0,1652706.0]}",7900,49804,,,True,13117245,573459,3486324,550851,1624104,52796,4899916,41429,22545,13146846,7665994,True,1012,10123052,7575788,True,843,36359142,48900250,True,"{""dropped_satisfied_clauses"":434,""payload_sha256"":""ea646e62de53c246a8ebcfdc01b97657ca5e7cd3e27f515e8b75ca8d28355b5c"",""removed_fixed_false_literals"":366,""residual_clauses"":176,""residual_literals"":250,""slice_feature_names"":[""CONFIG_GETOPT_LONG"",""CONFIG_FIND"",""CONFIG_INSMOD"",""CONFIG_MODPROBE_SMALL"",""CONFIG_SELINUX"",""CONFIG_ASH"",""CONFIG_MODPROBE"",""CONFIG_VOLUMEID"",""CONFIG_DEFAULT_DEPMOD_FILE"",""CONFIG_DEFAULT_MODULES_DIR"",""CONFIG_RMMOD"",""CONFIG_DEPMOD"",""CONFIG_FEATURE_SYSLOG"",""CONFIG_IP"",""CONFIG_FEATURE_IFUPDOWN_IP_BUILTIN"",""CONFIG_VI""],""slice_variables"":[87,46,44,51,77,170,91,129,90,155,89,92,109,14,16,66],""source_clauses"":610}"
real|BusyBox@2008-07-17_18-26-45|hash|k16,real,BusyBox@2008-07-17_18-26-45,BusyBox,hash,16,9,5,10,0.4444444444444444,4096,0.0625,0f084a465242a9faeaa3f806c9ef23f6fc2ec66d4731980680e5c1b1d66a16c4,True,59403,410126,156810,dd.cudd,cudd,3411920,53603,5,3165204,45403,5,17393521,"[{""sweep"":0,""seed"":1476397889,""nodes"":5,""setup_ns"":3165204,""build_ns"":45403,""order"":[""x10"",""x13"",""x5"",""x8"",""x3"",""x11"",""x9"",""x2"",""x15"",""x6"",""x12"",""x7"",""x14"",""x1"",""x0"",""x4""]},{""sweep"":1,""seed"":1476397890,""nodes"":5,""setup_ns"":3672236,""build_ns"":49804,""order"":[""x14"",""x7"",""x10"",""x15"",""x13"",""x8"",""x5"",""x0"",""x11"",""x3"",""x12"",""x2"",""x9"",""x4"",""x1"",""x6""]},{""sweep"":2,""seed"":1476397891,""nodes"":5,""setup_ns"":3510326,""build_ns"":57104,""order"":[""x4"",""x2"",""x5"",""x1"",""x7"",""x14"",""x10"",""x12"",""x13"",""x3"",""x0"",""x8"",""x11"",""x9"",""x6"",""x15""]},{""sweep"":3,""seed"":1476397892,""nodes"":5,""setup_ns"":2913988,""build_ns"":45803,""order"":[""x12"",""x2"",""x7"",""x3"",""x0"",""x13"",""x4"",""x8"",""x9"",""x14"",""x11"",""x15"",""x10"",""x1"",""x6"",""x5""]},{""sweep"":4,""seed"":1476397893,""nodes"":5,""setup_ns"":3272911,""build_ns"":51403,""order"":[""x6"",""x3"",""x7"",""x5"",""x15"",""x0"",""x12"",""x10"",""x9"",""x14"",""x4"",""x13"",""x8"",""x11"",""x2"",""x1""]}]",4,4,7,11,25251.7,25001.6,55383.5,41639982.0,,0.45594265440067894,1.0100033597849738,0.0006064291766504607,"{""cm"":[52033.3,23261.5,38102.5,25251.7,23761.5],""cse"":[50213.3,25001.6,31712.0,22491.4,21291.4],""cnf"":[83015.3,55383.5,50083.2,68104.4,44142.8],""robdd_enumerate"":[38063051.0,48443220.0,44006234.0,41639982.0,30397957.0]}",256,True,687344.0,866156.0,4979720.0,3144302.0,0.13802864418079733,0.21859986731554412,"{""packed"":[321721.0,525734.0,687344.0,707046.0,781350.0],""scalar_cnf"":[417827.0,388525.0,866156.0,993364.0,918959.0],""robdd"":[2516262.0,2555465.0,4979720.0,6085992.0,5912381.0],""cadical"":[1659507.0,1651706.0,3182605.0,3144302.0,3493825.0]}",13801,90406,,,True,863156,54085,379224,50013,119908,52796,2899187,41429,17031,14072706,8718062,True,56,11137318,8111822,True,380,36127426,29782718,True,"{""dropped_satisfied_clauses"":601,""payload_sha256"":""ea646e62de53c246a8ebcfdc01b97657ca5e7cd3e27f515e8b75ca8d28355b5c"",""removed_fixed_false_literals"":333,""residual_clauses"":9,""residual_literals"":10,""slice_feature_names"":[""CONFIG_RMDIR"",""CONFIG_FEATURE_TAR_CREATE"",""CONFIG_FEATURE_ADDUSER_TO_GROUP"",""CONFIG_MODPROBE_SMALL"",""CONFIG_FEATURE_HTTPD_ENCODE_URL_STR"",""CONFIG_RMMOD"",""CONFIG_GETTY"",""CONFIG_FEATURE_TRACEROUTE_VERBOSE"",""CONFIG_HWCLOCK"",""CONFIG_FEATURE_INSMOD_LOADINKMEM"",""CONFIG_LOAD_POLICY"",""CONFIG_FEATURE_TAR_OLDGNU_COMPATIBILITY"",""CONFIG_FEATURE_FANCY_SLEEP"",""CONFIG_FEATURE_VOLUMEID_JFS"",""CONFIG_FEATURE_TELNET_AUTOLOGIN"",""CONFIG_FEATURE_LS_FILETYPES""],""slice_variables"":[324,63,458,51,449,89,106,178,412,446,76,339,145,421,480,53],""source_clauses"":610}"
real|BusyBox@2010-05-04_15-45-25|incidence|k8,real,BusyBox@2010-05-04_15-45-25,BusyBox,incidence,8,134,10,137,0.9253731343283582,1,0.00390625,b14b9519fe51b738f81ba61ae48723835412b544f41e8ca4d3c2be8b8e7b7acb,True,198113,2944189,480631,dd.cudd,cudd,2675072,170211,9,2777578,163710,9,15828520,"[{""sweep"":0,""seed"":370766131,""nodes"":9,""setup_ns"":3285811,""build_ns"":185612,""order"":[""x4"",""x6"",""x2"",""x7"",""x5"",""x0"",""x1"",""x3""]},{""sweep"":1,""seed"":370766132,""nodes"":9,""setup_ns"":2782379,""build_ns"":170311,""order"":[""x3"",""x5"",""x1"",""x6"",""x0"",""x2"",""x4"",""x7""]},{""sweep"":2,""seed"":370766133,""nodes"":9,""setup_ns"":2825682,""build_ns"":198213,""order"":[""x7"",""x6"",""x0"",""x5"",""x4"",""x3"",""x2"",""x1""]},{""sweep"":3,""seed"":370766134,""nodes"":9,""setup_ns"":2716875,""build_ns"":176611,""order"":[""x6"",""x1"",""x4"",""x2"",""x5"",""x7"",""x3"",""x0""]},{""sweep"":4,""seed"":370766135,""nodes"":9,""setup_ns"":2777578,""build_ns"":163710,""order"":[""x2"",""x0"",""x4"",""x5"",""x7"",""x1"",""x3"",""x6""]}]",21,23,44,112,42767.255,88775.72,24844.1,143210.0,1561300.0,1.7214250063395333,0.4817449523360666,0.2986331610921025,"{""cm"":[41421.17,43131.78,42767.255,43569.305,39944.575],""cse"":[90354.82,119448.195,85081.48,88775.72,88317.69],""cnf"":[24844.1,27815.79,22899.975,23266.995,26020.675],""robdd_enumerate"":[197713.0,143210.0,121908.0,163110.0,127009.0],""robdd_naive"":[1526098.0,1512897.0,1578301.0,1579102.0,1561300.0]}",256,True,30102.0,457129.0,1327486.0,1248681.0,0.02267594535836913,0.024107037746229822,"{""packed"":[35503.0,30102.0,30102.0,30102.0,31302.0],""scalar_cnf"":[785651.0,445128.0,457129.0,443628.0,459329.0],""robdd"":[2317149.0,1327486.0,1291384.0,1331686.0,1276282.0],""cadical"":[1626105.0,1224579.0,1248681.0,1248081.0,1376088.0]}",3000,43903,191812,1,True,4770607,92924,1594002,87304,114807,480,3656536,40951,2279,46460492,5778972,True,561,7484982,5520355,True,479,25762259,32755310,True,"{""dropped_satisfied_clauses"":547,""payload_sha256"":""4e42157df8de3b2e7ff8bd169b637a7b8e5d36b2e65da9a8216a671ce1334f67"",""removed_fixed_false_literals"":444,""residual_clauses"":134,""residual_literals"":137,""slice_feature_names"":[""CONFIG_LONG_OPTS"",""CONFIG_FIND"",""CONFIG_VOLUMEID"",""CONFIG_ASH"",""CONFIG_SELINUX"",""CONFIG_MODPROBE_SMALL"",""CONFIG_HUSH"",""CONFIG_FEATURE_SYSLOG""],""slice_variables"":[8,11,12,35,178,37,42,136],""source_clauses"":681}"
real|BusyBox@2010-05-04_15-45-25|hash|k8,real,BusyBox@2010-05-04_15-45-25,BusyBox,hash,8,2,1,2,0.5,128,0.5,e0e77a507412b120f6ede61f62295b1a7b2ff19d3dcc8f7253e51663470c888e,True,27802,71904,43203,dd.cudd,cudd,2866785,26101,2,2707574,18101,2,14539036,"[{""sweep"":0,""seed"":1686765027,""nodes"":2,""setup_ns"":2664471,""build_ns"":21202,""order"":[""x0"",""x7"",""x4"",""x1"",""x5"",""x6"",""x2"",""x3""]},{""sweep"":1,""seed"":1686765028,""nodes"":2,""setup_ns"":2737976,""build_ns"":49704,""order"":[""x7"",""x1"",""x4"",""x6"",""x0"",""x5"",""x3"",""x2""]},{""sweep"":2,""seed"":1686765029,""nodes"":2,""setup_ns"":2707574,""build_ns"":18101,""order"":[""x0"",""x5"",""x7"",""x2"",""x1"",""x4"",""x6"",""x3""]},{""sweep"":3,""seed"":1686765030,""nodes"":2,""setup_ns"":3053396,""build_ns"":25701,""order"":[""x1"",""x5"",""x7"",""x3"",""x4"",""x0"",""x2"",""x6""]},{""sweep"":4,""seed"":1686765031,""nodes"":2,""setup_ns"":2721875,""build_ns"":20601,""order"":[""x2"",""x6"",""x0"",""x7"",""x4"",""x5"",""x1"",""x3""]}]",0,1,0,1,1311.085,2706.175,649.045,526534.0,1441993.0,2.020021724225593,0.4844790155847275,0.0024900291339210764,"{""cm"":[1287.585,1292.08,1311.085,1328.085,1848.12],""cse"":[2812.68,2622.17,2682.675,2706.175,3419.22],""cnf"":[638.045,642.54,649.045,653.54,688.545],""robdd_enumerate"":[526534.0,514233.0,518133.0,540035.0,592738.0],""robdd_naive"":[1445193.0,1373789.0,1338186.0,1441993.0,1557601.0]}",256,True,33602.0,270017.0,1272882.0,1309984.0,0.026398362141973882,0.02565069497032025,"{""packed"":[33402.0,52603.0,32802.0,34303.0,33602.0],""scalar_cnf"":[269817.0,273318.0,270017.0,269817.0,273218.0],""robdd"":[1377689.0,1389089.0,1239880.0,1272882.0,1271882.0],""cadical"":[1281383.0,1337986.0,1285283.0,1440992.0,1309984.0]}",1800,34702,1351287,128,True,327521,4196,202313,4444,25302,368,2746477,40951,240,9337802,5693866,True,18,7618690,5385946,True,155,32046864,32461591,True,"{""dropped_satisfied_clauses"":679,""payload_sha256"":""4e42157df8de3b2e7ff8bd169b637a7b8e5d36b2e65da9a8216a671ce1334f67"",""removed_fixed_false_literals"":397,""residual_clauses"":2,""residual_literals"":2,""slice_feature_names"":[""CONFIG_HEXDUMP"",""CONFIG_FEATURE_INETD_SUPPORT_BUILTIN_CHARGEN"",""CONFIG_ASH_MAIL"",""CONFIG_FEATURE_STAT_FORMAT"",""CONFIG_FEATURE_FTPGETPUT_LONG_OPTIONS"",""CONFIG_LOAD_POLICY"",""CONFIG_SETENFORCE"",""CONFIG_DEPMOD""],""slice_variables"":[554,610,194,477,65,545,229,18],""source_clauses"":681}"
real|BusyBox@2010-05-04_15-45-25|incidence|k12,real,BusyBox@2010-05-04_15-45-25,BusyBox,incidence,12,158,15,162,0.9050632911392404,1,0.000244140625,d2e8e0bb4497138e65d654cd144656e02daacab4b1859c9bb74f8fec41eb1c82,True,184712,3082399,1277382,dd.cudd,cudd,2525662,174112,13,2566065,170211,13,15018667,"[{""sweep"":0,""seed"":676992435,""nodes"":13,""setup_ns"":2742777,""build_ns"":173011,""order"":[""x9"",""x3"",""x6"",""x8"",""x0"",""x10"",""x5"",""x4"",""x2"",""x7"",""x1"",""x11""]},{""sweep"":1,""seed"":676992436,""nodes"":13,""setup_ns"":2566065,""build_ns"":170211,""order"":[""x10"",""x7"",""x4"",""x9"",""x0"",""x3"",""x11"",""x1"",""x6"",""x5"",""x2"",""x8""]},{""sweep"":2,""seed"":676992437,""nodes"":13,""setup_ns"":2586367,""build_ns"":170911,""order"":[""x0"",""x5"",""x3"",""x6"",""x9"",""x2"",""x10"",""x11"",""x4"",""x1"",""x8"",""x7""]},{""sweep"":3,""seed"":676992438,""nodes"":13,""setup_ns"":3120401,""build_ns"":265117,""order"":[""x6"",""x4"",""x3"",""x9"",""x11"",""x1"",""x2"",""x8"",""x0"",""x5"",""x7"",""x10""]},{""sweep"":4,""seed"":676992439,""nodes"":13,""setup_ns"":2559265,""build_ns"":192412,""order"":[""x8"",""x11"",""x3"",""x0"",""x1"",""x7"",""x9"",""x10"",""x2"",""x4"",""x5"",""x6""]}]",22,23,51,141,50291.24,113011.28,46460.98,128809.0,32584999.0,1.0824403617831564,0.4450107989220191,0.3904326561032226,"{""cm"":[55791.58,49017.16,49021.16,50291.24,50673.26],""cse"":[116433.5,108827.0,113011.28,110777.14,117163.54],""cnf"":[47863.1,46460.98,51065.3,44872.9,45742.94],""robdd_enumerate"":[121807.0,128809.0,126109.0,145809.0,140809.0],""robdd_naive"":[33256642.0,31978860.0,32251277.0,32584999.0,33629366.0]}",256,True,59404.0,352922.0,1956927.0,1357487.0,0.03035575675536185,0.0437602717374089,"{""packed"":[94506.0,67505.0,59404.0,46703.0,42903.0],""scalar_cnf"":[610839.0,352922.0,370423.0,319120.0,336321.0],""robdd"":[2896387.0,1956927.0,1894323.0,1751613.0,2103235.0],""cadical"":[1841719.0,1532998.0,1357487.0,1301384.0,1280082.0]}",2000,49203,195613,1,True,6701632,118638,1696609,103758,148610,3604,3498225,41221,3560,9487211,6383311,True,684,44127143,6074991,True,705,33040828,31917456,True,"{""dropped_satisfied_clauses"":523,""payload_sha256"":""4e42157df8de3b2e7ff8bd169b637a7b8e5d36b2e65da9a8216a671ce1334f67"",""removed_fixed_false_literals"":439,""residual_clauses"":158,""residual_literals"":162,""slice_feature_names"":[""CONFIG_LONG_OPTS"",""CONFIG_FIND"",""CONFIG_VOLUMEID"",""CONFIG_ASH"",""CONFIG_SELINUX"",""CONFIG_MODPROBE_SMALL"",""CONFIG_HUSH"",""CONFIG_FEATURE_SYSLOG"",""CONFIG_MODPROBE"",""CONFIG_VI"",""CONFIG_UDHCPC"",""CONFIG_IP""],""slice_variables"":[8,11,12,35,178,37,42,136,17,54,3,59],""source_clauses"":681}"
real|BusyBox@2010-05-04_15-45-25|hash|k12,real,BusyBox@2010-05-04_15-45-25,BusyBox,hash,12,6,5,6,0.16666666666666663,128,0.03125,1ca05a79e5ba8b547a6d61758e9a3e8e6bc17547a8fae5bff9f051a22622555e,True,33803,183011,62304,dd.cudd,cudd,2711374,32802,6,2652271,24701,6,13693482,"[{""sweep"":0,""seed"":600611939,""nodes"":6,""setup_ns"":2559765,""build_ns"":28802,""order"":[""x6"",""x10"",""x5"",""x3"",""x9"",""x8"",""x0"",""x11"",""x1"",""x2"",""x4"",""x7""]},{""sweep"":1,""seed"":600611940,""nodes"":6,""setup_ns"":2540563,""build_ns"":25802,""order"":[""x0"",""x6"",""x2"",""x4"",""x8"",""x11"",""x3"",""x10"",""x9"",""x5"",""x7"",""x1""]},{""sweep"":2,""seed"":600611941,""nodes"":6,""setup_ns"":2652271,""build_ns"":24701,""order"":[""x1"",""x3"",""x11"",""x10"",""x2"",""x6"",""x0"",""x4"",""x8"",""x7"",""x9"",""x5""]},{""sweep"":3,""seed"":600611942,""nodes"":6,""setup_ns"":2646770,""build_ns"":49503,""order"":[""x3"",""x11"",""x7"",""x8"",""x4"",""x0"",""x2"",""x1"",""x9"",""x5"",""x10"",""x6""]},{""sweep"":4,""seed"":600611943,""nodes"":6,""setup_ns"":2645371,""build_ns"":27401,""order"":[""x2"",""x6"",""x9"",""x10"",""x5"",""x1"",""x8"",""x4"",""x3"",""x7"",""x11"",""x0""]}]",1,1,4,5,6678.44,6234.4,2240.14,725747.0,31722543.0,2.98126009981519,1.0712241755421532,0.009202159981370918,"{""cm"":[6700.42,6678.44,6638.42,5620.36,7048.46],""cse"":[6302.4,6234.4,6234.4,6128.38,7262.46],""cnf"":[2798.18,2530.16,2208.14,2104.14,2240.14],""robdd_enumerate"":[819652.0,725747.0,725446.0,651942.0,726647.0],""robdd_naive"":[33550261.0,32224475.0,31693242.0,31722543.0,31565533.0]}",256,True,55904.0,347523.0,1950225.0,1527298.0,0.028665410401363944,0.03660320382793666,"{""packed"":[55904.0,61204.0,53103.0,72304.0,51804.0],""scalar_cnf"":[375324.0,347523.0,382125.0,340322.0,341122.0],""robdd"":[2090835.0,1950225.0,1938924.0,1891922.0,1969526.0],""cadical"":[1555700.0,1580801.0,1481996.0,1463094.0,1527298.0]}",1900,31802,1455794,128,True,563636,11641,292019,8173,36403,2448,2894686,41221,1490,9367403,6181598,True,38,72925097,5931983,True,381,32912819,32635802,True,"{""dropped_satisfied_clauses"":675,""payload_sha256"":""4e42157df8de3b2e7ff8bd169b637a7b8e5d36b2e65da9a8216a671ce1334f67"",""removed_fixed_false_literals"":398,""residual_clauses"":6,""residual_literals"":6,""slice_feature_names"":[""CONFIG_HEXDUMP"",""CONFIG_FEATURE_INETD_SUPPORT_BUILTIN_CHARGEN"",""CONFIG_ASH_MAIL"",""CONFIG_FEATURE_STAT_FORMAT"",""CONFIG_FEATURE_FTPGETPUT_LONG_OPTIONS"",""CONFIG_LOAD_POLICY"",""CONFIG_SETENFORCE"",""CONFIG_DEPMOD"",""CONFIG_PASSWORD_MINLEN"",""CONFIG_FEATURE_LESS_MAXLINES"",""CONFIG_FEATURE_PS_TIME"",""CONFIG_EXPR""],""slice_variables"":[554,610,194,477,65,545,229,18,470,410,546,392],""source_clauses"":681}"
real|BusyBox@2010-05-04_15-45-25|incidence|k16,real,BusyBox@2010-05-04_15-45-25,BusyBox,incidence,16,178,24,196,0.8651685393258427,2,3.0517578125e-05,ff2d9872a494a8a8df6bc3394c1dd7adb2ab2510d53ac0290b3cf29db3fa617d,True,341522,4157968,974262,dd.cudd,cudd,2632370,366023,16,2798181,236415,16,15481197,"[{""sweep"":0,""seed"":149128221,""nodes"":16,""setup_ns"":2798181,""build_ns"":236415,""order"":[""x9"",""x1"",""x14"",""x4"",""x13"",""x10"",""x5"",""x0"",""x12"",""x3"",""x7"",""x15"",""x8"",""x11"",""x6"",""x2""]},{""sweep"":1,""seed"":149128222,""nodes"":16,""setup_ns"":2621869,""build_ns"":238416,""order"":[""x10"",""x11"",""x6"",""x0"",""x12"",""x7"",""x15"",""x8"",""x14"",""x3"",""x1"",""x9"",""x5"",""x4"",""x13"",""x2""]},{""sweep"":2,""seed"":149128223,""nodes"":16,""setup_ns"":2833182,""build_ns"":278918,""order"":[""x0"",""x12"",""x6"",""x8"",""x2"",""x14"",""x13"",""x4"",""x10"",""x3"",""x15"",""x7"",""x9"",""x1"",""x11"",""x5""]},{""sweep"":3,""seed"":149128224,""nodes"":16,""setup_ns"":2702574,""build_ns"":306920,""order"":[""x4"",""x9"",""x1"",""x6"",""x5"",""x0"",""x15"",""x11"",""x2"",""x3"",""x14"",""x12"",""x10"",""x8"",""x13"",""x7""]},{""sweep"":4,""seed"":149128225,""nodes"":16,""setup_ns"":2698073,""build_ns"":257717,""order"":[""x9"",""x8"",""x10"",""x0"",""x5"",""x2"",""x7"",""x13"",""x3"",""x1"",""x4"",""x12"",""x14"",""x15"",""x11"",""x6""]}]",33,28,73,173,113787.4,225134.5,351972.7,110307.0,,0.32328473202609176,0.5054196491430678,1.031551941399911,"{""cm"":[109867.0,113787.4,111837.2,115397.4,117747.6],""cse"":[211293.7,215673.9,225134.5,236855.3,226504.6],""cnf"":[340911.9,346792.4,351972.7,353672.8,352932.7],""robdd_enumerate"":[107007.0,127508.0,110307.0,100407.0,216214.0]}",256,True,295019.0,367823.0,2643770.0,1743013.0,0.11159026692942275,0.16925806061113716,"{""packed"":[317121.0,290719.0,322121.0,288919.0,295019.0],""scalar_cnf"":[425028.0,399526.0,366323.0,367123.0,367823.0],""robdd"":[2643770.0,2686873.0,2718676.0,2575666.0,2607068.0],""cadical"":[1726111.0,1751613.0,1662307.0,1743013.0,1754213.0]}",6400,43103,,,True,10511977,337035,2319149,291411,601639,52756,3303713,41429,19999,11124217,5887079,True,823,7703897,6140995,True,890,33661768,34262107,True,"{""dropped_satisfied_clauses"":503,""payload_sha256"":""4e42157df8de3b2e7ff8bd169b637a7b8e5d36b2e65da9a8216a671ce1334f67"",""removed_fixed_false_literals"":434,""residual_clauses"":178,""residual_literals"":196,""slice_feature_names"":[""CONFIG_LONG_OPTS"",""CONFIG_FIND"",""CONFIG_VOLUMEID"",""CONFIG_ASH"",""CONFIG_SELINUX"",""CONFIG_MODPROBE_SMALL"",""CONFIG_HUSH"",""CONFIG_FEATURE_SYSLOG"",""CONFIG_MODPROBE"",""CONFIG_VI"",""CONFIG_UDHCPC"",""CONFIG_IP"",""CONFIG_FEATURE_IFUPDOWN_IP_BUILTIN"",""CONFIG_UDHCPD"",""CONFIG_MOUNT"",""CONFIG_DEPMOD""],""slice_variables"":[8,11,12,35,178,37,42,136,17,54,3,59,66,105,31,18],""source_clauses"":681}"
real|BusyBox@2010-05-04_15-45-25|hash|k16,real,BusyBox@2010-05-04_15-45-25,BusyBox,hash,16,27,7,27,0.7407407407407407,512,0.0078125,8e87b349916a79fb717fc65df6340b0211b76d53b8e9ab41d09717d0c18f8ade,True,57604,466430,131708,dd.cudd,cudd,2716375,55404,8,2726975,47403,8,14585939,"[{""sweep"":0,""seed"":197959037,""nodes"":8,""setup_ns"":2726975,""build_ns"":47403,""order"":[""x0"",""x10"",""x2"",""x7"",""x5"",""x14"",""x12"",""x3"",""x6"",""x1"",""x8"",""x11"",""x4"",""x9"",""x15"",""x13""]},{""sweep"":1,""seed"":197959038,""nodes"":8,""setup_ns"":2923089,""build_ns"":78705,""order"":[""x2"",""x13"",""x4"",""x1"",""x8"",""x11"",""x15"",""x5"",""x6"",""x0"",""x3"",""x14"",""x7"",""x12"",""x10"",""x9""]},{""sweep"":2,""seed"":197959039,""nodes"":8,""setup_ns"":2803181,""build_ns"":69904,""order"":[""x2"",""x6"",""x13"",""x14"",""x1"",""x7"",""x4"",""x5"",""x3"",""x8"",""x15"",""x11"",""x0"",""x10"",""x9"",""x12""]},{""sweep"":3,""seed"":197959040,""nodes"":8,""setup_ns"":2525363,""build_ns"":50903,""order"":[""x2"",""x15"",""x6"",""x13"",""x3"",""x0"",""x7"",""x5"",""x14"",""x9"",""x10"",""x8"",""x11"",""x12"",""x1"",""x4""]},{""sweep"":4,""seed"":197959041,""nodes"":8,""setup_ns"":2768978,""build_ns"":51404,""order"":[""x7"",""x6"",""x5"",""x11"",""x3"",""x0"",""x9"",""x1"",""x10"",""x14"",""x15"",""x2"",""x8"",""x13"",""x12"",""x4""]}]",2,3,7,21,19191.2,37042.3,39582.5,3616433.0,,0.4848405229583781,0.518088779584421,0.005306665435250701,"{""cm"":[19191.2,18551.2,18641.2,19941.3,20621.3],""cse"":[37042.3,31112.0,52943.4,47583.0,33882.2],""cnf"":[37572.5,37742.4,40902.7,51663.4,39582.5],""robdd_enumerate"":[3442121.0,3510827.0,3616433.0,3631634.0,3839448.0]}",256,True,121208.0,891558.0,2670972.0,1714510.0,0.045379734418780876,0.07069541734956343,"{""packed"":[121708.0,108307.0,304720.0,121208.0,109207.0],""scalar_cnf"":[833754.0,891558.0,919059.0,900458.0,820453.0],""robdd"":[2730376.0,2584266.0,2859485.0,2670972.0,2530463.0],""cadical"":[1700210.0,1714510.0,1729411.0,1725911.0,1707410.0]}",4000,36103,,,True,1262981,43438,534534,48822,130008,44032,2882585,41429,17023,11041511,6051090,True,145,72980000,5675765,True,520,420030753,27443268,True,"{""dropped_satisfied_clauses"":654,""payload_sha256"":""4e42157df8de3b2e7ff8bd169b637a7b8e5d36b2e65da9a8216a671ce1334f67"",""removed_fixed_false_literals"":397,""residual_clauses"":27,""residual_literals"":27,""slice_feature_names"":[""CONFIG_HEXDUMP"",""CONFIG_FEATURE_INETD_SUPPORT_BUILTIN_CHARGEN"",""CONFIG_ASH_MAIL"",""CONFIG_FEATURE_STAT_FORMAT"",""CONFIG_FEATURE_FTPGETPUT_LONG_OPTIONS"",""CONFIG_LOAD_POLICY"",""CONFIG_SETENFORCE"",""CONFIG_DEPMOD"",""CONFIG_PASSWORD_MINLEN"",""CONFIG_FEATURE_LESS_MAXLINES"",""CONFIG_FEATURE_PS_TIME"",""CONFIG_EXPR"",""CONFIG_FEATURE_EDITING_VI"",""CONFIG_FEATURE_VI_READONLY"",""CONFIG_VOLUMEID"",""CONFIG_FEATURE_BUFFERS_GO_IN_BSS""],""slice_variables"":[554,610,194,477,65,545,229,18,470,410,546,392,227,375,12,320],""source_clauses"":681}"
real|BusyBox@2010-05-09_00-13-40|incidence|k8,real,BusyBox@2010-05-09_00-13-40,BusyBox,incidence,8,134,10,137,0.9253731343283582,1,0.00390625,b14b9519fe51b738f81ba61ae48723835412b544f41e8ca4d3c2be8b8e7b7acb,True,162510,2256745,414527,dd.cudd,cudd,2512162,176111,9,2563065,143209,9,14942063,"[{""sweep"":0,""seed"":2066718394,""nodes"":9,""setup_ns"":2707374,""build_ns"":167411,""order"":[""x0"",""x4"",""x3"",""x7"",""x2"",""x1"",""x6"",""x5""]},{""sweep"":1,""seed"":2066718395,""nodes"":9,""setup_ns"":3089399,""build_ns"":163010,""order"":[""x2"",""x5"",""x1"",""x4"",""x0"",""x3"",""x7"",""x6""]},{""sweep"":2,""seed"":2066718396,""nodes"":9,""setup_ns"":2563065,""build_ns"":143209,""order"":[""x2"",""x3"",""x7"",""x6"",""x0"",""x4"",""x1"",""x5""]},{""sweep"":3,""seed"":2066718397,""nodes"":9,""setup_ns"":2589866,""build_ns"":229615,""order"":[""x7"",""x5"",""x2"",""x4"",""x3"",""x1"",""x6"",""x0""]},{""sweep"":4,""seed"":2066718398,""nodes"":9,""setup_ns"":2638070,""build_ns"":167811,""order"":[""x1"",""x5"",""x6"",""x2"",""x0"",""x7"",""x4"",""x3""]}]",19,21,42,111,40184.585,89427.26,25156.62,133209.0,1624904.0,1.5973761578463244,0.44935498415136504,0.3016656907566306,"{""cm"":[40088.085,40096.085,40184.585,40657.12,40986.64],""cse"":[89719.28,93668.53,89427.26,88421.195,88663.21],""cnf"":[25190.12,25567.15,25156.62,23787.535,24352.565],""robdd_enumerate"":[156610.0,133209.0,143210.0,129908.0,129809.0],""robdd_naive"":[1641005.0,1624904.0,1642205.0,1615804.0,1502697.0]}",256,True,34302.0,445829.0,1449393.0,1431992.0,0.023666458993523494,0.023954044436002436,"{""packed"":[63604.0,62804.0,33403.0,34302.0,32102.0],""scalar_cnf"":[444428.0,440029.0,445829.0,478831.0,453329.0],""robdd"":[1499397.0,1423692.0,1449393.0,1420491.0,1538799.0],""cadical"":[1422891.0,1421091.0,1457093.0,1470895.0,1431992.0]}",900,36702,183911,1,True,5311542,94636,1617504,86712,114808,480,3474524,40951,2135,9500812,6568523,True,561,45858954,6360210,True,479,31953758,34426818,True,"{""dropped_satisfied_clauses"":547,""payload_sha256"":""7fa60e84434fa0f70f393464a6e0269231c5fe92f3fb53688461e259f3cad8a1"",""removed_fixed_false_literals"":444,""residual_clauses"":134,""residual_literals"":137,""slice_feature_names"":[""CONFIG_LONG_OPTS"",""CONFIG_FIND"",""CONFIG_VOLUMEID"",""CONFIG_SELINUX"",""CONFIG_ASH"",""CONFIG_MODPROBE_SMALL"",""CONFIG_HUSH"",""CONFIG_FEATURE_SYSLOG""],""slice_variables"":[27,185,20,45,107,93,39,147],""source_clauses"":681}"
real|BusyBox@2010-05-09_00-13-40|hash|k8,real,BusyBox@2010-05-09_00-13-40,BusyBox,hash,8,27,5,28,0.8148148148148149,16,0.0625,6880a312794ae76d6eb7cff1d694bf61901bed297f1b6bc8fa011b6f078e9d60,True,78605,444029,159210,dd.cudd,cudd,2783680,83405,5,2722076,46803,5,14516335,"[{""sweep"":0,""seed"":1130797829,""nodes"":5,""setup_ns"":2703974,""build_ns"":48403,""order"":[""x6"",""x5"",""x3"",""x1"",""x4"",""x2"",""x0"",""x7""]},{""sweep"":1,""seed"":1130797830,""nodes"":5,""setup_ns"":2804480,""build_ns"":52904,""order"":[""x4"",""x7"",""x6"",""x1"",""x0"",""x5"",""x2"",""x3""]},{""sweep"":2,""seed"":1130797831,""nodes"":5,""setup_ns"":2827682,""build_ns"":56504,""order"":[""x1"",""x7"",""x6"",""x4"",""x0"",""x2"",""x5"",""x3""]},{""sweep"":3,""seed"":1130797832,""nodes"":5,""setup_ns"":2589466,""build_ns"":53104,""order"":[""x1"",""x3"",""x6"",""x7"",""x2"",""x5"",""x4"",""x0""]},{""sweep"":4,""seed"":1130797833,""nodes"":5,""setup_ns"":2722076,""build_ns"":46803,""order"":[""x5"",""x2"",""x7"",""x3"",""x6"",""x4"",""x1"",""x0""]}]",5,6,8,21,9523.615,18430.69,5135.83,126208.0,1514697.0,1.854347787991425,0.5167259066263933,0.0754596776749493,"{""cm"":[9064.085,9209.095,9941.64,9602.12,9523.615],""cse"":[18312.18,18782.71,18572.695,18342.18,18430.69],""cnf"":[4949.32,5135.83,5108.33,5229.34,5294.84],""robdd_enumerate"":[114808.0,120808.0,126208.0,179011.0,136909.0],""robdd_naive"":[1514697.0,1444693.0,1462395.0,1562901.0,1543599.0]}",256,True,32702.0,721447.0,1418591.0,1391990.0,0.023052451340802246,0.023492984863397008,"{""packed"":[34202.0,33003.0,31902.0,32702.0,32402.0],""scalar_cnf"":[808952.0,709545.0,737747.0,721447.0,717947.0],""robdd"":[1488396.0,1407591.0,1459694.0,1418591.0,1345686.0],""cadical"":[1401490.0,1371788.0,1408491.0,1388590.0,1391990.0]}",800,32402,301419,16,True,1054068,21055,635041,20235,44403,480,2838183,40951,778,9335602,6187198,True,123,8133324,5915981,True,295,25692055,33945186,True,"{""dropped_satisfied_clauses"":654,""payload_sha256"":""7fa60e84434fa0f70f393464a6e0269231c5fe92f3fb53688461e259f3cad8a1"",""removed_fixed_false_literals"":397,""residual_clauses"":27,""residual_literals"":28,""slice_feature_names"":[""CONFIG_LOGIN_SCRIPTS"",""CONFIG_FEATURE_HDPARM_HDIO_TRISTATE_HWIF"",""CONFIG_FEATURE_XARGS_SUPPORT_ZERO_TERM"",""CONFIG_IPRULE"",""CONFIG_FIND"",""CONFIG_FEATURE_BUFFERS_USE_MALLOC"",""CONFIG_FIRST_SYSTEM_ID"",""CONFIG_FEATURE_FIND_CONTEXT""],""slice_variables"":[220,466,628,340,185,243,363,219],""source_clauses"":681}"
real|BusyBox@2010-05-09_00-13-40|incidence|k12,real,BusyBox@2010-05-09_00-13-40,BusyBox,incidence,12,158,16,165,0.8987341772151899,1,0.000244140625,d2e8e0bb4497138e65d654cd144656e02daacab4b1859c9bb74f8fec41eb1c82,True,214514,4058962,640341,dd.cudd,cudd,2699074,179511,13,2695373,178211,13,15619006,"[{""sweep"":0,""seed"":2032559475,""nodes"":13,""setup_ns"":2825282,""build_ns"":178811,""order"":[""x3"",""x0"",""x7"",""x1"",""x6"",""x2"",""x8"",""x4"",""x11"",""x10"",""x5"",""x9""]},{""sweep"":1,""seed"":2032559476,""nodes"":13,""setup_ns"":2695373,""build_ns"":178211,""order"":[""x10"",""x2"",""x7"",""x0"",""x8"",""x11"",""x5"",""x1"",""x4"",""x9"",""x6"",""x3""]},{""sweep"":2,""seed"":2032559477,""nodes"":13,""setup_ns"":2856684,""build_ns"":277618,""order"":[""x3"",""x6"",""x9"",""x1"",""x5"",""x0"",""x8"",""x4"",""x10"",""x7"",""x11"",""x2""]},{""sweep"":3,""seed"":2032559478,""nodes"":13,""setup_ns"":2913688,""build_ns"":225914,""order"":[""x5"",""x0"",""x7"",""x3"",""x2"",""x11"",""x9"",""x1"",""x8"",""x4"",""x10"",""x6""]},{""sweep"":4,""seed"":2032559479,""nodes"":13,""setup_ns"":2642770,""build_ns"":199913,""order"":[""x1"",""x10"",""x3"",""x11"",""x7"",""x6"",""x5"",""x8"",""x9"",""x4"",""x2"",""x0""]}]",20,21,47,140,46821.02,118539.64,46369.0,129708.0,33002125.0,1.0097483232331945,0.3949819655264686,0.36097249205908655,"{""cm"":[47379.06,46931.02,46615.0,44040.84,46821.02],""cse"":[118539.64,114047.34,119271.68,109359.04,125074.06],""cnf"":[53163.42,46020.98,46369.0,47723.08,45386.92],""robdd_enumerate"":[109307.0,171211.0,129708.0,108007.0,131908.0],""robdd_naive"":[33073530.0,33491557.0,33002125.0,32659704.0,32640202.0]}",256,True,57404.0,325321.0,2042832.0,1475995.0,0.028100205988549228,0.03889173066304425,"{""packed"":[62604.0,57404.0,49304.0,52904.0,57704.0],""scalar_cnf"":[332321.0,325321.0,325121.0,325121.0,333421.0],""robdd"":[2044832.0,2042832.0,2054132.0,1878921.0,1980228.0],""cadical"":[1475995.0,1462494.0,1480895.0,1519198.0,1466094.0]}",1500,36803,204513,1,True,6311706,118118,1778815,103446,161310,3604,4201471,41221,3400,8993280,5483153,True,693,13394963,5726469,True,705,43676313,30816485,True,"{""dropped_satisfied_clauses"":523,""payload_sha256"":""7fa60e84434fa0f70f393464a6e0269231c5fe92f3fb53688461e259f3cad8a1"",""removed_fixed_false_literals"":436,""residual_clauses"":158,""residual_literals"":165,""slice_feature_names"":[""CONFIG_LONG_OPTS"",""CONFIG_FIND"",""CONFIG_VOLUMEID"",""CONFIG_SELINUX"",""CONFIG_ASH"",""CONFIG_MODPROBE_SMALL"",""CONFIG_HUSH"",""CONFIG_FEATURE_SYSLOG"",""CONFIG_MODPROBE"",""CONFIG_VI"",""CONFIG_UDHCPC"",""CONFIG_UDHCPD""],""slice_variables"":[27,185,20,45,107,93,39,147,37,53,3,29],""source_clauses"":681}"
real|BusyBox@2010-05-09_00-13-40|hash|k12,real,BusyBox@2010-05-09_00-13-40,BusyBox,hash,12,32,8,34,0.75,64,0.015625,6c47ea382bdcf60b8b50abad24f268181d8718121937fede767751ad9a457130,True,65104,727947,158410,dd.cudd,cudd,2756478,114507,7,2714775,49504,7,15324187,"[{""sweep"":0,""seed"":663588911,""nodes"":7,""setup_ns"":2695374,""build_ns"":53703,""order"":[""x11"",""x4"",""x9"",""x8"",""x7"",""x0"",""x10"",""x1"",""x6"",""x2"",""x3"",""x5""]},{""sweep"":1,""seed"":663588912,""nodes"":7,""setup_ns"":2714775,""build_ns"":49504,""order"":[""x8"",""x11"",""x1"",""x3"",""x0"",""x9"",""x10"",""x6"",""x4"",""x5"",""x2"",""x7""]},{""sweep"":2,""seed"":663588913,""nodes"":7,""setup_ns"":3287012,""build_ns"":89705,""order"":[""x10"",""x9"",""x6"",""x4"",""x8"",""x5"",""x3"",""x2"",""x11"",""x7"",""x0"",""x1""]},{""sweep"":3,""seed"":663588914,""nodes"":7,""setup_ns"":2906488,""build_ns"":75804,""order"":[""x5"",""x0"",""x6"",""x1"",""x7"",""x8"",""x11"",""x2"",""x4"",""x3"",""x10"",""x9""]},{""sweep"":4,""seed"":663588915,""nodes"":7,""setup_ns"":2762178,""build_ns"":62804,""order"":[""x7"",""x2"",""x9"",""x1"",""x5"",""x0"",""x11"",""x4"",""x3"",""x10"",""x8"",""x6""]}]",7,8,14,28,15961.02,24413.58,10504.68,381725.0,32906919.0,1.519419915694719,0.6537762999117704,0.04181287576134652,"{""cm"":[17465.12,15587.0,16669.06,15080.96,15961.02],""cse"":[27825.8,24291.56,23527.5,25551.64,24413.58],""cnf"":[11714.74,10504.68,10254.66,9966.64,11200.72],""robdd_enumerate"":[448429.0,381225.0,361324.0,405826.0,381725.0],""robdd_naive"":[40063880.0,36791869.0,32906919.0,31507630.0,32477891.0]}",256,True,59204.0,631941.0,2084735.0,1563801.0,0.028398813278426274,0.03785903705138953,"{""packed"":[67005.0,55604.0,58404.0,65604.0,59204.0],""scalar_cnf"":[622940.0,615339.0,726847.0,631941.0,644441.0],""robdd"":[2084735.0,2106036.0,2005529.0,2163839.0,2009829.0],""cadical"":[1593202.0,1503497.0,2043732.0,1563801.0,1486596.0]}",1300,34602,1009465,64,True,1468995,29344,612639,27052,58204,3072,3005693,41221,2056,9437308,6022588,True,148,44862290,5809074,True,427,29278686,34886947,True,"{""dropped_satisfied_clauses"":649,""payload_sha256"":""7fa60e84434fa0f70f393464a6e0269231c5fe92f3fb53688461e259f3cad8a1"",""removed_fixed_false_literals"":399,""residual_clauses"":32,""residual_literals"":34,""slice_feature_names"":[""CONFIG_LOGIN_SCRIPTS"",""CONFIG_FEATURE_HDPARM_HDIO_TRISTATE_HWIF"",""CONFIG_FEATURE_XARGS_SUPPORT_ZERO_TERM"",""CONFIG_IPRULE"",""CONFIG_FIND"",""CONFIG_FEATURE_BUFFERS_USE_MALLOC"",""CONFIG_FIRST_SYSTEM_ID"",""CONFIG_FEATURE_FIND_CONTEXT"",""CONFIG_XARGS"",""CONFIG_DF"",""CONFIG_FEATURE_HDPARM_HDIO_SCAN_HWIF"",""CONFIG_FEATURE_INSTALLER""],""slice_variables"":[220,466,628,340,185,243,363,219,275,112,85,410],""source_clauses"":681}"
real|BusyBox@2010-05-09_00-13-40|incidence|k16,real,BusyBox@2010-05-09_00-13-40,BusyBox,incidence,16,178,24,196,0.8651685393258427,2,3.0517578125e-05,ff2d9872a494a8a8df6bc3394c1dd7adb2ab2510d53ac0290b3cf29db3fa617d,True,249416,4139367,819653,dd.cudd,cudd,2778679,245016,16,2658171,242316,16,15897824,"[{""sweep"":0,""seed"":960018764,""nodes"":16,""setup_ns"":2962690,""build_ns"":247315,""order"":[""x5"",""x3"",""x4"",""x8"",""x9"",""x6"",""x12"",""x11"",""x10"",""x15"",""x0"",""x2"",""x1"",""x7"",""x14"",""x13""]},{""sweep"":1,""seed"":960018765,""nodes"":16,""setup_ns"":2658171,""build_ns"":242316,""order"":[""x11"",""x9"",""x12"",""x2"",""x7"",""x13"",""x3"",""x15"",""x6"",""x5"",""x8"",""x4"",""x1"",""x0"",""x10"",""x14""]},{""sweep"":2,""seed"":960018766,""nodes"":16,""setup_ns"":2758978,""build_ns"":244616,""order"":[""x9"",""x0"",""x6"",""x12"",""x8"",""x7"",""x13"",""x15"",""x11"",""x10"",""x5"",""x4"",""x3"",""x2"",""x14"",""x1""]},{""sweep"":3,""seed"":960018767,""nodes"":16,""setup_ns"":2940789,""build_ns"":282819,""order"":[""x7"",""x0"",""x1"",""x15"",""x2"",""x13"",""x8"",""x3"",""x14"",""x10"",""x12"",""x9"",""x11"",""x4"",""x6"",""x5""]},{""sweep"":4,""seed"":960018768,""nodes"":16,""setup_ns"":2755877,""build_ns"":266618,""order"":[""x12"",""x11"",""x6"",""x1"",""x5"",""x9"",""x15"",""x14"",""x10"",""x0"",""x13"",""x3"",""x8"",""x2"",""x7"",""x4""]}]",28,25,64,174,101766.6,219104.1,358453.1,107207.0,,0.2839049236845769,0.4644668903959351,0.9492533136828752,"{""cm"":[99866.4,120197.8,101766.6,115187.4,100846.5],""cse"":[217804.0,218334.1,222894.3,219104.1,223264.4],""cnf"":[344922.2,349762.5,358453.1,376814.3,362473.4],""robdd_enumerate"":[81305.0,83005.0,162211.0,107207.0,136609.0]}",256,True,306419.0,374424.0,2673472.0,1718711.0,0.11461462846814928,0.17828419088491318,"{""packed"":[306419.0,321121.0,319421.0,296119.0,287119.0],""scalar_cnf"":[425528.0,352723.0,386725.0,350823.0,374424.0],""robdd"":[2697874.0,2539863.0,2592167.0,2673472.0,2773879.0],""cadical"":[1718711.0,1990928.0,1728911.0,1716311.0,1682808.0]}",6500,45203,,,True,8719562,301971,2371853,266243,546935,52756,3457822,41429,19602,10929004,6227101,True,823,16239745,5734569,True,890,29931827,32517194,True,"{""dropped_satisfied_clauses"":503,""payload_sha256"":""7fa60e84434fa0f70f393464a6e0269231c5fe92f3fb53688461e259f3cad8a1"",""removed_fixed_false_literals"":434,""residual_clauses"":178,""residual_literals"":196,""slice_feature_names"":[""CONFIG_LONG_OPTS"",""CONFIG_FIND"",""CONFIG_VOLUMEID"",""CONFIG_SELINUX"",""CONFIG_ASH"",""CONFIG_MODPROBE_SMALL"",""CONFIG_HUSH"",""CONFIG_FEATURE_SYSLOG"",""CONFIG_MODPROBE"",""CONFIG_VI"",""CONFIG_UDHCPC"",""CONFIG_UDHCPD"",""CONFIG_FEATURE_IFUPDOWN_IP_BUILTIN"",""CONFIG_IP"",""CONFIG_MOUNT"",""CONFIG_DEPMOD""],""slice_variables"":[27,185,20,45,107,93,39,147,37,53,3,29,42,56,24,92],""source_clauses"":681}"
real|BusyBox@2010-05-09_00-13-40|hash|k16,real,BusyBox@2010-05-09_00-13-40,BusyBox,hash,16,32,8,34,0.75,1024,0.015625,1655ea6eb9e0768ecb75d1b461b8bf41f98d101813abaf77846a37761e20aa1f,True,67004,597339,241015,dd.cudd,cudd,2972291,76205,7,2818482,61004,7,24627487,"[{""sweep"":0,""seed"":395356017,""nodes"":7,""setup_ns"":2663872,""build_ns"":62104,""order"":[""x2"",""x15"",""x10"",""x9"",""x13"",""x3"",""x5"",""x4"",""x11"",""x1"",""x8"",""x0"",""x14"",""x7"",""x6"",""x12""]},{""sweep"":1,""seed"":395356018,""nodes"":7,""setup_ns"":2727076,""build_ns"":62204,""order"":[""x8"",""x11"",""x15"",""x3"",""x1"",""x9"",""x14"",""x12"",""x5"",""x6"",""x4"",""x0"",""x2"",""x10"",""x13"",""x7""]},{""sweep"":2,""seed"":395356019,""nodes"":7,""setup_ns"":2818482,""build_ns"":61004,""order"":[""x10"",""x5"",""x4"",""x1"",""x11"",""x8"",""x13"",""x9"",""x0"",""x7"",""x14"",""x6"",""x15"",""x2"",""x12"",""x3""]},{""sweep"":3,""seed"":395356020,""nodes"":7,""setup_ns"":7768700,""build_ns"":117208,""order"":[""x12"",""x7"",""x13"",""x2"",""x3"",""x11"",""x9"",""x4"",""x15"",""x5"",""x10"",""x0"",""x6"",""x8"",""x1"",""x14""]},{""sweep"":4,""seed"":395356021,""nodes"":7,""setup_ns"":7741599,""build_ns"":95606,""order"":[""x14"",""x13"",""x10"",""x3"",""x11"",""x6"",""x2"",""x12"",""x9"",""x8"",""x4"",""x15"",""x1"",""x5"",""x7"",""x0""]}]",7,8,14,28,36192.3,45872.9,67704.3,7660893.0,,0.5345642743518506,0.7889690863232977,0.004724292585733805,"{""cm"":[36552.4,28941.9,45942.9,36192.3,34792.2],""cse"":[42752.7,45872.9,53993.5,48173.1,43292.8],""cnf"":[68664.5,63704.1,79715.1,67704.3,66384.3],""robdd_enumerate"":[7660893.0,7757300.0,7638993.0,7828404.0,7540885.0]}",256,True,324021.0,672344.0,2574766.0,1711210.0,0.12584483405482286,0.18935197900900533,"{""packed"":[351022.0,429428.0,315920.0,324021.0,310920.0],""scalar_cnf"":[680044.0,667143.0,672344.0,673543.0,663643.0],""robdd"":[2599168.0,2571966.0,2650771.0,2574766.0,2535763.0],""cadical"":[1682908.0,1857520.0,1711210.0,1658107.0,1723511.0]}",6801,38002,,,True,1660207,77081,618740,80873,158510,44032,3108100,41429,17416,11061712,6137096,True,148,46078668,6642328,True,471,30882189,33147135,True,"{""dropped_satisfied_clauses"":649,""payload_sha256"":""7fa60e84434fa0f70f393464a6e0269231c5fe92f3fb53688461e259f3cad8a1"",""removed_fixed_false_literals"":398,""residual_clauses"":32,""residual_literals"":34,""slice_feature_names"":[""CONFIG_LOGIN_SCRIPTS"",""CONFIG_FEATURE_HDPARM_HDIO_TRISTATE_HWIF"",""CONFIG_FEATURE_XARGS_SUPPORT_ZERO_TERM"",""CONFIG_IPRULE"",""CONFIG_FIND"",""CONFIG_FEATURE_BUFFERS_USE_MALLOC"",""CONFIG_FIRST_SYSTEM_ID"",""CONFIG_FEATURE_FIND_CONTEXT"",""CONFIG_XARGS"",""CONFIG_DF"",""CONFIG_FEATURE_HDPARM_HDIO_SCAN_HWIF"",""CONFIG_FEATURE_INSTALLER"",""CONFIG_DEVFSD_FG_NP"",""CONFIG_UNICODE_NEUTRAL_TABLE"",""CONFIG_DEVFSD_MODLOAD"",""CONFIG_FEATURE_MODPROBE_BLACKLIST""],""slice_variables"":[220,466,628,340,185,243,363,219,275,112,85,410,623,290,509,602],""source_clauses"":681}"
real|Fiasco@2017-09-26_11-30-56|incidence|k8,real,Fiasco@2017-09-26_11-30-56,Fiasco,incidence,8,72,32,114,0.5555555555555556,1,0.00390625,1616c4b5c8dbb446f269f2c9705b857b4a4315355a52966933e6b0e51da74a76,True,163010,2956890,408427,dd.cudd,cudd,2559265,185812,9,2770679,163310,9,15169677,"[{""sweep"":0,""seed"":719808429,""nodes"":9,""setup_ns"":2770679,""build_ns"":163310,""order"":[""x4"",""x3"",""x5"",""x6"",""x2"",""x0"",""x1"",""x7""]},{""sweep"":1,""seed"":719808430,""nodes"":9,""setup_ns"":2841883,""build_ns"":163611,""order"":[""x5"",""x0"",""x2"",""x4"",""x3"",""x7"",""x1"",""x6""]},{""sweep"":2,""seed"":719808431,""nodes"":9,""setup_ns"":2772079,""build_ns"":176811,""order"":[""x0"",""x4"",""x1"",""x2"",""x3"",""x7"",""x6"",""x5""]},{""sweep"":3,""seed"":719808432,""nodes"":9,""setup_ns"":2685473,""build_ns"":163911,""order"":[""x3"",""x7"",""x5"",""x6"",""x2"",""x4"",""x1"",""x0""]},{""sweep"":4,""seed"":719808433,""nodes"":9,""setup_ns"":2651371,""build_ns"":234715,""order"":[""x1"",""x0"",""x6"",""x2"",""x4"",""x3"",""x7"",""x5""]}]",37,37,75,109,67649.855,89776.285,22235.935,131009.0,1596403.0,3.042366106934563,0.7535381420605675,0.5163756306818615,"{""cm"":[67295.335,70348.03,67649.855,66397.775,68438.91],""cse"":[87631.645,90056.3,89776.285,89553.77,94267.57],""cnf"":[22979.98,24847.1,21799.905,21994.42,22235.935],""robdd_enumerate"":[131009.0,141209.0,129208.0,153010.0,129808.0],""robdd_naive"":[1742512.0,1533699.0,1606704.0,1544900.0,1596403.0]}",256,True,25402.0,483931.0,1478895.0,1354087.0,0.017176337738649464,0.018759503636029295,"{""packed"":[26101.0,24802.0,25001.0,25402.0,27002.0],""scalar_cnf"":[469430.0,483931.0,584138.0,486631.0,460230.0],""robdd"":[1478895.0,1463995.0,1541099.0,1346886.0,1496396.0],""cadical"":[1340087.0,1354087.0,1498197.0,1324986.0,1382089.0]}",1300,36403,195612,1,True,5752170,97792,1623905,81040,155510,524,3514526,40951,3514,9729627,5966384,True,442,62572030,5876778,True,478,35771504,32004261,True,"{""dropped_satisfied_clauses"":1109,""payload_sha256"":""4b4824ca2ede455c6d35ccf9bf2a6dab9a79a27740fe95781ef218057541ccef"",""removed_fixed_false_literals"":527,""residual_clauses"":72,""residual_literals"":114,""slice_feature_names"":[""CONFIG_ARM"",""CONFIG_PF_PC"",""CONFIG_IA32"",""CONFIG_PF_EXYNOS"",""CONFIG_AMD64"",""CONFIG_PF_REALVIEW"",""CONFIG_MIPS"",""CONFIG_CPU_MIPS64_R6""],""slice_variables"":[42,10,7,35,53,33,14,49],""source_clauses"":1181}"
real|Fiasco@2017-09-26_11-30-56|hash|k8,real,Fiasco@2017-09-26_11-30-56,Fiasco,hash,8,16,11,19,0.3125,1,0.00390625,9f911fc19889661af03c2e9849208883bb606beb75bb6c162ff63f65e4ca8157,True,50103,622640,148509,dd.cudd,cudd,2651971,48503,9,2609568,47503,9,15117374,"[{""sweep"":0,""seed"":435674851,""nodes"":9,""setup_ns"":2740177,""build_ns"":48303,""order"":[""x3"",""x0"",""x7"",""x1"",""x4"",""x2"",""x6"",""x5""]},{""sweep"":1,""seed"":435674852,""nodes"":9,""setup_ns"":2609568,""build_ns"":47503,""order"":[""x6"",""x0"",""x2"",""x5"",""x3"",""x1"",""x4"",""x7""]},{""sweep"":2,""seed"":435674853,""nodes"":9,""setup_ns"":2601967,""build_ns"":47803,""order"":[""x3"",""x6"",""x4"",""x2"",""x7"",""x0"",""x5"",""x1""]},{""sweep"":3,""seed"":435674854,""nodes"":9,""setup_ns"":2928889,""build_ns"":198812,""order"":[""x5"",""x1"",""x2"",""x4"",""x0"",""x7"",""x6"",""x3""]},{""sweep"":4,""seed"":435674855,""nodes"":9,""setup_ns"":3186405,""build_ns"":50803,""order"":[""x4"",""x3"",""x2"",""x1"",""x0"",""x5"",""x7"",""x6""]}]",11,11,20,25,17592.63,21193.865,4981.32,109808.0,1583302.0,3.5317205078172056,0.8300812522869235,0.16021264388751275,"{""cm"":[16628.57,17164.105,19526.26,17592.63,18105.165],""cse"":[22517.95,21032.85,21193.865,20600.33,23206.495],""cnf"":[4730.805,4995.32,4928.32,5387.345,4981.32],""robdd_enumerate"":[63304.0,109808.0,118207.0,101507.0,166210.0],""robdd_naive"":[1392590.0,1610703.0,1643906.0,1583302.0,1516698.0]}",256,True,26002.0,453829.0,1409591.0,1368288.0,0.01844648554084128,0.019003309244837344,"{""packed"":[51203.0,25301.0,26002.0,25701.0,30402.0],""scalar_cnf"":[477930.0,453829.0,453229.0,462430.0,436728.0],""robdd"":[1616504.0,1534899.0,1409591.0,1399490.0,1395189.0],""cadical"":[1628405.0,1322785.0,1368288.0,1357788.0,1679808.0]}",1000,36902,162311,1,True,1624904,29224,529534,22556,47103,528,2917387,40951,1353,9288998,6546721,True,98,7932511,5790173,True,478,32257978,39481143,True,"{""dropped_satisfied_clauses"":1165,""payload_sha256"":""4b4824ca2ede455c6d35ccf9bf2a6dab9a79a27740fe95781ef218057541ccef"",""removed_fixed_false_literals"":463,""residual_clauses"":16,""residual_literals"":19,""slice_feature_names"":[""CONFIG_CONTEXT_8K"",""CONFIG_CAN_ARM_CPU_CORTEX_A5"",""CONFIG_PERF_CNT"",""CONFIG_MP"",""CONFIG_PF_EXYNOS4_4210"",""CONFIG_SCHED_HPET"",""CONFIG_ARM_EM_NS"",""CONFIG_SCHED_PIT""],""slice_variables"":[185,190,196,74,90,71,76,72],""source_clauses"":1181}"
real|Fiasco@2017-09-26_11-30-56|incidence|k12,real,Fiasco@2017-09-26_11-30-56,Fiasco,incidence,12,110,52,184,0.5272727272727273,1,0.000244140625,26a195ed3f31e299323273f441929fd6fc68c2afc9db0cfc04b0029478e0dd65,True,210914,3815446,744348,dd.cudd,cudd,2640170,308420,13,2549264,271017,13,15300685,"[{""sweep"":0,""seed"":854731087,""nodes"":13,""setup_ns"":2941790,""build_ns"":307119,""order"":[""x11"",""x5"",""x2"",""x3"",""x8"",""x1"",""x6"",""x0"",""x9"",""x7"",""x10"",""x4""]},{""sweep"":1,""seed"":854731088,""nodes"":13,""setup_ns"":2589167,""build_ns"":280918,""order"":[""x11"",""x6"",""x10"",""x2"",""x7"",""x1"",""x0"",""x5"",""x3"",""x4"",""x9"",""x8""]},{""sweep"":2,""seed"":854731089,""nodes"":13,""setup_ns"":2648371,""build_ns"":291519,""order"":[""x1"",""x10"",""x8"",""x0"",""x4"",""x5"",""x9"",""x7"",""x6"",""x11"",""x2"",""x3""]},{""sweep"":3,""seed"":854731090,""nodes"":13,""setup_ns"":2549264,""build_ns"":271017,""order"":[""x4"",""x3"",""x8"",""x1"",""x0"",""x5"",""x7"",""x11"",""x9"",""x6"",""x10"",""x2""]},{""sweep"":4,""seed"":854731091,""nodes"":13,""setup_ns"":2624269,""build_ns"":278518,""order"":[""x7"",""x4"",""x0"",""x11"",""x6"",""x10"",""x2"",""x5"",""x8"",""x9"",""x1"",""x3""]}]",60,58,125,175,118669.64,145157.36,80877.2,141809.0,32174473.0,1.46728175555039,0.8175240993636148,0.8368272817663195,"{""cm"":[118669.64,127392.2,119083.66,114843.38,114533.36],""cse"":[144613.32,147255.48,145157.36,147953.52,142463.16],""cnf"":[78075.04,82087.28,85729.52,78109.02,80877.2],""robdd_enumerate"":[110707.0,145409.0,141809.0,381824.0,134309.0],""robdd_naive"":[32869717.0,32238176.0,32174473.0,31799848.0,31691141.0]}",256,True,25202.0,442428.0,2075834.0,1491696.0,0.012140662499987957,0.016894863296542995,"{""packed"":[24801.0,25202.0,25401.0,25602.0,24802.0],""scalar_cnf"":[481031.0,432728.0,438729.0,442428.0,461729.0],""robdd"":[2075834.0,2002729.0,2163639.0,2084134.0,2023131.0],""cadical"":[1470995.0,1491696.0,1517098.0,1506797.0,1481696.0]}",800,34702,198813,1,True,9071684,157758,2442057,129518,257517,3492,4261775,41221,6565,9563916,5992285,True,743,45974061,6040089,True,704,36853773,41594579,True,"{""dropped_satisfied_clauses"":1071,""payload_sha256"":""4b4824ca2ede455c6d35ccf9bf2a6dab9a79a27740fe95781ef218057541ccef"",""removed_fixed_false_literals"":623,""residual_clauses"":110,""residual_literals"":184,""slice_feature_names"":[""CONFIG_ARM"",""CONFIG_PF_PC"",""CONFIG_IA32"",""CONFIG_PF_EXYNOS"",""CONFIG_AMD64"",""CONFIG_PF_REALVIEW"",""CONFIG_MIPS"",""CONFIG_CPU_MIPS64_R6"",""CONFIG_ARM_CORTEX_A15"",""CONFIG_PF_UX"",""CONFIG_CPU_MIPS32_R6"",""CONFIG_PF_TEGRA""],""slice_variables"":[42,10,7,35,53,33,14,49,80,9,67,28],""source_clauses"":1181}"
real|Fiasco@2017-09-26_11-30-56|hash|k12,real,Fiasco@2017-09-26_11-30-56,Fiasco,hash,12,21,15,24,0.2857142857142857,1,0.000244140625,32e2fb4ad450f66308b6357f1d7de83eadf7829e5c8c510440cb301296890801,True,58504,805952,177611,dd.cudd,cudd,2688074,68104,13,2662072,53503,13,14367426,"[{""sweep"":0,""seed"":774230541,""nodes"":13,""setup_ns"":2606768,""build_ns"":57704,""order"":[""x4"",""x0"",""x1"",""x5"",""x6"",""x9"",""x10"",""x7"",""x11"",""x8"",""x3"",""x2""]},{""sweep"":1,""seed"":774230542,""nodes"":13,""setup_ns"":2662671,""build_ns"":90006,""order"":[""x8"",""x4"",""x11"",""x2"",""x9"",""x7"",""x3"",""x1"",""x10"",""x5"",""x0"",""x6""]},{""sweep"":2,""seed"":774230543,""nodes"":13,""setup_ns"":2662072,""build_ns"":53503,""order"":[""x2"",""x7"",""x6"",""x8"",""x1"",""x5"",""x0"",""x9"",""x4"",""x3"",""x10"",""x11""]},{""sweep"":3,""seed"":774230544,""nodes"":13,""setup_ns"":2864684,""build_ns"":62604,""order"":[""x9"",""x10"",""x6"",""x5"",""x2"",""x11"",""x1"",""x0"",""x4"",""x3"",""x7"",""x8""]},{""sweep"":4,""seed"":774230545,""nodes"":13,""setup_ns"":2761678,""build_ns"":60004,""order"":[""x1"",""x0"",""x11"",""x8"",""x2"",""x10"",""x4"",""x3"",""x6"",""x9"",""x7"",""x5""]}]",15,15,28,34,26755.72,28811.86,15058.98,106206.0,32687505.0,1.7767285699297033,0.9286356382406412,0.2519228668813438,"{""cm"":[25861.68,23805.52,28539.84,55487.58,26755.72],""cse"":[28195.8,28811.86,29451.9,61683.96,28287.82],""cnf"":[15230.98,14596.94,13682.88,15451.0,15058.98],""robdd_enumerate"":[106206.0,73605.0,100407.0,108007.0,194212.0],""robdd_naive"":[32687505.0,33560962.0,31364220.0,34197603.0,32543796.0]}",256,True,25702.0,440028.0,2047732.0,1508798.0,0.012551447162030969,0.017034752166956744,"{""packed"":[25201.0,25801.0,24201.0,29301.0,25702.0],""scalar_cnf"":[418226.0,451529.0,447429.0,440028.0,418427.0],""robdd"":[2115537.0,1999528.0,2062932.0,2047732.0,1995028.0],""cadical"":[1495196.0,1604204.0,1477395.0,1508798.0,1564701.0]}",1300,38202,146810,1,True,1908523,41950,816152,33242,67005,3632,3155503,41221,2788,9027381,5979185,True,128,7831104,5769472,True,704,29414295,32974024,True,"{""dropped_satisfied_clauses"":1160,""payload_sha256"":""4b4824ca2ede455c6d35ccf9bf2a6dab9a79a27740fe95781ef218057541ccef"",""removed_fixed_false_literals"":462,""residual_clauses"":21,""residual_literals"":24,""slice_feature_names"":[""CONFIG_CONTEXT_8K"",""CONFIG_CAN_ARM_CPU_CORTEX_A5"",""CONFIG_PERF_CNT"",""CONFIG_MP"",""CONFIG_PF_EXYNOS4_4210"",""CONFIG_SCHED_HPET"",""CONFIG_ARM_EM_NS"",""CONFIG_SCHED_PIT"",""CONFIG_IOMMU"",""CONFIG_PF_KIRKWOOD"",""CONFIG_PF_EXYNOS_TIMER_GEN"",""CONFIG_PF_TEGRA2""],""slice_variables"":[185,190,196,74,90,71,76,72,184,17,112,200],""source_clauses"":1181}"
real|Fiasco@2017-09-26_11-30-56|incidence|k16,real,Fiasco@2017-09-26_11-30-56,Fiasco,incidence,16,144,81,259,0.4375,1,1.52587890625e-05,401cdad661572c1bed05d437097c59c8c5328675093e772ea082a03adbd2ed0c,True,317020,5915981,1134373,dd.cudd,cudd,2631669,411927,17,2752578,465830,17,17251311,"[{""sweep"":0,""seed"":401627826,""nodes"":17,""setup_ns"":2752578,""build_ns"":465830,""order"":[""x8"",""x14"",""x0"",""x10"",""x15"",""x4"",""x12"",""x7"",""x13"",""x5"",""x3"",""x11"",""x9"",""x2"",""x6"",""x1""]},{""sweep"":1,""seed"":401627827,""nodes"":17,""setup_ns"":3095900,""build_ns"":564636,""order"":[""x15"",""x13"",""x6"",""x10"",""x0"",""x14"",""x12"",""x1"",""x11"",""x5"",""x9"",""x2"",""x8"",""x3"",""x4"",""x7""]},{""sweep"":2,""seed"":401627828,""nodes"":17,""setup_ns"":2647171,""build_ns"":480331,""order"":[""x8"",""x6"",""x13"",""x2"",""x11"",""x15"",""x14"",""x10"",""x7"",""x4"",""x9"",""x3"",""x1"",""x12"",""x5"",""x0""]},{""sweep"":3,""seed"":401627829,""nodes"":17,""setup_ns"":2721875,""build_ns"":581637,""order"":[""x2"",""x4"",""x0"",""x11"",""x12"",""x1"",""x3"",""x13"",""x15"",""x10"",""x9"",""x6"",""x14"",""x5"",""x7"",""x8""]},{""sweep"":4,""seed"":401627830,""nodes"":17,""setup_ns"":2846383,""build_ns"":506733,""order"":[""x8"",""x9"",""x5"",""x7"",""x13"",""x6"",""x11"",""x1"",""x10"",""x15"",""x2"",""x12"",""x0"",""x14"",""x3"",""x4""]}]",88,87,187,245,270727.4,360783.2,972482.6,169811.0,,0.27838791151636033,0.750388044676138,1.594286589208002,"{""cm"":[253716.3,273037.5,273627.6,264577.1,270727.4],""cse"":[360783.2,338621.8,317710.4,367193.6,368043.7],""cnf"":[964962.1,1018405.6,1014375.3,958521.8,972482.6],""robdd_enumerate"":[167311.0,169811.0,182512.0,134009.0,170611.0]}",256,True,25701.0,436328.0,2597565.0,1704109.0,0.009894266360995779,0.015081781740487257,"{""packed"":[25701.0,26602.0,25102.0,25502.0,26302.0],""scalar_cnf"":[476030.0,414226.0,496531.0,420426.0,436328.0],""robdd"":[2597565.0,2719273.0,2817679.0,2546462.0,2582264.0],""cadical"":[1690108.0,1840417.0,1872819.0,1704109.0,1685807.0]}",1500,77405,,,True,14850044,787655,3649732,761551,1323984,50612,3887647,41429,24470,11648441,5877774,True,1076,46099032,5874473,True,936,39721726,44481628,True,"{""dropped_satisfied_clauses"":1037,""payload_sha256"":""4b4824ca2ede455c6d35ccf9bf2a6dab9a79a27740fe95781ef218057541ccef"",""removed_fixed_false_literals"":586,""residual_clauses"":144,""residual_literals"":259,""slice_feature_names"":[""CONFIG_ARM"",""CONFIG_PF_PC"",""CONFIG_IA32"",""CONFIG_PF_EXYNOS"",""CONFIG_AMD64"",""CONFIG_PF_REALVIEW"",""CONFIG_MIPS"",""CONFIG_CPU_MIPS64_R6"",""CONFIG_ARM_CORTEX_A15"",""CONFIG_PF_UX"",""CONFIG_CPU_MIPS32_R6"",""CONFIG_PF_TEGRA"",""CONFIG_PF_MALTA"",""CONFIG_PF_IMX"",""CONFIG_ARM_CORTEX_A9"",""CONFIG_PF_ZYNQ""],""slice_variables"":[42,10,7,35,53,33,14,49,80,9,67,28,51,36,2,16],""source_clauses"":1181}"
real|Fiasco@2017-09-26_11-30-56|hash|k16,real,Fiasco@2017-09-26_11-30-56,Fiasco,hash,16,43,23,51,0.4651162790697675,1,1.52587890625e-05,ea9b421dbb7fe53688c50b8f78957912cb21e73f21aae273d541ff1126fd98a4,True,91906,1804115,309720,dd.cudd,cudd,2754375,104107,17,2619067,98106,17,20130480,"[{""sweep"":0,""seed"":201101296,""nodes"":17,""setup_ns"":2895684,""build_ns"":152910,""order"":[""x7"",""x5"",""x12"",""x9"",""x13"",""x11"",""x8"",""x15"",""x2"",""x14"",""x3"",""x0"",""x10"",""x1"",""x6"",""x4""]},{""sweep"":1,""seed"":201101297,""nodes"":17,""setup_ns"":2763375,""build_ns"":98307,""order"":[""x11"",""x7"",""x15"",""x14"",""x8"",""x3"",""x5"",""x0"",""x6"",""x4"",""x1"",""x13"",""x2"",""x12"",""x9"",""x10""]},{""sweep"":2,""seed"":201101298,""nodes"":17,""setup_ns"":2619067,""build_ns"":98106,""order"":[""x0"",""x9"",""x10"",""x5"",""x7"",""x14"",""x13"",""x4"",""x8"",""x3"",""x11"",""x12"",""x6"",""x2"",""x15"",""x1""]},{""sweep"":3,""seed"":201101299,""nodes"":17,""setup_ns"":2857982,""build_ns"":120007,""order"":[""x1"",""x3"",""x10"",""x12"",""x2"",""x8"",""x6"",""x4"",""x15"",""x14"",""x5"",""x0"",""x7"",""x13"",""x9"",""x11""]},{""sweep"":4,""seed"":201101300,""nodes"":17,""setup_ns"":7774695,""build_ns"":149309,""order"":[""x3"",""x8"",""x2"",""x13"",""x11"",""x10"",""x0"",""x15"",""x12"",""x1"",""x14"",""x4"",""x9"",""x7"",""x5"",""x6""]}]",25,23,47,62,68864.3,78645.0,245715.6,92105.0,,0.28026018698039523,0.875634814673533,0.7476716790619402,"{""cm"":[66654.3,70604.5,68864.3,66054.2,70104.5],""cse"":[131588.4,78645.0,73414.7,78615.0,88325.6],""cnf"":[240815.3,250695.9,242045.4,248005.8,245715.6],""robdd_enumerate"":[92105.0,113608.0,72505.0,113107.0,80605.0]}",256,True,133608.0,470830.0,2704472.0,1706108.0,0.049402619069452376,0.0783115723037463,"{""packed"":[165010.0,124408.0,150810.0,133608.0,130508.0],""scalar_cnf"":[470830.0,467830.0,444428.0,471630.0,484531.0],""robdd"":[2644768.0,2798878.0,2652669.0,2704472.0,2750674.0],""cadical"":[1711709.0,1972025.0,1706108.0,1683807.0,1668406.0]}",3900,58804,,,True,4164164,233371,1134372,223203,406026,50608,3045894,41429,19121,11307519,6189194,True,271,63242321,5693862,True,937,35501257,38650958,True,"{""dropped_satisfied_clauses"":1138,""payload_sha256"":""4b4824ca2ede455c6d35ccf9bf2a6dab9a79a27740fe95781ef218057541ccef"",""removed_fixed_false_literals"":462,""residual_clauses"":43,""residual_literals"":51,""slice_feature_names"":[""CONFIG_CONTEXT_8K"",""CONFIG_CAN_ARM_CPU_CORTEX_A5"",""CONFIG_PERF_CNT"",""CONFIG_MP"",""CONFIG_PF_EXYNOS4_4210"",""CONFIG_SCHED_HPET"",""CONFIG_ARM_EM_NS"",""CONFIG_SCHED_PIT"",""CONFIG_IOMMU"",""CONFIG_PF_KIRKWOOD"",""CONFIG_PF_EXYNOS_TIMER_GEN"",""CONFIG_PF_TEGRA2"",""CONFIG_PF_CI20"",""CONFIG_SCHED_FP_WFQ"",""CONFIG_CPU_MIPS64_R6"",""CONFIG_HAS_CPU_VIRT""],""slice_variables"":[185,190,196,74,90,71,76,72,184,17,112,200,103,47,49,181],""source_clauses"":1181}"
real|Fiasco@2018-02-09_09-07-43|incidence|k8,real,Fiasco@2018-02-09_09-07-43,Fiasco,incidence,8,64,32,104,0.5,1,0.00390625,d340dbc1256765fea41925fda295bdfeaa1055cbfeae0fdba8608e3116d746dc,True,151709,2144036,431428,dd.cudd,cudd,2888183,203413,9,2592565,141009,9,14408716,"[{""sweep"":0,""seed"":1655654742,""nodes"":9,""setup_ns"":2727373,""build_ns"":152810,""order"":[""x4"",""x5"",""x2"",""x3"",""x1"",""x6"",""x7"",""x0""]},{""sweep"":1,""seed"":1655654743,""nodes"":9,""setup_ns"":2616966,""build_ns"":150610,""order"":[""x4"",""x2"",""x1"",""x5"",""x7"",""x3"",""x0"",""x6""]},{""sweep"":2,""seed"":1655654744,""nodes"":9,""setup_ns"":2597265,""build_ns"":194612,""order"":[""x5"",""x3"",""x0"",""x7"",""x2"",""x4"",""x6"",""x1""]},{""sweep"":3,""seed"":1655654745,""nodes"":9,""setup_ns"":2592565,""build_ns"":141009,""order"":[""x5"",""x7"",""x4"",""x0"",""x2"",""x6"",""x3"",""x1""]},{""sweep"":4,""seed"":1655654746,""nodes"":9,""setup_ns"":2617767,""build_ns"":141809,""order"":[""x7"",""x5"",""x3"",""x2"",""x0"",""x6"",""x1"",""x4""]}]",35,35,71,103,65360.655,85705.45,20551.305,124008.0,1497495.0,3.18036518848803,0.7626195883692344,0.5270680520611574,"{""cm"":[65360.655,65747.685,64068.575,66236.21,61546.91],""cse"":[87748.58,85705.45,85829.455,83238.29,85473.435],""cnf"":[21302.355,20761.32,20511.3,19873.265,20551.305],""robdd_enumerate"":[80705.0,147909.0,132708.0,124008.0,122808.0],""robdd_naive"":[1412990.0,1497495.0,1554899.0,1485795.0,2175639.0]}",256,True,27802.0,488531.0,1485594.0,1350086.0,0.018714399761980728,0.020592762238849968,"{""packed"":[28802.0,27802.0,27502.0,28702.0,27202.0],""scalar_cnf"":[499932.0,480730.0,472530.0,501132.0,488531.0],""robdd"":[1363087.0,1360587.0,1676006.0,1565400.0,1485594.0],""cadical"":[1330084.0,1361586.0,1350086.0,1532197.0,1283982.0]}",1000,50103,295719,1,True,5296137,91984,1527197,77944,125308,532,4013055,40951,3354,9324693,6115889,True,405,32003935,5740665,True,478,37097059,36658231,True,"{""dropped_satisfied_clauses"":1188,""payload_sha256"":""d7a2ca520a1986f299b0dcd1bf186be4233fb931009ca0d6a16a8ea84bb20567"",""removed_fixed_false_literals"":675,""residual_clauses"":64,""residual_literals"":104,""slice_feature_names"":[""CONFIG_ARM"",""CONFIG_PF_PC"",""CONFIG_IA32"",""CONFIG_PF_EXYNOS"",""CONFIG_ARM_CORTEX_A15"",""CONFIG_AMD64"",""CONFIG_PF_REALVIEW"",""CONFIG_MIPS""],""slice_variables"":[43,4,21,49,9,39,12,24],""source_clauses"":1252}"
real|Fiasco@2018-02-09_09-07-43|hash|k8,real,Fiasco@2018-02-09_09-07-43,Fiasco,hash,8,13,9,14,0.3076923076923077,1,0.00390625,01d0fabd251fcbbe2b93b4b927b26ad2a1a99077152e45ded1e678afa45dbec5,True,49603,713445,180012,dd.cudd,cudd,3139200,51903,9,2550162,43103,9,14613829,"[{""sweep"":0,""seed"":365250141,""nodes"":9,""setup_ns"":3268708,""build_ns"":59004,""order"":[""x1"",""x3"",""x6"",""x5"",""x4"",""x0"",""x7"",""x2""]},{""sweep"":1,""seed"":365250142,""nodes"":9,""setup_ns"":2679971,""build_ns"":49903,""order"":[""x3"",""x7"",""x0"",""x4"",""x6"",""x5"",""x1"",""x2""]},{""sweep"":2,""seed"":365250143,""nodes"":9,""setup_ns"":2669969,""build_ns"":45703,""order"":[""x7"",""x2"",""x5"",""x3"",""x0"",""x4"",""x6"",""x1""]},{""sweep"":3,""seed"":365250144,""nodes"":9,""setup_ns"":2550162,""build_ns"":43103,""order"":[""x3"",""x0"",""x7"",""x5"",""x1"",""x6"",""x4"",""x2""]},{""sweep"":4,""seed"":365250145,""nodes"":9,""setup_ns"":2664970,""build_ns"":43303,""order"":[""x1"",""x7"",""x3"",""x2"",""x5"",""x4"",""x6"",""x0""]}]",10,10,17,21,14696.935,17106.09,3804.24,97006.0,1562999.0,3.8633038399259774,0.8591639001080901,0.15150542234500958,"{""cm"":[13400.85,14112.4,14696.935,16352.54,14861.945],""cse"":[16214.035,16954.08,17489.61,17561.615,17106.09],""cnf"":[3804.24,3785.24,3841.245,3797.74,3881.745],""robdd_enumerate"":[45202.0,263317.0,97006.0,79305.0,120308.0],""robdd_naive"":[1387688.0,1433891.0,1571500.0,1572300.0,1562999.0]}",256,True,25802.0,381524.0,1423391.0,1402689.0,0.018127134427574715,0.018394669096285777,"{""packed"":[27601.0,25802.0,25802.0,25701.0,28001.0],""scalar_cnf"":[369724.0,390025.0,371423.0,381524.0,383925.0],""robdd"":[1434991.0,1423391.0,1385588.0,1696207.0,1394089.0],""cadical"":[1456893.0,1387188.0,1402689.0,1399189.0,1402889.0]}",900,39102,139109,1,True,1418290,27256,495631,20892,44503,528,2923886,40951,1250,9610311,6440310,True,79,8121617,5922376,True,478,30836661,30362530,True,"{""dropped_satisfied_clauses"":1239,""payload_sha256"":""d7a2ca520a1986f299b0dcd1bf186be4233fb931009ca0d6a16a8ea84bb20567"",""removed_fixed_false_literals"":665,""residual_clauses"":13,""residual_literals"":14,""slice_feature_names"":[""CONFIG_PF_ARMADA38X"",""CONFIG_CAN_ARM_CPU_1136"",""CONFIG_PF_XSCALE"",""CONFIG_PF_EXYNOS5_5410"",""CONFIG_PF_IMX_21"",""CONFIG_UX_CON"",""CONFIG_PF_MALTA_UP"",""CONFIG_BIG_ENDIAN""],""slice_variables"":[44,206,53,154,148,208,114,213],""source_clauses"":1252}"
real|Fiasco@2018-02-09_09-07-43|incidence|k12,real,Fiasco@2018-02-09_09-07-43,Fiasco,incidence,12,102,49,172,0.5196078431372548,1,0.000244140625,61b02957ab584c68a0f2cf36493b42a6e7ac65e133ea79d305edc2c1c07871cb,True,224914,3579228,686243,dd.cudd,cudd,3120399,288018,13,2620066,251916,13,15083159,"[{""sweep"":0,""seed"":313926511,""nodes"":13,""setup_ns"":2640968,""build_ns"":257517,""order"":[""x5"",""x6"",""x2"",""x10"",""x4"",""x11"",""x9"",""x8"",""x1"",""x3"",""x7"",""x0""]},{""sweep"":1,""seed"":313926512,""nodes"":13,""setup_ns"":2620066,""build_ns"":251916,""order"":[""x9"",""x3"",""x10"",""x5"",""x8"",""x6"",""x4"",""x0"",""x11"",""x7"",""x1"",""x2""]},{""sweep"":2,""seed"":313926513,""nodes"":13,""setup_ns"":2597565,""build_ns"":258616,""order"":[""x11"",""x8"",""x3"",""x6"",""x10"",""x1"",""x5"",""x0"",""x9"",""x4"",""x7"",""x2""]},{""sweep"":3,""seed"":313926514,""nodes"":13,""setup_ns"":2631967,""build_ns"":253216,""order"":[""x0"",""x11"",""x6"",""x7"",""x5"",""x8"",""x10"",""x4"",""x9"",""x3"",""x1"",""x2""]},{""sweep"":4,""seed"":313926515,""nodes"":13,""setup_ns"":2796878,""build_ns"":294818,""order"":[""x2"",""x5"",""x10"",""x7"",""x0"",""x6"",""x8"",""x4"",""x9"",""x1"",""x11"",""x3""]}]",55,55,113,163,111143.06,137784.76,77088.9,136009.0,32282652.0,1.4417517956541086,0.8066426214336041,0.8171743046416046,"{""cm"":[110427.04,111143.06,108450.9,113505.22,165434.52],""cse"":[137784.76,136080.66,143889.14,132484.42,150297.56],""cnf"":[75738.82,77322.92,77088.9,80561.12,70898.52],""robdd_enumerate"":[152710.0,136009.0,133808.0,134909.0,167511.0],""robdd_naive"":[32282652.0,32377358.0,32043938.0,31530605.0,36340511.0]}",256,True,26301.0,522634.0,1979726.0,1511896.0,0.013285171786398724,0.01739603782270738,"{""packed"":[27502.0,25301.0,25401.0,26301.0,27102.0],""scalar_cnf"":[518933.0,522634.0,513633.0,527134.0,524833.0],""robdd"":[1979726.0,1939523.0,2067231.0,1995827.0,1974726.0],""cadical"":[1552899.0,1481995.0,1443192.0,1511896.0,1615002.0]}",1000,35203,234615,1,True,8693352,150654,2280745,124718,224414,3588,3645532,41221,6134,9790223,6544916,True,697,8397634,6078286,True,704,33620138,39182792,True,"{""dropped_satisfied_clauses"":1150,""payload_sha256"":""d7a2ca520a1986f299b0dcd1bf186be4233fb931009ca0d6a16a8ea84bb20567"",""removed_fixed_false_literals"":698,""residual_clauses"":102,""residual_literals"":172,""slice_feature_names"":[""CONFIG_ARM"",""CONFIG_PF_PC"",""CONFIG_IA32"",""CONFIG_PF_EXYNOS"",""CONFIG_ARM_CORTEX_A15"",""CONFIG_AMD64"",""CONFIG_PF_REALVIEW"",""CONFIG_MIPS"",""CONFIG_CPU_MIPS64_R6"",""CONFIG_ARM_CORTEX_A9"",""CONFIG_ARM_CORTEX_A7"",""CONFIG_CPU_MIPS32_R6""],""slice_variables"":[43,4,21,49,9,39,12,24,63,2,11,28],""source_clauses"":1252}"
real|Fiasco@2018-02-09_09-07-43|hash|k12,real,Fiasco@2018-02-09_09-07-43,Fiasco,hash,12,22,14,26,0.36363636363636365,1,0.000244140625,ca82022c1deccb714b671bf28d1eb8c73e8d5f6a5a67050f7d5e69c111f8515f,True,61104,775449,221414,dd.cudd,cudd,2793578,71404,13,2637068,63104,13,14796241,"[{""sweep"":0,""seed"":144519655,""nodes"":13,""setup_ns"":3088697,""build_ns"":75105,""order"":[""x6"",""x9"",""x3"",""x11"",""x2"",""x0"",""x1"",""x10"",""x7"",""x5"",""x4"",""x8""]},{""sweep"":1,""seed"":144519656,""nodes"":13,""setup_ns"":2735474,""build_ns"":115507,""order"":[""x11"",""x2"",""x6"",""x9"",""x3"",""x4"",""x5"",""x7"",""x10"",""x1"",""x8"",""x0""]},{""sweep"":2,""seed"":144519657,""nodes"":13,""setup_ns"":2739374,""build_ns"":66104,""order"":[""x7"",""x11"",""x6"",""x0"",""x4"",""x9"",""x5"",""x2"",""x3"",""x1"",""x8"",""x10""]},{""sweep"":3,""seed"":144519658,""nodes"":13,""setup_ns"":2637068,""build_ns"":63104,""order"":[""x1"",""x9"",""x3"",""x4"",""x0"",""x10"",""x11"",""x6"",""x7"",""x2"",""x8"",""x5""]},{""sweep"":4,""seed"":144519659,""nodes"":13,""setup_ns"":2691471,""build_ns"":83405,""order"":[""x9"",""x5"",""x2"",""x3"",""x6"",""x1"",""x0"",""x4"",""x7"",""x11"",""x10"",""x8""]}]",14,14,26,34,24607.56,29333.86,14992.96,113607.0,32710480.0,1.6412743047403584,0.83887902921743,0.2166024980855053,"{""cm"":[24607.56,23823.52,26083.64,26917.7,23907.52],""cse"":[29447.88,30989.96,29333.86,28405.82,28559.82],""cnf"":[17087.08,15030.96,14992.96,14868.94,13960.9],""robdd_enumerate"":[123608.0,115307.0,107507.0,113607.0,103006.0],""robdd_naive"":[32710480.0,32439063.0,32753482.0,33374422.0,32195447.0]}",256,True,31602.0,375124.0,2069732.0,1503895.0,0.015268643476546722,0.021013435113488643,"{""packed"":[32802.0,28801.0,31602.0,31902.0,30602.0],""scalar_cnf"":[383725.0,386725.0,370824.0,348222.0,375124.0],""robdd"":[2106434.0,2108034.0,1951724.0,2069732.0,2000828.0],""cadical"":[1494895.0,1502296.0,1532698.0,1564199.0,1503895.0]}",1500,37403,178411,1,True,1852318,41550,718946,33330,67704,3632,3210704,41221,2707,9887029,5953979,True,133,44449926,5964479,True,704,42744518,30487939,True,"{""dropped_satisfied_clauses"":1230,""payload_sha256"":""d7a2ca520a1986f299b0dcd1bf186be4233fb931009ca0d6a16a8ea84bb20567"",""removed_fixed_false_literals"":672,""residual_clauses"":22,""residual_literals"":26,""slice_feature_names"":[""CONFIG_PF_ARMADA38X"",""CONFIG_CAN_ARM_CPU_1136"",""CONFIG_PF_XSCALE"",""CONFIG_PF_EXYNOS5_5410"",""CONFIG_PF_IMX_21"",""CONFIG_UX_CON"",""CONFIG_PF_MALTA_UP"",""CONFIG_BIG_ENDIAN"",""CONFIG_SCHED_APIC"",""CONFIG_MIPS_PAGE_SIZE_16K"",""CONFIG_PF_REALVIEW_PBX"",""CONFIG_JDB_DISASM""],""slice_variables"":[44,206,53,154,148,208,114,213,67,220,78,112],""source_clauses"":1252}"
real|Fiasco@2018-02-09_09-07-43|incidence|k16,real,Fiasco@2018-02-09_09-07-43,Fiasco,incidence,16,134,75,244,0.4402985074626866,1,1.52587890625e-05,cb6b63c3da66a6c1dda1b19ab27cf5bb1f8d42be8642e9da0dfba7f769cceb0a,True,367124,6113189,1102370,dd.cudd,cudd,2964888,498932,17,2689871,421726,17,17098687,"[{""sweep"":0,""seed"":1338290760,""nodes"":17,""setup_ns"":2885784,""build_ns"":430827,""order"":[""x1"",""x5"",""x13"",""x4"",""x0"",""x14"",""x3"",""x6"",""x11"",""x2"",""x7"",""x15"",""x8"",""x9"",""x12"",""x10""]},{""sweep"":1,""seed"":1338290761,""nodes"":17,""setup_ns"":2786777,""build_ns"":465330,""order"":[""x2"",""x9"",""x11"",""x13"",""x14"",""x8"",""x7"",""x10"",""x5"",""x1"",""x15"",""x12"",""x0"",""x4"",""x6"",""x3""]},{""sweep"":2,""seed"":1338290762,""nodes"":17,""setup_ns"":2756875,""build_ns"":434728,""order"":[""x11"",""x5"",""x4"",""x0"",""x15"",""x3"",""x13"",""x9"",""x1"",""x12"",""x8"",""x6"",""x14"",""x2"",""x10"",""x7""]},{""sweep"":3,""seed"":1338290763,""nodes"":17,""setup_ns"":2689871,""build_ns"":421726,""order"":[""x13"",""x10"",""x15"",""x1"",""x11"",""x12"",""x2"",""x0"",""x14"",""x9"",""x8"",""x3"",""x6"",""x7"",""x4"",""x5""]},{""sweep"":4,""seed"":1338290764,""nodes"":17,""setup_ns"":3023192,""build_ns"":663443,""order"":[""x0"",""x2"",""x10"",""x13"",""x15"",""x1"",""x9"",""x6"",""x14"",""x11"",""x8"",""x3"",""x12"",""x5"",""x7"",""x4""]}]",83,82,173,230,256706.3,319550.3,968241.6,141009.0,,0.2651262866623372,0.8033361257992873,1.8204958548745114,"{""cm"":[256706.3,247285.7,260516.6,275857.5,245975.6],""cse"":[344151.9,308259.6,311579.8,319550.3,328971.0],""cnf"":[963151.2,980232.4,993213.2,968241.6,958450.9],""robdd_enumerate"":[86006.0,107307.0,170311.0,141009.0,164911.0]}",256,True,26302.0,604639.0,2634267.0,1691708.0,0.009984561170147142,0.015547600413310098,"{""packed"":[26302.0,29001.0,27002.0,25601.0,24102.0],""scalar_cnf"":[689444.0,605839.0,604639.0,582237.0,601738.0],""robdd"":[2785277.0,2634267.0,2651969.0,2579964.0,2605466.0],""cadical"":[1665406.0,1737910.0,1672906.0,1691708.0,1720609.0]}",1700,43303,,,True,13256143,730215,3293509,706839,1313383,52760,4218368,41429,24006,11381824,5882574,True,1012,84862896,7035847,True,936,37628893,44394523,True,"{""dropped_satisfied_clauses"":1118,""payload_sha256"":""d7a2ca520a1986f299b0dcd1bf186be4233fb931009ca0d6a16a8ea84bb20567"",""removed_fixed_false_literals"":672,""residual_clauses"":134,""residual_literals"":244,""slice_feature_names"":[""CONFIG_ARM"",""CONFIG_PF_PC"",""CONFIG_IA32"",""CONFIG_PF_EXYNOS"",""CONFIG_ARM_CORTEX_A15"",""CONFIG_AMD64"",""CONFIG_PF_REALVIEW"",""CONFIG_MIPS"",""CONFIG_CPU_MIPS64_R6"",""CONFIG_ARM_CORTEX_A9"",""CONFIG_ARM_CORTEX_A7"",""CONFIG_CPU_MIPS32_R6"",""CONFIG_PF_UX"",""CONFIG_PF_TEGRA"",""CONFIG_PF_MALTA"",""CONFIG_PF_IMX""],""slice_variables"":[43,4,21,49,9,39,12,24,63,2,11,28,55,47,51,58],""source_clauses"":1252}"
real|Fiasco@2018-02-09_09-07-43|hash|k16,real,Fiasco@2018-02-09_09-07-43,Fiasco,hash,16,32,20,43,0.375,1,1.52587890625e-05,c3aef640d770c8825dfb2e6c4985041d4a611f550a6185a60d228dfcf9298aec,True,82005,1349586,269717,dd.cudd,cudd,3196504,105506,17,2789577,83805,17,25238504,"[{""sweep"":0,""seed"":806550372,""nodes"":17,""setup_ns"":2819279,""build_ns"":95206,""order"":[""x12"",""x1"",""x7"",""x6"",""x2"",""x3"",""x10"",""x11"",""x4"",""x14"",""x5"",""x8"",""x15"",""x0"",""x13"",""x9""]},{""sweep"":1,""seed"":806550373,""nodes"":17,""setup_ns"":2665069,""build_ns"":89205,""order"":[""x9"",""x13"",""x11"",""x5"",""x15"",""x14"",""x12"",""x1"",""x7"",""x4"",""x0"",""x3"",""x8"",""x6"",""x10"",""x2""]},{""sweep"":2,""seed"":806550374,""nodes"":17,""setup_ns"":2690171,""build_ns"":86605,""order"":[""x3"",""x11"",""x12"",""x1"",""x5"",""x14"",""x0"",""x9"",""x7"",""x6"",""x15"",""x8"",""x13"",""x4"",""x10"",""x2""]},{""sweep"":3,""seed"":806550375,""nodes"":17,""setup_ns"":2789577,""build_ns"":83805,""order"":[""x0"",""x15"",""x6"",""x4"",""x3"",""x2"",""x1"",""x13"",""x5"",""x14"",""x10"",""x12"",""x9"",""x8"",""x11"",""x7""]},{""sweep"":4,""seed"":806550376,""nodes"":17,""setup_ns"":13277445,""build_ns"":129008,""order"":[""x2"",""x0"",""x13"",""x6"",""x8"",""x11"",""x5"",""x15"",""x1"",""x4"",""x3"",""x14"",""x12"",""x9"",""x7"",""x10""]}]",23,23,42,52,61653.9,66474.2,175061.1,69504.0,,0.35218503710990046,0.927486152522332,0.8870554212707182,"{""cm"":[56793.6,61653.9,63774.0,62214.0,61543.9],""cse"":[63564.1,67464.3,66474.2,64924.1,66614.2],""cnf"":[171660.9,167390.6,182371.6,175061.1,176831.3],""robdd_enumerate"":[43503.0,120708.0,84606.0,69504.0,66805.0]}",256,True,25802.0,398525.0,2641968.0,1737511.0,0.009766204586883718,0.014849977928197288,"{""packed"":[26801.0,25802.0,25802.0,25502.0,27602.0],""scalar_cnf"":[371124.0,396225.0,407826.0,398525.0,402026.0],""robdd"":[2719273.0,2641968.0,2512960.0,2650669.0,2563063.0],""cadical"":[1737511.0,1696208.0,1814215.0,1703608.0,1744111.0]}",1500,40602,,,True,2820679,210195,1010164,199683,367223,51704,3306410,41429,18929,11493730,6102888,True,215,102840839,5715564,True,936,34782111,41478837,True,"{""dropped_satisfied_clauses"":1220,""payload_sha256"":""d7a2ca520a1986f299b0dcd1bf186be4233fb931009ca0d6a16a8ea84bb20567"",""removed_fixed_false_literals"":667,""residual_clauses"":32,""residual_literals"":43,""slice_feature_names"":[""CONFIG_PF_ARMADA38X"",""CONFIG_CAN_ARM_CPU_1136"",""CONFIG_PF_XSCALE"",""CONFIG_PF_EXYNOS5_5410"",""CONFIG_PF_IMX_21"",""CONFIG_UX_CON"",""CONFIG_PF_MALTA_UP"",""CONFIG_BIG_ENDIAN"",""CONFIG_SCHED_APIC"",""CONFIG_MIPS_PAGE_SIZE_16K"",""CONFIG_PF_REALVIEW_PBX"",""CONFIG_JDB_DISASM"",""CONFIG_IA32_P2"",""CONFIG_IA32"",""CONFIG_WORKAROUND_AMD_FPU_LEAK"",""CONFIG_IA32_686""],""slice_variables"":[44,206,53,154,148,208,114,213,67,220,78,112,132,21,228,30],""source_clauses"":1252}"
real|Fiasco@2018-08-20_14-36-18|incidence|k8,real,Fiasco@2018-08-20_14-36-18,Fiasco,incidence,8,64,31,101,0.515625,1,0.00390625,1616c4b5c8dbb446f269f2c9705b857b4a4315355a52966933e6b0e51da74a76,True,135409,2451756,388225,dd.cudd,cudd,2823480,163110,9,2691472,153609,9,15455082,"[{""sweep"":0,""seed"":204310148,""nodes"":9,""setup_ns"":2887784,""build_ns"":155010,""order"":[""x5"",""x4"",""x7"",""x1"",""x6"",""x0"",""x2"",""x3""]},{""sweep"":1,""seed"":204310149,""nodes"":9,""setup_ns"":2767976,""build_ns"":158710,""order"":[""x6"",""x4"",""x5"",""x2"",""x0"",""x1"",""x7"",""x3""]},{""sweep"":2,""seed"":204310150,""nodes"":9,""setup_ns"":2800879,""build_ns"":155409,""order"":[""x6"",""x5"",""x2"",""x1"",""x3"",""x0"",""x7"",""x4""]},{""sweep"":3,""seed"":204310151,""nodes"":9,""setup_ns"":2691472,""build_ns"":153609,""order"":[""x2"",""x5"",""x0"",""x1"",""x3"",""x6"",""x7"",""x4""]},{""sweep"":4,""seed"":204310152,""nodes"":9,""setup_ns"":2991390,""build_ns"":183912,""order"":[""x5"",""x1"",""x7"",""x4"",""x3"",""x2"",""x6"",""x0""]}]",35,35,69,99,62424.47,84043.345,20931.83,132208.0,1532498.0,2.9822748417123583,0.7427651767073288,0.47216862822219535,"{""cm"":[61527.41,64331.09,62424.47,61713.42,89878.715],""cse"":[84043.345,85384.43,80186.595,84758.89,77242.915],""cnf"":[21576.875,21231.85,20931.83,20631.815,20651.81],""robdd_enumerate"":[52704.0,134509.0,118407.0,132208.0,169510.0],""robdd_naive"":[1337585.0,1628604.0,1532397.0,1563300.0,1532498.0]}",256,True,25201.0,463030.0,1314884.0,1293482.0,0.019165949239628742,0.019483069729613556,"{""packed"":[25401.0,24501.0,25201.0,24901.0,26202.0],""scalar_cnf"":[424327.0,518533.0,463030.0,650342.0,454129.0],""robdd"":[1303383.0,1296982.0,1314884.0,1590901.0,1375088.0],""cadical"":[1325385.0,1268581.0,1293482.0,1305483.0,1282081.0]}",900,32302,159410,1,True,5196430,90544,1468693,76576,115708,532,3304810,40951,3329,9261789,6077686,True,401,7669787,5884474,True,478,31754219,28053183,True,"{""dropped_satisfied_clauses"":1212,""payload_sha256"":""379f317b854cabfb7b2c4453b6587d82d70f16830dc48f610ece86ead5239b1b"",""removed_fixed_false_literals"":557,""residual_clauses"":64,""residual_literals"":101,""slice_feature_names"":[""CONFIG_ARM"",""CONFIG_PF_PC"",""CONFIG_PF_EXYNOS"",""CONFIG_PF_REALVIEW"",""CONFIG_ARM_CORTEX_A15"",""CONFIG_MIPS"",""CONFIG_PF_ARM_VIRT"",""CONFIG_PF_RCAR3""],""slice_variables"":[60,29,68,2,12,54,6,41],""source_clauses"":1276}"
real|Fiasco@2018-08-20_14-36-18|hash|k8,real,Fiasco@2018-08-20_14-36-18,Fiasco,hash,8,15,10,18,0.33333333333333337,2,0.0078125,5ad488207c79793129f5f94cd091a6bef1b7592e92eacd3c48f8b6481df7caa3,True,45103,531634,129908,dd.cudd,cudd,2658969,57203,8,2617466,43202,8,13890983,"[{""sweep"":0,""seed"":1140390302,""nodes"":8,""setup_ns"":2738974,""build_ns"":54704,""order"":[""x3"",""x2"",""x6"",""x7"",""x5"",""x0"",""x1"",""x4""]},{""sweep"":1,""seed"":1140390303,""nodes"":8,""setup_ns"":2567464,""build_ns"":48403,""order"":[""x1"",""x5"",""x4"",""x6"",""x3"",""x0"",""x2"",""x7""]},{""sweep"":2,""seed"":1140390304,""nodes"":8,""setup_ns"":2617466,""build_ns"":43202,""order"":[""x3"",""x2"",""x6"",""x5"",""x7"",""x4"",""x1"",""x0""]},{""sweep"":3,""seed"":1140390305,""nodes"":8,""setup_ns"":2603765,""build_ns"":45303,""order"":[""x4"",""x2"",""x7"",""x3"",""x1"",""x5"",""x0"",""x6""]},{""sweep"":4,""seed"":1140390306,""nodes"":8,""setup_ns"":2630567,""build_ns"":43803,""order"":[""x5"",""x1"",""x7"",""x4"",""x2"",""x3"",""x6"",""x0""]}]",9,9,17,22,15820.505,18906.7,4131.265,121708.0,1553598.0,3.8294578052969244,0.8367671248816556,0.1299873878463207,"{""cm"":[16374.04,15412.98,15812.005,17056.585,15820.505],""cse"":[18269.66,18579.68,19731.755,20205.785,18906.7],""cnf"":[4045.26,4125.765,4259.27,4131.265,4319.275],""robdd_enumerate"":[121708.0,139709.0,108107.0,77205.0,173811.0],""robdd_naive"":[1332485.0,1837316.0,1556999.0,1545698.0,1553598.0]}",256,True,28902.0,500832.0,1462393.0,1382688.0,0.019763497226805652,0.02090276331319864,"{""packed"":[29302.0,27902.0,28802.0,30502.0,28902.0],""scalar_cnf"":[500832.0,485431.0,501532.0,525833.0,498632.0],""robdd"":[1382088.0,1462393.0,1554899.0,1564400.0,1420390.0],""cadical"":[1381288.0,1382688.0,1740411.0,1525397.0,1365786.0]}",1200,45002,203112,2,True,1510096,27261,528233,20953,44003,520,2957288,40951,1176,8837362,6099287,True,89,12858117,5914776,True,432,29971705,34281380,True,"{""dropped_satisfied_clauses"":1261,""payload_sha256"":""379f317b854cabfb7b2c4453b6587d82d70f16830dc48f610ece86ead5239b1b"",""removed_fixed_false_literals"":594,""residual_clauses"":15,""residual_literals"":18,""slice_feature_names"":[""CONFIG_PF_CI20"",""CONFIG_JDB_LOGGING"",""CONFIG_PF_IMX"",""CONFIG_ARM_V8"",""CONFIG_MIPS_CPU_FREQUENCY"",""CONFIG_POWERSAVE_GETCHAR"",""CONFIG_CAN_ARM_CPU_CORTEX_A15"",""CONFIG_PF_IMX_28""],""slice_variables"":[66,226,73,113,204,205,42,193],""source_clauses"":1276}"
real|Fiasco@2018-08-20_14-36-18|incidence|k12,real,Fiasco@2018-08-20_14-36-18,Fiasco,incidence,12,106,64,184,0.39622641509433965,1,0.000244140625,b48f385933b1100d5718096ab00a58716be862bf4228505f96e61c8333126988,True,214614,4119562,835453,dd.cudd,cudd,2728574,332421,13,3379815,299319,13,17377205,"[{""sweep"":0,""seed"":2114289512,""nodes"":13,""setup_ns"":3457620,""build_ns"":310420,""order"":[""x1"",""x3"",""x6"",""x5"",""x11"",""x4"",""x8"",""x7"",""x10"",""x0"",""x9"",""x2""]},{""sweep"":1,""seed"":2114289513,""nodes"":13,""setup_ns"":3379815,""build_ns"":299319,""order"":[""x9"",""x4"",""x7"",""x3"",""x8"",""x1"",""x10"",""x11"",""x0"",""x2"",""x5"",""x6""]},{""sweep"":2,""seed"":2114289514,""nodes"":13,""setup_ns"":2678670,""build_ns"":459530,""order"":[""x9"",""x4"",""x2"",""x5"",""x1"",""x0"",""x11"",""x3"",""x8"",""x6"",""x7"",""x10""]},{""sweep"":3,""seed"":2114289515,""nodes"":13,""setup_ns"":2618766,""build_ns"":316820,""order"":[""x3"",""x9"",""x11"",""x1"",""x0"",""x4"",""x7"",""x6"",""x2"",""x5"",""x8"",""x10""]},{""sweep"":4,""seed"":2114289516,""nodes"":13,""setup_ns"":2773877,""build_ns"":460729,""order"":[""x10"",""x11"",""x7"",""x3"",""x4"",""x0"",""x8"",""x9"",""x2"",""x1"",""x5"",""x6""]}]",68,68,138,180,126914.08,158032.06,88777.64,137509.0,32160545.0,1.429572581564457,0.8030907146309426,0.9229510795657012,"{""cm"":[128384.16,126914.08,194668.36,125627.98,112603.16],""cse"":[159140.12,158032.06,244133.52,157064.0,138312.8],""cnf"":[90617.78,88777.64,91283.8,88563.62,84649.38],""robdd_enumerate"":[160310.0,137509.0,136709.0,163511.0,130908.0],""robdd_naive"":[32160545.0,31891628.0,44433725.0,31991834.0,36796839.0]}",256,True,25502.0,390324.0,2113734.0,1480994.0,0.012064905044816424,0.017219516081766705,"{""packed"":[24102.0,25702.0,24502.0,25502.0,39802.0],""scalar_cnf"":[401425.0,373624.0,401325.0,390324.0,378724.0],""robdd"":[2135136.0,2113734.0,2005628.0,2040330.0,2211941.0],""cadical"":[1430391.0,1499396.0,1480994.0,1494795.0,1448192.0]}",1300,39502,203313,1,True,9292391,161670,2758775,132134,251416,3636,4380778,41221,7202,10114243,6271799,True,768,44989860,6089187,True,704,34366985,36881145,True,"{""dropped_satisfied_clauses"":1170,""payload_sha256"":""379f317b854cabfb7b2c4453b6587d82d70f16830dc48f610ece86ead5239b1b"",""removed_fixed_false_literals"":537,""residual_clauses"":106,""residual_literals"":184,""slice_feature_names"":[""CONFIG_ARM"",""CONFIG_PF_PC"",""CONFIG_PF_EXYNOS"",""CONFIG_PF_REALVIEW"",""CONFIG_ARM_CORTEX_A15"",""CONFIG_MIPS"",""CONFIG_PF_ARM_VIRT"",""CONFIG_PF_RCAR3"",""CONFIG_PF_UX"",""CONFIG_PF_IMX"",""CONFIG_PF_ZYNQMP"",""CONFIG_PF_TEGRA""],""slice_variables"":[60,29,68,2,12,54,6,41,70,73,74,30],""source_clauses"":1276}"
real|Fiasco@2018-08-20_14-36-18|hash|k12,real,Fiasco@2018-08-20_14-36-18,Fiasco,hash,12,20,14,23,0.30000000000000004,2,0.00048828125,10290b38d29a147bdadf0f4a4e6aa8ff8b9dc7991da7a3cf8deb6fdd6073d103,True,57004,710845,158710,dd.cudd,cudd,2669869,97606,12,2612066,47603,12,14428718,"[{""sweep"":0,""seed"":490157055,""nodes"":12,""setup_ns"":2664869,""build_ns"":49903,""order"":[""x6"",""x2"",""x1"",""x7"",""x3"",""x11"",""x0"",""x8"",""x5"",""x9"",""x4"",""x10""]},{""sweep"":1,""seed"":490157056,""nodes"":12,""setup_ns"":2684671,""build_ns"":51203,""order"":[""x11"",""x1"",""x5"",""x9"",""x0"",""x4"",""x2"",""x7"",""x8"",""x10"",""x3"",""x6""]},{""sweep"":2,""seed"":490157057,""nodes"":12,""setup_ns"":2612066,""build_ns"":47603,""order"":[""x5"",""x1"",""x4"",""x6"",""x10"",""x9"",""x0"",""x8"",""x3"",""x7"",""x11"",""x2""]},{""sweep"":3,""seed"":490157058,""nodes"":12,""setup_ns"":2888184,""build_ns"":68604,""order"":[""x0"",""x8"",""x11"",""x3"",""x10"",""x2"",""x9"",""x5"",""x1"",""x4"",""x7"",""x6""]},{""sweep"":4,""seed"":490157059,""nodes"":12,""setup_ns"":2797377,""build_ns"":62103,""order"":[""x7"",""x9"",""x10"",""x6"",""x0"",""x3"",""x4"",""x11"",""x2"",""x8"",""x1"",""x5""]}]",14,13,27,31,25353.62,28267.78,13556.86,116007.0,31857926.0,1.8701690509454252,0.8969087774137198,0.21855250114217245,"{""cm"":[29821.9,27357.74,25353.62,25125.6,24239.54],""cse"":[28829.84,28267.78,26057.66,27023.72,30997.98],""cnf"":[13556.86,13714.88,11870.76,12834.82,14760.94],""robdd_enumerate"":[117208.0,135708.0,114707.0,116007.0,107507.0],""robdd_naive"":[32912493.0,31754119.0,32085940.0,31857926.0,31368094.0]}",256,True,25701.0,383725.0,2066431.0,1535398.0,0.012437386005146071,0.01673898233552473,"{""packed"":[27202.0,25601.0,25701.0,24702.0,26202.0],""scalar_cnf"":[383725.0,384525.0,379524.0,369423.0,398825.0],""robdd"":[2066431.0,2176538.0,2057730.0,2128336.0,1967425.0],""cadical"":[1653705.0,1485295.0,1669806.0,1467693.0,1535398.0]}",1600,118207,160910,2,True,1551799,34907,592437,27015,62604,3576,3032693,41221,2692,10312255,6330303,True,119,44752645,5914776,True,658,29151353,40043246,True,"{""dropped_satisfied_clauses"":1256,""payload_sha256"":""379f317b854cabfb7b2c4453b6587d82d70f16830dc48f610ece86ead5239b1b"",""removed_fixed_false_literals"":594,""residual_clauses"":20,""residual_literals"":23,""slice_feature_names"":[""CONFIG_PF_CI20"",""CONFIG_JDB_LOGGING"",""CONFIG_PF_IMX"",""CONFIG_ARM_V8"",""CONFIG_MIPS_CPU_FREQUENCY"",""CONFIG_POWERSAVE_GETCHAR"",""CONFIG_CAN_ARM_CPU_CORTEX_A15"",""CONFIG_PF_IMX_28"",""CONFIG_BIG_ENDIAN"",""CONFIG_SLOW_RTC"",""CONFIG_PF_OMAP3_OMAP35XEVM"",""CONFIG_WORKAROUND_AMD_FPU_LEAK""],""slice_variables"":[66,226,73,113,204,205,42,193,142,92,189,211],""source_clauses"":1276}"
real|Fiasco@2018-08-20_14-36-18|incidence|k16,real,Fiasco@2018-08-20_14-36-18,Fiasco,incidence,16,147,99,260,0.326530612244898,1,1.52587890625e-05,3b35dcdfde21271e4d6ffc80d1ba49e245a0725a90a01dd24ef9cb9bc10d04bd,True,325821,6810633,1221778,dd.cudd,cudd,2698872,431827,17,2861182,420327,17,16885674,"[{""sweep"":0,""seed"":2125253657,""nodes"":17,""setup_ns"":2731373,""build_ns"":445929,""order"":[""x7"",""x5"",""x11"",""x12"",""x1"",""x15"",""x0"",""x14"",""x4"",""x2"",""x6"",""x8"",""x3"",""x9"",""x10"",""x13""]},{""sweep"":1,""seed"":2125253658,""nodes"":17,""setup_ns"":2568164,""build_ns"":428727,""order"":[""x12"",""x14"",""x7"",""x6"",""x11"",""x3"",""x0"",""x15"",""x10"",""x8"",""x4"",""x5"",""x1"",""x13"",""x2"",""x9""]},{""sweep"":2,""seed"":2125253659,""nodes"":17,""setup_ns"":2861182,""build_ns"":420327,""order"":[""x0"",""x5"",""x13"",""x11"",""x12"",""x14"",""x4"",""x3"",""x2"",""x10"",""x7"",""x6"",""x8"",""x9"",""x1"",""x15""]},{""sweep"":3,""seed"":2125253660,""nodes"":17,""setup_ns"":3208204,""build_ns"":493531,""order"":[""x0"",""x4"",""x12"",""x13"",""x6"",""x5"",""x2"",""x11"",""x8"",""x14"",""x9"",""x7"",""x3"",""x10"",""x15"",""x1""]},{""sweep"":4,""seed"":2125253661,""nodes"":17,""setup_ns"":2772576,""build_ns"":434828,""order"":[""x8"",""x15"",""x3"",""x11"",""x4"",""x1"",""x6"",""x9"",""x10"",""x14"",""x5"",""x12"",""x13"",""x2"",""x7"",""x0""]}]",104,103,212,258,305899.5,343201.8,1174374.7,173911.0,,0.260478618962074,0.891310884733122,1.7589427925778127,"{""cm"":[268657.1,299119.0,305899.5,328240.9,398175.3],""cse"":[319000.3,343201.8,338461.5,353022.5,502111.9],""cnf"":[1168874.3,1408999.5,1174374.7,1057557.2,1980285.9],""robdd_enumerate"":[178411.0,173911.0,172211.0,126308.0,189612.0]}",256,True,26202.0,428528.0,2540762.0,1667406.0,0.010312654235225495,0.0157142291679411,"{""packed"":[25102.0,26801.0,60004.0,26202.0,23401.0],""scalar_cnf"":[434428.0,428528.0,446428.0,419126.0,419626.0],""robdd"":[2627767.0,2540762.0,2741575.0,2404353.0,2421954.0],""cadical"":[1634104.0,1836116.0,2094733.0,1667406.0,1592902.0]}",1300,39803,,,True,15147363,942651,3860546,917515,1570000,52792,3969053,41429,25765,11159309,6342704,True,1124,8247325,6091787,True,936,27181028,34417989,True,"{""dropped_satisfied_clauses"":1129,""payload_sha256"":""379f317b854cabfb7b2c4453b6587d82d70f16830dc48f610ece86ead5239b1b"",""removed_fixed_false_literals"":523,""residual_clauses"":147,""residual_literals"":260,""slice_feature_names"":[""CONFIG_ARM"",""CONFIG_PF_PC"",""CONFIG_PF_EXYNOS"",""CONFIG_PF_REALVIEW"",""CONFIG_ARM_CORTEX_A15"",""CONFIG_MIPS"",""CONFIG_PF_ARM_VIRT"",""CONFIG_PF_RCAR3"",""CONFIG_PF_UX"",""CONFIG_PF_IMX"",""CONFIG_PF_ZYNQMP"",""CONFIG_PF_TEGRA"",""CONFIG_PF_MALTA"",""CONFIG_ARM_CORTEX_A9"",""CONFIG_ARM_CORTEX_A7"",""CONFIG_PF_LAYERSCAPE""],""slice_variables"":[60,29,68,2,12,54,6,41,70,73,74,30,69,11,20,65],""source_clauses"":1276}"
real|Fiasco@2018-08-20_14-36-18|hash|k16,real,Fiasco@2018-08-20_14-36-18,Fiasco,hash,16,27,18,30,0.33333333333333337,2,3.0517578125e-05,25c946390bee3695eb52ea1268c3f9d5589ecad617e158d8ca24eaaecd92f12e,True,67604,1121771,224815,dd.cudd,cudd,2745674,83306,16,2708672,67104,16,24827379,"[{""sweep"":0,""seed"":770551731,""nodes"":16,""setup_ns"":2871183,""build_ns"":75505,""order"":[""x6"",""x8"",""x15"",""x11"",""x12"",""x0"",""x5"",""x9"",""x4"",""x10"",""x7"",""x14"",""x2"",""x3"",""x1"",""x13""]},{""sweep"":1,""seed"":770551732,""nodes"":16,""setup_ns"":2751475,""build_ns"":118807,""order"":[""x2"",""x3"",""x4"",""x1"",""x13"",""x7"",""x6"",""x5"",""x8"",""x14"",""x0"",""x12"",""x11"",""x9"",""x15"",""x10""]},{""sweep"":2,""seed"":770551733,""nodes"":16,""setup_ns"":2676170,""build_ns"":72005,""order"":[""x6"",""x3"",""x15"",""x10"",""x12"",""x0"",""x1"",""x8"",""x7"",""x5"",""x4"",""x2"",""x11"",""x9"",""x14"",""x13""]},{""sweep"":3,""seed"":770551734,""nodes"":16,""setup_ns"":2708672,""build_ns"":67104,""order"":[""x12"",""x11"",""x2"",""x13"",""x8"",""x5"",""x1"",""x0"",""x9"",""x14"",""x15"",""x6"",""x3"",""x10"",""x4"",""x7""]},{""sweep"":4,""seed"":770551735,""nodes"":16,""setup_ns"":12887419,""build_ns"":89905,""order"":[""x4"",""x13"",""x9"",""x8"",""x5"",""x11"",""x6"",""x14"",""x0"",""x3"",""x7"",""x12"",""x10"",""x2"",""x1"",""x15""]}]",18,17,35,42,51843.3,50703.2,136438.7,100607.0,,0.3799750364082918,1.0224857602675967,0.5153050980548074,"{""cm"":[47773.0,73984.7,48343.1,53263.4,51843.3],""cse"":[50033.1,52863.4,50703.2,49813.1,56183.6],""cnf"":[119777.7,157110.0,130208.3,136438.7,136688.6],""robdd_enumerate"":[129308.0,149410.0,91406.0,100607.0,76904.0]}",256,True,27002.0,378524.0,2754875.0,1784213.0,0.00980153364490222,0.015133843324759992,"{""packed"":[27701.0,25102.0,27402.0,26102.0,27002.0],""scalar_cnf"":[473630.0,393425.0,378524.0,361523.0,363123.0],""robdd"":[3009191.0,2883383.0,2703272.0,2629967.0,2754875.0],""cadical"":[1834017.0,1784213.0,1810815.0,1695308.0,1757712.0]}",1900,42603,,,True,2699471,188272,771949,170720,251616,51636,4286673,41429,18528,10969597,6180593,True,161,7714691,5686562,True,890,48493884,34830614,True,"{""dropped_satisfied_clauses"":1249,""payload_sha256"":""379f317b854cabfb7b2c4453b6587d82d70f16830dc48f610ece86ead5239b1b"",""removed_fixed_false_literals"":584,""residual_clauses"":27,""residual_literals"":30,""slice_feature_names"":[""CONFIG_PF_CI20"",""CONFIG_JDB_LOGGING"",""CONFIG_PF_IMX"",""CONFIG_ARM_V8"",""CONFIG_MIPS_CPU_FREQUENCY"",""CONFIG_POWERSAVE_GETCHAR"",""CONFIG_CAN_ARM_CPU_CORTEX_A15"",""CONFIG_PF_IMX_28"",""CONFIG_BIG_ENDIAN"",""CONFIG_SLOW_RTC"",""CONFIG_PF_OMAP3_OMAP35XEVM"",""CONFIG_WORKAROUND_AMD_FPU_LEAK"",""CONFIG_ARM_920T"",""CONFIG_PF_REALVIEW_RAM_PHYS_BASE_0x6"",""CONFIG_CAN_ARM_CPU_1176"",""CONFIG_CONTEXT_8K""],""slice_variables"":[66,226,73,113,204,205,42,193,142,92,189,211,44,78,136,163],""source_clauses"":1276}"
real|Fiasco@2018-11-01_09-46-44|incidence|k8,real,Fiasco@2018-11-01_09-46-44,Fiasco,incidence,8,78,28,104,0.641025641025641,1,0.00390625,5778f985db754c6628691f56fadae50c65fddbe8eb2e93039633fefa05d45e31,True,143810,2505459,363923,dd.cudd,cudd,2436055,141109,9,2612266,151910,9,15464584,"[{""sweep"":0,""seed"":273267958,""nodes"":9,""setup_ns"":2763576,""build_ns"":187812,""order"":[""x2"",""x4"",""x5"",""x7"",""x0"",""x3"",""x1"",""x6""]},{""sweep"":1,""seed"":273267959,""nodes"":9,""setup_ns"":3454019,""build_ns"":183812,""order"":[""x7"",""x3"",""x2"",""x1"",""x5"",""x4"",""x0"",""x6""]},{""sweep"":2,""seed"":273267960,""nodes"":9,""setup_ns"":2612266,""build_ns"":151910,""order"":[""x1"",""x7"",""x2"",""x0"",""x4"",""x3"",""x6"",""x5""]},{""sweep"":3,""seed"":273267961,""nodes"":9,""setup_ns"":2639268,""build_ns"":154410,""order"":[""x7"",""x1"",""x3"",""x5"",""x0"",""x4"",""x6"",""x2""]},{""sweep"":4,""seed"":273267962,""nodes"":9,""setup_ns"":2603565,""build_ns"":162611,""order"":[""x5"",""x1"",""x6"",""x0"",""x7"",""x3"",""x4"",""x2""]}]",31,30,59,104,50026.18,81720.195,23156.975,133108.0,1529498.0,2.1603072076555767,0.6121642269698451,0.3758315052438621,"{""cm"":[49209.13,57414.15,50026.18,49495.145,53042.875],""cse"":[77176.41,82219.23,83045.28,80346.11,81720.195],""cnf"":[22819.45,23051.465,24940.585,23984.025,23156.975],""robdd_enumerate"":[131408.0,132008.0,136108.0,141909.0,133108.0],""robdd_naive"":[1260780.0,1529498.0,1551099.0,1428191.0,1617003.0]}",256,True,26901.0,752248.0,1403789.0,1351186.0,0.019163136340290456,0.01990917608678598,"{""packed"":[38503.0,26901.0,25402.0,26301.0,27701.0],""scalar_cnf"":[784650.0,752248.0,749247.0,930060.0,738347.0],""robdd"":[1499295.0,1359187.0,1378088.0,1403789.0,1463894.0],""cadical"":[1509696.0,1351186.0,1334485.0,1345686.0,1409190.0]}",1200,31002,167710,1,True,6209795,91848,2011428,77088,198013,532,4918413,40951,2972,12726009,5891075,True,445,8660451,5927577,True,478,44426525,39899137,True,"{""dropped_satisfied_clauses"":1206,""payload_sha256"":""8607663ce3d780aef808120c1001b3f6cf9aef191e779287bff1652d23f6c8a1"",""removed_fixed_false_literals"":681,""residual_clauses"":78,""residual_literals"":104,""slice_feature_names"":[""CONFIG_ARM"",""CONFIG_PF_PC"",""CONFIG_PF_EXYNOS"",""CONFIG_PF_REALVIEW"",""CONFIG_ARM_CORTEX_A15"",""CONFIG_MIPS"",""CONFIG_PF_ARM_VIRT"",""CONFIG_PF_RCAR3""],""slice_variables"":[8,61,31,79,52,76,72,73],""source_clauses"":1284}"
real|Fiasco@2018-11-01_09-46-44|hash|k8,real,Fiasco@2018-11-01_09-46-44,Fiasco,hash,8,19,10,21,0.4736842105263158,1,0.00390625,1eb50e78e6dfb0a4725fb71ba0443c3129a6822213f3d40da2439fcd2bced580,True,72605,867255,216514,dd.cudd,cudd,3738838,81905,9,3531124,74905,9,19030310,"[{""sweep"":0,""seed"":1425414715,""nodes"":9,""setup_ns"":3531124,""build_ns"":74905,""order"":[""x4"",""x1"",""x0"",""x5"",""x3"",""x7"",""x2"",""x6""]},{""sweep"":1,""seed"":1425414716,""nodes"":9,""setup_ns"":3527924,""build_ns"":77505,""order"":[""x5"",""x0"",""x3"",""x1"",""x4"",""x6"",""x2"",""x7""]},{""sweep"":2,""seed"":1425414717,""nodes"":9,""setup_ns"":3881247,""build_ns"":102606,""order"":[""x2"",""x7"",""x1"",""x4"",""x3"",""x0"",""x6"",""x5""]},{""sweep"":3,""seed"":1425414718,""nodes"":9,""setup_ns"":3465921,""build_ns"":78205,""order"":[""x3"",""x4"",""x2"",""x5"",""x7"",""x6"",""x0"",""x1""]},{""sweep"":4,""seed"":1425414719,""nodes"":9,""setup_ns"":3570727,""build_ns"":77805,""order"":[""x2"",""x4"",""x1"",""x7"",""x0"",""x3"",""x5"",""x6""]}]",10,10,18,27,15613.495,21964.4,5208.33,120207.0,1503696.0,2.997792958587494,0.7108546101873942,0.1298884008418811,"{""cm"":[15452.485,15880.51,24456.055,15401.98,15613.495],""cse"":[23457.49,21964.4,31913.53,20687.315,21221.85],""cnf"":[5380.345,5208.33,7710.99,4895.31,5146.325],""robdd_enumerate"":[120207.0,119608.0,155410.0,134608.0,106207.0],""robdd_naive"":[1503696.0,1477694.0,2215941.0,1428391.0,1550298.0]}",256,True,26302.0,402326.0,1411289.0,1346985.0,0.018636863179688924,0.01952657230778368,"{""packed"":[25602.0,26302.0,27002.0,26902.0,24701.0],""scalar_cnf"":[402326.0,447029.0,415727.0,385624.0,402326.0],""robdd"":[1377087.0,1411289.0,1379988.0,1421391.0,1522497.0],""cadical"":[1333985.0,1346985.0,1501095.0,1337985.0,1393288.0]}",1400,34903,142109,1,True,1690607,30584,911258,23188,48703,508,3188602,40951,1272,9085778,6355004,True,105,7914103,6078387,True,478,35250441,33979361,True,"{""dropped_satisfied_clauses"":1265,""payload_sha256"":""8607663ce3d780aef808120c1001b3f6cf9aef191e779287bff1652d23f6c8a1"",""removed_fixed_false_literals"":748,""residual_clauses"":19,""residual_literals"":21,""slice_feature_names"":[""CONFIG_PF_EXYNOS_UART_NR"",""CONFIG_CAN_ARM_CPU_CORTEX_A72"",""CONFIG_PF_IMX_21"",""CONFIG_UX_NET"",""CONFIG_ARM_CORTEX_A9"",""CONFIG_LIGHTWEIGHT_BARRIERS"",""CONFIG_PF_CI20"",""CONFIG_CPU_MIPS64""],""slice_variables"":[47,122,123,212,2,154,46,179],""source_clauses"":1284}"
real|Fiasco@2018-11-01_09-46-44|incidence|k12,real,Fiasco@2018-11-01_09-46-44,Fiasco,incidence,12,120,63,197,0.475,1,0.000244140625,378e4d2c28320f28ea657776961e77a1264f2c1272559e55b524d28755bd3aaa,True,260216,4591992,913858,dd.cudd,cudd,2713673,305119,13,2638467,315520,13,15772302,"[{""sweep"":0,""seed"":919238327,""nodes"":13,""setup_ns"":2734274,""build_ns"":316520,""order"":[""x10"",""x7"",""x6"",""x2"",""x3"",""x9"",""x1"",""x11"",""x5"",""x8"",""x0"",""x4""]},{""sweep"":1,""seed"":919238328,""nodes"":13,""setup_ns"":2660769,""build_ns"":541034,""order"":[""x1"",""x7"",""x3"",""x2"",""x9"",""x0"",""x8"",""x5"",""x11"",""x6"",""x10"",""x4""]},{""sweep"":2,""seed"":919238329,""nodes"":13,""setup_ns"":2722273,""build_ns"":325621,""order"":[""x9"",""x8"",""x1"",""x0"",""x3"",""x5"",""x7"",""x6"",""x11"",""x10"",""x4"",""x2""]},{""sweep"":3,""seed"":919238330,""nodes"":13,""setup_ns"":2638467,""build_ns"":315520,""order"":[""x2"",""x7"",""x11"",""x0"",""x1"",""x4"",""x9"",""x5"",""x10"",""x6"",""x8"",""x3""]},{""sweep"":4,""seed"":919238331,""nodes"":13,""setup_ns"":2700072,""build_ns"":329721,""order"":[""x6"",""x4"",""x10"",""x8"",""x11"",""x9"",""x5"",""x0"",""x7"",""x2"",""x3"",""x1""]}]",68,68,138,192,124891.94,164036.44,94798.02,135809.0,32697379.0,1.3174530438504939,0.7613670474682332,0.9196146058066844,"{""cm"":[134490.54,126172.02,121391.72,122933.8,124891.94],""cse"":[167020.62,162838.34,164036.44,166748.6,158424.06],""cnf"":[98994.3,96934.16,94798.02,94270.0,94015.98],""robdd_enumerate"":[135809.0,140409.0,142009.0,132608.0,134209.0],""robdd_naive"":[33489429.0,33145207.0,32459064.0,32697379.0,32614074.0]}",256,True,38202.0,701445.0,1994227.0,1499896.0,0.019156294644491326,0.02546976590376933,"{""packed"":[40303.0,36502.0,33002.0,43303.0,38202.0],""scalar_cnf"":[707845.0,686144.0,677943.0,701445.0,702144.0],""robdd"":[1994227.0,2013228.0,2444155.0,1926022.0,1913622.0],""cadical"":[1535297.0,1473294.0,1447892.0,1499896.0,1579001.0]}",1600,43303,316820,1,True,10175847,168926,2842580,141342,291819,3636,3977153,41221,7202,9498104,5978280,True,832,7604883,5578554,True,705,36266006,37106059,True,"{""dropped_satisfied_clauses"":1164,""payload_sha256"":""8607663ce3d780aef808120c1001b3f6cf9aef191e779287bff1652d23f6c8a1"",""removed_fixed_false_literals"":676,""residual_clauses"":120,""residual_literals"":197,""slice_feature_names"":[""CONFIG_ARM"",""CONFIG_PF_PC"",""CONFIG_PF_EXYNOS"",""CONFIG_PF_REALVIEW"",""CONFIG_ARM_CORTEX_A15"",""CONFIG_MIPS"",""CONFIG_PF_ARM_VIRT"",""CONFIG_PF_RCAR3"",""CONFIG_PF_UX"",""CONFIG_PF_IMX"",""CONFIG_PF_ZYNQMP"",""CONFIG_PF_TEGRA""],""slice_variables"":[8,61,31,79,52,76,72,73,13,87,124,24],""source_clauses"":1284}"
real|Fiasco@2018-11-01_09-46-44|hash|k12,real,Fiasco@2018-11-01_09-46-44,Fiasco,hash,12,26,15,29,0.42307692307692313,1,0.000244140625,7e794f4c08c57bdaefc53eb8ffe1052dfc5c30aacd7626a50d13382e6356801a,True,60004,894857,186412,dd.cudd,cudd,2602165,68105,13,2623867,62104,13,14246006,"[{""sweep"":0,""seed"":1072126446,""nodes"":13,""setup_ns"":2674570,""build_ns"":63504,""order"":[""x1"",""x4"",""x8"",""x0"",""x11"",""x10"",""x2"",""x3"",""x5"",""x9"",""x6"",""x7""]},{""sweep"":1,""seed"":1072126447,""nodes"":13,""setup_ns"":2623867,""build_ns"":62104,""order"":[""x4"",""x6"",""x11"",""x10"",""x7"",""x5"",""x9"",""x3"",""x1"",""x2"",""x0"",""x8""]},{""sweep"":2,""seed"":1072126448,""nodes"":13,""setup_ns"":2704272,""build_ns"":67505,""order"":[""x4"",""x7"",""x8"",""x6"",""x2"",""x0"",""x10"",""x11"",""x1"",""x9"",""x3"",""x5""]},{""sweep"":3,""seed"":1072126449,""nodes"":13,""setup_ns"":2759076,""build_ns"":97106,""order"":[""x1"",""x8"",""x6"",""x4"",""x11"",""x2"",""x9"",""x0"",""x10"",""x7"",""x5"",""x3""]},{""sweep"":4,""seed"":1072126450,""nodes"":13,""setup_ns"":2624066,""build_ns"":62204,""order"":[""x4"",""x5"",""x6"",""x1"",""x2"",""x10"",""x9"",""x7"",""x8"",""x3"",""x0"",""x11""]}]",15,15,28,39,26435.68,32924.08,15558.98,107907.0,33856953.0,1.6990625349476638,0.8029284341430345,0.24498577478754854,"{""cm"":[26435.68,25907.66,30827.96,24857.58,26777.7],""cse"":[32924.08,33162.1,32162.04,32874.1,34014.16],""cnf"":[16385.04,15242.98,15597.0,15558.98,15356.98],""robdd_enumerate"":[107907.0,107106.0,128008.0,88606.0,164211.0],""robdd_naive"":[33948058.0,33323319.0,34323082.0,33856953.0,33231013.0]}",256,True,24501.0,387125.0,2055030.0,1559100.0,0.011922453686807492,0.015714835482008853,"{""packed"":[25101.0,24202.0,25902.0,24501.0,24202.0],""scalar_cnf"":[376524.0,367523.0,387125.0,394625.0,399825.0],""robdd"":[2055030.0,2102234.0,1898520.0,2132636.0,1955325.0],""cadical"":[1656806.0,1552898.0,1559100.0,1477094.0,1606402.0]}",1200,36102,165510,1,True,2274444,43950,763649,35026,89306,3340,3127799,41221,2788,9396997,5806469,True,149,7671587,5737765,True,704,26355076,31605710,True,"{""dropped_satisfied_clauses"":1258,""payload_sha256"":""8607663ce3d780aef808120c1001b3f6cf9aef191e779287bff1652d23f6c8a1"",""removed_fixed_false_literals"":746,""residual_clauses"":26,""residual_literals"":29,""slice_feature_names"":[""CONFIG_PF_EXYNOS_UART_NR"",""CONFIG_CAN_ARM_CPU_CORTEX_A72"",""CONFIG_PF_IMX_21"",""CONFIG_UX_NET"",""CONFIG_ARM_CORTEX_A9"",""CONFIG_LIGHTWEIGHT_BARRIERS"",""CONFIG_PF_CI20"",""CONFIG_CPU_MIPS64"",""CONFIG_ARM_V8"",""CONFIG_PF_EXYNOS_TIMER_MP"",""CONFIG_PF_OMAP3_AM33XX"",""CONFIG_SCHED_PIT""],""slice_variables"":[47,122,123,212,2,154,46,179,108,140,158,64],""source_clauses"":1284}"
real|Fiasco@2018-11-01_09-46-44|incidence|k16,real,Fiasco@2018-11-01_09-46-44,Fiasco,incidence,16,158,97,279,0.38607594936708856,1,1.52587890625e-05,42a8767aa5de2891c4d73d664071cdbe2f1028cb327897c5ed9290bad4d28bbe,True,349623,7492776,1341385,dd.cudd,cudd,2774877,485731,17,2764576,481331,17,17613420,"[{""sweep"":0,""seed"":920095399,""nodes"":17,""setup_ns"":3169602,""build_ns"":599638,""order"":[""x4"",""x0"",""x8"",""x11"",""x2"",""x13"",""x12"",""x10"",""x5"",""x6"",""x7"",""x1"",""x15"",""x14"",""x9"",""x3""]},{""sweep"":1,""seed"":920095400,""nodes"":17,""setup_ns"":2764576,""build_ns"":481331,""order"":[""x9"",""x12"",""x8"",""x1"",""x10"",""x5"",""x3"",""x2"",""x15"",""x13"",""x6"",""x0"",""x14"",""x4"",""x11"",""x7""]},{""sweep"":2,""seed"":920095401,""nodes"":17,""setup_ns"":2775476,""build_ns"":527834,""order"":[""x12"",""x8"",""x11"",""x3"",""x0"",""x4"",""x1"",""x2"",""x13"",""x10"",""x9"",""x5"",""x14"",""x6"",""x15"",""x7""]},{""sweep"":3,""seed"":920095402,""nodes"":17,""setup_ns"":2840781,""build_ns"":482630,""order"":[""x12"",""x15"",""x9"",""x4"",""x6"",""x10"",""x8"",""x1"",""x0"",""x5"",""x14"",""x7"",""x13"",""x2"",""x11"",""x3""]},{""sweep"":4,""seed"":920095403,""nodes"":17,""setup_ns"":2925186,""build_ns"":500731,""order"":[""x1"",""x14"",""x15"",""x13"",""x12"",""x3"",""x11"",""x6"",""x2"",""x7"",""x9"",""x0"",""x4"",""x8"",""x5"",""x10""]}]",103,103,211,272,310279.8,387164.7,1208916.8,167511.0,,0.2566593499238326,0.8014155216113452,1.8522950731593746,"{""cm"":[339381.5,301959.2,314380.0,310279.8,308319.6],""cse"":[387164.7,391554.8,390824.8,385664.6,374533.8],""cnf"":[1234958.6,1227848.0,1208916.8,1202806.4,1169604.4],""robdd_enumerate"":[227714.0,161910.0,167511.0,169910.0,150109.0]}",256,True,42103.0,650741.0,2694272.0,1707908.0,0.01562685578887358,0.024651796232583956,"{""packed"":[46103.0,41002.0,48203.0,42103.0,34602.0],""scalar_cnf"":[624440.0,659442.0,650741.0,665742.0,633541.0],""robdd"":[2778776.0,2450356.0,2694272.0,2554362.0,2698471.0],""cadical"":[1716509.0,1893121.0,1698908.0,1707908.0,1646305.0]}",2500,57404,,,True,16884373,938687,5601556,905863,1956724,52516,3951451,41429,25695,11248015,5997981,True,1190,46117332,5367942,True,936,36285707,32388659,True,"{""dropped_satisfied_clauses"":1126,""payload_sha256"":""8607663ce3d780aef808120c1001b3f6cf9aef191e779287bff1652d23f6c8a1"",""removed_fixed_false_literals"":691,""residual_clauses"":158,""residual_literals"":279,""slice_feature_names"":[""CONFIG_ARM"",""CONFIG_PF_PC"",""CONFIG_PF_EXYNOS"",""CONFIG_PF_REALVIEW"",""CONFIG_ARM_CORTEX_A15"",""CONFIG_MIPS"",""CONFIG_PF_ARM_VIRT"",""CONFIG_PF_RCAR3"",""CONFIG_PF_UX"",""CONFIG_PF_IMX"",""CONFIG_PF_ZYNQMP"",""CONFIG_PF_TEGRA"",""CONFIG_PF_MALTA"",""CONFIG_ARM_CORTEX_A9"",""CONFIG_ARM_CORTEX_A7"",""CONFIG_PF_LAYERSCAPE""],""slice_variables"":[8,61,31,79,52,76,72,73,13,87,124,24,35,2,91,23],""source_clauses"":1284}"
real|Fiasco@2018-11-01_09-46-44|hash|k16,real,Fiasco@2018-11-01_09-46-44,Fiasco,hash,16,35,21,40,0.4,1,1.52587890625e-05,c9dc4ea8b62efd2cd8abb0418b5a80edf91c621559cee86023f0fce0b52f4895,True,89906,1378587,262517,dd.cudd,cudd,2617066,90706,17,2714273,83405,17,25119198,"[{""sweep"":0,""seed"":1415655697,""nodes"":17,""setup_ns"":2861582,""build_ns"":91105,""order"":[""x2"",""x9"",""x4"",""x10"",""x15"",""x1"",""x11"",""x8"",""x13"",""x14"",""x5"",""x12"",""x7"",""x6"",""x0"",""x3""]},{""sweep"":1,""seed"":1415655698,""nodes"":17,""setup_ns"":2789977,""build_ns"":94606,""order"":[""x7"",""x8"",""x1"",""x6"",""x14"",""x15"",""x12"",""x0"",""x3"",""x10"",""x5"",""x13"",""x2"",""x4"",""x9"",""x11""]},{""sweep"":2,""seed"":1415655699,""nodes"":17,""setup_ns"":2801178,""build_ns"":92906,""order"":[""x10"",""x4"",""x5"",""x7"",""x11"",""x3"",""x0"",""x15"",""x8"",""x2"",""x13"",""x14"",""x6"",""x12"",""x9"",""x1""]},{""sweep"":3,""seed"":1415655700,""nodes"":17,""setup_ns"":2714273,""build_ns"":83405,""order"":[""x15"",""x10"",""x9"",""x14"",""x7"",""x0"",""x6"",""x11"",""x8"",""x12"",""x2"",""x3"",""x5"",""x4"",""x1"",""x13""]},{""sweep"":4,""seed"":1415655701,""nodes"":17,""setup_ns"":12860618,""build_ns"":102607,""order"":[""x6"",""x15"",""x11"",""x2"",""x14"",""x10"",""x7"",""x8"",""x13"",""x12"",""x1"",""x5"",""x0"",""x4"",""x3"",""x9""]}]",21,20,40,53,58993.8,67974.3,137518.8,68804.0,,0.42898716393685815,0.8678838914119013,0.8574181733620139,"{""cm"":[53323.4,53743.4,60453.8,59113.8,58993.8],""cse"":[67974.3,62334.0,63694.1,68804.4,72954.6],""cnf"":[132148.4,133358.4,143449.1,137518.8,142779.1],""robdd_enumerate"":[42703.0,75905.0,72705.0,68804.0,68004.0]}",256,True,60304.0,415626.0,2772076.0,1817816.0,0.02175409332211671,0.033173874583566215,"{""packed"":[60304.0,63404.0,61404.0,47503.0,57904.0],""scalar_cnf"":[412226.0,413626.0,415626.0,432928.0,475030.0],""robdd"":[2772076.0,2765076.0,2716273.0,2789077.0,2806479.0],""cadical"":[1901921.0,1744611.0,1866219.0,1772713.0,1817816.0]}",2400,42203,,,True,3857943,202155,1034161,192603,322419,45936,3407600,41457,18799,11252615,6048084,True,202,8139318,7012046,True,936,30599845,34123470,True,"{""dropped_satisfied_clauses"":1249,""payload_sha256"":""8607663ce3d780aef808120c1001b3f6cf9aef191e779287bff1652d23f6c8a1"",""removed_fixed_false_literals"":756,""residual_clauses"":35,""residual_literals"":40,""slice_feature_names"":[""CONFIG_PF_EXYNOS_UART_NR"",""CONFIG_CAN_ARM_CPU_CORTEX_A72"",""CONFIG_PF_IMX_21"",""CONFIG_UX_NET"",""CONFIG_ARM_CORTEX_A9"",""CONFIG_LIGHTWEIGHT_BARRIERS"",""CONFIG_PF_CI20"",""CONFIG_CPU_MIPS64"",""CONFIG_ARM_V8"",""CONFIG_PF_EXYNOS_TIMER_MP"",""CONFIG_PF_OMAP3_AM33XX"",""CONFIG_SCHED_PIT"",""CONFIG_SCHED_WFQ"",""CONFIG_PF_TEGRA"",""CONFIG_GSTABS"",""CONFIG_MIPS_CPU_FREQUENCY""],""slice_variables"":[47,122,123,212,2,154,46,179,108,140,158,64,191,24,224,146],""source_clauses"":1284}"
real|Fiasco@2020-10-20_12-35-53|incidence|k8,real,Fiasco@2020-10-20_12-35-53,Fiasco,incidence,8,67,21,88,0.6865671641791045,1,0.00390625,5778f985db754c6628691f56fadae50c65fddbe8eb2e93039633fefa05d45e31,True,154409,2758963,657438,dd.cudd,cudd,2876269,142208,9,2779364,146308,9,15563114,"[{""sweep"":0,""seed"":85486982,""nodes"":9,""setup_ns"":2931073,""build_ns"":155309,""order"":[""x3"",""x0"",""x5"",""x2"",""x6"",""x4"",""x7"",""x1""]},{""sweep"":1,""seed"":85486983,""nodes"":9,""setup_ns"":2796964,""build_ns"":184711,""order"":[""x7"",""x2"",""x1"",""x4"",""x3"",""x0"",""x5"",""x6""]},{""sweep"":2,""seed"":85486984,""nodes"":9,""setup_ns"":2725960,""build_ns"":161909,""order"":[""x6"",""x3"",""x7"",""x0"",""x2"",""x4"",""x1"",""x5""]},{""sweep"":3,""seed"":85486985,""nodes"":9,""setup_ns"":2940572,""build_ns"":164909,""order"":[""x4"",""x1"",""x2"",""x3"",""x0"",""x5"",""x6"",""x7""]},{""sweep"":4,""seed"":85486986,""nodes"":9,""setup_ns"":2779364,""build_ns"":146308,""order"":[""x3"",""x6"",""x1"",""x4"",""x2"",""x7"",""x5"",""x0""]}]",26,26,49,86,44643.62,68477.02,19418.14,118207.0,1644497.0,2.2990677788912843,0.6519503915328091,0.377673234241627,"{""cm"":[44643.62,45121.15,45263.155,42990.525,43109.035],""cse"":[70476.14,70915.165,68477.02,66945.935,66565.41],""cnf"":[19592.15,19418.14,19369.64,21011.735,18833.605],""robdd_enumerate"":[124707.0,114007.0,106406.0,118207.0,123107.0],""robdd_naive"":[1687000.0,1657298.0,1644497.0,1607095.0,1602894.0]}",256,True,26301.0,502329.0,1406883.0,1315377.0,0.01869451830749252,0.019995028041390413,"{""packed"":[26301.0,30301.0,25402.0,26502.0,26101.0],""scalar_cnf"":[502329.0,532232.0,501829.0,518130.0,486629.0],""robdd"":[1411283.0,1440484.0,1406883.0,1405283.0,1371881.0],""cadical"":[1302377.0,1311877.0,1315377.0,1370380.0,1345279.0]}",1400,35402,166310,1,True,4595170,81060,1475587,67832,111207,540,3497106,40951,2563,9266845,6050255,True,374,23057455,5595028,True,478,29430729,33858489,True,"{""dropped_satisfied_clauses"":1473,""payload_sha256"":""979e421c01e310de04b08952b2ef494043d1220b11376e8d51ab44874c6c403f"",""removed_fixed_false_literals"":867,""residual_clauses"":67,""residual_literals"":88,""slice_feature_names"":[""CONFIG_ARM"",""CONFIG_PF_PC"",""CONFIG_MIPS"",""CONFIG_PF_IMX_8M"",""CONFIG_PF_IMX_8X"",""CONFIG_ARM_GIC"",""CONFIG_ARM_CORTEX_A15"",""CONFIG_ARM_CORTEX_A7""],""slice_variables"":[4,74,38,35,76,41,75,78],""source_clauses"":1540}"
real|Fiasco@2020-10-20_12-35-53|hash|k8,real,Fiasco@2020-10-20_12-35-53,Fiasco,hash,8,21,9,22,0.5714285714285714,1,0.00390625,01d0fabd251fcbbe2b93b4b927b26ad2a1a99077152e45ded1e678afa45dbec5,True,103206,712642,163309,dd.cudd,cudd,2714360,61004,9,2629855,52403,9,14480450,"[{""sweep"":0,""seed"":1058878841,""nodes"":9,""setup_ns"":2780463,""build_ns"":59604,""order"":[""x7"",""x3"",""x0"",""x2"",""x1"",""x5"",""x6"",""x4""]},{""sweep"":1,""seed"":1058878842,""nodes"":9,""setup_ns"":2714259,""build_ns"":52603,""order"":[""x0"",""x6"",""x1"",""x7"",""x2"",""x5"",""x3"",""x4""]},{""sweep"":2,""seed"":1058878843,""nodes"":9,""setup_ns"":2745761,""build_ns"":74905,""order"":[""x6"",""x1"",""x2"",""x7"",""x5"",""x3"",""x4"",""x0""]},{""sweep"":3,""seed"":1058878844,""nodes"":9,""setup_ns"":2629855,""build_ns"":52403,""order"":[""x4"",""x3"",""x0"",""x2"",""x7"",""x1"",""x6"",""x5""]},{""sweep"":4,""seed"":1058878845,""nodes"":9,""setup_ns"":2828066,""build_ns"":55604,""order"":[""x1"",""x4"",""x2"",""x5"",""x0"",""x7"",""x6"",""x3""]}]",11,10,19,29,16377.96,22279.805,5891.345,100806.0,1549991.0,2.780003547576996,0.7351033817396516,0.16247009106600796,"{""cm"":[16377.96,16848.99,16710.48,16307.96,16009.44],""cse"":[21365.255,22552.825,22279.805,22005.795,23244.865],""cnf"":[5776.34,5886.345,6798.9,6300.87,5891.345],""robdd_enumerate"":[70505.0,66904.0,100806.0,111806.0,115307.0],""robdd_naive"":[1548591.0,1504189.0,1579393.0,1594693.0,1549991.0]}",256,True,26201.0,399124.0,1509989.0,1446985.0,0.017351782032849247,0.0181073058808488,"{""packed"":[26501.0,26102.0,28302.0,25502.0,26201.0],""scalar_cnf"":[387623.0,399124.0,474128.0,415625.0,374522.0],""robdd"":[1402682.0,1642396.0,1518589.0,1452385.0,1509989.0],""cadical"":[1401183.0,1467186.0,1566892.0,1446985.0,1446785.0]}",700,37202,161610,1,True,1525489,31096,571133,25308,67604,508,2965474,40951,1332,9454456,6088558,True,119,8104176,5555727,True,478,36547347,30059766,True,"{""dropped_satisfied_clauses"":1519,""payload_sha256"":""979e421c01e310de04b08952b2ef494043d1220b11376e8d51ab44874c6c403f"",""removed_fixed_false_literals"":1033,""residual_clauses"":21,""residual_literals"":22,""slice_feature_names"":[""CONFIG_PF_REALVIEW"",""CONFIG_CAN_ARM_CPU_SA1100"",""CONFIG_ARM_SECMONIF_MC"",""CONFIG_DEFAULT_ARM_EM_NS"",""CONFIG_ARM_CORTEX_A35"",""CONFIG_PF_TEGRA2"",""CONFIG_IOMMU"",""CONFIG_PF_LEON3""],""slice_variables"":[49,220,202,123,70,142,235,144],""source_clauses"":1540}"
real|Fiasco@2020-10-20_12-35-53|incidence|k12,real,Fiasco@2020-10-20_12-35-53,Fiasco,incidence,12,161,76,685,0.5279503105590062,1,0.000244140625,dc3bb7db94fffd5146970e52bf9a1204bc6afe80da9d23678c69a13486bd49c3,True,828948,9196240,1771505,dd.cudd,cudd,2638255,946856,13,2680158,960356,13,19135925,"[{""sweep"":0,""seed"":1143100939,""nodes"":13,""setup_ns"":2705559,""build_ns"":988858,""order"":[""x10"",""x8"",""x9"",""x4"",""x5"",""x3"",""x7"",""x6"",""x11"",""x0"",""x1"",""x2""]},{""sweep"":1,""seed"":1143100940,""nodes"":13,""setup_ns"":2680158,""build_ns"":960356,""order"":[""x1"",""x3"",""x11"",""x10"",""x6"",""x4"",""x8"",""x9"",""x0"",""x5"",""x2"",""x7""]},{""sweep"":2,""seed"":1143100941,""nodes"":13,""setup_ns"":2940873,""build_ns"":993058,""order"":[""x2"",""x1"",""x5"",""x7"",""x0"",""x9"",""x6"",""x11"",""x10"",""x3"",""x8"",""x4""]},{""sweep"":3,""seed"":1143100942,""nodes"":13,""setup_ns"":2730560,""build_ns"":967456,""order"":[""x4"",""x0"",""x5"",""x10"",""x7"",""x1"",""x2"",""x11"",""x3"",""x6"",""x9"",""x8""]},{""sweep"":4,""seed"":1143100943,""nodes"":13,""setup_ns"":2637055,""build_ns"":964457,""order"":[""x8"",""x10"",""x0"",""x6"",""x3"",""x4"",""x7"",""x2"",""x9"",""x5"",""x11"",""x1""]}]",101,101,232,317,211220.4,260757.32,203803.96,165310.0,32746824.0,1.036390068181207,0.810026732902455,1.2777230657552476,"{""cm"":[211220.4,210698.38,211836.44,209156.28,220146.92],""cse"":[260617.32,251678.8,260757.32,261423.36,265433.6],""cnf"":[209194.3,203803.96,199823.74,197733.62,203815.98],""robdd_enumerate"":[142008.0,142708.0,167710.0,165310.0,176510.0],""robdd_naive"":[32908333.0,32746824.0,32152689.0,32070984.0,33146848.0]}",256,True,24402.0,623537.0,2134726.0,1547490.0,0.011430975216491484,0.01576876102591939,"{""packed"":[24402.0,26502.0,25101.0,24102.0,24001.0],""scalar_cnf"":[587334.0,752344.0,623537.0,634037.0,596435.0],""robdd"":[2189729.0,2001318.0,1949815.0,2148126.0,2134726.0],""cadical"":[1467886.0,1552891.0,1547490.0,1476686.0,1573593.0]}",1600,47103,263915,1,True,20909528,298942,5539925,273146,554833,3644,5095499,41221,10290,10239001,5718236,True,1993,7891464,5342114,True,704,36371136,35014857,True,"{""dropped_satisfied_clauses"":1379,""payload_sha256"":""979e421c01e310de04b08952b2ef494043d1220b11376e8d51ab44874c6c403f"",""removed_fixed_false_literals"":715,""residual_clauses"":161,""residual_literals"":685,""slice_feature_names"":[""CONFIG_ARM"",""CONFIG_PF_PC"",""CONFIG_MIPS"",""CONFIG_PF_IMX_8M"",""CONFIG_PF_IMX_8X"",""CONFIG_ARM_GIC"",""CONFIG_ARM_CORTEX_A15"",""CONFIG_ARM_CORTEX_A7"",""CONFIG_HAS_CPU_VIRT"",""CONFIG_ARM_CORTEX_A53"",""CONFIG_ARM_CORTEX_A57"",""CONFIG_ARM_CORTEX_A35""],""slice_variables"":[4,74,38,35,76,41,75,78,73,31,77,70],""source_clauses"":1540}"
real|Fiasco@2020-10-20_12-35-53|hash|k12,real,Fiasco@2020-10-20_12-35-53,Fiasco,hash,12,36,14,38,0.6111111111111112,1,0.000244140625,5054cef9771c20859b99a952f741ea548712bb2f5b8897bb7f3f3ed0dde5b481,True,69404,1078464,208012,dd.cudd,cudd,3313695,150409,13,2804165,75304,13,16601476,"[{""sweep"":0,""seed"":1799564812,""nodes"":13,""setup_ns"":2774863,""build_ns"":78805,""order"":[""x9"",""x11"",""x8"",""x5"",""x10"",""x7"",""x3"",""x0"",""x6"",""x1"",""x2"",""x4""]},{""sweep"":1,""seed"":1799564813,""nodes"":13,""setup_ns"":2804165,""build_ns"":75304,""order"":[""x3"",""x4"",""x7"",""x10"",""x0"",""x9"",""x5"",""x11"",""x2"",""x8"",""x1"",""x6""]},{""sweep"":2,""seed"":1799564814,""nodes"":13,""setup_ns"":2980075,""build_ns"":104306,""order"":[""x10"",""x7"",""x0"",""x4"",""x9"",""x1"",""x8"",""x3"",""x11"",""x6"",""x5"",""x2""]},{""sweep"":3,""seed"":1799564815,""nodes"":13,""setup_ns"":3803323,""build_ns"":93506,""order"":[""x11"",""x1"",""x9"",""x2"",""x3"",""x0"",""x4"",""x5"",""x10"",""x8"",""x7"",""x6""]},{""sweep"":4,""seed"":1799564816,""nodes"":13,""setup_ns"":3181987,""build_ns"":95905,""order"":[""x5"",""x6"",""x8"",""x3"",""x11"",""x1"",""x0"",""x10"",""x7"",""x9"",""x4"",""x2""]}]",15,15,28,47,25897.52,37264.2,24047.42,109906.0,32146588.0,1.0769354882977051,0.6949705078869264,0.23563335941622843,"{""cm"":[26989.58,25897.52,24901.46,25169.48,25977.52],""cse"":[38776.28,37264.2,36522.16,40616.38,36630.16],""cnf"":[25947.52,24047.42,26757.56,23633.4,23553.38],""robdd_enumerate"":[104606.0,109906.0,108007.0,117607.0,123607.0],""robdd_naive"":[32166189.0,32950336.0,32146588.0,31658360.0,31217833.0]}",256,True,38102.0,416825.0,1970015.0,1467086.0,0.019340969485003922,0.025971210958321462,"{""packed"":[40103.0,41203.0,38102.0,33902.0,36803.0],""scalar_cnf"":[521830.0,416825.0,433426.0,409024.0,393223.0],""robdd"":[2122925.0,1999917.0,1970015.0,1958115.0,1892111.0],""cadical"":[1440185.0,1478587.0,1469386.0,1467086.0,1463386.0]}",1500,34402,145309,1,True,2527648,48254,796747,38194,96105,3372,3257091,41221,2789,8697911,6470680,True,208,45397467,6214865,True,705,45464271,36411839,True,"{""dropped_satisfied_clauses"":1504,""payload_sha256"":""979e421c01e310de04b08952b2ef494043d1220b11376e8d51ab44874c6c403f"",""removed_fixed_false_literals"":1033,""residual_clauses"":36,""residual_literals"":38,""slice_feature_names"":[""CONFIG_PF_REALVIEW"",""CONFIG_CAN_ARM_CPU_SA1100"",""CONFIG_ARM_SECMONIF_MC"",""CONFIG_DEFAULT_ARM_EM_NS"",""CONFIG_ARM_CORTEX_A35"",""CONFIG_PF_TEGRA2"",""CONFIG_IOMMU"",""CONFIG_PF_LEON3"",""CONFIG_PF_IMX_6UL"",""CONFIG_PF_IMX_8X"",""CONFIG_ARM_ENABLE_SWP"",""CONFIG_ABI_VF""],""slice_variables"":[49,220,202,123,70,142,235,144,173,76,175,245],""source_clauses"":1540}"
real|Fiasco@2020-10-20_12-35-53|incidence|k16,real,Fiasco@2020-10-20_12-35-53,Fiasco,incidence,16,210,134,794,0.36190476190476195,1,1.52587890625e-05,8b2cf5a9437ce2378e2ba67b209e77c5966fb18f456512ec0aaaa01c619c217b,True,880352,13513394,2770462,dd.cudd,cudd,3023478,1546791,17,2793065,1320177,17,22191503,"[{""sweep"":0,""seed"":477487164,""nodes"":17,""setup_ns"":2793065,""build_ns"":1320177,""order"":[""x6"",""x12"",""x5"",""x13"",""x1"",""x7"",""x3"",""x11"",""x14"",""x0"",""x2"",""x10"",""x4"",""x9"",""x8"",""x15""]},{""sweep"":1,""seed"":477487165,""nodes"":17,""setup_ns"":3045679,""build_ns"":1421283,""order"":[""x14"",""x12"",""x15"",""x10"",""x8"",""x13"",""x4"",""x3"",""x7"",""x11"",""x9"",""x0"",""x6"",""x1"",""x5"",""x2""]},{""sweep"":2,""seed"":477487166,""nodes"":17,""setup_ns"":2885169,""build_ns"":1740502,""order"":[""x14"",""x9"",""x1"",""x12"",""x15"",""x5"",""x8"",""x0"",""x7"",""x6"",""x2"",""x11"",""x4"",""x10"",""x13"",""x3""]},{""sweep"":3,""seed"":477487167,""nodes"":17,""setup_ns"":2868769,""build_ns"":1340178,""order"":[""x2"",""x11"",""x10"",""x1"",""x4"",""x12"",""x14"",""x7"",""x15"",""x6"",""x8"",""x0"",""x3"",""x9"",""x13"",""x5""]},{""sweep"":4,""seed"":477487168,""nodes"":17,""setup_ns"":2798464,""build_ns"":1334878,""order"":[""x0"",""x3"",""x13"",""x12"",""x14"",""x2"",""x9"",""x7"",""x15"",""x5"",""x11"",""x1"",""x10"",""x8"",""x6"",""x4""]}]",171,171,410,483,579434.0,647658.1,2037349.7,167209.0,,0.2844057649994991,0.8946603153731885,3.465327823263102,"{""cm"":[544192.0,579434.0,585594.4,576193.9,603985.5],""cse"":[647658.1,680269.9,636097.3,627606.9,650518.3],""cnf"":[2110634.0,2083832.4,2037349.7,2018868.6,2036289.6],""robdd_enumerate"":[175910.0,156209.0,167209.0,143708.0,174310.0]}",256,True,29302.0,588434.0,2695558.0,1733002.0,0.010870476539551366,0.01690823207359253,"{""packed"":[26802.0,25902.0,40803.0,29302.0,76705.0],""scalar_cnf"":[586035.0,591935.0,605335.0,588434.0,580934.0],""robdd"":[2695558.0,2676557.0,2833067.0,2647456.0,2799165.0],""cadical"":[1701400.0,1733002.0,1659497.0,1786005.0,1743402.0]}",1200,45303,,,True,34401921,1329043,8205182,1331659,2428942,52796,5641831,41429,32267,12333524,6457080,True,2463,8131477,5691835,True,936,47191272,36973972,True,"{""dropped_satisfied_clauses"":1330,""payload_sha256"":""979e421c01e310de04b08952b2ef494043d1220b11376e8d51ab44874c6c403f"",""removed_fixed_false_literals"":681,""residual_clauses"":210,""residual_literals"":794,""slice_feature_names"":[""CONFIG_ARM"",""CONFIG_PF_PC"",""CONFIG_MIPS"",""CONFIG_PF_IMX_8M"",""CONFIG_PF_IMX_8X"",""CONFIG_ARM_GIC"",""CONFIG_ARM_CORTEX_A15"",""CONFIG_ARM_CORTEX_A7"",""CONFIG_HAS_CPU_VIRT"",""CONFIG_ARM_CORTEX_A53"",""CONFIG_ARM_CORTEX_A57"",""CONFIG_ARM_CORTEX_A35"",""CONFIG_ARM_CORTEX_A72"",""CONFIG_PF_EXYNOS"",""CONFIG_PF_REALVIEW"",""CONFIG_PF_ARM_VIRT""],""slice_variables"":[4,74,38,35,76,41,75,78,73,31,77,70,102,92,49,63],""source_clauses"":1540}"
real|Fiasco@2020-10-20_12-35-53|hash|k16,real,Fiasco@2020-10-20_12-35-53,Fiasco,hash,16,46,21,51,0.5434782608695652,1,1.52587890625e-05,d1555fe0f8e8bfc715524652255c87ce9d48f718fa73e5d27e094ca9b279b616,True,86805,1443685,361521,dd.cudd,cudd,2902070,116907,17,2619653,111406,17,20942530,"[{""sweep"":0,""seed"":1970235860,""nodes"":17,""setup_ns"":2812766,""build_ns"":126907,""order"":[""x3"",""x14"",""x9"",""x6"",""x10"",""x11"",""x12"",""x13"",""x8"",""x7"",""x4"",""x1"",""x2"",""x0"",""x5"",""x15""]},{""sweep"":1,""seed"":1970235861,""nodes"":17,""setup_ns"":3357597,""build_ns"":171410,""order"":[""x11"",""x0"",""x12"",""x15"",""x14"",""x5"",""x6"",""x1"",""x10"",""x13"",""x4"",""x7"",""x8"",""x9"",""x2"",""x3""]},{""sweep"":2,""seed"":1970235862,""nodes"":17,""setup_ns"":2619653,""build_ns"":111406,""order"":[""x13"",""x14"",""x15"",""x5"",""x10"",""x11"",""x9"",""x6"",""x4"",""x1"",""x7"",""x0"",""x3"",""x8"",""x12"",""x2""]},{""sweep"":3,""seed"":1970235863,""nodes"":17,""setup_ns"":2704159,""build_ns"":111507,""order"":[""x5"",""x4"",""x0"",""x15"",""x6"",""x13"",""x10"",""x12"",""x3"",""x9"",""x11"",""x7"",""x14"",""x1"",""x8"",""x2""]},{""sweep"":4,""seed"":1970235864,""nodes"":17,""setup_ns"":8016871,""build_ns"":127407,""order"":[""x12"",""x5"",""x9"",""x6"",""x15"",""x14"",""x8"",""x0"",""x7"",""x13"",""x1"",""x11"",""x4"",""x3"",""x2"",""x10""]}]",23,23,44,63,58063.4,87485.1,287756.9,128807.0,,0.20177934916591053,0.6636947320172235,0.45077829621060966,"{""cm"":[60433.6,58063.4,58043.4,57323.4,64923.9],""cse"":[107216.3,77884.6,73884.3,88425.2,87485.1],""cnf"":[224853.2,281416.5,287756.9,333459.6,294997.4],""robdd_enumerate"":[1363380.0,89905.0,66904.0,146809.0,128807.0]}",256,True,29202.0,358921.0,2723860.0,1694400.0,0.01072081531356237,0.01723441926345609,"{""packed"":[29202.0,40002.0,44502.0,28202.0,27802.0],""scalar_cnf"":[393323.0,358721.0,358921.0,395023.0,358421.0],""robdd"":[2723860.0,2607753.0,2608753.0,2799865.0,2849167.0],""cadical"":[1732601.0,1642097.0,1684899.0,1738802.0,1694400.0]}",1700,40402,,,True,3315695,236947,1145467,227635,422725,44332,3355298,41429,18955,10903240,6149562,True,278,7642749,5724837,True,936,37729417,34028799,True,"{""dropped_satisfied_clauses"":1494,""payload_sha256"":""979e421c01e310de04b08952b2ef494043d1220b11376e8d51ab44874c6c403f"",""removed_fixed_false_literals"":1006,""residual_clauses"":46,""residual_literals"":51,""slice_feature_names"":[""CONFIG_PF_REALVIEW"",""CONFIG_CAN_ARM_CPU_SA1100"",""CONFIG_ARM_SECMONIF_MC"",""CONFIG_DEFAULT_ARM_EM_NS"",""CONFIG_ARM_CORTEX_A35"",""CONFIG_PF_TEGRA2"",""CONFIG_IOMMU"",""CONFIG_PF_LEON3"",""CONFIG_PF_IMX_6UL"",""CONFIG_PF_IMX_8X"",""CONFIG_ARM_ENABLE_SWP"",""CONFIG_ABI_VF"",""CONFIG_ARM_1136"",""CONFIG_WARN_WARNING"",""CONFIG_CPU_MIPSR6"",""CONFIG_ARM_926""],""slice_variables"":[49,220,202,123,70,142,235,144,173,76,175,245,159,233,113,69],""source_clauses"":1540}"
real|Fiasco@2020-12-01_14-09-14|incidence|k8,real,Fiasco@2020-12-01_14-09-14,Fiasco,incidence,8,67,21,88,0.6865671641791045,1,0.00390625,5778f985db754c6628691f56fadae50c65fddbe8eb2e93039633fefa05d45e31,True,148209,2166027,357421,dd.cudd,cudd,2640155,129307,9,2570851,126108,9,14899876,"[{""sweep"":0,""seed"":2017230777,""nodes"":9,""setup_ns"":2861869,""build_ns"":128207,""order"":[""x5"",""x6"",""x1"",""x4"",""x7"",""x3"",""x0"",""x2""]},{""sweep"":1,""seed"":2017230778,""nodes"":9,""setup_ns"":2742261,""build_ns"":131808,""order"":[""x2"",""x4"",""x1"",""x6"",""x3"",""x0"",""x7"",""x5""]},{""sweep"":2,""seed"":2017230779,""nodes"":9,""setup_ns"":2808265,""build_ns"":219713,""order"":[""x5"",""x0"",""x3"",""x6"",""x7"",""x1"",""x4"",""x2""]},{""sweep"":3,""seed"":2017230780,""nodes"":9,""setup_ns"":2570851,""build_ns"":126108,""order"":[""x2"",""x0"",""x6"",""x4"",""x5"",""x1"",""x7"",""x3""]},{""sweep"":4,""seed"":2017230781,""nodes"":9,""setup_ns"":2651455,""build_ns"":131808,""order"":[""x1"",""x5"",""x2"",""x4"",""x6"",""x7"",""x3"",""x0""]}]",26,26,49,86,43911.58,67918.49,19295.635,115707.0,1569992.0,2.275726090382618,0.6465335139223501,0.37950668498880796,"{""cm"":[46083.71,45791.69,43911.58,43423.55,43055.03],""cse"":[69106.06,69149.06,67518.965,67918.49,67016.435],""cnf"":[19711.66,19359.64,19295.635,18960.115,18312.075],""robdd_enumerate"":[126307.0,114106.0,149909.0,115707.0,105906.0],""robdd_naive"":[1569992.0,1602094.0,1635496.0,1569092.0,1525689.0]}",256,True,35702.0,727643.0,1906712.0,1679999.0,0.018724379979776704,0.021251203125716146,"{""packed"":[35702.0,37402.0,36602.0,35302.0,34502.0],""scalar_cnf"":[748244.0,727643.0,703242.0,711542.0,727742.0],""robdd"":[1998317.0,2117824.0,1893411.0,1849508.0,1906712.0],""cadical"":[1651097.0,1701600.0,1754103.0,1672799.0,1679999.0]}",700,33802,216412,1,True,4313654,81060,1288276,67832,113307,540,3348397,40951,2563,9005129,6105358,True,374,49062883,5942249,True,478,37630911,36806062,True,"{""dropped_satisfied_clauses"":1475,""payload_sha256"":""c7ae642f48d4c338bccfc05bae647486bb2f6725593811b90c373b4711f7f2d5"",""removed_fixed_false_literals"":868,""residual_clauses"":67,""residual_literals"":88,""slice_feature_names"":[""CONFIG_ARM"",""CONFIG_PF_PC"",""CONFIG_MIPS"",""CONFIG_PF_IMX_8M"",""CONFIG_PF_IMX_8X"",""CONFIG_ARM_GIC"",""CONFIG_ARM_CORTEX_A15"",""CONFIG_ARM_CORTEX_A7""],""slice_variables"":[4,74,38,35,76,41,75,78],""source_clauses"":1542}"
real|Fiasco@2020-12-01_14-09-14|hash|k8,real,Fiasco@2020-12-01_14-09-14,Fiasco,hash,8,20,9,27,0.55,2,0.0078125,0a53d75ac5fb54754ca3e83e92eafb62572e43c6cdefa066b8aaa6d08537d71f,True,62603,652738,164810,dd.cudd,cudd,2808165,72705,13,2792164,63903,9,15139989,"[{""sweep"":0,""seed"":2043264795,""nodes"":15,""setup_ns"":3269293,""build_ns"":83004,""order"":[""x6"",""x3"",""x4"",""x1"",""x7"",""x5"",""x0"",""x2""]},{""sweep"":1,""seed"":2043264796,""nodes"":9,""setup_ns"":2792164,""build_ns"":63903,""order"":[""x7"",""x1"",""x3"",""x5"",""x0"",""x4"",""x2"",""x6""]},{""sweep"":2,""seed"":2043264797,""nodes"":11,""setup_ns"":2798365,""build_ns"":62303,""order"":[""x7"",""x4"",""x3"",""x5"",""x2"",""x0"",""x6"",""x1""]},{""sweep"":3,""seed"":2043264798,""nodes"":12,""setup_ns"":2675057,""build_ns"":64404,""order"":[""x1"",""x7"",""x4"",""x2"",""x5"",""x3"",""x0"",""x6""]},{""sweep"":4,""seed"":2043264799,""nodes"":13,""setup_ns"":2727661,""build_ns"":60103,""order"":[""x2"",""x1"",""x4"",""x3"",""x6"",""x5"",""x0"",""x7""]}]",15,15,22,27,33416.96,24853.46,6388.875,128008.0,1570192.0,5.2304920662871,1.3445596709673422,0.26105368414474095,"{""cm"":[35294.57,22541.825,33702.48,33416.96,20002.675],""cse"":[35481.085,24853.46,35926.61,22218.81,22182.805],""cnf"":[10098.095,6388.875,8843.52,5501.82,5566.825],""robdd_enumerate"":[121207.0,153409.0,168010.0,128008.0,99806.0],""robdd_naive"":[2334237.0,1611694.0,1570192.0,1480287.0,1407683.0]}",256,True,30802.0,417625.0,1322978.0,1295076.0,0.023282322155016938,0.023783932371536497,"{""packed"":[30702.0,32002.0,31502.0,28901.0,30802.0],""scalar_cnf"":[417625.0,455427.0,442926.0,416125.0,414124.0],""robdd"":[1339679.0,1400482.0,1305977.0,1322978.0,1273675.0],""cadical"":[1295076.0,1377381.0,1315877.0,1281576.0,1280975.0]}",900,44803,176910,2,True,1789706,31484,655839,24596,50103,536,2944273,42020,1611,9566862,6117360,True,123,9219342,5157003,True,676,39431316,33087444,True,"{""dropped_satisfied_clauses"":1522,""payload_sha256"":""c7ae642f48d4c338bccfc05bae647486bb2f6725593811b90c373b4711f7f2d5"",""removed_fixed_false_literals"":1053,""residual_clauses"":20,""residual_literals"":27,""slice_feature_names"":[""CONFIG_IA32_PCID"",""CONFIG_ARM_V8"",""CONFIG_DISABLE_VIRT_OBJ_SPACE"",""CONFIG_SCHED_RTC"",""CONFIG_PF_PC"",""CONFIG_ARM_EM_TZ"",""CONFIG_VIRT_OBJ_SPACE"",""CONFIG_PERF_CNT""],""slice_variables"":[193,134,87,25,74,128,132,72],""source_clauses"":1542}"
real|Fiasco@2020-12-01_14-09-14|incidence|k12,real,Fiasco@2020-12-01_14-09-14,Fiasco,incidence,12,161,76,685,0.5279503105590062,1,0.000244140625,dc3bb7db94fffd5146970e52bf9a1204bc6afe80da9d23678c69a13486bd49c3,True,722643,8948125,2239531,dd.cudd,cudd,2570351,931454,13,2692558,941855,13,19961373,"[{""sweep"":0,""seed"":1972149727,""nodes"":13,""setup_ns"":3112283,""build_ns"":1236472,""order"":[""x1"",""x5"",""x0"",""x11"",""x4"",""x7"",""x10"",""x8"",""x6"",""x3"",""x9"",""x2""]},{""sweep"":1,""seed"":1972149728,""nodes"":13,""setup_ns"":2648155,""build_ns"":952256,""order"":[""x7"",""x4"",""x3"",""x5"",""x2"",""x8"",""x9"",""x1"",""x0"",""x11"",""x6"",""x10""]},{""sweep"":2,""seed"":1972149729,""nodes"":13,""setup_ns"":2735161,""build_ns"":952156,""order"":[""x11"",""x6"",""x4"",""x10"",""x3"",""x2"",""x7"",""x5"",""x0"",""x1"",""x9"",""x8""]},{""sweep"":3,""seed"":1972149730,""nodes"":13,""setup_ns"":2692558,""build_ns"":941855,""order"":[""x5"",""x7"",""x0"",""x11"",""x2"",""x9"",""x3"",""x6"",""x10"",""x1"",""x4"",""x8""]},{""sweep"":4,""seed"":1972149731,""nodes"":13,""setup_ns"":2743362,""build_ns"":1330278,""order"":[""x0"",""x6"",""x10"",""x7"",""x2"",""x4"",""x8"",""x5"",""x11"",""x3"",""x9"",""x1""]}]",101,101,232,317,208352.24,282326.58,213190.52,169810.0,33996897.0,0.977305369863538,0.7379830832789459,1.2269727342323773,"{""cm"":[210298.36,208352.24,208026.22,176116.36,332141.52],""cse"":[282326.58,260971.34,308220.1,386712.72,258303.18],""cnf"":[212806.5,202967.92,268991.82,262035.38,213190.52],""robdd_enumerate"":[99406.0,142909.0,191911.0,191911.0,169810.0],""robdd_naive"":[28879696.0,30693203.0,33996897.0,37861224.0,43862577.0]}",256,True,26401.0,736743.0,2146326.0,1560892.0,0.012300554528995129,0.016914046583620137,"{""packed"":[23702.0,40802.0,24801.0,27001.0,26401.0],""scalar_cnf"":[703441.0,792147.0,1009959.0,736743.0,698641.0],""robdd"":[2146326.0,2100323.0,2460244.0,2220930.0,1956215.0],""cadical"":[1531290.0,1412983.0,1764803.0,1560892.0,1709200.0]}",1200,40702,286217,1,True,19849566,298942,5254008,273146,524231,3644,4806882,41221,10290,10401711,6658091,True,1993,8357491,6205165,True,704,33667678,34278013,True,"{""dropped_satisfied_clauses"":1381,""payload_sha256"":""c7ae642f48d4c338bccfc05bae647486bb2f6725593811b90c373b4711f7f2d5"",""removed_fixed_false_literals"":716,""residual_clauses"":161,""residual_literals"":685,""slice_feature_names"":[""CONFIG_ARM"",""CONFIG_PF_PC"",""CONFIG_MIPS"",""CONFIG_PF_IMX_8M"",""CONFIG_PF_IMX_8X"",""CONFIG_ARM_GIC"",""CONFIG_ARM_CORTEX_A15"",""CONFIG_ARM_CORTEX_A7"",""CONFIG_HAS_CPU_VIRT"",""CONFIG_ARM_CORTEX_A53"",""CONFIG_ARM_CORTEX_A57"",""CONFIG_ARM_CORTEX_A35""],""slice_variables"":[4,74,38,35,76,41,75,78,73,31,77,70],""source_clauses"":1542}"
real|Fiasco@2020-12-01_14-09-14|hash|k12,real,Fiasco@2020-12-01_14-09-14,Fiasco,hash,12,28,12,35,0.5714285714285714,4,0.0009765625,d7b6368f4339125ae229f627a8a3e4736749e5c34b8d0185717bd5f5d731f2b2,True,68804,1599594,190512,dd.cudd,cudd,3487305,155809,16,2893370,85205,14,15804628,"[{""sweep"":0,""seed"":430925632,""nodes"":18,""setup_ns"":3391099,""build_ns"":192011,""order"":[""x8"",""x10"",""x0"",""x6"",""x7"",""x9"",""x11"",""x1"",""x3"",""x4"",""x2"",""x5""]},{""sweep"":1,""seed"":430925633,""nodes"":21,""setup_ns"":2754862,""build_ns"":74904,""order"":[""x2"",""x0"",""x10"",""x3"",""x9"",""x5"",""x1"",""x7"",""x4"",""x8"",""x6"",""x11""]},{""sweep"":2,""seed"":430925634,""nodes"":15,""setup_ns"":2725160,""build_ns"":73105,""order"":[""x0"",""x8"",""x6"",""x10"",""x11"",""x5"",""x2"",""x9"",""x1"",""x4"",""x7"",""x3""]},{""sweep"":3,""seed"":430925635,""nodes"":14,""setup_ns"":2893370,""build_ns"":85205,""order"":[""x4"",""x11"",""x3"",""x1"",""x6"",""x7"",""x2"",""x10"",""x5"",""x0"",""x9"",""x8""]},{""sweep"":4,""seed"":430925636,""nodes"":18,""setup_ns"":2966474,""build_ns"":83305,""order"":[""x0"",""x7"",""x4"",""x2"",""x1"",""x5"",""x8"",""x9"",""x3"",""x10"",""x11"",""x6""]}]",17,15,28,41,34230.0,40824.4,21769.26,196612.0,33092944.0,1.5724007155043398,0.8384691508019714,0.17409924114499623,"{""cm"":[51495.02,28845.68,38630.26,24859.46,34230.0],""cse"":[51353.0,31037.84,40824.4,48716.86,35780.12],""cnf"":[21769.26,25223.48,20677.22,31467.84,20751.22],""robdd_enumerate"":[235113.0,154009.0,141508.0,196612.0,255515.0],""robdd_naive"":[33092944.0,34911651.0,41290226.0,30266678.0,31609357.0]}",256,True,40002.0,358122.0,1947015.0,1458186.0,0.020545296261199837,0.02743271434508355,"{""packed"":[38402.0,44403.0,40002.0,40402.0,35302.0],""scalar_cnf"":[560433.0,389723.0,356121.0,352721.0,358122.0],""robdd"":[1947015.0,2151526.0,1890911.0,1902011.0,2010218.0],""cadical"":[1448385.0,1784905.0,1458186.0,1533390.0,1414583.0]}",1900,39902,204712,4,True,2549249,44042,865351,35550,77205,3608,3887928,41221,2869,10247902,6338373,True,167,10606323,5755138,True,853,28189756,34888650,True,"{""dropped_satisfied_clauses"":1514,""payload_sha256"":""c7ae642f48d4c338bccfc05bae647486bb2f6725593811b90c373b4711f7f2d5"",""removed_fixed_false_literals"":1054,""residual_clauses"":28,""residual_literals"":35,""slice_feature_names"":[""CONFIG_IA32_PCID"",""CONFIG_ARM_V8"",""CONFIG_DISABLE_VIRT_OBJ_SPACE"",""CONFIG_SCHED_RTC"",""CONFIG_PF_PC"",""CONFIG_ARM_EM_TZ"",""CONFIG_VIRT_OBJ_SPACE"",""CONFIG_PERF_CNT"",""CONFIG_PF_IMX_7"",""CONFIG_ARM_PXA"",""CONFIG_UX_NET"",""CONFIG_JDB_GZIP""],""slice_variables"":[193,134,87,25,74,128,132,72,91,71,224,176],""source_clauses"":1542}"
real|Fiasco@2020-12-01_14-09-14|incidence|k16,real,Fiasco@2020-12-01_14-09-14,Fiasco,incidence,16,210,134,794,0.36190476190476195,1,1.52587890625e-05,8b2cf5a9437ce2378e2ba67b209e77c5966fb18f456512ec0aaaa01c619c217b,True,1163669,14039425,2961674,dd.cudd,cudd,2976675,1263274,17,2790063,1265474,17,23068756,"[{""sweep"":0,""seed"":740299172,""nodes"":17,""setup_ns"":3372198,""build_ns"":1435585,""order"":[""x5"",""x10"",""x4"",""x14"",""x7"",""x1"",""x0"",""x8"",""x12"",""x11"",""x9"",""x15"",""x3"",""x13"",""x6"",""x2""]},{""sweep"":1,""seed"":740299173,""nodes"":17,""setup_ns"":2894170,""build_ns"":1914513,""order"":[""x5"",""x8"",""x2"",""x10"",""x13"",""x1"",""x9"",""x0"",""x7"",""x15"",""x12"",""x14"",""x3"",""x6"",""x4"",""x11""]},{""sweep"":2,""seed"":740299174,""nodes"":17,""setup_ns"":3270292,""build_ns"":1347679,""order"":[""x3"",""x9"",""x10"",""x15"",""x4"",""x12"",""x0"",""x1"",""x6"",""x11"",""x8"",""x13"",""x14"",""x2"",""x5"",""x7""]},{""sweep"":3,""seed"":740299175,""nodes"":17,""setup_ns"":2790063,""build_ns"":1265474,""order"":[""x9"",""x6"",""x1"",""x5"",""x4"",""x7"",""x14"",""x0"",""x3"",""x8"",""x15"",""x13"",""x11"",""x2"",""x10"",""x12""]},{""sweep"":4,""seed"":740299176,""nodes"":17,""setup_ns"":2735860,""build_ns"":1369780,""order"":[""x0"",""x6"",""x3"",""x9"",""x7"",""x5"",""x13"",""x14"",""x8"",""x4"",""x10"",""x2"",""x1"",""x11"",""x12"",""x15""]}]",171,171,410,483,574503.8,673929.6,2091302.8,184911.0,,0.2747109600771347,0.8524685664496708,3.1069206266798624,"{""cm"":[563313.1,565203.2,574503.8,611075.9,599585.2],""cse"":[665779.1,625396.7,673929.6,677749.8,701841.2],""cnf"":[2077972.1,2594512.4,2039299.8,2107933.8,2091302.8],""robdd_enumerate"":[241015.0,194912.0,184911.0,175210.0,169909.0]}",256,True,26302.0,629037.0,2718260.0,1818907.0,0.009676042762649635,0.014460332496383817,"{""packed"":[26502.0,26002.0,27301.0,26302.0,25501.0],""scalar_cnf"":[629037.0,824748.0,574334.0,580334.0,654039.0],""robdd"":[2718260.0,2618354.0,2432943.0,2878669.0,2799464.0],""cadical"":[1747702.0,1818907.0,2174528.0,1754903.0,1900412.0]}",1200,44503,,,True,32498009,1329043,8514101,1331659,2461545,52796,5280610,41429,32267,12614441,6705193,True,2463,45431768,7259326,True,936,34007097,35524887,True,"{""dropped_satisfied_clauses"":1332,""payload_sha256"":""c7ae642f48d4c338bccfc05bae647486bb2f6725593811b90c373b4711f7f2d5"",""removed_fixed_false_literals"":682,""residual_clauses"":210,""residual_literals"":794,""slice_feature_names"":[""CONFIG_ARM"",""CONFIG_PF_PC"",""CONFIG_MIPS"",""CONFIG_PF_IMX_8M"",""CONFIG_PF_IMX_8X"",""CONFIG_ARM_GIC"",""CONFIG_ARM_CORTEX_A15"",""CONFIG_ARM_CORTEX_A7"",""CONFIG_HAS_CPU_VIRT"",""CONFIG_ARM_CORTEX_A53"",""CONFIG_ARM_CORTEX_A57"",""CONFIG_ARM_CORTEX_A35"",""CONFIG_ARM_CORTEX_A72"",""CONFIG_PF_EXYNOS"",""CONFIG_PF_REALVIEW"",""CONFIG_PF_ARM_VIRT""],""slice_variables"":[4,74,38,35,76,41,75,78,73,31,77,70,102,92,49,63],""source_clauses"":1542}"
real|Fiasco@2020-12-01_14-09-14|hash|k16,real,Fiasco@2020-12-01_14-09-14,Fiasco,hash,16,33,16,40,0.5151515151515151,4,6.103515625e-05,d67296c1ae1c266e04183054dfb2957d1bc5618377669cfbdfc68976d4efd4ec,True,93805,978057,292118,dd.cudd,cudd,2740561,139208,20,3037179,99206,17,20266891,"[{""sweep"":0,""seed"":1666088265,""nodes"":17,""setup_ns"":3037179,""build_ns"":99206,""order"":[""x9"",""x2"",""x6"",""x11"",""x4"",""x15"",""x3"",""x8"",""x10"",""x14"",""x1"",""x5"",""x13"",""x12"",""x0"",""x7""]},{""sweep"":1,""seed"":1666088266,""nodes"":21,""setup_ns"":2726761,""build_ns"":130007,""order"":[""x8"",""x3"",""x12"",""x10"",""x15"",""x14"",""x9"",""x13"",""x2"",""x5"",""x7"",""x4"",""x0"",""x11"",""x1"",""x6""]},{""sweep"":2,""seed"":1666088267,""nodes"":27,""setup_ns"":2715560,""build_ns"":86605,""order"":[""x8"",""x10"",""x2"",""x7"",""x9"",""x13"",""x11"",""x4"",""x14"",""x15"",""x1"",""x3"",""x0"",""x5"",""x6"",""x12""]},{""sweep"":3,""seed"":1666088268,""nodes"":18,""setup_ns"":2663957,""build_ns"":82105,""order"":[""x4"",""x15"",""x12"",""x0"",""x3"",""x14"",""x7"",""x13"",""x1"",""x8"",""x2"",""x10"",""x6"",""x11"",""x5"",""x9""]},{""sweep"":4,""seed"":1666088269,""nodes"":22,""setup_ns"":8043172,""build_ns"":105007,""order"":[""x0"",""x6"",""x1"",""x5"",""x9"",""x11"",""x4"",""x3"",""x2"",""x15"",""x7"",""x13"",""x10"",""x8"",""x14"",""x12""]}]",20,19,35,50,47802.8,63163.7,173280.2,106506.0,,0.2758699493652477,0.7568081033884969,0.4488272961147729,"{""cm"":[46122.7,46882.7,47982.8,49442.9,47802.8],""cse"":[61373.6,61563.6,63163.7,64593.8,64953.8],""cnf"":[168590.0,165569.7,173280.2,180200.6,191631.3],""robdd_enumerate"":[76904.0,147709.0,106506.0,144509.0,99806.0]}",256,True,29901.0,403223.0,2726361.0,1803705.0,0.010967366390584373,0.016577544554126092,"{""packed"":[29901.0,29802.0,31702.0,45603.0,29102.0],""scalar_cnf"":[397823.0,403223.0,478128.0,418925.0,397724.0],""robdd"":[2732160.0,2726361.0,2682958.0,2901370.0,2641555.0],""cadical"":[1803705.0,1778104.0,1818807.0,1719301.0,1824507.0]}",1801,40102,,,True,2834166,184575,961256,165007,442126,52760,4224948,41429,18635,10614424,5756138,True,197,72205941,6647690,True,1085,38221945,34929152,True,"{""dropped_satisfied_clauses"":1509,""payload_sha256"":""c7ae642f48d4c338bccfc05bae647486bb2f6725593811b90c373b4711f7f2d5"",""removed_fixed_false_literals"":1055,""residual_clauses"":33,""residual_literals"":40,""slice_feature_names"":[""CONFIG_IA32_PCID"",""CONFIG_ARM_V8"",""CONFIG_DISABLE_VIRT_OBJ_SPACE"",""CONFIG_SCHED_RTC"",""CONFIG_PF_PC"",""CONFIG_ARM_EM_TZ"",""CONFIG_VIRT_OBJ_SPACE"",""CONFIG_PERF_CNT"",""CONFIG_PF_IMX_7"",""CONFIG_ARM_PXA"",""CONFIG_UX_NET"",""CONFIG_JDB_GZIP"",""CONFIG_CAN_ARM_CPU_CORTEX_A53"",""CONFIG_CAN_ARM_CPU_CORTEX_A9"",""CONFIG_GSTABS"",""CONFIG_ARM_PSCI_HVC""],""slice_variables"":[193,134,87,25,74,128,132,72,91,71,224,176,200,190,210,133],""source_clauses"":1542}"
real|Linux@2013-11-06T06_39_45+01_00|incidence|k8,real,Linux@2013-11-06T06_39_45+01_00,Linux,incidence,8,30779,105,41329,0.9965885831248579,1,0.00390625,715623d0a82109017f74e8de00bf5b700bc6c161ca403cdeb9a09b659268b779,True,57124656,365910594,140429449,dd.cudd,cudd,2773263,33723181,9,2659656,33090244,9,184378831,"[{""sweep"":0,""seed"":1890015946,""nodes"":9,""setup_ns"":2950574,""build_ns"":33778984,""order"":[""x3"",""x7"",""x6"",""x1"",""x5"",""x2"",""x0"",""x4""]},{""sweep"":1,""seed"":1890015947,""nodes"":9,""setup_ns"":2792864,""build_ns"":34471725,""order"":[""x5"",""x2"",""x1"",""x3"",""x6"",""x7"",""x4"",""x0""]},{""sweep"":2,""seed"":1890015948,""nodes"":9,""setup_ns"":2833467,""build_ns"":34276214,""order"":[""x1"",""x5"",""x0"",""x6"",""x2"",""x4"",""x7"",""x3""]},{""sweep"":3,""seed"":1890015949,""nodes"":9,""setup_ns"":2702559,""build_ns"":34091103,""order"":[""x1"",""x4"",""x5"",""x3"",""x6"",""x7"",""x0"",""x2""]},{""sweep"":4,""seed"":1890015950,""nodes"":9,""setup_ns"":2659656,""build_ns"":33090244,""order"":[""x6"",""x5"",""x0"",""x3"",""x7"",""x2"",""x1"",""x4""]}]",1295,1679,2610,11298,2214838.865,8283834.1,7247357.085,152610.0,1623305.0,0.3056064216270089,0.267368809933072,14.513065100583187,"{""cm"":[2214838.865,2240861.1,2480008.585,2201936.37,2211669.525],""cse"":[9859503.91,8193648.05,8323717.47,8283834.1,8194295.81],""cnf"":[7337533.035,7817749.705,7240844.73,7247357.085,7221777.93],""robdd_enumerate"":[165210.0,133309.0,152610.0,145809.0,173911.0],""robdd_naive"":[1549291.0,1646606.0,1623305.0,1581902.0,2355152.0]}",256,True,30402.0,16523155.0,1616594.0,1360579.0,0.018806206134626257,0.02234489875266339,"{""packed"":[28802.0,30402.0,30401.0,31202.0,36702.0],""scalar_cnf"":[16139033.0,16523155.0,16769570.0,16777970.0,16443050.0],""robdd"":[1598992.0,1439083.0,1616594.0,1631594.0,1742300.0],""cadical"":[1293575.0,1384080.0,1360579.0,1406582.0,1308675.0]}",800,40603,13686791,1,True,822932175,9958308,343996987,13265556,23469556,540,100436306,40951,112158,18682180,7486133,True,145956,14913062,47358738,True,478,42337348,28847167,True,"{""dropped_satisfied_clauses"":446926,""payload_sha256"":""33f5594567bf95737647ab2585382d1ad5ae4c029dfae08e0cf72edb2643d898"",""removed_fixed_false_literals"":300269,""residual_clauses"":30779,""residual_literals"":41329,""slice_feature_names"":[""MODULES"",""I2C"",""MEDIA_SUPPORT"",""PCI"",""SND"",""SOUND"",""USB"",""I2C_MODULE""],""slice_variables"":[7,99,415,400,25,27,48,102],""source_clauses"":477705}"
real|Linux@2013-11-06T06_39_45+01_00|hash|k8,real,Linux@2013-11-06T06_39_45+01_00,Linux,hash,8,19,6,19,0.6842105263157895,4,0.015625,b36305de3c8cd3540b05c7926fd5644e1f6a489ebd1498c9429fa94df57cb03c,True,72905,690740,348520,dd.cudd,cudd,2712156,60104,7,2637552,45203,7,24027989,"[{""sweep"":0,""seed"":40138395,""nodes"":7,""setup_ns"":2659554,""build_ns"":53003,""order"":[""x4"",""x7"",""x6"",""x0"",""x2"",""x1"",""x5"",""x3""]},{""sweep"":1,""seed"":40138396,""nodes"":7,""setup_ns"":2708557,""build_ns"":46403,""order"":[""x7"",""x2"",""x5"",""x1"",""x6"",""x0"",""x4"",""x3""]},{""sweep"":2,""seed"":40138397,""nodes"":7,""setup_ns"":2637552,""build_ns"":45203,""order"":[""x3"",""x7"",""x4"",""x5"",""x1"",""x6"",""x0"",""x2""]},{""sweep"":3,""seed"":40138398,""nodes"":7,""setup_ns"":7758249,""build_ns"":91405,""order"":[""x6"",""x2"",""x1"",""x3"",""x5"",""x7"",""x4"",""x0""]},{""sweep"":4,""seed"":40138399,""nodes"":7,""setup_ns"":7411429,""build_ns"":58603,""order"":[""x1"",""x3"",""x5"",""x6"",""x0"",""x4"",""x2"",""x7""]}]",5,6,9,21,7822.95,15628.4,4138.235,98106.0,1362879.0,1.8904073838242634,0.5005598781705101,0.07973977126781237,"{""cm"":[7725.45,7812.455,7822.95,8384.485,8277.975],""cse"":[15097.37,15628.4,15614.405,16503.955,16506.455],""cnf"":[3946.23,4042.235,4366.25,4401.255,4138.235],""robdd_enumerate"":[38303.0,110507.0,109507.0,98106.0,75605.0],""robdd_naive"":[1168067.0,1313576.0,1513887.0,1396381.0,1362879.0]}",256,True,27802.0,492528.0,1380679.0,1384280.0,0.020136469085138543,0.020084087034415003,"{""packed"":[29102.0,26801.0,28602.0,27201.0,27802.0],""scalar_cnf"":[492528.0,478128.0,498628.0,584733.0,490528.0],""robdd"":[1537589.0,1379280.0,1380679.0,1508887.0,1318876.0],""cadical"":[1409082.0,1305276.0,1384280.0,1310776.0,1385180.0]}",1200,37502,188211,4,True,1190269,21762,590535,20118,46503,480,3083378,40951,815,9679460,6138555,True,97,44994201,5536520,True,386,37240553,26752447,True,"{""dropped_satisfied_clauses"":477686,""payload_sha256"":""33f5594567bf95737647ab2585382d1ad5ae4c029dfae08e0cf72edb2643d898"",""removed_fixed_false_literals"":270980,""residual_clauses"":19,""residual_literals"":19,""slice_feature_names"":[""ET131X"",""CRYPTO_DEV_PPC4XX"",""PINCTRL_TEGRA30"",""VIDEO_SAA7185"",""PATA_HPT366"",""SHMEM"",""CRYPTO_CAMELLIA_AESNI_AVX_X86_64_MODULE"",""BFIN_RX_DESC_NUM=800""],""slice_variables"":[43236,21125,14265,31342,25921,5879,5148,33610],""source_clauses"":477705}"
real|Linux@2013-11-06T06_39_45+01_00|incidence|k12,real,Linux@2013-11-06T06_39_45+01_00,Linux,incidence,12,41646,161,63554,0.9961340825049224,1,0.000244140625,6c6d56406601628a0f57d378ef080c31f0c7f2339f6c8b8a26b12c09835ddc34,True,101373660,694095727,233583804,dd.cudd,cudd,3377695,59945366,13,7990362,58015054,13,318008084,"[{""sweep"":0,""seed"":1718180182,""nodes"":13,""setup_ns"":2878167,""build_ns"":59564743,""order"":[""x4"",""x3"",""x9"",""x10"",""x2"",""x0"",""x8"",""x11"",""x6"",""x1"",""x5"",""x7""]},{""sweep"":1,""seed"":1718180183,""nodes"":13,""setup_ns"":2603451,""build_ns"":62399507,""order"":[""x11"",""x5"",""x8"",""x6"",""x10"",""x9"",""x1"",""x7"",""x3"",""x0"",""x2"",""x4""]},{""sweep"":2,""seed"":1718180184,""nodes"":13,""setup_ns"":2597450,""build_ns"":58941707,""order"":[""x3"",""x1"",""x0"",""x4"",""x10"",""x11"",""x5"",""x2"",""x6"",""x9"",""x8"",""x7""]},{""sweep"":3,""seed"":1718180185,""nodes"":13,""setup_ns"":2697956,""build_ns"":59610847,""order"":[""x9"",""x2"",""x11"",""x4"",""x5"",""x3"",""x8"",""x7"",""x6"",""x10"",""x1"",""x0""]},{""sweep"":4,""seed"":1718180186,""nodes"":13,""setup_ns"":7990362,""build_ns"":58015054,""order"":[""x8"",""x4"",""x1"",""x9"",""x5"",""x3"",""x6"",""x7"",""x10"",""x0"",""x11"",""x2""]}]",2150,2351,4310,18342,4238509.52,15320725.7,16925646.34,180111.0,31146122.0,0.2504193597607688,0.2766520074176382,23.532763240446165,"{""cm"":[4510084.72,4171671.16,4042955.46,5055323.92,4238509.52],""cse"":[15320725.7,14430584.24,15149241.02,15477879.0,17228723.04],""cnf"":[16990874.28,16806007.58,16702462.56,16925646.34,18091016.24],""robdd_enumerate"":[184311.0,167810.0,180111.0,180112.0,169811.0],""robdd_naive"":[32106457.0,31063696.0,31146122.0,30218764.0,33209949.0]}",256,True,64204.0,2121430.0,2404048.0,1816112.0,0.02670662149840602,0.035352445223642594,"{""packed"":[88106.0,116807.0,64204.0,59704.0,53504.0],""scalar_cnf"":[3121593.0,3328605.0,2114631.0,2121430.0,2071128.0],""robdd"":[3785733.0,3112292.0,2164533.0,2339444.0,2404048.0],""cadical"":[1999423.0,2156233.0,1816112.0,1520094.0,1435788.0]}",1900,39902,19509704,1,True,1766580900,17256662,732465940,19119366,58021015,3644,188397863,41221,188821,29607527,8470922,True,223402,75757674,41774978,True,705,30686593,30946410,True,"{""dropped_satisfied_clauses"":436059,""payload_sha256"":""33f5594567bf95737647ab2585382d1ad5ae4c029dfae08e0cf72edb2643d898"",""removed_fixed_false_literals"":302031,""residual_clauses"":41646,""residual_literals"":63554,""slice_feature_names"":[""MODULES"",""I2C"",""MEDIA_SUPPORT"",""PCI"",""SND"",""SOUND"",""USB"",""I2C_MODULE"",""MEDIA_SUPPORT_MODULE"",""NET"",""MEDIA_DIGITAL_TV_SUPPORT"",""MEDIA_USB_SUPPORT""],""slice_variables"":[7,99,415,400,25,27,48,102,413,67,545,532],""source_clauses"":477705}"
real|Linux@2013-11-06T06_39_45+01_00|hash|k12,real,Linux@2013-11-06T06_39_45+01_00,Linux,hash,12,25,10,25,0.6,4,0.0009765625,98d80acf15658b12d25911ee3cbeeb6116696315214e22d42e19c2788246166d,True,99006,808052,516433,dd.cudd,cudd,3176403,76805,11,2983491,68605,11,21065449,"[{""sweep"":0,""seed"":1558286956,""nodes"":11,""setup_ns"":2983491,""build_ns"":68605,""order"":[""x3"",""x4"",""x7"",""x6"",""x2"",""x5"",""x8"",""x11"",""x9"",""x10"",""x1"",""x0""]},{""sweep"":1,""seed"":1558286957,""nodes"":11,""setup_ns"":2900686,""build_ns"":101206,""order"":[""x3"",""x4"",""x1"",""x8"",""x11"",""x9"",""x0"",""x7"",""x6"",""x10"",""x5"",""x2""]},{""sweep"":2,""seed"":1558286958,""nodes"":11,""setup_ns"":2868884,""build_ns"":81705,""order"":[""x1"",""x9"",""x3"",""x11"",""x8"",""x10"",""x4"",""x6"",""x7"",""x0"",""x2"",""x5""]},{""sweep"":3,""seed"":1558286959,""nodes"":11,""setup_ns"":3222206,""build_ns"":80706,""order"":[""x9"",""x8"",""x0"",""x7"",""x11"",""x5"",""x6"",""x3"",""x4"",""x2"",""x10"",""x1""]},{""sweep"":4,""seed"":1558286960,""nodes"":11,""setup_ns"":8075017,""build_ns"":94106,""order"":[""x8"",""x11"",""x9"",""x7"",""x4"",""x1"",""x0"",""x3"",""x10"",""x2"",""x5"",""x6""]}]",9,11,17,30,16889.08,37302.4,16741.08,173112.0,35150351.0,1.0088405288069826,0.452761216436476,0.0975615786311752,"{""cm"":[24401.56,16643.06,16889.08,16665.08,18461.18],""cse"":[37302.4,43064.76,28913.84,43582.78,30139.94],""cnf"":[16741.08,18793.2,12918.84,21991.42,13222.84],""robdd_enumerate"":[263717.0,178012.0,164510.0,173112.0,151910.0],""robdd_naive"":[44757065.0,35150351.0,33369236.0,34662119.0,51070570.0]}",256,True,26102.0,442128.0,2805180.0,1848419.0,0.009304928738975753,0.014121257139209238,"{""packed"":[43503.0,85106.0,24601.0,24102.0,26102.0],""scalar_cnf"":[700345.0,634941.0,410126.0,417126.0,442128.0],""robdd"":[3216606.0,3916550.0,2805180.0,2291247.0,2444157.0],""cadical"":[2284546.0,2975690.0,1474695.0,1362287.0,1848419.0]}",1300,39402,191212,4,True,2044731,29968,978762,27252,102107,3072,4103163,41221,2250,10864295,6915943,True,133,45751330,5805872,True,612,34843031,34766026,True,"{""dropped_satisfied_clauses"":477680,""payload_sha256"":""33f5594567bf95737647ab2585382d1ad5ae4c029dfae08e0cf72edb2643d898"",""removed_fixed_false_literals"":270980,""residual_clauses"":25,""residual_literals"":25,""slice_feature_names"":[""ET131X"",""CRYPTO_DEV_PPC4XX"",""PINCTRL_TEGRA30"",""VIDEO_SAA7185"",""PATA_HPT366"",""SHMEM"",""CRYPTO_CAMELLIA_AESNI_AVX_X86_64_MODULE"",""BFIN_RX_DESC_NUM=800"",""LCD_LD9040_MODULE"",""AD5449_MODULE"",""BINFMT_SOM_MODULE"",""GPIO_CLPS711X_MODULE""],""slice_variables"":[43236,21125,14265,31342,25921,5879,5148,33610,6497,41257,33515,9762],""source_clauses"":477705}"
real|Linux@2013-11-06T06_39_45+01_00|incidence|k16,real,Linux@2013-11-06T06_39_45+01_00,Linux,incidence,16,47936,318,76225,0.9933661548731643,1,1.52587890625e-05,68efd0e9f8b9acc9239048ee2d29299b657b8ff908f0f259cb235c33b19f5ca6,True,152150142,966580588,327190350,dd.cudd,cudd,3389017,85923101,17,2934388,69760467,17,390584208,"[{""sweep"":0,""seed"":619862121,""nodes"":17,""setup_ns"":2934388,""build_ns"":69760467,""order"":[""x8"",""x0"",""x7"",""x2"",""x4"",""x3"",""x14"",""x11"",""x6"",""x10"",""x13"",""x15"",""x9"",""x1"",""x12"",""x5""]},{""sweep"":1,""seed"":619862122,""nodes"":17,""setup_ns"":2815980,""build_ns"":71191159,""order"":[""x10"",""x6"",""x9"",""x0"",""x4"",""x3"",""x7"",""x1"",""x15"",""x14"",""x13"",""x12"",""x2"",""x8"",""x5"",""x11""]},{""sweep"":2,""seed"":619862123,""nodes"":17,""setup_ns"":2778878,""build_ns"":75747850,""order"":[""x3"",""x5"",""x4"",""x6"",""x13"",""x8"",""x7"",""x9"",""x1"",""x0"",""x2"",""x12"",""x15"",""x14"",""x11"",""x10""]},{""sweep"":3,""seed"":619862124,""nodes"":17,""setup_ns"":3017594,""build_ns"":77928289,""order"":[""x9"",""x8"",""x13"",""x6"",""x10"",""x11"",""x5"",""x14"",""x15"",""x12"",""x0"",""x3"",""x7"",""x4"",""x2"",""x1""]},{""sweep"":4,""seed"":619862125,""nodes"":17,""setup_ns"":8057816,""build_ns"":75576939,""order"":[""x7"",""x9"",""x4"",""x1"",""x8"",""x14"",""x5"",""x2"",""x10"",""x3"",""x13"",""x11"",""x12"",""x0"",""x15"",""x6""]}]",2779,3003,5584,22511,12173219.4,34450606.6,126720973.3,205313.0,,0.09606317788596089,0.3533528318192226,59.29103076765719,"{""cm"":[12173219.4,13204275.4,12054145.6,12424799.4,12094018.1],""cse"":[37356291.8,33965184.7,34869833.5,34450606.6,34003067.7],""cnf"":[126166228.2,127131630.0,126673121.6,127246547.1,126720973.3],""robdd_enumerate"":[175112.0,218614.0,239716.0,152710.0,205313.0]}",256,True,250916.0,1706110.0,2826182.0,1663007.0,0.08878267570878308,0.15088090428963918,"{""packed"":[264417.0,291918.0,191912.0,217314.0,250916.0],""scalar_cnf"":[1681708.0,1672407.0,1706110.0,1717310.0,1735911.0],""robdd"":[2826182.0,2678673.0,3082398.0,2718175.0,2896787.0],""cadical"":[1674008.0,1663007.0,1650507.0,1650306.0,1681608.0]}",4901,43903,,,True,1991049105,25865654,676920253,28049102,178505886,52796,220516088,41429,260265,30261447,10129552,True,272092,50766767,38657687,True,937,30659772,31017696,True,"{""dropped_satisfied_clauses"":429769,""payload_sha256"":""33f5594567bf95737647ab2585382d1ad5ae4c029dfae08e0cf72edb2643d898"",""removed_fixed_false_literals"":296950,""residual_clauses"":47936,""residual_literals"":76225,""slice_feature_names"":[""MODULES"",""I2C"",""MEDIA_SUPPORT"",""PCI"",""SND"",""SOUND"",""USB"",""I2C_MODULE"",""MEDIA_SUPPORT_MODULE"",""NET"",""MEDIA_DIGITAL_TV_SUPPORT"",""MEDIA_USB_SUPPORT"",""HAS_IOMEM"",""SND_MODULE"",""SOUND_MODULE"",""INPUT""],""slice_variables"":[7,99,415,400,25,27,48,102,413,67,545,532,5,28,26,442],""source_clauses"":477705}"
real|Linux@2013-11-06T06_39_45+01_00|hash|k16,real,Linux@2013-11-06T06_39_45+01_00,Linux,hash,16,33,13,33,0.6060606060606061,8,0.0001220703125,d9d7100d3b23fe9fe0b9804838fe908ce85172d771499109c2927d2a24cda3c3,True,104506,1010664,641741,dd.cudd,cudd,3055394,118107,14,2946987,91406,14,24722371,"[{""sweep"":0,""seed"":1580778531,""nodes"":14,""setup_ns"":2946987,""build_ns"":91406,""order"":[""x12"",""x8"",""x6"",""x0"",""x10"",""x14"",""x4"",""x2"",""x9"",""x13"",""x3"",""x15"",""x5"",""x1"",""x7"",""x11""]},{""sweep"":1,""seed"":1580778532,""nodes"":14,""setup_ns"":3201803,""build_ns"":127108,""order"":[""x9"",""x1"",""x0"",""x15"",""x6"",""x7"",""x8"",""x11"",""x14"",""x4"",""x13"",""x12"",""x5"",""x2"",""x3"",""x10""]},{""sweep"":2,""seed"":1580778533,""nodes"":14,""setup_ns"":3476621,""build_ns"":100607,""order"":[""x2"",""x9"",""x11"",""x12"",""x7"",""x13"",""x1"",""x5"",""x15"",""x14"",""x4"",""x3"",""x6"",""x8"",""x0"",""x10""]},{""sweep"":3,""seed"":1580778534,""nodes"":14,""setup_ns"":3919349,""build_ns"":120708,""order"":[""x1"",""x5"",""x11"",""x4"",""x7"",""x0"",""x6"",""x13"",""x2"",""x12"",""x8"",""x15"",""x14"",""x3"",""x9"",""x10""]},{""sweep"":4,""seed"":1580778535,""nodes"":14,""setup_ns"":9904430,""build_ns"":112507,""order"":[""x3"",""x7"",""x9"",""x1"",""x15"",""x8"",""x4"",""x5"",""x6"",""x12"",""x10"",""x11"",""x14"",""x2"",""x0"",""x13""]}]",11,14,22,39,39032.5,50953.3,137318.8,162010.0,,0.2842473135506573,0.7660445937750842,0.24092648601938152,"{""cm"":[50513.2,50503.2,31092.0,39032.5,35762.3],""cse"":[76104.8,50073.2,50953.3,48163.1,65924.2],""cnf"":[160960.3,164180.5,129678.2,125538.0,137318.8],""robdd_enumerate"":[175011.0,162010.0,108407.0,255916.0,147309.0]}",256,True,267917.0,432428.0,2819080.0,1822415.0,0.09503703335840061,0.1470120691500015,"{""packed"":[303420.0,250116.0,252116.0,304820.0,267917.0],""scalar_cnf"":[434527.0,450028.0,429627.0,411226.0,432428.0],""robdd"":[2957388.0,2819080.0,2643769.0,2921186.0,2790677.0],""cadical"":[1980426.0,1727010.0,1822415.0,1845117.0,1783814.0]}",6000,40203,,,True,2457257,131513,976462,150409,318721,44032,3153000,41429,17908,10722982,6159691,True,176,11960360,6428408,True,798,35335246,32234549,True,"{""dropped_satisfied_clauses"":477672,""payload_sha256"":""33f5594567bf95737647ab2585382d1ad5ae4c029dfae08e0cf72edb2643d898"",""removed_fixed_false_literals"":270977,""residual_clauses"":33,""residual_literals"":33,""slice_feature_names"":[""ET131X"",""CRYPTO_DEV_PPC4XX"",""PINCTRL_TEGRA30"",""VIDEO_SAA7185"",""PATA_HPT366"",""SHMEM"",""CRYPTO_CAMELLIA_AESNI_AVX_X86_64_MODULE"",""BFIN_RX_DESC_NUM=800"",""LCD_LD9040_MODULE"",""AD5449_MODULE"",""BINFMT_SOM_MODULE"",""GPIO_CLPS711X_MODULE"",""RTC_DRV_TWL4030_MODULE"",""EHEA_MODULE"",""ALX"",""GPIO_SYSFS""],""slice_variables"":[43236,21125,14265,31342,25921,5879,5148,33610,6497,41257,33515,9762,8188,35773,9528,24223],""source_clauses"":477705}"
real|Linux@2013-12-11T15_52_34+01_00|incidence|k8,real,Linux@2013-12-11T15_52_34+01_00,Linux,incidence,8,17295,95,24159,0.9945070829719572,1,0.00390625,715623d0a82109017f74e8de00bf5b700bc6c161ca403cdeb9a09b659268b779,True,35135534,225595143,74559340,dd.cudd,cudd,2785077,21620675,9,2711073,21304154,9,123309439,"[{""sweep"":0,""seed"":449939898,""nodes"":9,""setup_ns"":2747175,""build_ns"":22425725,""order"":[""x4"",""x3"",""x2"",""x6"",""x1"",""x5"",""x0"",""x7""]},{""sweep"":1,""seed"":449939899,""nodes"":9,""setup_ns"":2810479,""build_ns"":21533569,""order"":[""x4"",""x3"",""x6"",""x5"",""x7"",""x0"",""x2"",""x1""]},{""sweep"":2,""seed"":449939900,""nodes"":9,""setup_ns"":2711073,""build_ns"":21304154,""order"":[""x7"",""x4"",""x1"",""x6"",""x2"",""x0"",""x5"",""x3""]},{""sweep"":3,""seed"":449939901,""nodes"":9,""setup_ns"":2776677,""build_ns"":21845788,""order"":[""x2"",""x1"",""x4"",""x6"",""x7"",""x0"",""x5"",""x3""]},{""sweep"":4,""seed"":449939902,""nodes"":9,""setup_ns"":2997290,""build_ns"":21440063,""order"":[""x0"",""x5"",""x1"",""x2"",""x7"",""x6"",""x4"",""x3""]}]",774,1043,1558,6529,1379303.69,4635689.71,4205000.7,144110.0,1530597.0,0.328015091650282,0.297540123754314,9.571186524182915,"{""cm"":[1379303.69,1516920.94,1365134.29,1320217.865,1447732.01],""cse"":[4751401.57,4814994.11,4635689.71,4507360.065,4600730.99],""cnf"":[4129561.535,4234768.72,4206729.94,4205000.7,3979708.805],""robdd_enumerate"":[50104.0,142909.0,149010.0,144310.0,144110.0],""robdd_naive"":[1295282.0,1516796.0,1667106.0,1567000.0,1530597.0]}",256,True,30902.0,9884832.0,1543698.0,1369987.0,0.020018164174598917,0.022556418418568935,"{""packed"":[31702.0,32502.0,30902.0,30102.0,30502.0],""scalar_cnf"":[9884832.0,10031241.0,9852629.0,9956337.0,9875831.0],""robdd"":[1527398.0,1543698.0,1570401.0,1399089.0,1543698.0],""cadical"":[1333985.0,1453293.0,1369987.0,1349086.0,1381788.0]}",1000,46303,8439739,1,True,464642091,6297864,195226475,9195380,13675374,540,92167990,40951,66587,16470552,7020749,True,84472,81836629,16667665,True,478,36595238,28116497,True,"{""dropped_satisfied_clauses"":459979,""payload_sha256"":""b4f971620c86d7d78566f32fb44a7e0d54f299fe5091783669722157b173bdec"",""removed_fixed_false_literals"":300708,""residual_clauses"":17295,""residual_literals"":24159,""slice_feature_names"":[""MODULES"",""I2C"",""MEDIA_SUPPORT"",""PCI"",""SND"",""SOUND"",""USB"",""I2C_MODULE""],""slice_variables"":[12,164,88,42,182,184,83,167],""source_clauses"":477274}"
real|Linux@2013-12-11T15_52_34+01_00|hash|k8,real,Linux@2013-12-11T15_52_34+01_00,Linux,hash,8,10,4,10,0.6,16,0.0625,52640ae443c67cd3aff6579462985616bb098d9c9c6b8c3ec6852d80fc0571dd,True,79705,357623,169011,dd.cudd,cudd,4187567,84405,5,5840873,68005,5,33355731,"[{""sweep"":0,""seed"":535997127,""nodes"":5,""setup_ns"":4493388,""build_ns"":76205,""order"":[""x6"",""x1"",""x5"",""x3"",""x0"",""x4"",""x7"",""x2""]},{""sweep"":1,""seed"":535997128,""nodes"":5,""setup_ns"":5840873,""build_ns"":68005,""order"":[""x4"",""x5"",""x7"",""x2"",""x0"",""x6"",""x1"",""x3""]},{""sweep"":2,""seed"":535997129,""nodes"":5,""setup_ns"":3665334,""build_ns"":77905,""order"":[""x6"",""x3"",""x1"",""x5"",""x7"",""x2"",""x4"",""x0""]},{""sweep"":3,""seed"":535997130,""nodes"":5,""setup_ns"":4457185,""build_ns"":70705,""order"":[""x3"",""x1"",""x2"",""x5"",""x0"",""x6"",""x7"",""x4""]},{""sweep"":4,""seed"":535997131,""nodes"":5,""setup_ns"":13244146,""build_ns"":80606,""order"":[""x6"",""x1"",""x2"",""x5"",""x3"",""x4"",""x7"",""x0""]}]",3,4,5,10,12787.82,20751.83,4554.29,293619.0,3193304.0,2.807862476917368,0.6162261352372296,0.04355242678437022,"{""cm"":[14668.935,9214.085,14540.93,12787.82,11727.25],""cse"":[20751.83,19001.71,17218.1,25888.655,21109.35],""cnf"":[5228.835,4554.29,4308.775,5232.835,4313.775],""robdd_enumerate"":[306019.0,280818.0,244516.0,357623.0,293619.0],""robdd_naive"":[4092261.0,4555891.0,2746476.0,2822781.0,3193304.0]}",256,True,68104.0,1421090.0,3318812.0,3287110.0,0.020520595924083677,0.02071850348786624,"{""packed"":[64004.0,38102.0,84305.0,68104.0,69304.0],""scalar_cnf"":[1801615.0,1628604.0,1381389.0,1247680.0,1421090.0],""robdd"":[5191132.0,3033194.0,2798178.0,3318812.0,3398417.0],""cadical"":[4998520.0,1953025.0,2893885.0,3287110.0,3372216.0]}",1400,41303,366923,16,True,815952,14132,531234,11520,36403,472,3215606,40951,584,13948492,9316295,True,58,11766852,13335452,True,294,55128923,33286127,True,"{""dropped_satisfied_clauses"":477264,""payload_sha256"":""b4f971620c86d7d78566f32fb44a7e0d54f299fe5091783669722157b173bdec"",""removed_fixed_false_literals"":261448,""residual_clauses"":10,""residual_literals"":10,""slice_feature_names"":[""BATTERY_TWL4030_MADC"",""LATTICE_ECP3_CONFIG"",""DEBUG_RT_MUTEXES"",""BLK_DEV_SX8_MODULE"",""WCN36XX"",""NLS_CODEPAGE_775"",""SND_BF5XX_AC97"",""LEDS_ATMEL_PWM""],""slice_variables"":[15277,33411,22159,3277,41256,19257,4465,1633],""source_clauses"":477274}"
real|Linux@2013-12-11T15_52_34+01_00|incidence|k12,real,Linux@2013-12-11T15_52_34+01_00,Linux,incidence,12,22647,198,32839,0.991257120148364,1,0.000244140625,9042e3a2837f077f39e31d64ce52bc8d30d65a461840139c2e09f33dec659e6b,True,39066796,322121583,118451370,dd.cudd,cudd,2806379,32422472,13,2968789,29906011,13,166969669,"[{""sweep"":0,""seed"":1090482583,""nodes"":13,""setup_ns"":3069096,""build_ns"":30245533,""order"":[""x0"",""x5"",""x4"",""x9"",""x8"",""x2"",""x11"",""x3"",""x1"",""x10"",""x7"",""x6""]},{""sweep"":1,""seed"":1090482584,""nodes"":13,""setup_ns"":2936088,""build_ns"":30314737,""order"":[""x10"",""x3"",""x11"",""x7"",""x1"",""x2"",""x9"",""x5"",""x8"",""x6"",""x0"",""x4""]},{""sweep"":2,""seed"":1090482585,""nodes"":13,""setup_ns"":2801779,""build_ns"":30563253,""order"":[""x1"",""x7"",""x10"",""x8"",""x4"",""x5"",""x6"",""x9"",""x11"",""x3"",""x0"",""x2""]},{""sweep"":3,""seed"":1090482586,""nodes"":13,""setup_ns"":2968789,""build_ns"":29906011,""order"":[""x3"",""x8"",""x0"",""x7"",""x11"",""x10"",""x5"",""x4"",""x2"",""x6"",""x9"",""x1""]},{""sweep"":4,""seed"":1090482587,""nodes"":13,""setup_ns"":2993592,""build_ns"":30436745,""order"":[""x5"",""x3"",""x11"",""x4"",""x9"",""x8"",""x6"",""x10"",""x7"",""x2"",""x0"",""x1""]}]",1215,1555,2436,9509,2214233.1,7772754.36,9025177.32,166011.0,31715150.0,0.24533956746680297,0.2848711019860404,13.337869779713394,"{""cm"":[2709363.14,2193420.16,2221602.12,2175768.62,2214233.1],""cse"":[7483392.18,7634859.86,7772754.36,7831798.18,8102439.66],""cnf"":[8851469.6,9051290.38,8757165.6,9541586.68,9025177.32],""robdd_enumerate"":[175711.0,181111.0,166011.0,144809.0,164010.0],""robdd_naive"":[31131689.0,35636077.0,31010481.0,32116276.0,31715150.0]}",256,True,40003.0,1005065.0,2087035.0,1504397.0,0.019167383393186986,0.026590720401596123,"{""packed"":[43903.0,37402.0,40003.0,52304.0,39903.0],""scalar_cnf"":[1071970.0,1450394.0,957562.0,1005065.0,990464.0],""robdd"":[2002229.0,1920925.0,2247545.0,2087035.0,2106536.0],""cadical"":[1504397.0,1577102.0,1516298.0,1475395.0,1475295.0]}",1201,40702,11304631,1,True,693348011,8623386,277940764,11082422,22150131,3644,86790309,41221,106114,18538198,7428680,True,118494,46942334,47092344,True,705,28456240,29874230,True,"{""dropped_satisfied_clauses"":454627,""payload_sha256"":""b4f971620c86d7d78566f32fb44a7e0d54f299fe5091783669722157b173bdec"",""removed_fixed_false_literals"":289898,""residual_clauses"":22647,""residual_literals"":32839,""slice_feature_names"":[""MODULES"",""I2C"",""MEDIA_SUPPORT"",""PCI"",""SND"",""SOUND"",""USB"",""I2C_MODULE"",""MEDIA_SUPPORT_MODULE"",""NET"",""MEDIA_DIGITAL_TV_SUPPORT"",""HAS_IOMEM""],""slice_variables"":[12,164,88,42,182,184,83,167,87,121,645,120],""source_clauses"":477274}"
real|Linux@2013-12-11T15_52_34+01_00|hash|k12,real,Linux@2013-12-11T15_52_34+01_00,Linux,hash,12,30,7,30,0.7666666666666666,32,0.0078125,bcf482858b6792d96cebf1295ec8dc85cd81607e9918867cf24a03812c3990c0,True,86605,555136,442829,dd.cudd,cudd,2639970,71305,8,2657772,55303,8,19729175,"[{""sweep"":0,""seed"":2040761809,""nodes"":8,""setup_ns"":2645571,""build_ns"":57203,""order"":[""x0"",""x10"",""x11"",""x6"",""x4"",""x5"",""x9"",""x7"",""x3"",""x1"",""x8"",""x2""]},{""sweep"":1,""seed"":2040761810,""nodes"":8,""setup_ns"":2768079,""build_ns"":57704,""order"":[""x4"",""x1"",""x0"",""x7"",""x3"",""x2"",""x6"",""x9"",""x10"",""x8"",""x5"",""x11""]},{""sweep"":2,""seed"":2040761811,""nodes"":8,""setup_ns"":2657772,""build_ns"":55303,""order"":[""x1"",""x2"",""x4"",""x5"",""x3"",""x10"",""x11"",""x7"",""x8"",""x6"",""x0"",""x9""]},{""sweep"":3,""seed"":2040761812,""nodes"":8,""setup_ns"":2840783,""build_ns"":71604,""order"":[""x6"",""x1"",""x2"",""x0"",""x3"",""x9"",""x10"",""x5"",""x7"",""x4"",""x8"",""x11""]},{""sweep"":4,""seed"":2040761813,""nodes"":8,""setup_ns"":7947414,""build_ns"":89206,""order"":[""x5"",""x9"",""x1"",""x0"",""x7"",""x10"",""x8"",""x11"",""x4"",""x2"",""x6"",""x3""]}]",5,7,11,24,12932.82,21107.38,11362.74,247116.0,32150878.0,1.1381779394758658,0.6127155525697646,0.05233501675326567,"{""cm"":[13836.9,13178.84,12932.82,11942.76,12484.8],""cse"":[23275.5,22307.46,21107.38,20981.36,20519.32],""cnf"":[11578.76,11280.74,11438.74,11206.74,11362.74],""robdd_enumerate"":[236815.0,395025.0,247116.0,252016.0,232715.0],""robdd_naive"":[32150878.0,33115541.0,32732215.0,31959566.0,31854259.0]}",256,True,34302.0,614340.0,2017331.0,1481196.0,0.017003654829078618,0.02315831260683934,"{""packed"":[37403.0,34302.0,33302.0,35002.0,33502.0],""scalar_cnf"":[838254.0,548536.0,614340.0,618540.0,565637.0],""robdd"":[2849884.0,2155939.0,2017331.0,1998029.0,1939725.0],""cadical"":[1903023.0,1452294.0,1424392.0,1482996.0,1481196.0]}",1600,41703,539234,32,True,1341187,25007,946061,21971,122408,2800,3346516,41221,1859,9000082,6290606,True,160,85917153,6709334,True,474,33015834,27332666,True,"{""dropped_satisfied_clauses"":477244,""payload_sha256"":""b4f971620c86d7d78566f32fb44a7e0d54f299fe5091783669722157b173bdec"",""removed_fixed_false_literals"":261555,""residual_clauses"":30,""residual_literals"":30,""slice_feature_names"":[""BATTERY_TWL4030_MADC"",""LATTICE_ECP3_CONFIG"",""DEBUG_RT_MUTEXES"",""BLK_DEV_SX8_MODULE"",""WCN36XX"",""NLS_CODEPAGE_775"",""SND_BF5XX_AC97"",""LEDS_ATMEL_PWM"",""QLCNIC_SRIOV"",""LIRC"",""TABLET_USB_HANWANG"",""NLS_CODEPAGE_865_MODULE""],""slice_variables"":[15277,33411,22159,3277,41256,19257,4465,1633,15514,6046,7718,1679],""source_clauses"":477274}"
real|Linux@2013-12-11T15_52_34+01_00|incidence|k16,real,Linux@2013-12-11T15_52_34+01_00,Linux,incidence,16,25627,329,44296,0.9871619776017482,1,1.52587890625e-05,7d93cd9c391b5714883bda5eb7427e52279031ccbe59a403ad2cc9ad84a54c4f,True,65859957,430589729,163194847,dd.cudd,cudd,2736877,51298415,17,2663472,44664587,17,244918029,"[{""sweep"":0,""seed"":1808952615,""nodes"":17,""setup_ns"":2538264,""build_ns"":45720655,""order"":[""x5"",""x2"",""x15"",""x6"",""x8"",""x3"",""x9"",""x10"",""x0"",""x13"",""x1"",""x14"",""x12"",""x11"",""x4"",""x7""]},{""sweep"":1,""seed"":1808952616,""nodes"":17,""setup_ns"":2731577,""build_ns"":50733079,""order"":[""x4"",""x11"",""x2"",""x6"",""x0"",""x5"",""x8"",""x9"",""x13"",""x7"",""x12"",""x10"",""x14"",""x1"",""x3"",""x15""]},{""sweep"":2,""seed"":1808952617,""nodes"":17,""setup_ns"":2642171,""build_ns"":44968506,""order"":[""x6"",""x15"",""x14"",""x4"",""x2"",""x5"",""x10"",""x0"",""x9"",""x12"",""x3"",""x7"",""x8"",""x13"",""x11"",""x1""]},{""sweep"":3,""seed"":1808952618,""nodes"":17,""setup_ns"":2668472,""build_ns"":44808996,""order"":[""x5"",""x8"",""x13"",""x3"",""x4"",""x11"",""x7"",""x1"",""x12"",""x15"",""x10"",""x2"",""x9"",""x14"",""x0"",""x6""]},{""sweep"":4,""seed"":1808952619,""nodes"":17,""setup_ns"":2663472,""build_ns"":44664587,""order"":[""x15"",""x6"",""x10"",""x0"",""x12"",""x7"",""x11"",""x9"",""x8"",""x5"",""x3"",""x1"",""x14"",""x2"",""x4"",""x13""]}]",1696,1967,3423,12250,7051105.8,19441866.2,84290649.8,190013.0,,0.08365228903479162,0.3626763875167498,37.10854415224222,"{""cm"":[6821010.8,7352295.2,7051105.8,6892929.6,8307153.8],""cse"":[18876870.1,21264424.3,18938148.5,19441866.2,22810630.8],""cnf"":[85996678.0,85470634.1,83112431.3,83006314.3,84290649.8],""robdd_enumerate"":[169311.0,190013.0,177311.0,202213.0,240616.0]}",256,True,105007.0,1191979.0,2949996.0,1767718.0,0.03559564148561557,0.05940257439252188,"{""packed"":[117808.0,126208.0,98306.0,105007.0,92607.0],""scalar_cnf"":[1191979.0,1234082.0,1175678.0,1279485.0,1173878.0],""robdd"":[3354224.0,2885693.0,2949996.0,2809387.0,3075205.0],""cadical"":[1671912.0,1767718.0,1748817.0,1926729.0,1887325.0]}",3500,46103,,,True,1003064877,15621538,371547972,17760294,108342223,52796,125912495,41429,164407,23202347,7382693,True,159780,47008835,26776685,True,936,30721648,33329722,True,"{""dropped_satisfied_clauses"":451647,""payload_sha256"":""b4f971620c86d7d78566f32fb44a7e0d54f299fe5091783669722157b173bdec"",""removed_fixed_false_literals"":278614,""residual_clauses"":25627,""residual_literals"":44296,""slice_feature_names"":[""MODULES"",""I2C"",""MEDIA_SUPPORT"",""PCI"",""SND"",""SOUND"",""USB"",""I2C_MODULE"",""MEDIA_SUPPORT_MODULE"",""NET"",""MEDIA_DIGITAL_TV_SUPPORT"",""HAS_IOMEM"",""SND_MODULE"",""SOUND_MODULE"",""INPUT"",""DVB_CORE""],""slice_variables"":[12,164,88,42,182,184,83,167,87,121,645,120,185,187,116,624],""source_clauses"":477274}"
real|Linux@2013-12-11T15_52_34+01_00|hash|k16,real,Linux@2013-12-11T15_52_34+01_00,Linux,hash,16,39,11,39,0.717948717948718,32,0.00048828125,1dc363889c10864f3d1f2a8a1c55f48976d766cfc9ba9ca904b0d49a90d81b8b,True,97506,710247,532436,dd.cudd,cudd,2643876,80106,12,2692179,68005,12,23809787,"[{""sweep"":0,""seed"":359570921,""nodes"":12,""setup_ns"":2692179,""build_ns"":68005,""order"":[""x3"",""x1"",""x8"",""x11"",""x9"",""x0"",""x7"",""x2"",""x12"",""x6"",""x14"",""x13"",""x10"",""x15"",""x5"",""x4""]},{""sweep"":1,""seed"":359570922,""nodes"":12,""setup_ns"":2640276,""build_ns"":70605,""order"":[""x6"",""x9"",""x2"",""x13"",""x0"",""x8"",""x11"",""x7"",""x5"",""x1"",""x3"",""x4"",""x10"",""x14"",""x15"",""x12""]},{""sweep"":2,""seed"":359570923,""nodes"":12,""setup_ns"":2741383,""build_ns"":77105,""order"":[""x14"",""x8"",""x5"",""x7"",""x12"",""x11"",""x15"",""x1"",""x4"",""x10"",""x3"",""x13"",""x0"",""x6"",""x9"",""x2""]},{""sweep"":3,""seed"":359570924,""nodes"":12,""setup_ns"":7510701,""build_ns"":89806,""order"":[""x12"",""x1"",""x0"",""x10"",""x3"",""x7"",""x11"",""x6"",""x9"",""x14"",""x5"",""x8"",""x13"",""x2"",""x15"",""x4""]},{""sweep"":4,""seed"":359570925,""nodes"":12,""setup_ns"":7293186,""build_ns"":82405,""order"":[""x15"",""x0"",""x1"",""x9"",""x14"",""x6"",""x10"",""x8"",""x3"",""x11"",""x13"",""x2"",""x5"",""x7"",""x12"",""x4""]}]",8,10,18,36,27101.8,45313.0,112997.6,211914.0,,0.2398440320856372,0.5981020899079734,0.12789055937786084,"{""cm"":[39282.6,26331.7,27101.8,27431.9,26611.8],""cse"":[45313.0,40332.7,51803.4,46553.1,44432.9],""cnf"":[113517.6,107367.2,113657.6,112767.5,112997.6],""robdd_enumerate"":[174311.0,250317.0,263518.0,211914.0,210414.0]}",256,True,38203.0,564438.0,2468365.0,1659711.0,0.015477046547005812,0.02301786274839415,"{""packed"":[38803.0,38203.0,39603.0,31002.0,34902.0],""scalar_cnf"":[550936.0,536336.0,571538.0,564438.0,568838.0],""robdd"":[2468365.0,2519068.0,2306254.0,2706880.0,2440563.0],""cadical"":[1679112.0,1647110.0,1822621.0,1659711.0,1630809.0]}",2000,40203,,,True,1986632,97276,815255,101276,291720,43760,3144609,41429,17636,10629409,6336423,True,213,7498000,5725982,True,706,29486266,29153644,True,"{""dropped_satisfied_clauses"":477235,""payload_sha256"":""b4f971620c86d7d78566f32fb44a7e0d54f299fe5091783669722157b173bdec"",""removed_fixed_false_literals"":261554,""residual_clauses"":39,""residual_literals"":39,""slice_feature_names"":[""BATTERY_TWL4030_MADC"",""LATTICE_ECP3_CONFIG"",""DEBUG_RT_MUTEXES"",""BLK_DEV_SX8_MODULE"",""WCN36XX"",""NLS_CODEPAGE_775"",""SND_BF5XX_AC97"",""LEDS_ATMEL_PWM"",""QLCNIC_SRIOV"",""LIRC"",""TABLET_USB_HANWANG"",""NLS_CODEPAGE_865_MODULE"",""INITRAMFS_COMPRESSION_BZIP2"",""INPUT_AB8500_PONKEY"",""MSNDPIN_IO=0x1"",""OMAP2PLUS_MBOX_MODULE""],""slice_variables"":[15277,33411,22159,3277,41256,19257,4465,1633,15514,6046,7718,1679,33916,40332,31198,8242],""source_clauses"":477274}"
real|Linux@2015-11-03T18_59_10-08_00|incidence|k8,real,Linux@2015-11-03T18_59_10-08_00,Linux,incidence,8,29407,86,41520,0.9970755262352501,1,0.00390625,afe22988ec899e95704b9e87082ee375f78db2687478ccfbc2dfdc1e121c49f4,True,53784786,305107742,145982633,dd.cudd,cudd,2861291,35721281,9,2640576,34615908,9,189994268,"[{""sweep"":0,""seed"":1732115763,""nodes"":9,""setup_ns"":2578872,""build_ns"":35709081,""order"":[""x4"",""x2"",""x5"",""x3"",""x0"",""x7"",""x6"",""x1""]},{""sweep"":1,""seed"":1732115764,""nodes"":9,""setup_ns"":2689979,""build_ns"":35627976,""order"":[""x3"",""x4"",""x2"",""x7"",""x1"",""x5"",""x0"",""x6""]},{""sweep"":2,""seed"":1732115765,""nodes"":9,""setup_ns"":2537269,""build_ns"":34946930,""order"":[""x5"",""x4"",""x1"",""x2"",""x3"",""x7"",""x0"",""x6""]},{""sweep"":3,""seed"":1732115766,""nodes"":9,""setup_ns"":2807587,""build_ns"":35127142,""order"":[""x7"",""x6"",""x0"",""x2"",""x1"",""x5"",""x4"",""x3""]},{""sweep"":4,""seed"":1732115767,""nodes"":9,""setup_ns"":2640576,""build_ns"":34615908,""order"":[""x0"",""x6"",""x2"",""x5"",""x3"",""x4"",""x1"",""x7""]}]",1113,1519,2237,9913,2104628.84,8015146.385,7773978.46,149111.0,1464604.0,0.27072738248878553,0.26258146001409555,14.114510934806955,"{""cm"":[1934137.955,2259554.695,1955693.695,2273760.86,2104628.84],""cse"":[7103549.32,8360872.75,7455544.07,8348329.58,8015146.385],""cnf"":[7126273.725,8078399.725,7317469.475,7773978.46,8541509.37],""robdd_enumerate"":[149111.0,225416.0,143009.0,169912.0,128009.0],""robdd_naive"":[1196280.0,1464604.0,1432997.0,2220351.0,1466500.0]}",256,True,30203.0,17851103.0,1668613.0,1598207.0,0.018100662046861674,0.01889805263022875,"{""packed"":[29602.0,29402.0,34203.0,32102.0,30203.0],""scalar_cnf"":[23588590.0,17916508.0,17851103.0,17322368.0,17250863.0],""robdd"":[1759718.0,1528003.0,1668613.0,1840224.0,1635611.0],""cadical"":[1393694.0,1544004.0,1698614.0,1695015.0,1598207.0]}",900,41903,13761928,1,True,867867704,8768656,359718049,11790488,27566358,540,139428099,40951,96034,19882940,7277391,True,145456,47967433,27475853,True,478,30546059,30372548,True,"{""dropped_satisfied_clauses"":588817,""payload_sha256"":""eda022733350933948b69f51717303a7d2209d8bb7e247afbc84623c3b55885b"",""removed_fixed_false_literals"":409416,""residual_clauses"":29407,""residual_literals"":41520,""slice_feature_names"":[""MODULES"",""I2C"",""MEDIA_SUPPORT"",""SND"",""SOUND"",""PCI"",""I2C_MODULE"",""SND_SOC""],""slice_variables"":[7,226,53,50,42,2,224,258],""source_clauses"":618224}"
real|Linux@2015-11-03T18_59_10-08_00|hash|k8,real,Linux@2015-11-03T18_59_10-08_00,Linux,hash,8,31,6,31,0.8064516129032258,4,0.015625,6b3cd171f6f710d6dd7ff48a86d2690828a0f403f5d604869cfccf461dc8b134,True,179112,866658,785653,dd.cudd,cudd,4276489,103407,7,3694650,90306,7,33196838,"[{""sweep"":0,""seed"":1202570164,""nodes"":7,""setup_ns"":4044372,""build_ns"":178713,""order"":[""x0"",""x3"",""x5"",""x7"",""x2"",""x1"",""x6"",""x4""]},{""sweep"":1,""seed"":1202570165,""nodes"":7,""setup_ns"":3570841,""build_ns"":102207,""order"":[""x1"",""x0"",""x7"",""x4"",""x3"",""x6"",""x2"",""x5""]},{""sweep"":2,""seed"":1202570166,""nodes"":7,""setup_ns"":3694650,""build_ns"":90306,""order"":[""x1"",""x6"",""x7"",""x3"",""x4"",""x5"",""x2"",""x0""]},{""sweep"":3,""seed"":1202570167,""nodes"":7,""setup_ns"":11127550,""build_ns"":97106,""order"":[""x1"",""x7"",""x3"",""x2"",""x5"",""x0"",""x6"",""x4""]},{""sweep"":4,""seed"":1202570168,""nodes"":7,""setup_ns"":9288126,""build_ns"":99306,""order"":[""x1"",""x2"",""x0"",""x7"",""x3"",""x5"",""x6"",""x4""]}]",6,8,10,24,12278.825,31626.63,7689.015,214714.0,2034937.0,1.5969308162358897,0.38824323046748893,0.05718688581089263,"{""cm"":[17413.675,11935.305,18267.23,10718.22,12278.825],""cse"":[29349.48,41528.8,30917.085,31626.63,32013.155],""cnf"":[7119.98,10813.23,11531.78,6369.93,7689.015],""robdd_enumerate"":[236016.0,231916.0,214714.0,154010.0,151611.0],""robdd_naive"":[1919129.0,2034937.0,2257053.0,2044238.0,1614509.0]}",256,True,28202.0,410728.0,1341291.0,1228483.0,0.021026011506824396,0.02295676863253297,"{""packed"":[28502.0,28202.0,29802.0,27101.0,27902.0],""scalar_cnf"":[401527.0,392226.0,410728.0,439230.0,412827.0],""robdd"":[1399894.0,1341291.0,1464699.0,1275786.0,1276886.0],""cadical"":[1241184.0,1224783.0,1455098.0,1180980.0,1228483.0]}",1000,38102,196214,4,True,4080475,23010,1336790,21830,68404,480,4008570,40951,874,11170353,7614713,True,146,47362693,8231054,True,386,33246141,35205873,True,"{""dropped_satisfied_clauses"":618193,""payload_sha256"":""eda022733350933948b69f51717303a7d2209d8bb7e247afbc84623c3b55885b"",""removed_fixed_false_literals"":389277,""residual_clauses"":31,""residual_literals"":31,""slice_feature_names"":[""PCMCIA_FMVJ18X"",""MAX1363_MODULE"",""HID_SENSOR_PROX_MODULE"",""NET_ACT_GACT_MODULE"",""BCMGENET"",""W1_MASTER_MATROX"",""VIDEO_S5P_MIPI_CSIS"",""DEBUG_NX_TEST""],""slice_variables"":[25557,7568,7576,4772,12969,52109,22543,19239],""source_clauses"":618224}"
real|Linux@2015-11-03T18_59_10-08_00|incidence|k12,real,Linux@2015-11-03T18_59_10-08_00,Linux,incidence,12,35525,176,60787,0.995045742434905,1,0.000244140625,6d0bfbf6a386373c36743298546b42d82bd724b9617efe9da4eb1fbbac97f1fb,True,132344722,595657754,188053177,dd.cudd,cudd,2688681,61202026,13,3062107,59423006,13,316520437,"[{""sweep"":0,""seed"":321373419,""nodes"":13,""setup_ns"":2584374,""build_ns"":61077618,""order"":[""x10"",""x2"",""x6"",""x7"",""x11"",""x5"",""x8"",""x4"",""x1"",""x9"",""x0"",""x3""]},{""sweep"":1,""seed"":321373420,""nodes"":13,""setup_ns"":3062107,""build_ns"":59423006,""order"":[""x2"",""x5"",""x8"",""x3"",""x10"",""x9"",""x11"",""x0"",""x6"",""x7"",""x1"",""x4""]},{""sweep"":2,""seed"":321373421,""nodes"":13,""setup_ns"":2823190,""build_ns"":61323634,""order"":[""x0"",""x9"",""x5"",""x11"",""x1"",""x6"",""x10"",""x3"",""x8"",""x2"",""x7"",""x4""]},{""sweep"":3,""seed"":321373422,""nodes"":13,""setup_ns"":2646178,""build_ns"":59568316,""order"":[""x6"",""x1"",""x8"",""x0"",""x3"",""x5"",""x11"",""x9"",""x7"",""x10"",""x2"",""x4""]},{""sweep"":4,""seed"":321373423,""nodes"":13,""setup_ns"":2741485,""build_ns"":60555582,""order"":[""x0"",""x1"",""x2"",""x11"",""x7"",""x6"",""x9"",""x4"",""x3"",""x5"",""x10"",""x8""]}]",1787,2237,3578,14851,3428427.1,12700680.18,17965093.06,174612.0,32273556.0,0.1908382599828292,0.2699404324343832,19.63454459029162,"{""cm"":[3331008.54,3802300.32,3428427.1,3366318.84,3757635.0],""cse"":[12621840.86,12700680.18,12897883.82,12086945.34,13184818.68],""cnf"":[17965093.06,17411057.7,18007332.8,17811137.7,19481439.26],""robdd_enumerate"":[182413.0,158510.0,135309.0,174612.0,187212.0],""robdd_naive"":[35990226.0,33859883.0,29408282.0,31807424.0,32273556.0]}",256,True,25102.0,10807622.0,2525969.0,1415394.0,0.0099375724721879,0.017734991104950283,"{""packed"":[24602.0,30102.0,25102.0,23602.0,35502.0],""scalar_cnf"":[10885127.0,10417596.0,10807622.0,10819322.0,10411896.0],""robdd"":[2719382.0,2422161.0,2525969.0,1954431.0,2625775.0],""cadical"":[1354790.0,1571605.0,1415394.0,1364691.0,1543703.0]}",1300,38103,16927231,1,True,1224029760,15082650,489526499,17458642,44921500,3644,177403350,41221,156922,23371561,8800387,True,211857,10976433,30806158,True,704,29179349,29815992,True,"{""dropped_satisfied_clauses"":582699,""payload_sha256"":""eda022733350933948b69f51717303a7d2209d8bb7e247afbc84623c3b55885b"",""removed_fixed_false_literals"":391333,""residual_clauses"":35525,""residual_literals"":60787,""slice_feature_names"":[""MODULES"",""I2C"",""MEDIA_SUPPORT"",""SND"",""SOUND"",""PCI"",""I2C_MODULE"",""SND_SOC"",""USB"",""SND_MODULE"",""MEDIA_SUPPORT_MODULE"",""SOUND_MODULE""],""slice_variables"":[7,226,53,50,42,2,224,258,58,51,59,43],""source_clauses"":618224}"
real|Linux@2015-11-03T18_59_10-08_00|hash|k12,real,Linux@2015-11-03T18_59_10-08_00,Linux,hash,12,39,10,39,0.7435897435897436,4,0.0009765625,6864bb5d340b5d373bb273d92a31733e8ab72a1606abd6e756eddc00f127add0,True,113508,1128976,482032,dd.cudd,cudd,3183313,124408,11,3111808,80606,11,22804324,"[{""sweep"":0,""seed"":1958224737,""nodes"":11,""setup_ns"":3111808,""build_ns"":80606,""order"":[""x5"",""x10"",""x8"",""x2"",""x7"",""x9"",""x1"",""x3"",""x11"",""x6"",""x4"",""x0""]},{""sweep"":1,""seed"":1958224738,""nodes"":11,""setup_ns"":3439230,""build_ns"":102507,""order"":[""x8"",""x4"",""x11"",""x7"",""x10"",""x2"",""x9"",""x0"",""x1"",""x6"",""x3"",""x5""]},{""sweep"":2,""seed"":1958224739,""nodes"":11,""setup_ns"":3267918,""build_ns"":86406,""order"":[""x4"",""x11"",""x10"",""x7"",""x5"",""x0"",""x2"",""x9"",""x6"",""x8"",""x1"",""x3""]},{""sweep"":3,""seed"":1958224740,""nodes"":11,""setup_ns"":4192380,""build_ns"":91306,""order"":[""x2"",""x6"",""x1"",""x3"",""x10"",""x11"",""x9"",""x0"",""x5"",""x7"",""x4"",""x8""]},{""sweep"":4,""seed"":1958224741,""nodes"":11,""setup_ns"":7722215,""build_ns"":80706,""order"":[""x5"",""x4"",""x0"",""x11"",""x2"",""x8"",""x6"",""x3"",""x10"",""x9"",""x7"",""x1""]}]",7,9,15,34,15235.02,28363.9,16955.12,126808.0,33949968.0,0.8985498185798745,0.5371271228568709,0.12014242003659076,"{""cm"":[15235.02,15435.04,16799.12,14786.98,15063.02],""cse"":[28363.9,28565.9,27857.86,27359.84,29940.0],""cnf"":[18135.22,16775.12,18531.24,16951.12,16955.12],""robdd_enumerate"":[126808.0,131409.0,128709.0,85106.0,122609.0],""robdd_naive"":[35094845.0,35497771.0,32767189.0,33949968.0,33483636.0]}",256,True,38402.0,446830.0,2213948.0,1549203.0,0.0173454841757801,0.024788229818816513,"{""packed"":[38602.0,36803.0,38402.0,32802.0,38503.0],""scalar_cnf"":[558538.0,435029.0,477632.0,446830.0,436029.0],""robdd"":[2139843.0,2069038.0,2413061.0,2300154.0,2213948.0],""cadical"":[1558404.0,1549203.0,1729116.0,1537103.0,1530102.0]}",1500,34502,220615,4,True,2105040,33344,776251,32468,62504,3072,3071605,41221,2132,8942297,6124909,True,186,45338428,5934996,True,612,32318759,29071842,True,"{""dropped_satisfied_clauses"":618185,""payload_sha256"":""eda022733350933948b69f51717303a7d2209d8bb7e247afbc84623c3b55885b"",""removed_fixed_false_literals"":389284,""residual_clauses"":39,""residual_literals"":39,""slice_feature_names"":[""PCMCIA_FMVJ18X"",""MAX1363_MODULE"",""HID_SENSOR_PROX_MODULE"",""NET_ACT_GACT_MODULE"",""BCMGENET"",""W1_MASTER_MATROX"",""VIDEO_S5P_MIPI_CSIS"",""DEBUG_NX_TEST"",""X86_PMEM_LEGACY_DEVICE"",""SQUASHFS_ZLIB"",""RTC_DRV_DS1374"",""RTC_DRV_TPS65910_MODULE""],""slice_variables"":[25557,7568,7576,4772,12969,52109,22543,19239,57047,6339,40342,47063],""source_clauses"":618224}"
real|Linux@2015-11-03T18_59_10-08_00|incidence|k16,real,Linux@2015-11-03T18_59_10-08_00,Linux,incidence,16,51877,298,85231,0.9942556431559265,1,1.52587890625e-05,d948116d66632ad673d10302f72809413ddf06f841e40e4edf2d7d3e9f85ffb9,True,136227799,900206245,310337729,dd.cudd,cudd,2567069,87107449,17,2730480,85384735,17,464430051,"[{""sweep"":0,""seed"":1133547970,""nodes"":17,""setup_ns"":3029300,""build_ns"":89339096,""order"":[""x8"",""x9"",""x15"",""x5"",""x0"",""x13"",""x7"",""x1"",""x6"",""x3"",""x4"",""x11"",""x2"",""x10"",""x14"",""x12""]},{""sweep"":1,""seed"":1133547971,""nodes"":17,""setup_ns"":2730480,""build_ns"":85384735,""order"":[""x13"",""x15"",""x2"",""x11"",""x7"",""x1"",""x12"",""x5"",""x9"",""x4"",""x8"",""x0"",""x6"",""x14"",""x3"",""x10""]},{""sweep"":2,""seed"":1133547972,""nodes"":17,""setup_ns"":3053902,""build_ns"":88574546,""order"":[""x8"",""x2"",""x3"",""x5"",""x11"",""x6"",""x0"",""x12"",""x7"",""x1"",""x4"",""x15"",""x13"",""x10"",""x14"",""x9""]},{""sweep"":3,""seed"":1133547973,""nodes"":17,""setup_ns"":7986927,""build_ns"":88171619,""order"":[""x3"",""x12"",""x1"",""x15"",""x11"",""x8"",""x7"",""x14"",""x4"",""x10"",""x6"",""x5"",""x0"",""x9"",""x13"",""x2""]},{""sweep"":4,""seed"":1133547974,""nodes"":17,""setup_ns"":8161339,""build_ns"":87297462,""order"":[""x11"",""x8"",""x2"",""x5"",""x3"",""x4"",""x10"",""x14"",""x1"",""x7"",""x0"",""x9"",""x13"",""x15"",""x6"",""x12""]}]",2820,3185,5671,22590,13252771.6,36425073.0,181502898.7,184312.0,,0.07301685920677806,0.36383651448001214,71.90400842050435,"{""cm"":[12984887.0,13807061.2,13252771.6,15267615.6,12755918.5],""cse"":[35806683.2,35039512.5,42010834.6,41020758.7,36425073.0],""cnf"":[175880077.6,181502898.7,229815206.5,184000089.9,179583406.2],""robdd_enumerate"":[231015.0,184312.0,189213.0,177912.0,179212.0]}",256,True,475731.0,1311087.0,2729482.0,1735016.0,0.1742935106368168,0.2741940131964201,"{""packed"":[506334.0,427929.0,528235.0,401927.0,475731.0],""scalar_cnf"":[1336489.0,1306087.0,1337489.0,1279385.0,1311087.0],""robdd"":[2697079.0,2585872.0,2991399.0,2736782.0,2729482.0],""cadical"":[1676512.0,1765217.0,1631209.0,1735016.0,1829121.0]}",6700,43703,,,True,1988078764,24521102,730589068,29514298,227709076,52796,232322581,41429,264031,36669439,11364356,True,311878,12019200,41322349,True,937,97396279,32707076,True,"{""dropped_satisfied_clauses"":566347,""payload_sha256"":""eda022733350933948b69f51717303a7d2209d8bb7e247afbc84623c3b55885b"",""removed_fixed_false_literals"":401631,""residual_clauses"":51877,""residual_literals"":85231,""slice_feature_names"":[""MODULES"",""I2C"",""MEDIA_SUPPORT"",""SND"",""SOUND"",""PCI"",""I2C_MODULE"",""SND_SOC"",""USB"",""SND_MODULE"",""MEDIA_SUPPORT_MODULE"",""SOUND_MODULE"",""HAS_IOMEM"",""MEDIA_DIGITAL_TV_SUPPORT"",""NET"",""MEDIA_USB_SUPPORT""],""slice_variables"":[7,226,53,50,42,2,224,258,58,51,59,43,13,937,157,54],""source_clauses"":618224}"
real|Linux@2015-11-03T18_59_10-08_00|hash|k16,real,Linux@2015-11-03T18_59_10-08_00,Linux,hash,16,42,13,42,0.6904761904761905,8,0.0001220703125,a8d66111e1badd0fd94a3af8c6627a7815fd8dc691855ec1e35f15d79ae00422,True,110708,955863,318921,dd.cudd,cudd,2794585,86206,14,2789985,80705,14,20847481,"[{""sweep"":0,""seed"":1375044603,""nodes"":14,""setup_ns"":2789985,""build_ns"":80705,""order"":[""x5"",""x3"",""x4"",""x10"",""x9"",""x12"",""x6"",""x0"",""x11"",""x13"",""x14"",""x15"",""x8"",""x2"",""x1"",""x7""]},{""sweep"":1,""seed"":1375044604,""nodes"":14,""setup_ns"":2886591,""build_ns"":87206,""order"":[""x0"",""x8"",""x2"",""x11"",""x1"",""x6"",""x14"",""x12"",""x13"",""x7"",""x5"",""x4"",""x15"",""x10"",""x3"",""x9""]},{""sweep"":2,""seed"":1375044605,""nodes"":14,""setup_ns"":3371223,""build_ns"":100207,""order"":[""x10"",""x9"",""x4"",""x11"",""x2"",""x14"",""x12"",""x0"",""x8"",""x1"",""x15"",""x5"",""x7"",""x3"",""x6"",""x13""]},{""sweep"":3,""seed"":1375044606,""nodes"":14,""setup_ns"":2761383,""build_ns"":87905,""order"":[""x8"",""x12"",""x13"",""x9"",""x3"",""x11"",""x0"",""x15"",""x5"",""x1"",""x14"",""x2"",""x4"",""x10"",""x7"",""x6""]},{""sweep"":4,""seed"":1375044607,""nodes"":14,""setup_ns"":7981029,""build_ns"":91406,""order"":[""x3"",""x14"",""x10"",""x5"",""x7"",""x13"",""x12"",""x6"",""x2"",""x11"",""x0"",""x1"",""x4"",""x8"",""x9"",""x15""]}]",9,11,20,41,32742.1,53423.6,110367.3,107508.0,,0.2966648635963732,0.6128770805411841,0.30455500985973133,"{""cm"":[41472.7,34792.3,29912.0,29281.9,32742.1],""cse"":[49793.3,53443.6,53423.6,54573.7,49353.3],""cnf"":[110367.3,127178.4,111857.4,105837.0,106987.0],""robdd_enumerate"":[107508.0,250416.0,113207.0,107507.0,92606.0]}",256,True,126708.0,384525.0,2717980.0,1612707.0,0.04661844458016615,0.07856851864597847,"{""packed"":[126708.0,102207.0,126709.0,134109.0,123508.0],""scalar_cnf"":[378025.0,374625.0,454430.0,575738.0,384525.0],""robdd"":[2762383.0,2567370.0,2688778.0,3372124.0,2717980.0],""cadical"":[1584205.0,1612707.0,1749016.0,1643609.0,1611407.0]}",3800,39803,,,True,2144142,111681,875157,122545,287219,44032,3120407,41429,17790,10668507,6094903,True,203,7712611,5934293,True,797,25891914,28879212,True,"{""dropped_satisfied_clauses"":618182,""payload_sha256"":""eda022733350933948b69f51717303a7d2209d8bb7e247afbc84623c3b55885b"",""removed_fixed_false_literals"":389280,""residual_clauses"":42,""residual_literals"":42,""slice_feature_names"":[""PCMCIA_FMVJ18X"",""MAX1363_MODULE"",""HID_SENSOR_PROX_MODULE"",""NET_ACT_GACT_MODULE"",""BCMGENET"",""W1_MASTER_MATROX"",""VIDEO_S5P_MIPI_CSIS"",""DEBUG_NX_TEST"",""X86_PMEM_LEGACY_DEVICE"",""SQUASHFS_ZLIB"",""RTC_DRV_DS1374"",""RTC_DRV_TPS65910_MODULE"",""TOUCHSCREEN_PIXCIR_MODULE"",""DVB_BCM3510"",""SCSI_MPT2SAS_MAX_SGE=16"",""W1_SLAVE_DS2408_MODULE""],""slice_variables"":[25557,7568,7576,4772,12969,52109,22543,19239,57047,6339,40342,47063,24725,20441,3930,25927],""source_clauses"":618224}"
real|Linux@2016-01-07T14_11_32+01_00|incidence|k8,real,Linux@2016-01-07T14_11_32+01_00,Linux,incidence,8,32559,97,45751,0.9970207930218987,1,0.00390625,9e36673a278e023992b653aa0683ce64ba7cce51239e091c80d98bc627b45a00,True,59290526,373243411,162304645,dd.cudd,cudd,2603172,39028284,9,2757283,38819170,9,213615643,"[{""sweep"":0,""seed"":1245961269,""nodes"":9,""setup_ns"":3017200,""build_ns"":39408309,""order"":[""x5"",""x6"",""x1"",""x7"",""x0"",""x4"",""x3"",""x2""]},{""sweep"":1,""seed"":1245961270,""nodes"":9,""setup_ns"":2757283,""build_ns"":38819170,""order"":[""x4"",""x6"",""x1"",""x3"",""x7"",""x5"",""x2"",""x0""]},{""sweep"":2,""seed"":1245961271,""nodes"":9,""setup_ns"":2780784,""build_ns"":39811636,""order"":[""x2"",""x7"",""x3"",""x0"",""x6"",""x5"",""x1"",""x4""]},{""sweep"":3,""seed"":1245961272,""nodes"":9,""setup_ns"":2768283,""build_ns"":40917809,""order"":[""x4"",""x3"",""x7"",""x5"",""x0"",""x2"",""x1"",""x6""]},{""sweep"":4,""seed"":1245961273,""nodes"":9,""setup_ns"":3090205,""build_ns"":39541018,""order"":[""x4"",""x0"",""x6"",""x7"",""x1"",""x2"",""x5"",""x3""]}]",1449,1646,2907,12149,2579640.375,9256353.01,8116680.775,150810.0,1697611.0,0.3178196169726781,0.2786886338726617,17.105234235130297,"{""cm"":[2570518.185,2621198.085,2579640.375,2542425.945,2582956.765],""cse"":[9319585.005,9009907.505,9031800.005,10158355.07,9256353.01],""cnf"":[8345623.025,8116680.775,7958646.46,8421971.655,8028314.51],""robdd_enumerate"":[150810.0,175611.0,139610.0,154210.0,145510.0],""robdd_naive"":[1675311.0,1697611.0,1843120.0,2089637.0,1633007.0]}",256,True,32802.0,18184385.0,1608905.0,1408092.0,0.020387779266022543,0.023295352860466502,"{""packed"":[32802.0,37302.0,32902.0,32702.0,32802.0],""scalar_cnf"":[18047175.0,18184385.0,18094179.0,18216287.0,18544108.0],""robdd"":[1701210.0,1608905.0,1608105.0,1501198.0,1726312.0],""cadical"":[1470295.0,1408092.0,1396191.0,1315986.0,1447494.0]}",1100,33902,14223227,1,True,948040519,11811468,383929149,15219084,26944458,540,127885243,40951,125727,20111510,7187968,True,158730,10488683,66407326,True,479,38204189,30958017,True,"{""dropped_satisfied_clauses"":596691,""payload_sha256"":""1843c2ad6183778fc97591e02ec7be18df414ca592fe0f1feba6e0e8da85100c"",""removed_fixed_false_literals"":426871,""residual_clauses"":32559,""residual_literals"":45751,""slice_feature_names"":[""MODULES"",""I2C"",""MEDIA_SUPPORT"",""SND"",""SOUND"",""PCI"",""I2C_MODULE"",""SND_SOC""],""slice_variables"":[2,97,95,376,591,21,100,656],""source_clauses"":629250}"
real|Linux@2016-01-07T14_11_32+01_00|hash|k8,real,Linux@2016-01-07T14_11_32+01_00,Linux,hash,8,36,7,36,0.8055555555555556,2,0.0078125,83ab3fd64f722b2171f15046e1437266fe01c905e601e53589e76a684d210799,True,88706,583138,437329,dd.cudd,cudd,2868188,75505,8,2951893,73005,8,21385995,"[{""sweep"":0,""seed"":444763990,""nodes"":8,""setup_ns"":2932992,""build_ns"":75405,""order"":[""x5"",""x6"",""x4"",""x2"",""x0"",""x7"",""x3"",""x1""]},{""sweep"":1,""seed"":444763991,""nodes"":8,""setup_ns"":2951893,""build_ns"":73005,""order"":[""x1"",""x3"",""x4"",""x0"",""x7"",""x2"",""x5"",""x6""]},{""sweep"":2,""seed"":444763992,""nodes"":8,""setup_ns"":3226411,""build_ns"":75005,""order"":[""x6"",""x4"",""x7"",""x2"",""x1"",""x3"",""x5"",""x0""]},{""sweep"":3,""seed"":444763993,""nodes"":8,""setup_ns"":2864886,""build_ns"":269417,""order"":[""x0"",""x3"",""x7"",""x1"",""x5"",""x2"",""x6"",""x4""]},{""sweep"":4,""seed"":444763994,""nodes"":8,""setup_ns"":8072926,""build_ns"":73404,""order"":[""x0"",""x2"",""x5"",""x4"",""x1"",""x7"",""x3"",""x6""]}]",7,10,12,24,10666.2,20152.315,7090.46,92706.0,1519699.0,1.5043029648287982,0.5292791423714844,0.11505404180959163,"{""cm"":[10042.155,10683.7,10837.21,10666.2,10204.165],""cse"":[18592.215,21298.89,18518.205,21645.41,20152.315],""cnf"":[6394.42,6527.925,8082.025,7223.475,7090.46],""robdd_enumerate"":[85205.0,69705.0,129108.0,118707.0,92706.0],""robdd_naive"":[1435494.0,1350488.0,1531400.0,1519699.0,1577502.0]}",256,True,26402.0,1570303.0,1455795.0,1357088.0,0.018135795218420177,0.019454891650357235,"{""packed"":[26802.0,25702.0,26402.0,26302.0,28902.0],""scalar_cnf"":[1570303.0,1875422.0,1764715.0,1516699.0,1534200.0],""robdd"":[1545501.0,1455795.0,1431793.0,1819719.0,1348588.0],""cadical"":[1357088.0,1316886.0,1487597.0,1358988.0,1314986.0]}",900,38303,163210,2,True,1396291,25021,726248,23985,60704,480,3061600,40951,992,8962485,5902985,True,166,64641918,5561363,True,432,29285711,27274780,True,"{""dropped_satisfied_clauses"":629214,""payload_sha256"":""1843c2ad6183778fc97591e02ec7be18df414ca592fe0f1feba6e0e8da85100c"",""removed_fixed_false_literals"":376186,""residual_clauses"":36,""residual_literals"":36,""slice_feature_names"":[""MTD_DATAFLASH_OTP"",""CRYPTO_DES3_EDE_X86_64_MODULE"",""MAX_STACK_SIZE_MB=80"",""CRYPTO_USER_API_AEAD_MODULE"",""NF_CONNTRACK_SNMP"",""PHYSICAL_START=n"",""DNET"",""I2C_PARPORT_MODULE""],""slice_variables"":[31200,21548,19534,23834,1780,39658,23537,14130],""source_clauses"":629250}"
real|Linux@2016-01-07T14_11_32+01_00|incidence|k12,real,Linux@2016-01-07T14_11_32+01_00,Linux,incidence,12,36941,180,61582,0.9951273652581143,1,0.000244140625,b7f3cb9d89ccd700a0a1bbeef812e1bbfc3ee46dfc4b2bb1a612b96ea979d6a5,True,115598942,615048728,223190061,dd.cudd,cudd,2667474,56992618,13,2769381,55359912,13,307009130,"[{""sweep"":0,""seed"":1373023438,""nodes"":13,""setup_ns"":2855986,""build_ns"":57356042,""order"":[""x1"",""x11"",""x10"",""x7"",""x9"",""x4"",""x8"",""x3"",""x6"",""x5"",""x2"",""x0""]},{""sweep"":1,""seed"":1373023439,""nodes"":13,""setup_ns"":2769381,""build_ns"":55359912,""order"":[""x6"",""x5"",""x1"",""x11"",""x4"",""x8"",""x9"",""x10"",""x2"",""x0"",""x7"",""x3""]},{""sweep"":2,""seed"":1373023440,""nodes"":13,""setup_ns"":2650873,""build_ns"":60067419,""order"":[""x11"",""x4"",""x7"",""x9"",""x1"",""x6"",""x8"",""x10"",""x3"",""x0"",""x5"",""x2""]},{""sweep"":3,""seed"":1373023441,""nodes"":13,""setup_ns"":3079201,""build_ns"":56114261,""order"":[""x11"",""x10"",""x5"",""x2"",""x0"",""x4"",""x7"",""x3"",""x9"",""x1"",""x6"",""x8""]},{""sweep"":4,""seed"":1373023442,""nodes"":13,""setup_ns"":3003095,""build_ns"":63027512,""order"":[""x10"",""x0"",""x11"",""x9"",""x2"",""x3"",""x1"",""x4"",""x7"",""x8"",""x5"",""x6""]}]",1948,2170,3910,16174,4388552.32,14087281.88,15565820.22,164211.0,31908081.0,0.28193517964195014,0.3115258399301654,26.725081267393783,"{""cm"":[4059404.84,4388552.32,4538434.1,5001155.86,3907690.6],""cse"":[13568705.28,13297457.58,14760399.0,15694256.58,14087281.88],""cnf"":[15193035.24,15483636.2,16542472.92,16490570.46,15565820.22],""robdd_enumerate"":[162010.0,143210.0,188412.0,164211.0,165411.0],""robdd_naive"":[31116130.0,31908081.0,31082528.0,36198559.0,32027187.0]}",256,True,27502.0,2631472.0,2267248.0,1401791.0,0.012130124274009724,0.019619187168415264,"{""packed"":[27502.0,27402.0,42403.0,27102.0,27502.0],""scalar_cnf"":[3389221.0,2850586.0,2516864.0,2592569.0,2631472.0],""robdd"":[2657973.0,2551166.0,2267248.0,2069135.0,2158041.0],""cadical"":[1459095.0,1387690.0,1384390.0,1401791.0,1481796.0]}",1200,36402,18074278,1,True,1342036741,16327042,523652319,18072486,38885334,3644,172684451,41221,171114,25035031,9346009,True,209910,11146526,30455785,True,704,29374414,30399780,True,"{""dropped_satisfied_clauses"":592309,""payload_sha256"":""1843c2ad6183778fc97591e02ec7be18df414ca592fe0f1feba6e0e8da85100c"",""removed_fixed_false_literals"":417138,""residual_clauses"":36941,""residual_literals"":61582,""slice_feature_names"":[""MODULES"",""I2C"",""MEDIA_SUPPORT"",""SND"",""SOUND"",""PCI"",""I2C_MODULE"",""SND_SOC"",""USB"",""SND_MODULE"",""SOUND_MODULE"",""MEDIA_SUPPORT_MODULE""],""slice_variables"":[2,97,95,376,591,21,100,656,304,429,589,99],""source_clauses"":629250}"
real|Linux@2016-01-07T14_11_32+01_00|hash|k12,real,Linux@2016-01-07T14_11_32+01_00,Linux,hash,12,42,11,42,0.7380952380952381,2,0.00048828125,4559080b6934f5d073c66fbff4d5131a6186cfd512b023cc27bcdf67e9adfa3d,True,110208,1140975,562436,dd.cudd,cudd,3486327,112207,12,3920955,88206,12,23011999,"[{""sweep"":0,""seed"":1752830331,""nodes"":12,""setup_ns"":3647838,""build_ns"":120308,""order"":[""x7"",""x2"",""x9"",""x8"",""x11"",""x5"",""x4"",""x10"",""x0"",""x3"",""x1"",""x6""]},{""sweep"":1,""seed"":1752830332,""nodes"":12,""setup_ns"":3312515,""build_ns"":130708,""order"":[""x10"",""x4"",""x11"",""x9"",""x7"",""x2"",""x3"",""x1"",""x6"",""x5"",""x8"",""x0""]},{""sweep"":2,""seed"":1752830333,""nodes"":12,""setup_ns"":3240311,""build_ns"":104007,""order"":[""x4"",""x9"",""x3"",""x0"",""x7"",""x2"",""x10"",""x1"",""x5"",""x11"",""x6"",""x8""]},{""sweep"":3,""seed"":1752830334,""nodes"":12,""setup_ns"":3920955,""build_ns"":88206,""order"":[""x3"",""x8"",""x4"",""x0"",""x9"",""x11"",""x10"",""x5"",""x2"",""x1"",""x7"",""x6""]},{""sweep"":4,""seed"":1752830335,""nodes"":12,""setup_ns"":7667800,""build_ns"":89806,""order"":[""x3"",""x4"",""x10"",""x2"",""x8"",""x6"",""x5"",""x1"",""x9"",""x7"",""x0"",""x11""]}]",11,14,20,35,18931.24,28493.84,19841.3,121208.0,32852341.0,0.9541330457177706,0.6643976382263675,0.1561880403933734,"{""cm"":[18309.18,21809.42,17097.12,18931.24,23155.52],""cse"":[28493.84,27965.84,29571.92,32106.1,26951.76],""cnf"":[19841.3,20987.36,19157.24,19583.28,20877.36],""robdd_enumerate"":[124708.0,131509.0,90906.0,121208.0,117608.0],""robdd_naive"":[30541090.0,32594424.0,32920445.0,32852341.0,34123823.0]}",256,True,26102.0,1572303.0,2336152.0,1682009.0,0.01117307435475089,0.015518347404799855,"{""packed"":[25202.0,24902.0,34802.0,26902.0,26102.0],""scalar_cnf"":[1609105.0,1488397.0,1572303.0,1481797.0,1999230.0],""robdd"":[2340152.0,2586269.0,2336152.0,2300950.0,2311451.0],""cadical"":[1457195.0,1799017.0,1482797.0,1682009.0,1704811.0]}",1300,36302,233015,2,True,2062334,35643,1002065,34239,83706,3072,3507829,41221,2427,9550722,6046794,True,202,46209211,5364849,True,658,32959047,29612329,True,"{""dropped_satisfied_clauses"":629208,""payload_sha256"":""1843c2ad6183778fc97591e02ec7be18df414ca592fe0f1feba6e0e8da85100c"",""removed_fixed_false_literals"":376177,""residual_clauses"":42,""residual_literals"":42,""slice_feature_names"":[""MTD_DATAFLASH_OTP"",""CRYPTO_DES3_EDE_X86_64_MODULE"",""MAX_STACK_SIZE_MB=80"",""CRYPTO_USER_API_AEAD_MODULE"",""NF_CONNTRACK_SNMP"",""PHYSICAL_START=n"",""DNET"",""I2C_PARPORT_MODULE"",""USB_SERIAL_MCT_U232_MODULE"",""SND_SOC_TXX9ACLC_AC97_MODULE"",""PD6729"",""PARPORT_SUNBPP""],""slice_variables"":[31200,21548,19534,23834,1780,39658,23537,14130,9714,6390,1864,18339],""source_clauses"":629250}"
real|Linux@2016-01-07T14_11_32+01_00|incidence|k16,real,Linux@2016-01-07T14_11_32+01_00,Linux,incidence,16,49473,327,81196,0.9933903341216421,1,1.52587890625e-05,bdaff226f312ba8c1e07089bcced3e689a0ffb5be218a3b8c29925d244b9e51c,True,133974430,892125166,299293700,dd.cudd,cudd,2586663,84028083,17,2745473,82091061,17,440520698,"[{""sweep"":0,""seed"":1545485480,""nodes"":17,""setup_ns"":2745473,""build_ns"":82091061,""order"":[""x5"",""x2"",""x12"",""x7"",""x15"",""x11"",""x10"",""x0"",""x14"",""x6"",""x4"",""x1"",""x8"",""x3"",""x13"",""x9""]},{""sweep"":1,""seed"":1545485481,""nodes"":17,""setup_ns"":2812477,""build_ns"":84670724,""order"":[""x5"",""x6"",""x9"",""x0"",""x4"",""x15"",""x13"",""x1"",""x10"",""x3"",""x14"",""x12"",""x7"",""x11"",""x2"",""x8""]},{""sweep"":2,""seed"":1545485482,""nodes"":17,""setup_ns"":3096094,""build_ns"":82496887,""order"":[""x12"",""x10"",""x2"",""x4"",""x15"",""x13"",""x1"",""x7"",""x14"",""x0"",""x11"",""x6"",""x8"",""x3"",""x9"",""x5""]},{""sweep"":3,""seed"":1545485483,""nodes"":17,""setup_ns"":7880696,""build_ns"":83436346,""order"":[""x10"",""x8"",""x2"",""x14"",""x15"",""x13"",""x4"",""x3"",""x6"",""x1"",""x5"",""x11"",""x9"",""x12"",""x0"",""x7""]},{""sweep"":4,""seed"":1545485484,""nodes"":17,""setup_ns"":8019004,""build_ns"":82528289,""order"":[""x12"",""x8"",""x13"",""x3"",""x0"",""x14"",""x9"",""x5"",""x11"",""x2"",""x10"",""x1"",""x7"",""x4"",""x15"",""x6""]}]",2662,2990,5339,21761,11412116.7,33578168.0,134841018.2,175411.0,,0.0846338662548011,0.3398671630923998,65.05929901773548,"{""cm"":[11208604.7,11753329.0,11295360.2,11519053.5,11412116.7],""cse"":[33101511.2,32981253.7,34156567.6,34383441.9,33578168.0],""cnf"":[134841018.2,134174886.2,136918618.8,133712998.5,137666225.4],""robdd_enumerate"":[172011.0,172611.0,178011.0,175411.0,198412.0]}",256,True,109407.0,937560.0,2850982.0,1733510.0,0.03837519844039703,0.063112990406747,"{""packed"":[108907.0,109407.0,121408.0,187512.0,74205.0],""scalar_cnf"":[950561.0,1006364.0,918458.0,937560.0,934259.0],""robdd"":[3030093.0,2693672.0,2850982.0,2838781.0,3023892.0],""cadical"":[1592101.0,1738110.0,1733510.0,1738911.0,1639504.0]}",3100,43803,,,True,2138995793,23016926,696211928,27693306,170767973,52796,234578736,41429,249793,27651660,10951997,True,293230,12162375,40011748,True,936,28941543,30138119,True,"{""dropped_satisfied_clauses"":579777,""payload_sha256"":""1843c2ad6183778fc97591e02ec7be18df414ca592fe0f1feba6e0e8da85100c"",""removed_fixed_false_literals"":412589,""residual_clauses"":49473,""residual_literals"":81196,""slice_feature_names"":[""MODULES"",""I2C"",""MEDIA_SUPPORT"",""SND"",""SOUND"",""PCI"",""I2C_MODULE"",""SND_SOC"",""USB"",""SND_MODULE"",""SOUND_MODULE"",""MEDIA_SUPPORT_MODULE"",""HAS_IOMEM"",""MEDIA_DIGITAL_TV_SUPPORT"",""NET"",""COMPILE_TEST""],""slice_variables"":[2,97,95,376,591,21,100,656,304,429,589,99,77,380,59,45],""source_clauses"":629250}"
real|Linux@2016-01-07T14_11_32+01_00|hash|k16,real,Linux@2016-01-07T14_11_32+01_00,Linux,hash,16,48,15,48,0.6875,2,3.0517578125e-05,4f65d1d2d4975927b4b3df19683e8498542178ce19d24cf32e5d50dcf29d1a11,True,123308,933659,859055,dd.cudd,cudd,3363214,148610,16,2880284,80005,16,20364797,"[{""sweep"":0,""seed"":1386760354,""nodes"":16,""setup_ns"":2758776,""build_ns"":139909,""order"":[""x8"",""x3"",""x11"",""x1"",""x5"",""x0"",""x14"",""x7"",""x15"",""x13"",""x12"",""x4"",""x6"",""x9"",""x2"",""x10""]},{""sweep"":1,""seed"":1386760355,""nodes"":16,""setup_ns"":2817579,""build_ns"":81306,""order"":[""x14"",""x6"",""x0"",""x15"",""x13"",""x2"",""x11"",""x3"",""x7"",""x5"",""x9"",""x12"",""x4"",""x8"",""x10"",""x1""]},{""sweep"":2,""seed"":1386760356,""nodes"":16,""setup_ns"":2663570,""build_ns"":255116,""order"":[""x11"",""x12"",""x14"",""x4"",""x3"",""x15"",""x10"",""x2"",""x13"",""x6"",""x8"",""x5"",""x0"",""x1"",""x7"",""x9""]},{""sweep"":3,""seed"":1386760357,""nodes"":16,""setup_ns"":2880284,""build_ns"":80005,""order"":[""x9"",""x1"",""x10"",""x15"",""x5"",""x11"",""x8"",""x0"",""x14"",""x12"",""x2"",""x4"",""x13"",""x6"",""x3"",""x7""]},{""sweep"":4,""seed"":1386760358,""nodes"":16,""setup_ns"":7977808,""build_ns"":103507,""order"":[""x5"",""x4"",""x1"",""x6"",""x11"",""x12"",""x10"",""x14"",""x9"",""x7"",""x3"",""x2"",""x15"",""x8"",""x13"",""x0""]}]",15,18,28,44,33642.1,47823.0,137608.8,56504.0,,0.24447637069722286,0.7034711331367751,0.5953932464958233,"{""cm"":[33642.1,41452.6,33632.1,33282.1,42832.7],""cse"":[47823.0,46773.0,47813.1,49623.2,75684.8],""cnf"":[163650.5,136168.7,137608.8,133208.5,166510.6],""robdd_enumerate"":[46402.0,85105.0,67304.0,56504.0,52003.0]}",256,True,24602.0,1425190.0,2665569.0,1794514.0,0.009229549113153702,0.01370956147458309,"{""packed"":[24602.0,23302.0,22701.0,40403.0,26601.0],""scalar_cnf"":[1403389.0,1425190.0,1487595.0,2723374.0,1422391.0],""robdd"":[3211405.0,2822180.0,2417554.0,2665569.0,2484258.0],""cadical"":[1794514.0,1537798.0,1566200.0,1996427.0,1891321.0]}",1300,39803,,,True,2320947,160544,1027266,171408,417627,44032,2982790,41429,18263,10566373,6268099,True,238,36714138,5619458,True,890,32690482,36420119,True,"{""dropped_satisfied_clauses"":629202,""payload_sha256"":""1843c2ad6183778fc97591e02ec7be18df414ca592fe0f1feba6e0e8da85100c"",""removed_fixed_false_literals"":376177,""residual_clauses"":48,""residual_literals"":48,""slice_feature_names"":[""MTD_DATAFLASH_OTP"",""CRYPTO_DES3_EDE_X86_64_MODULE"",""MAX_STACK_SIZE_MB=80"",""CRYPTO_USER_API_AEAD_MODULE"",""NF_CONNTRACK_SNMP"",""PHYSICAL_START=n"",""DNET"",""I2C_PARPORT_MODULE"",""USB_SERIAL_MCT_U232_MODULE"",""SND_SOC_TXX9ACLC_AC97_MODULE"",""PD6729"",""PARPORT_SUNBPP"",""MMC_BLOCK_MODULE"",""SERIAL_MESON_CONSOLE"",""USB_CHIPIDEA_MODULE"",""BACKLIGHT_HP700_MODULE""],""slice_variables"":[31200,21548,19534,23834,1780,39658,23537,14130,9714,6390,1864,18339,7682,26892,6009,13373],""source_clauses"":629250}"
real|Linux@2017-12-17T13_57_26+01_00|incidence|k8,real,Linux@2017-12-17T13_57_26+01_00,Linux,incidence,8,25063,73,34337,0.9970873399034433,1,0.00390625,6e367ff2768a6d4c980d7d1b75f312663cb816e5c0191a8839f6f9e50a44853f,True,42545909,255105343,117175561,dd.cudd,cudd,2657269,27865174,9,2708873,28551018,9,164282460,"[{""sweep"":0,""seed"":1154960109,""nodes"":9,""setup_ns"":2726374,""build_ns"":28703527,""order"":[""x3"",""x7"",""x4"",""x6"",""x5"",""x1"",""x2"",""x0""]},{""sweep"":1,""seed"":1154960110,""nodes"":9,""setup_ns"":2708873,""build_ns"":28551018,""order"":[""x5"",""x4"",""x1"",""x2"",""x3"",""x0"",""x7"",""x6""]},{""sweep"":2,""seed"":1154960111,""nodes"":9,""setup_ns"":2876284,""build_ns"":29706191,""order"":[""x3"",""x7"",""x1"",""x5"",""x2"",""x4"",""x6"",""x0""]},{""sweep"":3,""seed"":1154960112,""nodes"":9,""setup_ns"":3210104,""build_ns"":33229016,""order"":[""x6"",""x5"",""x2"",""x1"",""x3"",""x7"",""x4"",""x0""]},{""sweep"":4,""seed"":1154960113,""nodes"":9,""setup_ns"":3075095,""build_ns"":28722529,""order"":[""x0"",""x2"",""x7"",""x4"",""x1"",""x6"",""x3"",""x5""]}]",902,1111,1819,8482,1538518.075,5815920.055,5547763.845,156410.0,1611305.0,0.2773222000764526,0.26453562986604706,9.836443162201904,"{""cm"":[1508950.65,1539212.625,1538518.075,1541942.3,1537120.395],""cse"":[5985318.06,5858368.07,5781890.595,5815920.055,5801627.43],""cnf"":[5681197.05,5572754.995,5394045.365,5547763.845,5514674.185],""robdd_enumerate"":[150010.0,156410.0,169411.0,142910.0,178912.0],""robdd_naive"":[1582903.0,1611305.0,1586703.0,1624206.0,1756815.0]}",256,True,34602.0,15085885.0,1613306.0,1406792.0,0.02144788403439893,0.024596386672656654,"{""packed"":[35602.0,33002.0,34602.0,36602.0,33802.0],""scalar_cnf"":[15272197.0,15085885.0,15109987.0,14836669.0,14897273.0],""robdd"":[1701411.0,1516199.0,1683110.0,1605205.0,1613306.0],""cadical"":[1483797.0,1394991.0,1525400.0,1404992.0,1406792.0]}",900,53604,11288037,1,True,596266445,7433888,287284064,10664944,22784288,540,84398012,40951,77544,15651822,6865449,True,119826,10587791,22744085,True,478,34910180,29286013,True,"{""dropped_satisfied_clauses"":739510,""payload_sha256"":""d7e4f07ff33dc7d1bceec593f099a6cec2e26024fda752ac8998410017ad9ad4"",""removed_fixed_false_literals"":533881,""residual_clauses"":25063,""residual_literals"":34337,""slice_feature_names"":[""MODULES"",""I2C"",""SND"",""SOUND"",""MEDIA_SUPPORT"",""SND_SOC"",""PCI"",""I2C_MODULE""],""slice_variables"":[2,48,130,359,37,358,68,86],""source_clauses"":764573}"
real|Linux@2017-12-17T13_57_26+01_00|hash|k8,real,Linux@2017-12-17T13_57_26+01_00,Linux,hash,8,12,6,12,0.5,4,0.015625,ec268dd9654500723b16b2fdbe379346a5c49c4bd7ef58a1b700c49f283528f8,True,72105,362224,203013,dd.cudd,cudd,3247112,50604,7,2895789,43103,7,21135081,"[{""sweep"":0,""seed"":2142621893,""nodes"":7,""setup_ns"":3148006,""build_ns"":51303,""order"":[""x0"",""x1"",""x6"",""x4"",""x3"",""x7"",""x2"",""x5""]},{""sweep"":1,""seed"":2142621894,""nodes"":7,""setup_ns"":2868087,""build_ns"":69904,""order"":[""x3"",""x0"",""x1"",""x5"",""x7"",""x6"",""x2"",""x4""]},{""sweep"":2,""seed"":2142621895,""nodes"":7,""setup_ns"":2895789,""build_ns"":43103,""order"":[""x0"",""x3"",""x4"",""x5"",""x6"",""x2"",""x1"",""x7""]},{""sweep"":3,""seed"":2142621896,""nodes"":7,""setup_ns"":3250612,""build_ns"":43103,""order"":[""x4"",""x0"",""x2"",""x6"",""x1"",""x5"",""x3"",""x7""]},{""sweep"":4,""seed"":2142621897,""nodes"":7,""setup_ns"":8133131,""build_ns"":52903,""order"":[""x4"",""x7"",""x5"",""x1"",""x0"",""x6"",""x3"",""x2""]}]",6,6,10,16,8747.07,12338.805,3135.705,75705.0,1364790.0,2.78950666596507,0.7089073860880368,0.11554150980780661,"{""cm"":[8345.545,8428.05,8810.575,8747.07,9097.095],""cse"":[11971.285,12027.79,12338.805,12859.34,12651.325],""cnf"":[2794.185,3174.205,3092.2,3135.705,3275.215],""robdd_enumerate"":[55704.0,75705.0,168811.0,103407.0,74405.0],""robdd_naive"":[1234380.0,1352388.0,1364790.0,1481397.0,1407392.0]}",256,True,26702.0,481331.0,1335887.0,1280484.0,0.019988217566306133,0.020853052439546296,"{""packed"":[28802.0,26702.0,25202.0,24901.0,56004.0],""scalar_cnf"":[515634.0,481331.0,447729.0,487632.0,436028.0],""robdd"":[1423893.0,1324987.0,1335887.0,1352689.0,1178677.0],""cadical"":[1335287.0,1272283.0,1297185.0,1173577.0,1280484.0]}",1200,59304,213914,4,True,1213379,19946,558137,17614,45803,480,3280414,40951,874,8688668,6124200,True,69,7599297,5982991,True,386,27818017,26325820,True,"{""dropped_satisfied_clauses"":764561,""payload_sha256"":""d7e4f07ff33dc7d1bceec593f099a6cec2e26024fda752ac8998410017ad9ad4"",""removed_fixed_false_literals"":440754,""residual_clauses"":12,""residual_literals"":12,""slice_feature_names"":[""TI_CPTS"",""HAVE_C_RECORDMCOUNT"",""DRM_RADEON_USERPTR"",""LEDS_LM3642"",""SPIDER_NET_MODULE"",""MFD_RN5T618"",""ARCH_MMAP_RND_BITS_MIN=1"",""SENSORS_WM831X_MODULE""],""slice_variables"":[11654,60300,26061,23013,74255,20167,74238,46101],""source_clauses"":764573}"
real|Linux@2017-12-17T13_57_26+01_00|incidence|k12,real,Linux@2017-12-17T13_57_26+01_00,Linux,incidence,12,34585,184,57040,0.9946797744687003,1,0.000244140625,91365f143b07abb78a57cd7e9fddc7919e8585b7b6c3f5366ac967266d6e5691,True,104441422,548603732,169766288,dd.cudd,cudd,2698876,61149794,13,2558067,51650674,13,300178005,"[{""sweep"":0,""seed"":1779837562,""nodes"":13,""setup_ns"":3866453,""build_ns"":65551881,""order"":[""x10"",""x5"",""x4"",""x3"",""x9"",""x1"",""x8"",""x7"",""x0"",""x6"",""x2"",""x11""]},{""sweep"":1,""seed"":1779837563,""nodes"":13,""setup_ns"":2544566,""build_ns"":52926357,""order"":[""x1"",""x9"",""x7"",""x3"",""x6"",""x11"",""x0"",""x4"",""x5"",""x2"",""x8"",""x10""]},{""sweep"":2,""seed"":1779837564,""nodes"":13,""setup_ns"":2558067,""build_ns"":51650674,""order"":[""x7"",""x10"",""x2"",""x0"",""x8"",""x3"",""x5"",""x6"",""x1"",""x4"",""x11"",""x9""]},{""sweep"":3,""seed"":1779837565,""nodes"":13,""setup_ns"":3044199,""build_ns"":52662239,""order"":[""x3"",""x1"",""x10"",""x2"",""x6"",""x4"",""x7"",""x0"",""x8"",""x11"",""x9"",""x5""]},{""sweep"":4,""seed"":1779837566,""nodes"":13,""setup_ns"":2704477,""build_ns"":61864640,""order"":[""x2"",""x5"",""x9"",""x4"",""x6"",""x10"",""x3"",""x7"",""x8"",""x11"",""x1"",""x0""]}]",1649,1986,3317,13923,3811318.94,12641891.7,15743772.56,161910.0,30788104.0,0.24208422253782863,0.3014832772218734,23.539737755543204,"{""cm"":[3811318.94,4051357.66,3874026.1,3143164.56,2996471.0],""cse"":[12641891.7,13883865.52,14972090.34,10954334.88,11583079.8],""cnf"":[16244556.7,16352486.16,15743772.56,15255670.82,15107951.2],""robdd_enumerate"":[109807.0,185912.0,168211.0,161910.0,159311.0],""robdd_naive"":[31735273.0,37395834.0,30640894.0,30788104.0,29847842.0]}",256,True,54204.0,1167076.0,2100537.0,1415993.0,0.025804829907780723,0.03827985025349702,"{""packed"":[54204.0,103206.0,55203.0,49003.0,42603.0],""scalar_cnf"":[1167076.0,1166676.0,1168676.0,1179876.0,1156875.0],""robdd"":[2142439.0,2084936.0,2321551.0,2087535.0,2100537.0],""cadical"":[1419892.0,1395791.0,1415993.0,1393090.0,1421692.0]}",1600,41402,17138716,1,True,1709112655,13908926,546462778,16808262,37786160,3644,171077838,41221,144641,27924417,12195794,True,200506,16624182,38973236,True,705,40632444,46609533,True,"{""dropped_satisfied_clauses"":729988,""payload_sha256"":""d7e4f07ff33dc7d1bceec593f099a6cec2e26024fda752ac8998410017ad9ad4"",""removed_fixed_false_literals"":509633,""residual_clauses"":34585,""residual_literals"":57040,""slice_feature_names"":[""MODULES"",""I2C"",""SND"",""SOUND"",""MEDIA_SUPPORT"",""SND_SOC"",""PCI"",""I2C_MODULE"",""SND_MODULE"",""SOUND_MODULE"",""COMPILE_TEST"",""HAS_IOMEM""],""slice_variables"":[2,48,130,359,37,358,68,86,133,357,21,251],""source_clauses"":764573}"
real|Linux@2017-12-17T13_57_26+01_00|hash|k12,real,Linux@2017-12-17T13_57_26+01_00,Linux,hash,12,20,9,20,0.55,8,0.001953125,e0fc42f45e2c0a3f383e65d94d145e2294918a43fe9b4cc391b1d4703bfb7ffe,True,79606,724547,495132,dd.cudd,cudd,3157805,71605,10,3310215,64804,10,24251879,"[{""sweep"":0,""seed"":2102162731,""nodes"":10,""setup_ns"":3500728,""build_ns"":78905,""order"":[""x0"",""x9"",""x3"",""x1"",""x11"",""x2"",""x10"",""x7"",""x4"",""x5"",""x8"",""x6""]},{""sweep"":1,""seed"":2102162732,""nodes"":10,""setup_ns"":3457526,""build_ns"":70404,""order"":[""x2"",""x4"",""x3"",""x1"",""x5"",""x10"",""x0"",""x9"",""x8"",""x11"",""x7"",""x6""]},{""sweep"":2,""seed"":2102162733,""nodes"":10,""setup_ns"":3310215,""build_ns"":64804,""order"":[""x11"",""x9"",""x0"",""x10"",""x6"",""x2"",""x7"",""x1"",""x3"",""x8"",""x5"",""x4""]},{""sweep"":3,""seed"":2102162734,""nodes"":10,""setup_ns"":3274513,""build_ns"":65805,""order"":[""x0"",""x10"",""x5"",""x7"",""x4"",""x9"",""x1"",""x11"",""x6"",""x3"",""x2"",""x8""]},{""sweep"":4,""seed"":2102162735,""nodes"":10,""setup_ns"":9643327,""build_ns"":120307,""order"":[""x11"",""x4"",""x6"",""x7"",""x8"",""x9"",""x2"",""x3"",""x1"",""x5"",""x10"",""x0""]}]",9,10,16,26,15543.02,21481.4,13746.9,141709.0,32643426.0,1.130656366162553,0.7235571238373663,0.10968265953468023,"{""cm"":[15543.02,14544.94,20775.36,16821.1,14696.96],""cse"":[21481.4,20701.34,21619.4,22217.44,21199.38],""cnf"":[14902.98,13746.9,12932.84,16771.1,13192.86],""robdd_enumerate"":[141709.0,88206.0,129309.0,178211.0,225414.0],""robdd_naive"":[32399409.0,40218418.0,33502181.0,32643426.0,32618124.0]}",256,True,32002.0,508333.0,2411457.0,1484997.0,0.013270815113020883,0.021550211885949938,"{""packed"":[32002.0,34002.0,30302.0,26602.0,32602.0],""scalar_cnf"":[576937.0,508333.0,498532.0,496332.0,676544.0],""robdd"":[2411457.0,2122439.0,2044333.0,2444059.0,2517964.0],""cadical"":[1665508.0,1576802.0,1471696.0,1373389.0,1484997.0]}",1600,38403,241115,8,True,1764615,27956,721447,23280,70904,3004,3460926,41221,2190,9527820,5768976,True,116,44879322,5889583,True,565,34402340,41765819,True,"{""dropped_satisfied_clauses"":764553,""payload_sha256"":""d7e4f07ff33dc7d1bceec593f099a6cec2e26024fda752ac8998410017ad9ad4"",""removed_fixed_false_literals"":440734,""residual_clauses"":20,""residual_literals"":20,""slice_feature_names"":[""TI_CPTS"",""HAVE_C_RECORDMCOUNT"",""DRM_RADEON_USERPTR"",""LEDS_LM3642"",""SPIDER_NET_MODULE"",""MFD_RN5T618"",""ARCH_MMAP_RND_BITS_MIN=1"",""SENSORS_WM831X_MODULE"",""SYNCLINK_CS_MODULE"",""RADIO_SI4713"",""IRDA_CACHE_LAST_LSAP"",""CRYPTO_SALSA20_586_MODULE""],""slice_variables"":[11654,60300,26061,23013,74255,20167,74238,46101,35165,1111,68812,3069],""source_clauses"":764573}"
real|Linux@2017-12-17T13_57_26+01_00|incidence|k16,real,Linux@2017-12-17T13_57_26+01_00,Linux,incidence,16,43201,252,69301,0.9941668016944052,1,1.52587890625e-05,73a4c96e0fed3d2a7de9c4f70ffa5f2d2020035d18ed209652c5d284afccfe7e,True,121699723,887970111,288357674,dd.cudd,cudd,2962493,66231112,17,7734003,65795584,17,373351307,"[{""sweep"":0,""seed"":803346263,""nodes"":17,""setup_ns"":3371620,""build_ns"":68217741,""order"":[""x8"",""x2"",""x5"",""x7"",""x15"",""x11"",""x10"",""x9"",""x13"",""x1"",""x4"",""x6"",""x0"",""x12"",""x14"",""x3""]},{""sweep"":1,""seed"":803346264,""nodes"":17,""setup_ns"":2746979,""build_ns"":67470192,""order"":[""x3"",""x4"",""x12"",""x1"",""x15"",""x5"",""x8"",""x13"",""x14"",""x10"",""x7"",""x2"",""x11"",""x6"",""x0"",""x9""]},{""sweep"":2,""seed"":803346265,""nodes"":17,""setup_ns"":3048198,""build_ns"":72048491,""order"":[""x6"",""x14"",""x0"",""x7"",""x15"",""x12"",""x8"",""x9"",""x11"",""x3"",""x1"",""x2"",""x5"",""x4"",""x13"",""x10""]},{""sweep"":3,""seed"":803346266,""nodes"":17,""setup_ns"":8709367,""build_ns"":73413379,""order"":[""x1"",""x0"",""x14"",""x9"",""x15"",""x12"",""x8"",""x10"",""x2"",""x11"",""x3"",""x6"",""x7"",""x13"",""x4"",""x5""]},{""sweep"":4,""seed"":803346267,""nodes"":17,""setup_ns"":7734003,""build_ns"":65795584,""order"":[""x1"",""x0"",""x2"",""x12"",""x11"",""x7"",""x6"",""x4"",""x13"",""x8"",""x10"",""x3"",""x5"",""x15"",""x9"",""x14""]}]",2111,2547,4250,17844,10467141.2,31979622.0,118319863.1,173312.0,,0.08846478457428168,0.3273065954313031,60.39478628138848,"{""cm"":[10059084.9,11610055.9,10467141.2,10384445.8,10584558.8],""cse"":[31979622.0,27634199.2,30965805.3,33000307.8,32300982.2],""cnf"":[123122205.8,118319863.1,125445814.6,115461214.4,116313999.9],""robdd_enumerate"":[172211.0,193212.0,207813.0,168511.0,173312.0]}",256,True,169011.0,2463561.0,3169606.0,2100137.0,0.05332240032357334,0.08047617845883388,"{""packed"":[202013.0,169011.0,152210.0,214714.0,142309.0],""scalar_cnf"":[1774116.0,2463561.0,2550666.0,2531465.0,1671308.0],""robdd"":[3169606.0,3342918.0,4315281.0,3111903.0,2747178.0],""cadical"":[2128339.0,2217144.0,2100137.0,1700210.0,1630006.0]}",3800,53003,,,True,1624622233,19819718,724604359,23643734,170992129,51704,198482899,41429,201164,66623936,11194829,True,254204,21606606,48685569,True,936,33604187,38577911,True,"{""dropped_satisfied_clauses"":721372,""payload_sha256"":""d7e4f07ff33dc7d1bceec593f099a6cec2e26024fda752ac8998410017ad9ad4"",""removed_fixed_false_literals"":508694,""residual_clauses"":43201,""residual_literals"":69301,""slice_feature_names"":[""MODULES"",""I2C"",""SND"",""SOUND"",""MEDIA_SUPPORT"",""SND_SOC"",""PCI"",""I2C_MODULE"",""SND_MODULE"",""SOUND_MODULE"",""COMPILE_TEST"",""HAS_IOMEM"",""USB"",""MEDIA_SUPPORT_MODULE"",""NET"",""MEDIA_DIGITAL_TV_SUPPORT""],""slice_variables"":[2,48,130,359,37,358,68,86,133,357,21,251,83,38,924,50],""source_clauses"":764573}"
real|Linux@2017-12-17T13_57_26+01_00|hash|k16,real,Linux@2017-12-17T13_57_26+01_00,Linux,hash,16,25,12,25,0.52,16,0.000244140625,a230dbf8310140ffd389e2294f1a264f009dff0681da81a5c88464ee1b5d2340,True,100406,887956,1040266,dd.cudd,cudd,3143798,160110,13,3037291,63103,13,21988989,"[{""sweep"":0,""seed"":1985277291,""nodes"":13,""setup_ns"":2833179,""build_ns"":73704,""order"":[""x11"",""x5"",""x0"",""x7"",""x12"",""x6"",""x9"",""x2"",""x8"",""x1"",""x13"",""x4"",""x10"",""x3"",""x14"",""x15""]},{""sweep"":1,""seed"":1985277292,""nodes"":13,""setup_ns"":3037291,""build_ns"":63103,""order"":[""x9"",""x15"",""x7"",""x11"",""x14"",""x5"",""x3"",""x8"",""x13"",""x1"",""x4"",""x12"",""x6"",""x2"",""x0"",""x10""]},{""sweep"":2,""seed"":1985277293,""nodes"":13,""setup_ns"":3141298,""build_ns"":64404,""order"":[""x8"",""x15"",""x10"",""x2"",""x6"",""x3"",""x7"",""x5"",""x4"",""x13"",""x11"",""x12"",""x9"",""x14"",""x1"",""x0""]},{""sweep"":3,""seed"":1985277294,""nodes"":13,""setup_ns"":3414215,""build_ns"":85006,""order"":[""x8"",""x10"",""x5"",""x12"",""x1"",""x7"",""x0"",""x9"",""x4"",""x15"",""x11"",""x2"",""x3"",""x14"",""x13"",""x6""]},{""sweep"":4,""seed"":1985277295,""nodes"":13,""setup_ns"":8440133,""build_ns"":79405,""order"":[""x1"",""x11"",""x8"",""x14"",""x5"",""x6"",""x15"",""x13"",""x0"",""x3"",""x7"",""x9"",""x4"",""x10"",""x12"",""x2""]}]",11,11,21,34,34672.2,49413.1,127908.0,167611.0,,0.2710713950652031,0.701680323638873,0.20686112486650635,"{""cm"":[39992.5,34672.2,30071.9,31282.0,34832.2],""cse"":[49793.2,49413.1,43742.7,49903.1,46123.0],""cnf"":[123837.8,124887.9,136848.7,132098.4,127908.0],""robdd_enumerate"":[167611.0,181012.0,162910.0,195912.0,165210.0]}",256,True,264316.0,492031.0,2997689.0,1775913.0,0.08817325613164008,0.14883386742481192,"{""packed"":[273117.0,214214.0,335621.0,264316.0,253816.0],""scalar_cnf"":[471430.0,510932.0,486831.0,492031.0,505932.0],""robdd"":[2730872.0,3296808.0,3047593.0,2997689.0,2793776.0],""cadical"":[1697507.0,1752311.0,1966724.0,1775913.0,1815315.0]}",4600,47803,,,True,2656867,127469,928059,122005,479731,43964,3967651,41429,17848,50345681,7769991,True,145,10833884,8652947,True,750,39689308,40280145,True,"{""dropped_satisfied_clauses"":764548,""payload_sha256"":""d7e4f07ff33dc7d1bceec593f099a6cec2e26024fda752ac8998410017ad9ad4"",""removed_fixed_false_literals"":440732,""residual_clauses"":25,""residual_literals"":25,""slice_feature_names"":[""TI_CPTS"",""HAVE_C_RECORDMCOUNT"",""DRM_RADEON_USERPTR"",""LEDS_LM3642"",""SPIDER_NET_MODULE"",""MFD_RN5T618"",""ARCH_MMAP_RND_BITS_MIN=1"",""SENSORS_WM831X_MODULE"",""SYNCLINK_CS_MODULE"",""RADIO_SI4713"",""IRDA_CACHE_LAST_LSAP"",""CRYPTO_SALSA20_586_MODULE"",""XEN_SYS_HYPERVISOR"",""SATA_MV_MODULE"",""SND_MTPAV_MODULE"",""RTC_DRV_DS1511""],""slice_variables"":[11654,60300,26061,23013,74255,20167,74238,46101,35165,1111,68812,3069,25531,37397,21737,74779],""source_clauses"":764573}"
real|Linux@2018-01-08T11_10_40+01_00|incidence|k8,real,Linux@2018-01-08T11_10_40+01_00,Linux,incidence,8,57524,98,83527,0.9982963632570753,1,0.00390625,715623d0a82109017f74e8de00bf5b700bc6c161ca403cdeb9a09b659268b779,True,177449410,938835412,452338877,dd.cudd,cudd,3069794,111054516,9,3255306,83204956,9,509318677,"[{""sweep"":0,""seed"":596448685,""nodes"":9,""setup_ns"":4797103,""build_ns"":94266356,""order"":[""x6"",""x7"",""x4"",""x3"",""x5"",""x1"",""x2"",""x0""]},{""sweep"":1,""seed"":596448686,""nodes"":9,""setup_ns"":3255306,""build_ns"":83204956,""order"":[""x1"",""x0"",""x5"",""x4"",""x6"",""x7"",""x3"",""x2""]},{""sweep"":2,""seed"":596448687,""nodes"":9,""setup_ns"":4221467,""build_ns"":111140221,""order"":[""x4"",""x7"",""x2"",""x1"",""x6"",""x3"",""x5"",""x0""]},{""sweep"":3,""seed"":596448688,""nodes"":9,""setup_ns"":3769038,""build_ns"":103112215,""order"":[""x6"",""x4"",""x0"",""x2"",""x7"",""x5"",""x3"",""x1""]},{""sweep"":4,""seed"":596448689,""nodes"":9,""setup_ns"":3959350,""build_ns"":96749012,""order"":[""x5"",""x0"",""x1"",""x6"",""x3"",""x7"",""x2"",""x4""]}]",2074,2735,4163,21367,4478043.345,16733696.19,15269557.705,149009.0,1557977.0,0.29326608088547773,0.26760634913857606,30.052166949647336,"{""cm"":[3954923.36,3249091.495,4585200.51,4478043.345,4964651.055],""cse"":[16733696.19,13597721.6,14974310.365,17983190.235,17549910.91],""cnf"":[15166603.165,12250415.755,17534774.62,15269557.705,15594446.965],""robdd_enumerate"":[141109.0,159307.0,281218.0,140110.0,149009.0],""robdd_naive"":[1534997.0,1531876.0,1557977.0,1630605.0,1702997.0]}",256,True,40702.0,36427869.0,2094219.0,1689696.0,0.019435407662713403,0.024088356722155937,"{""packed"":[32601.0,48903.0,42202.0,40702.0,33602.0],""scalar_cnf"":[37258817.0,43376064.0,36427869.0,32102524.0,36028146.0],""robdd"":[2200125.0,2283429.0,2094219.0,1929810.0,1787001.0],""cadical"":[1333075.0,2077418.0,1753999.0,1689696.0,1533288.0]}",1600,57003,32915070,1,True,1968211537,18369452,873052404,23875456,45531621,540,221006996,40951,181285,30494532,12926735,True,284311,13803984,126642095,True,478,36287461,36788590,True,"{""dropped_satisfied_clauses"":709120,""payload_sha256"":""39e23c1c20ab828a23a5f9ac6bcf22b5c2b1a0f8fb2682b27d20c48fd9ce56b5"",""removed_fixed_false_literals"":546266,""residual_clauses"":57524,""residual_literals"":83527,""slice_feature_names"":[""MODULES"",""I2C"",""SND"",""SOUND"",""MEDIA_SUPPORT"",""SND_SOC"",""PCI"",""I2C_MODULE""],""slice_variables"":[4,17,26,30,83,114,7,15],""source_clauses"":766644}"
real|Linux@2018-01-08T11_10_40+01_00|hash|k8,real,Linux@2018-01-08T11_10_40+01_00,Linux,hash,8,10,7,10,0.30000000000000004,2,0.0078125,3439ba20e7335d9d829f183fee6df2f0a5e06db74140d52c03a553d18023891e,True,59603,361422,473430,dd.cudd,cudd,3456914,55204,8,3085391,41903,8,22404588,"[{""sweep"":0,""seed"":2011156869,""nodes"":8,""setup_ns"":4392572,""build_ns"":63804,""order"":[""x0"",""x2"",""x3"",""x7"",""x6"",""x5"",""x1"",""x4""]},{""sweep"":1,""seed"":2011156870,""nodes"":8,""setup_ns"":3327806,""build_ns"":51603,""order"":[""x2"",""x7"",""x5"",""x4"",""x6"",""x3"",""x0"",""x1""]},{""sweep"":2,""seed"":2011156871,""nodes"":8,""setup_ns"":3199098,""build_ns"":46203,""order"":[""x4"",""x6"",""x7"",""x5"",""x0"",""x2"",""x1"",""x3""]},{""sweep"":3,""seed"":2011156872,""nodes"":8,""setup_ns"":3085391,""build_ns"":41903,""order"":[""x5"",""x6"",""x2"",""x0"",""x3"",""x7"",""x1"",""x4""]},{""sweep"":4,""seed"":2011156873,""nodes"":8,""setup_ns"":7503765,""build_ns"":52903,""order"":[""x5"",""x0"",""x3"",""x1"",""x7"",""x2"",""x4"",""x6""]}]",8,8,13,16,11361.2,12761.79,2980.185,91706.0,1534795.0,3.812246555163522,0.890251289200026,0.12388720476304714,"{""cm"":[9601.595,11361.2,10734.165,11845.735,11430.71],""cse"":[11719.225,12190.755,12761.79,13016.305,13560.34],""cnf"":[2650.165,3007.685,2926.18,3162.2,2980.185],""robdd_enumerate"":[45403.0,127408.0,91706.0,80905.0,98407.0],""robdd_naive"":[1161472.0,1294781.0,1534795.0,1541295.0,1574497.0]}",256,True,26502.0,382724.0,1438989.0,1423889.0,0.018417097003521222,0.018612405882761928,"{""packed"":[27602.0,27702.0,26302.0,26502.0,26002.0],""scalar_cnf"":[391324.0,382724.0,370623.0,363522.0,392424.0],""robdd"":[1441789.0,1539595.0,1438989.0,1400087.0,1388886.0],""cadical"":[1423989.0,1402887.0,1397087.0,1452990.0,1423889.0]}",800,37902,157910,2,True,1357184,22909,844652,18353,69304,464,3406611,40951,1051,9891313,5716854,True,61,8273913,5764858,True,432,26173222,28706479,True,"{""dropped_satisfied_clauses"":766634,""payload_sha256"":""39e23c1c20ab828a23a5f9ac6bcf22b5c2b1a0f8fb2682b27d20c48fd9ce56b5"",""removed_fixed_false_literals"":490529,""residual_clauses"":10,""residual_literals"":10,""slice_feature_names"":[""PATA_HPT3X2N_MODULE"",""EFI_MAX_FAKE_MEM=0"",""EXTCON_INTEL_CHT_WC"",""BINFMT_AOUT_MODULE"",""MV643XX_ETH_MODULE"",""FB_MACMODES_MODULE"",""NFT_CT_MODULE"",""PATA_PDC_OLD_MODULE""],""slice_variables"":[22651,47958,73746,41101,39685,29627,57941,4796],""source_clauses"":766644}"
real|Linux@2018-01-08T11_10_40+01_00|incidence|k12,real,Linux@2018-01-08T11_10_40+01_00,Linux,incidence,12,67392,223,111913,0.9966910018993352,1,0.000244140625,b7acf0d88c6ebf9098e2cfbdb3f343596d15bc7ae3c73830915d36c5ebf3fb03,True,267044149,1221374590,368326125,dd.cudd,cudd,2560258,124583021,13,2903980,106655809,13,568735645,"[{""sweep"":0,""seed"":479484095,""nodes"":13,""setup_ns"":3865340,""build_ns"":114219578,""order"":[""x0"",""x3"",""x1"",""x2"",""x8"",""x6"",""x10"",""x4"",""x11"",""x9"",""x5"",""x7""]},{""sweep"":1,""seed"":479484096,""nodes"":13,""setup_ns"":3120993,""build_ns"":109091761,""order"":[""x3"",""x8"",""x2"",""x7"",""x9"",""x6"",""x4"",""x5"",""x1"",""x10"",""x0"",""x11""]},{""sweep"":2,""seed"":479484097,""nodes"":13,""setup_ns"":2903980,""build_ns"":106655809,""order"":[""x3"",""x4"",""x8"",""x6"",""x10"",""x9"",""x11"",""x2"",""x0"",""x5"",""x1"",""x7""]},{""sweep"":3,""seed"":479484098,""nodes"":13,""setup_ns"":2738770,""build_ns"":108483323,""order"":[""x1"",""x10"",""x7"",""x11"",""x4"",""x8"",""x3"",""x9"",""x0"",""x6"",""x2"",""x5""]},{""sweep"":4,""seed"":479484099,""nodes"":13,""setup_ns"":8655136,""build_ns"":108285111,""order"":[""x7"",""x10"",""x9"",""x11"",""x8"",""x4"",""x0"",""x6"",""x2"",""x1"",""x3"",""x5""]}]",3199,3255,6419,28529,7852664.64,25201031.42,30701627.84,154410.0,32481613.0,0.25577355966021637,0.3116009225625575,50.85593316495046,"{""cm"":[7852664.64,9458242.54,7490333.18,8038601.66,7409517.92],""cse"":[26256593.16,26643073.3,25201031.42,25147430.14,23839609.54],""cnf"":[29723734.8,30836374.42,30701627.84,29648400.94,36045634.38],""robdd_enumerate"":[144709.0,154410.0,150810.0,190612.0,156709.0],""robdd_naive"":[32481613.0,29722493.0,33178513.0,31746605.0,32844875.0]}",256,True,58304.0,1539097.0,2367349.0,1502094.0,0.024628392349417005,0.038815147387580275,"{""packed"":[60204.0,58103.0,52803.0,58304.0,59003.0],""scalar_cnf"":[1513896.0,1580000.0,1604502.0,1539097.0,1501795.0],""robdd"":[2405952.0,2314347.0,2578562.0,2367349.0,2363850.0],""cadical"":[1496194.0,1471893.0,1525097.0,1622403.0,1502094.0]}",1601,37002,34215561,1,True,3940300664,29824538,1721157871,35380534,153041989,3644,450975094,41221,282304,36496804,17711118,True,379734,40207839,62182927,True,705,37684980,49718740,True,"{""dropped_satisfied_clauses"":699252,""payload_sha256"":""39e23c1c20ab828a23a5f9ac6bcf22b5c2b1a0f8fb2682b27d20c48fd9ce56b5"",""removed_fixed_false_literals"":505074,""residual_clauses"":67392,""residual_literals"":111913,""slice_feature_names"":[""MODULES"",""I2C"",""SND"",""SOUND"",""MEDIA_SUPPORT"",""SND_SOC"",""PCI"",""I2C_MODULE"",""SND_MODULE"",""SOUND_MODULE"",""COMPILE_TEST"",""HAS_IOMEM""],""slice_variables"":[4,17,26,30,83,114,7,15,31,28,98,220],""source_clauses"":766644}"
real|Linux@2018-01-08T11_10_40+01_00|hash|k12,real,Linux@2018-01-08T11_10_40+01_00,Linux,hash,12,22,11,22,0.5,2,0.00048828125,fddc894e95ced1d207bf1f7e29f73fee74d22db8a534e32f2b03aa1303d8c5a5,True,82605,691540,982357,dd.cudd,cudd,3101080,76204,12,3662813,72504,12,28661964,"[{""sweep"":0,""seed"":854900826,""nodes"":12,""setup_ns"":3531906,""build_ns"":76004,""order"":[""x2"",""x6"",""x7"",""x5"",""x9"",""x3"",""x10"",""x1"",""x8"",""x4"",""x0"",""x11""]},{""sweep"":1,""seed"":854900827,""nodes"":12,""setup_ns"":3674714,""build_ns"":79604,""order"":[""x1"",""x7"",""x3"",""x6"",""x5"",""x2"",""x0"",""x11"",""x9"",""x4"",""x10"",""x8""]},{""sweep"":2,""seed"":854900828,""nodes"":12,""setup_ns"":3662813,""build_ns"":72504,""order"":[""x3"",""x9"",""x2"",""x10"",""x0"",""x4"",""x7"",""x11"",""x5"",""x8"",""x1"",""x6""]},{""sweep"":3,""seed"":854900829,""nodes"":12,""setup_ns"":8136973,""build_ns"":73004,""order"":[""x2"",""x5"",""x6"",""x8"",""x0"",""x11"",""x4"",""x7"",""x9"",""x3"",""x1"",""x10""]},{""sweep"":4,""seed"":854900830,""nodes"":12,""setup_ns"":8483492,""build_ns"":136908,""order"":[""x7"",""x1"",""x3"",""x6"",""x4"",""x9"",""x8"",""x10"",""x5"",""x11"",""x0"",""x2""]}]",11,12,20,30,26735.56,32059.86,23523.36,160510.0,49186457.0,1.1365536215914733,0.833926286640054,0.16656631985546072,"{""cm"":[25379.48,26735.56,42116.46,36970.14,22485.3],""cse"":[26991.56,29507.72,47218.74,48732.84,32059.86],""cnf"":[31835.86,17023.0,23523.36,27283.58,16798.98],""robdd_enumerate"":[212512.0,127707.0,158610.0,191511.0,160510.0],""robdd_naive"":[53258094.0,48060092.0,51485890.0,49010946.0,49186457.0]}",256,True,44702.0,659438.0,2803663.0,2608351.0,0.015944141646125086,0.01713803088618058,"{""packed"":[72604.0,65804.0,37803.0,44702.0,32902.0],""scalar_cnf"":[1490986.0,1260473.0,659438.0,641537.0,583034.0],""robdd"":[2710558.0,3526405.0,2650654.0,2803663.0,2900368.0],""cadical"":[3209286.0,3144783.0,1671297.0,2608351.0,1784504.0]}",1400,58303,198112,2,True,4510562,32347,1443484,26039,119507,3056,4907586,41221,2427,12621733,8344585,True,125,10765326,8196676,True,658,37134757,41796728,True,"{""dropped_satisfied_clauses"":766622,""payload_sha256"":""39e23c1c20ab828a23a5f9ac6bcf22b5c2b1a0f8fb2682b27d20c48fd9ce56b5"",""removed_fixed_false_literals"":490524,""residual_clauses"":22,""residual_literals"":22,""slice_feature_names"":[""PATA_HPT3X2N_MODULE"",""EFI_MAX_FAKE_MEM=0"",""EXTCON_INTEL_CHT_WC"",""BINFMT_AOUT_MODULE"",""MV643XX_ETH_MODULE"",""FB_MACMODES_MODULE"",""NFT_CT_MODULE"",""PATA_PDC_OLD_MODULE"",""QED_RDMA"",""CHOICE_17"",""IIO_ADIS_LIB"",""HW_RANDOM_ATMEL_MODULE""],""slice_variables"":[22651,47958,73746,41101,39685,29627,57941,4796,8069,31913,47880,70754],""source_clauses"":766644}"
real|Linux@2018-01-08T11_10_40+01_00|incidence|k16,real,Linux@2018-01-08T11_10_40+01_00,Linux,incidence,16,79488,302,132348,0.9962006843800322,1,1.52587890625e-05,79ca495f8633c5d1124e2adf83218fc86b1913598adaaa66a67bc95a3423cbc4,True,343772568,1850695865,588553285,dd.cudd,cudd,4089524,242565768,17,4333837,240717467,17,1590605207,"[{""sweep"":0,""seed"":726847359,""nodes"":17,""setup_ns"":4333837,""build_ns"":240717467,""order"":[""x12"",""x5"",""x11"",""x10"",""x13"",""x3"",""x9"",""x1"",""x7"",""x0"",""x15"",""x2"",""x6"",""x14"",""x4"",""x8""]},{""sweep"":1,""seed"":726847360,""nodes"":17,""setup_ns"":5051176,""build_ns"":337368154,""order"":[""x15"",""x4"",""x2"",""x7"",""x14"",""x11"",""x10"",""x0"",""x12"",""x9"",""x13"",""x8"",""x5"",""x3"",""x6"",""x1""]},{""sweep"":2,""seed"":726847361,""nodes"":17,""setup_ns"":4619953,""build_ns"":368135437,""order"":[""x7"",""x9"",""x0"",""x13"",""x8"",""x2"",""x15"",""x10"",""x3"",""x6"",""x5"",""x12"",""x4"",""x14"",""x11"",""x1""]},{""sweep"":3,""seed"":726847362,""nodes"":17,""setup_ns"":14248480,""build_ns"":304908579,""order"":[""x1"",""x0"",""x15"",""x3"",""x7"",""x4"",""x12"",""x10"",""x6"",""x2"",""x14"",""x13"",""x8"",""x11"",""x5"",""x9""]},{""sweep"":4,""seed"":726847363,""nodes"":17,""setup_ns"":14995120,""build_ns"":294758324,""order"":[""x1"",""x0"",""x7"",""x10"",""x13"",""x2"",""x5"",""x12"",""x11"",""x15"",""x9"",""x14"",""x4"",""x3"",""x8"",""x6""]}]",4012,4221,8055,35185,24588305.0,96350082.9,350212016.8,207412.0,,0.0702097695695061,0.2551975489789641,118.54813125566506,"{""cm"":[24588305.0,26340613.1,30951187.7,19100321.9,18387597.7],""cse"":[96350082.9,82055243.2,113440558.6,111179802.4,62289072.9],""cnf"":[350212016.8,378176134.6,466145898.8,266549581.7,241332301.4],""robdd_enumerate"":[345519.0,194312.0,275318.0,185712.0,207412.0]}",256,True,511030.0,1282673.0,3842521.0,1784702.0,0.13299341760266242,0.2863391199203004,"{""packed"":[827648.0,523430.0,511030.0,474527.0,432325.0],""scalar_cnf"":[1823705.0,1281974.0,1282673.0,1245972.0,1423482.0],""robdd"":[3637409.0,3842521.0,4000231.0,3722314.0,4088535.0],""cadical"":[1951812.0,1779402.0,1784702.0,1815205.0,1652395.0]}",10901,63004,,,True,4676828016,37255422,1498055292,39932354,526119688,52796,431765925,41429,370070,42663854,13832996,True,462746,14124913,67978010,True,937,29665406,30503254,True,"{""dropped_satisfied_clauses"":687156,""payload_sha256"":""39e23c1c20ab828a23a5f9ac6bcf22b5c2b1a0f8fb2682b27d20c48fd9ce56b5"",""removed_fixed_false_literals"":519857,""residual_clauses"":79488,""residual_literals"":132348,""slice_feature_names"":[""MODULES"",""I2C"",""SND"",""SOUND"",""MEDIA_SUPPORT"",""SND_SOC"",""PCI"",""I2C_MODULE"",""SND_MODULE"",""SOUND_MODULE"",""COMPILE_TEST"",""HAS_IOMEM"",""USB"",""MEDIA_SUPPORT_MODULE"",""MEDIA_DIGITAL_TV_SUPPORT"",""NET""],""slice_variables"":[4,17,26,30,83,114,7,15,31,28,98,220,27,77,78,341],""source_clauses"":766644}"
real|Linux@2018-01-08T11_10_40+01_00|hash|k16,real,Linux@2018-01-08T11_10_40+01_00,Linux,hash,16,30,15,30,0.5,2,3.0517578125e-05,385ff379d4aedd0be37dd1b790ce000895cb3461d4b22777276b90f8d9e218fd,True,309719,977161,1544896,dd.cudd,cudd,3955546,131709,16,3076691,88306,16,30091769,"[{""sweep"":0,""seed"":1203442155,""nodes"":16,""setup_ns"":3697430,""build_ns"":90205,""order"":[""x10"",""x15"",""x9"",""x0"",""x2"",""x8"",""x1"",""x13"",""x3"",""x12"",""x5"",""x4"",""x7"",""x11"",""x6"",""x14""]},{""sweep"":1,""seed"":1203442156,""nodes"":16,""setup_ns"":3656327,""build_ns"":115907,""order"":[""x0"",""x11"",""x12"",""x3"",""x4"",""x2"",""x5"",""x1"",""x10"",""x7"",""x14"",""x13"",""x8"",""x6"",""x15"",""x9""]},{""sweep"":2,""seed"":1203442157,""nodes"":16,""setup_ns"":3076691,""build_ns"":88306,""order"":[""x1"",""x14"",""x4"",""x13"",""x2"",""x3"",""x7"",""x11"",""x10"",""x12"",""x5"",""x15"",""x6"",""x0"",""x8"",""x9""]},{""sweep"":3,""seed"":1203442158,""nodes"":16,""setup_ns"":8640837,""build_ns"":101507,""order"":[""x13"",""x11"",""x7"",""x2"",""x1"",""x8"",""x10"",""x6"",""x5"",""x9"",""x3"",""x0"",""x15"",""x4"",""x12"",""x14""]},{""sweep"":4,""seed"":1203442159,""nodes"":16,""setup_ns"":9856513,""build_ns"":104406,""order"":[""x2"",""x15"",""x0"",""x6"",""x13"",""x10"",""x4"",""x11"",""x1"",""x5"",""x12"",""x9"",""x8"",""x3"",""x14"",""x7""]}]",16,16,29,42,43062.7,59793.7,162170.1,161010.0,,0.26554031846807763,0.7201879127734193,0.2674535743121545,"{""cm"":[45212.8,43062.7,65474.1,42152.6,40132.5],""cse"":[59793.7,55583.5,63384.0,60093.7,56233.5],""cnf"":[162170.1,170410.6,159119.8,166160.3,158639.8],""robdd_enumerate"":[64104.0,161610.0,297818.0,161010.0,102307.0]}",256,True,29401.0,528632.0,3129595.0,1762910.0,0.009394506317910145,0.016677538842028237,"{""packed"":[30401.0,28802.0,29401.0,27702.0,29501.0],""scalar_cnf"":[509931.0,523732.0,541933.0,534033.0,528632.0],""robdd"":[3129595.0,3276904.0,3138895.0,2949083.0,2759572.0],""cadical"":[2239339.0,1693105.0,1787311.0,1762910.0,1697105.0]}",1500,45503,,,True,3727331,161468,1233277,162132,498531,44016,3412812,41429,18334,13007508,7720580,True,173,10297540,7608273,True,890,34993774,38469390,True,"{""dropped_satisfied_clauses"":766614,""payload_sha256"":""39e23c1c20ab828a23a5f9ac6bcf22b5c2b1a0f8fb2682b27d20c48fd9ce56b5"",""removed_fixed_false_literals"":490490,""residual_clauses"":30,""residual_literals"":30,""slice_feature_names"":[""PATA_HPT3X2N_MODULE"",""EFI_MAX_FAKE_MEM=0"",""EXTCON_INTEL_CHT_WC"",""BINFMT_AOUT_MODULE"",""MV643XX_ETH_MODULE"",""FB_MACMODES_MODULE"",""NFT_CT_MODULE"",""PATA_PDC_OLD_MODULE"",""QED_RDMA"",""CHOICE_17"",""IIO_ADIS_LIB"",""HW_RANDOM_ATMEL_MODULE"",""MFD_PM8XXX_MODULE"",""NFC_MICROREAD_MEI"",""RTC_DRV_VT8500_MODULE"",""LOG_BUF_SHIFT=1""],""slice_variables"":[22651,47958,73746,41101,39685,29627,57941,4796,8069,31913,47880,70754,10511,36441,44923,47592],""source_clauses"":766644}"
real|soletta@2015-06-26_18-38-56|incidence|k8,real,soletta@2015-06-26_18-38-56,soletta,incidence,8,46,10,56,0.782608695652174,4,0.015625,c50ff88c3e64e0ef41ed5fef3f449cec25f4c251cf87a0b2a07607669dc5588f,True,98006,1138670,271617,dd.cudd,cudd,3120694,106107,7,2846977,93805,7,27131385,"[{""sweep"":0,""seed"":2053579728,""nodes"":7,""setup_ns"":3271703,""build_ns"":187812,""order"":[""x0"",""x5"",""x1"",""x7"",""x6"",""x3"",""x4"",""x2""]},{""sweep"":1,""seed"":2053579729,""nodes"":7,""setup_ns"":3240302,""build_ns"":99806,""order"":[""x1"",""x4"",""x0"",""x3"",""x5"",""x6"",""x2"",""x7""]},{""sweep"":2,""seed"":2053579730,""nodes"":7,""setup_ns"":2846977,""build_ns"":93805,""order"":[""x6"",""x2"",""x5"",""x1"",""x4"",""x0"",""x3"",""x7""]},{""sweep"":3,""seed"":2053579731,""nodes"":7,""setup_ns"":8270614,""build_ns"":104506,""order"":[""x0"",""x6"",""x3"",""x2"",""x4"",""x1"",""x7"",""x5""]},{""sweep"":4,""seed"":2053579732,""nodes"":7,""setup_ns"":8303916,""build_ns"":108507,""order"":[""x1"",""x7"",""x5"",""x6"",""x3"",""x4"",""x0"",""x2""]}]",15,16,26,46,25023.555,38822.91,10506.65,151310.0,1585699.0,2.3816873123212443,0.6445563972407014,0.1653793866895777,"{""cm"":[23324.95,24165.505,25023.555,27507.71,25813.105],""cse"":[35942.235,38822.91,38266.375,41528.08,41687.59],""cnf"":[9992.12,10506.65,10224.135,11147.695,11202.2],""robdd_enumerate"":[62503.0,151310.0,123107.0,187612.0,185811.0],""robdd_naive"":[1329483.0,1435489.0,1585699.0,2031926.0,1641702.0]}",256,True,29902.0,1130170.0,1576698.0,1541595.0,0.01896495080224621,0.01939679358067456,"{""packed"":[32502.0,30402.0,29402.0,28202.0,29902.0],""scalar_cnf"":[1130170.0,1241177.0,1065366.0,1076467.0,1247577.0],""robdd"":[1964022.0,1576698.0,1549797.0,1829713.0,1514394.0],""cadical"":[1544796.0,1436889.0,1602799.0,1541595.0,1514494.0]}",1500,49803,341921,4,True,2755772,39762,1102269,36646,87506,540,3687929,40951,1583,10566457,7068639,True,231,45783344,9134667,True,386,33794899,33908907,True,"{""dropped_satisfied_clauses"":146,""payload_sha256"":""37300892a8d59a0741dc1c9cd8bfe92fe54ea8bba92199a2432bad9ae2abea6c"",""removed_fixed_false_literals"":65,""residual_clauses"":46,""residual_literals"":56,""slice_feature_names"":[""CONFIG_FLOW"",""CONFIG_SOCKET_LINUX"",""CONFIG_PLATFORM_SYSTEMD"",""CONFIG_PLATFORM_LINUX_MICRO"",""CONFIG_RESOLVER_CONFFILE"",""CONFIG_INSPECTOR"",""CONFIG_MAINLOOP_GLIB"",""CONFIG_LINUX_MICRO""],""slice_variables"":[2,18,28,11,32,46,9,73],""source_clauses"":192}"
real|soletta@2015-06-26_18-38-56|hash|k8,real,soletta@2015-06-26_18-38-56,soletta,hash,8,7,7,7,0.0,2,0.0078125,13a9e8651c0471206efa5a799b5cf6c77988c0560f7da7b6a6cc5922f6b86d2f,True,36502,310619,92406,dd.cudd,cudd,3133094,40402,8,3158496,41003,8,31260442,"[{""sweep"":0,""seed"":235690407,""nodes"":8,""setup_ns"":3158496,""build_ns"":41003,""order"":[""x4"",""x6"",""x0"",""x5"",""x3"",""x1"",""x7"",""x2""]},{""sweep"":1,""seed"":235690408,""nodes"":8,""setup_ns"":4317868,""build_ns"":46803,""order"":[""x0"",""x7"",""x6"",""x3"",""x2"",""x1"",""x4"",""x5""]},{""sweep"":2,""seed"":235690409,""nodes"":8,""setup_ns"":3678428,""build_ns"":46403,""order"":[""x3"",""x0"",""x7"",""x6"",""x5"",""x2"",""x4"",""x1""]},{""sweep"":3,""seed"":235690410,""nodes"":8,""setup_ns"":10515553,""build_ns"":47303,""order"":[""x0"",""x2"",""x3"",""x1"",""x5"",""x7"",""x6"",""x4""]},{""sweep"":4,""seed"":235690411,""nodes"":8,""setup_ns"":8684140,""build_ns"":46203,""order"":[""x6"",""x7"",""x2"",""x1"",""x5"",""x3"",""x4"",""x0""]}]",6,6,11,11,9650.1,9677.605,2000.125,110107.0,1551396.0,4.824748453221674,0.9971578711881711,0.0876429291507352,"{""cm"":[10045.125,9537.59,9650.1,9438.085,9833.61],""cse"":[9350.58,10457.645,10596.655,9677.605,9498.09],""cnf"":[2000.125,1982.12,2170.635,2050.13,1923.62],""robdd_enumerate"":[105807.0,127708.0,112807.0,84505.0,110107.0],""robdd_naive"":[1715507.0,1674904.0,1551396.0,1509494.0,1453990.0]}",256,True,32602.0,359723.0,1562397.0,1366885.0,0.020866655529932533,0.023851311558763175,"{""packed"":[33102.0,47403.0,30802.0,31302.0,32602.0],""scalar_cnf"":[359723.0,343422.0,362023.0,340921.0,405525.0],""robdd"":[1396886.0,1562397.0,1327982.0,1576797.0,1665403.0],""cadical"":[1427188.0,1325682.0,1366885.0,1336983.0,1449190.0]}",1200,40002,180511,2,True,1121870,17781,717244,13345,49504,480,3878741,40951,933,11642123,7240249,True,43,9426086,7269252,True,432,32397013,33115557,True,"{""dropped_satisfied_clauses"":185,""payload_sha256"":""37300892a8d59a0741dc1c9cd8bfe92fe54ea8bba92199a2432bad9ae2abea6c"",""removed_fixed_false_literals"":52,""residual_clauses"":7,""residual_literals"":7,""slice_feature_names"":[""CONFIG_HAVE_PPOLL"",""CONFIG_LINUX_MICRO_BLUETOOTH"",""CONFIG_FLOW_NODE_TYPES"",""CONFIG_FBP_RUNNER"",""CONFIG_HAVE_LINUX_RTNETLINK_H"",""CONFIG_PTHREAD"",""CONFIG_FBP_GENERATOR"",""CONFIG_FLOW_NODE_TYPE_BOOLEAN""],""slice_variables"":[25,109,36,17,64,30,33,88],""source_clauses"":192}"
real|soletta@2015-06-26_18-38-56|incidence|k12,real,soletta@2015-06-26_18-38-56,soletta,incidence,12,68,34,116,0.5,4,0.0009765625,f9556ae72f9efdc500b31f3739a1eb3cdd8ff99009aaf70d10acae999faee967,True,189712,3365209,466629,dd.cudd,cudd,3210299,196612,11,3059590,204413,11,22945825,"[{""sweep"":0,""seed"":412409954,""nodes"":11,""setup_ns"":3193198,""build_ns"":240715,""order"":[""x8"",""x4"",""x5"",""x9"",""x0"",""x10"",""x2"",""x6"",""x7"",""x11"",""x3"",""x1""]},{""sweep"":1,""seed"":412409955,""nodes"":11,""setup_ns"":3059590,""build_ns"":204413,""order"":[""x1"",""x8"",""x9"",""x2"",""x5"",""x4"",""x7"",""x10"",""x0"",""x11"",""x6"",""x3""]},{""sweep"":2,""seed"":412409956,""nodes"":11,""setup_ns"":3218400,""build_ns"":268817,""order"":[""x6"",""x8"",""x11"",""x1"",""x5"",""x2"",""x4"",""x9"",""x0"",""x7"",""x3"",""x10""]},{""sweep"":3,""seed"":412409957,""nodes"":11,""setup_ns"":3108393,""build_ns"":208913,""order"":[""x9"",""x2"",""x1"",""x8"",""x7"",""x3"",""x0"",""x5"",""x10"",""x6"",""x4"",""x11""]},{""sweep"":4,""seed"":412409958,""nodes"":11,""setup_ns"":8564532,""build_ns"":262116,""order"":[""x11"",""x6"",""x2"",""x1"",""x4"",""x8"",""x9"",""x10"",""x0"",""x3"",""x7"",""x5""]}]",41,42,75,103,80785.02,99440.18,49555.08,161810.0,35954333.0,1.630206630682465,0.8123981674208556,0.49925851307088565,"{""cm"":[86431.38,80417.0,79910.96,88821.5,80785.02],""cse"":[97168.04,97316.04,99440.18,106750.62,108970.78],""cnf"":[52749.28,47200.94,49555.08,50935.16,48181.0],""robdd_enumerate"":[154909.0,245515.0,253715.0,160410.0,161810.0],""robdd_naive"":[34521545.0,36820787.0,35954333.0,41415273.0,35613113.0]}",256,True,30202.0,1015463.0,2498255.0,1636502.0,0.012089238288325251,0.018455217286627208,"{""packed"":[30602.0,34202.0,30202.0,28802.0,27002.0],""scalar_cnf"":[1013563.0,1015463.0,1333383.0,1053065.0,994762.0],""robdd"":[2599962.0,2378748.0,3368309.0,2498255.0,2441752.0],""cadical"":[1585098.0,1666604.0,2059228.0,1636502.0,1604399.0]}",1300,45703,366823,4,True,7660076,93462,2389748,81870,251316,3644,5036913,41221,4892,10914178,6987734,True,432,9471788,7399360,True,612,30768611,35846627,True,"{""dropped_satisfied_clauses"":124,""payload_sha256"":""37300892a8d59a0741dc1c9cd8bfe92fe54ea8bba92199a2432bad9ae2abea6c"",""removed_fixed_false_literals"":61,""residual_clauses"":68,""residual_literals"":116,""slice_feature_names"":[""CONFIG_FLOW"",""CONFIG_SOCKET_LINUX"",""CONFIG_PLATFORM_SYSTEMD"",""CONFIG_PLATFORM_LINUX_MICRO"",""CONFIG_RESOLVER_CONFFILE"",""CONFIG_INSPECTOR"",""CONFIG_MAINLOOP_GLIB"",""CONFIG_LINUX_MICRO"",""CONFIG_FBP_RUNNER"",""CONFIG_PLATFORM_LINUX_COMMON"",""CONFIG_PTHREAD"",""CONFIG_FBP_GENERATOR""],""slice_variables"":[2,18,28,11,32,46,9,73,17,20,30,33],""source_clauses"":192}"
real|soletta@2015-06-26_18-38-56|hash|k12,real,soletta@2015-06-26_18-38-56,soletta,hash,12,15,12,22,0.19999999999999996,8,0.001953125,2316a936e9a47a745505c7b2ba17d908e0e516b6d23dbf6829d3c3739113e2ab,True,78605,727845,236615,dd.cudd,cudd,3700530,138008,10,3119094,69404,10,29650842,"[{""sweep"":0,""seed"":1072996608,""nodes"":10,""setup_ns"":3193499,""build_ns"":75304,""order"":[""x2"",""x3"",""x5"",""x10"",""x6"",""x1"",""x8"",""x9"",""x7"",""x11"",""x0"",""x4""]},{""sweep"":1,""seed"":1072996609,""nodes"":10,""setup_ns"":3119094,""build_ns"":69404,""order"":[""x9"",""x6"",""x3"",""x11"",""x7"",""x8"",""x10"",""x5"",""x1"",""x0"",""x2"",""x4""]},{""sweep"":2,""seed"":1072996610,""nodes"":10,""setup_ns"":3093593,""build_ns"":74404,""order"":[""x6"",""x10"",""x9"",""x7"",""x8"",""x4"",""x1"",""x11"",""x3"",""x2"",""x0"",""x5""]},{""sweep"":3,""seed"":1072996611,""nodes"":10,""setup_ns"":9684601,""build_ns"":115407,""order"":[""x3"",""x8"",""x0"",""x2"",""x7"",""x6"",""x10"",""x11"",""x1"",""x5"",""x9"",""x4""]},{""sweep"":4,""seed"":1072996612,""nodes"":10,""setup_ns"":9487490,""build_ns"":88705,""order"":[""x11"",""x4"",""x0"",""x6"",""x7"",""x8"",""x2"",""x1"",""x10"",""x5"",""x9"",""x3""]}]",11,11,21,24,22831.42,25073.56,13128.82,158010.0,39197736.0,1.7390306211830155,0.9105775167148182,0.1444935130687931,"{""cm"":[22831.42,26083.62,33340.08,22789.42,20493.28],""cse"":[28433.76,24619.54,31783.98,25073.56,23595.46],""cnf"":[15480.96,14370.9,13128.82,12770.8,12506.78],""robdd_enumerate"":[361923.0,158209.0,156810.0,158010.0,125008.0],""robdd_naive"":[38056164.0,39197736.0,42164819.0,42497540.0,34903268.0]}",256,True,43602.0,557135.0,2546459.0,1616700.0,0.017122600442418277,0.026969753200964928,"{""packed"":[43602.0,43703.0,40602.0,36402.0,63504.0],""scalar_cnf"":[557135.0,570335.0,565036.0,554135.0,504731.0],""robdd"":[2683367.0,2546459.0,2512456.0,2717368.0,2405050.0],""cadical"":[1730107.0,1616700.0,1564297.0,1527595.0,1672504.0]}",2200,51403,316020,8,True,4881703,30384,4990310,23180,164710,3072,10258338,41221,2436,11375407,7266552,True,105,46400183,7230949,True,565,40186097,40886940,True,"{""dropped_satisfied_clauses"":177,""payload_sha256"":""37300892a8d59a0741dc1c9cd8bfe92fe54ea8bba92199a2432bad9ae2abea6c"",""removed_fixed_false_literals"":55,""residual_clauses"":15,""residual_literals"":22,""slice_feature_names"":[""CONFIG_HAVE_PPOLL"",""CONFIG_LINUX_MICRO_BLUETOOTH"",""CONFIG_FLOW_NODE_TYPES"",""CONFIG_FBP_RUNNER"",""CONFIG_HAVE_LINUX_RTNETLINK_H"",""CONFIG_PTHREAD"",""CONFIG_FBP_GENERATOR"",""CONFIG_FLOW_NODE_TYPE_BOOLEAN"",""CONFIG_HAVE_SYS_STAT_H"",""CONFIG_FLOW_NODE_TYPE_TIMER"",""CONFIG_RESOLVER_CONFFILE"",""CONFIG_FLOW_NODE_TYPE_FILE""],""slice_variables"":[25,109,36,17,64,30,33,88,67,110,32,31],""source_clauses"":192}"
real|soletta@2015-06-26_18-38-56|incidence|k16,real,soletta@2015-06-26_18-38-56,soletta,incidence,16,79,48,152,0.3924050632911392,48,0.000732421875,91e2b8ddc69b05bb9bdfac2a61272111d8544f2fa0da0eb05c0bf76dfd8fa115,True,442428,14121477,1985623,dd.cudd,cudd,4924906,675942,28,4732494,709944,31,61039092,"[{""sweep"":0,""seed"":1570989292,""nodes"":33,""setup_ns"":11857236,""build_ns"":736846,""order"":[""x0"",""x4"",""x9"",""x7"",""x8"",""x5"",""x1"",""x14"",""x13"",""x12"",""x11"",""x2"",""x3"",""x10"",""x15"",""x6""]},{""sweep"":1,""seed"":1570989293,""nodes"":35,""setup_ns"":4803799,""build_ns"":660241,""order"":[""x15"",""x1"",""x0"",""x13"",""x2"",""x4"",""x10"",""x6"",""x3"",""x7"",""x8"",""x9"",""x5"",""x12"",""x11"",""x14""]},{""sweep"":2,""seed"":1570989294,""nodes"":41,""setup_ns"":11576119,""build_ns"":1096668,""order"":[""x8"",""x10"",""x7"",""x5"",""x13"",""x3"",""x11"",""x0"",""x12"",""x15"",""x6"",""x9"",""x2"",""x1"",""x4"",""x14""]},{""sweep"":3,""seed"":1570989295,""nodes"":31,""setup_ns"":4732494,""build_ns"":709944,""order"":[""x2"",""x10"",""x13"",""x12"",""x15"",""x7"",""x6"",""x1"",""x3"",""x5"",""x11"",""x8"",""x14"",""x4"",""x9"",""x0""]},{""sweep"":4,""seed"":1570989296,""nodes"":35,""setup_ns"":22793716,""build_ns"":1021063,""order"":[""x11"",""x7"",""x13"",""x0"",""x8"",""x3"",""x9"",""x6"",""x5"",""x10"",""x15"",""x2"",""x4"",""x12"",""x1"",""x14""]}]",60,61,116,143,540073.6,679892.3,1612830.2,1573497.0,,0.33486079315727096,0.7943516936432431,0.3432314138508049,"{""cm"":[384053.9,381813.8,1040374.7,1301240.9,540073.6],""cse"":[435427.1,1152201.5,679892.3,580396.0,779118.4],""cnf"":[1581288.2,1753828.9,1612830.2,1874416.4,987601.4],""robdd_enumerate"":[2740870.0,1197974.0,1573497.0,1411688.0,2323845.0]}",256,True,860554.0,2349346.0,12052049.0,3934144.0,0.07140312821496163,0.21873983260399213,"{""packed"":[809251.0,964960.0,768147.0,871254.0,860554.0],""scalar_cnf"":[2349346.0,1862816.0,3466516.0,4861702.0,2182835.0],""robdd"":[12769093.0,6046576.0,11094189.0,12052049.0,13143016.0],""cadical"":[3529519.0,12424772.0,3056590.0,3934144.0,4370171.0]}",13801,142909,,,True,14648710,481683,4112856,470451,1134571,52796,7078540,41429,22001,25666795,12964805,True,569,17997118,11734029,True,1495,57393466,58013305,True,"{""dropped_satisfied_clauses"":113,""payload_sha256"":""37300892a8d59a0741dc1c9cd8bfe92fe54ea8bba92199a2432bad9ae2abea6c"",""removed_fixed_false_literals"":49,""residual_clauses"":79,""residual_literals"":152,""slice_feature_names"":[""CONFIG_FLOW"",""CONFIG_SOCKET_LINUX"",""CONFIG_PLATFORM_SYSTEMD"",""CONFIG_PLATFORM_LINUX_MICRO"",""CONFIG_RESOLVER_CONFFILE"",""CONFIG_INSPECTOR"",""CONFIG_MAINLOOP_GLIB"",""CONFIG_LINUX_MICRO"",""CONFIG_FBP_RUNNER"",""CONFIG_PLATFORM_LINUX_COMMON"",""CONFIG_PTHREAD"",""CONFIG_FBP_GENERATOR"",""CONFIG_MAINLOOP_RIOTOS"",""CONFIG_MAINLOOP_POSIX"",""CONFIG_HAVE_GLIB"",""CONFIG_PLATFORM_RIOTOS""],""slice_variables"":[2,18,28,11,32,46,9,73,17,20,30,33,5,8,10,6],""source_clauses"":192}"
real|soletta@2015-06-26_18-38-56|hash|k16,real,soletta@2015-06-26_18-38-56,soletta,hash,16,18,14,26,0.2222222222222222,32,0.00048828125,56bed2a618650ecd8190ce089f49c097c03b658e70e719971839aa3bd7c73236,True,155210,1570198,437327,dd.cudd,cudd,3889641,109006,12,11445712,106306,12,37490930,"[{""sweep"":0,""seed"":1626384811,""nodes"":12,""setup_ns"":4152258,""build_ns"":128208,""order"":[""x5"",""x3"",""x1"",""x10"",""x14"",""x11"",""x12"",""x4"",""x6"",""x15"",""x13"",""x8"",""x9"",""x0"",""x7"",""x2""]},{""sweep"":1,""seed"":1626384812,""nodes"":12,""setup_ns"":4077154,""build_ns"":113607,""order"":[""x3"",""x9"",""x0"",""x2"",""x4"",""x15"",""x7"",""x6"",""x5"",""x13"",""x10"",""x1"",""x12"",""x11"",""x8"",""x14""]},{""sweep"":2,""seed"":1626384813,""nodes"":12,""setup_ns"":4499680,""build_ns"":119107,""order"":[""x13"",""x14"",""x11"",""x8"",""x3"",""x15"",""x5"",""x12"",""x10"",""x0"",""x4"",""x1"",""x6"",""x2"",""x9"",""x7""]},{""sweep"":3,""seed"":1626384814,""nodes"":12,""setup_ns"":11445712,""build_ns"":106306,""order"":[""x2"",""x4"",""x0"",""x11"",""x10"",""x1"",""x9"",""x7"",""x3"",""x8"",""x6"",""x12"",""x13"",""x15"",""x5"",""x14""]},{""sweep"":4,""seed"":1626384815,""nodes"":12,""setup_ns"":11947142,""build_ns"":136008,""order"":[""x3"",""x5"",""x8"",""x12"",""x14"",""x10"",""x1"",""x13"",""x11"",""x0"",""x9"",""x2"",""x6"",""x7"",""x15"",""x4""]}]",14,14,26,30,87185.4,93065.8,206842.9,638440.0,,0.4215054033761855,0.9368145978436762,0.13656005262828141,"{""cm"":[87185.4,84425.2,97326.1,84925.3,99206.2],""cse"":[97666.0,86485.4,87125.4,93065.8,127497.9],""cnf"":[206842.9,208252.9,153769.6,205302.8,238854.9],""robdd_enumerate"":[609538.0,638440.0,541533.0,746546.0,681342.0]}",256,True,462428.0,890556.0,4813999.0,2793474.0,0.09605901455318125,0.16553868051036094,"{""packed"":[391624.0,519332.0,419826.0,462428.0,1049265.0],""scalar_cnf"":[890556.0,988262.0,828952.0,859354.0,1870016.0],""robdd"":[4441476.0,5540744.0,4813999.0,6197285.0,4506480.0],""cadical"":[2144834.0,2892780.0,2793474.0,2956884.0,2735670.0]}",9901,61303,,,True,5104818,137921,1769210,130217,1340883,50332,6158682,41429,18105,17013557,10811572,True,126,50029308,10507153,True,703,47779068,55655558,True,"{""dropped_satisfied_clauses"":174,""payload_sha256"":""37300892a8d59a0741dc1c9cd8bfe92fe54ea8bba92199a2432bad9ae2abea6c"",""removed_fixed_false_literals"":46,""residual_clauses"":18,""residual_literals"":26,""slice_feature_names"":[""CONFIG_HAVE_PPOLL"",""CONFIG_LINUX_MICRO_BLUETOOTH"",""CONFIG_FLOW_NODE_TYPES"",""CONFIG_FBP_RUNNER"",""CONFIG_HAVE_LINUX_RTNETLINK_H"",""CONFIG_PTHREAD"",""CONFIG_FBP_GENERATOR"",""CONFIG_FLOW_NODE_TYPE_BOOLEAN"",""CONFIG_HAVE_SYS_STAT_H"",""CONFIG_FLOW_NODE_TYPE_TIMER"",""CONFIG_RESOLVER_CONFFILE"",""CONFIG_FLOW_NODE_TYPE_FILE"",""CONFIG_FLOW_NODE_TYPE_BYTE"",""CONFIG_LINUX_MICRO"",""CONFIG_PLATFORM_DUMMY"",""CONFIG_FLOW_NODE_TYPE_FILTER_REPEATED""],""slice_variables"":[25,109,36,17,64,30,33,88,67,110,32,31,49,73,21,22],""source_clauses"":192}"
real|soletta@2015-06-26_23-03-00|incidence|k8,real,soletta@2015-06-26_23-03-00,soletta,incidence,8,46,10,57,0.782608695652174,2,0.0078125,ed060a53afaa218a2a7d7ea1078c1c24413d56cc1f57b8abda5af01e05643059,True,242115,2591261,1451190,dd.cudd,cudd,4971209,164710,8,5626049,191812,8,55746963,"[{""sweep"":0,""seed"":743603675,""nodes"":8,""setup_ns"":5626049,""build_ns"":191812,""order"":[""x4"",""x5"",""x0"",""x2"",""x6"",""x3"",""x7"",""x1""]},{""sweep"":1,""seed"":743603676,""nodes"":8,""setup_ns"":4917806,""build_ns"":242915,""order"":[""x4"",""x7"",""x3"",""x6"",""x1"",""x2"",""x0"",""x5""]},{""sweep"":2,""seed"":743603677,""nodes"":8,""setup_ns"":4459577,""build_ns"":280717,""order"":[""x0"",""x7"",""x5"",""x2"",""x4"",""x3"",""x6"",""x1""]},{""sweep"":3,""seed"":743603678,""nodes"":8,""setup_ns"":19148789,""build_ns"":238915,""order"":[""x7"",""x1"",""x6"",""x3"",""x2"",""x0"",""x4"",""x5""]},{""sweep"":4,""seed"":743603679,""nodes"":8,""setup_ns"":19341902,""build_ns"":240215,""order"":[""x3"",""x1"",""x0"",""x4"",""x7"",""x2"",""x6"",""x5""]}]",14,15,25,46,95166.915,123939.7,23726.475,269017.0,7130843.0,4.011001002045184,0.7678485182713851,0.3537579967065278,"{""cm"":[78622.885,81231.05,101778.825,95166.915,98125.6],""cse"":[98774.635,125773.815,111582.93,123939.7,135431.915],""cnf"":[19929.735,22437.395,23726.475,56321.0,66400.125],""robdd_enumerate"":[280217.0,235415.0,269017.0,279517.0,210713.0],""robdd_naive"":[11050987.0,7130843.0,3854940.0,3521819.0,11511815.0]}",256,True,75104.0,2576560.0,6554907.0,3344808.0,0.011457675906004463,0.022453904678534614,"{""packed"":[70005.0,74504.0,79705.0,75104.0,83205.0],""scalar_cnf"":[2504455.0,2576560.0,4776997.0,2254040.0,3718231.0],""robdd"":[10095427.0,3630525.0,6554907.0,8228612.0,6300991.0],""cadical"":[2923582.0,3192898.0,3344808.0,5639850.0,4002049.0]}",2100,66205,387024,2,True,5770358,39141,2135433,37169,173111,540,6009074,40951,1564,14648811,10792970,True,232,14470899,13850160,True,432,52484161,51446996,True,"{""dropped_satisfied_clauses"":147,""payload_sha256"":""56bbd6818874693d38b2c6d151cff6590d48624e7cffd33740916f6c302eae89"",""removed_fixed_false_literals"":65,""residual_clauses"":46,""residual_literals"":57,""slice_feature_names"":[""CONFIG_FLOW"",""CONFIG_SOCKET_LINUX"",""CONFIG_PLATFORM_SYSTEMD"",""CONFIG_PLATFORM_LINUX_MICRO"",""CONFIG_RESOLVER_CONFFILE"",""CONFIG_INSPECTOR"",""CONFIG_MAINLOOP_GLIB"",""CONFIG_LINUX_MICRO""],""slice_variables"":[2,18,28,11,32,47,9,74],""source_clauses"":193}"
real|soletta@2015-06-26_23-03-00|hash|k8,real,soletta@2015-06-26_23-03-00,soletta,hash,8,7,7,10,0.0,2,0.0078125,ea84f72f228b9db2c953f764e3f07022c07ed5c7b820b43978be8e8ef0895faa,True,68504,523033,205813,dd.cudd,cudd,5093417,71404,8,4025250,56003,8,42885165,"[{""sweep"":0,""seed"":1870463710,""nodes"":8,""setup_ns"":5252226,""build_ns"":194513,""order"":[""x0"",""x3"",""x7"",""x4"",""x6"",""x2"",""x1"",""x5""]},{""sweep"":1,""seed"":1870463711,""nodes"":8,""setup_ns"":4456477,""build_ns"":75404,""order"":[""x1"",""x6"",""x5"",""x4"",""x2"",""x3"",""x7"",""x0""]},{""sweep"":2,""seed"":1870463712,""nodes"":8,""setup_ns"":4025250,""build_ns"":56003,""order"":[""x6"",""x1"",""x4"",""x7"",""x0"",""x2"",""x3"",""x5""]},{""sweep"":3,""seed"":1870463713,""nodes"":8,""setup_ns"":14419896,""build_ns"":75904,""order"":[""x0"",""x5"",""x1"",""x4"",""x3"",""x2"",""x7"",""x6""]},{""sweep"":4,""seed"":1870463714,""nodes"":8,""setup_ns"":13347329,""build_ns"":85106,""order"":[""x4"",""x0"",""x1"",""x6"",""x5"",""x2"",""x3"",""x7""]}]",9,9,14,14,38943.92,34084.115,6691.415,299118.0,3248402.0,5.8199827689659065,1.142582695780718,0.1301958424434504,"{""cm"":[51982.73,41563.08,32774.535,28701.785,38943.92],""cse"":[34084.115,31079.93,44676.775,24341.515,35304.19],""cnf"":[6832.925,6691.415,5545.345,4360.27,7041.435],""robdd_enumerate"":[299118.0,384924.0,200312.0,425627.0,260216.0],""robdd_naive"":[3356509.0,3985247.0,2782773.0,3248402.0,3067790.0]}",256,True,72404.0,867054.0,3209200.0,2673767.0,0.022561386015206283,0.02707939771864938,"{""packed"":[65404.0,79005.0,72404.0,82405.0,65005.0],""scalar_cnf"":[867054.0,707544.0,964360.0,898956.0,754846.0],""robdd"":[2841077.0,2920382.0,5339532.0,3209200.0,3825937.0],""cadical"":[2425151.0,4214962.0,2673767.0,3392211.0,2473153.0]}",1600,57604,229214,2,True,2653364,19221,2561859,16273,72004,520,7015836,40951,1143,16699338,11432110,True,49,51017970,12084151,True,432,52282649,53029895,True,"{""dropped_satisfied_clauses"":186,""payload_sha256"":""56bbd6818874693d38b2c6d151cff6590d48624e7cffd33740916f6c302eae89"",""removed_fixed_false_literals"":43,""residual_clauses"":7,""residual_literals"":10,""slice_feature_names"":[""CONFIG_SOCKET_LINUX"",""CONFIG_LINUX_MICRO"",""CONFIG_LINUX_MICRO_SYSCTL"",""CONFIG_FLOW_NODE_TYPES"",""CONFIG_HAVE_LINUX_NETLINK_H"",""CONFIG_HAVE_INTTYPES_H"",""CONFIG_TEST_COAP"",""CONFIG_FLOW_NODE_TYPE_OIC""],""slice_variables"":[18,74,88,37,42,113,63,45],""source_clauses"":193}"
real|soletta@2015-06-26_23-03-00|incidence|k12,real,soletta@2015-06-26_23-03-00,soletta,incidence,12,68,34,117,0.5,2,0.00048828125,f52d8398d70cbda02d730c07885601b238ba542e458bd83c288aa39055565dfd,True,480730,9341181,4783797,dd.cudd,cudd,4974109,751447,12,5085916,431627,12,49333765,"[{""sweep"":0,""seed"":901602498,""nodes"":12,""setup_ns"":6705517,""build_ns"":676742,""order"":[""x1"",""x0"",""x2"",""x7"",""x3"",""x10"",""x9"",""x6"",""x5"",""x8"",""x11"",""x4""]},{""sweep"":1,""seed"":901602499,""nodes"":12,""setup_ns"":5085916,""build_ns"":431627,""order"":[""x5"",""x7"",""x3"",""x10"",""x1"",""x6"",""x11"",""x2"",""x0"",""x8"",""x4"",""x9""]},{""sweep"":2,""seed"":901602500,""nodes"":12,""setup_ns"":5138819,""build_ns"":541434,""order"":[""x3"",""x1"",""x6"",""x8"",""x5"",""x9"",""x4"",""x2"",""x0"",""x11"",""x7"",""x10""]},{""sweep"":3,""seed"":901602501,""nodes"":12,""setup_ns"":10054725,""build_ns"":1153172,""order"":[""x2"",""x7"",""x9"",""x1"",""x6"",""x11"",""x10"",""x4"",""x3"",""x8"",""x5"",""x0""]},{""sweep"":4,""seed"":901602502,""nodes"":12,""setup_ns"":17897312,""build_ns"":460029,""order"":[""x8"",""x1"",""x6"",""x11"",""x0"",""x5"",""x7"",""x3"",""x10"",""x9"",""x4"",""x2""]}]",42,43,76,104,167336.62,175599.14,103220.54,269417.0,56416583.0,1.6211562156136754,0.9529466943858608,0.6211063889806508,"{""cm"":[228548.2,90473.62,111603.08,167336.62,186321.82],""cse"":[265544.5,132134.2,176731.24,114619.26,175599.14],""cnf"":[123033.64,152421.48,89775.7,62117.94,103220.54],""robdd_enumerate"":[289618.0,303319.0,221613.0,195012.0,269417.0],""robdd_naive"":[63062618.0,53405118.0,65717536.0,52081908.0,56416583.0]}",256,True,73605.0,2065131.0,4831606.0,2662369.0,0.015234065029309095,0.02764643067884279,"{""packed"":[73605.0,49303.0,85805.0,49803.0,75405.0],""scalar_cnf"":[2128335.0,1768912.0,2065131.0,1570700.0,2455456.0],""robdd"":[4375478.0,6059885.0,4831606.0,4348576.0,5053721.0],""cadical"":[3320411.0,2662369.0,2531060.0,2176638.0,3343312.0]}",2300,65204,349822,2,True,18907200,93806,6483212,82326,479930,3644,6625021,41221,4960,17052782,10060239,True,433,13811477,11270616,True,658,50918434,57335241,True,"{""dropped_satisfied_clauses"":125,""payload_sha256"":""56bbd6818874693d38b2c6d151cff6590d48624e7cffd33740916f6c302eae89"",""removed_fixed_false_literals"":61,""residual_clauses"":68,""residual_literals"":117,""slice_feature_names"":[""CONFIG_FLOW"",""CONFIG_SOCKET_LINUX"",""CONFIG_PLATFORM_SYSTEMD"",""CONFIG_PLATFORM_LINUX_MICRO"",""CONFIG_RESOLVER_CONFFILE"",""CONFIG_INSPECTOR"",""CONFIG_MAINLOOP_GLIB"",""CONFIG_LINUX_MICRO"",""CONFIG_FBP_RUNNER"",""CONFIG_PLATFORM_LINUX_COMMON"",""CONFIG_PTHREAD"",""CONFIG_FBP_GENERATOR""],""slice_variables"":[2,18,28,11,32,47,9,74,17,20,30,33],""source_clauses"":193}"
real|soletta@2015-06-26_23-03-00|hash|k12,real,soletta@2015-06-26_23-03-00,soletta,hash,12,9,9,15,0.0,32,0.0078125,e7f2fafbc3ea9ced0b7a83adee4b01a0738a69ed7c29e5c481032e2d33807616,True,264017,4287972,562836,dd.cudd,cudd,7236559,112507,8,4099960,88906,8,56836209,"[{""sweep"":0,""seed"":1701488666,""nodes"":8,""setup_ns"":4099960,""build_ns"":88906,""order"":[""x4"",""x10"",""x6"",""x5"",""x8"",""x2"",""x9"",""x1"",""x11"",""x3"",""x0"",""x7""]},{""sweep"":1,""seed"":1701488667,""nodes"":8,""setup_ns"":9945731,""build_ns"":127408,""order"":[""x3"",""x1"",""x7"",""x9"",""x5"",""x4"",""x2"",""x11"",""x8"",""x6"",""x0"",""x10""]},{""sweep"":2,""seed"":1701488668,""nodes"":8,""setup_ns"":4618793,""build_ns"":102107,""order"":[""x8"",""x1"",""x11"",""x9"",""x6"",""x5"",""x0"",""x4"",""x3"",""x7"",""x10"",""x2""]},{""sweep"":3,""seed"":1701488669,""nodes"":8,""setup_ns"":19558942,""build_ns"":93206,""order"":[""x4"",""x3"",""x6"",""x11"",""x5"",""x2"",""x8"",""x1"",""x10"",""x0"",""x7"",""x9""]},{""sweep"":4,""seed"":1701488670,""nodes"":8,""setup_ns"":17179592,""build_ns"":118707,""order"":[""x9"",""x6"",""x1"",""x4"",""x2"",""x8"",""x7"",""x5"",""x0"",""x3"",""x11"",""x10""]}]",11,11,18,18,26073.66,29237.86,10302.66,417127.0,54110536.0,2.530769723547123,0.89177730517897,0.06250772546490638,"{""cm"":[55667.54,40402.58,23065.48,22553.44,26073.66],""cse"":[56745.6,53411.38,22467.42,20393.3,29237.86],""cnf"":[17575.12,25389.6,9626.62,9336.58,10302.66],""robdd_enumerate"":[454828.0,655942.0,284318.0,241015.0,417127.0],""robdd_naive"":[118019495.0,69634522.0,54110536.0,52387127.0,52702447.0]}",256,True,130408.0,878456.0,4787304.0,2885984.0,0.02724038414940852,0.04518666770155344,"{""packed"":[120307.0,114407.0,142309.0,130408.0,172711.0],""scalar_cnf"":[765248.0,789650.0,878456.0,984863.0,1091169.0],""robdd"":[4737500.0,4787304.0,3742738.0,5705762.0,5541552.0],""cadical"":[2643068.0,2692771.0,3737837.0,2885984.0,3730237.0]}",2200,40903,933959,32,True,3047194,25192,1244679,20276,150410,3624,5930577,41221,2315,15837906,11377222,True,68,14392814,11167710,True,472,51356961,53360488,True,"{""dropped_satisfied_clauses"":184,""payload_sha256"":""56bbd6818874693d38b2c6d151cff6590d48624e7cffd33740916f6c302eae89"",""removed_fixed_false_literals"":43,""residual_clauses"":9,""residual_literals"":15,""slice_feature_names"":[""CONFIG_SOCKET_LINUX"",""CONFIG_LINUX_MICRO"",""CONFIG_LINUX_MICRO_SYSCTL"",""CONFIG_FLOW_NODE_TYPES"",""CONFIG_HAVE_LINUX_NETLINK_H"",""CONFIG_HAVE_INTTYPES_H"",""CONFIG_TEST_COAP"",""CONFIG_FLOW_NODE_TYPE_OIC"",""CONFIG_FLOW_NODE_TYPE_TRIGONOMETRY"",""CONFIG_INSPECTOR"",""CONFIG_FLOW_NODE_TYPE_PIEZO_SPEAKER"",""CONFIG_FLOW_NODE_TYPE_NETWORK""],""slice_variables"":[18,74,88,37,42,113,63,45,111,47,92,83],""source_clauses"":193}"
real|soletta@2015-06-26_23-03-00|incidence|k16,real,soletta@2015-06-26_23-03-00,soletta,incidence,16,79,48,153,0.3924050632911392,74,0.001129150390625,38f22b346a7334ca0c5b5744db6c7744653717734dec20530e3f25603bd8c8c6,True,1871619,8477639,7290363,dd.cudd,cudd,6603019,722346,37,5449546,743047,45,48458278,"[{""sweep"":0,""seed"":776511950,""nodes"":45,""setup_ns"":5449546,""build_ns"":743047,""order"":[""x8"",""x15"",""x3"",""x12"",""x1"",""x0"",""x5"",""x10"",""x2"",""x7"",""x6"",""x13"",""x4"",""x14"",""x11"",""x9""]},{""sweep"":1,""seed"":776511951,""nodes"":59,""setup_ns"":4960815,""build_ns"":1302483,""order"":[""x6"",""x10"",""x11"",""x1"",""x13"",""x2"",""x0"",""x14"",""x15"",""x8"",""x9"",""x5"",""x7"",""x3"",""x12"",""x4""]},{""sweep"":2,""seed"":776511952,""nodes"":59,""setup_ns"":4505586,""build_ns"":874156,""order"":[""x8"",""x9"",""x7"",""x10"",""x6"",""x1"",""x4"",""x14"",""x15"",""x11"",""x3"",""x0"",""x12"",""x13"",""x2"",""x5""]},{""sweep"":3,""seed"":776511953,""nodes"":49,""setup_ns"":8086613,""build_ns"":3600029,""order"":[""x1"",""x12"",""x6"",""x14"",""x5"",""x3"",""x10"",""x7"",""x15"",""x0"",""x9"",""x11"",""x13"",""x8"",""x4"",""x2""]},{""sweep"":4,""seed"":776511954,""nodes"":48,""setup_ns"":16907674,""build_ns"":963061,""order"":[""x14"",""x3"",""x9"",""x0"",""x1"",""x6"",""x8"",""x5"",""x15"",""x10"",""x2"",""x13"",""x11"",""x4"",""x7"",""x12""]}]",61,62,117,143,785439.9,571196.3,1277471.1,2498858.0,,0.6148396625176099,1.3750787601390275,0.3143195411664048,"{""cm"":[480350.5,790790.3,467519.7,949630.3,785439.9],""cse"":[534854.0,684133.4,1078188.5,571196.3,429327.3],""cnf"":[1097609.7,1756931.5,1277471.1,1757851.6,1150173.0],""robdd_enumerate"":[2498858.0,1948924.0,6946241.0,1716009.0,5490748.0]}",256,True,755448.0,2088432.0,12704807.0,4001954.0,0.059461588043013956,0.18876978595955876,"{""packed"":[837353.0,697745.0,632940.0,819952.0,755448.0],""scalar_cnf"":[2343348.0,2088432.0,1854318.0,2233642.0,2008628.0],""robdd"":[14341410.0,14905846.0,11133807.0,10928594.0,12704807.0],""cadical"":[4335375.0,3100997.0,3862745.0,4001954.0,4190067.0]}",11701,103907,,,True,18696387,481283,3525724,470611,1053467,52796,5270835,41429,22071,17990843,8752956,True,570,11703944,9994335,True,1948,42209780,63997964,True,"{""dropped_satisfied_clauses"":114,""payload_sha256"":""56bbd6818874693d38b2c6d151cff6590d48624e7cffd33740916f6c302eae89"",""removed_fixed_false_literals"":49,""residual_clauses"":79,""residual_literals"":153,""slice_feature_names"":[""CONFIG_FLOW"",""CONFIG_SOCKET_LINUX"",""CONFIG_PLATFORM_SYSTEMD"",""CONFIG_PLATFORM_LINUX_MICRO"",""CONFIG_RESOLVER_CONFFILE"",""CONFIG_INSPECTOR"",""CONFIG_MAINLOOP_GLIB"",""CONFIG_LINUX_MICRO"",""CONFIG_FBP_RUNNER"",""CONFIG_PLATFORM_LINUX_COMMON"",""CONFIG_PTHREAD"",""CONFIG_FBP_GENERATOR"",""CONFIG_MAINLOOP_RIOTOS"",""CONFIG_MAINLOOP_POSIX"",""CONFIG_HAVE_GLIB"",""CONFIG_PLATFORM_RIOTOS""],""slice_variables"":[2,18,28,11,32,47,9,74,17,20,30,33,5,8,10,6],""source_clauses"":193}"
real|soletta@2015-06-26_23-03-00|hash|k16,real,soletta@2015-06-26_23-03-00,soletta,hash,16,12,12,18,0.0,64,0.0009765625,2a38912d26556eef55b3f78fed4352390ac086dd6d434f44bd4e9049d1020a5b,True,105907,1120071,414826,dd.cudd,cudd,4827707,301119,11,10225549,82305,11,36047389,"[{""sweep"":0,""seed"":1194078453,""nodes"":11,""setup_ns"":4497486,""build_ns"":82805,""order"":[""x7"",""x6"",""x11"",""x0"",""x1"",""x2"",""x14"",""x9"",""x15"",""x12"",""x4"",""x5"",""x3"",""x8"",""x10"",""x13""]},{""sweep"":1,""seed"":1194078454,""nodes"":11,""setup_ns"":4274371,""build_ns"":85505,""order"":[""x15"",""x1"",""x4"",""x13"",""x10"",""x11"",""x2"",""x9"",""x8"",""x14"",""x12"",""x7"",""x5"",""x3"",""x6"",""x0""]},{""sweep"":2,""seed"":1194078455,""nodes"":11,""setup_ns"":3883247,""build_ns"":256916,""order"":[""x6"",""x11"",""x2"",""x14"",""x13"",""x8"",""x0"",""x15"",""x4"",""x7"",""x3"",""x12"",""x1"",""x5"",""x9"",""x10""]},{""sweep"":3,""seed"":1194078456,""nodes"":11,""setup_ns"":10225549,""build_ns"":82305,""order"":[""x13"",""x6"",""x2"",""x7"",""x5"",""x0"",""x4"",""x15"",""x1"",""x11"",""x14"",""x8"",""x10"",""x3"",""x12"",""x9""]},{""sweep"":4,""seed"":1194078457,""nodes"":11,""setup_ns"":11707743,""build_ns"":111007,""order"":[""x12"",""x8"",""x11"",""x9"",""x5"",""x2"",""x6"",""x14"",""x7"",""x15"",""x3"",""x10"",""x4"",""x1"",""x0"",""x13""]}]",13,13,23,23,66434.2,54723.5,87395.5,567836.0,,0.7601558432642412,1.2139976426946375,0.11699540008030487,"{""cm"":[50013.2,44912.8,88335.6,67744.3,66434.2],""cse"":[54723.5,38872.5,43762.8,62414.0,63114.0],""cnf"":[87395.5,79785.1,78935.0,108186.8,105306.7],""robdd_enumerate"":[529833.0,567836.0,459729.0,877555.0,721046.0]}",256,True,101106.0,501931.0,3426617.0,2012127.0,0.02950606968914238,0.050248319315828474,"{""packed"":[123607.0,101106.0,96206.0,97806.0,179811.0],""scalar_cnf"":[506032.0,395526.0,384025.0,510433.0,501931.0],""robdd"":[3426617.0,3997453.0,3391216.0,3912548.0,3276609.0],""cadical"":[2524360.0,2012127.0,1875019.0,2692571.0,1861618.0]}",5200,85905,,,True,3231706,115413,796550,108213,292419,50592,5521350,41429,17973,18870599,10230449,True,86,13917284,10365459,True,657,40283859,40172851,True,"{""dropped_satisfied_clauses"":181,""payload_sha256"":""56bbd6818874693d38b2c6d151cff6590d48624e7cffd33740916f6c302eae89"",""removed_fixed_false_literals"":43,""residual_clauses"":12,""residual_literals"":18,""slice_feature_names"":[""CONFIG_SOCKET_LINUX"",""CONFIG_LINUX_MICRO"",""CONFIG_LINUX_MICRO_SYSCTL"",""CONFIG_FLOW_NODE_TYPES"",""CONFIG_HAVE_LINUX_NETLINK_H"",""CONFIG_HAVE_INTTYPES_H"",""CONFIG_TEST_COAP"",""CONFIG_FLOW_NODE_TYPE_OIC"",""CONFIG_FLOW_NODE_TYPE_TRIGONOMETRY"",""CONFIG_INSPECTOR"",""CONFIG_FLOW_NODE_TYPE_PIEZO_SPEAKER"",""CONFIG_FLOW_NODE_TYPE_NETWORK"",""CONFIG_FLOW_NODE_TYPE_EVDEV"",""CONFIG_FLOW_NODE_TYPE_GPIO"",""CONFIG_DEFAULT_LOG_LEVEL_DEBUG"",""CONFIG_PLATFORM_LINUX_COMMON""],""slice_variables"":[18,74,88,37,42,113,63,45,111,47,92,83,53,49,23,20],""source_clauses"":193}"
real|soletta@2015-11-25_17-57-13|incidence|k8,real,soletta@2015-11-25_17-57-13,soletta,incidence,8,380,22,465,0.9421052631578948,1,0.00390625,63794a3bf8875ac2c32ba6238d27e7e15e56a3b794b8d2d6aec82faef2360e3a,True,1014064,11125807,2747975,dd.cudd,cudd,4022556,872955,9,3288309,554536,9,28622818,"[{""sweep"":0,""seed"":444240481,""nodes"":9,""setup_ns"":4424781,""build_ns"":602339,""order"":[""x7"",""x3"",""x4"",""x2"",""x1"",""x5"",""x0"",""x6""]},{""sweep"":1,""seed"":444240482,""nodes"":9,""setup_ns"":3288309,""build_ns"":554536,""order"":[""x2"",""x6"",""x4"",""x3"",""x1"",""x5"",""x0"",""x7""]},{""sweep"":2,""seed"":444240483,""nodes"":9,""setup_ns"":3844644,""build_ns"":954361,""order"":[""x4"",""x0"",""x1"",""x5"",""x2"",""x3"",""x7"",""x6""]},{""sweep"":3,""seed"":444240484,""nodes"":9,""setup_ns"":3921249,""build_ns"":618639,""order"":[""x5"",""x4"",""x2"",""x6"",""x3"",""x1"",""x7"",""x0""]},{""sweep"":4,""seed"":444240485,""nodes"":9,""setup_ns"":9078077,""build_ns"":594538,""order"":[""x1"",""x5"",""x0"",""x4"",""x7"",""x6"",""x2"",""x3""]}]",54,61,108,287,116495.395,261906.635,87289.545,152010.0,1820016.0,1.3345858888369737,0.4447974179806479,0.7663666535096375,"{""cm"":[133982.51,124611.915,105813.72,111950.61,116495.395],""cse"":[261906.635,248074.755,264594.305,308165.075,232035.235],""cnf"":[87289.545,86214.475,88130.1,80818.13,96590.635],""robdd_enumerate"":[175612.0,187112.0,151610.0,123207.0,152010.0],""robdd_naive"":[2118134.0,1747311.0,1813715.0,1854618.0,1820016.0]}",256,True,33802.0,669943.0,1543798.0,1466193.0,0.021895351593926148,0.02305426366105963,"{""packed"":[35303.0,36002.0,33802.0,33002.0,33102.0],""scalar_cnf"":[709446.0,699045.0,669943.0,667542.0,663242.0],""robdd"":[1737210.0,1472093.0,1573800.0,1522196.0,1543798.0],""cadical"":[1450392.0,1804715.0,1413390.0,1472394.0,1466193.0]}",2000,44002,467629,1,True,20135779,227816,5643558,223172,549035,540,6349603,40951,4902,14701134,7633285,True,1709,62387762,8548043,True,477,38943873,35619562,True,"{""dropped_satisfied_clauses"":631,""payload_sha256"":""8ae1139af7acc56a016922d2ac6910b71906ab2c750af02484475f8a0013830b"",""removed_fixed_false_literals"":602,""residual_clauses"":380,""residual_literals"":465,""slice_feature_names"":[""CONFIG_FLOW_SUPPORT"",""CONFIG_FEATURE_RUNNABLE_PROGRAMS"",""CONFIG_FEATURE_FLOW"",""CONFIG_FLOW_FBP_GENERATOR_SAMPLES"",""CONFIG_LINUX"",""CONFIG_PLATFORM_LINUX"",""CONFIG_LINUX_MICRO"",""CONFIG_CC_SANITIZE""],""slice_variables"":[25,2,16,11,69,12,42,8],""source_clauses"":1011}"
real|soletta@2015-11-25_17-57-13|hash|k8,real,soletta@2015-11-25_17-57-13,soletta,hash,8,11,6,11,0.4545454545454546,4,0.015625,74a875f72c05eed86a01a0651acb1f72e2c94fcd1e7014a218db55a45a316d37,True,45303,510432,126008,dd.cudd,cudd,3830343,49903,7,3284309,52603,7,33022397,"[{""sweep"":0,""seed"":11133785,""nodes"":7,""setup_ns"":3284309,""build_ns"":52603,""order"":[""x5"",""x7"",""x0"",""x1"",""x6"",""x3"",""x4"",""x2""]},{""sweep"":1,""seed"":11133786,""nodes"":7,""setup_ns"":3750638,""build_ns"":62004,""order"":[""x7"",""x3"",""x0"",""x1"",""x4"",""x2"",""x6"",""x5""]},{""sweep"":2,""seed"":11133787,""nodes"":7,""setup_ns"":4140463,""build_ns"":75905,""order"":[""x4"",""x2"",""x3"",""x0"",""x5"",""x1"",""x7"",""x6""]},{""sweep"":3,""seed"":11133788,""nodes"":7,""setup_ns"":11036901,""build_ns"":73005,""order"":[""x2"",""x4"",""x6"",""x3"",""x1"",""x0"",""x5"",""x7""]},{""sweep"":4,""seed"":11133789,""nodes"":7,""setup_ns"":9705816,""build_ns"":55404,""order"":[""x2"",""x4"",""x6"",""x3"",""x5"",""x1"",""x0"",""x7""]}]",2,2,6,11,7470.975,10733.185,2333.145,138509.0,1718309.0,3.2021048841799375,0.6960631909354027,0.05393855272942553,"{""cm"":[8366.03,7396.47,7470.975,7561.985,6643.425],""cse"":[10733.185,11932.76,14698.93,10267.15,10506.665],""cnf"":[2333.145,2374.65,2474.66,2290.145,2325.65],""robdd_enumerate"":[111208.0,96806.0,138509.0,185412.0,153010.0],""robdd_naive"":[1766312.0,1519196.0,1721109.0,1718309.0,1666806.0]}",256,True,43702.0,580836.0,1700208.0,1623603.0,0.025703913874067175,0.026916678523013323,"{""packed"":[36102.0,43702.0,94306.0,37302.0,50103.0],""scalar_cnf"":[520034.0,408525.0,670843.0,580836.0,584737.0],""robdd"":[1700208.0,2736773.0,1624203.0,1918621.0,1507496.0],""cadical"":[1675406.0,2182439.0,1623603.0,1588401.0,1364587.0]}",1300,37302,177712,4,True,1124172,17306,476030,12398,44603,480,3341012,40951,641,9365495,6320502,True,56,59538781,6238596,True,387,36143295,30889062,True,"{""dropped_satisfied_clauses"":1000,""payload_sha256"":""8ae1139af7acc56a016922d2ac6910b71906ab2c750af02484475f8a0013830b"",""removed_fixed_false_literals"":401,""residual_clauses"":11,""residual_literals"":11,""slice_feature_names"":[""CONFIG_HAVE_ISATTY"",""CONFIG_UART_SAMPLE"",""CONFIG_CRYPTO_MESSAGE_DIGEST_COMMON"",""CONFIG_HAVE_ICU"",""CONFIG_FLOW_NODE_TYPE_UNIX_SOCKET"",""CONFIG_HAVE_RANDOM_R"",""CONFIG_TEST_STR_SPLIT"",""CONFIG_PLATFORM_LINUX_MICRO""],""slice_variables"":[171,159,93,162,67,234,311,13],""source_clauses"":1011}"
real|soletta@2015-11-25_17-57-13|incidence|k12,real,soletta@2015-11-25_17-57-13,soletta,incidence,12,398,36,503,0.9095477386934674,1,0.000244140625,cb047e41df9eaa511ae23972634596d43935f52ff3ddfa3f72c31e1f98b90d2f,True,604638,8435836,1763012,dd.cudd,cudd,2557562,512033,13,2668569,502032,13,22739744,"[{""sweep"":0,""seed"":953900656,""nodes"":13,""setup_ns"":2612966,""build_ns"":527834,""order"":[""x7"",""x8"",""x11"",""x4"",""x2"",""x10"",""x9"",""x6"",""x1"",""x0"",""x5"",""x3""]},{""sweep"":1,""seed"":953900657,""nodes"":13,""setup_ns"":2660669,""build_ns"":571636,""order"":[""x9"",""x5"",""x7"",""x8"",""x3"",""x4"",""x0"",""x1"",""x6"",""x2"",""x11"",""x10""]},{""sweep"":2,""seed"":953900658,""nodes"":13,""setup_ns"":2668569,""build_ns"":502032,""order"":[""x8"",""x10"",""x4"",""x2"",""x1"",""x3"",""x11"",""x0"",""x5"",""x7"",""x9"",""x6""]},{""sweep"":3,""seed"":953900659,""nodes"":13,""setup_ns"":3471521,""build_ns"":647041,""order"":[""x4"",""x2"",""x5"",""x10"",""x11"",""x3"",""x6"",""x9"",""x1"",""x0"",""x7"",""x8""]},{""sweep"":4,""seed"":953900660,""nodes"":13,""setup_ns"":7915002,""build_ns"":581937,""order"":[""x7"",""x10"",""x4"",""x11"",""x2"",""x8"",""x6"",""x9"",""x5"",""x0"",""x3"",""x1""]}]",64,70,128,339,129346.2,279015.72,142411.04,156110.0,34234275.0,0.9082596405447217,0.4635803316028215,0.8285580680289539,"{""cm"":[134192.52,133496.48,126278.02,129022.18,129346.2],""cse"":[270367.18,279015.72,286394.18,278101.66,395807.14],""cnf"":[141821.0,143807.14,142411.04,149731.5,139370.86],""robdd_enumerate"":[116207.0,169511.0,162810.0,156110.0,144809.0],""robdd_naive"":[40272158.0,33742043.0,38207927.0,34234275.0,33431223.0]}",256,True,42203.0,453329.0,2401152.0,1606502.0,0.017576146782877552,0.026270119800660068,"{""packed"":[40502.0,43903.0,42203.0,42603.0,34402.0],""scalar_cnf"":[446429.0,449828.0,476031.0,463729.0,453329.0],""robdd"":[2401152.0,2326248.0,2420853.0,2340449.0,3424117.0],""cadical"":[1603702.0,1606502.0,1645904.0,1751611.0,1588801.0]}",1700,38503,409526,1,True,20489801,265778,6130490,266918,648341,3644,5215431,41221,6826,9884828,6355903,True,1868,45597095,7049848,True,704,32231447,32378556,True,"{""dropped_satisfied_clauses"":613,""payload_sha256"":""8ae1139af7acc56a016922d2ac6910b71906ab2c750af02484475f8a0013830b"",""removed_fixed_false_literals"":567,""residual_clauses"":398,""residual_literals"":503,""slice_feature_names"":[""CONFIG_FLOW_SUPPORT"",""CONFIG_FEATURE_RUNNABLE_PROGRAMS"",""CONFIG_FEATURE_FLOW"",""CONFIG_FLOW_FBP_GENERATOR_SAMPLES"",""CONFIG_LINUX"",""CONFIG_PLATFORM_LINUX"",""CONFIG_LINUX_MICRO"",""CONFIG_CC_SANITIZE"",""CONFIG_HTTP_CLIENT"",""CONFIG_FLOW_NODE_TYPE_CALAMARI"",""CONFIG_FLOW_NODE_TYPE_GROVE"",""CONFIG_MODULES""],""slice_variables"":[25,2,16,11,69,12,42,8,21,74,87,43],""source_clauses"":1011}"
real|soletta@2015-11-25_17-57-13|hash|k12,real,soletta@2015-11-25_17-57-13,soletta,hash,12,42,10,43,0.7619047619047619,8,0.001953125,3d19d43d28972031aeffaf421db8522b3ca0cac01f88db428df5dd02daa90411,True,75005,952760,308820,dd.cudd,cudd,3277508,87406,10,3087096,87106,10,26832104,"[{""sweep"":0,""seed"":1816633497,""nodes"":10,""setup_ns"":2757175,""build_ns"":110307,""order"":[""x0"",""x10"",""x9"",""x7"",""x8"",""x5"",""x1"",""x4"",""x11"",""x2"",""x6"",""x3""]},{""sweep"":1,""seed"":1816633498,""nodes"":10,""setup_ns"":3026992,""build_ns"":164510,""order"":[""x7"",""x4"",""x9"",""x11"",""x6"",""x0"",""x8"",""x10"",""x3"",""x1"",""x5"",""x2""]},{""sweep"":2,""seed"":1816633499,""nodes"":10,""setup_ns"":3087096,""build_ns"":87106,""order"":[""x0"",""x4"",""x3"",""x6"",""x7"",""x2"",""x1"",""x5"",""x11"",""x8"",""x9"",""x10""]},{""sweep"":3,""seed"":1816633500,""nodes"":10,""setup_ns"":8487139,""build_ns"":111307,""order"":[""x1"",""x5"",""x8"",""x7"",""x9"",""x0"",""x2"",""x10"",""x11"",""x3"",""x6"",""x4""]},{""sweep"":4,""seed"":1816633501,""nodes"":10,""setup_ns"":8277226,""build_ns"":100506,""order"":[""x3"",""x9"",""x10"",""x11"",""x0"",""x2"",""x5"",""x4"",""x1"",""x8"",""x6"",""x7""]}]",8,8,19,37,21403.36,40380.56,16043.02,168411.0,36668428.0,1.3341228771141593,0.5300411881360735,0.12709003568650504,"{""cm"":[21677.36,31876.04,21403.36,21149.34,20465.3],""cse"":[35680.28,46686.96,40380.56,43212.76,32654.08],""cnf"":[16043.02,15861.0,18303.16,19537.24,15032.96],""robdd_enumerate"":[168411.0,169311.0,119108.0,183512.0,154510.0],""robdd_naive"":[34975721.0,37223864.0,37843003.0,36668428.0,36327707.0]}",256,True,67405.0,362323.0,2362450.0,1593001.0,0.02853182077927575,0.042313218886868245,"{""packed"":[58304.0,67405.0,69205.0,57504.0,71004.0],""scalar_cnf"":[523233.0,362323.0,349722.0,348022.0,395925.0],""robdd"":[2362450.0,2184038.0,2119334.0,2722773.0,2629267.0],""cadical"":[1538497.0,1604602.0,1585900.0,1593001.0,1769013.0]}",2100,37003,366523,8,True,2469556,38516,870355,32992,79305,3072,4259270,41221,2231,9476502,6731128,True,208,44306113,6329502,True,566,26216565,30153015,True,"{""dropped_satisfied_clauses"":969,""payload_sha256"":""8ae1139af7acc56a016922d2ac6910b71906ab2c750af02484475f8a0013830b"",""removed_fixed_false_literals"":428,""residual_clauses"":42,""residual_literals"":43,""slice_feature_names"":[""CONFIG_HAVE_ISATTY"",""CONFIG_UART_SAMPLE"",""CONFIG_CRYPTO_MESSAGE_DIGEST_COMMON"",""CONFIG_HAVE_ICU"",""CONFIG_FLOW_NODE_TYPE_UNIX_SOCKET"",""CONFIG_HAVE_RANDOM_R"",""CONFIG_TEST_STR_SPLIT"",""CONFIG_PLATFORM_LINUX_MICRO"",""CONFIG_FLOW_NODE_TYPE_GROVE"",""CONFIG_HAVE_SOCKET"",""CONFIG_FBP_TO_DOT"",""CONFIG_LINUX_MICRO""],""slice_variables"":[171,159,93,162,67,234,311,13,87,100,225,42],""source_clauses"":1011}"
real|soletta@2015-11-25_17-57-13|incidence|k16,real,soletta@2015-11-25_17-57-13,soletta,incidence,16,424,55,551,0.8702830188679245,1,1.52587890625e-05,18c67c86c08ea914a61849a531ce1d263b73efdccb629ee5c848ba5016e22d3d,True,1048666,10327155,2788077,dd.cudd,cudd,2823279,666542,17,2720473,622639,17,24884681,"[{""sweep"":0,""seed"":1186708637,""nodes"":17,""setup_ns"":3153000,""build_ns"":650942,""order"":[""x9"",""x12"",""x15"",""x4"",""x0"",""x5"",""x2"",""x1"",""x13"",""x10"",""x14"",""x3"",""x6"",""x11"",""x7"",""x8""]},{""sweep"":1,""seed"":1186708638,""nodes"":17,""setup_ns"":2720473,""build_ns"":622639,""order"":[""x9"",""x2"",""x14"",""x8"",""x11"",""x4"",""x7"",""x3"",""x15"",""x5"",""x10"",""x0"",""x13"",""x6"",""x1"",""x12""]},{""sweep"":2,""seed"":1186708639,""nodes"":17,""setup_ns"":3057095,""build_ns"":706944,""order"":[""x4"",""x10"",""x13"",""x6"",""x5"",""x3"",""x7"",""x14"",""x9"",""x1"",""x8"",""x12"",""x11"",""x2"",""x0"",""x15""]},{""sweep"":3,""seed"":1186708640,""nodes"":17,""setup_ns"":3030493,""build_ns"":851454,""order"":[""x4"",""x13"",""x7"",""x10"",""x0"",""x14"",""x15"",""x11"",""x3"",""x9"",""x8"",""x5"",""x1"",""x12"",""x6"",""x2""]},{""sweep"":4,""seed"":1186708641,""nodes"":17,""setup_ns"":8662050,""build_ns"":775250,""order"":[""x11"",""x10"",""x7"",""x3"",""x5"",""x8"",""x1"",""x9"",""x12"",""x13"",""x6"",""x14"",""x2"",""x4"",""x15"",""x0""]}]",83,86,165,390,275667.5,519953.0,1047036.5,195212.0,,0.2632835627029239,0.5301777276023025,1.4121442329364997,"{""cm"":[279407.7,275667.5,281087.8,269377.1,259846.5],""cse"":[519953.0,569106.2,494801.4,483860.8,579356.8],""cnf"":[1028425.3,1204006.4,1047036.5,1028475.3,1075938.4],""robdd_enumerate"":[195212.0,246215.0,211113.0,159310.0,176511.0]}",256,True,428427.0,397025.0,2897984.0,1852818.0,0.14783621993772222,0.2312299427142871,"{""packed"":[562136.0,428427.0,314220.0,366923.0,461529.0],""scalar_cnf"":[404026.0,397025.0,368924.0,375923.0,411026.0],""robdd"":[2898684.0,2897984.0,2886783.0,2761976.0,2976989.0],""cadical"":[1926022.0,1750311.0,1690907.0,1852818.0,1858518.0]}",9101,64004,,,True,26911509,743163,6550316,756315,1698708,52796,5808769,41429,23900,11976361,6483912,True,2064,8840662,7677488,True,937,27416441,33389520,True,"{""dropped_satisfied_clauses"":587,""payload_sha256"":""8ae1139af7acc56a016922d2ac6910b71906ab2c750af02484475f8a0013830b"",""removed_fixed_false_literals"":564,""residual_clauses"":424,""residual_literals"":551,""slice_feature_names"":[""CONFIG_FLOW_SUPPORT"",""CONFIG_FEATURE_RUNNABLE_PROGRAMS"",""CONFIG_FEATURE_FLOW"",""CONFIG_FLOW_FBP_GENERATOR_SAMPLES"",""CONFIG_LINUX"",""CONFIG_PLATFORM_LINUX"",""CONFIG_LINUX_MICRO"",""CONFIG_CC_SANITIZE"",""CONFIG_HTTP_CLIENT"",""CONFIG_FLOW_NODE_TYPE_CALAMARI"",""CONFIG_FLOW_NODE_TYPE_GROVE"",""CONFIG_MODULES"",""CONFIG_STATIC_LIBRARY"",""CONFIG_SHARED_LIBRARY"",""CONFIG_NETWORK"",""CONFIG_FEATURE_NETWORK""],""slice_variables"":[25,2,16,11,69,12,42,8,21,74,87,43,7,108,15,36],""source_clauses"":1011}"
real|soletta@2015-11-25_17-57-13|hash|k16,real,soletta@2015-11-25_17-57-13,soletta,hash,16,46,13,47,0.7173913043478262,16,0.000244140625,15e2ef0d0fc81fece6a7fcc5fe00ee17916e2930d33beac0735da994dc111445,True,108707,1227978,309619,dd.cudd,cudd,3265607,98606,13,3826743,113207,13,34182271,"[{""sweep"":0,""seed"":370425045,""nodes"":13,""setup_ns"":3826743,""build_ns"":113207,""order"":[""x13"",""x8"",""x5"",""x3"",""x11"",""x6"",""x10"",""x0"",""x2"",""x1"",""x9"",""x7"",""x14"",""x12"",""x15"",""x4""]},{""sweep"":1,""seed"":370425046,""nodes"":13,""setup_ns"":3874346,""build_ns"":163010,""order"":[""x2"",""x13"",""x0"",""x12"",""x10"",""x9"",""x4"",""x14"",""x1"",""x15"",""x7"",""x11"",""x8"",""x3"",""x5"",""x6""]},{""sweep"":2,""seed"":370425047,""nodes"":13,""setup_ns"":4059157,""build_ns"":153209,""order"":[""x8"",""x9"",""x2"",""x4"",""x5"",""x1"",""x15"",""x13"",""x11"",""x0"",""x14"",""x10"",""x12"",""x3"",""x7"",""x6""]},{""sweep"":3,""seed"":370425048,""nodes"":13,""setup_ns"":9902729,""build_ns"":122408,""order"":[""x11"",""x8"",""x10"",""x0"",""x14"",""x1"",""x2"",""x5"",""x7"",""x9"",""x15"",""x4"",""x13"",""x12"",""x6"",""x3""]},{""sweep"":4,""seed"":370425049,""nodes"":13,""setup_ns"":11062302,""build_ns"":135808,""order"":[""x3"",""x0"",""x8"",""x10"",""x9"",""x7"",""x1"",""x5"",""x15"",""x11"",""x6"",""x14"",""x4"",""x12"",""x2"",""x13""]}]",9,8,22,44,48733.1,71254.6,99066.3,250916.0,,0.491924095277607,0.6839291779057071,0.1942207750801065,"{""cm"":[54713.5,48733.1,57913.6,46102.9,41742.6],""cse"":[83075.3,71254.6,70534.5,66924.2,90775.8],""cnf"":[99066.3,106846.8,96056.1,94055.9,112567.1],""robdd_enumerate"":[229115.0,256816.0,247315.0,292719.0,250916.0]}",256,True,295318.0,561235.0,3789841.0,2375950.0,0.0779235857124349,0.12429470317136303,"{""packed"":[262816.0,345222.0,267217.0,295318.0,357123.0],""scalar_cnf"":[742347.0,561235.0,568837.0,502932.0,491731.0],""robdd"":[3602728.0,4064258.0,3626430.0,3789841.0,3813142.0],""cadical"":[2375950.0,2874583.0,2371151.0,2538061.0,2104434.0]}",4200,44203,,,True,3011891,107157,1400589,90397,307220,44032,3823442,41457,17818,12271379,7574881,True,229,46846475,8907866,True,750,46973083,45231873,True,"{""dropped_satisfied_clauses"":965,""payload_sha256"":""8ae1139af7acc56a016922d2ac6910b71906ab2c750af02484475f8a0013830b"",""removed_fixed_false_literals"":424,""residual_clauses"":46,""residual_literals"":47,""slice_feature_names"":[""CONFIG_HAVE_ISATTY"",""CONFIG_UART_SAMPLE"",""CONFIG_CRYPTO_MESSAGE_DIGEST_COMMON"",""CONFIG_HAVE_ICU"",""CONFIG_FLOW_NODE_TYPE_UNIX_SOCKET"",""CONFIG_HAVE_RANDOM_R"",""CONFIG_TEST_STR_SPLIT"",""CONFIG_PLATFORM_LINUX_MICRO"",""CONFIG_FLOW_NODE_TYPE_GROVE"",""CONFIG_HAVE_SOCKET"",""CONFIG_FBP_TO_DOT"",""CONFIG_LINUX_MICRO"",""CONFIG_FLOW_CALAMARI_LED_SAMPLE"",""CONFIG_FLOW_NODE_TYPE_TIMER"",""CONFIG_FLOW_NODE_TYPE_PLATFORM"",""CONFIG_FEATURE_HTTP_CLIENT""],""slice_variables"":[171,159,93,162,67,234,311,13,87,100,225,42,251,38,26,184],""source_clauses"":1011}"
real|soletta@2015-11-27_14-29-46|incidence|k8,real,soletta@2015-11-27_14-29-46,soletta,incidence,8,379,22,464,0.941952506596306,1,0.00390625,9e36673a278e023992b653aa0683ce64ba7cce51239e091c80d98bc627b45a00,True,1001464,7946105,2198839,dd.cudd,cudd,3492522,557535,9,3016292,496931,9,24875480,"[{""sweep"":0,""seed"":1265141228,""nodes"":9,""setup_ns"":3506423,""build_ns"":650241,""order"":[""x4"",""x3"",""x5"",""x2"",""x0"",""x6"",""x1"",""x7""]},{""sweep"":1,""seed"":1265141229,""nodes"":9,""setup_ns"":3191302,""build_ns"":576937,""order"":[""x3"",""x1"",""x4"",""x0"",""x5"",""x6"",""x2"",""x7""]},{""sweep"":2,""seed"":1265141230,""nodes"":9,""setup_ns"":3016292,""build_ns"":496931,""order"":[""x5"",""x6"",""x0"",""x4"",""x7"",""x3"",""x1"",""x2""]},{""sweep"":3,""seed"":1265141231,""nodes"":9,""setup_ns"":2946087,""build_ns"":531234,""order"":[""x2"",""x6"",""x0"",""x7"",""x3"",""x5"",""x1"",""x4""]},{""sweep"":4,""seed"":1265141232,""nodes"":9,""setup_ns"":8718154,""build_ns"":568536,""order"":[""x5"",""x2"",""x6"",""x0"",""x7"",""x1"",""x3"",""x4""]}]",56,63,111,285,119456.085,271112.715,83928.33,160610.0,1779513.0,1.4233106389701786,0.4406141003014189,0.7437649274640433,"{""cm"":[103557.58,150048.03,119456.085,147059.84,114224.255],""cse"":[232705.78,296612.835,240436.77,271112.715,276315.05],""cnf"":[83928.33,84071.84,83893.33,102101.98,78820.505],""robdd_enumerate"":[158910.0,177312.0,138009.0,160610.0,176912.0],""robdd_naive"":[2083632.0,1751211.0,1932122.0,1615702.0,1779513.0]}",256,True,36003.0,812551.0,1731110.0,1450792.0,0.020797638509395706,0.02481610044720401,"{""packed"":[39903.0,88706.0,36003.0,35003.0,33702.0],""scalar_cnf"":[812551.0,1095269.0,859955.0,790750.0,745947.0],""robdd"":[3237805.0,2069432.0,1731110.0,1532897.0,1510696.0],""cadical"":[1594001.0,1465293.0,1450792.0,1433591.0,1441092.0]}",800,48704,359822,1,True,18658785,225120,4914513,222556,337121,540,5035420,40951,5042,13070030,8173619,True,1706,10355457,10152245,True,479,37153660,39489108,True,"{""dropped_satisfied_clauses"":637,""payload_sha256"":""9561cc32c50179078957590303e5d45871ae394e38c5c0bdda7e44fd955b83ec"",""removed_fixed_false_literals"":619,""residual_clauses"":379,""residual_literals"":464,""slice_feature_names"":[""CONFIG_FLOW_SUPPORT"",""CONFIG_FEATURE_RUNNABLE_PROGRAMS"",""CONFIG_FEATURE_FLOW"",""CONFIG_FLOW_FBP_GENERATOR_SAMPLES"",""CONFIG_LINUX"",""CONFIG_PLATFORM_LINUX"",""CONFIG_HTTP_CLIENT"",""CONFIG_LINUX_MICRO""],""slice_variables"":[27,2,18,11,69,14,23,43],""source_clauses"":1016}"
real|soletta@2015-11-27_14-29-46|hash|k8,real,soletta@2015-11-27_14-29-46,soletta,hash,8,8,7,8,0.125,2,0.0078125,181ad7bde9780bd9c726586e96d0427a27f340c7cec9ddb357f1db21d74b460d,True,40802,515733,124608,dd.cudd,cudd,5843372,52803,8,3225804,41902,8,29505273,"[{""sweep"":0,""seed"":816063016,""nodes"":8,""setup_ns"":3171401,""build_ns"":43803,""order"":[""x5"",""x7"",""x6"",""x3"",""x0"",""x2"",""x4"",""x1""]},{""sweep"":1,""seed"":816063017,""nodes"":8,""setup_ns"":3225804,""build_ns"":41902,""order"":[""x5"",""x7"",""x6"",""x2"",""x4"",""x1"",""x0"",""x3""]},{""sweep"":2,""seed"":816063018,""nodes"":8,""setup_ns"":3292909,""build_ns"":46203,""order"":[""x7"",""x3"",""x0"",""x4"",""x2"",""x5"",""x6"",""x1""]},{""sweep"":3,""seed"":816063019,""nodes"":8,""setup_ns"":10257352,""build_ns"":52103,""order"":[""x3"",""x4"",""x5"",""x0"",""x1"",""x7"",""x6"",""x2""]},{""sweep"":4,""seed"":816063020,""nodes"":8,""setup_ns"":8670851,""build_ns"":50203,""order"":[""x7"",""x1"",""x4"",""x2"",""x5"",""x6"",""x0"",""x3""]}]",3,3,8,9,9114.58,9820.625,2297.15,115807.0,1641304.0,3.967777463378534,0.9281058995736015,0.07870491421071266,"{""cm"":[8463.035,9114.58,9484.105,9112.575,9115.58],""cse"":[13228.345,9564.105,14642.43,9511.1,9820.625],""cnf"":[2042.63,2828.68,2685.67,2297.15,2194.14],""robdd_enumerate"":[61704.0,208113.0,254116.0,115807.0,91706.0],""robdd_naive"":[1551399.0,2779577.0,1962824.0,1641304.0,1610002.0]}",256,True,34302.0,451728.0,1584301.0,1454192.0,0.021651188757691876,0.02358835697074389,"{""packed"":[38302.0,33202.0,33603.0,34302.0,37802.0],""scalar_cnf"":[451728.0,379424.0,484130.0,554136.0,376124.0],""robdd"":[1584301.0,1568499.0,1487494.0,1976625.0,1615303.0],""cadical"":[1531697.0,1448191.0,1573700.0,1454192.0,1430391.0]}",1300,77505,227114,2,True,1577800,16525,540434,12073,65704,480,4841607,40951,756,10966396,7351966,True,45,10087240,7688389,True,432,34678202,36086292,True,"{""dropped_satisfied_clauses"":1008,""payload_sha256"":""9561cc32c50179078957590303e5d45871ae394e38c5c0bdda7e44fd955b83ec"",""removed_fixed_false_literals"":397,""residual_clauses"":8,""residual_literals"":8,""slice_feature_names"":[""CONFIG_FLOW_BASICS_SUBPROCESS_BC_SAMPLE"",""CONFIG_CRYPTO_MESSAGE_DIGEST_OPENSSL"",""CONFIG_FLOW_MISC_RANDOM_NUMBERS_SAMPLE"",""CONFIG_HAVE_SOCKET"",""CONFIG_FLOW_NODE_TYPE_FORM"",""CONFIG_FLOW_GROVE_LED_ACCUMULATOR_SAMPLE"",""CONFIG_HAVE_SYS_AUXV_H"",""CONFIG_MAXIMUM_LOG_LEVEL_INFO""],""slice_variables"":[170,96,49,100,131,203,301,46],""source_clauses"":1016}"
real|soletta@2015-11-27_14-29-46|incidence|k12,real,soletta@2015-11-27_14-29-46,soletta,incidence,12,403,36,499,0.9106699751861043,1,0.000244140625,1a92415813147c383e8ec6958cc960fbd3bd8db55f419950095e058d7846bd67,True,1128972,9659714,2183938,dd.cudd,cudd,3185502,618339,13,3127999,574836,13,25086793,"[{""sweep"":0,""seed"":166162063,""nodes"":13,""setup_ns"":3512923,""build_ns"":685643,""order"":[""x9"",""x4"",""x2"",""x10"",""x0"",""x11"",""x8"",""x5"",""x7"",""x1"",""x3"",""x6""]},{""sweep"":1,""seed"":166162064,""nodes"":13,""setup_ns"":3082795,""build_ns"":609038,""order"":[""x5"",""x8"",""x2"",""x9"",""x10"",""x7"",""x3"",""x1"",""x6"",""x0"",""x4"",""x11""]},{""sweep"":2,""seed"":166162065,""nodes"":13,""setup_ns"":3127999,""build_ns"":574836,""order"":[""x7"",""x8"",""x10"",""x2"",""x4"",""x0"",""x5"",""x6"",""x1"",""x11"",""x3"",""x9""]},{""sweep"":3,""seed"":166162066,""nodes"":13,""setup_ns"":2979689,""build_ns"":587037,""order"":[""x10"",""x4"",""x1"",""x2"",""x7"",""x0"",""x6"",""x9"",""x11"",""x5"",""x8"",""x3""]},{""sweep"":4,""seed"":166162067,""nodes"":13,""setup_ns"":8701653,""build_ns"":597038,""order"":[""x10"",""x5"",""x8"",""x9"",""x7"",""x11"",""x3"",""x6"",""x2"",""x0"",""x1"",""x4""]}]",66,76,132,336,191798.18,327758.82,263516.74,182112.0,60945970.0,0.7278405918348868,0.5851808351030797,1.0531880381303813,"{""cm"":[191068.14,191798.18,177631.28,232156.76,317160.14],""cse"":[267489.0,327758.82,288708.34,1473861.6,538932.22],""cnf"":[193274.26,163788.4,263516.74,417752.52,356424.64],""robdd_enumerate"":[172611.0,155010.0,182112.0,235114.0,330021.0],""robdd_naive"":[38575050.0,36243102.0,80121788.0,60945970.0,102270395.0]}",256,True,105406.0,792150.0,5884674.0,4249970.0,0.017911952301860733,0.024801586834730598,"{""packed"":[105406.0,176911.0,88806.0,89806.0,146009.0],""scalar_cnf"":[792150.0,881056.0,559035.0,450828.0,3680134.0],""robdd"":[5884674.0,3647431.0,3527424.0,10484165.0,14552024.0],""cadical"":[3813242.0,4803305.0,4249970.0,24556259.0,3747638.0]}",1700,42603,396025,1,True,30625338,266010,11038699,268462,646341,3644,5387941,41221,7002,12991525,8885765,True,1864,11990062,11192208,True,705,37787892,42648199,True,"{""dropped_satisfied_clauses"":613,""payload_sha256"":""9561cc32c50179078957590303e5d45871ae394e38c5c0bdda7e44fd955b83ec"",""removed_fixed_false_literals"":582,""residual_clauses"":403,""residual_literals"":499,""slice_feature_names"":[""CONFIG_FLOW_SUPPORT"",""CONFIG_FEATURE_RUNNABLE_PROGRAMS"",""CONFIG_FEATURE_FLOW"",""CONFIG_FLOW_FBP_GENERATOR_SAMPLES"",""CONFIG_LINUX"",""CONFIG_PLATFORM_LINUX"",""CONFIG_HTTP_CLIENT"",""CONFIG_LINUX_MICRO"",""CONFIG_CC_SANITIZE"",""CONFIG_FLOW_NODE_TYPE_CALAMARI"",""CONFIG_FEATURE_NETWORK"",""CONFIG_FLOW_NODE_TYPE_GROVE""],""slice_variables"":[27,2,18,11,69,14,23,43,8,74,38,87],""source_clauses"":1016}"
real|soletta@2015-11-27_14-29-46|hash|k12,real,soletta@2015-11-27_14-29-46,soletta,hash,12,16,10,16,0.375,4,0.0009765625,4aad61b19dde251cbb0e293db996443f93fd958cfeab3cb1b3d5a8e82e7de413,True,83106,622240,228214,dd.cudd,cudd,5871272,105406,11,3383114,60304,11,37160252,"[{""sweep"":0,""seed"":820648387,""nodes"":11,""setup_ns"":4125561,""build_ns"":94006,""order"":[""x9"",""x3"",""x8"",""x5"",""x11"",""x2"",""x1"",""x10"",""x6"",""x4"",""x0"",""x7""]},{""sweep"":1,""seed"":820648388,""nodes"":11,""setup_ns"":5904474,""build_ns"":74005,""order"":[""x7"",""x3"",""x11"",""x2"",""x9"",""x1"",""x6"",""x10"",""x5"",""x4"",""x8"",""x0""]},{""sweep"":2,""seed"":820648389,""nodes"":11,""setup_ns"":3383114,""build_ns"":60304,""order"":[""x11"",""x8"",""x1"",""x7"",""x6"",""x3"",""x2"",""x0"",""x10"",""x5"",""x4"",""x9""]},{""sweep"":3,""seed"":820648390,""nodes"":11,""setup_ns"":11256212,""build_ns"":75405,""order"":[""x6"",""x9"",""x1"",""x7"",""x5"",""x4"",""x3"",""x2"",""x0"",""x10"",""x8"",""x11""]},{""sweep"":4,""seed"":820648391,""nodes"":11,""setup_ns"":11224811,""build_ns"":150910,""order"":[""x0"",""x5"",""x10"",""x1"",""x3"",""x4"",""x9"",""x7"",""x6"",""x2"",""x11"",""x8""]}]",3,3,11,17,18207.16,19935.26,8094.5,161711.0,46241726.0,2.2493248502069307,0.9133143987086199,0.11259073285057912,"{""cm"":[21211.34,12878.82,19807.26,18207.16,13274.84],""cse"":[20073.28,19935.26,26559.68,16085.02,15510.98],""cnf"":[8094.5,7726.48,11764.74,11042.7,7764.5],""robdd_enumerate"":[161711.0,117608.0,373524.0,182312.0,143309.0],""robdd_naive"":[46241726.0,45076053.0,51103835.0,49957162.0,39082874.0]}",256,True,76405.0,434527.0,2517459.0,1763512.0,0.0303500474089151,0.043325477796578644,"{""packed"":[76405.0,76605.0,75204.0,75905.0,102807.0],""scalar_cnf"":[867755.0,414326.0,443528.0,401426.0,434527.0],""robdd"":[2385551.0,2924185.0,2454855.0,2517459.0,2534360.0],""cadical"":[1791714.0,1764512.0,1684207.0,1763512.0,1762812.0]}",2300,43403,210613,4,True,2814878,25080,806451,19724,71704,3072,3693334,41221,1896,10552268,7257060,True,87,12003660,9370893,True,613,37792992,43062225,True,"{""dropped_satisfied_clauses"":1000,""payload_sha256"":""9561cc32c50179078957590303e5d45871ae394e38c5c0bdda7e44fd955b83ec"",""removed_fixed_false_literals"":398,""residual_clauses"":16,""residual_literals"":16,""slice_feature_names"":[""CONFIG_FLOW_BASICS_SUBPROCESS_BC_SAMPLE"",""CONFIG_CRYPTO_MESSAGE_DIGEST_OPENSSL"",""CONFIG_FLOW_MISC_RANDOM_NUMBERS_SAMPLE"",""CONFIG_HAVE_SOCKET"",""CONFIG_FLOW_NODE_TYPE_FORM"",""CONFIG_FLOW_GROVE_LED_ACCUMULATOR_SAMPLE"",""CONFIG_HAVE_SYS_AUXV_H"",""CONFIG_MAXIMUM_LOG_LEVEL_INFO"",""CONFIG_OIC_SAMPLES"",""CONFIG_HAVE_TINYDTLS_SRC"",""CONFIG_USE_PWM"",""CONFIG_HAVE_TINYCBOR_SRC""],""slice_variables"":[170,96,49,100,131,203,301,46,249,101,150,283],""source_clauses"":1016}"
real|soletta@2015-11-27_14-29-46|incidence|k16,real,soletta@2015-11-27_14-29-46,soletta,incidence,16,415,49,536,0.8819277108433735,1,1.52587890625e-05,b0ea5be9040e719d2db7a139971da6e73c5d99ac0f2cbb6938ef33d12c3e72fa,True,1308683,12423186,3476120,dd.cudd,cudd,2889483,628739,17,2685970,611139,17,22928551,"[{""sweep"":0,""seed"":1838804210,""nodes"":17,""setup_ns"":2920285,""build_ns"":688144,""order"":[""x7"",""x5"",""x1"",""x4"",""x11"",""x8"",""x0"",""x6"",""x10"",""x14"",""x9"",""x13"",""x3"",""x12"",""x2"",""x15""]},{""sweep"":1,""seed"":1838804211,""nodes"":17,""setup_ns"":3042193,""build_ns"":694344,""order"":[""x14"",""x4"",""x7"",""x2"",""x5"",""x12"",""x9"",""x6"",""x3"",""x10"",""x1"",""x15"",""x11"",""x8"",""x0"",""x13""]},{""sweep"":2,""seed"":1838804212,""nodes"":17,""setup_ns"":2811978,""build_ns"":657941,""order"":[""x1"",""x9"",""x11"",""x7"",""x3"",""x10"",""x5"",""x13"",""x12"",""x2"",""x4"",""x0"",""x14"",""x8"",""x6"",""x15""]},{""sweep"":3,""seed"":1838804213,""nodes"":17,""setup_ns"":2685970,""build_ns"":611139,""order"":[""x9"",""x13"",""x2"",""x15"",""x0"",""x4"",""x5"",""x10"",""x7"",""x8"",""x12"",""x3"",""x14"",""x11"",""x1"",""x6""]},{""sweep"":4,""seed"":1838804214,""nodes"":17,""setup_ns"":7361966,""build_ns"":892256,""order"":[""x6"",""x5"",""x7"",""x14"",""x2"",""x8"",""x11"",""x12"",""x1"",""x9"",""x4"",""x10"",""x3"",""x15"",""x0"",""x13""]}]",83,86,167,374,267687.0,507422.1,881985.8,210313.0,,0.3035048863598484,0.5275430455236381,1.2728029175562139,"{""cm"":[236704.9,262936.6,275947.4,418596.5,267687.0],""cse"":[449938.5,437637.7,537544.1,582806.9,507422.1],""cnf"":[725445.9,812881.4,895556.7,1350315.5,881985.8],""robdd_enumerate"":[108906.0,146009.0,210313.0,225214.0,238715.0]}",256,True,64404.0,429427.0,2953387.0,1802914.0,0.021806827212282033,0.035722169776262205,"{""packed"":[65704.0,64304.0,66404.0,64404.0,56504.0],""scalar_cnf"":[395425.0,429427.0,418226.0,434827.0,602638.0],""robdd"":[2931186.0,2953387.0,3045993.0,2885583.0,3554725.0],""cadical"":[1802914.0,1813415.0,1781413.0,1776013.0,1827415.0]}",3001,60303,,,True,38382730,740591,8497838,754519,1764512,52796,5970178,41429,23929,50405391,6656621,True,2008,8646648,7165353,True,936,31511194,42740705,True,"{""dropped_satisfied_clauses"":601,""payload_sha256"":""9561cc32c50179078957590303e5d45871ae394e38c5c0bdda7e44fd955b83ec"",""removed_fixed_false_literals"":562,""residual_clauses"":415,""residual_literals"":536,""slice_feature_names"":[""CONFIG_FLOW_SUPPORT"",""CONFIG_FEATURE_RUNNABLE_PROGRAMS"",""CONFIG_FEATURE_FLOW"",""CONFIG_FLOW_FBP_GENERATOR_SAMPLES"",""CONFIG_LINUX"",""CONFIG_PLATFORM_LINUX"",""CONFIG_HTTP_CLIENT"",""CONFIG_LINUX_MICRO"",""CONFIG_CC_SANITIZE"",""CONFIG_FLOW_NODE_TYPE_CALAMARI"",""CONFIG_FEATURE_NETWORK"",""CONFIG_FLOW_NODE_TYPE_GROVE"",""CONFIG_MODULES"",""CONFIG_STATIC_LIBRARY"",""CONFIG_SHARED_LIBRARY"",""CONFIG_HTTP_SERVER""],""slice_variables"":[27,2,18,11,69,14,23,43,8,74,38,87,44,7,108,25],""source_clauses"":1016}"
real|soletta@2015-11-27_14-29-46|hash|k16,real,soletta@2015-11-27_14-29-46,soletta,hash,16,24,13,24,0.45833333333333337,8,0.0001220703125,b1f196de6cb621fd9f54734363cc59760ab93df18d677e08bbdd643c196e984d,True,111607,772449,327921,dd.cudd,cudd,4185165,87705,14,3102196,68004,14,32619164,"[{""sweep"":0,""seed"":1966164236,""nodes"":14,""setup_ns"":3592427,""build_ns"":70504,""order"":[""x4"",""x1"",""x0"",""x7"",""x3"",""x11"",""x9"",""x15"",""x12"",""x10"",""x5"",""x8"",""x2"",""x13"",""x6"",""x14""]},{""sweep"":1,""seed"":1966164237,""nodes"":14,""setup_ns"":3102196,""build_ns"":68004,""order"":[""x7"",""x9"",""x12"",""x0"",""x3"",""x14"",""x15"",""x6"",""x13"",""x8"",""x1"",""x4"",""x5"",""x11"",""x2"",""x10""]},{""sweep"":2,""seed"":1966164238,""nodes"":14,""setup_ns"":3847743,""build_ns"":137309,""order"":[""x10"",""x15"",""x11"",""x2"",""x8"",""x0"",""x9"",""x3"",""x13"",""x7"",""x5"",""x1"",""x4"",""x12"",""x6"",""x14""]},{""sweep"":3,""seed"":1966164239,""nodes"":14,""setup_ns"":11751044,""build_ns"":116708,""order"":[""x6"",""x11"",""x9"",""x8"",""x7"",""x2"",""x0"",""x14"",""x3"",""x5"",""x10"",""x1"",""x4"",""x13"",""x15"",""x12""]},{""sweep"":4,""seed"":1966164240,""nodes"":14,""setup_ns"":9044872,""build_ns"":84306,""order"":[""x10"",""x14"",""x7"",""x2"",""x3"",""x8"",""x13"",""x6"",""x4"",""x11"",""x12"",""x1"",""x9"",""x0"",""x5"",""x15""]}]",4,4,15,26,30632.0,46542.9,65434.2,122007.0,,0.46813440066509565,0.6581454958758478,0.2510675616972797,"{""cm"":[26991.7,30632.0,27821.7,32562.1,41332.7],""cse"":[41292.6,48613.1,39462.5,46542.9,59373.7],""cnf"":[62773.9,66074.2,65434.2,65344.2,77514.9],""robdd_enumerate"":[99906.0,133908.0,122007.0,118007.0,171610.0]}",256,True,339622.0,488231.0,5719162.0,2496959.0,0.05938317536730031,0.13601424773093992,"{""packed"":[339622.0,295919.0,395025.0,298418.0,451329.0],""scalar_cnf"":[459429.0,737447.0,488231.0,484830.0,909258.0],""robdd"":[3302909.0,4354876.0,5847170.0,5719162.0,6353602.0],""cadical"":[2496959.0,2198339.0,3371413.0,2443554.0,3404116.0]}",4601,48103,,,True,17906634,66965,2583263,60213,1175375,39664,25281000,41429,17495,15802901,8583043,True,130,39554904,8847460,True,797,79040603,77483204,True,"{""dropped_satisfied_clauses"":992,""payload_sha256"":""9561cc32c50179078957590303e5d45871ae394e38c5c0bdda7e44fd955b83ec"",""removed_fixed_false_literals"":402,""residual_clauses"":24,""residual_literals"":24,""slice_feature_names"":[""CONFIG_FLOW_BASICS_SUBPROCESS_BC_SAMPLE"",""CONFIG_CRYPTO_MESSAGE_DIGEST_OPENSSL"",""CONFIG_FLOW_MISC_RANDOM_NUMBERS_SAMPLE"",""CONFIG_HAVE_SOCKET"",""CONFIG_FLOW_NODE_TYPE_FORM"",""CONFIG_FLOW_GROVE_LED_ACCUMULATOR_SAMPLE"",""CONFIG_HAVE_SYS_AUXV_H"",""CONFIG_MAXIMUM_LOG_LEVEL_INFO"",""CONFIG_OIC_SAMPLES"",""CONFIG_HAVE_TINYDTLS_SRC"",""CONFIG_USE_PWM"",""CONFIG_HAVE_TINYCBOR_SRC"",""CONFIG_CONFIG_CFLAGS"",""CONFIG_TEST_VECTOR"",""CONFIG_NETWORK"",""CONFIG_FLOW_NODE_TYPE_OAUTH""],""slice_variables"":[170,96,49,100,131,203,301,46,249,101,150,283,250,289,17,26],""source_clauses"":1016}"
real|soletta@2017-03-01_15-25-44|incidence|k8,real,soletta@2017-03-01_15-25-44,soletta,incidence,8,457,30,533,0.9343544857768052,1,0.00390625,63794a3bf8875ac2c32ba6238d27e7e15e56a3b794b8d2d6aec82faef2360e3a,True,1301083,19329124,3559325,dd.cudd,cudd,4179565,815852,9,4351476,1025065,9,35496847,"[{""sweep"":0,""seed"":1106335349,""nodes"":9,""setup_ns"":4587990,""build_ns"":1351786,""order"":[""x6"",""x7"",""x2"",""x4"",""x0"",""x1"",""x5"",""x3""]},{""sweep"":1,""seed"":1106335350,""nodes"":9,""setup_ns"":4672396,""build_ns"":1038966,""order"":[""x5"",""x0"",""x7"",""x6"",""x4"",""x2"",""x3"",""x1""]},{""sweep"":2,""seed"":1106335351,""nodes"":9,""setup_ns"":4351476,""build_ns"":1025065,""order"":[""x6"",""x7"",""x4"",""x3"",""x0"",""x5"",""x1"",""x2""]},{""sweep"":3,""seed"":1106335352,""nodes"":9,""setup_ns"":4389578,""build_ns"":1033066,""order"":[""x5"",""x6"",""x1"",""x2"",""x7"",""x4"",""x3"",""x0""]},{""sweep"":4,""seed"":1106335353,""nodes"":9,""setup_ns"":10899790,""build_ns"":1135372,""order"":[""x4"",""x5"",""x3"",""x0"",""x1"",""x2"",""x7"",""x6""]}]",69,85,135,350,199154.605,471553.345,155244.83,232015.0,2091932.0,1.282842108171976,0.42233738157450673,0.8583695235221861,"{""cm"":[214015.045,173555.49,194381.3,304913.3,199154.605],""cse"":[387187.51,400583.855,554153.575,494510.8,471553.345],""cnf"":[156332.395,151935.615,197066.47,155244.83,122277.24],""robdd_enumerate"":[153209.0,185012.0,234915.0,237215.0,232015.0],""robdd_naive"":[1868019.0,2091932.0,1852817.0,3599828.0,2139735.0]}",256,True,58403.0,870455.0,2303946.0,1758311.0,0.025349118425518655,0.033215398186100184,"{""packed"":[41503.0,326321.0,60003.0,46202.0,58403.0],""scalar_cnf"":[762948.0,1035466.0,997363.0,870455.0,739447.0],""robdd"":[1858118.0,2303946.0,2735373.0,1979925.0,2337448.0],""cadical"":[1721709.0,1758311.0,2321646.0,1705308.0,2012427.0]}",1700,62604,402725,1,True,22513625,266856,6874935,284544,378424,540,5879672,40951,6046,11885552,8129515,True,2008,10235948,9243085,True,477,34510884,35498947,True,"{""dropped_satisfied_clauses"":1411,""payload_sha256"":""8cd71f4bb4b06569e76d953fbb23d1f06131199a5c1568e99da9d9da72e6875e"",""removed_fixed_false_literals"":1060,""residual_clauses"":457,""residual_literals"":533,""slice_feature_names"":[""CONFIG_FEATURE_RUNNABLE_PROGRAMS"",""CONFIG_USE_FLOW"",""CONFIG_FEATURE_FLOW"",""CONFIG_FLOW_FBP_GENERATOR_SAMPLES"",""CONFIG_FLOW_NODE_TYPE_CONSOLE"",""CONFIG_LINUX"",""CONFIG_FLOW_NODE_TYPE_CONSTANT"",""CONFIG_FLOW_NODE_TYPE_TIMER""],""slice_variables"":[2,26,60,9,8,13,5,6],""source_clauses"":1868}"
real|soletta@2017-03-01_15-25-44|hash|k8,real,soletta@2017-03-01_15-25-44,soletta,hash,8,10,7,12,0.30000000000000004,4,0.015625,d1c8dbe14039b00a4625fc0fb6f50cd372f920865483cd49a68f5e5c7376be72,True,71305,512133,166710,dd.cudd,cudd,4070458,56404,7,3611228,49603,7,31955423,"[{""sweep"":0,""seed"":1373907132,""nodes"":7,""setup_ns"":4284772,""build_ns"":69004,""order"":[""x4"",""x1"",""x5"",""x2"",""x0"",""x3"",""x6"",""x7""]},{""sweep"":1,""seed"":1373907133,""nodes"":7,""setup_ns"":4186965,""build_ns"":94606,""order"":[""x5"",""x3"",""x7"",""x1"",""x6"",""x4"",""x0"",""x2""]},{""sweep"":2,""seed"":1373907134,""nodes"":7,""setup_ns"":3611228,""build_ns"":49603,""order"":[""x2"",""x7"",""x1"",""x4"",""x5"",""x3"",""x0"",""x6""]},{""sweep"":3,""seed"":1373907135,""nodes"":7,""setup_ns"":9684913,""build_ns"":57404,""order"":[""x6"",""x0"",""x2"",""x4"",""x3"",""x7"",""x5"",""x1""]},{""sweep"":4,""seed"":1373907136,""nodes"":7,""setup_ns"":9133678,""build_ns"":55204,""order"":[""x5"",""x3"",""x2"",""x7"",""x0"",""x6"",""x4"",""x1""]}]",5,5,10,13,20804.32,15057.455,3060.195,123408.0,2159537.0,6.798364156532508,1.3816624389712604,0.1685816154544276,"{""cm"":[25458.61,14538.42,11202.21,20804.32,23253.97],""cse"":[29924.895,14781.935,13825.375,15057.455,23409.98],""cnf"":[3298.71,2862.68,2595.165,3060.195,5134.825],""robdd_enumerate"":[64504.0,145110.0,97806.0,123408.0,146909.0],""robdd_naive"":[2159537.0,1660106.0,2194939.0,1678806.0,2945687.0]}",256,True,34502.0,417827.0,1544097.0,1456592.0,0.02234445115818501,0.02368679767567033,"{""packed"":[34502.0,34402.0,35802.0,51803.0,32802.0],""scalar_cnf"":[418627.0,417827.0,426527.0,399126.0,400126.0],""robdd"":[1686007.0,1544097.0,1543698.0,1648004.0,1451392.0],""cadical"":[1472293.0,1432091.0,1768212.0,1380987.0,1456592.0]}",900,59203,185012,4,True,2036429,19274,737447,15518,66104,540,5182728,40951,848,9578907,7249259,True,57,48013139,7700587,True,385,39232183,42645899,True,"{""dropped_satisfied_clauses"":1858,""payload_sha256"":""8cd71f4bb4b06569e76d953fbb23d1f06131199a5c1568e99da9d9da72e6875e"",""removed_fixed_false_literals"":940,""residual_clauses"":10,""residual_literals"":12,""slice_feature_names"":[""CONFIG_FLOW_NODE_TYPE_AIO"",""CONFIG_FLOW_METATYPE_JAVASCRIPT"",""CONFIG_TEST_MAINLOOP_GLIB_INTEGRATION"",""CONFIG_FLOW_TRASH_DISPOSER"",""CONFIG_TEST_LIST"",""CONFIG_FLOW_GROVE_THERMOMETER_SAMPLE"",""CONFIG_MAINLOOP_ZEPHYR_NANO"",""CONFIG_FLOW_GROVE_LCD_CURSOR_SAMPLE""],""slice_variables"":[38,44,396,56,308,311,33,195],""source_clauses"":1868}"
real|soletta@2017-03-01_15-25-44|incidence|k12,real,soletta@2017-03-01_15-25-44,soletta,incidence,12,536,52,634,0.9029850746268657,1,0.000244140625,2601e0b469ea3c0e604c8b1c192b2e8ccdbe5cae19babd40dcb505163aaa3c98,True,1778212,23672598,4150363,dd.cudd,cudd,4086259,1437591,13,3940050,1130571,13,35027317,"[{""sweep"":0,""seed"":1734789396,""nodes"":13,""setup_ns"":4460882,""build_ns"":1290282,""order"":[""x10"",""x9"",""x2"",""x0"",""x5"",""x1"",""x8"",""x4"",""x3"",""x11"",""x7"",""x6""]},{""sweep"":1,""seed"":1734789397,""nodes"":13,""setup_ns"":3940050,""build_ns"":1130571,""order"":[""x5"",""x10"",""x6"",""x8"",""x9"",""x11"",""x1"",""x2"",""x3"",""x4"",""x0"",""x7""]},{""sweep"":2,""seed"":1734789398,""nodes"":13,""setup_ns"":3819342,""build_ns"":1183275,""order"":[""x5"",""x6"",""x8"",""x9"",""x1"",""x4"",""x2"",""x11"",""x3"",""x10"",""x7"",""x0""]},{""sweep"":3,""seed"":1734789399,""nodes"":13,""setup_ns"":4204966,""build_ns"":1391888,""order"":[""x3"",""x10"",""x2"",""x11"",""x6"",""x9"",""x8"",""x7"",""x4"",""x1"",""x5"",""x0""]},{""sweep"":4,""seed"":1734789400,""nodes"":13,""setup_ns"":11394521,""build_ns"":1176875,""order"":[""x4"",""x3"",""x2"",""x11"",""x10"",""x7"",""x6"",""x8"",""x5"",""x1"",""x9"",""x0""]}]",102,102,201,469,224200.18,437511.7,197982.54,165811.0,46436339.0,1.1324240006214688,0.512443850073038,1.352142982069947,"{""cm"":[224200.18,245801.56,286730.16,213343.5,211121.36],""cse"":[426765.0,549946.8,468175.64,437511.7,419986.58],""cnf"":[193726.26,255268.16,197982.54,183129.6,219765.9],""robdd_enumerate"":[164510.0,165811.0,169211.0,231915.0,144809.0],""robdd_naive"":[51097934.0,35642656.0,46436339.0,47406401.0,41983258.0]}",256,True,85405.0,438928.0,3010291.0,2557062.0,0.028371011307544686,0.03339965945291901,"{""packed"":[85405.0,75405.0,113807.0,123207.0,77805.0],""scalar_cnf"":[438928.0,433127.0,445829.0,715946.0,412326.0],""robdd"":[2726873.0,2721672.0,3556125.0,3886646.0,3010291.0],""cadical"":[1780713.0,2211340.0,2964788.0,2962087.0,2557062.0]}",2500,49803,621539,1,True,30520732,386902,10114940,367382,547235,3644,8385631,41221,9918,11712941,8109013,True,2442,10183744,9401895,True,703,34964513,38391230,True,"{""dropped_satisfied_clauses"":1332,""payload_sha256"":""8cd71f4bb4b06569e76d953fbb23d1f06131199a5c1568e99da9d9da72e6875e"",""removed_fixed_false_literals"":1046,""residual_clauses"":536,""residual_literals"":634,""slice_feature_names"":[""CONFIG_FEATURE_RUNNABLE_PROGRAMS"",""CONFIG_USE_FLOW"",""CONFIG_FEATURE_FLOW"",""CONFIG_FLOW_FBP_GENERATOR_SAMPLES"",""CONFIG_FLOW_NODE_TYPE_CONSOLE"",""CONFIG_LINUX"",""CONFIG_FLOW_NODE_TYPE_CONSTANT"",""CONFIG_FLOW_NODE_TYPE_TIMER"",""CONFIG_FLOW_NODE_TYPE_CONVERTER"",""CONFIG_FEATURE_NETWORK"",""CONFIG_FLOW_NODE_TYPE_INT"",""CONFIG_NETWORK""],""slice_variables"":[2,26,60,9,8,13,5,6,3,45,114,76],""source_clauses"":1868}"
real|soletta@2017-03-01_15-25-44|hash|k12,real,soletta@2017-03-01_15-25-44,soletta,hash,12,15,11,17,0.2666666666666667,4,0.0009765625,6ce6bf4dd140ad489574028c51b2720fa642e19f6167a8e189353c35ec853897,True,135908,1104470,345722,dd.cudd,cudd,3864845,135408,11,9294888,70105,11,32893682,"[{""sweep"":0,""seed"":1859915126,""nodes"":11,""setup_ns"":3761239,""build_ns"":98906,""order"":[""x8"",""x6"",""x7"",""x5"",""x4"",""x11"",""x3"",""x2"",""x10"",""x9"",""x0"",""x1""]},{""sweep"":1,""seed"":1859915127,""nodes"":11,""setup_ns"":3792940,""build_ns"":78405,""order"":[""x2"",""x3"",""x8"",""x4"",""x11"",""x5"",""x0"",""x6"",""x10"",""x1"",""x9"",""x7""]},{""sweep"":2,""seed"":1859915128,""nodes"":11,""setup_ns"":3966051,""build_ns"":90405,""order"":[""x7"",""x8"",""x11"",""x6"",""x5"",""x0"",""x4"",""x3"",""x9"",""x1"",""x10"",""x2""]},{""sweep"":3,""seed"":1859915129,""nodes"":11,""setup_ns"":10892289,""build_ns"":82605,""order"":[""x0"",""x2"",""x6"",""x7"",""x1"",""x3"",""x11"",""x4"",""x10"",""x9"",""x5"",""x8""]},{""sweep"":4,""seed"":1859915130,""nodes"":11,""setup_ns"":9294888,""build_ns"":70105,""order"":[""x11"",""x7"",""x8"",""x4"",""x10"",""x9"",""x2"",""x0"",""x1"",""x5"",""x3"",""x6""]}]",7,7,16,20,18877.18,22565.42,10716.68,222114.0,40970693.0,1.7614765020510084,0.8365534521404876,0.08498869949665487,"{""cm"":[18877.18,18253.16,17415.1,19621.26,41038.58],""cse"":[22565.42,40678.58,19741.26,21195.34,50063.16],""cnf"":[10716.68,14178.9,7828.5,8464.54,14920.94],""robdd_enumerate"":[277118.0,262017.0,156310.0,137409.0,222114.0],""robdd_naive"":[46334433.0,49092207.0,35055719.0,32944185.0,40970693.0]}",256,True,63404.0,399125.0,2404552.0,1666106.0,0.02636832141704567,0.03805520176987539,"{""packed"":[64105.0,80205.0,51903.0,43103.0,63404.0],""scalar_cnf"":[394825.0,399125.0,367323.0,404925.0,406126.0],""robdd"":[2238441.0,3003790.0,2391151.0,2683769.0,2404552.0],""cadical"":[1666106.0,1593301.0,1994726.0,1552198.0,1689607.0]}",1600,41302,210613,4,True,2070331,27688,1169374,21108,80905,3644,4393078,41221,2165,10383957,8006906,True,85,9959430,7670686,True,613,34912910,41633835,True,"{""dropped_satisfied_clauses"":1853,""payload_sha256"":""8cd71f4bb4b06569e76d953fbb23d1f06131199a5c1568e99da9d9da72e6875e"",""removed_fixed_false_literals"":943,""residual_clauses"":15,""residual_literals"":17,""slice_feature_names"":[""CONFIG_FLOW_NODE_TYPE_AIO"",""CONFIG_FLOW_METATYPE_JAVASCRIPT"",""CONFIG_TEST_MAINLOOP_GLIB_INTEGRATION"",""CONFIG_FLOW_TRASH_DISPOSER"",""CONFIG_TEST_LIST"",""CONFIG_FLOW_GROVE_THERMOMETER_SAMPLE"",""CONFIG_MAINLOOP_ZEPHYR_NANO"",""CONFIG_FLOW_GROVE_LCD_CURSOR_SAMPLE"",""CONFIG_HAVE_RANDOM_R"",""CONFIG_FLOW_NODE_TYPE_FLOWER_POWER"",""CONFIG_FLOW_HTTP_CLIENT_SAMPLE"",""CONFIG_HAVE_GNU_SOURCE""],""slice_variables"":[38,44,396,56,308,311,33,195,458,132,352,293],""source_clauses"":1868}"
real|soletta@2017-03-01_15-25-44|incidence|k16,real,soletta@2017-03-01_15-25-44,soletta,incidence,16,586,71,715,0.878839590443686,1,1.52587890625e-05,88b8cbc700f3c909c456a653541a8e24f6c13bee9dfe4c9b86dad7d2b2d6b58e,True,1633304,15329170,3718135,dd.cudd,cudd,3052394,1701807,17,3294909,1025265,17,34191965,"[{""sweep"":0,""seed"":326273054,""nodes"":17,""setup_ns"":3043492,""build_ns"":1073368,""order"":[""x13"",""x3"",""x2"",""x4"",""x11"",""x14"",""x12"",""x9"",""x0"",""x15"",""x1"",""x7"",""x10"",""x6"",""x8"",""x5""]},{""sweep"":1,""seed"":326273055,""nodes"":17,""setup_ns"":4251969,""build_ns"":1165574,""order"":[""x12"",""x9"",""x1"",""x5"",""x7"",""x10"",""x11"",""x8"",""x6"",""x14"",""x13"",""x3"",""x15"",""x2"",""x4"",""x0""]},{""sweep"":2,""seed"":326273056,""nodes"":17,""setup_ns"":3294909,""build_ns"":1025265,""order"":[""x3"",""x12"",""x8"",""x11"",""x6"",""x13"",""x15"",""x9"",""x0"",""x5"",""x4"",""x2"",""x7"",""x1"",""x10"",""x14""]},{""sweep"":3,""seed"":326273057,""nodes"":17,""setup_ns"":4405379,""build_ns"":1792314,""order"":[""x1"",""x10"",""x5"",""x7"",""x14"",""x2"",""x15"",""x4"",""x8"",""x6"",""x0"",""x13"",""x11"",""x9"",""x12"",""x3""]},{""sweep"":4,""seed"":326273058,""nodes"":17,""setup_ns"":10819185,""build_ns"":2431954,""order"":[""x15"",""x13"",""x9"",""x1"",""x0"",""x6"",""x12"",""x10"",""x14"",""x8"",""x4"",""x7"",""x3"",""x11"",""x2"",""x5""]}]",124,128,246,545,737016.6,1332634.4,1791903.4,230915.0,,0.41130375666456126,0.5530523600471368,3.191722495290475,"{""cm"":[794990.4,669372.4,683003.3,737016.6,1011884.1],""cse"":[1516346.0,1327444.0,1188695.2,1332634.4,1866458.1],""cnf"":[1926291.9,1838386.4,1494714.6,1791903.4,1447751.6],""robdd_enumerate"":[235414.0,230915.0,217214.0,308419.0,228215.0]}",256,True,234015.0,466829.0,3059993.0,1849717.0,0.07647566514041045,0.12651394780931352,"{""packed"":[234015.0,263516.0,257116.0,199513.0,168911.0],""scalar_cnf"":[466829.0,929759.0,906458.0,429627.0,423727.0],""robdd"":[3059993.0,3205403.0,5018518.0,3031692.0,2930185.0],""cadical"":[1830916.0,2365149.0,3146499.0,1773512.0,1849717.0]}",4601,66804,,,True,43427349,1103079,15881805,1133503,1971824,52796,6930538,41429,27319,13634563,8714752,True,2793,10107639,7439770,True,936,32565661,41393920,True,"{""dropped_satisfied_clauses"":1282,""payload_sha256"":""8cd71f4bb4b06569e76d953fbb23d1f06131199a5c1568e99da9d9da72e6875e"",""removed_fixed_false_literals"":1018,""residual_clauses"":586,""residual_literals"":715,""slice_feature_names"":[""CONFIG_FEATURE_RUNNABLE_PROGRAMS"",""CONFIG_USE_FLOW"",""CONFIG_FEATURE_FLOW"",""CONFIG_FLOW_FBP_GENERATOR_SAMPLES"",""CONFIG_FLOW_NODE_TYPE_CONSOLE"",""CONFIG_LINUX"",""CONFIG_FLOW_NODE_TYPE_CONSTANT"",""CONFIG_FLOW_NODE_TYPE_TIMER"",""CONFIG_FLOW_NODE_TYPE_CONVERTER"",""CONFIG_FEATURE_NETWORK"",""CONFIG_FLOW_NODE_TYPE_INT"",""CONFIG_NETWORK"",""CONFIG_FLOW_NODE_TYPE_BOOLEAN"",""CONFIG_HTTP_CLIENT"",""CONFIG_SAMPLES"",""CONFIG_HTTP_SERVER""],""slice_variables"":[2,26,60,9,8,13,5,6,3,45,114,76,52,31,39,109],""source_clauses"":1868}"
real|soletta@2017-03-01_15-25-44|hash|k16,real,soletta@2017-03-01_15-25-44,soletta,hash,16,20,15,22,0.25,4,6.103515625e-05,8080b85d587a980ac9277176b57800ed7f00f7c13cb6acf5a51cf1806cc51aae,True,124107,1137672,481931,dd.cudd,cudd,3539624,130909,15,3734336,91006,15,34084857,"[{""sweep"":0,""seed"":160456047,""nodes"":15,""setup_ns"":4029055,""build_ns"":112507,""order"":[""x12"",""x6"",""x13"",""x10"",""x7"",""x4"",""x14"",""x2"",""x0"",""x8"",""x9"",""x5"",""x3"",""x1"",""x15"",""x11""]},{""sweep"":1,""seed"":160456048,""nodes"":15,""setup_ns"":3734336,""build_ns"":91006,""order"":[""x0"",""x5"",""x10"",""x11"",""x2"",""x7"",""x4"",""x14"",""x12"",""x13"",""x3"",""x1"",""x8"",""x6"",""x15"",""x9""]},{""sweep"":2,""seed"":160456049,""nodes"":15,""setup_ns"":3250506,""build_ns"":95006,""order"":[""x8"",""x9"",""x0"",""x11"",""x10"",""x14"",""x3"",""x4"",""x12"",""x6"",""x2"",""x5"",""x15"",""x1"",""x13"",""x7""]},{""sweep"":3,""seed"":160456050,""nodes"":15,""setup_ns"":10860787,""build_ns"":99306,""order"":[""x6"",""x4"",""x14"",""x12"",""x7"",""x2"",""x1"",""x10"",""x3"",""x13"",""x9"",""x8"",""x11"",""x5"",""x15"",""x0""]},{""sweep"":4,""seed"":160456051,""nodes"":15,""setup_ns"":10864487,""build_ns"":133309,""order"":[""x2"",""x6"",""x5"",""x15"",""x3"",""x9"",""x10"",""x8"",""x12"",""x0"",""x14"",""x1"",""x7"",""x4"",""x13"",""x11""]}]",10,10,23,28,42752.7,53903.4,85385.4,132008.0,,0.5007026962454939,0.7931354979463261,0.3238644627598327,"{""cm"":[42752.7,43322.8,38242.5,39282.5,56223.6],""cse"":[73994.7,47873.0,58553.7,47343.0,53903.4],""cnf"":[85385.4,84595.4,86905.5,86715.5,85255.4],""robdd_enumerate"":[152010.0,115007.0,111507.0,178311.0,132008.0]}",256,True,340121.0,570636.0,4060157.0,2387451.0,0.08377040592272664,0.14246198141867625,"{""packed"":[375924.0,340121.0,330721.0,358323.0,241116.0],""scalar_cnf"":[818552.0,577736.0,549835.0,570636.0,344421.0],""robdd"":[3592828.0,4405679.0,4060157.0,4149263.0,3906247.0],""cadical"":[2338348.0,2460156.0,2500358.0,2387451.0,2295345.0]}",4801,50903,,,True,2071131,104377,780849,95729,421326,51156,3346712,41429,17942,12200073,6843333,True,113,10031435,7651084,True,845,39930127,36131986,True,"{""dropped_satisfied_clauses"":1848,""payload_sha256"":""8cd71f4bb4b06569e76d953fbb23d1f06131199a5c1568e99da9d9da72e6875e"",""removed_fixed_false_literals"":942,""residual_clauses"":20,""residual_literals"":22,""slice_feature_names"":[""CONFIG_FLOW_NODE_TYPE_AIO"",""CONFIG_FLOW_METATYPE_JAVASCRIPT"",""CONFIG_TEST_MAINLOOP_GLIB_INTEGRATION"",""CONFIG_FLOW_TRASH_DISPOSER"",""CONFIG_TEST_LIST"",""CONFIG_FLOW_GROVE_THERMOMETER_SAMPLE"",""CONFIG_MAINLOOP_ZEPHYR_NANO"",""CONFIG_FLOW_GROVE_LCD_CURSOR_SAMPLE"",""CONFIG_HAVE_RANDOM_R"",""CONFIG_FLOW_NODE_TYPE_FLOWER_POWER"",""CONFIG_FLOW_HTTP_CLIENT_SAMPLE"",""CONFIG_HAVE_GNU_SOURCE"",""CONFIG_MQTT_PUBLISH_SUBSCRIBE_SAMPLES"",""CONFIG_FLOW_CALAMARI_BUTTON_ACCUMULATOR_PERSISTENCE_EFIVARS"",""CONFIG_HAVE_CHECK"",""CONFIG_FLOW_NODE_TYPE_ACCELEROMETER""],""slice_variables"":[38,44,396,56,308,311,33,195,458,132,352,293,186,18,452,237],""source_clauses"":1868}"
real|soletta@2017-03-09_21-02-40|incidence|k8,real,soletta@2017-03-09_21-02-40,soletta,incidence,8,505,30,585,0.9405940594059405,1,0.00390625,63794a3bf8875ac2c32ba6238d27e7e15e56a3b794b8d2d6aec82faef2360e3a,True,802751,8963267,2126735,dd.cudd,cudd,3158500,716846,9,3061994,628340,9,24207832,"[{""sweep"":0,""seed"":1754225381,""nodes"":9,""setup_ns"":2789676,""build_ns"":677243,""order"":[""x3"",""x7"",""x6"",""x2"",""x5"",""x1"",""x0"",""x4""]},{""sweep"":1,""seed"":1754225382,""nodes"":9,""setup_ns"":2901284,""build_ns"":652641,""order"":[""x5"",""x1"",""x4"",""x2"",""x0"",""x7"",""x6"",""x3""]},{""sweep"":2,""seed"":1754225383,""nodes"":9,""setup_ns"":3061994,""build_ns"":628340,""order"":[""x1"",""x6"",""x3"",""x4"",""x0"",""x5"",""x2"",""x7""]},{""sweep"":3,""seed"":1754225384,""nodes"":9,""setup_ns"":2906784,""build_ns"":674442,""order"":[""x7"",""x4"",""x1"",""x0"",""x6"",""x3"",""x2"",""x5""]},{""sweep"":4,""seed"":1754225385,""nodes"":9,""setup_ns"":8605645,""build_ns"":655342,""order"":[""x3"",""x0"",""x2"",""x4"",""x1"",""x5"",""x7"",""x6""]}]",73,87,143,378,141554.46,307010.935,107975.335,149409.0,1711108.0,1.3109888475919058,0.4610730233436148,0.9474292713290363,"{""cm"":[140637.9,141554.46,133204.43,194688.325,166751.055],""cse"":[299184.44,308669.535,307010.935,336689.815,298473.89],""cnf"":[107975.335,107087.275,109630.94,110013.46,106429.735],""robdd_enumerate"":[46403.0,163511.0,149510.0,149409.0,140109.0],""robdd_naive"":[1334085.0,1754611.0,1711108.0,1703508.0,1890519.0]}",256,True,36303.0,790550.0,1667406.0,1615502.0,0.02177214187786298,0.022471652774184125,"{""packed"":[79105.0,54203.0,36302.0,33002.0,36303.0],""scalar_cnf"":[790550.0,740447.0,843054.0,1038166.0,755648.0],""robdd"":[1691707.0,1667406.0,1467393.0,1409589.0,1796013.0],""cadical"":[1911021.0,1615502.0,1388488.0,1290481.0,1798013.0]}",1700,60104,481431,1,True,35118023,292304,6485811,298360,443228,540,5467646,40951,6374,11852950,8118414,True,2208,10621072,9351092,True,477,33403115,35332836,True,"{""dropped_satisfied_clauses"":1357,""payload_sha256"":""a2a769306043b4e6d715c594a9495a985f544667f3250b2fa8b5472e19bd54a1"",""removed_fixed_false_literals"":1093,""residual_clauses"":505,""residual_literals"":585,""slice_feature_names"":[""CONFIG_FEATURE_RUNNABLE_PROGRAMS"",""CONFIG_USE_FLOW"",""CONFIG_FEATURE_FLOW"",""CONFIG_FLOW_FBP_GENERATOR_SAMPLES"",""CONFIG_FLOW_NODE_TYPE_CONSOLE"",""CONFIG_LINUX"",""CONFIG_FLOW_NODE_TYPE_CONSTANT"",""CONFIG_FLOW_NODE_TYPE_TIMER""],""slice_variables"":[5,11,4,25,137,13,10,71],""source_clauses"":1862}"
real|soletta@2017-03-09_21-02-40|hash|k8,real,soletta@2017-03-09_21-02-40,soletta,hash,8,7,5,7,0.2857142857142857,8,0.03125,eaed63c54b43ab7a4e4d3f2282946070819d4a64ffe558731f3a378237953352,True,39603,270717,106406,dd.cudd,cudd,3099096,42303,6,2900683,36403,6,27176120,"[{""sweep"":0,""seed"":457786921,""nodes"":6,""setup_ns"":2900683,""build_ns"":36403,""order"":[""x0"",""x7"",""x5"",""x2"",""x3"",""x1"",""x6"",""x4""]},{""sweep"":1,""seed"":457786922,""nodes"":6,""setup_ns"":3108597,""build_ns"":40703,""order"":[""x1"",""x2"",""x3"",""x5"",""x0"",""x4"",""x7"",""x6""]},{""sweep"":2,""seed"":457786923,""nodes"":6,""setup_ns"":3117997,""build_ns"":47803,""order"":[""x5"",""x0"",""x3"",""x6"",""x4"",""x2"",""x7"",""x1""]},{""sweep"":3,""seed"":457786924,""nodes"":6,""setup_ns"":8448735,""build_ns"":49303,""order"":[""x2"",""x0"",""x4"",""x7"",""x5"",""x1"",""x6"",""x3""]},{""sweep"":4,""seed"":457786925,""nodes"":6,""setup_ns"":8712251,""build_ns"":64504,""order"":[""x1"",""x3"",""x4"",""x5"",""x0"",""x6"",""x2"",""x7""]}]",3,3,6,8,6605.415,7948.005,1908.62,99406.0,1456192.0,3.4608329578438872,0.8310783649481851,0.06644885620586283,"{""cm"":[6019.38,6139.89,6605.415,6925.94,7590.98],""cse"":[6894.94,8303.025,7948.005,8109.015,7794.995],""cnf"":[1745.61,1746.61,1908.62,2126.135,1985.125],""robdd_enumerate"":[90406.0,99406.0,119608.0,116307.0,91706.0],""robdd_naive"":[1217577.0,1512296.0,1498095.0,1456092.0,1456192.0]}",256,True,36003.0,421727.0,1541098.0,1492794.0,0.023361914686801228,0.024117862210057114,"{""packed"":[37203.0,36003.0,107107.0,34102.0,35202.0],""scalar_cnf"":[428327.0,402825.0,431728.0,421727.0,419327.0],""robdd"":[1541098.0,1463292.0,1576300.0,1635103.0,1469793.0],""cadical"":[1487394.0,1595901.0,1492794.0,1468693.0,1539597.0]}",1000,56403,235815,8,True,955961,14911,451928,11019,136708,476,3416616,40951,641,9637410,6500311,True,42,8341928,6126088,True,341,26736392,35285233,True,"{""dropped_satisfied_clauses"":1855,""payload_sha256"":""a2a769306043b4e6d715c594a9495a985f544667f3250b2fa8b5472e19bd54a1"",""removed_fixed_false_literals"":936,""residual_clauses"":7,""residual_literals"":7,""slice_feature_names"":[""CONFIG_COAP_CLIENT_SERVER_SAMPLES"",""CONFIG_BUILD_TYPE_DEBUG"",""CONFIG_FLOW_NODE_TYPE_JSON"",""CONFIG_CONFIG_LDFLAGS"",""CONFIG_CRYPTO_MESSAGE_DIGEST_RIOT"",""CONFIG_TEST_NETWORK"",""CONFIG_LWM2M_SAMPLES"",""CONFIG_FLOW_GROVE_THERMOMETER_SAMPLE""],""slice_variables"":[29,383,345,447,33,167,156,349],""source_clauses"":1862}"
real|soletta@2017-03-09_21-02-40|incidence|k12,real,soletta@2017-03-09_21-02-40,soletta,incidence,12,593,52,695,0.9123102866779089,1,0.000244140625,2601e0b469ea3c0e604c8b1c192b2e8ccdbe5cae19babd40dcb505163aaa3c98,True,998363,12544994,2823679,dd.cudd,cudd,3002690,849354,13,2804277,840953,13,25774431,"[{""sweep"":0,""seed"":47231645,""nodes"":13,""setup_ns"":3041993,""build_ns"":1020564,""order"":[""x5"",""x4"",""x11"",""x7"",""x3"",""x1"",""x9"",""x8"",""x6"",""x10"",""x0"",""x2""]},{""sweep"":1,""seed"":47231646,""nodes"":13,""setup_ns"":2946487,""build_ns"":917958,""order"":[""x1"",""x2"",""x4"",""x9"",""x7"",""x3"",""x8"",""x11"",""x6"",""x5"",""x10"",""x0""]},{""sweep"":2,""seed"":47231647,""nodes"":13,""setup_ns"":3080795,""build_ns"":1011664,""order"":[""x11"",""x4"",""x0"",""x10"",""x3"",""x8"",""x7"",""x6"",""x9"",""x1"",""x2"",""x5""]},{""sweep"":3,""seed"":47231648,""nodes"":13,""setup_ns"":2804277,""build_ns"":840953,""order"":[""x5"",""x9"",""x11"",""x3"",""x4"",""x10"",""x0"",""x6"",""x8"",""x2"",""x7"",""x1""]},{""sweep"":4,""seed"":47231649,""nodes"":13,""setup_ns"":8499438,""build_ns"":884956,""order"":[""x7"",""x8"",""x4"",""x0"",""x9"",""x10"",""x2"",""x11"",""x3"",""x1"",""x6"",""x5""]}]",107,115,211,499,221964.04,453182.68,204374.94,167711.0,35201628.0,1.0860628998839095,0.48978932734145975,1.323491243865936,"{""cm"":[215239.62,221964.04,214161.56,345123.84,225578.28],""cse"":[453182.68,433429.44,430403.24,468257.64,457874.98],""cnf"":[208939.24,196580.44,191310.1,208951.22,204374.94],""robdd_enumerate"":[179811.0,156010.0,167711.0,145709.0,180312.0],""robdd_naive"":[34990115.0,36488810.0,35185627.0,35201628.0,35209529.0]}",256,True,69305.0,521333.0,2367850.0,1645004.0,0.029269168232785015,0.042130596642926094,"{""packed"":[74105.0,69305.0,59804.0,74205.0,68604.0],""scalar_cnf"":[534434.0,546934.0,521333.0,509832.0,502232.0],""robdd"":[2462156.0,2367850.0,2977888.0,2327947.0,2279145.0],""cadical"":[1688607.0,1645004.0,1677906.0,1624703.0,1562098.0]}",1600,43603,425027,1,True,30941640,420822,8193284,401754,594235,3644,5056299,41221,10341,10760881,6627620,True,2683,8483737,6831033,True,703,27815261,32185537,True,"{""dropped_satisfied_clauses"":1269,""payload_sha256"":""a2a769306043b4e6d715c594a9495a985f544667f3250b2fa8b5472e19bd54a1"",""removed_fixed_false_literals"":1087,""residual_clauses"":593,""residual_literals"":695,""slice_feature_names"":[""CONFIG_FEATURE_RUNNABLE_PROGRAMS"",""CONFIG_USE_FLOW"",""CONFIG_FEATURE_FLOW"",""CONFIG_FLOW_FBP_GENERATOR_SAMPLES"",""CONFIG_FLOW_NODE_TYPE_CONSOLE"",""CONFIG_LINUX"",""CONFIG_FLOW_NODE_TYPE_CONSTANT"",""CONFIG_FLOW_NODE_TYPE_TIMER"",""CONFIG_FLOW_NODE_TYPE_CONVERTER"",""CONFIG_FEATURE_NETWORK"",""CONFIG_FLOW_NODE_TYPE_INT"",""CONFIG_NETWORK""],""slice_variables"":[5,11,4,25,137,13,10,71,44,73,83,20],""source_clauses"":1862}"
real|soletta@2017-03-09_21-02-40|hash|k12,real,soletta@2017-03-09_21-02-40,soletta,hash,12,40,7,40,0.825,32,0.0078125,7f040077ea3b5ead71401778c2cf01215938fcd0941cb4dae3c108d3d29cc238,True,69704,553132,192912,dd.cudd,cudd,3599013,158510,8,2728461,64304,8,26539570,"[{""sweep"":0,""seed"":1930639470,""nodes"":8,""setup_ns"":2779764,""build_ns"":99706,""order"":[""x9"",""x3"",""x8"",""x10"",""x11"",""x0"",""x1"",""x5"",""x4"",""x2"",""x7"",""x6""]},{""sweep"":1,""seed"":1930639471,""nodes"":8,""setup_ns"":3228791,""build_ns"":73104,""order"":[""x8"",""x4"",""x6"",""x10"",""x1"",""x9"",""x7"",""x3"",""x11"",""x2"",""x5"",""x0""]},{""sweep"":2,""seed"":1930639472,""nodes"":8,""setup_ns"":2728461,""build_ns"":64304,""order"":[""x2"",""x10"",""x7"",""x1"",""x4"",""x6"",""x9"",""x5"",""x3"",""x8"",""x11"",""x0""]},{""sweep"":3,""seed"":1930639473,""nodes"":8,""setup_ns"":8540605,""build_ns"":79205,""order"":[""x3"",""x2"",""x1"",""x0"",""x5"",""x11"",""x4"",""x7"",""x6"",""x8"",""x10"",""x9""]},{""sweep"":4,""seed"":1930639474,""nodes"":8,""setup_ns"":8254788,""build_ns"":77005,""order"":[""x10"",""x7"",""x4"",""x2"",""x1"",""x3"",""x9"",""x8"",""x11"",""x6"",""x0"",""x5""]}]",5,6,11,26,14924.88,26479.58,15750.94,278017.0,39702348.0,0.9475548760899348,0.5636373386586947,0.05368333591111334,"{""cm"":[13656.82,15122.9,14924.88,15116.9,13004.76],""cse"":[49392.92,22869.36,24583.46,26479.58,32961.96],""cnf"":[20779.24,15128.9,15750.94,14970.88,16626.98],""robdd_enumerate"":[422425.0,270516.0,276616.0,312519.0,278017.0],""robdd_naive"":[43557676.0,36669169.0,41262541.0,37925743.0,39702348.0]}",256,True,72605.0,746744.0,2153028.0,1741803.0,0.03372227393234087,0.04168381843411683,"{""packed"":[72605.0,91206.0,72204.0,67704.0,100806.0],""scalar_cnf"":[699541.0,779846.0,746744.0,674340.0,773246.0],""robdd"":[2357840.0,2793065.0,2153028.0,2120225.0,2094424.0],""cadical"":[1798006.0,1892212.0,1741803.0,1509989.0,1674999.0]}",1600,41802,549733,32,True,1908213,27302,744144,26338,68004,3072,3340998,41221,1869,10369513,6349876,True,209,8508203,6255270,True,474,27504927,29889267,True,"{""dropped_satisfied_clauses"":1822,""payload_sha256"":""a2a769306043b4e6d715c594a9495a985f544667f3250b2fa8b5472e19bd54a1"",""removed_fixed_false_literals"":944,""residual_clauses"":40,""residual_literals"":40,""slice_feature_names"":[""CONFIG_COAP_CLIENT_SERVER_SAMPLES"",""CONFIG_BUILD_TYPE_DEBUG"",""CONFIG_FLOW_NODE_TYPE_JSON"",""CONFIG_CONFIG_LDFLAGS"",""CONFIG_CRYPTO_MESSAGE_DIGEST_RIOT"",""CONFIG_TEST_NETWORK"",""CONFIG_LWM2M_SAMPLES"",""CONFIG_FLOW_GROVE_THERMOMETER_SAMPLE"",""CONFIG_FLOW_NODE_TYPE_HC_SR04"",""CONFIG_LINUX"",""CONFIG_FLOW_NODE_TYPE_TIMESTAMP"",""CONFIG_FLOW_NODE_TYPE_SERVO_MOTOR""],""slice_variables"":[29,383,345,447,33,167,156,349,347,13,327,240],""source_clauses"":1862}"
real|soletta@2017-03-09_21-02-40|incidence|k16,real,soletta@2017-03-09_21-02-40,soletta,incidence,16,647,71,780,0.8902627511591963,1,1.52587890625e-05,88b8cbc700f3c909c456a653541a8e24f6c13bee9dfe4c9b86dad7d2b2d6b58e,True,1104666,19793570,3041979,dd.cudd,cudd,3247992,1297977,17,3930233,1089264,17,29032217,"[{""sweep"":0,""seed"":1972506437,""nodes"":17,""setup_ns"":3494006,""build_ns"":1102465,""order"":[""x0"",""x3"",""x14"",""x11"",""x7"",""x8"",""x10"",""x6"",""x4"",""x1"",""x2"",""x5"",""x9"",""x15"",""x12"",""x13""]},{""sweep"":1,""seed"":1972506438,""nodes"":17,""setup_ns"":2828567,""build_ns"":1113866,""order"":[""x9"",""x14"",""x6"",""x4"",""x15"",""x10"",""x2"",""x12"",""x8"",""x7"",""x0"",""x1"",""x11"",""x3"",""x5"",""x13""]},{""sweep"":2,""seed"":1972506439,""nodes"":17,""setup_ns"":3930233,""build_ns"":1089264,""order"":[""x12"",""x1"",""x14"",""x10"",""x11"",""x15"",""x2"",""x5"",""x3"",""x7"",""x0"",""x9"",""x8"",""x4"",""x13"",""x6""]},{""sweep"":3,""seed"":1972506440,""nodes"":17,""setup_ns"":2753663,""build_ns"":1114266,""order"":[""x6"",""x8"",""x4"",""x2"",""x1"",""x0"",""x13"",""x5"",""x15"",""x9"",""x7"",""x14"",""x12"",""x11"",""x10"",""x3""]},{""sweep"":4,""seed"":1972506441,""nodes"":17,""setup_ns"":8744417,""build_ns"":2130626,""order"":[""x5"",""x8"",""x13"",""x12"",""x15"",""x14"",""x10"",""x1"",""x3"",""x6"",""x11"",""x4"",""x7"",""x2"",""x0"",""x9""]}]",128,134,254,586,531001.4,1092834.7,1495118.4,239514.0,,0.3551567554783622,0.4858936122727436,2.2169952487119753,"{""cm"":[531001.4,579634.3,589794.9,507720.0,397683.5],""cse"":[1092834.7,1261914.7,954056.4,1275385.5,761595.1],""cnf"":[1130926.8,2065962.2,1562412.4,1472517.1,1495118.4],""robdd_enumerate"":[338120.0,239514.0,242614.0,193012.0,177911.0]}",256,True,155909.0,505830.0,2937873.0,1583494.0,0.05306866566390038,0.09845885112289658,"{""packed"":[155909.0,155909.0,176311.0,175110.0,107206.0],""scalar_cnf"":[531031.0,493929.0,505830.0,490529.0,524631.0],""robdd"":[3091083.0,2569652.0,2785265.0,3042180.0,2937873.0],""cadical"":[1663198.0,1559693.0,1816407.0,1576294.0,1583494.0]}",53904,94105,,,True,35939625,1158167,10284309,1194791,2523549,52796,5189307,41429,27651,13648708,9154941,True,3054,17987163,7989972,True,936,37643026,39438932,True,"{""dropped_satisfied_clauses"":1215,""payload_sha256"":""a2a769306043b4e6d715c594a9495a985f544667f3250b2fa8b5472e19bd54a1"",""removed_fixed_false_literals"":1063,""residual_clauses"":647,""residual_literals"":780,""slice_feature_names"":[""CONFIG_FEATURE_RUNNABLE_PROGRAMS"",""CONFIG_USE_FLOW"",""CONFIG_FEATURE_FLOW"",""CONFIG_FLOW_FBP_GENERATOR_SAMPLES"",""CONFIG_FLOW_NODE_TYPE_CONSOLE"",""CONFIG_LINUX"",""CONFIG_FLOW_NODE_TYPE_CONSTANT"",""CONFIG_FLOW_NODE_TYPE_TIMER"",""CONFIG_FLOW_NODE_TYPE_CONVERTER"",""CONFIG_FEATURE_NETWORK"",""CONFIG_FLOW_NODE_TYPE_INT"",""CONFIG_NETWORK"",""CONFIG_FLOW_NODE_TYPE_BOOLEAN"",""CONFIG_HTTP_CLIENT"",""CONFIG_SAMPLES"",""CONFIG_HTTP_SERVER""],""slice_variables"":[5,11,4,25,137,13,10,71,44,73,83,20,68,74,47,62],""source_clauses"":1862}"
real|soletta@2017-03-09_21-02-40|hash|k16,real,soletta@2017-03-09_21-02-40,soletta,hash,16,44,11,44,0.75,32,0.00048828125,75b6bba423829b97e3846d9c07a1039587feb08dfdcd3990a4e4ed2467ed3052,True,78405,738343,286617,dd.cudd,cudd,3019078,90706,12,3011178,81505,12,29312233,"[{""sweep"":0,""seed"":1333633691,""nodes"":12,""setup_ns"":3423003,""build_ns"":106606,""order"":[""x4"",""x7"",""x11"",""x5"",""x6"",""x9"",""x13"",""x2"",""x0"",""x15"",""x12"",""x3"",""x10"",""x14"",""x1"",""x8""]},{""sweep"":1,""seed"":1333633692,""nodes"":12,""setup_ns"":3296495,""build_ns"":102906,""order"":[""x7"",""x11"",""x6"",""x15"",""x1"",""x5"",""x9"",""x3"",""x0"",""x8"",""x12"",""x4"",""x10"",""x13"",""x2"",""x14""]},{""sweep"":2,""seed"":1333633693,""nodes"":12,""setup_ns"":3011178,""build_ns"":81505,""order"":[""x10"",""x4"",""x0"",""x6"",""x9"",""x1"",""x8"",""x14"",""x5"",""x15"",""x2"",""x11"",""x3"",""x13"",""x12"",""x7""]},{""sweep"":3,""seed"":1333633694,""nodes"":12,""setup_ns"":8277790,""build_ns"":94106,""order"":[""x4"",""x9"",""x1"",""x14"",""x3"",""x7"",""x11"",""x8"",""x12"",""x2"",""x15"",""x6"",""x5"",""x10"",""x13"",""x0""]},{""sweep"":4,""seed"":1333633695,""nodes"":12,""setup_ns"":10025193,""build_ns"":180911,""order"":[""x11"",""x15"",""x5"",""x6"",""x14"",""x7"",""x9"",""x8"",""x13"",""x4"",""x12"",""x1"",""x10"",""x2"",""x3"",""x0""]}]",6,7,15,35,38682.3,49292.9,92365.5,318419.0,,0.4187959790181399,0.7847438474912208,0.12148238641538352,"{""cm"":[46202.7,38682.3,27591.7,41162.4,31011.8],""cse"":[87295.2,44732.6,49292.9,60013.6,48962.9],""cnf"":[109456.5,92365.5,88195.2,87855.2,96385.7],""robdd_enumerate"":[476029.0,337020.0,284017.0,269016.0,318419.0]}",256,True,451827.0,680540.0,3257693.0,1951516.0,0.13869538965151104,0.2315261571004286,"{""packed"":[500130.0,478728.0,451827.0,409424.0,378723.0],""scalar_cnf"":[838650.0,652439.0,728543.0,656739.0,680540.0],""robdd"":[4435562.0,3118584.0,3363299.0,3257693.0,3002678.0],""cadical"":[1947816.0,1951516.0,2237632.0,2181329.0,1868410.0]}",6400,62304,,,True,3796225,78507,985259,81323,383123,44032,4931591,41429,17517,12945965,7271531,True,230,9942188,7179025,True,706,32088098,36817678,True,"{""dropped_satisfied_clauses"":1818,""payload_sha256"":""a2a769306043b4e6d715c594a9495a985f544667f3250b2fa8b5472e19bd54a1"",""removed_fixed_false_literals"":944,""residual_clauses"":44,""residual_literals"":44,""slice_feature_names"":[""CONFIG_COAP_CLIENT_SERVER_SAMPLES"",""CONFIG_BUILD_TYPE_DEBUG"",""CONFIG_FLOW_NODE_TYPE_JSON"",""CONFIG_CONFIG_LDFLAGS"",""CONFIG_CRYPTO_MESSAGE_DIGEST_RIOT"",""CONFIG_TEST_NETWORK"",""CONFIG_LWM2M_SAMPLES"",""CONFIG_FLOW_GROVE_THERMOMETER_SAMPLE"",""CONFIG_FLOW_NODE_TYPE_HC_SR04"",""CONFIG_LINUX"",""CONFIG_FLOW_NODE_TYPE_TIMESTAMP"",""CONFIG_FLOW_NODE_TYPE_SERVO_MOTOR"",""CONFIG_FLOW_BASICS_WEEKDAY_SAMPLE"",""CONFIG_FLOW_CALAMARI_BUTTON_ACCUMULATOR_PERSISTENCE"",""CONFIG_MQTT_SAMPLES"",""CONFIG_FLOW_GROVE_LED_WAVE_GENERATOR_SAMPLE""],""slice_variables"":[29,383,345,447,33,167,156,349,347,13,327,240,154,287,366,72],""source_clauses"":1862}"
real|uClibc@2008-06-05_13-46-47|incidence|k8,real,uClibc@2008-06-05_13-46-47,uClibc,incidence,8,82,63,214,0.23170731707317072,1,0.00390625,f5b8339cb1efc7f3fcb94dcdf8bb3ec191ee016609082e47242ee6253a05da9b,True,429426,4666476,1308277,dd.cudd,cudd,2991277,367022,9,3627714,464828,9,28437582,"[{""sweep"":0,""seed"":1909710741,""nodes"":9,""setup_ns"":3177188,""build_ns"":465028,""order"":[""x0"",""x3"",""x5"",""x4"",""x2"",""x6"",""x1"",""x7""]},{""sweep"":1,""seed"":1909710742,""nodes"":9,""setup_ns"":3977935,""build_ns"":580235,""order"":[""x2"",""x0"",""x7"",""x1"",""x4"",""x3"",""x6"",""x5""]},{""sweep"":2,""seed"":1909710743,""nodes"":9,""setup_ns"":3878129,""build_ns"":515831,""order"":[""x6"",""x0"",""x2"",""x4"",""x5"",""x1"",""x3"",""x7""]},{""sweep"":3,""seed"":1909710744,""nodes"":9,""setup_ns"":3627714,""build_ns"":464828,""order"":[""x3"",""x6"",""x7"",""x0"",""x4"",""x2"",""x1"",""x5""]},{""sweep"":4,""seed"":1909710745,""nodes"":9,""setup_ns"":10395315,""build_ns"":556233,""order"":[""x4"",""x7"",""x3"",""x1"",""x0"",""x6"",""x5"",""x2""]}]",67,67,138,157,160661.0,176167.42,50914.01,188011.0,2451545.0,3.1555361677463627,0.9119790708179752,0.8545297881506934,"{""cm"":[134462.455,164550.23,160661.0,141755.385,196937.645],""cse"":[143595.995,151736.975,208021.805,176167.42,222662.17],""cnf"":[50914.01,47937.335,47180.29,64386.805,66536.435],""robdd_enumerate"":[173810.0,188011.0,203112.0,211812.0,161509.0],""robdd_naive"":[2019819.0,2451545.0,1873810.0,2578753.0,2454246.0]}",256,True,53203.0,1541091.0,1649898.0,1676999.0,0.032246235827911786,0.03172512327079503,"{""packed"":[35402.0,55303.0,57403.0,43103.0,53203.0],""scalar_cnf"":[1458786.0,2419243.0,2492248.0,1541091.0,1367581.0],""robdd"":[1649898.0,1652198.0,2721861.0,1564893.0,1486188.0],""cadical"":[1566293.0,2077323.0,2618955.0,1377981.0,1676999.0]}",1201,67604,266815,1,True,14345749,139704,4705678,116096,256815,540,6383577,40951,6055,48575774,8454400,True,748,11839700,8489502,True,478,37986147,36929384,True,"{""dropped_satisfied_clauses"":1617,""payload_sha256"":""9743f4fc5822db37068bd2bf2fc4d5a264c7f51bda52f0f92945d3a48445e1bf"",""removed_fixed_false_literals"":313,""residual_clauses"":82,""residual_literals"":214,""slice_feature_names"":[""CONFIG_FORCE_OPTIONS_FOR_ARCH"",""CONFIG_ARCH_HAS_MMU"",""CONFIG_TARGET_i386"",""CONFIG_TARGET_hppa"",""CONFIG_TARGET_powerpc"",""CONFIG_TARGET_alpha"",""CONFIG_TARGET_arm"",""CONFIG_TARGET_ia64""],""slice_variables"":[9,25,18,77,23,11,49,73],""source_clauses"":1699}"
real|uClibc@2008-06-05_13-46-47|hash|k8,real,uClibc@2008-06-05_13-46-47,uClibc,hash,8,20,7,20,0.65,2,0.0078125,30c49013f5f1e865a4b9d936216c4e65587a81be9a61e4273d51b8142a6d4053,True,64003,2081523,290418,dd.cudd,cudd,3754722,64404,8,3712519,72305,8,40581201,"[{""sweep"":0,""seed"":1935906575,""nodes"":8,""setup_ns"":3606514,""build_ns"":115507,""order"":[""x7"",""x0"",""x6"",""x3"",""x2"",""x4"",""x5"",""x1""]},{""sweep"":1,""seed"":1935906576,""nodes"":8,""setup_ns"":3712519,""build_ns"":72305,""order"":[""x5"",""x4"",""x6"",""x2"",""x3"",""x0"",""x7"",""x1""]},{""sweep"":2,""seed"":1935906577,""nodes"":8,""setup_ns"":4500266,""build_ns"":99806,""order"":[""x2"",""x6"",""x3"",""x5"",""x0"",""x4"",""x7"",""x1""]},{""sweep"":3,""seed"":1935906578,""nodes"":8,""setup_ns"":11794997,""build_ns"":74904,""order"":[""x7"",""x5"",""x2"",""x6"",""x4"",""x3"",""x1"",""x0""]},{""sweep"":4,""seed"":1935906579,""nodes"":8,""setup_ns"":15577521,""build_ns"":110807,""order"":[""x0"",""x3"",""x7"",""x4"",""x5"",""x6"",""x2"",""x1""]}]",6,7,11,22,12611.745,21857.795,5418.82,151809.0,1904713.0,2.3273969240535766,0.5769907257342289,0.08307639863249215,"{""cm"":[24717.96,12120.215,12611.745,12939.765,10943.645],""cse"":[38003.75,23302.38,21419.77,21610.28,21857.795],""cnf"":[6066.86,5879.845,5418.82,5118.3,4991.295],""robdd_enumerate"":[162110.0,158109.0,125307.0,151809.0,139208.0],""robdd_naive"":[1927014.0,1926414.0,1904713.0,1898113.0,1760204.0]}",256,True,53803.0,790846.0,1691700.0,2119525.0,0.03180410238221907,0.025384461141057548,"{""packed"":[53803.0,48902.0,81104.0,31801.0,56603.0],""scalar_cnf"":[809548.0,790846.0,722442.0,454627.0,879052.0],""robdd"":[1691700.0,2650557.0,2475947.0,1535491.0,1608695.0],""cadical"":[2092623.0,2151127.0,2119525.0,1466386.0,2514649.0]}",1800,84005,262016,2,True,1839609,25265,731743,20913,61004,480,4054940,40951,933,12112817,8316292,True,99,11259966,8038575,True,432,36538961,41218738,True,"{""dropped_satisfied_clauses"":1679,""payload_sha256"":""9743f4fc5822db37068bd2bf2fc4d5a264c7f51bda52f0f92945d3a48445e1bf"",""removed_fixed_false_literals"":294,""residual_clauses"":20,""residual_literals"":20,""slice_feature_names"":[""CONFIG_CONFIG_CLASSIC"",""CONFIG_TARGET_i960"",""CONFIG_FORCE_SHAREABLE_TEXT_SEGMENTS"",""CONFIG_LDSO_LDD_SUPPORT"",""CONFIG_CONFIG_MIPS_N64_ABI"",""CONFIG_UCLIBC_HAS_NETWORK_SUPPORT"",""CONFIG_CONFIG_ARM_IWMMXT"",""CONFIG_CONFIG_586MMX""],""slice_variables"":[177,16,64,171,132,92,42,170],""source_clauses"":1699}"
real|uClibc@2008-06-05_13-46-47|incidence|k12,real,uClibc@2008-06-05_13-46-47,uClibc,incidence,12,148,134,403,0.09459459459459463,1,0.000244140625,959e6134ca3c09702ab9ab940a54327d5ee1292ddbd1c86eee05b81a7f130a69,True,908854,12448236,2788165,dd.cudd,cudd,3774723,1038861,13,2918873,783346,13,27669137,"[{""sweep"":0,""seed"":348834911,""nodes"":13,""setup_ns"":3773123,""build_ns"":1203371,""order"":[""x6"",""x9"",""x7"",""x2"",""x1"",""x4"",""x10"",""x5"",""x11"",""x0"",""x8"",""x3""]},{""sweep"":1,""seed"":348834912,""nodes"":13,""setup_ns"":3775123,""build_ns"":1241173,""order"":[""x11"",""x5"",""x4"",""x3"",""x8"",""x10"",""x9"",""x1"",""x7"",""x6"",""x0"",""x2""]},{""sweep"":2,""seed"":348834913,""nodes"":13,""setup_ns"":3257392,""build_ns"":934456,""order"":[""x8"",""x1"",""x6"",""x2"",""x11"",""x4"",""x0"",""x7"",""x9"",""x3"",""x5"",""x10""]},{""sweep"":3,""seed"":348834914,""nodes"":13,""setup_ns"":2918873,""build_ns"":783346,""order"":[""x8"",""x9"",""x0"",""x6"",""x7"",""x4"",""x2"",""x3"",""x10"",""x11"",""x5"",""x1""]},{""sweep"":4,""seed"":348834915,""nodes"":13,""setup_ns"":8202885,""build_ns"":831449,""order"":[""x4"",""x11"",""x3"",""x0"",""x5"",""x1"",""x2"",""x8"",""x6"",""x9"",""x7"",""x10""]}]",141,141,288,302,417598.7,388929.0,276496.36,165210.0,37152698.0,1.5103225952052317,1.0737144825919385,2.5276841595545063,"{""cm"":[246006.56,271100.04,438925.96,438215.92,417598.7],""cse"":[291425.24,278490.48,573231.92,388929.0,458511.12],""cnf"":[210046.42,187271.08,291629.24,276496.36,309164.3],""robdd_enumerate"":[160909.0,146809.0,165210.0,186911.0,180811.0],""robdd_naive"":[36338650.0,35510500.0,37152698.0,43055747.0,47767025.0]}",256,True,48903.0,1969716.0,3447604.0,2719361.0,0.01418463373403674,0.017983268863530806,"{""packed"":[43703.0,45402.0,52603.0,57104.0,48903.0],""scalar_cnf"":[1952815.0,1969716.0,1941815.0,2346538.0,2625855.0],""robdd"":[3447604.0,3383800.0,3205889.0,4309355.0,4304855.0],""cadical"":[2170728.0,2300637.0,2887570.0,3057581.0,2719361.0]}",1600,55504,394723,1,True,24506650,271090,8847124,237762,827849,3608,5190107,41221,13420,12364031,7490043,True,1453,10975749,8124581,True,704,40941022,39436433,True,"{""dropped_satisfied_clauses"":1551,""payload_sha256"":""9743f4fc5822db37068bd2bf2fc4d5a264c7f51bda52f0f92945d3a48445e1bf"",""removed_fixed_false_literals"":295,""residual_clauses"":148,""residual_literals"":403,""slice_feature_names"":[""CONFIG_FORCE_OPTIONS_FOR_ARCH"",""CONFIG_ARCH_HAS_MMU"",""CONFIG_TARGET_i386"",""CONFIG_TARGET_hppa"",""CONFIG_TARGET_powerpc"",""CONFIG_TARGET_alpha"",""CONFIG_TARGET_arm"",""CONFIG_TARGET_ia64"",""CONFIG_TARGET_x86_64"",""CONFIG_ARCH_HAS_NO_MMU"",""CONFIG_TARGET_mips"",""CONFIG_TARGET_avr32""],""slice_variables"":[9,25,18,77,23,11,49,73,19,41,65,22],""source_clauses"":1699}"
real|uClibc@2008-06-05_13-46-47|hash|k12,real,uClibc@2008-06-05_13-46-47,uClibc,hash,12,24,10,25,0.5833333333333333,8,0.001953125,230c65bb198c417ad89b95de199c8b6fb385c55884bad2de315fd0efb9ad5be9,True,64204,1036161,295817,dd.cudd,cudd,3779023,84105,10,3220891,69204,10,29003216,"[{""sweep"":0,""seed"":1359254781,""nodes"":10,""setup_ns"":3220891,""build_ns"":69204,""order"":[""x10"",""x2"",""x11"",""x4"",""x3"",""x1"",""x0"",""x8"",""x6"",""x9"",""x5"",""x7""]},{""sweep"":1,""seed"":1359254782,""nodes"":10,""setup_ns"":3211690,""build_ns"":101606,""order"":[""x8"",""x2"",""x7"",""x5"",""x0"",""x3"",""x10"",""x9"",""x1"",""x6"",""x11"",""x4""]},{""sweep"":2,""seed"":1359254783,""nodes"":10,""setup_ns"":3087783,""build_ns"":131808,""order"":[""x1"",""x0"",""x6"",""x11"",""x3"",""x5"",""x2"",""x10"",""x4"",""x8"",""x9"",""x7""]},{""sweep"":3,""seed"":1359254784,""nodes"":10,""setup_ns"":9283349,""build_ns"":95406,""order"":[""x0"",""x3"",""x1"",""x5"",""x10"",""x9"",""x6"",""x4"",""x11"",""x8"",""x7"",""x2""]},{""sweep"":4,""seed"":1359254785,""nodes"":10,""setup_ns"":8938229,""build_ns"":106806,""order"":[""x0"",""x3"",""x7"",""x6"",""x4"",""x11"",""x8"",""x2"",""x5"",""x10"",""x9"",""x1""]}]",8,9,16,28,19563.16,28511.68,13106.78,182611.0,36214742.0,1.4925984871951767,0.6861454674014299,0.10713023859460821,"{""cm"":[15160.9,19563.16,31175.86,28123.66,17815.06],""cse"":[22621.34,28251.66,44318.62,28511.68,37790.24],""cnf"":[11196.66,12800.76,23859.4,13106.78,14542.86],""robdd_enumerate"":[140109.0,146009.0,220914.0,182611.0,198412.0],""robdd_naive"":[32669132.0,32656531.0,43140252.0,36214742.0,40748110.0]}",256,True,41702.0,438626.0,2598954.0,1614995.0,0.016045686072165957,0.02582175177012932,"{""packed"":[41702.0,43203.0,63304.0,35602.0,40203.0],""scalar_cnf"":[458827.0,449826.0,435625.0,400024.0,438626.0],""robdd"":[2578052.0,2598954.0,2651157.0,2689959.0,2211331.0],""cadical"":[1690400.0,1808207.0,1555892.0,1512589.0,1614995.0]}",2000,53203,350221,8,True,2121026,30300,950656,26057,72505,3360,4670776,41221,2154,12234724,10748336,True,126,11915205,8925828,True,566,41191337,37332008,True,"{""dropped_satisfied_clauses"":1675,""payload_sha256"":""9743f4fc5822db37068bd2bf2fc4d5a264c7f51bda52f0f92945d3a48445e1bf"",""removed_fixed_false_literals"":293,""residual_clauses"":24,""residual_literals"":25,""slice_feature_names"":[""CONFIG_CONFIG_CLASSIC"",""CONFIG_TARGET_i960"",""CONFIG_FORCE_SHAREABLE_TEXT_SEGMENTS"",""CONFIG_LDSO_LDD_SUPPORT"",""CONFIG_CONFIG_MIPS_N64_ABI"",""CONFIG_UCLIBC_HAS_NETWORK_SUPPORT"",""CONFIG_CONFIG_ARM_IWMMXT"",""CONFIG_CONFIG_586MMX"",""CONFIG_SSP_QUICK_CANARY"",""CONFIG_UCLIBC_BUILD_NOW"",""CONFIG_PROPOLICE_BLOCK_ABRT"",""CONFIG_TARGET_x86_64""],""slice_variables"":[177,16,64,171,132,92,42,170,114,129,150,19],""source_clauses"":1699}"
real|uClibc@2008-06-05_13-46-47|incidence|k16,real,uClibc@2008-06-05_13-46-47,uClibc,incidence,16,248,230,661,0.07258064516129037,1,1.52587890625e-05,8ea93d8e6c99c4092ed70b4c13d185688e7b979b053a8c10800b7401d6aef82d,True,2643457,16396570,5256711,dd.cudd,cudd,3391900,1583493,17,3109984,1848709,17,34670651,"[{""sweep"":0,""seed"":1236138429,""nodes"":17,""setup_ns"":3109984,""build_ns"":1848709,""order"":[""x4"",""x12"",""x2"",""x15"",""x0"",""x9"",""x5"",""x11"",""x1"",""x8"",""x7"",""x10"",""x6"",""x14"",""x13"",""x3""]},{""sweep"":1,""seed"":1236138430,""nodes"":17,""setup_ns"":3155287,""build_ns"":1879211,""order"":[""x6"",""x11"",""x10"",""x15"",""x4"",""x9"",""x1"",""x5"",""x13"",""x2"",""x0"",""x14"",""x12"",""x3"",""x8"",""x7""]},{""sweep"":2,""seed"":1236138431,""nodes"":17,""setup_ns"":3649516,""build_ns"":2950675,""order"":[""x9"",""x13"",""x2"",""x5"",""x10"",""x7"",""x12"",""x0"",""x4"",""x15"",""x14"",""x11"",""x1"",""x6"",""x3"",""x8""]},{""sweep"":3,""seed"":1236138432,""nodes"":17,""setup_ns"":4305255,""build_ns"":2000519,""order"":[""x14"",""x2"",""x10"",""x6"",""x15"",""x12"",""x0"",""x11"",""x8"",""x9"",""x5"",""x7"",""x1"",""x13"",""x4"",""x3""]},{""sweep"":4,""seed"":1236138433,""nodes"":17,""setup_ns"":9129840,""build_ns"":1899612,""order"":[""x3"",""x2"",""x15"",""x14"",""x8"",""x0"",""x12"",""x9"",""x13"",""x11"",""x7"",""x10"",""x4"",""x6"",""x1"",""x5""]}]",241,241,498,516,821348.6,909723.8,4355777.7,239414.0,,0.18856531636130097,0.90285491046843,3.430662367280109,"{""cm"":[783446.4,960806.8,802667.5,1292646.5,821348.6],""cse"":[854660.5,909723.8,900933.3,2042760.8,1256934.3],""cnf"":[3436423.2,4605502.4,4355777.7,4545408.9,3902030.8],""robdd_enumerate"":[235314.0,256815.0,239414.0,226013.0,252214.0]}",256,True,37202.0,1351780.0,3451704.0,2164028.0,0.0107778650776544,0.01719108994892857,"{""packed"":[35702.0,29702.0,37303.0,40503.0,37202.0],""scalar_cnf"":[2695659.0,1201571.0,1280675.0,1351780.0,1572193.0],""robdd"":[4313455.0,3117685.0,3693318.0,3257393.0,3451704.0],""cadical"":[2090924.0,1932914.0,2183129.0,2164028.0,2312037.0]}",1800,118307,,,True,68108528,2129471,17931460,2092831,5646834,52524,7352435,41429,37652,17238519,12573343,True,2509,16410571,11296168,True,936,63911480,65964902,True,"{""dropped_satisfied_clauses"":1451,""payload_sha256"":""9743f4fc5822db37068bd2bf2fc4d5a264c7f51bda52f0f92945d3a48445e1bf"",""removed_fixed_false_literals"":281,""residual_clauses"":248,""residual_literals"":661,""slice_feature_names"":[""CONFIG_FORCE_OPTIONS_FOR_ARCH"",""CONFIG_ARCH_HAS_MMU"",""CONFIG_TARGET_i386"",""CONFIG_TARGET_hppa"",""CONFIG_TARGET_powerpc"",""CONFIG_TARGET_alpha"",""CONFIG_TARGET_arm"",""CONFIG_TARGET_ia64"",""CONFIG_TARGET_x86_64"",""CONFIG_ARCH_HAS_NO_MMU"",""CONFIG_TARGET_mips"",""CONFIG_TARGET_avr32"",""CONFIG_TARGET_frv"",""CONFIG_TARGET_nios"",""CONFIG_TARGET_e1"",""CONFIG_TARGET_nios2""],""slice_variables"":[9,25,18,77,23,11,49,73,19,41,65,22,75,21,31,57],""source_clauses"":1699}"
real|uClibc@2008-06-05_13-46-47|hash|k16,real,uClibc@2008-06-05_13-46-47,uClibc,hash,16,32,18,40,0.4375,16,0.000244140625,bac996e4d774fb9ae41f55da047ddaf792a072e2e430fd4d36c2d6d339303da8,True,104907,1673699,471228,dd.cudd,cudd,3351698,94306,13,3091183,87205,13,36743573,"[{""sweep"":0,""seed"":132519834,""nodes"":13,""setup_ns"":3091183,""build_ns"":87205,""order"":[""x0"",""x9"",""x12"",""x1"",""x7"",""x8"",""x14"",""x11"",""x10"",""x4"",""x15"",""x5"",""x2"",""x6"",""x13"",""x3""]},{""sweep"":1,""seed"":132519835,""nodes"":13,""setup_ns"":3436803,""build_ns"":122107,""order"":[""x7"",""x0"",""x2"",""x4"",""x6"",""x5"",""x12"",""x11"",""x13"",""x9"",""x1"",""x10"",""x15"",""x8"",""x14"",""x3""]},{""sweep"":2,""seed"":132519836,""nodes"":13,""setup_ns"":3107684,""build_ns"":146709,""order"":[""x4"",""x1"",""x5"",""x6"",""x3"",""x2"",""x11"",""x10"",""x7"",""x14"",""x0"",""x9"",""x8"",""x12"",""x15"",""x13""]},{""sweep"":3,""seed"":132519837,""nodes"":13,""setup_ns"":12265226,""build_ns"":232814,""order"":[""x11"",""x9"",""x1"",""x5"",""x3"",""x12"",""x15"",""x7"",""x4"",""x13"",""x8"",""x10"",""x14"",""x0"",""x6"",""x2""]},{""sweep"":4,""seed"":132519838,""nodes"":13,""setup_ns"":13156978,""build_ns"":240414,""order"":[""x9"",""x2"",""x12"",""x10"",""x1"",""x8"",""x4"",""x13"",""x3"",""x15"",""x7"",""x5"",""x14"",""x6"",""x0"",""x11""]}]",19,20,36,46,127417.6,146148.6,352300.8,446427.0,,0.361672752375243,0.8718359259000771,0.2854164286658289,"{""cm"":[137818.1,156599.3,124397.3,127417.6,103376.1],""cse"":[172120.2,145018.6,136148.0,146148.6,153699.1],""cnf"":[333909.8,372052.0,355651.1,343590.4,352300.8],""robdd_enumerate"":[446427.0,537932.0,380623.0,492429.0,360021.0]}",256,True,67404.0,843550.0,5685436.0,9975290.0,0.011855555141241586,0.006757096786158598,"{""packed"":[67404.0,61304.0,61003.0,349121.0,68504.0],""scalar_cnf"":[727343.0,843550.0,948456.0,4813385.0,600536.0],""robdd"":[5655934.0,5685436.0,5068200.0,25862630.0,32886045.0],""cadical"":[2743462.0,2836367.0,14990886.0,9975290.0,15267103.0]}",2400,59803,,,True,3654016,179514,1217972,180794,441327,52788,3821326,41429,18508,15168597,9080337,True,195,20239197,10145401,True,751,40733710,39847357,True,"{""dropped_satisfied_clauses"":1667,""payload_sha256"":""9743f4fc5822db37068bd2bf2fc4d5a264c7f51bda52f0f92945d3a48445e1bf"",""removed_fixed_false_literals"":291,""residual_clauses"":32,""residual_literals"":40,""slice_feature_names"":[""CONFIG_CONFIG_CLASSIC"",""CONFIG_TARGET_i960"",""CONFIG_FORCE_SHAREABLE_TEXT_SEGMENTS"",""CONFIG_LDSO_LDD_SUPPORT"",""CONFIG_CONFIG_MIPS_N64_ABI"",""CONFIG_UCLIBC_HAS_NETWORK_SUPPORT"",""CONFIG_CONFIG_ARM_IWMMXT"",""CONFIG_CONFIG_586MMX"",""CONFIG_SSP_QUICK_CANARY"",""CONFIG_UCLIBC_BUILD_NOW"",""CONFIG_PROPOLICE_BLOCK_ABRT"",""CONFIG_TARGET_x86_64"",""CONFIG_UCLIBC_HAS_GNU_GLOB"",""CONFIG_CONFIG_MIPS_ISA_1"",""CONFIG_TARGET_mips"",""CONFIG_CONFIG_686""],""slice_variables"":[177,16,64,171,132,92,42,170,114,129,150,19,194,106,65,8],""source_clauses"":1699}"
real|uClibc@2008-06-07_15-19-18|incidence|k8,real,uClibc@2008-06-07_15-19-18,uClibc,incidence,8,82,63,214,0.23170731707317072,1,0.00390625,f5b8339cb1efc7f3fcb94dcdf8bb3ec191ee016609082e47242ee6253a05da9b,True,390023,4196248,1163369,dd.cudd,cudd,2940074,430926,9,2879471,331219,9,22141109,"[{""sweep"":0,""seed"":1195341484,""nodes"":9,""setup_ns"":2961175,""build_ns"":336220,""order"":[""x6"",""x2"",""x3"",""x4"",""x7"",""x5"",""x1"",""x0""]},{""sweep"":1,""seed"":1195341485,""nodes"":9,""setup_ns"":2879471,""build_ns"":331219,""order"":[""x5"",""x4"",""x1"",""x2"",""x3"",""x7"",""x6"",""x0""]},{""sweep"":2,""seed"":1195341486,""nodes"":9,""setup_ns"":2918573,""build_ns"":361721,""order"":[""x2"",""x5"",""x6"",""x7"",""x0"",""x3"",""x4"",""x1""]},{""sweep"":3,""seed"":1195341487,""nodes"":9,""setup_ns"":2888871,""build_ns"":383922,""order"":[""x1"",""x6"",""x7"",""x4"",""x2"",""x5"",""x0"",""x3""]},{""sweep"":4,""seed"":1195341488,""nodes"":9,""setup_ns"":8107879,""build_ns"":350621,""order"":[""x3"",""x0"",""x1"",""x2"",""x5"",""x6"",""x4"",""x7""]}]",67,67,138,157,133701.91,137994.66,44678.14,178510.0,1840809.0,2.992557657950846,0.9688919121942835,0.7489883479917092,"{""cm"":[110970.565,170544.09,133701.91,188604.155,115687.34],""cse"":[129069.635,137994.66,132999.865,145621.615,142354.92],""cnf"":[44678.14,41287.945,58784.98,49036.4,39816.355],""robdd_enumerate"":[232514.0,136908.0,180711.0,149308.0,178510.0],""robdd_naive"":[2279134.0,1840809.0,1997318.0,1665498.0,1832108.0]}",256,True,33402.0,1369681.0,1835008.0,1596595.0,0.018202645438058034,0.0209207720179507,"{""packed"":[57003.0,30202.0,50003.0,33402.0,30702.0],""scalar_cnf"":[1337079.0,1349279.0,1401782.0,1456186.0,1369681.0],""robdd"":[1590894.0,1546192.0,1835008.0,2361340.0,1990218.0],""cadical"":[1596595.0,1594294.0,2034321.0,1894212.0,1470387.0]}",1300,55203,291017,1,True,10247906,139704,2982276,116096,213212,540,4231150,40951,6055,10266607,6980513,True,748,9282449,8390096,True,478,28963813,31020135,True,"{""dropped_satisfied_clauses"":1619,""payload_sha256"":""fc628f100aa9f8805423d36d68dc67723fa5e2bfe94832cb5d72bd6fa2e2f0a4"",""removed_fixed_false_literals"":313,""residual_clauses"":82,""residual_literals"":214,""slice_feature_names"":[""CONFIG_FORCE_OPTIONS_FOR_ARCH"",""CONFIG_ARCH_HAS_MMU"",""CONFIG_TARGET_i386"",""CONFIG_TARGET_hppa"",""CONFIG_TARGET_powerpc"",""CONFIG_TARGET_alpha"",""CONFIG_TARGET_arm"",""CONFIG_TARGET_ia64""],""slice_variables"":[9,25,18,77,23,11,49,73],""source_clauses"":1701}"
real|uClibc@2008-06-07_15-19-18|hash|k8,real,uClibc@2008-06-07_15-19-18,uClibc,hash,8,7,7,9,0.0,4,0.015625,4c6e600a5694a922eb1d008cc1c63259e7f2c4da05dc04c93f49f18a3a2a2461,True,41103,434526,150208,dd.cudd,cudd,3437504,60903,7,2806566,40403,7,25571113,"[{""sweep"":0,""seed"":1423975987,""nodes"":7,""setup_ns"":2918173,""build_ns"":42502,""order"":[""x5"",""x7"",""x1"",""x4"",""x2"",""x0"",""x3"",""x6""]},{""sweep"":1,""seed"":1423975988,""nodes"":7,""setup_ns"":2874270,""build_ns"":45903,""order"":[""x7"",""x5"",""x0"",""x1"",""x4"",""x2"",""x6"",""x3""]},{""sweep"":2,""seed"":1423975989,""nodes"":7,""setup_ns"":2806566,""build_ns"":40403,""order"":[""x5"",""x1"",""x7"",""x4"",""x2"",""x6"",""x3"",""x0""]},{""sweep"":3,""seed"":1423975990,""nodes"":7,""setup_ns"":8145882,""build_ns"":52403,""order"":[""x2"",""x5"",""x4"",""x3"",""x6"",""x1"",""x0"",""x7""]},{""sweep"":4,""seed"":1423975991,""nodes"":7,""setup_ns"":7913268,""build_ns"":47502,""order"":[""x7"",""x6"",""x4"",""x0"",""x5"",""x1"",""x3"",""x2""]}]",7,7,12,12,12892.26,12111.72,2590.65,118207.0,1603295.0,4.976457645764576,1.0644450168927289,0.10906511458712259,"{""cm"":[10813.64,10864.64,12925.265,13054.77,12892.26],""cse"":[11247.165,12111.72,11711.195,13250.285,12882.265],""cnf"":[3113.685,1969.12,2618.655,2397.14,2590.65],""robdd_enumerate"":[149509.0,91105.0,105906.0,118207.0,121607.0],""robdd_naive"":[1494988.0,1565593.0,1603295.0,1788106.0,1762004.0]}",256,True,34302.0,566133.0,1943715.0,1597394.0,0.017647648960881612,0.021473725330131452,"{""packed"":[36002.0,47303.0,33202.0,31602.0,34302.0],""scalar_cnf"":[566133.0,799847.0,483329.0,481428.0,579334.0],""robdd"":[1662398.0,3158187.0,1943715.0,1708001.0,2067222.0],""cadical"":[1809907.0,2786865.0,1566792.0,1501589.0,1597394.0]}",1400,61104,206212,4,True,1245274,17722,528331,13550,55803,540,4567870,40951,966,9676873,6461082,True,47,8631910,6018957,True,386,30813922,31131142,True,"{""dropped_satisfied_clauses"":1694,""payload_sha256"":""fc628f100aa9f8805423d36d68dc67723fa5e2bfe94832cb5d72bd6fa2e2f0a4"",""removed_fixed_false_literals"":281,""residual_clauses"":7,""residual_literals"":9,""slice_feature_names"":[""CONFIG_TARGET_sh"",""CONFIG_UCLIBC_GRP_BUFFER_SIZE"",""CONFIG_UCLIBC_DOWNLOAD_PREGENERATED_LOCALE_DATA"",""CONFIG_UCLIBC_HAS_ADVANCED_REALTIME"",""CONFIG_UCLIBC_HAS_FULL_RPC"",""CONFIG_CONFIG_CLASSIC"",""CONFIG_UCLIBC_BUILD_NOW"",""CONFIG_CONFIG_SH4""],""slice_variables"":[10,225,192,195,91,179,129,33],""source_clauses"":1701}"
real|uClibc@2008-06-07_15-19-18|incidence|k12,real,uClibc@2008-06-07_15-19-18,uClibc,incidence,12,148,134,403,0.09459459459459463,1,0.000244140625,959e6134ca3c09702ab9ab940a54327d5ee1292ddbd1c86eee05b81a7f130a69,True,1043261,9775078,2310237,dd.cudd,cudd,3269194,868551,13,3542309,975558,13,31991792,"[{""sweep"":0,""seed"":1120835472,""nodes"":13,""setup_ns"":3458705,""build_ns"":1134967,""order"":[""x8"",""x3"",""x5"",""x1"",""x6"",""x0"",""x7"",""x9"",""x4"",""x10"",""x2"",""x11""]},{""sweep"":1,""seed"":1120835473,""nodes"":13,""setup_ns"":3730121,""build_ns"":1054462,""order"":[""x0"",""x6"",""x5"",""x4"",""x2"",""x9"",""x8"",""x1"",""x3"",""x7"",""x11"",""x10""]},{""sweep"":2,""seed"":1120835474,""nodes"":13,""setup_ns"":3542309,""build_ns"":975558,""order"":[""x0"",""x1"",""x6"",""x2"",""x9"",""x10"",""x4"",""x11"",""x3"",""x8"",""x5"",""x7""]},{""sweep"":3,""seed"":1120835475,""nodes"":13,""setup_ns"":3986735,""build_ns"":1127666,""order"":[""x10"",""x8"",""x11"",""x4"",""x7"",""x9"",""x1"",""x6"",""x0"",""x5"",""x3"",""x2""]},{""sweep"":4,""seed"":1120835476,""nodes"":13,""setup_ns"":11143159,""build_ns"":991459,""order"":[""x8"",""x10"",""x2"",""x7"",""x4"",""x3"",""x1"",""x9"",""x5"",""x11"",""x6"",""x0""]}]",141,141,288,302,373508.08,351678.8,288735.08,196912.0,48721782.0,1.2936013178585712,1.0620716403718393,1.8968274152921103,"{""cm"":[598219.38,461377.3,286136.92,373508.08,253565.0],""cse"":[549228.48,339876.1,351678.8,352558.86,281650.66],""cnf"":[304029.98,297565.6,217218.84,288735.08,198555.74],""robdd_enumerate"":[196912.0,686941.0,187011.0,198411.0,152109.0],""robdd_naive"":[60595084.0,69762226.0,39671247.0,48721782.0,32935948.0]}",256,True,29302.0,1509789.0,2703860.0,1712401.0,0.01083709955397099,0.01711164616231829,"{""packed"":[28502.0,28501.0,29302.0,30201.0,32202.0],""scalar_cnf"":[1433785.0,1741804.0,1439485.0,1532891.0,1509789.0],""robdd"":[2510649.0,2378240.0,2703860.0,2737662.0,8360795.0],""cadical"":[1637197.0,1642898.0,1712401.0,1849710.0,1736903.0]}",2000,69504,446326,1,True,22064605,271090,5545028,237762,777546,3608,4588571,41221,13420,13502199,7318833,True,1453,9469560,7170324,True,704,30903028,35587005,True,"{""dropped_satisfied_clauses"":1553,""payload_sha256"":""fc628f100aa9f8805423d36d68dc67723fa5e2bfe94832cb5d72bd6fa2e2f0a4"",""removed_fixed_false_literals"":295,""residual_clauses"":148,""residual_literals"":403,""slice_feature_names"":[""CONFIG_FORCE_OPTIONS_FOR_ARCH"",""CONFIG_ARCH_HAS_MMU"",""CONFIG_TARGET_i386"",""CONFIG_TARGET_hppa"",""CONFIG_TARGET_powerpc"",""CONFIG_TARGET_alpha"",""CONFIG_TARGET_arm"",""CONFIG_TARGET_ia64"",""CONFIG_TARGET_x86_64"",""CONFIG_ARCH_HAS_NO_MMU"",""CONFIG_TARGET_mips"",""CONFIG_TARGET_avr32""],""slice_variables"":[9,25,18,77,23,11,49,73,19,41,65,22],""source_clauses"":1701}"
real|uClibc@2008-06-07_15-19-18|hash|k12,real,uClibc@2008-06-07_15-19-18,uClibc,hash,12,17,12,23,0.2941176470588235,4,0.0009765625,6ce0c621833f5044a9395e3a81b89b90d69e17a9d3d7e94562bbca3594f8f55a,True,59103,742144,210313,dd.cudd,cudd,2816967,62504,11,2768964,53603,11,26189149,"[{""sweep"":0,""seed"":184530499,""nodes"":11,""setup_ns"":3406902,""build_ns"":77204,""order"":[""x9"",""x3"",""x11"",""x1"",""x7"",""x10"",""x8"",""x0"",""x4"",""x5"",""x2"",""x6""]},{""sweep"":1,""seed"":184530500,""nodes"":11,""setup_ns"":3389200,""build_ns"":62604,""order"":[""x9"",""x11"",""x3"",""x10"",""x0"",""x1"",""x2"",""x4"",""x5"",""x7"",""x6"",""x8""]},{""sweep"":2,""seed"":184530501,""nodes"":11,""setup_ns"":2768964,""build_ns"":53603,""order"":[""x8"",""x6"",""x3"",""x11"",""x9"",""x1"",""x5"",""x0"",""x2"",""x7"",""x4"",""x10""]},{""sweep"":3,""seed"":184530502,""nodes"":11,""setup_ns"":7849464,""build_ns"":103106,""order"":[""x4"",""x1"",""x3"",""x7"",""x2"",""x6"",""x11"",""x8"",""x10"",""x5"",""x9"",""x0""]},{""sweep"":4,""seed"":184530503,""nodes"":11,""setup_ns"":7771159,""build_ns"":69905,""order"":[""x0"",""x11"",""x8"",""x1"",""x2"",""x9"",""x3"",""x7"",""x4"",""x6"",""x10"",""x5""]}]",12,12,22,27,23505.38,27673.64,10924.64,133908.0,34346431.0,2.151593095973872,0.8493779640119623,0.17553379932490965,"{""cm"":[23505.38,22947.36,27997.64,24393.44,22109.32],""cse"":[27673.64,28415.68,26493.58,29293.72,25083.48],""cnf"":[10924.64,13952.82,10744.64,10764.64,13486.8],""robdd_enumerate"":[125008.0,133908.0,149809.0,127408.0,158609.0],""robdd_naive"":[34767756.0,35456597.0,34346431.0,34319630.0,33356673.0]}",256,True,31402.0,451526.0,2153028.0,1557592.0,0.014585040231710875,0.02016060688550018,"{""packed"":[31602.0,36702.0,30501.0,30102.0,31402.0],""scalar_cnf"":[444227.0,472928.0,457927.0,444426.0,451526.0],""robdd"":[2153028.0,2181229.0,2113025.0,2275335.0,2140426.0],""cadical"":[1562492.0,1540991.0,1588093.0,1524890.0,1557592.0]}",1200,37103,206012,4,True,1680999,31783,747244,24796,61704,3508,3104584,41221,2493,9901885,6748800,True,103,45145170,6896108,True,612,37070792,31582968,True,"{""dropped_satisfied_clauses"":1684,""payload_sha256"":""fc628f100aa9f8805423d36d68dc67723fa5e2bfe94832cb5d72bd6fa2e2f0a4"",""removed_fixed_false_literals"":309,""residual_clauses"":17,""residual_literals"":23,""slice_feature_names"":[""CONFIG_TARGET_sh"",""CONFIG_UCLIBC_GRP_BUFFER_SIZE"",""CONFIG_UCLIBC_DOWNLOAD_PREGENERATED_LOCALE_DATA"",""CONFIG_UCLIBC_HAS_ADVANCED_REALTIME"",""CONFIG_UCLIBC_HAS_FULL_RPC"",""CONFIG_CONFIG_CLASSIC"",""CONFIG_UCLIBC_BUILD_NOW"",""CONFIG_CONFIG_SH4"",""CONFIG_TARGET_arm"",""CONFIG_LINUXTHREADS_OLD"",""CONFIG_UCLIBC_HAS_SCANF_LENIENT_DIGIT_GROUPING"",""CONFIG_CONFIG_486""],""slice_variables"":[10,225,192,195,91,179,129,33,49,200,140,48],""source_clauses"":1701}"
real|uClibc@2008-06-07_15-19-18|incidence|k16,real,uClibc@2008-06-07_15-19-18,uClibc,incidence,16,248,230,661,0.07258064516129037,1,1.52587890625e-05,8ea93d8e6c99c4092ed70b4c13d185688e7b979b053a8c10800b7401d6aef82d,True,955357,14314147,2559751,dd.cudd,cudd,2959175,1370581,17,3017379,1355980,17,28862308,"[{""sweep"":0,""seed"":722102966,""nodes"":17,""setup_ns"":3017379,""build_ns"":1355980,""order"":[""x12"",""x3"",""x0"",""x14"",""x6"",""x8"",""x9"",""x10"",""x1"",""x15"",""x7"",""x2"",""x11"",""x4"",""x5"",""x13""]},{""sweep"":1,""seed"":722102967,""nodes"":17,""setup_ns"":2870770,""build_ns"":1610095,""order"":[""x9"",""x15"",""x14"",""x4"",""x13"",""x12"",""x2"",""x0"",""x7"",""x5"",""x1"",""x8"",""x11"",""x3"",""x10"",""x6""]},{""sweep"":2,""seed"":722102968,""nodes"":17,""setup_ns"":2957375,""build_ns"":1552292,""order"":[""x9"",""x12"",""x13"",""x4"",""x0"",""x7"",""x6"",""x1"",""x10"",""x3"",""x2"",""x5"",""x14"",""x8"",""x11"",""x15""]},{""sweep"":3,""seed"":722102969,""nodes"":17,""setup_ns"":2830967,""build_ns"":1725503,""order"":[""x15"",""x5"",""x6"",""x9"",""x3"",""x4"",""x12"",""x8"",""x13"",""x14"",""x1"",""x10"",""x0"",""x7"",""x2"",""x11""]},{""sweep"":4,""seed"":722102970,""nodes"":17,""setup_ns"":8748817,""build_ns"":1548692,""order"":[""x3"",""x11"",""x0"",""x14"",""x8"",""x1"",""x4"",""x6"",""x2"",""x5"",""x7"",""x12"",""x10"",""x15"",""x9"",""x13""]}]",241,241,498,516,1845569.2,1613615.4,5214738.5,253816.0,,0.35391404573786395,1.1437478844091349,7.271287862073312,"{""cm"":[1845569.2,2382870.9,2239081.8,1119960.9,1008073.8],""cse"":[2647866.6,1613615.4,1797733.8,1357595.9,903057.1],""cnf"":[5214738.5,7373033.2,5823298.6,4256369.4,4344214.9],""robdd_enumerate"":[293917.0,455027.0,223615.0,253816.0,183011.0]}",256,True,31702.0,1358386.0,2828979.0,1777412.0,0.011206163071553376,0.01783604476621065,"{""packed"":[26301.0,31702.0,51203.0,38303.0,29501.0],""scalar_cnf"":[1437491.0,1352086.0,1340085.0,1358386.0,1409390.0],""robdd"":[3010791.0,2654268.0,2828979.0,2824378.0,2917784.0],""cadical"":[1638003.0,1754311.0,1796314.0,1777412.0,1982725.0]}",2200,48903,,,True,34638392,2129471,8912864,2092831,3587627,52524,6018081,41429,37652,13022325,7913201,True,2509,45169259,5824569,True,936,31861316,34133560,True,"{""dropped_satisfied_clauses"":1453,""payload_sha256"":""fc628f100aa9f8805423d36d68dc67723fa5e2bfe94832cb5d72bd6fa2e2f0a4"",""removed_fixed_false_literals"":281,""residual_clauses"":248,""residual_literals"":661,""slice_feature_names"":[""CONFIG_FORCE_OPTIONS_FOR_ARCH"",""CONFIG_ARCH_HAS_MMU"",""CONFIG_TARGET_i386"",""CONFIG_TARGET_hppa"",""CONFIG_TARGET_powerpc"",""CONFIG_TARGET_alpha"",""CONFIG_TARGET_arm"",""CONFIG_TARGET_ia64"",""CONFIG_TARGET_x86_64"",""CONFIG_ARCH_HAS_NO_MMU"",""CONFIG_TARGET_mips"",""CONFIG_TARGET_avr32"",""CONFIG_TARGET_frv"",""CONFIG_TARGET_nios"",""CONFIG_TARGET_e1"",""CONFIG_TARGET_nios2""],""slice_variables"":[9,25,18,77,23,11,49,73,19,41,65,22,75,21,31,57],""source_clauses"":1701}"
real|uClibc@2008-06-07_15-19-18|hash|k16,real,uClibc@2008-06-07_15-19-18,uClibc,hash,16,23,18,31,0.21739130434782605,4,6.103515625e-05,2d2243c8c2e0e54d714ae8c45e291d0543f8c9f7496c5ea60d1b6b4c686d1336,True,67504,832553,252216,dd.cudd,cudd,2801577,85106,15,3260707,87305,15,29216349,"[{""sweep"":0,""seed"":887544986,""nodes"":15,""setup_ns"":4008054,""build_ns"":181711,""order"":[""x12"",""x6"",""x2"",""x7"",""x10"",""x9"",""x1"",""x0"",""x14"",""x13"",""x8"",""x15"",""x4"",""x3"",""x11"",""x5""]},{""sweep"":1,""seed"":887544987,""nodes"":15,""setup_ns"":3633930,""build_ns"":113807,""order"":[""x2"",""x8"",""x4"",""x11"",""x5"",""x9"",""x3"",""x12"",""x15"",""x14"",""x13"",""x0"",""x6"",""x1"",""x7"",""x10""]},{""sweep"":2,""seed"":887544988,""nodes"":15,""setup_ns"":3260707,""build_ns"":87305,""order"":[""x1"",""x13"",""x10"",""x14"",""x2"",""x15"",""x12"",""x9"",""x6"",""x8"",""x5"",""x11"",""x3"",""x4"",""x0"",""x7""]},{""sweep"":3,""seed"":887544989,""nodes"":15,""setup_ns"":9013971,""build_ns"":104606,""order"":[""x12"",""x6"",""x7"",""x1"",""x3"",""x0"",""x2"",""x9"",""x13"",""x5"",""x4"",""x10"",""x11"",""x15"",""x8"",""x14""]},{""sweep"":4,""seed"":887544990,""nodes"":15,""setup_ns"":7947903,""build_ns"":96206,""order"":[""x15"",""x2"",""x10"",""x13"",""x7"",""x1"",""x3"",""x9"",""x14"",""x4"",""x11"",""x5"",""x8"",""x6"",""x0"",""x12""]}]",18,18,34,39,46682.9,50353.2,106906.7,81906.0,,0.436669544565495,0.9271089027112478,0.5699570239054527,"{""cm"":[46682.9,44172.8,48563.1,52143.3,46272.9],""cse"":[48963.1,48363.1,53493.3,55473.5,50353.2],""cnf"":[97656.2,111197.0,97306.1,107376.8,106906.7],""robdd_enumerate"":[60004.0,113908.0,73505.0,98206.0,81906.0]}",256,True,27702.0,532934.0,2915085.0,1731810.0,0.009502981902757553,0.0159959810833752,"{""packed"":[28702.0,27702.0,27402.0,24502.0,44303.0],""scalar_cnf"":[567036.0,512633.0,532934.0,501731.0,739147.0],""robdd"":[3040592.0,2885482.0,2586164.0,2915085.0,3000090.0],""cadical"":[1731810.0,1807215.0,1789413.0,1675806.0,1701508.0]}",1900,54303,,,True,2243742,162549,902857,153293,335921,50340,3221504,41429,18495,13647364,6706924,True,145,8759054,6010581,True,844,27078314,30568535,True,"{""dropped_satisfied_clauses"":1678,""payload_sha256"":""fc628f100aa9f8805423d36d68dc67723fa5e2bfe94832cb5d72bd6fa2e2f0a4"",""removed_fixed_false_literals"":309,""residual_clauses"":23,""residual_literals"":31,""slice_feature_names"":[""CONFIG_TARGET_sh"",""CONFIG_UCLIBC_GRP_BUFFER_SIZE"",""CONFIG_UCLIBC_DOWNLOAD_PREGENERATED_LOCALE_DATA"",""CONFIG_UCLIBC_HAS_ADVANCED_REALTIME"",""CONFIG_UCLIBC_HAS_FULL_RPC"",""CONFIG_CONFIG_CLASSIC"",""CONFIG_UCLIBC_BUILD_NOW"",""CONFIG_CONFIG_SH4"",""CONFIG_TARGET_arm"",""CONFIG_LINUXTHREADS_OLD"",""CONFIG_UCLIBC_HAS_SCANF_LENIENT_DIGIT_GROUPING"",""CONFIG_CONFIG_486"",""CONFIG_CONFIG_ARM_SA1100"",""CONFIG_UCLIBC_HAS_STDIO_BUFSIZ_512"",""CONFIG_CONFIG_NEHEMIAH"",""CONFIG_CONFIG_MIPS_ISA_3""],""slice_variables"":[10,225,192,195,91,179,129,33,49,200,140,48,71,198,17,176],""source_clauses"":1701}"
real|uClibc@2013-02-20_13-45-10|incidence|k8,real,uClibc@2013-02-20_13-45-10,uClibc,incidence,8,89,69,222,0.2247191011235955,1,0.00390625,6d0855a335802f0bc20946f3c48c05b6b98c14b578020d5f42a166b97fe6f59f,True,260216,5119424,921159,dd.cudd,cudd,3640230,458029,9,2623766,308719,9,22865847,"[{""sweep"":0,""seed"":2051954739,""nodes"":9,""setup_ns"":3285107,""build_ns"":375923,""order"":[""x4"",""x5"",""x0"",""x1"",""x2"",""x3"",""x7"",""x6""]},{""sweep"":1,""seed"":2051954740,""nodes"":9,""setup_ns"":2839380,""build_ns"":363823,""order"":[""x4"",""x5"",""x6"",""x3"",""x7"",""x2"",""x0"",""x1""]},{""sweep"":2,""seed"":2051954741,""nodes"":9,""setup_ns"":2904784,""build_ns"":399925,""order"":[""x1"",""x7"",""x6"",""x3"",""x0"",""x2"",""x5"",""x4""]},{""sweep"":3,""seed"":2051954742,""nodes"":9,""setup_ns"":2623766,""build_ns"":308719,""order"":[""x0"",""x2"",""x4"",""x6"",""x5"",""x1"",""x7"",""x3""]},{""sweep"":4,""seed"":2051954743,""nodes"":9,""setup_ns"":8725352,""build_ns"":430327,""order"":[""x5"",""x4"",""x6"",""x2"",""x0"",""x1"",""x3"",""x7""]}]",70,70,137,157,122142.735,130120.235,46300.43,138909.0,1663106.0,2.63804753001214,0.9386913188406092,0.8793003693065244,"{""cm"":[122587.26,121761.705,120983.655,136232.125,122142.735],""cse"":[129639.705,131365.815,125519.445,130120.235,133125.425],""cnf"":[45065.355,45808.9,52671.335,46300.43,46696.455],""robdd_enumerate"":[138909.0,135308.0,129908.0,163610.0,151410.0],""robdd_naive"":[1622702.0,1665106.0,1663106.0,2112534.0,1556398.0]}",256,True,24201.0,994863.0,1325584.0,1260379.0,0.018256858863715916,0.019201367207800194,"{""packed"":[23101.0,24201.0,22501.0,26802.0,24201.0],""scalar_cnf"":[1099370.0,968162.0,990263.0,1206876.0,994863.0],""robdd"":[1325584.0,1300983.0,1300882.0,1535197.0,1357786.0],""cadical"":[1243179.0,1293482.0,1227678.0,1335084.0,1260379.0]}",900,51203,213714,1,True,8422833,141704,3860244,117504,227614,540,4033156,40951,6192,10189045,6378604,True,796,8938966,5631356,True,478,24837772,27599647,True,"{""dropped_satisfied_clauses"":1313,""payload_sha256"":""a294b7b5bb6c861a8d48e56e7781fad73640f02cc92a6d432de437147e90f716"",""removed_fixed_false_literals"":279,""residual_clauses"":89,""residual_literals"":222,""slice_feature_names"":[""CONFIG_FORCE_OPTIONS_FOR_ARCH"",""CONFIG_TARGET_i386"",""CONFIG_ARCH_HAS_MMU"",""CONFIG_TARGET_powerpc"",""CONFIG_TARGET_hppa"",""CONFIG_TARGET_x86_64"",""CONFIG_TARGET_alpha"",""CONFIG_TARGET_ia64""],""slice_variables"":[12,7,41,5,65,26,42,14],""source_clauses"":1402}"
real|uClibc@2013-02-20_13-45-10|hash|k8,real,uClibc@2013-02-20_13-45-10,uClibc,hash,8,16,7,17,0.5625,4,0.015625,48affc7d87776f5c4b83f8f7e7712e0447ec7dceaf08f90311cfcbd4275cac23,True,65404,567136,166711,dd.cudd,cudd,3659632,97506,7,2954187,47503,7,27388134,"[{""sweep"":0,""seed"":2054396807,""nodes"":7,""setup_ns"":2900783,""build_ns"":51103,""order"":[""x6"",""x3"",""x4"",""x2"",""x7"",""x1"",""x5"",""x0""]},{""sweep"":1,""seed"":2054396808,""nodes"":7,""setup_ns"":2954187,""build_ns"":47503,""order"":[""x2"",""x3"",""x4"",""x7"",""x1"",""x5"",""x6"",""x0""]},{""sweep"":2,""seed"":2054396809,""nodes"":7,""setup_ns"":2902984,""build_ns"":49703,""order"":[""x5"",""x1"",""x3"",""x2"",""x4"",""x7"",""x6"",""x0""]},{""sweep"":3,""seed"":2054396810,""nodes"":7,""setup_ns"":8408132,""build_ns"":71005,""order"":[""x7"",""x6"",""x5"",""x3"",""x4"",""x2"",""x0"",""x1""]},{""sweep"":4,""seed"":2054396811,""nodes"":7,""setup_ns"":9262886,""build_ns"":70104,""order"":[""x3"",""x7"",""x2"",""x6"",""x0"",""x5"",""x4"",""x1""]}]",5,5,10,19,9983.135,15890.505,4204.765,88706.0,1448492.0,2.3742432692433466,0.6282452949103884,0.11254182355195816,"{""cm"":[9221.08,9768.62,10094.14,9983.135,10427.66],""cse"":[14971.445,15279.465,16445.54,15890.505,16212.03],""cnf"":[3698.235,4016.255,4204.765,4292.77,4447.28],""robdd_enumerate"":[88706.0,103207.0,124908.0,87306.0,81005.0],""robdd_naive"":[1446892.0,1405589.0,1448492.0,1644604.0,1824616.0]}",256,True,33302.0,430727.0,1500095.0,1457792.0,0.022199927337935264,0.0228441368864694,"{""packed"":[32702.0,33603.0,31402.0,33302.0,33802.0],""scalar_cnf"":[430727.0,429527.0,431128.0,481631.0,427727.0],""robdd"":[1439391.0,1505195.0,1500095.0,1486094.0,1539298.0],""cadical"":[1454093.0,1552798.0,1538697.0,1403089.0,1457792.0]}",800,58304,187212,4,True,1593901,24022,547734,19174,44903,504,3150999,40951,837,9716615,6148789,True,87,8000406,5649557,True,386,25829935,30038901,True,"{""dropped_satisfied_clauses"":1386,""payload_sha256"":""a294b7b5bb6c861a8d48e56e7781fad73640f02cc92a6d432de437147e90f716"",""removed_fixed_false_literals"":286,""residual_clauses"":16,""residual_literals"":17,""slice_feature_names"":[""CONFIG_UCLIBC_HAS_CRYPT_IMPL"",""CONFIG_UCLIBC_HAS_SSP"",""CONFIG_LDSO_CACHE_SUPPORT"",""CONFIG_TARGET_c6x"",""CONFIG_CONFIG_MIPS_O32_ABI"",""CONFIG_UCLIBC_HAS_FENV"",""CONFIG_LDSO_RUNPATH"",""CONFIG_TARGET_avr32""],""slice_variables"":[142,92,132,82,198,75,139,11],""source_clauses"":1402}"
real|uClibc@2013-02-20_13-45-10|incidence|k12,real,uClibc@2013-02-20_13-45-10,uClibc,incidence,12,153,139,411,0.09150326797385622,1,0.000244140625,bac1c045e14a88fc9eb387691c776d062ce98b0cf0f32e7c6d21703cd876bd7d,True,514032,7911301,1847517,dd.cudd,cudd,2724073,665942,13,2655168,705745,13,24553855,"[{""sweep"":0,""seed"":835358717,""nodes"":13,""setup_ns"":2803678,""build_ns"":753847,""order"":[""x4"",""x5"",""x2"",""x10"",""x9"",""x8"",""x1"",""x7"",""x3"",""x11"",""x0"",""x6""]},{""sweep"":1,""seed"":835358718,""nodes"":13,""setup_ns"":2857581,""build_ns"":735347,""order"":[""x9"",""x7"",""x6"",""x8"",""x0"",""x1"",""x4"",""x5"",""x3"",""x2"",""x10"",""x11""]},{""sweep"":2,""seed"":835358719,""nodes"":13,""setup_ns"":2655168,""build_ns"":705745,""order"":[""x6"",""x10"",""x3"",""x8"",""x2"",""x0"",""x5"",""x1"",""x7"",""x4"",""x11"",""x9""]},{""sweep"":3,""seed"":835358720,""nodes"":13,""setup_ns"":3427917,""build_ns"":888257,""order"":[""x3"",""x5"",""x10"",""x6"",""x7"",""x9"",""x2"",""x4"",""x11"",""x8"",""x0"",""x1""]},{""sweep"":4,""seed"":835358721,""nodes"":13,""setup_ns"":8124014,""build_ns"":1021065,""order"":[""x2"",""x4"",""x11"",""x0"",""x9"",""x10"",""x8"",""x6"",""x7"",""x3"",""x1"",""x5""]}]",146,146,301,315,274033.34,286448.12,201758.78,151809.0,33301808.0,1.3582226260487897,0.9566595863851368,1.8051191958316044,"{""cm"":[282199.88,274033.34,282255.86,273143.28,266100.84],""cse"":[286448.12,285520.08,287638.2,289910.34,281255.8],""cnf"":[201758.78,209713.28,200590.7,204430.94,189842.02],""robdd_enumerate"":[111607.0,154710.0,148410.0,151809.0,200713.0],""robdd_naive"":[33363112.0,33301808.0,33344210.0,32442454.0,31948922.0]}",256,True,40902.0,956060.0,2181138.0,1582901.0,0.018752596121840985,0.02583989775734553,"{""packed"":[80806.0,39802.0,40902.0,42803.0,36903.0],""scalar_cnf"":[991763.0,952160.0,956060.0,1099370.0,930359.0],""robdd"":[2287344.0,2137736.0,2137235.0,2235542.0,2181138.0],""cadical"":[1617902.0,1555498.0,1582901.0,1759411.0,1456292.0]}",1700,42403,305119,1,True,19713448,279978,5730663,243342,729446,3608,4492984,41221,13883,11231211,6049383,True,1498,36428006,6137588,True,705,30377722,29213149,True,"{""dropped_satisfied_clauses"":1249,""payload_sha256"":""a294b7b5bb6c861a8d48e56e7781fad73640f02cc92a6d432de437147e90f716"",""removed_fixed_false_literals"":278,""residual_clauses"":153,""residual_literals"":411,""slice_feature_names"":[""CONFIG_FORCE_OPTIONS_FOR_ARCH"",""CONFIG_TARGET_i386"",""CONFIG_ARCH_HAS_MMU"",""CONFIG_TARGET_powerpc"",""CONFIG_TARGET_hppa"",""CONFIG_TARGET_x86_64"",""CONFIG_TARGET_alpha"",""CONFIG_TARGET_ia64"",""CONFIG_TARGET_mips"",""CONFIG_TARGET_avr32"",""CONFIG_TARGET_sh"",""CONFIG_TARGET_arm""],""slice_variables"":[12,7,41,5,65,26,42,14,4,11,55,3],""source_clauses"":1402}"
real|uClibc@2013-02-20_13-45-10|hash|k12,real,uClibc@2013-02-20_13-45-10,uClibc,hash,12,19,10,22,0.4736842105263158,24,0.005859375,49a58cd281e08b59a990229d4a850ce7e28d75c1a8737126805deb9dfb54910e,True,56703,654741,186012,dd.cudd,cudd,2800478,60304,13,8080412,70404,10,25667325,"[{""sweep"":0,""seed"":1856134891,""nodes"":11,""setup_ns"":2703271,""build_ns"":53103,""order"":[""x4"",""x7"",""x8"",""x1"",""x5"",""x10"",""x0"",""x2"",""x9"",""x6"",""x3"",""x11""]},{""sweep"":1,""seed"":1856134892,""nodes"":11,""setup_ns"":3290408,""build_ns"":82805,""order"":[""x3"",""x7"",""x11"",""x4"",""x6"",""x5"",""x2"",""x1"",""x10"",""x8"",""x9"",""x0""]},{""sweep"":2,""seed"":1856134893,""nodes"":12,""setup_ns"":2884082,""build_ns"":61903,""order"":[""x5"",""x10"",""x6"",""x4"",""x8"",""x11"",""x7"",""x0"",""x9"",""x2"",""x3"",""x1""]},{""sweep"":3,""seed"":1856134894,""nodes"":14,""setup_ns"":7823595,""build_ns"":73705,""order"":[""x8"",""x3"",""x6"",""x2"",""x1"",""x5"",""x9"",""x4"",""x0"",""x10"",""x11"",""x7""]},{""sweep"":4,""seed"":1856134895,""nodes"":10,""setup_ns"":8080412,""build_ns"":70404,""order"":[""x5"",""x8"",""x3"",""x10"",""x9"",""x7"",""x2"",""x11"",""x6"",""x1"",""x0"",""x4""]}]",10,10,18,27,19349.22,25485.62,14350.9,246316.0,33944149.0,1.3482931384094379,0.7592210823201476,0.07855445850046283,"{""cm"":[20659.3,18717.18,19349.22,18785.2,21267.36],""cse"":[25485.62,25775.64,27913.76,22415.42,24415.54],""cnf"":[14112.9,14350.9,15368.96,14130.9,14686.92],""robdd_enumerate"":[304719.0,181611.0,246316.0,253616.0,208213.0],""robdd_naive"":[34796502.0,34466682.0,33944149.0,33571625.0,33616028.0]}",256,True,50903.0,456629.0,2413353.0,1647005.0,0.021092231430710717,0.030906402834235475,"{""packed"":[50903.0,51503.0,60804.0,47202.0,45203.0],""scalar_cnf"":[454129.0,456629.0,525533.0,413126.0,463629.0],""robdd"":[2413353.0,2340848.0,2614566.0,2433454.0,2077432.0],""cadical"":[1585000.0,1647005.0,1807014.0,1686706.0,1619202.0]}",1200,38302,444628,24,True,1805114,31652,646641,23601,63004,3624,3257006,41221,2296,9459299,6198893,True,112,8058010,5691160,True,705,27447738,29708580,True,"{""dropped_satisfied_clauses"":1383,""payload_sha256"":""a294b7b5bb6c861a8d48e56e7781fad73640f02cc92a6d432de437147e90f716"",""removed_fixed_false_literals"":284,""residual_clauses"":19,""residual_literals"":22,""slice_feature_names"":[""CONFIG_UCLIBC_HAS_CRYPT_IMPL"",""CONFIG_UCLIBC_HAS_SSP"",""CONFIG_LDSO_CACHE_SUPPORT"",""CONFIG_TARGET_c6x"",""CONFIG_CONFIG_MIPS_O32_ABI"",""CONFIG_UCLIBC_HAS_FENV"",""CONFIG_LDSO_RUNPATH"",""CONFIG_TARGET_avr32"",""CONFIG_UCLIBC_SHARED_FLAT_ID"",""CONFIG_UCLIBC_SUPPORT_AI_ADDRCONFIG"",""CONFIG_CONFIG_MIPS_N64_ABI"",""CONFIG_LDSO_SAFE_RUNPATH""],""slice_variables"":[142,92,132,82,198,75,139,11,146,170,126,199],""source_clauses"":1402}"
real|uClibc@2013-02-20_13-45-10|incidence|k16,real,uClibc@2013-02-20_13-45-10,uClibc,incidence,16,260,242,681,0.0692307692307692,1,1.52587890625e-05,f5dacfa55ad660eccfb79e976ea7564b7824b30abab7cdc307ac231878ec30cc,True,940259,14872642,2622866,dd.cudd,cudd,3489921,1675707,17,2779776,1484594,17,29835089,"[{""sweep"":0,""seed"":1591760617,""nodes"":17,""setup_ns"":2841180,""build_ns"":1829716,""order"":[""x6"",""x13"",""x12"",""x10"",""x11"",""x4"",""x9"",""x2"",""x1"",""x8"",""x3"",""x7"",""x0"",""x15"",""x5"",""x14""]},{""sweep"":1,""seed"":1591760618,""nodes"":17,""setup_ns"":2800177,""build_ns"":2045630,""order"":[""x7"",""x12"",""x5"",""x2"",""x8"",""x10"",""x14"",""x3"",""x13"",""x6"",""x9"",""x11"",""x1"",""x15"",""x0"",""x4""]},{""sweep"":2,""seed"":1591760619,""nodes"":17,""setup_ns"":3099196,""build_ns"":1908621,""order"":[""x1"",""x8"",""x3"",""x10"",""x11"",""x12"",""x0"",""x14"",""x15"",""x9"",""x4"",""x7"",""x2"",""x6"",""x13"",""x5""]},{""sweep"":3,""seed"":1591760620,""nodes"":17,""setup_ns"":2779776,""build_ns"":1484594,""order"":[""x7"",""x9"",""x10"",""x13"",""x14"",""x1"",""x0"",""x4"",""x5"",""x3"",""x6"",""x8"",""x2"",""x11"",""x15"",""x12""]},{""sweep"":4,""seed"":1591760621,""nodes"":17,""setup_ns"":8320427,""build_ns"":2101333,""order"":[""x5"",""x13"",""x15"",""x2"",""x4"",""x8"",""x9"",""x0"",""x3"",""x14"",""x12"",""x6"",""x1"",""x10"",""x11"",""x7""]}]",254,254,527,545,790430.0,832982.8,3121827.6,184912.0,,0.2531946350913164,0.9489151516693982,4.2746279311239945,"{""cm"":[842303.3,790430.0,758968.0,750227.5,849913.8],""cse"":[928328.8,846393.5,832982.8,818491.8,797560.5],""cnf"":[3246925.5,3153739.7,3023631.4,3121827.6,3030031.8],""robdd_enumerate"":[205413.0,190312.0,184912.0,174711.0,184211.0]}",256,True,31102.0,930559.0,2868182.0,1780013.0,0.010843802799125021,0.017472906096753227,"{""packed"":[43003.0,32802.0,27502.0,30902.0,31102.0],""scalar_cnf"":[944260.0,942359.0,924558.0,920858.0,930559.0],""robdd"":[2779876.0,2905884.0,2868182.0,2794777.0,2897683.0],""cadical"":[1780013.0,1843717.0,1677806.0,1832816.0,1763712.0]}",1901,48903,,,True,38985767,2233531,9662511,2203035,3837943,52728,5688860,41429,38772,13386547,7438871,True,2615,13705168,5975578,True,936,29645576,32589263,True,"{""dropped_satisfied_clauses"":1142,""payload_sha256"":""a294b7b5bb6c861a8d48e56e7781fad73640f02cc92a6d432de437147e90f716"",""removed_fixed_false_literals"":264,""residual_clauses"":260,""residual_literals"":681,""slice_feature_names"":[""CONFIG_FORCE_OPTIONS_FOR_ARCH"",""CONFIG_TARGET_i386"",""CONFIG_ARCH_HAS_MMU"",""CONFIG_TARGET_powerpc"",""CONFIG_TARGET_hppa"",""CONFIG_TARGET_x86_64"",""CONFIG_TARGET_alpha"",""CONFIG_TARGET_ia64"",""CONFIG_TARGET_mips"",""CONFIG_TARGET_avr32"",""CONFIG_TARGET_sh"",""CONFIG_TARGET_arm"",""CONFIG_TARGET_sparc"",""CONFIG_TARGET_c6x"",""CONFIG_TARGET_frv"",""CONFIG_TARGET_nios""],""slice_variables"":[12,7,41,5,65,26,42,14,4,11,55,3,34,82,6,10],""source_clauses"":1402}"
real|uClibc@2013-02-20_13-45-10|hash|k16,real,uClibc@2013-02-20_13-45-10,uClibc,hash,16,21,12,24,0.4285714285714286,96,0.00146484375,1526c9ebd340a985ebaaeb852d4e6c9d2e4c652e66c304fdcf13f117bbe9cd05,True,69404,792550,332821,dd.cudd,cudd,2777276,69905,15,8313926,79505,12,25698227,"[{""sweep"":0,""seed"":2135743617,""nodes"":14,""setup_ns"":2873182,""build_ns"":95306,""order"":[""x5"",""x12"",""x0"",""x2"",""x1"",""x9"",""x15"",""x14"",""x8"",""x7"",""x6"",""x4"",""x3"",""x11"",""x10"",""x13""]},{""sweep"":1,""seed"":2135743618,""nodes"":13,""setup_ns"":2822279,""build_ns"":66104,""order"":[""x7"",""x3"",""x13"",""x11"",""x1"",""x6"",""x15"",""x10"",""x5"",""x14"",""x2"",""x0"",""x12"",""x9"",""x8"",""x4""]},{""sweep"":2,""seed"":2135743619,""nodes"":14,""setup_ns"":2914885,""build_ns"":66604,""order"":[""x8"",""x11"",""x0"",""x14"",""x1"",""x6"",""x9"",""x7"",""x3"",""x2"",""x10"",""x4"",""x12"",""x15"",""x5"",""x13""]},{""sweep"":3,""seed"":2135743620,""nodes"":12,""setup_ns"":8313926,""build_ns"":79505,""order"":[""x15"",""x7"",""x8"",""x9"",""x10"",""x13"",""x6"",""x5"",""x14"",""x2"",""x11"",""x4"",""x0"",""x1"",""x3"",""x12""]},{""sweep"":4,""seed"":2135743621,""nodes"":14,""setup_ns"":7771692,""build_ns"":76805,""order"":[""x15"",""x7"",""x5"",""x8"",""x14"",""x10"",""x0"",""x9"",""x3"",""x12"",""x6"",""x1"",""x2"",""x13"",""x11"",""x4""]}]",12,12,22,31,35272.2,43982.8,109226.9,600038.0,,0.3229259458979427,0.8019544003565029,0.058783277059119586,"{""cm"":[36402.3,35272.2,34712.2,33742.1,38662.4],""cse"":[53373.4,40882.6,43982.8,40262.6,45452.8],""cnf"":[104126.6,104716.6,115537.3,109486.9,109226.9],""robdd_enumerate"":[572936.0,579337.0,802951.0,649542.0,600038.0]}",256,True,126008.0,459429.0,2763575.0,1790514.0,0.045596012411459795,0.07037532239345796,"{""packed"":[140809.0,80405.0,126008.0,126308.0,114807.0],""scalar_cnf"":[465029.0,459429.0,434628.0,433028.0,533634.0],""robdd"":[2763575.0,3099597.0,2772375.0,2681370.0,2701071.0],""cadical"":[1790514.0,1717209.0,1889219.0,1786813.0,1855518.0]}",5100,61404,,,True,2374750,127342,714345,119286,331221,52776,3336511,41429,17894,11628737,7182554,True,124,45136457,6025181,True,855,34074557,32445454,True,"{""dropped_satisfied_clauses"":1381,""payload_sha256"":""a294b7b5bb6c861a8d48e56e7781fad73640f02cc92a6d432de437147e90f716"",""removed_fixed_false_literals"":284,""residual_clauses"":21,""residual_literals"":24,""slice_feature_names"":[""CONFIG_UCLIBC_HAS_CRYPT_IMPL"",""CONFIG_UCLIBC_HAS_SSP"",""CONFIG_LDSO_CACHE_SUPPORT"",""CONFIG_TARGET_c6x"",""CONFIG_CONFIG_MIPS_O32_ABI"",""CONFIG_UCLIBC_HAS_FENV"",""CONFIG_LDSO_RUNPATH"",""CONFIG_TARGET_avr32"",""CONFIG_UCLIBC_SHARED_FLAT_ID"",""CONFIG_UCLIBC_SUPPORT_AI_ADDRCONFIG"",""CONFIG_CONFIG_MIPS_N64_ABI"",""CONFIG_LDSO_SAFE_RUNPATH"",""CONFIG_UCLIBC_STATIC_LDCONFIG"",""CONFIG_UCLIBC_HAS_XLOCALE"",""CONFIG_UCLIBC_HAS_BACKTRACE"",""CONFIG_CONFIG_CRISV32""],""slice_variables"":[142,92,132,82,198,75,139,11,146,170,126,199,47,223,159,130],""source_clauses"":1402}"
real|uClibc@2013-03-14_22-27-19|incidence|k8,real,uClibc@2013-03-14_22-27-19,uClibc,incidence,8,89,69,222,0.2247191011235955,1,0.00390625,6d0855a335802f0bc20946f3c48c05b6b98c14b578020d5f42a166b97fe6f59f,True,257816,4167964,922158,dd.cudd,cudd,2871682,399025,9,2776576,313120,9,22195505,"[{""sweep"":0,""seed"":1799514748,""nodes"":9,""setup_ns"":2920485,""build_ns"":384524,""order"":[""x2"",""x6"",""x5"",""x1"",""x0"",""x3"",""x4"",""x7""]},{""sweep"":1,""seed"":1799514749,""nodes"":9,""setup_ns"":2704871,""build_ns"":325720,""order"":[""x0"",""x3"",""x4"",""x2"",""x1"",""x7"",""x6"",""x5""]},{""sweep"":2,""seed"":1799514750,""nodes"":9,""setup_ns"":2776576,""build_ns"":313120,""order"":[""x4"",""x0"",""x7"",""x5"",""x3"",""x6"",""x1"",""x2""]},{""sweep"":3,""seed"":1799514751,""nodes"":9,""setup_ns"":3054693,""build_ns"":423527,""order"":[""x1"",""x5"",""x2"",""x4"",""x3"",""x7"",""x0"",""x6""]},{""sweep"":4,""seed"":1799514752,""nodes"":9,""setup_ns"":8348028,""build_ns"":365223,""order"":[""x0"",""x4"",""x6"",""x7"",""x3"",""x1"",""x5"",""x2""]}]",70,70,137,157,123185.3,138157.745,47006.975,138908.0,1669805.0,2.6205749253169346,0.8916278996881427,0.8868121346502721,"{""cm"":[124476.375,123185.3,116381.365,139810.35,120416.12],""cse"":[138157.745,136388.635,131210.81,148993.935,138809.785],""cnf"":[44887.34,47006.975,49959.66,48471.065,46099.915],""robdd_enumerate"":[112007.0,1237679.0,227815.0,138908.0,135109.0],""robdd_naive"":[1669805.0,1654904.0,1678906.0,1679806.0,1658005.0]}",256,True,25901.0,1079169.0,1452192.0,1368986.0,0.01783579581763293,0.01891984286179698,"{""packed"":[25901.0,27202.0,25001.0,27602.0,23901.0],""scalar_cnf"":[1079169.0,1115871.0,1277280.0,1028465.0,988163.0],""robdd"":[1456392.0,1452192.0,1463792.0,1384488.0,1381787.0],""cadical"":[1374887.0,1368986.0,1346686.0,1610802.0,1333085.0]}",800,45503,199113,1,True,11094202,141704,3076394,117504,346421,540,7364766,40951,6192,10140442,6309100,True,796,45906706,5624056,True,478,34453481,30686742,True,"{""dropped_satisfied_clauses"":1312,""payload_sha256"":""1254d783a432aea15a7af85503bb03d855a950f40ba268fa93e4d213bd89cd12"",""removed_fixed_false_literals"":279,""residual_clauses"":89,""residual_literals"":222,""slice_feature_names"":[""CONFIG_FORCE_OPTIONS_FOR_ARCH"",""CONFIG_TARGET_i386"",""CONFIG_ARCH_HAS_MMU"",""CONFIG_TARGET_powerpc"",""CONFIG_TARGET_hppa"",""CONFIG_TARGET_x86_64"",""CONFIG_TARGET_alpha"",""CONFIG_TARGET_ia64""],""slice_variables"":[12,7,41,5,65,26,42,14],""source_clauses"":1401}"
real|uClibc@2013-03-14_22-27-19|hash|k8,real,uClibc@2013-03-14_22-27-19,uClibc,hash,8,16,8,19,0.5,8,0.03125,72a3d45bc8b73c92e082e7a1edac15dd0c8af06e717041967749dae462765b1d,True,80306,853854,263916,dd.cudd,cudd,3939549,87606,6,4002054,82405,6,37535176,"[{""sweep"":0,""seed"":523652116,""nodes"":6,""setup_ns"":4545488,""build_ns"":84306,""order"":[""x3"",""x6"",""x4"",""x0"",""x2"",""x5"",""x7"",""x1""]},{""sweep"":1,""seed"":523652117,""nodes"":6,""setup_ns"":3868645,""build_ns"":85406,""order"":[""x2"",""x5"",""x4"",""x7"",""x3"",""x1"",""x0"",""x6""]},{""sweep"":2,""seed"":523652118,""nodes"":6,""setup_ns"":4002054,""build_ns"":82405,""order"":[""x1"",""x3"",""x2"",""x7"",""x0"",""x4"",""x5"",""x6""]},{""sweep"":3,""seed"":523652119,""nodes"":6,""setup_ns"":12330581,""build_ns"":99906,""order"":[""x2"",""x4"",""x0"",""x5"",""x7"",""x6"",""x1"",""x3""]},{""sweep"":4,""seed"":523652120,""nodes"":6,""setup_ns"":11532430,""build_ns"":85806,""order"":[""x6"",""x4"",""x2"",""x3"",""x7"",""x0"",""x5"",""x1""]}]",7,8,13,20,14004.385,19301.72,4958.815,133308.0,1711809.0,2.82413943653877,0.7255511425924736,0.10505284754103279,"{""cm"":[21797.88,14066.39,13758.37,13665.865,14004.385],""cse"":[35153.225,18299.655,19301.72,23161.97,18914.195],""cnf"":[5081.32,4948.31,4903.315,4958.815,5033.32],""robdd_enumerate"":[94006.0,145910.0,137508.0,133308.0,113607.0],""robdd_naive"":[1849317.0,1711809.0,1671206.0,1653905.0,1923122.0]}",256,True,33302.0,590537.0,1631904.0,1539497.0,0.020406837657117087,0.02163174075688358,"{""packed"":[35602.0,34902.0,31202.0,30702.0,33302.0],""scalar_cnf"":[595938.0,590537.0,583137.0,573736.0,957361.0],""robdd"":[1738310.0,1631904.0,1505995.0,1551599.0,2613265.0],""cadical"":[1601302.0,1539497.0,1435091.0,1436991.0,2022828.0]}",1500,59003,277917,8,True,2326848,24223,632040,19563,58604,520,3294109,40951,940,9463099,7190255,True,95,52452420,7615082,True,340,45847702,38136814,True,"{""dropped_satisfied_clauses"":1385,""payload_sha256"":""1254d783a432aea15a7af85503bb03d855a950f40ba268fa93e4d213bd89cd12"",""removed_fixed_false_literals"":277,""residual_clauses"":16,""residual_literals"":19,""slice_feature_names"":[""CONFIG_TARGET_i386"",""CONFIG_UCLIBC_HAS_LFS"",""CONFIG_UCLIBC_HAS_CTYPE_SIGNED"",""CONFIG_TARGET_frv"",""CONFIG_UCLIBC_LINUX_MODULE_24"",""CONFIG_UCLIBC_HAS_PTY"",""CONFIG_UCLIBC_HAS_FULL_RPC"",""CONFIG_TARGET_sh""],""slice_variables"":[7,180,210,6,220,157,176,55],""source_clauses"":1401}"
real|uClibc@2013-03-14_22-27-19|incidence|k12,real,uClibc@2013-03-14_22-27-19,uClibc,incidence,12,153,139,411,0.09150326797385622,1,0.000244140625,bac1c045e14a88fc9eb387691c776d062ce98b0cf0f32e7c6d21703cd876bd7d,True,508232,11662238,1947823,dd.cudd,cudd,3993253,1207076,13,3227704,755248,13,29603374,"[{""sweep"":0,""seed"":1398107346,""nodes"":13,""setup_ns"":3733637,""build_ns"":1146272,""order"":[""x4"",""x1"",""x10"",""x7"",""x6"",""x3"",""x11"",""x9"",""x0"",""x8"",""x2"",""x5""]},{""sweep"":1,""seed"":1398107347,""nodes"":13,""setup_ns"":3607528,""build_ns"":1130372,""order"":[""x1"",""x4"",""x2"",""x3"",""x5"",""x7"",""x0"",""x10"",""x6"",""x11"",""x8"",""x9""]},{""sweep"":2,""seed"":1398107348,""nodes"":13,""setup_ns"":4032655,""build_ns"":1308983,""order"":[""x2"",""x10"",""x6"",""x8"",""x7"",""x3"",""x1"",""x11"",""x4"",""x9"",""x0"",""x5""]},{""sweep"":3,""seed"":1398107349,""nodes"":13,""setup_ns"":3227704,""build_ns"":755248,""order"":[""x6"",""x11"",""x8"",""x1"",""x9"",""x10"",""x0"",""x7"",""x4"",""x3"",""x2"",""x5""]},{""sweep"":4,""seed"":1398107350,""nodes"":13,""setup_ns"":8978268,""build_ns"":933359,""order"":[""x9"",""x8"",""x4"",""x3"",""x1"",""x2"",""x0"",""x10"",""x6"",""x5"",""x11"",""x7""]}]",146,146,301,315,351588.24,416682.38,260164.46,198912.0,42048762.0,1.3514076442262712,0.843779955370323,1.7675567084942085,"{""cm"":[456984.94,261914.58,322092.4,351588.24,407697.8],""cse"":[342041.66,416682.38,477744.24,358038.66,440127.84],""cnf"":[194990.34,260164.46,305357.32,206987.1,285226.04],""robdd_enumerate"":[161210.0,216813.0,198912.0,231714.0,186012.0],""robdd_naive"":[49800852.0,36536613.0,47121383.0,35374039.0,42048762.0]}",256,True,56804.0,1190676.0,2870982.0,1862218.0,0.01978556466045416,0.030503410449259968,"{""packed"":[97306.0,49903.0,51404.0,56804.0,83406.0],""scalar_cnf"":[1723809.0,1190676.0,1008264.0,1374987.0,1055366.0],""robdd"":[2990689.0,2870982.0,4247969.0,2729973.0,2601365.0],""cadical"":[1727209.0,1862218.0,2151836.0,1842216.0,2369450.0]}",1700,43803,275217,1,True,26977708,279978,11446124,243342,884356,3608,8155416,41221,13883,13913381,7963204,True,1498,12265477,8978968,True,705,37491473,39952629,True,"{""dropped_satisfied_clauses"":1248,""payload_sha256"":""1254d783a432aea15a7af85503bb03d855a950f40ba268fa93e4d213bd89cd12"",""removed_fixed_false_literals"":278,""residual_clauses"":153,""residual_literals"":411,""slice_feature_names"":[""CONFIG_FORCE_OPTIONS_FOR_ARCH"",""CONFIG_TARGET_i386"",""CONFIG_ARCH_HAS_MMU"",""CONFIG_TARGET_powerpc"",""CONFIG_TARGET_hppa"",""CONFIG_TARGET_x86_64"",""CONFIG_TARGET_alpha"",""CONFIG_TARGET_ia64"",""CONFIG_TARGET_mips"",""CONFIG_TARGET_avr32"",""CONFIG_TARGET_sh"",""CONFIG_TARGET_arm""],""slice_variables"":[12,7,41,5,65,26,42,14,4,11,55,3],""source_clauses"":1401}"
real|uClibc@2013-03-14_22-27-19|hash|k12,real,uClibc@2013-03-14_22-27-19,uClibc,hash,12,20,11,23,0.44999999999999996,16,0.00390625,2e84da0e6099db7eeafaa93a0b548f980f75e0a5df37c974ad67b0983697b72d,True,115808,1470193,420226,dd.cudd,cudd,4259270,97206,9,3806241,57703,9,31132471,"[{""sweep"":0,""seed"":1175281730,""nodes"":9,""setup_ns"":4180064,""build_ns"":89206,""order"":[""x10"",""x5"",""x7"",""x0"",""x3"",""x11"",""x2"",""x4"",""x6"",""x8"",""x1"",""x9""]},{""sweep"":1,""seed"":1175281731,""nodes"":9,""setup_ns"":3806241,""build_ns"":57703,""order"":[""x11"",""x6"",""x7"",""x9"",""x8"",""x0"",""x3"",""x10"",""x2"",""x1"",""x5"",""x4""]},{""sweep"":2,""seed"":1175281732,""nodes"":9,""setup_ns"":3163300,""build_ns"":63704,""order"":[""x6"",""x4"",""x8"",""x1"",""x2"",""x9"",""x5"",""x10"",""x3"",""x11"",""x7"",""x0""]},{""sweep"":3,""seed"":1175281733,""nodes"":9,""setup_ns"":9126378,""build_ns"":76305,""order"":[""x1"",""x4"",""x9"",""x11"",""x2"",""x0"",""x10"",""x6"",""x7"",""x8"",""x5"",""x3""]},{""sweep"":4,""seed"":1175281734,""nodes"":9,""setup_ns"":9672612,""build_ns"":113207,""order"":[""x7"",""x6"",""x9"",""x8"",""x0"",""x5"",""x3"",""x1"",""x4"",""x11"",""x10"",""x2""]}]",10,10,19,28,28117.78,28455.8,14456.9,207813.0,41791746.0,1.9449384031154673,0.9881212266040666,0.13530327746579857,"{""cm"":[19795.24,28117.78,31295.98,32288.04,19437.22],""cse"":[28455.8,27661.74,40292.56,39122.48,24435.54],""cnf"":[14456.9,13838.88,18909.2,21103.34,14448.92],""robdd_enumerate"":[177911.0,207813.0,286018.0,266317.0,174811.0],""robdd_naive"":[33814940.0,48062043.0,41791746.0,59555570.0,41218409.0]}",256,True,36902.0,459729.0,2056830.0,1506895.0,0.01794120077984082,0.024488766636029717,"{""packed"":[41002.0,34603.0,36902.0,41403.0,35602.0],""scalar_cnf"":[459729.0,474630.0,451628.0,480031.0,458129.0],""robdd"":[2113834.0,2056830.0,2283845.0,2025328.0,1931122.0],""cadical"":[1536298.0,1529796.0,1504595.0,1506895.0,1398788.0]}",1100,33802,329521,16,True,2068531,31937,816052,24125,75205,3456,4478183,41221,2256,10282050,7278061,True,118,9322190,7182655,True,519,30747047,30827551,True,"{""dropped_satisfied_clauses"":1381,""payload_sha256"":""1254d783a432aea15a7af85503bb03d855a950f40ba268fa93e4d213bd89cd12"",""removed_fixed_false_literals"":277,""residual_clauses"":20,""residual_literals"":23,""slice_feature_names"":[""CONFIG_TARGET_i386"",""CONFIG_UCLIBC_HAS_LFS"",""CONFIG_UCLIBC_HAS_CTYPE_SIGNED"",""CONFIG_TARGET_frv"",""CONFIG_UCLIBC_LINUX_MODULE_24"",""CONFIG_UCLIBC_HAS_PTY"",""CONFIG_UCLIBC_HAS_FULL_RPC"",""CONFIG_TARGET_sh"",""CONFIG_UCLIBC_FORMAT_FLAT_SEP_DATA"",""CONFIG_UCLIBC_MALLOC_DEBUGGING"",""CONFIG_CONFIG_AVR32_AP7"",""CONFIG_LDSO_SAFE_RUNPATH""],""slice_variables"":[7,180,210,6,220,157,176,55,120,247,40,199],""source_clauses"":1401}"
real|uClibc@2013-03-14_22-27-19|incidence|k16,real,uClibc@2013-03-14_22-27-19,uClibc,incidence,16,260,242,681,0.0692307692307692,1,1.52587890625e-05,f5dacfa55ad660eccfb79e976ea7564b7824b30abab7cdc307ac231878ec30cc,True,1291381,21360752,4223968,dd.cudd,cudd,3008391,1492694,17,2901884,1501795,17,31714908,"[{""sweep"":0,""seed"":857378468,""nodes"":17,""setup_ns"":3189902,""build_ns"":1671106,""order"":[""x3"",""x9"",""x2"",""x0"",""x6"",""x14"",""x1"",""x11"",""x13"",""x7"",""x12"",""x10"",""x15"",""x5"",""x8"",""x4""]},{""sweep"":1,""seed"":857378469,""nodes"":17,""setup_ns"":3328711,""build_ns"":1624103,""order"":[""x13"",""x6"",""x15"",""x11"",""x8"",""x0"",""x10"",""x12"",""x5"",""x3"",""x14"",""x7"",""x9"",""x1"",""x4"",""x2""]},{""sweep"":2,""seed"":857378470,""nodes"":17,""setup_ns"":2901884,""build_ns"":1501795,""order"":[""x13"",""x7"",""x15"",""x12"",""x6"",""x0"",""x11"",""x2"",""x1"",""x4"",""x5"",""x8"",""x10"",""x3"",""x9"",""x14""]},{""sweep"":3,""seed"":857378471,""nodes"":17,""setup_ns"":3300709,""build_ns"":2144536,""order"":[""x8"",""x9"",""x1"",""x6"",""x13"",""x0"",""x10"",""x12"",""x4"",""x15"",""x11"",""x5"",""x2"",""x14"",""x3"",""x7""]},{""sweep"":4,""seed"":857378472,""nodes"":17,""setup_ns"":9009471,""build_ns"":2381250,""order"":[""x7"",""x4"",""x15"",""x12"",""x10"",""x2"",""x14"",""x9"",""x11"",""x6"",""x0"",""x3"",""x1"",""x13"",""x5"",""x8""]}]",254,254,527,545,826032.3,906587.4,3038772.4,192512.0,,0.27183092093372974,0.9111446949295788,4.290809404089096,"{""cm"":[819971.9,826032.3,807111.1,837073.0,934109.2],""cse"":[807491.1,877845.6,945129.9,917388.0,906587.4],""cnf"":[3038772.4,2984158.9,3390944.6,2947416.6,3509802.2],""robdd_enumerate"":[287618.0,184712.0,190812.0,215814.0,192512.0]}",256,True,35202.0,912958.0,3180002.0,1866819.0,0.01106980435861361,0.018856675446307328,"{""packed"":[33302.0,32802.0,35602.0,35802.0,35202.0],""scalar_cnf"":[912958.0,871255.0,912357.0,1049266.0,1015664.0],""robdd"":[3098696.0,2930386.0,3317210.0,3180002.0,4747501.0],""cadical"":[1749611.0,1808914.0,1866819.0,2020128.0,2114233.0]}",1600,77905,,,True,43512454,2233531,22780042,2203035,4575489,52728,8220520,41429,38772,18751986,10554968,True,2615,11554831,8722952,True,936,37709787,41517928,True,"{""dropped_satisfied_clauses"":1141,""payload_sha256"":""1254d783a432aea15a7af85503bb03d855a950f40ba268fa93e4d213bd89cd12"",""removed_fixed_false_literals"":264,""residual_clauses"":260,""residual_literals"":681,""slice_feature_names"":[""CONFIG_FORCE_OPTIONS_FOR_ARCH"",""CONFIG_TARGET_i386"",""CONFIG_ARCH_HAS_MMU"",""CONFIG_TARGET_powerpc"",""CONFIG_TARGET_hppa"",""CONFIG_TARGET_x86_64"",""CONFIG_TARGET_alpha"",""CONFIG_TARGET_ia64"",""CONFIG_TARGET_mips"",""CONFIG_TARGET_avr32"",""CONFIG_TARGET_sh"",""CONFIG_TARGET_arm"",""CONFIG_TARGET_sparc"",""CONFIG_TARGET_c6x"",""CONFIG_TARGET_frv"",""CONFIG_TARGET_nios""],""slice_variables"":[12,7,41,5,65,26,42,14,4,11,55,3,34,82,6,10],""source_clauses"":1401}"
real|uClibc@2013-03-14_22-27-19|hash|k16,real,uClibc@2013-03-14_22-27-19,uClibc,hash,16,26,19,35,0.2692307692307693,16,0.000244140625,9bc603031f63be90b13f3b2b8e741c657423f0fccfb5f4d7a775836a7cdeb573,True,104007,1737310,566636,dd.cudd,cudd,4008054,128108,13,3453618,110407,13,34258968,"[{""sweep"":0,""seed"":1297163174,""nodes"":13,""setup_ns"":3662132,""build_ns"":114807,""order"":[""x10"",""x0"",""x11"",""x13"",""x6"",""x5"",""x15"",""x3"",""x1"",""x7"",""x12"",""x8"",""x2"",""x4"",""x14"",""x9""]},{""sweep"":1,""seed"":1297163175,""nodes"":13,""setup_ns"":3453618,""build_ns"":110407,""order"":[""x14"",""x13"",""x9"",""x3"",""x2"",""x0"",""x5"",""x11"",""x15"",""x10"",""x12"",""x1"",""x4"",""x8"",""x6"",""x7""]},{""sweep"":2,""seed"":1297163176,""nodes"":13,""setup_ns"":3279407,""build_ns"":110607,""order"":[""x0"",""x8"",""x2"",""x3"",""x15"",""x4"",""x6"",""x10"",""x11"",""x9"",""x13"",""x7"",""x5"",""x1"",""x12"",""x14""]},{""sweep"":3,""seed"":1297163177,""nodes"":13,""setup_ns"":10674876,""build_ns"":179111,""order"":[""x10"",""x13"",""x3"",""x14"",""x0"",""x11"",""x15"",""x5"",""x8"",""x7"",""x6"",""x4"",""x1"",""x12"",""x2"",""x9""]},{""sweep"":4,""seed"":1297163178,""nodes"":13,""setup_ns"":11927755,""build_ns"":114607,""order"":[""x11"",""x12"",""x13"",""x9"",""x5"",""x7"",""x8"",""x4"",""x2"",""x3"",""x15"",""x0"",""x6"",""x14"",""x1"",""x10""]}]",18,18,36,43,123087.8,147139.3,286228.2,436528.0,,0.43003379820716475,0.8365392522595936,0.2819699996334714,"{""cm"":[75774.8,163220.3,123087.8,119177.5,125437.9],""cse"":[142699.0,147139.3,153059.7,176221.2,128828.1],""cnf"":[288608.3,286228.2,290728.4,280597.8,168090.7],""robdd_enumerate"":[186712.0,519533.0,461630.0,409826.0,436528.0]}",256,True,174411.0,712345.0,3828142.0,1906221.0,0.04556022216521749,0.0914956870163533,"{""packed"":[217914.0,222115.0,174411.0,133308.0,162510.0],""scalar_cnf"":[982262.0,1008664.0,698745.0,712345.0,700144.0],""robdd"":[4293171.0,4110160.0,3828142.0,3223104.0,3387314.0],""cadical"":[2485557.0,2617565.0,1889720.0,1845917.0,1906221.0]}",4100,63104,,,True,3105897,174242,1174875,165674,366124,52796,3485821,41429,18446,13504055,7670985,True,166,10058937,7986606,True,751,44960346,38403931,True,"{""dropped_satisfied_clauses"":1375,""payload_sha256"":""1254d783a432aea15a7af85503bb03d855a950f40ba268fa93e4d213bd89cd12"",""removed_fixed_false_literals"":280,""residual_clauses"":26,""residual_literals"":35,""slice_feature_names"":[""CONFIG_TARGET_i386"",""CONFIG_UCLIBC_HAS_LFS"",""CONFIG_UCLIBC_HAS_CTYPE_SIGNED"",""CONFIG_TARGET_frv"",""CONFIG_UCLIBC_LINUX_MODULE_24"",""CONFIG_UCLIBC_HAS_PTY"",""CONFIG_UCLIBC_HAS_FULL_RPC"",""CONFIG_TARGET_sh"",""CONFIG_UCLIBC_FORMAT_FLAT_SEP_DATA"",""CONFIG_UCLIBC_MALLOC_DEBUGGING"",""CONFIG_CONFIG_AVR32_AP7"",""CONFIG_LDSO_SAFE_RUNPATH"",""CONFIG_CONFIG_MIPS_ISA_MIPS32R2"",""CONFIG_ARCH_USE_MMU"",""CONFIG_UCLIBC_HAS_SIGNUM_MESSAGES"",""CONFIG_CONFIG_GENERIC_386""],""slice_variables"":[7,180,210,6,220,157,176,55,120,247,40,199,60,94,171,19],""source_clauses"":1401}"
real|uClibc@2020-10-02_19-10-36|incidence|k8,real,uClibc@2020-10-02_19-10-36,uClibc,incidence,8,108,79,281,0.2685185185185185,1,0.00390625,5778f985db754c6628691f56fadae50c65fddbe8eb2e93039633fefa05d45e31,True,338721,5665459,1230178,dd.cudd,cudd,2917385,479830,9,2910984,393625,9,23239071,"[{""sweep"":0,""seed"":501585045,""nodes"":9,""setup_ns"":3361713,""build_ns"":423327,""order"":[""x0"",""x6"",""x4"",""x3"",""x1"",""x5"",""x2"",""x7""]},{""sweep"":1,""seed"":501585046,""nodes"":9,""setup_ns"":2766675,""build_ns"":396625,""order"":[""x5"",""x0"",""x6"",""x3"",""x4"",""x1"",""x2"",""x7""]},{""sweep"":2,""seed"":501585047,""nodes"":9,""setup_ns"":2910984,""build_ns"":393625,""order"":[""x0"",""x7"",""x1"",""x3"",""x2"",""x5"",""x4"",""x6""]},{""sweep"":3,""seed"":501585048,""nodes"":9,""setup_ns"":2753675,""build_ns"":417726,""order"":[""x2"",""x1"",""x5"",""x0"",""x4"",""x6"",""x7"",""x3""]},{""sweep"":4,""seed"":501585049,""nodes"":9,""setup_ns"":8775255,""build_ns"":531634,""order"":[""x4"",""x2"",""x0"",""x6"",""x5"",""x7"",""x1"",""x3""]}]",83,83,173,202,149893.99,174594.05,59374.76,146509.0,1631803.0,2.524540562353431,0.8585286268346487,1.0231043144107188,"{""cm"":[178461.795,162508.785,148315.89,149893.99,141891.98],""cse"":[177437.73,243538.915,174594.05,168420.66,163990.38],""cnf"":[66176.69,70619.47,55389.505,59374.76,54114.425],""robdd_enumerate"":[66804.0,181711.0,157310.0,146509.0,140809.0],""robdd_naive"":[1594601.0,1909420.0,1631803.0,1832816.0,1536197.0]}",256,True,29201.0,714445.0,1680606.0,1527197.0,0.01737528010729463,0.019120650446537022,"{""packed"":[32302.0,27002.0,32202.0,29201.0,27502.0],""scalar_cnf"":[704544.0,1080069.0,714445.0,706444.0,738047.0],""robdd"":[1816115.0,1680606.0,1929622.0,1637404.0,1549198.0],""cadical"":[1830816.0,1437891.0,1918921.0,1527197.0,1485294.0]}",1300,74105,283718,1,True,11321413,188664,3261605,152376,263516,540,4311971,40951,7405,11174107,7540678,True,989,9663212,9352592,True,478,35844969,29420156,True,"{""dropped_satisfied_clauses"":1561,""payload_sha256"":""d23cdf09c6db80288eb434baa69858fb23a978bbd3b4b17931158485b5e75080"",""removed_fixed_false_literals"":410,""residual_clauses"":108,""residual_literals"":281,""slice_feature_names"":[""CONFIG_FORCE_OPTIONS_FOR_ARCH"",""CONFIG_ARCH_HAS_MMU"",""CONFIG_TARGET_kvx"",""CONFIG_TARGET_i386"",""CONFIG_TARGET_nds32"",""CONFIG_TARGET_metag"",""CONFIG_TARGET_x86_64"",""CONFIG_TARGET_aarch64""],""slice_variables"":[8,39,21,3,24,16,23,41],""source_clauses"":1669}"
real|uClibc@2020-10-02_19-10-36|hash|k8,real,uClibc@2020-10-02_19-10-36,uClibc,hash,8,11,8,11,0.2727272727272727,1,0.00390625,a524ac0d0dacf565bba3b84015d995202e1f67409d63fe16d442caf5c72c3d3c,True,54503,413926,119407,dd.cudd,cudd,2874681,41503,9,2740973,34902,9,25486806,"[{""sweep"":0,""seed"":1252654626,""nodes"":9,""setup_ns"":2690969,""build_ns"":35302,""order"":[""x2"",""x1"",""x4"",""x6"",""x0"",""x3"",""x5"",""x7""]},{""sweep"":1,""seed"":1252654627,""nodes"":9,""setup_ns"":2909984,""build_ns"":40602,""order"":[""x1"",""x4"",""x3"",""x0"",""x6"",""x5"",""x2"",""x7""]},{""sweep"":2,""seed"":1252654628,""nodes"":9,""setup_ns"":2740973,""build_ns"":34902,""order"":[""x1"",""x7"",""x2"",""x0"",""x4"",""x3"",""x5"",""x6""]},{""sweep"":3,""seed"":1252654629,""nodes"":9,""setup_ns"":8171915,""build_ns"":46503,""order"":[""x7"",""x4"",""x6"",""x3"",""x0"",""x5"",""x1"",""x2""]},{""sweep"":4,""seed"":1252654630,""nodes"":9,""setup_ns"":8212917,""build_ns"":48103,""order"":[""x5"",""x7"",""x0"",""x4"",""x6"",""x1"",""x3"",""x2""]}]",7,7,13,16,11816.24,13223.33,2992.185,78805.0,1471793.0,3.9490338999761043,0.8935903437333863,0.14994277012879892,"{""cm"":[11311.21,11121.7,11914.25,11969.75,11816.24],""cse"":[12493.29,12879.31,13223.33,13759.87,13689.86],""cnf"":[2906.18,2945.685,2992.185,3066.695,3167.7],""robdd_enumerate"":[80606.0,78805.0,71605.0,63604.0,84905.0],""robdd_naive"":[1304083.0,1496795.0,1471793.0,1440390.0,1508495.0]}",256,True,33202.0,362123.0,1527096.0,1449291.0,0.02174192061271852,0.022909132810456975,"{""packed"":[33302.0,33202.0,32502.0,33302.0,32102.0],""scalar_cnf"":[395225.0,352922.0,380024.0,354323.0,362123.0],""robdd"":[1482594.0,1527096.0,1556098.0,1579099.0,1427490.0],""cadical"":[1449291.0,1416589.0,1467692.0,1417190.0,1449391.0]}",800,58304,150509,1,True,1225177,23840,731246,18596,73904,480,3148899,40951,1051,9350889,6645519,True,64,8020005,5857669,True,479,27758049,29655168,True,"{""dropped_satisfied_clauses"":1658,""payload_sha256"":""d23cdf09c6db80288eb434baa69858fb23a978bbd3b4b17931158485b5e75080"",""removed_fixed_false_literals"":754,""residual_clauses"":11,""residual_literals"":11,""slice_feature_names"":[""CONFIG_DOPIC"",""CONFIG_UCLIBC_BUILD_NOW"",""CONFIG_DOSTRIP"",""CONFIG_TARGET_arc"",""CONFIG_CONFIG_GENERIC_C6X"",""CONFIG_UCLIBC_HAS_GETOPT_LONG"",""CONFIG_UCLIBC_HAS_FENV"",""CONFIG_MULTILIB_DIR""],""slice_variables"":[10,183,218,12,83,190,22,89],""source_clauses"":1669}"
real|uClibc@2020-10-02_19-10-36|incidence|k12,real,uClibc@2020-10-02_19-10-36,uClibc,incidence,12,227,187,624,0.17621145374449343,1,0.000244140625,dc3bb7db94fffd5146970e52bf9a1204bc6afe80da9d23678c69a13486bd49c3,True,764348,12157765,2250442,dd.cudd,cudd,3032491,1424789,13,2862681,1015064,13,26623177,"[{""sweep"":0,""seed"":282141382,""nodes"":13,""setup_ns"":3013590,""build_ns"":1131271,""order"":[""x11"",""x5"",""x9"",""x6"",""x2"",""x10"",""x4"",""x7"",""x8"",""x3"",""x0"",""x1""]},{""sweep"":1,""seed"":282141383,""nodes"":13,""setup_ns"":2909983,""build_ns"":1106870,""order"":[""x11"",""x4"",""x8"",""x9"",""x10"",""x3"",""x6"",""x7"",""x2"",""x1"",""x0"",""x5""]},{""sweep"":2,""seed"":282141384,""nodes"":13,""setup_ns"":2862681,""build_ns"":1015064,""order"":[""x4"",""x0"",""x6"",""x8"",""x3"",""x11"",""x9"",""x10"",""x5"",""x7"",""x2"",""x1""]},{""sweep"":3,""seed"":282141385,""nodes"":13,""setup_ns"":2986688,""build_ns"":1118770,""order"":[""x0"",""x2"",""x5"",""x10"",""x3"",""x6"",""x9"",""x4"",""x7"",""x8"",""x11"",""x1""]},{""sweep"":4,""seed"":282141386,""nodes"":13,""setup_ns"":8637644,""build_ns"":1219977,""order"":[""x8"",""x10"",""x0"",""x9"",""x3"",""x11"",""x7"",""x1"",""x6"",""x2"",""x4"",""x5""]}]",193,193,399,439,381832.06,412455.98,318502.08,180611.0,39293975.0,1.1988369432312656,0.9257522705816994,2.114112983151635,"{""cm"":[381832.06,373049.5,542968.2,380868.0,561919.4],""cse"":[373929.56,389408.52,412550.0,420164.46,412455.98],""cnf"":[329236.74,318502.08,311467.62,304191.16,350946.12],""robdd_enumerate"":[180611.0,150109.0,155410.0,186112.0,213913.0],""robdd_naive"":[40972881.0,32620255.0,39293975.0,33993841.0,41699427.0]}",256,True,29202.0,880955.0,2636766.0,1751810.0,0.011074930426135653,0.01666961599716864,"{""packed"":[29202.0,30702.0,26602.0,31002.0,27402.0],""scalar_cnf"":[903157.0,861855.0,880955.0,978062.0,810651.0],""robdd"":[2636766.0,2356048.0,2328947.0,2850680.0,2639566.0],""cadical"":[1642404.0,1781112.0,1751810.0,1966424.0,1696507.0]}",1500,47503,450229,1,True,30458919,410174,7713486,341470,842153,3640,5546350,41221,17974,11848146,7033943,True,2281,8820156,7652782,True,704,27514233,30284407,True,"{""dropped_satisfied_clauses"":1442,""payload_sha256"":""d23cdf09c6db80288eb434baa69858fb23a978bbd3b4b17931158485b5e75080"",""removed_fixed_false_literals"":394,""residual_clauses"":227,""residual_literals"":624,""slice_feature_names"":[""CONFIG_FORCE_OPTIONS_FOR_ARCH"",""CONFIG_ARCH_HAS_MMU"",""CONFIG_TARGET_kvx"",""CONFIG_TARGET_i386"",""CONFIG_TARGET_nds32"",""CONFIG_TARGET_metag"",""CONFIG_TARGET_x86_64"",""CONFIG_TARGET_aarch64"",""CONFIG_TARGET_powerpc"",""CONFIG_TARGET_hppa"",""CONFIG_TARGET_csky"",""CONFIG_TARGET_sparc64""],""slice_variables"":[8,39,21,3,24,16,23,41,25,15,38,40],""source_clauses"":1669}"
real|uClibc@2020-10-02_19-10-36|hash|k12,real,uClibc@2020-10-02_19-10-36,uClibc,hash,12,13,10,13,0.23076923076923073,4,0.0009765625,aab77f10dd8bdac937541beea486e6df047d6bd21fc82a8a1d82d4b5c6d1e3e5,True,46803,483430,137709,dd.cudd,cudd,2822778,57604,11,2854880,42203,11,25456704,"[{""sweep"":0,""seed"":1870713301,""nodes"":11,""setup_ns"":2813577,""build_ns"":47803,""order"":[""x5"",""x8"",""x6"",""x0"",""x4"",""x9"",""x7"",""x11"",""x10"",""x3"",""x1"",""x2""]},{""sweep"":1,""seed"":1870713302,""nodes"":11,""setup_ns"":2777075,""build_ns"":42603,""order"":[""x6"",""x4"",""x1"",""x11"",""x9"",""x5"",""x3"",""x7"",""x8"",""x10"",""x2"",""x0""]},{""sweep"":2,""seed"":1870713303,""nodes"":11,""setup_ns"":2854880,""build_ns"":42203,""order"":[""x10"",""x9"",""x5"",""x7"",""x0"",""x8"",""x1"",""x2"",""x11"",""x6"",""x3"",""x4""]},{""sweep"":3,""seed"":1870713304,""nodes"":11,""setup_ns"":8238119,""build_ns"":60204,""order"":[""x10"",""x3"",""x9"",""x6"",""x11"",""x0"",""x5"",""x8"",""x4"",""x2"",""x1"",""x7""]},{""sweep"":4,""seed"":1870713305,""nodes"":11,""setup_ns"":7931500,""build_ns"":72204,""order"":[""x8"",""x5"",""x6"",""x1"",""x3"",""x7"",""x0"",""x10"",""x11"",""x4"",""x9"",""x2""]}]",10,9,18,20,18427.16,17615.12,9780.62,128708.0,33567714.0,1.8840482505199054,1.0460990331033795,0.14317027690586442,"{""cm"":[18089.14,18427.16,23797.5,19217.22,15662.98],""cse"":[26043.64,17615.12,19083.2,17147.08,16693.06],""cnf"":[9666.6,9516.6,10128.62,9922.62,9780.62],""robdd_enumerate"":[137909.0,126108.0,128708.0,152810.0,74705.0],""robdd_naive"":[34781191.0,33502211.0,34245357.0,33201191.0,33567714.0]}",256,True,44103.0,352622.0,2106232.0,1559498.0,0.020939288739322163,0.028280254286956442,"{""packed"":[44603.0,44103.0,61504.0,39102.0,42903.0],""scalar_cnf"":[343021.0,344622.0,352622.0,365723.0,381224.0],""robdd"":[2062130.0,2106232.0,2296745.0,2299145.0,2014027.0],""cadical"":[1482694.0,1753911.0,1559498.0,1559199.0,1591700.0]}",1200,34902,202213,4,True,1864917,26615,685543,21155,59304,3072,3288807,41221,2319,9249483,6294196,True,76,8028706,6443406,True,611,27914358,31886609,True,"{""dropped_satisfied_clauses"":1656,""payload_sha256"":""d23cdf09c6db80288eb434baa69858fb23a978bbd3b4b17931158485b5e75080"",""removed_fixed_false_literals"":746,""residual_clauses"":13,""residual_literals"":13,""slice_feature_names"":[""CONFIG_DOPIC"",""CONFIG_UCLIBC_BUILD_NOW"",""CONFIG_DOSTRIP"",""CONFIG_TARGET_arc"",""CONFIG_CONFIG_GENERIC_C6X"",""CONFIG_UCLIBC_HAS_GETOPT_LONG"",""CONFIG_UCLIBC_HAS_FENV"",""CONFIG_MULTILIB_DIR"",""CONFIG_ARCH_WANTS_BIG_ENDIAN"",""CONFIG_UCLIBC_HAS_RESOLVER_SUPPORT"",""CONFIG_CONFIG_NDS32_PAGE_SIZE_4K"",""CONFIG_UCLIBC_HAS_IPV6""],""slice_variables"":[10,183,218,12,83,190,22,89,130,139,136,75],""source_clauses"":1669}"
real|uClibc@2020-10-02_19-10-36|incidence|k16,real,uClibc@2020-10-02_19-10-36,uClibc,incidence,16,390,340,1098,0.1282051282051282,1,1.52587890625e-05,8b2cf5a9437ce2378e2ba67b209e77c5966fb18f456512ec0aaaa01c619c217b,True,1467592,22476016,4200765,dd.cudd,cudd,3012590,2642567,17,3037091,2486556,17,36033870,"[{""sweep"":0,""seed"":591793042,""nodes"":17,""setup_ns"":3037091,""build_ns"":2486556,""order"":[""x10"",""x13"",""x14"",""x3"",""x11"",""x0"",""x4"",""x9"",""x6"",""x7"",""x1"",""x5"",""x2"",""x8"",""x12"",""x15""]},{""sweep"":1,""seed"":591793043,""nodes"":17,""setup_ns"":3002490,""build_ns"":2972787,""order"":[""x12"",""x1"",""x4"",""x13"",""x15"",""x7"",""x5"",""x3"",""x9"",""x6"",""x0"",""x11"",""x8"",""x14"",""x10"",""x2""]},{""sweep"":2,""seed"":591793044,""nodes"":17,""setup_ns"":2849179,""build_ns"":3292508,""order"":[""x6"",""x2"",""x7"",""x5"",""x11"",""x10"",""x13"",""x4"",""x8"",""x14"",""x15"",""x3"",""x12"",""x9"",""x1"",""x0""]},{""sweep"":3,""seed"":591793045,""nodes"":17,""setup_ns"":2903083,""build_ns"":2783075,""order"":[""x8"",""x11"",""x9"",""x1"",""x14"",""x7"",""x12"",""x3"",""x15"",""x5"",""x0"",""x6"",""x10"",""x13"",""x4"",""x2""]},{""sweep"":4,""seed"":591793046,""nodes"":17,""setup_ns"":8440731,""build_ns"":3546523,""order"":[""x12"",""x14"",""x4"",""x1"",""x15"",""x10"",""x7"",""x3"",""x9"",""x6"",""x8"",""x5"",""x13"",""x2"",""x0"",""x11""]}]",346,346,713,763,1064457.1,1121420.6,5276382.3,187011.0,,0.2017399497379104,0.9492041612219358,5.6919491366818,"{""cm"":[1055636.5,1074897.7,1064457.1,1058816.7,1105529.6],""cse"":[1109669.9,1164623.4,1120820.6,1121420.6,1166583.5],""cnf"":[5258051.2,5392339.6,5114812.2,5332435.8,5276382.3],""robdd_enumerate"":[202513.0,187011.0,187412.0,155710.0,180612.0]}",256,True,25901.0,752047.0,2688870.0,1727809.0,0.00963267097330849,0.014990661583543088,"{""packed"":[25901.0,25302.0,24801.0,27602.0,26501.0],""scalar_cnf"":[850854.0,730446.0,752047.0,767448.0,748247.0],""robdd"":[2973687.0,2688870.0,2651267.0,2701071.0,2610965.0],""cadical"":[1687306.0,1655004.0,1727809.0,1765111.0,1757511.0]}",1600,64304,,,True,56384552,3154387,14448110,3113979,6143287,52796,7169152,41429,46787,13312538,6234292,True,4138,8963965,5981476,True,936,32216930,37784680,True,"{""dropped_satisfied_clauses"":1279,""payload_sha256"":""d23cdf09c6db80288eb434baa69858fb23a978bbd3b4b17931158485b5e75080"",""removed_fixed_false_literals"":383,""residual_clauses"":390,""residual_literals"":1098,""slice_feature_names"":[""CONFIG_FORCE_OPTIONS_FOR_ARCH"",""CONFIG_ARCH_HAS_MMU"",""CONFIG_TARGET_kvx"",""CONFIG_TARGET_i386"",""CONFIG_TARGET_nds32"",""CONFIG_TARGET_metag"",""CONFIG_TARGET_x86_64"",""CONFIG_TARGET_aarch64"",""CONFIG_TARGET_powerpc"",""CONFIG_TARGET_hppa"",""CONFIG_TARGET_csky"",""CONFIG_TARGET_sparc64"",""CONFIG_TARGET_alpha"",""CONFIG_TARGET_ia64"",""CONFIG_TARGET_riscv64"",""CONFIG_TARGET_tile""],""slice_variables"":[8,39,21,3,24,16,23,41,25,15,38,40,33,50,7,6],""source_clauses"":1669}"
real|uClibc@2020-10-02_19-10-36|hash|k16,real,uClibc@2020-10-02_19-10-36,uClibc,hash,16,21,14,22,0.33333333333333337,8,0.0001220703125,4afe241205215fc307a1ffc3c5b4fcc36068a2d948ce1f7fce4d6fbe05de911c,True,63504,881956,171811,dd.cudd,cudd,2813077,72404,14,3276606,76605,14,26752385,"[{""sweep"":0,""seed"":1596976032,""nodes"":14,""setup_ns"":3276606,""build_ns"":76605,""order"":[""x8"",""x10"",""x0"",""x5"",""x15"",""x4"",""x14"",""x13"",""x6"",""x9"",""x7"",""x11"",""x3"",""x1"",""x2"",""x12""]},{""sweep"":1,""seed"":1596976033,""nodes"":14,""setup_ns"":3040591,""build_ns"":84006,""order"":[""x10"",""x5"",""x15"",""x7"",""x3"",""x0"",""x11"",""x6"",""x13"",""x8"",""x14"",""x4"",""x9"",""x12"",""x2"",""x1""]},{""sweep"":2,""seed"":1596976034,""nodes"":14,""setup_ns"":3206002,""build_ns"":81905,""order"":[""x5"",""x1"",""x7"",""x10"",""x4"",""x11"",""x15"",""x13"",""x0"",""x3"",""x6"",""x12"",""x8"",""x9"",""x2"",""x14""]},{""sweep"":3,""seed"":1596976035,""nodes"":14,""setup_ns"":8204916,""build_ns"":89605,""order"":[""x15"",""x13"",""x8"",""x6"",""x2"",""x1"",""x7"",""x4"",""x14"",""x5"",""x12"",""x0"",""x10"",""x11"",""x9"",""x3""]},{""sweep"":4,""seed"":1596976036,""nodes"":14,""setup_ns"":7882196,""build_ns"":163511,""order"":[""x1"",""x7"",""x13"",""x3"",""x14"",""x12"",""x4"",""x2"",""x0"",""x10"",""x11"",""x5"",""x15"",""x6"",""x8"",""x9""]}]",13,13,25,32,36112.3,42032.7,107256.8,118707.0,,0.33669007466193285,0.8591477587687683,0.304213736342423,"{""cm"":[35802.3,35062.2,37402.4,36112.3,39032.5],""cse"":[43422.7,42032.7,38902.5,43192.7,41642.6],""cnf"":[104696.6,104556.6,117517.4,108216.8,107256.8],""robdd_enumerate"":[107607.0,148909.0,118707.0,135509.0,103206.0]}",256,True,41203.0,368123.0,2903983.0,1761211.0,0.014188443940615355,0.02339469830701716,"{""packed"":[40203.0,39802.0,46403.0,41203.0,41203.0],""scalar_cnf"":[368123.0,638940.0,347122.0,361523.0,385424.0],""robdd"":[2903983.0,3271806.0,2834779.0,2959487.0,2838479.0],""cadical"":[1710407.0,2268942.0,2113633.0,1761211.0,1752910.0]}",2000,60104,,,True,2492357,143372,828152,134548,393925,44032,3346410,41429,18047,12049259,7188653,True,128,14373006,6848631,True,796,38031296,49070491,True,"{""dropped_satisfied_clauses"":1648,""payload_sha256"":""d23cdf09c6db80288eb434baa69858fb23a978bbd3b4b17931158485b5e75080"",""removed_fixed_false_literals"":772,""residual_clauses"":21,""residual_literals"":22,""slice_feature_names"":[""CONFIG_DOPIC"",""CONFIG_UCLIBC_BUILD_NOW"",""CONFIG_DOSTRIP"",""CONFIG_TARGET_arc"",""CONFIG_CONFIG_GENERIC_C6X"",""CONFIG_UCLIBC_HAS_GETOPT_LONG"",""CONFIG_UCLIBC_HAS_FENV"",""CONFIG_MULTILIB_DIR"",""CONFIG_ARCH_WANTS_BIG_ENDIAN"",""CONFIG_UCLIBC_HAS_RESOLVER_SUPPORT"",""CONFIG_CONFIG_NDS32_PAGE_SIZE_4K"",""CONFIG_UCLIBC_HAS_IPV6"",""__Root__"",""CONFIG_LDSO_GNU_HASH_SUPPORT"",""CONFIG_CONFIG_OR1K"",""CONFIG_CONFIG_CRISV32""],""slice_variables"":[10,183,218,12,83,190,22,89,130,139,136,75,1,194,67,66],""source_clauses"":1669}"
real|uClibc@2020-12-24_11-54-53|incidence|k8,real,uClibc@2020-12-24_11-54-53,uClibc,incidence,8,108,79,281,0.2685185185185185,1,0.00390625,5778f985db754c6628691f56fadae50c65fddbe8eb2e93039633fefa05d45e31,True,361523,5386439,1249879,dd.cudd,cudd,2964687,470830,9,2976887,440728,9,24049615,"[{""sweep"":0,""seed"":393345487,""nodes"":9,""setup_ns"":2976887,""build_ns"":440728,""order"":[""x7"",""x6"",""x3"",""x5"",""x2"",""x4"",""x0"",""x1""]},{""sweep"":1,""seed"":393345488,""nodes"":9,""setup_ns"":3097795,""build_ns"":625940,""order"":[""x6"",""x7"",""x1"",""x3"",""x5"",""x2"",""x4"",""x0""]},{""sweep"":2,""seed"":393345489,""nodes"":9,""setup_ns"":3009090,""build_ns"":442228,""order"":[""x4"",""x0"",""x2"",""x1"",""x3"",""x7"",""x6"",""x5""]},{""sweep"":3,""seed"":393345490,""nodes"":9,""setup_ns"":3081695,""build_ns"":456828,""order"":[""x0"",""x7"",""x2"",""x6"",""x5"",""x1"",""x3"",""x4""]},{""sweep"":4,""seed"":393345491,""nodes"":9,""setup_ns"":8724649,""build_ns"":530633,""order"":[""x3"",""x7"",""x0"",""x1"",""x5"",""x2"",""x4"",""x6""]}]",83,83,173,202,162091.71,177174.66,59125.225,141108.0,1686806.0,2.741498404445818,0.9148695981693995,1.1487067352666043,"{""cm"":[176991.65,162091.71,162955.265,158565.985,150576.485],""cse"":[174391.485,227777.35,206560.01,171299.29,177174.66],""cnf"":[58477.185,83748.775,63936.03,58792.7,59125.225],""robdd_enumerate"":[140109.0,168710.0,192412.0,141108.0,125008.0],""robdd_naive"":[1412089.0,2212240.0,2363849.0,1686806.0,1592400.0]}",256,True,27801.0,710145.0,1495194.0,1521496.0,0.018593573810488807,0.01827214793860779,"{""packed"":[27502.0,42903.0,27801.0,30002.0,24902.0],""scalar_cnf"":[723246.0,710145.0,1405288.0,699444.0,654541.0],""robdd"":[1495194.0,2027127.0,2168837.0,1485793.0,1450291.0],""cadical"":[1460292.0,1521496.0,1544297.0,1711808.0,1378687.0]}",1300,60304,242315,1,True,12433283,188664,3506021,152376,270817,540,4677195,40951,7405,10630169,6111985,True,989,13250634,6976939,True,478,33089684,33868133,True,"{""dropped_satisfied_clauses"":1562,""payload_sha256"":""913d0bc5feaf4da2b812c33506e32229a3b3cdfb16c20ef2f8365f296b66b311"",""removed_fixed_false_literals"":410,""residual_clauses"":108,""residual_literals"":281,""slice_feature_names"":[""CONFIG_FORCE_OPTIONS_FOR_ARCH"",""CONFIG_ARCH_HAS_MMU"",""CONFIG_TARGET_kvx"",""CONFIG_TARGET_i386"",""CONFIG_TARGET_nds32"",""CONFIG_TARGET_metag"",""CONFIG_TARGET_x86_64"",""CONFIG_TARGET_aarch64""],""slice_variables"":[8,39,21,3,24,16,23,41],""source_clauses"":1670}"
real|uClibc@2020-12-24_11-54-53|hash|k8,real,uClibc@2020-12-24_11-54-53,uClibc,hash,8,11,8,11,0.2727272727272727,1,0.00390625,da24cf903bb826bfc026106f54eacfe50c0e8319be205b47e181642723da2305,True,42403,529433,126608,dd.cudd,cudd,2903283,48703,9,2874481,38602,9,26232753,"[{""sweep"":0,""seed"":1214625070,""nodes"":9,""setup_ns"":3010390,""build_ns"":68604,""order"":[""x4"",""x2"",""x7"",""x3"",""x5"",""x1"",""x0"",""x6""]},{""sweep"":1,""seed"":1214625071,""nodes"":9,""setup_ns"":2874481,""build_ns"":38602,""order"":[""x4"",""x7"",""x0"",""x5"",""x6"",""x2"",""x1"",""x3""]},{""sweep"":2,""seed"":1214625072,""nodes"":9,""setup_ns"":2899783,""build_ns"":41502,""order"":[""x1"",""x7"",""x4"",""x6"",""x3"",""x0"",""x5"",""x2""]},{""sweep"":3,""seed"":1214625073,""nodes"":9,""setup_ns"":8570140,""build_ns"":51003,""order"":[""x1"",""x3"",""x0"",""x6"",""x2"",""x4"",""x5"",""x7""]},{""sweep"":4,""seed"":1214625074,""nodes"":9,""setup_ns"":8037706,""build_ns"":48003,""order"":[""x0"",""x3"",""x5"",""x1"",""x6"",""x2"",""x4"",""x7""]}]",7,7,13,16,12180.27,13942.375,2949.185,116307.0,1605801.0,4.130046097481169,0.8736151480648024,0.10472516701488303,"{""cm"":[11773.24,11109.2,13692.365,12180.27,13411.345],""cse"":[12240.27,12763.3,14189.895,13942.375,14974.44],""cnf"":[2645.17,2772.17,3143.2,2949.185,4016.75],""robdd_enumerate"":[116307.0,77705.0,88606.0,124208.0,133909.0],""robdd_naive"":[1496994.0,1516896.0,2168036.0,1605801.0,1644304.0]}",256,True,31402.0,409526.0,1536997.0,1497695.0,0.020430749051559633,0.020966885781150368,"{""packed"":[31802.0,31402.0,32503.0,29702.0,29502.0],""scalar_cnf"":[409526.0,404626.0,396925.0,416826.0,413026.0],""robdd"":[1514895.0,1762911.0,1617702.0,1536997.0,1525996.0],""cadical"":[1807414.0,1463492.0,1522796.0,1460092.0,1497695.0]}",900,59204,266817,1,True,1333884,24008,686844,18596,43603,480,4217166,40951,1051,9394392,6933236,True,62,8372627,6321898,True,478,30080894,44932030,True,"{""dropped_satisfied_clauses"":1659,""payload_sha256"":""913d0bc5feaf4da2b812c33506e32229a3b3cdfb16c20ef2f8365f296b66b311"",""removed_fixed_false_literals"":762,""residual_clauses"":11,""residual_literals"":11,""slice_feature_names"":[""CONFIG_CONFIG_MIPS_N64_ABI"",""CONFIG_UCLIBC_FORMAT_FLAT_SEP_DATA"",""CONFIG_DOSTRIP"",""CONFIG_LDSO_RUNPATH"",""CONFIG_CROSS_COMPILER_PREFIX"",""CONFIG_UCLIBC_HAS_TZ_FILE"",""CONFIG_CONFIG_686"",""CONFIG_CONFIG_CLASSIC""],""slice_variables"":[86,30,218,180,203,120,129,199],""source_clauses"":1670}"
real|uClibc@2020-12-24_11-54-53|incidence|k12,real,uClibc@2020-12-24_11-54-53,uClibc,incidence,12,227,187,624,0.17621145374449343,1,0.000244140625,dc3bb7db94fffd5146970e52bf9a1204bc6afe80da9d23678c69a13486bd49c3,True,965061,13085525,2576362,dd.cudd,cudd,4394677,1771112,13,3007789,1152773,13,29900583,"[{""sweep"":0,""seed"":265693081,""nodes"":13,""setup_ns"":4689496,""build_ns"":1396688,""order"":[""x10"",""x4"",""x8"",""x9"",""x0"",""x7"",""x11"",""x5"",""x3"",""x6"",""x1"",""x2""]},{""sweep"":1,""seed"":265693082,""nodes"":13,""setup_ns"":3536223,""build_ns"":1217077,""order"":[""x5"",""x6"",""x11"",""x7"",""x1"",""x3"",""x0"",""x8"",""x10"",""x4"",""x9"",""x2""]},{""sweep"":2,""seed"":265693083,""nodes"":13,""setup_ns"":3007789,""build_ns"":1152773,""order"":[""x2"",""x6"",""x7"",""x11"",""x5"",""x1"",""x0"",""x10"",""x9"",""x4"",""x8"",""x3""]},{""sweep"":3,""seed"":265693084,""nodes"":13,""setup_ns"":2921784,""build_ns"":1310983,""order"":[""x6"",""x10"",""x4"",""x3"",""x8"",""x11"",""x2"",""x1"",""x9"",""x5"",""x0"",""x7""]},{""sweep"":4,""seed"":265693085,""nodes"":13,""setup_ns"":8593541,""build_ns"":1397188,""order"":[""x1"",""x3"",""x2"",""x9"",""x8"",""x10"",""x7"",""x11"",""x6"",""x5"",""x0"",""x4""]}]",193,193,399,439,375479.64,382956.12,314673.82,154510.0,34893498.0,1.1932344419373686,0.9804769277482758,2.4301316419649215,"{""cm"":[375479.64,375351.64,431485.18,537705.88,352820.22],""cse"":[369623.28,536259.78,398529.1,379437.9,382956.12],""cnf"":[300858.96,323290.36,314673.82,301082.98,321472.26],""robdd_enumerate"":[142209.0,175811.0,186712.0,152009.0,154510.0],""robdd_naive"":[35205718.0,34893498.0,45173346.0,32899472.0,32939875.0]}",256,True,24102.0,771148.0,2065930.0,1535897.0,0.011666416577521987,0.015692458543769536,"{""packed"":[24102.0,24002.0,22802.0,27202.0,24401.0],""scalar_cnf"":[796650.0,776249.0,771148.0,753547.0,765049.0],""robdd"":[2194438.0,2058829.0,2232741.0,1982525.0,2065930.0],""cadical"":[1536097.0,1522196.0,1526796.0,1680306.0,1535897.0]}",1200,38803,295918,1,True,28046867,410174,7167751,341470,740646,3640,5315634,41221,17974,11549528,6582414,True,2281,8428931,7217254,True,704,29952387,28656005,True,"{""dropped_satisfied_clauses"":1443,""payload_sha256"":""913d0bc5feaf4da2b812c33506e32229a3b3cdfb16c20ef2f8365f296b66b311"",""removed_fixed_false_literals"":394,""residual_clauses"":227,""residual_literals"":624,""slice_feature_names"":[""CONFIG_FORCE_OPTIONS_FOR_ARCH"",""CONFIG_ARCH_HAS_MMU"",""CONFIG_TARGET_kvx"",""CONFIG_TARGET_i386"",""CONFIG_TARGET_nds32"",""CONFIG_TARGET_metag"",""CONFIG_TARGET_x86_64"",""CONFIG_TARGET_aarch64"",""CONFIG_TARGET_powerpc"",""CONFIG_TARGET_hppa"",""CONFIG_TARGET_csky"",""CONFIG_TARGET_sparc64""],""slice_variables"":[8,39,21,3,24,16,23,41,25,15,38,40],""source_clauses"":1670}"
real|uClibc@2020-12-24_11-54-53|hash|k12,real,uClibc@2020-12-24_11-54-53,uClibc,hash,12,19,13,21,0.3157894736842105,2,0.00048828125,61236f398d1c40d692fe649d8639f119e2a1f917bc1dadfc9167bea5b369a0d8,True,117308,719645,272117,dd.cudd,cudd,2665268,64204,12,2752274,51103,12,25112482,"[{""sweep"":0,""seed"":821019350,""nodes"":12,""setup_ns"":2725572,""build_ns"":57303,""order"":[""x9"",""x0"",""x11"",""x1"",""x8"",""x2"",""x7"",""x4"",""x6"",""x3"",""x5"",""x10""]},{""sweep"":1,""seed"":821019351,""nodes"":12,""setup_ns"":2752274,""build_ns"":51103,""order"":[""x7"",""x3"",""x2"",""x4"",""x10"",""x11"",""x1"",""x6"",""x5"",""x8"",""x9"",""x0""]},{""sweep"":2,""seed"":821019352,""nodes"":12,""setup_ns"":2725771,""build_ns"":51104,""order"":[""x7"",""x10"",""x1"",""x8"",""x9"",""x11"",""x2"",""x4"",""x0"",""x5"",""x3"",""x6""]},{""sweep"":3,""seed"":821019353,""nodes"":12,""setup_ns"":8223618,""build_ns"":78105,""order"":[""x3"",""x4"",""x9"",""x8"",""x2"",""x6"",""x10"",""x11"",""x1"",""x0"",""x7"",""x5""]},{""sweep"":4,""seed"":821019354,""nodes"":12,""setup_ns"":7832593,""build_ns"":74305,""order"":[""x2"",""x11"",""x1"",""x7"",""x8"",""x3"",""x6"",""x4"",""x5"",""x10"",""x9"",""x0""]}]",12,12,23,29,23369.48,25435.62,14064.88,136108.0,35516737.0,1.661548481039298,0.9187698196466215,0.1716980633026714,"{""cm"":[25269.6,28009.76,23369.48,20767.3,21063.32],""cse"":[35716.24,24417.52,25419.6,27231.72,25435.62],""cnf"":[14304.9,14062.88,13456.86,15304.96,14064.88],""robdd_enumerate"":[114407.0,136108.0,110107.0,136409.0,178111.0],""robdd_naive"":[33654520.0,34687585.0,36342089.0,35516737.0,37503463.0]}",256,True,56203.0,355623.0,2170737.0,1527496.0,0.025891206534923394,0.03679420437107528,"{""packed"":[56203.0,43603.0,49303.0,56703.0,68405.0],""scalar_cnf"":[402425.0,348722.0,354422.0,355623.0,361423.0],""robdd"":[2375149.0,2170737.0,2005227.0,2154635.0,2325946.0],""cadical"":[1523496.0,1449991.0,1527496.0,1655305.0,1636003.0]}",1600,37402,174711,2,True,2195338,34270,697844,26034,64804,3608,3711534,41221,2578,9664209,6039981,True,115,7846194,5543949,True,658,25327095,29396452,True,"{""dropped_satisfied_clauses"":1651,""payload_sha256"":""913d0bc5feaf4da2b812c33506e32229a3b3cdfb16c20ef2f8365f296b66b311"",""removed_fixed_false_literals"":757,""residual_clauses"":19,""residual_literals"":21,""slice_feature_names"":[""CONFIG_CONFIG_MIPS_N64_ABI"",""CONFIG_UCLIBC_FORMAT_FLAT_SEP_DATA"",""CONFIG_DOSTRIP"",""CONFIG_LDSO_RUNPATH"",""CONFIG_CROSS_COMPILER_PREFIX"",""CONFIG_UCLIBC_HAS_TZ_FILE"",""CONFIG_CONFIG_686"",""CONFIG_CONFIG_CLASSIC"",""CONFIG_CONFIG_386"",""CONFIG_TARGET_hppa"",""CONFIG_UCLIBC_HAS_CRYPT_STUB"",""CONFIG_UCLIBC_FALLBACK_TO_ETC_LOCALTIME""],""slice_variables"":[86,30,218,180,203,120,129,199,107,15,111,206],""source_clauses"":1670}"
real|uClibc@2020-12-24_11-54-53|incidence|k16,real,uClibc@2020-12-24_11-54-53,uClibc,incidence,16,390,340,1098,0.1282051282051282,1,1.52587890625e-05,8b2cf5a9437ce2378e2ba67b209e77c5966fb18f456512ec0aaaa01c619c217b,True,1438991,20960221,3738335,dd.cudd,cudd,3078294,2258942,17,2934785,2465756,17,33949939,"[{""sweep"":0,""seed"":777086966,""nodes"":17,""setup_ns"":2812277,""build_ns"":2717971,""order"":[""x1"",""x9"",""x15"",""x4"",""x12"",""x13"",""x0"",""x2"",""x14"",""x8"",""x5"",""x11"",""x6"",""x7"",""x3"",""x10""]},{""sweep"":1,""seed"":777086967,""nodes"":17,""setup_ns"":2985088,""build_ns"":2895882,""order"":[""x11"",""x12"",""x6"",""x7"",""x8"",""x9"",""x15"",""x4"",""x10"",""x1"",""x5"",""x0"",""x13"",""x14"",""x2"",""x3""]},{""sweep"":2,""seed"":777086968,""nodes"":17,""setup_ns"":2934785,""build_ns"":2465756,""order"":[""x5"",""x3"",""x6"",""x14"",""x7"",""x2"",""x11"",""x15"",""x12"",""x13"",""x0"",""x9"",""x10"",""x1"",""x8"",""x4""]},{""sweep"":3,""seed"":777086969,""nodes"":17,""setup_ns"":2705371,""build_ns"":2651667,""order"":[""x13"",""x11"",""x9"",""x0"",""x3"",""x15"",""x10"",""x6"",""x1"",""x5"",""x8"",""x7"",""x12"",""x14"",""x4"",""x2""]},{""sweep"":4,""seed"":777086970,""nodes"":17,""setup_ns"":8296522,""build_ns"":2832078,""order"":[""x14"",""x4"",""x10"",""x2"",""x7"",""x1"",""x12"",""x13"",""x3"",""x0"",""x5"",""x15"",""x9"",""x8"",""x11"",""x6""]}]",346,346,713,763,1552407.8,1283380.8,5805375.7,195312.0,,0.2674086708979059,1.2096236752178309,7.948348283771606,"{""cm"":[1083258.2,1552407.8,1169833.7,1607791.3,1950562.9],""cse"":[1274860.3,1023384.5,1458771.9,1283380.8,1674245.5],""cnf"":[5805375.7,5111562.0,5767913.4,8033646.0,5870729.8],""robdd_enumerate"":[185412.0,178111.0,195312.0,231815.0,253116.0]}",256,True,42602.0,952160.0,3805940.0,2410652.0,0.011193555337183456,0.017672397343125427,"{""packed"":[41902.0,43103.0,42602.0,43002.0,30402.0],""scalar_cnf"":[952160.0,1143272.0,998662.0,825052.0,694444.0],""robdd"":[3710933.0,3805940.0,3889645.0,3845842.0,3135097.0],""cadical"":[2115934.0,2636766.0,2410652.0,2467055.0,1922221.0]}",1900,76205,,,True,57357312,3154387,14301400,3113979,5792265,52796,11150702,41429,46787,13885074,6780727,True,4138,9726613,7275258,True,936,40937779,42509978,True,"{""dropped_satisfied_clauses"":1280,""payload_sha256"":""913d0bc5feaf4da2b812c33506e32229a3b3cdfb16c20ef2f8365f296b66b311"",""removed_fixed_false_literals"":383,""residual_clauses"":390,""residual_literals"":1098,""slice_feature_names"":[""CONFIG_FORCE_OPTIONS_FOR_ARCH"",""CONFIG_ARCH_HAS_MMU"",""CONFIG_TARGET_kvx"",""CONFIG_TARGET_i386"",""CONFIG_TARGET_nds32"",""CONFIG_TARGET_metag"",""CONFIG_TARGET_x86_64"",""CONFIG_TARGET_aarch64"",""CONFIG_TARGET_powerpc"",""CONFIG_TARGET_hppa"",""CONFIG_TARGET_csky"",""CONFIG_TARGET_sparc64"",""CONFIG_TARGET_alpha"",""CONFIG_TARGET_ia64"",""CONFIG_TARGET_riscv64"",""CONFIG_TARGET_tile""],""slice_variables"":[8,39,21,3,24,16,23,41,25,15,38,40,33,50,7,6],""source_clauses"":1670}"
real|uClibc@2020-12-24_11-54-53|hash|k16,real,uClibc@2020-12-24_11-54-53,uClibc,hash,16,20,14,22,0.30000000000000004,16,0.000244140625,243ebd11ede1e7d3552ede9282ac112de18e4713a576bffe5d5d1de5ef28219b,True,79605,926959,367523,dd.cudd,cudd,3701033,96107,13,3687632,82205,13,31879608,"[{""sweep"":0,""seed"":1190491438,""nodes"":13,""setup_ns"":4249267,""build_ns"":101507,""order"":[""x9"",""x12"",""x11"",""x10"",""x3"",""x4"",""x1"",""x14"",""x0"",""x6"",""x7"",""x13"",""x5"",""x2"",""x15"",""x8""]},{""sweep"":1,""seed"":1190491439,""nodes"":13,""setup_ns"":3390314,""build_ns"":94106,""order"":[""x7"",""x0"",""x10"",""x9"",""x5"",""x2"",""x4"",""x15"",""x1"",""x11"",""x13"",""x3"",""x8"",""x6"",""x14"",""x12""]},{""sweep"":2,""seed"":1190491440,""nodes"":13,""setup_ns"":3687632,""build_ns"":82205,""order"":[""x15"",""x6"",""x4"",""x0"",""x12"",""x9"",""x2"",""x3"",""x13"",""x11"",""x8"",""x14"",""x5"",""x1"",""x7"",""x10""]},{""sweep"":3,""seed"":1190491441,""nodes"":13,""setup_ns"":10183841,""build_ns"":84906,""order"":[""x4"",""x15"",""x12"",""x3"",""x13"",""x1"",""x11"",""x0"",""x7"",""x8"",""x10"",""x14"",""x6"",""x5"",""x9"",""x2""]},{""sweep"":4,""seed"":1190491442,""nodes"":13,""setup_ns"":9172578,""build_ns"":87405,""order"":[""x9"",""x7"",""x14"",""x6"",""x12"",""x0"",""x11"",""x8"",""x3"",""x5"",""x13"",""x2"",""x10"",""x15"",""x4"",""x1""]}]",12,12,24,30,42522.6,44002.8,103276.5,240915.0,,0.4117354867757912,0.9663612315579917,0.17650457630284538,"{""cm"":[42522.6,36922.4,72934.6,56453.6,35652.2],""cse"":[69124.4,38962.4,49913.2,44002.8,40542.6],""cnf"":[103276.5,134398.5,99776.3,107816.8,98846.2],""robdd_enumerate"":[150810.0,362723.0,240915.0,399925.0,232615.0]}",256,True,739447.0,399825.0,4007753.0,2254242.0,0.18450413486060643,0.3280246752566938,"{""packed"":[986462.0,559736.0,1007263.0,739447.0,612639.0],""scalar_cnf"":[444728.0,414026.0,399825.0,373223.0,366323.0],""robdd"":[3331810.0,4569388.0,4007753.0,5190327.0,3599327.0],""cadical"":[2137235.0,2832878.0,2254242.0,2963087.0,2152035.0]}",8300,53604,,,True,4205665,132783,1947823,125127,495731,52760,6399203,41429,17998,14540816,8734750,True,120,51266530,11235308,True,749,50383373,51427539,True,"{""dropped_satisfied_clauses"":1650,""payload_sha256"":""913d0bc5feaf4da2b812c33506e32229a3b3cdfb16c20ef2f8365f296b66b311"",""removed_fixed_false_literals"":755,""residual_clauses"":20,""residual_literals"":22,""slice_feature_names"":[""CONFIG_CONFIG_MIPS_N64_ABI"",""CONFIG_UCLIBC_FORMAT_FLAT_SEP_DATA"",""CONFIG_DOSTRIP"",""CONFIG_LDSO_RUNPATH"",""CONFIG_CROSS_COMPILER_PREFIX"",""CONFIG_UCLIBC_HAS_TZ_FILE"",""CONFIG_CONFIG_686"",""CONFIG_CONFIG_CLASSIC"",""CONFIG_CONFIG_386"",""CONFIG_TARGET_hppa"",""CONFIG_UCLIBC_HAS_CRYPT_STUB"",""CONFIG_UCLIBC_FALLBACK_TO_ETC_LOCALTIME"",""CONFIG_UCLIBC_HAS_EXTRA_COMPAT_RES_STATE"",""__Root__"",""CONFIG_MALLOC_SIMPLE"",""CONFIG_UCLIBC_BUILD_SSP""],""slice_variables"":[86,30,218,180,203,120,129,199,107,15,111,206,216,1,144,229],""source_clauses"":1670}"
