n,trial,live_k,repr,output_k,reps,ok,cm_us,bitset_us,ratio
16,0,6,2,16,200,True,53.25599981006235,44.9595000827685,1.1845327397328784
16,1,3,2,16,200,True,48.68549993261695,29.609500197693706,1.644252675916802
16,2,3,2,16,200,True,8.623499888926744,5.8784999419003725,1.4669558516894332
16,3,6,2,16,200,True,30.349999433383346,57.084999862127006,0.5316633004587081
16,4,2,2,16,200,True,16.06700010597706,26.306500076316297,0.6107616011010965
16,5,4,2,16,200,True,18.306500278413296,18.052499508485198,1.014070116429512
16,6,6,2,16,40,True,44.92999869398773,46.38750106096268,0.9685798472942206
16,7,2,2,16,200,True,20.420000073499978,31.53799974825233,0.6474728973460515
16,8,3,2,16,200,True,19.72450001630932,32.32949995435774,0.6101084162809832
16,9,6,2,16,40,True,45.22500094026327,55.73249945882708,0.8114655071889191
16,10,4,2,16,200,True,43.39749983046204,34.45899987127632,1.2593952230934162
16,11,2,2,16,200,True,18.796499934978783,15.290500014089046,1.2292926926954135
16,12,8,2,16,40,True,104.31749979034066,80.24249982554466,1.30002804021731
16,13,5,2,16,200,True,38.040500367060304,30.01500037498772,1.2673829715744545
16,14,7,2,16,200,True,20.31250041909516,22.816500277258456,0.8902548669719049
16,15,8,2,16,200,True,67.50650005415082,61.26000022049993,1.1019670227092258
16,16,5,2,16,40,True,63.742502243258066,80.3950009867549,0.7928664899669529
16,17,5,2,16,200,True,49.52649993356317,36.481000133790076,1.3575970985425332
16,18,7,2,16,40,True,57.06000083591789,67.90499901399016,0.8402916083418552
16,19,2,2,16,200,True,29.943500412628055,43.181999935768545,0.6934255119533089
16,20,2,2,16,200,True,25.77100007329136,46.62749997805804,0.5526995889854415
16,21,5,2,16,40,True,31.87500115018338,36.735000321641564,0.8677011262037466
16,22,3,2,16,200,True,15.368500025942922,9.800000116229057,1.5682142697623322
16,23,6,2,16,40,True,71.92499761004001,72.65750027727336,0.9899184163446583
16,24,8,2,16,200,True,35.2480000583455,33.2920002983883,1.058752845801575
16,25,7,2,16,200,True,69.39950049854815,61.279499786905944,1.1325076206541957
16,26,6,2,16,40,True,81.19999838527292,76.91000064369291,1.055779452680733
16,27,3,2,16,200,True,17.399999778717756,43.2415003888309,0.40239121266042155
16,28,8,2,16,40,True,62.29249993339181,60.030000167898834,1.0376894845771274
16,29,6,2,16,40,True,64.68750070780516,61.29750108812004,1.0553040427343314
16,30,5,2,16,40,True,74.04750213027,71.90750038716942,1.0297604802222053
16,31,11,2,16,40,True,78.83500074967742,101.9700022879988,0.7731195349689208
16,32,3,2,16,200,True,8.602000307291746,24.685499956831336,0.34846368606406425
16,33,3,2,16,200,True,26.261499733664095,41.257000411860645,0.6365343934726381
16,34,8,2,16,200,True,79.56250046845526,69.90000023506582,1.138233193145859
16,35,5,2,16,200,True,51.91700009163469,41.779999737627804,1.2426280616961642
16,36,3,2,16,40,True,65.44250063598156,63.04749986156821,1.0379872442154248
16,37,7,2,16,40,True,120.5450011184439,104.60750199854374,1.1523552213312773
16,38,3,2,16,40,True,51.9825000083074,67.10999878123403,0.7745865139673236
16,39,5,2,16,40,True,63.012499595060945,103.76999853178859,0.607232345442868
16,40,4,2,16,200,True,28.5874999826774,50.8704996900633,0.561966172081095
16,41,1,2,16,200,True,6.66000007186085,22.65449962578714,0.29398133624103145
16,42,1,2,16,200,True,3.7475000135600567,25.763000012375414,0.14546054464774763
16,43,8,2,16,40,True,62.57499917410314,37.97249810304493,1.6479031483336988
16,44,5,2,16,40,True,31.07000084128231,28.589999419637024,1.0867436681352955
16,45,3,2,16,40,True,56.84999923687428,50.24250131100416,1.1315121212809311
16,46,7,2,16,200,True,76.31250016856939,76.96099986787885,0.9915736580810701
16,47,5,2,16,40,True,53.06749953888357,38.880002102814615,1.36490474971044
16,48,6,2,16,40,True,37.4024995835498,47.48250066768378,0.7877112421967626
16,49,9,2,16,40,True,69.46499925106764,53.88249992392957,1.2891940676311824
16,50,7,2,16,200,True,57.63699999079108,50.846500089392066,1.1335490129991403
16,51,4,2,16,200,True,60.40849955752492,53.755000117234886,1.123774521919437
16,52,7,2,16,40,True,148.45499827060848,145.48499893862754,1.0204144712764085
16,53,8,2,16,40,True,91.26749937422574,88.61999958753586,1.0298747438389995
16,54,6,2,16,40,True,117.47250100597739,82.2000001790002,1.4291058485421795
16,55,5,2,16,40,True,71.13000028766692,62.530001741833985,1.1375339566011773
16,56,3,2,16,200,True,70.48950006719679,75.12149983085692,0.9383398923864738
16,57,11,2,16,40,True,193.50749789737165,152.4324994534254,1.2694635237972753
16,58,4,2,16,200,True,58.70999942999333,58.90350032132119,0.9967149508896364
16,59,4,2,16,200,True,40.803999872878194,51.389000145718455,0.7940220622540723
16,60,9,2,16,40,True,61.43500213511288,46.98749980889261,1.3074754431493718
16,61,4,2,16,200,True,33.3360000513494,32.71549998316914,1.0189665470036982
16,62,5,2,16,200,True,39.58199988119304,56.19750008918345,0.7043373783242636
16,63,0,2,16,200,True,4.2275001760572195,70.0500002130866,0.06034975250817267
16,64,6,2,16,200,True,68.40649992227554,106.54349985998124,0.6420523073878267
16,65,4,2,16,40,True,67.76000082027167,82.48249941971153,0.8215076082439676
16,66,5,2,16,40,True,54.84749854076654,102.98999841324985,0.5325516980851832
16,67,6,2,16,40,True,98.74750103335828,85.01249831169844,1.1615645110357824
16,68,4,2,16,200,True,46.587499673478305,42.46800031978637,1.0970024329535621
16,69,5,2,16,40,True,42.742499499581754,44.50750129763037,0.9603437230446683
16,70,5,2,16,40,True,83.86499830521643,53.24249796103686,1.575151458269093
16,71,6,2,16,40,True,80.35250066313893,97.02499955892563,0.828162855227213
16,72,8,2,16,40,True,119.97499968856573,75.39249781984836,1.591338702893861
16,73,5,2,16,40,True,44.76499743759632,28.882501646876335,1.5499002816619831
16,74,4,2,16,200,True,64.31849964428693,67.03799997922033,0.9594334506432716
16,75,5,2,16,40,True,57.00750043615699,50.417499733157456,1.1307085979645588
16,76,7,2,16,200,True,73.66450037807226,60.87350018788129,1.2101242765852556
16,77,3,2,16,200,True,30.15299967955798,18.609999679028988,1.6202579365724776
16,78,7,2,16,40,True,104.93499867152423,79.86249984242022,1.3139458303781564
16,79,2,2,16,200,True,25.436500436626375,19.38449975568801,1.3122082466514267
16,80,4,2,16,40,True,112.75500000920147,90.70750093087554,1.2430614761961905
16,81,8,2,16,40,True,105.05499958526343,101.72500042244792,1.0327353074365844
16,82,9,2,16,40,True,128.0475000385195,111.51749931741506,1.1482278639880068
16,83,7,2,16,40,True,98.07500173337758,99.01750017888844,0.9904814962626999
16,84,6,2,16,40,True,52.09249793551862,47.877500765025616,1.0880371177096204
16,85,5,2,16,40,True,53.6749983439222,44.04500068631023,1.2186399706563087
16,86,8,2,16,40,True,49.31250005029142,61.6449979133904,0.7999432511876177
16,87,3,2,16,200,True,23.61949998885393,41.82150005362928,0.5647693162264806
16,88,6,2,16,40,True,58.3200016990304,54.31000026874244,1.0738354154013119
16,89,3,2,16,200,True,34.84399989247322,46.56400007661432,0.7483034068194843
16,90,7,2,16,40,True,151.6624994110316,145.00500110443681,1.0459121978958497
16,91,5,2,16,40,True,89.4074997631833,76.450000051409,1.169489858771236
16,92,4,2,16,200,True,76.00500015541911,78.34599993657321,0.9701197280901475
16,93,9,2,16,40,True,143.1250013411045,97.56000072229654,1.4670459233442221
16,94,8,2,16,40,True,67.559999297373,88.85750139597803,0.7603184676137087
16,95,5,2,16,200,True,51.094500231556594,48.459499957971275,1.054375308780954
16,96,9,2,16,40,True,59.70000056549907,62.36750050447881,0.9572293274958457
16,97,4,2,16,200,True,61.496499693021185,75.45850006863475,0.8149711382691923
16,98,9,2,16,200,True,88.19799986667931,71.42149959690869,1.2348942596340662
16,99,6,2,16,40,True,65.2775022899732,83.68499984499067,0.7800382674420315
16,100,7,2,16,40,True,93.32250047009438,138.34499986842275,0.6745635950619944
16,101,2,2,16,200,True,28.574999887496233,46.146499807946384,0.6192235598890568
16,102,4,2,16,40,True,43.85249922052026,30.765001429244872,1.4254021512521222
16,103,5,2,16,200,True,22.667500306852162,21.243499941192567,1.0670322860922914
16,104,7,2,16,40,True,78.32499977666885,76.2474985094741,1.0272468121290117
16,105,4,2,16,200,True,28.771000215783715,45.425500138662755,0.6333667241518385
16,106,4,2,16,200,True,38.055499899201095,23.299000458791852,1.633353326315803
16,107,4,2,16,200,True,51.95799982175231,52.9594998806715,0.9810893218180727
16,108,5,2,16,40,True,69.57000005058944,65.60249894391745,1.060477895972587
16,109,7,2,16,40,True,89.74249940365553,75.05999819841236,1.1956101992759405
16,110,3,2,16,200,True,28.698499663732946,57.3530001565814,0.5003835821209385
16,111,5,2,16,200,True,26.185999740846455,20.08299983572215,1.3038888589875275
16,112,7,2,16,40,True,133.82250035647303,99.81000039260834,1.3407724659861193
16,113,5,2,16,40,True,161.41749802045524,89.14249774534255,1.8107805155020895
16,114,6,2,16,40,True,143.40250054374337,116.51499953586608,1.2307642888467822
16,115,5,2,16,40,True,67.14999908581376,64.48749918490648,1.0412870701230488
16,116,9,2,16,40,True,106.47000162862241,84.99750110786408,1.2526250800421668
16,117,4,2,16,40,True,70.79500064719468,55.56499818339944,1.2740934574230824
16,118,4,2,16,200,True,30.274500022642314,33.89549965504557,0.893171669712671
16,119,6,2,16,40,True,81.6025014501065,72.32000061776489,1.1283531630676098
16,120,2,2,16,200,True,20.762000349350274,16.98550011496991,1.222336711243021
16,121,6,2,16,40,True,68.34999949205667,69.32000105734915,0.9860069020413028
16,122,5,2,16,40,True,81.415000022389,61.787498998455696,1.317661360988634
16,123,9,2,16,40,True,69.0549990395084,79.38500202726573,0.8698746271467076
16,124,3,2,16,40,True,32.682501478120685,32.20249782316387,1.0149057895320015
16,125,8,2,16,40,True,69.36249847058207,62.63999966904521,1.107319585521309
16,126,5,2,16,200,True,37.51249983906746,35.83649988286197,1.0467679589715455
16,127,3,2,16,200,True,7.790499948896467,14.285999932326376,0.5453240925241862
16,128,5,2,16,200,True,25.468500098213553,16.398000298067927,1.5531467029680652
16,129,4,2,16,200,True,31.142000225372612,29.63449980597943,1.0508697777679046
16,130,4,2,16,200,True,20.46199981123209,21.505499607883394,0.9514775375751428
16,131,7,2,16,40,True,94.52000085730106,65.02000032924116,1.453706557654276
16,132,2,2,16,200,True,26.773500139825046,32.857999904081225,0.8148244025193866
16,133,4,2,16,200,True,14.820499927736819,16.091999714262784,0.9209855947611657
16,134,7,2,16,200,True,42.418999946676195,45.7455002469942,0.9272824587695578
16,135,1,2,16,200,True,7.903500227257609,16.230500186793506,0.4869535834569386
16,136,6,2,16,200,True,46.7664998723194,49.509499804116786,0.944596492740787
16,137,7,2,16,200,True,53.83799958508462,44.818000169470906,1.2012584091549436
16,138,5,2,16,200,True,18.407999887131155,15.26149979326874,1.2061724035307602
16,139,6,2,16,40,True,64.81250165961683,92.39249920938164,0.701490945847644
16,140,5,2,16,40,True,37.00749948620796,37.429999792948365,0.9887122546332474
16,141,9,2,16,40,True,92.86749991588295,81.2250014860183,1.143336389250405
16,142,4,2,16,40,True,38.072498864494264,55.39999983739108,0.6872292233979037
16,143,6,2,16,200,True,27.021999703720212,27.83500007353723,0.9707921549247654
16,144,7,2,16,40,True,79.14250018075109,78.54500145185739,1.0076070878840064
16,145,4,2,16,200,True,29.95949995238334,27.17650029808283,1.102404637233472
16,146,5,2,16,200,True,27.545500197447836,37.43549983482808,0.7358122722812134
16,147,5,2,16,40,True,34.184998366981745,34.48750067036599,0.9912286394344553
16,148,2,2,16,200,True,37.36749989911914,23.04400026332587,1.6215717528257831
16,149,7,2,16,200,True,27.52700005657971,22.00899994932115,1.2507156217894742
16,150,6,2,16,200,True,50.991500029340386,47.80000017490238,1.0667677791372419
16,151,4,2,16,200,True,23.754499852657318,42.67800017260015,0.5565982416371053
16,152,6,2,16,200,True,43.57800004072487,43.53799973614514,1.0009187446557524
16,153,7,2,16,200,True,48.1670000590384,38.60299999359995,1.2477527670653596
16,154,5,2,16,200,True,31.95249999407679,27.79250033199787,1.149680655298561
16,155,5,2,16,200,True,28.82900007534772,41.19999997783452,0.6997330119140204
16,156,6,2,16,200,True,94.200000166893,79.16649978142232,1.189897247282348
16,157,1,2,16,200,True,3.7444999907165766,29.218500130809844,0.12815510631800495
16,158,7,2,16,40,True,115.70250208023936,63.257498550228775,1.8290717263877787
16,159,5,2,16,200,True,36.54700005427003,39.28149992134422,0.9303870811310757
16,160,4,2,16,200,True,41.902000084519386,31.513000139966607,1.3296734648687685
16,161,5,2,16,40,True,59.50249906163663,64.25250030588359,0.9260728964377437
16,162,7,2,16,40,True,53.06749953888357,72.61499995365739,0.7308063013530406
16,163,7,2,16,200,True,29.644000460393727,44.485999969765544,0.6663669577067161
16,164,5,2,16,40,True,67.5449991831556,52.52000119071454,1.2860814480540692
16,165,6,2,16,200,True,60.48649956937879,48.15800057258457,1.256001055903733
16,166,9,2,16,40,True,71.03749958332628,71.12750026863068,0.9987346569897088
16,167,5,2,16,40,True,62.960002105683095,53.499999921768904,1.1768224709859292
16,168,5,2,16,40,True,29.024999821558595,31.09250101260841,0.9335048283760957
16,169,5,2,16,200,True,57.684999774210155,66.53450021985918,0.8669938089802073
16,170,6,2,16,200,True,44.21600024215877,48.47799951676279,0.9120838459282895
16,171,6,2,16,200,True,31.077000312507156,35.88699968531728,0.8659681941932283
16,172,8,2,16,40,True,69.98750031925738,57.35500017181039,1.2202510698213855
16,173,4,2,16,40,True,39.2299989471212,39.08500075340271,1.003709816833146
16,174,4,2,16,200,True,28.395000263117254,35.97849979996681,0.7892213522239037
16,175,4,2,16,200,True,27.222000062465668,25.501000345684588,1.0674875374868311
16,176,5,2,16,200,True,39.2180000199005,29.69949971884489,1.32049362417428
16,177,2,2,16,200,True,22.890500258654356,24.779000086709857,0.923786277838209
16,178,5,2,16,40,True,41.775000863708556,36.197499139234424,1.1540852781851076
16,179,6,2,16,200,True,30.200500041246414,29.22500018030405,1.0333789514088625
16,180,7,2,16,200,True,69.55399992875755,67.06900021526963,1.0370513904413645
16,181,8,2,16,200,True,32.1875000372529,22.59400032926351,1.4246038580234948
16,182,5,2,16,200,True,33.838500385172665,35.51200032234192,0.9528750866755205
16,183,3,2,16,200,True,29.747000080533326,28.572999872267246,1.041087747646881
16,184,3,2,16,200,True,33.019499969668686,31.25649993307888,1.0564042692036677
16,185,8,2,16,200,True,48.54350001551211,39.988000062294304,1.2139516840024465
16,186,6,2,16,200,True,57.38799984101206,55.731500033289194,1.0297228642102476
16,187,8,2,16,40,True,47.974998597055674,61.60249758977444,0.7787833362947799
16,188,3,2,16,200,True,24.324500118382275,36.60899994429201,0.6644404423883995
16,189,6,2,16,40,True,26.000000070780516,22.175000049173832,1.1724915451239961
16,190,7,2,16,40,True,78.47999804653227,68.68999917060137,1.142524370274282
16,191,4,2,16,200,True,22.108000121079385,35.0475002778694,0.6308010541636087
16,192,6,2,16,40,True,54.63500274345279,62.902498757466674,0.8685664929482231
16,193,6,2,16,40,True,31.234999187290665,37.59999817702919,0.8307181037677
16,194,2,2,16,200,True,20.76850039884448,28.3140002284199,0.7335064007663001
16,195,4,2,16,40,True,44.0125004388392,40.462499600835145,1.0877355791912267
16,196,5,2,16,200,True,48.58449974562973,45.271499548107386,1.0731807037670977
16,197,7,2,16,40,True,70.05500083323568,58.372499188408256,1.2001370817980561
16,198,8,2,16,200,True,61.67449988424779,61.49300024844706,1.0029515495270587
16,199,6,2,16,200,True,46.697999932803214,39.71249971073121,1.1759018010186946
16,200,2,2,16,200,True,17.67300011124462,26.945999707095325,0.655867301393573
16,201,7,2,16,40,True,61.3949989201501,59.377501020208,1.0339774807844386
16,202,8,2,16,200,True,44.18149997945875,46.68299981858581,0.9464151864951243
16,203,1,2,16,200,True,9.383999858982861,20.332499989308417,0.4615271050740104
16,204,4,2,16,200,True,29.767999658361077,29.787499806843698,0.9993453579988563
16,205,4,2,16,200,True,24.40550015307963,17.882499960251153,1.3647700381561674
16,206,8,2,16,40,True,71.35749910958111,70.69999992381781,1.0092998470505203
16,207,2,2,16,200,True,10.314999963156879,22.034499561414123,0.4681295318011246
16,208,5,2,16,200,True,22.452999837696552,22.082499926909804,1.0167779876378604
16,209,8,2,16,40,True,81.0600002296269,87.3225013492629,0.9282830768373441
16,210,7,2,16,40,True,62.04249802976847,48.61250054091215,1.2762663376584313
16,211,2,2,16,200,True,10.07449987810105,18.16999982111156,0.554457896383443
16,212,8,2,16,40,True,65.8750010188669,67.31500034220517,0.9786080470026319
16,213,6,2,16,200,True,42.68150019925088,36.33700020145625,1.1746016446767766
16,214,7,2,16,40,True,80.76749800238758,90.04499879665673,0.89696817237768
16,215,7,2,16,40,True,39.132501115091145,54.08500146586448,0.7235370260605328
16,216,9,2,16,40,True,66.85499974992126,63.20499815046788,1.0577486228346067
16,217,0,2,16,200,True,2.9165000887587667,35.324000054970384,0.08256426464217465
16,218,7,2,16,200,True,52.423999877646565,43.93049981445074,1.1933394816601182
16,219,6,2,16,200,True,40.954999858513474,35.760499886237085,1.1452580357881283
16,220,4,2,16,200,True,37.42649976629764,44.5970002328977,0.8392156326848499
16,221,4,2,16,200,True,17.133000073954463,25.77750012278557,0.664649403252647
16,222,4,2,16,200,True,32.95500006061047,28.662500553764403,1.149760119456232
16,223,9,2,16,40,True,58.64499835297465,48.03500196430832,1.2208805236762543
16,224,7,2,16,40,True,69.41499887034297,72.21499981824309,0.9612268786962902
16,225,2,2,16,200,True,24.69250001013279,18.908000201918185,1.3059286940153394
16,226,4,2,16,200,True,15.036999830044806,11.249499511905015,1.336681673183024
16,227,2,2,16,200,True,4.662499995902181,28.07099954225123,0.16609668597245322
16,228,7,2,16,200,True,56.30350031424314,45.61100038699806,1.2344280949008324
16,229,5,2,16,200,True,27.944500325247645,23.525000433437526,1.1878639664349766
16,230,6,2,16,40,True,46.98749980889261,40.29249830637127,1.1661599996012828
16,231,5,2,16,200,True,38.65950042381883,25.60499997343868,1.5098418458864369
16,232,3,2,16,200,True,42.126000043936074,33.20799965877086,1.2685497614069567
16,233,3,2,16,200,True,24.852000060491264,26.584999868646264,0.934812871291421
16,234,5,2,16,40,True,48.07499935850501,46.374998055398464,1.0366577115771685
16,235,7,2,16,200,True,53.96699998527765,57.7819999307394,0.9339759795432035
16,236,2,2,16,200,True,5.003500264137983,17.350499983876944,0.2883778720375503
16,237,4,2,16,200,True,20.48449998255819,15.117000439204276,1.355063794893721
16,238,6,2,16,40,True,46.76500102505088,47.02999722212553,0.9943653792743585
16,239,5,2,16,200,True,39.14100001566112,31.974500161595643,1.2241317242754934
16,240,6,2,16,200,True,41.8774998979643,31.695500365458432,1.321244322225692
16,241,2,2,16,200,True,11.977999820373952,7.653500069864094,1.5650355668692963
16,242,7,2,16,200,True,48.08099998626858,45.209500240162015,1.0635154056305107
16,243,6,2,16,40,True,57.51249846071005,46.56249948311597,1.2351677658877538
16,244,8,2,16,200,True,66.9969996670261,44.42600009497255,1.508058333493944
16,245,7,2,16,200,True,26.680000009946525,26.80899982806295,0.9951881898264108
16,246,5,2,16,200,True,26.973499916493893,37.050999817438424,0.7280100415481513
16,247,7,2,16,200,True,40.502999909222126,22.53649989143014,1.797217851234478
16,248,4,2,16,200,True,22.885000216774642,14.975500525906682,1.5281626264968586
16,249,2,2,16,200,True,20.91200032737106,45.6630002008751,0.4579637832682377
16,250,5,2,16,200,True,55.211500148288906,45.83749978337437,1.2045050539234377
16,251,6,2,16,40,True,85.80750145483762,75.49750152975321,1.1365608095126338
16,252,4,2,16,200,True,20.01149987336248,29.444500105455518,0.6796345599922318
16,253,7,2,16,40,True,54.21500245574862,57.5725018279627,0.9416822395134589
16,254,7,2,16,200,True,66.74849952105433,59.25350007601082,1.1264904087594634
16,255,1,2,16,200,True,3.112500417046249,12.36049982253462,0.2518102392082722
16,256,4,2,16,200,True,32.743000192567706,26.095499633811414,1.2547374318192115
16,257,7,2,16,40,True,65.34749991260469,52.635002066381276,1.241521750682006
16,258,6,2,16,200,True,28.838000143878162,27.072500088252127,1.0652137796609393
16,259,5,2,16,200,True,41.799499886110425,42.71099984180182,0.9786588944518386
16,260,4,2,16,200,True,28.324999730102718,23.282499751076102,1.2165789770401931
16,261,7,2,16,200,True,45.69349985104054,37.89599984884262,1.2057605033064211
16,262,2,2,16,200,True,11.011000024154782,7.413499988615513,1.4852633764165029
16,263,7,2,16,40,True,69.71250113565475,84.01749946642667,0.8297378710194989
16,264,6,2,16,200,True,49.755999934859574,44.41600001882762,1.1202269433035026
16,265,2,2,16,200,True,13.370999949984252,24.00800003670156,0.5569393506141165
16,266,7,2,16,200,True,32.35400014091283,30.357500072568655,1.065766287196627
16,267,7,2,16,40,True,52.57000157143921,67.0675013680011,0.7838371864039821
16,268,6,2,16,40,True,45.23000097833574,49.20499923173338,0.9192155611124554
16,269,6,2,16,40,True,79.72749881446362,73.8750008167699,1.0792216302265702
16,270,6,2,16,200,True,40.185999823734164,38.939499645493925,1.0320112017254564
16,271,8,2,16,40,True,106.37250088620931,73.44000041484833,1.4484272914669345
16,272,5,2,16,200,True,33.69899990502745,31.283500138670203,1.077213219609381
16,273,0,2,16,200,True,2.7774996124207973,47.16249997727573,0.05889212009030645
16,274,2,2,16,200,True,20.50899958703667,28.670000028796494,0.7153470375457684
16,275,6,2,16,200,True,46.034500119276345,43.582500074990094,1.0562611148985768
16,276,9,2,16,40,True,48.13999985344708,43.792498763650656,1.099275017697894
16,277,6,2,16,200,True,38.0469998344779,47.4549998762086,0.8017490239959442
16,278,8,2,16,40,True,75.03749802708626,65.48750097863376,1.145829309497828
16,279,9,2,16,40,True,73.3375025447458,58.222500956617296,1.2596075630518
16,280,5,2,16,200,True,31.029500532895327,41.59150004852563,0.7460538931438537
16,281,7,2,16,200,True,50.44549994636327,47.99800051841885,1.0509916955187584
16,282,3,2,16,200,True,11.932500055991113,26.941500254906714,0.442904067817007
16,283,8,2,16,40,True,56.70249811373651,46.88500193879008,1.2093952387538236
16,284,0,2,16,200,True,2.683500060811639,25.871999678201973,0.10372217432704196
16,285,10,2,16,200,True,60.7599999057129,46.37949983589351,1.3100615599715932
16,286,3,2,16,200,True,29.999000253155828,67.58750008884817,0.44385426615454315
16,287,7,2,16,200,True,42.58349945303053,40.9520004177466,1.0398393001230999
16,288,3,2,16,200,True,30.696499743498862,21.92299987655133,1.4001961372235192
16,289,8,2,16,40,True,51.177499699406326,50.37500231992453,1.0159304683379515
16,290,1,2,16,200,True,2.895499928854406,12.693500029854476,0.2281088684794844
16,291,7,2,16,200,True,51.849500159733,52.22350009717047,0.9928384743124917
16,292,4,2,16,200,True,30.202000052668154,35.4485004208982,0.8519965497570938
16,293,6,2,16,200,True,64.13499999325722,61.33300019428133,1.0456850274746081
16,294,7,2,16,200,True,49.31850009597838,49.85950014088303,0.9891495092534823
16,295,11,2,16,40,True,84.71500186715275,85.76000109314919,0.9878148412700999
16,296,6,2,16,200,True,65.61850022990257,58.72850015293807,1.1173195307052262
16,297,4,2,16,200,True,30.938000418245796,26.629000203683972,1.1618160720118098
16,298,5,2,16,200,True,36.45350050646812,45.076499809511006,0.8087029973604237
16,299,4,2,16,200,True,17.6835001911968,28.265999862924218,0.6256102836253031
18,0,5,3,5,200,True,5.9859995963051915,5.344499950297177,1.1200298722001756
18,1,6,3,6,200,True,5.32899983227253,5.5240001529455185,0.9646994360474428
18,2,6,3,6,200,True,4.575499915517867,3.6970002111047506,1.237625007911644
18,3,6,3,6,200,True,6.168000400066376,4.609499592334032,1.3381062903930516
18,4,7,3,7,200,True,5.996499676257372,5.287500098347664,1.1340897521933417
18,5,6,3,6,200,True,5.278000026009977,3.9085000753402714,1.3503901558836424
18,6,3,3,3,200,True,3.286499995738268,2.9924995033070445,1.0982457948969817
18,7,6,3,6,200,True,5.419999943114817,5.367499543353915,1.0097811652030615
18,8,5,3,5,200,True,4.621500265784562,3.6010000621899962,1.2833935534491312
18,9,3,3,3,200,True,3.3835001522675157,4.663500003516674,0.7255280689859698
18,10,3,3,3,200,True,4.5220000902190804,3.8150005275383596,1.185320960659713
18,11,5,3,5,200,True,4.862999776378274,4.033499862998724,1.2056526444909446
18,12,9,3,9,200,True,10.954999597743154,4.915500176139176,2.22866426715249
18,13,7,3,7,200,True,6.505000055767596,4.429499967955053,1.4685630664471434
18,14,6,3,6,200,True,6.289500161074102,4.1719997534528375,1.5075504632685501
18,15,8,3,8,200,True,5.915499641560018,4.149000160396099,1.425765103126743
18,16,3,3,3,200,True,4.600000102072954,3.238499630242586,1.4204108776533602
18,17,4,3,4,200,True,5.262999911792576,5.234499694779515,1.0054446878737016
18,18,7,3,7,200,True,6.220000213943422,4.5724998926743865,1.3603062569577091
18,19,3,3,3,200,True,4.3159996857866645,4.484999808482826,0.9623188116136553
18,20,7,3,7,200,True,7.3664996307343245,5.6299997959285975,1.3084369267760005
18,21,2,3,2,200,True,3.3199996687471867,3.5530002787709236,0.9344214489889267
18,22,3,3,3,200,True,3.9040000410750513,3.6815000930801034,1.060437306089756
18,23,5,3,5,200,True,6.273000035434961,4.668500041589141,1.3436864045308339
18,24,8,3,8,200,True,8.03200004156679,5.171499797143042,1.5531277881909635
18,25,7,3,7,200,True,4.605999565683305,5.062500131316483,0.9098270511028181
18,26,4,3,4,200,True,4.173999768681824,3.5945000126957893,1.161218459852341
18,27,8,3,8,200,True,6.073499680496752,4.1610002517700195,1.4596249250196964
18,28,7,3,7,200,True,7.475499878637493,6.65400002617389,1.1234595505308365
18,29,2,3,2,200,True,3.6100001307204366,3.0055001843720675,1.201131229168321
18,30,5,3,5,200,True,8.8085001334548,4.573999904096127,1.925776195484083
18,31,10,3,10,200,True,7.657000096514822,5.586000042967498,1.3707483060539198
18,32,8,3,8,200,True,5.496499943546951,4.4189998880028725,1.243833465230307
18,33,6,3,6,200,True,6.367500172927976,4.623000277206302,1.377352323408443
18,34,4,3,4,200,True,5.0490000285208225,3.507999936118722,1.4392816763010192
18,35,5,3,5,200,True,5.511000053957105,3.8255000254139304,1.44059600505709
18,36,5,3,5,200,True,9.22549981623888,8.475499926134944,1.0884903423562362
18,37,4,3,4,200,True,5.428500007838011,3.9964995812624693,1.3583136686137676
18,38,4,3,4,200,True,5.0869997357949615,4.600500105880201,1.1057492921895455
18,39,7,3,7,200,True,5.584500031545758,5.142999580129981,1.0858449324245558
18,40,10,3,10,200,True,10.442000348120928,5.932499771006405,1.7601349770215868
18,41,7,3,7,200,True,6.190499989315867,4.201499978080392,1.4734023614452623
18,42,5,3,5,200,True,5.186999915167689,4.531000158749521,1.1447803428458085
18,43,7,3,7,200,True,7.652499480172992,5.404000403359532,1.4160804790864974
18,44,4,3,4,200,True,4.621999687515199,3.9040000410750513,1.183913841927735
18,45,5,3,5,200,True,9.880999568849802,4.849500255659223,2.037529445909188
18,46,9,3,9,200,True,8.689999813213944,10.103000095114112,0.8601405257252739
18,47,7,3,7,200,True,7.4249994941055775,4.320500302128494,1.718550856355143
18,48,3,3,3,200,True,3.894499968737364,4.08849969971925,0.9525498972165247
18,49,3,3,3,200,True,3.777000238187611,3.762499545700848,1.0038540051129925
18,50,3,3,3,200,True,8.014999912120402,6.466999766416848,1.2393691358614738
18,51,4,3,4,200,True,5.530499620363116,4.225000157020986,1.3089939443369458
18,52,2,3,2,200,True,3.55050025973469,3.512999974191189,1.0106747184227165
18,53,7,3,7,200,True,7.068499689921737,4.490500432439148,1.5741006589954323
18,54,8,3,8,200,True,6.285999552346766,4.594500060193241,1.3681574643580225
18,55,9,3,9,200,True,8.058500243350863,4.5115000102669,1.7862130610688225
18,56,6,3,6,200,True,4.99350018799305,5.785999819636345,0.8630315146305856
18,57,4,3,4,200,True,4.886999959126115,4.083000239916146,1.196913953457539
18,58,6,3,6,200,True,6.160499760881066,4.555000341497362,1.352469659498627
18,59,7,3,7,200,True,6.654499447904527,5.3274998208507895,1.2490848750215104
18,60,8,3,8,200,True,8.242999901995063,6.621000356972218,1.244978018059583
18,61,6,3,6,200,True,5.9230002807453275,5.112999933771789,1.1584197843663988
18,62,7,3,7,200,True,9.525999776087701,7.48649996239692,1.27242367246841
18,63,3,3,3,200,True,5.609000218100846,4.645499866455793,1.207405097264622
18,64,8,3,8,200,True,8.506500162184238,5.637999856844544,1.5087797761926738
18,65,5,3,5,200,True,5.1250000251457095,3.7495000287890434,1.3668489094000364
18,66,7,3,7,200,True,7.857500459067523,7.995499763637782,0.9827403778813355
18,67,9,3,9,200,True,7.380500319413841,5.242000333964825,1.4079549502492203
18,68,4,3,4,200,True,5.3625000873580575,5.710999830625951,0.9389774551560971
18,69,2,3,2,200,True,3.5039999056607485,3.365500015206635,1.0411528420229734
18,70,10,3,10,200,True,7.823000196367502,7.142000249586999,1.0953514313892503
18,71,3,3,3,200,True,3.8280000444501634,4.247499746270478,0.9012360854903743
18,72,2,3,2,200,True,3.8114999188110232,3.181499778293073,1.198019859946668
18,73,7,3,7,200,True,10.738500277511775,7.566999993287027,1.4191225435493997
18,74,5,3,5,200,True,4.681500140577555,3.8194999797269698,1.225684033361928
18,75,1,3,1,200,True,2.7255003806203604,3.1114998273551464,0.8759442493484259
18,76,4,3,4,200,True,7.739500142633915,4.562499816529453,1.696328866599518
18,77,7,3,7,200,True,11.090500047430396,8.198499563150108,1.3527475316677453
18,78,7,3,7,200,True,5.6285003665834665,4.462499637156725,1.2612887001083672
18,79,3,3,3,200,True,4.24400030169636,4.756499547511339,0.8922528551310123
18,80,5,3,5,200,True,6.779999821446836,5.418499931693077,1.2512687841500705
18,81,2,3,2,200,True,5.484000430442393,3.5480002406984568,1.5456595429550524
18,82,7,3,7,200,True,8.33400001283735,5.968500045128167,1.3963307279590358
18,83,7,3,7,200,True,6.417999975383282,3.9175001438707113,1.6382896591401106
18,84,6,3,6,200,True,4.603500128723681,4.664000007323921,0.98702832793627
18,85,8,3,8,200,True,5.2484998013824224,3.2950000604614615,1.5928678922838548
18,86,4,3,4,200,True,3.743499983102083,3.321500262245536,1.1270509370880646
18,87,7,3,7,200,True,6.101499893702567,4.116499912925065,1.482205762848424
18,88,1,3,1,200,True,4.292999510653317,4.3824996100738645,0.97957784201171
18,89,8,3,8,200,True,6.538000307045877,5.034500500187278,1.2986393201873097
18,90,8,3,8,200,True,5.296999588608742,4.8874999629333615,1.0837850902876751
18,91,7,3,7,200,True,6.379000260494649,5.8305001584813,1.0940742795822547
18,92,7,3,7,200,True,6.967000081203878,3.74399998690933,1.860844045289416
18,93,6,3,6,200,True,9.254500037059188,6.552500417456031,1.4123616096849014
18,94,7,3,7,200,True,10.896999738179147,8.700999896973372,1.2523847680965552
18,95,2,3,2,200,True,6.746500148437917,4.951499868184328,1.3625164754193562
18,96,3,3,3,200,True,3.68050008546561,3.660000511445105,1.0056009757256594
18,97,5,3,5,200,True,8.095999946817756,7.444500224664807,1.0875142323180307
18,98,9,3,9,200,True,6.459999713115394,7.369500235654414,0.8765858615298279
18,99,7,3,7,200,True,9.17249999474734,4.464000230655074,2.0547713980295454
18,100,1,3,1,200,True,2.769000129774213,2.9674998950213194,0.9331087540794402
18,101,3,3,3,200,True,4.061000072397292,3.5735004348680377,1.136420757857626
18,102,5,3,5,200,True,4.5600003795698285,4.5235001016408205,1.0080690344001026
18,103,4,3,4,200,True,4.004999645985663,3.549500252120197,1.1283277536304965
18,104,3,3,3,200,True,5.995000246912241,3.296000068075955,1.818871396568821
18,105,4,3,4,200,True,9.145500371232629,7.212000200524926,1.2680948581458682
18,106,8,3,8,200,True,6.334499921649694,4.254499799571931,1.4888941638420206
18,107,8,3,8,200,True,14.23550012987107,10.62449999153614,1.3398748309296045
18,108,6,3,6,200,True,6.4364995341748,4.683000151999295,1.3744393178007672
18,109,6,3,6,200,True,5.587000050581992,4.763500182889402,1.1728770517634532
18,110,5,3,5,200,True,5.989999626763165,5.4779998026788235,1.0934647394171073
18,111,2,3,2,200,True,8.266500080935657,7.07399973180145,1.1685751193590344
18,112,7,3,7,200,True,8.086499874480069,5.5255001643672585,1.4634874009466394
18,113,8,3,8,200,True,6.6020002122968435,4.3810001807287335,1.5069618671411855
18,114,4,3,4,200,True,7.086999830789864,5.440999520942569,1.3025180030822998
18,115,6,3,6,200,True,5.436000064946711,5.12800004798919,1.060062405240869
18,116,4,3,4,200,True,9.352500201202929,7.432500133290887,1.258324928823368
18,117,4,3,4,200,True,10.081999935209751,6.4974999986588955,1.5516737110104974
18,118,6,3,6,200,True,9.530499810352921,7.292499649338424,1.3068906779059672
18,119,5,3,5,200,True,5.26699994225055,4.633499775081873,1.136721743373233
18,120,5,3,5,200,True,5.573999951593578,5.121499998494983,1.0883530124439262
18,121,8,3,8,200,True,7.960500079207122,8.692999836057425,0.9157368261055304
18,122,5,3,5,200,True,5.643999902531505,5.521500133909285,1.0221859577381716
18,123,2,3,2,200,True,3.0894996598362923,3.212000010535121,0.9618616593097644
18,124,4,3,4,200,True,4.528500139713287,4.062000080011785,1.1148449164235734
18,125,10,3,10,200,True,7.902499637566507,5.394500331021845,1.464917814931265
18,126,3,3,3,200,True,3.559999749995768,3.244000254198909,1.097410441132932
18,127,4,3,4,200,True,4.501499934121966,3.8434995803982024,1.1711982374291277
18,128,5,3,5,200,True,6.123500061221421,4.620499676093459,1.325289576991967
18,129,4,3,4,200,True,4.695999668911099,3.5280000884085894,1.3310656324357892
18,130,6,3,6,200,True,5.950499908067286,4.36800008174032,1.3622939095038797
18,131,2,3,2,200,True,5.505500012077391,3.0640000477433205,1.796834179598747
18,132,4,3,4,200,True,4.193999920971692,3.5639997804537416,1.1767677270837944
18,133,5,3,5,200,True,5.6950002908706665,4.320499720051885,1.3181346279088002
18,134,4,3,4,200,True,4.899000050500035,4.081499646417797,1.200294125910248
18,135,8,3,8,200,True,6.599000189453363,4.486500401981175,1.4708569259325908
18,136,5,3,5,200,True,5.626499769277871,4.418499884195626,1.27339593000853
18,137,3,3,3,200,True,3.2599997939541936,3.191499854438007,1.0214632438165185
18,138,4,3,4,200,True,3.9565004408359528,3.566500381566584,1.1093509091671712
18,139,6,3,6,200,True,7.337499991990626,4.193499917164445,1.7497317603268456
18,140,5,3,5,200,True,5.0964998081326485,4.447000101208687,1.1460534499982198
18,141,6,3,6,200,True,7.499999483115971,7.4585003312677145,1.0055640075088932
18,142,4,3,4,200,True,6.075500277802348,4.833999555557966,1.2568268176228827
18,143,4,3,4,200,True,7.519499631598592,5.891500040888786,1.2763302349844687
18,144,7,3,7,200,True,8.449000306427479,6.750500178895891,1.2516110040025796
18,145,9,3,9,200,True,7.379999733529985,4.25150035880506,1.7358577233201105
18,146,7,3,7,200,True,7.4230000609532,6.755500216968358,1.098808352090379
18,147,7,3,7,200,True,6.930999807082117,4.559999797493219,1.5199561655446374
18,148,5,3,5,200,True,5.127000040374696,4.629500326700509,1.1074629395325608
18,149,5,3,5,200,True,7.3810003232210875,6.6860002698376775,1.1039485529964363
18,150,7,3,7,200,True,10.196500224992633,7.447500247508287,1.3691171381167901
18,151,5,3,5,200,True,7.509500137530267,4.135000053793192,1.8160822345435084
18,152,8,3,8,200,True,6.035499973222613,7.138500222936273,0.8454857161494963
18,153,5,3,5,200,True,5.885499995201826,4.817000008188188,1.221818556196252
18,154,3,3,3,200,True,4.92249964736402,4.175999783910811,1.1787595550960768
18,155,3,3,3,200,True,5.229000234976411,4.218999529257417,1.2393934151248327
18,156,3,3,3,200,True,3.462000167928636,3.5550002939999104,0.9738396291476434
18,157,5,3,5,200,True,6.800999981351197,5.093000363558531,1.3353621629430377
18,158,4,3,4,200,True,4.397500306367874,5.404999828897417,0.8135986023268634
18,159,7,3,7,200,True,5.310499691404402,4.084499669261277,1.3001591679317874
18,160,5,3,5,200,True,7.269500056281686,7.29300023522228,0.9967777076398411
18,161,4,3,4,200,True,4.204500000923872,3.883499884977937,1.0826574289824547
18,162,2,3,2,200,True,3.730999887920916,3.2619998091831803,1.1437768565827033
18,163,8,3,8,200,True,6.079500308260322,4.573500482365489,1.3292882184448584
18,164,6,3,6,200,True,5.293000140227377,5.3545000264421105,0.988514355045097
18,165,7,3,7,200,True,7.830000249668956,6.519000162370503,1.2011044722572508
18,166,4,3,4,200,True,4.479000344872475,5.752500146627426,0.7786180322826105
18,167,5,3,5,200,True,5.048000020906329,4.012000281363726,1.2582252409988504
18,168,0,3,0,200,True,2.750999992713332,4.096500342711806,0.6715488252326672
18,169,7,3,7,200,True,8.006499847397208,4.323500324971974,1.8518559605865437
18,170,8,3,8,200,True,7.365999626927078,4.983000108040869,1.47822586137232
18,171,5,3,5,200,True,5.54649974219501,4.216500092297792,1.3154273973162494
18,172,4,3,4,200,True,4.117499920539558,3.553499700501561,1.1587168334243536
18,173,7,3,7,200,True,8.10300000011921,4.758500144816935,1.7028474841899877
18,174,8,3,8,200,True,7.025499944575131,5.8769999304786325,1.1954228394899713
18,175,4,3,4,200,True,4.252999788150191,3.3000000985339284,1.2887877761093542
18,176,4,3,4,200,True,5.0124997505918145,4.863499780185521,1.030636368282227
18,177,5,3,5,200,True,8.443499682471156,7.791499956510962,1.0836808996469738
18,178,9,3,9,200,True,10.369499796070158,8.40049993712455,1.2343907950339903
18,179,5,3,5,200,True,7.575000054202974,4.014999722130597,1.8866751129395423
18,180,7,3,7,200,True,5.33349986653775,4.0769996121525764,1.3081923899722339
18,181,2,3,2,200,True,3.5054999170824885,3.54450021404773,0.9889969545464623
18,182,3,3,3,200,True,4.056000034324825,3.616999601945281,1.1213714350821167
18,183,0,3,0,200,True,2.8534996090456843,4.30600019171834,0.6626798611235024
18,184,5,3,5,200,True,5.480499821715057,4.209000035189092,1.3020907046556587
18,185,4,3,4,200,True,5.160499713383615,3.4789997152984142,1.4833285816871555
18,186,2,3,2,200,True,3.531500115059316,3.691500169225037,0.9566571727397997
18,187,1,3,1,200,True,3.3345003612339497,4.967499990016222,0.6712632849392437
18,188,3,3,3,200,True,4.014000296592712,3.514499985612929,1.1421255692202459
18,189,5,3,5,200,True,5.327999824658036,4.464000230655074,1.1935482861469686
18,190,6,3,6,200,True,5.180000443942845,3.8439995842054486,1.3475548918441276
18,191,8,3,8,200,True,6.324999849312007,5.742000066675246,1.1015325280158579
18,192,6,3,6,200,True,5.26399991940707,3.620500210672617,1.4539427187132032
18,193,8,3,8,200,True,5.204000044614077,4.680000129155815,1.1119657908113738
18,194,4,3,4,200,True,5.6600000243633986,3.701000241562724,1.5293163077377967
18,195,9,3,9,200,True,7.780499872751534,5.624500336125493,1.3833228567484144
18,196,5,3,5,200,True,4.247499746270478,4.015000304207206,1.0579077022284762
18,197,5,3,5,200,True,7.1889994433149695,4.405500367283821,1.6318235941374564
18,198,7,3,7,200,True,5.659500020556152,5.835499614477158,0.9698398413934649
18,199,7,3,7,200,True,5.645999917760491,7.111000013537705,0.7939811428788931
18,200,6,3,6,200,True,8.25099996291101,4.859999753534794,1.6977367039802544
18,201,8,3,8,200,True,5.8419996639713645,4.061000072397292,1.4385618221677874
18,202,6,3,6,200,True,10.54599997587502,6.269000004976988,1.6822459670605363
18,203,5,3,5,200,True,6.1629997799173,4.584499984048307,1.3443123135263075
18,204,8,3,8,200,True,7.401999901048839,5.927999736741185,1.2486505110943138
18,205,4,3,4,200,True,4.295000107958913,5.048000020906329,0.8508320305410337
18,206,3,3,3,200,True,3.102499758824706,3.3350003650411963,0.9302846834280277
18,207,1,3,1,200,True,4.409500397741795,2.896999940276146,1.5220919877966843
18,208,7,3,7,200,True,5.815000040456653,4.906500107608736,1.1851625217411215
18,209,1,3,1,200,True,3.3240002812817693,3.2064999686554074,1.0366444140885596
18,210,3,3,3,200,True,3.9880000986158852,3.539499593898654,1.1267129696780729
18,211,5,3,5,200,True,4.863999783992767,3.948500379920006,1.2318600268417117
18,212,3,3,3,200,True,5.597000126726925,4.476499743759632,1.2503072594898061
18,213,1,3,1,200,True,2.765500103123486,3.0444998992606997,0.908359400437174
18,214,4,3,4,200,True,4.898000042885542,5.905499565415084,0.829396393756448
18,215,7,3,7,200,True,6.262999959290028,6.074999691918492,1.030946547638781
18,216,8,3,8,200,True,5.623999750241637,4.149000160396099,1.3555072385691886
18,217,9,3,9,200,True,7.189000025391579,5.028499872423708,1.4296510306813475
18,218,1,3,1,200,True,2.8789998032152653,3.32399969920516,0.8661251695972464
18,219,6,3,6,200,True,5.621000309474766,4.470999701879919,1.2572133044677474
18,220,4,3,4,200,True,5.986500182189047,5.591000081039965,1.0707387042418923
18,221,6,3,6,200,True,4.738499992527068,4.23200021032244,1.1196833074273493
18,222,1,3,1,200,True,3.6860001273453236,3.3124996116384864,1.1127548858857343
18,223,3,3,3,200,True,5.030999891459942,3.6404997808858752,1.381953081792441
18,224,6,3,6,200,True,7.304500322788954,5.854500341229141,1.247672712793008
18,225,5,3,5,200,True,5.728999967686832,4.769500228576362,1.2011740629262677
18,226,8,3,8,200,True,9.614999871701002,7.359000155702233,1.3065633466865296
18,227,7,3,7,200,True,9.637500043027103,5.935999797657132,1.6235681218909253
18,228,5,3,5,200,True,6.239000358618796,4.9035000847652555,1.272356531205704
18,229,6,3,6,200,True,6.084499764256179,4.745000042021275,1.2822970938614164
18,230,2,3,2,200,True,3.5909999860450625,3.7910003447905183,0.9472433815469602
18,231,4,3,4,200,True,6.148499669507146,4.294999525882304,1.4315483930685848
18,232,2,3,2,200,True,4.364500055089593,3.4535001032054424,1.2637903357925444
18,233,6,3,6,200,True,6.360500119626522,4.654499934986234,1.3665270616542255
18,234,6,3,6,200,True,7.77200039010495,5.264999927021563,1.4761634373851948
18,235,8,3,8,200,True,9.362499695271254,6.602999637834728,1.4179161303636583
18,236,5,3,5,200,True,7.364500197581947,4.317999701015651,1.705535133744849
18,237,6,3,6,200,True,5.83500019274652,4.791499814018607,1.2177815755465373
18,238,4,3,4,200,True,4.4745003106072545,3.6305002868175507,1.2324748539076809
18,239,5,3,5,200,True,5.002499674446881,3.789999755099416,1.3199208437193315
18,240,8,3,8,200,True,7.368499645963311,5.060500116087496,1.4560813115167428
18,241,4,3,4,200,True,6.086500361561775,4.080499638803303,1.4916066414226608
18,242,6,3,6,200,True,6.78999989759177,7.027499959804118,0.9662041887483742
18,243,2,3,2,200,True,3.4829997457563877,3.3080001594498754,1.0529019280143006
18,244,9,3,9,200,True,12.720999657176435,5.970500060357153,2.1306422458046956
18,245,3,3,3,200,True,5.903500132262707,3.8440001662820578,1.535769999191392
18,246,4,3,4,200,True,5.1995000103488564,3.7495000287890434,1.386718221209912
18,247,5,3,5,200,True,5.290500121191144,4.137500072829425,1.2786707016474421
18,248,3,3,3,200,True,4.002999630756676,2.958499826490879,1.3530504869100142
18,249,6,3,6,200,True,4.8545002937316895,3.6130001535639167,1.3436202843620526
18,250,2,3,2,200,True,4.441500059328973,3.074000123888254,1.4448600781808005
18,251,5,3,5,200,True,4.57499991171062,3.6795000778511167,1.2433754083197326
18,252,4,3,4,200,True,4.823000053875148,3.105499781668186,1.553051165015497
18,253,8,3,8,200,True,6.314499769359827,4.419499891810119,1.4287815191626947
18,254,8,3,8,200,True,5.6299997959285975,3.911500098183751,1.4393454313200214
18,255,5,3,5,200,True,6.642499938607216,4.942500381730497,1.343955371892456
18,256,2,3,2,200,True,4.591000033542514,3.8425001548603173,1.1947950158792917
18,257,4,3,4,200,True,8.097499958239496,5.942999850958586,1.3625273702359924
18,258,6,3,6,200,True,4.265499883331358,3.367000026628375,1.2668547221850537
18,259,6,3,6,200,True,6.168499821797013,4.00849967263639,1.5388550144847566
18,260,5,3,5,200,True,4.779499722644687,4.3210003059357405,1.106109554326832
18,261,6,3,6,200,True,5.785499815829098,5.415000487118959,1.0684209225080352
18,262,3,3,3,200,True,3.971999976783991,3.3270003041252494,1.193868233753687
18,263,7,3,7,200,True,8.288000244647264,5.588000058196485,1.4831782674179497
18,264,7,3,7,200,True,8.444500272162259,5.820500082336366,1.4508204024923939
18,265,7,3,7,200,True,5.32899983227253,5.787999834865332,0.9206979931430006
18,266,6,3,6,200,True,10.599999804981053,6.323499837890267,1.676286878583612
18,267,5,3,5,200,True,8.998000412248075,8.54699988849461,1.0527671147346767
18,268,6,3,6,200,True,6.305000279098749,4.699999699369073,1.3414895068919113
18,269,4,3,4,200,True,4.674500087276101,3.5749998642131686,1.307552521629235
18,270,7,3,7,200,True,6.104999920353293,5.568499909713864,1.0963455184229314
18,271,6,3,6,200,True,5.435000057332218,4.429499967955053,1.2270008119768356
18,272,5,3,5,200,True,5.831000162288547,5.0570000894367695,1.1530551827492617
18,273,7,3,7,200,True,6.556999869644642,5.19599998369813,1.2619322344527517
18,274,0,3,0,200,True,3.015499678440392,3.75300005543977,0.8034904433506705
18,275,4,3,4,200,True,6.425499450415373,3.6604999331757426,1.7553611713471056
18,276,4,3,4,200,True,4.193499917164445,3.5844999365508556,1.169898170286925
18,277,5,3,5,200,True,5.145500181242824,4.948999849148095,1.0397050592209158
18,278,5,3,5,200,True,5.077000241726637,4.739500000141561,1.0712100942240732
18,279,3,3,3,200,True,8.33850004710257,3.767500165849924,2.2132713152041648
18,280,6,3,6,200,True,5.586500046774745,4.250499769113958,1.3143160452257323
18,281,2,3,2,200,True,4.070000140927732,3.9035000372678037,1.0426540545844256
18,282,5,3,5,200,True,5.787499831058085,4.105999832972884,1.4095226659733537
18,283,1,3,1,200,True,3.40850034262985,4.858500324189663,0.7015540012747339
18,284,5,3,5,200,True,4.521500086411834,5.015000351704657,0.9015951683582482
18,285,9,3,9,200,True,6.743500125594437,6.778999813832343,0.9947632852614231
18,286,9,3,9,200,True,8.785999962128699,5.7050003670156,1.5400524797380217
18,287,10,3,10,200,True,8.492500055581331,7.7225000131875285,1.0997086488933496
18,288,7,3,7,200,True,6.191499996930361,4.77299967315048,1.2971926295657132
18,289,5,3,5,200,True,6.969499518163502,5.312500288709998,1.3119057203582503
18,290,7,3,7,200,True,5.69900032132864,4.263000446371734,1.3368519175687852
18,291,5,3,5,200,True,9.122000192292035,7.0485001197084785,1.2941760711311892
18,292,8,3,8,200,True,8.999499841593206,7.430499535985291,1.2111567732437607
18,293,4,3,4,200,True,4.08849969971925,3.129499964416027,1.306438647134535
18,294,6,3,6,200,True,5.243499763309956,5.687500233761966,0.9219339864258205
18,295,4,3,4,200,True,5.342500517144799,5.467500304803252,0.9771376715701983
18,296,7,3,7,200,True,9.727500146254897,6.023500463925302,1.6149247774633406
18,297,4,3,4,200,True,7.944999961182475,6.758500239811838,1.175556658913971
18,298,6,3,6,200,True,4.880999913439155,3.627999685704708,1.3453694421947178
18,299,7,3,7,200,True,4.579999949783087,4.047499969601631,1.1315626891119819
20,0,3,3,3,200,True,7.604500278830528,3.399000270292163,2.237275573437033
20,1,8,3,8,200,True,10.228499886579812,7.42150004953146,1.3782254016457987
20,2,5,3,5,200,True,4.5505003072321415,3.635000321082771,1.2518569202977863
20,3,9,3,9,200,True,6.874999962747097,5.296500166878104,1.2980269510308355
20,4,5,3,5,200,True,7.641499978490174,5.618499708361924,1.3600605811400952
20,5,9,3,9,200,True,7.329999934881926,6.223500240594149,1.177793789911084
20,6,9,3,9,200,True,8.653500117361546,6.424500024877489,1.3469530833298677
20,7,5,3,5,200,True,7.1654998464509845,6.112000555731356,1.1723657059768653
20,8,8,3,8,200,True,6.86849991325289,5.806999979540706,1.1827966139920914
20,9,7,3,7,200,True,6.309999735094607,5.009000306017697,1.2597323516858083
20,10,4,3,4,200,True,5.095999804325402,4.654499934986234,1.0948544151908928
20,11,2,3,2,200,True,4.09450032748282,3.9165001362562184,1.0454487897443945
20,12,9,3,9,200,True,8.31599987577647,5.228500231169164,1.5905134375248748
20,13,6,3,6,200,True,7.331999950110912,5.415000487118959,1.3540164894817746
20,14,6,3,6,200,True,4.92850027512759,5.2105000941082835,0.9458785502567091
20,15,7,3,7,200,True,9.90549975540489,6.416999967768788,1.5436340665666333
20,16,2,3,2,200,True,3.7085002986714244,4.326999769546092,0.8570604335993416
20,17,4,3,4,200,True,5.97550009842962,5.086500314064324,1.1747763156343833
20,18,6,3,6,200,True,5.816500051878393,4.813999985344708,1.2082467946791862
20,19,5,3,5,200,True,7.9760001972317704,6.370499613694847,1.2520211413380409
20,20,9,3,9,200,True,5.920000257901847,4.592000041157007,1.2891986508802895
20,21,8,3,8,200,True,5.071500199846923,3.74850002117455,1.352941222141924
20,22,7,3,7,200,True,6.217499612830579,5.114999949000776,1.2155424584207823
20,23,7,3,7,200,True,5.394000327214599,4.089000285603106,1.3191489240551648
20,24,7,3,7,200,True,5.050000036135316,4.777999711222947,1.0569276562058958
20,25,4,3,4,200,True,4.095499753020704,3.4119997872039676,1.2003223940341579
20,26,8,3,8,200,True,6.0984998708590865,5.717000458389521,1.0667306947491542
20,27,8,3,8,200,True,7.314000395126641,6.161500350572169,1.187048604881999
20,28,6,3,6,200,True,7.353499531745911,4.738499992527068,1.5518623073425921
20,29,4,3,4,200,True,3.856500261463225,3.83000005967915,1.0069191126295425
20,30,4,3,4,200,True,5.558000411838293,5.112499929964542,1.0871394597509247
20,31,5,3,5,200,True,4.616499645635486,3.6990002263337374,1.2480398386488145
20,32,8,3,8,200,True,5.243500345386565,3.9170001400634646,1.3386520699234918
20,33,10,3,10,200,True,9.901500307023525,6.5830000676214695,1.5041015046808401
20,34,7,3,7,200,True,5.225999630056322,5.071000196039677,1.0305658505274158
20,35,3,3,3,200,True,3.2604997977614403,3.661499940790236,0.8904820020447001
20,36,1,3,1,200,True,2.9944995185360312,3.3579999580979347,0.8917509100364015
20,37,9,3,9,200,True,6.104999920353293,4.848999669775367,1.2590225481776764
20,38,4,3,4,200,True,5.622499738819897,4.132000030949712,1.360721126985956
20,39,6,3,6,200,True,7.355499546974897,4.890499985776842,1.504038353617641
20,40,6,3,6,200,True,8.984499727375805,7.291000219993293,1.2322725903557947
20,41,4,3,4,200,True,3.635000321082771,3.2955000642687082,1.1030193446193726
20,42,5,3,5,200,True,4.854999715462327,4.509499995037913,1.076615970906883
20,43,7,3,7,200,True,6.434499518945813,6.951499963179231,0.9256274980979832
20,44,5,3,5,200,True,5.479500396177173,4.970500012859702,1.1024042615432215
20,45,4,3,4,200,True,6.16899982560426,3.8640003185719256,1.596531914335925
20,46,7,3,7,200,True,7.023499929346144,4.206000012345612,1.669876345394793
20,47,7,3,7,200,True,5.999499699100852,8.346500108018517,0.7188042438694882
20,48,4,3,4,200,True,4.6119996113702655,7.931499858386815,0.5814788745779917
20,49,6,3,6,200,True,6.0889997985213995,4.516500048339367,1.348167770032508
20,50,8,3,8,200,True,6.665500113740563,6.520500173792243,1.0222375486670665
20,51,4,3,4,200,True,4.820000031031668,5.484000430442393,0.8789204326599296
20,52,1,3,1,200,True,3.607500111684203,3.5975000355392694,1.0027797292692548
20,53,4,3,4,200,True,5.217500147409737,3.7679995875805616,1.3846870271978724
20,54,2,3,2,200,True,3.371500060893595,3.27700050547719,1.0288372111198818
20,55,2,3,2,200,True,3.1035003485158086,4.529499565251172,0.6851751068318542
20,56,3,3,3,200,True,4.023500368930399,6.971000111661851,0.577176919305947
20,57,9,3,9,200,True,7.7450001845136285,7.433000137098134,1.041974982061187
20,58,10,3,10,200,True,8.075999794527888,6.3109997427091,1.2796704363453408
20,59,4,3,4,200,True,4.750500083900988,5.326999817043543,0.8917777824399271
20,60,4,3,4,200,True,4.605500143952668,3.6094995448365808,1.2759386964159267
20,61,7,3,7,200,True,8.7270000949502,8.521000272594392,1.0241755446268852
20,62,2,3,2,200,True,4.30600019171834,7.00899981893599,0.6143530179705465
20,63,8,3,8,200,True,6.408500485122204,4.959499929100275,1.2921666653365187
20,64,3,3,3,200,True,5.374500178731978,5.499499966390431,0.9772706994413356
20,65,8,3,8,200,True,8.426000131294131,5.499499966390431,1.5321393186269068
20,66,6,3,6,200,True,7.4519996996968985,5.000499659217894,1.4902510164079148
20,67,9,3,9,200,True,5.990500212647021,4.5709998812526464,1.3105448191360205
20,68,6,3,6,200,True,4.9189996207132936,4.987000138498843,0.9863644443759694
20,69,7,3,7,200,True,5.700999754481018,5.680000176653266,1.003697108657508
20,70,6,3,6,200,True,6.438000127673149,7.017499883659184,0.9174207672827402
20,71,6,3,6,200,True,5.955499946139753,3.9455003570765252,1.5094409852119657
20,72,7,3,7,200,True,5.641999887302518,4.471999709494412,1.261627963732668
20,73,4,3,4,200,True,4.683500155806541,3.8655003299936648,1.211615510537084
20,74,4,3,4,200,True,5.40149980224669,4.1924999095499516,1.288372073650568
20,75,4,3,4,200,True,7.095999899320304,4.307000199332833,1.6475503995610437
20,76,6,3,6,200,True,6.231500301510096,5.692999693565071,1.0945899590603712
20,77,7,3,7,200,True,6.832500221207738,6.387999746948481,1.0695836712378697
20,78,7,3,7,200,True,5.579999997280538,5.882499972358346,0.9485762895878888
20,79,8,3,8,200,True,6.8439997266978025,5.034500500187278,1.3594198126394492
20,80,5,3,5,200,True,5.288500105962157,4.340999876148999,1.2182677394254404
20,81,3,3,3,200,True,3.604500088840723,4.596000071614981,0.7842689366134287
20,82,2,3,2,200,True,4.098000354133546,3.4500000765547156,1.187826163246334
20,83,8,3,8,200,True,9.120999602600932,5.3274998208507895,1.7120600486748265
20,84,2,3,2,200,True,7.428500102832913,5.517999525181949,1.346230652781357
20,85,4,3,4,200,True,4.745000042021275,3.6609999369829893,1.2960939971858083
20,86,5,3,5,200,True,5.666000070050359,7.288000197149813,0.7774423596017759
20,87,3,3,3,200,True,3.530000103637576,4.313499666750431,0.8183610470281771
20,88,6,3,6,200,True,4.960499936714768,4.847999662160873,1.023205503794064
20,89,9,3,9,200,True,6.273000035434961,4.890499985776842,1.282690942373761
20,90,3,3,3,200,True,4.006499657407403,3.5154999932274222,1.1396670929102224
20,91,8,3,8,200,True,5.660500028170645,5.378500209189951,1.0524309394836233
20,92,8,3,8,200,True,7.580999517813325,8.197499555535614,0.9247941358769604
20,93,4,3,4,200,True,5.735000013373792,3.9599998854100704,1.4482323685168277
20,94,1,3,1,200,True,3.329000319354236,3.6785000702366233,0.9049885159143397
20,95,2,3,2,200,True,5.299500189721584,5.718499887734652,0.9267290887052808
20,96,5,3,5,200,True,5.497499951161444,5.034499918110669,1.0919654465352595
20,97,7,3,7,200,True,6.180499913170934,5.589000065810978,1.1058328574691343
20,98,7,3,7,200,True,6.101000471971929,4.265000461600721,1.430480612347256
20,99,2,3,2,200,True,3.5250000655651093,4.812499973922968,0.7324675500604029
20,100,6,3,6,200,True,8.440500241704285,4.412499838508666,1.9128613145869262
20,101,5,3,5,200,True,8.21150024421513,5.677499575540423,1.446323356780437
20,102,3,3,3,200,True,4.581499961204827,4.319500294514,1.0606550871228277
20,103,4,3,4,200,True,4.201499978080392,3.984500071965158,1.05446101197037
20,104,6,3,6,200,True,5.244500353001058,5.062000127509236,1.03605298713843
20,105,9,3,9,200,True,8.956000092439353,6.076499703340232,1.4738748506012875
20,106,4,3,4,200,True,4.78649977594614,4.276999970898032,1.119125510524876
20,107,9,3,9,200,True,9.58500022534281,6.811500061303377,1.4071790558728594
20,108,5,3,5,200,True,8.470499888062477,5.762499640695751,1.469934996306528
20,109,6,3,6,200,True,9.620999917387962,6.024499889463186,1.5969790179953414
20,110,5,3,5,200,True,4.498499911278486,3.9770000148564577,1.1311289651681964
20,111,7,3,7,200,True,5.507000023499131,4.733499954454601,1.16340975525237
20,112,8,3,8,200,True,6.030999938957393,4.973500035703182,1.2126269017116225
20,113,1,3,1,200,True,3.11249983496964,4.336499841883779,0.7177447131227307
20,114,1,3,1,200,True,3.540999605320394,4.084500251337886,0.8669358275006919
20,115,6,3,6,200,True,5.778999766334891,5.576999974437058,1.0362201529180073
20,116,7,3,7,200,True,5.970000056549907,4.777000285685062,1.2497382665937518
20,117,6,3,6,200,True,5.2375002996996045,4.86200035084039,1.0772315758460014
20,118,9,3,9,200,True,7.785499910824001,6.694499752484262,1.162969631589706
20,119,6,3,6,200,True,4.813999985344708,4.207000019960105,1.1442833283823846
20,120,10,3,10,200,True,6.833999650552869,6.061000167392194,1.1275366213186009
20,121,5,3,5,200,True,6.762999692000449,4.603000124916434,1.4692590720108287
20,122,7,3,7,200,True,5.4385000839829445,6.465499754995108,0.8411569546161184
20,123,9,3,9,200,True,6.519999587908387,6.134000141173601,1.0629278509701718
20,124,5,3,5,200,True,6.516000139527023,6.210499559529126,1.0491909832807491
20,125,7,3,7,200,True,8.773000445216894,6.396999815478921,1.3714242142056543
20,126,5,3,5,200,True,5.238000303506851,7.147499709390104,0.7328437238864624
20,127,3,3,3,200,True,3.9800000376999383,5.316999740898609,0.7485424547015853
20,128,9,3,9,200,True,6.637499900534749,5.95899997279048,1.1138613745330395
20,129,4,3,4,200,True,4.509499995037913,4.232999635860324,1.0653201944160793
20,130,4,3,4,200,True,4.70199971459806,3.479499719105661,1.3513436109161747
20,131,8,3,8,200,True,5.672500119544566,4.710499779321253,1.2042246864008832
20,132,5,3,5,200,True,4.520999500527978,4.062000080011785,1.1129983780095989
20,133,5,3,5,200,True,10.408000089228153,8.159499848261476,1.275568390560821
20,134,3,3,3,200,True,8.017499931156635,6.658000056631863,1.2041904269992623
20,135,9,3,9,200,True,11.215499835088849,7.552499882876873,1.4850049664372424
20,136,4,3,4,200,True,7.374499691650271,7.981500239111483,0.9239490660556837
20,137,3,3,3,200,True,5.509500042535365,4.059500060975552,1.3571868357630616
20,138,8,3,8,200,True,6.631500436924398,5.953999934718013,1.1137891349739277
20,139,3,3,3,200,True,6.03149994276464,4.485500394366682,1.3446660154883883
20,140,6,3,6,200,True,6.161999772302806,8.331499993801117,0.7396026858173819
20,141,1,3,1,200,True,4.619499668478966,4.3334998190402985,1.0659974296484465
20,142,9,3,9,200,True,7.652500062249602,5.3325004409998655,1.4350678723647188
20,143,6,3,6,200,True,7.197500090114772,5.778499762527645,1.2455655249462925
20,144,7,3,7,200,True,9.643500088714063,7.69799982663244,1.2527280210309772
20,145,4,3,4,200,True,5.798999918624759,4.7244998859241605,1.2274314866430387
20,146,8,3,8,200,True,11.122499709017575,9.451999794691801,1.1767350772969671
20,147,6,3,6,200,True,10.930499993264675,5.315499729476869,2.056344755818549
20,148,3,3,3,200,True,3.970999969169497,4.087000270374119,0.9716172513993977
20,149,2,3,2,200,True,3.81649995688349,5.817000055685639,0.656094192942834
20,150,10,3,10,200,True,8.680500322952867,5.536500248126686,1.567867774572931
20,151,6,3,6,200,True,5.919000250287354,4.256999818608165,1.390415903804897
20,152,6,3,6,200,True,5.246999789960682,4.768000217154622,1.100461315224501
20,153,10,3,10,200,True,6.611000280827284,4.9459998263046145,1.3366357689031032
20,154,5,3,5,200,True,4.9050000961869955,4.534000181593001,1.0818261799150712
20,155,8,3,8,200,True,7.915499736554921,6.557999877259135,1.206999067505799
20,156,8,3,8,200,True,6.078000296838582,4.954999894835055,1.2266398437614718
20,157,5,3,5,200,True,5.437500076368451,4.447499522939324,1.222597112899709
20,158,4,3,4,200,True,5.291000124998391,4.849500255659223,1.0910402816916962
20,159,8,3,8,200,True,6.003500311635435,5.624500336125493,1.0673837590649022
20,160,6,3,6,200,True,5.226500215940177,3.9274996379390354,1.3307449262255808
20,161,2,3,2,200,True,3.3284997334703803,3.67600005120039,0.9054678147742315
20,162,7,3,7,200,True,7.231499766930938,4.888999974355102,1.479136797885713
20,163,9,3,9,200,True,7.696999819017948,7.107999990694225,1.08286435412139
20,164,2,3,2,200,True,4.419999895617366,6.580499466508627,0.671681521761821
20,165,3,3,3,200,True,3.694500192068517,4.223999567329884,0.8746450214254925
20,166,6,3,6,200,True,9.519000304862857,6.1715004267171025,1.5424126463078671
20,167,5,3,5,200,True,9.399499977007508,8.036999497562647,1.169528501259464
20,168,5,3,5,200,True,10.409500100649893,8.758499752730131,1.1885026425222112
20,169,3,3,3,200,True,7.7560002682730556,5.41349989362061,1.4327145877314786
20,170,11,3,11,200,True,12.861499562859535,8.507000165991485,1.5118724946398936
20,171,4,3,4,200,True,6.815000087954104,5.587000050581992,1.2197959595944863
20,172,7,3,7,200,True,13.449499965645373,9.191999561153352,1.463174565682618
20,173,7,3,7,200,True,12.97549984883517,10.108500136993825,1.2836226614222477
20,174,11,3,11,200,True,8.426500135101378,8.19500011857599,1.028248933883556
20,175,6,3,6,200,True,6.4199999906122684,5.392999737523496,1.1904320977327505
20,176,5,3,5,200,True,6.211999570950866,4.606000147759914,1.348675504053558
20,177,9,3,9,200,True,6.276000058278441,4.942500381730497,1.2698026451302067
20,178,7,3,7,200,True,4.8364995745942,4.80300048366189,1.0069746174388825
20,179,5,3,5,200,True,5.21700014360249,4.566499846987426,1.1424505241238991
20,180,4,3,4,200,True,4.471499705687165,3.9739999920129776,1.125188654925534
20,181,7,3,7,200,True,5.684500210918486,5.109499907121062,1.112535534641277
20,182,5,3,5,200,True,6.131500122137368,4.670500056818128,1.312814484005076
20,183,4,3,4,200,True,4.5374996261671185,3.8665003376081586,1.1735417638613332
20,184,1,3,1,200,True,3.4169998252764344,3.7259998498484492,0.9170692332194852
20,185,6,3,6,200,True,9.123500203713775,6.910999654792249,1.3201418983413384
20,186,5,3,5,200,True,5.675500142388046,7.2700000600889325,0.780674015884206
20,187,3,3,3,200,True,4.569000448100269,3.675499465316534,1.2430964801424034
20,188,7,3,7,200,True,4.9189996207132936,4.134499467909336,1.1897448914658224
20,189,5,3,5,200,True,4.5155000407248735,4.516500048339367,0.9997785879322948
20,190,9,3,9,200,True,5.867999861948192,5.303000216372311,1.1065433947808487
20,191,3,3,3,200,True,3.7560000782832503,3.7545000668615103,1.0003995236103416
20,192,8,3,8,200,True,7.120000082068145,4.496999899856746,1.5832777942234235
20,193,5,3,5,200,True,4.307499621063471,3.771000192500651,1.1422697961219284
20,194,7,3,7,200,True,5.517000099644065,4.681499558500946,1.1784685720253818
20,195,7,3,7,200,True,6.478999857790768,4.796999855898321,1.3506358249780401
20,196,6,3,6,200,True,5.2360002882778645,5.028500454500318,1.0412647539072692
20,197,7,3,7,200,True,5.283000064082444,6.678999634459615,0.790986727537062
20,198,7,3,7,200,True,7.2115001967176795,5.0760002341121435,1.420705252977409
20,199,8,3,8,200,True,7.902000215835868,4.791499814018607,1.6491705149850564
20,200,5,3,5,200,True,4.393500275909901,3.8494996260851617,1.1413172366970648
20,201,4,3,4,200,True,5.647999932989478,3.81649995688349,1.4798899506870609
20,202,11,3,11,200,True,10.297500411979854,8.75850033480674,1.1757150217894092
20,203,4,3,4,200,True,4.544500261545181,3.590499982237816,1.265701234932962
20,204,4,3,4,200,True,3.927500220015645,4.828500095754862,0.813399635938423
20,205,8,3,8,200,True,8.324499940499663,6.977000157348812,1.1931345496289751
20,206,7,3,7,200,True,6.647499976679683,9.188000112771988,0.7234980295047204
20,207,7,3,7,200,True,6.733000045642257,7.159500382840633,0.9404287569813417
20,208,7,3,7,200,True,5.406000418588519,4.5059999683871865,1.1997337897282467
20,209,7,3,7,200,True,7.3065003380179405,4.690499627031386,1.5577232531712661
20,210,4,3,4,200,True,4.867499810643494,4.161999677307904,1.1695098962121802
20,211,4,3,4,200,True,5.225000204518437,3.7364999298006296,1.3983675371826463
20,212,5,3,5,200,True,7.774999830871821,6.262499955482781,1.241516947886739
20,213,6,3,6,200,True,5.899500101804733,5.884999991394579,1.0024639100138244
20,214,4,3,4,200,True,6.7635002778843045,6.94099988322705,0.9744273723773322
20,215,6,3,6,200,True,5.816000048071146,4.507999983616173,1.290150858298304
20,216,8,3,8,200,True,7.659500115551054,5.527999601326883,1.3855826099756858
20,217,4,3,4,200,True,6.0964998556301,3.9025000296533108,1.562203666702265
20,218,4,3,4,200,True,4.414999857544899,4.141500103287399,1.0660388138202397
20,219,5,3,5,200,True,4.4525001430884,3.7749996408820152,1.1794703487834213
20,220,6,3,6,200,True,11.430999729782343,6.427500047720969,1.778451908971279
20,221,2,3,2,200,True,3.5354995634406805,3.417999832890928,1.0343767514026974
20,222,9,3,9,200,True,7.849999819882214,5.6190002942457795,1.3970456324626148
20,223,6,3,6,200,True,4.921000218018889,3.685500123538077,1.3352326829648111
20,224,6,3,6,200,True,5.60999964363873,4.247500328347087,1.320776741604599
20,225,7,3,7,200,True,6.5104995155707,6.002499721944332,1.0846313731209665
20,226,2,3,2,200,True,3.803999861702323,4.967499990016222,0.7657775278002367
20,227,9,3,9,200,True,7.044000085443258,6.225000252015889,1.131566232975195
20,228,7,3,7,200,True,8.631999953649938,6.105500506237149,1.4138070981784068
20,229,3,3,3,200,True,7.174499914981425,4.159999662078917,1.7246395427340113
20,230,5,3,5,200,True,9.866500040516257,6.758999661542475,1.4597574396481945
20,231,7,3,7,200,True,5.691000260412693,4.854999715462327,1.1721937371670383
20,232,8,3,8,200,True,11.177000124007463,5.137999542057514,2.175360280303106
20,233,5,3,5,200,True,5.1505002193152905,5.377500201575458,0.9577870806599574
20,234,5,3,5,200,True,4.886499955318868,4.805499920621514,1.0168556936916728
20,235,9,3,9,200,True,12.780000106431544,10.457999887876213,1.2220310043459828
20,236,3,3,3,200,True,4.337999853305519,3.8784998469054695,1.1184736430418245
20,237,6,3,6,200,True,4.4450000859797,4.080500220879912,1.0893272504274458
20,238,4,3,4,200,True,4.17000032030046,3.7669995799660683,1.106981891497323
20,239,4,3,4,200,True,4.525000113062561,4.011000273749232,1.1281475453086602
20,240,4,3,4,200,True,3.283499972894788,4.316499689593911,0.760685789184823
20,241,8,3,8,200,True,6.436500116251409,4.634499782696366,1.3888230484513333
20,242,3,3,3,200,True,4.572999896481633,6.326999864540994,0.7227754060989523
20,243,11,3,11,200,True,9.763500420376658,6.745500140823424,1.4474094161363145
20,244,6,3,6,200,True,7.786999922245742,7.446999661624432,1.0456560059178444
20,245,3,3,3,200,True,4.399499739520252,3.804500447586179,1.1563935397383325
20,246,3,3,3,200,True,7.769000367261469,5.235000280663371,1.484049656302405
20,247,6,3,6,200,True,7.947999984025955,5.252000410109758,1.5133281346906549
20,248,4,3,4,200,True,5.055500078015029,5.007999716326594,1.0094848970405448
20,249,6,3,6,200,True,10.131499730050564,7.49400001950562,1.3519481857058948
20,250,2,3,2,200,True,5.184999899938703,4.873999860137701,1.0638079706042944
20,251,4,3,4,200,True,8.089999901130795,6.2855001306161284,1.2870892901147364
20,252,8,3,8,200,True,16.58349996432662,8.976999670267105,1.8473321347279483
20,253,7,3,7,200,True,10.646500159054995,5.493999924510717,1.9378413369751086
20,254,8,3,8,200,True,6.681500235572457,6.173999863676727,1.0821996085360301
20,255,7,3,7,200,True,7.315999828279018,6.748000159859657,1.0841730371907956
20,256,7,3,7,200,True,7.355499546974897,5.392500315792859,1.364023943667293
20,257,3,3,3,200,True,3.5529996966943145,3.5325001226738095,1.0058031346945824
20,258,1,3,1,200,True,2.735499874688685,4.156000213697553,0.6582049408161453
20,259,6,3,6,200,True,5.675500142388046,4.241500282660127,1.3380878849850182
20,260,3,3,3,200,True,4.583499976433814,3.824000013992191,1.1986140061879125
20,261,8,3,8,200,True,7.663500146009028,4.845000221394002,1.5817337039881676
20,262,9,3,9,200,True,7.512500160373747,5.218000151216984,1.4397278540939908
20,263,6,3,6,200,True,5.146500188857317,4.2100000428035855,1.2224465882499334
20,264,3,3,3,200,True,3.9499998092651363,3.997500170953572,0.9881174835129264
20,265,4,3,4,200,True,4.6770001063123345,3.6750000435858965,1.2726530750592133
20,266,6,3,6,200,True,8.87350004632026,4.598499508574605,1.9296511894313053
20,267,5,3,5,200,True,4.852000274695456,4.7734996769577265,1.016445082863766
20,268,4,3,4,200,True,3.7460000021383166,5.252999835647643,0.7131163372055336
20,269,7,3,7,200,True,4.765000194311142,4.0199997602030635,1.1853235021263897
20,270,9,3,9,200,True,8.682000334374607,4.51450003311038,1.9231366199355016
20,271,1,3,1,200,True,3.0945002799853683,3.312999615445733,0.9340478838446928
20,272,1,3,1,200,True,3.7230004090815783,4.910500138066709,0.7581713276455265
20,273,4,3,4,200,True,4.1559996316209435,3.906000056304038,1.0640039866137283
20,274,4,3,4,200,True,7.308500353246927,7.41850002668798,0.9851722486964576
20,275,3,3,3,200,True,4.686999600380659,4.766500205732882,0.983320968861681
20,276,2,3,2,200,True,3.2059999648481607,3.5560003016144037,0.9015747167942183
20,277,7,3,7,200,True,6.052000098861754,5.254999850876629,1.1516651323695415
20,278,6,3,6,200,True,6.307000294327736,5.07650023791939,1.242391411157043
20,279,7,3,7,200,True,6.2790000811219215,4.78799978736788,1.3114035839533094
20,280,6,3,6,200,True,5.029000458307564,4.302500165067613,1.16885537835384
20,281,4,3,4,200,True,4.538499633781612,4.529500147327781,1.0019868608369824
20,282,8,3,8,200,True,8.23449983727187,4.8655003774911165,1.6924261018181175
20,283,10,3,10,200,True,7.807500078342854,5.4209999507293105,1.440232456982863
20,284,10,3,10,200,True,6.397500401362777,5.203000036999583,1.2295791573839825
20,285,2,3,2,200,True,3.438499988988042,3.769000177271664,0.9123109119822681
20,286,4,3,4,200,True,4.120499943383038,3.8969999877735972,1.0573517978728886
20,287,4,3,4,200,True,4.996000207029283,4.146500141359866,1.2048715872926077
20,288,4,3,4,200,True,4.487499827519059,4.495499888435006,0.9982204290702958
20,289,10,3,10,200,True,8.873000042513013,6.94099988322705,1.2783460872769423
20,290,6,3,6,200,True,6.85499981045723,5.621500313282013,1.219425318586358
20,291,9,3,9,200,True,10.909499833360314,7.812000112608076,1.3965053348825571
20,292,5,3,5,200,True,5.454499623738229,5.908000166527927,0.9232395853068813
20,293,8,3,8,200,True,8.636499987915158,5.0979998195543885,1.6940957814059057
20,294,3,3,3,200,True,4.320999723859131,4.372499533928931,0.9882218832340219
20,295,4,3,4,200,True,5.533000221475959,3.7364999298006296,1.480797624896834
20,296,3,3,3,200,True,7.408499950543046,6.990000256337225,1.059871198692218
20,297,6,3,6,200,True,7.140999659895897,4.403999773785472,1.621480478360204
20,298,5,3,5,200,True,4.054500022903085,3.767500165849924,1.0761777954662453
20,299,5,3,5,200,True,4.545000265352428,3.522000042721629,1.2904600256166592
22,0,7,3,7,200,True,7.530499715358019,4.99500019941479,1.5076074904341918
22,1,6,3,6,200,True,4.888499970547855,4.152500187046826,1.1772425648039422
22,2,5,3,5,200,True,4.664500011131167,4.256500396877527,1.09585330111867
22,3,5,3,5,200,True,8.52149969432503,5.215000128373504,1.634036334526953
22,4,9,3,9,200,True,7.451500277966261,5.153500242158771,1.4459105322259327
22,5,5,3,5,200,True,4.757500137202442,4.030499840155244,1.1803747241977798
22,6,1,3,1,200,True,2.951999776996672,4.131500027142465,0.7145104096824636
22,7,4,3,4,200,True,3.858999698422849,3.9510003989562392,0.9767145808039669
22,8,0,3,0,200,True,5.452500190585852,10.2530000731349,0.5317955868226895
22,9,7,3,7,200,True,7.088499842211604,4.172999761067331,1.6986580992275384
22,10,5,3,5,200,True,5.014499765820801,4.484999808482826,1.1180601961981116
22,11,7,3,7,200,True,9.279499645344913,8.090999908745289,1.1468915770614476
22,12,4,3,4,200,True,4.694499657489359,4.1515001794323325,1.1307959664188851
22,13,5,3,5,200,True,7.107000565156341,6.821500137448311,1.0418530267471087
22,14,7,3,7,200,True,6.443500169552863,7.483999943360686,0.8609700986528084
22,15,8,3,8,200,True,5.609000218100846,4.5059999683871865,1.2447847886045262
22,16,8,3,8,200,True,5.956999957561493,5.439000087790191,1.0952380697573696
22,17,6,3,6,200,True,5.785499815829098,5.227500223554671,1.1067431025177443
22,18,10,3,10,200,True,8.667499641887844,7.866499945521355,1.101824153297366
22,19,10,3,10,200,True,8.108000038191676,5.959499976597726,1.360516833632161
22,20,9,3,9,200,True,6.881000008434057,5.5335002252832055,1.2435167124407023
22,21,8,3,8,200,True,6.334999925456941,4.856500308960676,1.3044372536676876
22,22,4,3,4,200,True,5.671000108122826,4.690500209107995,1.209039517173648
22,23,6,3,6,200,True,5.494999932125211,4.327500355429947,1.269786130746434
22,24,3,3,3,200,True,4.1420001070946455,3.8330000825226307,1.0806157103885714
22,25,3,3,3,200,True,3.4610001603141427,5.90150011703372,0.5864610847544557
22,26,8,3,8,200,True,6.508000078611076,5.715500446967781,1.138657959875366
22,27,4,3,4,200,True,4.485499812290072,3.8064998807385564,1.178379076008213
22,28,6,3,6,200,True,6.286500138230622,4.497499903663993,1.3977766031988523
22,29,5,3,5,200,True,6.305500282905996,5.331499851308763,1.1826878849782088
22,30,5,3,5,200,True,5.563999875448644,6.529499660246074,0.8521326541027734
22,31,1,3,1,200,True,2.7585000498220325,3.8694997783750296,0.7128828551013501
22,32,6,3,6,200,True,8.136499673128128,5.157499690540135,1.5776054602682892
22,33,7,3,7,200,True,6.193000008352101,4.934499738737941,1.2550411057344664
22,34,2,3,2,200,True,4.947499837726355,7.052000146359205,0.7015739839824935
22,35,9,3,9,200,True,7.667000172659755,4.936500336043537,1.553124612730126
22,36,4,3,4,200,True,4.0155003080144525,4.4029997661709785,0.9119919421450456
22,37,6,3,6,200,True,9.301999816671014,5.974500090815127,1.556950318064503
22,38,4,3,4,200,True,4.734999965876341,4.419000470079482,1.0715092695591353
22,39,6,3,6,200,True,5.55099977646023,5.326000391505659,1.0422454690978655
22,40,7,3,7,200,True,5.2945001516491175,5.0219998229295015,1.0542613178669245
22,41,6,3,6,200,True,5.34249993506819,4.22449957113713,1.2646468167660678
22,42,7,3,7,200,True,5.818500067107379,4.377499572001398,1.3291834691024664
22,43,5,3,5,200,True,6.6020002122968435,5.447500152513385,1.2119320839763157
22,44,6,3,6,200,True,4.585999995470047,4.479999770410359,1.0236607657348114
22,45,2,3,2,200,True,3.276499919593334,3.74850002117455,0.8740829401320585
22,46,2,3,2,200,True,3.011000226251781,3.765499568544328,0.799628355133706
22,47,4,3,4,200,True,4.15349961258471,3.999999607913196,1.0383750049294618
22,48,8,3,8,200,True,7.095499895513058,6.30799971986562,1.1248415045370697
22,49,4,3,4,200,True,4.593499470502138,3.6010000621899962,1.2756177148490633
22,50,4,3,4,200,True,3.7934997817501426,3.4610001603141427,1.0960703860255876
22,51,4,3,4,200,True,3.8414995651692156,3.590499982237816,1.0699065824183522
22,52,6,3,6,200,True,4.569999873638153,4.532500170171261,1.0082735139677834
22,53,6,3,6,200,True,4.129000008106232,5.912499618716538,0.6983509977802821
22,54,6,3,6,200,True,4.699999699369073,3.892499953508377,1.207450161979548
22,55,7,3,7,200,True,5.521000130102038,5.101999850012362,1.0821247143095587
22,56,10,3,10,200,True,8.180500008165836,6.935000419616699,1.1795961807047701
22,57,3,3,3,200,True,3.6114995600655675,4.655499942600727,0.7757490290179353
22,58,8,3,8,200,True,6.423000013455749,6.479499861598015,0.9912802146231805
22,59,7,3,7,200,True,6.38800032902509,6.440000142902136,0.9919254949187606
22,60,7,3,7,200,True,5.776499747298658,5.645999917760491,1.0231136789654665
22,61,4,3,4,200,True,5.631999811157584,4.326000344008207,1.301895368306725
22,62,9,3,9,200,True,6.3089997274801135,5.1250000251457095,1.2310243310292943
22,63,6,3,6,200,True,5.705999792553484,6.501500029116869,0.877643584864916
22,64,7,3,7,200,True,7.209499599412084,7.360499585047364,0.9794850901232258
22,65,4,3,4,200,True,4.3785001616925,4.603000124916434,0.951227469665122
22,66,8,3,8,200,True,6.5544998506084085,4.891999997198582,1.3398405262391377
22,67,1,3,1,200,True,2.6900001103058457,3.5864999517798424,0.750034893760671
22,68,6,3,6,200,True,6.569499964825809,4.346999921835959,1.5112721607897281
22,69,4,3,4,200,True,4.3715001083910465,3.7334999069571495,1.1708852865497659
22,70,7,3,7,200,True,5.881499964743853,6.892000092193484,0.8533807147515541
22,71,4,3,4,200,True,3.8959999801591043,3.4134997986257076,1.141350581513921
22,72,1,3,1,200,True,2.9144994914531708,3.996500163339079,0.7292629481636513
22,73,8,3,8,200,True,5.560999852605164,4.575499915517867,1.2153862868065983
22,74,6,3,6,200,True,4.935499746352434,4.925000248476863,1.002131877633675
22,75,3,3,3,200,True,3.88599990401417,3.6624999484047294,1.0610238795243643
22,76,6,3,6,200,True,5.593500100076199,5.751000135205686,0.972613453064394
22,77,1,3,1,200,True,2.7934997342526913,4.218500107526779,0.6622021247003034
22,78,7,3,7,200,True,5.671500111930072,4.780500312335789,1.1863821234976415
22,79,7,3,7,200,True,5.992000224068761,4.954499891027808,1.2094056627026635
22,80,5,3,5,200,True,6.135499570518732,5.659499438479543,1.0841064014960076
22,81,6,3,6,200,True,6.616499740630388,5.39999979082495,1.2252777772088757
22,82,7,3,7,200,True,8.836500346660614,5.98000013269484,1.4776756104649975
22,83,3,3,3,200,True,3.25299974065274,4.105500411242247,0.7923515807585667
22,84,8,3,8,200,True,6.670999573543668,6.194500019773841,1.0769230046410143
22,85,4,3,4,200,True,4.617500235326588,4.485999816097319,1.029313514181922
22,86,10,3,10,200,True,7.485999958589673,6.32750045042485,1.1830895971073438
22,87,3,3,3,200,True,4.084999673068523,4.348999937064946,0.9392963283934672
22,88,8,3,8,200,True,5.407500430010259,4.319999716244638,1.2517362928697093
22,89,6,3,6,200,True,6.2959996284917,4.707500338554382,1.3374400798078596
22,90,3,3,3,200,True,4.892500001005828,3.6954996176064014,1.32390759227699
22,91,2,3,2,200,True,4.541500238701701,8.298999746330082,0.5472346520687638
22,92,4,3,4,200,True,4.938000347465277,5.32899983227253,0.9266279795245344
22,93,3,3,3,200,True,5.778000340797007,4.911000141873956,1.176542491117139
22,94,10,3,10,200,True,8.612499805167317,7.264000014401972,1.1856414906513961
22,95,9,3,9,200,True,10.829499806277454,6.671000155620277,1.6233697427144664
22,96,4,3,4,200,True,4.3919996824115515,5.017000366933644,0.8754234325671201
22,97,7,3,7,200,True,5.502999993041158,4.185499856248498,1.3147772505178263
22,98,2,3,2,200,True,3.7040002644062042,4.185999860055745,0.8848543689050382
22,99,6,3,6,200,True,5.806999979540706,4.384000203572214,1.3245893498839232
22,100,5,3,5,200,True,6.749000167474151,4.482999793253839,1.5054651971276602
22,101,3,3,3,200,True,4.50099993031472,3.5909999860450625,1.2534112915082138
22,102,7,3,7,200,True,5.713000427931547,4.646499874070287,1.2295277268407665
22,103,1,3,1,200,True,5.234000273048878,4.668500041589141,1.1211310327561317
22,104,3,3,3,200,True,4.138000076636672,5.652999971061945,0.732000724892862
22,105,7,3,7,200,True,5.48149982932955,4.31650027167052,1.269894471061429
22,106,3,3,3,200,True,4.453500150702894,4.296000115573406,1.036662018364137
22,107,0,3,0,200,True,2.670499961823225,5.718000466004014,0.4670338832080379
22,108,4,3,4,200,True,5.219000158831477,4.6675000339746475,1.1181574977702133
22,109,6,3,6,200,True,4.972000024281442,4.2450003093108535,1.1712602266190675
22,110,4,3,4,200,True,3.5165000008419156,4.174999776296318,0.8422754944340228
22,111,5,3,5,200,True,4.518000059761107,5.451499600894749,0.8287627974914594
22,112,11,3,11,200,True,8.869500015862286,10.691499919630587,0.8295842568896307
22,113,7,3,7,200,True,7.305499748326838,6.712499889545143,1.088342624735876
22,114,4,3,4,200,True,5.014499765820801,5.5744999554008245,0.899542525058688
22,115,4,3,4,200,True,6.278000073507428,4.038499901071191,1.5545376321148905
22,116,3,3,3,200,True,4.1010003769770265,4.2195001151412725,0.9719161666238564
22,117,6,3,6,200,True,5.6585000129416585,5.49200049135834,1.0303167346480222
22,118,4,3,4,200,True,6.09349983278662,6.0794997261837125,1.0023028385942039
22,119,9,3,9,200,True,9.381999843753874,6.249999860301614,1.5011200085532668
22,120,8,3,8,200,True,7.818500162102282,6.352500058710575,1.2307752994636374
22,121,9,3,9,200,True,6.3710001995787024,5.252499831840396,1.2129462929171386
22,122,4,3,4,200,True,4.43600001744926,4.30300016887486,1.0309086319671645
22,123,4,3,4,200,True,4.862499772571027,4.028499824926257,1.2070249432516822
22,124,5,3,5,200,True,4.750000080093741,4.220000118948519,1.1255924043142633
22,125,9,3,9,200,True,6.570499972440302,6.0319999465718865,1.0892738777583142
22,126,2,3,2,200,True,3.295999485999346,3.569500404410064,0.9233783758441904
22,127,1,3,1,200,True,2.7789996238425374,3.61250014975667,0.7692732203844267
22,128,8,3,8,200,True,6.236499757505953,6.0374999884516,1.0329606243370593
22,129,12,3,12,200,True,16.930500278249383,13.53900006506592,1.2504985742584047
22,130,6,3,6,200,True,6.0209998628124595,8.111500064842403,0.7422794569045523
22,131,7,3,7,200,True,5.9830001555383205,5.101499846205115,1.1727923818304007
22,132,7,3,7,200,True,4.8779998905956745,6.918999715708196,0.705015188759317
22,133,8,3,8,200,True,8.251499966718256,6.170499837026,1.3372498476063874
22,134,1,3,1,200,True,5.1790004363283515,3.737499937415123,1.3856857586759397
22,135,6,3,6,200,True,9.630999993532896,8.623499888926744,1.1168319264316175
22,136,6,3,6,200,True,5.371000152081251,5.158500280231237,1.0411941185046303
22,137,7,3,7,200,True,7.48349993955344,5.304500227794051,1.4107832252211168
22,138,5,3,5,200,True,5.4209999507293105,4.837500164285302,1.1206201067964647
22,139,5,3,5,200,True,5.3640000987797976,4.170499742031097,1.2861768206626114
22,140,9,3,9,200,True,7.13299959897995,6.2380003510043025,1.143475344279446
22,141,9,3,9,200,True,6.7350000608712435,5.364500102587044,1.2554758005547006
22,142,2,3,2,200,True,3.3789995359256864,4.976000054739416,0.6790593847979044
22,143,6,3,6,200,True,7.476999890059233,5.697499727830291,1.3123300126784925
22,144,6,3,6,200,True,5.433500045910478,4.795499844476581,1.1330414392920356
22,145,6,3,6,200,True,6.25050044618547,4.826500080525875,1.2950378829175202
22,146,4,3,4,200,True,4.047499969601631,3.763999557122588,1.0753189282242548
22,147,1,3,1,200,True,2.709999680519104,4.85599972307682,0.5580724536783983
22,148,4,3,4,200,True,4.755000118166208,3.998000174760818,1.189344649903793
22,149,2,3,2,200,True,3.208999987691641,3.582499921321869,0.8957432123285535
22,150,7,3,7,200,True,6.120500038377941,6.500500021502376,0.9415429610233875
22,151,9,3,9,200,True,14.013000181876123,7.417500019073486,1.889181010561895
22,152,8,3,8,200,True,8.40950000565499,10.32850006595254,0.8142034130760718
22,153,7,3,7,200,True,6.270000012591481,8.906499715521932,0.7039802630504044
22,154,7,3,7,200,True,7.8795000445097685,7.322500459849834,1.0760668555384914
22,155,2,3,2,200,True,3.4625001717358828,3.7585000973194838,0.9212451994361516
22,156,6,3,6,200,True,5.0475000170990825,5.434500053524971,0.9287882909901033
22,157,3,3,3,200,True,3.475999692454934,4.402500344440341,0.7895512596255829
22,158,0,3,0,200,True,4.256499814800918,6.823000148870051,0.6238457748686744
22,159,2,3,2,200,True,4.577499930746853,7.224500295706093,0.6336078266157047
22,160,4,3,4,200,True,5.712999845854938,6.220000213943422,0.9184886896061616
22,161,1,3,1,200,True,3.1465000938624144,5.113999941386282,0.6152718282999186
22,162,2,3,2,200,True,6.711999885737896,5.066499579697847,1.3247805077560437
22,163,5,3,5,200,True,5.7045003632083535,5.722999921999872,0.9967675067196133
22,164,4,3,4,200,True,6.061000167392194,4.878499894402921,1.2423901401219564
22,165,10,3,10,200,True,12.445999891497195,9.87350009381771,1.2605458827402305
22,166,6,3,6,200,True,5.099000409245491,4.751499509438872,1.073134996460866
22,167,7,3,7,200,True,8.880500099621713,6.92449975758791,1.2824753282560817
22,168,3,3,3,200,True,8.527000318281353,8.505500154569745,1.0025277953466447
22,169,3,3,3,200,True,4.396500298753381,4.8764998791739345,0.9015688316797694
22,170,5,3,5,200,True,7.080999785102904,5.022499826736748,1.409855655426397
22,171,4,3,4,200,True,4.389499663375318,4.099999787285924,1.0706097295387993
22,172,9,3,9,200,True,8.168999920599163,6.513000116683543,1.2542606746887124
22,173,6,3,6,200,True,5.945999873802066,4.6850001672282815,1.2691568114329035
22,174,4,3,4,200,True,5.2214995957911015,3.721499815583229,1.4030632418485809
22,175,7,3,7,200,True,7.654500077478588,5.4765003733336926,1.3976991793427174
22,176,4,3,4,200,True,5.248999805189669,4.877499886788428,1.0761660537209883
22,177,4,3,4,200,True,4.564999835565686,4.485500394366682,1.0177236504758416
22,178,2,3,2,200,True,3.6449998151510954,3.7590001011267304,0.969672710053542
22,179,6,3,6,200,True,5.907499580644071,4.325500340200961,1.3657378605984831
22,180,8,3,8,200,True,5.719999899156392,5.1564996829256415,1.1092795987356752
22,181,9,3,9,200,True,7.169499876908958,5.963000003248453,1.2023310201246422
22,182,6,3,6,200,True,5.257499869912863,5.129000055603683,1.025053580213708
22,183,8,3,8,200,True,5.374000174924731,7.1435002610087395,0.7522922906936192
22,184,6,3,6,200,True,5.922000273130834,8.235499844886363,0.7190820696582199
22,185,8,3,8,200,True,6.335499929264188,6.427000043913722,0.9857631688152572
22,186,7,3,7,200,True,6.074500270187855,4.705500323325396,1.2909361072777445
22,187,9,3,9,200,True,7.7844999032095075,6.003999733366072,1.2965523399257746
22,188,11,3,11,200,True,10.086000547744334,7.4804999167099595,1.3483056827812003
22,189,2,3,2,200,True,4.356999997980893,5.023499834351242,0.8673236073757283
22,190,5,3,5,200,True,6.894500111229718,8.499000105075538,0.8112130869503549
22,191,7,3,7,200,True,8.424000116065145,8.229999803006649,1.0235723350792332
22,192,5,3,5,200,True,10.014500003308058,9.246499976143241,1.0830584577025169
22,193,4,3,4,200,True,4.16550028603524,3.9524998283013697,1.0538900612237114
22,194,6,3,6,200,True,7.208500173874199,4.226999590173364,1.7053467879750974
22,195,3,3,3,200,True,4.2260001646354795,4.314499674364924,0.9794878858711533
22,196,11,3,11,200,True,11.933500063605607,9.123999625444412,1.3079242167356346
22,197,4,3,4,200,True,4.744500038214028,4.3860002188012,1.0817373008501159
22,198,4,3,4,200,True,4.594500060193241,5.556499818339944,0.8268694700625204
22,199,7,3,7,200,True,9.904999751597643,5.410999874584377,1.8305303975558591
22,200,3,3,3,200,True,3.7919997703284025,3.964999923482537,0.9563681824734602
22,201,5,3,5,200,True,6.036499980837107,6.352999480441213,0.9501810915334554
22,202,6,3,6,200,True,7.411999977193773,8.529500337317586,0.868984076917775
22,203,4,3,4,200,True,4.726499901153147,4.103499813936651,1.1518216438320799
22,204,9,3,9,200,True,6.31700037047267,5.092499777674675,1.240451771478942
22,205,5,3,5,200,True,4.726499901153147,3.9444997673854236,1.1982507744666608
22,206,8,3,8,200,True,10.605999850668013,7.830000249668956,1.3545337819263064
22,207,6,3,6,200,True,5.873499903827906,4.6865001786500216,1.2532806315863212
22,208,6,3,6,200,True,5.117499968037009,5.794999888166785,0.8830888812417045
22,209,2,3,2,200,True,4.137500072829425,3.9095000829547644,1.0583194743667432
22,210,8,3,8,200,True,8.158999844454229,6.637999904341996,1.2291352759913914
22,211,4,3,4,200,True,6.6334998700767756,4.980500089004636,1.3318943382254804
22,212,5,3,5,200,True,8.583999588154256,6.487499922513962,1.3231598752494294
22,213,2,3,2,200,True,4.541999660432339,5.401000380516052,0.8409552565146018
22,214,6,3,6,200,True,10.181500110775232,6.772999768145382,1.5032482591628942
22,215,8,3,8,200,True,7.7225000131875285,7.490499992854893,1.0309725679933166
22,216,6,3,6,200,True,9.829499758780003,5.895000067539513,1.6674299654219837
22,217,4,3,4,200,True,6.154999719001353,4.185500438325107,1.470552878848669
22,218,8,3,8,200,True,8.818500209599733,7.830000249668956,1.126245201585092
22,219,7,3,7,200,True,6.92599976900965,5.06600015796721,1.3671534846119677
22,220,6,3,6,200,True,5.307000246830285,6.665000109933317,0.7962490861659387
22,221,8,3,8,200,True,6.606500246562064,5.242999759502709,1.2600611385854195
22,222,6,3,6,200,True,7.441500201821327,6.658499478362501,1.1175941705790127
22,223,2,3,2,200,True,4.4395000440999866,4.36500005889684,1.0170675794267858
22,224,5,3,5,200,True,5.4465001448988914,4.312499659135938,1.2629566551641571
22,225,6,3,6,200,True,5.874499911442399,4.938499769195914,1.1895312718418702
22,226,6,3,6,200,True,5.53599966224283,6.146999658085406,0.9006019147831085
22,227,5,3,5,200,True,4.529499565251172,4.671000060625374,0.9697065952606179
22,228,3,3,3,200,True,3.925999626517296,3.8044998655095696,1.0319358037331545
22,229,4,3,4,200,True,3.930499660782516,4.110499867238104,0.9562096552075715
22,230,7,3,7,200,True,7.212500204332173,4.664500011131167,1.5462536578669879
22,231,5,3,5,200,True,4.558499786071479,4.228000179864466,1.0781692507443572
22,232,7,3,7,200,True,5.308500258252025,4.832500126212835,1.0984997660853089
22,233,8,3,8,200,True,6.104499916546047,5.727999960072339,1.0657297414626645
22,234,9,3,9,200,True,6.568499957211316,6.669499562121928,0.9848564942586969
22,235,8,3,8,200,True,6.821000133641064,5.489499890245497,1.2425540158515278
22,236,6,3,6,200,True,7.2890002047643065,5.9120001969859,1.2329160963966879
22,237,4,3,4,200,True,6.884000031277537,4.060500068590045,1.6953576936320347
22,238,6,3,6,200,True,6.149499677121639,5.0080002984032035,1.2279351658749704
22,239,2,3,2,200,True,3.4110003616660833,3.9240001933649182,0.8692661043783165
22,240,4,3,4,200,True,8.04249953944236,8.158499840646982,0.985781662870582
22,241,7,3,7,200,True,7.078000344336033,5.982000147923827,1.1832163439167742
22,242,3,3,3,200,True,6.7350000608712435,7.870500558055938,0.8557270292011554
22,243,7,3,7,200,True,9.93099994957447,5.663000047206879,1.7536641120942011
22,244,4,3,4,200,True,6.472999812103808,4.122499958612025,1.570163705782827
22,245,5,3,5,200,True,5.392500315792859,5.791999865323305,0.931025628656822
22,246,5,3,5,200,True,5.170000367797911,4.605999565683305,1.1224491652836133
22,247,8,3,8,200,True,10.26500016450882,6.4405001467093825,1.5938203447993822
22,248,4,3,4,200,True,4.304000176489353,5.766999674960971,0.7463153145605962
22,249,4,3,4,200,True,5.3310004295781255,5.524999578483403,0.9648870291934882
22,250,4,3,4,200,True,4.655499942600727,4.206000012345612,1.1068711195757788
22,251,7,3,7,200,True,12.084500049240887,8.265000069513917,1.4621294552453166
22,252,4,3,4,200,True,8.889499586075544,7.475999882444739,1.189071659424448
22,253,9,3,9,200,True,10.142000392079353,6.733000045642257,1.506312241694321
22,254,7,3,7,200,True,5.990499630570412,7.871999987401068,0.7609882672965004
22,255,7,3,7,200,True,6.902000168338418,6.869500502943993,1.0047310085180863
22,256,6,3,6,200,True,5.3310004295781255,4.400999750941992,1.2113157762476756
22,257,5,3,5,200,True,4.31050022598356,3.9324996760115027,1.0961222075307175
22,258,4,3,4,200,True,9.531999821774662,7.865999941714108,1.211797596288503
22,259,3,3,3,200,True,5.180499865673482,5.515000084415078,0.9393471960794951
22,260,4,3,4,200,True,7.858999888412654,5.121499998494983,1.5345113522839247
22,261,7,3,7,200,True,5.265999934636056,4.305499605834484,1.2230868462976923
22,262,5,3,5,200,True,4.697999684140086,4.050499992445111,1.159856731984366
22,263,5,3,5,200,True,5.597500130534172,4.680500132963061,1.1959192333129132
22,264,8,3,8,200,True,6.09499984420836,4.84999967738986,1.2567010823985303
22,265,8,3,8,200,True,5.76100021135062,4.831500118598342,1.192383332285198
22,266,5,3,5,200,True,5.596500122919679,6.770499749109149,0.8266007429741146
22,267,5,3,5,200,True,4.794999840669334,4.005500231869519,1.1971038729490537
22,268,8,3,8,200,True,6.274500046856701,5.454000202007592,1.1504400099851642
22,269,6,3,6,200,True,5.478999810293317,4.58700000308454,1.1944625695681161
22,270,7,3,7,200,True,9.070500382222235,5.625499761663377,1.6123901460339272
22,271,8,3,8,200,True,6.479499861598015,5.593000096268952,1.1585016538655954
22,272,1,3,1,200,True,5.8200000785291195,4.825499490834773,1.2060927764230902
22,273,6,3,6,200,True,7.001999765634537,5.064000142738223,1.382701336546249
22,274,7,3,7,200,True,6.959500024095178,5.490999901667237,1.267437652290261
22,275,7,3,7,200,True,5.717999883927405,5.370000144466758,1.0648044190127677
22,276,7,3,7,200,True,8.098999969661236,7.785999914631247,1.0402003671284157
22,277,6,3,6,200,True,5.494499928317964,5.450500175356865,1.0080726083011673
22,278,11,3,11,200,True,10.835000430233777,10.76799992006272,1.0062221870977377
22,279,7,3,7,200,True,7.526499684900045,5.2689999574795365,1.4284493728674084
22,280,4,3,4,200,True,4.969500005245209,4.844499635510147,1.0258025346557589
22,281,6,3,6,200,True,5.622499738819897,6.978500168770552,0.8056888447149597
22,282,8,3,8,200,True,10.867500095628202,6.78699987474829,1.6012229698223246
22,283,7,3,7,200,True,7.403499912470579,5.598500138148665,1.32240773953411
22,284,6,3,6,200,True,5.676500150002539,8.201500168070197,0.6921294926143021
22,285,4,3,4,200,True,6.458999705500901,4.794499836862087,1.3471686151371731
22,286,5,3,5,200,True,7.5294997077435255,5.866999854333699,1.2833645636077202
22,287,3,3,3,200,True,8.775499882176518,8.888499578461051,0.9872869773703586
22,288,6,3,6,200,True,5.325500387698412,5.673000123351812,0.9387449800639022
22,289,6,3,6,200,True,10.95700019504875,8.034499478526413,1.3637439674161687
22,290,9,3,9,200,True,9.267000132240355,9.473999962210655,0.9781507461688865
22,291,7,3,7,200,True,7.310000364668667,7.531999726779759,0.970525840392455
22,292,5,3,5,200,True,8.337500039488077,5.7929998729377985,1.4392370485690842
22,293,5,3,5,200,True,8.467499865218997,8.901000255718827,0.9512975645381754
22,294,10,3,10,200,True,14.878999791108072,11.663499753922224,1.2756891246218387
22,295,4,3,4,200,True,4.373500123620033,3.7895003333687782,1.1541099719951977
22,296,5,3,5,200,True,5.317499744705856,4.6675000339746475,1.1392607832886712
22,297,0,3,0,200,True,3.006000188179314,5.046500009484589,0.5956603948339879
22,298,8,3,8,200,True,6.942999898456037,5.163000314496458,1.3447606964039438
22,299,9,3,9,200,True,7.531500305049121,11.268999660387635,0.6683379653939976
24,0,7,3,7,200,True,6.858000415377319,7.443000213243067,0.9214026896271105
24,1,7,3,7,200,True,6.782999844290316,6.74000009894371,1.0063797840823985
24,2,8,3,8,200,True,7.569000008516014,6.1554997228085995,1.2296320931458786
24,3,8,3,8,200,True,7.29450024664402,8.509500185027719,0.857218413306875
24,4,7,3,7,200,True,8.190999506041408,5.423999973572791,1.510140034282853
24,5,9,3,9,200,True,9.417000110261142,6.337999948300421,1.4857999664052342
24,6,7,3,7,200,True,6.785500445403159,7.978499634191393,0.8504732414004625
24,7,8,3,8,200,True,7.117500063031912,7.757999701425434,0.9174401053050004
24,8,10,3,10,200,True,8.337500039488077,8.423999533988535,0.9897317783374208
24,9,7,3,7,200,True,7.7385001350194225,6.320499815046787,1.2243493966405785
24,10,10,3,10,200,True,9.255000040866435,6.398999830707908,1.446319782109226
24,11,4,3,4,200,True,8.013499900698662,5.8280001394450665,1.3749999500620629
24,12,4,3,4,200,True,4.2860000394284725,4.6444998588413,0.9228119646229755
24,13,3,3,3,200,True,4.468499682843685,4.435000009834766,1.007553477550086
24,14,8,3,8,200,True,6.361999548971653,5.473499768413603,1.1623275451084134
24,15,4,3,4,200,True,4.003500216640532,4.071500152349472,0.9832985550375823
24,16,6,3,6,200,True,4.701000289060175,4.411499830894172,1.0656240438090019
24,17,3,3,3,200,True,4.2860000394284725,3.955500433221459,1.083554435598392
24,18,6,3,6,200,True,9.092999971471727,8.216999704018235,1.1066082875754657
24,19,6,3,6,200,True,7.435500156134367,7.363000186160207,1.0098465256201452
24,20,5,3,5,200,True,8.693999843671918,8.902500267140567,0.9765795656038078
24,21,8,3,8,200,True,6.0299999313429,4.891999997198582,1.2326246800482414
24,22,5,3,5,200,True,5.741000059060752,4.296500119380653,1.3362038635037503
24,23,0,3,0,200,True,2.797500346787274,4.793499829247594,0.5836028885863923
24,24,5,3,5,200,True,5.164500325918198,5.287500098347664,0.9767376321245075
24,25,2,3,2,200,True,3.3650000113993883,4.144000122323632,0.81201735329886
24,26,10,3,10,200,True,11.122999712824821,9.450999787077308,1.1769124921612737
24,27,7,3,7,200,True,8.747500251047313,7.657000096514822,1.1424187202281537
24,28,6,3,6,200,True,4.857000312767923,5.372999585233629,0.9039643937654857
24,29,7,3,7,200,True,5.410999874584377,5.089499754831195,1.06316929663824
24,30,7,3,7,200,True,5.947499885223806,5.745500093325973,1.0351579129086568
24,31,1,3,1,200,True,3.035999834537506,4.147000145167112,0.7320954251896136
24,32,5,3,5,200,True,5.1805004477500916,5.023999838158488,1.03115060004639
24,33,6,3,6,200,True,5.275500006973743,5.113999941386282,1.031579989722034
24,34,3,3,3,200,True,4.447000101208687,4.432499990798533,1.0032713165121838
24,35,7,3,7,200,True,6.37899967841804,6.45900028757751,0.9876140880016163
24,36,9,3,9,200,True,10.771999950520694,6.483999895863235,1.6613201917836529
24,37,9,3,9,200,True,6.190999993123114,6.339999963529408,0.9764984272455189
24,38,6,3,6,200,True,4.814499989151955,6.2885001534596086,0.7656038596903373
24,39,10,3,10,200,True,6.768499733880162,5.89850009419024,1.1474950624391502
24,40,7,3,7,200,True,6.190499989315867,6.31700037047267,0.9799746123574571
24,41,2,3,2,200,True,3.2365001970902085,3.7239998346194625,0.869092465311812
24,42,6,3,6,200,True,5.6760001461952925,6.031500524841249,0.9410593803015025
24,43,2,3,2,200,True,3.3204996725544333,3.7384999450296164,0.8881903761879361
24,44,6,3,6,200,True,6.307500298134983,4.548999713733792,1.386568629382881
24,45,8,3,8,200,True,10.374499834142625,5.934999790042639,1.7480202529321558
24,46,8,3,8,200,True,9.218499762937427,5.873999907635152,1.5693734947041829
24,47,0,3,0,200,True,2.7555000269785523,4.243999719619751,0.6492696062726028
24,48,6,3,6,200,True,6.962500046938658,4.920000210404396,1.415142225444413
24,49,6,3,6,200,True,5.089499754831195,4.8099999548867345,1.0581080670615188
24,50,4,3,4,200,True,5.2404997404664755,4.233000217936933,1.2380107419461874
24,51,10,3,10,200,True,7.956500048749149,7.005500374361873,1.1357504280304749
24,52,2,3,2,200,True,3.4804997267201543,4.481499781832099,0.7766372634514059
24,53,6,3,6,200,True,4.518000059761107,4.3120002374053,1.0477736110886129
24,54,2,3,2,200,True,4.475000314414501,3.936999710276723,1.1366524368120827
24,55,2,3,2,200,True,3.362499992363155,3.873499808833003,0.8680780065344057
24,56,7,3,7,200,True,4.803499905392528,4.812499973922968,0.9981298558796451
24,57,6,3,6,200,True,4.906999529339373,5.395500338636339,0.9094614440483142
24,58,4,3,4,200,True,4.194499924778938,3.997500170953572,1.0492807368106687
24,59,5,3,5,200,True,4.57349990028888,4.612000193446875,0.9916521484078211
24,60,5,3,5,200,True,7.039500051178038,5.20050001796335,1.3536198494111127
24,61,2,3,2,200,True,3.580499906092882,4.190499894320965,0.8544326444072305
24,62,3,3,3,200,True,3.5610003396868706,3.863000310957432,0.9218224315400815
24,63,5,3,5,200,True,5.01150032505393,4.191999905742705,1.1954915166359081
24,64,5,3,5,200,True,6.5750000067055225,7.891000132076442,0.8332277146946864
24,65,2,3,2,200,True,3.249499714002013,4.203499993309379,0.773046204157053
24,66,5,3,5,200,True,4.8019998939707875,4.637999809347093,1.0353600886945231
24,67,8,3,8,200,True,6.578500033356249,5.013500340282917,1.3121570932186308
24,68,3,3,3,200,True,3.4329999471083283,3.6609999369829893,0.9377219355915765
24,69,9,3,9,200,True,11.382499942556024,7.4585003312677145,1.5261110728705096
24,70,10,3,10,200,True,8.483999990858138,9.99899988528341,0.8484848573050732
24,71,4,3,4,200,True,6.954499986022711,4.7530001029372215,1.4631811141188538
24,72,4,3,4,200,True,4.691499634645879,5.363500094972551,0.8747085954269735
24,73,9,3,9,200,True,8.927500457502902,5.6665000738576055,1.575487574541809
24,74,10,3,10,200,True,6.644999957643449,5.06000011228025,1.313241069207987
24,75,9,3,9,200,True,11.474000057205558,8.374500321224332,1.370111602733581
24,76,6,3,6,200,True,5.193499964661896,6.508500082418323,0.7979565028648168
24,77,9,3,9,200,True,9.2814996605739,6.570499972440302,1.412601734952405
24,78,8,3,8,200,True,6.662000087089837,5.906500155106187,1.1279099148639686
24,79,6,3,6,200,True,5.910000181756914,5.1425001583993435,1.1492464753946576
24,80,2,3,2,200,True,3.3365003764629364,4.0915003046393394,0.8154711299128314
24,81,4,3,4,200,True,5.443999543786049,4.7215004451572895,1.153023198244068
24,82,4,3,4,200,True,5.89250004850328,5.699500325135887,1.0338625690599976
24,83,7,3,7,200,True,6.347000016830862,5.325499805621803,1.1918130219685152
24,84,4,3,4,200,True,4.879499902017415,4.678000113926828,1.0430739168839915
24,85,7,3,7,200,True,5.720499902963638,5.27750002220273,1.0839412371193147
24,86,5,3,5,200,True,11.046499712392688,9.672499727457762,1.1420522123184444
24,87,4,3,4,200,True,9.930499945767224,7.316999835893512,1.357181928179525
24,88,6,3,6,200,True,6.552999839186668,7.958499481901527,0.8233964020590673
24,89,4,3,4,200,True,4.272999940440059,4.9240002408623695,0.8677903597526435
24,90,5,3,5,200,True,5.166500341147184,8.701500482857227,0.5937482105903086
24,91,9,3,9,200,True,8.454499766230583,10.099000064656138,0.8371620667494719
24,92,8,3,8,200,True,8.119000121951103,7.548999856226146,1.075506726265843
24,93,5,3,5,200,True,6.128000095486641,7.162999827414751,0.8555075028807226
24,94,2,3,2,200,True,3.288000007160008,3.8360001053661104,0.8571428354656416
24,95,4,3,4,200,True,4.243000294081867,4.487999831326306,0.9454100832325486
24,96,3,3,3,200,True,5.117999971844256,3.9705005474388595,1.289006237549969
24,97,7,3,7,200,True,6.2205002177506685,5.016999784857035,1.239884489635857
24,98,5,3,5,200,True,9.075000416487455,9.563000057823956,0.948970026311226
24,99,5,3,5,200,True,5.234499694779515,5.074999644421041,1.0314285835534616
24,100,7,3,7,200,True,7.674500229768455,6.2994996551424265,1.2182713945390224
24,101,3,3,3,200,True,3.5355001455172896,3.926000208593905,0.9005348847863478
24,102,2,3,2,200,True,4.0769996121525764,4.495499888435006,0.9069068431390575
24,103,7,3,7,200,True,4.591000033542514,4.658499965444207,0.9855103719217787
24,104,7,3,7,200,True,5.861000390723348,4.795999848283827,1.2220601701688156
24,105,6,3,6,200,True,5.926499725319445,4.421499907039106,1.3403821892847612
24,106,2,3,2,200,True,5.5590004194527864,5.152500234544277,1.078893773198336
24,107,1,3,1,200,True,6.72649999614805,8.515999652445316,0.7898661661190389
24,108,6,3,6,200,True,5.569500499404967,5.90900017414242,0.9425453266657374
24,109,7,3,7,200,True,6.357500096783042,5.40299981366843,1.1766611726877967
24,110,11,3,11,200,True,9.958000155165792,7.716999971307813,1.29039784789298
24,111,7,3,7,200,True,7.93950050137937,5.207999492995441,1.524481811501267
24,112,9,3,9,200,True,8.978000259958208,8.855500491335988,1.0138331841031538
24,113,8,3,8,200,True,6.007499760016799,5.251999828033149,1.143849953678803
24,114,8,3,8,200,True,6.46050029899925,5.190999945625663,1.2445579592893978
24,115,7,3,7,200,True,6.9075002102181315,5.6365004274994135,1.2254944888352624
24,116,8,3,8,200,True,5.741500062867999,5.14150015078485,1.116697441308362
24,117,10,3,10,200,True,9.669499704614282,6.892000092193484,1.4030034206712867
24,118,2,3,2,200,True,3.5684998147189617,3.9175001438707113,0.9109124910441183
24,119,7,3,7,200,True,5.54949976503849,5.2185001550242305,1.063428111561055
24,120,5,3,5,200,True,5.83350018132478,4.937499761581421,1.1814684482043156
24,121,7,3,7,200,True,5.756000173278153,5.051500047557056,1.1394635492603427
24,122,9,3,9,200,True,6.60400022752583,5.276500014588237,1.2515872660413871
24,123,7,3,7,200,True,6.789499893784523,8.682500338181853,0.78197519485571
24,124,5,3,5,200,True,4.315499681979418,4.131500027142465,1.0445357990144357
24,125,6,3,6,200,True,8.421500097028911,11.048500309698284,0.762230154407163
24,126,4,3,4,200,True,5.298500182107091,7.29450024664402,0.726369182665361
24,127,8,3,8,200,True,6.330999894998968,6.799999973736703,0.9310293999192454
24,128,1,3,1,200,True,2.728999825194478,3.81649995688349,0.7150530213612128
24,129,5,3,5,200,True,5.1440001698210835,4.347999929450452,1.183072735346442
24,130,7,3,7,200,True,7.047000108286738,7.354500121437013,0.9581888628631647
24,131,7,3,7,200,True,7.261499995365739,5.266499938443303,1.3788094712315002
24,132,4,3,4,200,True,3.7369999336078763,4.027499817311764,0.9278709132511426
24,133,4,3,4,200,True,4.373500123620033,4.128500004298985,1.0593436160992928
24,134,8,3,8,200,True,10.62149996869266,5.801499937660992,1.8308196298929829
24,135,2,3,2,200,True,3.9739999920129776,4.458999610505998,0.8912312938197401
24,136,3,3,3,200,True,3.6730000283569098,3.997000167146325,0.9189391730697033
24,137,10,3,10,200,True,14.167000190354884,12.295999913476408,1.1521633287283828
24,138,4,3,4,200,True,4.069000133313239,4.180999821983278,0.9732122235257806
24,139,2,3,2,200,True,3.1304999720305204,4.285000031813979,0.7305717500088975
24,140,2,3,2,200,True,3.1524995574727654,3.938500303775072,0.8004314623134798
24,141,3,3,3,200,True,3.626499674282968,4.331499803811312,0.8372387945376311
24,142,11,3,11,200,True,14.36399994418025,9.596000309102237,1.4968736433402727
24,143,2,3,2,200,True,3.493999829515815,3.990000113844871,0.8756891553441343
24,144,4,3,4,200,True,4.758999566547573,6.058000144548714,0.7855727060076012
24,145,7,3,7,200,True,5.245999782346189,5.3800002206116915,0.9750928563623242
24,146,4,3,4,200,True,4.802499897778034,4.6770001063123345,1.0268333950423303
24,147,0,3,0,200,True,2.962000435218215,5.121499998494983,0.5783462727889556
24,148,7,3,7,200,True,5.0979998195543885,5.087499739602208,1.0020638978849365
24,149,6,3,6,200,True,5.435000057332218,4.594000056385994,1.1830648651771722
24,150,4,3,4,200,True,3.6735000321641564,5.042499979026616,0.7285076940889298
24,151,6,3,6,200,True,5.690499674528837,5.225000204518437,1.0890908041702752
24,152,3,3,3,200,True,3.880499862134456,4.43900004029274,0.8741833356411837
24,153,4,3,4,200,True,4.24700032453984,4.2494997614994645,0.9994118279562528
24,154,6,3,6,200,True,5.442000110633671,4.867499810643494,1.1180278011996938
24,155,9,3,9,200,True,6.424000021070242,6.550999823957682,0.9806136763394515
24,156,2,3,2,200,True,7.0485001197084785,8.172999951057136,0.8624128425201802
24,157,1,3,1,200,True,2.738499897532165,3.7274998612701893,0.7346747148097784
24,158,4,3,4,200,True,3.701500245369971,4.128000000491738,0.8966812608839725
24,159,3,3,3,200,True,3.5589997423812747,3.9604998892173167,0.8986238712115234
24,160,4,3,4,200,True,3.8044998655095696,5.925000295974314,0.6421096498669377
24,161,7,3,7,200,True,7.396999862976372,5.6314998073503375,1.313504415523849
24,162,3,3,3,200,True,4.3839996214956045,5.297500174492598,0.8275600711831048
24,163,6,3,6,200,True,5.82900014705956,5.862000398337841,0.9943704795230587
24,164,5,3,5,200,True,4.79250040370971,4.969000001437962,0.9644798555690932
24,165,9,3,9,200,True,6.5340002765879035,5.292000132612884,1.2346938988759608
24,166,11,3,11,200,True,8.93099990207702,7.452999707311392,1.198309439528853
24,167,6,3,6,200,True,5.454499623738229,4.629500326700509,1.1782048253198214
24,168,5,3,5,200,True,5.0789996748790145,4.830000107176602,1.051552704384507
24,169,3,3,3,200,True,4.141500103287399,4.4570001773536205,0.9292124609576407
24,170,2,3,2,200,True,3.2220000866800547,4.149500164203346,0.7764790840293025
24,171,4,3,4,200,True,5.630499799735844,4.283500020392239,1.314462419267191
24,172,3,3,3,200,True,5.237499717622995,5.071500199846923,1.0327318369781553
24,173,7,3,7,200,True,7.023499929346144,6.492999964393675,1.0817033679133876
24,174,6,3,6,200,True,8.066999725997448,9.599499753676355,0.8403562615758181
24,175,7,3,7,200,True,5.951499915681779,5.178999854251742,1.1491600855705464
24,176,6,3,6,200,True,5.010499735362828,5.186999915167689,0.9659725886463302
24,177,4,3,4,200,True,3.952000406570733,5.498999962583184,0.7186762017569209
24,178,5,3,5,200,True,4.867499810643494,5.119999987073243,0.9506835591665527
24,179,6,3,6,200,True,5.225500208325684,4.072000156156719,1.2832760333824924
24,180,7,3,7,200,True,6.201999494805932,4.742500022985041,1.3077489646277847
24,181,6,3,6,200,True,10.300999856553972,9.10150003619492,1.1317914426840487
24,182,2,3,2,200,True,3.523500054143369,4.3385004391893744,0.8121469856994451
24,183,11,3,11,200,True,13.700500130653381,12.488000211305916,1.0970932013798125
24,184,2,3,2,200,True,5.26849995367229,7.618999807164073,0.6914949582645178
24,185,5,3,5,200,True,5.005999701097608,8.04849958512932,0.6219792457151717
24,186,5,3,5,200,True,8.365000248886645,6.052000098861754,1.3821877250894155
24,187,5,3,5,200,True,6.961500039324164,5.172999808564782,1.3457375404882512
24,188,2,3,2,200,True,3.5114999627694488,4.5140000293031335,0.7779131457629942
24,189,6,3,6,200,True,7.884000078774989,6.223500240594149,1.266811243510503
24,190,7,3,7,200,True,6.1554997228085995,5.349499988369644,1.150668237441122
24,191,6,3,6,200,True,4.927999689243734,4.476499743759632,1.100860040506761
24,192,6,3,6,200,True,5.167000344954431,4.651499912142754,1.1108245603672833
24,193,4,3,4,200,True,3.7274998612701893,4.56599984318018,0.8163600502171761
24,194,6,3,6,200,True,5.349499988369644,4.296000115573406,1.2452280829735551
24,195,8,3,8,200,True,7.149999728426337,5.933499778620899,1.2050223300232743
24,196,6,3,6,200,True,4.591000033542514,4.686000174842775,0.9797268165267518
24,197,5,3,5,200,True,4.758500144816935,4.851000267080963,0.9809317424920101
24,198,5,3,5,200,True,6.921500316821039,6.405499880202115,1.0805558420528207
24,199,6,3,6,200,True,6.075500277802348,4.918000195175409,1.2353599098597952
24,200,4,3,4,200,True,5.599000141955912,4.288000054657459,1.305736956760179
24,201,7,3,7,200,True,6.065999623388052,5.916500231251121,1.0252682136894495
24,202,4,3,4,200,True,4.027499817311764,4.633499775081873,0.8692133404151506
24,203,8,3,8,200,True,7.071500294841826,6.140500190667808,1.1516163301466762
24,204,8,3,8,200,True,4.967499990016222,4.640999832190573,1.0703512539606233
24,205,7,3,7,200,True,12.942000175826252,11.744999792426825,1.1019157432570796
24,206,6,3,6,200,True,21.07249980326742,10.700999991968274,1.9692084682818018
24,207,7,3,7,200,True,17.573999939486384,19.41199996508658,0.9053162977072983
24,208,8,3,8,200,True,15.678000054322183,14.064999995753169,1.1146818385393564
24,209,5,3,5,200,True,13.296999968588352,12.581999762915075,1.0568272308970081
24,210,5,3,5,200,True,15.064500039443374,18.99650029372424,0.7930144924862893
24,211,5,3,5,200,True,22.986999829299748,12.547500082291663,1.8319983804376614
24,212,6,3,6,200,True,17.147500184364617,13.207999872975051,1.2982662287459734
24,213,9,3,9,200,True,21.73100016079843,20.033500040881336,1.0847330779171434
24,214,2,3,2,200,True,10.134500334970653,10.513000306673348,0.9639969598914181
24,215,7,3,7,200,True,11.836499907076359,14.035000349394977,0.8433558683585362
24,216,7,3,7,200,True,14.771000132896006,11.405500117689371,1.2950769348541682
24,217,8,3,8,200,True,18.856500391848385,16.320000286214054,1.1554227978645921
24,218,7,3,7,200,True,17.529000178910792,14.413499739021063,1.2161515590453904
24,219,2,3,2,200,True,10.750500368885696,10.487500112503767,1.0250774973597727
24,220,10,3,10,200,True,18.026999896392226,12.377499951981008,1.4564330411091637
24,221,4,3,4,200,True,10.344500187784433,13.869000249542296,0.7458720889507391
24,222,5,3,5,200,True,12.728499714285135,16.079499619081616,0.7915979984339915
24,223,4,3,4,200,True,9.953000117093325,11.272500269114971,0.8829452099782258
24,224,2,3,2,200,True,5.575499963015318,7.858999888412654,0.7094414101259704
24,225,6,3,6,200,True,6.219500210136175,7.22650031093508,0.8606517598463089
24,226,2,3,2,200,True,4.553999751806259,5.170000367797911,0.8808509531588237
24,227,6,3,6,200,True,7.374000269919634,6.502500036731362,1.134025409960067
24,228,8,3,8,200,True,6.239499780349433,5.7360000209882855,1.087778897754327
24,229,5,3,5,200,True,6.5479998011142015,4.4029997661709785,1.4871678739171497
24,230,7,3,7,200,True,6.009499775245786,5.312500288709998,1.1311998962178007
24,231,5,3,5,200,True,5.345500539988279,5.997500265948474,0.8912880871949266
24,232,0,3,0,200,True,2.668999950401485,5.699500325135887,0.4682866563987521
24,233,3,3,3,200,True,3.3439998514950275,4.1639996925368905,0.8030739909727795
24,234,7,3,7,200,True,6.494999979622662,5.257500451989472,1.2353779213019207
24,235,5,3,5,200,True,4.517000052146614,4.4380000326782465,1.0178008154318765
24,236,5,3,5,200,True,4.695000243373215,4.963999963365495,0.9458098867893819
24,237,3,3,3,200,True,3.859499702230096,3.9095000829547644,0.9872105436337838
24,238,4,3,4,200,True,4.056999459862709,4.147500148974359,0.9781794609135747
24,239,6,3,6,200,True,5.100499838590622,5.368000129237771,0.9501676072639863
24,240,8,3,8,200,True,6.968000088818371,5.157999694347382,1.350911303165558
24,241,4,3,4,200,True,3.796500386670232,3.716499777510762,1.0215257941473772
24,242,8,3,8,200,True,7.242500432766974,5.576499970629811,1.298753783002173
24,243,10,3,10,200,True,7.056999602355063,6.03149994276464,1.170023985629082
24,244,10,3,10,200,True,8.41100001707673,8.228999795392156,1.0221169311228426
24,245,6,3,6,200,True,6.1079999431967735,6.2650005565956235,0.9749400479727709
24,246,4,3,4,200,True,5.524500156752765,4.752500099129975,1.1624408293571877
24,247,1,3,1,200,True,3.452500095590949,5.977499531581998,0.5775826626752097
24,248,5,3,5,200,True,4.743000026792288,6.221000221557915,0.7624175948999574
24,249,7,3,7,200,True,6.100499886088073,7.206500158645213,0.8465274060626591
24,250,7,3,7,200,True,4.987000138498843,4.4665002496913075,1.116534167627889
24,251,5,3,5,200,True,8.099499973468482,8.219500305131078,0.9854005320022089
24,252,1,3,1,200,True,3.3444998553022742,4.872499848715961,0.6864032753502585
24,253,3,3,3,200,True,5.844499683007598,5.9274997329339385,0.9859974603684616
24,254,12,3,12,200,True,24.71499959938228,15.30850015114993,1.6144625113731839
24,255,3,3,3,200,True,4.65349992737174,5.404999828897417,0.8609620859730948
24,256,5,3,5,200,True,7.287499611265957,7.698499830439687,0.9466129469083516
24,257,1,3,1,200,True,3.6260002525523305,4.300499567762017,0.843157915823092
24,258,6,3,6,200,True,6.609500269405544,7.226999732665718,0.9145565952536149
24,259,7,3,7,200,True,6.806000019423664,6.414999952539802,1.0609509072138121
24,260,9,3,9,200,True,6.481999880634248,5.275000003166497,1.228815142510561
24,261,2,3,2,200,True,3.7384999450296164,4.285500035621226,0.8723602646027475
24,262,5,3,5,200,True,5.115999956615269,4.785000346601009,1.069174417144898
24,263,4,3,4,200,True,5.374000174924731,6.442500161938369,0.8341482405656384
24,264,4,3,4,200,True,4.290500073693693,4.880499909631908,0.8791107782270785
24,265,9,3,9,200,True,8.17849999293685,8.668999653309584,0.9434191163930344
24,266,5,3,5,200,True,5.253499839454889,6.780499825254083,0.7747953653635007
24,267,5,3,5,200,True,4.912500153295696,4.374500131234527,1.1229854854088988
24,268,5,3,5,200,True,7.348000071942806,9.089999948628247,0.8083608485665259
24,269,5,3,5,200,True,4.563999827951193,4.679500125348568,0.9753178129493539
24,270,4,3,4,200,True,6.769000319764018,4.214500077068806,1.6061217691261434
24,271,7,3,7,200,True,7.76899978518486,5.818000063300133,1.3353385528803288
24,272,5,3,5,200,True,5.023000412620604,4.265999887138605,1.1774497293739388
24,273,6,3,6,200,True,5.500499974004924,5.61449967790395,0.979695483045858
24,274,6,3,6,200,True,5.801499937660992,4.874499863944948,1.190173371543767
24,275,1,3,1,200,True,3.096499713137746,4.015000304207206,0.7712327468301835
24,276,6,3,6,200,True,5.374500178731978,5.032000481151044,1.0680643213099592
24,277,7,3,7,200,True,6.9835002068430185,10.047000250779092,0.6950831126237391
24,278,3,3,3,200,True,4.539000219665468,4.652000498026609,0.9757093150765833
24,279,4,3,4,200,True,3.515999997034669,3.920500166714191,0.896824345752155
24,280,2,3,2,200,True,3.7860003067180514,3.943000338040292,0.9601825975494918
24,281,6,3,6,200,True,5.369000136852264,4.7610001638531685,1.1277042537438247
24,282,5,3,5,200,True,4.587500006891787,4.692000220529735,0.977728003255262
24,283,6,3,6,200,True,5.834999610669911,6.113499985076487,0.9544450192056242
24,284,4,3,4,200,True,4.290500073693693,4.362500039860606,0.9834957099119673
24,285,10,3,10,200,True,11.39350002631545,11.635500122793019,0.9792015732952029
24,286,4,3,4,200,True,4.115499905310571,5.7725002989172935,0.7129492753915467
24,287,5,3,5,200,True,4.8589997459203005,6.503499462269247,0.7471361801612058
24,288,5,3,5,200,True,5.620999727398157,6.004499737173319,0.936131230483541
24,289,7,3,7,200,True,7.054500165395439,7.043500081636012,1.0015617354485602
24,290,8,3,8,200,True,7.187500013969839,4.896000027656555,1.468035125279625
24,291,2,3,2,200,True,5.1914999494329095,5.503499996848404,0.9433087948407082
24,292,5,3,5,200,True,5.683000199496746,6.6590000642463565,0.8534314678881039
24,293,2,3,2,200,True,5.549999768845737,4.486000398173928,1.237182183734295
24,294,5,3,5,200,True,6.014500395394862,5.655499990098178,1.0634781020113575
24,295,10,3,10,200,True,7.999000372365117,6.969999521970749,1.1476328437542591
24,296,10,3,10,200,True,9.513000259175897,5.921500269323587,1.6065185892936835
24,297,8,3,8,200,True,9.351000189781189,6.8965001264587045,1.3559051719444903
24,298,4,3,4,200,True,4.462000215426087,4.559499793685973,0.9786161678535651
24,299,5,3,5,200,True,11.045999708585441,8.141500293277204,1.356752356529006
