n,depth,trial,live_k,declined,ok,cm_us,bitset_us,ratio,output_k
24,4,0,5,False,True,5.504065193235874,5.0270650535821915,1.0948864067939168,5
24,4,1,7,False,True,5.3957197815179825,4.899713676422834,1.1012316510415503,7
24,4,2,6,False,True,5.736113525927067,5.699715111404657,1.0063860059338017,6
24,4,3,3,False,True,2.593959216028452,3.030458465218544,0.8559626359509885,3
24,4,4,3,False,True,2.5821570307016373,2.989009954035282,0.8638837174883351,3
24,4,5,7,False,True,3.4899101592600346,3.2324600033462048,1.079645271912822,7
24,4,6,4,False,True,2.6382552459836006,3.101159818470478,0.8507317908190922,4
24,4,7,4,False,True,2.9604602605104446,2.859558444470167,1.0352858030355707,4
24,4,8,7,False,True,3.9110099896788597,3.8252607919275756,1.0224165625340473,7
24,4,9,2,False,True,2.2111553698778152,2.8103613294661045,0.7867868614239284,2
24,4,10,4,False,True,2.955305390059948,2.9416591860353947,1.004638948009115,4
24,4,11,7,False,True,3.0734040774405003,2.8659100644290447,1.0724007412468448,7
24,4,12,3,False,True,2.6303064078092575,2.8073089197278023,0.9369493999485788,3
24,4,13,5,False,True,3.087359946221113,2.985608298331499,1.0340807090958575,5
24,4,14,2,False,True,2.4480093270540237,2.7253106236457825,0.8982496548518939,2
24,4,15,6,False,True,3.2549607567489147,3.352309577167034,0.9709606710904108,6
24,4,16,4,False,True,2.6644603349268436,2.7539092116057873,0.9675193080795912,4
24,4,17,0,False,True,1.9492534920573235,3.769008908420801,0.5171793273563932,0
24,4,18,0,False,True,1.9573094323277473,3.5607093013823032,0.5496964977084482,0
24,4,19,2,False,True,2.386609558016062,2.6249117217957973,0.9092151702470571,2
24,4,20,5,False,True,3.5210116766393185,3.5011116415262222,1.0056839190379034,5
24,4,21,4,False,True,3.0704098753631115,3.268010914325714,0.9395347677400969,4
24,4,22,7,False,True,3.8983603008091454,3.561261110007763,1.0946572521329805,7
24,4,23,2,False,True,2.3411051370203495,2.6411539874970913,0.886394791103761,2
24,4,24,5,False,True,3.402410075068474,3.287659492343664,1.0349034268883508,5
24,4,25,5,False,True,3.0565541237592697,2.9609096236526966,1.0323024044173905,5
24,4,26,3,False,True,3.02955973893404,3.043203614652157,0.9955166076786892,3
24,4,27,7,False,True,3.9381161332130437,3.708109725266695,1.0620279401062778,7
24,4,28,5,False,True,3.564460203051567,3.3234618604183197,1.0725142495250157,5
24,4,29,4,False,True,3.2880064100027084,3.4342100843787193,0.9574272770786355,4
24,4,30,5,False,True,3.3413595519959927,3.372710198163986,0.9907046131075655,5
24,4,31,6,False,True,3.1116604804992676,3.1954096630215645,0.9737907838573963,6
24,4,32,7,False,True,4.125859122723341,3.658910281956196,1.127619647595594,7
24,4,33,5,False,True,3.4397048875689507,3.3493596129119396,1.0269738950421226,5
24,4,34,8,False,True,3.431208897382021,2.927903551608324,1.1718995646209818,8
24,4,35,3,False,True,2.6284088380634785,3.005454782396555,0.874546126416043,3
24,4,36,3,False,True,2.6247557252645493,3.236860502511263,0.8108955338755492,3
24,4,37,9,False,True,3.8681109435856342,3.6768591962754726,1.0520149772131315,9
24,4,38,9,False,True,3.8197613321244717,3.4497608430683613,1.1072539535021844,9
24,4,39,0,False,True,1.8832040950655937,3.591866698116064,0.5242967663731327,0
24,4,40,5,False,True,3.730009775608778,3.6026095040142536,1.0353633307891312,5
24,4,41,4,False,True,3.318509552627802,3.2335100695490837,1.0262870630523726,4
24,4,42,3,False,True,2.996309194713831,3.1865062192082405,0.9403117359859827,3
24,4,43,6,False,True,3.295403439551592,3.1393091194331646,1.0497225071440597,6
24,4,44,8,False,True,4.177161026746035,3.714358899742365,1.1245981176013364,8
24,4,45,7,False,True,3.7506595253944397,3.335811197757721,1.1243620525992517,7
24,4,46,5,False,True,3.2531539909541607,3.1187105923891068,1.0431086484565606,5
24,4,47,4,False,True,3.81021061912179,3.66866122931242,1.0385833907689261,4
24,4,48,10,False,True,4.940417129546404,4.150460008531809,1.1903300162851191,10
24,4,49,6,False,True,3.6688102409243584,3.4876097925007343,1.0519554821795867,6
24,4,50,4,False,True,3.1361100263893604,3.1365593895316124,0.9998567337370522,4
24,4,51,1,False,True,1.90680380910635,2.661955077201128,0.7163170503655643,1
24,4,52,3,False,True,2.5784107856452465,2.748509868979454,0.9381122530233567,3
24,4,53,8,False,True,3.901808522641659,3.5480596125125885,1.0997020762789722,8
24,4,54,3,False,True,2.734055742621422,2.9272097162902355,0.9340143029063168,3
24,4,55,7,False,True,3.7577631883323193,3.5721599124372005,1.051958277469299,7
24,4,56,2,False,True,2.5472044944763184,2.7061067521572113,0.9412801222441717,2
24,4,57,6,False,True,3.1195092014968395,3.116908483207226,1.000834390327347,6
24,4,58,9,False,True,4.649965558201075,4.124315455555916,1.1274514785082816,9
24,4,59,8,False,True,3.57896089553833,3.301161341369152,1.0841520681488295,8
24,4,60,5,False,True,3.114903811365366,3.4240586683154106,0.9097109930355999,5
24,4,61,4,False,True,3.204310778528452,3.204259555786848,1.000015985827837,4
24,4,62,2,False,True,2.4332059547305107,2.9598595574498177,0.8220680432645034,2
24,4,63,8,False,True,3.878208808600902,3.509758971631527,1.1049786723098252,8
24,4,64,9,False,True,4.106860142201185,3.679764922708273,1.1160658978124542,9
24,4,65,7,False,True,3.8908608257770534,3.4102099016308784,1.1409446743780527,7
24,4,66,6,False,True,3.256159834563732,3.170706331729889,1.0269509358147404,6
24,4,67,8,False,True,3.898660652339458,3.4177047200500965,1.1407248348483165,8
24,4,68,5,False,True,2.7072569355368614,3.0506541952490807,0.8874348786411101,5
24,4,69,8,False,True,3.7137605249881744,3.565466031432152,1.041591896332401,8
24,4,70,7,False,True,3.2025552354753017,3.1574605964124203,1.014281932485276,7
24,4,71,3,False,True,2.6650610379874706,3.124210052192211,0.8530351651987795,3
24,4,72,9,False,True,4.268358461558819,3.8748630322515965,1.1015507970299974,9
24,4,73,3,False,True,2.7278601191937923,2.7296063490211964,0.9993602631280404,3
24,4,74,5,False,True,3.189754206687212,3.0240602791309357,1.054791873263814,5
24,4,75,4,False,True,2.4250545538961887,2.5319051928818226,0.9577983254325506,4
24,4,76,2,False,True,2.5377562269568443,2.8294557705521584,0.8969061306307715,2
24,4,77,3,False,True,2.788510173559189,2.9442552477121353,0.9471020475300266,3
24,4,78,6,False,True,3.137059975415468,3.2562087289988995,0.9634087481793396,6
24,4,79,7,False,True,3.867160994559527,3.6358111537992954,1.063630873819857,7
24,4,80,5,False,True,3.231761511415243,3.222308587282896,1.0029335874812406,5
24,4,81,8,False,True,3.8272095844149594,3.5004597157239914,1.0933448447423104,8
24,4,82,8,False,True,3.8849096745252614,3.526511136442423,1.1016297763472809,8
24,4,83,6,False,True,4.016514867544174,3.672810271382332,1.0935808197989172,6
24,4,84,5,False,True,3.021161537617445,3.1093042343854904,0.9716519548671745,5
24,4,85,5,False,True,3.3333618193864822,3.5152118653059006,0.948267685451843,5
24,4,86,2,False,True,2.1989038214087486,2.755955792963505,0.7978734009533031,2
24,4,87,5,False,True,2.968055196106434,3.176459576934576,0.934390986007994,5
24,4,88,9,False,True,4.729165229946375,4.327611532062292,1.0927887577036577,9
24,4,89,3,False,True,2.39640474319458,2.593453973531723,0.9240205408122958,3
24,4,90,5,False,True,3.1577609479427338,3.3138622529804707,0.9528944497022047,5
24,4,91,6,False,True,3.3872597850859165,3.1782593578100204,1.0657593996419183,6
24,4,92,8,False,True,3.589510452002287,3.3661583438515663,1.0663522286640743,8
24,4,93,3,False,True,2.901360858231783,2.9652100056409836,0.9784672426952106,3
24,4,94,5,False,True,3.2795616425573826,3.4462101757526398,0.9516429571336688,5
24,4,95,10,False,True,4.223764408379793,3.860511351376772,1.0940945444632548,10
24,4,96,9,False,True,4.453761503100395,4.085861146450043,1.0900423052726593,9
24,4,97,9,False,True,4.20046504586935,3.8920110091567044,1.0792531254374533,9
24,4,98,7,False,True,3.315561916679144,3.3606612123548985,0.9865802314407788,7
24,4,99,5,False,True,3.084959462285042,2.975205425173044,1.0368895660727744,5
24,4,100,5,False,True,3.042910248041153,2.9958109371364117,1.0157217233974591,5
24,4,101,3,False,True,2.6589608751237392,3.177858889102936,0.8367145829670007,3
24,4,102,5,False,True,3.273310139775276,3.136808518320322,1.043516083515371,5
24,4,103,2,False,True,2.4091056548058987,2.989706117659807,0.805800155599115,2
24,4,104,2,False,True,2.5393092073500156,3.1918101012706757,0.7955702647657841,2
24,4,105,6,False,True,3.075010608881712,2.7094059623777866,1.1349390425726638,6
24,4,106,5,False,True,3.379909321665764,3.3879606053233147,0.9976235604260273,5
24,4,107,6,False,True,3.4488108940422535,3.6643585190176964,0.941177255485027,6
24,4,108,8,False,True,3.368810284882784,3.2347580417990685,1.0414411963279826,8
24,4,109,8,False,True,4.467715043574572,4.050810821354389,1.1029187095142574,8
24,4,110,3,False,True,3.081709146499634,3.1364592723548412,0.9825439704134589,3
24,4,111,2,False,True,2.410905435681343,2.637309953570366,0.9141532387641739,2
24,4,112,6,False,True,3.6763097159564495,3.3602584153413773,1.0940556533307466,6
24,4,113,4,False,True,3.132210113108158,3.1398050487041473,0.997581080519912,4
24,4,114,4,False,True,2.6906561106443405,2.9535614885389805,0.910986996913787,4
24,4,115,9,False,True,4.574409686028957,3.9590103551745415,1.1554427181656828,9
24,4,116,5,False,True,3.401809372007847,3.1874096021056175,1.06726458054233,5
24,4,117,3,False,True,2.9529607854783535,3.060458693653345,0.9648752298477622,3
24,4,118,7,False,True,3.6999606527388096,3.452158998697996,1.0717816456699338,7
24,4,119,6,False,True,4.333311226218939,4.243808798491955,1.0210901178579932,6
24,4,120,6,False,True,3.409408964216709,3.040758892893791,1.1212362059301866,6
24,4,121,7,False,True,3.9645610377192497,3.7401611916720867,1.0599973729867087,7
24,4,122,6,False,True,3.3323117531836033,3.4139584749937057,0.9760844420316938,6
24,4,123,1,False,True,1.9018538296222687,2.6798108592629433,0.7096970381504296,1
24,4,124,5,False,True,3.083560150116682,3.275603521615267,0.9413716067187874,5
24,4,125,1,False,True,1.9016559235751629,2.6169116608798504,0.7266794489103211,1
24,4,126,7,False,True,3.6095594987273216,3.3408100716769695,1.0804443896193863,7
24,4,127,4,False,True,2.9975618235766888,3.0007585883140564,0.9989346811336917,4
24,4,128,7,False,True,3.4732604399323463,3.1355046667158604,1.1077197482120964,7
24,4,129,3,False,True,2.8149550780653954,2.873358316719532,0.9796742236029877,3
24,4,130,5,False,True,2.8289109468460083,3.657708875834942,0.7734106356947983,5
24,4,131,8,False,True,4.108159337192774,3.7222588434815407,1.1036737395055227,8
24,4,132,4,False,True,2.638355363160372,3.0165095813572407,0.8746384826575876,4
24,4,133,5,False,True,3.1195045448839664,3.017059061676264,1.0339554119138736,5
24,4,134,9,False,True,4.680214915424585,4.511664155870676,1.0373588888114793,9
24,4,135,10,False,True,5.12831611558795,4.5067607425153255,1.1379162126822202,10
24,4,136,6,False,True,3.535561263561249,3.206960391253233,1.1024648989130805,6
24,4,137,4,False,True,2.6660063304007053,3.1413091346621513,0.8486927634670489,4
24,4,138,9,False,True,4.338060971349478,3.889009822160005,1.1154667048230966,9
24,4,139,3,False,True,2.4329032748937607,3.0307588167488575,0.8027373413710215,3
24,4,140,6,False,True,3.3391104079782963,3.2380549237132072,1.0312086998664014,6
24,4,141,4,False,True,3.0093593522906303,3.15261073410511,0.9545610308736252,4
24,4,142,6,False,True,3.9595598354935646,3.6817090585827827,1.0754678798595063,6
24,4,143,4,False,True,2.5927601382136345,2.7236086316406727,0.9519576741287472,4
24,4,144,1,False,True,1.8959539011120796,2.9777060262858868,0.6367162790333994,1
24,4,145,10,False,True,4.556358326226473,3.898062277585268,1.1688777658649927,10
24,4,146,6,False,True,3.8584601134061813,3.5337661392986774,1.091883265985435,6
24,4,147,3,False,True,2.906408626586199,3.6463094875216484,0.7970822653788636,3
24,4,148,9,False,True,4.21120785176754,3.803810104727745,1.1071025460848956,9
24,4,149,7,False,True,3.8505648262798786,3.612060099840164,1.0660301101995142,7
24,4,150,7,False,True,3.9561581797897816,3.634258173406124,1.0885737861826046,7
24,4,151,6,False,True,3.318211529403925,3.210604190826416,1.0335162269098672,6
24,4,152,3,False,True,2.7408101595938206,2.8510065749287605,0.96134824230011,3
24,4,153,6,False,True,2.928003668785095,2.9547582380473614,0.9909452594402625,6
24,4,154,7,False,True,3.919959999620914,3.602157812565565,1.0882255035986335,7
24,4,155,9,False,True,4.359709564596415,4.0536606684327126,1.0754993871457996,9
24,4,156,8,False,True,3.7050596438348293,3.2730563543736935,1.1319877333868273,8
24,4,157,6,False,True,3.55530995875597,3.4750602208077908,1.0230930495729726,6
24,4,158,2,False,True,2.4129566736519337,2.6960554532706738,0.894995194080558,2
24,4,159,4,False,True,3.4432602114975452,3.6656088195741177,0.9393419704554274,4
24,4,160,8,False,True,4.212060011923313,3.8704602047801018,1.0882581887087557,8
24,4,161,5,False,True,3.3258600160479546,3.499558661133051,0.950365556944584,5
24,4,162,1,False,True,1.901604700833559,2.689058892428875,0.7071636497763524,1
24,4,163,5,False,True,3.2815546728670597,3.4246104769408703,0.9582271312205997,5
24,4,164,11,False,True,5.707766395062208,5.132064688950777,1.1121774063664678,11
24,4,165,5,False,True,3.3363117836415768,3.4718099050223827,0.9609719065595176,5
24,4,166,7,False,True,4.072810988873243,3.5546114668250084,1.145782324421266,7
24,4,167,8,False,True,3.827358596026898,3.8694101385772233,0.9891323118913965,8
24,4,168,8,False,True,4.159561358392239,3.677608910948038,1.1310504893572164,8
24,4,169,9,False,True,4.149915184825659,3.4750602208077908,1.1941995019185583,9
24,4,170,8,False,True,3.824660088866949,3.425010945647955,1.116685508327153,8
24,4,171,8,False,True,3.803758881986141,3.4000608138740063,1.1187326022125363,8
24,4,172,7,False,True,3.1451531685888767,3.0089612118899822,1.045262117757028,7
24,4,173,7,False,True,4.024514928460121,3.7951092235744,1.060447721362195,7
24,4,174,7,False,True,3.7503638304769993,3.9840606041252613,0.941342063570448,7
24,4,175,9,False,True,4.254358354955912,3.768459428101778,1.128938346325487,9
24,4,176,4,False,True,2.8574559837579727,3.189260605722666,0.8959618974475407,4
24,4,177,8,False,True,3.5395612940192223,3.297911025583744,1.0732737379998616,8
24,4,178,7,False,True,3.5913591273128986,3.4936098381876945,1.0279794521004415,7
24,4,179,5,False,True,3.413108643144369,3.414209932088852,0.999677439593233,5
24,4,180,2,False,True,2.5848601944744587,2.8764107264578342,0.8986408549719161,2
24,4,181,3,False,True,2.643805928528309,3.5706092603504658,0.7404355211549559,3
24,4,182,2,False,True,2.1852063946425915,2.7222116477787495,0.8027319978685935,2
24,4,183,7,False,True,3.3115106634795666,3.3685588277876377,0.9830645189160795,7
24,4,184,8,False,True,3.3605587668716908,3.370910417288542,0.9969291232529467,8
24,4,185,1,False,True,1.8846546299755573,2.702358178794384,0.6974111147680532,1
24,4,186,5,False,True,3.76405892893672,4.10670880228281,0.9165633869254084,5
24,4,187,6,False,True,3.4010596573352814,3.13035910949111,1.086475876529124,6
24,4,188,7,False,True,4.1369604878127575,3.940409515053034,1.0498808491881022,7
24,4,189,8,False,True,3.386959433555603,3.1606084667146206,1.0716162628888573,8
24,4,190,5,False,True,3.0278111808001995,3.504711203277111,0.8639260142088221,5
24,4,191,4,False,True,2.87630595266819,3.215859178453684,0.8944129058696019,4
24,4,192,5,False,True,3.4309597685933113,3.74270835891366,0.9167050808065539,5
24,4,193,8,False,True,3.8670608773827557,3.4508085809648037,1.1206245686051857,8
24,4,194,8,False,True,4.373264964669943,3.833358641713858,1.1408441978480515,8
24,4,195,10,False,True,4.670959897339344,4.341516178101301,1.0758821816442292,10
24,4,196,1,False,True,2.1187542006373405,2.84701120108366,0.7442029732200833,1
24,4,197,6,False,True,3.5922089591622353,3.977564629167318,0.9031176848317473,6
24,4,198,6,False,True,3.1290599144995213,3.032104577869177,1.03197625086483,6
24,4,199,4,False,True,2.886704169213772,3.2634101808071136,0.8845667597016033,4
24,4,200,3,False,True,3.1335605308413506,3.305962309241295,0.9478512571307839,3
24,4,201,3,False,True,2.778011839836836,2.8886552900075912,0.9616972469669565,3
24,4,202,5,False,True,3.047608770430088,3.136959858238697,0.9715166620401777,5
24,4,203,7,False,True,3.5281083546578884,3.3926591277122498,1.0399242074864665,7
24,4,204,3,False,True,2.5670090690255165,2.9039056971669197,0.883984997009344,3
24,4,205,9,False,True,4.141360986977816,3.753560595214367,1.1033153407082006,9
24,4,206,6,False,True,4.041509237140417,3.7661101669073105,1.0731256012245816,6
24,4,207,3,False,True,2.5852047838270664,2.885411959141493,0.8959569102902907,3
24,4,208,6,False,True,3.101108595728874,3.302760887891054,0.938944325972401,6
24,4,209,7,False,True,3.9370101876556878,3.736410290002823,1.0536878667178473,7
24,4,210,7,False,True,3.790410701185465,3.65185784175992,1.0379403759481427,7
24,4,211,4,False,True,3.3073057420551777,3.302211407572031,1.001542703920005,4
24,4,212,7,False,True,3.645361866801977,3.185409586876631,1.1443934500041297,7
24,4,213,8,False,True,4.233263898640871,3.764659631997347,1.124474537528086,8
24,4,214,9,False,True,4.418811295181513,3.881009761244059,1.1385725795662676,9
24,4,215,4,False,True,2.825409173965454,3.2922602258622646,0.8581974024320816,4
24,4,216,4,False,True,3.0203559435904026,2.9500597156584263,1.02382874745174,4
24,4,217,6,False,True,2.9511540196835995,3.2788608223199844,0.9000546774033205,6
24,4,218,1,False,True,1.907953992486,2.631004899740219,0.7251807066852624,1
24,4,219,4,False,True,3.042758908122778,2.988309133797884,1.0182209309301589,4
24,4,220,5,False,True,3.280856180936098,3.1416607089340687,1.0443063350559127,5
24,4,221,5,False,True,3.5130116157233715,3.5262107849121094,0.9962568405594997,5
24,4,222,3,False,True,2.2300053387880325,3.5717105492949486,0.6243521998803159,3
24,4,223,9,False,True,4.427016247063875,4.1107600554823875,1.076933751255977,9
24,4,224,5,False,True,2.6841554790735245,3.028055652976036,0.8864287142263982,5
24,4,225,7,False,True,3.640260547399521,3.357210662215948,1.08431102890539,7
24,4,226,9,False,True,3.7805153988301754,3.4828600473701954,1.0854629090493404,9
24,4,227,9,False,True,4.6053132973611355,4.138459917157888,1.112808481789975,9
24,4,228,3,False,True,2.5082100182771683,3.072058316320181,0.8164591163365642,3
24,4,229,10,False,True,4.501158837229013,4.119861405342817,1.092551033729366,10
24,4,230,6,False,True,3.4258095547556877,3.251759335398674,1.0535249387807708,6
24,4,231,2,False,True,2.3932545445859432,2.922310959547758,0.8189595760734207,2
24,4,232,8,False,True,4.137365613132715,3.8415100425481796,1.0770154359373447,8
24,4,233,3,False,True,2.775059547275305,2.9406603425741196,0.9436858473924074,3
24,4,234,2,False,True,2.1679047495126724,2.72195553407073,0.7964511992855866,2
24,4,235,7,False,True,3.97935975342989,3.6868592724204063,1.0793359494889152,7
24,4,236,6,False,True,3.36990924552083,3.1254603527486324,1.078212124033895,6
24,4,237,5,False,True,3.2295100390911102,3.5630608908832073,0.9063864295315434,5
24,4,238,2,False,True,2.4001533165574074,4.009658005088568,0.598593025517744,2
24,4,239,2,False,True,2.4265097454190254,2.6199105195701122,0.9261803894803167,2
24,4,240,5,False,True,2.927258610725403,3.88766173273325,0.7529612430213601,5
24,4,241,4,False,True,2.684309147298336,3.2800110056996346,0.8183841891487087,4
24,4,242,2,False,True,2.3983605206012726,2.620911691337824,0.9150863527862887,2
24,4,243,6,False,True,3.3726589754223824,3.176359459757805,1.061800157743968,6
24,4,244,7,False,True,3.175456076860428,3.0340603552758694,1.0466028045021214,7
24,4,245,8,False,True,3.0293106101453304,2.954760566353798,1.0252304855562384,8
24,4,246,3,False,True,2.785611432045698,3.151805140078068,0.8838146104351808,3
24,4,247,7,False,True,3.576860763132572,3.4364592283964157,1.0408564529373663,7
24,4,248,6,False,True,3.412109799683094,3.318609669804573,1.0281744884700548,6
24,4,249,3,False,True,2.5041098706424236,2.9918598011136055,0.8369743360669388,3
24,4,250,10,False,True,4.6230643056333065,3.9098085835576057,1.1824272740806907,10
24,4,251,4,False,True,2.6635057292878628,3.3248099498450756,0.8011001439080669,4
24,4,252,6,False,True,3.613610751926899,3.3343094401061535,1.0837658642180052,6
24,4,253,7,False,True,3.8523110561072826,3.370959311723709,1.1427936975416766,7
24,4,254,9,False,True,4.653914365917444,4.4616591185331345,1.0430905280472251,9
24,4,255,4,False,True,2.830305602401495,3.0988105572760105,0.913352252449229,4
24,4,256,7,False,True,3.5588094033300877,3.3750617876648903,1.0544427412667687,7
24,4,257,5,False,True,3.422708250582218,3.5597593523561954,0.9614998969850972,5
24,4,258,8,False,True,4.392759874463081,3.95121518522501,1.1117490869363844,8
24,4,259,2,False,True,2.444409765303135,2.8096558526158333,0.8700032650003563,2
24,4,260,8,False,True,3.7697097286581993,3.9218598976731296,0.9612045883879732,8
24,4,261,3,False,True,2.448109444230795,3.2382598146796227,0.7559953753967078,3
24,4,262,8,False,True,4.6695140190422535,4.19276300817728,1.113708075065333,8
24,4,263,6,False,True,3.778059035539627,3.6212080158293247,1.0433145566409503,6
24,4,264,5,False,True,3.9113662205636497,4.139260854572058,0.9449431572410604,5
24,4,265,8,False,True,4.92666382342577,4.47756377980113,1.1003000885549834,8
24,4,266,8,False,True,4.454315640032291,4.004510119557381,1.1123247306276325,8
24,4,267,6,False,True,3.595661837607622,3.5022106021642685,1.0266834996689245,6
24,4,268,7,False,True,4.257461987435818,3.831658978015184,1.1111275851697016,7
24,4,269,3,False,True,2.6830052956938744,3.2807583920657635,0.8178003300037259,3
24,4,270,5,False,True,3.3515598624944687,3.530164249241352,0.9494062105508926,5
24,4,271,7,False,True,3.7767644971609116,3.5709585063159466,1.0576332630247471,7
24,4,272,6,False,True,3.533461131155491,3.4460588358342648,1.0253629724519973,6
24,4,273,5,False,True,3.094710409641266,3.2996106892824173,0.9379016802477046,5
24,4,274,1,False,True,1.9202055409550665,2.8258096426725388,0.6795240245337305,1
24,4,275,6,False,True,3.262611571699381,3.0560605227947235,1.0675873554741544,6
24,4,276,2,False,True,2.41890549659729,2.672211267054081,0.9052074311713976,2
24,4,277,7,False,True,3.757961094379425,3.4349109046161175,1.0940490739742816,7
24,4,278,5,False,True,3.0645611695945263,3.1692557968199253,0.9669655484008419,5
24,4,279,6,False,True,3.2894103787839413,3.492860123515129,0.9417526790261384,6
24,4,280,6,False,True,3.3258111216127872,3.066409844905138,1.0845944573060402,6
24,4,281,3,False,True,2.666756045073271,3.7085101939737797,0.719090930208759,3
24,4,282,3,False,True,2.8348062187433243,3.4556607715785503,0.8203369503333456,3
24,4,283,7,False,True,3.476461861282587,3.0020601116120815,1.1580253999030539,7
24,4,284,4,False,True,3.012509550899267,3.2585556618869305,0.9244922792433794,4
24,4,285,9,False,True,4.447214305400848,4.036461468786001,1.1017606237025184,9
24,4,286,1,False,True,2.1395040675997734,2.8337561525404453,0.7550064128424462,1
24,4,287,5,False,True,3.0900095589458942,3.579410258680582,0.8632733706487483,5
24,4,288,9,False,True,4.612964112311602,4.033560398966074,1.1436457263647388,9
24,4,289,7,False,True,4.386459477245808,4.034161102026701,1.0873287819472846,7
24,4,290,3,False,True,3.0437111854553223,3.1613558530807495,0.9627866418420494,3
24,4,291,6,False,True,3.71451023966074,3.4773582592606544,1.068198892009047,6
24,4,292,5,False,True,3.409010823816061,3.701259847730398,0.9210406629262889,5
24,4,293,4,False,True,3.1697540543973446,3.3579091541469097,0.9439665901868728,4
24,4,294,4,False,True,3.041608724743128,3.4042098559439182,0.8934844952147498,4
24,4,295,5,False,True,3.2584602013230324,3.3476599492132664,0.9733545971683304,5
24,4,296,8,False,True,3.9389613084495068,3.460361622273922,1.1383091533251604,8
24,4,297,9,False,True,3.879410214722156,3.382810391485691,1.1468009630354612,9
24,4,298,5,False,True,3.068509977310896,3.1644105911254883,0.9696940042851762,5
24,4,299,5,False,True,3.5293609835207462,3.6035594530403614,0.9794096724401167,5
24,5,0,7,False,True,3.9861630648374553,4.133561160415411,0.9643411359218542,7
24,5,1,2,False,True,2.1871551871299744,2.7609593234956264,0.7921721875861744,2
24,5,2,8,False,True,4.3837097473442554,4.011665005236864,1.0927407302508363,8
24,5,3,14,False,True,22.29786477982998,21.595810540020466,1.032508816397907,14
24,5,4,10,False,True,6.537069566547871,6.273468025028706,1.0420184721540777,10
24,5,5,6,False,True,3.9582094177603726,3.745914436876774,1.056673740006887,6
24,5,6,10,False,True,5.188265349715948,4.257310647517443,1.2186720160393678,10
24,5,7,2,False,True,2.600960433483124,3.0758604407310486,0.8456041760025191,2
24,5,8,8,False,True,4.307760391384363,3.759111277759075,1.1459518149599326,8
24,5,9,7,False,True,4.166613798588514,4.208015743643045,0.9901611715409867,7
24,5,10,2,False,True,2.412560861557722,2.926455345004797,0.824396950281764,2
24,5,11,6,False,True,3.726561553776264,3.5053095780313015,1.0631190971352735,6
24,5,12,12,False,True,9.121024049818516,8.77472572028637,1.0394654306665718,12
24,5,13,8,False,True,3.3841608092188835,3.367708995938301,1.0048851647515935,8
24,5,14,6,False,True,3.8251094520092015,3.5570096224546432,1.0753722531033094,6
24,5,15,15,False,True,28.356078546494246,27.026173193007708,1.0492080526528489,15
24,5,16,2,False,True,2.455704379826784,3.0138599686324596,0.8148037418410853,2
24,5,17,9,False,True,4.202858544886112,3.6924099549651146,1.1382426643159185,9
24,5,18,9,False,True,4.881916102021933,5.4397666826844215,0.897449539069716,9
24,5,19,11,False,True,7.853773422539233,7.2371214628219604,1.0852067998146908,11
24,5,20,7,False,True,4.156059585511684,3.8331141695380206,1.0842514471758053,7
24,5,21,10,False,True,5.154167301952839,4.307259805500507,1.1966232673893513,10
24,5,22,6,False,True,3.8640643469989295,3.6959093995392323,1.0454975837558846,6
24,5,23,10,False,True,5.567064508795738,4.8866658471524715,1.139235765842214,10
24,5,24,8,False,True,4.195158835500479,3.9273104630410667,1.0682014765524819,8
24,5,25,5,False,True,2.9066111892461777,3.1201611272990704,0.9315580416073738,5
24,5,26,3,False,True,3.2150116749107838,3.147060051560402,1.0215920961904394,3
24,5,27,11,False,True,4.33226116001606,4.547215066850185,0.9527284494632399,11
24,5,28,9,False,True,4.416857846081257,5.43276546522975,0.81300359353806,9
24,5,29,11,False,True,5.7425652630627155,5.3081149235367775,1.0818464456373271,11
24,5,30,8,False,True,4.477959591895342,4.081015940755606,1.0972658908718307,8
24,5,31,7,False,True,4.369460511952639,4.08730935305357,1.0690310261659735,7
24,5,32,5,False,True,3.407360054552555,3.3021043054759502,1.0318753556336961,5
24,5,33,11,False,True,6.473415996879339,5.713414866477251,1.1330204699226902,11
24,5,34,3,False,True,2.982055302709341,3.2298103906214237,0.9232911354079786,3
24,5,35,10,False,True,6.141865160316229,5.334864836186171,1.1512691228194214,10
24,5,36,2,False,True,2.2332067601382732,3.12041025608778,0.7156772914014711,2
24,5,37,11,False,True,6.809069309383631,5.908515304327011,1.1524162938864038,11
24,5,38,6,False,True,3.9607658982276917,3.639860078692436,1.0881643284624656,6
24,5,39,8,False,True,4.807759542018175,4.120960365980864,1.1666599809371963,8
24,5,40,6,False,True,3.847810439765454,3.443609457463026,1.1173771263249492,6
24,5,41,7,False,True,4.106210544705391,3.618909977376461,1.1346539622083112,7
24,5,42,9,False,True,5.0437613390386105,4.885816015303135,1.0323273171238472,9
24,5,43,5,False,True,3.1484547071158886,3.3905101008713245,0.928607971498675,5
24,5,44,3,False,True,2.4736113846302032,2.807455603033304,0.8810865546573915,3
24,5,45,11,False,True,5.906270816922188,5.306515377014875,1.1130224633862644,11
24,5,46,4,False,True,3.1639612279832363,3.0869594775140285,1.0249442051410464,4
24,5,47,9,False,True,4.179314710199833,3.8241641595959663,1.0928701111621184,9
24,5,48,9,False,True,4.985213745385408,4.759659059345722,1.047388832525053,9
24,5,49,7,False,True,3.7562591023743153,3.5733100958168507,1.0511987489615404,7
24,5,50,9,False,True,4.453966394066811,4.3761590495705605,1.0177798255536177,9
24,5,51,11,False,True,7.291720248758793,7.204820867627859,1.0120612826782944,11
24,5,52,7,False,True,4.503759555518627,4.046161193400621,1.113094446870866,7
24,5,53,13,False,True,14.596839901059866,13.490337878465652,1.0820218168412594,13
24,5,54,7,False,True,4.234460648149252,4.182015545666218,1.0125406282952205,7
24,5,55,10,False,True,5.5298651568591595,5.343614611774683,1.034854786247884,10
24,5,56,13,False,True,15.785996802151203,14.628446660935879,1.07913007908806,13
24,5,57,7,False,True,4.634109791368246,4.558260552585125,1.0166399524353877,7
24,5,58,14,False,True,17.56190089508891,16.345344483852386,1.0744283127491356,14
24,5,59,13,False,True,10.276581160724163,9.055428672581911,1.1348530845193079,13
24,5,60,7,False,True,3.956013824790716,3.964661154896021,0.9978188980678396,7
24,5,61,8,False,True,4.429258406162262,4.0230597369372845,1.1009675957569083,8
24,5,62,11,False,True,6.383717991411686,5.508470349013805,1.1588912324007659,11
24,5,63,7,False,True,4.236064851284027,4.039916675537825,1.0485525300395186,7
24,5,64,2,False,True,2.172959502786398,3.081909380853176,0.7050692393119131,2
24,5,65,11,False,True,7.006870582699776,6.248115096241236,1.1214375015138558,11
24,5,66,4,False,True,3.2986048609018326,3.7458096630871296,0.8806119791423863,4
24,5,67,12,False,True,6.336318328976631,5.785864777863026,1.0951376453213468,12
24,5,68,8,False,True,4.758259747177362,4.3464102782309055,1.0947562338993202,8
24,5,69,8,False,True,5.431114695966244,4.980666562914848,1.0904393272188408,8
24,5,70,12,False,True,10.675529483705759,9.944778867065907,1.0734808311384256,12
24,5,71,4,False,True,2.980006393045187,3.6360113881528378,0.8195811494856419,4
24,5,72,8,False,True,4.895965103060007,4.423758946359158,1.1067431933852283,8
24,5,73,6,False,True,5.0190649926662445,4.759666044265032,1.054499401006036,6
24,5,74,9,False,True,4.330365918576717,4.413509741425514,0.9811615182202039,9
24,5,75,4,False,True,2.810009755194187,3.74385854229331,0.7505651518213903,4
24,5,76,12,False,True,7.810075767338275,8.606074843555689,0.9075073026103805,12
24,5,77,10,False,True,5.994567181915045,5.874719936400652,1.020400503651553,10
24,5,78,7,False,True,3.5970588214695454,3.3109611831605434,1.0864092396383522,7
24,5,79,8,False,True,3.194559831172228,3.4070108085870743,0.937642998701565,8
24,5,80,3,False,True,2.5694607757031918,2.9156100936233997,0.8812772261019209,3
24,5,81,4,False,True,3.0479556880891323,3.4279096871614456,0.8891586903542542,4
24,5,82,13,False,True,12.379235122352839,11.155134998261929,1.1097342277150062,13
24,5,83,7,False,True,3.9746100082993507,3.8437102921307087,1.0340555625216175,7
24,5,84,10,False,True,5.819315556436777,5.233315750956535,1.1119748613244163,10
24,5,85,7,False,True,4.255559761077166,3.994859289377928,1.0652589873171312,7
24,5,86,11,False,True,6.428069900721312,6.316720973700285,1.017627646920709,11
24,5,87,15,False,True,28.058080933988094,26.81032521650195,1.0465401186822658,15
24,5,88,9,False,True,5.928464233875275,5.594119429588318,1.0597671909753206,9
24,5,89,13,False,True,13.731138315051794,13.32464162260294,1.030507138875638,13
24,5,90,11,False,True,6.209562998265028,6.2453653663396835,0.9942673701257547,11
24,5,91,12,False,True,10.418829042464495,10.69273566827178,0.9743838588828078,12
24,5,92,12,False,True,10.399979073554277,9.957279544323683,1.0444598875887705,12
24,5,93,8,False,True,5.456316284835339,4.903965163975954,1.1126335735247268,8
24,5,94,12,False,True,9.494423866271973,8.886123541742563,1.0684550829922541,12
24,5,95,12,False,True,7.143120747059584,7.560725789517164,0.9447665403979358,12
24,5,96,9,False,True,6.4007192850112915,5.841620732098818,1.095709492031948,9
24,5,97,10,False,True,5.31741650775075,5.500519182533026,0.966711746890417,10
24,5,98,10,False,True,4.744764883071184,4.331509117037058,1.0954068789578841,10
24,5,99,14,False,True,21.385608706623316,22.922165226191282,0.9329663448280066,14
24,5,100,13,False,True,13.30668805167079,12.580433394759893,1.0577289060020303,13
24,5,101,8,False,True,3.867708146572113,3.6302581429481506,1.0654085726893041,8
24,5,102,12,False,True,6.710269954055548,7.005371153354645,0.9578750086413648,12
24,5,103,14,False,True,14.519388787448406,17.629850190132856,0.8235684722706648,14
24,5,104,10,False,True,5.548363551497459,4.610959440469742,1.203299144815774,10
24,5,105,10,False,True,5.061915144324303,4.659267142415047,1.086418741317449,10
24,5,106,11,False,True,6.332921329885721,6.2211649492383,1.0179638992952764,11
24,5,107,14,False,True,15.084089245647192,17.20394939184189,0.8767806102010546,14
24,5,108,8,False,True,4.538209177553654,4.194364883005619,1.0819776781798824,8
24,5,109,11,False,True,6.003314629197121,5.481315311044455,1.095232492299955,11
24,5,110,9,False,True,4.248009063303471,4.071157891303301,1.0434400179806227,9
24,5,111,7,False,True,4.5350100845098495,4.255413077771664,1.065703846284318,7
24,5,112,12,False,True,8.150769863277674,7.551119197160006,1.079412157384987,12
24,5,113,4,False,True,2.6760553009808064,3.285459242761135,0.8145148374240129,4
24,5,114,3,False,True,2.3998552933335304,2.842710819095373,0.8442136559276292,3
24,5,115,5,False,True,3.489009104669094,3.2681110315024853,1.0675919731726657,5
24,5,116,9,False,True,4.39091119915247,4.265164025127888,1.0294823770630512,9
24,5,117,9,False,True,5.002415273338556,4.619513638317585,1.0828878676415,9
24,5,118,12,False,True,7.853920105844736,7.139020599424839,1.1001397175513814,12
24,5,119,8,False,True,3.909911029040813,3.8911146111786366,1.0048305999027058,8
24,5,120,7,False,True,3.7458096630871296,3.52795934304595,1.061749668535889,7
24,5,121,7,False,True,3.4892605617642403,3.206259571015835,1.0882651527364462,7
24,5,122,9,False,True,4.471964202821255,4.174259956926107,1.0713190479191848,9
24,5,123,5,False,True,3.3577089197933674,3.547258675098419,0.9465644395669023,5
24,5,124,12,False,True,9.895979892462492,9.206079412251711,1.0749396620772835,12
24,5,125,8,False,True,4.590314347296953,4.62336465716362,0.9928514594202607,8
24,5,126,12,False,True,10.298029519617558,9.423175361007452,1.092840695953744,12
24,5,127,10,False,True,5.932019557803869,5.425065755844116,1.0934465727744664,10
24,5,128,14,False,True,21.964164916425943,20.643656607717276,1.0639667832982176,14
24,5,129,10,False,True,4.832565318793058,4.1711097583174706,1.1585802337511262,10
24,5,130,9,False,True,4.521859809756279,4.106410779058933,1.1011708406806184,9
24,5,131,14,False,True,22.378466092050076,24.50707135722041,0.9131432216382235,14
24,5,132,2,False,True,2.1990551613271236,2.6944559067487717,0.8161407116810397,2
24,5,133,1,False,True,1.8988549709320068,2.9685604386031628,0.639655149425053,1
24,5,134,11,False,True,7.107318378984928,6.944218184798956,1.0234871932081573,11
24,5,135,6,False,True,3.3128028735518456,3.419660497456789,0.9687519787463071,6
24,5,136,7,False,True,4.205815494060516,4.251066129654646,0.989355461850271,7
24,5,137,9,False,True,5.719515029340982,5.050061736255884,1.1325633879441306,9
24,5,138,10,False,True,5.583965685218573,4.911264404654503,1.1369710985070438,10
24,5,139,10,False,True,5.558463744819164,5.0255656242370605,1.1060374414398386,10
24,5,140,12,False,True,8.803124073892832,8.075474761426449,1.0901060722698428,12
24,5,141,7,False,True,3.9698602631688114,3.6997580900788307,1.0730053604894545,7
24,5,142,2,False,True,2.54766084253788,3.038009162992239,0.8385955097082728,2
24,5,143,11,False,True,6.659668870270252,5.840319208800793,1.1402919313442286,11
24,5,144,10,False,True,4.8476154915988445,4.708315245807171,1.0295860065690636,10
24,5,145,9,False,True,5.17846317961812,4.601210821419954,1.125456620138093,9
24,5,146,5,False,True,3.601259086281061,3.4149596467614174,1.0545539212143609,5
24,5,147,11,False,True,6.170414853841066,5.578817799687386,1.1060434442198186,11
24,5,148,12,False,True,8.39687418192625,8.427174761891365,0.9964044201264062,12
24,5,149,15,False,True,23.75321462750435,22.856865543872118,1.0392157481922337,15
24,5,150,7,False,True,4.331259988248348,3.901110030710697,1.1102634773567992,7
24,5,151,10,False,True,5.0587160512804985,4.895010497421026,1.0334433509275867,10
24,5,152,11,False,True,7.566418498754501,6.488871295005083,1.1660608069971858,11
24,5,153,15,False,True,38.57941133901477,37.372803781181574,1.032285711419938,15
24,5,154,5,False,True,3.4268596209585667,3.3417600207030773,1.0254655031265785,5
24,5,155,11,False,True,6.547369994223118,5.808663554489613,1.1271732185560217,11
24,5,156,13,False,True,15.739295631647108,16.21609553694725,0.9705971203602133,13
24,5,157,8,False,True,4.260560963302851,4.234809894114733,1.006080808780556,8
24,5,158,11,False,True,6.249218713492155,5.648469086736441,1.1063561856373394,11
24,5,159,12,False,True,8.38287640362978,8.335825987160206,1.0056443616435908,12
24,5,160,12,False,True,8.46512382850051,7.684871088713407,1.1015310121379969,12
24,5,161,4,False,True,2.850110176950693,3.1130085699260235,0.9155484519011209,4
24,5,162,11,False,True,5.849865265190601,5.379815120249987,1.0873729179226466,11
24,5,163,7,False,True,4.574409686028957,4.173058550804853,1.0961767323266278,7
24,5,164,12,False,True,7.595971692353487,7.423521019518375,1.0232303070714952,12
24,5,165,6,False,True,3.7173600867390633,3.4468108788132668,1.0784926175058802,6
24,5,166,12,False,True,6.077818106859922,5.7464721612632275,1.0576607588618085,12
24,5,167,12,False,True,11.130881030112505,10.094030294567347,1.1027192018735268,12
24,5,168,10,False,True,4.570260643959045,4.196208901703358,1.0891404005419867,10
24,5,169,10,False,True,4.612959455698729,4.817461594939232,0.9575498143139669,10
24,5,170,8,False,True,3.492310643196106,3.409460186958313,1.0243001682655537,8
24,5,171,4,False,True,2.815511543303728,3.4608598798513412,0.8135294814145051,4
24,5,172,10,False,True,4.716315306723118,4.546609707176685,1.0373257461001233,10
24,5,173,8,False,True,4.005408845841885,4.004158545285463,1.0003122505121316,8
24,5,174,9,False,True,4.651416093111038,3.966761287301779,1.1725979347436273,9
24,5,175,11,False,True,6.197714246809483,5.442164838314056,1.1388325107641337,11
24,5,176,10,False,True,5.307265091687441,5.284363869577646,1.0043337708520865,10
24,5,177,8,False,True,3.952211700379848,3.5798107273876667,1.1040281180630847,8
24,5,178,7,False,True,3.8932613097131252,3.6371592432260513,1.0704126625646226,7
24,5,179,11,False,True,6.978570017963648,6.756719667464495,1.0328340321069447,11
24,5,180,10,False,True,4.821764305233955,4.299008287489414,1.1215992114427455,10
24,5,181,14,False,True,16.59260131418705,15.984801575541496,1.038023602343338,14
24,5,182,11,False,True,5.905614234507084,6.649421993643045,0.8881394864324968,11
24,5,183,5,False,True,3.2051606103777885,3.5319593735039234,0.9074738046032703,5
24,5,184,4,False,True,2.872459590435028,3.200455103069544,0.8975159775495877,4
24,5,185,11,False,True,6.370970513671637,5.705815274268389,1.1165749691201727,11
24,5,186,6,False,True,4.080263897776604,3.858010750263929,1.0576082240044227,6
24,5,187,10,False,True,5.444963462650776,5.4145697504282,1.0056133199170945,10
24,5,188,0,False,True,1.891106367111206,4.440015181899071,0.4259234010777295,0
24,5,189,8,False,True,3.585163503885269,4.184411372989416,0.8567904023556762,8
24,5,190,7,False,True,4.57406509667635,4.8928637988865376,0.9348441494973279,7
24,5,191,8,False,True,3.507658839225769,4.067360423505306,0.8623919382592657,8
24,5,192,3,False,True,2.771459985524416,3.2787094824016094,0.8452898923799615,3
24,5,193,14,False,True,23.241115268319845,21.915766410529613,1.0604746753074288,14
24,5,194,11,False,True,7.315969560295343,6.7581189796328545,1.082545244075119,11
24,5,195,15,False,True,27.14627655223012,29.753337148576975,0.9123775399267593,15
24,5,196,3,False,True,2.611204981803894,3.0053104273974895,0.868863648160673,3
24,5,197,11,False,True,5.8738188818097115,5.208016373217106,1.1278418616378745,11
24,5,198,10,False,True,5.135415121912956,4.710466600954533,1.0902136788046246,10
24,5,199,10,False,True,5.035263020545244,5.2868155762553215,0.9524188895788468,10
24,5,200,8,False,True,4.140161909162998,3.9393152110278606,1.0509851807676827,8
24,5,201,9,False,True,5.18756452947855,4.556113854050636,1.1385941387014549,9
24,5,202,12,False,True,9.61777986958623,9.285623673349619,1.0357710163497065,12
24,5,203,2,False,True,2.612804528325796,3.2419594936072826,0.805933736518887,2
24,5,204,9,False,True,4.5671663247048855,4.168208688497543,1.0957144101993486,9
24,5,205,9,False,True,5.248563829809427,4.874863661825657,1.0766585886104183,9
24,5,206,8,False,True,3.815260715782642,3.7013646215200424,1.0307713791828015,8
24,5,207,5,False,True,3.433811943978071,3.52650647982955,0.9737149112353372,5
24,5,208,2,False,True,2.4000555276870728,3.296260256320238,0.7281146939429963,2
24,5,209,2,False,True,2.214603591710329,3.065259661525488,0.7224848255133424,2
24,5,210,14,False,True,24.281321093440056,23.329416289925575,1.040802769845791,14
24,5,211,14,False,True,20.156910177320242,22.479610051959753,0.8966752595231509,14
24,5,212,2,False,True,2.6179547421634197,3.194210585206747,0.8195936593184795,2
24,5,213,4,False,True,2.8311042115092278,3.309359308332205,0.8554840824872534,4
24,5,214,7,False,True,3.6504119634628296,3.4401100128889084,1.061132332915515,7
24,5,215,12,False,True,8.474269416183233,8.293874561786652,1.021750371681257,12
24,5,216,10,False,True,5.113114602863789,5.502165295183659,0.9292913477789504,10
24,5,217,14,False,True,17.713250126689672,17.18430081382394,1.0307809621465787,14
24,5,218,2,False,True,2.7584098279476166,3.0199112370610237,0.9134075843342004,2
24,5,219,5,False,True,2.9176613315939903,3.288860898464918,0.8871343062747999,5
24,5,220,12,False,True,8.171375375241041,7.71466875448823,1.0591997706300882,12
24,5,221,10,False,True,5.784863606095314,5.131412763148546,1.1273432625883366,10
24,5,222,10,False,True,5.025265272706747,5.084413569420576,0.9883667416298376,10
24,5,223,10,False,True,4.926263354718685,4.343665204942226,1.1341259333508433,10
24,5,224,11,False,True,5.634163971990347,5.226766224950552,1.0779445128222946,11
24,5,225,7,False,True,3.4275115467607975,3.939061425626278,0.8701340691116163,7
24,5,226,10,False,True,5.366364493966103,4.613760393112898,1.1631216267703541,10
24,5,227,11,False,True,6.26677181571722,6.4291199669241905,0.9747479978531742,11
24,5,228,10,False,True,5.036613438278437,4.599608946591616,1.0950090533262937,10
24,5,229,8,False,True,3.6374107003211975,3.528958186507225,1.030732161754887,8
24,5,230,3,False,True,3.2076588831841946,3.4064101055264473,0.9416537597690292,3
24,5,231,7,False,True,3.530660178512335,3.6731106229126453,0.9612180358762643,7
24,5,232,11,False,True,7.16442009434104,6.340863183140755,1.129880883314117,11
24,5,233,14,False,True,20.28045943006873,19.315003883093596,1.0499847451659172,14
24,5,234,7,False,True,3.813158255070448,3.3734599128365517,1.1303404675303164,7
24,5,235,10,False,True,5.385018885135651,4.875215236097574,1.1045704906038476,10
24,5,236,10,False,True,5.427766591310501,5.210265517234802,1.0417447197952268,10
24,5,237,9,False,True,4.466616082936525,4.2084092274308205,1.0613549779861444,9
24,5,238,9,False,True,4.360161256045103,3.776960074901581,1.1544102054504028,9
24,5,239,8,False,True,4.627564921975136,4.156413488090038,1.1133552846065855,8
24,5,240,15,False,True,24.8682196252048,23.56281504034996,1.055401045359793,15
24,5,241,11,False,True,8.991374634206295,7.799623999744653,1.1527959084310548,11
24,5,242,10,False,True,5.133913364261389,4.8377132043242455,1.06122730873595,10
24,5,243,13,False,True,12.860139831900597,11.703181080520153,1.098858485006798,13
24,5,244,11,False,True,5.334666930139065,5.252615083009005,1.015621142199336,11
24,5,245,15,False,True,47.627685125917196,46.56248493120074,1.022876790108826,15
24,5,246,11,False,True,7.049920968711376,6.210515275597572,1.135158784072556,11
24,5,247,9,False,True,5.221159663051367,5.241665057837963,0.9960879997938948,9
24,5,248,9,False,True,4.786516074091196,4.327660426497459,1.1060285702603303,9
24,5,249,11,False,True,7.018770556896925,6.904969923198223,1.0164809745682415,11
24,5,250,11,False,True,5.9727695770561695,5.712565034627914,1.045549510745343,11
24,5,251,9,False,True,4.486264660954475,3.90280969440937,1.1494961354074944,9
24,5,252,10,False,True,5.888165906071663,6.036115810275078,0.9754892204103234,10
24,5,253,7,False,True,3.4824595786631107,3.3016595989465714,1.054760333189474,7
24,5,254,11,False,True,6.46546483039856,5.721969064325094,1.1299370474945343,11
24,5,255,11,False,True,5.609113723039627,5.761869251728058,0.9734885465089966,11
24,5,256,5,False,True,3.4731091000139713,3.458161372691393,1.0043224493340936,5
24,5,257,13,False,True,15.275646001100538,14.813293237239122,1.0312120172372683,13
24,5,258,6,False,True,3.1021609902381897,3.2937107607722282,0.9418437791152224,6
24,5,259,11,False,True,4.675509408116341,5.459163803607225,0.8564515695658238,11
24,5,260,8,False,True,4.675264935940504,4.636659286916256,1.0083261776713217,8
24,5,261,3,False,True,2.7528544887900352,2.88686016574502,0.9535808216327647,3
24,5,262,10,False,True,4.298263229429722,4.937115591019392,0.8706021056602884,10
24,5,263,10,False,True,5.4848636500537395,5.095815286040306,1.0763466378146023,10
24,5,264,8,False,True,5.536915268748999,5.165466573089361,1.0719099989137053,8
24,5,265,7,False,True,4.168208688497543,4.249310586601496,0.9809141044291573,7
24,5,266,8,False,True,4.741766024380922,4.325860645622015,1.0961439613594173,8
24,5,267,12,False,True,9.64777311310172,9.543925989419222,1.010880964898264,12
24,5,268,12,False,True,9.36978030949831,8.961025159806013,1.0456147753636198,12
24,5,269,11,False,True,6.286469288170338,6.0973200015723705,1.0310217089720057,11
24,5,270,7,False,True,3.9354129694402222,4.163209814578295,0.9452833618088626,7
24,5,271,12,False,True,7.140717934817076,6.671519950032234,1.070328499097507,12
24,5,272,8,False,True,4.328165668994188,4.1069649159908295,1.0538599081141633,8
24,5,273,9,False,True,5.668019875884056,5.566463805735111,1.018244270275199,9
24,5,274,13,False,True,9.915831033140421,10.674628429114819,0.9289158024550256,13
24,5,275,10,False,True,7.385974749922752,6.704619154334068,1.1016248022303006,10
24,5,276,2,False,True,2.375559415668249,3.5079102963209152,0.6772007306343404,2
24,5,277,7,False,True,3.6901095882058144,3.9903144352138042,0.9247666188010809,7
24,5,278,10,False,True,5.685416981577873,5.325216334313154,1.0676405660637218,10
24,5,279,11,False,True,6.311819888651371,6.263614632189274,1.0076960763541176,11
24,5,280,16,False,True,55.386649910360575,55.49467168748379,0.9980534747960753,16
24,5,281,4,False,True,3.1218607909977436,3.1087594106793404,1.0042143435974482,4
24,5,282,8,False,True,4.3581100180745125,4.005208611488342,1.0881106181520546,8
24,5,283,10,False,True,5.609770305454731,5.662664771080017,0.9906590858255595,10
24,5,284,12,False,True,7.92211852967739,7.246870081871748,1.093177943053622,12
24,5,285,2,False,True,2.7269101701676846,3.369459882378578,0.8093018659841401,2
24,5,286,11,False,True,7.011571433395147,7.5597199611365795,0.9274908950914341,11
24,5,287,13,False,True,17.44119916111231,16.282401047647,1.0711687490115451,13
24,5,288,13,False,True,9.993724524974823,10.613829363137484,0.9415757671480639,13
24,5,289,5,False,True,3.079709131270647,3.8026669062674046,0.8098813825094153,5
24,5,290,13,False,True,8.611967787146568,8.97437334060669,0.9596177315445157,13
24,5,291,7,False,True,4.289459902793169,4.280915018171072,1.0019960416373197,7
24,5,292,11,False,True,6.496068090200424,5.963966250419617,1.0892194585680912,11
24,5,293,10,False,True,5.8826664462685585,5.364564713090658,1.0965785223754732,10
24,5,294,5,False,True,3.515360876917839,3.4489110112190247,1.0192669122174096,5
24,5,295,4,False,True,3.829114139080047,3.9097107946872716,0.9793855198403054,4
24,5,296,8,False,True,4.998466465622187,4.590966273099184,1.088761312604441,8
24,5,297,11,False,True,7.220569532364607,6.299819797277451,1.1461549321593405,11
24,5,298,11,False,True,6.027063354849815,5.62962144613266,1.0705983364103786,11
24,5,299,9,False,True,4.899764899164438,4.423358477652073,1.107702422021478,9
24,6,0,8,False,True,6.846222095191479,6.078470032662153,1.1263067940458493,8
24,6,1,20,True,,,,,
24,6,2,18,True,,,,,
24,6,3,14,False,True,28.660735115408897,27.29377942159772,1.0500830490602375,14
24,6,4,12,False,True,7.477118633687496,6.791821215301752,1.1009003913179858,12
24,6,5,7,False,True,5.047360900789499,5.8535137213766575,0.8622788193622679,7
24,6,6,13,False,True,12.627283576875925,11.452985927462578,1.1025320084081789,13
24,6,7,0,False,True,1.8864544108510017,7.443670183420181,0.2534306819575156,0
24,6,8,6,False,True,4.470616113394499,3.9993599057197566,1.117832907961288,6
24,6,9,6,False,True,4.004610236734152,4.18670941144228,0.9565054182622632,6
24,6,10,19,True,,,,,
24,6,11,19,True,,,,,
24,6,12,12,False,True,12.194886803627014,12.61173514649272,0.9669475819128956,12
24,6,13,5,False,True,3.287659492343664,3.637161571532488,0.9039080138962416,5
24,6,14,8,False,True,4.480066709220409,4.32595843449235,1.0356240766206402,8
24,6,15,5,False,True,3.733159974217415,4.476115573197603,0.834017780186707,5
24,6,16,14,False,True,31.957090832293034,30.582239851355553,1.0449558628674656,14
24,6,17,14,False,True,18.166806548833847,17.188701312988997,1.056903963716312,14
24,6,18,18,True,,,,,
24,6,19,8,False,True,4.660263657569885,4.380559548735619,1.0638512285296975,8
24,6,20,15,False,True,50.764367915689945,53.25790261849761,0.9531800055914781,15
24,6,21,14,False,True,22.169509902596474,23.7902719527483,0.9318729078267391,14
24,6,22,16,False,True,73.5999783501029,71.75245555117726,1.02574856546349,16
24,6,23,17,True,,,,,
24,6,24,11,False,True,8.424425031989813,8.51937336847186,0.9888550093562716,11
24,6,25,12,False,True,12.514535337686539,12.412983924150467,1.0081810638083963,12
24,6,26,17,True,,,,,
24,6,27,13,False,True,13.782489113509655,14.543095603585243,0.947699821908062,13
24,6,28,16,False,True,101.99601529166102,114.24006661400199,0.8928217420976166,16
24,6,29,9,False,True,4.811559338122606,5.61451306566596,0.8569860434641072,9
24,6,30,11,False,True,7.201968692243099,7.658475078642368,0.9403919994892515,11
24,6,31,16,False,True,84.91225307807326,91.35324507951736,0.9294935610022653,16
24,6,32,12,False,True,8.3234254270792,8.407526183873415,0.9899969676032019,12
24,6,33,9,False,True,4.90136444568634,4.751316737383604,1.0315802369314075,9
24,6,34,18,True,,,,,
24,6,35,17,True,,,,,
24,6,36,15,False,True,39.07296573743224,37.36730432137847,1.0456458245257454,15
24,6,37,19,True,,,,,
24,6,38,10,False,True,5.6484155356884,5.415214691311121,1.043064007185432,10
24,6,39,16,False,True,103.84154738858342,108.6773001588881,0.9555035617996148,16
24,6,40,15,False,True,46.09713098034263,52.16615041717887,0.8836598179412977,15
24,6,41,19,True,,,,,
24,6,42,17,True,,,,,
24,6,43,12,False,True,9.568075183779001,8.75107478350401,1.0933600066834142,12
24,6,44,15,False,True,55.179407354444265,53.90414735302329,1.0236579199197637,15
24,6,45,14,False,True,23.032014723867178,26.460376102477312,0.87043414026571,14
24,6,46,13,False,True,18.61325465142727,18.253650050610304,1.0197004215496583,13
24,6,47,12,False,True,14.649990480393171,14.889095909893513,0.9839409034002219,12
24,6,48,7,False,True,3.3583096228539944,4.011911805719137,0.8370846084070425,7
24,6,49,15,False,True,46.969528775662184,46.21258471161127,1.016379608904687,15
24,6,50,9,False,True,5.724870134145021,5.152116063982248,1.1111687048680483,9
24,6,51,17,True,,,,,
24,6,52,14,False,True,27.291129808872938,31.34623635560274,0.8706349782880711,14
24,6,53,12,False,True,9.33037605136633,8.448376320302486,1.1043987267641344,12
24,6,54,17,True,,,,,
24,6,55,15,False,True,55.60264689847827,54.1539047844708,1.026752311209568,15
24,6,56,15,False,True,46.4346818625927,57.83976521342993,0.8028158774719739,15
24,6,57,5,False,True,3.3985101617872715,3.531910479068756,0.9622299834403907,5
24,6,58,11,False,True,6.079713348299265,5.685214418917894,1.069390334350214,11
24,6,59,18,True,,,,,
24,6,60,19,True,,,,,
24,6,61,16,False,True,96.31651919335127,105.58954672887921,0.9121785458617587,16
24,6,62,13,False,True,14.464838895946741,19.313355442136526,0.7489552470198093,13
24,6,63,12,False,True,12.236135080456734,12.17288663610816,1.0051958460009773,12
24,6,64,19,True,,,,,
24,6,65,2,False,True,2.420954406261444,2.9614591039717197,0.817487029624895,2
24,6,66,8,False,True,4.427260719239712,4.296714905649424,1.0303827031713562,8
24,6,67,5,False,True,3.3826101571321487,4.283366724848747,0.7897082772551057,5
24,6,68,16,False,True,73.77220317721367,82.95675506815314,0.8892850632429643,16
24,6,69,11,False,True,8.474974893033504,7.7145243994891635,1.0985738658879212,11
24,6,70,3,False,True,2.6466092094779015,3.112305421382189,0.8503693729076661,3
24,6,71,18,True,,,,,
24,6,72,18,True,,,,,
24,6,73,19,True,,,,,
24,6,74,19,True,,,,,
24,6,75,20,True,,,,,
24,6,76,12,False,True,10.100780054926872,9.088425431400537,1.1113894404666231,12
24,6,77,10,False,True,4.793815314769745,4.899159539490938,0.978497490462999,10
24,6,78,10,False,True,5.5298698134720325,5.444665439426899,1.0156491477746523,10
24,6,79,18,True,,,,,
24,6,80,19,True,,,,,
24,6,81,12,False,True,8.505925070494413,9.890678338706493,0.85999410548082,12
24,6,82,18,True,,,,,
24,6,83,10,False,True,5.093563813716173,6.642618682235479,0.7668005732946884,10
24,6,84,16,False,True,79.675717279315,78.1544717028737,1.0194646005954047,16
24,6,85,8,False,True,4.482159856706858,4.5214151032269,0.9913179290943611,8
24,6,86,15,False,True,34.38069950789213,40.01371096819639,0.8592229682275289,15
24,6,87,10,False,True,5.82786975428462,5.820766091346741,1.0012204,10
24,6,88,10,False,True,5.240666214376688,4.7965580597519875,1.0925889250358962,10
24,6,89,7,False,True,5.052664782851934,4.548358265310526,1.1108766038479554,7
24,6,90,9,False,True,4.8042647540569305,4.748615901917219,1.0117189625964997,9
24,6,91,12,False,True,8.70098127052188,8.649826049804688,1.0059140172788037,12
24,6,92,8,False,True,5.147815681993961,4.775163251906633,1.078039725644675,8
24,6,93,16,False,True,116.53460096567869,115.74783129617572,1.006797273527223,16
24,6,94,16,False,True,71.31219608709216,69.88620152696967,1.0204045223372482,16
24,6,95,8,False,True,4.3180095963180065,5.549415946006775,0.7781016305734194,8
24,6,96,14,False,True,18.72000517323613,17.162200529128313,1.090769516500163,14
24,6,97,16,False,True,135.2918683551252,133.08487832546234,1.0165833268019047,16
24,6,98,11,False,True,6.249567959457636,5.999463610351086,1.041687785000485,11
24,6,99,15,False,True,32.6420902274549,31.191343441605564,1.0465111991269416,15
24,6,100,18,True,,,,,
24,6,101,17,True,,,,,
24,6,102,16,False,True,78.4894684329629,77.41794688627124,1.0138407383531591,16
24,6,103,15,False,True,53.73640451580286,59.371639508754015,0.9050854071139425,15
24,6,104,17,True,,,,,
24,6,105,17,True,,,,,
24,6,106,11,False,True,6.404365412890911,6.486170459538698,0.9873877741638006,11
24,6,107,15,False,True,60.78740116208792,66.47994741797447,0.9143719801687533,15
24,6,108,11,False,True,6.638069171458483,6.406269967556,1.0361831775863974,11
24,6,109,17,True,,,,,
24,6,110,17,True,,,,,
24,6,111,9,False,True,5.740015767514706,6.075769197195768,0.9447389427109859,9
24,6,112,14,False,True,28.21148606017232,27.617078740149736,1.0215231786683663,14
24,6,113,16,False,True,79.91822203621268,80.2782247774303,0.9955155617576782,16
24,6,114,9,False,True,5.024115089327097,5.323465447872877,0.9437677652880432,9
24,6,115,16,False,True,67.48719606548548,73.71095707640052,0.9155653208455266,16
24,6,116,18,True,,,,,
24,6,117,4,False,True,3.364104777574539,3.9460603147745132,0.8525223917584168,4
24,6,118,4,False,True,3.0222604982554913,3.215610049664974,0.9398715800662374,4
24,6,119,18,True,,,,,
24,6,120,18,True,,,,,
24,6,121,11,False,True,6.485870108008385,7.187575101852417,0.9023724992225562,11
24,6,122,10,False,True,6.0658203437924385,6.3909194432199,0.9491310910244131,10
24,6,123,11,False,True,7.237275131046772,6.634064484387636,1.0909262561554398,11
24,6,124,10,False,True,6.384269800037146,6.190319545567036,1.0313312185328138,10
24,6,125,16,False,True,110.40932731702924,108.53505227714777,1.0172688454149859,16
24,6,126,19,True,,,,,
24,6,127,6,False,True,4.188865423202515,4.809759557247162,0.870909527460867,6
24,6,128,15,False,True,51.73115059733391,53.65017568692565,0.9642307771592368,15
24,6,129,9,False,True,5.872666370123625,5.4588704369962215,1.0758024829318165,9
24,6,130,19,True,,,,,
24,6,131,10,False,True,4.439265467226505,4.227159079164267,1.0501770536878337,10
24,6,132,11,False,True,8.289569523185492,8.196874987334013,1.0113085213565793,11
24,6,133,12,False,True,10.345331393182278,9.41212521865964,1.0991493581781666,12
24,6,134,19,True,,,,,
24,6,135,12,False,True,11.410736478865147,10.314630344510078,1.1062671271528859,12
24,6,136,12,False,True,7.379220332950354,10.602478869259357,0.6959901004231696,12
24,6,137,18,True,,,,,
24,6,138,14,False,True,30.940684955567125,31.825590413063765,0.9721951597437324,14
24,6,139,10,False,True,6.683669053018093,6.491770036518574,1.02956035340439,10
24,6,140,16,False,True,82.10600353777409,86.84922941029072,0.9453855157412069,16
24,6,141,8,False,True,5.767364054918289,5.843115504831076,0.9870357774289836,8
24,6,142,16,False,True,95.87102103978395,102.3818040266633,0.9364068347029346,16
24,6,143,16,False,True,104.82079815119505,112.6360846683383,0.9306147178308294,16
24,6,144,13,False,True,22.427616640925407,25.15446860343218,0.8915957237858442,13
24,6,145,11,False,True,8.279625326395035,8.138420525938272,1.0173503937289456,11
24,6,146,11,False,True,7.183870766311884,6.5391650423407555,1.0985914439835502,11
24,6,147,15,False,True,41.946819983422756,50.80209579318762,0.8256907383149275,15
24,6,148,13,False,True,15.143044292926788,13.94348917528987,1.0860297664778717,13
24,6,149,10,False,True,6.835721433162689,6.176370661705732,1.1067537567887584,10
24,6,150,16,False,True,83.25650123879313,81.70896908268332,1.0189395628592968,16
24,6,151,11,False,True,7.530674338340759,7.871021516621113,0.9567594653931961,11
24,6,152,17,True,,,,,
24,6,153,16,False,True,61.87066901475191,65.89394761249423,0.9389431238601424,16
24,6,154,18,True,,,,,
24,6,155,8,False,True,5.074364598840475,4.545215051621199,1.1164190343492193,8
24,6,156,17,True,,,,,
24,6,157,12,False,True,9.848331101238728,11.426033452153206,0.8619203805484077,12
24,6,158,14,False,True,25.82812448963523,25.71367658674717,1.0044508572121906,14
24,6,159,9,False,True,5.857816431671381,5.887213628739119,0.9950066026270507,9
24,6,160,7,False,True,3.924660850316286,3.8555660285055633,1.0179207984767684,7
24,6,161,6,False,True,3.665410913527012,3.3725611865520477,1.0868330360150886,6
24,6,162,15,False,True,55.100396275520325,55.4088968783617,0.9944322911983138,15
24,6,163,15,False,True,39.533914532512426,38.48345950245857,1.027296273350548,15
24,6,164,18,True,,,,,
24,6,165,7,False,True,3.707509022206068,4.194010980427265,0.8840007905340213,7
24,6,166,16,False,True,93.45852304250002,102.92205261066556,0.9080514882076414,16
24,6,167,12,False,True,10.886380914598703,9.734323248267174,1.1183500523815675,12
24,6,168,18,True,,,,,
24,6,169,12,False,True,10.396928992122412,10.541181545704603,0.9863153335366875,12
24,6,170,14,False,True,26.037325151264668,29.104636050760746,0.8946109171698128,14
24,6,171,14,False,True,20.578454714268446,22.03646581619978,0.9338364366549423,14
24,6,172,15,False,True,34.67790083959699,37.2632103972137,0.9306203214897978,15
24,6,173,10,False,True,5.529564805328846,5.332913715392351,1.0368749806262385,10
24,6,174,18,True,,,,,
24,6,175,14,False,True,16.06509555131197,17.23840134218335,0.9319365080565658,14
24,6,176,12,False,True,11.04043098166585,11.105085723102093,0.9941779160424002,12
24,6,177,10,False,True,4.970466252416372,4.5103649608790874,1.1020097698363658,10
24,6,178,9,False,True,5.2760145626962185,5.126516334712505,1.0291617578532688,9
24,6,179,12,False,True,10.118323843926191,10.121630039066076,0.9996733534888033,12
24,6,180,18,True,,,,,
24,6,181,9,False,True,5.3194141946733,5.138064734637737,1.0352952851708959,9
24,6,182,10,False,True,5.039663519710302,4.9812160432338715,1.0117335758917387,10
24,6,183,16,False,True,85.8757528476417,96.67776757851243,0.888267851012402,16
24,6,184,18,True,,,,,
24,6,185,14,False,True,25.135320611298084,31.988543923944235,0.7857600730767761,14
24,6,186,16,False,True,77.1424500271678,75.54295007139444,1.0211733848659827,16
24,6,187,16,False,True,73.5557172447443,80.62147535383701,0.9123588587521869,16
24,6,188,18,True,,,,,
24,6,189,19,True,,,,,
24,6,190,10,False,True,5.476865917444229,5.846268031746149,0.9368140303701423,10
24,6,191,15,False,True,67.19770608469844,69.80645703151822,0.9626288017218535,15
24,6,192,15,False,True,40.49636423587799,39.300364442169666,1.0304322825165715,15
24,6,193,11,False,True,7.819074671715498,7.445018272846937,1.0502425091732546,11
24,6,194,19,True,,,,,
24,6,195,9,False,True,5.231015384197235,5.349763669073582,0.9778030783746919,9
24,6,196,18,True,,,,,
24,6,197,12,False,True,9.086274076253176,8.559825364500284,1.0615022724571233,12
24,6,198,16,False,True,64.42244630306959,69.8009505867958,0.922945114092133,16
24,6,199,14,False,True,15.164846554398537,14.130740892142057,1.0731812769160274,14
24,6,200,17,True,,,,,
24,6,201,17,True,,,,,
24,6,202,17,True,,,,,
24,6,203,12,False,True,9.730479214340448,10.625380091369152,0.9157770480365574,12
24,6,204,16,False,True,91.64049988612533,95.2770235016942,0.961832103041042,16
24,6,205,16,False,True,81.20096754282713,83.30949349328876,0.9746904480864299,16
24,6,206,19,True,,,,,
24,6,207,9,False,True,4.739714786410332,4.686866886913776,1.0112757415074263,9
24,6,208,8,False,True,4.152560140937567,3.706458956003189,1.120357783596078,8
24,6,209,17,True,,,,,
24,6,210,14,False,True,23.426020052284002,22.661015391349792,1.0337586223619188,14
24,6,211,10,False,True,5.987365730106831,5.670413374900818,1.055895811160603,10
24,6,212,12,False,True,10.267829056829214,9.238624479621649,1.11140236076028,12
24,6,213,20,True,,,,,
24,6,214,14,False,True,23.203766904771328,24.19056836515665,0.9592071816796715,14
24,6,215,15,False,True,47.273035161197186,49.87874533981085,0.9477591073941086,15
24,6,216,18,True,,,,,
24,6,217,17,True,,,,,
24,6,218,9,False,True,6.5001193434000015,5.885662976652384,1.1043988364921813,9
24,6,219,19,True,,,,,
24,6,220,15,False,True,30.22653516381979,29.1735352948308,1.0360943525817925,15
24,6,221,11,False,True,7.056270260363817,6.727918516844511,1.048804357944767,11
24,6,222,20,True,,,,,
24,6,223,5,False,True,3.6354106850922108,3.9508100599050517,0.9201684287448583,5
24,6,224,16,False,True,79.33422457426786,77.69997464492917,1.0210328244868399,16
24,6,225,8,False,True,5.640315357595682,6.499220617115498,0.8678448832375508,8
24,6,226,13,False,True,18.830255139619112,19.03250114992261,0.9893736504356223,13
24,6,227,6,False,True,3.3176084980368614,3.556360024958849,0.9328663225189777,6
24,6,228,15,False,True,29.078684747219086,27.68577542155981,1.0503113712529277,15
24,6,229,11,False,True,6.723620463162661,6.077170837670565,1.1063734495474356,11
24,6,230,17,True,,,,,
24,6,231,12,False,True,9.746481664478779,9.83602600172162,0.9908962890879743,12
24,6,232,13,False,True,17.548950854688883,16.314543318003416,1.0756630150549953,13
24,6,233,16,False,True,109.08504482358694,126.90513394773006,0.8595794467110929,16
24,6,234,10,False,True,5.52446348592639,5.306215025484562,1.0411307230094577,10
24,6,235,18,True,,,,,
24,6,236,13,False,True,18.79035495221615,17.879551742225885,1.050941053954906,13
24,6,237,19,True,,,,,
24,6,238,9,False,True,5.241613835096359,5.197420250624418,1.0085029846233102,9
24,6,239,16,False,True,83.79273349419236,92.90452580899,0.9019230523437436,16
24,6,240,17,True,,,,,
24,6,241,16,False,True,92.31502190232277,112.46659560129046,0.8208216974006416,16
24,6,242,16,False,True,87.16300362721086,85.62725270166993,1.0179353053739977,16
24,6,243,10,False,True,5.6433165445923805,5.250114481896162,1.0748939978455874,10
24,6,244,16,False,True,91.58649481832981,103.30704972147942,0.8865464173572979,16
24,6,245,13,False,True,14.21443885192275,13.013491407036781,1.0922847994686946,13
24,6,246,16,False,True,83.50100833922625,88.60424859449267,0.9424041133893931,16
24,6,247,14,False,True,28.89863448217511,29.87418556585908,0.9673446801910861,14
24,6,248,18,True,,,,,
24,6,249,17,True,,,,,
24,6,250,12,False,True,9.042024612426758,9.832025971263647,0.9196501960892038,12
24,6,251,14,False,True,19.518104381859303,19.109854474663734,1.02136331847722,14
24,6,252,17,True,,,,,
24,6,253,18,True,,,,,
24,6,254,11,False,True,6.442270241677761,5.685018841177225,1.1332012121078086,11
24,6,255,12,False,True,7.675718516111374,8.647076319903135,0.8876663316182408,12
24,6,256,14,False,True,25.882225017994642,27.819524984806776,0.930361860316804,14
24,6,257,17,True,,,,,
24,6,258,8,False,True,4.688960034400225,4.8770662397146225,0.9614304592005286,8
24,6,259,13,False,True,14.71789088100195,16.482649371027946,0.892932352663646,13
24,6,260,6,False,True,3.3080601133406162,3.484860062599182,0.9492662700703397,6
24,6,261,8,False,True,5.065309815108776,4.501407966017723,1.1252723266471496,8
24,6,262,15,False,True,43.0648704059422,45.20583199337125,0.9526397039270732,15
24,6,263,15,False,True,54.59192907437682,53.17492177709937,1.0266480372687208,15
24,6,264,11,False,True,7.124869152903557,7.66661949455738,0.9293364771737508,11
24,6,265,15,False,True,43.35967591032386,46.0074283182621,0.9424494586043348,15
24,6,266,12,False,True,8.774569723755121,10.460924822837114,0.838794836246167,12
24,6,267,15,False,True,41.50406923145056,40.738414973020554,1.0187944047144952,15
24,6,268,14,False,True,20.152409560978413,23.113868664950132,0.871875230109684,14
24,6,269,9,False,True,6.6962698474526405,6.191970314830542,1.0814441134212545,9
24,6,270,10,False,True,6.326371803879738,6.078265141695738,1.0408186639444266,10
24,6,271,5,False,True,3.536760341376066,4.010959528386593,0.8817741281968823,5
24,6,272,6,False,True,3.474811092019081,3.5117100924253464,0.9894925835461602,6
24,6,273,14,False,True,27.103980537503958,29.42278515547514,0.9211901726597869,14
24,6,274,12,False,True,10.60093054547906,11.226728092879057,0.9442582431655282,12
24,6,275,12,False,True,10.230580810457468,9.423280134797096,1.0856708772436123,12
24,6,276,15,False,True,47.82013362273574,54.29330514743924,0.8807740382147501,15
24,6,277,16,False,True,71.8427007086575,77.35047256574035,0.928794593305144,16
24,6,278,17,True,,,,,
24,6,279,15,False,True,46.84303654357791,45.31567916274071,1.0337048326110716,15
24,6,280,12,False,True,8.493924979120493,8.021376561373472,1.058911137525017,12
24,6,281,8,False,True,4.3313088826835155,4.525510594248772,0.9570873368825925,8
24,6,282,16,False,True,110.04004627466202,115.12907221913338,0.9557972122385816,16
24,6,283,13,False,True,13.486684765666723,13.05784098803997,1.03284185938698,13
24,6,284,21,True,,,,,
24,6,285,11,False,True,7.763919420540333,7.291825022548437,1.0647429685342207,11
24,6,286,17,True,,,,,
24,6,287,13,False,True,14.983788132667542,14.899640809744596,1.005647607482451,13
24,6,288,21,True,,,,,
24,6,289,10,False,True,6.1539700254797935,6.191064603626728,0.9940083684274261,10
24,6,290,15,False,True,24.52571876347065,22.8249654173851,1.0745128553312127,15
24,6,291,4,False,True,2.7416041120886803,3.4882081672549248,0.7859634461684691,4
24,6,292,15,False,True,52.2346468642354,50.93190120533109,1.0255781863247617,15
24,6,293,10,False,True,5.764365196228027,5.286666564643383,1.0903591376046746,10
24,6,294,16,False,True,83.50897114723921,87.78499905019999,0.9512897653445832,16
24,6,295,16,False,True,110.78630341216922,111.9083259254694,0.9899737351620518,16
24,6,296,12,False,True,9.553274139761925,9.324480779469013,1.0245368472201344,12
24,6,297,14,False,True,18.755204509943724,22.558015771210194,0.8314208439325664,14
24,6,298,8,False,True,3.720358945429325,4.86716628074646,0.7643788460949699,8
24,6,299,13,False,True,12.631034478545189,15.357795637100933,0.8224510064472722,13
24,8,0,22,True,,,,,
24,8,1,23,True,,,,,
24,8,2,14,False,True,26.790425181388855,30.283485539257526,0.8846546130451035,14
24,8,3,21,True,,,,,
24,8,4,24,True,,,,,
24,8,5,20,True,,,,,
24,8,6,21,True,,,,,
24,8,7,23,True,,,,,
24,8,8,22,True,,,,,
24,8,9,13,False,True,16.295243985950947,16.86299918219447,0.9663313038143883,13
24,8,10,22,True,,,,,
24,8,11,19,True,,,,,
24,8,12,23,True,,,,,
24,8,13,20,True,,,,,
24,8,14,19,True,,,,,
24,8,15,22,True,,,,,
24,8,16,23,True,,,,,
24,8,17,22,True,,,,,
24,8,18,23,True,,,,,
24,8,19,16,False,True,81.90750377252698,86.99524914845824,0.9415169744815722,16
24,8,20,23,True,,,,,
24,8,21,24,True,,,,,
24,8,22,17,True,,,,,
24,8,23,23,True,,,,,
24,8,24,22,True,,,,,
24,8,25,21,True,,,,,
24,8,26,19,True,,,,,
24,8,27,23,True,,,,,
24,8,28,20,True,,,,,
24,8,29,15,False,True,38.47646061331034,42.77652595192194,0.8994760504056688,15
24,8,30,23,True,,,,,
24,8,31,18,True,,,,,
24,8,32,22,True,,,,,
24,8,33,24,True,,,,,
24,8,34,18,True,,,,,
24,8,35,16,False,True,117.44160437956452,126.45184760913254,0.9287456577351165,16
24,8,36,23,True,,,,,
24,8,37,17,True,,,,,
24,8,38,23,True,,,,,
24,8,39,15,False,True,38.695058319717646,48.47618984058499,0.7982281290457685,15
24,8,40,23,True,,,,,
24,8,41,11,False,True,6.880420260131359,7.366074714809656,0.9340687579910264,11
24,8,42,24,True,,,,,
24,8,43,23,True,,,,,
24,8,44,22,True,,,,,
24,8,45,23,True,,,,,
24,8,46,20,True,,,,,
24,8,47,17,True,,,,,
24,8,48,22,True,,,,,
24,8,49,24,True,,,,,
24,8,50,23,True,,,,,
24,8,51,22,True,,,,,
24,8,52,20,True,,,,,
24,8,53,22,True,,,,,
24,8,54,18,True,,,,,
24,8,55,21,True,,,,,
24,8,56,23,True,,,,,
24,8,57,18,True,,,,,
24,8,58,23,True,,,,,
24,8,59,22,True,,,,,
24,8,60,24,True,,,,,
24,8,61,22,True,,,,,
24,8,62,13,False,True,22.015315480530262,28.96558027714491,0.7600509042072012,13
24,8,63,20,True,,,,,
24,8,64,22,True,,,,,
24,8,65,17,True,,,,,
24,8,66,24,True,,,,,
24,8,67,24,True,,,,,
24,8,68,22,True,,,,,
24,8,69,19,True,,,,,
24,8,70,18,True,,,,,
24,8,71,14,False,True,30.795184429734945,32.17329038307071,0.9571661481642888,14
24,8,72,22,True,,,,,
24,8,73,18,True,,,,,
24,8,74,23,True,,,,,
24,8,75,24,True,,,,,
24,8,76,18,True,,,,,
24,8,77,23,True,,,,,
24,8,78,23,True,,,,,
24,8,79,23,True,,,,,
24,8,80,19,True,,,,,
24,8,81,23,True,,,,,
24,8,82,24,True,,,,,
24,8,83,22,True,,,,,
24,8,84,19,True,,,,,
24,8,85,24,True,,,,,
24,8,86,21,True,,,,,
24,8,87,24,True,,,,,
24,8,88,21,True,,,,,
24,8,89,22,True,,,,,
24,8,90,24,True,,,,,
24,8,91,21,True,,,,,
24,8,92,23,True,,,,,
24,8,93,24,True,,,,,
24,8,94,19,True,,,,,
24,8,95,22,True,,,,,
24,8,96,23,True,,,,,
24,8,97,24,True,,,,,
24,8,98,20,True,,,,,
24,8,99,21,True,,,,,
24,8,100,21,True,,,,,
24,8,101,23,True,,,,,
24,8,102,15,False,True,51.948148757219315,53.79639333114028,0.9656437084444637,15
24,8,103,23,True,,,,,
24,8,104,22,True,,,,,
24,8,105,23,True,,,,,
24,8,106,17,True,,,,,
24,8,107,20,True,,,,,
24,8,108,22,True,,,,,
24,8,109,22,True,,,,,
24,8,110,24,True,,,,,
24,8,111,9,False,True,5.277616437524557,5.452113691717386,0.967994567967664,9
24,8,112,24,True,,,,,
24,8,113,20,True,,,,,
24,8,114,23,True,,,,,
24,8,115,23,True,,,,,
24,8,116,21,True,,,,,
24,8,117,24,True,,,,,
24,8,118,24,True,,,,,
24,8,119,8,False,True,4.996913485229015,6.133571732789278,0.8146824889185146,8
24,8,120,24,True,,,,,
24,8,121,21,True,,,,,
24,8,122,20,True,,,,,
24,8,123,20,True,,,,,
24,8,124,24,True,,,,,
24,8,125,23,True,,,,,
24,8,126,15,False,True,52.30789538472891,54.05365955084562,0.967703127214272,15
24,8,127,24,True,,,,,
24,8,128,20,True,,,,,
24,8,129,22,True,,,,,
24,8,130,20,True,,,,,
24,8,131,21,True,,,,,
24,8,132,23,True,,,,,
24,8,133,21,True,,,,,
24,8,134,22,True,,,,,
24,8,135,24,True,,,,,
24,8,136,24,True,,,,,
24,8,137,18,True,,,,,
24,8,138,20,True,,,,,
24,8,139,23,True,,,,,
24,8,140,23,True,,,,,
24,8,141,22,True,,,,,
24,8,142,18,True,,,,,
24,8,143,7,False,True,4.111514426767826,4.871364217251539,0.8440170439745057,7
24,8,144,21,True,,,,,
24,8,145,14,False,True,33.66909921169281,36.69949946925044,0.9174266597260619,14
24,8,146,24,True,,,,,
24,8,147,21,True,,,,,
24,8,148,9,False,True,4.854465369135141,4.812064580619335,1.0088113506802414,9
24,8,149,24,True,,,,,
24,8,150,21,True,,,,,
24,8,151,21,True,,,,,
24,8,152,23,True,,,,,
24,8,153,8,False,True,5.007712170481682,5.1393150351941586,0.9743929173807683,8
24,8,154,23,True,,,,,
24,8,155,22,True,,,,,
24,8,156,24,True,,,,,
24,8,157,19,True,,,,,
24,8,158,21,True,,,,,
24,8,159,13,False,True,19.169000443071127,22.292365320026875,0.8598908266522172,13
24,8,160,16,False,True,176.40877049416304,201.25382579863071,0.8765486558783385,16
24,8,161,24,True,,,,,
24,8,162,22,True,,,,,
24,8,163,17,True,,,,,
24,8,164,17,True,,,,,
24,8,165,23,True,,,,,
24,8,166,23,True,,,,,
24,8,167,24,True,,,,,
24,8,168,24,True,,,,,
24,8,169,20,True,,,,,
24,8,170,24,True,,,,,
24,8,171,17,True,,,,,
24,8,172,20,True,,,,,
24,8,173,22,True,,,,,
24,8,174,19,True,,,,,
24,8,175,24,True,,,,,
24,8,176,23,True,,,,,
24,8,177,23,True,,,,,
24,8,178,22,True,,,,,
24,8,179,23,True,,,,,
24,8,180,23,True,,,,,
24,8,181,23,True,,,,,
24,8,182,22,True,,,,,
24,8,183,22,True,,,,,
24,8,184,24,True,,,,,
24,8,185,21,True,,,,,
24,8,186,21,True,,,,,
24,8,187,20,True,,,,,
24,8,188,24,True,,,,,
24,8,189,24,True,,,,,
24,8,190,22,True,,,,,
24,8,191,22,True,,,,,
24,8,192,23,True,,,,,
24,8,193,23,True,,,,,
24,8,194,22,True,,,,,
24,8,195,24,True,,,,,
24,8,196,23,True,,,,,
24,8,197,23,True,,,,,
24,8,198,15,False,True,33.24434394016862,45.13468127697706,0.736558739302018,15
24,8,199,24,True,,,,,
24,8,200,22,True,,,,,
24,8,201,22,True,,,,,
24,8,202,18,True,,,,,
24,8,203,21,True,,,,,
24,8,204,23,True,,,,,
24,8,205,19,True,,,,,
24,8,206,5,False,True,3.244960680603981,4.52680978924036,0.7168316831683168,5
24,8,207,22,True,,,,,
24,8,208,23,True,,,,,
24,8,209,21,True,,,,,
24,8,210,19,True,,,,,
24,8,211,15,False,True,44.05417712405324,46.02412926033139,0.9571974056231397,15
24,8,212,24,True,,,,,
24,8,213,22,True,,,,,
24,8,214,20,True,,,,,
24,8,215,18,True,,,,,
24,8,216,20,True,,,,,
24,8,217,21,True,,,,,
24,8,218,20,True,,,,,
24,8,219,23,True,,,,,
24,8,220,18,True,,,,,
24,8,221,23,True,,,,,
24,8,222,21,True,,,,,
24,8,223,20,True,,,,,
24,8,224,23,True,,,,,
24,8,225,22,True,,,,,
24,8,226,23,True,,,,,
24,8,227,16,False,True,92.82203391194344,99.93877029046416,0.9287890339471209,16
24,8,228,23,True,,,,,
24,8,229,17,True,,,,,
24,8,230,20,True,,,,,
24,8,231,24,True,,,,,
24,8,232,13,False,True,16.50904305279255,16.562449745833874,0.9967754351644292,13
24,8,233,24,True,,,,,
24,8,234,21,True,,,,,
24,8,235,24,True,,,,,
24,8,236,24,True,,,,,
24,8,237,23,True,,,,,
24,8,238,20,True,,,,,
24,8,239,22,True,,,,,
24,8,240,23,True,,,,,
24,8,241,21,True,,,,,
24,8,242,24,True,,,,,
24,8,243,23,True,,,,,
24,8,244,21,True,,,,,
24,8,245,22,True,,,,,
24,8,246,24,True,,,,,
24,8,247,24,True,,,,,
24,8,248,18,True,,,,,
24,8,249,13,False,True,16.742751467972994,18.495654221624136,0.905226236788005,13
24,8,250,11,False,True,9.401673451066017,9.059123694896698,1.0378126811936885,11
24,8,251,19,True,,,,,
24,8,252,21,True,,,,,
24,8,253,24,True,,,,,
24,8,254,22,True,,,,,
24,8,255,23,True,,,,,
24,8,256,22,True,,,,,
24,8,257,22,True,,,,,
24,8,258,21,True,,,,,
24,8,259,23,True,,,,,
24,8,260,22,True,,,,,
24,8,261,16,False,True,90.28550703078508,102.6435405947268,0.8796024231789156,16
24,8,262,23,True,,,,,
24,8,263,23,True,,,,,
24,8,264,17,True,,,,,
24,8,265,23,True,,,,,
24,8,266,21,True,,,,,
24,8,267,21,True,,,,,
24,8,268,24,True,,,,,
24,8,269,12,False,True,9.288229048252106,9.894624818116426,0.9387146272838917,12
24,8,270,15,False,True,55.004924070090055,60.50291704013944,0.9091284645597856,15
24,8,271,20,True,,,,,
24,8,272,21,True,,,,,
24,8,273,21,True,,,,,
24,8,274,18,True,,,,,
24,8,275,22,True,,,,,
24,8,276,9,False,True,4.691060166805983,5.083666183054447,0.9227710864342055,9
24,8,277,21,True,,,,,
24,8,278,22,True,,,,,
24,8,279,23,True,,,,,
24,8,280,20,True,,,,,
24,8,281,22,True,,,,,
24,8,282,14,False,True,31.80458908900619,42.42317518219352,0.7496984596842643,14
24,8,283,21,True,,,,,
24,8,284,22,True,,,,,
24,8,285,22,True,,,,,
24,8,286,23,True,,,,,
24,8,287,24,True,,,,,
24,8,288,15,False,True,75.29922295361757,123.97562386468053,0.6073711960974418,15
24,8,289,17,True,,,,,
24,8,290,23,True,,,,,
24,8,291,1,False,True,1.9429554231464863,3.3474108204245567,0.5804353057865955,1
24,8,292,24,True,,,,,
24,8,293,21,True,,,,,
24,8,294,23,True,,,,,
24,8,295,23,True,,,,,
24,8,296,22,True,,,,,
24,8,297,24,True,,,,,
24,8,298,22,True,,,,,
24,8,299,23,True,,,,,
26,4,0,4,False,True,3.16426157951355,3.2167555764317513,0.9836810737804234,4
26,4,1,3,False,True,2.6198546402156353,3.234411124140024,0.8099943203454727,3
26,4,2,4,False,True,3.002658486366272,3.3240090124309063,0.9033244119185991,4
26,4,3,7,False,True,3.7117605097591877,4.019415937364101,0.9234576783295855,7
26,4,4,7,False,True,3.8155587390065193,3.7089595571160316,1.0287409933295082,7
26,4,5,3,False,True,2.49465461820364,3.0710618011653423,0.8123101323643245,3
26,4,6,4,False,True,3.2098102383315563,3.5901088267564774,0.8940704566974071,4
26,4,7,8,False,True,3.728561569005251,3.5444600507616997,1.0519406385195365,8
26,4,8,3,False,True,2.8035114519298077,3.1373603269457817,0.8935892469383726,3
26,4,9,4,False,True,2.6615546084940434,3.198510967195034,0.8321230209281165,4
26,4,10,5,False,True,3.2709608785808086,3.322153352200985,0.9845905747890114,5
26,4,11,4,False,True,2.9726559296250343,3.058859147131443,0.971818507044612,4
26,4,12,4,False,True,3.4786597825586796,3.5960599780082703,0.9673531041841481,4
26,4,13,3,False,True,2.7858070097863674,3.279109951108694,0.8495619394660625,3
26,4,14,7,False,True,3.4170597791671753,3.219861537218094,1.0612443236051254,7
26,4,15,8,False,True,3.9659091271460056,3.82446451112628,1.0369841622554556,8
26,4,16,3,False,True,2.7904543094336987,3.039306029677391,0.9181221904560539,3
26,4,17,11,False,True,5.409813020378351,4.872763529419899,1.1102145605293487,11
26,4,18,8,False,True,3.68576031178236,3.616109024733305,1.019261390232611,8
26,4,19,8,False,True,4.257061518728733,4.338114522397518,0.9813160756244881,8
26,4,20,2,False,True,2.4318601936101913,3.117653541266918,0.7800290062448563,2
26,4,21,9,False,True,4.705509636551142,4.452611319720745,1.056797752750235,9
26,4,22,5,False,True,3.139509353786707,3.4795119427144527,0.9022844023744027,5
26,4,23,6,False,True,3.357154782861471,3.4752092324197292,0.9660295419173772,6
26,4,24,6,False,True,3.3414107747375965,3.205758985131979,1.042315030616699,6
26,4,25,5,False,True,3.5633589141070843,3.5271095111966133,1.0102773681382444,5
26,4,26,6,False,True,3.50691145285964,3.2901111990213394,1.0658945065147918,6
26,4,27,4,False,True,2.707359381020069,3.059161826968193,0.8850003805464647,4
26,4,28,6,False,True,2.94411089271307,2.9026088304817677,1.0142981933340338,6
26,4,29,11,False,True,4.8677087761461735,4.303460009396076,1.1311151411929308,11
26,4,30,6,False,True,3.7191598676145077,4.069616552442312,0.9138845932259922,6
26,4,31,3,False,True,3.198410850018263,3.334260545670986,0.9592564246878958,3
26,4,32,7,False,True,3.2842601649463177,3.17651079967618,1.0339206670668717,7
26,4,33,5,False,True,3.108356613665819,3.2104109413921833,0.9682114440831961,5
26,4,34,1,False,True,1.904102973639965,2.806305419653654,0.6785088181438796,1
26,4,35,4,False,True,3.0381581746041775,3.08135524392128,0.9859811459901227,4
26,4,36,8,False,True,4.326410125941038,4.133314359933138,1.0467169320291,8
26,4,37,4,False,True,2.6954105123877525,2.901360858231783,0.9290159494432741,4
26,4,38,6,False,True,2.8957542963325977,3.054160624742508,0.948134250986467,6
26,4,39,4,False,True,3.1425058841705322,3.330560866743326,0.9435365423131639,4
26,4,40,9,False,True,4.805813077837229,4.4106668792665005,1.0895887650069918,9
26,4,41,5,False,True,3.1190598383545876,3.2268045470118523,0.9666094716653847,5
26,4,42,8,False,True,3.9891595952212815,3.6731106229126453,1.086043956949497,8
26,4,43,6,False,True,3.328209277242422,3.262811806052923,1.0200432863054432,6
26,4,44,9,False,True,3.873161040246486,3.6501139402389526,1.061106886979241,9
26,4,45,9,False,True,4.284759052097797,4.1859084740281105,1.0236150834837923,9
26,4,46,3,False,True,2.4450616911053658,2.9555056244134903,0.8272904882698641,3
26,4,47,6,False,True,3.7246104329824448,3.5951100289821625,1.0360212630368217,6
26,4,48,6,False,True,3.500562161207199,3.4212088212370872,1.023194532727008,6
26,4,49,3,False,True,2.67980620265007,2.8547109104692936,0.9387312014054444,3
26,4,50,1,False,True,1.9335607066750526,2.8170039877295494,0.6863890555701574,1
26,4,51,6,False,True,3.7010107189416885,3.7780660204589367,0.9796045645841075,6
26,4,52,8,False,True,3.620560746639967,3.5686581395566463,1.0145440120778195,8
26,4,53,3,False,True,2.827008720487356,3.347359597682953,0.8445488564910133,3
26,4,54,2,False,True,2.3946608416736126,3.042409662157297,0.7870934908797318,2
26,4,55,4,False,True,3.1272554770112038,3.3840094693005085,0.9241272831478284,4
26,4,56,3,False,True,3.021359443664551,3.1934608705341816,0.9461081773515381,3
26,4,57,9,False,True,4.689863417297602,4.415165167301893,1.0622169816046942,9
26,4,58,1,False,True,2.1150056272745132,3.367059398442507,0.6281462181073629,1
26,4,59,6,False,True,3.698510117828846,3.5091605968773365,1.053958636467081,6
26,4,60,4,False,True,3.177959006279707,3.4066103398799896,0.9328801034495957,4
26,4,61,4,False,True,3.0211545526981354,3.1221541576087475,0.9676506668754731,4
26,4,62,6,False,True,3.2200105488300323,3.137309104204178,1.0263606300428063,6
26,4,63,7,False,True,3.0396063812077045,3.1185103580355644,0.9746981835014447,7
26,4,64,3,False,True,2.655757125467062,2.8845109045505524,0.9206958175396001,3
26,4,65,5,False,True,3.0551617965102196,3.292560577392578,0.9278984318428675,5
26,4,66,5,False,True,3.0759605579078197,3.4893094561994076,0.8815384810432343,5
26,4,67,8,False,True,3.8904137909412384,3.762010019272566,1.0341316931669153,8
26,4,68,7,False,True,3.575559239834547,3.5954592749476433,0.9944652313956787,7
26,4,69,3,False,True,3.0968082137405872,4.35246154665947,0.7115073115619824,3
26,4,70,1,False,True,1.9618053920567033,2.847905270755291,0.6888590755465733,1
26,4,71,7,False,True,3.900616429746151,3.8169091567397118,1.0219306432427486,7
26,4,72,2,False,True,2.6306603103876114,3.303105477243662,0.7964203167326086,2
26,4,73,8,False,True,4.04376070946455,4.198914393782616,0.9630490956072352,8
26,4,74,6,False,True,3.3395597711205482,3.7483591586351395,0.8909391095640248,6
26,4,75,10,False,True,4.433365538716316,3.937410656362772,1.1259596535992737,10
26,4,76,5,False,True,3.5203108564019203,3.5266601480543613,0.9981996304191818,5
26,4,77,3,False,True,2.903505228459835,3.1680590473115444,0.9164934065619095,3
26,4,78,5,False,True,3.5672099329531193,3.6823656409978867,0.9687277909714688,5
26,4,79,7,False,True,3.5492144525051117,3.494909033179283,1.0155384357104218,7
26,4,80,7,False,True,4.132864996790886,3.973913844674826,1.039998640717654,7
26,4,81,6,False,True,3.562860656529665,3.4488108940422535,1.03306930011281,6
26,4,82,10,False,True,4.523813258856535,4.3647107668221,1.036452012638234,10
26,4,83,6,False,True,3.3312104642391205,3.3077597618103027,1.007089602666907,6
26,4,84,5,False,True,3.496459685266018,3.624365199357271,0.9647095402764778,5
26,4,85,7,False,True,3.5711145028471947,3.363208379596472,1.0618177941372957,7
26,4,86,4,False,True,2.914508804678917,3.159209154546261,0.9225437956473355,4
26,4,87,8,False,True,3.2574101351201534,3.179160412400961,1.024613329485975,8
26,4,88,4,False,True,2.9785046353936195,3.1745596788823605,0.9382418151427652,4
26,4,89,7,False,True,3.323459532111883,3.3096596598625183,1.0041695744177932,7
26,4,90,4,False,True,2.989459317177534,3.1825597397983074,0.939325436626993,4
26,4,91,13,False,True,12.27368600666523,11.95588381960988,1.026581237476906,13
26,4,92,7,False,True,3.4327595494687557,3.420610446482897,1.0035517353337766,7
26,4,93,5,False,True,3.094805870205164,3.158759791404009,0.9797534711652074,5
26,4,94,2,False,True,2.432356122881174,3.1565106473863125,0.7705838486226047,2
26,4,95,9,False,True,4.297010600566864,4.135358612984419,1.0390901981450609,9
26,4,96,3,False,True,3.0475552193820477,3.294560592621565,0.9250263073647194,3
26,4,97,4,False,True,3.0336109921336174,3.533358685672283,0.8585629883642623,4
26,4,98,7,False,True,3.803260624408722,3.7986156530678272,1.0012228063497668,7
26,4,99,2,False,True,2.586003392934799,3.011107910424471,0.8588212278882608,2
26,4,100,8,False,True,4.773610271513462,4.341164603829384,1.0996151280010469,8
26,4,101,8,False,True,3.8997596129775047,3.856760449707508,1.0111490365633826,8
26,4,102,6,False,True,3.523058257997036,4.1128601878881454,0.8565956772301665,6
26,4,103,7,False,True,3.6186096258461475,3.757658414542675,0.9629958944223379,7
26,4,104,6,False,True,3.7558632902801037,3.8219592534005637,0.9827062617002911,6
26,4,105,9,False,True,4.593564663082361,4.294614773243666,1.0696104087615064,9
26,4,106,8,False,True,3.4592580050230026,3.495409619063139,0.9896574027138411,8
26,4,107,2,False,True,2.444011624902487,3.3037597313523293,0.7397667577666366,2
26,4,108,6,False,True,3.1141098588705063,3.1152600422501564,0.9996307905715571,6
26,4,109,6,False,True,3.540909383445978,3.983010537922383,0.8890032676873073,6
26,4,110,8,False,True,3.4003611654043198,3.524911589920521,0.9646656600204235,8
26,4,111,9,False,True,4.385814536362886,3.953510895371437,1.1093467685892981,9
26,4,112,5,False,True,3.530159592628479,3.549358807504177,0.9945907934596225,5
26,4,113,8,False,True,3.5952613689005375,3.56926117092371,1.0072844761791693,8
26,4,114,5,False,True,2.6991101913154125,4.24941536039114,0.6351721266115467,5
26,4,115,8,False,True,3.8225087337195873,3.8425112143158913,0.9947944249266517,8
26,4,116,6,False,True,2.967061009258032,3.3429614268243313,0.8875546649895424,6
26,4,117,7,False,True,4.207461606711149,3.958810120820999,1.0628096519664811,7
26,4,118,8,False,True,3.9343605749309063,3.6289100535213947,1.0841714225220629,8
26,4,119,5,False,True,3.466058988124132,3.648612182587385,0.9499664022023309,5
26,4,120,7,False,True,4.14346344769001,4.031409043818712,1.027795344668165,7
26,4,121,4,False,True,2.8665107674896717,3.046661149710417,0.9408695705336748,4
26,4,122,3,False,True,2.6496034115552902,3.275410272181034,0.8089378707941125,3
26,4,123,7,False,True,3.4531555138528347,3.2163108699023724,1.073638604454193,7
26,4,124,7,False,True,3.5856105387210846,3.819060511887074,0.938872407902582,7
26,4,125,8,False,True,3.871766384691,3.619859926402569,1.0695901121618197,8
26,4,126,6,False,True,3.489705268293619,3.4317607060074806,1.0168847910009295,6
26,4,127,7,False,True,3.96170886233449,3.789965994656086,1.0453151473972495,7
26,4,128,8,False,True,4.097709897905588,4.035059828311205,1.0155264289155792,8
26,4,129,7,False,True,3.892760723829269,3.8348603993654247,1.0150984177868445,7
26,4,130,5,False,True,3.1270552426576614,3.508410882204771,0.8913024579072516,5
26,4,131,6,False,True,3.8124597631394863,3.6901095882058144,1.0331562442819375,6
26,4,132,6,False,True,4.023308865725994,3.9729150012135506,1.0126843550634863,6
26,4,133,5,False,True,3.6746589466929436,3.7998612970113754,0.9670508104027628,5
26,4,134,5,False,True,3.1627598218619823,3.5309093073010445,0.895735219061611,5
26,4,135,5,False,True,3.510511014610529,3.781360574066639,0.9283724590260837,5
26,4,136,9,False,True,4.734115209430456,4.538961220532656,1.0429952976938848,9
26,4,137,4,False,True,3.725457936525345,4.184360150247812,0.8903291788362697,4
26,4,138,5,False,True,3.055259585380554,3.330511972308159,0.9173543319416908,5
26,4,139,5,False,True,3.1502102501690388,3.210760187357664,0.9811415572464615,5
26,4,140,8,False,True,4.526609554886818,4.785966593772173,0.9458088488910792,8
26,4,141,7,False,True,3.4466595388948917,3.8482085801661015,0.8956529946581332,7
26,4,142,7,False,True,3.550909459590912,3.3958605490624905,1.0456582089542006,7
26,4,143,8,False,True,3.8372585549950604,3.798010293394327,1.0103339007977403,8
26,4,144,9,False,True,4.062766674906015,3.8954103365540504,1.0429624414099623,9
26,4,145,8,False,True,3.9746589027345176,3.7912605330348015,1.0483739822419724,8
26,4,146,4,False,True,3.013105597347021,3.3866101875901222,0.8897113722707829,4
26,4,147,4,False,True,2.7058087289333344,3.29471193253994,0.8212580596833509,4
26,4,148,5,False,True,3.3167609944939613,3.447560593485832,0.9620602465293817,5
26,4,149,6,False,True,3.5910122096538544,4.3297093361616135,0.8293887489540739,6
26,4,150,6,False,True,3.456061240285635,4.203158896416426,0.8222532922160618,6
26,4,151,7,False,True,4.162064287811518,4.2031146585941315,0.9902333450031686,7
26,4,152,4,False,True,2.8533581644296646,3.7814094685018063,0.7545752947934953,4
26,4,153,4,False,True,3.0624610371887684,3.3719604834914207,0.9082137979321193,4
26,4,154,11,False,True,5.694814026355743,5.0819129683077335,1.120604398751068,11
26,4,155,5,False,True,3.135360311716795,3.285459242761135,0.9543141704237988,5
26,4,156,5,False,True,3.5149604082107544,3.6727101542055607,0.9570481362886288,5
26,4,157,6,False,True,3.888609353452921,3.8209604099392895,1.017704696268943,6
26,4,158,8,False,True,4.001359920948744,3.6517088301479816,1.0957499918706808,8
26,4,159,9,False,True,4.738564603030682,4.416259471327066,1.072981475340434,9
26,4,160,8,False,True,4.089109133929014,4.045511595904827,1.0107767675337576,8
26,4,161,8,False,True,3.7836097180843353,3.619510680437088,1.0453373541717055,8
26,4,162,2,False,True,2.4963566102087498,3.1799613498151302,0.785027343289527,2
26,4,163,7,False,True,3.8073118776082993,4.0150596760213375,0.9482578553803955,7
26,4,164,9,False,True,4.645613953471184,4.63416101410985,1.0024714159319157,9
26,4,165,5,False,True,3.0945101752877235,3.7705618888139725,0.8207026609132517,5
26,4,166,8,False,True,4.509217105805874,4.169011954218149,1.0816033044096958,8
26,4,167,7,False,True,3.8429605774581432,3.719658125191927,1.0331488669432098,7
26,4,168,5,False,True,3.4212088212370872,3.53165902197361,0.968725689527411,5
26,4,169,4,False,True,3.072910476475954,3.323161508888006,0.9246948931784568,4
26,4,170,6,False,True,2.821902744472027,3.407909534871578,0.828045086172854,6
26,4,171,6,False,True,3.784459549933672,3.706510178744793,1.021030394476153,6
26,4,172,8,False,True,4.482809454202652,4.0544080547988415,1.1056631186633397,8
26,4,173,9,False,True,4.382964689284563,4.127714782953262,1.0618380677331287,9
26,4,174,4,False,True,3.2302062027156353,3.3669103868305683,0.9593977360818269,4
26,4,175,7,False,True,4.199158865958452,4.172460176050663,1.0063987884320709,7
26,4,176,7,False,True,3.7735095247626305,3.7415605038404465,1.008538956109193,7
26,4,177,8,False,True,4.288810305297375,3.90445813536644,1.09843931132197,8
26,4,178,7,False,True,4.192560445517302,4.235715605318546,0.9898116011974323,7
26,4,179,7,False,True,4.023509100079536,3.7687085568904877,1.067609511147575,7
26,4,180,6,False,True,3.122610505670309,3.1836098060011864,0.980839580209895,6
26,4,181,4,False,True,3.465211484581232,3.5412097349762917,0.9785389016514808,4
26,4,182,9,False,True,4.053111188113689,4.030759446322918,1.005545292912769,9
26,4,183,4,False,True,2.6462599635124207,3.243556711822748,0.8158513010938937,4
26,4,184,3,False,True,2.4557532742619514,3.12580494210124,0.7856386817953956,3
26,4,185,8,False,True,3.4541613422334194,3.35165997967124,1.030582267647637,8
26,4,186,5,False,True,3.0797114595770836,3.0722119845449924,1.0024410669152448,5
26,4,187,7,False,True,3.968060482293367,3.8132607005536556,1.0405951215759353,7
26,4,188,4,False,True,3.204310778528452,3.487460780888796,0.9188091221234661,4
26,4,189,8,False,True,3.799509722739458,3.595259040594101,1.0568111170402914,8
26,4,190,7,False,True,3.524511121213436,3.376910462975502,1.04370878643548,7
26,4,191,5,False,True,3.498760052025318,3.627510741353035,0.964507151457891,5
26,4,192,9,False,True,4.4031161814928055,4.307560157030821,1.0221833290722633,9
26,4,193,5,False,True,3.336905501782894,3.8165086880326267,0.8743345750125979,5
26,4,194,10,False,True,5.609763320535421,5.137310363352299,1.091965040802952,10
26,4,195,10,False,True,4.838365130126476,4.482713993638754,1.0793383510508172,10
26,4,196,10,False,True,3.689758013933897,3.7531601265072823,0.9831070057135058,10
26,4,197,3,False,True,2.834005281329155,3.2647582702338696,0.8680597602486944,3
26,4,198,10,False,True,4.412364214658737,4.120708908885717,1.070777944334798,10
26,4,199,4,False,True,3.1130597926676273,3.2951077446341515,0.9447520487720087,4
26,4,200,10,False,True,5.763715598732233,5.518069956451654,1.0445165871797935,10
26,4,201,5,False,True,3.261605743318796,3.458710853010416,0.9430119723595679,5
26,4,202,8,False,True,4.152911715209484,3.9348588325083256,1.0554156812182658,8
26,4,203,5,False,True,3.6727101542055607,3.800364211201668,0.9664100465371599,5
26,4,204,10,False,True,4.7158170491456985,4.190260078758001,1.1254234726507653,10
26,4,205,12,False,True,5.7943654246628284,5.648764781653881,1.025775660456217,12
26,4,206,8,False,True,4.2079598642885685,4.101658705621958,1.025916626978473,8
26,4,207,4,False,True,2.816859632730484,2.9059103690087795,0.9693553052330822,4
26,4,208,2,False,True,2.4659582413733006,3.1845620833337307,0.7743476738226545,2
26,4,209,6,False,True,3.2533612102270126,3.2303528860211372,1.0071225420310705,6
26,4,210,8,False,True,4.099258221685886,4.400114994496107,0.9316252477068104,8
26,4,211,8,False,True,4.109709989279509,3.7951115518808365,1.0828957022996488,8
26,4,212,5,False,True,3.4716096706688404,3.6346097476780415,0.9551533484128982,5
26,4,213,8,False,True,4.258910194039345,3.925615455955267,1.0849025437727122,8
26,4,214,8,False,True,3.814816009253263,4.02471050620079,0.9478485479578849,8
26,4,215,10,False,True,5.45816496014595,4.8415642231702805,1.1273556868304675,10
26,4,216,5,False,True,3.4720590338110924,3.4334580413997173,1.0112425991364784,5
26,4,217,9,False,True,4.291059449315071,4.120110534131527,1.0414913419840028,9
26,4,218,4,False,True,2.8546107932925224,4.131810273975134,0.6908862227466599,4
26,4,219,9,False,True,3.7648086436092854,3.7038116715848446,1.0164687023620562,9
26,4,220,5,False,True,3.5389093682169914,3.6119110882282257,0.9797886165445329,5
26,4,221,7,False,True,3.619808703660965,3.6233593709766865,0.9990200620605942,7
26,4,222,8,False,True,4.463763907551765,4.122264217585325,1.0828427465929096,8
26,4,223,9,False,True,3.7696585059165955,3.7753605283796787,0.9984896747157733,9
26,4,224,4,False,True,3.25086060911417,3.6929105408489704,0.8802976874622106,4
26,4,225,3,False,True,2.400756347924471,3.075853455811739,0.7805171417995578,3
26,4,226,4,False,True,3.1938101164996624,3.4877611324191093,0.9157192810060468,4
26,4,227,5,False,True,3.3269613049924374,3.465409390628338,0.9600485628017539,5
26,4,228,7,False,True,3.7681101821362972,3.63906379789114,1.0354614239849107,7
26,4,229,8,False,True,4.024014342576265,3.7790602073073387,1.0648187966932292,8
26,4,230,7,False,True,4.038210026919842,4.055814351886511,0.9956594845228849,7
26,4,231,7,False,True,3.551458939909935,3.668565768748522,0.9680783073766356,7
26,4,232,3,False,True,2.799704670906067,3.4932116977870464,0.8014700834420322,3
26,4,233,8,False,True,4.080859944224358,3.7792581133544445,1.0798045070814741,8
26,4,234,3,False,True,2.7733109891414642,3.679462242871523,0.7537272585183858,3
26,4,235,7,False,True,3.3204606734216213,3.6164093762636185,0.9181650438181963,7
26,4,236,7,False,True,3.9616134017705917,3.8518104702234273,1.0285068365632215,7
26,4,237,8,False,True,3.8467603735625744,3.5506603308022022,1.0833929509369526,8
26,4,238,6,False,True,3.7777586840093136,3.720864187926054,1.0152906672239954,6
26,4,239,8,False,True,4.857366438955069,4.470308776944876,1.0865840999633851,8
26,4,240,9,False,True,4.62731346487999,4.15286049246788,1.1142472696284003,9
26,4,241,7,False,True,3.907410427927971,3.7602102383971214,1.0391467977050126,7
26,4,242,7,False,True,3.522811457514763,3.3905101008713245,1.039021077273723,7
26,4,243,2,False,True,2.4368055164813995,3.128359094262123,0.7789404742412289,2
26,4,244,4,False,True,2.68296105787158,2.9940111562609673,0.8961092386917362,4
26,4,245,6,False,True,3.1350087374448776,3.3690594136714935,0.9305293711126469,6
26,4,246,2,False,True,2.2023054771125317,3.0224607326090336,0.7286465141968836,2
26,4,247,6,False,True,3.3871550112962723,3.9404653944075103,0.8595824787862567,6
26,4,248,6,False,True,3.753660712391138,4.615813959389925,0.8132175051715607,6
26,4,249,3,False,True,2.7651037089526653,3.0234106816351414,0.914564377822871,3
26,4,250,3,False,True,2.8258096426725388,3.1686085276305676,0.8918140622393742,3
26,4,251,4,False,True,2.477755770087242,4.339159931987524,0.5710219970971022,4
26,4,252,4,False,True,3.030160441994667,3.270111046731472,0.9266231019962947,4
26,4,253,4,False,True,2.8537120670080185,3.603510558605194,0.7919255461020769,4
26,4,254,6,False,True,4.194965586066246,4.684412851929665,0.8955157708480372,6
26,4,255,4,False,True,3.4246593713760376,3.5596592351794243,0.9620750597503241,4
26,4,256,7,False,True,3.5249092616140842,3.5444600507616997,0.9944841276618666,7
26,4,257,5,False,True,3.28446039929986,3.425858449190855,0.9587262427832092,5
26,4,258,6,False,True,3.5447091795504093,3.7381611764431,0.9482494232426965,6
26,4,259,5,False,True,3.2865582033991814,3.383760340511799,0.9712739297908092,5
26,4,260,5,False,True,2.745960373431444,3.3607101067900658,0.8170774289289143,5
26,4,261,8,False,True,3.8249162025749683,3.6527588963508606,1.0471307609150153,8
26,4,262,7,False,True,3.8360129110515118,3.898609429597855,0.9839438857170157,7
26,4,263,6,False,True,3.7910090759396553,3.9476668462157245,0.960316364987526,6
26,4,264,5,False,True,3.3167097717523575,3.6171614192426205,0.9169371745778564,5
26,4,265,4,False,True,2.666108775883913,3.234362229704857,0.8243074172082456,4
26,4,266,6,False,True,3.2531097531318665,3.12350457534194,1.0414935130279865,6
26,4,267,7,False,True,3.7927133962512016,3.636560868471861,1.0429396161447886,7
26,4,268,7,False,True,3.672258462756872,3.9678113535046573,0.9255123632612393,7
26,4,269,6,False,True,2.9938085936009884,3.508911468088627,0.8532015187125183,6
26,4,270,6,False,True,3.906909842044115,3.924958873540163,0.995401472454215,6
26,4,271,2,False,True,2.405403647571802,3.243209794163704,0.7416737738953644,2
26,4,272,13,False,True,9.408826008439064,9.017076808959246,1.0434452547959425,13
26,4,273,10,False,True,5.125014577060938,4.775014240294695,1.0732982812517524,10
26,4,274,4,False,True,3.0079041607677937,3.3143535256385803,0.9075387213523811,4
26,4,275,4,False,True,3.0653108842670918,3.6959093995392323,0.8293793361518124,4
26,4,276,8,False,True,4.089116118848324,4.153058398514986,0.9846035683751699,8
26,4,277,8,False,True,3.74786090105772,3.7821102887392044,0.9909443709816032,8
26,4,278,6,False,True,3.495011478662491,3.366810269653797,1.0380779428422844,6
26,4,279,8,False,True,4.007709212601185,3.8158637471497054,1.0502757640638454,8
26,4,280,4,False,True,2.9320549219846725,3.459760919213295,0.8474732764630986,4
26,4,281,10,False,True,4.742066375911236,4.475410096347332,1.0595825351919232,10
26,4,282,8,False,True,4.117758944630623,3.9196643047034745,1.0505386748782137,8
26,4,283,3,False,True,2.477504312992096,3.1805550679564476,0.7789534405338651,3
26,4,284,8,False,True,3.7787598557770252,3.510960377752781,1.0762752777619358,8
26,4,285,7,False,True,3.931415267288685,4.159058444201946,0.9452656941547398,7
26,4,286,8,False,True,4.016314633190632,3.761409316211939,1.0677685663934613,8
26,4,287,7,False,True,3.0500604771077633,3.290309105068445,0.9269829610869693,7
26,4,288,8,False,True,4.431216511875391,4.1082617826759815,1.0786110394817752,8
26,4,289,5,False,True,3.6673597060143948,3.6950153298676014,0.9925154237846701,5
26,4,290,0,False,True,1.8848548643290997,3.4678098745644093,0.5435288935976791,0
26,4,291,11,False,True,6.0363649390637875,5.5282143875956535,1.091919472697791,11
26,4,292,2,False,True,2.3967563174664974,3.4531112760305405,0.6940860360056638,2
26,4,293,3,False,True,2.6734103448688984,2.906159497797489,0.9199117759692866,3
26,4,294,6,False,True,3.5455101169645786,3.7740590050816536,0.939442152915643,6
26,4,295,7,False,True,3.9652618579566474,3.916560672223568,1.012434681806022,7
26,4,296,4,False,True,3.388160839676857,3.4492602571845055,0.9822862257551068,4
26,4,297,5,False,True,3.430361393839121,3.3880560658872128,1.012486607992666,5
26,4,298,7,False,True,3.7056603468954563,3.5057589411735535,1.0570208645478019,7
26,4,299,7,False,True,3.5395589657127857,3.8241595029830933,0.9255782775147583,7
26,5,0,6,False,True,4.464616067707539,4.334566183388233,1.0300029758036013,6
26,5,1,10,False,True,5.995819810777903,5.599569994956255,1.070764329435754,10
26,5,2,10,False,True,5.867914296686649,5.7542650029063225,1.0197504448826957,10
26,5,3,6,False,True,3.880609292536974,3.772659692913294,1.028613659436725,6
26,5,4,8,False,True,4.336414858698845,3.916660789400339,1.1071714125549208,8
26,5,5,11,False,True,6.444719620049,6.570569239556789,0.9808464662772082,11
26,5,6,10,False,True,6.0026696883141994,6.025419570505619,0.9962243488731009,10
26,5,7,13,False,True,13.197683729231358,13.464039657264948,0.9802172353310123,13
26,5,8,9,False,True,5.4923165589571,4.7909654676914215,1.1463903457445774,9
26,5,9,5,False,True,3.1772605143487453,3.5668606869876385,0.8907722485321043,5
26,5,10,9,False,True,4.458909388631582,4.467214457690716,0.9981408841823487,9
26,5,11,9,False,True,5.1857647486031055,4.952463787049055,1.047108060065809,9
26,5,12,12,False,True,7.69271980971098,7.0538208819925785,1.0905748725983986,12
26,5,13,13,False,True,14.914395287632942,14.849388971924782,1.0043777098055056,13
26,5,14,14,False,True,18.748550210148096,22.321813739836216,0.8399205561279655,14
26,5,15,10,False,True,5.514665972441435,4.874113947153091,1.1314191732555785,10
26,5,16,7,False,True,3.751360345631838,3.634511958807707,1.0321496773565337,7
26,5,17,12,False,True,8.599325083196163,8.29722499474883,1.0364097741881806,12
26,5,18,9,False,True,4.355215933173895,3.982360940426588,1.093626619566876,9
26,5,19,10,False,True,6.02007145062089,5.762064829468727,1.0447767647168162,10
26,5,20,6,False,True,3.4897588193416595,3.3862097188830376,1.030579647764043,6
26,5,21,6,False,True,4.268065094947815,4.514716565608978,0.9453672302398693,6
26,5,22,11,False,True,6.394069641828537,6.926469504833221,0.9231354642313546,11
26,5,23,5,False,True,2.92530981823802,3.340959083288908,0.8755898367238564,5
26,5,24,6,False,True,3.7268130108714104,3.73701099306345,0.9972710858461565,6
26,5,25,10,False,True,6.0603138990700245,5.588964559137821,1.0843357181719033,10
26,5,26,8,False,True,4.6246591955423355,4.472164437174797,1.0340986474244838,8
26,5,27,8,False,True,3.9415131323039527,4.013360012322664,0.9820980724883609,8
26,5,28,11,False,True,5.900014657527208,5.3903646767139435,1.0945483304710204,11
26,5,29,5,False,True,3.0999095179140568,3.5581598058342934,0.871211437111721,5
26,5,30,6,False,True,3.24831111356616,3.4759100526571274,0.9345210504175787,6
26,5,31,13,False,True,12.401584535837173,12.673591263592243,0.9785375177329199,13
26,5,32,12,False,True,10.986034758388996,11.064778082072735,0.9928834249453842,12
26,5,33,9,False,True,5.0911144353449345,5.4798671044409275,0.9290580115016028,9
26,5,34,8,False,True,4.1069090366363525,4.377115983515978,0.9382682689018951,8
26,5,35,9,False,True,4.209459293633699,3.873910754919052,1.0866175190764453,9
26,5,36,9,False,True,5.13801584020257,4.8306165263056755,1.0636356275069478,9
26,5,37,10,False,True,5.852121394127607,5.195166449993849,1.1264550328574239,10
26,5,38,9,False,True,4.660815466195345,4.773314576596022,0.9764316580029588,9
26,5,39,13,False,True,15.501489397138357,14.480140525847673,1.0705344585204495,13
26,5,40,8,False,True,4.573115147650242,4.794364795088768,0.9538521458222852,8
26,5,41,7,False,True,3.538259770721197,3.6362092941999435,0.9730627377156249,7
26,5,42,9,False,True,4.745665937662125,5.287965759634972,0.89744641954522,9
26,5,43,10,False,True,5.4374150931835175,5.438313819468021,0.9998347417390135,10
26,5,44,9,False,True,4.652210045605898,5.184514448046684,0.8973280125313688,9
26,5,45,16,False,True,50.29590101912618,50.17539951950312,1.002401605184553,16
26,5,46,6,False,True,3.410510253161192,3.321159165352583,1.0269035849714006,6
26,5,47,7,False,True,3.973860293626785,4.301508888602257,0.9238293809310391,7
26,5,48,3,False,True,2.4391058832406998,3.1624617986381054,0.7712680938283857,3
26,5,49,16,False,True,64.14467934519053,66.88544526696205,0.9590229845845801,16
26,5,50,7,False,True,4.170560277998447,4.397314041852951,0.9484335752015215,7
26,5,51,12,False,True,10.014830622822046,10.08003018796444,0.9935318085435655,12
26,5,52,12,False,True,10.498985648155212,9.875376708805561,1.0631478633917426,12
26,5,53,11,False,True,5.516165401786566,5.977714899927378,0.9227883052524939,11
26,5,54,6,False,True,3.6192615516483784,3.634961321949959,0.9956808975636752,6
26,5,55,5,False,True,3.214511089026928,3.640460781753063,0.8829956650374848,5
26,5,56,15,False,True,32.10049122571945,35.16794880852103,0.912776898092551,15
26,5,57,4,False,True,2.680558245629072,3.5366113297641277,0.7579453877415052,4
26,5,58,11,False,True,5.94206852838397,5.793413147330284,1.02565937855169,11
26,5,59,5,False,True,3.260208759456873,3.59630910679698,0.9065429757678835,5
26,5,60,7,False,True,4.632461350411177,4.530011210590601,1.022615868936717,7
26,5,61,10,False,True,5.44476555660367,5.445366259664297,0.999889685462468,10
26,5,62,6,False,True,3.7493091076612473,3.8895104080438614,0.9639539978880979,6
26,5,63,12,False,True,7.818820886313915,7.967674173414707,0.9813178496182158,12
26,5,64,10,False,True,6.619170308113098,6.645771209150553,0.9959973191672883,10
26,5,65,10,False,True,4.337015561759472,4.044859670102596,1.07222893140554,10
26,5,66,10,False,True,4.924663808196783,4.819466266781092,1.0218276331013625,10
26,5,67,3,False,True,2.2542057558894157,3.0368100851774216,0.7422939507781952,3
26,5,68,13,False,True,11.953834909945726,11.239228770136833,1.0635814213256016,13
26,5,69,9,False,True,4.71561448648572,5.086567252874374,0.9270720806494729,9
26,5,70,13,False,True,15.939346048980951,15.237943734973669,1.046029984504894,13
26,5,71,7,False,True,3.4144101664423943,4.178711678832769,0.8170963753584775,7
26,5,72,13,False,True,13.831090182065964,12.99148891121149,1.0646270243997906,13
26,5,73,8,False,True,4.06261533498764,3.9466586895287037,1.029380966174398,8
26,5,74,14,False,True,21.50190994143486,20.412958692759275,1.0533460761404396,14
26,5,75,8,False,True,4.5931083150208,4.167514853179455,1.1021216424739684,8
26,5,76,13,False,True,10.767478961497545,10.0629311054945,1.070014178634131,13
26,5,77,5,False,True,3.1816051341593266,3.622709773480892,0.8782390346169716,5
26,5,78,6,False,True,3.3991108648478985,4.1304645128548145,0.822936707062656,6
26,5,79,12,False,True,8.202523458749056,7.452170830219984,1.100689134162927,12
26,5,80,10,False,True,5.898464005440474,5.667919758707285,1.0406752841514768,10
26,5,81,9,False,True,5.171364173293114,4.834909923374653,1.0695885249675188,9
26,5,82,10,False,True,6.117166485637426,5.85541594773531,1.0447022961713512,10
26,5,83,8,False,True,3.6694598384201527,4.185615107417107,0.8766835325870498,8
26,5,84,12,False,True,11.319878976792097,10.32107975333929,1.096772745422266,12
26,5,85,8,False,True,4.067309200763702,4.128210712224245,0.985247479911768,8
26,5,86,13,False,True,12.575984001159668,13.179834932088852,0.9541837258174614,13
26,5,87,15,False,True,26.757079176604748,29.741383623331785,0.8996581838786449,15
26,5,88,8,False,True,3.99875920265913,4.111959133297205,0.9724705603901991,8
26,5,89,11,False,True,6.492671091109514,5.962620489299297,1.0888955791772195,11
26,5,90,10,False,True,4.6048639342188835,4.222211427986622,1.0906284568545945,10
26,5,91,10,False,True,6.804619915783405,6.429415661841631,1.0583574423673676,10
26,5,92,13,False,True,13.392039109021425,12.930284719914198,1.035711076678464,13
26,5,93,9,False,True,3.8384599611163144,3.8553099147975445,0.9956294165570047,9
26,5,94,7,False,True,3.7804082967340946,3.901058807969093,0.9690723679969825,7
26,5,95,10,False,True,5.6955148465931416,5.654015112668276,1.007339869649779,10
26,5,96,9,False,True,4.474965389817953,4.289411008358002,1.0432587087360934,9
26,5,97,6,False,True,3.641359508037567,3.9360090158879752,0.9251400322862486,6
26,5,98,12,False,True,9.317176882177591,8.455775678157806,1.1018713405849778,12
26,5,99,5,False,True,3.127208910882473,3.59630910679698,0.8695606573339557,5
26,5,100,3,False,True,2.264454960823059,3.6522583104670048,0.6200150066969138,3
26,5,101,9,False,True,4.98966546729207,4.556963685899973,1.0949539674259312,9
26,5,102,12,False,True,8.725575171411037,8.131568320095539,1.0730494817152958,12
26,5,103,10,False,True,5.834514740854502,6.453914102166891,0.904027331088211,10
26,5,104,5,False,True,3.301161341369152,3.8120103999972343,0.8659895947218683,5
26,5,105,10,False,True,6.373366340994835,5.872522015124559,1.0852860703766392,10
26,5,106,10,False,True,6.185516249388456,5.9696706011891365,1.0361570449391837,10
26,5,107,11,False,True,6.8460195325315,6.281714886426926,1.0898328969568298,11
26,5,108,12,False,True,7.732119411230086,7.587724830955267,1.0190300232931142,12
26,5,109,9,False,True,3.7809088826179504,4.133060574531555,0.9147963874317235,9
26,5,110,10,False,True,5.049265455454588,5.122465081512928,0.985710078078908,10
26,5,111,11,False,True,6.92776869982481,6.521614268422127,1.062278205162991,11
26,5,112,10,False,True,5.5254134349524975,5.571264773607254,0.9917700305912639,10
26,5,113,3,False,True,2.7797045186161995,3.419059794396162,0.8130026047430157,3
26,5,114,9,False,True,4.6334159560501575,4.675313830375671,0.9910384894264633,9
26,5,115,15,False,True,25.082470383495092,24.41801829263568,1.0272115485743496,15
26,5,116,13,False,True,13.10023944824934,12.072084937244654,1.0851679321632866,13
26,5,117,5,False,True,3.26705863699317,3.4075090661644936,0.9587820820299635,5
26,5,118,15,False,True,35.275404807180166,35.71854904294014,0.9875934424092302,15
26,5,119,9,False,True,4.832709673792124,4.266658797860146,1.1326684187204914,9
26,5,120,13,False,True,11.48273004218936,10.975135955959558,1.0462494577075534,13
26,5,121,6,False,True,4.077109042555094,4.09506494179368,0.9956152345582286,6
26,5,122,14,False,True,19.201005343347788,18.667399417608976,1.0285849096492499,14
26,5,123,6,False,True,3.916211426258087,4.028265830129385,0.9721829669151455,6
26,5,124,12,False,True,8.104275912046432,7.751774974167348,1.0454735772198998,12
26,5,125,9,False,True,5.176016129553318,4.917264450341463,1.052621062345729,9
26,5,126,10,False,True,4.9223145470023155,4.486266989260912,1.097196078339787,10
26,5,127,9,False,True,5.018166266381741,4.686363972723484,1.070801648269208,9
26,5,128,7,False,True,3.8093142211437225,4.052110016345978,0.9400816379064657,7
26,5,129,10,False,True,5.4902140982449055,5.6383199989795685,0.9737322640854957,10
26,5,130,12,False,True,9.794579818844795,8.980773855000734,1.0906164632339463,12
26,5,131,7,False,True,4.500614013522863,4.671409260481596,0.9634381751983074,7
26,5,132,6,False,True,2.9611587524414062,3.6831083707511425,0.8039836068786377,6
26,5,133,9,False,True,4.582761321216822,4.390364047139883,1.0438226242769724,9
26,5,134,7,False,True,3.422058653086424,3.557510208338499,0.9619251815681124,7
26,5,135,9,False,True,5.1285140216350555,4.6899099834263325,1.0935207796650053,9
26,5,136,5,False,True,3.6682141944766045,4.288209602236748,0.855418586013904,5
26,5,137,12,False,True,7.606020662933588,7.730871438980102,0.9838503618858543,12
26,5,138,13,False,True,13.96229024976492,14.564688317477703,0.9586398243078156,13
26,5,139,10,False,True,5.2467151544988155,5.81696629524231,0.9019676044521864,10
26,5,140,12,False,True,7.2807190008461475,7.652223575860263,0.9514514217558847,12
26,5,141,4,False,True,2.6443088427186012,3.3140555024147034,0.7979072290104653,4
26,5,142,12,False,True,8.598174899816513,8.725225925445557,0.9854386549168289,12
26,5,143,8,False,True,4.104110412299633,4.257916007190943,0.9638777292385391,8
26,5,144,10,False,True,5.029614549130201,4.857312887907028,1.0354726296615857,10
26,5,145,14,False,True,16.395444981753826,15.412494540214539,1.0637762069582284,14
26,5,146,9,False,True,4.51146624982357,4.734259564429522,0.9529401986574858,9
26,5,147,8,False,True,4.510914441198111,4.320614971220493,1.044044533300282,8
26,5,148,6,False,True,3.518611192703247,4.413865972310305,0.7971721875509366,6
26,5,149,14,False,True,16.932000871747732,15.878295525908468,1.0663613637949956,14
26,5,150,6,False,True,3.5925605334341526,3.721711691468954,0.965297914308933,6
26,5,151,11,False,True,6.942269392311573,6.224263925105333,1.115355883980143,11
26,5,152,7,False,True,3.737357910722494,4.205864388495684,0.8886063756466573,7
26,5,153,2,False,True,2.1723564714193344,3.257659263908863,0.6668458225470534,2
26,5,154,9,False,True,4.690163768827915,4.465710371732712,1.0502615213283781,9
26,5,155,11,False,True,6.703920662403107,6.606020033359528,1.014819911012863,11
26,5,156,13,False,True,12.401186395436525,11.938135139644146,1.0387875702842966,13
26,5,157,13,False,True,11.323485523462296,10.255330707877874,1.104156057567592,13
26,5,158,5,False,True,3.500808961689472,3.8451142609119415,0.9104564192740502,5
26,5,159,13,False,True,10.778284631669521,9.91862965747714,1.086670740200924,13
26,5,160,5,False,True,2.8069596737623215,3.4941104240715504,0.8033402878239552,5
26,5,161,9,False,True,3.980065230280161,3.9871595799922948,0.9982207008348165,9
26,5,162,10,False,True,5.533765070140362,5.2900658920407295,1.0460673237485179,10
26,5,163,5,False,True,3.7361611612141132,5.11381309479475,0.7306018213722121,5
26,5,164,9,False,True,4.0594604797661304,4.3822661973536015,0.9263381768587199,9
26,5,165,8,False,True,4.185710567981005,3.675711341202259,1.1387484433453727,8
26,5,166,10,False,True,5.232414696365595,5.262414924800396,0.9942991518412169,10
26,5,167,6,False,True,3.6864588037133217,3.686309792101383,1.0000404229759141,6
26,5,168,9,False,True,5.883264821022749,5.670962855219841,1.037436670142795,9
26,5,169,9,False,True,4.212809726595879,3.8494099862873554,1.0944040103816044,9
26,5,170,11,False,True,7.09952088072896,6.831618957221508,1.0392149979653447,11
26,5,171,11,False,True,6.555819418281317,6.019265856593847,1.0891393692305014,11
26,5,172,14,False,True,25.641825050115585,24.48346931487322,1.047311748198148,14
26,5,173,7,False,True,4.251510836184025,4.117859061807394,1.0324566169872673,7
26,5,174,11,False,True,5.7221646420657635,6.2505691312253475,0.9154629797597332,11
26,5,175,6,False,True,3.7754117511212826,4.144059494137764,0.9110418796984032,6
26,5,176,12,False,True,8.148024789988995,8.304724469780922,0.9811312608428945,12
26,5,177,2,False,True,2.743054646998644,3.2965093851089478,0.8321088541078088,2
26,5,178,9,False,True,4.357465077191591,3.963911440223455,1.0992841648717437,9
26,5,179,5,False,True,3.483809996396303,3.4632603637874126,1.0059336089263637,5
26,5,180,14,False,True,15.86144557222724,18.259098287671804,0.8686872331990559,14
26,5,181,5,False,True,3.1159608624875546,3.540909383445978,0.8799888743425375,5
26,5,182,10,False,True,5.302864592522383,5.190016236156225,1.021743353244254,10
26,5,183,12,False,True,7.985369302332401,7.646470330655574,1.044320968632827,12
26,5,184,16,False,True,69.60144964978099,68.28795885667205,1.0192345885731597,16
26,5,185,8,False,True,4.475060850381851,4.224558360874653,1.0592967283461399,8
26,5,186,10,False,True,4.861913621425629,4.717763513326645,1.030554754957893,10
26,5,187,7,False,True,3.1921593472361565,4.601313266903162,0.6937496236557236,7
26,5,188,7,False,True,4.809466190636158,4.448315594345331,1.0811881685620326,7
26,5,189,9,False,True,4.380815662443638,4.047465045005083,1.0823603449892514,9
26,5,190,11,False,True,7.450524717569351,7.273969240486622,1.0242722331158658,11
26,5,191,7,False,True,4.269015043973923,4.031113348901272,1.0590163745054437,7
26,5,192,12,False,True,10.56687906384468,9.850526694208384,1.072722240330304,12
26,5,193,9,False,True,4.432010464370251,4.122115205973387,1.0751786990202972,9
26,5,194,10,False,True,4.761763848364353,5.14541519805789,0.9254382134529505,10
26,5,195,6,False,True,4.481109790503979,4.352666437625885,1.029509119230407,6
26,5,196,10,False,True,5.995919927954674,5.4118153639137745,1.1079313547789775,10
26,5,197,17,True,,,,,
26,5,198,4,False,True,3.0707032419741154,3.5555590875446796,0.8636344288950109,4
26,5,199,9,False,True,4.7883158549666405,4.60316427052021,1.0402226758736781,9
26,5,200,11,False,True,5.2909646183252335,5.80247025936842,0.911846917230238,11
26,5,201,12,False,True,9.896480478346348,10.335729457437992,0.9575018888700164,12
26,5,202,2,False,True,2.1967547945678234,2.9466580599546432,0.7455071982806303,2
26,5,203,7,False,True,3.856408875435591,4.022058565169573,0.958814699724046,7
26,5,204,10,False,True,4.864558577537537,4.465361125767231,1.0893986937510494,10
26,5,205,4,False,True,2.660260070115328,3.211658913642168,0.8283133862115113,4
26,5,206,8,False,True,3.984458744525909,4.194010980427265,0.9500353630738448,8
26,5,207,5,False,True,2.8656539507210255,3.8377614691853528,0.7466993385936833,5
26,5,208,6,False,True,3.8183596916496754,3.7158094346523285,1.027598362833411,6
26,5,209,8,False,True,4.549964796751738,4.928966518491507,0.9231072639025024,8
26,5,210,10,False,True,5.887518636882305,5.410464946180582,1.0881724020850538,10
26,5,211,15,False,True,32.553146593272686,35.43430007994175,0.9186902667706426,15
26,5,212,10,False,True,6.245819386094809,5.79137122258544,1.0784698728579325,10
26,5,213,10,False,True,5.419466178864241,5.117612890899181,1.0589832201849136,10
26,5,214,11,False,True,5.179364234209061,5.22206537425518,0.9918229403529423,11
26,5,215,10,False,True,5.504614673554897,5.542614962905645,0.9931439781393678,10
26,5,216,12,False,True,8.064324501901865,8.560826536267996,0.9420030259621899,12
26,5,217,2,False,True,2.220403403043747,3.385611344128847,0.6558352915771789,2
26,5,218,8,False,True,5.1409658044576645,5.348566919565201,0.9611856562272548,8
26,5,219,11,False,True,6.105371285229921,6.067620124667883,1.0062217409439593,11
26,5,220,11,False,True,7.794427219778298,7.758669089525939,1.0046087969263482,11
26,5,221,8,False,True,4.775214474648237,4.891164135187864,0.9762940565201103,8
26,5,222,8,False,True,4.017811734229326,3.7584593519568443,1.0690049719807266,8
26,5,223,7,False,True,3.883158788084984,3.887407947331667,0.9989069427998675,7
26,5,224,12,False,True,6.227667909115553,8.004973642528057,0.7779748175596476,12
26,5,225,8,False,True,4.712310619652271,4.45730984210968,1.0572095695779355,8
26,5,226,6,False,True,3.6697089672088623,3.9583095349371438,0.9270899445379366,6
26,5,227,8,False,True,4.378161393105984,5.324964877218008,0.8221953560364749,8
26,5,228,6,False,True,3.748759627342224,3.6559603177011013,1.025383018845094,6
26,5,229,9,False,True,6.0303695499897,5.554815288633108,1.0856111745659167,9
26,5,230,9,False,True,4.941513761878014,4.586759023368359,1.077343225729163,9
26,5,231,9,False,True,5.031365435570478,5.475867073982954,0.9188253417391374,9
26,5,232,6,False,True,3.7116091698408127,4.434364382177591,0.8370104145609581,6
26,5,233,10,False,True,5.425065755844116,5.3155142813920975,1.020609760157267,10
26,5,234,13,False,True,14.64193919673562,14.014588668942451,1.0447641056482402,13
26,5,235,11,False,True,6.513318512588739,6.305614951997995,1.0329394614437932,11
26,5,236,13,False,True,11.491836048662663,10.873680002987385,1.0568488354913377,13
26,5,237,8,False,True,4.098811186850071,4.432559944689274,0.9247051902278112,8
26,5,238,13,False,True,12.872833758592606,12.055884581059217,1.0677635201333033,13
26,5,239,9,False,True,4.732264205813408,4.530209116637707,1.044601713513319,9
26,5,240,2,False,True,2.7536600828170776,3.5773590207099915,0.7697466390361245,2
26,5,241,10,False,True,5.350266583263874,5.660571623593569,0.945181324261259,10
26,5,242,4,False,True,2.9983604326844215,3.7024589255452156,0.8098294925021727,4
26,5,243,12,False,True,9.977980516850948,10.159029625356197,0.9821785037368762,12
26,5,244,9,False,True,4.264661110937595,4.802113398909569,0.8880800507347423,9
26,5,245,10,False,True,6.221521180123091,6.0249632224440575,1.032623926557231,10
26,5,246,5,False,True,2.763455267995596,3.348959144204855,0.8251684027789847,5
26,5,247,10,False,True,6.092265248298645,6.165816448628902,0.9880711336539035,10
26,5,248,5,False,True,3.730610478669405,5.483713466674089,0.680307332128359,5
26,5,249,8,False,True,4.042459186166525,4.593664780259132,0.8800074405817846,8
26,5,250,11,False,True,7.232169155031443,7.009315304458141,1.0317939543155605,11
26,5,251,10,False,True,5.401314701884985,5.5581191554665565,0.9717882166258796,10
26,5,252,8,False,True,3.6596599966287613,3.9686635136604305,0.9221391493715564,8
26,5,253,10,False,True,5.026264116168022,5.089163314551115,0.9876405620147325,10
26,5,254,10,False,True,5.201415624469519,5.466614384204149,0.9514875677895032,10
26,5,255,4,False,True,3.2963603734970093,3.508410882204771,0.9395593857654141,4
26,5,256,9,False,True,4.604461137205362,4.243664443492889,1.0850200807619717,9
26,5,257,12,False,True,10.5372816324234,9.98697942122817,1.0551019670697945,12
26,5,258,0,False,True,1.9247061572968958,5.404565017670393,0.35612600662662197,0
26,5,259,9,False,True,4.993164911866188,4.944165702909231,1.0099105110753317,9
26,5,260,4,False,True,3.0239555053412914,3.489661030471325,0.8665470597105147,4
26,5,261,12,False,True,6.7529198713600636,6.333719938993454,1.0661854228485557,12
26,5,262,10,False,True,4.796865396201611,5.378813948482275,0.891807272410887,10
26,5,263,9,False,True,4.354359116405249,4.239014815539122,1.027210166957498,9
26,5,264,8,False,True,4.360808525234461,4.190816543996334,1.040562973695819,8
26,5,265,11,False,True,5.9510162100195885,6.185818929225206,0.9620417729823483,11
26,5,266,11,False,True,6.344164721667767,5.828519351780415,1.0884693588140597,11
26,5,267,10,False,True,5.614215042442083,5.140264984220266,1.0922034291377511,10
26,5,268,10,False,True,4.606165457516909,4.6060653403401375,1.0000217359436685,10
26,5,269,7,False,True,4.130159504711628,5.3430162370204926,0.7730014885776937,7
26,5,270,9,False,True,4.797808360308409,4.5434641651809216,1.05598023575858,9
26,5,271,9,False,True,5.349770653992891,4.932710435241461,1.0845499090665789,9
26,5,272,13,False,True,11.01278467103839,10.420330800116062,1.0568555722737447,13
26,5,273,12,False,True,7.864525541663169,7.109171710908413,1.1062506099825569,12
26,5,274,13,False,True,14.221644960343838,13.195483479648829,1.0777661146162352,13
26,5,275,11,False,True,4.934363532811403,5.2147661335766315,0.9462291129491344,11
26,5,276,9,False,True,4.474814049899578,4.248714540153742,1.0532159804121966,9
26,5,277,5,False,True,3.304311539977789,3.497160505503416,0.9448555577525983,5
26,5,278,6,False,True,4.170360043644905,4.496714100241661,0.9274238812338065,6
26,5,279,5,False,True,3.2677105627954006,3.8352096453309055,0.8520291887494613,5
26,5,280,8,False,True,4.196665249764919,4.45476034656167,0.9420630793313142,8
26,5,281,11,False,True,5.141559522598982,5.268920212984085,0.9758279333835326,11
26,5,282,9,False,True,4.924859385937452,4.735065158456564,1.0400827066005474,9
26,5,283,9,False,True,4.391360562294722,4.447710234671831,0.9873306332013629,9
26,5,284,9,False,True,5.633265245705843,5.842114333063364,0.9642511126193573,9
26,5,285,8,False,True,4.696615505963564,4.856265150010586,0.9671250149826202,8
26,5,286,10,False,True,5.195466801524162,5.102965515106916,1.0181269667889001,10
26,5,287,8,False,True,3.747108858078718,3.820410929620266,0.9808130400389066,8
26,5,288,3,False,True,3.1488551758229733,3.779861144721508,0.8330610716270039,3
26,5,289,13,False,True,8.728576358407736,8.316319435834885,1.049572040342323,13
26,5,290,11,False,True,6.132770795375109,5.642913747578859,1.0868092389337736,11
26,5,291,8,False,True,4.482166841626167,4.185109864920378,1.070979493082302,8
26,5,292,12,False,True,9.055924601852894,9.938625153154135,0.9111848432052893,12
26,5,293,4,False,True,2.8112088330090046,3.3253105357289314,0.8453973855385413,4
26,5,294,10,False,True,5.365314427763224,5.0851632840931416,1.0550918678553391,10
26,5,295,4,False,True,2.882110420614481,3.4089083783328533,0.8454643248651916,4
26,5,296,9,False,True,5.23116672411561,4.412767011672258,1.1854617998817054,9
26,5,297,11,False,True,6.268064025789499,5.78676350414753,1.083172661418945,11
26,5,298,10,False,True,5.124164745211601,4.674915689975023,1.0960977876456588,10
26,5,299,7,False,True,4.23796009272337,4.363711923360825,0.9711823711450219,7
26,6,0,18,True,,,,,
26,6,1,14,False,True,17.453699838370085,17.621051520109177,0.9905027414766872,14
26,6,2,10,False,True,6.277270149439573,5.9099216014146805,1.062157939275702,10
26,6,3,13,False,True,17.322751227766275,18.408899195492268,0.9409987552111777,13
26,6,4,16,False,True,71.25966949388385,85.46574972569942,0.833780429266581,16
26,6,5,3,False,True,2.6611611247062683,3.5759108141064644,0.7441911342442777,3
26,6,6,11,False,True,6.72386959195137,6.54636649414897,1.0271147510548102,11
26,6,7,11,False,True,5.347714759409428,5.002964753657579,1.0689091414245537,11
26,6,8,17,True,,,,,
26,6,9,16,False,True,80.34197380766273,79.824507702142,1.0064825467818932,16
26,6,10,9,False,True,6.316015496850014,6.246669217944145,1.0111013207977564,9
26,6,11,15,False,True,38.22586499154568,44.99342991039157,0.84958770797594,15
26,6,12,9,False,True,6.414670497179031,6.573868449777365,0.9757832159535038,9
26,6,13,12,False,True,11.662982869893312,10.903580114245415,1.0696471019326712,12
26,6,14,10,False,True,6.295465864241123,6.716020870953798,0.937380330586592,10
26,6,15,13,False,True,15.377195086330175,19.548553973436356,0.7866154758671945,13
26,6,16,17,True,,,,,
26,6,17,15,False,True,34.01719965040684,37.316454108804464,0.9115871393145256,15
26,6,18,17,True,,,,,
26,6,19,11,False,True,7.970873266458511,7.308521308004856,1.0906273554581,11
26,6,20,17,True,,,,,
26,6,21,14,False,True,20.4911595210433,22.34081504866481,0.9172073389626825,14
26,6,22,7,False,True,4.123260732740164,4.562814719974995,0.9036660451474041,7
26,6,23,9,False,True,5.90301351621747,5.722520872950554,1.0315407575217552,9
26,6,24,13,False,True,14.917540829628706,17.07519870251417,0.873637905451269,13
26,6,25,9,False,True,5.366215482354164,5.648215301334858,0.950072756802658,9
26,6,26,10,False,True,6.158314645290375,6.202114745974541,0.9929378764376144,10
26,6,27,11,False,True,7.401020266115665,6.876168772578239,1.0763290592328831,11
26,6,28,17,True,,,,,
26,6,29,11,False,True,7.467768155038357,7.026870734989643,1.0627444899268328,11
26,6,30,18,True,,,,,
26,6,31,10,False,True,6.042970344424248,5.248170346021652,1.1514432546963895,10
26,6,32,10,False,True,5.294964648783207,5.639065057039261,0.9389791738922195,10
26,6,33,14,False,True,20.300555042922497,21.22241072356701,0.9565621600367572,14
26,6,34,10,False,True,4.986266139894724,4.571615718305111,1.090701066568067,10
26,6,35,10,False,True,6.0081202536821365,5.787669215351343,1.0380897784804397,10
26,6,36,18,True,,,,,
26,6,37,15,False,True,41.27021413296461,39.38406007364392,1.0478913056651291,15
26,6,38,18,True,,,,,
26,6,39,15,False,True,52.469142246991396,53.57415648177266,0.9793741179078158,15
26,6,40,13,False,True,12.457836419343948,13.031186535954475,0.9560016952386806,13
26,6,41,14,False,True,24.023670703172684,25.179025251418352,0.954114405275455,14
26,6,42,19,True,,,,,
26,6,43,10,False,True,5.551665090024471,5.2414159290492535,1.0591918605916655,10
26,6,44,18,True,,,,,
26,6,45,8,False,True,4.949364811182022,5.442614201456308,0.9093727073026221,8
26,6,46,17,True,,,,,
26,6,47,14,False,True,22.437414154410362,23.86576496064663,0.9401506380125866,14
26,6,48,8,False,True,4.067209083586931,4.163510166108608,0.9768702179940432,8
26,6,49,14,False,True,21.953415125608444,22.846620995551348,0.9609042461851656,14
26,6,50,12,False,True,9.36177559196949,8.850723970681429,1.0577412224108391,12
26,6,51,16,False,True,82.0457236841321,92.9115223698318,0.8830521940814974,16
26,6,52,17,True,,,,,
26,6,53,7,False,True,4.031509160995483,4.233911167830229,0.9521950275261748,7
26,6,54,7,False,True,3.815710078924894,4.621315747499466,0.8256761250277099,7
26,6,55,6,False,True,4.373316187411547,4.708566702902317,0.9287998797417216,6
26,6,56,19,True,,,,,
26,6,57,16,False,True,105.24030076339841,109.14183221757412,0.9642526483667783,16
26,6,58,19,True,,,,,
26,6,59,12,False,True,10.03252575173974,9.210375137627125,1.0892635318135833,12
26,6,60,23,True,,,,,
26,6,61,12,False,True,9.4349286518991,10.010029654949903,0.9425475225474063,12
26,6,62,13,False,True,16.81234920397401,16.004296485334635,1.05048973688908,13
26,6,63,13,False,True,18.25120532885194,21.17460360750556,0.8619384649251525,13
26,6,64,13,False,True,15.396440867334606,16.327600460499525,0.9429702119783233,13
26,6,65,9,False,True,5.107314791530371,5.386564880609512,0.9481580385146047,9
26,6,66,15,False,True,32.777744345366955,32.130645122379065,1.0201396274654064,15
26,6,67,10,False,True,4.485615063458681,5.066664889454842,0.8853190730641197,10
26,6,68,13,False,True,13.134684413671494,12.665940448641777,1.0370082242949423,13
26,6,69,18,True,,,,,
26,6,70,5,False,True,2.8316606767475605,3.8116658106446266,0.742893217143995,5
26,6,71,17,True,,,,,
26,6,72,11,False,True,6.110963877290487,6.223421078175306,0.9819300028919478,11
26,6,73,18,True,,,,,
26,6,74,5,False,True,3.833409864455461,4.16681170463562,0.9199863435611343,5
26,6,75,13,False,True,14.036339707672596,15.273194294422863,0.9190179498206269,13
26,6,76,13,False,True,11.885084677487612,11.500236578285694,1.0334643636747938,13
26,6,77,9,False,True,5.115065723657608,5.265958607196808,0.9713456001471452,9
26,6,78,10,False,True,5.765114910900593,6.499071605503559,0.8870674552990868,10
26,6,79,14,False,True,28.730579651892185,33.43885065987706,0.8591975826001016,14
26,6,80,11,False,True,7.214269135147333,7.737923879176377,0.9323261959918916,11
26,6,81,20,True,,,,,
26,6,82,0,False,True,1.8982542678713799,10.376928839832544,0.18293025780275202,0
26,6,83,16,False,True,91.90152632072568,89.64299922809005,1.0251946846054198,16
26,6,84,17,True,,,,,
26,6,85,16,False,True,98.34927041083574,108.16206922754645,0.9092768945084899,16
26,6,86,13,False,True,16.929300036281347,17.83950487151742,0.9489781335417382,13
26,6,87,16,False,True,70.51544962450862,77.26645562797785,0.9126269485431823,16
26,6,88,15,False,True,45.69188458845019,44.69412378966808,1.0223242053805015,15
26,6,89,8,False,True,4.442660138010979,4.865115042775869,0.9131665128058611,8
26,6,90,18,True,,,,,
26,6,91,16,False,True,80.5852236226201,89.75600358098745,0.897825442394029,16
26,6,92,12,False,True,12.818535324186087,13.056634925305843,0.9817640914001293,12
26,6,93,12,False,True,11.305883526802063,12.179133482277393,0.9282995003917109,12
26,6,94,18,True,,,,,
26,6,95,12,False,True,8.065274450927973,9.09038120880723,0.8872317085133811,12
26,6,96,14,False,True,17.33910059556365,20.852359011769295,0.8315174597644936,14
26,6,97,9,False,True,5.117915570735931,5.444164853543043,0.9400735849145365,9
26,6,98,9,False,True,4.3532648123800755,4.3553137220442295,0.9995295609467159,9
26,6,99,14,False,True,21.102610044181347,22.91701501235366,0.9208271684949267,14
26,6,100,12,False,True,10.169681627303362,10.376181453466415,0.9800986685623094,12
26,6,101,18,True,,,,,
26,6,102,25,True,,,,,
26,6,103,5,False,True,3.3128587529063225,3.891109954565763,0.8513917086868927,5
26,6,104,17,True,,,,,
26,6,105,19,True,,,,,
26,6,106,15,False,True,60.497422236949205,67.02945102006197,0.9025498689947837,15
26,6,107,11,False,True,5.9027643874287605,6.37521967291832,0.9258919206350598,11
26,6,108,17,True,,,,,
26,6,109,22,True,,,,,
26,6,110,11,False,True,6.997219752520323,6.8220216780900955,1.0256812544282732,11
26,6,111,14,False,True,23.241969756782055,22.40591449663043,1.037314043141482,14
26,6,112,16,False,True,91.93777805194259,91.09578095376492,1.0092429867702108,16
26,6,113,17,True,,,,,
26,6,114,12,False,True,10.462130885571241,12.25488493219018,0.8537110665225529,12
26,6,115,13,False,True,12.765189167112112,11.745435185730457,1.0868213025108304,13
26,6,116,13,False,True,12.872789520770311,16.186796128749847,0.7952648206834809,13
26,6,117,18,True,,,,,
26,6,118,20,True,,,,,
26,6,119,13,False,True,14.284590724855661,16.3693493232131,0.8726425493650455,13
26,6,120,12,False,True,10.022628121078014,9.347724262624979,1.0721998038764906,12
26,6,121,13,False,True,11.627734638750553,10.837835725396872,1.0728834550889779,13
26,6,122,17,True,,,,,
26,6,123,11,False,True,6.356469821184874,6.4430152997374535,0.9865675503585866,11
26,6,124,13,False,True,12.400683481246233,14.20133514329791,0.8732054666774436,13
26,6,125,16,False,True,84.39950179308653,88.20524672046304,0.9568535311800948,16
26,6,126,7,False,True,3.770508337765932,4.552509635686874,0.8282263277839377,7
26,6,127,15,False,True,38.90141611918807,39.61231326684356,0.9820536320899359,15
26,6,128,12,False,True,12.399035040289164,11.551480274647474,1.0733719614707609,12
26,6,129,19,True,,,,,
26,6,130,5,False,True,4.278009291738272,4.71536535769701,0.9072487426144337,5
26,6,131,11,False,True,6.140663754194975,9.096474386751652,0.6750597531652924,11
26,6,132,16,False,True,77.19097193330526,79.63973330333829,0.9692520144347296,16
26,6,133,15,False,True,51.47515330463648,50.064874812960625,1.028169020634618,15
26,6,134,17,True,,,,,
26,6,135,6,False,True,3.7984666414558887,5.336767062544823,0.7117542506426354,6
26,6,136,13,False,True,17.12739933282137,20.901663228869438,0.8194275807278798,13
26,6,137,14,False,True,29.49738409370184,30.842632986605167,0.956383461376739,14
26,6,138,18,True,,,,,
26,6,139,12,False,True,12.425684835761786,12.848086189478636,0.9671234028564692,12
26,6,140,8,False,True,4.525214899331331,4.893215373158455,0.924793730550718,8
26,6,141,22,True,,,,,
26,6,142,16,False,True,112.82882187515497,110.94857472926378,1.0169470148713433,16
26,6,143,18,True,,,,,
26,6,144,14,False,True,21.86076482757926,20.528659224510193,1.0648900441329652,14
26,6,145,9,False,True,4.526565317064524,4.8155151307582855,0.9399960739717867,9
26,6,146,8,False,True,4.638214595615864,4.476865287870169,1.0360406886003166,8
26,6,147,15,False,True,39.468458853662014,38.363111671060324,1.0288127613859728,15
26,6,148,16,False,True,88.1334999576211,89.23652349039912,0.987639326481643,16
26,6,149,6,False,True,4.068959970027208,4.068210255354643,1.0001842861173604,6
26,6,150,19,True,,,,,
26,6,151,13,False,True,16.921251080930233,18.301354721188545,0.9245900830138828,13
26,6,152,7,False,True,4.009015392512083,4.885860253125429,0.8205341914860462,7
26,6,153,16,False,True,90.41550802066922,96.0487755946815,0.9413499283136701,16
26,6,154,15,False,True,51.79339786991477,50.77215610072017,1.020114209197039,15
26,6,155,7,False,True,4.490464925765991,4.821815527975559,0.9312809458829119,7
26,6,156,11,False,True,7.543622050434351,7.1535189636051655,1.0545330331566751,11
26,6,157,15,False,True,42.406823486089706,47.89833910763264,0.8853506045543058,15
26,6,158,13,False,True,11.43898582085967,11.971285566687584,0.9555352896008813,13
26,6,159,16,False,True,74.56722669303417,80.05347335711122,0.9314677248343317,16
26,6,160,13,False,True,13.313735835254192,13.52313905954361,0.9845151910834167,13
26,6,161,19,True,,,,,
26,6,162,13,False,True,15.547149814665318,16.27339981496334,0.955371956164302,13
26,6,163,18,True,,,,,
26,6,164,17,True,,,,,
26,6,165,10,False,True,4.973416216671467,8.041774854063988,0.6184475823963292,10
26,6,166,18,True,,,,,
26,6,167,17,True,,,,,
26,6,168,20,True,,,,,
26,6,169,18,True,,,,,
26,6,170,15,False,True,41.13261355087161,40.013864636421204,1.0279590318159897,15
26,6,171,9,False,True,5.613870453089476,5.681714974343777,0.9880591473594402,9
26,6,172,18,True,,,,,
26,6,173,4,False,True,3.3073616214096546,4.002861678600311,0.8262492903742171,4
26,6,174,12,False,True,8.356673642992973,7.679120171815157,1.0882332163083808,12
26,6,175,11,False,True,6.849018391221762,7.099569775164127,0.9647089342203734,11
26,6,176,7,False,True,4.8806145787239075,4.724361933767796,1.033073809150667,7
26,6,177,14,False,True,23.87446817010641,23.077665828168392,1.0345269902021654,14
26,6,178,8,False,True,4.124913830310106,4.233659710735083,0.9743139770659331,8
26,6,179,7,False,True,3.425753675401211,4.105714615434408,0.834386701531311,7
26,6,180,18,True,,,,,
26,6,181,19,True,,,,,
26,6,182,12,False,True,8.278226014226675,8.325024973601103,0.9943785202419417,12
26,6,183,14,False,True,23.110571783035994,27.591031976044178,0.8376117211962811,14
26,6,184,17,True,,,,,
26,6,185,15,False,True,43.59592450782657,54.05115429311991,0.8065678721939122,15
26,6,186,17,True,,,,,
26,6,187,14,False,True,30.03338584676385,30.137435533106327,0.9965474936900925,14
26,6,188,12,False,True,8.473873604089022,7.817768491804599,1.083924858221655,12
26,6,189,12,False,True,12.452991213649511,14.259640593081713,0.8733033018862533,12
26,6,190,15,False,True,48.64411894232035,51.738403271883726,0.9401936640119524,15
26,6,191,21,True,,,,,
26,6,192,11,False,True,6.230720318853855,6.718519143760204,0.9273948894884984,11
26,6,193,16,False,True,69.73620038479567,68.15920351073146,1.0231369615963295,16
26,6,194,13,False,True,16.767149791121483,17.334700096398592,0.9672592948178537,13
26,6,195,9,False,True,4.436864983290434,5.267965607345104,0.8422349943029488,9
26,6,196,14,False,True,27.811680920422077,29.208785854279995,0.9521683324727036,14
26,6,197,14,False,True,16.931744758039713,18.570099491626024,0.9117745850352009,14
26,6,198,13,False,True,14.080691616982222,14.60603903979063,0.9640321772811078,13
26,6,199,9,False,True,6.0289655812084675,5.611565429717302,1.0743821232629187,9
26,6,200,11,False,True,6.3805654644966125,6.111415568739176,1.0440405161014052,11
26,6,201,13,False,True,17.536249943077564,17.666250932961702,0.992641280236681,13
26,6,202,11,False,True,7.9642259515821925,8.139475248754025,0.978469214314687,11
26,6,203,17,True,,,,,
26,6,204,18,True,,,,,
26,6,205,8,False,True,4.021108616143465,4.4422154314816,0.9052034234193626,8
26,6,206,6,False,True,3.7429085932672024,4.011814016848803,0.9329716127287426,6
26,6,207,16,False,True,96.70152794569731,94.63202441111207,1.021868955540829,16
26,6,208,16,False,True,98.1390243396163,110.8190743252635,0.8855788133689859,16
26,6,209,20,True,,,,,
26,6,210,11,False,True,6.435969844460487,6.881570443511009,0.9352472516690282,11
26,6,211,17,True,,,,,
26,6,212,16,False,True,98.34151715040207,100.19602486863732,0.9814912046594002,16
26,6,213,19,True,,,,,
26,6,214,10,False,True,4.939360078424215,4.841864574700594,1.0201359418916938,10
26,6,215,17,True,,,,,
26,6,216,7,False,True,4.00590943172574,3.9126654155552387,1.0238313288429417,7
26,6,217,16,False,True,83.19922490045428,96.51852305978537,0.8620026732994985,16
26,6,218,21,True,,,,,
26,6,219,21,True,,,,,
26,6,220,8,False,True,4.205410368740559,4.632715135812759,0.9077636430159579,8
26,6,221,15,False,True,38.132909685373306,36.48125799372792,1.0452739785434304,15
26,6,222,9,False,True,3.807258326560259,3.84126091375947,0.991148066230697,9
26,6,223,13,False,True,15.465293545275925,17.284899950027466,0.894728554402269,13
26,6,224,18,True,,,,,
26,6,225,15,False,True,40.63116619363427,43.662325479090214,0.930577236732213,15
26,6,226,16,False,True,96.29452833905816,94.6710235439241,1.0171489092898718,16
26,6,227,11,False,True,6.4936187118291855,6.288464646786451,1.0326238718933678,11
26,6,228,19,True,,,,,
26,6,229,13,False,True,16.072550788521767,18.122349865734577,0.8868910989800205,13
26,6,230,18,True,,,,,
26,6,231,3,False,True,2.6728049851953983,3.648658748716116,0.7325445236926859,3
26,6,232,17,True,,,,,
26,6,233,15,False,True,32.61224599555135,31.444591004401442,1.0371337312349354,15
26,6,234,11,False,True,9.484430775046349,9.095575660467148,1.0427521169736749,11
26,6,235,18,True,,,,,
26,6,236,9,False,True,5.573565140366554,5.528714973479509,1.0081122226597292,9
26,6,237,15,False,True,33.16954476758838,34.852849785238504,0.9517025141983347,15
26,6,238,17,True,,,,,
26,6,239,17,True,,,,,
26,6,240,9,False,True,4.840164911001921,7.892274297773837,0.6132788507321875,9
26,6,241,15,False,True,46.64593143388629,49.49004389345646,0.9425316238212871,15
26,6,242,14,False,True,25.980225764214993,24.886068422347307,1.0439666613182317,14
26,6,243,0,False,True,1.890955027192831,7.452520076185465,0.25373363746249805,0
26,6,244,16,False,True,67.38142110407352,79.78297071531415,0.844558939081217,16
26,6,245,16,False,True,113.22756763547659,112.37332364544272,1.0076018396744155,16
26,6,246,16,False,True,72.2686992958188,71.24145049601793,1.0144192572252342,16
26,6,247,10,False,True,4.669313784688711,5.495715886354446,0.8496279431552047,10
26,6,248,7,False,True,3.6323093809187412,4.0077161975204945,0.9063289918497694,7
26,6,249,11,False,True,7.11777014657855,7.201069965958595,0.9884322996757668,11
26,6,250,2,False,True,2.351959701627493,3.5592098720371723,0.6608095015991036,2
26,6,251,13,False,True,14.732638373970985,14.439346268773079,1.0203120071877623,13
26,6,252,12,False,True,10.747129563242197,10.191579349339008,1.0545107087783425,12
26,6,253,20,True,,,,,
26,6,254,16,False,True,99.95902655646205,98.80878496915102,1.0116410862421812,16
26,6,255,15,False,True,48.86139649897814,48.08265948668122,1.0161957974165847,15
26,6,256,4,False,True,2.6934058405458927,3.5573099739849567,0.7571467935724183,4
26,6,257,20,True,,,,,
26,6,258,11,False,True,7.998119108378888,8.000375237315893,0.9997179971101253,11
26,6,259,21,True,,,,,
26,6,260,16,False,True,120.85660127922893,119.01760008186102,1.0154515062990939,16
26,6,261,12,False,True,10.310080833733082,10.901079513132572,0.9457853069792297,12
26,6,262,19,True,,,,,
26,6,263,18,True,,,,,
26,6,264,11,False,True,5.575965624302626,7.6873693615198135,0.7253411878729139,11
26,6,265,16,False,True,89.8894970305264,90.36925621330738,0.9946911239188628,16
26,6,266,6,False,True,3.8565602153539658,5.444264970719814,0.7083711458011696,6
26,6,267,12,False,True,9.300676174461842,9.349179454147816,0.994812028165268,12
26,6,268,14,False,True,34.15839979425073,34.70485098659992,0.9842543282332435,14
26,6,269,17,True,,,,,
26,6,270,13,False,True,12.078685685992241,11.203130707144737,1.078152705858294,13
26,6,271,11,False,True,8.348820265382528,8.25992552563548,1.0107621720645246,11
26,6,272,12,False,True,13.02823657169938,13.992239255458117,0.9311044739759795,12
26,6,273,12,False,True,8.46092589199543,7.886525709182025,1.072833108518831,12
26,6,274,11,False,True,7.335918489843607,6.724819540977478,1.0908721706422628,11
26,6,275,17,True,,,,,
26,6,276,16,False,True,118.31007432192564,115.89407222345471,1.0208466408343357,16
26,6,277,19,True,,,,,
26,6,278,10,False,True,5.567620974034071,4.918514750897884,1.1319719988676848,10
26,6,279,13,False,True,17.352700233459473,18.936055712401867,0.9163840927070467,13
26,6,280,11,False,True,6.210363935679197,7.20401993021369,0.8620692329893349,11
26,6,281,9,False,True,4.971816670149565,4.846116062253714,1.0259384229104478,9
26,6,282,16,False,True,66.60395301878452,73.17945128306746,0.910145564786376,16
26,6,283,14,False,True,30.66014032810926,29.725884087383747,1.0314290480975814,14
26,6,284,8,False,True,5.293865688145161,5.2081141620874405,1.0164649858641637,8
26,6,285,16,False,True,96.46653197705746,94.74228136241436,1.0181993782485286,16
26,6,286,16,False,True,86.51224197819829,95.10403033345938,0.9096590509872605,16
26,6,287,10,False,True,5.2226148545742035,5.3732143715023994,0.9719721740999351,10
26,6,288,6,False,True,4.319408908486366,4.283962771296501,1.008274146878064,6
26,6,289,12,False,True,8.31282464787364,9.280475787818432,0.8957325936656252,12
26,6,290,14,False,True,22.93342025950551,23.984869476407766,0.9561619787868142,14
26,6,291,15,False,True,44.06227497383952,53.59940696507692,0.8220664643276485,15
26,6,292,14,False,True,30.511789955198765,29.179879929870367,1.0456448082901455,14
26,6,293,10,False,True,7.2245183400809765,6.8451720289886,1.0554180829182793,10
26,6,294,18,True,,,,,
26,6,295,17,True,,,,,
26,6,296,12,False,True,8.490574546158314,10.25402918457985,0.8280232475763339,12
26,6,297,9,False,True,4.663066938519478,5.682769697159529,0.82056236430807,9
26,6,298,14,False,True,16.42664661630988,17.639650031924248,0.931234269760507,14
26,6,299,15,False,True,42.88742085918784,48.98258950561285,0.875564589215387,15
26,8,0,26,True,,,,,
26,8,1,13,False,True,11.871682945638895,12.538440059870481,0.9468229611460556,13
26,8,2,7,False,True,5.093563813716173,5.521364510059357,0.9225190266710748,7
26,8,3,23,True,,,,,
26,8,4,17,True,,,,,
26,8,5,22,True,,,,,
26,8,6,26,True,,,,,
26,8,7,16,False,True,91.45927615463734,96.8072796240449,0.9447561847603119,16
26,8,8,25,True,,,,,
26,8,9,22,True,,,,,
26,8,10,24,True,,,,,
26,8,11,25,True,,,,,
26,8,12,17,True,,,,,
26,8,13,20,True,,,,,
26,8,14,21,True,,,,,
26,8,15,23,True,,,,,
26,8,16,25,True,,,,,
26,8,17,25,True,,,,,
26,8,18,24,True,,,,,
26,8,19,26,True,,,,,
26,8,20,21,True,,,,,
26,8,21,24,True,,,,,
26,8,22,26,True,,,,,
26,8,23,25,True,,,,,
26,8,24,22,True,,,,,
26,8,25,24,True,,,,,
26,8,26,23,True,,,,,
26,8,27,25,True,,,,,
26,8,28,26,True,,,,,
26,8,29,20,True,,,,,
26,8,30,16,False,True,97.86802111193538,131.23563257977366,0.7457427467532093,16
26,8,31,8,False,True,3.7552090361714363,4.182762932032347,0.8977819439426925,8
26,8,32,24,True,,,,,
26,8,33,26,True,,,,,
26,8,34,22,True,,,,,
26,8,35,23,True,,,,,
26,8,36,25,True,,,,,
26,8,37,23,True,,,,,
26,8,38,19,True,,,,,
26,8,39,24,True,,,,,
26,8,40,19,True,,,,,
26,8,41,26,True,,,,,
26,8,42,25,True,,,,,
26,8,43,25,True,,,,,
26,8,44,25,True,,,,,
26,8,45,22,True,,,,,
26,8,46,24,True,,,,,
26,8,47,26,True,,,,,
26,8,48,25,True,,,,,
26,8,49,18,True,,,,,
26,8,50,24,True,,,,,
26,8,51,15,False,True,46.418586280196905,52.772699855268,0.8795946845149557,15
26,8,52,25,True,,,,,
26,8,53,25,True,,,,,
26,8,54,23,True,,,,,
26,8,55,25,True,,,,,
26,8,56,19,True,,,,,
26,8,57,22,True,,,,,
26,8,58,26,True,,,,,
26,8,59,16,False,True,96.6560561209917,102.39029070362449,0.943996305282198,16
26,8,60,26,True,,,,,
26,8,61,20,True,,,,,
26,8,62,23,True,,,,,
26,8,63,24,True,,,,,
26,8,64,23,True,,,,,
26,8,65,26,True,,,,,
26,8,66,25,True,,,,,
26,8,67,26,True,,,,,
26,8,68,22,True,,,,,
26,8,69,14,False,True,28.651533648371696,31.883439514786,0.8986337134387429,14
26,8,70,23,True,,,,,
26,8,71,22,True,,,,,
26,8,72,25,True,,,,,
26,8,73,24,True,,,,,
26,8,74,26,True,,,,,
26,8,75,23,True,,,,,
26,8,76,26,True,,,,,
26,8,77,20,True,,,,,
26,8,78,12,False,True,11.065031867474318,12.802483979612589,0.8642878901543568,12
26,8,79,24,True,,,,,
26,8,80,7,False,True,3.8092583417892456,4.802865441888571,0.7931220201520738,7
26,8,81,25,True,,,,,
26,8,82,25,True,,,,,
26,8,83,25,True,,,,,
26,8,84,22,True,,,,,
26,8,85,25,True,,,,,
26,8,86,17,True,,,,,
26,8,87,14,False,True,30.46389203518629,32.195691019296646,0.9462102247449079,14
26,8,88,18,True,,,,,
26,8,89,21,True,,,,,
26,8,90,10,False,True,6.219365168362856,6.609419360756874,0.9409851045751542,10
26,8,91,15,False,True,32.07249566912651,45.09242484346032,0.7112612768212648,15
26,8,92,24,True,,,,,
26,8,93,13,False,True,14.598038978874683,19.07480414956808,0.7653047897325453,13
26,8,94,22,True,,,,,
26,8,95,25,True,,,,,
26,8,96,22,True,,,,,
26,8,97,15,False,True,57.34190344810486,60.15192484483123,0.9532845972265204,15
26,8,98,21,True,,,,,
26,8,99,24,True,,,,,
26,8,100,25,True,,,,,
26,8,101,20,True,,,,,
26,8,102,21,True,,,,,
26,8,103,18,True,,,,,
26,8,104,15,False,True,52.317650988698006,58.69567394256592,0.891337427011932,15
26,8,105,19,True,,,,,
26,8,106,17,True,,,,,
26,8,107,17,True,,,,,
26,8,108,9,False,True,5.085666198283434,5.79851446673274,0.8770636388787055,9
26,8,109,10,False,True,5.429764278233051,5.947614554315805,0.9129314330386485,10
26,8,110,25,True,,,,,
26,8,111,25,True,,,,,
26,8,112,22,True,,,,,
26,8,113,20,True,,,,,
26,8,114,24,True,,,,,
26,8,115,25,True,,,,,
26,8,116,25,True,,,,,
26,8,117,25,True,,,,,
26,8,118,25,True,,,,,
26,8,119,24,True,,,,,
26,8,120,24,True,,,,,
26,8,121,25,True,,,,,
26,8,122,24,True,,,,,
26,8,123,21,True,,,,,
26,8,124,24,True,,,,,
26,8,125,21,True,,,,,
26,8,126,26,True,,,,,
26,8,127,16,False,True,108.97405445575714,114.41759997978806,0.9524238794993731,16
26,8,128,24,True,,,,,
26,8,129,24,True,,,,,
26,8,130,26,True,,,,,
26,8,131,23,True,,,,,
26,8,132,21,True,,,,,
26,8,133,23,True,,,,,
26,8,134,19,True,,,,,
26,8,135,16,False,True,81.35723182931542,92.39577921107411,0.8805297441505243,16
26,8,136,22,True,,,,,
26,8,137,23,True,,,,,
26,8,138,26,True,,,,,
26,8,139,25,True,,,,,
26,8,140,25,True,,,,,
26,8,141,22,True,,,,,
26,8,142,24,True,,,,,
26,8,143,26,True,,,,,
26,8,144,23,True,,,,,
26,8,145,9,False,True,4.68740938231349,5.098914261907339,0.9192955875590819,9
26,8,146,22,True,,,,,
26,8,147,20,True,,,,,
26,8,148,24,True,,,,,
26,8,149,24,True,,,,,
26,8,150,17,True,,,,,
26,8,151,12,False,True,10.572434403002262,12.941586319357157,0.81693496779361,12
26,8,152,23,True,,,,,
26,8,153,24,True,,,,,
26,8,154,25,True,,,,,
26,8,155,22,True,,,,,
26,8,156,25,True,,,,,
26,8,157,16,False,True,110.24080449715257,114.97233062982559,0.9588463928081354,16
26,8,158,24,True,,,,,
26,8,159,24,True,,,,,
26,8,160,22,True,,,,,
26,8,161,24,True,,,,,
26,8,162,25,True,,,,,
26,8,163,18,True,,,,,
26,8,164,23,True,,,,,
26,8,165,17,True,,,,,
26,8,166,25,True,,,,,
26,8,167,23,True,,,,,
26,8,168,25,True,,,,,
26,8,169,24,True,,,,,
26,8,170,24,True,,,,,
26,8,171,26,True,,,,,
26,8,172,24,True,,,,,
26,8,173,24,True,,,,,
26,8,174,22,True,,,,,
26,8,175,25,True,,,,,
26,8,176,25,True,,,,,
26,8,177,26,True,,,,,
26,8,178,23,True,,,,,
26,8,179,20,True,,,,,
26,8,180,25,True,,,,,
26,8,181,18,True,,,,,
26,8,182,17,True,,,,,
26,8,183,25,True,,,,,
26,8,184,25,True,,,,,
26,8,185,23,True,,,,,
26,8,186,20,True,,,,,
26,8,187,12,False,True,8.136620745062828,9.378273971378803,0.8676032252730802,12
26,8,188,25,True,,,,,
26,8,189,24,True,,,,,
26,8,190,21,True,,,,,
26,8,191,25,True,,,,,
26,8,192,24,True,,,,,
26,8,193,19,True,,,,,
26,8,194,19,True,,,,,
26,8,195,23,True,,,,,
26,8,196,23,True,,,,,
26,8,197,26,True,,,,,
26,8,198,24,True,,,,,
26,8,199,23,True,,,,,
26,8,200,25,True,,,,,
26,8,201,24,True,,,,,
26,8,202,23,True,,,,,
26,8,203,26,True,,,,,
26,8,204,25,True,,,,,
26,8,205,23,True,,,,,
26,8,206,20,True,,,,,
26,8,207,21,True,,,,,
26,8,208,20,True,,,,,
26,8,209,22,True,,,,,
26,8,210,25,True,,,,,
26,8,211,26,True,,,,,
26,8,212,22,True,,,,,
26,8,213,8,False,True,4.0165637619793415,4.537513013929129,0.8851905767871978,8
26,8,214,18,True,,,,,
26,8,215,17,True,,,,,
26,8,216,22,True,,,,,
26,8,217,25,True,,,,,
26,8,218,26,True,,,,,
26,8,219,15,False,True,43.93712384626269,54.323256481438875,0.8088087256196633,15
26,8,220,21,True,,,,,
26,8,221,19,True,,,,,
26,8,222,24,True,,,,,
26,8,223,25,True,,,,,
26,8,224,22,True,,,,,
26,8,225,26,True,,,,,
26,8,226,26,True,,,,,
26,8,227,26,True,,,,,
26,8,228,22,True,,,,,
26,8,229,25,True,,,,,
26,8,230,24,True,,,,,
26,8,231,23,True,,,,,
26,8,232,20,True,,,,,
26,8,233,18,True,,,,,
26,8,234,25,True,,,,,
26,8,235,24,True,,,,,
26,8,236,26,True,,,,,
26,8,237,24,True,,,,,
26,8,238,23,True,,,,,
26,8,239,11,False,True,7.9175690189003936,7.8530702739953995,1.008213188301469,11
26,8,240,25,True,,,,,
26,8,241,24,True,,,,,
26,8,242,25,True,,,,,
26,8,243,15,False,True,76.5757285989821,90.64077166840434,0.8448265299320586,15
26,8,244,24,True,,,,,
26,8,245,26,True,,,,,
26,8,246,25,True,,,,,
26,8,247,25,True,,,,,
26,8,248,21,True,,,,,
26,8,249,26,True,,,,,
26,8,250,17,True,,,,,
26,8,251,26,True,,,,,
26,8,252,17,True,,,,,
26,8,253,21,True,,,,,
26,8,254,23,True,,,,,
26,8,255,26,True,,,,,
26,8,256,18,True,,,,,
26,8,257,23,True,,,,,
26,8,258,14,False,True,34.969651605933905,37.19791071489453,0.9400971972313379,14
26,8,259,24,True,,,,,
26,8,260,24,True,,,,,
26,8,261,26,True,,,,,
26,8,262,26,True,,,,,
26,8,263,22,True,,,,,
26,8,264,25,True,,,,,
26,8,265,26,True,,,,,
26,8,266,21,True,,,,,
26,8,267,26,True,,,,,
26,8,268,26,True,,,,,
26,8,269,11,False,True,6.588720716536045,6.771469488739967,0.9730119477747321,11
26,8,270,15,False,True,65.09843515232205,84.47973523288965,0.7705804826786191,15
26,8,271,24,True,,,,,
26,8,272,15,False,True,22.822769824415445,34.461296163499355,0.6622725307874177,15
26,8,273,25,True,,,,,
26,8,274,26,True,,,,,
26,8,275,21,True,,,,,
26,8,276,26,True,,,,,
26,8,277,17,True,,,,,
26,8,278,25,True,,,,,
26,8,279,24,True,,,,,
26,8,280,26,True,,,,,
26,8,281,25,True,,,,,
26,8,282,25,True,,,,,
26,8,283,25,True,,,,,
26,8,284,22,True,,,,,
26,8,285,26,True,,,,,
26,8,286,21,True,,,,,
26,8,287,18,True,,,,,
26,8,288,25,True,,,,,
26,8,289,26,True,,,,,
26,8,290,26,True,,,,,
26,8,291,25,True,,,,,
26,8,292,23,True,,,,,
26,8,293,26,True,,,,,
26,8,294,15,False,True,48.29704063013196,50.7310451939702,0.9520213992333132,15
26,8,295,25,True,,,,,
26,8,296,25,True,,,,,
26,8,297,26,True,,,,,
26,8,298,22,True,,,,,
26,8,299,26,True,,,,,
28,4,0,7,False,True,3.662558738142252,3.555859439074993,1.0300066132802526,7
28,4,1,7,False,True,3.654109314084053,3.6852597258985043,0.9915472954061992,7
28,4,2,6,False,True,3.8071582093834877,3.9168586954474445,0.9719927384177883,6
28,4,3,5,False,True,3.305608406662941,3.972209524363279,0.8321837975535316,5
28,4,4,3,False,True,2.6598083786666393,3.4497608430683613,0.7710123975727241,3
28,4,5,9,False,True,4.793764092028141,4.584714770317078,1.04559701795726,9
28,4,6,7,False,True,3.3505097962915897,3.302609547972679,1.0145037575962663,7
28,4,7,7,False,True,3.673611208796501,3.9568147622048855,0.9284263807056329,7
28,4,8,5,False,True,3.413660451769829,3.6736601032316685,0.9292259914756072,5
28,4,9,6,False,True,3.707660362124443,3.7881103344261646,0.978762505524035,6
28,4,10,7,False,True,4.190958570688963,4.243615549057722,0.9875914823668578,7
28,4,11,9,False,True,4.954515025019646,4.591059405356646,1.0791659587847928,9
28,4,12,2,False,True,2.640155144035816,3.1323102302849293,0.8428779239391162,2
28,4,13,0,False,True,1.9044103100895882,4.025159869343042,0.47312662649605824,0
28,4,14,7,False,True,3.754559438675642,3.8208649493753915,0.9826464657667138,7
28,4,15,9,False,True,4.605664871633053,4.4254120439291,1.040731309517546,9
28,4,16,5,False,True,3.302560653537512,3.5219104029238224,0.9377185321908784,5
28,4,17,5,False,True,3.498408477753401,3.770210314542055,0.9279080438191235,5
28,4,18,8,False,True,3.776559606194496,3.6644586361944675,1.0305914136655245,8
28,4,19,7,False,True,3.971864935010671,4.101058002561331,0.9684976248885113,7
28,4,20,3,False,True,2.7766614221036434,3.1666550785303116,0.8768436578171092,3
28,4,21,8,False,True,4.051062278449535,4.035115707665682,1.0039519488260422,8
28,4,22,7,False,True,4.810665268450975,4.800714086741209,1.0020728544816384,7
28,4,23,3,False,True,2.8738053515553474,3.242660313844681,0.886249274796225,3
28,4,24,9,False,True,3.9121601730585094,3.7358608096837997,1.0471910952671792,9
28,4,25,5,False,True,3.139760810881853,3.440259024500847,0.9126524452144723,5
28,4,26,0,False,True,1.898955088108778,4.586614668369293,0.41402106464372446,0
28,4,27,7,False,True,3.598509356379509,3.4550088457763195,1.0415340501309038,7
28,4,28,5,False,True,3.2881111837923527,3.451160155236721,0.9527553158618381,5
28,4,29,8,False,True,4.518113564699888,4.682708531618118,0.9648504779217266,8
28,4,30,6,False,True,3.4971581771969795,3.6828103475272655,0.949589538202819,6
28,4,31,4,False,True,3.6415597423911095,3.97935975342989,0.9151119697716136,4
28,4,32,4,False,True,3.0511105433106422,3.455758560448885,0.882906166602773,4
28,4,33,6,False,True,3.3483095467090607,3.7811603397130966,0.8855243485821394,6
28,4,34,4,False,True,3.184559755027294,3.6068586632609367,0.8829178108543225,4
28,4,35,7,False,True,3.401460126042366,3.509011585265398,0.9693499275765721,7
28,4,36,2,False,True,2.458910457789898,3.359452821314335,0.7319377852813205,2
28,4,37,10,False,True,4.6942150220274925,4.509214777499437,1.0410271529870765,10
28,4,38,5,False,True,3.141856286674738,4.091314040124416,0.7679332986570726,5
28,4,39,4,False,True,3.208010457456112,3.4712092019617558,0.9241766401296422,4
28,4,40,10,False,True,4.515110049396753,4.266065079718828,1.0583781459082522,10
28,4,41,2,False,True,2.4611037224531174,2.928660251200199,0.8403513932503875,2
28,4,42,2,False,True,2.389908768236637,2.898206003010273,0.8246165958369819,2
28,4,43,7,False,True,3.43110878020525,3.8691633380949497,0.8867831312323496,7
28,4,44,5,False,True,3.2891100272536278,3.3867615275084972,0.9711667032173039,5
28,4,45,3,False,True,2.531604841351509,3.3836602233350277,0.7481853006080765,3
28,4,46,4,False,True,3.0419090762734413,3.7059583701193333,0.820815770840807,4
28,4,47,9,False,True,4.36476431787014,4.414510913193226,0.9887311196412693,9
28,4,48,3,False,True,2.7930550277233124,3.3391104079782963,0.8364668089589767,3
28,4,49,7,False,True,3.731008619070053,4.062459338456392,0.9184113139918146,7
28,4,50,7,False,True,3.0641048215329647,3.401010762900114,0.9009394662780007,7
28,4,51,5,False,True,3.3110613003373146,3.522310871630907,0.9400252905003301,5
28,4,52,4,False,True,2.6407092809677124,3.117755986750126,0.8469903649260007,4
28,4,53,8,False,True,3.7251110188663006,4.013909492641687,0.9280505765501655,8
28,4,54,7,False,True,3.9192102849483494,4.091509617865086,0.9578885670549541,7
28,4,55,9,False,True,4.300163127481937,4.270616918802261,1.0069184872446866,9
28,4,56,8,False,True,3.4898612648248672,3.674763720482588,0.9496831715663508,8
28,4,57,7,False,True,3.277307841926813,3.5042082890868187,0.9352491551753236,7
28,4,58,9,False,True,4.283066373318434,4.193058703094721,1.0214658741021876,9
28,4,59,6,False,True,3.3390591852366924,3.4416094422340393,0.9702028197218163,6
28,4,60,10,False,True,4.276665858924389,4.197459202259779,1.0188701433052565,10
28,4,61,5,False,True,3.489009104669094,3.6981096491217613,0.9434574514299962,5
28,4,62,8,False,True,3.5947607830166817,3.6128610372543335,0.9949900496999443,8
28,4,63,1,False,True,1.8912553787231445,3.0159554444253445,0.6270833285083565,1
28,4,64,10,False,True,4.801666364073753,4.529014695435762,1.0602011004540928,10
28,4,65,5,False,True,3.228860441595316,3.5500596277415752,0.9095228757184016,5
28,4,66,6,False,True,4.1810586117208,4.451859276741743,0.9391713331021689,6
28,4,67,5,False,True,3.10755567625165,3.7914118729531765,0.819630201197618,5
28,4,68,5,False,True,3.217009361833334,3.8301595486700535,0.8399152361552082,5
28,4,69,7,False,True,4.096559714525938,4.079416394233704,1.0042023953025405,7
28,4,70,12,False,True,8.289576508104801,8.06382391601801,1.0279957244153555,12
28,4,71,5,False,True,3.521861508488655,4.2457133531570435,0.8295099587610775,5
28,4,72,6,False,True,3.7141097709536552,4.036561585962772,0.9201172066517082,6
28,4,73,7,False,True,3.3526099286973476,3.5870587453246117,0.9346403743922941,7
28,4,74,4,False,True,3.327210433781147,3.7240167148411274,0.8934466970895675,4
28,4,75,6,False,True,3.2791588455438614,3.5260082222521305,0.9299918317970904,6
28,4,76,7,False,True,3.0297553166747093,3.7782592698931694,0.8018918502541981,7
28,4,77,6,False,True,3.670810256153345,3.700160887092352,0.9920677419618715,6
28,4,78,6,False,True,3.799858968704939,3.901915624737739,0.9738444738820666,6
28,4,79,7,False,True,3.5608583129942417,3.5389605909585953,1.006187613982363,7
28,4,80,4,False,True,3.044959157705307,3.569710534065962,0.8529988996718583,4
28,4,81,7,False,True,3.700109664350748,4.145309794694185,0.8926014815796701,7
28,4,82,7,False,True,3.7384103052318096,3.7582102231681347,0.9947315565759827,7
28,4,83,3,False,True,2.4710549041628838,3.281109966337681,0.7531155400198407,3
28,4,84,4,False,True,2.9777083545923233,3.6565097980201244,0.8143580953084417,4
28,4,85,3,False,True,2.795010805130005,3.5940087400376797,0.7776861458329959,3
28,4,86,10,False,True,4.702764563262463,4.494865424931049,1.046252583487436,10
28,4,87,5,False,True,3.232508897781372,3.694763872772455,0.874889169941943,5
28,4,88,6,False,True,3.0796113424003124,3.27476067468524,0.9404080628567812,6
28,4,89,2,False,True,2.394355833530426,2.928110770881176,0.8177135432652626,2
28,4,90,4,False,True,3.063410986214876,3.3717090263962746,0.9085632722848237,4
28,4,91,8,False,True,3.9962609298527245,3.963764756917954,1.0081983101741987,8
28,4,92,1,False,True,1.9341055303812027,3.0625099316239357,0.6315426149020252,1
28,4,93,6,False,True,3.236557822674513,3.4300098195672035,0.9436001623700598,6
28,4,94,7,False,True,3.751909825950861,3.7163146771490574,1.009578077179705,7
28,4,95,4,False,True,2.4565053172409534,3.25395492836833,0.7549291158967432,4
28,4,96,5,False,True,3.2776594161987305,3.8806651718914513,0.8446127844111804,5
28,4,97,7,False,True,3.7213601171970367,3.738710656762123,0.9953592184156576,7
28,4,98,2,False,True,2.4038041010499,3.07540874928236,0.781621012690044,2
28,4,99,4,False,True,3.238909412175417,3.6328588612377644,0.8915593850160962,4
28,4,100,4,False,True,3.648209385573864,4.3980637565255165,0.8295035241726374,4
28,4,101,7,False,True,4.0198094211518764,4.044114612042904,0.9939899846511151,7
28,4,102,5,False,True,3.53566138073802,3.6868592724204063,0.9589900561669321,5
28,4,103,2,False,True,2.5735562667250633,3.1649600714445114,0.8131402003913664,2
28,4,104,7,False,True,3.5458593629300594,3.720561508089304,0.9530441454120825,7
28,4,105,6,False,True,3.2947096042335033,3.3125095069408417,0.9946264598878761,6
28,4,106,2,False,True,2.4523097090423107,3.445860929787159,0.7116682184831478,2
28,4,107,6,False,True,3.609613049775362,3.751611802726984,0.9621499343699672,6
28,4,108,8,False,True,3.841710276901722,3.80111625418067,1.010679500443167,8
28,4,109,5,False,True,2.8780056163668633,3.2668584026396275,0.8809704191774671,5
28,4,110,11,False,True,4.853063728660345,4.4815149158239365,1.0829069678033412,11
28,4,111,7,False,True,3.9657601155340676,4.088610876351595,0.9699529340079555,7
28,4,112,7,False,True,3.75411007553339,4.233613144606352,0.886739044713178,7
28,4,113,6,False,True,3.6698090843856335,3.8272119127213955,0.958872716764764,6
28,4,114,9,False,True,4.651565104722977,4.3718586675822735,1.063978837928763,9
28,4,115,7,False,True,4.381909966468811,4.296659026294947,1.019841216082575,7
28,4,116,4,False,True,3.0543608590960503,3.425460308790207,0.8916643556657586,4
28,4,117,2,False,True,2.389454748481512,3.0151591636240482,0.7924804691270508,2
28,4,118,7,False,True,3.865959588438272,4.162914119660854,0.9286666689038556,7
28,4,119,7,False,True,3.3312547020614147,3.468708600848913,0.9603731778582212,7
28,4,120,4,False,True,2.667410299181938,3.7009106017649174,0.7207443211165069,4
28,4,121,5,False,True,3.2917107455432415,3.8826162926852703,0.8478073797157663,5
28,4,122,5,False,True,3.0346610583364964,3.219360951334238,0.9426283986822931,5
28,4,123,3,False,True,2.659708261489868,3.4561590291559696,0.7695560994308173,3
28,4,124,4,False,True,2.821912057697773,3.2165111042559147,0.8773207883423659,4
28,4,125,7,False,True,3.5400106571614742,3.6234594881534576,0.9769698457331147,7
28,4,126,5,False,True,3.3888593316078186,3.566909581422806,0.9500827689206619,5
28,4,127,6,False,True,3.337159287184477,3.775365184992552,0.8839301957993397,6
28,4,128,10,False,True,4.684710875153542,4.554116167128086,1.0286761916545073,10
28,4,129,7,False,True,3.953063860535621,4.072210285812616,0.9707415833381455,7
28,4,130,5,False,True,3.0470057390630245,3.718461375683546,0.819426486177474,5
28,4,131,3,False,True,2.5882036425173283,3.351911436766386,0.7721575260395864,3
28,4,132,3,False,True,2.927510067820549,3.384209703654051,0.8650498415212311,3
28,4,133,8,False,True,3.991560079157352,4.056610632687807,0.9839643092668832,8
28,4,134,5,False,True,3.101159818470478,3.486459609121084,0.8894868049976526,5
28,4,135,8,False,True,4.298610147088766,4.214267246425152,1.0200136573529266,8
28,4,136,8,False,True,3.7617655470967293,3.930858802050352,0.9569831267240066,8
28,4,137,4,False,True,2.997610718011856,3.4182099625468254,0.8769533618053144,4
28,4,138,8,False,True,4.035464953631163,4.1924137622118,0.9625636166937312,8
28,4,139,5,False,True,3.258159849792719,3.5301106981933117,0.9229625154418598,5
28,4,140,4,False,True,2.9705092310905457,3.2556592486798763,0.9124140471073701,4
28,4,141,8,False,True,3.616814501583576,3.7253648042678833,0.9708618327633447,8
28,4,142,3,False,True,2.8302078135311604,3.362111747264862,0.8417946892555207,3
28,4,143,4,False,True,3.3429102040827274,3.8394122384488587,0.870682801551229,4
28,4,144,8,False,True,4.454359877854586,4.444113001227379,1.0023057191894933,8
28,4,145,0,False,True,1.8935534171760082,3.4624594263732433,0.5468810414796434,0
28,4,146,5,False,True,3.2104598358273506,3.453709650784731,0.9295685394682467,5
28,4,147,8,False,True,4.459263291209936,4.3548643589019775,1.0239729469632164,8
28,4,148,7,False,True,3.5774102434515953,3.6507099866867065,0.9799217841180432,7
28,4,149,10,False,True,4.6112085692584515,4.4843158684670925,1.028297003269472,10
28,4,150,3,False,True,2.9969587922096252,3.634360618889332,0.8246178919706383,3
28,4,151,7,False,True,4.050908610224724,3.9443164132535458,1.0270242510496903,7
28,4,152,9,False,True,4.323059692978859,4.1695102117955685,1.0368267430425997,9
28,4,153,9,False,True,4.384960047900677,4.742015153169632,0.9247039299251724,9
28,4,154,4,False,True,2.9010605067014694,3.2953056506812572,0.880361585305969,4
28,4,155,11,False,True,5.51961362361908,5.1323650404810905,1.0754522681227074,11
28,4,156,5,False,True,2.9691611416637897,3.3818581141531467,0.8779673899498588,5
28,4,157,5,False,True,3.335310611873865,3.607210237532854,0.9246232939710899,5
28,4,158,5,False,True,3.4145591780543327,3.536760341376066,0.965448277087899,5
28,4,159,3,False,True,2.829108852893114,3.242103848606348,0.8726151243147982,3
28,4,160,6,False,True,3.552911803126335,3.626360557973385,0.97974587643097,6
28,4,161,3,False,True,2.41405563428998,3.1924108043313026,0.7561857737778329,3
28,4,162,4,False,True,2.691461704671383,3.4049595706164837,0.7904533516044308,4
28,4,163,7,False,True,3.9965147152543072,4.006358794867992,0.9975428861672861,7
28,4,164,0,False,True,1.9217096269130707,4.010261036455631,0.47919813933397354,0
28,4,165,6,False,True,3.843461163341999,3.9836112409830093,0.9648183346308596,6
28,4,166,6,False,True,3.482559695839882,3.647764679044485,0.9547106247961483,6
28,4,167,4,False,True,3.028404898941517,3.641510847955942,0.8316341830044047,4
28,4,168,8,False,True,4.0930090472102165,3.9790105074644093,1.0286499720299689,8
28,4,169,4,False,True,3.0474597588181496,3.4561590291559696,0.8817475507087332,4
28,4,170,5,False,True,3.3246097154915333,3.898111172020435,0.8528770906675682,5
28,4,171,0,False,True,1.8881051801145077,3.564360085874796,0.5297178552741852,0
28,4,172,7,False,True,3.8051651790738106,4.186215810477734,0.9089749194367412,7
28,4,173,4,False,True,2.642860636115074,2.9934034682810307,0.8828948934280294,4
28,4,174,8,False,True,4.3031154200434685,4.208965692669153,1.0223688512211677,8
28,4,175,6,False,True,3.367310855537653,3.73160932213068,0.90237497145467,6
28,4,176,3,False,True,2.8118561021983624,3.3865589648485184,0.8302988760522401,3
28,4,177,9,False,True,3.976859152317047,3.91331035643816,1.0162391402906077,9
28,4,178,8,False,True,4.514360334724188,4.2849150486290455,1.0535472193710242,8
28,4,179,5,False,True,3.0897092074155807,3.4252088516950607,0.902049872341814,5
28,4,180,6,False,True,3.896960988640785,4.203165881335735,0.9271489868970766,6
28,4,181,4,False,True,2.8338097035884857,3.6784098483622074,0.7703898750842635,4
28,4,182,4,False,True,2.830259036272764,3.1698564998805523,0.8928666128512174,4
28,4,183,4,False,True,3.1145592220127583,3.410161007195711,0.9133173523011935,4
28,4,184,5,False,True,3.5690609365701675,3.9271148853003983,0.9088251912185039,5
28,4,185,3,False,True,2.777709160000086,3.182955551892519,0.8726823591201321,3
28,4,186,2,False,True,2.3860111832618713,2.940606791526079,0.8114009632765655,2
28,4,187,7,False,True,3.2101618126034737,4.07366082072258,0.7880287421754617,7
28,4,188,2,False,True,2.43625370785594,3.3367611467838287,0.7301252923674647,2
28,4,189,6,False,True,3.380861598998308,3.6361603997647762,0.9297889056866184,6
28,4,190,6,False,True,3.5606580786406994,3.8160593248903747,0.9330719927272063,6
28,4,191,9,False,True,4.499510396271944,4.204011056572199,1.0702898578817452,9
28,4,192,6,False,True,3.330460749566555,3.5453098826110363,0.9393990539167623,6
28,4,193,7,False,True,3.1101121567189693,3.271161112934351,0.9507670363350234,7
28,4,194,5,False,True,3.4962594509124756,4.260358400642872,0.8206491384351381,5
28,4,195,10,False,True,4.375460557639599,4.285164177417755,1.021071860139617,10
28,4,196,7,False,True,3.737914375960827,3.8730097003281116,0.9651187745912849,7
28,4,197,7,False,True,4.4113583862781525,4.43676020950079,0.9942746909854984,7
28,4,198,4,False,True,3.3539533615112305,3.71451023966074,0.9029328619693238,4
28,4,199,4,False,True,2.2849556989967823,2.891209442168474,0.790311371314218,4
28,4,200,1,False,True,1.9099051132798195,3.0412105843424797,0.6280081764521241,1
28,4,201,8,False,True,3.7929113022983074,3.7859613075852394,1.0018357278768655,8
28,4,202,8,False,True,3.961364272981882,3.919159062206745,1.0107689456093094,8
28,4,203,4,False,True,3.236152697354555,3.5230605863034725,0.9185628853320539,4
28,4,204,3,False,True,2.6675104163587093,3.480610903352499,0.7663914440391435,3
28,4,205,7,False,True,3.6257109604775906,3.924109041690826,0.9239577498884534,7
28,4,206,6,False,True,3.752908669412136,3.9508100599050517,0.9499086548094717,6
28,4,207,11,False,True,5.3130160085856915,5.121114663779736,1.0374725733370553,11
28,4,208,3,False,True,2.9477057978510857,3.542308695614338,0.8321425519748128,3
28,4,209,6,False,True,3.323860000818968,4.01731114834547,0.8273842573005329,6
28,4,210,4,False,True,2.8283102437853813,3.8465089164674287,0.7352927824181038,4
28,4,211,4,False,True,2.8191599994897842,3.2240059226751328,0.8744276738643749,4
28,4,212,2,False,True,2.4122046306729317,3.0362093821167946,0.7944790121790556,2
28,4,213,6,False,True,3.3264607191085815,3.792515490204096,0.8771119663718412,6
28,4,214,5,False,True,3.025310579687357,3.599810879677534,0.8404081994325102,5
28,4,215,8,False,True,3.768065944314003,3.582609351724386,1.0517657869955463,8
28,4,216,11,False,True,5.795315373688936,5.1002646796405315,1.136277377294347,11
28,4,217,9,False,True,4.5760092325508595,4.4554658234119415,1.027055175354618,9
28,4,218,5,False,True,2.918960526585579,3.6855600774288177,0.791999171160426,5
28,4,219,5,False,True,3.138110041618347,3.4432602114975452,0.911377545948965,5
28,4,220,6,False,True,3.055210690945387,3.6234594881534576,0.8431750654130662,6
28,4,221,4,False,True,2.850110176950693,3.3695087768137455,0.8458533174220716,4
28,4,222,9,False,True,4.0056137368083,4.060959909111261,0.9863711601341384,9
28,4,223,6,False,True,3.6620604805648327,3.652065061032772,1.0027369226355551,6
28,4,224,8,False,True,4.428564570844173,4.282963927835226,1.0339952998582782,8
28,4,225,10,False,True,5.010510794818401,4.540313966572285,1.103560421527653,10
28,4,226,7,False,True,4.193116910755634,4.39380994066596,0.954323688866727,7
28,4,227,6,False,True,3.5534100607037544,3.6955601535737514,0.9615348994569789,6
28,4,228,5,False,True,3.2974593341350555,3.923210315406323,0.8405002712156514,5
28,4,229,6,False,True,3.7584593519568443,4.006209783256054,0.9381583979114918,6
28,4,230,2,False,True,2.6126601733267307,3.2623601146042347,0.8008497166302805,2
28,4,231,7,False,True,4.184509161859751,4.275809042155743,0.9786473438369546,7
28,4,232,7,False,True,4.297560080885887,4.1677081026136875,1.0311566873387237,7
28,4,233,9,False,True,3.97516181692481,3.5775103606283665,1.111153124997966,9
28,4,234,6,False,True,3.495358396321535,4.537510685622692,0.7703251052161125,6
28,4,235,5,False,True,3.9305142126977444,4.266358446329832,0.921280821136583,5
28,4,236,3,False,True,2.4431105703115463,3.155609592795372,0.774211922757953,3
28,4,237,11,False,True,5.82101522013545,5.450316239148378,1.0680142150880028,11
28,4,238,5,False,True,3.0779605731368065,3.469758667051792,0.8870820332159034,5
28,4,239,1,False,True,2.121205907315016,3.232958260923624,0.6561191751077566,1
28,4,240,8,False,True,3.7261098623275757,4.196509253233671,0.8879069811311333,8
28,4,241,4,False,True,2.6948098093271255,3.2217102125287056,0.8364531976983683,4
28,4,242,3,False,True,3.035208210349083,3.658309578895569,0.8296750575344698,3
28,4,243,8,False,True,3.8260081782937054,3.734608180820942,1.0244737849454055,8
28,4,244,2,False,True,2.406660933047533,3.078205045312643,0.7818390580290587,2
28,4,245,10,False,True,4.439263138920069,4.3902103789150715,1.0111732139855036,10
28,4,246,6,False,True,3.3727590925991535,3.5830610431730747,0.941306623571313,6
28,4,247,6,False,True,2.920655533671379,3.6926614120602608,0.7909351028319291,6
28,4,248,11,False,True,5.332620348781347,5.732015706598759,0.9303220056850816,11
28,4,249,6,False,True,3.123206552118063,3.6242580972611904,0.8617505895836265,6
28,4,250,7,False,True,3.343811258673668,4.099609795957804,0.8156413476157293,7
28,4,251,6,False,True,2.9272050596773624,3.5882112570106983,0.815783924081434,6
28,4,252,6,False,True,3.4331087954342365,4.535363987088203,0.7569643374176815,6
28,4,253,4,False,True,3.003703895956278,4.145558923482895,0.7245594505825317,4
28,4,254,6,False,True,3.577759489417076,3.683166578412056,0.9713813951253802,6
28,4,255,4,False,True,3.16880876198411,3.64075880497694,0.8703704177415786,4
28,4,256,4,False,True,3.214459866285324,3.5409582778811455,0.9077937705068942,4
28,4,257,4,False,True,2.6734056882560253,3.5555590875446796,0.7518946029110058,4
28,4,258,6,False,True,3.5336590372025967,4.084007814526558,0.865242966635273,6
28,4,259,10,False,True,4.509263671934605,4.3118116445839405,1.0457932868191688,10
28,4,260,2,False,True,2.565160393714905,3.2431096769869328,0.7909570286559385,2
28,4,261,5,False,True,3.324756398797035,3.6378600634634495,0.9139319107375665,5
28,4,262,4,False,True,3.014311660081148,3.4995609894394875,0.861339942117694,4
28,4,263,0,False,True,1.8919538706541061,3.6346609704196453,0.5205310443124129,0
28,4,264,4,False,True,2.9492611065506935,3.2447115518152714,0.9089440030195329,4
28,4,265,7,False,True,3.8330652751028538,4.116210620850325,0.9312121337248338,7
28,4,266,4,False,True,2.8510065749287605,3.256711643189192,0.8754249338872576,4
28,4,267,6,False,True,2.9524113051593304,3.580010961741209,0.8246933701352039,6
28,4,268,0,False,True,1.8894555978477001,5.020815879106522,0.3763244148646092,0
28,4,269,4,False,True,2.866454888135195,3.244359977543354,0.883519371455719,4
28,4,270,3,False,True,2.4684052914381027,3.225104883313179,0.7653720981943036,3
28,4,271,10,False,True,4.653411451727152,4.367714282125235,1.0654111398200028,10
28,4,272,7,False,True,3.496559802442789,3.8348603993654247,0.9117828130122765,7
28,4,273,10,False,True,5.007016006857157,5.012964829802513,0.9988133124513481,10
28,4,274,5,False,True,3.2687606289982796,3.6067096516489983,0.9062999089776447,5
28,4,275,5,False,True,3.1218095682561398,3.435059916228056,0.9088078940073081,5
28,4,276,10,False,True,4.597310908138752,4.325211048126221,1.0629101925859574,10
28,4,277,13,False,True,7.802124600857497,7.448126561939716,1.0475284671888805,13
28,4,278,6,False,True,3.562609199434519,3.7529156543314457,0.9492910386415736,6
28,4,279,9,False,True,4.668659530580044,4.501366056501865,1.0371650454502663,9
28,4,280,4,False,True,3.30696115270257,3.585361409932375,0.9223508524249286,4
28,4,281,2,False,True,2.553560771048069,3.087259829044342,0.8271285581552495,2
28,4,282,5,False,True,3.0537089332938194,3.2693613320589066,0.934038371148998,5
28,4,283,7,False,True,3.3950083889067173,3.476860001683235,0.9764581798700864,7
28,4,284,3,False,True,3.0688592232763767,3.6207609809935093,0.8475729934634639,3
28,4,285,5,False,True,3.3190101385116577,3.6171101965010166,0.9175861276557945,5
28,4,286,3,False,True,3.1083542853593826,3.6072591319680214,0.8616942037273463,3
28,4,287,1,False,True,1.9621546380221841,2.9828608967363834,0.6578096350952948,1
28,4,288,11,False,True,5.949321202933788,5.438164807856083,1.0939942817362354,11
28,4,289,7,False,True,3.8044084794819355,4.470259882509708,0.8510486145038287,7
28,4,290,8,False,True,4.402860067784786,4.337409045547247,1.015089889274965,8
28,4,291,3,False,True,2.8690113686025143,3.5892101004719734,0.7993433898520583,3
28,4,292,2,False,True,2.4444563314318657,3.2366113737225533,0.7552517275561572,2
28,4,293,2,False,True,2.4661561474204063,3.379660192877054,0.7297053569521746,2
28,4,294,10,False,True,5.66116301342845,5.241064354777336,1.0801552185231584,10
28,4,295,6,False,True,4.125959239900112,4.244116134941578,0.9721598346311293,6
28,4,296,10,False,True,5.003414116799831,4.898414481431246,1.0214354329889017,10
28,4,297,9,False,True,4.327509086579084,4.128166474401951,1.048288414096966,9
28,4,298,9,False,True,4.109216388314962,4.157109651714563,0.9884791916951606,9
28,4,299,6,False,True,3.623559605330229,3.7900637835264206,0.9560682385030286,6
28,5,0,15,False,True,21.927610505372286,21.094458643347025,1.0394962428812093,15
28,5,1,9,False,True,4.2912643402814865,4.14686044678092,1.0348224627652138,9
28,5,2,7,False,True,3.361909184604883,3.5240594297647476,0.95398765304855,7
28,5,3,11,False,True,5.227264482527971,4.898514598608017,1.0671121576351683,11
28,5,4,11,False,True,5.295013543218374,5.209515802562237,1.0164118401587507,11
28,5,5,9,False,True,4.385565407574177,4.636014346033335,0.9459775316110817,9
28,5,6,13,False,True,15.516744460910559,15.130597166717052,1.025520955315823,13
28,5,7,7,False,True,3.8005108945071697,3.7972605787217617,1.0008559633235659,7
28,5,8,14,False,True,22.64486625790596,22.11371436715126,1.024019116912521,14
28,5,9,11,False,True,7.314169779419899,7.04342033714056,1.0384400517532162,11
28,5,10,4,False,True,3.2066600397229195,3.7161121144890785,0.8629072377069004,4
28,5,11,12,False,True,6.2817661091685295,6.991119589656591,0.8985350670388252,12
28,5,12,4,False,True,2.8500589542090893,3.4273602068424225,0.8315609630173093,4
28,5,13,4,False,True,2.667310182005167,3.352710045874119,0.7955684045172913,4
28,5,14,9,False,True,4.272963851690292,4.551159217953682,0.9388737345936068,9
28,5,15,9,False,True,5.062115378677845,4.8347655683755875,1.0470239574363982,9
28,5,16,15,False,True,32.07419067621231,31.97449492290616,1.0031179774237726,15
28,5,17,12,False,True,5.900769028812647,5.4860650561749935,1.075592244785882,12
28,5,18,14,False,True,19.051656126976013,20.38481179624796,0.9346005407066192,14
28,5,19,11,False,True,6.106221117079258,6.297014188021421,0.969701025717061,11
28,5,20,13,False,True,13.014033902436495,12.222283985465765,1.0647792113088066,13
28,5,21,12,False,True,7.268318440765142,7.070763967931271,1.027939622045066,12
28,5,22,7,False,True,3.479358274489641,3.765758592635393,0.9239461821302464,7
28,5,23,12,False,True,9.01097897440195,8.626023773103952,1.0446271899340567,12
28,5,24,12,False,True,9.55032417550683,9.092073887586594,1.0504010739008496,12
28,5,25,13,False,True,13.647391460835934,12.725938577204943,1.0724074596180688,13
28,5,26,9,False,True,5.052913911640644,5.020163953304291,1.006523683019316,9
28,5,27,9,False,True,4.828216042369604,5.217613652348518,0.9253686386297227,9
28,5,28,6,False,True,3.652009181678295,4.1634077206254005,0.8771682781838416,6
28,5,29,10,False,True,5.48691488802433,5.111314821988344,1.073484040626923,10
28,5,30,6,False,True,3.6547589115798473,4.341367166489363,0.8418451541695471,6
28,5,31,10,False,True,5.254014395177364,4.879764746874571,1.0766941989452454,10
28,5,32,14,False,True,24.50652653351426,23.887520655989647,1.0259133581269935,14
28,5,33,13,False,True,15.910244546830652,15.296593774110077,1.0401168248162016,13
28,5,34,15,False,True,26.942775584757328,26.33912954479456,1.0229182228264664,15
28,5,35,13,False,True,9.938979055732489,9.25122993066907,1.074341371927579,13
28,5,36,14,False,True,16.445093788206577,15.549145173281433,1.057620441827547,14
28,5,37,6,False,True,3.3415062353014946,4.737016279250383,0.705403156400019,6
28,5,38,10,False,True,5.695263389497995,5.46301482245326,1.0425128934467067,10
28,5,39,6,False,True,3.330409526824951,4.525661934167147,0.7358944559427953,6
28,5,40,10,False,True,4.789561498910189,4.696559626609087,1.019802127449673,10
28,5,41,11,False,True,5.518365651369095,5.754814483225346,0.9589128663407877,11
28,5,42,6,False,True,3.295161295682192,3.6094593815505505,0.9129237781494739,6
28,5,43,11,False,True,4.963511601090431,5.987065378576517,0.8290391514432659,11
28,5,44,12,False,True,7.248171605169773,7.225868757814169,1.0030865281536543,12
28,5,45,9,False,True,4.941108636558056,4.870214033871889,1.0145567735202399,9
28,5,46,12,False,True,9.845579043030739,10.682079009711742,0.9216912769583065,12
28,5,47,6,False,True,3.3408612944185734,3.987308591604233,0.8378737731644765,6
28,5,48,9,False,True,5.102464929223061,4.977814387530088,1.0250412192960094,9
28,5,49,9,False,True,4.444511141628027,5.086413584649563,0.873800580244054,9
28,5,50,7,False,True,4.146010614931583,4.317760467529297,0.9602224685946991,7
28,5,51,13,False,True,10.292979422956705,9.962629992514849,1.0331588577203064,13
28,5,52,11,False,True,6.287470459938049,5.741266068071127,1.0951365753460767,11
28,5,53,10,False,True,4.748567007482052,4.732166416943073,1.0034657679155699,10
28,5,54,9,False,True,4.726166371256113,4.600060638040304,1.027413928454111,9
28,5,55,13,False,True,11.312183924019337,10.954129975289106,1.0326866624312425,13
28,5,56,11,False,True,5.751913413405418,5.5564637295901775,1.0351751929513011,11
28,5,57,7,False,True,3.731311298906803,4.293015226721764,0.8691586453458985,7
28,5,58,4,False,True,2.839758526533842,3.7564104422926903,0.7559766351838331,4
28,5,59,11,False,True,7.1749696508049965,7.445169612765312,0.9637080179480347,11
28,5,60,14,False,True,24.0403157658875,23.574319202452898,1.0197671270772526,14
28,5,61,10,False,True,4.7454144805669785,5.0751143135130405,0.9350359789791926,10
28,5,62,12,False,True,8.181068114936352,7.981676608324051,1.0249811557642359,12
28,5,63,8,False,True,4.458616022020578,4.68661542981863,0.9513509458558508,8
28,5,64,6,False,True,3.4607085399329662,3.4727156162261963,0.996542453336194,6
28,5,65,10,False,True,4.919709172099829,4.956864286214113,0.9925043107963195,10
28,5,66,7,False,True,4.4671096839010715,4.322209861129522,1.0335244764662312,7
28,5,67,9,False,True,4.064859822392464,4.000610206276178,1.016059954057881,9
28,5,68,8,False,True,4.770616069436073,5.079915281385183,0.9391133129557289,8
28,5,69,15,False,True,36.487753968685865,45.577529817819595,0.8005645350797429,15
28,5,70,6,False,True,3.1185103580355644,3.7483149208128452,0.8319766145367786,6
28,5,71,10,False,True,6.314271595329046,6.09697075560689,1.0356407876029785,10
28,5,72,11,False,True,6.027664057910442,5.694865249097347,1.0584383991993216,11
28,5,73,8,False,True,3.945410717278719,4.7989655286073685,0.8221377490126823,8
28,5,74,12,False,True,8.980275597423315,8.716376032680273,1.0302762941563792,12
28,5,75,6,False,True,3.625359386205673,3.727814182639122,0.9725161203284775,6
28,5,76,7,False,True,4.175209905952215,4.256314132362604,0.980944962263542,7
28,5,77,4,False,True,2.81366053968668,3.7885084748268127,0.7426829208334562,4
28,5,78,8,False,True,4.283811431378126,4.236409440636635,1.0111891901398389,8
28,5,79,11,False,True,6.636271718889475,6.295868661254644,1.054067687232693,11
28,5,80,13,False,True,9.344923309981823,10.332029778510332,0.9044615153373251,13
28,5,81,10,False,True,5.491415504366159,5.962071008980274,0.9210583866067349,10
28,5,82,10,False,True,5.5464706383645535,5.785564426332712,0.958674077350183,10
28,5,83,11,False,True,6.103520281612873,5.970820784568787,1.022224665893011,11
28,5,84,12,False,True,9.550924878567457,9.207529947161674,1.0372950110807555,12
28,5,85,14,False,True,20.06765455007553,19.299755804240704,1.0397880032070717,14
28,5,86,8,False,True,4.5661162585020065,5.0949654541909695,0.8962016130543247,8
28,5,87,7,False,True,3.6618090234696865,3.8204598240554333,0.9584733754856403,7
28,5,88,6,False,True,3.658959176391363,3.865514881908893,0.9465645038687505,6
28,5,89,9,False,True,5.0164153799414635,4.805210046470165,1.043953402958201,9
28,5,90,5,False,True,3.443709574639797,3.6575598642230034,0.9415319782801052,5
28,5,91,11,False,True,6.085068453103304,5.9535144828259945,1.0220968590328958,11
28,5,92,13,False,True,11.810685973614454,12.917490676045418,0.9143173600671951,13
28,5,93,12,False,True,11.872381437569857,11.44717913120985,1.037144723733791,12
28,5,94,13,False,True,13.230040203779936,12.997635640203953,1.0178805261210058,13
28,5,95,4,False,True,3.496161662042141,4.148765001446009,0.8426993721802971,4
28,5,96,11,False,True,7.13141867890954,7.004470098763704,1.0181239377648628,11
28,5,97,7,False,True,4.143915139138699,3.911310341209173,1.0594697882903397,7
28,5,98,8,False,True,4.622710403054953,5.048264283686876,0.9157029314001899,8
28,5,99,9,False,True,4.109859000891447,4.056463949382305,1.0131629547742615,9
28,5,100,13,False,True,14.073189813643694,13.119983486831188,1.0726530126939,13
28,5,101,6,False,True,3.5182107239961624,3.652060404419899,0.9633495436543861,6
28,5,102,10,False,True,5.187215283513069,5.389114376157522,0.9625357566100854,10
28,5,103,12,False,True,8.472125045955181,7.784725166857243,1.0883011107475549,12
28,5,104,5,False,True,3.830760251730681,4.786364734172821,0.8003485869725957,5
28,5,105,6,False,True,4.071011207997799,4.0735118091106415,0.9993861313701731,6
28,5,106,10,False,True,4.976114723831415,5.179615691304207,0.9607111840721235,10
28,5,107,15,False,True,32.43629354983568,34.036445431411266,0.9529871036386529,15
28,5,108,10,False,True,5.097114481031895,5.473964847624302,0.9311558665277216,10
28,5,109,17,True,,,,,
28,5,110,8,False,True,3.8675102405250077,3.617210313677788,1.069196951557049,8
28,5,111,7,False,True,3.5905116237699986,4.767908249050379,0.753058036400998,7
28,5,112,11,False,True,8.054524660110474,7.764974143356084,1.037289308555153,11
28,5,113,5,False,True,2.5242543779313564,3.3325119875371456,0.7574629550835846,5
28,5,114,11,False,True,6.7780702374875546,7.203069981187582,0.9409974157116329,11
28,5,115,4,False,True,3.229461144655943,3.8819597102701664,0.8319151628781812,4
28,5,116,9,False,True,4.6159652993083,4.433160647749901,1.0412357381299016,9
28,5,117,12,False,True,9.129175450652838,8.608575444668531,1.060474582505602,12
28,5,118,11,False,True,7.412170525640249,6.893069949001074,1.0753076032130506,11
28,5,119,12,False,True,8.07891832664609,8.720578625798225,0.9264199857961372,12
28,5,120,9,False,True,5.080564878880978,4.842763300985098,1.0491045221738398,9
28,5,121,7,False,True,4.3084146454930305,4.463361110538244,0.965284801922171,7
28,5,122,7,False,True,4.009266849607229,4.442110657691956,0.9025589767028396,7
28,5,123,1,False,True,1.91450584679842,3.618909977376461,0.529028314814934,1
28,5,124,12,False,True,8.431519381701946,7.847219239920379,1.0744595153922953,12
28,5,125,7,False,True,3.9962609298527245,4.091258160769939,0.9767804359480123,7
28,5,126,12,False,True,9.619425982236862,9.267032146453857,1.0380266119954977,12
28,5,127,1,False,True,2.148405183106661,3.1874096021056175,0.6740285847439923,1
28,5,128,10,False,True,5.418113432824612,5.346015095710754,1.0134863699078784,10
28,5,129,9,False,True,4.783615004271269,4.614915233105421,1.0365553347449739,9
28,5,130,7,False,True,3.4584617242217064,4.170765168964863,0.8292151641517755,7
28,5,131,5,False,True,2.88855517283082,3.8677616976201534,0.7468286307835763,5
28,5,132,8,False,True,4.065714310854673,4.42025950178504,0.9197908650414778,8
28,5,133,3,False,True,2.734861336648464,4.09215921536088,0.668317431634263,3
28,5,134,7,False,True,3.9323093369603157,4.575259517878294,0.8594724127876059,7
28,5,135,5,False,True,3.4110108390450478,3.6570103839039803,0.9327320627959717,5
28,5,136,10,False,True,5.3448136895895,5.687465891242027,0.9397530977407411,10
28,5,137,12,False,True,7.5467233546078205,7.139469962567091,1.057042524749876,12
28,5,138,5,False,True,3.4696096554398537,3.729111049324274,0.930411996196401,5
28,5,139,12,False,True,8.776625618338585,9.508824441581964,0.9229979659692229,12
28,5,140,5,False,True,3.1539052724838257,4.202814307063818,0.7504269858373105,5
28,5,141,4,False,True,3.4075602889060974,3.898111172020435,0.8741567745334263,4
28,5,142,5,False,True,3.459509462118149,4.024410154670477,0.8596314314790355,5
28,5,143,2,False,True,2.237805165350437,3.5854103043675423,0.6241420019975038,2
28,5,144,14,False,True,12.721836101263762,16.301844734698534,0.7803924223486983,14
28,5,145,11,False,True,6.749769672751427,6.556219886988401,1.0295215519154792,11
28,5,146,9,False,True,4.794909618794918,5.109414923936129,0.9384459258401888,9
28,5,147,14,False,True,23.646571207791567,23.08721886947751,1.0242277920730223,14
28,5,148,7,False,True,3.9641605690121646,4.122559912502766,0.9615774308069575,7
28,5,149,13,False,True,13.00739124417305,12.285185512155294,1.0587867176529964,13
28,5,150,9,False,True,4.164110869169235,3.9348611608147617,1.0582611937207473,9
28,5,151,5,False,True,3.2699620351195335,4.18501440435648,0.7813502461820913,5
28,5,152,11,False,True,5.174514371901751,5.6637660600245,0.9136172499115133,11
28,5,153,12,False,True,9.90983098745346,10.345980990678072,0.9578435332891496,12
28,5,154,3,False,True,2.684909850358963,3.4898612648248672,0.7693457265538894,3
28,5,155,8,False,True,4.139561206102371,4.485510289669037,0.9228740853937063,8
28,5,156,9,False,True,4.02241013944149,4.036165773868561,0.9965919054871014,9
28,5,157,10,False,True,5.042965058237314,5.244214553385973,0.9616244733887327,10
28,5,158,11,False,True,6.3393195159733295,5.6828162632882595,1.1155242792075062,11
28,5,159,13,False,True,10.191281326115131,11.043082922697067,0.9228655980812015,13
28,5,160,7,False,True,4.5548612251877785,4.8295664601027966,0.9431201046337457,7
28,5,161,10,False,True,4.616363439708948,4.736760165542364,0.9745824737530002,10
28,5,162,12,False,True,8.605525363236666,8.033926133066416,1.0711481809395327,12
28,5,163,13,False,True,13.102090451866388,12.582587078213692,1.0412874848728206,13
28,5,164,9,False,True,4.688815679401159,4.685309249907732,1.000748388058589,9
28,5,165,13,False,True,7.834774442017078,9.942424949258566,0.7880144413462572,13
28,5,166,11,False,True,6.496519781649113,6.073419936001301,1.0696641842826988,11
28,5,167,15,False,True,22.30406505987048,21.319659426808357,1.0461736096883558,15
28,5,168,12,False,True,8.809226565063,8.697574958205223,1.012837096247437,12
28,5,169,11,False,True,8.384974207729101,8.144921157509089,1.0294727285357084,11
28,5,170,0,False,True,1.9101565703749654,6.629270501434803,0.28813978400210727,0
28,5,171,9,False,True,4.834565334022045,5.323109216988087,0.9082220816723222,9
28,5,172,0,False,True,1.90055463463068,3.814066294580698,0.49830141582256343,0
28,5,173,11,False,True,7.133570034056902,6.939219310879707,1.0280075775775641,11
28,5,174,7,False,True,4.140965174883604,5.003765691071749,0.8275697605649991,7
28,5,175,13,False,True,13.890089467167854,13.228741008788347,1.0499933030618824,13
28,5,176,5,False,True,3.348609898239374,3.838313277810812,0.8724170373475244,5
28,5,177,14,False,True,21.317615173757076,22.55111001431942,0.9453022560849952,14
28,5,178,6,False,True,3.386258613318205,3.4438609145581722,0.9832739176554819,6
28,5,179,6,False,True,3.5528093576431274,3.595061134546995,0.9882472716533673,6
28,5,180,11,False,True,6.0471659526228905,5.695566069334745,1.0617322104612532,11
28,5,181,7,False,True,3.506210632622242,3.7506595253944397,0.9348250911294087,7
28,5,182,15,False,True,34.43804569542408,34.0877496637404,1.0102763026347936,15
28,5,183,14,False,True,30.387940350919962,31.9525902159512,0.9510321431077552,14
28,5,184,12,False,True,7.1601709350943565,7.438671309500933,0.9625604677476655,12
28,5,185,9,False,True,5.3766160272061825,5.290263798087835,1.0163228588240834,9
28,5,186,9,False,True,4.367465153336525,4.3405103497207165,1.0062100539899745,9
28,5,187,8,False,True,4.216015804558992,4.266914911568165,0.9880712158400022,8
28,5,188,14,False,True,23.2777651399374,22.384908515959978,1.0398865433531181,14
28,5,189,12,False,True,7.2245183400809765,7.047371473163366,1.0251365871080007,12
28,5,190,4,False,True,2.462260890752077,3.2829097472131252,0.7500239361871888,4
28,5,191,7,False,True,3.7668109871447086,4.203515127301216,0.8961097731467224,7
28,5,192,6,False,True,2.9484089463949203,3.7308107130229473,0.7902863943493735,6
28,5,193,9,False,True,5.114863160997629,4.969765432178974,1.029196092008519,9
28,5,194,11,False,True,5.595714319497347,5.4408167488873005,1.0284695437760745,11
28,5,195,14,False,True,29.247980564832687,28.28403376042843,1.034080952263354,14
28,5,196,6,False,True,3.717259969562292,3.9996602572500706,0.9293939311030532,6
28,5,197,7,False,True,4.229559563100338,4.230409394949675,0.9997991135679797,7
28,5,198,11,False,True,6.189863197505474,6.069571245461702,1.0198188549370297,11
28,5,199,13,False,True,15.386445447802544,14.892290346324444,1.0331819411243255,13
28,5,200,14,False,True,23.92166992649436,24.939521681517363,0.9591871982140968,14
28,5,201,15,False,True,42.81577421352267,41.40631528571248,1.0340397091140474,15
28,5,202,10,False,True,4.240965936332941,3.8367602974176402,1.105350766683901,10
28,5,203,9,False,True,4.2096152901649475,3.947908990085125,1.066289851345884,9
28,5,204,3,False,True,3.1467597000300884,3.651909064501524,0.8616752620206913,3
28,5,205,4,False,True,3.1672068871557713,3.6052102223038673,0.8785082399804705,4
28,5,206,11,False,True,5.083414725959301,5.39261382073164,0.9426624814883576,11
28,5,207,10,False,True,4.390510730445385,5.185464397072792,0.8466957622780786,10
28,5,208,14,False,True,20.334855653345585,20.62806161120534,0.9857860635000003,14
28,5,209,13,False,True,10.628679301589727,11.226730421185493,0.946729715851446,13
28,5,210,4,False,True,3.1302100978791714,3.9166095666587353,0.7992142297067302,4
28,5,211,8,False,True,4.397565498948097,4.495459143072367,0.978223883032031,8
28,5,212,11,False,True,6.677268538624048,6.371464114636183,1.047995942296118,11
28,5,213,9,False,True,5.040513351559639,5.2298628725111485,0.9637945534008634,9
28,5,214,6,False,True,3.4791091457009315,3.656158223748207,0.9515751050112462,6
28,5,215,10,False,True,5.548165645450354,5.134213715791702,1.0806261586628985,10
28,5,216,16,False,True,48.750871792435646,62.59942892938852,0.7787750244083872,16
28,5,217,8,False,True,4.136664792895317,3.999064210802316,1.0344081952276016,8
28,5,218,10,False,True,4.613709170371294,4.356009885668755,1.059159481145892,10
28,5,219,0,False,True,1.8808548338711262,4.400063771754503,0.42746081226026067,0
28,5,220,9,False,True,4.529808647930622,4.546516574919224,0.9963251146865337,9
28,5,221,13,False,True,10.72803046554327,10.47707861289382,1.023952464415091,13
28,5,222,12,False,True,8.485272992402315,7.813521660864353,1.0859729275344008,12
28,5,223,12,False,True,9.420374408364296,8.946724701672792,1.0529411290148387,12
28,5,224,6,False,True,3.302609547972679,3.5914615727961063,0.9195725698385954,6
28,5,225,8,False,True,4.009958356618881,4.216611851006746,0.9509906290429542,8
28,5,226,6,False,True,3.74926021322608,3.8862158544361587,0.9647586118888012,6
28,5,227,11,False,True,6.931119132786989,6.542520131915808,1.0593959197734086,11
28,5,228,7,False,True,4.002714995294809,4.014759324491024,0.9969999872413917,7
28,5,229,14,False,True,28.61833432689309,28.38548505678773,1.0082031104855007,14
28,5,230,4,False,True,2.675354480743408,3.8011581636965275,0.7038261407522426,4
28,5,231,8,False,True,3.6938092671334743,4.436515737324953,0.8325923958878365,8
28,5,232,4,False,True,2.6360596530139446,3.2530096359550953,0.8103448646071988,4
28,5,233,7,False,True,4.1897594928741455,4.4689117930829525,0.9375346139879326,7
28,5,234,5,False,True,3.8535101339221,4.050110001116991,0.9514581413490818,5
28,5,235,4,False,True,2.8119608759880066,3.6391103640198708,0.7727055776571256,4
28,5,236,15,False,True,40.459216106683016,45.35913001745939,0.8919751346886431,15
28,5,237,8,False,True,4.382461775094271,4.593115299940109,0.95413711368217,8
28,5,238,16,False,True,69.23394976183772,67.91769992560148,1.019380070845716,16
28,5,239,8,False,True,3.8306089118123055,4.325613845139742,0.885564234106652,8
28,5,240,6,False,True,4.224858712404966,4.879613406956196,0.8658183261776772,6
28,5,241,10,False,True,4.1119614616036415,5.005116108804941,0.8215516627815941,10
28,5,242,13,False,True,13.745841570198536,14.646495692431927,0.9385071937242454,13
28,5,243,9,False,True,4.5426166616380215,5.051714833825827,0.8992227018083186,9
28,5,244,14,False,True,25.49082040786743,25.07997676730156,1.016381340556165,14
28,5,245,12,False,True,8.401225786656141,8.630272932350636,0.9734600345215144,12
28,5,246,8,False,True,3.863410092890263,3.971860278397798,0.9726953674333976,8
28,5,247,5,False,True,3.092861734330654,4.071760922670364,0.7595882452504792,5
28,5,248,14,False,True,15.757794026285412,14.787688851356506,1.0656022171334716,14
28,5,249,1,False,True,1.9034533761441708,3.7353578954935074,0.509577242502138,1
28,5,250,7,False,True,4.1473121382296085,4.765414632856846,0.8702940788477229,7
28,5,251,8,False,True,4.172166809439659,4.758266732096672,0.876824912167386,8
28,5,252,7,False,True,4.260765854269266,4.349157679826021,0.9796761046473967,7
28,5,253,15,False,True,29.74073402583599,32.727045472711325,0.9087509610555772,15
28,5,254,4,False,True,2.954255323857069,3.761111292988062,0.7854740510776069,4
28,5,255,2,False,True,2.177506685256958,3.211104776710272,0.6781176064543682,2
28,5,256,6,False,True,3.3781095407903194,3.9227143861353397,0.8611663272580073,6
28,5,257,8,False,True,3.915359266102314,4.554465413093567,0.8596748270051857,8
28,5,258,14,False,True,15.499545261263846,14.744093641638756,1.0512375760753188,14
28,5,259,13,False,True,15.03954641520977,15.201093629002571,0.9893726584589558,13
28,5,260,2,False,True,2.751811407506466,3.529659006744623,0.7796252845524702,2
28,5,261,8,False,True,3.512909170240164,3.8455659523606305,0.9134960143080467,8
28,5,262,11,False,True,6.800568662583828,7.133970502763987,0.9532655987222003,11
28,5,263,8,False,True,4.030859563499689,4.491263534873724,0.8974889877204724,8
28,5,264,3,False,True,2.4352106265723705,3.2403599470853806,0.7515247276040364,3
28,5,265,11,False,True,5.763815715909004,6.696619093418121,0.8607053254042868,11
28,5,266,8,False,True,4.163258709013462,4.281660076230764,0.9723468549326004,8
28,5,267,11,False,True,8.093968499451876,7.758673746138811,1.0432154726804859,11
28,5,268,11,False,True,6.969571113586426,6.787818856537342,1.026776238566537,11
28,5,269,14,False,True,17.353501170873642,16.674750950187445,1.0407052688651142,14
28,5,270,10,False,True,5.127615295350552,5.607614293694496,0.9144022799707032,10
28,5,271,8,False,True,4.172062035650015,4.519009962677956,0.9232247926219795,8
28,5,272,8,False,True,4.672815557569265,4.3565151281654835,1.0726040011565334,8
28,5,273,9,False,True,4.582465626299381,4.393765702843666,1.0429471975106883,9
28,5,274,10,False,True,5.41026471182704,5.478763487190008,0.9874974023749836,10
28,5,275,10,False,True,5.203916225582361,5.222863983362913,0.996372151784747,10
28,5,276,2,False,True,2.6679039001464844,3.558758180588484,0.7496727129982499,2
28,5,277,11,False,True,6.1951205134391785,6.440018769353628,0.9619724313413718,11
28,5,278,10,False,True,5.693514831364155,5.66206406801939,1.0055546463210132,10
28,5,279,14,False,True,24.733571335673332,24.273721501231194,1.018944348291168,14
28,5,280,8,False,True,4.197210073471069,5.836270283907652,0.7191596463659397,8
28,5,281,10,False,True,4.590365570038557,4.357965663075447,1.0533276131411975,10
28,5,282,7,False,True,4.0775141678750515,4.168511368334293,0.9781703365017801,7
28,5,283,2,False,True,2.1802098490297794,3.451311495155096,0.6317047453092334,2
28,5,284,14,False,True,16.691151540726423,17.095499206334352,0.9763477122997316,14
28,5,285,7,False,True,4.0359096601605415,4.111409652978182,0.9816364704103493,7
28,5,286,3,False,True,2.648155204951763,3.4075602889060974,0.777141115763466,3
28,5,287,6,False,True,3.682509995996952,3.738908562809229,0.9849157672981707,6
28,5,288,4,False,True,3.011354710906744,3.708014264702797,0.8121205842092705,4
28,5,289,7,False,True,3.6378600634634495,3.701860550791025,0.9827112646601721,7
28,5,290,7,False,True,3.526010550558567,4.308908246457577,0.8183071787284766,7
28,5,291,10,False,True,5.894415080547333,5.760621279478073,1.023225585328078,10
28,5,292,8,False,True,4.522665403783321,4.526365082710981,0.9991826379754936,8
28,5,293,9,False,True,5.131065845489502,5.951719358563423,0.8621148841816353,9
28,5,294,10,False,True,5.986564792692661,5.720364861190319,1.0465354812082652,10
28,5,295,7,False,True,3.234860487282276,3.6286097019910812,0.8914875814577831,7
28,5,296,7,False,True,4.1213142685592175,4.023215733468533,1.0243831157933236,7
28,5,297,9,False,True,4.7465600073337555,4.958966746926308,0.9571671377461429,9
28,5,298,12,False,True,9.652674198150635,9.189629927277565,1.0503876951016946,12
28,5,299,5,False,True,3.1080562621355057,4.363665357232094,0.7122581609023679,5
28,6,0,8,False,True,4.275015089660883,4.751859232783318,0.8996510376753877,8
28,6,1,14,False,True,18.031250219792128,19.45690717548132,0.9267274627549368,14
28,6,2,16,False,True,79.65397089719772,86.40500018373132,0.9218676086779906,16
28,6,3,13,False,True,12.778639793395996,14.90459544584155,0.8573624047582784,13
28,6,4,16,False,True,72.000443469733,70.88270504027605,1.0157688455713116,16
28,6,5,16,False,True,78.16844154149294,83.32674624398351,0.9380954503205143,16
28,6,6,22,True,,,,,
28,6,7,19,True,,,,,
28,6,8,16,False,True,99.8510280624032,115.27882888913155,0.8661696950307683,16
28,6,9,11,False,True,5.926515441387892,6.415920797735453,0.9237201686591424,11
28,6,10,10,False,True,4.033311270177364,4.207114689052105,0.958688214674295,10
28,6,11,18,True,,,,,
28,6,12,20,True,,,,,
28,6,13,14,False,True,23.41252053156495,25.16237087547779,0.9304576523185193,14
28,6,14,13,False,True,16.474095173180103,17.263900954276323,0.9542510245402802,13
28,6,15,10,False,True,4.7889165580272675,4.768264479935169,1.0043311519692337,10
28,6,16,11,False,True,6.355366203933954,6.007221527397633,1.0579543595901215,11
28,6,17,12,False,True,14.137995894998312,14.253691770136356,0.9918830940780938,12
28,6,18,12,False,True,12.128136586397886,13.179690577089787,0.9202140608278154,12
28,6,19,18,True,,,,,
28,6,20,14,False,True,23.61477119848132,22.55841623991728,1.0468275320097524,14
28,6,21,12,False,True,11.218083091080189,12.27263594046235,0.9140728320714422,12
28,6,22,9,False,True,4.8842653632164,5.184665787965059,0.9420598285339885,9
28,6,23,16,False,True,96.97676869109273,108.01432654261589,0.8978139455679668,16
28,6,24,12,False,True,8.24667513370514,7.83522380515933,1.0525130281887898,12
28,6,25,10,False,True,4.3911137618124485,4.983814433217049,0.8810748916624466,10
28,6,26,12,False,True,8.24102433398366,9.036625269800425,0.9119581799551222,12
28,6,27,11,False,True,6.295414641499519,6.587670650333166,0.9556359107268263,11
28,6,28,6,False,True,3.9276131428778176,4.401565529406071,0.8923218606284827,6
28,6,29,18,True,,,,,
28,6,30,14,False,True,23.982964921742678,32.036195043474436,0.7486208923749155,14
28,6,31,16,False,True,64.52767411246896,73.75595159828663,0.8748809108168019,16
28,6,32,19,True,,,,,
28,6,33,16,False,True,78.26046785339713,95.30199458822608,0.8211839446964281,16
28,6,34,10,False,True,6.41652150079608,6.3735200092196465,1.0067468983409842,10
28,6,35,20,True,,,,,
28,6,36,9,False,True,5.090765189379454,5.000364035367966,1.0180789145294369,9
28,6,37,18,True,,,,,
28,6,38,22,True,,,,,
28,6,39,11,False,True,5.51857054233551,6.314669735729694,0.8739286096167956,11
28,6,40,12,False,True,11.467779986560345,14.231239911168814,0.8058173467766727,12
28,6,41,19,True,,,,,
28,6,42,16,False,True,58.998167514801025,62.619929667562246,0.9421627879177046,16
28,6,43,15,False,True,42.134670075029135,44.93057494983077,0.937772777714874,15
28,6,44,9,False,True,4.57381596788764,4.504059907048941,1.0154873741198536,9
28,6,45,13,False,True,19.60890367627144,19.037555903196335,1.0300116136745883,13
28,6,46,11,False,True,7.293270900845528,7.468669209629297,0.9765154535753665,11
28,6,47,9,False,True,4.998163785785437,4.824113566428423,1.0360792126802838,9
28,6,48,7,False,True,3.1371088698506355,3.746459260582924,0.8373529916250905,7
28,6,49,20,True,,,,,
28,6,50,18,True,,,,,
28,6,51,17,True,,,,,
28,6,52,14,False,True,24.901570286601782,26.524830609560013,0.9388022360311256,14
28,6,53,15,False,True,40.332518983632326,42.78942011296749,0.9425815745376135,15
28,6,54,17,True,,,,,
28,6,55,12,False,True,8.89237504452467,8.289075922220945,1.0727824341295307,12
28,6,56,11,False,True,6.319819949567318,8.068922907114029,0.7832296853394645,11
28,6,57,14,False,True,21.59376395866275,27.21247961744666,0.7935243043716751,14
28,6,58,15,False,True,37.94040530920029,42.89077362045646,0.8845819766492827,15
28,6,59,7,False,True,4.053211305290461,5.402818787842989,0.7502030818451079,7
28,6,60,11,False,True,6.1110639944672585,5.780963692814112,1.0571012584049733,11
28,6,61,1,False,True,1.8951552920043468,5.104464944452047,0.37127403413048365,1
28,6,62,10,False,True,5.866771098226309,6.015466060489416,0.9752812233054126,10
28,6,63,19,True,,,,,
28,6,64,19,True,,,,,
28,6,65,7,False,True,3.740508109331131,4.00846591219306,0.9331520315423295,7
28,6,66,15,False,True,36.249004770070314,44.38162315636873,0.8167570762870715,15
28,6,67,17,True,,,,,
28,6,68,13,False,True,17.30959862470627,16.549795400351286,1.0459101279487029,13
28,6,69,5,False,True,3.7858611904084682,4.405265208333731,0.8593946133473429,5
28,6,70,6,False,True,4.299061838537455,4.785915371030569,0.8982736854395571,6
28,6,71,19,True,,,,,
28,6,72,15,False,True,46.07973387464881,55.0181046128273,0.837537646905878,15
28,6,73,16,False,True,97.02628012746572,97.09630394354463,0.9992788209928195,16
28,6,74,15,False,True,57.77342012152076,56.78166635334492,1.0174660912908806,15
28,6,75,11,False,True,6.015019025653601,6.21322076767683,0.9681000000749469,11
28,6,76,12,False,True,9.868929628282785,9.988730307668447,0.9880064156608883,12
28,6,77,14,False,True,27.99127483740449,29.2566348798573,0.9567496382393591,14
28,6,78,13,False,True,16.191245522350073,15.426094178110363,1.0496011067613902,13
28,6,79,15,False,True,32.240389846265316,39.2958102747798,0.8204536214120853,15
28,6,80,8,False,True,3.899061121046543,4.066366236656904,0.9588563582635123,8
28,6,81,16,False,True,57.20866611227393,70.51595021039248,0.8112868924205839,16
28,6,82,6,False,True,3.666661214083433,4.309411160647869,0.8508497048427828,6
28,6,83,10,False,True,4.444308578968048,5.004566628485918,0.8880506363270518,10
28,6,84,21,True,,,,,
28,6,85,16,False,True,98.24205189943314,104.09605456516147,0.943763452993659,16
28,6,86,16,False,True,79.88422876223922,81.32924558594823,0.9822325067286906,16
28,6,87,11,False,True,7.568369619548321,10.034430306404829,0.7542400902139449,11
28,6,88,11,False,True,7.503768429160118,8.144674357026815,0.9213098154975643,11
28,6,89,14,False,True,17.519050743430853,18.508255016058683,0.9465533475862772,14
28,6,90,13,False,True,12.147484812885523,12.7271912060678,0.954451348785748,13
28,6,91,7,False,True,4.041215870529413,4.288309719413519,0.9423796635384118,7
28,6,92,12,False,True,10.316530242562294,11.796029284596443,0.8745765200866263,12
28,6,93,18,True,,,,,
28,6,94,0,False,True,1.9382056780159476,6.064015906304121,0.319624108505553,0
28,6,95,16,False,True,86.61275496706367,92.15702302753925,0.9398388980206229,16
28,6,96,8,False,True,4.389113746583462,4.629360046237707,0.9481037773569817,8
28,6,97,8,False,True,4.839117173105478,5.489066243171692,0.8815920520407747,8
28,6,98,14,False,True,26.005776599049568,27.642380446195602,0.9407936718644186,14
28,6,99,7,False,True,4.037311300635338,4.515859764069319,0.8940293790251023,7
28,6,100,5,False,True,3.2447604462504387,4.032410215586424,0.8046702276738879,5
28,6,101,16,False,True,61.98767805472016,75.70720044896007,0.8187818026174503,16
28,6,102,13,False,True,11.632335372269154,13.782840687781572,0.843972272173266,13
28,6,103,7,False,True,3.4944084472954273,4.520714282989502,0.7729770625947656,7
28,6,104,15,False,True,60.6296700425446,59.93491504341364,1.0115918242084387,15
28,6,105,22,True,,,,,
28,6,106,16,False,True,90.8520189113915,101.91528126597404,0.8914464816545997,16
28,6,107,19,True,,,,,
28,6,108,9,False,True,4.199559334665537,4.782616160809994,0.8780883084613444,9
28,6,109,16,False,True,91.7497556656599,97.83402783796191,0.9378102659498072,16
28,6,110,13,False,True,14.143490698188543,13.703091535717249,1.032138671870022,13
28,6,111,8,False,True,4.367909859865904,4.908908158540726,0.8897925401734049,8
28,6,112,21,True,,,,,
28,6,113,12,False,True,9.824379812926054,9.84403071925044,0.9980037743801471,12
28,6,114,16,False,True,75.83744591102004,74.41495545208454,1.019115652899254,16
28,6,115,20,True,,,,,
28,6,116,16,False,True,79.38023190945387,85.27025347575545,0.9309252485337542,16
28,6,117,19,True,,,,,
28,6,118,14,False,True,24.696469772607088,24.54581903293729,1.006137531588074,14
28,6,119,10,False,True,5.812563467770815,5.757319740951061,1.009595389748256,10
28,6,120,17,True,,,,,
28,6,121,17,True,,,,,
28,6,122,7,False,True,3.995758015662432,4.616465885192156,0.8655447944453103,7
28,6,123,14,False,True,26.482727844268084,28.889733366668224,0.9166830135865067,14
28,6,124,18,True,,,,,
28,6,125,8,False,True,3.781309351325035,4.681814461946487,0.8076589497638779,8
28,6,126,16,False,True,81.2677200883627,90.47725470736623,0.8982116041342074,16
28,6,127,14,False,True,30.426785815507174,29.427630361169577,1.033952970119402,14
28,6,128,12,False,True,12.936433777213097,13.157934881746769,0.983165967416289,12
28,6,129,14,False,True,26.88467502593994,29.657285194844007,0.9065116665032411,14
28,6,130,10,False,True,4.7647603787481785,5.591169465333223,0.8521938761275245,10
28,6,131,7,False,True,4.063958767801523,4.095809999853373,0.9922234595713694,7
28,6,132,9,False,True,4.415065050125122,4.597909282892942,0.9602331795783545,9
28,6,133,13,False,True,12.014429084956646,12.799238320440054,0.9386831297429561,13
28,6,134,18,True,,,,,
28,6,135,12,False,True,8.450273890048265,9.886380285024643,0.8547389081166831,12
28,6,136,18,True,,,,,
28,6,137,18,True,,,,,
28,6,138,12,False,True,9.391324128955603,9.696774650365114,0.9684997813785422,12
28,6,139,16,False,True,77.66073103994131,77.04747840762138,1.007959412105293,16
28,6,140,20,True,,,,,
28,6,141,12,False,True,9.897281415760517,10.255426168441772,0.9650775358528398,12
28,6,142,2,False,True,2.394705079495907,3.607559483498335,0.663801966523281,2
28,6,143,7,False,True,4.242761060595512,4.821261391043663,0.8800105857104499,7
28,6,144,23,True,,,,,
28,6,145,3,False,True,2.5983108207583427,3.563058562576771,0.7292360692716957,3
28,6,146,18,True,,,,,
28,6,147,15,False,True,39.737310726195574,39.74286373704672,0.9998602765294448,15
28,6,148,3,False,True,2.6157544925808907,7.868823595345019,0.3324200194458927,3
28,6,149,5,False,True,3.1366106122732162,3.909959923475981,0.8022104250840372,5
28,6,150,15,False,True,46.616680920124054,46.10423697158694,1.0111148992413197,15
28,6,151,15,False,True,37.23800415173173,35.88755149394274,1.0376301141084237,15
28,6,152,15,False,True,42.79977409169078,42.02572628855705,1.0184184277463513,15
28,6,153,12,False,True,7.790173403918743,8.185820188373327,0.9516668122008668,12
28,6,154,8,False,True,4.017360042780638,4.445458762347698,0.9036997658840105,8
28,6,155,9,False,True,3.706060815602541,4.074110183864832,0.9096614103074778,9
28,6,156,7,False,True,4.700610879808664,4.882963839918375,0.9626552712475629,7
28,6,157,6,False,True,3.1723547726869583,5.062913987785578,0.6265867404305807,6
28,6,158,19,True,,,,,
28,6,159,14,False,True,24.39571777358651,23.835115134716034,1.0235200306649224,14
28,6,160,19,True,,,,,
28,6,161,16,False,True,83.26875977218151,96.38527408242226,0.8639157855273164,16
28,6,162,10,False,True,5.100115668028593,5.270715337246656,0.9676325397403871,10
28,6,163,10,False,True,6.303268019109964,6.488170474767685,0.9715016033600226,10
28,6,164,20,True,,,,,
28,6,165,8,False,True,3.8943113759160037,5.7335663586854935,0.6792127503707541,8
28,6,166,11,False,True,6.729962769895792,6.495870184153318,1.0360371403839848,11
28,6,167,17,True,,,,,
28,6,168,9,False,True,6.410763598978519,6.478868890553713,0.9894880892443291,9
28,6,169,16,False,True,80.85771696642041,87.59625488892198,0.9230727622882223,16
28,6,170,7,False,True,4.006261005997658,4.507910925894976,0.8887178721709718,7
28,6,171,7,False,True,3.773260395973921,4.251908976584673,0.8874273689190721,7
28,6,172,17,True,,,,,
28,6,173,16,False,True,64.16995311155915,76.92573126405478,0.8341806058533234,16
28,6,174,12,False,True,10.228028986603022,9.536275174468756,1.0725392041943465,12
28,6,175,17,True,,,,,
28,6,176,11,False,True,8.101975545287132,7.288474589586258,1.1116147069872757,11
28,6,177,13,False,True,24.23811936751008,25.100719649344683,0.9656344402118716,13
28,6,178,12,False,True,8.768425323069096,11.339730117470026,0.7732481489625957,12
28,6,179,14,False,True,25.297626852989197,26.763479690998793,0.9452293627385606,14
28,6,180,14,False,True,29.35453550890088,32.69549459218979,0.8978159185245362,14
28,6,181,15,False,True,37.98571182414889,52.7750002220273,0.7197671561220451,15
28,6,182,8,False,True,5.782970692962408,7.382174953818321,0.7833694987100315,8
28,6,183,11,False,True,5.5468641221523285,5.6250207126140594,0.9861055461917739,11
28,6,184,16,False,True,73.33748508244753,75.45098196715117,0.9719884774246704,16
28,6,185,17,True,,,,,
28,6,186,13,False,True,10.314981918781996,11.527184396982193,0.8948396732060996,13
28,6,187,13,False,True,16.837595030665398,17.98695418983698,0.9361004010439414,13
28,6,188,16,False,True,68.7404302880168,81.06572786346078,0.8479592066797511,16
28,6,189,7,False,True,4.109314177185297,4.673514049500227,0.8792771635349499,7
28,6,190,20,True,,,,,
28,6,191,9,False,True,5.095514934509993,6.0283648781478405,0.8452565558831174,9
28,6,192,16,False,True,71.75997598096728,77.21822476014495,0.9293139825976049,16
28,6,193,19,True,,,,,
28,6,194,12,False,True,7.828974630683661,8.058520033955574,0.9715151910890965,12
28,6,195,13,False,True,14.211740344762802,13.886289671063423,1.0234368345619032,13
28,6,196,10,False,True,5.59656647965312,5.129314959049225,1.0910943321543478,10
28,6,197,15,False,True,46.338934917002916,49.234540201723576,0.94118752256329,15
28,6,198,6,False,True,3.9368635043501854,4.066110122948885,0.9682136944916373,6
28,6,199,17,True,,,,,
28,6,200,17,True,,,,,
28,6,201,17,True,,,,,
28,6,202,17,True,,,,,
28,6,203,17,True,,,,,
28,6,204,8,False,True,4.1523645631968975,5.094564985483885,0.8150577281923715,8
28,6,205,18,True,,,,,
28,6,206,13,False,True,12.755440548062325,13.34938919171691,0.9555074292070891,13
28,6,207,10,False,True,5.547364708036184,5.193364340811968,1.0681639769508005,10
28,6,208,8,False,True,3.498659934848547,4.157759249210358,0.8414772778180971,8
28,6,209,16,False,True,83.8107313029468,82.00975134968758,1.0219605586362517,16
28,6,210,9,False,True,5.1238154992461205,4.649413749575615,1.1020347457168782,9
28,6,211,14,False,True,19.37085995450616,20.9108111448586,0.92635621929324,14
28,6,212,7,False,True,3.83330974727869,4.239960107952356,0.9040909937074729,7
28,6,213,16,False,True,66.68443093076348,65.28595695272088,1.021420747176232,16
28,6,214,15,False,True,40.391613729298115,53.106353152543306,0.7605796920996774,15
28,6,215,15,False,True,47.872134018689394,46.743834391236305,1.024137934813166,15
28,6,216,18,True,,,,,
28,6,217,23,True,,,,,
28,6,218,13,False,True,17.131201457232237,18.046600744128227,0.9492758054619327,13
28,6,219,20,True,,,,,
28,6,220,15,False,True,52.18464648351073,64.96695568785071,0.8032490660982231,15
28,6,221,13,False,True,12.151577975600958,14.483388513326645,0.8390010365612915,13
28,6,222,10,False,True,5.157864652574062,5.1118154078722,1.0090083935016407,10
28,6,223,13,False,True,14.08659154549241,14.048090670257807,1.0027406482587784,13
28,6,224,6,False,True,4.274016246199608,4.801959730684757,0.8900566614268827,6
28,6,225,12,False,True,7.168424781411886,7.072270382195711,1.013595973290026,12
28,6,226,8,False,True,5.224714986979961,5.251513794064522,0.9948969367432968,8
28,6,227,3,False,True,3.1769112683832645,3.861361183226108,0.8227438764816618,3
28,6,228,19,True,,,,,
28,6,229,11,False,True,5.379614885896444,6.23227097094059,0.8631869363479456,11
28,6,230,13,False,True,18.297401256859303,18.624605145305395,0.9824316335356742,13
28,6,231,13,False,True,11.865785345435143,11.541235726326704,1.0281208725655009,13
28,6,232,13,False,True,12.834835797548294,12.03643623739481,1.066331889639644,13
28,6,233,17,True,,,,,
28,6,234,17,True,,,,,
28,6,235,16,False,True,60.28292700648308,66.88443245366216,0.9012998211242559,16
28,6,236,11,False,True,8.001176174730062,8.354575838893652,0.9576998675961043,11
28,6,237,17,True,,,,,
28,6,238,12,False,True,9.805930312722921,9.864976163953543,0.9940145976787684,12
28,6,239,13,False,True,15.547738876193762,16.9875449500978,0.9152434281625993,13
28,6,240,12,False,True,8.088275790214539,8.033826015889645,1.0067775645398844,12
28,6,241,17,True,,,,,
28,6,242,9,False,True,4.382610786706209,5.537965334951878,0.791375626540337,9
28,6,243,16,False,True,92.81077655032277,97.90227049961686,0.9479941177736627,16
28,6,244,11,False,True,7.091469597071409,6.675368640571833,1.0623337794366263,11
28,6,245,12,False,True,8.054175414144993,8.17752443253994,0.9849160929554527,12
28,6,246,11,False,True,6.5590208396315575,7.370871026068926,0.8898569540063777,11
28,6,247,4,False,True,3.0111591331660748,3.9385608397424225,0.764532847323745,4
28,6,248,18,True,,,,,
28,6,249,17,True,,,,,
28,6,250,16,False,True,93.30949978902936,92.30927098542452,1.0108356267244574,16
28,6,251,6,False,True,3.131553530693054,3.6349589936435223,0.861510002222645,6
28,6,252,4,False,True,2.9960600659251213,3.6704097874462605,0.8162739964819221,4
28,6,253,18,True,,,,,
28,6,254,17,True,,,,,
28,6,255,9,False,True,4.3896096758544445,4.477114416658878,0.9804551028495413,9
28,6,256,9,False,True,4.500614013522863,4.724864847958088,0.9525381483594949,9
28,6,257,17,True,,,,,
28,6,258,7,False,True,4.233166109770536,4.434515722095966,0.9545949039435895,7
28,6,259,5,False,True,3.038260620087385,4.219559486955404,0.7200421346067152,5
28,6,260,10,False,True,5.72956632822752,5.746216047555208,0.99710248984899,10
28,6,261,13,False,True,16.144043765962124,15.345446299761534,1.0520413320408284,13
28,6,262,12,False,True,10.103178210556507,11.417034547775984,0.8849214012866928,12
28,6,263,16,False,True,99.673040676862,105.56132765486836,0.9442192788891586,16
28,6,264,16,False,True,72.41697749122977,71.21070520952344,1.0169394795088338,16
28,6,265,11,False,True,6.527069490402937,6.068272050470114,1.0756059445122075,11
28,6,266,16,False,True,77.42970483377576,90.39099095389247,0.8566086511129396,16
28,6,267,19,True,,,,,
28,6,268,10,False,True,5.848263390362263,5.84491528570652,1.0005728234699878,10
28,6,269,20,True,,,,,
28,6,270,5,False,True,3.3959094434976578,3.9886590093374252,0.8513912659738161,5
28,6,271,10,False,True,5.647062789648771,5.849015433341265,0.9654723694963603,10
28,6,272,19,True,,,,,
28,6,273,17,True,,,,,
28,6,274,15,False,True,36.90685611218214,35.622199065983295,1.0360633840661904,15
28,6,275,15,False,True,43.76952536404133,51.507295574992895,0.8497733160987722,15
28,6,276,16,False,True,78.16398283466697,83.92099989578128,0.9313995654453145,16
28,6,277,13,False,True,12.16598553583026,11.603680904954672,1.048459160113192,13
28,6,278,16,False,True,73.60873278230429,71.77420193329453,1.0255597526631466,16
28,6,279,11,False,True,6.814568769186735,6.996819283813238,0.9739523764679574,11
28,6,280,7,False,True,4.008866380900145,3.983010537922383,1.0064915326564134,7
28,6,281,16,False,True,83.54048477485776,82.6684758067131,1.0105482647361674,16
28,6,282,12,False,True,8.44377325847745,8.743375074118376,0.965733848416524,12
28,6,283,21,True,,,,,
28,6,284,14,False,True,27.039775159209967,26.313925627619028,1.0275842358856973,14
28,6,285,13,False,True,12.405384331941605,14.314139261841774,0.8666524829062915,13
28,6,286,18,True,,,,,
28,6,287,6,False,True,3.1179096549749374,3.96966002881527,0.785434932045167,6
28,6,288,18,True,,,,,
28,6,289,9,False,True,4.95261512696743,4.8340135253965855,1.0245348096251168,9
28,6,290,22,True,,,,,
28,6,291,9,False,True,3.737711813300848,4.187910817563534,0.8925003363551555,9
28,6,292,19,True,,,,,
28,6,293,20,True,,,,,
28,6,294,16,False,True,106.02354304865003,104.27604429423809,1.0167583913087552,16
28,6,295,17,True,,,,,
28,6,296,13,False,True,16.193401534110308,17.02739391475916,0.9510205504833035,13
28,6,297,19,True,,,,,
28,6,298,14,False,True,28.35738006979227,27.767978608608246,1.0212259404795605,14
28,6,299,5,False,True,3.1367107294499874,7.272919174283743,0.4312863451777462,5
28,8,0,27,True,,,,,
28,8,1,20,True,,,,,
28,8,2,26,True,,,,,
28,8,3,18,True,,,,,
28,8,4,12,False,True,9.802025742828846,10.588481090962887,0.9257253857868936,12
28,8,5,23,True,,,,,
28,8,6,19,True,,,,,
28,8,7,27,True,,,,,
28,8,8,27,True,,,,,
28,8,9,23,True,,,,,
28,8,10,25,True,,,,,
28,8,11,23,True,,,,,
28,8,12,26,True,,,,,
28,8,13,20,True,,,,,
28,8,14,26,True,,,,,
28,8,15,19,True,,,,,
28,8,16,26,True,,,,,
28,8,17,19,True,,,,,
28,8,18,28,True,,,,,
28,8,19,25,True,,,,,
28,8,20,28,True,,,,,
28,8,21,19,True,,,,,
28,8,22,25,True,,,,,
28,8,23,25,True,,,,,
28,8,24,27,True,,,,,
28,8,25,27,True,,,,,
28,8,26,25,True,,,,,
28,8,27,24,True,,,,,
28,8,28,15,False,True,54.51140459626913,62.83195689320564,0.8675745160845649,15
28,8,29,27,True,,,,,
28,8,30,25,True,,,,,
28,8,31,28,True,,,,,
28,8,32,27,True,,,,,
28,8,33,22,True,,,,,
28,8,34,19,True,,,,,
28,8,35,25,True,,,,,
28,8,36,22,True,,,,,
28,8,37,26,True,,,,,
28,8,38,26,True,,,,,
28,8,39,20,True,,,,,
28,8,40,21,True,,,,,
28,8,41,23,True,,,,,
28,8,42,18,True,,,,,
28,8,43,26,True,,,,,
28,8,44,17,True,,,,,
28,8,45,21,True,,,,,
28,8,46,25,True,,,,,
28,8,47,27,True,,,,,
28,8,48,27,True,,,,,
28,8,49,23,True,,,,,
28,8,50,27,True,,,,,
28,8,51,15,False,True,37.37295977771282,44.858730398118496,0.8331256690956271,15
28,8,52,20,True,,,,,
28,8,53,24,True,,,,,
28,8,54,27,True,,,,,
28,8,55,28,True,,,,,
28,8,56,25,True,,,,,
28,8,57,25,True,,,,,
28,8,58,28,True,,,,,
28,8,59,25,True,,,,,
28,8,60,26,True,,,,,
28,8,61,24,True,,,,,
28,8,62,27,True,,,,,
28,8,63,26,True,,,,,
28,8,64,21,True,,,,,
28,8,65,25,True,,,,,
28,8,66,19,True,,,,,
28,8,67,22,True,,,,,
28,8,68,25,True,,,,,
28,8,69,28,True,,,,,
28,8,70,26,True,,,,,
28,8,71,27,True,,,,,
28,8,72,18,True,,,,,
28,8,73,20,True,,,,,
28,8,74,25,True,,,,,
28,8,75,28,True,,,,,
28,8,76,13,False,True,19.999309442937374,22.999364882707596,0.8695592050010974,13
28,8,77,26,True,,,,,
28,8,78,5,False,True,3.013606183230877,4.035260062664747,0.7468183305243516,5
28,8,79,25,True,,,,,
28,8,80,25,True,,,,,
28,8,81,25,True,,,,,
28,8,82,24,True,,,,,
28,8,83,19,True,,,,,
28,8,84,26,True,,,,,
28,8,85,26,True,,,,,
28,8,86,24,True,,,,,
28,8,87,25,True,,,,,
28,8,88,22,True,,,,,
28,8,89,23,True,,,,,
28,8,90,26,True,,,,,
28,8,91,28,True,,,,,
28,8,92,25,True,,,,,
28,8,93,27,True,,,,,
28,8,94,28,True,,,,,
28,8,95,24,True,,,,,
28,8,96,25,True,,,,,
28,8,97,26,True,,,,,
28,8,98,19,True,,,,,
28,8,99,22,True,,,,,
28,8,100,22,True,,,,,
28,8,101,25,True,,,,,
28,8,102,25,True,,,,,
28,8,103,22,True,,,,,
28,8,104,26,True,,,,,
28,8,105,26,True,,,,,
28,8,106,25,True,,,,,
28,8,107,28,True,,,,,
28,8,108,27,True,,,,,
28,8,109,25,True,,,,,
28,8,110,27,True,,,,,
28,8,111,22,True,,,,,
28,8,112,21,True,,,,,
28,8,113,13,False,True,13.979990035295486,18.403606954962015,0.7596331561257439,13
28,8,114,28,True,,,,,
28,8,115,26,True,,,,,
28,8,116,28,True,,,,,
28,8,117,20,True,,,,,
28,8,118,28,True,,,,,
28,8,119,25,True,,,,,
28,8,120,25,True,,,,,
28,8,121,20,True,,,,,
28,8,122,25,True,,,,,
28,8,123,28,True,,,,,
28,8,124,17,True,,,,,
28,8,125,28,True,,,,,
28,8,126,27,True,,,,,
28,8,127,19,True,,,,,
28,8,128,7,False,True,3.716610372066498,4.4457148760557175,0.8359983659959569,7
28,8,129,25,True,,,,,
28,8,130,23,True,,,,,
28,8,131,24,True,,,,,
28,8,132,21,True,,,,,
28,8,133,24,True,,,,,
28,8,134,18,True,,,,,
28,8,135,25,True,,,,,
28,8,136,26,True,,,,,
28,8,137,26,True,,,,,
28,8,138,22,True,,,,,
28,8,139,0,False,True,1.9393046386539936,9.13537573069334,0.2122851534325242,0
28,8,140,17,True,,,,,
28,8,141,20,True,,,,,
28,8,142,24,True,,,,,
28,8,143,26,True,,,,,
28,8,144,12,False,True,11.60778570920229,13.701084535568953,0.8472165600517013,12
28,8,145,25,True,,,,,
28,8,146,23,True,,,,,
28,8,147,18,True,,,,,
28,8,148,19,True,,,,,
28,8,149,24,True,,,,,
28,8,150,24,True,,,,,
28,8,151,23,True,,,,,
28,8,152,26,True,,,,,
28,8,153,26,True,,,,,
28,8,154,27,True,,,,,
28,8,155,26,True,,,,,
28,8,156,28,True,,,,,
28,8,157,25,True,,,,,
28,8,158,23,True,,,,,
28,8,159,25,True,,,,,
28,8,160,25,True,,,,,
28,8,161,28,True,,,,,
28,8,162,11,False,True,7.087369449436665,7.3310197331011295,0.9667644758116894,11
28,8,163,27,True,,,,,
28,8,164,26,True,,,,,
28,8,165,24,True,,,,,
28,8,166,22,True,,,,,
28,8,167,18,True,,,,,
28,8,168,27,True,,,,,
28,8,169,25,True,,,,,
28,8,170,28,True,,,,,
28,8,171,18,True,,,,,
28,8,172,28,True,,,,,
28,8,173,25,True,,,,,
28,8,174,24,True,,,,,
28,8,175,24,True,,,,,
28,8,176,28,True,,,,,
28,8,177,28,True,,,,,
28,8,178,26,True,,,,,
28,8,179,27,True,,,,,
28,8,180,28,True,,,,,
28,8,181,14,False,True,35.62744939699769,38.82301039993763,0.9176889950052644,14
28,8,182,25,True,,,,,
28,8,183,22,True,,,,,
28,8,184,18,True,,,,,
28,8,185,19,True,,,,,
28,8,186,25,True,,,,,
28,8,187,27,True,,,,,
28,8,188,20,True,,,,,
28,8,189,18,True,,,,,
28,8,190,21,True,,,,,
28,8,191,22,True,,,,,
28,8,192,25,True,,,,,
28,8,193,22,True,,,,,
28,8,194,28,True,,,,,
28,8,195,20,True,,,,,
28,8,196,25,True,,,,,
28,8,197,18,True,,,,,
28,8,198,24,True,,,,,
28,8,199,26,True,,,,,
28,8,200,26,True,,,,,
28,8,201,26,True,,,,,
28,8,202,24,True,,,,,
28,8,203,26,True,,,,,
28,8,204,25,True,,,,,
28,8,205,26,True,,,,,
28,8,206,27,True,,,,,
28,8,207,9,False,True,4.644314758479595,5.373964086174965,0.8642251202287596,9
28,8,208,26,True,,,,,
28,8,209,24,True,,,,,
28,8,210,28,True,,,,,
28,8,211,19,True,,,,,
28,8,212,27,True,,,,,
28,8,213,28,True,,,,,
28,8,214,28,True,,,,,
28,8,215,23,True,,,,,
28,8,216,28,True,,,,,
28,8,217,24,True,,,,,
28,8,218,26,True,,,,,
28,8,219,20,True,,,,,
28,8,220,27,True,,,,,
28,8,221,24,True,,,,,
28,8,222,24,True,,,,,
28,8,223,17,True,,,,,
28,8,224,22,True,,,,,
28,8,225,24,True,,,,,
28,8,226,26,True,,,,,
28,8,227,17,True,,,,,
28,8,228,27,True,,,,,
28,8,229,17,True,,,,,
28,8,230,15,False,True,39.69736397266388,50.11344561353326,0.7921499606872673,15
28,8,231,28,True,,,,,
28,8,232,27,True,,,,,
28,8,233,21,True,,,,,
28,8,234,0,False,True,1.8943054601550102,24.036620743572712,0.07880914211543398,0
28,8,235,25,True,,,,,
28,8,236,24,True,,,,,
28,8,237,25,True,,,,,
28,8,238,7,False,True,3.7636118941009045,5.25736715644598,0.7158738931684456,7
28,8,239,28,True,,,,,
28,8,240,24,True,,,,,
28,8,241,6,False,True,4.483358934521675,5.5022165179252625,0.8148277916573572,6
28,8,242,26,True,,,,,
28,8,243,25,True,,,,,
28,8,244,12,False,True,7.637874223291874,9.637875482439995,0.7924852564455641,12
28,8,245,25,True,,,,,
28,8,246,26,True,,,,,
28,8,247,24,True,,,,,
28,8,248,25,True,,,,,
28,8,249,23,True,,,,,
28,8,250,22,True,,,,,
28,8,251,26,True,,,,,
28,8,252,25,True,,,,,
28,8,253,22,True,,,,,
28,8,254,28,True,,,,,
28,8,255,27,True,,,,,
28,8,256,25,True,,,,,
28,8,257,27,True,,,,,
28,8,258,26,True,,,,,
28,8,259,27,True,,,,,
28,8,260,25,True,,,,,
28,8,261,22,True,,,,,
28,8,262,24,True,,,,,
28,8,263,25,True,,,,,
28,8,264,27,True,,,,,
28,8,265,20,True,,,,,
28,8,266,24,True,,,,,
28,8,267,22,True,,,,,
28,8,268,27,True,,,,,
28,8,269,17,True,,,,,
28,8,270,26,True,,,,,
28,8,271,22,True,,,,,
28,8,272,24,True,,,,,
28,8,273,28,True,,,,,
28,8,274,28,True,,,,,
28,8,275,27,True,,,,,
28,8,276,23,True,,,,,
28,8,277,22,True,,,,,
28,8,278,25,True,,,,,
28,8,279,27,True,,,,,
28,8,280,26,True,,,,,
28,8,281,27,True,,,,,
28,8,282,12,False,True,8.869876619428396,9.915975388139486,0.8945036945167966,12
28,8,283,26,True,,,,,
28,8,284,22,True,,,,,
28,8,285,27,True,,,,,
28,8,286,18,True,,,,,
28,8,287,26,True,,,,,
28,8,288,25,True,,,,,
28,8,289,27,True,,,,,
28,8,290,25,True,,,,,
28,8,291,21,True,,,,,
28,8,292,21,True,,,,,
28,8,293,25,True,,,,,
28,8,294,23,True,,,,,
28,8,295,25,True,,,,,
28,8,296,25,True,,,,,
28,8,297,25,True,,,,,
28,8,298,22,True,,,,,
28,8,299,22,True,,,,,
30,4,0,8,False,True,4.36246395111084,4.466467071324587,0.9767146788383456,8
30,4,1,6,False,True,3.452759701758623,3.699660301208496,0.9332639811905913,6
30,4,2,5,False,True,3.394009545445442,3.973064012825489,0.8542549363637749,5
30,4,3,7,False,True,4.2938650585711,4.414867144078016,0.9725921343591902,7
30,4,4,4,False,True,3.0180602334439754,3.7191598676145077,0.8114897828739419,4
30,4,5,4,False,True,3.5324599593877792,3.943659830838442,0.8957314045610167,4
30,4,6,9,False,True,3.9025605656206603,4.046158865094185,0.9645099700082631,9
30,4,7,5,False,True,3.741714172065258,4.371365066617727,0.8559601211619574,5
30,4,8,9,False,True,3.722510300576687,4.041709471493959,0.9210237219749283,9
30,4,9,6,False,True,3.0615110881626606,3.2946583814918995,0.9292347593186082,6
30,4,10,6,False,True,3.558560274541378,3.759465180337429,0.9465602429710444,6
30,4,11,11,False,True,5.502414423972368,5.551914218813181,0.9910841931467388,11
30,4,12,7,False,True,3.9122137241065507,3.921159077435732,0.9977186966525645,7
30,4,13,5,False,True,2.734554000198841,3.512559924274683,0.7785074302365121,5
30,4,14,7,False,True,3.895265981554985,4.017211031168699,0.9696443506035486,7
30,4,15,10,False,True,4.41345851868391,4.937516059726477,0.8938621090638847,10
30,4,16,4,False,True,2.9453099705278873,3.471560776233673,0.8484108907703699,4
30,4,17,5,False,True,3.4749088808894157,3.8598105311393733,0.9002796517744256,5
30,4,18,6,False,True,3.28870490193367,3.65725951269269,0.8992265630918632,6
30,4,19,4,False,True,2.969054039567709,3.52711183950305,0.8417805203438153,4
30,4,20,1,False,True,2.127054613083601,3.391609061509371,0.6271520610152503,1
30,4,21,7,False,True,4.309164360165596,4.387113731354475,0.982232197302801,7
30,4,22,7,False,True,3.4470600076019764,3.7471111863851547,0.919924666267339,7
30,4,23,7,False,True,3.694209735840559,4.03296435251832,0.9160035678306377,7
30,4,24,7,False,True,4.019560292363167,4.485510289669037,0.8961210726951091,7
30,4,25,7,False,True,3.7617096677422523,3.9720116183161736,0.9470540444534065,7
30,4,26,8,False,True,3.679108340293169,3.758259117603302,0.9789395103335481,8
30,4,27,4,False,True,2.8328062035143375,3.3717602491378784,0.8401564744227157,4
30,4,28,9,False,True,4.3136137537658215,4.264414310455322,1.0115372099727444,9
30,4,29,9,False,True,4.290863871574402,4.4141593389213085,0.9720681883275567,9
30,4,30,6,False,True,3.185609821230173,3.6468589678406715,0.8735215288888435,6
30,4,31,6,False,True,3.6926078610122204,4.270013887435198,0.8647765460149829,6
30,4,32,7,False,True,4.072810988873243,4.174360074102879,0.975673137097197,7
30,4,33,6,False,True,3.494010306894779,3.766515292227268,0.9276506361477301,6
30,4,34,10,False,True,4.455414600670338,4.475414752960205,0.9955311064127322,10
30,4,35,4,False,True,2.9885093681514263,3.617708571255207,0.8260779743003255,4
30,4,36,7,False,True,3.424359019845724,3.707711584866047,0.9235775063581274,7
30,4,37,5,False,True,3.0277110636234283,3.549358807504177,0.8530304282627433,5
30,4,38,7,False,True,3.2854615710675716,3.702361136674881,0.8873962992217096,7
30,4,39,4,False,True,2.83015426248312,3.423511516302824,0.8266816831215184,4
30,4,40,3,False,True,2.6509608142077923,3.2761110924184322,0.8091791576734497,3
30,4,41,6,False,True,3.310760948807001,3.7650601007044315,0.8793381407610379,6
30,4,42,7,False,True,3.954214043915272,4.241159185767174,0.932342756005279,7
30,4,43,8,False,True,3.696465864777565,3.797360695898533,0.9734302745509683,8
30,4,44,5,False,True,3.278560470789671,4.001460038125515,0.8193410504045702,5
30,4,45,5,False,True,3.2298103906214237,3.652509767562151,0.884271527294818,5
30,4,46,6,False,True,3.5470607690513134,3.7042098119854927,0.9575755556756798,6
30,4,47,3,False,True,2.626159694045782,3.2926606945693493,0.797579810873668,3
30,4,48,11,False,True,4.842614289373159,5.025116261094809,0.9636820399291841,11
30,4,49,3,False,True,2.9674102552235126,3.764759749174118,0.7882070710818874,3
30,4,50,4,False,True,2.7942098677158356,3.437260165810585,0.8129177696553257,4
30,4,51,5,False,True,2.7407589368522167,3.3891620114445686,0.808683364087401,5
30,4,52,10,False,True,4.632363561540842,4.710415378212929,0.9834299503536144,10
30,4,53,7,False,True,3.4148595295846462,3.8460153155028816,0.8878954578833079,7
30,4,54,7,False,True,3.323259297758341,3.832811489701271,0.8670552430475403,7
30,4,55,6,False,True,3.8236100226640697,4.515715409070253,0.8467340556900413,6
30,4,56,2,False,True,2.4051032960414886,3.3192592673003674,0.7245903686208931,2
30,4,57,6,False,True,3.0047097243368626,3.7763104774057865,0.7956733807547014,6
30,4,58,5,False,True,3.468957729637623,4.079360514879227,0.850368021405513,5
30,4,59,3,False,True,2.7861096896231174,3.511959221214056,0.7933206265020303,3
30,4,60,4,False,True,2.653505653142929,3.5224109888076782,0.7533208536920701,4
30,4,61,10,False,True,3.7937588058412075,4.588265437632799,0.8268394358192368,10
30,4,62,5,False,True,3.1796609982848167,3.6079599522054195,0.8812905465708403,5
30,4,63,9,False,True,4.47866041213274,4.288163036108017,1.0444240049691815,9
30,4,64,7,False,True,3.135860897600651,3.612211439758539,0.8681277244972874,7
30,4,65,1,False,True,1.8997560255229473,3.2311095856130123,0.5879577820516793,1
30,4,66,5,False,True,3.2755103893578053,3.632809966802597,0.9016464993462712,5
30,4,67,5,False,True,3.6053149960935116,4.005660302937031,0.9000551028877866,5
30,4,68,6,False,True,3.2307044602930546,3.5070604644715786,0.9212001027703515,6
30,4,69,4,False,True,2.651058603078127,3.946360666304827,0.6717730149992713,4
30,4,70,6,False,True,3.5293097607791424,4.166760481894016,0.8470152714837311,6
30,4,71,6,False,True,3.4844549372792244,4.040414933115244,0.8624002719920246,6
30,4,72,5,False,True,3.396261017769575,3.767011221498251,0.901579745339538,5
30,4,73,5,False,True,3.5582087002694607,4.115209449082613,0.8646482625720734,5
30,4,74,6,False,True,3.66866122931242,3.890115767717361,0.9430725069308449,6
30,4,75,8,False,True,3.9326655678451057,4.50006453320384,0.873913149206602,8
30,4,76,7,False,True,3.9945635944604874,4.384214989840984,0.9111240219096487,7
30,4,77,11,False,True,5.051915068179369,5.286615341901779,0.9556048135633828,11
30,4,78,2,False,True,2.4073105305433273,3.204760141670704,0.7511671464087635,2
30,4,79,8,False,True,3.8066599518060684,4.015564918518066,0.9479761948938696,8
30,4,80,4,False,True,2.6855547912418842,3.595561720430851,0.7469082719347891,4
30,4,81,5,False,True,3.053261898458004,3.970558755099773,0.7689753726818433,5
30,4,82,9,False,True,4.4533610343933105,4.958766512572765,0.8980783876599113,9
30,4,83,8,False,True,3.324858844280243,3.755609504878521,0.8853047261599656,8
30,4,84,2,False,True,2.375654876232147,3.2546091824769974,0.7299355292865298,2
30,4,85,2,False,True,2.544703893363476,3.7416606210172176,0.6801001349693939,2
30,4,86,2,False,True,2.3790053091943264,3.242108505219221,0.7337833713352124,2
30,4,87,7,False,True,3.71936010196805,4.042563959956169,0.9200497849410344,7
30,4,88,7,False,True,3.754210192710161,4.605865105986595,0.8150933877395861,7
30,4,89,8,False,True,4.470115527510643,4.6390644274652,0.963581255963097,8
30,4,90,5,False,True,3.0917045660316944,3.6842096596956253,0.8391771510330166,5
30,4,91,5,False,True,3.119653556495905,3.4785084426403046,0.8968365631241599,5
30,4,92,6,False,True,3.7107616662979126,4.089660942554474,0.9073519097111522,6
30,4,93,1,False,True,1.879704650491476,3.209358546882868,0.5856948119172176,1
30,4,94,4,False,True,2.682809717953205,3.3340533263981342,0.8046691085326806,4
30,4,95,3,False,True,2.621859312057495,3.513761330395937,0.7461688673550458,3
30,4,96,8,False,True,3.9932155050337315,4.260360728949308,0.9372951632709607,8
30,4,97,8,False,True,4.521466325968504,4.516015760600567,1.0012069411748936,8
30,4,98,9,False,True,4.348764196038246,4.291059449315071,1.0134476689043275,9
30,4,99,6,False,True,3.3444585278630257,3.6610104143619537,0.9135342840716564,6
30,4,100,4,False,True,3.0585587956011295,3.7045590579509735,0.8256202014209073,4
30,4,101,4,False,True,2.991210203617811,3.6392593756318092,0.8219282812450017,4
30,4,102,3,False,True,2.78746010735631,3.861761651933193,0.7218104996099153,3
30,4,103,4,False,True,3.3080088905990124,3.799409605562687,0.8706639278259921,4
30,4,104,9,False,True,4.659115802496672,4.377712029963732,1.0642810149701125,9
30,4,105,4,False,True,3.2111583277583122,3.7388596683740616,0.8588603511708601,4
30,4,106,8,False,True,3.5267602652311325,3.770110197365284,0.9354528331017447,8
30,4,107,1,False,True,1.9728555344045162,3.3044605515897274,0.5970280182208271,1
30,4,108,4,False,True,3.1429086811840534,3.662458620965481,0.8581417584331735,4
30,4,109,3,False,True,2.7332594618201256,3.357210662215948,0.814145949368581,3
30,4,110,4,False,True,2.682912163436413,3.3145607449114323,0.8094321902397665,4
30,4,111,11,False,True,4.998210351914167,4.9353670328855515,1.0127332615000821,11
30,4,112,6,False,True,3.688859287649393,3.9536110125482087,0.9330354645263454,6
30,4,113,5,False,True,3.3601117320358753,3.680360969156027,0.9129842861056126,5
30,4,114,5,False,True,3.5483622923493385,4.104559775441885,0.8644927803414271,5
30,4,115,7,False,True,3.9709103293716908,4.117111675441265,0.9644893416562705,7
30,4,116,6,False,True,3.9566145278513427,4.299159627407789,0.9203227771835524,6
30,4,117,8,False,True,4.761158488690853,4.700315184891224,1.0129445157199681,8
30,4,118,3,False,True,3.297906368970871,3.9505655877292156,0.8347934734242716,3
30,4,119,8,False,True,4.512064624577761,4.583809059113264,0.9843482933930537,8
30,4,120,2,False,True,2.78121093288064,4.0819658897817135,0.6813410518306334,2
30,4,121,4,False,True,3.3226609230041504,4.104264080524445,0.8095631416045673,4
30,4,122,6,False,True,3.8050091825425625,4.639758262783289,0.8200878078204059,6
30,4,123,5,False,True,4.15091635659337,4.687060136348009,0.8856119264191087,5
30,4,124,6,False,True,3.7047103978693485,3.340959083288908,1.1088763153071473,6
30,4,125,9,False,True,4.528758581727743,4.9192155711352825,0.9206261681844881,9
30,4,126,7,False,True,3.7784595042467117,4.109959118068218,0.9193423573572382,7
30,4,127,4,False,True,3.475008998066187,3.947159275412559,0.8803822586315515,4
30,4,128,6,False,True,3.906865604221821,4.529859870672226,0.862469417545591,6
30,4,129,8,False,True,4.488215781748295,4.788509104400873,0.9372887643929518,8
30,4,130,4,False,True,3.6004604771733284,3.936709836125374,0.9145861968625577,4
30,4,131,4,False,True,2.968553453683853,3.740664105862379,0.7935899534608114,4
30,4,132,11,False,True,6.334662903100252,6.102814804762602,1.0379903545748623,11
30,4,133,7,False,True,4.132711328566074,4.206916783004999,0.982361083361882,7
30,4,134,5,False,True,3.0292593874037266,3.648360725492239,0.8303069831437836,5
30,4,135,10,False,True,5.204959306865931,4.821766633540392,1.0794714266468302,10
30,4,136,8,False,True,5.028063897043467,4.801666364073753,1.0471497842215003,8
30,4,137,4,False,True,3.2321596518158913,3.5625603049993515,0.9072575269196684,4
30,4,138,7,False,True,3.8158614188432693,4.1406601667404175,0.9215587044534413,7
30,4,139,3,False,True,3.2818596810102463,3.7128105759620667,0.8839286610143983,3
30,4,140,7,False,True,4.326060879975557,4.637765232473612,0.9327899673930232,7
30,4,141,8,False,True,3.8511585444211955,4.201510455459356,0.9166128670266854,8
30,4,142,6,False,True,4.690566565841436,4.7539640218019485,0.9866642962231587,6
30,4,143,8,False,True,4.273559898138046,5.1806168630719185,0.824913328102009,8
30,4,144,5,False,True,3.889759536832571,4.395016003400087,0.8850387652339291,5
30,4,145,5,False,True,4.489659331738949,4.679909907281399,0.9593473850326815,5
30,4,146,3,False,True,2.8001610189676285,3.7453114055097103,0.7476443787419985,3
30,4,147,5,False,True,3.415411338210106,3.839866258203983,0.8894610146676288,5
30,4,148,2,False,True,3.0602538026869297,5.577420815825462,0.5486861945226935,2
30,4,149,2,False,True,2.534855157136917,3.365210723131895,0.7532530250521156,2
30,4,150,8,False,True,3.584008663892746,4.074310418218374,0.8796601868789299,8
30,4,151,5,False,True,3.114510327577591,3.9112614467740063,0.7962930553124817,5
30,4,152,11,False,True,6.845518946647644,5.938864778727293,1.1526645582448585,11
30,4,153,4,False,True,3.1788600608706474,4.316815175116062,0.7363901237178125,4
30,4,154,6,False,True,3.58036020770669,4.3425592593848705,0.8244816003302745,6
30,4,155,6,False,True,3.7392601370811462,3.8907653652131557,0.9610603020458137,6
30,4,156,8,False,True,4.476564936339855,4.845215007662773,0.9239146104476493,8
30,4,157,7,False,True,3.773709759116173,4.4086086563766,0.8559865602173349,7
30,4,158,6,False,True,3.655760083347559,4.400014877319336,0.8308517551137903,6
30,4,159,8,False,True,3.3271615393459797,3.475809935480356,0.9572334509384405,8
30,4,160,10,False,True,4.861215129494667,4.81046037748456,1.0105509136397144,10
30,4,161,0,False,True,2.0997109822928905,4.617210943251848,0.45475742999389335,0
30,4,162,7,False,True,3.30780865624547,3.5050581209361553,0.9437243384032666,7
30,4,163,6,False,True,4.263811279088259,4.556314088404179,0.9358027555518309,6
30,4,164,10,False,True,5.8189197443425655,6.279069930315018,0.9267168241349134,10
30,4,165,5,False,True,3.0474551022052765,3.8614613004028793,0.7891973698887841,5
30,4,166,9,False,True,4.925909452140331,4.761714953929186,1.0344822190743816,9
30,4,167,3,False,True,3.0502094887197018,3.9046141318976875,0.7811807737419791,3
30,4,168,4,False,True,3.644609823822975,4.600461106747389,0.7922270701251035,4
30,4,169,4,False,True,3.5358592867851257,4.728864878416061,0.7477184012856518,4
30,4,170,10,False,True,4.7936150804162025,5.11551508679986,0.9370737841797608,10
30,4,171,3,False,True,2.887959126383066,3.3339601941406727,0.8662248371946855,3
30,4,172,6,False,True,3.5966606810688972,3.8191140629351144,0.9417526216288878,6
30,4,173,6,False,True,3.3718091435730457,4.285913892090321,0.7867188255451747,6
30,4,174,2,False,True,3.0876044183969498,3.6539603024721146,0.845002179226744,2
30,4,175,6,False,True,3.769160248339176,4.190111067146063,0.8995370738242503,6
30,4,176,5,False,True,4.084764514118433,3.8159103132784367,1.0704561110633155,5
30,4,177,2,False,True,2.428509760648012,3.748710732907057,0.6478253281401489,2
30,4,178,3,False,True,3.195861354470253,3.764159046113491,0.8490239958829562,3
30,4,179,0,False,True,2.4447543546557426,5.022215191274881,0.4867880529896501,0
30,4,180,6,False,True,4.052761942148209,4.0440610609948635,1.002151520716951,6
30,4,181,3,False,True,3.07456124573946,3.9167096838355064,0.7849857390320137,3
30,4,182,4,False,True,3.5423110239207745,4.083109088242054,0.8675523840696318,4
30,4,183,4,False,True,3.267608117312193,3.673860337585211,0.8894208862223535,4
30,4,184,6,False,True,4.379961173981428,4.0970160625875,1.069061264850212,6
30,4,185,2,False,True,2.4428055621683598,3.345911391079426,0.7300867466727161,2
30,4,186,1,False,True,2.233560662716627,3.2569607719779015,0.6857806461574975,1
30,4,187,6,False,True,3.5148602910339832,4.310959484428167,0.8153313209577093,6
30,4,188,5,False,True,3.7039583548903465,5.210363306105137,0.7108829341229064,5
30,4,189,7,False,True,4.553464241325855,5.146313924342394,0.8848011039100585,7
30,4,190,6,False,True,3.443558234721422,4.499165806919336,0.765377045990508,6
30,4,191,7,False,True,3.8046645931899548,3.980258479714394,0.9558837981454312,7
30,4,192,10,False,True,5.601721350103617,5.548668559640646,1.0095613551057745,10
30,4,193,3,False,True,2.6788562536239624,3.559661563485861,0.7525592548187771,3
30,4,194,3,False,True,2.8358097188174725,4.002561327069998,0.7084987554440235,3
30,4,195,7,False,True,3.607759717851877,4.156059585511684,0.8680721831873588,7
30,4,196,7,False,True,4.462311044335365,4.90791629999876,0.9092068347490956,7
30,4,197,4,False,True,3.323459532111883,4.529915750026703,0.733669170799102,4
30,4,198,11,False,True,6.127071101218462,6.002914160490036,1.0206827779656757,11
30,4,199,8,False,True,4.02981648221612,4.504213575273752,0.8946770429222375,8
30,4,200,6,False,True,4.244516603648663,4.4640665873885155,0.9508183895912068,6
30,4,201,8,False,True,3.9612082764506336,4.121959209442139,0.9610013285373435,8
30,4,202,3,False,True,2.8648111037909985,3.5346602089703083,0.8104912309592425,3
30,4,203,7,False,True,3.8395659066736703,4.065309185534716,0.9444708216378005,7
30,4,204,3,False,True,3.639860078692436,4.833415150642395,0.7530617514220092,3
30,4,205,3,False,True,3.242411185055971,3.958512097597122,0.8190984655634032,3
30,4,206,5,False,True,3.785216249525547,4.549261648207903,0.8320506803596717,5
30,4,207,4,False,True,3.7506106309592724,4.0900614112615585,0.917005945346531,4
30,4,208,5,False,True,4.0076603181660175,4.702310543507338,0.8522747022098635,5
30,4,209,7,False,True,4.952114541083574,4.363115876913071,1.1349949624962112,7
30,4,210,5,False,True,3.3186539076268673,3.6096107214689255,0.9193938526081135,5
30,4,211,5,False,True,3.04721063002944,3.55046009644866,0.858257957349642,5
30,4,212,5,False,True,3.5320594906806946,4.226260352879763,0.8357411034258594,5
30,4,213,5,False,True,3.423909656703472,3.612909931689501,0.9476875209846024,5
30,4,214,6,False,True,4.179864190518856,5.458765663206577,0.765715996693569,6
30,4,215,7,False,True,4.979411605745554,5.23431459441781,0.9513015536085468,7
30,4,216,4,False,True,3.3504096791148186,4.756965208798647,0.7043166245819468,4
30,4,217,2,False,True,3.122061025351286,5.195364356040955,0.6009320639313935,2
30,4,218,3,False,True,3.202210646122694,4.249359481036663,0.753574900032108,3
30,4,219,7,False,True,3.543009515851736,3.665259573608637,0.9666462755770011,7
30,4,220,10,False,True,5.826565902680159,6.0220202431082726,0.9675433936556762,10
30,4,221,2,False,True,2.8176605701446533,3.4246593713760376,0.822756445121288,2
30,4,222,10,False,True,4.987763240933418,4.7119660302996635,1.0585312391601038,10
30,4,223,6,False,True,4.188208840787411,5.1864143460989,0.807534562667112,6
30,4,224,8,False,True,5.237164441496134,5.66006638109684,0.9252832191132794,8
30,4,225,3,False,True,3.106358926743269,3.759909886866808,0.8261790894493609,3
30,4,226,11,False,True,5.77796483412385,5.696869920939207,1.0142349947093883,11
30,4,227,9,False,True,5.230214446783066,5.6916638277471066,0.9189253977519798,9
30,4,228,7,False,True,4.213415086269379,3.943359479308128,1.068483638983031,7
30,4,229,5,False,True,3.8238638080656524,3.6843097768723965,1.037877930913758,5
30,4,230,6,False,True,4.538814537227154,5.2269152365624905,0.8683543412906252,6
30,4,231,4,False,True,3.769458271563053,4.32606553658843,0.8713363770572181,4
30,4,232,5,False,True,4.069458227604628,5.054816137999296,0.8050655288948503,5
30,4,233,9,False,True,5.660019814968109,6.021563895046711,0.9399584416307523,9
30,4,234,8,False,True,5.18041430041194,4.718464333564043,1.0979026086012538,8
30,4,235,8,False,True,4.57266578450799,4.845166113227606,0.9437583103754331,8
30,4,236,8,False,True,4.81900991871953,5.063214339315891,0.9517688953635416,8
30,4,237,6,False,True,4.417316522449255,4.426215309649706,0.9979895268128844,6
30,4,238,7,False,True,3.788361791521311,3.77066433429718,1.0046934586733585,7
30,4,239,7,False,True,3.7034088745713234,4.818965680897236,0.7685070033289366,7
30,4,240,9,False,True,5.319362971931696,5.509613547474146,0.9654693430123299,9
30,4,241,3,False,True,3.4400098957121372,3.857663832604885,0.8917339729390761,3
30,4,242,8,False,True,4.912165459245443,4.583010450005531,1.0718206979518266,8
30,4,243,2,False,True,3.116209991276264,3.94380884245038,0.7901523922087691,2
30,4,244,8,False,True,4.512113519012928,4.40631527453661,1.0240105934061754,8
30,4,245,9,False,True,5.296266172081232,5.783014930784702,0.9158313155803278,9
30,4,246,4,False,True,2.789008431136608,3.442161250859499,0.8102492091095964,4
30,4,247,4,False,True,3.221759106963873,4.462611395865679,0.7219448034280163,4
30,4,248,5,False,True,3.674509935081005,5.068015307188034,0.7250392337744912,5
30,4,249,8,False,True,3.8862135261297226,4.247815813869238,0.9148733599609301,8
30,4,250,4,False,True,3.3223116770386696,3.899815492331982,0.8519150927963566,4
30,4,251,3,False,True,3.562259953469038,4.221363924443722,0.8438646885765627,3
30,4,252,6,False,True,4.649665206670761,5.06081385537982,0.9187583933220556,6
30,4,253,1,False,True,2.2218050435185432,3.7891604006290436,0.5863581396949304,1
30,4,254,7,False,True,3.8355612196028233,4.110264126211405,0.9331666048279514,7
30,4,255,3,False,True,3.255908377468586,3.8525578565895557,0.8451290022548426,3
30,4,256,1,False,True,2.231460530310869,3.454259131103754,0.6460026435821684,1
30,4,257,7,False,True,3.8799596950411797,4.016065504401922,0.9661096639953806,7
30,4,258,7,False,True,3.950316458940506,4.545110277831554,0.8691354483097776,7
30,4,259,5,False,True,3.3164117485284805,4.2480602860450745,0.7806884849122623,5
30,4,260,8,False,True,4.723265301436186,4.416659940034151,1.0694201875545946,8
30,4,261,5,False,True,3.8098101504147053,4.581513348966837,0.8315615082238806,5
30,4,262,2,False,True,2.4393084459006786,3.6085606552660465,0.6759782303619992,2
30,4,263,5,False,True,3.8585579022765164,5.030813626945019,0.766984863364863,5
30,4,264,8,False,True,4.177165683358908,4.261259455233812,0.980265512401124,8
30,4,265,5,False,True,3.9054593071341515,4.379763267934322,0.8917055713324268,5
30,4,266,9,False,True,4.330710507929325,5.010361783206463,0.8643508583441686,9
30,4,267,2,False,True,3.0121556483209133,3.652560990303755,0.8246695007467667,2
30,4,268,3,False,True,3.619762137532234,4.135509952902794,0.875287976272782,3
30,4,269,4,False,True,3.459458239376545,3.742310218513012,0.9244178161026809,4
30,4,270,8,False,True,4.235710948705673,4.492364823818207,0.9428688708112546,8
30,4,271,7,False,True,3.8116611540317535,4.287464544177055,0.8890245306421237,7
30,4,272,6,False,True,3.3852108754217625,4.186308942735195,0.8086385696154518,6
30,4,273,4,False,True,3.3665099181234837,4.081910010427237,0.8247388868259555,4
30,4,274,8,False,True,4.186711739748716,4.391164984554052,0.953439862650458,8
30,4,275,6,False,True,3.7884595803916454,3.955359570682049,0.9578040915603474,6
30,4,276,7,False,True,4.211459308862686,4.4585601426661015,0.9445783333864247,7
30,4,277,8,False,True,4.12090914323926,4.144764970988035,0.9942443472872989,8
30,4,278,2,False,True,2.6626046746969223,3.9221649058163166,0.6788609705697106,2
30,4,279,7,False,True,4.428664688020945,4.493065644055605,0.985666589109406,7
30,4,280,6,False,True,3.6286097019910812,4.470513667911291,0.8116762348892307,6
30,4,281,4,False,True,3.401506692171097,4.264614544808865,0.7976117551612273,4
30,4,282,10,False,True,5.970115307718515,5.674215499311686,1.0521481442576026,10
30,4,283,3,False,True,3.144510556012392,4.411609843373299,0.7127807461794876,3
30,4,284,7,False,True,4.611616022884846,4.966065753251314,0.9286256469450876,7
30,4,285,7,False,True,3.7653138861060143,4.302258603274822,0.8751946903516927,7
30,4,286,8,False,True,5.471615586429834,5.470113828778267,1.00027453864738,8
30,4,287,6,False,True,4.154758062213659,4.356659483164549,0.9536568277298013,6
30,4,288,11,False,True,6.44217012450099,6.513420958071947,0.9890609199022125,11
30,4,289,9,False,True,5.050115287303925,4.302766174077988,1.1736903849733553,9
30,4,290,3,False,True,2.9452540911734104,3.6735599860548973,0.8017438404038074,3
30,4,291,6,False,True,3.6966102197766304,4.2505585588514805,0.8696763422018283,6
30,4,292,5,False,True,3.646458499133587,4.134760238230228,0.881903251709307,5
30,4,293,1,False,True,1.9389553926885128,3.188804257661104,0.6080509294448448,1
30,4,294,7,False,True,3.9606587961316113,3.750808537006378,1.055948006157819,7
30,4,295,5,False,True,4.106359556317329,4.533960018306971,0.9056894061122948,5
30,4,296,7,False,True,4.247163888067007,4.336165729910135,0.9794745294836845,7
30,4,297,6,False,True,4.0406594052910805,4.104264080524445,0.9845027819883274,6
30,4,298,3,False,True,3.1432602554559708,4.510513972491026,0.6968740756876626,3
30,4,299,9,False,True,5.019365344196558,4.648109897971153,1.0798723469054494,9
30,5,0,9,False,True,4.58836555480957,5.102015566080809,0.8993240995409573,9
30,5,1,11,False,True,6.2816147692501545,7.947371341288089,0.7904015679519069,11
30,5,2,14,False,True,24.49637046083808,21.92946383729577,1.1170528674384064,14
30,5,3,6,False,True,3.967159427702427,4.419609904289246,0.8976266036177278,6
30,5,4,7,False,True,4.4671655632555485,4.84836520627141,0.9213756334768726,7
30,5,5,4,False,True,2.6514544151723385,4.090410657227039,0.6482122792457727,4
30,5,6,9,False,True,5.199315492063761,5.642164032906294,0.9215108709601942,9
30,5,7,8,False,True,4.358117002993822,4.474066663533449,0.9740840561262325,8
30,5,8,6,False,True,3.1286105513572693,4.323360044509172,0.7236525570732238,6
30,5,9,11,False,True,6.220969371497631,7.271370850503445,0.8555428542152973,11
30,5,10,7,False,True,4.040265921503305,4.145109560340643,0.9747066664195189,7
30,5,11,8,False,True,4.322908353060484,4.2069097980856895,1.0275733401813318,8
30,5,12,9,False,True,5.6965649127960205,5.099915433675051,1.1169920338641808,9
30,5,13,6,False,True,3.969809040427208,4.749665968120098,0.8358080477811886,6
30,5,14,13,False,True,14.013790059834719,12.850139755755663,1.0905554590219806,13
30,5,15,5,False,True,3.8630585186183453,4.481915384531021,0.8619213410300847,5
30,5,16,5,False,True,4.35391440987587,4.855066072195768,0.8967775814236765,5
30,5,17,10,False,True,5.031113978475332,6.254669278860092,0.8043772986494736,10
30,5,18,8,False,True,4.495815373957157,4.510064609348774,0.996840569564773,8
30,5,19,4,False,True,3.403560258448124,4.464411176741123,0.7623760723878067,4
30,5,20,12,False,True,8.62582353875041,9.141524787992239,0.9435869549991022,12
30,5,21,12,False,True,8.092725183814764,8.221373427659273,0.9843519765916853,12
30,5,22,4,False,True,3.2505556009709835,3.8510654121637344,0.8440665771877003,4
30,5,23,9,False,True,4.750611260533333,4.753114189952612,0.9994734127312637,9
30,5,24,15,False,True,35.58880649507046,34.29814940318465,1.037630516932962,15
30,5,25,5,False,True,3.3483607694506645,4.374515265226364,0.7654244108066679,5
30,5,26,4,False,True,3.442009910941124,5.046115256845951,0.6821108388817371,4
30,5,27,8,False,True,4.6363589353859425,5.065463483333588,0.9152881963596249,8
30,5,28,6,False,True,5.553064402192831,6.633771117776632,0.8370901412790965,6
30,5,29,8,False,True,5.415615160018206,5.583669990301132,0.9699024421975442,8
30,5,30,7,False,True,4.067160189151764,5.6687649339437485,0.7174684850306976,7
30,5,31,13,False,True,20.100660622119904,19.858756568282843,1.0121812286184833,13
30,5,32,8,False,True,5.263015627861023,5.298664327710867,0.9932721347031913,8
30,5,33,6,False,True,5.625269841402769,5.884815473109484,0.9558957060093555,6
30,5,34,11,False,True,8.843324612826109,9.391275234520435,0.9416532251466584,11
30,5,35,7,False,True,5.612063687294722,7.235868833959103,0.7755894718484115,7
30,5,36,12,False,True,11.415330227464437,10.070130228996277,1.1335831779607721,12
30,5,37,9,False,True,4.233215004205704,4.54736640676856,0.9309157489277188,9
30,5,38,16,False,True,57.72117292508483,53.46740363165736,1.0795581794607447,16
30,5,39,7,False,True,4.2290170677006245,4.742215387523174,0.8917808918648484,7
30,5,40,11,False,True,8.254223503172398,8.47882591187954,0.9735101992844958,11
30,5,41,12,False,True,9.823024738579988,11.30817923694849,0.8686654617645351,12
30,5,42,4,False,True,3.478860016912222,5.011213943362236,0.6942150257863681,4
30,5,43,6,False,True,4.212809726595879,5.098315887153149,0.826313986783638,6
30,5,44,12,False,True,12.389584444463253,12.947439681738615,0.9569138570259436,12
30,5,45,12,False,True,9.528675582259893,10.291130747646093,0.9259114295520346,12
30,5,46,12,False,True,9.209378622472286,9.535481221973896,0.9658011387248996,12
30,5,47,8,False,True,4.597764927893877,5.712264683097601,0.804893537496347,8
30,5,48,10,False,True,4.624358844012022,5.471464246511459,0.8451775677709049,10
30,5,49,10,False,True,5.6301685981452465,5.897416267544031,0.9546839400044455,10
30,5,50,15,False,True,26.428669225424528,25.95012541860342,1.018440905356012,15
30,5,51,9,False,True,4.3117580935359,4.433514550328255,0.9725372601329706,9
30,5,52,9,False,True,4.938964266330004,4.985213745385408,0.9907226687926439,9
30,5,53,12,False,True,9.086024947464466,9.51637513935566,0.9547779290339817,12
30,5,54,14,False,True,24.37816932797432,25.96942475065589,0.9387258116820096,14
30,5,55,9,False,True,4.917464684695005,4.846458323299885,1.01465118580588,9
30,5,56,9,False,True,5.061763804405928,4.774716217070818,1.0601182508624998,9
30,5,57,3,False,True,2.6670098304748535,3.9394083432853226,0.6770077123435914,3
30,5,58,1,False,True,2.110954374074936,3.352710045874119,0.6296262859571465,1
30,5,59,9,False,True,3.933215048164129,5.248459056019783,0.7494037785534177,9
30,5,60,12,False,True,7.0174201391637325,7.330270018428564,0.9573208246792662,12
30,5,61,9,False,True,4.241908900439739,4.361965693533421,0.972476447196349,9
30,5,62,7,False,True,4.080564249306917,4.427158273756504,0.9217118514817639,7
30,5,63,10,False,True,5.31176570802927,5.76316611841321,0.9216749264017007,10
30,5,64,13,False,True,12.36398471519351,13.249290641397238,0.9331808811380738,13
30,5,65,15,False,True,17.619950231164694,25.60502616688609,0.6881441993584775,15
30,5,66,2,False,True,2.385559491813183,3.8073095493018627,0.6265735582888492,2
30,5,67,9,False,True,4.37926035374403,4.511314909905195,0.9707281449425705,9
30,5,68,14,False,True,19.51395533978939,21.077459678053856,0.9258210257713169,14
30,5,69,16,False,True,62.192429322749376,60.65567722544074,1.0253356679474033,16
30,5,70,11,False,True,6.225770339369774,6.185618694871664,1.0064911282894626,11
30,5,71,3,False,True,3.1474605202674866,4.188560415059328,0.7514420727826376,3
30,5,72,10,False,True,4.970114678144455,5.419265944510698,0.9171195377814593,10
30,5,73,13,False,True,13.23493430390954,12.284284457564354,1.0773874823258265,13
30,5,74,10,False,True,5.583064630627632,5.93151431530714,0.9412545150940153,10
30,5,75,13,False,True,12.261841911822557,11.860583908855915,1.0338312182646452,13
30,5,76,10,False,True,6.333265919238329,6.413569208234549,0.9874791576439035,10
30,5,77,6,False,True,3.9256596937775616,4.028214607387781,0.9745408515668126,6
30,5,78,11,False,True,6.611363496631384,7.257869001477957,0.91092350871655,11
30,5,79,12,False,True,9.562680497765541,9.897926356643438,0.9661296874922815,12
30,5,80,7,False,True,4.431465640664101,4.743658937513828,0.9341872379607988,7
30,5,81,12,False,True,9.001530706882477,8.968031033873558,1.0037354546257016,12
30,5,82,5,False,True,3.341611009091139,3.717008512467146,0.8990054765500554,5
30,5,83,11,False,True,5.991316866129637,5.777615588158369,1.0369877979437163,11
30,5,84,9,False,True,4.108615685254335,4.43851575255394,0.925673336382826,9
30,5,85,1,False,True,2.137203700840473,3.3978093415498734,0.6289945921055156,1
30,5,86,6,False,True,4.219308029860258,4.580961540341377,0.9210529258330843,6
30,5,87,7,False,True,3.489060327410698,5.001265089958906,0.697635551135996,7
30,5,88,1,False,True,2.169960644096136,3.3943098969757557,0.6392936148904719,1
30,5,89,14,False,True,15.394045040011406,15.907445922493936,0.9677257502565791,14
30,5,90,9,False,True,4.192860797047615,4.755016416311264,0.8817763031615893,9
30,5,91,10,False,True,5.023065023124218,5.637514404952526,0.8910070400372694,10
30,5,92,8,False,True,4.438864998519421,4.923464730381966,0.9015734328567132,8
30,5,93,5,False,True,3.638160414993763,4.2662606574594975,0.852774995975103,5
30,5,94,10,False,True,4.32595843449235,4.776816349476576,0.9056153969508103,10
30,5,95,9,False,True,4.330715164542198,4.363609477877617,0.992461673414593,9
30,5,96,6,False,True,3.695960622280836,4.03381185606122,0.9162451681347688,6
30,5,97,7,False,True,4.245811142027378,4.403458442538977,0.9641992078343082,7
30,5,98,11,False,True,6.8854703567922115,6.523521151393652,1.0554837176118046,11
30,5,99,4,False,True,3.010961227118969,3.856660332530737,0.7807172443270831,4
30,5,100,8,False,True,4.460564814507961,5.1739090122282505,0.8621266442772111,8
30,5,101,7,False,True,4.380715545266867,4.450911656022072,0.9842288240746747,7
30,5,102,12,False,True,7.723874878138304,7.537968922406435,1.0246626057556787,12
30,5,103,9,False,True,4.696664400398731,4.739710129797459,0.9909180670927302,9
30,5,104,12,False,True,8.386718109250069,7.638575043529272,1.0979427526020782,12
30,5,105,10,False,True,4.9902149476110935,5.323418881744146,0.937407906171779,10
30,5,106,10,False,True,4.956515040248632,5.090914200991392,0.9736001913533355,10
30,5,107,3,False,True,2.4555064737796783,3.455309197306633,0.7106473932039751,3
30,5,108,5,False,True,3.2923114486038685,4.108359571546316,0.8013688654239918,5
30,5,109,9,False,True,5.29066426679492,5.460265092551708,0.9689390857619461,9
30,5,110,11,False,True,5.616371054202318,5.821664817631245,0.9647362447238147,11
30,5,111,10,False,True,5.305665545165539,5.220265593379736,1.0163593116591818,10
30,5,112,5,False,True,3.441812004894018,3.9310590364038944,0.8755431991788564,5
30,5,113,8,False,True,4.429814871400595,4.538958892226219,0.9759539525655204,8
30,5,114,9,False,True,4.599709063768387,5.082965362817049,0.9049263049117385,9
30,5,115,10,False,True,4.4960156083106995,4.295860417187214,1.0465925732416,10
30,5,116,7,False,True,3.9532082155346875,4.336615093052387,0.9115884464517156,7
30,5,117,12,False,True,8.387526031583548,8.880875539034605,0.9444481002709011,12
30,5,118,6,False,True,3.2838108018040657,3.940509632229805,0.8333467262573001,6
30,5,119,5,False,True,4.060710780322552,4.47381054982543,0.9076626591801037,5
30,5,120,7,False,True,3.3755088225007057,4.074408207088709,0.8284660375040358,7
30,5,121,4,False,True,3.4851091913878918,4.893664736300707,0.7121675429736137,4
30,5,122,11,False,True,6.767320446670055,6.289170123636723,1.076027570193449,11
30,5,123,9,False,True,5.267213564366102,5.63641544431448,0.934497042740028,9
30,5,124,11,False,True,6.296765059232712,6.536964792758226,0.9632551587563065,11
30,5,125,10,False,True,4.799915477633476,4.626910667866468,1.0373909984838292,10
30,5,126,9,False,True,4.957865457981825,5.17706386744976,0.9576597053696552,9
30,5,127,11,False,True,6.183513905853033,5.853669717907906,1.056348274474053,11
30,5,128,13,False,True,11.509435717016459,13.651985209435225,0.8430594921141581,13
30,5,129,7,False,True,4.553664475679398,4.638910759240389,0.9816236422761127,7
30,5,130,8,False,True,3.721460234373808,4.365865606814623,0.8523991733884407,8
30,5,131,12,False,True,8.54426994919777,8.22762493044138,1.0384855923104657,12
30,5,132,11,False,True,6.626569665968418,6.297319196164608,1.0522842275494533,11
30,5,133,10,False,True,5.403964314609766,6.062365137040615,0.8913953865285897,10
30,5,134,12,False,True,9.550775866955519,10.48397971317172,0.9109876333465472,12
30,5,135,8,False,True,4.2794132605195045,4.267261829227209,1.002847594494687,8
30,5,136,6,False,True,3.4194602631032467,3.6727101542055607,0.9310455003337735,6
30,5,137,13,False,True,10.66688448190689,11.899585369974375,0.8964080806396922,13
30,5,138,15,False,True,33.24889577925205,37.43950976058841,0.8880697421485015,15
30,5,139,12,False,True,10.013880673795938,9.642124641686678,1.038555406191496,12
30,5,140,10,False,True,5.758665502071381,5.976664833724499,0.9635249193792809,10
30,5,141,14,False,True,23.96941650658846,23.070264142006636,1.0389745153782022,14
30,5,142,12,False,True,7.694873493164779,8.51877499371767,0.9032840401160386,12
30,5,143,10,False,True,5.254014395177364,5.030964966863394,1.0443353173363545,10
30,5,144,2,False,True,2.592161763459444,3.645559772849083,0.711046293292186,2
30,5,145,9,False,True,4.113309551030397,4.164015408605337,0.98782284583526,9
30,5,146,10,False,True,4.278761334717274,5.020864773541689,0.8521960912520375,10
30,5,147,7,False,True,4.0553114376962185,4.926163237541914,0.8232190534797953,7
30,5,148,13,False,True,15.226644463837147,14.4815887324512,1.051448480215184,13
30,5,149,9,False,True,4.754159599542618,5.032164044678211,0.9447544947526902,9
30,5,150,10,False,True,4.843415226787329,5.30921621248126,0.9122655836469994,10
30,5,151,3,False,True,2.4726102128624916,5.606815684586763,0.44100080187400154,3
30,5,152,10,False,True,4.8832641914486885,5.222663749009371,0.935014089768835,10
30,5,153,8,False,True,4.481959622353315,4.558460786938667,0.9832177640302292,8
30,5,154,4,False,True,3.2159104011952877,4.073609597980976,0.7894498291611464,4
30,5,155,8,False,True,3.7650088779628277,4.795163404196501,0.7851680037989675,8
30,5,156,5,False,True,3.054558765143156,4.354061093181372,0.701542468002278,5
30,5,157,7,False,True,3.46560962498188,3.693008329719305,0.9384245351120806,7
30,5,158,11,False,True,5.9852213598787785,7.042319048196077,0.8498935249762535,11
30,5,159,13,False,True,11.823235545307398,12.864589225500822,0.9190527064689169,13
30,5,160,14,False,True,19.424755591899157,18.65835627540946,1.0410753929862386,14
30,5,161,10,False,True,5.3650629706680775,5.338664632290602,1.0049447455863414,10
30,5,162,7,False,True,4.055858589708805,4.505363758653402,0.9002288842757175,7
30,5,163,10,False,True,5.882219411432743,5.885714199393988,0.9994062253376822,10
30,5,164,14,False,True,22.774015087634325,24.38377123326063,0.9339824783366355,14
30,5,165,9,False,True,4.497214686125517,4.674214869737625,0.9621326386259937,9
30,5,166,4,False,True,3.173910081386566,3.775858785957098,0.840579656524959,4
30,5,167,4,False,True,2.6556546799838543,3.5095098428428173,0.7567024453285726,4
30,5,168,4,False,True,3.342060372233391,4.135563503950834,0.8081269623935444,4
30,5,169,12,False,True,7.417625747621059,7.90986930951476,0.9377684330003301,12
30,5,170,2,False,True,2.1877046674489975,3.309161402285099,0.6611054589051795,2
30,5,171,12,False,True,8.21367371827364,8.625874761492014,0.9522134212916539,12
30,5,172,8,False,True,4.284160677343607,4.347660578787327,0.985394466680876,8
30,5,173,14,False,True,18.48194980993867,17.766000237315893,1.0402988609174386,14
30,5,174,6,False,True,3.3287587575614452,3.7704105488955975,0.8828637397422098,6
30,5,175,10,False,True,4.391558468341827,4.207859747111797,1.04365609413577,10
30,5,176,11,False,True,6.931971292942762,7.561075035482645,0.9167970507384702,11
30,5,177,10,False,True,4.917415790259838,5.375763867050409,0.9147380561858535,10
30,5,178,10,False,True,5.582114681601524,6.316916551440954,0.8836771288878569,10
30,5,179,8,False,True,4.3763103894889355,4.471365828067064,0.9787412969027361,8
30,5,180,8,False,True,4.742166493088007,5.337514448910952,0.8884597013232597,8
30,5,181,7,False,True,3.99185810238123,4.308463539928198,0.9265154655220212,7
30,5,182,16,False,True,68.33844818174839,70.79847855493426,0.9652530615996631,16
30,5,183,4,False,True,3.297310322523117,3.7698145024478436,0.8746611591583839,4
30,5,184,11,False,True,6.998470053076744,6.787420716136694,1.0310941881705216,11
30,5,185,12,False,True,7.978919893503188,8.01942078396678,0.9949496489142252,12
30,5,186,0,False,True,1.8979539163410664,3.7983618676662445,0.49967696140209783,0
30,5,187,12,False,True,8.770173881202936,8.158325217664242,1.0749968464377875,12
30,5,188,11,False,True,7.114268373697996,6.775071378797293,1.0500654496367707,11
30,5,189,13,False,True,11.023678816854954,10.575731284916401,1.042356175650703,13
30,5,190,10,False,True,5.130264908075333,5.108765326440334,1.004208371350261,10
30,5,191,9,False,True,4.982464015483856,5.214314442127943,0.9555357795895658,9
30,5,192,14,False,True,16.763494350016117,18.177498131990433,0.9222113091852931,14
30,5,193,10,False,True,5.245916545391083,5.4541160352528095,0.9618270882914803,10
30,5,194,7,False,True,3.217710182070732,3.5673659294843674,0.901984894646293,7
30,5,195,16,False,True,50.847651436924934,49.78915676474571,1.0212595420561272,16
30,5,196,4,False,True,3.2104551792144775,3.956013824790716,0.8115379069445793,4
30,5,197,8,False,True,3.912409301847219,4.1881646029651165,0.9341584375832149,8
30,5,198,6,False,True,4.322510212659836,4.667614120990038,0.9260641733903653,6
30,5,199,9,False,True,4.730515647679567,4.732315428555012,0.999619682816453,9
30,5,200,9,False,True,4.998315125703812,5.509215407073498,0.90726442086223,9
30,5,201,6,False,True,4.225310403853655,4.685558378696442,0.9017730785437719,6
30,5,202,4,False,True,3.157304599881172,3.8185087032616134,0.8268423212403135,4
30,5,203,6,False,True,3.79911158233881,4.104659892618656,0.9255606266357637,6
30,5,204,15,False,True,37.262304686009884,36.52725601568818,1.0201232928639918,15
30,5,205,8,False,True,4.429910331964493,4.923366941511631,0.8997725305854145,8
30,5,206,13,False,True,8.679924067109823,9.761876426637173,0.8891655341410558,13
30,5,207,12,False,True,9.238424245268106,8.967374451458454,1.0302262156305482,12
30,5,208,9,False,True,4.535811021924019,4.8507144674658775,0.9350810179296388,9
30,5,209,13,False,True,10.856380686163902,10.315128602087498,1.0524716758225263,13
30,5,210,12,False,True,7.4220262467861176,8.337025064975023,0.8902487624712873,12
30,5,211,10,False,True,6.490114610642195,6.3687702640891075,1.0190530261763873,10
30,5,212,6,False,True,3.844611346721649,3.9686099626123905,0.9687551517889358,6
30,5,213,9,False,True,4.81925904750824,4.849366378039122,0.9937914918808308,9
30,5,214,14,False,True,22.546264808624983,21.84815937653184,1.0319525970157015,14
30,5,215,10,False,True,4.9965642392635345,4.6471599489450455,1.0751866288565788,10
30,5,216,8,False,True,4.547815769910812,4.606915172189474,0.9871715887812681,8
30,5,217,9,False,True,4.230609629303217,4.2323162779212,0.999596757778504,9
30,5,218,7,False,True,4.304863978177309,4.45130979642272,0.967100510873653,7
30,5,219,11,False,True,6.86967046931386,7.09327170625329,0.9684769953557104,11
30,5,220,13,False,True,12.117335572838783,14.19954001903534,0.8533611339941128,13
30,5,221,9,False,True,4.495712928473949,4.68546524643898,0.9595019260660945,9
30,5,222,8,False,True,4.245515447109938,4.37500886619091,0.9704015641930079,8
30,5,223,12,False,True,8.19097040221095,7.694270461797714,1.0645545205200893,12
30,5,224,9,False,True,4.3329596519470215,4.803265910595655,0.9020861498400136,9
30,5,225,7,False,True,3.834611270576715,4.2196596041321754,0.9087489585230062,7
30,5,226,13,False,True,11.311231646686792,10.83992887288332,1.0434784009498865,13
30,5,227,10,False,True,4.197361413389444,4.448113031685352,0.94362741762412,10
30,5,228,0,False,True,1.918755006045103,5.36756357178092,0.3574722460918099,0
30,5,229,12,False,True,6.959119345992804,6.739371456205845,1.0326065852305273,12
30,5,230,10,False,True,5.641065072268248,5.553315859287977,1.015801228527909,10
30,5,231,14,False,True,12.771636247634888,12.256635818630457,1.0420180901697034,14
30,5,232,12,False,True,8.16192477941513,7.795575074851512,1.046994570772009,12
30,5,233,6,False,True,3.8834591396152978,4.088263958692551,0.9499042084497032,6
30,5,234,7,False,True,3.1441031023859978,3.7633650936186314,0.8354499295636535,7
30,5,235,14,False,True,24.314371403306723,23.683863691985607,1.0266218265533453,14
30,5,236,13,False,True,14.30134056136012,13.621633406728506,1.0498990931804015,13
30,5,237,14,False,True,18.770205788314342,18.34189984947443,1.02335123091691,14
30,5,238,10,False,True,4.846614319831133,5.285965744405985,0.9168834143430068,10
30,5,239,10,False,True,5.08136348798871,4.896214231848717,1.0378147783925877,10
30,5,240,11,False,True,6.351370830088854,6.399219855666161,0.9925226782863322,11
30,5,241,12,False,True,7.290670182555914,8.533475920557976,0.8543611361217975,12
30,5,242,16,False,True,52.01037274673581,50.92639476060867,1.021285189953513,16
30,5,243,11,False,True,5.859814118593931,5.939218681305647,0.9866304699367864,11
30,5,244,5,False,True,2.9176543466746807,3.9591151289641857,0.736946072956969,5
30,5,245,14,False,True,22.882758639752865,22.8979648090899,0.999335916119017,14
30,5,246,10,False,True,5.401812959462404,5.729063414037228,0.9428788912035776,10
30,5,247,1,False,True,1.9050552509725094,3.7667667493224144,0.5057534426083592,1
30,5,248,7,False,True,3.9850105531513695,5.100516136735678,0.7812955485916313,7
30,5,249,7,False,True,3.752259071916342,3.9485143497586255,0.9502964253240511,7
30,5,250,8,False,True,4.662061110138893,5.075514782220125,0.9185395590749557,8
30,5,251,12,False,True,7.896025199443102,9.13737341761589,0.8641460558261086,12
30,5,252,11,False,True,4.842213820666075,4.778164438903332,1.013404599733165,11
30,5,253,7,False,True,4.24710800871253,5.043116398155689,0.8421594255222294,7
30,5,254,6,False,True,3.7164101377129555,3.933613188564778,0.944782814059287,6
30,5,255,7,False,True,3.5902648232877254,4.260709974914789,0.8426447339588111,7
30,5,256,7,False,True,3.829558845609427,4.506264813244343,0.8498299599158016,7
30,5,257,11,False,True,5.964464507997036,6.128970999270678,0.9731591989433108,11
30,5,258,17,True,,,,,
30,5,259,14,False,True,20.277758594602346,19.816961139440536,1.0232526799603352,14
30,5,260,10,False,True,6.161914207041264,6.658320780843496,0.9254456806541324,10
30,5,261,2,False,True,2.3774034343659878,3.3486587926745415,0.7099569056025498,2
30,5,262,10,False,True,5.676865112036467,5.552815273404121,1.0223399901715615,10
30,5,263,15,False,True,34.68975657597184,33.622493501752615,1.031742531950035,15
30,5,264,11,False,True,5.044916179031134,5.560470744967461,0.907282208722538,11
30,5,265,12,False,True,7.00326869264245,6.822019349783659,1.026568283314022,12
30,5,266,11,False,True,5.586664192378521,5.465119611471891,1.0222400586899314,11
30,5,267,6,False,True,3.522008191794157,4.574514459818602,0.7699195669246653,6
30,5,268,2,False,True,2.4007540196180344,3.7892605178058147,0.63356795035254,2
30,5,269,2,False,True,2.213255502283573,3.245561383664608,0.6819330281113204,2
30,5,270,3,False,True,2.611305098980665,3.566460218280554,0.7321839973416601,3
30,5,271,10,False,True,5.390914157032967,5.9946696273982525,0.8992846131827081,10
30,5,272,14,False,True,22.358763962984085,21.196510642766953,1.0548322947963011,14
30,5,273,5,False,True,3.0677602626383305,3.604509402066469,0.8510895438029875,5
30,5,274,10,False,True,5.783820524811745,5.685165524482727,1.0173530568114801,10
30,5,275,13,False,True,11.42063643783331,12.054929975420237,0.9473830591400996,13
30,5,276,12,False,True,9.604829829186201,9.082176256924868,1.0575471734390562,12
30,5,277,14,False,True,20.306711085140705,19.388156943023205,1.0473770737887513,14
30,5,278,7,False,True,3.3241603523492813,4.024810623377562,0.8259172078908138,7
30,5,279,7,False,True,5.367666017264128,5.522514693439007,0.9719604772878475,7
30,5,280,10,False,True,5.557420663535595,5.39321918040514,1.0304459132176638,10
30,5,281,9,False,True,5.290315020829439,5.330564454197884,0.9924493111912853,9
30,5,282,13,False,True,12.374434154480696,13.444588985294104,0.920402562548847,13
30,5,283,7,False,True,3.8584601134061813,4.181808326393366,0.9226774190135925,7
30,5,284,4,False,True,3.155861049890518,3.6619091406464577,0.8618075786919706,4
30,5,285,4,False,True,3.10076167806983,3.593058791011572,0.8629866246070683,4
30,5,286,5,False,True,3.1687598675489426,3.9004604332149024,0.8124066175790263,5
30,5,287,10,False,True,5.803366657346487,6.182463839650154,0.9386818601554298,10
30,5,288,12,False,True,8.29597469419241,7.769723888486624,1.067730953282085,12
30,5,289,9,False,True,5.094460211694241,5.31086465343833,0.9592525029603257,9
30,5,290,10,False,True,4.613066557794809,5.3343153558671474,0.8647907463365386,10
30,5,291,14,False,True,17.428849823772907,19.0330995246768,0.9157126405594659,14
30,5,292,9,False,True,5.0650653429329395,5.74691453948617,0.881353865301398,9
30,5,293,11,False,True,6.397066172212362,6.654919125139713,0.9612537811386344,11
30,5,294,12,False,True,8.051169570535421,7.985970005393029,1.008164263714785,12
30,5,295,9,False,True,4.237210378050804,4.870113916695118,0.8700433810234556,9
30,5,296,9,False,True,4.369909875094891,5.005465354770422,0.8730276938047689,9
30,5,297,8,False,True,4.504858516156673,5.243264604359865,0.8591705466115148,8
30,5,298,11,False,True,6.792864296585321,7.597873918712139,0.8940480414995793,11
30,5,299,8,False,True,4.63306438177824,4.817415028810501,0.9617324548684816,8
30,6,0,13,False,True,17.79650105163455,17.630900256335735,1.0093926454628603,13
30,6,1,19,True,,,,,
30,6,2,7,False,True,3.6988104693591595,4.379465244710445,0.8445803911394464,7
30,6,3,18,True,,,,,
30,6,4,19,True,,,,,
30,6,5,13,False,True,16.9343501329422,17.090050969272852,0.9908893872457961,13
30,6,6,8,False,True,4.257410764694214,4.460110794752836,0.9545526917633769,8
30,6,7,16,False,True,73.6369751393795,72.55719974637032,1.0148817125906682,16
30,6,8,17,True,,,,,
30,6,9,17,True,,,,,
30,6,10,15,False,True,39.80091540142894,39.8508133366704,0.9987478816349391,15
30,6,11,12,False,True,10.229479521512985,10.22282987833023,1.00065046990529,12
30,6,12,19,True,,,,,
30,6,13,13,False,True,11.86928479000926,11.5989800542593,1.0233041814440142,13
30,6,14,4,False,True,3.002956509590149,3.9468100294470783,0.7608566126023661,4
30,6,15,13,False,True,19.112403970211744,20.03745874390006,0.95383372784386,13
30,6,16,12,False,True,9.94822708889842,9.345430880784988,1.0645017031106434,12
30,6,17,10,False,True,4.956265911459923,6.718521472066641,0.7377018786151707,10
30,6,18,12,False,True,13.205339200794697,15.733293257653711,0.8393245447434058,12
30,6,19,15,False,True,42.13596927002072,41.0808646120131,1.025683603983814,15
30,6,20,6,False,True,3.204355016350746,4.345315974205732,0.7374273897162245,6
30,6,21,16,False,True,91.28674864768982,97.34552586451173,0.937760085396686,16
30,6,22,14,False,True,22.393364924937487,21.868066396564245,1.0240212609037886,14
30,6,23,18,True,,,,,
30,6,24,9,False,True,4.508816637098789,4.786164499819279,0.9420521666710449,9
30,6,25,14,False,True,17.31939846649766,16.544796526432037,1.0468184627612744,14
30,6,26,10,False,True,5.241814069449902,5.317265167832375,0.9858101681971916,10
30,6,27,16,False,True,86.34075056761503,92.04826783388853,0.9379943001581154,16
30,6,28,18,True,,,,,
30,6,29,16,False,True,54.571893997490406,60.39942381903529,0.9035167977925594,16
30,6,30,17,True,,,,,
30,6,31,17,True,,,,,
30,6,32,10,False,True,4.684210289269686,5.131065845489502,0.9129117478364407,10
30,6,33,14,False,True,22.90811389684677,22.718063555657864,1.0083656047850775,14
30,6,34,7,False,True,4.613460041582584,4.627660382539034,0.9969314211107562,7
30,6,35,0,False,True,1.9280100241303444,8.162874728441238,0.23619252876841737,0
30,6,36,18,True,,,,,
30,6,37,12,False,True,7.940623909235001,9.26273176446557,0.8572658812918943,12
30,6,38,21,True,,,,,
30,6,39,18,True,,,,,
30,6,40,22,True,,,,,
30,6,41,17,True,,,,,
30,6,42,17,True,,,,,
30,6,43,12,False,True,9.973729029297829,11.499379761517048,0.8673275634113027,12
30,6,44,14,False,True,21.58441348001361,25.167919229716063,0.8576161296055271,14
30,6,45,21,True,,,,,
30,6,46,18,True,,,,,
30,6,47,9,False,True,4.695064853876829,5.58631494641304,0.8404583162450444,9
30,6,48,12,False,True,11.029280722141266,11.56828599050641,0.9534066439222298,12
30,6,49,14,False,True,20.231956150382757,19.692908972501755,1.0273726537117347,14
30,6,50,14,False,True,24.92801984772086,26.49737522006035,0.9407731762370419,14
30,6,51,15,False,True,47.95773420482874,49.931344110518694,0.96047352738349,15
30,6,52,16,False,True,63.34094796329737,62.06517573446036,1.0205553631926423,16
30,6,53,14,False,True,27.59937895461917,27.070329524576664,1.019543516437884,14
30,6,54,12,False,True,8.20797635242343,8.080569095909595,1.0157671142962355,12
30,6,55,10,False,True,5.363665986806154,6.090865936130285,0.880608117638829,10
30,6,56,20,True,,,,,
30,6,57,16,False,True,69.9101947247982,77.15147221460938,0.9061420698535941,16
30,6,58,11,False,True,7.927371188998223,8.683723863214254,0.9128999624895868,11
30,6,59,15,False,True,36.70185571536422,36.12930653616786,1.0158472230465647,15
30,6,60,15,False,True,47.27378487586975,50.123140681535006,0.9431528877296602,15
30,6,61,15,False,True,39.161567110568285,42.046469170600176,0.9313877688914465,15
30,6,62,12,False,True,10.360381565988064,13.149885926395655,0.7878685506458849,12
30,6,63,17,True,,,,,
30,6,64,13,False,True,16.613849438726902,17.636194825172424,0.9420314077622735,13
30,6,65,8,False,True,4.553359467536211,5.351316649466753,0.8508858222751485,8
30,6,66,18,True,,,,,
30,6,67,12,False,True,9.678981732577085,9.542927145957947,1.0142571125754394,12
30,6,68,4,False,True,3.317261580377817,4.147510044276714,0.7998200233307248,4
30,6,69,10,False,True,5.4581137374043465,6.34737079963088,0.8599015103579191,10
30,6,70,14,False,True,22.687171585857868,27.253329753875732,0.8324550354303586,14
30,6,71,16,False,True,81.86849299818277,92.78077632188797,0.8823863761837174,16
30,6,72,7,False,True,4.406464286148548,5.049314349889755,0.8726856719159815,7
30,6,73,12,False,True,8.547424804419279,8.435973431915045,1.0132114418571532,12
30,6,74,13,False,True,13.438740279525518,14.62023938074708,0.9191874311731558,13
30,6,75,19,True,,,,,
30,6,76,14,False,True,27.374925557523966,29.401935171335936,0.9310586326376193,14
30,6,77,13,False,True,16.97980100288987,20.897409413009882,0.8125313845035229,13
30,6,78,9,False,True,4.994610790163279,6.037214770913124,0.8273038113911338,9
30,6,79,10,False,True,5.924219731241465,6.65297033265233,0.8904623701936251,10
30,6,80,16,False,True,70.5179525539279,76.5589764341712,0.9210931994965,16
30,6,81,18,True,,,,,
30,6,82,17,True,,,,,
30,6,83,20,True,,,,,
30,6,84,16,False,True,66.0979188978672,78.19172460585833,0.845331385527657,16
30,6,85,10,False,True,4.93491068482399,5.404565017670393,0.9131004379980898,10
30,6,86,12,False,True,10.96077961847186,12.802386190742254,0.8561513029811498,12
30,6,87,10,False,True,5.221965257078409,5.9786648489534855,0.8734333482487264,10
30,6,88,17,True,,,,,
30,6,89,17,True,,,,,
30,6,90,19,True,,,,,
30,6,91,13,False,True,13.63933552056551,15.533645637333393,0.8780511567603216,13
30,6,92,8,False,True,4.180015530437231,4.711765795946121,0.8871441645154786,8
30,6,93,18,True,,,,,
30,6,94,20,True,,,,,
30,6,95,15,False,True,36.44450334832072,39.243216160684824,0.9286828887595623,15
30,6,96,14,False,True,18.018251284956932,17.85105559974909,1.0093661511653234,14
30,6,97,16,False,True,96.79453214630485,96.34477319195867,1.004668223707892,16
30,6,98,17,True,,,,,
30,6,99,11,False,True,6.928874645382166,7.6638697646558285,0.9040960843745928,11
30,6,100,13,False,True,13.994688633829355,13.668439351022243,1.0238688027527234,13
30,6,101,14,False,True,20.665209740400314,22.451758850365877,0.9204272092056409,14
30,6,102,15,False,True,38.27010979875922,36.93565493449569,1.0361291783408242,15
30,6,103,21,True,,,,,
30,6,104,9,False,True,4.341909661889076,4.448015242815018,0.976145409776341,9
30,6,105,16,False,True,119.21360855922103,127.02263193205,0.9385225825189454,16
30,6,106,10,False,True,5.062064155936241,5.376765038818121,0.9414702185031587,10
30,6,107,16,False,True,69.25741909071803,82.17047434300184,0.8428504233968369,16
30,6,108,18,True,,,,,
30,6,109,15,False,True,62.7931789495051,65.08744554594159,0.9647510118550113,15
30,6,110,21,True,,,,,
30,6,111,12,False,True,9.088474325835705,11.152380611747503,0.8149358098720415,12
30,6,112,13,False,True,11.928984895348549,14.946844894438982,0.7980938438577605,13
30,6,113,16,False,True,82.54721760749817,87.62399666011333,0.9420617725038543,16
30,6,114,16,False,True,68.29644553363323,74.48220858350396,0.9169497901913621,16
30,6,115,13,False,True,11.592386290431023,12.59093638509512,0.9206929441843452,13
30,6,116,12,False,True,8.913625497370958,8.695726282894611,1.0250581961054797,12
30,6,117,1,False,True,1.9216607324779031,3.5171094350516796,0.5463750184530913,1
30,6,118,18,True,,,,,
30,6,119,18,True,,,,,
30,6,120,7,False,True,3.57125885784626,4.723465535789728,0.756067516696546,7
30,6,121,19,True,,,,,
30,6,122,7,False,True,3.8741156458854675,4.570863675326109,0.84756753232398,7
30,6,123,17,True,,,,,
30,6,124,18,True,,,,,
30,6,125,8,False,True,4.587559960782528,5.036713555455208,0.9108240741254371,8
30,6,126,10,False,True,6.154170259833336,6.952320691198111,0.8851965456117031,10
30,6,127,14,False,True,26.920826639980078,26.812979485839605,1.0040221995544145,14
30,6,128,18,True,,,,,
30,6,129,6,False,True,3.7811091169714928,4.34111338108778,0.8709998530432386,6
30,6,130,11,False,True,6.100165192037821,7.418168243020773,0.8223276949504391,11
30,6,131,14,False,True,24.14481481537223,23.422464728355408,1.0308400544261398,14
30,6,132,18,True,,,,,
30,6,133,16,False,True,82.20073068514466,81.74547692760825,1.0055691614343332,16
30,6,134,10,False,True,6.113972049206495,5.840763915330172,1.0467760960444297,10
30,6,135,6,False,True,3.3391593024134636,4.462413489818573,0.7482854984263735,6
30,6,136,15,False,True,38.37791504338384,38.42536360025406,0.99876517611222,15
30,6,137,15,False,True,50.13840273022652,52.5619019754231,0.9538924743185708,15
30,6,138,17,True,,,,,
30,6,139,20,True,,,,,
30,6,140,20,True,,,,,
30,6,141,19,True,,,,,
30,6,142,12,False,True,11.349380947649479,12.313034385442734,0.92173712769514,12
30,6,143,12,False,True,7.395574357360601,7.8642251901328555,0.9404072465574531,12
30,6,144,11,False,True,5.613365210592747,6.4415717497467995,0.8714278795099026,11
30,6,145,16,False,True,95.8530348725617,99.16801936924458,0.9665720408881033,16
30,6,146,14,False,True,29.79233395308256,32.1569899097085,0.9264652579963019,14
30,6,147,12,False,True,10.55993139743805,10.815630666911602,0.976358357885147,12
30,6,148,14,False,True,23.259564768522978,27.054529637098312,0.859729039111753,14
30,6,149,17,True,,,,,
30,6,150,15,False,True,56.10915832221508,58.853672817349434,0.9533671500221936,15
30,6,151,17,True,,,,,
30,6,152,9,False,True,4.550765734165907,4.599865060299635,0.9893259203280781,9
30,6,153,18,True,,,,,
30,6,154,18,True,,,,,
30,6,155,11,False,True,6.633221637457609,6.8505690433084965,0.9682730873191931,11
30,6,156,21,True,,,,,
30,6,157,4,False,True,2.8369040228426456,3.6410102620720863,0.7791529873986605,4
30,6,158,24,True,,,,,
30,6,159,20,True,,,,,
30,6,160,18,True,,,,,
30,6,161,15,False,True,29.48653418570757,32.715138513594866,0.9013116106310954,15
30,6,162,20,True,,,,,
30,6,163,17,True,,,,,
30,6,164,14,False,True,27.41842996329069,27.772728353738785,0.9872429389746867,14
30,6,165,12,False,True,8.139871060848236,7.971974555402995,1.0210608431171484,12
30,6,166,8,False,True,3.9904611185193066,4.5369635336101055,0.8795444549989712,8
30,6,167,13,False,True,12.77129165828228,14.814790338277817,0.8620636112064555,13
30,6,168,16,False,True,51.2204016558826,49.96164934709668,1.0251943705869482,16
30,6,169,10,False,True,5.314415320754051,5.919064860790968,0.8978471170265032,10
30,6,170,7,False,True,4.051860887557268,4.523461684584618,0.8957433863904485,7
30,6,171,12,False,True,8.961523417383432,9.312375914305449,0.9623240620706639,12
30,6,172,16,False,True,71.17894710972905,77.10972568020225,0.9230865040932715,16
30,6,173,16,False,True,90.32449452206492,89.32700147852302,1.0111667583936728,16
30,6,174,15,False,True,37.38080384209752,36.1887039616704,1.0329412150733484,15
30,6,175,9,False,True,5.739971529692411,6.8137189373373985,0.8424138979726428,9
30,6,176,16,False,True,79.2789738625288,85.70124628022313,0.9250620884007335,16
30,6,177,17,True,,,,,
30,6,178,14,False,True,24.519371800124645,23.569015320390463,1.0403222818949076,14
30,6,179,11,False,True,6.730121094733477,6.90581975504756,0.9745578850091385,11
30,6,180,15,False,True,37.8093053586781,37.078261375427246,1.019716242243638,15
30,6,181,17,True,,,,,
30,6,182,10,False,True,5.155564285814762,5.249315872788429,0.9821402275561927,10
30,6,183,20,True,,,,,
30,6,184,17,True,,,,,
30,6,185,13,False,True,14.886539429426193,15.215696766972542,0.9783672517540687,13
30,6,186,7,False,True,4.273408558219671,4.894360899925232,0.8731290245239074,7
30,6,187,16,False,True,102.61030402034521,104.98580522835255,0.9773731200818965,16
30,6,188,13,False,True,13.398239389061928,13.937840703874826,0.9612851569854084,13
30,6,189,22,True,,,,,
30,6,190,15,False,True,34.46615068241954,44.2109745927155,0.7795835988672916,15
30,6,191,17,True,,,,,
30,6,192,22,True,,,,,
30,6,193,10,False,True,5.646669305860996,6.404668092727661,0.8816490135176008,10
30,6,194,18,True,,,,,
30,6,195,20,True,,,,,
30,6,196,7,False,True,3.637210465967655,4.152765031903982,0.8758527000744001,7
30,6,197,16,False,True,101.14102624356747,107.5932988896966,0.9400309060813915,16
30,6,198,16,False,True,97.88729948922992,104.32580020278692,0.9382846745383985,16
30,6,199,13,False,True,13.334990944713354,12.49778550118208,1.0669883031239487,13
30,6,200,20,True,,,,,
30,6,201,18,True,,,,,
30,6,202,12,False,True,9.073629043996334,8.6132250726223,1.0534531453076106,12
30,6,203,5,False,True,4.264710005372763,4.780909512192011,0.8920290155036683,5
30,6,204,22,True,,,,,
30,6,205,15,False,True,42.679174803197384,52.872400265187025,0.8072108432591587,15
30,6,206,19,True,,,,,
30,6,207,14,False,True,22.960016503930092,22.64826325699687,1.0137649957259707,14
30,6,208,21,True,,,,,
30,6,209,11,False,True,8.026519790291786,7.831424009054899,1.0249119165315672,11
30,6,210,16,False,True,60.48317300155759,66.76445482298732,0.9059187731243623,16
30,6,211,19,True,,,,,
30,6,212,5,False,True,3.1152553856372833,4.0835607796907425,0.7628771931425027,5
30,6,213,18,True,,,,,
30,6,214,18,True,,,,,
30,6,215,11,False,True,6.345771253108978,6.872520316392183,0.923354309768017,11
30,6,216,8,False,True,5.045910365879536,5.428614094853401,0.9295024987433371,8
30,6,217,14,False,True,27.769680600613356,29.38478486612439,0.9450360357283755,14
30,6,218,8,False,True,4.211165942251682,6.326015572994947,0.6656901004525942,8
30,6,219,6,False,True,3.42000974342227,4.1294097900390625,0.8282078837687644,6
30,6,220,12,False,True,9.168281685560942,9.298925288021564,0.9859506772649403,12
30,6,221,12,False,True,12.003534939140081,11.707986705005169,1.0252433011397737,12
30,6,222,16,False,True,86.28075011074543,86.25724585726857,1.0002724901919051,16
30,6,223,18,True,,,,,
30,6,224,3,False,True,3.0431034974753857,4.021460190415382,0.7567160567020457,3
30,6,225,16,False,True,78.28272646293044,87.43699872866273,0.8953043631547771,16
30,6,226,12,False,True,9.814873337745667,14.685539063066244,0.6683359252660886,12
30,6,227,15,False,True,39.64110976085067,38.8875138014555,1.0193788670379582,15
30,6,228,15,False,True,43.263575062155724,43.91947528347373,0.9850658456849822,15
30,6,229,21,True,,,,,
30,6,230,12,False,True,9.910829830914736,10.899028275161982,0.9093315092594748,12
30,6,231,5,False,True,3.0981586314737797,4.36070840805769,0.7104714054599527,5
30,6,232,12,False,True,7.80477188527584,8.317125029861927,0.9383978066042621,12
30,6,233,11,False,True,6.609719712287188,6.748519372195005,0.9794325759099551,11
30,6,234,15,False,True,37.754655349999666,40.615019388496876,0.9295737369681687,15
30,6,235,13,False,True,17.542100977152586,16.964999958872795,1.0340171541219465,13
30,6,236,11,False,True,8.612826932221651,8.713423740118742,0.9884549620335898,11
30,6,237,11,False,True,5.9021636843681335,6.359065882861614,0.9281494787269177,11
30,6,238,20,True,,,,,
30,6,239,19,True,,,,,
30,6,240,14,False,True,14.384989626705647,20.630208309739828,0.6972779630108863,14
30,6,241,7,False,True,3.7902616895735264,4.138110671192408,0.9159401453323993,7
30,6,242,14,False,True,23.029064759612083,28.26008014380932,0.8148973620181631,14
30,6,243,19,True,,,,,
30,6,244,20,True,,,,,
30,6,245,16,False,True,85.5692196637392,83.37947074323893,1.0262624468706867,16
30,6,246,19,True,,,,,
30,6,247,14,False,True,21.64610894396901,23.25126901268959,0.9309646252922992,14
30,6,248,10,False,True,6.186619866639376,6.428819615393877,0.9623259380035253,10
30,6,249,13,False,True,13.92129110172391,17.43605127558112,0.7984199450721063,13
30,6,250,16,False,True,92.34449826180935,100.24402290582657,0.9211970508063272,16
30,6,251,21,True,,,,,
30,6,252,15,False,True,47.81518364325166,52.628053817898035,0.9085493415489062,15
30,6,253,15,False,True,43.26092544943094,50.68444414064288,0.8535345742253261,15
30,6,254,7,False,True,3.3593084663152695,4.037315957248211,0.8320647930178188,7
30,6,255,18,True,,,,,
30,6,256,12,False,True,8.809673599898815,8.994080126285553,0.9794968997610103,12
30,6,257,6,False,True,3.587410319596529,4.312810488045216,0.8318033749780007,6
30,6,258,12,False,True,7.187870796769857,7.565924897789955,0.9500320045298719,12
30,6,259,13,False,True,17.22365152090788,19.35200532898307,0.8900189529770539,13
30,6,260,15,False,True,41.18326818570495,43.86442480608821,0.9388762845463978,15
30,6,261,14,False,True,21.669163834303617,22.05126453191042,0.9826721638999948,14
30,6,262,18,True,,,,,
30,6,263,20,True,,,,,
30,6,264,21,True,,,,,
30,6,265,13,False,True,13.037684839218855,13.477141037583351,0.9673924761090652,13
30,6,266,15,False,True,38.43126120045781,38.001760840415955,1.0113021173372858,15
30,6,267,18,True,,,,,
30,6,268,13,False,True,16.03979617357254,16.78519882261753,0.9555916699633856,13
30,6,269,14,False,True,28.4654856659472,32.019088976085186,0.8890161018387455,14
30,6,270,19,True,,,,,
30,6,271,16,False,True,111.57807894051075,110.89257895946503,1.0061816578483245,16
30,6,272,14,False,True,19.791354425251484,23.381069768220186,0.8464691573758578,14
30,6,273,11,False,True,7.126969285309315,7.513668388128281,0.9485339140825064,11
30,6,274,24,True,,,,,
30,6,275,20,True,,,,,
30,6,276,10,False,True,5.452614277601242,5.892314948141575,0.9253772626870508,10
30,6,277,18,True,,,,,
30,6,278,17,True,,,,,
30,6,279,10,False,True,4.5403605327010155,4.898863844573498,0.9268190904571478,10
30,6,280,20,True,,,,,
30,6,281,13,False,True,12.905241455882788,12.410883791744709,1.0398325914925501,13
30,6,282,14,False,True,23.752970155328512,22.927720565348864,1.0359935296501679,14
30,6,283,23,True,,,,,
30,6,284,4,False,True,2.9754615388810635,3.785761073231697,0.7859612588654663,4
30,6,285,16,False,True,78.03747430443764,84.03775282204151,0.9286002026933053,16
30,6,286,10,False,True,4.654566291719675,5.262515041977167,0.8844756270703065,10
30,6,287,12,False,True,9.581074118614197,9.316480718553066,1.0284005739993871,12
30,6,288,10,False,True,4.548609722405672,5.542519502341747,0.8206754564388736,10
30,6,289,16,False,True,79.51621664687991,79.32272274047136,1.0024393250726102,16
30,6,290,18,True,,,,,
30,6,291,12,False,True,8.642724715173244,9.4073754735291,0.9187179505583183,12
30,6,292,22,True,,,,,
30,6,293,15,False,True,33.28504506498575,32.19464560970664,1.033868969035968,15
30,6,294,12,False,True,8.628524374216795,8.424525149166584,1.0242149226737596,12
30,6,295,12,False,True,11.407630518078804,12.51603476703167,0.9114412615829017,12
30,6,296,5,False,True,3.3941096626222134,4.169910680502653,0.813952605386041,5
30,6,297,10,False,True,5.176665727049112,5.689216777682304,0.9099083282177205,10
30,6,298,13,False,True,13.084884267300367,22.549366112798452,0.580277254883618,13
30,6,299,10,False,True,7.480420172214508,7.10752559825778,1.05246475285972,10
30,8,0,27,True,,,,,
30,8,1,28,True,,,,,
30,8,2,18,True,,,,,
30,8,3,27,True,,,,,
30,8,4,26,True,,,,,
30,8,5,26,True,,,,,
30,8,6,27,True,,,,,
30,8,7,28,True,,,,,
30,8,8,25,True,,,,,
30,8,9,27,True,,,,,
30,8,10,18,True,,,,,
30,8,11,22,True,,,,,
30,8,12,27,True,,,,,
30,8,13,21,True,,,,,
30,8,14,23,True,,,,,
30,8,15,29,True,,,,,
30,8,16,17,True,,,,,
30,8,17,28,True,,,,,
30,8,18,22,True,,,,,
30,8,19,23,True,,,,,
30,8,20,23,True,,,,,
30,8,21,27,True,,,,,
30,8,22,27,True,,,,,
30,8,23,28,True,,,,,
30,8,24,28,True,,,,,
30,8,25,28,True,,,,,
30,8,26,25,True,,,,,
30,8,27,20,True,,,,,
30,8,28,26,True,,,,,
30,8,29,29,True,,,,,
30,8,30,23,True,,,,,
30,8,31,23,True,,,,,
30,8,32,25,True,,,,,
30,8,33,24,True,,,,,
30,8,34,28,True,,,,,
30,8,35,28,True,,,,,
30,8,36,22,True,,,,,
30,8,37,24,True,,,,,
30,8,38,25,True,,,,,
30,8,39,30,True,,,,,
30,8,40,29,True,,,,,
30,8,41,23,True,,,,,
30,8,42,29,True,,,,,
30,8,43,24,True,,,,,
30,8,44,26,True,,,,,
30,8,45,25,True,,,,,
30,8,46,26,True,,,,,
30,8,47,27,True,,,,,
30,8,48,26,True,,,,,
30,8,49,28,True,,,,,
30,8,50,29,True,,,,,
30,8,51,25,True,,,,,
30,8,52,28,True,,,,,
30,8,53,29,True,,,,,
30,8,54,22,True,,,,,
30,8,55,18,True,,,,,
30,8,56,14,False,True,24.168770760297775,28.08433026075363,0.8605784982550343,14
30,8,57,26,True,,,,,
30,8,58,27,True,,,,,
30,8,59,30,True,,,,,
30,8,60,28,True,,,,,
30,8,61,26,True,,,,,
30,8,62,22,True,,,,,
30,8,63,29,True,,,,,
30,8,64,27,True,,,,,
30,8,65,29,True,,,,,
30,8,66,19,True,,,,,
30,8,67,29,True,,,,,
30,8,68,25,True,,,,,
30,8,69,21,True,,,,,
30,8,70,28,True,,,,,
30,8,71,27,True,,,,,
30,8,72,22,True,,,,,
30,8,73,28,True,,,,,
30,8,74,26,True,,,,,
30,8,75,26,True,,,,,
30,8,76,12,False,True,10.314879473298788,11.62807922810316,0.8870664940405132,12
30,8,77,26,True,,,,,
30,8,78,26,True,,,,,
30,8,79,23,True,,,,,
30,8,80,25,True,,,,,
30,8,81,8,False,True,4.539559595286846,5.539713893085718,0.8194574093353099,8
30,8,82,29,True,,,,,
30,8,83,26,True,,,,,
30,8,84,20,True,,,,,
30,8,85,25,True,,,,,
30,8,86,29,True,,,,,
30,8,87,23,True,,,,,
30,8,88,29,True,,,,,
30,8,89,28,True,,,,,
30,8,90,27,True,,,,,
30,8,91,10,False,True,5.419864319264889,5.840614903718233,0.927961252130236,10
30,8,92,30,True,,,,,
30,8,93,30,True,,,,,
30,8,94,28,True,,,,,
30,8,95,29,True,,,,,
30,8,96,18,True,,,,,
30,8,97,23,True,,,,,
30,8,98,23,True,,,,,
30,8,99,21,True,,,,,
30,8,100,25,True,,,,,
30,8,101,30,True,,,,,
30,8,102,25,True,,,,,
30,8,103,26,True,,,,,
30,8,104,29,True,,,,,
30,8,105,27,True,,,,,
30,8,106,29,True,,,,,
30,8,107,30,True,,,,,
30,8,108,28,True,,,,,
30,8,109,29,True,,,,,
30,8,110,27,True,,,,,
30,8,111,26,True,,,,,
30,8,112,22,True,,,,,
30,8,113,18,True,,,,,
30,8,114,21,True,,,,,
30,8,115,22,True,,,,,
30,8,116,22,True,,,,,
30,8,117,25,True,,,,,
30,8,118,22,True,,,,,
30,8,119,29,True,,,,,
30,8,120,16,False,True,82.34897395595908,100.57080071419477,0.8188159323696841,16
30,8,121,28,True,,,,,
30,8,122,22,True,,,,,
30,8,123,29,True,,,,,
30,8,124,27,True,,,,,
30,8,125,24,True,,,,,
30,8,126,23,True,,,,,
30,8,127,17,True,,,,,
30,8,128,22,True,,,,,
30,8,129,26,True,,,,,
30,8,130,17,True,,,,,
30,8,131,27,True,,,,,
30,8,132,24,True,,,,,
30,8,133,12,False,True,12.057831045240164,14.250939711928368,0.8461077858007833,12
30,8,134,27,True,,,,,
30,8,135,26,True,,,,,
30,8,136,23,True,,,,,
30,8,137,30,True,,,,,
30,8,138,27,True,,,,,
30,8,139,26,True,,,,,
30,8,140,26,True,,,,,
30,8,141,19,True,,,,,
30,8,142,28,True,,,,,
30,8,143,24,True,,,,,
30,8,144,21,True,,,,,
30,8,145,21,True,,,,,
30,8,146,29,True,,,,,
30,8,147,28,True,,,,,
30,8,148,24,True,,,,,
30,8,149,29,True,,,,,
30,8,150,29,True,,,,,
30,8,151,25,True,,,,,
30,8,152,29,True,,,,,
30,8,153,21,True,,,,,
30,8,154,19,True,,,,,
30,8,155,16,False,True,79.62973322719336,99.38703151419759,0.8012084878077692,16
30,8,156,29,True,,,,,
30,8,157,26,True,,,,,
30,8,158,23,True,,,,,
30,8,159,15,False,True,40.5887165106833,43.91437629237771,0.9242694520001266,15
30,8,160,25,True,,,,,
30,8,161,30,True,,,,,
30,8,162,28,True,,,,,
30,8,163,28,True,,,,,
30,8,164,29,True,,,,,
30,8,165,24,True,,,,,
30,8,166,30,True,,,,,
30,8,167,28,True,,,,,
30,8,168,28,True,,,,,
30,8,169,25,True,,,,,
30,8,170,30,True,,,,,
30,8,171,30,True,,,,,
30,8,172,24,True,,,,,
30,8,173,23,True,,,,,
30,8,174,25,True,,,,,
30,8,175,25,True,,,,,
30,8,176,28,True,,,,,
30,8,177,21,True,,,,,
30,8,178,18,True,,,,,
30,8,179,26,True,,,,,
30,8,180,11,False,True,4.8918649554252625,5.867721047252417,0.8336907831901617,11
30,8,181,26,True,,,,,
30,8,182,28,True,,,,,
30,8,183,29,True,,,,,
30,8,184,14,False,True,22.426911164075136,24.501369334757328,0.9153329700744769,14
30,8,185,17,True,,,,,
30,8,186,26,True,,,,,
30,8,187,28,True,,,,,
30,8,188,28,True,,,,,
30,8,189,25,True,,,,,
30,8,190,13,False,True,12.711735907942057,13.696239329874516,0.9281187048341774,13
30,8,191,27,True,,,,,
30,8,192,25,True,,,,,
30,8,193,25,True,,,,,
30,8,194,18,True,,,,,
30,8,195,28,True,,,,,
30,8,196,27,True,,,,,
30,8,197,23,True,,,,,
30,8,198,27,True,,,,,
30,8,199,12,False,True,12.122285552322865,13.340634759515524,0.9086738203125123,12
30,8,200,25,True,,,,,
30,8,201,24,True,,,,,
30,8,202,30,True,,,,,
30,8,203,28,True,,,,,
30,8,204,21,True,,,,,
30,8,205,26,True,,,,,
30,8,206,26,True,,,,,
30,8,207,25,True,,,,,
30,8,208,28,True,,,,,
30,8,209,27,True,,,,,
30,8,210,29,True,,,,,
30,8,211,25,True,,,,,
30,8,212,29,True,,,,,
30,8,213,24,True,,,,,
30,8,214,29,True,,,,,
30,8,215,22,True,,,,,
30,8,216,26,True,,,,,
30,8,217,27,True,,,,,
30,8,218,25,True,,,,,
30,8,219,26,True,,,,,
30,8,220,25,True,,,,,
30,8,221,25,True,,,,,
30,8,222,28,True,,,,,
30,8,223,29,True,,,,,
30,8,224,26,True,,,,,
30,8,225,27,True,,,,,
30,8,226,30,True,,,,,
30,8,227,28,True,,,,,
30,8,228,24,True,,,,,
30,8,229,10,False,True,5.688965320587158,6.930066738277674,0.8209106110284061,10
30,8,230,26,True,,,,,
30,8,231,18,True,,,,,
30,8,232,28,True,,,,,
30,8,233,27,True,,,,,
30,8,234,23,True,,,,,
30,8,235,23,True,,,,,
30,8,236,30,True,,,,,
30,8,237,17,True,,,,,
30,8,238,26,True,,,,,
30,8,239,22,True,,,,,
30,8,240,13,False,True,14.508040621876717,15.492395032197237,0.936462089413885,13
30,8,241,28,True,,,,,
30,8,242,27,True,,,,,
30,8,243,22,True,,,,,
30,8,244,21,True,,,,,
30,8,245,27,True,,,,,
30,8,246,28,True,,,,,
30,8,247,26,True,,,,,
30,8,248,27,True,,,,,
30,8,249,27,True,,,,,
30,8,250,23,True,,,,,
30,8,251,28,True,,,,,
30,8,252,24,True,,,,,
30,8,253,23,True,,,,,
30,8,254,27,True,,,,,
30,8,255,28,True,,,,,
30,8,256,20,True,,,,,
30,8,257,10,False,True,5.640063900500536,17.835400067269802,0.3162286172010664,10
30,8,258,28,True,,,,,
30,8,259,26,True,,,,,
30,8,260,17,True,,,,,
30,8,261,25,True,,,,,
30,8,262,25,True,,,,,
30,8,263,27,True,,,,,
30,8,264,28,True,,,,,
30,8,265,26,True,,,,,
30,8,266,21,True,,,,,
30,8,267,3,False,True,3.105511423200369,4.347509238868952,0.7143196834259745,3
30,8,268,21,True,,,,,
30,8,269,30,True,,,,,
30,8,270,30,True,,,,,
30,8,271,22,True,,,,,
30,8,272,8,False,True,6.045366171747446,7.156275678426027,0.8447642940827962,8
30,8,273,28,True,,,,,
30,8,274,21,True,,,,,
30,8,275,28,True,,,,,
30,8,276,23,True,,,,,
30,8,277,28,True,,,,,
30,8,278,28,True,,,,,
30,8,279,25,True,,,,,
30,8,280,15,False,True,33.818744122982025,48.35008876398206,0.6994556781077718,15
30,8,281,30,True,,,,,
30,8,282,30,True,,,,,
30,8,283,25,True,,,,,
30,8,284,22,True,,,,,
30,8,285,25,True,,,,,
30,8,286,22,True,,,,,
30,8,287,29,True,,,,,
30,8,288,24,True,,,,,
30,8,289,24,True,,,,,
30,8,290,26,True,,,,,
30,8,291,23,True,,,,,
30,8,292,23,True,,,,,
30,8,293,26,True,,,,,
30,8,294,30,True,,,,,
30,8,295,29,True,,,,,
30,8,296,23,True,,,,,
30,8,297,29,True,,,,,
30,8,298,23,True,,,,,
30,8,299,28,True,,,,,
32,4,0,5,False,True,3.590008709579706,4.11271583288908,0.8729046341764427,5
32,4,1,2,False,True,2.7839094400405884,3.6933086812496185,0.7537711251090613,2
32,4,2,4,False,True,2.9648584313690662,3.6005093716084957,0.823455274064331,4
32,4,3,6,False,True,3.27560817822814,4.181710537523031,0.7833177712411423,6
32,4,4,6,False,True,3.7039583548903465,4.003513604402542,0.9251769123045357,6
32,4,5,4,False,True,3.012055531144142,3.609859850257635,0.8343968065489225,4
32,4,6,3,False,True,2.821059897542,3.568108659237623,0.7906317231226807,3
32,4,7,8,False,True,3.433509264141321,3.7623592652380466,0.9125947369951872,8
32,4,8,6,False,True,3.105360083281994,3.8497103378176694,0.8066477243174524,6
32,4,9,13,False,True,10.70953207090497,10.548485442996025,1.0152672749826732,13
32,4,10,3,False,True,2.628355287015438,3.82081139832735,0.6879050057707801,3
32,4,11,10,False,True,4.706315230578184,4.624165594577789,1.0177652885304804,10
32,4,12,6,False,True,3.7361099384725094,4.052959848195314,0.9218225885302341,6
32,4,13,5,False,True,3.3626100048422813,4.01100842282176,0.8383452863648369,5
32,4,14,7,False,True,3.714009653776884,4.096264019608498,0.906682195287757,7
32,4,15,7,False,True,3.5481108352541924,3.7758098915219307,0.9396953070177061,7
32,4,16,7,False,True,3.938714507967234,4.366510547697544,0.9020279385433098,7
32,4,17,6,False,True,3.665960393846035,4.047011025249958,0.9058439354312389,6
32,4,18,4,False,True,3.0379043892025948,3.832960501313209,0.7925738833368566,4
32,4,19,5,False,True,3.0754110775887966,3.7814583629369736,0.8132870396595334,5
32,4,20,2,False,True,2.41581117734313,3.724009729921818,0.6487123698771453,2
32,4,21,4,False,True,2.9931566677987576,3.7564081139862537,0.7968134922971554,4
32,4,22,8,False,True,3.9892620407044888,4.442010540515184,0.8980757709417353,8
32,4,23,7,False,True,3.7601101212203503,4.126108251512051,0.9112970121039415,7
32,4,24,5,False,True,3.2642600126564503,4.219110123813152,0.7736844777368062,5
32,4,25,5,False,True,3.1253602355718613,3.7024589255452156,0.8441309676680958,5
32,4,26,2,False,True,2.560904249548912,3.4840544685721397,0.7350356524702785,2
32,4,27,6,False,True,3.45821026712656,4.162159748375416,0.830869182394159,6
32,4,28,5,False,True,3.0699558556079865,3.593259025365114,0.8543653084670247,5
32,4,29,7,False,True,3.3300090581178665,3.7870649248361588,0.8793113200355112,7
32,4,30,9,False,True,4.335916601121426,4.707714542746544,0.9210236860690779,9
32,4,31,5,False,True,3.0625611543655396,3.6570592783391476,0.8374382041070991,5
32,4,32,5,False,True,3.5294657573103905,4.076159093528986,0.8658802751132835,5
32,4,33,8,False,True,4.2551616206765175,4.4489651918411255,0.9564385058529968,8
32,4,34,9,False,True,4.266465548425913,4.760811571031809,0.8961634974982309,9
32,4,35,5,False,True,3.1493091955780983,3.8916594348847866,0.8092458367111289,5
32,4,36,3,False,True,2.880203537642956,3.6673154681921005,0.7853710875499968,3
32,4,37,8,False,True,4.638265818357468,4.925115499645472,0.9417577757702023,8
32,4,38,8,False,True,4.66296449303627,4.975614137947559,0.9371636070958956,8
32,4,39,9,False,True,4.219661932438612,4.481009673327208,0.941676595244986,9
32,4,40,5,False,True,3.1789601780474186,3.7857098504900932,0.8397263138472892,5
32,4,41,4,False,True,3.3057108521461487,4.20186435803771,0.7867247893956126,4
32,4,42,2,False,True,2.397056668996811,3.978109452873468,0.6025617689491598,2
32,4,43,3,False,True,2.800954971462488,3.669608850032091,0.7632843406288367,3
32,4,44,8,False,True,3.4291110932826996,4.07311599701643,0.8418888869834628,8
32,4,45,3,False,True,2.9878108762204647,3.8147601298987865,0.7832237872056552,3
32,4,46,7,False,True,3.7271599285304546,4.17676055803895,0.8923566186615233,7
32,4,47,4,False,True,2.788510173559189,3.6517600528895855,0.7636071738483148,4
32,4,48,6,False,True,3.4811091609299183,4.0585664100945,0.8577189108626324,6
32,4,49,4,False,True,2.8108549304306507,3.677059430629015,0.7644301060289941,4
32,4,50,4,False,True,3.227759152650833,4.057958722114563,0.7954144863673919,4
32,4,51,7,False,True,3.956907894462347,4.3476652354002,0.9101224864885707,7
32,4,52,9,False,True,4.0026637725532055,4.4473097659647465,0.9000191088971549,9
32,4,53,5,False,True,3.0581094324588776,3.863866440951824,0.7914635454390974,5
32,4,54,4,False,True,3.0240602791309357,3.78770986571908,0.798387518141343,4
32,4,55,6,False,True,3.2757618464529514,3.667266573756933,0.8932434500110789,6
32,4,56,1,False,True,1.9066547974944115,3.4045102074742317,0.5600379147956609,1
32,4,57,7,False,True,3.177160397171974,3.9264094084501266,0.8091770538075641,7
32,4,58,10,False,True,4.197864327579737,4.478513728827238,0.9373342545673086,10
32,4,59,5,False,True,3.328411839902401,4.230316262692213,0.7867997646549878,5
32,4,60,7,False,True,3.484508488327265,4.038158804178238,0.8628953583306042,7
32,4,61,3,False,True,2.926804590970278,3.865109756588936,0.7572371226925422,3
32,4,62,1,False,True,1.9157561473548415,3.4284614957869053,0.5587801262195988,1
32,4,63,3,False,True,2.619810402393341,3.5363598726689816,0.7408212107146502,3
32,4,64,5,False,True,3.4262589178979397,4.056459292769432,0.8446427464476683,5
32,4,65,3,False,True,2.829411532729864,3.605808597058058,0.7846815649167712,3
32,4,66,2,False,True,2.5210599415004253,4.774259869009256,0.5280525171797131,2
32,4,67,9,False,True,4.074759781360626,4.172259941697121,0.9766313312931229,9
32,4,68,4,False,True,2.628511283546686,3.787809982895851,0.6939395839326503,4
32,4,69,5,False,True,2.8749112971127033,3.544159699231386,0.8111686665068109,5
32,4,70,6,False,True,2.892210613936186,3.808110486716032,0.7594870537567614,6
32,4,71,8,False,True,4.0994142182171345,4.494113381952047,0.9121741864991683,8
32,4,72,3,False,True,2.6003061793744564,3.4609599970281124,0.7513251183507784,3
32,4,73,2,False,True,2.611312083899975,3.9295083843171597,0.6645391302183845,2
32,4,74,7,False,True,3.707760479301214,4.074766766279936,0.9099319524209774,7
32,4,75,9,False,True,4.0968600660562515,4.27190912887454,0.9590232241516788,9
32,4,76,6,False,True,2.854254562407732,3.5564089193940163,0.8025664728380206,6
32,4,77,6,False,True,3.559261094778776,4.091460723429918,0.8699242973045106,6
32,4,78,9,False,True,4.1983649134635925,4.7842669300735,0.8775356757527519,9
32,4,79,3,False,True,2.612911630421877,3.8103596307337284,0.6857388497785263,3
32,4,80,5,False,True,3.32915922626853,3.953410778194666,0.8420979789478892,5
32,4,81,6,False,True,3.7356605753302574,4.247163888067007,0.8795659112251616,6
32,4,82,3,False,True,2.623610198497772,4.506409168243408,0.5821952913167119,3
32,4,83,4,False,True,2.9982044361531734,3.75156057998538,0.7991885969131431,4
32,4,84,8,False,True,4.222765564918518,4.454765003174543,0.9479210602375886,8
32,4,85,6,False,True,3.1368108466267586,4.219310358166695,0.7434416007239899,6
32,4,86,4,False,True,3.1814095564186573,3.9119087159633636,0.8132627286102686,4
32,4,87,4,False,True,3.524511121213436,4.319159779697657,0.8160177675714867,4
32,4,88,2,False,True,2.5621592067182064,3.4500588662922382,0.742642171051344,2
32,4,89,4,False,True,3.5416102036833763,4.173514898866415,0.8485917241233109,4
32,4,90,8,False,True,3.6312593147158623,4.219959955662489,0.8604961546716368,8
32,4,91,6,False,True,3.343811258673668,4.080366343259811,0.8194880011686136,6
32,4,92,3,False,True,2.5019049644470215,3.6944099701941013,0.6772136781331752,3
32,4,93,7,False,True,3.7725595757365227,4.002160858362913,0.9426306710919388,7
32,4,94,8,False,True,4.041765350848436,4.279010463505983,0.9445560802711472,8
32,4,95,6,False,True,3.2744091004133224,3.74926021322608,0.873348051133488,6
32,4,96,3,False,True,2.657610457390547,3.797460813075304,0.6998388102491911,3
32,4,97,4,False,True,3.0477112159132957,3.7223100662231445,0.8187687650120096,4
32,4,98,8,False,True,4.11666464060545,4.508660640567541,0.9130571069299313,8
32,4,99,8,False,True,3.8577616214752197,4.300614818930626,0.8970256077093822,8
32,4,100,5,False,True,3.27190849930048,3.866509068757295,0.8462177227873614,5
32,4,101,5,False,True,3.055108245462179,3.7704594433307648,0.8102747931332592,5
32,4,102,8,False,True,4.078815691173077,4.120359662920237,0.9899173918915329,8
32,4,103,6,False,True,3.67435859516263,4.206416197121143,0.8735128486994103,6
32,4,104,8,False,True,3.8293120451271534,4.589816089719534,0.8343062053628271,8
32,4,105,5,False,True,3.263459075242281,3.8986653089523315,0.8370708477459056,5
32,4,106,1,False,True,1.908554695546627,3.418459091335535,0.5583084789237558,1
32,4,107,3,False,True,2.8132088482379913,3.62250953912735,0.7765911498236341,3
32,4,108,4,False,True,3.0700606293976307,3.748810850083828,0.818942526622537,4
32,4,109,6,False,True,3.2720109447836876,3.692160826176405,0.8862048807803901,6
32,4,110,6,False,True,3.1734583899378777,3.7084612995386124,0.8557345307426298,6
32,4,111,9,False,True,3.8946606218814845,4.206160083413124,0.9259420812916681,9
32,4,112,3,False,True,2.7049100026488304,3.8674101233482365,0.6994112122525645,3
32,4,113,1,False,True,1.9335560500621793,3.4508598037064075,0.5603113890588766,1
32,4,114,8,False,True,4.6128081157803535,4.920465871691704,0.9374738563514161,8
32,4,115,4,False,True,2.6711542159318924,4.019415937364101,0.6645627766713819,4
32,4,116,2,False,True,2.727811224758625,3.6462093703448772,0.748122487683864,2
32,4,117,7,False,True,3.955559805035591,4.415963776409626,0.8957409990920796,7
32,4,118,5,False,True,3.1655607745051384,3.77145828679204,0.8393466223903882,5
32,4,119,6,False,True,3.5676592960953712,4.110110457986593,0.8680202959418879,6
32,4,120,3,False,True,2.4507055059075356,3.6576599813997746,0.6700200451573026,3
32,4,121,5,False,True,3.5100593231618404,4.067809786647558,0.8628867885326118,5
32,4,122,7,False,True,4.355213604867458,4.624214489012957,0.9418277666867229,7
32,4,123,8,False,True,3.991862758994102,4.264260642230511,0.9361207238275366,8
32,4,124,5,False,True,3.3111614175140858,4.337208811193705,0.7634314052319686,5
32,4,125,8,False,True,3.6086118780076504,3.8439105264842515,0.9387866479057171,8
32,4,126,8,False,True,3.998309839516878,4.260409623384476,0.9384801446252989,8
32,4,127,4,False,True,2.8104614466428757,3.636560868471861,0.7728349801618679,4
32,4,128,2,False,True,2.4356553331017494,3.6527100019156933,0.6668077487192661,2
32,4,129,9,False,True,3.9984611794352527,3.999511245638132,0.999737451368833,9
32,4,130,4,False,True,2.726004458963871,3.447460476309061,0.7907282701852468,4
32,4,131,7,False,True,3.940861206501722,4.356615245342255,0.9045694844673227,7
32,4,132,4,False,True,2.94411089271307,3.6432105116546154,0.8081089147319024,4
32,4,133,5,False,True,3.304760903120041,3.9259088225662713,0.8417823878446059,5
32,4,134,4,False,True,2.9107602313160896,5.219115410000086,0.5577114132672613,4
32,4,135,2,False,True,2.4382094852626324,3.3873110078275204,0.7198067964908832,2
32,4,136,4,False,True,2.8679589740931988,3.698959480971098,0.7753420898085279,4
32,4,137,11,False,True,6.00356375798583,5.836719647049904,1.0285852535371054,11
32,4,138,5,False,True,2.961058635264635,3.721560351550579,0.7956497693315432,5
32,4,139,5,False,True,3.8010114803910255,4.280214197933674,0.8880423512977483,5
32,4,140,9,False,True,3.5972101613879204,4.282910376787186,0.8398985374254687,9
32,4,141,4,False,True,2.9401551000773907,3.9838580414652824,0.7380170351140292,4
32,4,142,8,False,True,3.4403102472424507,4.175514914095402,0.8239247896418475,8
32,4,143,8,False,True,4.332016687840223,5.046315491199493,0.8584514177512347,8
32,4,144,14,False,True,19.016654696315527,18.827649764716625,1.0100386895847777,14
32,4,145,4,False,True,2.8477609157562256,4.369858652353287,0.6516826154600286,4
32,4,146,7,False,True,3.364004660397768,4.022263456135988,0.836346175998481,7
32,4,147,4,False,True,2.9735080897808075,4.1510118171572685,0.7163333232371164,4
32,4,148,10,False,True,4.456760361790657,4.610465839505196,0.9666616166207113,10
32,4,149,6,False,True,3.377511166036129,4.0214648470282555,0.8398708665903198,6
32,4,150,4,False,True,2.8578564524650574,3.5533099435269833,0.8042800931765538,4
32,4,151,7,False,True,3.9071100763976574,4.090559668838978,0.9551529357122448,7
32,4,152,7,False,True,4.378764424473047,4.738960415124893,0.9239926146033542,7
32,4,153,5,False,True,3.6901095882058144,4.329613875597715,0.8522953072105961,5
32,4,154,1,False,True,1.9190553575754168,3.475709818303585,0.5521333649516414,1
32,4,155,3,False,True,2.8292578645050526,3.725208807736635,0.759489738838037,3
32,4,156,7,False,True,3.807609900832176,4.4388603419065475,0.857789974801676,7
32,4,157,1,False,True,1.9540544599294662,3.490210510790348,0.5598672211570919,1
32,4,158,4,False,True,2.927761524915695,4.133409820497036,0.7083162938253329,4
32,4,159,2,False,True,2.766209654510021,3.7602102383971214,0.7356529234091931,2
32,4,160,5,False,True,3.5715592093765736,4.083015955984592,0.8747355503574846,5
32,4,161,7,False,True,3.407860640436411,4.05431492254138,0.8405515372003343,7
32,4,162,5,False,True,3.5013118758797646,4.141111858189106,0.8455004346129583,5
32,4,163,10,False,True,5.322163924574852,5.0718639977276325,1.04935067796758,10
32,4,164,9,False,True,3.696708008646965,4.2628636583685875,0.8671888910614861,9
32,4,165,7,False,True,3.7299119867384434,4.320165608078241,0.8633724549271704,7
32,4,166,5,False,True,3.177160397171974,3.809661138802767,0.8339745403630403,5
32,4,167,2,False,True,2.1995557472109795,3.577310126274824,0.6148630310398758,2
32,4,168,4,False,True,2.8704595752060413,3.632910083979368,0.790126787850977,4
32,4,169,5,False,True,2.932955976575613,3.724559210240841,0.7874639147932782,5
32,4,170,3,False,True,2.8155045583844185,3.705359995365143,0.7598464283918966,3
32,4,171,6,False,True,3.6817090585827827,4.10981010645628,0.8958343483556638,6
32,4,172,9,False,True,4.471014253795147,4.784816410392523,0.9344170957289387,9
32,4,173,9,False,True,4.478911869227886,4.7569116577506065,0.9415587657446265,9
32,4,174,9,False,True,4.27846098318696,4.45701414719224,0.9599388383997476,9
32,4,175,4,False,True,2.9118056409060955,3.688707947731018,0.7893836221697065,4
32,4,176,2,False,True,2.50380951911211,4.000216722488403,0.6259184671260942,2
32,4,177,7,False,True,3.223761450499296,3.8110092282295227,0.8459075424482654,7
32,4,178,7,False,True,3.7508108653128147,3.9555132389068604,0.948248846298738,7
32,4,179,5,False,True,3.148159012198448,4.533566534519196,0.6944111194195419,5
32,4,180,2,False,True,2.599505241960287,3.4979102201759815,0.7431595090595278,2
32,4,181,6,False,True,3.4285103902220726,3.920358140021563,0.8745400975542543,6
32,4,182,6,False,True,3.9168098010122776,4.311664961278439,0.908421650612416,6
32,4,183,6,False,True,3.5038101486861706,4.234409425407648,0.8274613521456673,6
32,4,184,3,False,True,2.8189620934426785,4.073558375239372,0.6920146549457584,3
32,4,185,5,False,True,3.302060067653656,4.27190912887454,0.7729705777996273,5
32,4,186,6,False,True,3.450105432420969,4.462115466594696,0.773199496572855,6
32,4,187,3,False,True,2.606455236673355,3.441560547798872,0.7573469071582578,3
32,4,188,5,False,True,3.11926007270813,3.9018597453832626,0.7994290610775756,5
32,4,189,5,False,True,3.227810375392437,3.856460098177194,0.8369878835043836,5
32,4,190,7,False,True,3.7787621840834618,4.277508705854416,0.883402570031396,7
32,4,191,3,False,True,2.4486053735017776,3.746610600501299,0.653552139412127,3
32,4,192,6,False,True,3.7221587263047695,4.180809482932091,0.8902961834305686,6
32,4,193,4,False,True,3.0410103499889374,3.8258149288594723,0.7948660367885344,4
32,4,194,7,False,True,3.9375154301524162,4.4378614984452724,0.8872551411376529,7
32,4,195,5,False,True,2.969810739159584,3.834909293800593,0.7744148587713657,5
32,4,196,2,False,True,2.4239555932581425,3.424959722906351,0.7077325835531938,2
32,4,197,6,False,True,3.4739100374281406,4.005609080195427,0.8672613747067536,6
32,4,198,5,False,True,3.431909717619419,4.012566059827805,0.8552905214392149,5
32,4,199,8,False,True,3.139812033623457,3.849358763545751,0.8156714472441869,8
32,4,200,9,False,True,4.822260234504938,4.977565258741379,0.968798997870756,9
32,4,201,12,False,True,6.9344183430075645,6.763769779354334,1.0252298007206153,12
32,4,202,5,False,True,3.573859576135874,4.546314012259245,0.7861004687531208,5
32,4,203,12,False,True,7.367071229964495,7.389469537883997,0.9969688882531186,12
32,4,204,7,False,True,3.7857098504900932,4.201014526188374,0.9011418139334332,7
32,4,205,2,False,True,2.4324096739292145,3.3958093263208866,0.71629748321722,2
32,4,206,4,False,True,2.884003333747387,4.098059143871069,0.7037485874406214,4
32,4,207,3,False,True,2.4830596521496773,3.416510298848152,0.7267824285461162,3
32,4,208,6,False,True,3.156103193759918,3.885109908878803,0.8123587923592959,6
32,4,209,5,False,True,3.496010322123766,4.124809056520462,0.8475568866872282,5
32,4,210,6,False,True,3.3552106469869614,3.9193104021251206,0.8560716816835191,6
32,4,211,9,False,True,4.702359437942505,5.072765052318573,0.9269815158881113,9
32,4,212,3,False,True,2.4832109920680523,3.397059626877308,0.7309883442789916,3
32,4,213,7,False,True,3.5395589657127857,3.763260319828987,0.9405565028447548,7
32,4,214,2,False,True,2.564310561865568,3.5273097455501556,0.7269876327420777,2
32,4,215,5,False,True,3.098561428487301,3.949261736124754,0.7845925733774713,5
32,4,216,2,False,True,2.6370584964752197,3.8513657636940484,0.68470736312146,2
32,4,217,6,False,True,3.7351599894464016,4.117258358746767,0.9071959211671452,6
32,4,218,9,False,True,4.807314835488796,4.856565501540899,0.9898589515499221,9
32,4,219,6,False,True,3.5407603718340397,3.941808827221393,0.8982577611025202,6
32,4,220,5,False,True,3.0089542269706726,3.9875600486993785,0.7545853078631637,5
32,4,221,5,False,True,2.8900057077407837,3.5808654502034187,0.8070690585642113,5
32,4,222,4,False,True,2.8961594216525555,3.571959678083658,0.8108040635011684,4
32,4,223,7,False,True,3.8909097202122216,4.192064516246319,0.9281607439802098,7
32,4,224,9,False,True,4.625909496098757,5.123864393681288,0.9028165346849137,9
32,4,225,7,False,True,3.9473595097661014,4.341909661889076,0.9091298108788117,7
32,4,226,7,False,True,4.208264872431755,4.6193646267056465,0.9110051300351512,7
32,4,227,6,False,True,3.018511924892664,3.5914103500545025,0.8404809338612214,6
32,4,228,4,False,True,2.9690563678741455,3.7434115074574947,0.7931418605620286,4
32,4,229,3,False,True,2.882559783756733,3.9762654341757298,0.724941488810412,3
32,4,230,2,False,True,2.4257111363112926,3.356060478836298,0.7227852869780224,2
32,4,231,8,False,True,3.933759871870279,4.282060544937849,0.9186604978111944,8
32,4,232,1,False,True,1.941609662026167,3.439909778535366,0.5644362169442884,1
32,4,233,7,False,True,3.638160414993763,4.032610449939966,0.9021849395465225,7
32,4,234,4,False,True,2.906704321503639,3.66325955837965,0.7934748480638227,4
32,4,235,6,False,True,3.505558706820011,4.0283589623868465,0.8702200423427334,6
32,4,236,8,False,True,4.553108010441065,4.757761489599943,0.9569853428747462,8
32,4,237,1,False,True,2.156358677893877,3.596460446715355,0.599578032302087,1
32,4,238,9,False,True,3.93836060538888,4.408261738717556,0.8934044389420991,9
32,4,239,3,False,True,2.6637082919478416,3.4801592119038105,0.765398399830871,3
32,4,240,6,False,True,3.330758772790432,4.16050897911191,0.8005652167830211,6
32,4,241,11,False,True,4.212716594338417,4.517366178333759,0.9325603522122015,11
32,4,242,9,False,True,4.972661845386028,5.083214491605759,0.978251429995273,9
32,4,243,7,False,True,4.138760268688202,4.326561465859413,0.9565934290652895,7
32,4,244,5,False,True,3.9285584352910514,4.942966625094414,0.7947774551716731,5
32,4,245,5,False,True,3.5123596899211407,4.034209996461868,0.8706437426414572,5
32,4,246,11,False,True,5.795413162559271,5.696364678442478,1.0173880166927576,11
32,4,247,10,False,True,5.256314761936665,5.492069758474827,0.9570735611698362,10
32,4,248,3,False,True,2.4912040680646896,3.6912597715854645,0.6748926443057329,3
32,4,249,5,False,True,2.917659003287554,3.7121609784662724,0.7859731892588944,5
32,4,250,6,False,True,3.6574597470462322,4.039865452796221,0.9053419698704808,6
32,4,251,1,False,True,1.9325059838593004,3.3786590211093426,0.5719742571787505,1
32,4,252,8,False,True,3.636858891695738,4.033008590340614,0.9017731577379509,8
32,4,253,3,False,True,2.654655836522579,3.92440939322114,0.6764472231434672,3
32,4,254,7,False,True,3.7991581484675407,4.534111358225346,0.837905787553161,7
32,4,255,10,False,True,4.689311608672142,4.752466920763254,0.9867110464640605,10
32,4,256,9,False,True,4.470010753720999,4.635413642972708,0.9643175556721977,9
32,4,257,4,False,True,3.220860380679369,3.8830586709082127,0.829464773429766,4
32,4,258,8,False,True,3.900309093296528,4.421509802341461,0.8821215529661552,8
32,4,259,1,False,True,1.9265548326075077,3.688607830554247,0.5222986343652655,1
32,4,260,6,False,True,3.3831107430160046,3.84300947189331,0.8803284945715395,6
32,4,261,6,False,True,3.3386098220944405,3.929159138351679,0.8497008404436935,6
32,4,262,7,False,True,3.788608592003584,4.464464727789164,0.848614296003125,7
32,4,263,7,False,True,3.9818603545427322,4.378966987133026,0.9093149974052932,7
32,4,264,8,False,True,4.111714661121368,4.294009413570166,0.9575467273376953,8
32,4,265,7,False,True,3.676509950309992,4.212609492242336,0.8727393215726286,7
32,4,266,4,False,True,2.667754888534546,3.4576095640659332,0.7715604781580464,4
32,4,267,8,False,True,4.013364668935537,4.128564614802599,0.9720968528737512,8
32,4,268,10,False,True,4.94636595249176,5.069265607744455,0.9757559250663571,10
32,4,269,2,False,True,2.590809017419815,4.17366623878479,0.6207513656324752,2
32,4,270,9,False,True,3.9154104888439183,4.170865286141634,0.9387525657693848,9
32,4,271,4,False,True,3.262460231781006,4.0878658182919025,0.7980839824004329,4
32,4,272,5,False,True,3.045059274882078,3.6742095835506916,0.828765808165844,5
32,4,273,6,False,True,3.190909046679735,3.973860293626785,0.802974642011765,6
32,4,274,7,False,True,3.378908149898052,3.701660316437483,0.9128088103853758,7
32,4,275,4,False,True,2.5040097534656525,3.386808093637228,0.7393420838251561,4
32,4,276,9,False,True,4.536414053291082,4.476865287870169,1.0133014423244446,9
32,4,277,8,False,True,4.093365278095007,4.421460907906294,0.9257947459798642,8
32,4,278,5,False,True,3.105304203927517,3.780315164476633,0.8214405595353137,5
32,4,279,5,False,True,3.318160306662321,3.8832589052617554,0.854478258497332,5
32,4,280,6,False,True,3.281754907220602,3.7483149208128452,0.8755280643572321,6
32,4,281,5,False,True,3.2453122548758984,3.8066599518060684,0.8525353711555352,5
32,4,282,8,False,True,3.887712955474853,4.208609461784363,0.923752367801441,8
32,4,283,2,False,True,2.617908176034689,3.563058562576771,0.7347362189134051,2
32,4,284,2,False,True,2.409154549241066,3.857915289700031,0.6244705672188017,2
32,4,285,6,False,True,3.0582118779420853,3.6763097159564495,0.8318700311533582,6
32,4,286,8,False,True,3.8829585537314415,4.315313417464495,0.8998091628795093,8
32,4,287,6,False,True,3.12156043946743,3.6106654442846775,0.8645388191278005,6
32,4,288,7,False,True,3.4172600135207176,4.519009962677956,0.7561966098201865,7
32,4,289,3,False,True,2.6476080529391766,3.8669095374643803,0.6846832146674092,3
32,4,290,5,False,True,3.3665611408650875,4.044810775667429,0.832316102675922,5
32,4,291,6,False,True,3.5037659108638763,4.115409683436155,0.8513771848683633,6
32,4,292,11,False,True,4.893415607511997,4.997665528208017,0.9791402765736105,11
32,4,293,9,False,True,4.275809042155743,4.3807621113955975,0.9760422806417992,9
32,4,294,4,False,True,3.2397103495895863,3.876460250467062,0.8357393447280271,4
32,4,295,5,False,True,3.329310566186905,3.8678594864904885,0.8607630597273229,5
32,4,296,10,False,True,4.658463876694441,4.844863433390856,0.9615263548169909,10
32,4,297,8,False,True,4.178411327302456,4.336510319262743,0.9635423461906656,8
32,4,298,2,False,True,2.4211592972278595,3.6777090281248093,0.6583335654649004,2
32,4,299,7,False,True,3.475761041045189,3.865559119731188,0.8991612683670182,7
32,5,0,7,False,True,4.396464210003614,4.754264373332262,0.924741214364176,7
32,5,1,12,False,True,8.395470213145018,8.265625219792128,1.0157090346949162,12
32,5,2,10,False,True,5.515816155821085,5.6325155310332775,0.979281126777331,10
32,5,3,11,False,True,6.3082692213356495,6.870869547128677,0.9181180312136565,11
32,5,4,10,False,True,5.5885640904307365,5.601663142442703,0.9976615780565743,10
32,5,5,11,False,True,5.255616270005703,5.931516643613577,0.8860493168580061,11
32,5,6,11,False,True,5.327414255589247,6.641319487243891,0.8021620200355838,11
32,5,7,7,False,True,3.7544150836765766,4.189861938357353,0.8960713118744207,7
32,5,8,16,False,True,56.4729212783277,55.623892694711685,1.0152637390604045,16
32,5,9,12,False,True,9.315323550254107,9.346725419163704,0.9966403347160264,12
32,5,10,12,False,True,8.346419781446457,8.867778815329075,0.9412074833236275,12
32,5,11,14,False,True,19.35395412147045,19.126255065202713,1.0119050517464865,14
32,5,12,9,False,True,4.145908169448376,4.543261602520943,0.9125400498945327,9
32,5,13,7,False,True,3.5922578535974026,5.703165661543608,0.6298708588845601,7
32,5,14,4,False,True,3.502808976918459,4.098115023225546,0.8547366184371923,4
32,5,15,7,False,True,3.998959437012673,4.425214137881994,0.9036759154273749,7
32,5,16,13,False,True,15.338745433837175,14.917494263499975,1.0282387351988407,13
32,5,17,10,False,True,5.044515710324049,5.314666777849197,0.9491687665817354,10
32,5,18,9,False,True,4.341064486652613,4.8689148388803005,0.8915876802747535,9
32,5,19,14,False,True,23.09966366738081,22.65161368995905,1.0197800467354947,14
32,5,20,12,False,True,8.669374510645866,8.516774978488684,1.0179175254180852,12
32,5,21,15,False,True,36.54344938695431,35.55185627192259,1.0278914582531895,15
32,5,22,13,False,True,11.631934903562069,11.197980493307114,1.0387529171455803,13
32,5,23,4,False,True,3.0843098647892475,4.150164313614368,0.7431777712201302,4
32,5,24,7,False,True,4.059160128235817,4.35021473094821,0.9330941986284543,7
32,5,25,12,False,True,6.68796943500638,6.567321252077818,1.0183709884590144,12
32,5,26,7,False,True,3.905710764229298,4.199561662971973,0.9300281976251015,7
32,5,27,12,False,True,10.385580826550722,10.03338024020195,1.0351028843636931,12
32,5,28,1,False,True,2.17795604839921,3.562658093869686,0.611328954677646,1
32,5,29,18,True,,,,,
32,5,30,13,False,True,9.117228910326958,10.462729260325432,0.871400633953074,13
32,5,31,5,False,True,3.483360633254051,4.338414873927832,0.8029109097397945,5
32,5,32,12,False,True,7.798725273460149,8.460225071758032,0.9218106146482905,12
32,5,33,8,False,True,4.303460009396076,5.0090160220861435,0.8591427918020077,8
32,5,34,10,False,True,5.808165296912193,6.334770005196333,0.9168707454489788,10
32,5,35,18,True,,,,,
32,5,36,7,False,True,3.508259542286396,4.380811005830765,0.8008242167071299,7
32,5,37,12,False,True,6.603915244340897,6.577868480235338,1.0039597575086552,12
32,5,38,15,False,True,31.890089157968763,31.481739133596424,1.0129710122633142,15
32,5,39,7,False,True,4.1754101403057575,4.70511382445693,0.8874195813504444,7
32,5,40,11,False,True,6.406665779650211,6.843670271337032,0.9361447184974555,11
32,5,41,4,False,True,3.59121011570096,4.288363270461559,0.8374314136205248,4
32,5,42,7,False,True,4.3397629633545876,4.6125613152980804,0.9408575120641266,7
32,5,43,9,False,True,3.2858597114682198,4.1266088373959064,0.7962614924126802,9
32,5,44,9,False,True,4.551664460450411,4.668065812438726,0.9750643292821306,9
32,5,45,13,False,True,11.936284136027098,12.647835537791252,0.9437412512490326,13
32,5,46,9,False,True,5.231914110481739,5.701014306396246,0.9177163622641324,9
32,5,47,12,False,True,6.962870247662067,7.392775733023882,0.9418478930124438,12
32,5,48,14,False,True,14.897040091454983,14.930993784219027,0.9977259589512434,14
32,5,49,9,False,True,4.478611517697573,4.45361016318202,1.0056137276500396,9
32,5,50,16,False,True,57.08439275622368,56.3526526093483,1.0129850169067993,16
32,5,51,12,False,True,9.018124546855688,10.52413135766983,0.8568996566432453,12
32,5,52,7,False,True,3.7621590308845043,4.438965115696192,0.847530659247918,7
32,5,53,8,False,True,3.975611180067062,4.468809347599745,0.8896354422017162,8
32,5,54,7,False,True,3.822559956461191,4.256260581314564,0.8981028965290884,7
32,5,55,10,False,True,4.8437644727528095,5.613020621240139,0.8629514836313981,10
32,5,56,14,False,True,16.02699514478445,15.667895786464216,1.0229194375054795,14
32,5,57,3,False,True,3.098358865827322,3.9569591172039504,0.783015132088772,3
32,5,58,10,False,True,5.280666518956423,5.707819946110249,0.9251634720108995,10
32,5,59,13,False,True,11.447034776210785,11.132080107927322,1.02829252621522,13
32,5,60,5,False,True,3.4910603426396847,4.38241520896554,0.7966064775189894,5
32,5,61,11,False,True,6.900019943714142,6.935871206223965,0.9948310368742644,11
32,5,62,9,False,True,4.892866127192974,5.227962974458933,0.935902980012853,9
32,5,63,14,False,True,18.060498405247927,17.51965144649148,1.030870874366896,14
32,5,64,4,False,True,3.236709162592888,4.286810290068388,0.7550390485185786,4
32,5,65,12,False,True,7.990919984877109,7.863226346671582,1.0162393440778388,12
32,5,66,11,False,True,5.810270085930824,6.924569606781006,0.8390803206369701,11
32,5,67,10,False,True,4.387160297483206,4.669614136219025,0.9395123814310445,10
32,5,68,9,False,True,4.4567580334842205,5.563464947044849,0.8010759618161197,9
32,5,69,6,False,True,3.599710762500763,5.004615522921085,0.7192781835116256,6
32,5,70,10,False,True,4.682859871536493,4.514558240771294,1.0372797562439788,10
32,5,71,5,False,True,2.974309027194977,3.58381075784564,0.8299291531182698,5
32,5,72,8,False,True,4.739314317703247,4.930158611387014,0.9612904353131801,8
32,5,73,9,False,True,6.041366141289473,6.302969995886087,0.958495145182769,9
32,5,74,6,False,True,3.60631151124835,5.2479631267488,0.68718308878106,6
32,5,75,4,False,True,2.5643547996878624,3.6772596649825573,0.6973548330316309,4
32,5,76,6,False,True,2.9200618155300617,3.7404103204607964,0.7806795419092757,6
32,5,77,7,False,True,4.040910862386227,4.536111373454332,0.8908314919324828,7
32,5,78,6,False,True,3.918660804629326,4.350065719336271,0.9008279546698966,6
32,5,79,9,False,True,5.326515529304743,5.503115244209766,0.9679091374488591,9
32,5,80,6,False,True,3.873361274600029,4.578258376568556,0.8460337875258029,6
32,5,81,12,False,True,8.028724696487188,9.114476852118969,0.8808760861157532,12
32,5,82,9,False,True,4.627665039151907,4.781261086463928,0.9678754109983949,9
32,5,83,4,False,True,2.780610229820013,3.7784595042467117,0.7359110840528557,4
32,5,84,9,False,True,5.3776707500219345,5.9714168310165405,0.9005686426191872,9
32,5,85,7,False,True,3.919508308172226,4.552914761006832,0.8608789125025186,7
32,5,86,5,False,True,3.3073103986680508,3.876409027725458,0.853189221006604,5
32,5,87,9,False,True,4.731514491140842,6.239565555006266,0.7583083228197754,9
32,5,88,5,False,True,4.082659725099802,4.85236058011651,0.8413759978657177,5
32,5,89,13,False,True,10.185178834944963,10.25262987241149,0.9934210989467173,13
32,5,90,9,False,True,4.557014908641577,4.8363604582846165,0.9422405438857385,9
32,5,91,12,False,True,8.63388180732727,8.093924261629581,1.066711465074789,12
32,5,92,9,False,True,5.075265653431416,5.5294157937169075,0.9178665238375555,9
32,5,93,13,False,True,13.693941291421652,13.510240241885185,1.0135971712010676,13
32,5,94,10,False,True,5.131512880325317,5.13891689479351,0.9985592266581126,10
32,5,95,11,False,True,5.990215577185154,6.244266405701637,0.9593145436132402,11
32,5,96,9,False,True,5.0346157513558865,4.918915219604969,1.023521554364218,9
32,5,97,6,False,True,4.035760648548603,4.5769102871418,0.8817652947855494,6
32,5,98,9,False,True,4.355316050350666,5.039116367697716,0.8643015426810899,9
32,5,99,9,False,True,5.647263024002314,5.8286660350859165,0.9688774395390576,9
32,5,100,13,False,True,11.192734818905592,10.901631321758032,1.0267027464565381,13
32,5,101,9,False,True,4.392210394144058,5.408015567809343,0.8121667438030761,9
32,5,102,6,False,True,3.4870090894401073,4.204509314149618,0.8293498310742525,6
32,5,103,9,False,True,4.778965376317501,4.89026540890336,0.9772404924315103,9
32,5,104,5,False,True,3.06315952911973,4.190860781818628,0.7309141698070125,5
32,5,105,10,False,True,5.122416187077761,5.337265320122242,0.9597454651102935,10
32,5,106,5,False,True,2.697755116969347,3.695359919220209,0.7300385283008168,5
32,5,107,6,False,True,3.6437087692320347,4.163861740380526,0.875079192446732,6
32,5,108,8,False,True,4.204059951007366,4.741915035992861,0.886574288888987,8
32,5,109,7,False,True,4.399309400469065,5.2033644169569016,0.8454740141075734,7
32,5,110,5,False,True,3.499710001051426,4.160215612500906,0.8412328415227455,5
32,5,111,11,False,True,6.1405193991959095,6.588664837181568,0.9319823592396662,11
32,5,112,9,False,True,4.497265908867121,4.892509896308184,0.9192144735896582,9
32,5,113,8,False,True,4.9516139551997185,5.508814938366413,0.8988528405109344,8
32,5,114,10,False,True,5.554519593715668,5.620715674012899,0.9882228377778854,10
32,5,115,14,False,True,27.182574849575758,26.74657618626952,1.0163011018782306,14
32,5,116,8,False,True,3.980910405516625,4.510916769504547,0.8825058428098342,8
32,5,117,12,False,True,9.343780111521482,10.522929951548576,0.8879447221015124,12
32,5,118,6,False,True,3.87601088732481,4.248709883540869,0.9122794903789826,6
32,5,119,10,False,True,5.624115001410246,5.645020864903927,0.9962965834858722,10
32,5,120,9,False,True,5.163513123989105,5.491520278155804,0.94027024620642,9
32,5,121,11,False,True,6.677268538624048,7.28747108951211,0.9162668992586132,11
32,5,122,12,False,True,6.969671230763197,7.85571988672018,0.887209744143905,12
32,5,123,12,False,True,10.942928493022919,10.538834612816572,1.038343317364039,12
32,5,124,1,False,True,2.1594041027128696,3.5465601831674576,0.6088728207579127,1
32,5,125,16,False,True,55.240653455257416,55.13265496119857,1.0019588843333385,16
32,5,126,11,False,True,5.047963932156563,6.319170352071524,0.7988333358510837,11
32,5,127,7,False,True,4.347860813140869,5.843215622007847,0.7440870052381974,7
32,5,128,8,False,True,4.587315488606691,4.888365510851145,0.938414993400926,8
32,5,129,12,False,True,8.626275230199099,9.582925122231245,0.9001714111474343,12
32,5,130,12,False,True,5.59972133487463,5.77176921069622,0.9701914838343239,12
32,5,131,4,False,True,3.047310747206211,3.792061470448971,0.8036026765266062,4
32,5,132,11,False,True,5.633514374494553,6.468214560300112,0.8709535408845759,11
32,5,133,7,False,True,3.1080609187483788,4.5976159162819386,0.676015781949408,7
32,5,134,5,False,True,3.3241091296076775,4.387311637401581,0.7576642382250299,5
32,5,135,5,False,True,3.3648614771664143,4.216961096972227,0.797935148034062,5
32,5,136,9,False,True,4.824216011911631,5.179964937269688,0.9313221364109138,9
32,5,137,8,False,True,3.708610311150551,4.6745105646550655,0.7933686874497867,8
32,5,138,14,False,True,25.482873897999525,28.61793152987957,0.8904512847615567,14
32,5,139,11,False,True,6.825621239840984,6.616772152483463,1.0315635906065066,11
32,5,140,6,False,True,4.001960624009371,4.956366028636694,0.8074384742545249,6
32,5,141,14,False,True,19.358154386281967,22.159717045724392,0.8735740779694219,14
32,5,142,11,False,True,6.512871477752924,7.031820714473724,0.9261998765621772,11
32,5,143,8,False,True,3.7494138814508915,4.651164636015892,0.8061236646876846,8
32,5,144,11,False,True,5.192465614527464,5.204817280173302,0.9976268781436596,11
32,5,145,13,False,True,9.14932694286108,9.232030715793371,0.9910416488551312,13
32,5,146,6,False,True,3.871314693242311,4.764765035361052,0.8124880585950994,6
32,5,147,10,False,True,4.906815011054277,4.783663898706436,1.0257440980293668,10
32,5,148,14,False,True,22.108613047748804,21.831265185028315,1.0127041589376455,14
32,5,149,13,False,True,11.938484385609627,12.853883672505617,0.928784225046783,13
32,5,150,17,True,,,,,
32,5,151,9,False,True,4.484513774514198,4.635208752006292,0.9674890634802872,9
32,5,152,12,False,True,6.484419573098421,6.489614024758339,0.9991995746372434,12
32,5,153,8,False,True,4.099865909665823,4.2266095988452435,0.9700129178682487,8
32,5,154,6,False,True,3.4720590338110924,4.17135888710618,0.8323568237063829,6
32,5,155,8,False,True,4.150308668613434,5.564719904214144,0.7458252598608636,8
32,5,156,11,False,True,5.839068908244371,5.813515745103359,1.0043954750036646,11
32,5,157,10,False,True,4.955115728080273,4.967011045664549,0.9976051356691347,10
32,5,158,4,False,True,2.7209054678678513,3.9640604518353935,0.6863935353478399,4
32,5,159,11,False,True,6.678919307887554,7.164019625633955,0.9322865733071644,11
32,5,160,10,False,True,5.404413677752018,5.284713115543127,1.0226503425241444,10
32,5,161,14,False,True,18.809749744832516,18.56449991464615,1.013210688750785,14
32,5,162,13,False,True,12.79463991522789,12.230135034769773,1.0461568804312669,13
32,5,163,11,False,True,6.488668732345104,6.342865526676178,1.0229869615011893,11
32,5,164,11,False,True,7.417071610689163,7.525719702243805,0.9855630961750744,11
32,5,165,12,False,True,9.188174735754728,8.880426175892353,1.0346547061781584,12
32,5,166,9,False,True,4.949264694005251,5.997566040605307,0.8252122045005018,9
32,5,167,8,False,True,3.5987095907330513,4.27386024966836,0.8420279046354643,8
32,5,168,10,False,True,5.153415258973837,5.3328159265220165,0.9663591112050286,10
32,5,169,11,False,True,5.965963937342167,6.41596969217062,0.9298616146242721,11
32,5,170,9,False,True,4.870160482823849,5.270314868539572,0.9240739129071035,9
32,5,171,9,False,True,4.4730608351528645,4.6526663936674595,0.9613972841983581,9
32,5,172,7,False,True,3.880260046571493,4.684010054916143,0.8284055757948112,7
32,5,173,15,False,True,35.294455010443926,34.640899393707514,1.0188665891525648,15
32,5,174,5,False,True,3.127960953861475,4.177258815616369,0.7488070746700748,5
32,5,175,8,False,True,4.473761655390263,4.704957827925682,0.9508611594426662,8
32,5,176,13,False,True,15.803545247763397,15.54739661514759,1.016475339180982,13
32,5,177,7,False,True,3.8958596996963024,4.811363760381937,0.8097204646582449,7
32,5,178,9,False,True,4.374408163130283,5.106313619762659,0.8566665678739892,9
32,5,179,7,False,True,3.7366594187915325,4.050461575388908,0.9225268155846544,7
32,5,180,10,False,True,6.103415507823229,6.631121505051851,0.9204197967377622,10
32,5,181,8,False,True,4.135661292821169,4.815659485757351,0.8587943780187689,8
32,5,182,4,False,True,2.84841051325202,3.909459337592125,0.7285944851408492,4
32,5,183,14,False,True,20.76765988022089,24.025868624448776,0.8643874735537209,14
32,5,184,12,False,True,7.724824827164412,7.513123564422131,1.0281775297487157,12
32,5,185,1,False,True,2.1710549481213093,3.5109161399304867,0.618372772687272,1
32,5,186,5,False,True,3.4937099553644657,4.013609141111374,0.8704659154720413,5
32,5,187,15,False,True,39.18960923328996,38.626459427177906,1.0145793793804414,15
32,5,188,10,False,True,6.1153690330684185,6.12971605733037,0.9976594308565412,10
32,5,189,13,False,True,12.822833377867937,14.794140588492155,0.8667508126725774,13
32,5,190,11,False,True,5.8696698397397995,6.523218471556902,0.8998119356776473,11
32,5,191,11,False,True,6.920520681887865,6.794920191168785,1.0184844688657742,11
32,5,192,5,False,True,3.3060088753700256,4.252914804965258,0.7773513053941913,5
32,5,193,12,False,True,7.519270293414593,8.135875687003136,0.9242115517357824,12
32,5,194,10,False,True,4.839759785681963,5.07361488416791,0.9539075976744539,10
32,5,195,5,False,True,3.495560958981514,4.403910133987665,0.7937403018295343,5
32,5,196,6,False,True,3.74671071767807,4.6868156641721725,0.7994149943466675,6
32,5,197,16,False,True,57.09039978682995,56.768686044961214,1.0056670986116172,16
32,5,198,13,False,True,11.281829793006182,11.205128394067287,1.006845204824204,13
32,5,199,9,False,True,4.215410444885492,5.089815240353346,0.828205002701208,9
32,5,200,7,False,True,3.978561144322157,4.3257116340100765,0.9197471955923933,7
32,5,201,10,False,True,4.894465673714876,5.154064856469631,0.9496321466679074,10
32,5,202,13,False,True,10.2874799631536,11.808134149760008,0.8712197738169063,13
32,5,203,12,False,True,8.993574883788824,10.461730416864157,0.8596641784318312,12
32,5,204,12,False,True,8.847475983202457,8.705670479685068,1.0162888664173881,12
32,5,205,9,False,True,4.828860983252525,5.230610258877277,0.9231926571200919,9
32,5,206,4,False,True,3.0727614648640156,4.203463904559612,0.7310069824867312,4
32,5,207,7,False,True,4.768513608723879,5.516714882105589,0.8643755768838753,7
32,5,208,9,False,True,4.576565697789192,4.690065979957581,0.9757998538499421,9
32,5,209,10,False,True,5.055062938481569,5.760963540524244,0.8774683094108875,10
32,5,210,3,False,True,2.7570058591663837,3.6530615761876106,0.7547110284529165,3
32,5,211,10,False,True,4.588565789163113,5.291015841066837,0.8672372049141156,10
32,5,212,14,False,True,16.118045896291733,18.645899835973978,0.8644284286669182,14
32,5,213,3,False,True,2.745506353676319,3.8631656207144256,0.7106882342695381,3
32,5,214,10,False,True,6.349720060825348,6.3612195663154125,0.9981922482992164,10
32,5,215,6,False,True,3.927459474653006,4.490108694881201,0.8746914031569828,6
32,5,216,15,False,True,36.318753845989704,39.43766467273235,0.9209154281161304,15
32,5,217,12,False,True,8.662876207381487,9.000126738101244,0.9625282464865704,12
32,5,218,11,False,True,5.312564317137003,5.454015918076038,0.9740646886507559,11
32,5,219,11,False,True,7.2456710040569305,7.152820471674204,1.0129809678224726,11
32,5,220,14,False,True,15.122895129024982,17.389245331287384,0.8696694330843272,14
32,5,221,4,False,True,3.2681599259376526,4.12126537412405,0.7929991469263927,4
32,5,222,6,False,True,3.2280082814395428,3.7889578379690647,0.8519514915399009,6
32,5,223,12,False,True,9.636981412768364,9.437331464141607,1.0211553392381472,12
32,5,224,6,False,True,3.481609746813774,4.355416167527437,0.7993747584379011,6
32,5,225,8,False,True,3.8857106119394302,4.162164404988289,0.9335793192797639,8
32,5,226,12,False,True,7.541375234723091,7.487875409424305,1.0071448605076216,12
32,5,227,6,False,True,3.6882609128952026,4.336161073297262,0.8505820818345686,6
32,5,228,13,False,True,13.65103991702199,13.464689254760742,1.013839952689243,13
32,5,229,7,False,True,4.527859855443239,4.98596578836441,0.9081209233344043,7
32,5,230,9,False,True,5.29151875525713,5.7097687385976315,0.9267483496287404,9
32,5,231,12,False,True,9.70802502706647,10.316080879420042,0.9410574752698374,12
32,5,232,7,False,True,4.041059873998165,4.773216787725687,0.8466114265729012,7
32,5,233,10,False,True,5.028015002608299,5.351414438337088,0.939567484549135,10
32,5,234,11,False,True,5.402814131230116,5.191965028643608,1.0406106553921823,11
32,5,235,13,False,True,11.831580195575953,11.633383110165596,1.0170369258480936,13
32,5,236,3,False,True,2.6658549904823303,3.8675102405250077,0.6892948756925451,3
32,5,237,5,False,True,2.9029115103185177,3.9997603744268417,0.7257713559239157,5
32,5,238,7,False,True,3.9510638453066345,4.5579648576676846,0.8668482466818311,7
32,5,239,5,False,True,3.478359431028366,3.992808051407337,0.8711561853824542,5
32,5,240,10,False,True,5.432164762169123,5.532114300876856,0.9819328500331436,10
32,5,241,10,False,True,4.7807651571929455,4.935513716191053,0.9686459064047472,10
32,5,242,4,False,True,2.452358603477478,3.5934103652834892,0.6824599347656215,4
32,5,243,13,False,True,10.729879140853882,10.626430157572031,1.0097350645275862,13
32,5,244,3,False,True,2.8400542214512825,4.835266154259443,0.5873625423803083,3
32,5,245,13,False,True,13.376635033637285,14.488394372165203,0.9232655248076483,13
32,5,246,15,False,True,46.14838398993015,45.10512575507164,1.0231294829000939,15
32,5,247,3,False,True,2.511304337531328,3.7902616895735264,0.6625675331177188,3
32,5,248,11,False,True,5.575164686888456,5.554463714361191,1.003726907509314,11
32,5,249,10,False,True,4.796911962330341,4.906014073640108,0.9777615576164019,10
32,5,250,5,False,True,3.363110590726137,4.115910269320011,0.8171000752360318,5
32,5,251,12,False,True,10.080980136990547,11.36408420279622,0.8870912919239057,12
32,5,252,8,False,True,5.129065830260515,5.436616484075785,0.9434297683649185,8
32,5,253,13,False,True,12.103933840990067,11.478979140520096,1.0544434041406974,13
32,5,254,15,False,True,24.564869236201048,24.170319084078074,1.0163237461098675,15
32,5,255,13,False,True,14.528995379805565,15.926696360111237,0.912241625714279,13
32,5,256,6,False,True,3.6201602779328823,4.483461380004883,0.8074476327771869,6
32,5,257,12,False,True,7.678074762225151,7.619520183652639,1.007684811794073,12
32,5,258,13,False,True,15.313494950532915,15.103495679795742,1.0139040176651353,13
32,5,259,10,False,True,5.170565564185381,5.4877204820513725,0.9422064372805964,10
32,5,260,6,False,True,3.2484601251780987,3.944109193980694,0.8236232734468253,6
32,5,261,0,False,True,1.912654843181372,4.515014588832855,0.42362096634460683,0
32,5,262,10,False,True,4.552663303911686,5.452013574540615,0.835042547430798,10
32,5,263,9,False,True,4.335260018706322,5.115114618092775,0.8475391740728518,9
32,5,264,8,False,True,3.8944161497056484,4.393863491714001,0.8863307103303923,8
32,5,265,17,True,,,,,
32,5,266,10,False,True,5.369414575397968,5.591614171862602,0.9602619941871601,10
32,5,267,3,False,True,2.730910200625658,3.8628093898296356,0.7069751377885362,3
32,5,268,15,False,True,28.83558627218008,32.10439346730709,0.8981819358009134,15
32,5,269,13,False,True,11.061879340559244,11.093830689787865,0.9971198993276477,13
32,5,270,12,False,True,6.911719683557749,6.950669921934605,0.9943961893149409,12
32,5,271,12,False,True,5.774165038019419,6.49712048470974,0.8887267908311509,12
32,5,272,5,False,True,2.5650113821029663,4.637259989976883,0.5531308116532309,5
32,5,273,12,False,True,7.473919540643692,8.327076211571693,0.8975442701314039,12
32,5,274,10,False,True,4.934112075716257,5.094665102660656,0.9684860488944502,10
32,5,275,6,False,True,3.652009181678295,4.324910696595907,0.844412622104025,6
32,5,276,6,False,True,3.8427091203629975,4.2468588799238205,0.9048356041517271,6
32,5,277,13,False,True,12.542735785245895,12.678185012191534,0.9893163550764255,13
32,5,278,12,False,True,8.952326606959105,9.77108022198081,0.9162064381397816,12
32,5,279,13,False,True,7.3635694570839405,8.458425290882587,0.8705603234471077,13
32,5,280,13,False,True,12.464735191315413,12.193536385893822,1.0222411937635525,13
32,5,281,12,False,True,9.88862942904234,9.611481800675392,1.028835057290279,12
32,5,282,10,False,True,4.84466552734375,4.874214064329863,0.9939377843081713,10
32,5,283,11,False,True,7.017620373517275,6.834268569946289,1.0268282994287459,11
32,5,284,8,False,True,4.233960062265396,4.7072116285562515,0.8994624411148461,8
32,5,285,7,False,True,4.310109652578831,4.882665816694498,0.8827369749209499,7
32,5,286,9,False,True,4.537408240139484,4.658913239836693,0.9739198835775127,9
32,5,287,9,False,True,4.536015912890434,4.590866155922413,0.9880523105729799,9
32,5,288,6,False,True,3.4444592893123627,4.063011147081852,0.847760236096387,6
32,5,289,3,False,True,2.723606303334236,3.839510027319193,0.7093629874528291,3
32,5,290,16,False,True,69.39395098015666,68.36644606664777,1.0150293743879448,16
32,5,291,4,False,True,3.386959433555603,3.9716600440442567,0.85278180810932,4
32,5,292,1,False,True,2.1574064157903194,3.4808600321412086,0.6197911998383966,1
32,5,293,13,False,True,15.1887908577919,16.4486444555223,0.9234068435768622,13
32,5,294,8,False,True,4.1887094266712666,4.211263731122017,0.9946442906712135,8
32,5,295,6,False,True,3.5131582990288734,4.327564965933561,0.8118094879416788,6
32,5,296,16,False,True,30.85993928834796,37.22395980730653,0.8290342953328301,16
32,5,297,12,False,True,7.848422974348068,8.430576417595148,0.9309473736538241,12
32,5,298,11,False,True,6.339820101857185,6.443921010941267,0.9838450985188479,11
32,5,299,7,False,True,3.7905131466686726,4.209359176456928,0.900496485989869,7
32,6,0,17,True,,,,,
32,6,1,18,True,,,,,
32,6,2,14,False,True,15.850544441491367,17.62785017490387,0.8991762628013036,14
32,6,3,13,False,True,16.482248902320862,18.691206350922585,0.8818183584767556,13
32,6,4,14,False,True,24.842319544404745,24.16237024590373,1.0281408360016455,14
32,6,5,17,True,,,,,
32,6,6,18,True,,,,,
32,6,7,18,True,,,,,
32,6,8,8,False,True,4.037658218294382,4.998864606022835,0.8077150586214413,8
32,6,9,4,False,True,2.655505668371916,4.33056615293026,0.6132005780757047,4
32,6,10,12,False,True,10.045329108834267,9.795324876904488,1.0255228116546948,12
32,6,11,10,False,True,4.6202633529901505,5.833364557474852,0.7920409066616216,10
32,6,12,15,False,True,30.60818882659078,29.794834554195404,1.0272984993729675,15
32,6,13,6,False,True,3.1698099337518215,4.660263657569885,0.6801782402596365,6
32,6,14,18,True,,,,,
32,6,15,8,False,True,4.68201469630003,5.331314168870449,0.8782102401014594,8
32,6,16,13,False,True,18.512604292482138,19.62270587682724,0.9434277009851104,13
32,6,17,7,False,True,4.135363269597292,4.877315368503332,0.8478769481060402,7
32,6,18,7,False,True,3.455758560448885,4.476166795939207,0.7720352520339412,7
32,6,19,13,False,True,18.892204388976097,20.519609097391367,0.9206902675050394,13
32,6,20,17,True,,,,,
32,6,21,19,True,,,,,
32,6,22,18,True,,,,,
32,6,23,19,True,,,,,
32,6,24,22,True,,,,,
32,6,25,12,False,True,9.611081331968307,9.600124321877956,1.001141340437163,12
32,6,26,22,True,,,,,
32,6,27,18,True,,,,,
32,6,28,19,True,,,,,
32,6,29,10,False,True,5.466165021061897,5.980520509183407,0.9139948625990515,10
32,6,30,16,False,True,77.64043984934688,86.31325326859951,0.8995193311476329,16
32,6,31,21,True,,,,,
32,6,32,17,True,,,,,
32,6,33,16,False,True,98.54830568656325,97.61276887729764,1.0095841642443482,16
32,6,34,13,False,True,11.084279976785183,12.355635408312082,0.89710319303598,13
32,6,35,9,False,True,4.3186102993786335,4.810765385627747,0.8976971340736266,9
32,6,36,12,False,True,7.979171350598335,8.750373963266611,0.9118663252672715,12
32,6,37,23,True,,,,,
32,6,38,5,False,True,3.073511179536581,4.135861527174711,0.743136867456043,5
32,6,39,18,True,,,,,
32,6,40,19,True,,,,,
32,6,41,20,True,,,,,
32,6,42,20,True,,,,,
32,6,43,8,False,True,3.8795103318989272,4.321313463151455,0.8977618413892315,8
32,6,44,12,False,True,10.360481683164835,9.925775229930878,1.0437957180335007,12
32,6,45,9,False,True,3.7326104938983917,4.297164268791676,0.8686217841395132,9
32,6,46,17,True,,,,,
32,6,47,16,False,True,65.5616750009358,76.16273360326886,0.8608104239331285,16
32,6,48,21,True,,,,,
32,6,49,8,False,True,4.939364735037088,6.956069264560938,0.7100798665421078,8
32,6,50,15,False,True,34.10069504752755,36.97980660945177,0.9221436825689526,15
32,6,51,13,False,True,15.308894217014313,16.710495110601187,0.9161245143061204,13
32,6,52,8,False,True,4.200965631753206,4.6729156747460365,0.8990030901812753,8
32,6,53,17,True,,,,,
32,6,54,18,True,,,,,
32,6,55,22,True,,,,,
32,6,56,20,True,,,,,
32,6,57,18,True,,,,,
32,6,58,11,False,True,8.342070505023003,8.344925008714199,0.9996579353693154,11
32,6,59,15,False,True,32.455394975841045,39.3303157761693,0.8252004677650249,15
32,6,60,19,True,,,,,
32,6,61,22,True,,,,,
32,6,62,8,False,True,3.5582599230110645,4.5852153562009335,0.7760289640919397,8
32,6,63,15,False,True,39.24341173842549,42.269176337867975,0.928416759880609,15
32,6,64,17,True,,,,,
32,6,65,13,False,True,9.831930510699749,9.743778500705957,1.0090470047104831,13
32,6,66,8,False,True,4.320063162595034,4.983316175639629,0.8669052916435782,8
32,6,67,14,False,True,26.354179717600346,29.733935371041298,0.8863333893994877,14
32,6,68,19,True,,,,,
32,6,69,7,False,True,4.196714144200087,4.622514825314283,0.9078854915115936,7
32,6,70,11,False,True,7.58996931836009,10.552930179983377,0.7192286112871872,11
32,6,71,18,True,,,,,
32,6,72,11,False,True,6.2088691629469395,6.6427187994122505,0.9346879418554195,11
32,6,73,9,False,True,4.73301624879241,5.362965166568756,0.882537197574343,9
32,6,74,17,True,,,,,
32,6,75,23,True,,,,,
32,6,76,17,True,,,,,
32,6,77,13,False,True,11.521636042743921,11.75842946395278,0.9798618155651838,13
32,6,78,14,False,True,22.83676527440548,26.339024771004915,0.8670315424717293,14
32,6,79,8,False,True,4.287916235625744,5.06426440551877,0.846700703650662,8
32,6,80,12,False,True,10.903580114245415,12.593683786690235,0.8657975139703743,12
32,6,81,17,True,,,,,
32,6,82,21,True,,,,,
32,6,83,7,False,True,4.001560155302286,4.697863478213549,0.8517829804675284,7
32,6,84,8,False,True,4.494215827435255,5.070315673947334,0.8863779134162716,8
32,6,85,15,False,True,33.5058500058949,36.130454391241074,0.9273575594448531,15
32,6,86,16,False,True,81.26196917146444,84.78249656036496,0.9584757758767588,16
32,6,87,17,True,,,,,
32,6,88,9,False,True,4.85181575641036,4.973714239895344,0.9754914581728064,9
32,6,89,21,True,,,,,
32,6,90,7,False,True,3.8069114089012146,4.110115114599466,0.9262298750170652,7
32,6,91,17,True,,,,,
32,6,92,16,False,True,93.32477347925305,114.3053057603538,0.8164518073632787,16
32,6,93,15,False,True,25.004625786095858,24.54761415719986,1.0186173542556662,15
32,6,94,13,False,True,16.8313505128026,18.128599040210247,0.9284418765879108,13
32,6,95,14,False,True,22.94346457347274,27.180975303053856,0.8441001221503254,14
32,6,96,11,False,True,5.5020698346197605,6.3317641615867615,0.868963166379356,11
32,6,97,17,True,,,,,
32,6,98,16,False,True,102.64154989272356,116.4380693808198,0.8815119525644689,16
32,6,99,17,True,,,,,
32,6,100,2,False,True,2.5958102196455,3.995215520262718,0.6497297095689106,2
32,6,101,10,False,True,4.658158868551254,5.904065910726786,0.788974740286705,10
32,6,102,18,True,,,,,
32,6,103,13,False,True,14.683594927191734,14.252739492803812,1.0302296575760372,13
32,6,104,27,True,,,,,
32,6,105,10,False,True,5.69002004340291,5.935770459473133,0.9585983963247736,10
32,6,106,21,True,,,,,
32,6,107,11,False,True,6.785669829696417,7.384121417999268,0.9189542594946927,11
32,6,108,16,False,True,73.1004518456757,83.07325188070536,0.8799517316434083,16
32,6,109,10,False,True,5.398713983595371,5.965670570731163,0.9049634772128718,10
32,6,110,15,False,True,40.77557008713484,41.50277003645897,0.9824782791923212,15
32,6,111,19,True,,,,,
32,6,112,14,False,True,32.965445425361395,36.276604514569044,0.9087246688736302,14
32,6,113,19,True,,,,,
32,6,114,22,True,,,,,
32,6,115,15,False,True,36.67810466140509,35.74640490114689,1.0260641528241712,15
32,6,116,9,False,True,4.757610149681568,5.199515726417303,0.915010243263515,9
32,6,117,23,True,,,,,
32,6,118,16,False,True,92.25099347531796,92.11126016452909,1.0015170057443497,16
32,6,119,16,False,True,44.55093061551452,63.69308102875948,0.6994626401476534,16
32,6,120,18,True,,,,,
32,6,121,24,True,,,,,
32,6,122,14,False,True,17.956604715436697,21.903158631175756,0.8198180462373243,14
32,6,123,15,False,True,36.979708820581436,44.91397412493825,0.8233452848708982,15
32,6,124,15,False,True,37.13260404765606,40.49266455695033,0.9170205135656468,15
32,6,125,15,False,True,34.666850697249174,42.22451942041516,0.821012321113312,15
32,6,126,23,True,,,,,
32,6,127,7,False,True,4.47035999968648,4.874409642070532,0.9171079839296351,7
32,6,128,1,False,True,1.9069062545895576,3.735809586942196,0.5104398953455181,1
32,6,129,17,True,,,,,
32,6,130,19,True,,,,,
32,6,131,12,False,True,7.618670351803303,10.228529572486877,0.7448451214626507,12
32,6,132,11,False,True,6.751869805157185,6.741320248693228,1.0015649095540302,11
32,6,133,9,False,True,4.659565165638924,5.356715992093086,0.8698548089009741,9
32,6,134,4,False,True,2.889903262257576,4.191466141492128,0.6894731257995547,4
32,6,135,11,False,True,6.06766901910305,6.620120257139206,0.9165496672903507,11
32,6,136,17,True,,,,,
32,6,137,18,True,,,,,
32,6,138,13,False,True,16.665798611938953,17.30990130454302,0.9627899269168555,13
32,6,139,7,False,True,3.6416109651327133,4.482415970414877,0.8124214685045525,7
32,6,140,6,False,True,3.908213693648577,5.041060503572226,0.7752760933694638,6
32,6,141,13,False,True,12.58958363905549,12.224186211824417,1.0298913498943287,13
32,6,142,15,False,True,46.91513488069177,51.86894675716758,0.9044936867589034,15
32,6,143,13,False,True,14.174138195812702,13.519534841179848,1.0484190737568104,13
32,6,144,20,True,,,,,
32,6,145,23,True,,,,,
32,6,146,18,True,,,,,
32,6,147,20,True,,,,,
32,6,148,6,False,True,4.116410855203867,5.128064658492804,0.8027221046026606,6
32,6,149,18,True,,,,,
32,6,150,13,False,True,12.446083128452301,15.091444365680218,0.8247111957524894,13
32,6,151,15,False,True,55.08015165105462,55.91142689809203,0.9851322834498116,15
32,6,152,19,True,,,,,
32,6,153,5,False,True,3.3017550595104694,4.197058733552694,0.7866830723895124,5
32,6,154,17,True,,,,,
32,6,155,13,False,True,13.541183434426785,13.239390682429075,1.0227950635521497,13
32,6,156,15,False,True,30.02733690664172,29.347934760153294,1.023149913342825,15
32,6,157,15,False,True,33.33704546093941,36.85160540044308,0.9046293939894023,15
32,6,158,22,True,,,,,
32,6,159,9,False,True,5.315565504133701,5.899714305996895,0.9009869340165467,9
32,6,160,21,True,,,,,
32,6,161,19,True,,,,,
32,6,162,22,True,,,,,
32,6,163,12,False,True,9.589528199285269,10.78047789633274,0.8895271890077707,12
32,6,164,16,False,True,75.0304781831801,81.87125204131007,0.9164447386894938,16
32,6,165,13,False,True,15.292845200747253,16.217746306210756,0.9429698129443976,13
32,6,166,10,False,True,5.8539630845189095,6.365366280078888,0.9196584810585887,10
32,6,167,7,False,True,3.9619603194296364,5.561215803027153,0.7124270051295277,7
32,6,168,20,True,,,,,
32,6,169,12,False,True,11.62913627922535,11.963483411818743,0.9720526939283344,12
32,6,170,13,False,True,14.170140493661165,14.724994543939829,0.9623188960360588,13
32,6,171,8,False,True,4.648459143936634,5.559565033763647,0.8361192135906677,8
32,6,172,15,False,True,45.83103349432349,45.28183024376631,1.0121285568096663,15
32,6,173,10,False,True,4.908058326691389,5.9866695664823055,0.8198311719374392,10
32,6,174,14,False,True,31.030490063130856,31.312790233641863,0.990984509256294,14
32,6,175,13,False,True,10.782331228256226,10.974728502333164,0.9824690629899376,13
32,6,176,11,False,True,6.8332720547914505,6.854820530861616,0.9968564492719904,11
32,6,177,17,True,,,,,
32,6,178,13,False,True,15.414089430123566,16.26460114493966,0.9477078037612554,13
32,6,179,22,True,,,,,
32,6,180,14,False,True,21.068609785288572,22.685015574097633,0.9287456610497232,14
32,6,181,6,False,True,4.290263168513775,5.300815682858229,0.8093590543786728,6
32,6,182,12,False,True,9.82858007773757,10.22167969495058,0.9615425616000081,12
32,6,183,12,False,True,8.192125242203474,8.352219592779875,0.9808321190794845,12
32,6,184,6,False,True,3.561361227184534,5.227564834058285,0.6812658169214447,6
32,6,185,15,False,True,39.01290940120816,38.38290926069021,1.016413558863897,15
32,6,186,12,False,True,7.6600187458097935,9.4050751067698,0.8144558824730799,12
32,6,187,15,False,True,29.26728455349803,31.37938911095262,0.9326913423971857,15
32,6,188,15,False,True,47.166633885353804,49.82074489817023,0.9467267898494648,15
32,6,189,14,False,True,25.881624314934015,29.078784864395857,0.8900517829623461,14
32,6,190,13,False,True,15.153344720602036,16.883800271898508,0.8975079352142863,13
32,6,191,18,True,,,,,
32,6,192,14,False,True,20.634811371564865,22.683909628540277,0.9096673240843239,14
32,6,193,5,False,True,3.386859316378832,4.370608367025852,0.7749171355482372,5
32,6,194,16,False,True,89.46000598371029,92.09300624206662,0.9714093353469699,16
32,6,195,10,False,True,5.512714851647615,6.963270716369152,0.7916846947639719,10
32,6,196,18,True,,,,,
32,6,197,11,False,True,7.060118950903416,7.008668035268784,1.0073410404624277,11
32,6,198,15,False,True,33.601694740355015,40.644221007823944,0.8267274881190796,15
32,6,199,8,False,True,4.193615168333054,5.321165081113577,0.7881009336127273,8
32,6,200,10,False,True,6.173769943416119,6.1768642626702785,0.9994990469075288,10
32,6,201,19,True,,,,,
32,6,202,13,False,True,11.199228465557098,12.354440987110138,0.9064941487228506,13
32,6,203,16,False,True,94.28927442058921,107.40055004134774,0.8779217088207568,16
32,6,204,20,True,,,,,
32,6,205,13,False,True,16.751799266785383,16.773249953985214,0.9987211370927711,13
32,6,206,18,True,,,,,
32,6,207,10,False,True,6.055114790797234,6.577072199434042,0.9206398542072074,10
32,6,208,16,False,True,86.42049506306648,84.89275351166725,1.017996136162426,16
32,6,209,15,False,True,27.2526778280735,30.95953958109021,0.8802675426322935,15
32,6,210,17,True,,,,,
32,6,211,9,False,True,4.913313314318657,5.0542643293738365,0.9721124567553747,9
32,6,212,10,False,True,5.480465479195118,6.081366445869207,0.9011898112006959,10
32,6,213,19,True,,,,,
32,6,214,14,False,True,21.865114104002714,27.805378194898367,0.7863627658916162,14
32,6,215,8,False,True,4.062310326844454,5.279364995658398,0.7694694968400905,8
32,6,216,7,False,True,4.243964795023203,4.961616359651089,0.8553593199055091,7
32,6,217,20,True,,,,,
32,6,218,9,False,True,4.531559534370899,5.208614747971296,0.8700124224268836,9
32,6,219,13,False,True,12.143885251134634,14.27873969078064,0.8504871938365528,13
32,6,220,21,True,,,,,
32,6,221,6,False,True,4.644810687750578,5.163366440683603,0.8995702205353507,6
32,6,222,13,False,True,14.93804156780243,14.812839217483997,1.0084522857826372,13
32,6,223,17,True,,,,,
32,6,224,7,False,True,3.6990619264543056,4.43906057626009,0.8332983663788537,7
32,6,225,10,False,True,5.833019968122244,6.435269024223089,0.9064143155734576,10
32,6,226,14,False,True,32.97454444691539,32.866946421563625,1.0032737457253154,14
32,6,227,14,False,True,21.471413783729076,25.066868402063847,0.8565654647934106,14
32,6,228,17,True,,,,,
32,6,229,17,True,,,,,
32,6,230,17,True,,,,,
32,6,231,19,True,,,,,
32,6,232,21,True,,,,,
32,6,233,20,True,,,,,
32,6,234,8,False,True,4.299015272408724,5.000608507543802,0.859698427885992,8
32,6,235,14,False,True,21.735159680247307,21.205961238592863,1.0249551734863758,14
32,6,236,6,False,True,3.069911617785692,4.0236604399979115,0.7629648832363413,6
32,6,237,19,True,,,,,
32,6,238,11,False,True,6.458018906414509,7.097769994288683,0.909865903179596,11
32,6,239,10,False,True,5.1514641381800175,5.181015003472567,0.9942963173677856,10
32,6,240,2,False,True,2.596306148916483,3.939608577638865,0.6590264229936603,2
32,6,241,16,False,True,78.59098259359598,77.60021835565567,1.0127675444597264,16
32,6,242,13,False,True,11.931485496461391,11.458934750407934,1.0412386278782706,13
32,6,243,19,True,,,,,
32,6,244,3,False,True,2.6651588268578053,4.014114383608103,0.6639469063814312,3
32,6,245,13,False,True,16.470595728605986,16.215299256145954,1.0157441727363292,13
32,6,246,14,False,True,22.69372111186385,25.053725112229586,0.9058022713271594,14
32,6,247,19,True,,,,,
32,6,248,16,False,True,57.83592350780964,57.28667601943016,1.0095877004313043,16
32,6,249,6,False,True,3.9352593012154107,4.446359816938639,0.8850519218493825,6
32,6,250,19,True,,,,,
32,6,251,17,True,,,,,
32,6,252,17,True,,,,,
32,6,253,14,False,True,25.199970696121454,31.155040487647057,0.8088569394128445,14
32,6,254,17,True,,,,,
32,6,255,12,False,True,8.701826445758343,9.720579255372286,0.895196285853962,12
32,6,256,12,False,True,8.157026022672653,8.728874381631613,0.93448773187041,12
32,6,257,18,True,,,,,
32,6,258,20,True,,,,,
32,6,259,17,True,,,,,
32,6,260,16,False,True,79.13995068520308,104.67079700902104,0.7560843420193161,16
32,6,261,20,True,,,,,
32,6,262,14,False,True,21.98460977524519,23.475969210267067,0.9364729344435483,14
32,6,263,13,False,True,17.848950810730457,17.04284455627203,1.0472988092918896,13
32,6,264,17,True,,,,,
32,6,265,9,False,True,5.373766180127859,6.320264656096697,0.8502438540993976,9
32,6,266,21,True,,,,,
32,6,267,19,True,,,,,
32,6,268,19,True,,,,,
32,6,269,13,False,True,13.288289774209261,12.760634999722242,1.0413501972667116,13
32,6,270,6,False,True,4.223110154271126,5.395968910306692,0.7826416764938506,6
32,6,271,19,True,,,,,
32,6,272,13,False,True,15.447994228452446,16.379200387746096,0.9431470317690038,13
32,6,273,10,False,True,5.123715382069349,5.463613197207451,0.937788821633305,10
32,6,274,18,True,,,,,
32,6,275,21,True,,,,,
32,6,276,9,False,True,5.882016848772764,6.453418172895908,0.9114575704201215,9
32,6,277,17,True,,,,,
32,6,278,11,False,True,6.963820196688175,7.077818736433983,0.9838935491299056,11
32,6,279,10,False,True,4.53931512311101,5.4246652871370316,0.8367917434232551,10
32,6,280,7,False,True,4.516111221164465,5.043565761297941,0.8954203107291818,7
32,6,281,15,False,True,34.737305250018835,42.16642118990421,0.8238144065765745,15
32,6,282,9,False,True,5.530565977096558,5.93601493164897,0.9316967765039328,9
32,6,283,14,False,True,23.794264998286963,23.037265054881573,1.0328598009182943,14
32,6,284,13,False,True,10.435329750180244,11.508383322507143,0.9067589649861324,13
32,6,285,22,True,,,,,
32,6,286,13,False,True,11.01338304579258,10.642479173839092,1.03485126594048,13
32,6,287,15,False,True,48.18978486582637,49.21714076772332,0.9791260547469532,15
32,6,288,11,False,True,7.344470359385014,7.919524796307087,0.9273877597819727,11
32,6,289,19,True,,,,,
32,6,290,15,False,True,32.02088875696063,31.452684197574854,1.0180653757821276,15
32,6,291,9,False,True,4.48745908215642,5.001665558665991,0.8971929509323857,9
32,6,292,14,False,True,20.02870896831155,23.458218201994896,0.8538035069777081,14
32,6,293,12,False,True,10.49448037520051,11.04898052290082,0.9498143610126728,12
32,6,294,19,True,,,,,
32,6,295,21,True,,,,,
32,6,296,9,False,True,4.491410218179226,5.105214659124613,0.8797691219803409,9
32,6,297,16,False,True,82.23550394177437,80.84599394351244,1.0171871224594355,16
32,6,298,23,True,,,,,
32,6,299,6,False,True,3.4553115256130695,4.762713797390461,0.7254921611091285,6
32,8,0,29,True,,,,,
32,8,1,18,True,,,,,
32,8,2,26,True,,,,,
32,8,3,31,True,,,,,
32,8,4,31,True,,,,,
32,8,5,28,True,,,,,
32,8,6,25,True,,,,,
32,8,7,22,True,,,,,
32,8,8,19,True,,,,,
32,8,9,27,True,,,,,
32,8,10,20,True,,,,,
32,8,11,20,True,,,,,
32,8,12,25,True,,,,,
32,8,13,22,True,,,,,
32,8,14,24,True,,,,,
32,8,15,26,True,,,,,
32,8,16,30,True,,,,,
32,8,17,27,True,,,,,
32,8,18,27,True,,,,,
32,8,19,30,True,,,,,
32,8,20,21,True,,,,,
32,8,21,29,True,,,,,
32,8,22,31,True,,,,,
32,8,23,11,False,True,6.5300194546580315,7.019969634711742,0.9302062251621364,11
32,8,24,31,True,,,,,
32,8,25,19,True,,,,,
32,8,26,31,True,,,,,
32,8,27,29,True,,,,,
32,8,28,22,True,,,,,
32,8,29,30,True,,,,,
32,8,30,32,True,,,,,
32,8,31,29,True,,,,,
32,8,32,29,True,,,,,
32,8,33,25,True,,,,,
32,8,34,28,True,,,,,
32,8,35,32,True,,,,,
32,8,36,28,True,,,,,
32,8,37,32,True,,,,,
32,8,38,31,True,,,,,
32,8,39,18,True,,,,,
32,8,40,27,True,,,,,
32,8,41,29,True,,,,,
32,8,42,30,True,,,,,
32,8,43,20,True,,,,,
32,8,44,31,True,,,,,
32,8,45,24,True,,,,,
32,8,46,28,True,,,,,
32,8,47,25,True,,,,,
32,8,48,14,False,True,26.433574967086315,32.575144432485104,0.8114645515040543,14
32,8,49,18,True,,,,,
32,8,50,32,True,,,,,
32,8,51,30,True,,,,,
32,8,52,29,True,,,,,
32,8,53,27,True,,,,,
32,8,54,30,True,,,,,
32,8,55,29,True,,,,,
32,8,56,30,True,,,,,
32,8,57,31,True,,,,,
32,8,58,18,True,,,,,
32,8,59,30,True,,,,,
32,8,60,30,True,,,,,
32,8,61,28,True,,,,,
32,8,62,31,True,,,,,
32,8,63,19,True,,,,,
32,8,64,21,True,,,,,
32,8,65,31,True,,,,,
32,8,66,30,True,,,,,
32,8,67,16,False,True,105.17130140215158,116.43932666629553,0.9032283543133406,16
32,8,68,26,True,,,,,
32,8,69,32,True,,,,,
32,8,70,31,True,,,,,
32,8,71,26,True,,,,,
32,8,72,22,True,,,,,
32,8,73,25,True,,,,,
32,8,74,29,True,,,,,
32,8,75,24,True,,,,,
32,8,76,24,True,,,,,
32,8,77,17,True,,,,,
32,8,78,30,True,,,,,
32,8,79,27,True,,,,,
32,8,80,27,True,,,,,
32,8,81,26,True,,,,,
32,8,82,27,True,,,,,
32,8,83,29,True,,,,,
32,8,84,30,True,,,,,
32,8,85,26,True,,,,,
32,8,86,21,True,,,,,
32,8,87,30,True,,,,,
32,8,88,28,True,,,,,
32,8,89,19,True,,,,,
32,8,90,30,True,,,,,
32,8,91,23,True,,,,,
32,8,92,16,False,True,85.9462539665401,112.59757447987795,0.7633046658735917,16
32,8,93,25,True,,,,,
32,8,94,25,True,,,,,
32,8,95,28,True,,,,,
32,8,96,24,True,,,,,
32,8,97,32,True,,,,,
32,8,98,27,True,,,,,
32,8,99,15,False,True,40.88651621714234,47.60863957926631,0.858804548469991,15
32,8,100,31,True,,,,,
32,8,101,25,True,,,,,
32,8,102,29,True,,,,,
32,8,103,18,True,,,,,
32,8,104,30,True,,,,,
32,8,105,30,True,,,,,
32,8,106,30,True,,,,,
32,8,107,19,True,,,,,
32,8,108,32,True,,,,,
32,8,109,26,True,,,,,
32,8,110,27,True,,,,,
32,8,111,29,True,,,,,
32,8,112,26,True,,,,,
32,8,113,28,True,,,,,
32,8,114,31,True,,,,,
32,8,115,29,True,,,,,
32,8,116,21,True,,,,,
32,8,117,30,True,,,,,
32,8,118,30,True,,,,,
32,8,119,29,True,,,,,
32,8,120,31,True,,,,,
32,8,121,28,True,,,,,
32,8,122,29,True,,,,,
32,8,123,18,True,,,,,
32,8,124,17,True,,,,,
32,8,125,17,True,,,,,
32,8,126,27,True,,,,,
32,8,127,30,True,,,,,
32,8,128,32,True,,,,,
32,8,129,31,True,,,,,
32,8,130,30,True,,,,,
32,8,131,32,True,,,,,
32,8,132,31,True,,,,,
32,8,133,29,True,,,,,
32,8,134,32,True,,,,,
32,8,135,22,True,,,,,
32,8,136,16,False,True,101.49802546948195,118.24232060462236,0.8583899990331731,16
32,8,137,30,True,,,,,
32,8,138,26,True,,,,,
32,8,139,27,True,,,,,
32,8,140,31,True,,,,,
32,8,141,32,True,,,,,
32,8,142,12,False,True,10.90513076633215,11.797084007412195,0.9243920581967862,12
32,8,143,11,False,True,7.168874144554138,8.738220203667879,0.8204043818379622,11
32,8,144,18,True,,,,,
32,8,145,31,True,,,,,
32,8,146,19,True,,,,,
32,8,147,27,True,,,,,
32,8,148,30,True,,,,,
32,8,149,8,False,True,4.010964184999466,5.083966534584761,0.7889438606084503,8
32,8,150,29,True,,,,,
32,8,151,28,True,,,,,
32,8,152,28,True,,,,,
32,8,153,31,True,,,,,
32,8,154,26,True,,,,,
32,8,155,29,True,,,,,
32,8,156,29,True,,,,,
32,8,157,30,True,,,,,
32,8,158,27,True,,,,,
32,8,159,28,True,,,,,
32,8,160,32,True,,,,,
32,8,161,32,True,,,,,
32,8,162,27,True,,,,,
32,8,163,29,True,,,,,
32,8,164,32,True,,,,,
32,8,165,25,True,,,,,
32,8,166,28,True,,,,,
32,8,167,28,True,,,,,
32,8,168,30,True,,,,,
32,8,169,25,True,,,,,
32,8,170,27,True,,,,,
32,8,171,21,True,,,,,
32,8,172,29,True,,,,,
32,8,173,24,True,,,,,
32,8,174,27,True,,,,,
32,8,175,26,True,,,,,
32,8,176,19,True,,,,,
32,8,177,16,False,True,92.96375792473555,123.06785210967064,0.7553862063172424,16
32,8,178,22,True,,,,,
32,8,179,27,True,,,,,
32,8,180,31,True,,,,,
32,8,181,13,False,True,19.668105524033308,22.59951550513506,0.8702888130307185,13
32,8,182,24,True,,,,,
32,8,183,23,True,,,,,
32,8,184,29,True,,,,,
32,8,185,26,True,,,,,
32,8,186,28,True,,,,,
32,8,187,23,True,,,,,
32,8,188,32,True,,,,,
32,8,189,30,True,,,,,
32,8,190,25,True,,,,,
32,8,191,23,True,,,,,
32,8,192,26,True,,,,,
32,8,193,24,True,,,,,
32,8,194,25,True,,,,,
32,8,195,29,True,,,,,
32,8,196,25,True,,,,,
32,8,197,30,True,,,,,
32,8,198,28,True,,,,,
32,8,199,28,True,,,,,
32,8,200,11,False,True,6.139413453638554,6.680071819573641,0.9190639890501064,11
32,8,201,29,True,,,,,
32,8,202,30,True,,,,,
32,8,203,28,True,,,,,
32,8,204,27,True,,,,,
32,8,205,22,True,,,,,
32,8,206,30,True,,,,,
32,8,207,25,True,,,,,
32,8,208,30,True,,,,,
32,8,209,24,True,,,,,
32,8,210,29,True,,,,,
32,8,211,28,True,,,,,
32,8,212,30,True,,,,,
32,8,213,20,True,,,,,
32,8,214,20,True,,,,,
32,8,215,26,True,,,,,
32,8,216,27,True,,,,,
32,8,217,28,True,,,,,
32,8,218,32,True,,,,,
32,8,219,29,True,,,,,
32,8,220,28,True,,,,,
32,8,221,25,True,,,,,
32,8,222,24,True,,,,,
32,8,223,27,True,,,,,
32,8,224,11,False,True,9.644029196351767,10.628635063767433,0.9073629058191915,11
32,8,225,15,False,True,37.896004505455494,56.490960996598005,0.6708330649170168,15
32,8,226,32,True,,,,,
32,8,227,29,True,,,,,
32,8,228,30,True,,,,,
32,8,229,31,True,,,,,
32,8,230,28,True,,,,,
32,8,231,27,True,,,,,
32,8,232,21,True,,,,,
32,8,233,29,True,,,,,
32,8,234,31,True,,,,,
32,8,235,29,True,,,,,
32,8,236,30,True,,,,,
32,8,237,23,True,,,,,
32,8,238,29,True,,,,,
32,8,239,27,True,,,,,
32,8,240,16,False,True,101.04530956596136,113.99682844057679,0.8863870245182595,16
32,8,241,20,True,,,,,
32,8,242,30,True,,,,,
32,8,243,28,True,,,,,
32,8,244,18,True,,,,,
32,8,245,29,True,,,,,
32,8,246,28,True,,,,,
32,8,247,20,True,,,,,
32,8,248,30,True,,,,,
32,8,249,25,True,,,,,
32,8,250,23,True,,,,,
32,8,251,29,True,,,,,
32,8,252,23,True,,,,,
32,8,253,25,True,,,,,
32,8,254,20,True,,,,,
32,8,255,29,True,,,,,
32,8,256,25,True,,,,,
32,8,257,28,True,,,,,
32,8,258,22,True,,,,,
32,8,259,31,True,,,,,
32,8,260,30,True,,,,,
32,8,261,28,True,,,,,
32,8,262,21,True,,,,,
32,8,263,30,True,,,,,
32,8,264,30,True,,,,,
32,8,265,25,True,,,,,
32,8,266,29,True,,,,,
32,8,267,29,True,,,,,
32,8,268,31,True,,,,,
32,8,269,28,True,,,,,
32,8,270,32,True,,,,,
32,8,271,27,True,,,,,
32,8,272,24,True,,,,,
32,8,273,29,True,,,,,
32,8,274,29,True,,,,,
32,8,275,19,True,,,,,
32,8,276,31,True,,,,,
32,8,277,31,True,,,,,
32,8,278,27,True,,,,,
32,8,279,22,True,,,,,
32,8,280,25,True,,,,,
32,8,281,26,True,,,,,
32,8,282,31,True,,,,,
32,8,283,29,True,,,,,
32,8,284,28,True,,,,,
32,8,285,29,True,,,,,
32,8,286,26,True,,,,,
32,8,287,15,False,True,47.665140591561794,47.43773490190506,1.0047937720915001,15
32,8,288,29,True,,,,,
32,8,289,31,True,,,,,
32,8,290,31,True,,,,,
32,8,291,26,True,,,,,
32,8,292,24,True,,,,,
32,8,293,21,True,,,,,
32,8,294,20,True,,,,,
32,8,295,13,False,True,13.395189307630062,14.324591029435396,0.9351184463210489,13
32,8,296,23,True,,,,,
32,8,297,30,True,,,,,
32,8,298,25,True,,,,,
32,8,299,14,False,True,28.809430077672005,32.71154128015041,0.8807114843944625,14
