n,trial,live_k,repr,output_k,reps,ok,cm_us,bitset_us,ratio
16,0,6,2,16,40,True,125.37249713204801,120.6599990837276,1.0390560093163133
16,1,3,2,16,40,True,53.75500186346471,48.04499913007021,1.1188469733954216
16,2,3,2,16,200,True,21.597500308416784,9.522499749436975,2.2680494488533594
16,3,6,2,16,200,True,41.092499741353095,62.94850027188659,0.6527955322822108
16,4,2,2,16,200,True,20.316500449553132,32.61249978095293,0.6229666718593225
16,5,4,2,16,200,True,16.5125000057742,18.33000045735389,0.9008455861303309
16,6,6,2,16,40,True,54.355000611394644,63.14499769359827,0.8607966204250131
16,7,2,2,16,200,True,16.472500283271074,30.739500070922073,0.5358740462683446
16,8,3,2,16,200,True,21.965999621897936,30.45200021006167,0.7213319148290342
16,9,6,2,16,200,True,70.09149994701147,57.90000024717301,1.210561306524929
16,10,4,2,16,40,True,56.04250181932002,43.6950009316206,1.2825838339498457
16,11,2,2,16,200,True,34.398999996483326,31.23299975413829,1.101367152283397
16,12,8,1,16,10,True,790.4199999757111,138.1100038997829,5.72311909099116
16,13,5,2,16,40,True,38.964999839663506,32.252498203888535,1.2081234635946954
16,14,7,2,16,200,True,29.99849966727197,30.971000087447464,0.9685996442662617
16,15,8,1,16,10,True,653.8799963891506,96.3800004683435,6.784395032285986
16,16,5,2,16,40,True,118.08999988716096,107.01499995775521,1.1034901643113364
16,17,5,2,16,40,True,82.0700020994991,72.18750251922756,1.1369004223084083
16,18,7,2,16,40,True,112.2899993788451,96.24249942135066,1.166740266036092
16,19,2,2,16,40,True,59.29000035393983,60.62500178813934,0.9779793584359004
16,20,2,2,16,40,True,55.00999977812171,62.614999478682876,0.8785434837678108
16,21,5,2,16,40,True,74.16000007651746,64.46500192396343,1.1503916522641122
16,22,3,2,16,200,True,32.63649996370077,21.78700000513345,1.497980445036534
16,23,6,2,16,40,True,164.46499794255942,148.00749777350575,1.111193692323874
16,24,8,1,16,10,True,1100.8100002072752,58.38999059051275,18.852717547554043
16,25,7,2,16,40,True,85.56750253774226,64.45749895647168,1.3275026788663677
16,26,6,2,16,40,True,89.00249958969653,82.35250134021044,1.080750410021111
16,27,3,2,16,200,True,19.26850003656,56.81200011167675,0.3391625008569216
16,28,8,1,16,10,True,666.9200025498867,91.25999640673399,7.307911777439817
16,29,6,2,16,40,True,94.12750077899545,96.42499790061265,0.976173220931928
16,30,5,2,16,40,True,88.3650005562231,84.37500218860805,1.0472888683154755
16,31,11,1,16,10,True,1158.910000231117,88.2500084117055,13.132123396799575
16,32,3,2,16,200,True,7.311499794013798,25.899999891407788,0.2822972905277639
16,33,3,2,16,40,True,19.39249923452735,33.38499809615314,0.5808746544982398
16,34,8,1,16,40,True,635.0874988129362,68.042500060983,9.333688477697613
16,35,5,2,16,200,True,27.289999998174608,34.072999842464924,0.8009274241877372
16,36,3,2,16,40,True,40.75750184711069,35.47249943949282,1.1489887234090383
16,37,7,2,16,200,True,82.24949997384101,78.87399988248944,1.0427961064023703
16,38,3,2,16,40,True,60.217498685233295,54.19999943114817,1.1110239726428286
16,39,5,2,16,40,True,54.70000032801181,59.797498397529125,0.9147539912852283
16,40,4,2,16,200,True,27.07949955947697,40.26849986985326,0.6724735127207919
16,41,1,2,16,200,True,4.36500005889684,23.7574998755008,0.18373145666721075
16,42,1,2,16,200,True,7.963500102050603,25.378999998793006,0.313783053013489
16,43,8,1,16,40,True,530.152500141412,59.219999820925295,8.952254335436244
16,44,5,2,16,200,True,29.358500032685697,27.153000119142234,1.0812249071508175
16,45,3,2,16,200,True,36.48350015282631,35.287499777041376,1.0338930324716027
16,46,7,2,16,40,True,81.0975005151704,73.29999934881926,1.106377915902079
16,47,5,2,16,200,True,61.75899994559586,43.11450000386685,1.4324415206034355
16,48,6,2,16,200,True,36.113999667577446,28.062000055797398,1.2869360557255278
16,49,9,1,16,10,True,478.91000285744667,41.08999855816364,11.65514771628772
16,50,7,2,16,200,True,49.12499978672713,33.332500024698675,1.473786837180726
16,51,4,2,16,200,True,32.97399962320924,34.716500085778534,0.9498077151134511
16,52,7,2,16,40,True,70.19999902695417,64.82749886345118,1.0828737843923195
16,53,8,1,16,40,True,518.1674991035834,51.7700013006106,10.00903005767303
16,54,6,2,16,40,True,94.44250026717782,82.78500172309577,1.1408165525329665
16,55,5,2,16,200,True,53.099499782547355,41.430999990552664,1.2816369335679905
16,56,3,2,16,40,True,28.420001035556197,37.8400000045076,0.7510571097296704
16,57,11,1,16,10,True,966.8199927546084,136.7500051856041,7.0699813973856225
16,58,4,2,16,40,True,32.15500037185848,27.06749946810305,1.1879560729187657
16,59,4,2,16,40,True,33.190002432093024,40.42249929625541,0.8210774447380007
16,60,9,1,16,10,True,748.2699933461845,54.269994143396616,13.78791365573109
16,61,4,2,16,40,True,57.810000726021826,30.30749794561416,1.9074488045750273
16,62,5,2,16,40,True,30.792501638643444,58.7500020628795,0.5241276690626591
16,63,0,2,16,200,True,3.1789997592568398,55.855000391602516,0.056915222217683206
16,64,6,2,16,200,True,48.72300021816045,98.53199997451156,0.49448910232984417
16,65,4,2,16,40,True,53.989997832104564,63.19499807432294,0.8543397337967717
16,66,5,2,16,200,True,36.06449987273663,56.273999507538974,0.6408732307698355
16,67,6,2,16,40,True,62.03250086400658,62.757500563748174,0.9884476007930694
16,68,4,2,16,200,True,37.2555002104491,37.80799976084381,0.9853867024468479
16,69,5,2,16,200,True,49.64149964507669,38.77350012771785,1.2802945176876017
16,70,5,2,16,40,True,51.3850012794137,41.26999992877245,1.2450933212526931
16,71,6,2,16,40,True,88.38499779812992,79.27999831736088,1.1148461109234813
16,72,8,1,16,10,True,850.1300006173551,87.9799947142601,9.66276485215068
16,73,5,2,16,200,True,53.16400027368218,48.99499996099621,1.0850903217880357
16,74,4,2,16,40,True,73.63749900832772,57.180001749657094,1.287819110791988
16,75,5,2,16,40,True,28.552499134093523,28.40750094037503,1.005104222086372
16,76,7,2,16,200,True,75.03100030589849,62.66300042625516,1.197373247299235
16,77,3,2,16,200,True,24.65949975885451,22.537499899044633,1.0941541816667886
16,78,7,2,16,40,True,96.09500120859593,77.44499889668077,1.2408160962955928
16,79,2,2,16,200,True,18.518500146456063,15.86149970535189,1.167512561262266
16,80,4,2,16,40,True,138.9650016790256,94.13750085514039,1.476191745230906
16,81,8,1,16,10,True,1537.8199983388186,94.59999855607748,16.25602560054186
16,82,9,1,16,10,True,1013.5899996384979,100.49999691545963,10.085472942761655
16,83,7,2,16,40,True,58.23499814141542,102.11250046268106,0.570302341804846
16,84,6,2,16,40,True,44.23999926075339,44.00750040076673,1.0052831644121876
16,85,5,2,16,40,True,46.05750145856291,41.05249827262014,1.1219171401629615
16,86,8,1,16,10,True,621.100002899766,82.77000160887837,7.503926432606754
16,87,3,2,16,200,True,26.17449965327978,51.61600012797862,0.5071005034946868
16,88,6,2,16,40,True,49.867501365952194,56.28750077448785,0.8859427169407119
16,89,3,2,16,200,True,32.298999722115695,44.49000000022352,0.725983360799133
16,90,7,2,16,40,True,140.24499978404492,143.1049982784316,0.9800146848202875
16,91,5,2,16,40,True,58.902500313706696,75.34250034950674,0.7817964633568513
16,92,4,2,16,40,True,47.34499962069094,62.310000066645436,0.7598298759436968
16,93,9,1,16,10,True,716.5599963627756,112.54999553784728,6.366592845592938
16,94,8,1,16,10,True,732.2499994188547,173.8299964927137,4.212449026020362
16,95,5,2,16,40,True,88.41499802656472,83.16249877680093,1.0631594688353572
16,96,9,1,16,10,True,881.8300091661513,117.54999868571758,7.501744100600269
16,97,4,2,16,200,True,58.68149979505688,71.87400013208389,0.8164496158168049
16,98,9,1,16,10,True,673.8699972629547,65.81000052392483,10.239629112568892
16,99,6,2,16,40,True,82.0550019852817,76.80999988224357,1.068285406992308
16,100,7,2,16,40,True,90.08500201161951,152.97000063583255,0.5889063322035281
16,101,2,2,16,40,True,32.809999538585544,55.45000021811575,0.5917042274035264
16,102,4,2,16,40,True,120.76249986421317,60.170001233927906,2.007021728231561
16,103,5,2,16,200,True,30.349500011652708,29.878499917685986,1.015763846754834
16,104,7,2,16,40,True,102.51250059809536,102.9075006954372,0.9961616005182083
16,105,4,2,16,200,True,34.229999873787165,45.31599988695234,0.7553623435250046
16,106,4,2,16,200,True,41.44200007431209,35.07549990899861,1.1815084655052959
16,107,4,2,16,200,True,36.77500004414469,48.98150044027716,0.7507936611493603
16,108,5,2,16,200,True,60.202000313438475,43.181999935768545,1.3941457181924526
16,109,7,2,16,40,True,59.449998661875725,70.53249864839017,0.8428738496595513
16,110,3,2,16,200,True,28.518500039353967,51.3230002252385,0.55566704818885
16,111,5,2,16,200,True,26.874499744735658,17.837999621406198,1.5065870789954137
16,112,7,2,16,40,True,64.14000235963613,114.69750024843961,0.5592101154838265
16,113,5,2,16,40,True,62.76500062085688,56.607500300742686,1.108775344033932
16,114,6,2,16,40,True,86.28500218037516,67.6800002111122,1.2748966003432172
16,115,5,2,16,200,True,50.78800022602081,36.52449988294393,1.3905187035767628
16,116,9,1,16,10,True,550.8900037966669,54.429995361715555,10.121073869944633
16,117,4,2,16,40,True,55.73750240728259,59.852501726709306,0.9312476638283879
16,118,4,2,16,200,True,25.590999866835773,27.642499771900475,0.9257845736820763
16,119,6,2,16,200,True,48.78550011198968,57.76299978606403,0.8445804458334196
16,120,2,2,16,200,True,13.907499960623682,9.581500198692083,1.4514950344124729
16,121,6,2,16,200,True,42.51600010320544,43.36800018791109,0.9803541763278458
16,122,5,2,16,200,True,65.15199958812445,60.04850030876696,1.0849896209416638
16,123,9,1,16,40,True,785.797499702312,115.04249996505678,6.8304974243517975
16,124,3,2,16,200,True,50.612500053830445,40.72349984198809,1.2428327685540985
16,125,8,1,16,10,True,779.2499964125454,120.22999580949545,6.481327651772257
16,126,5,2,16,40,True,36.812498001381755,46.78250115830451,0.7868860597430253
16,127,3,2,16,200,True,9.722999529913068,23.41400017030537,0.4152643486457384
16,128,5,2,16,200,True,27.55099965725094,22.561000077985227,1.2211781198536007
16,129,4,2,16,200,True,26.346499798819423,20.488500013016164,1.2859164791020192
16,130,4,2,16,200,True,23.566000163555145,16.530000139027834,1.425650330632188
16,131,7,2,16,40,True,81.34750241879374,54.30750024970621,1.4979054834922882
16,132,2,2,16,200,True,32.00849983841181,48.52800047956407,0.6595882690837656
16,133,4,2,16,200,True,18.60349962953478,19.539500353857875,0.9520969980105817
16,134,7,2,16,40,True,68.10750055592507,57.535001542419195,1.1837576906243936
16,135,1,2,16,200,True,13.088499545119703,33.23699987959117,0.3937930496896791
16,136,6,2,16,40,True,61.2050003837794,62.377500580623746,0.981203155209323
16,137,7,2,16,200,True,61.60649994853885,65.31550025101751,0.9432140871887316
16,138,5,2,16,200,True,31.45049966406077,25.67449992056936,1.224970291976901
16,139,6,2,16,40,True,122.21499928273262,90.20500001497567,1.3548583699622272
16,140,5,2,16,200,True,51.96249985601753,53.79849986638874,0.9658726541645026
16,141,9,1,16,10,True,1256.2000076286495,110.47000298276544,11.371412815338031
16,142,4,2,16,40,True,81.3675025710836,99.01250014081597,0.8217902028063367
16,143,6,2,16,200,True,52.3310003336519,45.59850029181689,1.147647400654605
16,144,7,2,16,40,True,92.24250097759068,81.5875013358891,1.1305959793747797
16,145,4,2,16,40,True,51.517499377951026,51.17499968037009,1.0066927151874963
16,146,5,2,16,40,True,57.35000013373792,77.45249895378947,0.7404538382674352
16,147,5,2,16,40,True,85.59999987483025,79.69499856699258,1.0740950048813145
16,148,2,2,16,200,True,46.971000265330076,41.05350002646446,1.1441411873543301
16,149,7,2,16,200,True,44.854499865323305,41.05550004169345,1.092533273733649
16,150,6,2,16,40,True,65.78750035259873,78.92250141594559,0.8335708976820005
16,151,4,2,16,200,True,43.21600019466132,59.27399965003133,0.7290886467898152
16,152,6,2,16,40,True,72.14000215753913,64.8850022116676,1.1118132033378731
16,153,7,2,16,40,True,75.61749953310937,61.572500271722674,1.2281050663754984
16,154,5,2,16,40,True,64.16499963961542,56.85749929398298,1.128523069715902
16,155,5,2,16,200,True,36.45450051408261,51.11199978273362,0.7132278265190766
16,156,6,2,16,200,True,60.372999869287014,54.220499587245286,1.113471847896603
16,157,1,2,16,200,True,6.501000025309622,40.34949990455061,0.16111723914021647
16,158,7,2,16,40,True,126.9525004317984,120.1999984914437,1.0561772215066656
16,159,5,2,16,200,True,55.03299995325506,43.619999778456986,1.2616460392655644
16,160,4,2,16,200,True,48.47999953199178,46.0469996323809,1.052837316633763
16,161,5,2,16,40,True,88.89750170055777,98.67750050034374,0.9008892731352482
16,162,7,2,16,40,True,90.84500197786838,76.7449993873015,1.1837253593476464
16,163,7,2,16,40,True,40.82749946974218,65.06000063382089,0.6275361062403425
16,164,5,2,16,40,True,114.04500110074878,89.47250025812536,1.2746374670623097
16,165,6,2,16,40,True,66.68500136584044,69.77499870117754,0.9557148349286181
16,166,9,1,16,10,True,844.0000005066395,65.75000006705523,12.836501895754905
16,167,5,2,16,40,True,115.94000097829849,98.18999969866127,1.1807719862930117
16,168,5,2,16,40,True,53.60750074032694,54.99749968294054,0.9747261429951013
16,169,5,2,16,40,True,67.92749918531626,70.30499982647598,0.9661830503231952
16,170,6,2,16,200,True,63.93600022420288,84.35749972704798,0.7579172027511236
16,171,6,2,16,10,True,69.18999133631587,54.480007383972406,1.2700070109878698
16,172,8,1,16,10,True,686.5100003778934,57.01999180018902,12.039812330797593
16,173,4,2,16,40,True,77.90249946992844,74.5775003451854,1.0445844806993145
16,174,4,2,16,40,True,53.82249946705997,34.22499867156148,1.5726077883469023
16,175,4,2,16,200,True,45.91749981045723,37.98199992161244,1.2089279107267163
16,176,5,2,16,40,True,47.55749832838774,44.8200007667765,1.0610775884600263
16,177,2,2,16,200,True,28.603000100702047,38.72500034049153,0.7386184596309545
16,178,5,2,16,200,True,63.243499607779086,40.19150044769049,1.5735540824132936
16,179,6,2,16,40,True,91.25499927904457,57.79999773949385,1.5788062776461225
16,180,7,2,16,40,True,113.08499961160123,96.78499773144722,1.1684145504180534
16,181,8,1,16,10,True,717.5899925641716,26.41999162733555,27.160871308593233
16,182,5,2,16,200,True,60.51450036466122,51.076500094495714,1.1847816560003999
16,183,3,2,16,40,True,50.08000007364899,48.41999907512218,1.0342833752630058
16,184,3,2,16,40,True,64.73249814007431,51.6725005581975,1.2527456082209076
16,185,8,1,16,10,True,776.0099950246513,40.879996959120035,18.982633384260293
16,186,6,2,16,40,True,108.53999992832541,76.97000110056251,1.4101597814259637
16,187,8,1,16,10,True,909.6599998883903,85.87000193074346,10.593454983523307
16,188,3,2,16,200,True,24.743499816395342,32.4995000846684,0.7613501669851241
16,189,6,2,16,200,True,32.60800032876432,24.569500237703323,1.3271739357044574
16,190,7,2,16,40,True,85.78999841120094,67.5449991831556,1.270116210654945
16,191,4,2,16,200,True,20.53450036328286,28.83700013626367,0.7120886453601639
16,192,6,2,16,40,True,88.63999973982573,58.78749943803996,1.5078035396496035
16,193,6,2,16,200,True,26.00850013550371,43.10299991630018,0.6034034797115856
16,194,2,2,16,200,True,14.532000059261918,22.87649956997484,0.6352370481686374
16,195,4,2,16,40,True,38.04999869316816,39.312499575316906,0.9678855098050945
16,196,5,2,16,40,True,43.54999982751906,62.229999457485974,0.699823239710477
16,197,7,2,16,40,True,60.194998513907194,58.887500199489295,1.022203325153701
16,198,8,1,16,10,True,610.5600041337311,45.41999660432339,13.442537423607245
16,199,6,2,16,200,True,55.958000011742115,57.123500155285,0.9795968359716303
16,200,2,2,16,200,True,19.858500454574823,27.19750045798719,0.7301590263874012
16,201,7,2,16,40,True,104.8100006300956,70.99499925971031,1.4763011722372863
16,202,8,1,16,40,True,434.58250002004206,38.24250015895814,11.363862148490911
16,203,1,2,16,200,True,9.766999864950776,16.343999886885285,0.5975893252904382
16,204,4,2,16,200,True,28.70999975129962,27.470000204630196,1.045140136055056
16,205,4,2,16,200,True,19.124500104226172,19.45100026205182,0.9832142227429487
16,206,8,1,16,10,True,446.95999240502715,99.60000170394778,4.487550047775866
16,207,2,2,16,200,True,10.885499650612473,23.070999886840582,0.4718260892030705
16,208,5,2,16,200,True,26.12949989270419,32.63099992182106,0.8007569475439466
16,209,8,1,16,10,True,540.1800037361681,79.35999892652035,6.806703768183293
16,210,7,2,16,40,True,55.96500122919679,77.13750237599015,0.7255225993240931
16,211,2,2,16,200,True,13.293499941937625,20.18999948631972,0.6584200237818231
16,212,8,1,16,10,True,804.6100032515824,62.54999898374081,12.863469485598745
16,213,6,2,16,200,True,40.76499957591295,42.88500000257045,0.9505654558346641
16,214,7,2,16,40,True,68.17500106990337,70.26249950286001,0.9702900060811007
16,215,7,2,16,40,True,43.51500247139484,69.88500244915485,0.6226658216554313
16,216,9,1,16,10,True,589.0800035558641,49.14999008178711,11.985353457358112
16,217,0,2,16,200,True,5.041499971412122,48.11450024135411,0.10478130181385496
16,218,7,2,16,200,True,48.82099980022758,48.73199970461428,1.0018263173305584
16,219,6,2,16,200,True,41.64949990808964,45.053999638184905,0.9244351276815426
16,220,4,2,16,200,True,44.27500010933727,43.55699988082051,1.0164841525008914
16,221,4,2,16,200,True,24.412000202573836,23.981999838724732,1.0179301295446914
16,222,4,2,16,200,True,31.923499773256484,34.35700025875121,0.9291701700623621
16,223,9,1,16,10,True,718.3899986557662,61.379990074783564,11.703977106879638
16,224,7,2,16,40,True,68.08500038459897,64.68249775934964,1.052603142165417
16,225,2,2,16,200,True,24.010000051930547,26.31200011819601,0.9125113995163933
16,226,4,2,16,200,True,13.356000417843461,11.934000067412853,1.1191553831404393
16,227,2,2,16,200,True,4.792000399902463,28.206499991938472,0.16988993321652937
16,228,7,2,16,200,True,54.42399997264147,45.903000282123685,1.1856305609251465
16,229,5,2,16,200,True,20.10550000704825,14.98800003901124,1.3414398155002014
16,230,6,2,16,200,True,45.18500005360693,32.09699993021786,1.4077639702104154
16,231,5,2,16,40,True,21.410000044852495,17.68500078469515,1.2106304266257661
16,232,3,2,16,200,True,27.31399959884584,28.36400002706796,0.9629812287681534
16,233,3,2,16,200,True,18.149499665014446,14.479999663308263,1.253418514297659
16,234,5,2,16,200,True,47.22100042272359,36.943499580956995,1.2781951076195355
16,235,7,2,16,200,True,47.8120002662763,62.24500015377998,0.7681259562720524
16,236,2,2,16,200,True,5.797999911010265,15.597000019624828,0.3717381486000493
16,237,4,2,16,40,True,34.96000135783106,24.037499679252505,1.4543942516619603
16,238,6,2,16,40,True,103.03999879397452,73.49499792326242,1.4020001592701672
16,239,5,2,16,40,True,65.39500027429312,66.46750262007117,0.9838642599240041
16,240,6,2,16,200,True,48.30899997614324,36.509999772533774,1.323171741361822
16,241,2,2,16,200,True,10.806999634951353,7.596500217914581,1.42262875336534
16,242,7,2,16,40,True,43.20500011090189,53.53250016923994,0.8070798108497036
16,243,6,2,16,40,True,55.44000014197081,82.88750250358135,0.6688583739095698
16,244,8,1,16,40,True,314.7799987345934,40.08249961771071,7.853302606794159
16,245,7,2,16,200,True,29.61349964607507,20.604999735951424,1.4371997100492893
16,246,5,2,16,200,True,22.04550022725016,41.32700036279857,0.5334406086509708
16,247,7,2,16,200,True,34.982499782927334,23.61499995458871,1.481367768375954
16,248,4,2,16,200,True,24.79800023138523,15.534500125795603,1.596317875089347
16,249,2,2,16,200,True,22.05749973654747,53.641999838873744,0.4111983110771842
16,250,5,2,16,200,True,45.700499904341996,41.435500024817884,1.1029310585601617
16,251,6,2,16,200,True,50.763500039465725,50.89100042823702,0.9974946378004282
16,252,4,2,16,200,True,19.338499987497926,29.716999852098525,0.650755462655908
16,253,7,2,16,200,True,50.014000153169036,65.68150012753904,0.7614625131285497
16,254,7,2,16,40,True,53.67750127334148,47.47500061057508,1.1306477216007615
16,255,1,2,16,200,True,3.567999810911715,13.855500146746635,0.2575150498446283
16,256,4,2,16,200,True,33.42050011269748,26.491500320844352,1.2615555822786364
16,257,7,2,16,40,True,67.38250085618347,59.942499501630664,1.1241189709539958
16,258,6,2,16,200,True,29.987500165589154,26.66399988811463,1.1246437253007926
16,259,5,2,16,40,True,38.66250044666231,33.92500220797956,1.1396462175489095
16,260,4,2,16,200,True,31.690499745309353,24.598499876447022,1.2883102589378996
16,261,7,2,16,40,True,40.962500497698784,40.10000266134739,1.0215086727957443
16,262,2,2,16,200,True,13.189499732106924,10.579000227153301,1.2467624018244379
16,263,7,2,16,40,True,75.302500044927,60.667499201372266,1.2412329671769906
16,264,6,2,16,40,True,56.83499912265688,65.62249909620732,0.8660901353258837
16,265,2,2,16,200,True,19.04800010379404,27.830000035464764,0.6844412533065214
16,266,7,2,16,40,True,56.01000157184899,34.43000023253262,1.6267790064934593
16,267,7,2,16,40,True,63.56999801937491,60.48500072211027,1.0510043359582355
16,268,6,2,16,40,True,79.57250054460019,72.31000054161996,1.1004356236838928
16,269,6,2,16,40,True,66.82499952148646,63.20500106085091,1.0572739245293323
16,270,6,2,16,40,True,43.745001312345266,38.73499808833003,1.129340479444212
16,271,8,1,16,10,True,675.309996586293,71.77999941632152,9.408052411222775
16,272,5,2,16,40,True,31.494998256675895,32.247501076199114,0.9766647710858247
16,273,0,2,16,200,True,3.0675000743940473,47.84949996974319,0.0641072545446395
16,274,2,2,16,200,True,28.41999987140298,29.072999604977667,0.9775393064889359
16,275,6,2,16,40,True,65.32999977935106,66.42999942414463,0.9834412215214657
16,276,9,1,16,10,True,483.300001360476,43.400004506111145,11.135943575591625
16,277,6,2,16,200,True,34.74000026471913,40.36500002257526,0.860646605853829
16,278,8,1,16,10,True,593.6099914833903,52.1400012075901,11.384924774358801
16,279,9,1,16,10,True,599.5900020934641,58.43999097123742,10.259926330046254
16,280,5,2,16,40,True,30.27999773621559,37.75249933823943,0.8020660424340447
16,281,7,2,16,40,True,50.11999746784568,55.982498452067375,0.8952797544532384
16,282,3,2,16,200,True,15.602500061504541,20.54949989542365,0.7592642225312354
16,283,8,1,16,10,True,936.080003157258,79.72000166773796,11.742097134652745
16,284,0,2,16,200,True,3.224500105716288,35.75199982151389,0.09019076196615815
16,285,10,1,16,10,True,700.3799895755947,59.170008171349764,11.836739781197462
16,286,3,2,16,200,True,33.327999990433455,48.44849987421185,0.6879057159037709
16,287,7,2,16,40,True,39.91000121459365,42.82750014681369,0.9318779073674909
16,288,3,2,16,200,True,25.841000024229288,31.808000057935715,0.8124056833866318
16,289,8,1,16,10,True,730.2499958314002,50.490000285208225,14.463259887232313
16,290,1,2,16,200,True,6.385999731719494,15.2009999146685,0.4201039252396284
16,291,7,2,16,200,True,78.64600047469139,55.947499931789935,1.4057107211327586
16,292,4,2,16,200,True,24.996499996632338,30.582500039599836,0.8173465205351279
16,293,6,2,16,40,True,61.109999660402536,50.72249914519489,1.2047907869340797
16,294,7,2,16,200,True,42.583500035107136,38.82649994920939,1.096763810562694
16,295,11,1,16,40,True,579.5650009531528,63.517497619614005,9.124493606848027
16,296,6,2,16,200,True,49.75049989297986,51.16200016345829,0.9724111593376177
16,297,4,2,16,200,True,33.70199992787093,26.24099957756698,1.2843260725739365
16,298,5,2,16,200,True,50.44249992351979,63.29099996946753,0.7969932525612483
16,299,4,2,16,200,True,19.29249963723123,34.1810000827536,0.5644217427963869
18,0,5,3,5,200,True,4.765000194311142,3.8920005317777395,1.2243061519147955
18,1,6,3,6,200,True,5.775999743491411,6.549499812535942,0.881899367709878
18,2,6,3,6,200,True,5.652499967254698,4.816000000573695,1.1736918535260294
18,3,6,3,6,200,True,6.0940004186704755,5.07350021507591,1.2011432266351636
18,4,7,3,7,200,True,8.69350042194128,4.738999996334314,1.834458837025919
18,5,6,3,6,200,True,9.737499640323222,7.036500028334558,1.3838555533450276
18,6,3,3,3,200,True,4.350999952293932,3.216500044800341,1.3527125421084871
18,7,6,3,6,200,True,9.163999930024147,4.578000516630709,2.001747246802107
18,8,5,3,5,200,True,5.5570004042238,3.7620001239702106,1.4771398780176657
18,9,3,3,3,200,True,4.618499660864472,3.580499906092882,1.2899035838557744
18,10,3,3,3,200,True,7.545999833382666,6.064999615773559,1.2441880150754492
18,11,5,3,5,200,True,4.317999701015651,3.358999965712428,1.2855015615041316
18,12,9,4,9,40,True,269.56000074278563,5.915001383982599,45.57226334261474
18,13,7,3,7,200,True,7.516499608755112,4.44350007455796,1.6915718426094217
18,14,6,3,6,200,True,8.347499533556402,4.3700000969693065,1.9101829172373659
18,15,8,4,8,40,True,266.8425004230812,5.864998092874885,45.49745732181155
18,16,3,3,3,200,True,3.766000154428184,3.023500321432948,1.2455762374926218
18,17,4,3,4,200,True,4.64599987026304,4.157500225119293,1.1174984049771712
18,18,7,3,7,200,True,5.150999641045928,5.077500245533884,1.0144755080172954
18,19,3,3,3,200,True,4.989499575458467,4.458000184968114,1.1192237255356137
18,20,7,3,7,200,True,6.9155002711340785,4.6170002315193415,1.4978340750176564
18,21,2,3,2,200,True,3.2429996645078063,4.697500262409449,0.6903671066203203
18,22,3,3,3,200,True,3.7289998726919293,3.41450038831681,1.0921070284400094
18,23,5,3,5,200,True,4.982499522157013,5.12650003656745,0.9719105601515113
18,24,8,4,8,40,True,258.8025003205985,4.732501110993326,54.686199591039774
18,25,7,3,7,200,True,4.984000115655363,3.720000386238098,1.3397848382202728
18,26,4,3,4,200,True,4.205000004731119,5.1914999494329095,0.8099778572068462
18,27,8,4,8,40,True,221.97749931365252,4.737501149065793,46.85539746147084
18,28,7,3,7,200,True,10.081499931402504,6.533999694511294,1.5429293545684108
18,29,2,3,2,200,True,4.2450003093108535,3.984500071965158,1.0653783994580823
18,30,5,3,5,200,True,5.579499993473291,4.01749974116683,1.3887990922067361
18,31,10,4,10,10,True,360.4999976232648,12.02001003548503,29.991655294713567
18,32,8,4,8,40,True,173.40249905828387,4.012498538941145,43.21559182524785
18,33,6,3,6,200,True,5.97250007558614,4.043499939143658,1.4770619922034698
18,34,4,3,4,200,True,3.4345005406066775,3.152999561280012,1.0892803737696637
18,35,5,3,5,200,True,4.99200017657131,4.184499848634005,1.192974156326211
18,36,5,3,5,200,True,5.6139996740967035,4.687500186264515,1.1976532162168338
18,37,4,3,4,200,True,5.019499803893268,3.6225002259016037,1.3856451320562624
18,38,4,3,4,200,True,8.636499987915158,7.611500332131982,1.1346646010716357
18,39,7,3,7,200,True,6.917999708093703,5.822500097565353,1.1881493503085432
18,40,10,4,10,40,True,278.0424983939156,5.897501250728965,47.14581423099282
18,41,7,3,7,200,True,6.677500205114484,4.097000346519053,1.6298510227825362
18,42,5,3,5,200,True,9.411500068381429,7.264500018209219,1.2955468435254365
18,43,7,3,7,200,True,8.323999936692417,5.68099960219115,1.4652350852976415
18,44,4,3,4,200,True,9.357500239275396,6.600499618798494,1.4176957472468978
18,45,5,3,5,200,True,8.635999984107912,6.772500346414745,1.2751568168881193
18,46,9,4,9,10,True,387.29000370949507,8.899997919797897,43.51574092483492
18,47,7,3,7,200,True,8.089499897323549,4.248000332154334,1.9043077365347179
18,48,3,3,3,200,True,6.8789999932050705,3.9084994932636614,1.760010460551702
18,49,3,3,3,200,True,3.9560004370287065,4.224500153213739,0.9364422519950023
18,50,3,3,3,200,True,4.6675000339746475,4.009500262327492,1.1641101704942127
18,51,4,3,4,200,True,9.067000355571508,8.200499578379095,1.105664388969298
18,52,2,3,2,200,True,6.168499821797013,7.0909998612478375,0.869905505922759
18,53,7,3,7,200,True,8.387500420212746,7.469500415027142,1.1228997863550247
18,54,8,4,8,40,True,361.1399995861575,9.699998190626502,37.23093473719836
18,55,9,4,9,40,True,416.82250157464296,9.404998854734004,44.319250646674504
18,56,6,3,6,200,True,10.055999737232924,8.17099993582815,1.2306938950200499
18,57,4,3,4,200,True,9.41749953199178,7.639499963261186,1.232737689283474
18,58,6,3,6,200,True,12.54650007467717,8.632999961264431,1.4533186761232821
18,59,7,3,7,200,True,11.622000019997358,8.402999956160784,1.3830774819267393
18,60,8,4,8,40,True,468.9224995672703,9.839999256655574,47.65472916576703
18,61,6,3,6,200,True,6.405499880202115,5.259999888949096,1.217775668334069
18,62,7,3,7,200,True,7.173999911174178,5.115999956615269,1.402267390932598
18,63,3,3,3,200,True,5.3654995281249285,6.613499717786908,0.8112950415185621
18,64,8,4,8,40,True,272.2150005865842,5.434997729025781,50.08557761354916
18,65,5,3,5,200,True,4.636499797925353,3.7334999069571495,1.2418641793148348
18,66,7,3,7,200,True,5.4750003619119525,4.607000155374408,1.188408981389974
18,67,9,4,9,40,True,315.140001475811,6.059999577701092,52.00330419748343
18,68,4,3,4,200,True,4.534000181593001,4.497499903663993,1.0081156817589416
18,69,2,3,2,200,True,3.4544995287433267,3.085500211454928,1.1195914088479033
18,70,10,4,10,40,True,354.0200006682426,10.497501352801919,33.72421577004609
18,71,3,3,3,200,True,4.252499784342945,4.7800003085285425,0.8896442489251676
18,72,2,3,2,200,True,3.519000019878149,3.4805003087967634,1.0110615450842166
18,73,7,3,7,200,True,7.648500031791628,5.052000051364303,1.5139548602589852
18,74,5,3,5,200,True,4.764500190503895,4.245999734848738,1.1221150466401593
18,75,1,3,1,200,True,3.086999640800059,5.369000136852264,0.5749673239177647
18,76,4,3,4,200,True,4.951999871991575,4.313999670557678,1.147890646767579
18,77,7,3,7,200,True,10.82550035789609,7.076499750837684,1.5297817761690187
18,78,7,3,7,200,True,5.942499847151339,5.062999553047121,1.173711311820065
18,79,3,3,3,200,True,4.831000114791095,3.8470001891255383,1.255783695682435
18,80,5,3,5,200,True,5.480500403791666,4.1069998405873775,1.3344291737318044
18,81,2,3,2,200,True,3.8810004480183125,4.948500427417457,0.7842780868554444
18,82,7,3,7,200,True,8.066999725997448,5.34249993506819,1.509967210864268
18,83,7,3,7,200,True,5.768000264652073,4.240999696776271,1.360056750071576
18,84,6,3,6,200,True,5.12650003656745,5.6680000852793455,0.9044636484536664
18,85,8,4,8,40,True,282.8274999046698,4.182499833405018,67.62164044712392
18,86,4,3,4,200,True,4.059000057168305,3.54450021404773,1.1451544116379186
18,87,7,3,7,200,True,8.373000309802592,5.645499913953245,1.4831282326491833
18,88,1,3,1,200,True,5.789999850094318,4.356499994173646,1.3290485155142489
18,89,8,4,8,40,True,379.56500018481165,9.012501686811447,42.11538742236827
18,90,8,4,8,40,True,323.80000047851354,8.59500141814351,37.67305957564963
18,91,7,3,7,200,True,11.629000073298812,8.245999924838543,1.4102595415105474
18,92,7,3,7,200,True,7.9824996646493664,4.2450003093108535,1.8804473693772876
18,93,6,3,6,200,True,7.160999812185764,8.697999874129891,0.8232927012892282
18,94,7,3,7,200,True,7.773000397719443,6.110499962233007,1.2720727347617715
18,95,2,3,2,200,True,5.485499859787524,3.420499851927161,1.60371293590231
18,96,3,3,3,200,True,4.905500099994242,5.744999507442117,0.8538730235989784
18,97,5,3,5,200,True,9.636000031605363,5.586000042967498,1.7250268452354591
18,98,9,4,9,40,True,297.0350004034117,6.332498742267489,46.90644443729519
18,99,7,3,7,200,True,6.436500116251409,6.168499821797013,1.0434465919099793
18,100,1,3,1,200,True,2.8054998256266117,3.065000055357814,0.9153343474569995
18,101,3,3,3,200,True,4.192999913357198,3.6105001345276833,1.1613349278840883
18,102,5,3,5,200,True,7.00449978467077,7.09650048520416,0.9870357649203002
18,103,4,3,4,200,True,3.752000047825277,3.3124996116384864,1.1326793925175427
18,104,3,3,3,200,True,5.964500014670193,5.428500007838011,1.0987381424073448
18,105,4,3,4,200,True,5.26249990798533,3.6209996324032545,1.453327932124813
18,106,8,4,8,40,True,234.3450003536418,5.7999975979328156,40.404327139232784
18,107,8,4,8,40,True,315.58249902445823,6.839999696239829,46.13779430398867
18,108,6,3,6,200,True,6.256999913603067,4.300500149838626,1.4549470283910715
18,109,6,3,6,200,True,10.00799995381385,5.782499792985618,1.7307393535843991
18,110,5,3,5,200,True,9.247499983757734,5.871499888598919,1.5749808667652738
18,111,2,3,2,200,True,7.180499960668385,5.444000125862658,1.3189749806500162
18,112,7,3,7,200,True,9.906500345095992,7.800500025041401,1.2699827335803917
18,113,8,4,8,40,True,213.68750021792948,4.715000977739692,45.32077537773246
18,114,4,3,4,200,True,4.890499985776842,5.33799990080297,0.9161671181449792
18,115,6,3,6,200,True,6.959000020287931,7.6879997504875055,0.9051769310797197
18,116,4,3,4,200,True,5.265999934636056,4.609500174410641,1.1424231989120932
18,117,4,3,4,200,True,3.715499769896269,3.2320001628249884,1.1495976431661652
18,118,6,3,6,200,True,6.246999837458134,4.926499677821994,1.2680402407374018
18,119,5,3,5,200,True,6.5750000067055225,5.927999736741185,1.109143100320044
18,120,5,3,5,200,True,5.897999508306384,7.088000420480967,0.8321104907477089
18,121,8,4,8,40,True,390.5525023583323,8.787499973550439,44.444097130453386
18,122,5,3,5,200,True,8.687999797984958,5.4305000230669975,1.59985263991919
18,123,2,3,2,200,True,5.102499853819609,3.8144999416545033,1.3376589151568967
18,124,4,3,4,200,True,5.264999927021563,4.206500016152859,1.2516343532162344
18,125,10,4,10,40,True,339.215001440607,7.1075017331168056,47.72633397471622
18,126,3,3,3,200,True,3.7094997242093086,3.387500182725489,1.0950552100707927
18,127,4,3,4,200,True,11.766499956138432,8.445499697700143,1.3932272070701341
18,128,5,3,5,200,True,12.175000156275928,10.152999893762171,1.199152987655997
18,129,4,3,4,200,True,10.29200037010014,11.062499834224582,0.9303503298828796
18,130,6,3,6,200,True,8.60300031490624,6.967000081203878,1.2348213312234761
18,131,2,3,2,200,True,4.177999799139798,3.741999971680343,1.1165151872686063
18,132,4,3,4,200,True,4.709000349976122,4.2195001151412725,1.116009058295395
18,133,5,3,5,200,True,7.293499656952918,5.554499803110957,1.3130794698863764
18,134,4,3,4,200,True,7.732000085525215,6.454000249505043,1.198016700745895
18,135,8,4,8,40,True,294.95500202756375,6.407499313354492,46.032779342296514
18,136,5,3,5,200,True,10.794000118039548,4.936999757774174,2.1863481157847935
18,137,3,3,3,200,True,3.5640003625303507,3.474499681033194,1.0257593005363415
18,138,4,3,4,200,True,8.285000221803784,6.840999703854322,1.211080336275397
18,139,6,3,6,200,True,5.937999812886119,4.001000197604299,1.4841288476920467
18,140,5,3,5,200,True,7.888999534770847,4.7259998973459005,1.6692762814491962
18,141,6,3,6,200,True,8.4610003978014,5.098500405438244,1.659507644400026
18,142,4,3,4,200,True,4.93600033223629,4.608500166796148,1.0710643709638448
18,143,4,3,4,200,True,5.7484995340928435,5.951999919489026,0.9658097466147727
18,144,7,3,7,200,True,6.955999997444451,4.740500007756054,1.4673557612200316
18,145,9,4,9,40,True,272.0525022596121,4.977500066161156,54.656453770663575
18,146,7,3,7,200,True,8.38249980006367,5.8200000785291195,1.440292042432784
18,147,7,3,7,200,True,6.077999714761972,5.436500068753958,1.1179986458006328
18,148,5,3,5,200,True,7.403999916277826,4.373000119812787,1.693116787884927
18,149,5,3,5,200,True,9.361000265926123,5.4954999359324574,1.7033937539911517
18,150,7,3,7,200,True,11.117500253021717,9.053499670699239,1.2279782026173165
18,151,5,3,5,200,True,10.583499679341912,6.921500316821039,1.52907595100751
18,152,8,4,8,40,True,258.1600012490526,8.6424988694489,29.87099045643433
18,153,5,3,5,200,True,5.902499542571604,4.723499878309667,1.249602983939072
18,154,3,3,3,200,True,5.064999568276107,3.163000219501555,1.6013276056851748
18,155,3,3,3,200,True,4.478500341065228,3.9469997864216566,1.1346593826713705
18,156,3,3,3,200,True,3.9255002047866583,3.942499752156437,0.9956881297556252
18,157,5,3,5,200,True,6.653000018559396,7.004999788478017,0.9497502097719406
18,158,4,3,4,200,True,6.4689997816458344,6.65400002617389,0.9721971379921331
18,159,7,3,7,200,True,5.417499924078584,4.002000205218792,1.353698062537307
18,160,5,3,5,200,True,4.748499486595392,4.053500015288591,1.1714566346824893
18,161,4,3,4,200,True,6.198999471962452,5.4290000116452575,1.1418308083745696
18,162,2,3,2,200,True,6.041000015102327,6.471499800682068,0.9334775865195316
18,163,8,4,8,40,True,286.26249986700714,5.16749860253185,55.396725163457404
18,164,6,3,6,200,True,7.541499799117446,4.342499887570739,1.7366724224226238
18,165,7,3,7,200,True,7.2619999991729856,5.570999928750098,1.303536185971964
18,166,4,3,4,200,True,4.538999637588859,5.155500257387757,0.8804188557811704
18,167,5,3,5,200,True,5.921000265516341,4.322999739088118,1.369650849612427
18,168,0,3,0,200,True,4.551999736577272,6.121500045992434,0.7436085440458884
18,169,7,3,7,200,True,7.5930001912638545,6.061000167392194,1.2527635673256907
18,170,8,4,8,40,True,258.46750068012625,7.657500100322068,33.75350927768912
18,171,5,3,5,200,True,6.120000034570694,5.226000212132931,1.171067697311265
18,172,4,3,4,200,True,5.873499903827906,4.57649992313236,1.2834043488430393
18,173,7,3,7,200,True,10.187000152654946,8.669999660924077,1.1749712284958937
18,174,8,4,8,40,True,387.107499409467,10.372500400990248,37.320557671177376
18,175,4,3,4,200,True,4.886499955318868,3.911500098183751,1.2492649450751245
18,176,4,3,4,200,True,7.107999990694225,6.597500178031623,1.0773777641359474
18,177,5,3,5,200,True,10.952000156976283,8.532499778084457,1.2835628997150708
18,178,9,4,9,40,True,345.660001039505,8.21499852463603,42.07669666682255
18,179,5,3,5,200,True,11.601499863900244,7.322999881580472,1.5842550937466864
18,180,7,3,7,200,True,7.398499874398112,4.620000254362822,1.6014068110518955
18,181,2,3,2,200,True,5.023999838158488,4.897500039078295,1.0258294636183403
18,182,3,3,3,200,True,8.349999552592635,5.400500376708806,1.546152943272513
18,183,0,3,0,200,True,5.466999718919396,5.89250004850328,0.9277895076654328
18,184,5,3,5,200,True,8.149500354193151,4.686000174842775,1.7391165279814749
18,185,4,3,4,200,True,4.007999668829143,3.7179997889325023,1.0779988962774805
18,186,2,3,2,200,True,4.542000242508948,4.1705003241077065,1.0890780217073175
18,187,1,3,1,200,True,2.937999670393765,3.0625000363215804,0.9593468197710276
18,188,3,3,3,200,True,6.6494999919086695,5.972999497316778,1.113259760844747
18,189,5,3,5,200,True,9.068000363186002,4.7975004417821765,1.8901510220220885
18,190,6,3,6,200,True,5.849500303156674,4.770000232383609,1.2263102763484834
18,191,8,4,8,10,True,255.10999839752915,11.179991997778416,22.818441949531113
18,192,6,3,6,200,True,5.444499547593296,4.356499994173646,1.2497416630034965
18,193,8,4,8,40,True,228.51499961689115,4.785001510754228,47.75651566740506
18,194,4,3,4,200,True,4.519500071182847,4.003000212833285,1.1290281865820806
18,195,9,4,9,40,True,296.3850012747571,10.235002264380455,28.957981016401646
18,196,5,3,5,200,True,5.748000112362206,4.58099995739758,1.2547479078405377
18,197,5,3,5,200,True,8.387000416405499,6.661499501205981,1.259025901733857
18,198,7,3,7,200,True,8.413500036112964,5.655499990098178,1.4876668819456416
18,199,7,3,7,200,True,7.609000313095748,7.56049994379282,1.0064149685422255
18,200,6,3,6,200,True,7.4230000609532,6.417999975383282,1.1565908522007902
18,201,8,4,8,40,True,253.82250023540107,5.087497993372381,49.891420216000554
18,202,6,3,6,200,True,6.414999952539802,4.450500127859414,1.441411025332397
18,203,5,3,5,200,True,9.030000073835254,4.837500164285302,1.8666666185363028
18,204,8,4,8,40,True,285.63000087160617,5.732499994337559,49.826428461185415
18,205,4,3,4,200,True,4.330000374466181,4.708999767899513,0.9195159456118664
18,206,3,3,3,200,True,5.117000546306372,3.7135003367438912,1.3779453567501523
18,207,1,3,1,200,True,3.920500166714191,3.310500178486109,1.1842621825524369
18,208,7,3,7,200,True,8.335000020451844,5.322500364854932,1.5659933206371925
18,209,1,3,1,200,True,3.9865000871941447,5.261500482447445,0.7576736143032301
18,210,3,3,3,200,True,4.5425002463161945,5.024999845772982,0.9039801762655446
18,211,5,3,5,200,True,5.530500202439725,5.332999862730503,1.03703362925048
18,212,3,3,3,200,True,7.409999961964786,6.294000195339322,1.177311682870912
18,213,1,3,1,200,True,3.3395003993064165,4.696499672718346,0.7110615632968851
18,214,4,3,4,200,True,6.719999946653843,3.669500001706183,1.8313121524810707
18,215,7,3,7,200,True,7.1069999830797315,6.893000099807978,1.0310459713003217
18,216,8,4,8,40,True,237.27499938104302,4.477499169297516,52.992751178615976
18,217,9,4,9,40,True,281.23749943915755,6.427502376027405,43.75533185146479
18,218,1,3,1,200,True,4.516500048339367,5.230499664321542,0.8634930385613955
18,219,6,3,6,200,True,6.403499864973128,7.7340001007542005,0.8279673883568575
18,220,4,3,4,200,True,6.6685001365840435,6.473499815911055,1.0301228587654707
18,221,6,3,6,200,True,8.072499767877162,7.382999756373465,1.0933902254173147
18,222,1,3,1,200,True,6.423000013455749,5.932000349275768,1.0827713478202892
18,223,3,3,3,200,True,6.742500117979944,4.851000267080963,1.3899195520014207
18,224,6,3,6,200,True,9.254499454982579,5.924000288359821,1.562204423447939
18,225,5,3,5,200,True,5.841499660164118,6.0904998099431396,0.9591166312208872
18,226,8,4,8,40,True,271.39500016346574,8.482497651129961,31.99470383906478
18,227,7,3,7,200,True,9.815500234253705,6.847499753348529,1.4334429482021929
18,228,5,3,5,200,True,7.185499998740852,5.1169999642297626,1.4042407756441035
18,229,6,3,6,200,True,5.030499887652695,4.598500090651214,1.093943631289633
18,230,2,3,2,200,True,5.352500011213124,4.347499925643206,1.231167361186609
18,231,4,3,4,200,True,6.32150040473789,5.851999740116298,1.0802290986793963
18,232,2,3,2,200,True,7.940000505186618,6.223000236786902,1.2759119722107304
18,233,6,3,6,200,True,10.33900014590472,6.633000448346138,1.558721460433887
18,234,6,3,6,200,True,7.452499703504145,7.345500052906573,1.0145666938706552
18,235,8,4,8,40,True,218.19749963469803,5.657499423250556,38.56783418094122
18,236,5,3,5,200,True,5.528999608941376,4.841500194743276,1.1420013191251261
18,237,6,3,6,200,True,9.09249996766448,7.331999950110912,1.2401118425439892
18,238,4,3,4,200,True,6.019999855197966,3.7394999526441097,1.609840869483464
18,239,5,3,5,200,True,5.019499803893268,3.927500220015645,1.2780393437822068
18,240,8,4,8,40,True,299.06000127084553,5.414997576735914,55.22809512522715
18,241,4,3,4,200,True,4.44350007455796,4.830500110983849,0.9198840642719566
18,242,6,3,6,200,True,5.273499991744757,5.302000208757818,0.9946246292171048
18,243,2,3,2,200,True,5.693999701179564,4.576999926939607,1.2440462731199637
18,244,9,4,9,40,True,297.2174988826737,6.565000512637198,45.27303513694315
18,245,3,3,3,200,True,5.776999751105905,4.08849969971925,1.4129876911823183
18,246,4,3,4,200,True,5.404999828897417,4.179999814368784,1.293062217447399
18,247,5,3,5,200,True,8.25700000859797,7.0580001920461655,1.1698781218372574
18,248,3,3,3,200,True,5.34699996933341,3.7910003447905183,1.4104456562978427
18,249,6,3,6,200,True,7.07099970895797,6.399999838322401,1.104843732435383
18,250,2,3,2,200,True,5.825000116601586,4.703500308096409,1.2384394036447015
18,251,5,3,5,200,True,6.66900014039129,4.041999927721918,1.649925843553876
18,252,4,3,4,200,True,5.197999998927116,3.8604997098445897,1.346457813653448
18,253,8,4,8,40,True,333.20499933324754,9.595000301487744,34.726939954507635
18,254,8,4,8,40,True,242.53999872598797,7.52749911043793,32.22052838102264
18,255,5,3,5,200,True,9.469999931752682,8.310499833896756,1.1395223056411807
18,256,2,3,2,200,True,7.1645004209131,4.376499564386904,1.637038988696155
18,257,4,3,4,200,True,7.684999727644027,4.87400044221431,1.5767334900266545
18,258,6,3,6,200,True,5.347499973140657,3.943000338040292,1.3562007392062296
18,259,6,3,6,200,True,11.251000105403364,4.91349957883358,2.28981399609161
18,260,5,3,5,200,True,9.778999956324697,8.157499833032489,1.1987741534147758
18,261,6,3,6,200,True,8.388500427827239,6.086499779485166,1.3782142005658284
18,262,3,3,3,200,True,4.231500206515193,5.339500494301319,0.7924898988269296
18,263,7,3,7,200,True,7.348000071942806,4.893500008620322,1.5015837455806011
18,264,7,3,7,200,True,6.5830000676214695,8.377000340260565,0.785842163093037
18,265,7,3,7,200,True,10.10499952826649,5.735000013373792,1.761987707881784
18,266,6,3,6,200,True,7.601499673910439,5.480000399984419,1.387134875744179
18,267,5,3,5,200,True,4.837499582208693,4.795499844476581,1.0087581564162675
18,268,6,3,6,200,True,6.360500119626522,4.115999909117818,1.5453110447200589
18,269,4,3,4,200,True,6.346000009216368,3.8539996603503828,1.6466010815993242
18,270,7,3,7,200,True,7.511499570682645,7.657000096514822,0.9809977113754507
18,271,6,3,6,200,True,7.441500201821327,6.04050001129508,1.2319344736208142
18,272,5,3,5,200,True,5.984999588690698,5.54199970792979,1.0799350241984027
18,273,7,3,7,200,True,5.967000033706427,4.342499887570739,1.3740933075865795
18,274,0,3,0,200,True,3.604500088840723,3.6985002225264907,0.9745842563119936
18,275,4,3,4,200,True,6.074000266380608,3.215000033378601,1.8892691145628142
18,276,4,3,4,200,True,6.53300026897341,3.982000052928925,1.6406328935551167
18,277,5,3,5,200,True,9.046500199474394,7.871500565670431,1.1492726353763385
18,278,5,3,5,200,True,7.496000034734607,5.543999723158777,1.3520924258747344
18,279,3,3,3,200,True,5.634999834001064,3.788000321947038,1.487592226788583
18,280,6,3,6,200,True,6.86699990183115,4.457999602891505,1.5403769657981
18,281,2,3,2,200,True,6.820000126026571,4.51750005595386,1.5096845692426988
18,282,5,3,5,200,True,8.74800025485456,6.798000540584326,1.286849008414851
18,283,1,3,1,200,True,3.2489997101947665,4.392999690026045,0.739585690745975
18,284,5,3,5,200,True,7.021999917924404,8.60300031490624,0.8162268581761564
18,285,9,4,9,40,True,317.8899991326034,8.540000999346375,37.22364893832374
18,286,9,4,9,40,True,397.93500036466867,6.905000191181898,57.62997673379585
18,287,10,4,10,40,True,369.04749867971987,10.117501369677484,36.47615010814513
18,288,7,3,7,200,True,10.4085000930354,5.207500071264803,1.9987517908007195
18,289,5,3,5,200,True,6.068999646231532,6.265499978326261,0.9686377251975953
18,290,7,3,7,200,True,8.10300000011921,4.480499774217606,1.808503606393814
18,291,5,3,5,200,True,7.348500075750053,5.9354997938498855,1.238059191470996
18,292,8,4,8,40,True,274.8425002209842,5.887501174584031,46.682368643502244
18,293,4,3,4,200,True,6.160499760881066,3.729500458575785,1.6518297367990207
18,294,6,3,6,200,True,7.7844999032095075,7.521000225096941,1.0350351908291786
18,295,4,3,4,200,True,5.341499927453697,4.176999791525304,1.2787886507179247
18,296,7,3,7,200,True,10.676999809220433,6.591499550268054,1.6198134776154594
18,297,4,3,4,200,True,4.968499997630715,5.0570000894367695,0.9824994877910095
18,298,6,3,6,200,True,5.515000084415078,4.477500333450735,1.2317140533108033
18,299,7,3,7,200,True,5.589999491348863,4.6185002429410815,1.2103495068323578
20,0,3,3,3,200,True,6.232000305317342,6.747500156052411,0.9236013577157649
20,1,8,4,8,40,True,283.3099977578968,8.440000237897038,33.567534333208506
20,2,5,3,5,200,True,4.753500106744468,5.175499827601016,0.9184620355688128
20,3,9,4,9,40,True,300.7349994732067,5.775000317953527,52.07532171699991
20,4,5,3,5,200,True,8.678999729454517,6.981999613344669,1.2430535964032965
20,5,9,4,9,40,True,283.13249931670725,6.474999827332795,43.72702808755691
20,6,9,4,9,40,True,292.80750022735447,6.097502773627639,48.02088840267177
20,7,5,3,5,200,True,4.620000254362822,4.588000010699034,1.0069747697448048
20,8,8,4,8,40,True,281.9224988343194,10.51250146701932,26.817832056317876
20,9,7,3,7,200,True,8.040000102482736,5.558999837376177,1.446303352704824
20,10,4,3,4,200,True,5.419999943114817,5.27900003362447,1.026709586776331
20,11,2,3,2,200,True,6.904000183567405,4.50249994173646,1.5333704104179886
20,12,9,4,9,40,True,281.8350010784343,7.097501656971872,39.70904336479977
20,13,6,3,6,200,True,10.179000091738999,6.602499634027481,1.5416888536092013
20,14,6,3,6,200,True,6.544000352732837,5.402000388130546,1.2114031622640258
20,15,7,3,7,200,True,8.819500217214227,7.615000358782709,1.158174629242442
20,16,2,3,2,200,True,5.535000236704946,7.4629997834563255,0.7416589035651199
20,17,4,3,4,200,True,4.4094998156651855,4.072499577887356,1.0827502204316128
20,18,6,3,6,200,True,7.384500349871814,7.017999887466431,1.0522229222402701
20,19,5,3,5,200,True,6.917999708093703,7.102499948814511,0.9740231971769878
20,20,9,4,9,40,True,299.32500037830323,10.335000115446746,28.962263864025555
20,21,8,4,8,40,True,257.9124993644655,7.804998313076794,33.04452980244069
20,22,7,3,7,200,True,7.587500149384141,7.783500477671622,0.9748184857379089
20,23,7,3,7,200,True,5.972999497316778,4.784000338986516,1.248536595752447
20,24,7,3,7,200,True,7.4454996502026916,6.8599998485296965,1.085349827201306
20,25,4,3,4,200,True,7.365999626927078,7.071000291034579,1.0417196045468322
20,26,8,4,8,40,True,283.43250160105526,5.944998702034354,47.67578864299261
20,27,8,4,8,40,True,277.58500073105097,10.567501885816455,26.267797605375538
20,28,6,3,6,200,True,10.151499882340431,6.410499918274581,1.5835738260289627
20,29,4,3,4,200,True,5.60699962079525,6.082000327296555,0.9219005786024936
20,30,4,3,4,200,True,4.828000091947615,5.257499869912863,0.9183072204294004
20,31,5,3,5,200,True,4.7354999696835876,3.6825001006945968,1.2859470034475688
20,32,8,4,8,40,True,247.61249951552597,5.1175011321902275,48.38543131099433
20,33,10,4,10,40,True,356.42500151880085,8.820000221021473,40.410996891961766
20,34,7,3,7,200,True,8.211999665945768,6.72800000756979,1.2205706980835769
20,35,3,3,3,200,True,7.496000034734607,6.971000111661851,1.0753119946439935
20,36,1,3,1,200,True,6.294500199146569,6.229000282473862,1.0105153176597212
20,37,9,4,9,40,True,308.9425008511171,7.9824996646493664,38.70247589477192
20,38,4,3,4,200,True,5.376500193960965,5.766000249423087,0.9324488313192333
20,39,6,3,6,200,True,6.1079999431967735,5.083499709144235,1.2015344334946376
20,40,6,3,6,200,True,9.720500092953444,8.534499793313444,1.1389654143022183
20,41,4,3,4,200,True,6.985999643802643,6.075499695725739,1.1498642076663197
20,42,5,3,5,200,True,5.665500066243112,4.495999892242253,1.2601201516972467
20,43,7,3,7,200,True,7.628999883309007,7.496000034734607,1.0177427758748814
20,44,5,3,5,40,True,11.97500096168369,9.83250210992992,1.2178996584796098
20,45,4,3,4,200,True,5.025999853387475,4.462500219233334,1.126274421618057
20,46,7,3,7,200,True,7.613500347360969,4.306500195525587,1.7679089751978472
20,47,7,3,7,200,True,6.181499920785427,4.7774997074157,1.2938776136794774
20,48,4,3,4,200,True,5.654999986290932,4.643999855034053,1.217700293457366
20,49,6,3,6,200,True,8.353500161319971,4.917000187560916,1.6989017373749045
20,50,8,4,8,40,True,312.7499978290871,5.860000965185463,53.370298006288614
20,51,4,3,4,200,True,7.654500077478588,6.03599997702986,1.2681411707435335
20,52,1,3,1,200,True,3.586999955587089,3.9905001176521187,0.8988848138908373
20,53,4,3,4,200,True,4.770000232383609,3.5799999022856355,1.33240233591577
20,54,2,3,2,200,True,6.8789999932050705,4.5315001625567675,1.5180403280232466
20,55,2,3,2,200,True,4.350999952293932,6.267499993555248,0.6942161877571573
20,56,3,3,3,200,True,5.221999599598348,6.885500042699277,0.7584052817101141
20,57,9,4,9,40,True,281.91749879624695,5.702499765902758,49.437529218664835
20,58,10,4,10,40,True,353.0475019942969,8.440000237897038,41.830271569075734
20,59,4,3,4,200,True,6.630499847233295,5.234000273048878,1.2668130495474617
20,60,4,3,4,200,True,5.031000473536551,5.499999970197678,0.9147273637813729
20,61,7,3,7,200,True,10.870500118471682,9.750999743118882,1.1148087790836845
20,62,2,3,2,200,True,5.911999614909291,7.855999865569173,0.7525457887060392
20,63,8,4,8,40,True,303.09249996207654,10.227502207271755,29.63504615492312
20,64,3,3,3,200,True,4.082500236108899,6.198500050231814,0.6586271199523859
20,65,8,4,8,10,True,285.17000610008836,8.100003469735384,35.20615851160919
20,66,6,3,6,200,True,5.622999742627144,4.666500026360154,1.2049715441688436
20,67,9,4,9,40,True,250.18999876920134,5.137501284480095,48.698771039727355
20,68,6,3,6,200,True,6.893000099807978,5.350499995984137,1.288290833563513
20,69,7,3,7,200,True,7.855999865569173,6.103499908931553,1.2871303322333305
20,70,6,3,6,200,True,6.7460001446306705,8.233499829657376,0.8193356754962603
20,71,6,3,6,200,True,10.657000239007175,7.730000070296229,1.378654610878778
20,72,7,3,7,200,True,9.489000076428056,5.471000331453979,1.7344177484095031
20,73,4,3,4,200,True,5.428999429568648,4.808999947272241,1.1289248261788989
20,74,4,3,4,200,True,4.9145001685246825,4.496999899856746,1.0928397327029595
20,75,4,3,4,200,True,4.803999909199774,4.578000516630709,1.0493663973492504
20,76,6,3,6,200,True,8.315499871969223,7.725500036031007,1.076370439866224
20,77,7,3,7,200,True,11.92249997984618,10.240499977953732,1.1642497930290066
20,78,7,3,7,200,True,11.284500360488892,9.812999633140862,1.149954222190982
20,79,8,4,8,40,True,356.08500184025615,11.855000047944486,30.036693412076115
20,80,5,3,5,200,True,6.865999894216657,5.081499693915248,1.3511758944782044
20,81,3,3,3,200,True,5.727999960072339,5.447500152513385,1.0514914730988187
20,82,2,3,2,200,True,3.841999568976462,4.132000030949712,0.9298159584218118
20,83,8,4,8,10,True,261.29999896511436,5.659996531903744,46.166105843394554
20,84,2,3,2,200,True,5.7045003632083535,7.253999938257039,0.7863937705765969
20,85,4,3,4,200,True,4.6799995470792055,4.115000483579934,1.137302307922875
20,86,5,3,5,200,True,6.4755004132166505,5.691499682143331,1.1377494113780005
20,87,3,3,3,200,True,3.7449999945238233,5.654499982483685,0.662304360443002
20,88,6,3,6,200,True,8.495500078424811,5.1345000974833965,1.6545914728074038
20,89,9,4,9,40,True,398.60499964561313,10.679999832063913,37.32256609676206
20,90,3,3,3,200,True,7.162499823607504,5.776500329375267,1.2399375772877579
20,91,8,4,8,40,True,218.4899989515543,5.767500260844827,37.8829629943614
20,92,8,4,8,40,True,308.48750029690564,6.42749946564436,47.994947638004916
20,93,4,3,4,200,True,6.904000183567405,6.9075002102181315,0.999493300536488
20,94,1,3,1,200,True,4.986000130884349,3.3650000113993883,1.481723659433464
20,95,2,3,2,200,True,5.561999860219657,6.451000226661563,0.8621918562694006
20,96,5,3,5,200,True,9.022000012919307,5.089500336907804,1.7726691061387663
20,97,7,3,7,200,True,6.630999851040542,5.6285003665834665,1.1781112941573102
20,98,7,3,7,200,True,9.723000111989677,8.148500346578658,1.1932257100623564
20,99,2,3,2,200,True,3.530500107444823,3.396999672986567,1.0392995134853473
20,100,6,3,6,200,True,8.201499585993588,7.519500213675201,1.0906974337307793
20,101,5,3,5,200,True,5.97550009842962,6.423500017262995,0.93025610373949
20,102,3,3,3,200,True,5.295999580994248,3.9190001552924514,1.3513649837043806
20,103,4,3,4,200,True,8.093999931588769,6.009999779053032,1.34675544578208
20,104,6,3,6,200,True,9.057999704964459,8.148000342771411,1.1116837658211887
20,105,9,4,9,40,True,383.69999965652823,10.525001562200487,36.45605156340777
20,106,4,3,4,200,True,10.747999767772853,7.104499964043498,1.5128439470996453
20,107,9,4,9,10,True,314.5500086247921,7.780001033097506,40.43058699949274
20,108,5,3,5,200,True,5.551499780267477,7.293499656952918,0.7611572004360367
20,109,6,3,6,200,True,11.38599996920675,8.572000078856945,1.3282780989807277
20,110,5,3,5,200,True,5.134499515406787,4.240000271238387,1.2109667893740823
20,111,7,3,7,200,True,6.921500316821039,5.07650023791939,1.3634393760331673
20,112,8,4,8,10,True,188.13000060617924,7.010006811469793,26.837349187501555
20,113,1,3,1,200,True,3.5879999632015824,4.238500259816647,0.8465258330211347
20,114,1,3,1,200,True,3.399999695830047,3.5565003054216504,0.9559958959224526
20,115,6,3,6,200,True,5.867000436410308,6.9469999289140105,0.8445372817684001
20,116,7,3,7,200,True,6.056500133126974,4.291499499231577,1.4112783035886252
20,117,6,3,6,200,True,6.349000032059848,4.412500420585275,1.4388667256416297
20,118,9,4,9,40,True,362.9449987784028,7.879998884163797,46.059016519380826
20,119,6,3,6,200,True,8.24799994006753,6.256499909795821,1.318308968110686
20,120,10,4,10,40,True,397.7175016188994,7.337500574067235,54.20340313492356
20,121,5,3,5,200,True,9.9870003759861,9.56550007686019,1.044064638099325
20,122,7,3,7,200,True,8.793500019237399,5.372999585233629,1.6366091006975279
20,123,9,4,9,40,True,427.6424995623529,14.022499090060592,30.49688196203727
20,124,5,3,5,200,True,5.525000160560012,4.930999712087214,1.1204624788390765
20,125,7,3,7,200,True,4.6309997560456395,4.226999590173364,1.0955761071781194
20,126,5,3,5,200,True,7.4899999890476465,5.696999724023044,1.3147271110904042
20,127,3,3,3,200,True,4.0580000495538116,4.6770001063123345,0.8676501939944182
20,128,9,4,9,40,True,290.9250004449859,6.69499859213829,43.45407940587311
20,129,4,3,4,200,True,9.641500073485076,8.283000206574798,1.16401060401181
20,130,4,3,4,200,True,7.639999967068435,6.060000159777701,1.2607260339327604
20,131,8,4,8,40,True,240.39999989327043,4.742501187138259,50.690551337180295
20,132,5,3,5,200,True,6.432000081986189,3.6715000169351697,1.7518725459125508
20,133,5,3,5,200,True,5.504000000655651,5.658000009134412,0.9727819002774586
20,134,3,3,3,200,True,6.4565002685412765,7.475499878637493,0.8636880975668022
20,135,9,4,9,10,True,432.1299958974123,13.369997031986713,32.320874482138905
20,136,4,3,4,200,True,4.821000038646162,3.8710003718733788,1.2454145118857296
20,137,3,3,3,200,True,6.1729998560622334,4.029999836347997,1.5317618130863826
20,138,8,4,8,40,True,307.15000175405294,6.242500967346132,49.203036308800336
20,139,3,3,3,200,True,3.578999894671142,3.8044998655095696,0.9407280907320457
20,140,6,3,6,200,True,5.767500260844827,6.145500228740275,0.9384915867177615
20,141,1,3,1,200,True,3.1999999191612005,5.202500033192337,0.6150888801047503
20,142,9,4,9,40,True,332.8924998641014,7.920002099126577,42.03187015579365
20,143,6,3,6,200,True,8.176499977707863,8.331999997608364,0.9813370115284282
20,144,7,3,7,200,True,11.507499730214477,9.141500340774655,1.258819592106401
20,145,4,3,4,200,True,7.666000165045261,5.145999602973461,1.4897008854442377
20,146,8,4,8,40,True,269.54999775625765,7.539999205619097,35.749340338839644
20,147,6,3,6,200,True,6.110999966040254,5.085499724373221,1.2016518134397152
20,148,3,3,3,200,True,6.779499817639589,7.16300040949136,0.9464609004707564
20,149,2,3,2,200,True,6.786499870941043,4.856999730691314,1.3972617350701595
20,150,10,4,10,40,True,357.1849985746667,8.037500083446503,44.43981273608954
20,151,6,3,6,200,True,6.281000096350908,4.201499978080392,1.4949423132499007
20,152,6,3,6,200,True,5.565499886870384,6.236000335775316,0.8924790871067891
20,153,10,4,10,40,True,277.92250039055943,11.160000576637685,24.903448569022625
20,154,5,3,5,200,True,7.055000169202685,6.613499717786908,1.0667574612921458
20,155,8,4,8,40,True,234.32000016327947,5.8075005654245615,40.347822186763636
20,156,8,4,8,40,True,309.3999985139817,9.92499990388751,31.17380367860691
20,157,5,3,5,200,True,5.172000383026898,7.278500124812126,0.710586012823679
20,158,4,3,4,200,True,5.684500210918486,4.195000510662794,1.3550654395558956
20,159,8,4,8,40,True,261.97000115644187,9.457502164877951,27.699703007133554
20,160,6,3,6,200,True,8.588999626226723,4.8465002328157425,1.7722065848816944
20,161,2,3,2,200,True,3.712000325322151,3.968000528402626,0.9354838283795462
20,162,7,3,7,200,True,6.2219996470957994,6.18099991697818,1.0066331872946641
20,163,9,4,9,40,True,347.1100004389882,10.497498442418873,33.065973035667895
20,164,2,3,2,200,True,6.386999739333987,4.73500054795295,1.3488910243305536
20,165,3,3,3,200,True,3.7394999526441097,3.956499858759343,0.9451535665710149
20,166,6,3,6,200,True,6.99399970471859,8.392500458285213,0.8333630411439537
20,167,5,3,5,200,True,5.358999478630722,5.337499896995723,1.0040280247400284
20,168,5,3,5,200,True,7.557000499218702,6.318999803625047,1.1959171916548321
20,169,3,3,3,200,True,4.377500154078007,6.398999830707908,0.6840913064368269
20,170,11,4,11,40,True,361.67000071145594,7.257499964907765,49.833965202926784
20,171,4,3,4,200,True,6.353000062517822,5.947499885223806,1.0681799386497604
20,172,7,3,7,200,True,5.675500142388046,5.415499908849597,1.048010384620924
20,173,7,3,7,200,True,9.710000013001263,7.42450007237494,1.3078321662532142
20,174,11,4,11,10,True,356.39998968690634,12.119999155402184,29.40594179233503
20,175,6,3,6,200,True,5.670500104315579,5.104999872855842,1.1107737993230125
20,176,5,3,5,200,True,6.320499815046787,7.188500021584332,0.879251554019438
20,177,9,4,9,40,True,295.57500092778355,8.037500083446503,36.774494290398835
20,178,7,3,7,200,True,9.2149997362867,8.836499764584005,1.042833699064837
20,179,5,3,5,200,True,8.359500207006931,5.368500133045018,1.557138865574623
20,180,4,3,4,200,True,6.498500006273389,7.35050009097904,0.8840895076307428
20,181,7,3,7,200,True,9.071999811567366,7.666500168852508,1.183330021751663
20,182,5,3,5,200,True,9.041500161401927,9.233500459231436,0.9792061202923804
20,183,4,3,4,200,True,5.53899968508631,4.705500323325396,1.177132994259764
20,184,1,3,1,200,True,2.8534996090456843,3.542999620549381,0.8053908875675291
20,185,6,3,6,200,True,6.818000110797584,7.945499964989722,0.8580957952098366
20,186,5,3,5,200,True,10.041500208899379,5.293499561958015,1.8969492849424405
20,187,3,3,3,200,True,4.92099963594228,4.168999730609357,1.1803789767151192
20,188,7,3,7,200,True,10.072499862872064,4.904500092379749,2.053726103201012
20,189,5,3,5,200,True,7.931500440463425,7.170499884523451,1.106129358928307
20,190,9,4,9,40,True,268.0575009435415,5.07249787915498,52.84526624350148
20,191,3,3,3,200,True,4.393500275909901,4.120499943383038,1.0662541769877376
20,192,8,4,8,40,True,247.48500145506114,5.249999230727553,47.140007184489484
20,193,5,3,5,200,True,6.975500145927072,7.438500178977847,0.937756265119241
20,194,7,3,7,200,True,8.533999789506197,8.435000199824572,1.011736761984153
20,195,7,3,7,200,True,5.818500067107379,4.773999680764973,1.2187893707975779
20,196,6,3,6,200,True,5.462000262923539,5.852999747730792,0.9331967364326569
20,197,7,3,7,200,True,8.003499824553728,6.130499532446265,1.3055216434149333
20,198,7,3,7,200,True,8.587499614804983,7.783999899402261,1.103224527978787
20,199,8,4,8,40,True,247.11999867577106,5.535001400858164,44.646781595657195
20,200,5,3,5,200,True,6.235000328160822,7.259499980136752,0.8588746256933483
20,201,4,3,4,200,True,5.519000114873052,4.968499997630715,1.1107980512236788
20,202,11,4,11,40,True,385.34500054083765,10.350000229664147,37.231400192282116
20,203,4,3,4,200,True,4.660499980673194,4.167499719187617,1.1182964114468323
20,204,4,3,4,200,True,6.838500266894698,7.654999499209226,0.8933377810934052
20,205,8,4,8,40,True,306.78499897476286,11.00249937735498,27.883209846498943
20,206,7,3,7,200,True,7.324499893002212,7.566999993287027,0.9679529403330321
20,207,7,3,7,200,True,11.108999606221914,9.858999983407557,1.12678766861934
20,208,7,3,7,200,True,11.08399999793619,7.073500310070813,1.5669752614777546
20,209,7,3,7,200,True,6.757999653927982,4.844499635510147,1.394984035996596
20,210,4,3,4,200,True,6.712499889545143,4.2955001117661595,1.5626818100081943
20,211,4,3,4,200,True,8.193000103347003,7.185499998740852,1.140212943397495
20,212,5,3,5,200,True,7.786000496707857,6.531000253744423,1.1921604952080507
20,213,6,3,6,200,True,9.401999996043742,5.629000370390713,1.670278802165213
20,214,4,3,4,200,True,5.759999621659517,4.113999893888831,1.4000971731223784
20,215,6,3,6,200,True,5.913000204600394,5.035499925725162,1.174262792536704
20,216,8,4,8,10,True,332.7100072056055,12.05001026391983,27.610765461487333
20,217,4,3,4,200,True,4.768500220961869,3.9090000791475177,1.2198772382736285
20,218,4,3,4,200,True,6.463000318035483,4.698499687947333,1.375545545871691
20,219,5,3,5,200,True,4.644500440917909,4.0469999657943845,1.1476403459781699
20,220,6,3,6,200,True,10.151499882340431,6.856500403955579,1.480565781996299
20,221,2,3,2,200,True,3.7379999412223697,3.372000064700842,1.1085408865654927
20,222,9,4,9,40,True,322.86250207107514,9.34750132728368,34.53997927004272
20,223,6,3,6,200,True,9.760000393725932,7.861499907448889,1.2414934183842177
20,224,6,3,6,200,True,11.448499863035977,8.831999730318785,1.2962522885655423
20,225,7,3,7,200,True,12.953999685123563,6.385500309988856,2.0286585320275665
20,226,2,3,2,200,True,7.113000028766692,6.130999536253512,1.1601697221972478
20,227,9,4,9,40,True,371.52750010136515,11.672498658299446,31.829303303213454
20,228,7,3,7,200,True,10.999999940395355,8.36749968584627,1.3146101408288062
20,229,3,3,3,200,True,6.509000086225569,5.1870004972442985,1.254867835405763
20,230,5,3,5,200,True,9.710000013001263,6.441500154323876,1.5074128355773455
20,231,7,3,7,200,True,11.911999899893999,7.201500120572746,1.6540997987161903
20,232,8,4,8,10,True,370.30999083071947,8.569995407015085,43.210057093799286
20,233,5,3,5,200,True,6.79149990901351,6.337999948300421,1.0715525346185428
20,234,5,3,5,200,True,4.961499944329262,4.517000052146614,1.0984059966905266
20,235,9,4,9,10,True,228.26999193057418,8.319993503391743,27.43631853047929
20,236,3,3,3,200,True,7.9600000753998765,5.721999914385378,1.3911220193114753
20,237,6,3,6,200,True,6.837500259280205,4.613000201061368,1.4822241407461936
20,238,4,3,4,200,True,4.782500327564776,3.787000314332545,1.2628729682077375
20,239,4,3,4,200,True,4.7924998216331005,4.585999995470047,1.0450283092819515
20,240,4,3,4,200,True,3.887999919243157,5.043499986641109,0.7708932149383236
20,241,8,4,8,10,True,237.01000027358532,6.249989382922649,37.92166446253283
20,242,3,3,3,200,True,4.436500021256506,6.504500051960349,0.682066259638113
20,243,11,4,11,40,True,415.06499983370304,6.932500400580466,59.872336941942216
20,244,6,3,6,200,True,5.686000222340226,5.901000113226473,0.963565516563142
20,245,3,3,3,200,True,4.193999920971692,3.5639997804537416,1.1767677270837944
20,246,3,3,3,200,True,7.036500028334558,5.128500051796436,1.3720385994477622
20,247,6,3,6,200,True,6.764999707229435,5.026999861001968,1.345733020545788
20,248,4,3,4,200,True,5.205500056035817,4.662499995902181,1.116461139005013
20,249,6,3,6,200,True,8.373999735340476,4.3890002416446805,1.907951532078865
20,250,2,3,2,200,True,4.481499781832099,5.357500049285591,0.8364908521894826
20,251,4,3,4,200,True,4.85449971165508,7.000500336289406,0.6934503933226284
20,252,8,4,8,40,True,321.38749957084656,7.390000973828137,43.489507066243696
20,253,7,3,7,200,True,9.134499705396593,7.105999975465238,1.2854629520032537
20,254,8,4,8,40,True,305.24250178132206,5.407500430010259,56.44798474491161
20,255,7,3,7,200,True,7.046500104479492,5.692000268027186,1.2379655257679332
20,256,7,3,7,200,True,7.43200012948364,5.671499529853463,1.3104118391200261
20,257,3,3,3,200,True,4.278499982319772,5.8975000865757465,0.7254768833422754
20,258,1,3,1,200,True,3.0954997055232525,3.449500072747469,0.8973763270738936
20,259,6,3,6,200,True,9.501000167801976,7.052500150166452,1.3471818455158395
20,260,3,3,3,200,True,8.153000380843878,5.514000076800585,1.4785999759315442
20,261,8,4,8,40,True,300.5800012033433,5.440000677481294,55.253669810664626
20,262,9,4,9,40,True,350.67749849986285,6.467499770224094,54.221493770182555
20,263,6,3,6,200,True,8.673000265844166,6.0480000684037805,1.434027805514425
20,264,3,3,3,200,True,4.016500315628946,4.4450000859797,0.9035996035855395
20,265,4,3,4,200,True,5.591000081039965,6.1569997342303395,0.908072165401656
20,266,6,3,6,200,True,6.765999714843929,7.903499645181,0.8560764241913215
20,267,5,3,5,200,True,4.886499955318868,5.207499489188194,0.9383582207668412
20,268,4,3,4,200,True,4.535500193014741,3.5564997233450413,1.2752707847110156
20,269,7,3,7,200,True,7.749000214971602,4.3759995605796576,1.7707954737420373
20,270,9,4,9,40,True,295.8425000542775,5.277499440126121,56.05732476348827
20,271,1,3,1,200,True,6.189499981701374,6.853999802842736,0.9030493375757384
20,272,1,3,1,200,True,5.7264999486505985,6.110499962233007,0.9371573494876383
20,273,4,3,4,200,True,6.9740001345053315,4.382000188343227,1.591510687986096
20,274,4,3,4,200,True,4.071500152349472,5.826499545946717,0.6987900917596168
20,275,3,3,3,200,True,3.918999573215842,3.9669999387115236,0.9879000841347952
20,276,2,3,2,200,True,3.4974998561665416,3.7355005042627454,0.9362868114126579
20,277,7,3,7,200,True,6.47250039037317,5.375999608077109,1.2039622139571284
20,278,6,3,6,200,True,8.941500564105809,5.301000201143324,1.6867572580316632
20,279,7,3,7,200,True,7.2524999268352985,6.960000027902424,1.0420258473793464
20,280,6,3,6,200,True,7.592500187456608,5.9544999385252595,1.2750861140049032
20,281,4,3,4,200,True,7.078000344336033,5.716499872505665,1.2381702968942065
20,282,8,4,8,40,True,290.8875001594424,5.137501284480095,56.62042383097519
20,283,10,4,10,40,True,310.3775001363829,5.735000013373792,54.11987784003398
20,284,10,4,10,40,True,284.9649987183511,7.604999700561166,37.470744239125196
20,285,2,3,2,200,True,3.967499942518771,3.8470001891255383,1.0313230432724838
20,286,4,3,4,200,True,9.341500117443502,4.034999874420464,2.315117821109027
20,287,4,3,4,200,True,6.982500199228525,4.297499544918537,1.6247820683273357
20,288,4,3,4,200,True,5.350999999791384,4.388500237837434,1.2193231650428829
20,289,10,4,10,40,True,345.82249936647713,11.022499529644847,31.374235801633986
20,290,6,3,6,200,True,6.526500219479203,5.20050001796335,1.2549755209952196
20,291,9,4,9,10,True,450.3099946305156,11.739996261894703,38.35691124469239
20,292,5,3,5,200,True,5.334500456228852,4.695999668911099,1.135966957481879
20,293,8,4,8,40,True,298.615000792779,5.59499894734472,53.371770683620234
20,294,3,3,3,200,True,6.4580002799630165,5.159000284038484,1.251792968483357
20,295,4,3,4,200,True,6.17949990555644,6.689000292681158,0.9238301143921024
20,296,3,3,3,200,True,4.438500036485493,3.797499812208116,1.1687953274458907
20,297,6,3,6,200,True,6.850500358268619,5.219000158831477,1.3126078079680363
20,298,5,3,5,200,True,8.786999969743192,5.709000397473574,1.5391486001002448
20,299,5,3,5,200,True,6.705999840050936,5.495999939739704,1.2201601007238254
22,0,7,3,7,200,True,8.038500091060996,5.689000245183706,1.4129899357741056
22,1,6,3,6,200,True,5.6884996592998505,5.20500005222857,1.0928913741056094
22,2,5,3,5,200,True,5.743500078096986,4.690000205300748,1.2246268287164566
22,3,5,3,5,200,True,7.045000093057752,5.1169999642297626,1.3767832992584752
22,4,9,4,9,40,True,410.3275015950203,7.557499338872731,54.29408369041609
22,5,5,3,5,200,True,6.4624997321516275,7.6880003325641155,0.8405956624089067
22,6,1,3,1,200,True,5.582000012509525,4.380999598652124,1.274138444163954
22,7,4,3,4,200,True,6.835499661974609,6.550999823957682,1.0434284606414554
22,8,0,3,0,200,True,3.5500002559274435,9.292499744333327,0.38202855567386745
22,9,7,3,7,200,True,9.333999478258193,7.552500464953482,1.2358820130593244
22,10,5,3,5,200,True,6.641500513069332,7.314000395126641,0.908053070040111
22,11,7,3,7,200,True,8.039000094868243,8.95500008482486,0.8977107781931939
22,12,4,3,4,200,True,9.689999860711396,6.932499818503857,1.3977641708474868
22,13,5,3,5,200,True,11.309999972581863,11.126499739475548,1.016492179697383
22,14,7,3,7,200,True,16.126499976962805,11.478000087663531,1.4049921461749635
22,15,8,4,8,10,True,373.88999480754137,9.85999358817935,37.91990242831184
22,16,8,4,8,40,True,320.6124994903803,8.277499000541866,38.73301579008251
22,17,6,3,6,200,True,8.093999931588769,8.857499924488366,0.9138018628948846
22,18,10,4,10,40,True,384.44999954663217,12.052501551806927,31.897942339529916
22,19,10,4,10,40,True,348.062498960644,9.652497828938067,36.05931906217653
22,20,9,4,9,40,True,378.9124981267378,6.630001007579267,57.15119766853332
22,21,8,4,8,40,True,316.81499967817217,11.232501128688455,28.205205238663044
22,22,4,3,4,200,True,7.82050017733127,6.684000254608691,1.1700328963840105
22,23,6,3,6,200,True,8.364500245079398,8.641000022180378,0.9680014146058049
22,24,3,3,3,200,True,6.019000429660082,8.199000149033964,0.7341139553911659
22,25,3,3,3,200,True,4.013999714516103,4.328999784775078,0.9272349073874252
22,26,8,4,8,40,True,310.49500103108585,5.684999632649124,54.61653845110275
22,27,4,3,4,200,True,4.287500050850213,3.8260000292211767,1.120622064324181
22,28,6,3,6,200,True,6.081999745219946,4.885499947704375,1.2449083635908724
22,29,5,3,5,200,True,6.724499980919063,8.87650006916374,0.7575620941275543
22,30,5,3,5,200,True,5.662500043399632,5.503499996848404,1.0288907143894392
22,31,1,3,1,200,True,3.0354998307302594,3.7084997165948153,0.8185250270202227
22,32,6,3,6,200,True,6.373500218614936,6.771999760530889,0.9411548204359782
22,33,7,3,7,200,True,7.736500119790435,5.394000327214599,1.43427876352864
22,34,2,3,2,200,True,5.504500004462898,7.380000315606594,0.7458671773797152
22,35,9,4,9,40,True,305.435000336729,6.687501445412636,45.67251354334218
22,36,4,3,4,200,True,7.464000373147428,7.55899993237108,0.9874322582254803
22,37,6,3,6,200,True,9.191999561153352,6.798499962314963,1.35206289800778
22,38,4,3,4,200,True,7.241999846883118,7.0989999221637845,1.0201436718252206
22,39,6,3,6,200,True,9.232499869540334,8.95800010766834,1.030642973718767
22,40,7,3,7,200,True,5.243499763309956,8.25700000859797,0.6350369090286941
22,41,6,3,6,200,True,5.725999944843352,4.8275000881403685,1.1861211476536917
22,42,7,3,7,200,True,11.732999701052904,8.99749982636422,1.3040288888556797
22,43,5,3,5,200,True,7.256499957293272,5.173499812372029,1.4026288239036768
22,44,6,3,6,200,True,6.11449999269098,6.374500226229429,0.9592124520650867
22,45,2,3,2,200,True,5.454000202007592,7.296500261873007,0.7474816701517604
22,46,2,3,2,200,True,4.975000047124922,4.169500316493213,1.1931885524616486
22,47,4,3,4,200,True,4.449999541975558,4.2764999670907855,1.0405704609423394
22,48,8,4,8,10,True,396.16000140085816,11.369993444532156,34.84258837381934
22,49,4,3,4,200,True,5.289000109769404,5.278000026009977,1.0020841386330464
22,50,4,3,4,200,True,5.527500179596245,5.514499498531222,1.0023575450625184
22,51,4,3,4,200,True,6.274500046856701,7.044500089250505,0.8906948637038449
22,52,6,3,6,200,True,8.634499972686172,7.093999884091318,1.217155358579792
22,53,6,3,6,200,True,6.10099988989532,7.820000173524021,0.7801789967411155
22,54,6,3,6,200,True,9.329000022262335,8.544499869458377,1.0918134665327914
22,55,7,3,7,200,True,8.298499742522836,6.9235003320500255,1.198598879833617
22,56,10,4,10,40,True,387.0099986670539,13.959998614154756,27.72278202625641
22,57,3,3,3,200,True,4.157000221312046,4.974500043317676,0.8356619127777896
22,58,8,4,8,40,True,342.249998357147,11.029999586753547,31.029012799617085
22,59,7,3,7,200,True,8.316499879583716,5.599000141955912,1.4853544684280886
22,60,7,3,7,200,True,6.918500293977559,7.469999836757779,0.9261714116690545
22,61,4,3,4,200,True,4.061500076204538,3.7150003481656313,1.0932704429516404
22,62,9,4,9,40,True,307.37000051885843,9.235000470653176,33.28316024407508
22,63,6,3,6,200,True,8.746000239625573,5.896500078961253,1.4832527978472099
22,64,7,3,7,200,True,8.137000259011984,5.023499834351242,1.6197871060670264
22,65,4,3,4,200,True,7.568500004708767,7.241000421345234,1.0452284994208978
22,66,8,4,8,40,True,338.12250185292214,5.527501343749464,61.1709488293971
22,67,1,3,1,200,True,2.7785002021119,3.6025000736117363,0.7712699917661003
22,68,6,3,6,200,True,7.553999894298613,6.551499827764928,1.1530184069127407
22,69,4,3,4,200,True,4.376000142656267,6.279500084929168,0.6968707832584777
22,70,7,3,7,200,True,8.200000156648457,5.39849977940321,1.5189405375052079
22,71,4,3,4,200,True,4.263499868102372,3.67600005120039,1.159820404983437
22,72,1,3,1,200,True,4.528500139713287,4.392000264488161,1.0310792046914947
22,73,8,4,8,40,True,250.15249848365784,4.990000161342323,50.1307595982855
22,74,6,3,6,200,True,7.06949969753623,5.2185001550242305,1.354699528125894
22,75,3,3,3,200,True,3.9490003837272525,3.759500104933977,1.0504057117978465
22,76,6,3,6,200,True,5.622499738819897,5.492499913088977,1.023668607699223
22,77,1,3,1,200,True,2.7680001221597195,4.161500255577266,0.6651447680316804
22,78,7,3,7,200,True,7.439000182785094,4.7749996883794665,1.5579058991121595
22,79,7,3,7,200,True,5.4969999473541975,4.5779999345541,1.200742688059826
22,80,5,3,5,200,True,5.9815001441165805,5.0950003787875175,1.1739940528797423
22,81,6,3,6,200,True,5.867499858140945,6.37299963273108,0.9206810287585866
22,82,7,3,7,200,True,6.122000049799681,5.41199988219887,1.1311899820870543
22,83,3,3,3,200,True,5.970500060357153,5.837999633513391,1.0226962033507394
22,84,8,4,8,40,True,233.08999952860177,5.457500810734928,42.710025634831375
22,85,4,3,4,200,True,5.030499887652695,5.064000142738223,0.9933846259594666
22,86,10,4,10,40,True,347.0099996775389,7.2700000600889325,47.73177397653198
22,87,3,3,3,200,True,4.550999728962779,4.001500201411545,1.1373233787061652
22,88,8,4,8,40,True,222.07750007510185,4.725001053884625,47.00051863322283
22,89,6,3,6,200,True,5.335999885573983,4.622500273399055,1.1543536116765378
22,90,3,3,3,200,True,3.7525000516325235,3.9995001861825585,0.938242249518235
22,91,2,3,2,200,True,3.536499571055174,6.849999772384763,0.5162773267982131
22,92,4,3,4,200,True,6.513500120490789,7.706499891355634,0.8451956416423194
22,93,3,3,3,200,True,3.343499847687781,3.6545004695653915,0.9148992798146784
22,94,10,4,10,40,True,442.2074998728931,6.847499753348529,64.57941085089445
22,95,9,4,9,40,True,350.78500222880393,7.1874994318932295,48.80487373289505
22,96,4,3,4,200,True,4.299000138416886,6.229999708011746,0.6900482086521441
22,97,7,3,7,200,True,5.197999998927116,4.292500088922679,1.2109493048913826
22,98,2,3,2,200,True,3.268999862484634,3.87549982406199,0.8435040668014607
22,99,6,3,6,200,True,5.210000090301037,4.347499925643206,1.1983899205082162
22,100,5,3,5,200,True,5.032499902881682,4.152500187046826,1.2119204518231927
22,101,3,3,3,200,True,6.868999917060137,7.120499503798783,0.9646795022449659
22,102,7,3,7,200,True,4.635500372387469,4.1229999624192715,1.1243027927818547
22,103,1,3,1,200,True,2.702000201679766,3.576500457711518,0.7554871678693101
22,104,3,3,3,200,True,4.326499765738845,4.8830005107447505,0.8860330356752248
22,105,7,3,7,200,True,7.254999945871532,5.985500174574554,1.212095854025635
22,106,3,3,3,200,True,4.30000014603138,3.839999553747475,1.119791834828467
22,107,0,3,0,200,True,2.967999898828566,6.737500079907477,0.44051946027870387
22,108,4,3,4,200,True,4.58099995739758,4.777500289492309,0.958869634706896
22,109,6,3,6,200,True,6.101999897509813,4.475999739952385,1.363270833785778
22,110,4,3,4,200,True,3.6624999484047294,4.132000030949712,0.8863746178537489
22,111,5,3,5,200,True,4.9985002260655165,4.715500399470329,1.060014802803744
22,112,11,4,11,40,True,337.5550004420802,9.80749900918454,34.41805093489852
22,113,7,3,7,200,True,7.175499922595918,7.48799997381866,0.9582665528424974
22,114,4,3,4,200,True,4.079000209458172,5.74599951505661,0.7098852338517794
22,115,4,3,4,200,True,4.239499685354531,6.303500267677009,0.6725627834258644
22,116,3,3,3,200,True,3.7055002758279443,4.773999680764973,0.7761836036055588
22,117,6,3,6,200,True,5.2594998851418495,4.758000141009688,1.1054013722718676
22,118,4,3,4,200,True,4.389999667182565,4.3035001726821065,1.0200998004019013
22,119,9,4,9,40,True,290.6974987126887,6.160000339150429,47.19114979022565
22,120,8,4,8,40,True,261.4400000311434,5.880001117475331,44.462576589338596
22,121,9,4,9,10,True,231.17999080568552,6.969994865357876,33.16788538176571
22,122,4,3,4,200,True,4.948999849148095,3.8144999416545033,1.29741772836455
22,123,4,3,4,200,True,4.07499959692359,3.74249997548759,1.088844254806623
22,124,5,3,5,200,True,4.892500001005828,4.054500022903085,1.2066839248659622
22,125,9,4,9,10,True,241.41999892890453,9.50999092310667,25.38593368604802
22,126,2,3,2,200,True,3.981000045314431,5.20800007507205,0.764400919341261
22,127,1,3,1,200,True,3.0494999373331666,3.4705002326518297,0.8786917541864061
22,128,8,4,8,10,True,239.63999701663852,7.109995931386948,33.70466021770169
22,129,12,4,12,10,True,305.3099964745343,13.0099942907691,23.46734284819471
22,130,6,3,6,200,True,5.4209999507293105,4.422499914653599,1.2257772878111906
22,131,7,3,7,200,True,5.572499940171838,4.570500459522009,1.2192318958337047
22,132,7,3,7,200,True,4.673500079661608,4.040999920107424,1.1565207057805063
22,133,8,4,8,40,True,201.9900013692677,4.712498048320413,42.86261751158904
22,134,1,3,1,200,True,2.818999928422272,3.5275000846013427,0.7991494998761591
22,135,6,3,6,200,True,6.167999817989767,4.740000003948808,1.3012657833019659
22,136,6,3,6,200,True,9.630999993532896,8.114000083878636,1.1869607954119106
22,137,7,3,7,200,True,6.014000391587615,6.808999460190535,0.8832428944588765
22,138,5,3,5,200,True,5.452999612316489,5.61749970074743,0.9707164936014053
22,139,5,3,5,200,True,6.348999449983239,4.578999942168593,1.3865471784601906
22,140,9,4,9,40,True,300.75499962549657,6.692498573102057,44.93912047053196
22,141,9,4,9,40,True,306.49250256828964,8.05750023573637,38.038162407857435
22,142,2,3,2,200,True,6.851500365883112,7.799500017426909,0.8784537919833807
22,143,6,3,6,200,True,7.2035001358017325,4.860000335611403,1.4822015716785975
22,144,6,3,6,200,True,5.889000021852553,5.07050019223243,1.1614238829679948
22,145,6,3,6,200,True,5.13550010509789,6.521500181406736,0.7874722015249755
22,146,4,3,4,200,True,5.06450014654547,4.3795001693069935,1.1564105379054865
22,147,1,3,1,200,True,2.835500054061413,5.0014996668323874,0.5669299695979441
22,148,4,3,4,200,True,4.459000192582607,4.0279998211190104,1.1070010900208684
22,149,2,3,2,200,True,3.358999965712428,3.5054999170824885,0.9582085423376682
22,150,7,3,7,200,True,6.5055000595748425,5.526000168174505,1.1772529608380218
22,151,9,4,9,40,True,349.8349979054183,6.467499770224094,54.091226955435474
22,152,8,4,8,40,True,254.90249972790477,6.53750030323863,38.99082032954215
22,153,7,3,7,200,True,8.709499961696565,9.181500063277781,0.9485922672408377
22,154,7,3,7,200,True,6.620999774895608,5.3640000987797976,1.2343399800461885
22,155,2,3,2,200,True,3.41450038831681,4.362500039860606,0.7826934916030196
22,156,6,3,6,200,True,6.456499686464667,5.258999881334603,1.2277048549440486
22,157,3,3,3,200,True,3.330499748699367,3.9335002657026057,0.8467012898763514
22,158,0,3,0,200,True,3.327499725855887,4.213000065647066,0.7898171549980318
22,159,2,3,2,200,True,3.4844997571781278,4.275499959476292,0.8149923494806782
22,160,4,3,4,200,True,4.696499672718346,4.908500122837722,0.9568095253511344
22,161,1,3,1,200,True,3.096499713137746,4.407000378705561,0.7026320506119993
22,162,2,3,2,200,True,5.60999964363873,5.581500008702278,1.005106088845654
22,163,5,3,5,200,True,5.204500048421323,6.11449999269098,0.8511734491197264
22,164,4,3,4,200,True,8.144999737851322,6.671000155620277,1.2209563105749905
22,165,10,4,10,40,True,274.39999976195395,6.927500362507999,39.61024690045797
22,166,6,3,6,200,True,4.985500127077103,5.273999995552003,0.9452977116575244
22,167,7,3,7,200,True,5.666000070050359,4.803499905392528,1.1795566111471278
22,168,3,3,3,200,True,6.441500154323876,6.569999968633056,0.9804414284744791
22,169,3,3,3,200,True,4.868500400334597,4.9189996207132936,0.9897338434087185
22,170,5,3,5,200,True,5.06750016938895,4.398999735713005,1.1519664637050933
22,171,4,3,4,200,True,5.848999717272818,3.961999900639057,1.4762745744464543
22,172,9,4,9,10,True,219.0499915741384,9.570003021508455,22.889229092386536
22,173,6,3,6,200,True,7.197000086307526,4.082000232301652,1.7631062412383716
22,174,4,3,4,200,True,4.538500215858221,3.498499863781035,1.2972703708935396
22,175,7,3,7,200,True,11.60049985628575,9.160999907180667,1.2662918866741752
22,176,4,3,4,200,True,5.298000178299844,4.799499874934554,1.1038650518502384
22,177,4,3,4,200,True,6.5654999343678355,4.38450020737946,1.497434057208523
22,178,2,3,2,200,True,4.024000372737646,3.2774999272078276,1.2277652058304631
22,179,6,3,6,200,True,5.386499688029289,4.314500256441534,1.2484643337283998
22,180,8,4,8,10,True,175.6999990902841,7.16999638825655,24.504893667457925
22,181,9,4,9,40,True,298.4349994221702,6.407499313354492,46.57589253270349
22,182,6,3,6,200,True,8.586500189267099,9.009999921545386,0.9529966996708199
22,183,8,4,8,40,True,197.4949991563335,8.292499114759266,23.81610132521152
22,184,6,3,6,200,True,5.619499715976417,5.328499828465283,1.0546119727651277
22,185,8,4,8,40,True,263.9674989040941,9.240000508725643,28.56790956394653
22,186,7,3,7,200,True,9.182000067085028,8.123000152409077,1.1303705398013415
22,187,9,4,9,40,True,353.102499502711,6.575000588782132,53.70379739663493
22,188,11,4,11,10,True,297.6299962028861,8.9599983766675,33.21763952300892
22,189,2,3,2,200,True,3.6619999445974827,5.695500294677913,0.6429637003125768
22,190,5,3,5,200,True,7.177999941632152,4.674000083468854,1.5357295279089789
22,191,7,3,7,200,True,5.754000158049166,4.880999913439155,1.178856844927681
22,192,5,3,5,200,True,5.467500304803252,5.331499851308763,1.025508854410097
22,193,4,3,4,200,True,4.454500158317387,3.9364997064694762,1.1315890995740705
22,194,6,3,6,200,True,4.4570001773536205,4.359500017017126,1.0223649868002997
22,195,3,3,3,200,True,3.610499552451074,4.0930003160610795,0.8821156300143308
22,196,11,4,11,40,True,406.99999954085797,9.477499406784773,42.94381693651111
22,197,4,3,4,200,True,3.664499963633716,3.7369999336078763,0.9805994189825512
22,198,4,3,4,200,True,4.509499995037913,4.582999972626567,0.9839624747921327
22,199,7,3,7,200,True,7.683000294491649,6.881500012241304,1.1164717402927529
22,200,3,3,3,200,True,3.61100013833493,3.918500151485205,0.9215260938464618
22,201,5,3,5,200,True,6.186999962665141,4.956499906256795,1.2482598768649293
22,202,6,3,6,200,True,5.768999690189958,6.640999927185476,0.8686944365974295
22,203,4,3,4,200,True,8.793500019237399,7.224999717436731,1.2170934758675862
22,204,9,4,9,40,True,270.7350009586662,5.987499025650322,45.216708979632905
22,205,5,3,5,200,True,6.500000017695129,4.617999657057226,1.4075358381116012
22,206,8,4,8,40,True,278.76000094693154,8.482500561513007,32.86295107503178
22,207,6,3,6,200,True,9.490500087849796,7.615999784320593,1.2461266224545229
22,208,6,3,6,200,True,5.852999747730792,6.900499574840069,0.848199421542091
22,209,2,3,2,200,True,7.200000109151006,4.326000344008207,1.6643549552933983
22,210,8,4,8,40,True,451.2274987064302,12.62500009033829,35.74079172100342
22,211,4,3,4,200,True,9.186500101350248,7.914000307209789,1.1607909710315767
22,212,5,3,5,200,True,11.657500290311873,8.630999946035445,1.350654659158771
22,213,2,3,2,200,True,3.5374995786696672,4.502999945543706,0.7855873021207728
22,214,6,3,6,200,True,5.890500033274293,4.85449971165508,1.2134103168513737
22,215,8,4,8,40,True,255.61999937053773,5.532498471438885,46.20335652872877
22,216,6,3,6,200,True,10.434499708935618,7.785499910824001,1.3402478746970088
22,217,4,3,4,200,True,3.8800004404038186,3.901500022038817,0.9944894062505315
22,218,8,4,8,40,True,208.4425010252744,8.450000314041972,24.667750683853885
22,219,7,3,7,200,True,5.651999963447452,6.881500012241304,0.8213325515357509
22,220,6,3,6,200,True,5.853999755345285,5.41049987077713,1.0819702236688997
22,221,8,4,8,40,True,285.7800020137802,5.887501174584031,48.54011804659578
22,222,6,3,6,200,True,7.56649998947978,8.590499637648463,0.8807985924729066
22,223,2,3,2,200,True,3.651999868452549,3.883499884977937,0.9403888184931146
22,224,5,3,5,200,True,6.259499932639301,4.572999896481633,1.368795117938932
22,225,6,3,6,200,True,5.738500040024519,4.94200037792325,1.1611694862791526
22,226,6,3,6,200,True,5.461500259116292,4.663500003516674,1.1711161691857743
22,227,5,3,5,200,True,4.783500335179269,4.658499965444207,1.026832751027646
22,228,3,3,3,200,True,4.1715003317222,3.9604998892173167,1.0532762147221222
22,229,4,3,4,200,True,4.684999585151672,4.206000012345612,1.113884824393743
22,230,7,3,7,200,True,7.608499727211893,6.749500171281397,1.127268617546744
22,231,5,3,5,200,True,4.594000056385994,3.881500451825559,1.1835629322741235
22,232,7,3,7,200,True,5.0080002984032035,4.370500100776553,1.145864359438724
22,233,8,4,8,10,True,198.84000066667795,7.619999814778566,26.094488910752833
22,234,9,4,9,40,True,259.4449993921444,8.852497558109462,29.307548258454577
22,235,8,4,8,40,True,254.06249915249646,5.8699981309473515,43.28152982077588
22,236,6,3,6,200,True,7.717999978922308,5.764500238001347,1.3388844930637516
22,237,4,3,4,200,True,9.072500397451222,6.323499837890267,1.4347277030180352
22,238,6,3,6,200,True,9.489499498158693,9.184000082314014,1.0332643089183973
22,239,2,3,2,200,True,4.650000482797623,7.866499945521355,0.5911142839891601
22,240,4,3,4,200,True,8.848500438034534,6.23099971562624,1.4200771692934069
22,241,7,3,7,200,True,6.9565000012516975,10.012999991886318,0.6947468298101122
22,242,3,3,3,200,True,6.961000035516918,7.485499954782426,0.9299312106828068
22,243,7,3,7,200,True,11.45849993918091,8.717000018805265,1.314500391701432
22,244,4,3,4,200,True,8.32349993288517,7.086499826982617,1.1745572759618987
22,245,5,3,5,200,True,5.301000201143324,6.037999992258847,0.8779397495759508
22,246,5,3,5,200,True,5.029500462114811,4.693500231951475,1.0715884123912427
22,247,8,4,8,40,True,253.5474981414154,10.14749868772924,24.986206546448255
22,248,4,3,4,200,True,7.733999518677592,8.027000003494322,0.9634981332142543
22,249,4,3,4,200,True,5.498999962583184,7.586000137962401,0.7248879333740976
22,250,4,3,4,200,True,4.461500211618841,5.3310004295781255,0.8368973648670117
22,251,7,3,7,200,True,5.553500377573073,5.19449997227639,1.0691116386972197
22,252,4,3,4,200,True,8.05900024715811,4.950499860569835,1.6279164678595641
22,253,9,4,9,10,True,377.88000190630555,14.230003580451012,26.55515859640626
22,254,7,3,7,200,True,10.090499999932945,7.914000307209789,1.2750189042500197
22,255,7,3,7,200,True,10.654499637894332,9.495500125922263,1.1220577638462725
22,256,6,3,6,200,True,10.445000370964408,7.675500237382948,1.3608234053713941
22,257,5,3,5,200,True,9.832500363700092,5.243500345386565,1.8751787386361303
22,258,4,3,4,200,True,8.906000293791294,8.540499839000404,1.0427961432797908
22,259,3,3,3,200,True,5.433500045910478,4.247499746270478,1.2792231596202845
22,260,4,3,4,200,True,9.747000294737518,7.527000270783901,1.294938214971316
22,261,7,3,7,200,True,8.153999806381762,8.818500209599733,0.9246470048847305
22,262,5,3,5,200,True,8.028000011108816,8.792500011622906,0.9130508957061713
22,263,5,3,5,200,True,11.643500183708966,10.161999962292612,1.1457882529928802
22,264,8,4,8,40,True,325.5649993661791,7.159999222494662,45.469976916107385
22,265,8,4,8,40,True,282.7299991622567,5.867501022294164,48.18576052871495
22,266,5,3,5,200,True,4.935000324621797,5.418499931693077,0.9107687343053624
22,267,5,3,5,200,True,7.249999907799065,4.719499847851694,1.5361797100383952
22,268,8,4,8,10,True,271.0200031287968,13.569998554885387,19.971999409773396
22,269,6,3,6,200,True,10.120999650098383,8.645500056445599,1.170666772774206
22,270,7,3,7,200,True,7.548999856226146,7.087999838404357,1.0650395073831673
22,271,8,4,8,40,True,266.0275000380352,5.497498204931617,48.39064791315276
22,272,1,3,1,200,True,3.569499822333455,5.292499554343522,0.674444992518514
22,273,6,3,6,200,True,6.3374999444931746,5.369500140659511,1.1802774519929091
22,274,7,3,7,200,True,8.174499962478876,9.931499953381717,0.8230881539394687
22,275,7,3,7,200,True,5.75500016566366,5.507000023499131,1.0450336192312106
22,276,7,3,7,200,True,8.824499673210084,10.546999983489513,0.8366833874110301
22,277,6,3,6,200,True,5.739500047639012,5.07050019223243,1.1319396174033152
22,278,11,4,11,10,True,380.8200010098517,13.189995661377907,28.8718822042485
22,279,7,3,7,200,True,6.772000342607498,8.329999982379377,0.8129652289234637
22,280,4,3,4,200,True,8.854999905452132,4.8385001718997955,1.8301125536542644
22,281,6,3,6,200,True,8.438500226475298,6.72800000756979,1.2542360607879006
22,282,8,4,8,40,True,338.40250107459724,10.904998634941876,31.031870099486806
22,283,7,3,7,200,True,10.456499876454473,7.759000291116535,1.3476607145415846
22,284,6,3,6,200,True,10.437499731779099,4.86350036226213,2.1460879930775554
22,285,4,3,4,200,True,8.269500103779137,7.027999963611364,1.1766505615531937
22,286,5,3,5,200,True,8.46099981572479,6.8300002021715045,1.2387993506991013
22,287,3,3,3,200,True,5.456500221043825,5.26399991940707,1.0365692067978676
22,288,6,3,6,200,True,5.355000030249357,4.5454996870830655,1.1780883068734218
22,289,6,3,6,200,True,5.388500285334885,4.587500006891787,1.1746049650658872
22,290,9,4,9,40,True,288.9174997108057,9.035001858137548,31.977580552524913
22,291,7,3,7,200,True,6.235999753698707,7.448500255122781,0.8372154850112055
22,292,5,3,5,200,True,6.72499998472631,7.371000247076154,0.9123592130381366
22,293,5,3,5,200,True,7.6054997043684125,5.194999976083636,1.4640037996885582
22,294,10,4,10,10,True,460.55999118834734,11.83999702334404,38.89865768380647
22,295,4,3,4,200,True,5.025499849580228,4.0075002470985055,1.2540235906956638
22,296,5,3,5,200,True,5.799999926239252,4.754500114358962,1.2198968948855
22,297,0,3,0,200,True,5.086000310257077,8.058499661274254,0.6311348916099415
22,298,8,4,8,10,True,298.76999324187636,9.380001574754715,31.851806298837335
22,299,9,4,9,10,True,405.8500053361058,14.850008301436901,27.329951411329205
24,0,7,3,7,200,True,6.079999729990959,6.691000307910144,0.9086832237629916
24,1,7,3,7,200,True,8.12099955510348,6.2504998641088605,1.2992560165844111
24,2,8,4,8,40,True,358.85749966837466,7.000000914558768,51.265350397599846
24,3,8,4,8,10,True,243.6000038869679,6.889994256198406,35.3556178465344
24,4,7,3,7,200,True,9.175000013783574,7.813999545760452,1.1741746285052632
24,5,9,4,9,40,True,272.2725010244176,6.749999010935426,40.33667272888765
24,6,7,3,7,200,True,8.9050002861768,7.329999934881926,1.214870445468871
24,7,8,4,8,40,True,243.8949974020943,6.692501483485103,36.44302477988942
24,8,10,4,10,40,True,368.952497956343,12.47249892912805,29.581281189345138
24,9,7,3,7,200,True,6.698999786749482,9.210999705828726,0.7272825969704843
24,10,10,4,10,10,True,372.8599986061454,9.670003782957792,38.55841289982387
24,11,4,3,4,200,True,4.754500114358962,7.070500287227333,0.6724418246538845
24,12,4,3,4,200,True,7.237499812617898,6.435000104829669,1.1247085772672991
24,13,3,3,3,200,True,6.506000063382089,6.0969998594373465,1.0670822065563386
24,14,8,4,8,10,True,322.239997331053,7.870001718401909,40.94535285520718
24,15,4,3,4,200,True,5.258499877527356,5.0109997391700745,1.0493913692356873
24,16,6,3,6,200,True,6.693999748677015,5.489499890245497,1.2194188692073462
24,17,3,3,3,200,True,6.627999828197062,5.030999891459942,1.3174319163568273
24,18,6,3,6,200,True,6.276000058278441,5.688999663107097,1.1031816540573933
24,19,6,3,6,200,True,10.734000243246555,10.482499492354691,1.0239924410275711
24,20,5,3,5,200,True,6.471999804489315,7.317999843508005,0.8843946355411308
24,21,8,4,8,40,True,353.4400020726025,11.044999700970948,32.00000105400928
24,22,5,3,5,200,True,9.563000057823956,8.506999583914876,1.1241331286656904
24,23,0,3,0,200,True,6.554000428877771,9.977000299841166,0.6569109183029804
24,24,5,3,5,200,True,11.689999955706298,13.494000304490328,0.8663109301854898
24,25,2,3,2,200,True,9.705499978736043,9.43100021686405,1.0291061134089623
24,26,10,4,10,40,True,411.17999935522676,10.609999299049377,38.75400815455918
24,27,7,3,7,200,True,9.37200034968555,6.38199970126152,1.468505294325382
24,28,6,3,6,200,True,11.59599982202053,8.162499871104956,1.4206431859276443
24,29,7,3,7,200,True,6.7715003388002515,7.096499903127551,0.9542028367837972
24,30,7,3,7,200,True,6.757500232197344,7.316499832086265,0.9235974013916536
24,31,1,3,1,200,True,3.1274999491870403,5.163499736227095,0.605693833437138
24,32,5,3,5,200,True,5.6385004427284,5.312499706633389,1.0613648478301005
24,33,6,3,6,200,True,5.709499819204211,5.026999861001968,1.1357668544009485
24,34,3,3,3,200,True,5.559999844990671,5.474999779835343,1.015525126680075
24,35,7,3,7,200,True,6.376000237651169,5.317499744705856,1.1990598107689925
24,36,9,4,9,40,True,296.77749844267964,6.92499743308872,42.85597233937306
24,37,9,4,9,40,True,225.62250087503344,6.6599983256310225,33.87726090061083
24,38,6,3,6,200,True,5.256499862298369,5.179999861866236,1.014768340245587
24,39,10,4,10,40,True,299.1874993313104,12.332500773482025,24.26008356509806
24,40,7,3,7,200,True,12.803500285372138,7.578000077046454,1.6895619101606472
24,41,2,3,2,200,True,5.55400038138032,4.971000016666949,1.1172802982817676
24,42,6,3,6,200,True,6.270500016398728,7.439000182785094,0.8429224173040831
24,43,2,3,2,200,True,7.394499843940139,6.141500198282301,1.204021754490586
24,44,6,3,6,200,True,5.511000053957105,6.313499761745334,0.8728914646277928
24,45,8,4,8,40,True,249.69999794848263,7.544999243691564,33.09476779036908
24,46,8,4,8,40,True,268.727500224486,9.842502186074853,27.302762564247228
24,47,0,3,0,200,True,5.596500122919679,4.848500248044729,1.154274484192632
24,48,6,3,6,200,True,9.065000340342522,9.22099978197366,0.9830821553714701
24,49,6,3,6,200,True,5.9354997938498855,4.756500129587948,1.2478712566258403
24,50,4,3,4,200,True,4.370500100776553,6.1079999431967735,0.7155370238083439
24,51,10,4,10,40,True,304.5150020625442,7.830001413822174,38.890797838808666
24,52,2,3,2,200,True,3.8330000825226307,6.794000510126352,0.5641742412014252
24,53,6,3,6,200,True,6.436999537982047,5.254499847069383,1.2250451470794477
24,54,2,3,2,200,True,3.419500426389277,4.080000217072666,0.8381128050141903
24,55,2,3,2,200,True,4.71699982881546,5.703999777324498,0.8269635366339377
24,56,7,3,7,200,True,5.598000134341419,6.66900014039129,0.8394062103008094
24,57,6,3,6,200,True,6.359000108204782,5.740500055253506,1.1077432361289234
24,58,4,3,4,200,True,7.292000227607787,8.177499985322356,0.8917151012774153
24,59,5,3,5,200,True,4.530000151135027,4.767999635078013,0.95008399703053
24,60,5,3,5,200,True,5.780999781563878,5.193999968469143,1.1130149820289168
24,61,2,3,2,200,True,4.6865001786500216,6.365500157698989,0.7362343983263846
24,62,3,3,3,200,True,4.120999947190285,3.8894999306648974,1.0595192237182565
24,63,5,3,5,200,True,4.485500394366682,3.9360002847388387,1.1396087575903981
24,64,5,3,5,200,True,5.909499595873058,5.797999911010265,1.0192307151731854
24,65,2,3,2,200,True,3.352999920025468,5.298500182107091,0.6328205727629242
24,66,5,3,5,200,True,5.261000478640199,4.99650021083653,1.052937107303631
24,67,8,4,8,40,True,330.7550010504201,10.57499903254211,31.27707151864489
24,68,3,3,3,200,True,4.149000160396099,4.6280003152787685,0.8964995414323309
24,69,9,4,9,40,True,310.73749996721745,6.322498666122556,49.14789490304245
24,70,10,4,10,10,True,323.000003118068,10.459998156875372,30.879546848271634
24,71,4,3,4,200,True,5.865500424988568,4.7339999582618475,1.2390157322988584
24,72,4,3,4,200,True,4.9400003626942635,6.198000046424568,0.7970313529674778
24,73,9,4,9,10,True,268.03999207913876,10.579999070614576,25.334595049597553
24,74,10,4,10,40,True,319.6750010829419,8.102500578388572,39.45386957892929
24,75,9,4,9,40,True,302.6749996934086,6.6250009695068,45.68678572071837
24,76,6,3,6,200,True,5.087999743409455,4.508999991230667,1.1284097922610017
24,77,9,4,9,40,True,259.3199984403327,6.107499939389527,42.4592715536323
24,78,8,4,8,10,True,262.89999950677156,8.340005297213793,31.522761693520806
24,79,6,3,6,200,True,5.5539997993037105,5.089000333100557,1.0913734399226978
24,80,2,3,2,200,True,4.012500285170972,4.810999962501228,0.8340262557567933
24,81,4,3,4,200,True,4.194499924778938,4.578499938361347,0.9161297327176895
24,82,4,3,4,200,True,4.067500121891499,4.4964998960494995,0.9045925088233832
24,83,7,3,7,200,True,6.234500324353576,5.145999602973461,1.2115236699107317
24,84,4,3,4,200,True,5.530500202439725,5.186499911360443,1.0663260960104886
24,85,7,3,7,200,True,6.773999775759876,4.999000229872763,1.3550709070346034
24,86,5,3,5,200,True,5.1169999642297626,4.671000060625374,1.0954827441266777
24,87,4,3,4,200,True,4.755500121973455,4.918499616906047,0.9668599150903003
24,88,6,3,6,200,True,5.821000086143613,6.949499947950244,0.837614235519279
24,89,4,3,4,200,True,4.351999959908426,6.225499673746526,0.6990603466354979
24,90,5,3,5,200,True,5.501499981619418,6.058000144548714,0.9081379746367185
24,91,9,4,9,40,True,296.4724990306422,6.404999294318259,46.287670834505285
24,92,8,4,8,10,True,240.53999222815037,7.780001033097506,30.917732684719518
24,93,5,3,5,200,True,5.988499615341425,6.721499958075583,0.8909469095728416
24,94,2,3,2,200,True,3.9055000524967904,5.0475000170990825,0.7737493886609977
24,95,4,3,4,200,True,4.112999886274338,4.30150015745312,0.9561780159760842
24,96,3,3,3,200,True,5.028500454500318,4.205500008538365,1.195696217879212
24,97,7,3,7,200,True,6.635499885305762,5.557499825954437,1.193972126515756
24,98,5,3,5,200,True,5.043499986641109,5.104499869048595,0.9880497827461291
24,99,5,3,5,200,True,6.280500092543662,4.9715000204741955,1.263300828055636
24,100,7,3,7,200,True,6.922500324435532,4.5900000259280205,1.5081699968042852
24,101,3,3,3,200,True,4.202999989502132,3.8235000101849432,1.0992546039770592
24,102,2,3,2,200,True,4.784500342793763,4.978999495506287,0.960936097123917
24,103,7,3,7,200,True,8.467999869026244,6.94249989464879,1.2197335250308456
24,104,7,3,7,200,True,8.565000025555491,8.00450041424483,1.0700230598168492
24,105,6,3,6,200,True,5.762499640695751,4.857000312767923,1.1864318035037966
24,106,2,3,2,200,True,4.643999855034053,5.138000124134123,0.9038535894968821
24,107,1,3,1,200,True,3.1395000405609608,4.378499579615891,0.7170264570029665
24,108,6,3,6,200,True,7.102999952621758,5.695499712601304,1.247124977797182
24,109,7,3,7,200,True,6.8914995063096285,5.818000063300133,1.184513480806079
24,110,11,4,11,40,True,369.88999927416444,9.309998131357133,39.73040531859323
24,111,7,3,7,200,True,9.834999800659716,7.887000101618469,1.2469886742668488
24,112,9,4,9,40,True,292.91250102687627,7.2049995651468635,40.65406227694972
24,113,8,4,8,40,True,240.58750132098794,6.082499749027193,39.55405034903066
24,114,8,4,8,40,True,228.20500016678125,6.1175000155344605,37.303637039197284
24,115,7,3,7,200,True,6.348000024445355,6.339499959722161,1.0013408099656438
24,116,8,4,8,40,True,317.3200006131083,6.42749946564436,49.36912127479995
24,117,10,4,10,10,True,248.29999310895803,8.260004688054323,30.06051479220723
24,118,2,3,2,200,True,3.7000002339482307,4.02950041461736,0.9182280315758652
24,119,7,3,7,200,True,6.6414999309927225,8.974000229500234,0.7400824338247861
24,120,5,3,5,200,True,4.791999817825854,4.5454996870830655,1.054229490201763
24,121,7,3,7,200,True,5.8295001508668065,4.740500007756054,1.229722632914041
24,122,9,4,9,40,True,288.1149994209409,10.597502114251256,27.187066944151965
24,123,7,3,7,200,True,8.717499440535903,7.025499944575131,1.240836881262419
24,124,5,3,5,200,True,5.8215000899508595,4.795999848283827,1.213824077170059
24,125,6,3,6,200,True,7.615499780513346,8.531500352546573,0.892633120297556
24,126,4,3,4,200,True,5.502499989233911,5.435500061139464,1.01232635955125
24,127,8,4,8,40,True,223.19249983411282,5.522498395293951,40.41513167741405
24,128,1,3,1,200,True,2.9779999749734998,3.8444995880126953,0.774613160125969
24,129,5,3,5,200,True,4.765999619849026,5.472500342875719,0.8708998302857233
24,130,7,3,7,200,True,6.8329996429383755,5.75950019992888,1.1863876040880685
24,131,7,3,7,200,True,6.275500054471195,5.769500276073813,1.0877025312739421
24,132,4,3,4,200,True,4.165000282227993,5.757500184699893,0.7234042811316196
24,133,4,3,4,200,True,4.6930002281442285,4.921499639749527,0.9535711818894032
24,134,8,4,8,40,True,280.50499968230724,8.482500561513007,33.068668566321215
24,135,2,3,2,200,True,3.9055000524967904,4.622499691322446,0.8448891970351804
24,136,3,3,3,200,True,3.7904997589066625,4.057500045746565,0.9341958635047223
24,137,10,4,10,40,True,382.4399987934157,8.39749991428107,45.54212595382412
24,138,4,3,4,200,True,6.387499743141234,4.519500071182847,1.4133199784350248
24,139,2,3,2,200,True,4.797999863512814,5.858999793417752,0.8189110825542425
24,140,2,3,2,200,True,7.171999895945191,7.4629997834563255,0.9610076516207048
24,141,3,3,3,200,True,3.8225000025704503,4.869499825872481,0.7849882204042513
24,142,11,4,11,40,True,378.4825006732717,9.827499161474407,38.51259557029446
24,143,2,3,2,200,True,4.542000242508948,4.260499845258892,1.0660721529102533
24,144,4,3,4,200,True,5.8704998809844255,5.881999968551099,0.9980448677952805
24,145,7,3,7,200,True,7.005500374361873,6.019000429660082,1.1638976365312375
24,146,4,3,4,200,True,5.119499983265996,5.019000382162631,1.020023828143257
24,147,0,3,0,200,True,5.091999773867428,8.300500339828432,0.6134569683027901
24,148,7,3,7,200,True,5.2419997518882155,7.410499965772033,0.7073746408609691
24,149,6,3,6,200,True,8.593500242568552,5.473499768413603,1.5700192940830664
24,150,4,3,4,200,True,8.836000342853367,6.149000255391002,1.436981619102487
24,151,6,3,6,200,True,9.673500317148864,6.0590001521632075,1.5965505981535904
24,152,3,3,3,200,True,8.300000336021185,5.492999916896224,1.511014101873687
24,153,4,3,4,200,True,5.643999902531505,5.071500199846923,1.1128856709306374
24,154,6,3,6,200,True,9.66950028669089,6.374000222422183,1.5170222700457305
24,155,9,4,9,40,True,450.32500056549907,9.862499427981675,45.66033223665864
24,156,2,3,2,200,True,3.684000112116337,4.474999732337892,0.8232402977578928
24,157,1,3,1,200,True,3.7275004433467984,4.338499857112765,0.8591680456634654
24,158,4,3,4,200,True,4.084999673068523,4.44050005171448,0.9199413636964834
24,159,3,3,3,200,True,4.274499951861799,4.257999826222658,1.0038750883777696
24,160,4,3,4,200,True,5.34549995791167,5.626999773085117,0.949973373640442
24,161,7,3,7,200,True,4.995999624952674,5.312500288709998,0.940423407706924
24,162,3,3,3,200,True,5.595499533228576,5.97250007558614,0.9368772645313754
24,163,6,3,6,200,True,7.882999489083886,5.689500248990953,1.3855346065732146
24,164,5,3,5,200,True,8.890499593690038,8.479499956592917,1.0484697964739729
24,165,9,4,9,40,True,502.52250221092254,9.997497545555234,50.26482876550822
24,166,11,4,11,10,True,479.59000803530216,15.939993318170309,30.087215123773493
24,167,6,3,6,200,True,6.331499898806214,6.751500186510384,0.9377915609713916
24,168,5,3,5,200,True,5.122500006109476,6.811500061303377,0.7520369903849473
24,169,3,3,3,200,True,7.844500360079109,9.31150047108531,0.8424528768954448
24,170,2,3,2,200,True,5.809499998576939,8.648500079289079,0.6717349766220375
24,171,4,3,4,200,True,4.367000074125826,4.292500088922679,1.0173558494257002
24,172,3,3,3,200,True,5.704000359401107,5.54799975361675,1.028118351245899
24,173,7,3,7,200,True,7.446499657817185,5.604000180028379,1.328782908386608
24,174,6,3,6,200,True,5.300000193528831,5.224000196903944,1.0145482377029635
24,175,7,3,7,200,True,7.270999485626817,5.481999833136797,1.3263406980927168
24,176,6,3,6,200,True,5.422499962151051,7.309000357054174,0.7418935144691304
24,177,4,3,4,200,True,4.864999791607261,4.734999965876341,1.0274550848295223
24,178,5,3,5,200,True,4.535500193014741,5.180000443942845,0.8755791128007063
24,179,6,3,6,200,True,4.915000172331929,5.122000002302229,0.9595861323941316
24,180,7,3,7,200,True,6.008499767631292,6.560499896295369,0.9158600506989134
24,181,6,3,6,200,True,7.352999527938664,7.068500271998346,1.0402488851938443
24,182,2,3,2,200,True,5.127500044181943,4.23500023316592,1.2107437454256822
24,183,11,4,11,40,True,323.90500127803534,8.527500904165208,37.98357864961654
24,184,2,3,2,200,True,3.8839998887851834,4.2370002483949065,0.9166862546813752
24,185,5,3,5,200,True,4.971000016666949,6.064000190235674,0.8197559137071454
24,186,5,3,5,200,True,9.286500280722976,8.79650004208088,1.0557040000338798
24,187,5,3,5,200,True,5.871500470675528,5.436500068753958,1.080014788268231
24,188,2,3,2,200,True,3.9045000448822975,4.499999922700226,0.8676666915450525
24,189,6,3,6,200,True,7.445000228472054,6.146500236354768,1.211258430356357
24,190,7,3,7,200,True,5.982000147923827,6.565999938175082,0.9110569912046681
24,191,6,3,6,200,True,5.806999979540706,5.089000333100557,1.1410885438088967
24,192,6,3,6,200,True,5.338499904610217,5.137500120326877,1.039124044686261
24,193,4,3,4,200,True,4.132000030949712,5.21400012075901,0.7924817674051396
24,194,6,3,6,200,True,6.251499871723354,4.901500069536269,1.2754258457686423
24,195,8,4,8,40,True,289.4600009312853,9.264997788704932,31.242317325123317
24,196,6,3,6,200,True,5.20350004080683,5.154499667696655,1.009506329667118
24,197,5,3,5,200,True,5.889000021852553,6.3645001500844955,0.9252886924316233
24,198,5,3,5,200,True,5.841499660164118,5.421499954536557,1.0774692814072824
24,199,6,3,6,200,True,5.633499822579324,6.666999543085694,0.8449827821604988
24,200,4,3,4,200,True,4.222000134177506,4.257999826222658,0.9915453984231164
24,201,7,3,7,200,True,6.73400005325675,8.186500053852797,0.8225737505599283
24,202,4,3,4,200,True,4.266500473022461,4.752999520860612,0.8976437835301817
24,203,8,4,8,40,True,286.81749827228487,9.509999654255807,30.159569789672027
24,204,8,4,8,40,True,258.42499744612724,5.659999442286789,45.658131256231485
24,205,7,3,7,200,True,7.111500017344952,6.110999966040254,1.1637211678718093
24,206,6,3,6,200,True,10.361999738961458,6.018999847583473,1.7215484301966923
24,207,7,3,7,200,True,6.003000307828188,5.7715002913028,1.0401108905554834
24,208,8,4,8,40,True,297.0575005747378,7.594999624416232,39.11224690778971
24,209,5,3,5,200,True,5.908500170335174,5.762499640695751,1.0253363190876998
24,210,5,3,5,200,True,6.1064999317750335,8.081000414676964,0.7556613808216391
24,211,5,3,5,200,True,11.800500215031207,9.813500219024718,1.2024761758454376
24,212,6,3,6,200,True,11.099500115960836,9.200000204145908,1.2064673771375498
24,213,9,4,9,40,True,504.95750037953263,13.244998990558088,38.12438949519738
24,214,2,3,2,200,True,4.378000157885253,4.8604997573420405,0.9007304549850155
24,215,7,3,7,200,True,4.686000174842775,5.026500439271331,0.9322589804691399
24,216,7,3,7,200,True,8.379999781027436,5.459999665617943,1.534798588688012
24,217,8,4,8,40,True,255.78000058885664,8.479997632093728,30.162744340967944
24,218,7,3,7,200,True,5.69600029848516,7.516500190831721,0.7577995282209767
24,219,2,3,2,200,True,3.162499633617699,3.7384999450296164,0.8459274254697484
24,220,10,4,10,40,True,253.349999547936,6.20500068180263,40.829971266713
24,221,4,3,4,200,True,7.283000159077346,6.1445002211257815,1.1852876388607194
24,222,5,3,5,200,True,7.254499942064285,6.187499966472387,1.1724444414341089
24,223,4,3,4,200,True,8.031000033952296,5.015999777242541,1.6010766328955457
24,224,2,3,2,200,True,3.359499969519675,5.227000219747424,0.6427204569128582
24,225,6,3,6,200,True,7.575000054202974,5.426499992609024,1.3959274052373059
24,226,2,3,2,200,True,8.088500471785665,8.553999941796064,0.94558107631777
24,227,6,3,6,200,True,5.852500326000154,6.1394996009767056,0.9532536373272352
24,228,8,4,8,10,True,192.42000998929143,6.420002318918705,29.97195334684863
24,229,5,3,5,200,True,5.4165004985406995,4.534500185400248,1.1945088272308892
24,230,7,3,7,200,True,7.674499647691846,5.653999978676438,1.3573575657296681
24,231,5,3,5,200,True,6.0590001521632075,7.613999769091606,0.7957709923710808
24,232,0,3,0,200,True,2.817999920807779,6.614999729208648,0.4260015171829638
24,233,3,3,3,200,True,6.640499923378229,4.380500176921487,1.5159227611411756
24,234,7,3,7,200,True,7.639999967068435,10.53699990734458,0.7250640632295293
24,235,5,3,5,200,True,8.182000019587576,6.610500277020037,1.2377278082916834
24,236,5,3,5,200,True,5.914500216022134,7.586999563500285,0.7795572105309917
24,237,3,3,3,200,True,4.687000182457268,5.5649998830631375,0.8422282625237734
24,238,4,3,4,200,True,8.674499695189297,7.0989999221637845,1.2219326370333723
24,239,6,3,6,200,True,8.547999896109104,7.041500066407025,1.213945866007892
24,240,8,4,8,10,True,314.7499985061586,10.649999603629112,29.553991570000044
24,241,4,3,4,200,True,8.325999951921403,5.549000343307853,1.5004504301324542
24,242,8,4,8,40,True,261.95749815087765,6.46000262349844,40.55067983997405
24,243,10,4,10,40,True,293.8374993391335,7.8850018326193085,37.26536855369684
24,244,10,4,10,40,True,342.7600022405386,7.969999569468199,43.00627613000102
24,245,6,3,6,200,True,13.335999683476985,11.010000016540289,1.2112624580783247
24,246,4,3,4,200,True,9.282000246457756,9.581000194884837,0.9687924076458413
24,247,1,3,1,200,True,7.290500216186047,8.682000334374607,0.8397258621749645
24,248,5,3,5,200,True,9.246999979950488,8.287999662570655,1.1157095024642392
24,249,7,3,7,200,True,13.41800030786544,15.824000001884997,0.8479524966043386
24,250,7,3,7,200,True,10.859000030905008,9.941500029526651,1.0922898957555043
24,251,5,3,5,200,True,8.748500258661807,9.893000242300332,0.8843121443841788
24,252,1,3,1,200,True,5.638499860651791,7.84749980084598,0.7185090798019449
24,253,3,3,3,200,True,7.72950006648898,9.627999970689416,0.8028147164540869
24,254,12,4,12,10,True,591.9400020502508,25.19999397918582,23.489688233226143
24,255,3,3,3,200,True,9.307999862357974,9.327500010840595,0.9979093917491335
24,256,5,3,5,200,True,9.263499523513019,9.175000013783574,1.009645723116784
24,257,1,3,1,200,True,5.978000117465854,8.472500485368073,0.7055768397759082
24,258,6,3,6,200,True,11.29699987359345,10.651499615050852,1.0606018196377238
24,259,7,3,7,200,True,11.777500039897859,10.259499540552497,1.1479604822189615
24,260,9,4,9,40,True,460.2324974257499,12.065001646988094,38.14607829254978
24,261,2,3,2,200,True,8.18150001578033,9.101000032387674,0.8989671450021838
24,262,5,3,5,200,True,9.521499741822481,8.957500103861094,1.0629639555034198
24,263,4,3,4,200,True,10.182500118389726,10.256500099785626,0.9927850650147757
24,264,4,3,4,200,True,9.438999695703387,9.368500323034823,1.007525150262868
24,265,9,4,9,40,True,467.43249986320734,13.04249744862318,35.83918660551867
24,266,5,3,5,200,True,10.1940002059564,10.650500189512968,0.9571381648341679
24,267,5,3,5,200,True,7.170000462792814,7.859499892219901,0.9122718444070951
24,268,5,3,5,200,True,8.863999973982573,8.359999628737569,1.060287125314276
24,269,5,3,5,200,True,7.90650025010109,7.636999944224954,1.035288766249099
24,270,4,3,4,200,True,7.239499827846885,7.0785003481432796,1.022744857213412
24,271,7,3,7,200,True,8.500500116497278,8.171499939635396,1.040261907763847
24,272,5,3,5,200,True,9.342499542981386,9.15149983484298,1.0208708639660575
24,273,6,3,6,200,True,11.316999443806708,10.96149964723736,1.0324316752278457
24,274,6,3,6,200,True,9.16650053113699,9.214500314556062,0.9947908425003527
24,275,1,3,1,200,True,5.493999924510717,5.043499986641109,1.089322878767297
24,276,6,3,6,200,True,8.39749991428107,8.424500119872391,0.9967950376631094
24,277,7,3,7,200,True,7.580000092275441,7.493499433621764,1.0115434263283676
24,278,3,3,3,200,True,4.399500321596861,6.85799983330071,0.6415136232920278
24,279,4,3,4,200,True,7.162499823607504,5.558499833568931,1.2885670663065754
24,280,2,3,2,200,True,3.8670003414154053,4.844500217586756,0.7982248256233367
24,281,6,3,6,200,True,6.569999968633056,7.015500450506806,0.9364976903619802
24,282,5,3,5,200,True,9.270000155083835,9.035999537445605,1.0258964840213327
24,283,6,3,6,200,True,6.957000005058944,8.195500122383237,0.8488804711329637
24,284,4,3,4,200,True,9.555500000715256,8.913000347092748,1.072085675822068
24,285,10,4,10,40,True,440.7824977533892,13.2500019390136,33.26659873577372
24,286,4,3,4,200,True,4.30600019171834,5.115999956615269,0.8416732267854
24,287,5,3,5,200,True,5.512000061571598,4.798999871127307,1.1485726629696291
24,288,5,3,5,200,True,6.629499839618802,6.110999966040254,1.0848469770021159
24,289,7,3,7,200,True,6.30799971986562,8.03500006441027,0.7850652979837403
24,290,8,4,8,40,True,567.8424990037456,7.350000669248402,77.25747582303447
24,291,2,3,2,200,True,11.932500055991113,13.671499909833074,0.87280109239578
24,292,5,3,5,200,True,16.04699995368719,18.48699990659952,0.8680153640266264
24,293,2,3,2,200,True,10.87849959731102,10.300499852746725,1.0561137568882315
24,294,5,3,5,200,True,11.146999895572662,11.495999642647803,0.9696416355320312
24,295,10,4,10,10,True,739.9299996905029,17.43000466376543,42.451508990626664
24,296,10,4,10,10,True,802.3799979127944,16.499997582286596,48.62909790812219
24,297,8,4,8,10,True,661.979999858886,12.260000221431255,53.99510504915841
24,298,4,3,4,200,True,12.023000163026154,12.382999993860722,0.970927898650323
24,299,5,3,5,200,True,17.64999993611127,14.090000186115503,1.2526614409490104
