case_id,corpus,model_id,history,slice_kind,k,residual_clauses,residual_unique_clauses,residual_literals,duplicate_fraction,packed_true_count,solution_density,packed_sha256,all_relation_arms_equal,expression_build_ns,cm_compile_ns,cse_compile_ns,robdd_backend,requested_backend,robdd_fixed_setup_ns,robdd_fixed_build_ns,robdd_fixed_nodes,robdd_best5_setup_ns,robdd_best5_selected_build_ns,robdd_best5_nodes,robdd_best5_search_ns,robdd_best5_trials_json,cm_flat_instructions,cse_flat_instructions,cm_executed_word_ops,cse_executed_word_ops,cm_packed_ns_median,cse_packed_ns_median,cnf_packed_ns_median,robdd_extract_enumerate_ns_median,robdd_extract_naive_ns_median,cm_over_cnf_packed,cm_over_cse_packed,cm_over_robdd_enumerate,extraction_samples_json,point_queries,point_equal,packed_point_session_ns_median,scalar_cnf_point_session_ns_median,robdd_point_session_ns_median,cadical_point_session_ns_median,packed_point_over_robdd,packed_point_over_cadical,point_samples_json,packed_count_ns,robdd_count_ns,cadical_enum_count_ns,cadical_enum_count,count_equal,cm_traced_build_eval_ns,cm_tracemalloc_peak_bytes,cse_traced_build_eval_ns,cse_tracemalloc_peak_bytes,cnf_traced_eval_ns,cnf_tracemalloc_peak_bytes,robdd_traced_build_ns,robdd_tracemalloc_peak_bytes,cm_serialized_bytes,cm_serialize_ns,cm_reload_ns,cm_roundtrip_equal,cnf_serialized_bytes,cnf_serialize_ns,cnf_reload_ns,cnf_roundtrip_equal,robdd_serialized_bytes,robdd_serialize_ns,robdd_reload_ns,robdd_roundtrip_equal,metadata_json
real|automotive2@2_1|incidence|k8,real,automotive2@2_1,automotive2,incidence,8,628,16,644,0.9745222929936306,4,0.015625,86adb8e6dea363b4f0e1c664c209fab752d734189e9e4137aba7b7743e3815b0,True,1005100,5235700,3452300,dd.autoref,autoref,61300,4730700,11,74500,12052000,11,66541000,"[{""sweep"":0,""seed"":1361490082,""nodes"":13,""setup_ns"":31900,""build_ns"":5835300,""order"":[""x4"",""x6"",""x5"",""x2"",""x7"",""x0"",""x3"",""x1""]},{""sweep"":1,""seed"":1361490083,""nodes"":15,""setup_ns"":39600,""build_ns"":16835300,""order"":[""x6"",""x0"",""x7"",""x1"",""x3"",""x2"",""x5"",""x4""]},{""sweep"":2,""seed"":1361490084,""nodes"":14,""setup_ns"":61500,""build_ns"":15576600,""order"":[""x3"",""x4"",""x0"",""x5"",""x7"",""x2"",""x1"",""x6""]},{""sweep"":3,""seed"":1361490085,""nodes"":15,""setup_ns"":28600,""build_ns"":13383300,""order"":[""x4"",""x1"",""x5"",""x0"",""x3"",""x6"",""x7"",""x2""]},{""sweep"":4,""seed"":1361490086,""nodes"":11,""setup_ns"":74500,""build_ns"":12052000,""order"":[""x2"",""x0"",""x1"",""x3"",""x5"",""x4"",""x6"",""x7""]}]",45,75,87,278,232828.0,548486.0,225182.0,161900.0,8537200.0,1.033954756596886,0.4244921474750495,1.4380975911056209,"{""cm"":[176949.0,182217.5,232828.0,261092.5,252028.5,171117.5,240983.0],""cse"":[471538.0,381632.0,664428.0,718799.0,658017.0,548486.0,482515.5],""cnf"":[182697.0,194206.0,266745.0,322734.0,225182.0,192415.0,281380.5],""robdd_enumerate"":[152100.0,152500.0,250000.0,187700.0,161900.0,124300.0,187900.0],""robdd_naive"":[5171300.0,6852100.0,11394100.0,15606000.0,9135600.0,4941200.0,8537200.0]}",256,True,93900.0,11114100.0,11099800.0,4782100.0,0.008459611884898827,0.01963572489073838,"{""packed"":[82900.0,96800.0,93900.0,98400.0,95500.0,89700.0,93200.0],""scalar_cnf"":[12936000.0,12644800.0,10531500.0,10870100.0,16494000.0,9828000.0,11114100.0],""robdd"":[12780900.0,10596300.0,9940700.0,12982500.0,11141400.0,10655200.0,11099800.0],""cadical"":[4622400.0,5791000.0,4574100.0,4782100.0,5867500.0,3904000.0,5440800.0]}",2600,115900,3496700,4,True,62279200,181688,28297300,232380,3132100,536,27409100,68259,4598,7261900,768500,True,2575,10834000,1567100,True,341,204905000,85091300,True,"{""dropped_satisfied_clauses"":237057,""payload_sha256"":""80870caebe19aded263a4bc412ea369d98dfe3f43e639c65141edb5db3c7894c"",""removed_fixed_false_literals"":13369,""residual_clauses"":628,""residual_literals"":644,""slice_feature_names"":[""N_2085033141__F_C53EADCFF030"",""F_1DB4A8F021D3"",""F_079A5285BA97"",""F_347FF2E3B2E8"",""F_81EBCF6E0907"",""F_B5E459A1D1C3"",""F_99EBFB0F4B15"",""F_76250E09E21A""],""slice_variables"":[3,1732,3117,1734,1735,1736,1737,1738],""source_clauses"":237685}"
real|automotive2@2_1|hash|k8,real,automotive2@2_1,automotive2,hash,8,8,7,8,0.125,2,0.0078125,9245a18805f18d96e06e115bed80fceb097bcfbec4155a16e4fb6a121444db04,True,56900,761600,160600,dd.autoref,autoref,50600,367600,8,46400,334000,8,4346400,"[{""sweep"":0,""seed"":2059008789,""nodes"":8,""setup_ns"":45300,""build_ns"":440700,""order"":[""x1"",""x4"",""x2"",""x0"",""x6"",""x5"",""x3"",""x7""]},{""sweep"":1,""seed"":2059008790,""nodes"":8,""setup_ns"":30000,""build_ns"":531100,""order"":[""x7"",""x3"",""x6"",""x2"",""x4"",""x0"",""x5"",""x1""]},{""sweep"":2,""seed"":2059008791,""nodes"":8,""setup_ns"":46400,""build_ns"":334000,""order"":[""x3"",""x2"",""x0"",""x4"",""x1"",""x5"",""x6"",""x7""]},{""sweep"":3,""seed"":2059008792,""nodes"":8,""setup_ns"":40700,""build_ns"":342800,""order"":[""x5"",""x0"",""x7"",""x1"",""x2"",""x4"",""x6"",""x3""]},{""sweep"":4,""seed"":2059008793,""nodes"":8,""setup_ns"":38500,""build_ns"":430800,""order"":[""x5"",""x3"",""x0"",""x6"",""x4"",""x2"",""x7"",""x1""]}]",6,6,11,12,27425.5,31286.5,5554.5,133300.0,8395100.0,4.937528130344766,0.8765921403800361,0.20574268567141785,"{""cm"":[28223.0,27292.5,26253.5,28897.0,27425.5,17029.0,30923.0],""cse"":[29460.0,31890.0,23399.0,26006.0,35180.0,31286.5,33842.5],""cnf"":[5972.0,5409.5,5103.5,5554.5,5840.5,6112.0,3634.0],""robdd_enumerate"":[144000.0,122800.0,144500.0,133300.0,105000.0,146000.0,87700.0],""robdd_naive"":[8580700.0,7537400.0,9532100.0,9562700.0,8395100.0,7799800.0,7786400.0]}",256,True,78400.0,773500.0,8931600.0,3811000.0,0.00877782256258677,0.020572028339018632,"{""packed"":[64400.0,77500.0,84700.0,78400.0,100400.0,76300.0,84100.0],""scalar_cnf"":[708300.0,821800.0,773500.0,1042800.0,761200.0,805100.0,728500.0],""robdd"":[7669800.0,9553900.0,7988200.0,10414900.0,8063000.0,9070000.0,8931600.0],""cadical"":[3637900.0,4069400.0,3418500.0,4016200.0,4482500.0,3811000.0,3572100.0]}",1700,69000,1896100,2,True,4821500,14717,1806100,15005,279900,480,2549600,14419,1027,5565300,733900,True,47,3483600,743000,True,266,114833500,67269900,True,"{""dropped_satisfied_clauses"":237677,""payload_sha256"":""80870caebe19aded263a4bc412ea369d98dfe3f43e639c65141edb5db3c7894c"",""removed_fixed_false_literals"":13234,""residual_clauses"":8,""residual_literals"":8,""slice_feature_names"":[""F_0F1697D591B1"",""I_2306953098__F_9C84777F3E04"",""I_1304992611__F_CA641630D0C3"",""I_505306787__F_1B1AC0C05412"",""F_AC621D8DF312"",""F_F63B1DDC6FA1"",""I_2358381103__F_A1BE8D85FFA7"",""I_1130897914__F_EAF10DDEDC6B""],""slice_variables"":[13911,10076,5662,8848,3716,2115,11529,7024],""source_clauses"":237685}"
real|automotive2@2_1|incidence|k12,real,automotive2@2_1,automotive2,incidence,12,654,42,700,0.9357798165137614,8,0.001953125,afffcd09e94ea63c3386564721ee485e8271fd197bd0216e3cccf0d594335496,True,1437500,16914900,4784700,dd.autoref,autoref,87600,22291600,19,62000,19892000,21,118365300,"[{""sweep"":0,""seed"":326537371,""nodes"":21,""setup_ns"":62000,""build_ns"":19892000,""order"":[""x8"",""x6"",""x11"",""x10"",""x7"",""x5"",""x2"",""x4"",""x9"",""x1"",""x3"",""x0""]},{""sweep"":1,""seed"":326537372,""nodes"":23,""setup_ns"":79300,""build_ns"":24802000,""order"":[""x10"",""x4"",""x8"",""x5"",""x6"",""x11"",""x0"",""x1"",""x7"",""x3"",""x9"",""x2""]},{""sweep"":2,""seed"":326537373,""nodes"":23,""setup_ns"":63200,""build_ns"":23024600,""order"":[""x9"",""x3"",""x4"",""x1"",""x7"",""x2"",""x0"",""x10"",""x8"",""x6"",""x5"",""x11""]},{""sweep"":3,""seed"":326537374,""nodes"":23,""setup_ns"":64100,""build_ns"":23667900,""order"":[""x10"",""x11"",""x4"",""x1"",""x3"",""x5"",""x7"",""x8"",""x6"",""x0"",""x2"",""x9""]},{""sweep"":4,""seed"":326537375,""nodes"":23,""setup_ns"":68200,""build_ns"":23715100,""order"":[""x4"",""x7"",""x8"",""x3"",""x6"",""x5"",""x9"",""x10"",""x1"",""x2"",""x11"",""x0""]}]",71,92,139,374,365498.0,858262.0,644696.0,293000.0,153506300.0,0.5669307704716642,0.4258583043406326,1.247433447098976,"{""cm"":[297656.0,458110.0,365498.0,400350.0,158702.0,265064.0,418368.0],""cse"":[814580.0,858262.0,917418.0,932900.0,769372.0,480496.0,944142.0],""cnf"":[638016.0,644696.0,717986.0,672844.0,472026.0,280170.0,696408.0],""robdd_enumerate"":[333600.0,268300.0,301200.0,317900.0,204400.0,180800.0,293000.0],""robdd_naive"":[153506300.0,181741100.0,175381500.0,171368500.0,82436100.0,96066500.0,120961300.0]}",256,True,114600.0,4038700.0,14425500.0,5639900.0,0.007944265363418945,0.020319509211156227,"{""packed"":[114600.0,104500.0,94800.0,123600.0,121300.0,111800.0,182300.0],""scalar_cnf"":[3546900.0,3668600.0,4038700.0,4843700.0,4769300.0,5262000.0,3980900.0],""robdd"":[14748300.0,12206600.0,14863000.0,14512400.0,12935500.0,14425500.0,14050400.0],""cadical"":[3801500.0,5853200.0,4444000.0,5716100.0,5639900.0,5701900.0,4763000.0]}",900,109400,3295600,8,True,99485500,255030,35370100,325066,3534800,3640,66505700,263314,8097,6753300,833000,True,2815,4863100,1550500,True,570,114141600,91956400,True,"{""dropped_satisfied_clauses"":237031,""payload_sha256"":""80870caebe19aded263a4bc412ea369d98dfe3f43e639c65141edb5db3c7894c"",""removed_fixed_false_literals"":13365,""residual_clauses"":654,""residual_literals"":700,""slice_feature_names"":[""N_2085033141__F_C53EADCFF030"",""F_1DB4A8F021D3"",""F_079A5285BA97"",""F_347FF2E3B2E8"",""F_81EBCF6E0907"",""F_B5E459A1D1C3"",""F_99EBFB0F4B15"",""F_76250E09E21A"",""F_C683C32D8AF9"",""F_9E623D1264D7"",""F_AB6890415E65"",""F_D06F3DEBB846""],""slice_variables"":[3,1732,3117,1734,1735,1736,1737,1738,1739,1740,1741,1742],""source_clauses"":237685}"
real|automotive2@2_1|hash|k12,real,automotive2@2_1,automotive2,hash,12,9,8,9,0.11111111111111116,16,0.00390625,9c3fbb134336c61edd9fff90207ead4f70c8927fd433edf92b95f2ca511f51a6,True,63600,626000,176000,dd.autoref,autoref,63900,503900,9,53700,535800,9,6362600,"[{""sweep"":0,""seed"":1105292799,""nodes"":9,""setup_ns"":53700,""build_ns"":535800,""order"":[""x10"",""x1"",""x6"",""x7"",""x9"",""x8"",""x5"",""x0"",""x2"",""x3"",""x4"",""x11""]},{""sweep"":1,""seed"":1105292800,""nodes"":9,""setup_ns"":54600,""build_ns"":609400,""order"":[""x5"",""x11"",""x10"",""x8"",""x4"",""x6"",""x2"",""x9"",""x7"",""x3"",""x0"",""x1""]},{""sweep"":2,""seed"":1105292801,""nodes"":9,""setup_ns"":50700,""build_ns"":1404200,""order"":[""x9"",""x10"",""x0"",""x11"",""x6"",""x8"",""x1"",""x4"",""x3"",""x2"",""x7"",""x5""]},{""sweep"":3,""seed"":1105292802,""nodes"":9,""setup_ns"":59400,""build_ns"":538600,""order"":[""x7"",""x11"",""x1"",""x9"",""x10"",""x3"",""x5"",""x2"",""x8"",""x4"",""x6"",""x0""]},{""sweep"":4,""seed"":1105292803,""nodes"":9,""setup_ns"":72200,""build_ns"":548000,""order"":[""x11"",""x0"",""x5"",""x7"",""x8"",""x1"",""x3"",""x2"",""x6"",""x4"",""x10"",""x9""]}]",6,6,12,13,35222.0,37902.0,16484.0,267600.0,142669500.0,2.1367386556661003,0.9292913302728089,0.13162182361733932,"{""cm"":[42008.0,47508.0,35222.0,27050.0,18424.0,24146.0,37454.0],""cse"":[38564.0,39984.0,75590.0,37902.0,25226.0,25206.0,22012.0],""cnf"":[16484.0,17858.0,22672.0,17400.0,14624.0,15232.0,10596.0],""robdd_enumerate"":[244700.0,300100.0,453200.0,256900.0,256500.0,267600.0,378700.0],""robdd_naive"":[172447100.0,203308300.0,160628200.0,142669500.0,126269700.0,116282000.0,132377500.0]}",256,True,127500.0,562000.0,7683700.0,3154700.0,0.016593568202818956,0.0404158874060925,"{""packed"":[163100.0,169900.0,100400.0,89200.0,159600.0,123700.0,127500.0],""scalar_cnf"":[941100.0,647700.0,562000.0,534700.0,758300.0,545300.0,443900.0],""robdd"":[7405900.0,7973800.0,8985200.0,7270700.0,7821000.0,7376800.0,7683700.0],""cadical"":[3734800.0,3103500.0,3154700.0,3615400.0,2369800.0,2986500.0,3362100.0]}",1800,55700,1460600,16,True,2351900,15920,1144800,15720,104000,3072,2172100,17709,2053,4968800,763200,True,53,2990400,699100,True,326,103976400,44667400,True,"{""dropped_satisfied_clauses"":237676,""payload_sha256"":""80870caebe19aded263a4bc412ea369d98dfe3f43e639c65141edb5db3c7894c"",""removed_fixed_false_literals"":13232,""residual_clauses"":9,""residual_literals"":9,""slice_feature_names"":[""F_0F1697D591B1"",""I_2306953098__F_9C84777F3E04"",""I_1304992611__F_CA641630D0C3"",""I_505306787__F_1B1AC0C05412"",""F_AC621D8DF312"",""F_F63B1DDC6FA1"",""I_2358381103__F_A1BE8D85FFA7"",""I_1130897914__F_EAF10DDEDC6B"",""I_1915112965__F_14217BC2934A"",""F_6031300DD786"",""F_FA132362833C"",""F_D2082674FB4C""],""slice_variables"":[13911,10076,5662,8848,3716,2115,11529,7024,3390,1629,548,3686],""source_clauses"":237685}"
real|automotive2@2_1|incidence|k16,real,automotive2@2_1,automotive2,incidence,16,696,84,788,0.8793103448275862,12,0.00018310546875,8d28e83a3de8bf329abe051d5cb05029cb141b2382e1048962ada1c355de7858,True,1212400,15920700,4044300,dd.autoref,autoref,87000,24110300,27,42100,29572600,29,141279100,"[{""sweep"":0,""seed"":247281056,""nodes"":31,""setup_ns"":66900,""build_ns"":30715100,""order"":[""x13"",""x6"",""x0"",""x4"",""x2"",""x8"",""x7"",""x12"",""x1"",""x10"",""x9"",""x11"",""x3"",""x15"",""x14"",""x5""]},{""sweep"":1,""seed"":247281057,""nodes"":31,""setup_ns"":43800,""build_ns"":25218700,""order"":[""x13"",""x4"",""x7"",""x3"",""x10"",""x6"",""x14"",""x12"",""x9"",""x11"",""x5"",""x0"",""x1"",""x8"",""x15"",""x2""]},{""sweep"":2,""seed"":247281058,""nodes"":30,""setup_ns"":42000,""build_ns"":26380100,""order"":[""x2"",""x14"",""x6"",""x11"",""x5"",""x1"",""x0"",""x4"",""x9"",""x12"",""x13"",""x10"",""x15"",""x8"",""x7"",""x3""]},{""sweep"":3,""seed"":247281059,""nodes"":31,""setup_ns"":41800,""build_ns"":26956200,""order"":[""x15"",""x5"",""x14"",""x10"",""x13"",""x6"",""x11"",""x7"",""x3"",""x1"",""x0"",""x9"",""x12"",""x2"",""x4"",""x8""]},{""sweep"":4,""seed"":247281060,""nodes"":29,""setup_ns"":42100,""build_ns"":29572600,""order"":[""x0"",""x1"",""x7"",""x5"",""x9"",""x11"",""x12"",""x14"",""x15"",""x2"",""x6"",""x13"",""x3"",""x4"",""x8"",""x10""]}]",111,133,219,499,601940.0,1271610.0,2693030.0,423100.0,,0.22351774766712587,0.47336840698012755,1.422689671472465,"{""cm"":[777040.0,724670.0,601940.0,569500.0,439370.0,735420.0,398360.0],""cse"":[1678650.0,1673650.0,1295200.0,1271610.0,884770.0,839710.0,834720.0],""cnf"":[3409190.0,3600400.0,2842580.0,2017850.0,1689220.0,2693030.0,2261140.0],""robdd_enumerate"":[724300.0,695600.0,396100.0,423100.0,271500.0,276500.0,512600.0]}",256,True,133500.0,941900.0,4742900.0,2021300.0,0.02814733601804803,0.06604660367090487,"{""packed"":[126600.0,133500.0,172100.0,158200.0,157100.0,123800.0,107400.0],""scalar_cnf"":[843600.0,941900.0,955400.0,1697300.0,1158000.0,864800.0,872800.0],""robdd"":[3965300.0,4181400.0,4742900.0,7163500.0,4553100.0,4806200.0,4778000.0],""cadical"":[1766100.0,2165700.0,2332900.0,1862000.0,2198100.0,2021300.0,1747000.0]}",3200,123100,,,True,119005700,978595,39216300,1190907,5460500,52792,104304900,638546,27357,7774500,1089900,True,3219,3365500,1359100,True,830,113695600,67614500,True,"{""dropped_satisfied_clauses"":236989,""payload_sha256"":""80870caebe19aded263a4bc412ea369d98dfe3f43e639c65141edb5db3c7894c"",""removed_fixed_false_literals"":13361,""residual_clauses"":696,""residual_literals"":788,""slice_feature_names"":[""N_2085033141__F_C53EADCFF030"",""F_1DB4A8F021D3"",""F_079A5285BA97"",""F_347FF2E3B2E8"",""F_81EBCF6E0907"",""F_B5E459A1D1C3"",""F_99EBFB0F4B15"",""F_76250E09E21A"",""F_C683C32D8AF9"",""F_9E623D1264D7"",""F_AB6890415E65"",""F_D06F3DEBB846"",""F_53B91F453D46"",""F_65074A9F78E5"",""F_36FE2E1AA38D"",""F_7E3EA0301DE8""],""slice_variables"":[3,1732,3117,1734,1735,1736,1737,1738,1739,1740,1741,1742,1743,1744,1745,1746],""source_clauses"":237685}"
real|automotive2@2_1|hash|k16,real,automotive2@2_1,automotive2,hash,16,12,11,12,0.08333333333333337,32,0.00048828125,8af13a2b4bbda835826de338b54deda2a1fa35f972518b58d55a710dee07fdb5,True,50300,761000,198400,dd.autoref,autoref,44800,715100,12,30700,328800,12,4277700,"[{""sweep"":0,""seed"":776535366,""nodes"":12,""setup_ns"":36500,""build_ns"":521200,""order"":[""x4"",""x0"",""x11"",""x5"",""x3"",""x15"",""x14"",""x7"",""x10"",""x1"",""x9"",""x2"",""x12"",""x8"",""x13"",""x6""]},{""sweep"":1,""seed"":776535367,""nodes"":12,""setup_ns"":30700,""build_ns"":328800,""order"":[""x11"",""x2"",""x9"",""x6"",""x1"",""x8"",""x0"",""x5"",""x4"",""x10"",""x15"",""x12"",""x13"",""x3"",""x7"",""x14""]},{""sweep"":2,""seed"":776535368,""nodes"":12,""setup_ns"":31000,""build_ns"":458800,""order"":[""x4"",""x0"",""x14"",""x3"",""x11"",""x2"",""x8"",""x1"",""x9"",""x15"",""x10"",""x6"",""x12"",""x5"",""x13"",""x7""]},{""sweep"":3,""seed"":776535369,""nodes"":12,""setup_ns"":30000,""build_ns"":834000,""order"":[""x15"",""x14"",""x11"",""x2"",""x7"",""x9"",""x3"",""x8"",""x10"",""x13"",""x0"",""x12"",""x1"",""x5"",""x4"",""x6""]},{""sweep"":4,""seed"":776535370,""nodes"":12,""setup_ns"":30900,""build_ns"":554700,""order"":[""x9"",""x7"",""x12"",""x6"",""x10"",""x15"",""x3"",""x4"",""x2"",""x5"",""x13"",""x0"",""x11"",""x14"",""x1"",""x8""]}]",7,7,16,17,59690.0,59570.0,76110.0,503100.0,,0.7842596242280909,1.0020144367970454,0.11864440469091632,"{""cm"":[47330.0,67310.0,52770.0,59690.0,39490.0,66260.0,83410.0],""cse"":[67660.0,50290.0,47810.0,55270.0,59570.0,92730.0,84430.0],""cnf"":[64180.0,79130.0,63620.0,76110.0,76280.0,88220.0,59060.0],""robdd_enumerate"":[503800.0,327600.0,503100.0,409100.0,552500.0,335600.0,662100.0]}",256,True,338700.0,581200.0,7063700.0,3099200.0,0.04794937497345584,0.10928626742385132,"{""packed"":[344200.0,393400.0,338700.0,586100.0,320100.0,291600.0,254400.0],""scalar_cnf"":[581200.0,616600.0,428500.0,584000.0,497000.0,588100.0,368300.0],""robdd"":[6187500.0,7207200.0,7063700.0,8672700.0,7436000.0,5401800.0,5900600.0],""cadical"":[3362900.0,3076200.0,3275200.0,3415200.0,3099200.0,2503100.0,2901900.0]}",3500,79700,,,True,4986000,86365,1248300,84893,137500,44032,3173300,21541,17677,8234800,778000,True,70,2556300,631600,True,438,47654700,46590400,True,"{""dropped_satisfied_clauses"":237673,""payload_sha256"":""80870caebe19aded263a4bc412ea369d98dfe3f43e639c65141edb5db3c7894c"",""removed_fixed_false_literals"":13231,""residual_clauses"":12,""residual_literals"":12,""slice_feature_names"":[""F_0F1697D591B1"",""I_2306953098__F_9C84777F3E04"",""I_1304992611__F_CA641630D0C3"",""I_505306787__F_1B1AC0C05412"",""F_AC621D8DF312"",""F_F63B1DDC6FA1"",""I_2358381103__F_A1BE8D85FFA7"",""I_1130897914__F_EAF10DDEDC6B"",""I_1915112965__F_14217BC2934A"",""F_6031300DD786"",""F_FA132362833C"",""F_D2082674FB4C"",""F_E05187EC543C"",""F_03C1303C30A9"",""I_400939561__F_CEA105AC8992"",""F_DB271295D925""],""slice_variables"":[13911,10076,5662,8848,3716,2115,11529,7024,3390,1629,548,3686,380,4580,9981,2154],""source_clauses"":237685}"
real|FinancialServices01@2017-05-22|incidence|k8,real,FinancialServices01@2017-05-22,FinancialServices01,incidence,8,13,10,15,0.23076923076923073,1,0.00390625,067dc6a810183e9069f63c2020b692c122c8d58263ed7f5c0e531504dc3b6e06,True,64300,484700,203600,dd.autoref,autoref,36200,652600,9,24200,322300,9,3171600,"[{""sweep"":0,""seed"":1679063009,""nodes"":9,""setup_ns"":29700,""build_ns"":336900,""order"":[""x0"",""x6"",""x3"",""x4"",""x7"",""x2"",""x5"",""x1""]},{""sweep"":1,""seed"":1679063010,""nodes"":9,""setup_ns"":39700,""build_ns"":468300,""order"":[""x2"",""x3"",""x0"",""x1"",""x6"",""x7"",""x4"",""x5""]},{""sweep"":2,""seed"":1679063011,""nodes"":9,""setup_ns"":24200,""build_ns"":322300,""order"":[""x0"",""x4"",""x6"",""x2"",""x3"",""x7"",""x5"",""x1""]},{""sweep"":3,""seed"":1679063012,""nodes"":9,""setup_ns"":21300,""build_ns"":323400,""order"":[""x6"",""x0"",""x3"",""x1"",""x5"",""x2"",""x7"",""x4""]},{""sweep"":4,""seed"":1679063013,""nodes"":9,""setup_ns"":21600,""build_ns"":324700,""order"":[""x4"",""x0"",""x6"",""x7"",""x2"",""x5"",""x3"",""x1""]}]",10,9,17,20,29114.5,26344.5,6531.5,72600.0,5008200.0,4.457551864043482,1.1051452864924367,0.4010261707988981,"{""cm"":[19814.5,24140.5,19972.0,30991.5,29114.5,32596.5,30982.5],""cse"":[23523.0,21707.0,33072.5,32106.5,26191.0,30263.0,26344.5],""cnf"":[5327.0,5102.0,6531.5,6609.5,6262.0,7878.0,7938.5],""robdd_enumerate"":[67300.0,59000.0,71200.0,72600.0,72900.0,106400.0,83500.0],""robdd_naive"":[4567700.0,4313300.0,4550700.0,6694000.0,5008200.0,7632300.0,6054800.0]}",256,True,40400.0,405600.0,5281700.0,2212200.0,0.0076490523884355415,0.01826236325829491,"{""packed"":[34200.0,41500.0,40400.0,83800.0,35300.0,33300.0,46000.0],""scalar_cnf"":[375000.0,455200.0,412100.0,371900.0,366300.0,405600.0,525000.0],""robdd"":[4443000.0,4756200.0,5281700.0,5347900.0,4345800.0,6163000.0,6763400.0],""cadical"":[2117500.0,2250700.0,2003200.0,2212200.0,1869600.0,2759200.0,2560800.0]}",800,54100,989900,1,True,3789700,20592,2732800,20312,170500,524,2562900,18803,1404,4260800,554100,True,78,2309300,578500,True,285,89916900,42729900,True,"{""dropped_satisfied_clauses"":4979,""payload_sha256"":""e466d4d3ad031a3b843dde6f34e7b13aad2c060d7c485e23cf05b611584febcb"",""removed_fixed_false_literals"":891,""residual_clauses"":13,""residual_literals"":15,""slice_feature_names"":[""F_5EA1A5BAPLNZPLBA5QHIIIBA3GHWP145"",""F_PCSFPPAA5NKMO55554DBIWBA1LFGWFBA"",""F_WDQ4T1551H15ET555WQ4C3BA15EEVLAA"",""F_P14MAJAA5VDXN2BA45VFYUBAWHPAL5AA"",""F_XNRFW1BAPPYCS4455PGEDEAAX5N33055"",""F_HXV24K45W2FHXB455CGDJIBAL4JOMDBA"",""F_5OPJ4OBA52O2HYAAC5O4BJ55LJQAGZBA"",""F_LD540GAA15SDUJ45535WJW4544KDWBAA""],""slice_variables"":[458,454,404,448,475,442,439,447],""source_clauses"":4992}"
real|FinancialServices01@2017-05-22|hash|k8,real,FinancialServices01@2017-05-22,FinancialServices01,hash,8,35,9,36,0.7428571428571429,1,0.00390625,5778f985db754c6628691f56fadae50c65fddbe8eb2e93039633fefa05d45e31,True,79300,1108800,324000,dd.autoref,autoref,33400,731300,9,25600,601300,9,5179000,"[{""sweep"":0,""seed"":1097331477,""nodes"":9,""setup_ns"":28200,""build_ns"":664000,""order"":[""x5"",""x6"",""x1"",""x2"",""x7"",""x3"",""x0"",""x4""]},{""sweep"":1,""seed"":1097331478,""nodes"":9,""setup_ns"":22900,""build_ns"":934900,""order"":[""x2"",""x6"",""x0"",""x4"",""x1"",""x3"",""x5"",""x7""]},{""sweep"":2,""seed"":1097331479,""nodes"":9,""setup_ns"":25600,""build_ns"":601300,""order"":[""x3"",""x2"",""x5"",""x7"",""x6"",""x4"",""x1"",""x0""]},{""sweep"":3,""seed"":1097331480,""nodes"":9,""setup_ns"":21700,""build_ns"":621500,""order"":[""x7"",""x3"",""x6"",""x1"",""x4"",""x0"",""x5"",""x2""]},{""sweep"":4,""seed"":1097331481,""nodes"":9,""setup_ns"":39900,""build_ns"":771000,""order"":[""x5"",""x3"",""x4"",""x2"",""x0"",""x1"",""x6"",""x7""]}]",9,14,16,37,23864.5,46501.0,15334.0,103800.0,5223000.0,1.5563127690100431,0.5132040171179114,0.22990847784200386,"{""cm"":[32426.0,20682.0,27319.5,40468.0,20569.0,18999.5,23864.5],""cse"":[43814.0,46501.0,44716.5,47443.5,41044.5,49751.0,50815.5],""cnf"":[21854.5,15479.0,17281.5,15334.0,14024.0,14405.5,11419.0],""robdd_enumerate"":[106900.0,75600.0,115600.0,76500.0,105000.0,89600.0,103800.0],""robdd_naive"":[6239200.0,5223000.0,4595600.0,5649200.0,3826600.0,3913500.0,7737600.0]}",256,True,38100.0,528200.0,5831500.0,2608800.0,0.006533481951470462,0.014604415823367065,"{""packed"":[33800.0,34200.0,39500.0,35900.0,42400.0,63700.0,38100.0],""scalar_cnf"":[541200.0,411300.0,660100.0,528200.0,375700.0,548000.0,405900.0],""robdd"":[4616100.0,4075900.0,5947500.0,4808700.0,6102500.0,5831500.0,6552600.0],""cadical"":[2105500.0,2281900.0,2608800.0,2528300.0,2801200.0,2627100.0,2739300.0]}",800,38800,837000,1,True,7295300,29544,2120700,33200,188000,480,2459300,22483,1314,4303100,655400,True,187,2867400,735800,True,285,44685500,42116200,True,"{""dropped_satisfied_clauses"":4957,""payload_sha256"":""e466d4d3ad031a3b843dde6f34e7b13aad2c060d7c485e23cf05b611584febcb"",""removed_fixed_false_literals"":1100,""residual_clauses"":35,""residual_literals"":36,""slice_feature_names"":[""F_WEN5QOAAUXYNCL55ZHTVJNAA53L1VY55"",""F_4YXBYGBAPVY4QF4555YYP5554POUVJ45"",""F_POZGKX551OYHXBBAXNUOUF555FDQMR55"",""F_1SV0F1AA3XY4FBAAHPTOHKAAPNDTXEAA"",""F_5C2SZ0AA5RUOWY455HYSMY45GUXJK5BA"",""F_5XEPF24535CJP4AALONKA0BAW310LLBA"",""F_TWGO3VAA2FSEZEBA5DPGKU5545CBAT45"",""F_4NERQNAAWV0D4EAAOO1ASNBA5Q0I2N55""],""slice_variables"":[418,513,122,44,53,225,540,175],""source_clauses"":4992}"
real|FinancialServices01@2017-05-22|incidence|k12,real,FinancialServices01@2017-05-22,FinancialServices01,incidence,12,19,17,29,0.10526315789473684,1,0.000244140625,66354c85a92e9af916006bb093f71c1f67333bb0466928775af6d1e7f23f0aec,True,56400,997600,182500,dd.autoref,autoref,37100,995500,13,31700,828100,13,6339900,"[{""sweep"":0,""seed"":692014986,""nodes"":13,""setup_ns"":31700,""build_ns"":828100,""order"":[""x7"",""x4"",""x10"",""x5"",""x0"",""x9"",""x2"",""x1"",""x8"",""x3"",""x6"",""x11""]},{""sweep"":1,""seed"":692014987,""nodes"":13,""setup_ns"":27500,""build_ns"":1113900,""order"":[""x0"",""x4"",""x2"",""x10"",""x11"",""x8"",""x6"",""x9"",""x3"",""x7"",""x5"",""x1""]},{""sweep"":2,""seed"":692014988,""nodes"":13,""setup_ns"":62200,""build_ns"":860400,""order"":[""x5"",""x8"",""x6"",""x10"",""x7"",""x4"",""x0"",""x9"",""x2"",""x3"",""x11"",""x1""]},{""sweep"":3,""seed"":692014989,""nodes"":13,""setup_ns"":26600,""build_ns"":1043300,""order"":[""x9"",""x8"",""x0"",""x11"",""x4"",""x10"",""x1"",""x3"",""x6"",""x2"",""x7"",""x5""]},{""sweep"":4,""seed"":692014990,""nodes"":13,""setup_ns"":32800,""build_ns"":835500,""order"":[""x0"",""x10"",""x8"",""x4"",""x2"",""x7"",""x9"",""x1"",""x11"",""x5"",""x3"",""x6""]}]",20,20,36,38,71574.0,69850.0,27858.0,93400.0,106155200.0,2.569244023260823,1.0246814602720113,0.7663169164882226,"{""cm"":[94400.0,59778.0,71574.0,58926.0,43980.0,76986.0,86596.0],""cse"":[97856.0,69850.0,69914.0,47912.0,43478.0,51510.0,100310.0],""cnf"":[39314.0,34364.0,26100.0,25724.0,27858.0,27692.0,28368.0],""robdd_enumerate"":[106200.0,133700.0,95700.0,83900.0,93300.0,80000.0,93400.0],""robdd_naive"":[111504600.0,119979500.0,104498300.0,101530600.0,98425400.0,111937100.0,106155200.0]}",256,True,77000.0,1146000.0,7257600.0,3161200.0,0.010609567901234568,0.024357838795394153,"{""packed"":[69200.0,116600.0,111100.0,77000.0,77000.0,130700.0,59400.0],""scalar_cnf"":[1057900.0,1314900.0,1146000.0,697800.0,1246100.0,1252400.0,626200.0],""robdd"":[7363100.0,7257600.0,7257200.0,9985200.0,10002800.0,6529000.0,5387800.0],""cadical"":[3161200.0,2925500.0,3598600.0,3576800.0,2998300.0,4188000.0,2009300.0]}",1000,77800,1361000,1,True,7946100,36318,2457500,33582,152400,3636,3719900,58046,3426,5166200,566500,True,133,2898100,791500,True,416,50697500,46738000,True,"{""dropped_satisfied_clauses"":4973,""payload_sha256"":""e466d4d3ad031a3b843dde6f34e7b13aad2c060d7c485e23cf05b611584febcb"",""removed_fixed_false_literals"":814,""residual_clauses"":19,""residual_literals"":29,""slice_feature_names"":[""F_5EA1A5BAPLNZPLBA5QHIIIBA3GHWP145"",""F_PCSFPPAA5NKMO55554DBIWBA1LFGWFBA"",""F_WDQ4T1551H15ET555WQ4C3BA15EEVLAA"",""F_P14MAJAA5VDXN2BA45VFYUBAWHPAL5AA"",""F_XNRFW1BAPPYCS4455PGEDEAAX5N33055"",""F_HXV24K45W2FHXB455CGDJIBAL4JOMDBA"",""F_5OPJ4OBA52O2HYAAC5O4BJ55LJQAGZBA"",""F_LD540GAA15SDUJ45535WJW4544KDWBAA"",""F_GDVLU355LVABXFAAZOU4OEAA51Y0R455"",""F_O5DEVXAAXPQ001BA15AXW45543RYN155"",""F_3EPJNAAA5HWBVGAAXFO2RZBA51DTF145"",""F_V5PLE4BA05XIOUAAZLMFUABA3TES2455""],""slice_variables"":[458,454,404,448,475,442,439,447,502,486,402,437],""source_clauses"":4992}"
real|FinancialServices01@2017-05-22|hash|k12,real,FinancialServices01@2017-05-22,FinancialServices01,hash,12,50,13,51,0.74,1,0.000244140625,378e4d2c28320f28ea657776961e77a1264f2c1272559e55b524d28755bd3aaa,True,90800,1296700,291400,dd.autoref,autoref,37200,1089400,13,30500,981700,13,8008600,"[{""sweep"":0,""seed"":714853892,""nodes"":13,""setup_ns"":30500,""build_ns"":981700,""order"":[""x0"",""x1"",""x2"",""x4"",""x5"",""x8"",""x7"",""x11"",""x10"",""x6"",""x3"",""x9""]},{""sweep"":1,""seed"":714853893,""nodes"":13,""setup_ns"":39200,""build_ns"":1304200,""order"":[""x4"",""x6"",""x10"",""x9"",""x7"",""x2"",""x11"",""x8"",""x5"",""x0"",""x3"",""x1""]},{""sweep"":2,""seed"":714853894,""nodes"":13,""setup_ns"":47900,""build_ns"":1560800,""order"":[""x9"",""x1"",""x5"",""x8"",""x10"",""x3"",""x6"",""x0"",""x11"",""x4"",""x2"",""x7""]},{""sweep"":3,""seed"":714853895,""nodes"":13,""setup_ns"":36700,""build_ns"":1084500,""order"":[""x2"",""x4"",""x8"",""x7"",""x6"",""x3"",""x10"",""x0"",""x5"",""x1"",""x11"",""x9""]},{""sweep"":4,""seed"":714853896,""nodes"":13,""setup_ns"":51100,""build_ns"":1193200,""order"":[""x7"",""x5"",""x9"",""x4"",""x10"",""x8"",""x11"",""x2"",""x1"",""x6"",""x3"",""x0""]}]",15,17,28,55,39288.0,70758.0,48478.0,89400.0,98934800.0,0.8104294731630843,0.5552446366488595,0.43946308724832217,"{""cm"":[39288.0,36388.0,34318.0,42798.0,37570.0,57944.0,70346.0],""cse"":[70758.0,65524.0,62696.0,87600.0,56130.0,125674.0,105082.0],""cnf"":[44664.0,55754.0,48478.0,43094.0,44024.0,86606.0,58488.0],""robdd_enumerate"":[86600.0,89400.0,122100.0,96600.0,83800.0,125200.0,87800.0],""robdd_naive"":[118466800.0,98934800.0,97409200.0,98903000.0,92042100.0,110076900.0,122072500.0]}",256,True,107100.0,775500.0,7547700.0,3617200.0,0.014189753169839819,0.029608536989936967,"{""packed"":[100400.0,100100.0,98700.0,115600.0,107100.0,112600.0,123700.0],""scalar_cnf"":[652400.0,763800.0,570100.0,775500.0,840700.0,805700.0,827800.0],""robdd"":[7886800.0,8248200.0,6683300.0,7439400.0,7547700.0,9177100.0,6923600.0],""cadical"":[2794300.0,3617200.0,3087400.0,4330600.0,4054400.0,4102200.0,2189800.0]}",900,48100,922100,1,True,5263200,40406,2373100,42478,252000,3448,2884100,36773,2997,5383100,701500,True,270,3667200,811300,True,414,92920900,46091800,True,"{""dropped_satisfied_clauses"":4942,""payload_sha256"":""e466d4d3ad031a3b843dde6f34e7b13aad2c060d7c485e23cf05b611584febcb"",""removed_fixed_false_literals"":1106,""residual_clauses"":50,""residual_literals"":51,""slice_feature_names"":[""F_WEN5QOAAUXYNCL55ZHTVJNAA53L1VY55"",""F_4YXBYGBAPVY4QF4555YYP5554POUVJ45"",""F_POZGKX551OYHXBBAXNUOUF555FDQMR55"",""F_1SV0F1AA3XY4FBAAHPTOHKAAPNDTXEAA"",""F_5C2SZ0AA5RUOWY455HYSMY45GUXJK5BA"",""F_5XEPF24535CJP4AALONKA0BAW310LLBA"",""F_TWGO3VAA2FSEZEBA5DPGKU5545CBAT45"",""F_4NERQNAAWV0D4EAAOO1ASNBA5Q0I2N55"",""F_1XD12W45XPA4NNBAJWYZEV45PPGTEE45"",""F_5N5X1YBA1GQEWIAA44T050BA5HVD4GAA"",""F_4RSLGQAAXTI3LQBAX5WTQT45PFMANE55"",""F_XUDGEK554TFKUT553RJKNTBAFXJ5WS45""],""slice_variables"":[418,513,122,44,53,225,540,175,78,543,380,434],""source_clauses"":4992}"
real|FinancialServices01@2017-05-22|incidence|k16,real,FinancialServices01@2017-05-22,FinancialServices01,incidence,16,26,23,42,0.11538461538461542,1,1.52587890625e-05,571d4015f34292920e6012149f276dc45216be1a47b51c9601ff74bae563d8ee,True,58800,928200,209800,dd.autoref,autoref,31800,1833900,17,24000,1072300,17,7836000,"[{""sweep"":0,""seed"":2009914293,""nodes"":17,""setup_ns"":25600,""build_ns"":1409200,""order"":[""x9"",""x2"",""x0"",""x5"",""x6"",""x10"",""x12"",""x14"",""x7"",""x13"",""x15"",""x3"",""x1"",""x8"",""x11"",""x4""]},{""sweep"":1,""seed"":2009914294,""nodes"":17,""setup_ns"":23600,""build_ns"":1423800,""order"":[""x2"",""x1"",""x10"",""x8"",""x15"",""x0"",""x5"",""x11"",""x14"",""x7"",""x6"",""x13"",""x9"",""x4"",""x12"",""x3""]},{""sweep"":2,""seed"":2009914295,""nodes"":17,""setup_ns"":24000,""build_ns"":1072300,""order"":[""x14"",""x2"",""x13"",""x10"",""x3"",""x1"",""x4"",""x7"",""x9"",""x8"",""x6"",""x0"",""x11"",""x15"",""x12"",""x5""]},{""sweep"":3,""seed"":2009914296,""nodes"":17,""setup_ns"":23400,""build_ns"":1361500,""order"":[""x13"",""x5"",""x1"",""x7"",""x3"",""x10"",""x8"",""x4"",""x14"",""x2"",""x9"",""x0"",""x6"",""x12"",""x11"",""x15""]},{""sweep"":4,""seed"":2009914297,""nodes"":17,""setup_ns"":24100,""build_ns"":1407100,""order"":[""x6"",""x1"",""x5"",""x15"",""x2"",""x13"",""x4"",""x8"",""x12"",""x9"",""x11"",""x7"",""x14"",""x10"",""x0"",""x3""]}]",29,29,52,55,89990.0,93400.0,144120.0,49900.0,,0.6244102137107965,0.9634903640256959,1.8034068136272545,"{""cm"":[90690.0,90060.0,89060.0,87030.0,89990.0,91530.0,88590.0],""cse"":[94820.0,103570.0,91400.0,92980.0,91750.0,94780.0,93400.0],""cnf"":[144120.0,147090.0,148030.0,144810.0,141630.0,142750.0,141680.0],""robdd_enumerate"":[47200.0,48300.0,60900.0,68100.0,49900.0,45900.0,68500.0]}",256,True,124500.0,581400.0,3786100.0,1678900.0,0.03288344206439344,0.07415569718267913,"{""packed"":[175300.0,117700.0,171900.0,116700.0,115700.0,124500.0,128000.0],""scalar_cnf"":[592700.0,573100.0,574100.0,581400.0,571000.0,582200.0,600500.0],""robdd"":[4017700.0,4209900.0,3786100.0,3744700.0,3936400.0,3771400.0,3742400.0],""cadical"":[1674700.0,1697800.0,1673000.0,1833000.0,1672800.0,1806700.0,1678900.0]}",1800,49900,,,True,12490600,189287,3727600,188447,499100,52788,13737900,146773,19745,4982600,707300,True,189,2376600,466800,True,577,91660400,49676600,True,"{""dropped_satisfied_clauses"":4966,""payload_sha256"":""e466d4d3ad031a3b843dde6f34e7b13aad2c060d7c485e23cf05b611584febcb"",""removed_fixed_false_literals"":796,""residual_clauses"":26,""residual_literals"":42,""slice_feature_names"":[""F_5EA1A5BAPLNZPLBA5QHIIIBA3GHWP145"",""F_PCSFPPAA5NKMO55554DBIWBA1LFGWFBA"",""F_WDQ4T1551H15ET555WQ4C3BA15EEVLAA"",""F_P14MAJAA5VDXN2BA45VFYUBAWHPAL5AA"",""F_XNRFW1BAPPYCS4455PGEDEAAX5N33055"",""F_HXV24K45W2FHXB455CGDJIBAL4JOMDBA"",""F_5OPJ4OBA52O2HYAAC5O4BJ55LJQAGZBA"",""F_LD540GAA15SDUJ45535WJW4544KDWBAA"",""F_GDVLU355LVABXFAAZOU4OEAA51Y0R455"",""F_O5DEVXAAXPQ001BA15AXW45543RYN155"",""F_3EPJNAAA5HWBVGAAXFO2RZBA51DTF145"",""F_V5PLE4BA05XIOUAAZLMFUABA3TES2455"",""F_PXOWDG4545RETTAAOH1ZQI4553W1NFAA"",""F_55YQ3ZAA1PUQ0L455UIIZ455PPF53MAA"",""F_5VFAGCAA4NPLOQBAPPXUGF5500U3I5BA"",""F_WDUEJABAWV4PZXAAPGQ13K45SHSZET55""],""slice_variables"":[458,454,404,448,475,442,439,447,502,486,402,437,455,446,470,548],""source_clauses"":4992}"
real|FinancialServices01@2017-05-22|hash|k16,real,FinancialServices01@2017-05-22,FinancialServices01,hash,16,63,17,64,0.7301587301587302,1,1.52587890625e-05,0e5ad25dff819fd2e8e1ea371db0bc5e5b53661486e00a5d07625986d348f3d5,True,162000,2405200,553400,dd.autoref,autoref,64200,2179600,17,33100,1159300,17,9402300,"[{""sweep"":0,""seed"":1526404441,""nodes"":17,""setup_ns"":49000,""build_ns"":2131000,""order"":[""x0"",""x6"",""x8"",""x10"",""x13"",""x15"",""x4"",""x1"",""x14"",""x7"",""x5"",""x2"",""x12"",""x11"",""x9"",""x3""]},{""sweep"":1,""seed"":1526404442,""nodes"":17,""setup_ns"":49400,""build_ns"":1447300,""order"":[""x11"",""x6"",""x4"",""x0"",""x5"",""x3"",""x9"",""x7"",""x2"",""x1"",""x8"",""x15"",""x14"",""x12"",""x10"",""x13""]},{""sweep"":2,""seed"":1526404443,""nodes"":17,""setup_ns"":33100,""build_ns"":1159300,""order"":[""x7"",""x10"",""x4"",""x12"",""x8"",""x2"",""x5"",""x13"",""x0"",""x15"",""x1"",""x9"",""x14"",""x3"",""x11"",""x6""]},{""sweep"":3,""seed"":1526404444,""nodes"":17,""setup_ns"":51300,""build_ns"":1412900,""order"":[""x3"",""x7"",""x6"",""x1"",""x9"",""x15"",""x2"",""x0"",""x10"",""x4"",""x11"",""x12"",""x13"",""x14"",""x8"",""x5""]},{""sweep"":4,""seed"":1526404445,""nodes"":17,""setup_ns"":39100,""build_ns"":1492900,""order"":[""x1"",""x6"",""x11"",""x2"",""x4"",""x14"",""x7"",""x12"",""x5"",""x15"",""x9"",""x0"",""x10"",""x3"",""x8"",""x13""]}]",19,24,36,69,100650.0,160650.0,429840.0,107100.0,,0.2341568955890564,0.6265172735760971,0.9397759103641457,"{""cm"":[68060.0,71180.0,100650.0,117010.0,118720.0,87030.0,130940.0],""cse"":[157480.0,161560.0,160650.0,122500.0,171100.0,172810.0,153340.0],""cnf"":[397630.0,412570.0,417660.0,430230.0,435650.0,461650.0,429840.0],""robdd_enumerate"":[50300.0,109000.0,93200.0,107100.0,79900.0,156500.0,111700.0]}",256,True,48600.0,476700.0,7733400.0,3173100.0,0.00628442858251222,0.015316252245438216,"{""packed"":[61100.0,67000.0,36600.0,41800.0,48600.0,39300.0,63000.0],""scalar_cnf"":[758200.0,766000.0,419400.0,416100.0,406300.0,476700.0,566200.0],""robdd"":[9225200.0,9705900.0,8766900.0,7538600.0,6874400.0,7062800.0,7733400.0],""cadical"":[4007300.0,3245800.0,3173100.0,3159400.0,2630000.0,2900900.0,3808000.0]}",900,99400,,,True,14606700,193859,5936000,212923,1338700,48776,7107900,52221,18885,7783900,558500,True,348,2300700,615000,True,545,97494700,57416100,True,"{""dropped_satisfied_clauses"":4929,""payload_sha256"":""e466d4d3ad031a3b843dde6f34e7b13aad2c060d7c485e23cf05b611584febcb"",""removed_fixed_false_literals"":1109,""residual_clauses"":63,""residual_literals"":64,""slice_feature_names"":[""F_WEN5QOAAUXYNCL55ZHTVJNAA53L1VY55"",""F_4YXBYGBAPVY4QF4555YYP5554POUVJ45"",""F_POZGKX551OYHXBBAXNUOUF555FDQMR55"",""F_1SV0F1AA3XY4FBAAHPTOHKAAPNDTXEAA"",""F_5C2SZ0AA5RUOWY455HYSMY45GUXJK5BA"",""F_5XEPF24535CJP4AALONKA0BAW310LLBA"",""F_TWGO3VAA2FSEZEBA5DPGKU5545CBAT45"",""F_4NERQNAAWV0D4EAAOO1ASNBA5Q0I2N55"",""F_1XD12W45XPA4NNBAJWYZEV45PPGTEE45"",""F_5N5X1YBA1GQEWIAA44T050BA5HVD4GAA"",""F_4RSLGQAAXTI3LQBAX5WTQT45PFMANE55"",""F_XUDGEK554TFKUT553RJKNTBAFXJ5WS45"",""F_3PRC0I555F05PWAA2PJVJK551LB1VLBA"",""F_Z53HI1BA44WJZO45RNCB1DBAFTDONO45"",""F_HE12HW550XLTW0455KBANW55XU1YYBAA"",""F_WVEFQ1454D4YXA5555ED1R45ZNCIIMAA""],""slice_variables"":[418,513,122,44,53,225,540,175,78,543,380,434,462,37,250,547],""source_clauses"":4992}"
real|BusyBox@2007-05-20_17-12-43|incidence|k8,real,BusyBox@2007-05-20_17-12-43,BusyBox,incidence,8,88,11,94,0.875,1,0.00390625,d8c9ae155f36f1edd6a9a0fbce9d8a2d97efc4896eeab31fa4b2a267f10f83d7,True,204000,2843400,686200,dd.autoref,autoref,50700,2422300,9,30000,1702600,9,12355600,"[{""sweep"":0,""seed"":1488028190,""nodes"":9,""setup_ns"":41400,""build_ns"":2302900,""order"":[""x1"",""x4"",""x3"",""x6"",""x2"",""x7"",""x0"",""x5""]},{""sweep"":1,""seed"":1488028191,""nodes"":9,""setup_ns"":39100,""build_ns"":2346000,""order"":[""x4"",""x2"",""x1"",""x3"",""x6"",""x0"",""x7"",""x5""]},{""sweep"":2,""seed"":1488028192,""nodes"":9,""setup_ns"":41600,""build_ns"":2142700,""order"":[""x7"",""x6"",""x1"",""x5"",""x4"",""x3"",""x2"",""x0""]},{""sweep"":3,""seed"":1488028193,""nodes"":9,""setup_ns"":30000,""build_ns"":1702600,""order"":[""x3"",""x7"",""x0"",""x4"",""x2"",""x1"",""x5"",""x6""]},{""sweep"":4,""seed"":1488028194,""nodes"":9,""setup_ns"":34500,""build_ns"":1797800,""order"":[""x4"",""x2"",""x3"",""x6"",""x7"",""x1"",""x0"",""x5""]}]",15,14,34,81,53884.5,127297.5,24278.5,75700.0,5350700.0,2.2194328315175977,0.4232958227773523,0.7118163804491413,"{""cm"":[57399.5,53884.5,70338.0,58396.5,49988.0,47300.0,42219.5],""cse"":[122044.5,137575.5,144960.5,127297.5,129560.5,100019.5,115444.0],""cnf"":[28258.0,30320.5,24278.5,24222.0,19698.5,20067.5,26786.0],""robdd_enumerate"":[80000.0,85500.0,111300.0,75700.0,75100.0,68800.0,68000.0],""robdd_naive"":[7311100.0,5350700.0,6998100.0,6118400.0,5090500.0,4659100.0,4735300.0]}",256,True,68900.0,851100.0,5329900.0,2465500.0,0.012927071802472842,0.027945649969580207,"{""packed"":[81400.0,83100.0,68900.0,48500.0,46900.0,77700.0,43300.0],""scalar_cnf"":[842000.0,846800.0,896800.0,900200.0,851100.0,613500.0,948300.0],""robdd"":[6765300.0,5329900.0,7316100.0,4991500.0,4859700.0,4836200.0,6322900.0],""cadical"":[2618100.0,2559700.0,2440500.0,2465500.0,2543000.0,2021400.0,2372500.0]}",500,35400,1064900,1,True,12945800,58248,5357800,64568,385400,480,5262600,50291,2001,3642800,479800,True,377,2089000,545700,True,288,86594000,36656400,True,"{""dropped_satisfied_clauses"":375,""payload_sha256"":""1568a1dea5ef192366a643e5a1e3474c9467c55290015f986cb632f3fc77ec24"",""removed_fixed_false_literals"":307,""residual_clauses"":88,""residual_literals"":94,""slice_feature_names"":[""CONFIG_GETOPT_LONG"",""CONFIG_FIND"",""CONFIG_ASH"",""CONFIG_FEATURE_SYSLOG"",""CONFIG_FEATURE_IFUPDOWN_IP_BUILTIN"",""CONFIG_SELINUX"",""CONFIG_IP"",""CONFIG_FEATURE_WTMP""],""slice_variables"":[24,9,92,100,49,71,47,56],""source_clauses"":463}"
real|BusyBox@2007-05-20_17-12-43|hash|k8,real,BusyBox@2007-05-20_17-12-43,BusyBox,hash,8,7,2,7,0.7142857142857143,64,0.25,316a65d6d219b87e7e0d5dbdb4170deebfaa220866917d053ae8fb5c1ae2f0fa,True,44500,238500,83700,dd.autoref,autoref,32500,97900,3,24800,101600,3,2276500,"[{""sweep"":0,""seed"":1688029941,""nodes"":3,""setup_ns"":24800,""build_ns"":101600,""order"":[""x3"",""x6"",""x5"",""x7"",""x1"",""x0"",""x2"",""x4""]},{""sweep"":1,""seed"":1688029942,""nodes"":3,""setup_ns"":30200,""build_ns"":120500,""order"":[""x7"",""x0"",""x6"",""x5"",""x3"",""x1"",""x4"",""x2""]},{""sweep"":2,""seed"":1688029943,""nodes"":3,""setup_ns"":25200,""build_ns"":127900,""order"":[""x6"",""x4"",""x0"",""x1"",""x7"",""x2"",""x3"",""x5""]},{""sweep"":3,""seed"":1688029944,""nodes"":3,""setup_ns"":32300,""build_ns"":160100,""order"":[""x3"",""x4"",""x1"",""x5"",""x7"",""x2"",""x0"",""x6""]},{""sweep"":4,""seed"":1688029945,""nodes"":3,""setup_ns"":26600,""build_ns"":116400,""order"":[""x2"",""x7"",""x0"",""x4"",""x6"",""x3"",""x1"",""x5""]}]",1,2,1,5,5913.5,11820.5,2941.5,526800.0,5288600.0,2.0103688594254634,0.5002749460682713,0.011225322703113137,"{""cm"":[5913.5,6985.0,6562.5,4020.5,3838.0,3369.5,7027.5],""cse"":[12752.5,15339.0,11820.5,9713.5,7459.0,8610.0,12120.0],""cnf"":[4214.5,3821.5,3073.5,2941.5,2532.5,1714.5,1923.5],""robdd_enumerate"":[340500.0,721400.0,565500.0,649600.0,396400.0,320400.0,526800.0],""robdd_naive"":[4792200.0,6433100.0,5288600.0,6375200.0,4113000.0,4043900.0,7135400.0]}",256,True,51000.0,735100.0,4992400.0,2089800.0,0.010215527601954972,0.02440424921045076,"{""packed"":[57400.0,57200.0,52300.0,51000.0,48400.0,49000.0,49400.0],""scalar_cnf"":[682100.0,834200.0,651700.0,735100.0,893300.0,620700.0,762800.0],""robdd"":[6483300.0,5471100.0,4992400.0,5098800.0,4034400.0,4394800.0,4268600.0],""cadical"":[2224700.0,2823100.0,1992700.0,2145300.0,1899800.0,2089800.0,1920000.0]}",500,28100,2007100,64,True,854700,5774,568300,7238,73700,368,1394100,8203,385,3248300,546700,True,38,2555600,495200,True,156,165813000,43659400,True,"{""dropped_satisfied_clauses"":456,""payload_sha256"":""1568a1dea5ef192366a643e5a1e3474c9467c55290015f986cb632f3fc77ec24"",""removed_fixed_false_literals"":271,""residual_clauses"":7,""residual_literals"":7,""slice_feature_names"":[""CONFIG_FEATURE_HDPARM_HDIO_SCAN_HWIF"",""CONFIG_FEATURE_GREP_FGREP_ALIAS"",""CONFIG_TEST"",""CONFIG_ASH_MAIL"",""CONFIG_ASH_MATH_SUPPORT_64"",""CONFIG_FEATURE_LS_USERNAME"",""CONFIG_FEATURE_EDITING_VI"",""CONFIG_EFENCE""],""slice_variables"":[41,266,45,393,392,343,372,151],""source_clauses"":463}"
real|BusyBox@2007-05-20_17-12-43|incidence|k12,real,BusyBox@2007-05-20_17-12-43,BusyBox,incidence,12,114,17,126,0.8508771929824561,1,0.000244140625,e72f8bcd3019f69b2e9bd940ab9c8b557a439f0fa75c45b998232caf6f0faf2d,True,288500,2327300,688800,dd.autoref,autoref,37800,2174300,13,30000,2268700,13,14322300,"[{""sweep"":0,""seed"":1964122857,""nodes"":13,""setup_ns"":39600,""build_ns"":2477000,""order"":[""x4"",""x2"",""x5"",""x11"",""x10"",""x8"",""x9"",""x7"",""x1"",""x0"",""x6"",""x3""]},{""sweep"":1,""seed"":1964122858,""nodes"":13,""setup_ns"":28400,""build_ns"":2470400,""order"":[""x4"",""x3"",""x5"",""x7"",""x2"",""x11"",""x9"",""x6"",""x0"",""x10"",""x8"",""x1""]},{""sweep"":2,""seed"":1964122859,""nodes"":13,""setup_ns"":30000,""build_ns"":2268700,""order"":[""x11"",""x1"",""x3"",""x0"",""x8"",""x5"",""x10"",""x7"",""x9"",""x4"",""x6"",""x2""]},{""sweep"":3,""seed"":1964122860,""nodes"":13,""setup_ns"":35000,""build_ns"":2458800,""order"":[""x7"",""x9"",""x11"",""x8"",""x6"",""x0"",""x4"",""x1"",""x2"",""x3"",""x5"",""x10""]},{""sweep"":4,""seed"":1964122861,""nodes"":13,""setup_ns"":36600,""build_ns"":2704000,""order"":[""x4"",""x0"",""x2"",""x8"",""x6"",""x9"",""x3"",""x11"",""x1"",""x10"",""x7"",""x5""]}]",18,18,41,109,57520.0,127948.0,56142.0,87600.0,90520800.0,1.024544903993445,0.4495576327883203,0.6566210045662101,"{""cm"":[67622.0,57520.0,59814.0,115954.0,54298.0,54578.0,55114.0],""cse"":[142354.0,134550.0,127948.0,120074.0,130468.0,121916.0,119266.0],""cnf"":[65168.0,53290.0,54294.0,56142.0,65250.0,52722.0,57942.0],""robdd_enumerate"":[93500.0,87000.0,83100.0,87600.0,88800.0,84900.0,90400.0],""robdd_naive"":[111453900.0,84548200.0,83926000.0,96012700.0,90520800.0,78335700.0,93552800.0]}",256,True,85800.0,499700.0,6297600.0,2504100.0,0.013624237804878049,0.03426380735593627,"{""packed"":[85800.0,93400.0,146200.0,84400.0,100000.0,85200.0,78700.0],""scalar_cnf"":[458700.0,877300.0,988400.0,469800.0,499700.0,572000.0,459300.0],""robdd"":[5388100.0,7198100.0,8934900.0,6895300.0,6297600.0,5745900.0,5648100.0],""cadical"":[2522800.0,3266900.0,3750900.0,2504100.0,2318700.0,2118600.0,2015500.0]}",900,51200,825200,1,True,14939700,82446,5674200,85734,419900,3644,7871200,97622,3439,4011100,644200,True,518,2626200,693600,True,430,71420800,71662500,True,"{""dropped_satisfied_clauses"":349,""payload_sha256"":""1568a1dea5ef192366a643e5a1e3474c9467c55290015f986cb632f3fc77ec24"",""removed_fixed_false_literals"":316,""residual_clauses"":114,""residual_literals"":126,""slice_feature_names"":[""CONFIG_GETOPT_LONG"",""CONFIG_FIND"",""CONFIG_ASH"",""CONFIG_FEATURE_SYSLOG"",""CONFIG_FEATURE_IFUPDOWN_IP_BUILTIN"",""CONFIG_SELINUX"",""CONFIG_IP"",""CONFIG_FEATURE_WTMP"",""CONFIG_VI"",""CONFIG_FEATURE_UTMP"",""CONFIG_FEATURE_IP_SHORT_FORMS"",""CONFIG_NITPICK""],""slice_variables"":[24,9,92,100,49,71,47,56,12,57,95,20],""source_clauses"":463}"
real|BusyBox@2007-05-20_17-12-43|hash|k12,real,BusyBox@2007-05-20_17-12-43,BusyBox,hash,12,7,2,7,0.7142857142857143,1024,0.25,e47b9aafd8563456fad3eced3cf5d100f0d949eda3090f204bb878c8b2448e0c,True,30000,167900,52900,dd.autoref,autoref,43800,123000,3,36300,123600,3,2278900,"[{""sweep"":0,""seed"":1632120489,""nodes"":3,""setup_ns"":43300,""build_ns"":180600,""order"":[""x6"",""x9"",""x3"",""x0"",""x4"",""x1"",""x7"",""x5"",""x2"",""x11"",""x10"",""x8""]},{""sweep"":1,""seed"":1632120490,""nodes"":3,""setup_ns"":36300,""build_ns"":123600,""order"":[""x3"",""x1"",""x2"",""x10"",""x6"",""x8"",""x11"",""x0"",""x5"",""x4"",""x9"",""x7""]},{""sweep"":2,""seed"":1632120491,""nodes"":3,""setup_ns"":35100,""build_ns"":123800,""order"":[""x9"",""x0"",""x10"",""x6"",""x3"",""x11"",""x4"",""x2"",""x7"",""x1"",""x5"",""x8""]},{""sweep"":3,""seed"":1632120492,""nodes"":3,""setup_ns"":23500,""build_ns"":138900,""order"":[""x7"",""x11"",""x10"",""x8"",""x0"",""x2"",""x1"",""x3"",""x4"",""x6"",""x5"",""x9""]},{""sweep"":4,""seed"":1632120493,""nodes"":3,""setup_ns"":48600,""build_ns"":130000,""order"":[""x3"",""x2"",""x9"",""x6"",""x1"",""x8"",""x0"",""x7"",""x5"",""x4"",""x11"",""x10""]}]",1,2,1,5,8670.0,16770.0,4812.0,9139200.0,102829600.0,1.8017456359102244,0.516994633273703,0.0009486607142857143,"{""cm"":[8670.0,9032.0,10116.0,4984.0,7018.0,9030.0,6190.0],""cse"":[8228.0,17174.0,12296.0,8752.0,16770.0,18598.0,17416.0],""cnf"":[3350.0,3692.0,6482.0,4310.0,4812.0,6352.0,7064.0],""robdd_enumerate"":[8576600.0,10161600.0,11897800.0,8127200.0,9647200.0,8467600.0,9139200.0],""robdd_naive"":[123250800.0,105815900.0,122361500.0,97675300.0,96205200.0,102829600.0,101826100.0]}",256,True,135800.0,710500.0,5649700.0,2152700.0,0.024036674513690993,0.06308356947089701,"{""packed"":[160600.0,112200.0,135800.0,147000.0,89400.0,155800.0,94900.0],""scalar_cnf"":[929000.0,569800.0,981100.0,716100.0,710500.0,555500.0,529500.0],""robdd"":[6581400.0,5649700.0,6562100.0,7733200.0,5611500.0,5289800.0,5372600.0],""cadical"":[2580000.0,2698900.0,2141700.0,2929000.0,2115900.0,2152700.0,1999700.0]}",1200,30600,65731200,1024,True,699200,6115,521000,7707,48100,2448,871500,9645,1346,4466600,691100,True,39,4082700,634800,True,196,48249200,167915700,True,"{""dropped_satisfied_clauses"":456,""payload_sha256"":""1568a1dea5ef192366a643e5a1e3474c9467c55290015f986cb632f3fc77ec24"",""removed_fixed_false_literals"":269,""residual_clauses"":7,""residual_literals"":7,""slice_feature_names"":[""CONFIG_FEATURE_HDPARM_HDIO_SCAN_HWIF"",""CONFIG_FEATURE_GREP_FGREP_ALIAS"",""CONFIG_TEST"",""CONFIG_ASH_MAIL"",""CONFIG_ASH_MATH_SUPPORT_64"",""CONFIG_FEATURE_LS_USERNAME"",""CONFIG_FEATURE_EDITING_VI"",""CONFIG_EFENCE"",""CONFIG_FEATURE_FIND_PATH"",""CONFIG_FEATURE_ALLOW_EXEC"",""CONFIG_GETSEBOOL"",""CONFIG_DPKG""],""slice_variables"":[41,266,45,393,392,343,372,151,403,62,91,121],""source_clauses"":463}"
real|BusyBox@2007-05-20_17-12-43|incidence|k16,real,BusyBox@2007-05-20_17-12-43,BusyBox,incidence,16,135,30,156,0.7777777777777778,1,1.52587890625e-05,7787fb4ca518c88119ca77f02de015b2effab858b3a673f0274c960abbc59e9e,True,166000,2772600,546700,dd.autoref,autoref,38100,2892000,17,25900,2858100,17,20840100,"[{""sweep"":0,""seed"":1806837117,""nodes"":17,""setup_ns"":29000,""build_ns"":2874000,""order"":[""x9"",""x15"",""x5"",""x14"",""x0"",""x8"",""x4"",""x6"",""x11"",""x7"",""x2"",""x1"",""x10"",""x13"",""x12"",""x3""]},{""sweep"":1,""seed"":1806837118,""nodes"":17,""setup_ns"":32900,""build_ns"":2971400,""order"":[""x7"",""x4"",""x13"",""x11"",""x14"",""x3"",""x6"",""x8"",""x10"",""x12"",""x1"",""x2"",""x9"",""x15"",""x5"",""x0""]},{""sweep"":2,""seed"":1806837119,""nodes"":17,""setup_ns"":25900,""build_ns"":2858100,""order"":[""x4"",""x2"",""x14"",""x11"",""x7"",""x8"",""x0"",""x10"",""x5"",""x13"",""x1"",""x15"",""x6"",""x3"",""x12"",""x9""]},{""sweep"":3,""seed"":1806837120,""nodes"":17,""setup_ns"":23600,""build_ns"":5954800,""order"":[""x3"",""x7"",""x12"",""x10"",""x15"",""x0"",""x6"",""x13"",""x11"",""x14"",""x2"",""x9"",""x1"",""x4"",""x5"",""x8""]},{""sweep"":4,""seed"":1806837121,""nodes"":17,""setup_ns"":311900,""build_ns"":4283600,""order"":[""x13"",""x5"",""x0"",""x9"",""x7"",""x1"",""x14"",""x4"",""x6"",""x11"",""x8"",""x15"",""x10"",""x12"",""x2"",""x3""]}]",30,27,68,146,124970.0,222770.0,323840.0,95000.0,,0.3859004446640316,0.5609821789289402,1.3154736842105264,"{""cm"":[149120.0,204580.0,124970.0,136160.0,110740.0,112540.0,117720.0],""cse"":[267460.0,403530.0,247500.0,222770.0,218310.0,218140.0,220380.0],""cnf"":[394360.0,574540.0,450460.0,278450.0,265070.0,289690.0,323840.0],""robdd_enumerate"":[115300.0,146800.0,111900.0,95000.0,71200.0,78500.0,76200.0]}",256,True,314900.0,367700.0,4067100.0,2114100.0,0.07742617589928942,0.14895227283477602,"{""packed"":[295000.0,346400.0,314900.0,261500.0,361800.0,660800.0,283900.0],""scalar_cnf"":[354400.0,707100.0,367700.0,359400.0,529700.0,731900.0,366200.0],""robdd"":[3780700.0,4445100.0,3967200.0,4191400.0,4033500.0,4067100.0,4708900.0],""cadical"":[1722300.0,1974500.0,3163900.0,1785000.0,2420700.0,2114100.0,2525800.0]}",5600,96100,,,True,25368400,287191,8725200,259463,1040300,52796,16447700,168317,20121,7582700,864400,True,657,2958200,2048700,True,576,87212500,68937800,True,"{""dropped_satisfied_clauses"":328,""payload_sha256"":""1568a1dea5ef192366a643e5a1e3474c9467c55290015f986cb632f3fc77ec24"",""removed_fixed_false_literals"":309,""residual_clauses"":135,""residual_literals"":156,""slice_feature_names"":[""CONFIG_GETOPT_LONG"",""CONFIG_FIND"",""CONFIG_ASH"",""CONFIG_FEATURE_SYSLOG"",""CONFIG_FEATURE_IFUPDOWN_IP_BUILTIN"",""CONFIG_SELINUX"",""CONFIG_IP"",""CONFIG_FEATURE_WTMP"",""CONFIG_VI"",""CONFIG_FEATURE_UTMP"",""CONFIG_FEATURE_IP_SHORT_FORMS"",""CONFIG_NITPICK"",""CONFIG_LOGIN"",""CONFIG_SU"",""CONFIG_LS"",""CONFIG_TAR""],""slice_variables"":[24,9,92,100,49,71,47,56,12,57,95,20,35,53,80,166],""source_clauses"":463}"
real|BusyBox@2007-05-20_17-12-43|hash|k16,real,BusyBox@2007-05-20_17-12-43,BusyBox,hash,16,8,3,8,0.625,8192,0.125,f458b3b440a2835a251aa714af499af20b1db7effe1c6887dc88aeb72c653fbf,True,53700,333600,171600,dd.autoref,autoref,51400,192500,4,24400,95800,4,2189500,"[{""sweep"":0,""seed"":1523744629,""nodes"":4,""setup_ns"":41300,""build_ns"":177200,""order"":[""x10"",""x13"",""x11"",""x7"",""x6"",""x5"",""x2"",""x3"",""x12"",""x15"",""x4"",""x0"",""x1"",""x9"",""x14"",""x8""]},{""sweep"":1,""seed"":1523744630,""nodes"":4,""setup_ns"":61100,""build_ns"":164200,""order"":[""x13"",""x2"",""x3"",""x11"",""x6"",""x14"",""x12"",""x15"",""x8"",""x1"",""x9"",""x7"",""x0"",""x5"",""x10"",""x4""]},{""sweep"":2,""seed"":1523744631,""nodes"":4,""setup_ns"":64300,""build_ns"":211800,""order"":[""x15"",""x5"",""x3"",""x11"",""x7"",""x13"",""x0"",""x10"",""x14"",""x1"",""x4"",""x12"",""x9"",""x6"",""x2"",""x8""]},{""sweep"":3,""seed"":1523744632,""nodes"":4,""setup_ns"":26500,""build_ns"":117100,""order"":[""x0"",""x6"",""x12"",""x11"",""x13"",""x2"",""x14"",""x15"",""x8"",""x10"",""x9"",""x4"",""x3"",""x7"",""x1"",""x5""]},{""sweep"":4,""seed"":1523744633,""nodes"":4,""setup_ns"":24400,""build_ns"":95800,""order"":[""x9"",""x4"",""x15"",""x12"",""x13"",""x10"",""x2"",""x14"",""x0"",""x5"",""x8"",""x6"",""x1"",""x7"",""x3"",""x11""]}]",1,2,2,6,33920.0,31770.0,30380.0,108166600.0,,1.1165240289664253,1.0676739062008185,0.00031359033195089796,"{""cm"":[34140.0,35890.0,20230.0,33920.0,22000.0,21010.0,40190.0],""cse"":[27550.0,31770.0,35090.0,25710.0,55890.0,24780.0,47970.0],""cnf"":[17570.0,38910.0,36570.0,23480.0,30380.0,27060.0,62790.0],""robdd_enumerate"":[102010000.0,110729800.0,107692800.0,120368100.0,100449000.0,108166600.0,132505900.0]}",256,True,950400.0,1190000.0,12680300.0,5052800.0,0.07495090810154334,0.18809373020899303,"{""packed"":[1744300.0,950400.0,1225400.0,1042800.0,662200.0,925500.0,838800.0],""scalar_cnf"":[1138200.0,1210900.0,1461400.0,1112400.0,1190000.0,1120200.0,1191000.0],""robdd"":[16123700.0,14237200.0,14490900.0,11990500.0,12680300.0,11427100.0,9087300.0],""cadical"":[5545100.0,5678700.0,5435900.0,4574800.0,5052800.0,4588800.0,3922200.0]}",4700,36500,,,True,1453300,30319,1069200,39647,124300,35216,1943400,10941,16770,7359900,713700,True,44,3183400,688100,True,260,54346700,42794300,True,"{""dropped_satisfied_clauses"":455,""payload_sha256"":""1568a1dea5ef192366a643e5a1e3474c9467c55290015f986cb632f3fc77ec24"",""removed_fixed_false_literals"":266,""residual_clauses"":8,""residual_literals"":8,""slice_feature_names"":[""CONFIG_FEATURE_HDPARM_HDIO_SCAN_HWIF"",""CONFIG_FEATURE_GREP_FGREP_ALIAS"",""CONFIG_TEST"",""CONFIG_ASH_MAIL"",""CONFIG_ASH_MATH_SUPPORT_64"",""CONFIG_FEATURE_LS_USERNAME"",""CONFIG_FEATURE_EDITING_VI"",""CONFIG_EFENCE"",""CONFIG_FEATURE_FIND_PATH"",""CONFIG_FEATURE_ALLOW_EXEC"",""CONFIG_GETSEBOOL"",""CONFIG_DPKG"",""CONFIG_FEATURE_RUN_PARTS_FANCY"",""CONFIG_FEATURE_INITRD"",""CONFIG_TASKSET"",""CONFIG_FAKEIDENTD""],""slice_variables"":[41,266,45,393,392,343,372,151,403,62,91,121,97,433,273,376],""source_clauses"":463}"
synthetic|k8|m1|d0.0|s2026082711,synthetic,planted-k8-m1-d0.0-s2026082711,synthetic,planted,8,8,8,26,0.0,72,0.28125,15169e026831c7a3355517f373f7813f708c94389d235e7fdefca8aeb4f6eed2,True,84300,1212000,274000,dd.autoref,autoref,58200,1273700,15,43400,1019600,12,8284200,"[{""sweep"":0,""seed"":1550292486,""nodes"":19,""setup_ns"":41700,""build_ns"":1279500,""order"":[""x7"",""x3"",""x2"",""x6"",""x0"",""x5"",""x1"",""x4""]},{""sweep"":1,""seed"":1550292487,""nodes"":12,""setup_ns"":43400,""build_ns"":1019600,""order"":[""x5"",""x1"",""x2"",""x7"",""x3"",""x6"",""x4"",""x0""]},{""sweep"":2,""seed"":1550292488,""nodes"":16,""setup_ns"":41700,""build_ns"":1054400,""order"":[""x1"",""x2"",""x5"",""x4"",""x0"",""x6"",""x3"",""x7""]},{""sweep"":3,""seed"":1550292489,""nodes"":18,""setup_ns"":40800,""build_ns"":1114800,""order"":[""x0"",""x6"",""x3"",""x1"",""x7"",""x2"",""x4"",""x5""]},{""sweep"":4,""seed"":1550292490,""nodes"":21,""setup_ns"":38000,""build_ns"":1463300,""order"":[""x3"",""x6"",""x5"",""x7"",""x1"",""x2"",""x0"",""x4""]}]",14,14,31,31,58864.5,58803.0,8044.5,602600.0,7456300.0,7.317359686742495,1.0010458650068874,0.09768420179223365,"{""cm"":[74966.0,68702.0,56119.0,70121.5,51761.5,58864.5,52924.5],""cse"":[61470.5,70178.5,61786.5,58803.0,56021.5,54474.0,54720.0],""cnf"":[8348.0,7363.0,6474.5,8985.5,9938.0,8044.5,5533.0],""robdd_enumerate"":[959800.0,484500.0,466500.0,652000.0,602600.0,600600.0,630000.0],""robdd_naive"":[8466400.0,7819200.0,5658900.0,8144100.0,7210700.0,7456300.0,4518400.0]}",256,True,99400.0,874500.0,8918900.0,3539300.0,0.011144872125486326,0.028084649506964654,"{""packed"":[84400.0,99400.0,84100.0,95800.0,103000.0,105800.0,152000.0],""scalar_cnf"":[855400.0,846200.0,1213900.0,874500.0,776100.0,1164700.0,1224000.0],""robdd"":[6094700.0,8918900.0,8419800.0,8852700.0,9287200.0,9080600.0,9265800.0],""cadical"":[2453900.0,3952400.0,3443200.0,3659800.0,3269400.0,4193200.0,3539300.0]}",700,62400,2494700,72,True,5758300,25197,2416700,24765,157000,536,3440700,30324,1786,5014300,725200,True,90,3101400,550000,True,404,66835700,53277000,True,"{""actual_duplicate_fraction"":0.0,""clause_multiplier"":1,""residual_clauses"":8,""residual_literals"":26,""seed"":2026082711,""target_duplicate_fraction"":0.0,""unique_clauses"":8}"
synthetic|k8|m1|d0.0|s2026082712,synthetic,planted-k8-m1-d0.0-s2026082712,synthetic,planted,8,8,8,22,0.0,44,0.171875,d8fe36390c3f177fe9e96f1b303b804e01876c58c65df05916bd4dd3a60b87f0,True,85500,900700,310000,dd.autoref,autoref,34000,688500,11,30800,837400,7,5574900,"[{""sweep"":0,""seed"":1159971278,""nodes"":10,""setup_ns"":43200,""build_ns"":747900,""order"":[""x7"",""x2"",""x3"",""x0"",""x1"",""x4"",""x6"",""x5""]},{""sweep"":1,""seed"":1159971279,""nodes"":8,""setup_ns"":34400,""build_ns"":793600,""order"":[""x2"",""x6"",""x3"",""x1"",""x7"",""x0"",""x4"",""x5""]},{""sweep"":2,""seed"":1159971280,""nodes"":7,""setup_ns"":30800,""build_ns"":837400,""order"":[""x7"",""x6"",""x3"",""x2"",""x1"",""x5"",""x0"",""x4""]},{""sweep"":3,""seed"":1159971281,""nodes"":11,""setup_ns"":32900,""build_ns"":656500,""order"":[""x0"",""x1"",""x4"",""x7"",""x2"",""x6"",""x3"",""x5""]},{""sweep"":4,""seed"":1159971282,""nodes"":8,""setup_ns"":40600,""build_ns"":747000,""order"":[""x2"",""x7"",""x5"",""x0"",""x4"",""x1"",""x3"",""x6""]}]",14,14,26,26,52408.0,57620.0,7158.5,473900.0,7171900.0,7.3210868198644965,0.9095452967719542,0.11058873179995779,"{""cm"":[48111.5,39181.0,52408.0,58305.5,58995.0,63949.0,42770.5],""cse"":[46053.0,46189.0,56469.0,57620.0,62243.5,65881.5,57865.0],""cnf"":[6581.5,8519.5,8903.0,7158.5,9483.0,6661.0,6262.5],""robdd_enumerate"":[303000.0,445400.0,473900.0,567100.0,481100.0,502300.0,417800.0],""robdd_naive"":[5534000.0,6383000.0,7171900.0,8972400.0,8422100.0,10167400.0,7129000.0]}",256,True,111100.0,1052100.0,9391900.0,3988500.0,0.011829342305603764,0.027855083364673437,"{""packed"":[60600.0,109700.0,105400.0,118800.0,114400.0,111100.0,116300.0],""scalar_cnf"":[539600.0,1052100.0,1305200.0,1256000.0,972100.0,963700.0,1091500.0],""robdd"":[9165200.0,10585800.0,10235000.0,10855600.0,9173000.0,9217100.0,9391900.0],""cadical"":[3916000.0,3925700.0,4785800.0,4550300.0,4488200.0,3935000.0,3988500.0]}",1000,78500,2892200,44,True,7967000,23352,4463000,23584,182900,540,5246000,26379,1780,4454800,590200,True,82,3227300,762500,True,322,51011100,69595700,True,"{""actual_duplicate_fraction"":0.0,""clause_multiplier"":1,""residual_clauses"":8,""residual_literals"":22,""seed"":2026082712,""target_duplicate_fraction"":0.0,""unique_clauses"":8}"
synthetic|k8|m1|d0.5|s2026082711,synthetic,planted-k8-m1-d0.5-s2026082711,synthetic,planted,8,8,4,25,0.5,96,0.375,f2c55f27d83110b3f98cd566a8c8a78c0c971ab1ce2c180942e7b777c78b50a6,True,86300,520600,209400,dd.autoref,autoref,52300,832400,4,29500,485500,4,5313000,"[{""sweep"":0,""seed"":1469195780,""nodes"":5,""setup_ns"":31700,""build_ns"":432200,""order"":[""x0"",""x4"",""x1"",""x6"",""x2"",""x7"",""x3"",""x5""]},{""sweep"":1,""seed"":1469195781,""nodes"":5,""setup_ns"":24800,""build_ns"":673400,""order"":[""x3"",""x1"",""x7"",""x4"",""x6"",""x5"",""x2"",""x0""]},{""sweep"":2,""seed"":1469195782,""nodes"":5,""setup_ns"":39100,""build_ns"":960400,""order"":[""x0"",""x7"",""x1"",""x3"",""x5"",""x6"",""x2"",""x4""]},{""sweep"":3,""seed"":1469195783,""nodes"":4,""setup_ns"":29500,""build_ns"":485500,""order"":[""x4"",""x7"",""x5"",""x3"",""x0"",""x1"",""x2"",""x6""]},{""sweep"":4,""seed"":1469195784,""nodes"":5,""setup_ns"":36600,""build_ns"":829500,""order"":[""x5"",""x4"",""x1"",""x7"",""x3"",""x0"",""x6"",""x2""]}]",10,9,15,18,26543.0,34110.5,8081.5,698800.0,6882300.0,3.2844150219637442,0.7781474912416998,0.03798368631940469,"{""cm"":[30869.5,24686.0,26543.0,29793.5,34197.5,23406.0,25144.5],""cse"":[38280.5,28858.0,32823.5,34110.5,34966.5,29190.0,42079.5],""cnf"":[9370.0,7981.5,9358.5,11059.5,6551.0,8081.5,6444.5],""robdd_enumerate"":[782000.0,625800.0,1015400.0,1050800.0,698800.0,590900.0,512100.0],""robdd_naive"":[7273400.0,5882700.0,7516100.0,8165200.0,5972100.0,6882300.0,5995800.0]}",256,True,67100.0,1551200.0,7021600.0,3281700.0,0.009556226501082375,0.020446719687966602,"{""packed"":[58700.0,67100.0,93900.0,62200.0,101800.0,90100.0,54100.0],""scalar_cnf"":[1220700.0,1538000.0,1840500.0,1926500.0,1732600.0,1551200.0,1057500.0],""robdd"":[6846700.0,5638100.0,8873400.0,8663300.0,7021600.0,8470400.0,5590600.0],""cadical"":[3215600.0,2544600.0,3712200.0,3413700.0,2868700.0,3362500.0,3281700.0]}",600,26900,3352900,96,True,3621600,15663,1586200,19271,170500,540,2740800,13603,1245,4391300,546000,True,91,2719700,511900,True,178,40843700,34624700,True,"{""actual_duplicate_fraction"":0.5,""clause_multiplier"":1,""residual_clauses"":8,""residual_literals"":25,""seed"":2026082711,""target_duplicate_fraction"":0.5,""unique_clauses"":4}"
synthetic|k8|m1|d0.5|s2026082712,synthetic,planted-k8-m1-d0.5-s2026082712,synthetic,planted,8,8,4,22,0.5,142,0.5546875,78a7bcc13fcf8b2df1d0517f20fd19b3d027533a17af1fc09e577d1118f02020,True,75500,898300,204800,dd.autoref,autoref,45000,477900,14,29600,417200,13,4972500,"[{""sweep"":0,""seed"":1045758190,""nodes"":13,""setup_ns"":29600,""build_ns"":417200,""order"":[""x0"",""x3"",""x6"",""x7"",""x5"",""x1"",""x4"",""x2""]},{""sweep"":1,""seed"":1045758191,""nodes"":15,""setup_ns"":41600,""build_ns"":892200,""order"":[""x2"",""x1"",""x3"",""x4"",""x0"",""x7"",""x5"",""x6""]},{""sweep"":2,""seed"":1045758192,""nodes"":16,""setup_ns"":36700,""build_ns"":442900,""order"":[""x0"",""x7"",""x4"",""x2"",""x5"",""x6"",""x3"",""x1""]},{""sweep"":3,""seed"":1045758193,""nodes"":16,""setup_ns"":25400,""build_ns"":718200,""order"":[""x2"",""x7"",""x3"",""x5"",""x1"",""x6"",""x0"",""x4""]},{""sweep"":4,""seed"":1045758194,""nodes"":17,""setup_ns"":37600,""build_ns"":672700,""order"":[""x3"",""x1"",""x4"",""x0"",""x2"",""x6"",""x5"",""x7""]}]",8,8,14,18,28397.5,25274.5,4872.5,920500.0,4645100.0,5.82811698306824,1.123563275237888,0.030850081477457904,"{""cm"":[27842.5,23383.0,37826.5,36015.5,31951.0,20712.5,28397.5],""cse"":[24229.5,25701.5,38683.5,31888.0,22837.0,25274.5,24615.0],""cnf"":[4872.5,5683.5,6137.0,7271.0,4406.5,4535.5,4509.0],""robdd_enumerate"":[826500.0,1118400.0,838300.0,1797900.0,892100.0,920500.0,1063800.0],""robdd_naive"":[6099900.0,5343200.0,4461900.0,7418800.0,4645100.0,4359600.0,4560700.0]}",256,True,66100.0,1123500.0,6001900.0,2844000.0,0.011013179159932688,0.023241912798874824,"{""packed"":[54600.0,80600.0,53200.0,66100.0,101100.0,54800.0,98000.0],""scalar_cnf"":[1291400.0,953200.0,1123500.0,953300.0,1945300.0,1468200.0,1112100.0],""robdd"":[5644700.0,4437100.0,5887200.0,7500800.0,6001900.0,6377000.0,6292700.0],""cadical"":[2824400.0,2258100.0,2247100.0,3486500.0,3727400.0,2844000.0,3115900.0]}",900,52400,4210000,142,True,3343800,17901,1960900,19637,136800,540,2469100,18675,1219,4281900,647500,True,75,3592400,676900,True,379,58414900,50308300,True,"{""actual_duplicate_fraction"":0.5,""clause_multiplier"":1,""residual_clauses"":8,""residual_literals"":22,""seed"":2026082712,""target_duplicate_fraction"":0.5,""unique_clauses"":4}"
synthetic|k8|m1|d0.9|s2026082711,synthetic,planted-k8-m1-d0.9-s2026082711,synthetic,planted,8,8,1,16,0.875,192,0.75,37ded1cb46609658314f9924738a40c7037b4176056f324c2a21914232c3a6dc,True,55900,290900,268500,dd.autoref,autoref,45700,244200,3,31100,222600,3,2837400,"[{""sweep"":0,""seed"":955899546,""nodes"":3,""setup_ns"":33400,""build_ns"":239800,""order"":[""x2"",""x0"",""x3"",""x4"",""x6"",""x5"",""x1"",""x7""]},{""sweep"":1,""seed"":955899547,""nodes"":3,""setup_ns"":33900,""build_ns"":245900,""order"":[""x4"",""x5"",""x1"",""x7"",""x6"",""x3"",""x2"",""x0""]},{""sweep"":2,""seed"":955899548,""nodes"":3,""setup_ns"":31300,""build_ns"":234400,""order"":[""x4"",""x0"",""x6"",""x5"",""x3"",""x1"",""x2"",""x7""]},{""sweep"":3,""seed"":955899549,""nodes"":3,""setup_ns"":30400,""build_ns"":233800,""order"":[""x4"",""x3"",""x0"",""x5"",""x7"",""x2"",""x1"",""x6""]},{""sweep"":4,""seed"":955899550,""nodes"":3,""setup_ns"":31100,""build_ns"":222600,""order"":[""x3"",""x2"",""x7"",""x1"",""x5"",""x6"",""x0"",""x4""]}]",1,4,1,4,3154.0,6826.0,2763.5,857900.0,3232800.0,1.1413063144563054,0.46205684148842663,0.003676419163072619,"{""cm"":[3452.5,3262.0,3154.0,3029.5,3076.0,3176.5,2918.0],""cse"":[7222.5,7848.5,6826.0,6724.0,6861.5,6463.5,6673.0],""cnf"":[2909.5,3335.5,2763.5,4073.5,2742.0,2693.5,2603.5],""robdd_enumerate"":[942100.0,910800.0,857900.0,843100.0,831300.0,1001300.0,807000.0],""robdd_naive"":[4597000.0,3252000.0,3232800.0,3078400.0,3345200.0,3028300.0,3187100.0]}",256,True,40800.0,836700.0,2828000.0,1631400.0,0.014427157001414427,0.02500919455682236,"{""packed"":[40800.0,39700.0,40300.0,38500.0,68700.0,65100.0,46000.0],""scalar_cnf"":[805100.0,836700.0,839300.0,812000.0,1502000.0,812100.0,1154300.0],""robdd"":[2801300.0,2838300.0,2783100.0,2724900.0,5091400.0,2886800.0,2828000.0],""cadical"":[1629200.0,1697400.0,1625000.0,1620300.0,2592000.0,1631400.0,1699000.0]}",500,20400,3045200,192,True,1281400,5838,995600,8206,54600,416,1837000,7883,385,2809900,575000,True,58,1724100,419400,True,156,26406300,23826900,True,"{""actual_duplicate_fraction"":0.875,""clause_multiplier"":1,""residual_clauses"":8,""residual_literals"":16,""seed"":2026082711,""target_duplicate_fraction"":0.9,""unique_clauses"":1}"
synthetic|k8|m1|d0.9|s2026082712,synthetic,planted-k8-m1-d0.9-s2026082712,synthetic,planted,8,8,1,32,0.875,240,0.9375,e5b74a44b8ed43c4de99d2c70475768a4abad7d6899b0c502e6f9a93457367fa,True,74800,427200,277100,dd.autoref,autoref,46200,841500,5,29400,522900,5,4756200,"[{""sweep"":0,""seed"":534811227,""nodes"":5,""setup_ns"":31500,""build_ns"":583400,""order"":[""x2"",""x7"",""x6"",""x4"",""x1"",""x5"",""x3"",""x0""]},{""sweep"":1,""seed"":534811228,""nodes"":5,""setup_ns"":29400,""build_ns"":522900,""order"":[""x5"",""x6"",""x7"",""x2"",""x3"",""x1"",""x4"",""x0""]},{""sweep"":2,""seed"":534811229,""nodes"":5,""setup_ns"":33700,""build_ns"":644900,""order"":[""x2"",""x1"",""x5"",""x4"",""x6"",""x3"",""x0"",""x7""]},{""sweep"":3,""seed"":534811230,""nodes"":5,""setup_ns"":32700,""build_ns"":621900,""order"":[""x1"",""x2"",""x3"",""x7"",""x6"",""x5"",""x0"",""x4""]},{""sweep"":4,""seed"":534811231,""nodes"":5,""setup_ns"":28300,""build_ns"":583200,""order"":[""x5"",""x2"",""x4"",""x6"",""x3"",""x1"",""x0"",""x7""]}]",3,6,5,8,11844.5,17778.5,7716.0,1930100.0,5644800.0,1.535057024364956,0.6662260595663301,0.0061367286669084505,"{""cm"":[13603.5,11844.5,13340.0,9359.0,14553.5,8900.0,10577.0],""cse"":[22981.0,17536.0,20083.5,18618.5,17778.5,13390.0,13751.5],""cnf"":[8519.5,10579.0,6767.0,7946.5,7480.0,6860.5,7716.0],""robdd_enumerate"":[1570500.0,1992200.0,1930100.0,1982100.0,1432300.0,1611700.0,2047300.0],""robdd_naive"":[6153600.0,6450800.0,5470900.0,5644800.0,5844900.0,4412900.0,5021300.0]}",256,True,46300.0,1455300.0,4541500.0,2270100.0,0.010194869536496752,0.02039557728734417,"{""packed"":[51500.0,45100.0,64700.0,44300.0,43900.0,46300.0,48800.0],""scalar_cnf"":[2235500.0,1162500.0,1455300.0,1306500.0,1185300.0,1997300.0,1536000.0],""robdd"":[5933600.0,4291300.0,4065900.0,3871200.0,5203300.0,4686300.0,4541500.0],""cadical"":[2270100.0,1898900.0,2126900.0,2295000.0,2785800.0,2311700.0,2235700.0]}",700,40000,4571100,240,True,1793000,10372,1483900,14340,182200,540,2326800,9035,639,3239700,510300,True,106,2574500,486800,True,194,32511500,32980000,True,"{""actual_duplicate_fraction"":0.875,""clause_multiplier"":1,""residual_clauses"":8,""residual_literals"":32,""seed"":2026082712,""target_duplicate_fraction"":0.9,""unique_clauses"":1}"
synthetic|k8|m8|d0.0|s2026082711,synthetic,planted-k8-m8-d0.0-s2026082711,synthetic,planted,8,64,64,181,0.0,1,0.00390625,03de22d278e3be1e8fdb7da3ee6679e6d514dee8fc118fb27a91664cdebed8af,True,199900,5339400,710500,dd.autoref,autoref,47600,6897600,9,30300,4844900,9,34376700,"[{""sweep"":0,""seed"":434324184,""nodes"":9,""setup_ns"":31400,""build_ns"":7051300,""order"":[""x6"",""x2"",""x4"",""x1"",""x3"",""x0"",""x5"",""x7""]},{""sweep"":1,""seed"":434324185,""nodes"":9,""setup_ns"":43000,""build_ns"":7756500,""order"":[""x5"",""x1"",""x2"",""x6"",""x0"",""x7"",""x4"",""x3""]},{""sweep"":2,""seed"":434324186,""nodes"":9,""setup_ns"":46800,""build_ns"":7117300,""order"":[""x3"",""x6"",""x1"",""x7"",""x4"",""x5"",""x0"",""x2""]},{""sweep"":3,""seed"":434324187,""nodes"":9,""setup_ns"":30300,""build_ns"":4844900,""order"":[""x0"",""x2"",""x3"",""x4"",""x5"",""x1"",""x6"",""x7""]},{""sweep"":4,""seed"":434324188,""nodes"":9,""setup_ns"":40800,""build_ns"":5394500,""order"":[""x3"",""x7"",""x2"",""x1"",""x6"",""x5"",""x4"",""x0""]}]",75,75,162,162,263745.0,269806.5,52909.5,101600.0,6107800.0,4.984832591500581,0.9775338992944944,2.5959153543307085,"{""cm"":[301557.0,275804.0,254328.0,222720.5,332553.5,263745.0,250941.0],""cse"":[284225.5,243772.5,269806.5,267898.0,253610.0,282621.5,299084.0],""cnf"":[52909.5,51077.0,48368.5,50264.5,59334.0,54079.5,55451.5],""robdd_enumerate"":[82900.0,108000.0,96000.0,106300.0,101600.0,106600.0,83300.0],""robdd_naive"":[6107800.0,7618900.0,4558500.0,6410100.0,4694300.0,6639900.0,5515800.0]}",256,True,39700.0,1614000.0,6229000.0,2779500.0,0.006373414673302296,0.014283144450440727,"{""packed"":[62900.0,35800.0,31000.0,39700.0,89700.0,34100.0,72600.0],""scalar_cnf"":[2328000.0,1150000.0,1499100.0,1285200.0,1614000.0,2055300.0,1822100.0],""robdd"":[7708800.0,5528000.0,5950500.0,6229000.0,6156500.0,7582300.0,6295300.0],""cadical"":[3483700.0,3030800.0,2270000.0,2183300.0,3441500.0,2259600.0,2779500.0]}",1300,58800,1316500,1,True,25097500,117664,11920000,115152,614100,540,24555900,218748,7505,5080700,731700,True,591,2895600,676600,True,293,76954100,35350900,True,"{""actual_duplicate_fraction"":0.0,""clause_multiplier"":8,""residual_clauses"":64,""residual_literals"":181,""seed"":2026082711,""target_duplicate_fraction"":0.0,""unique_clauses"":64}"
synthetic|k8|m8|d0.0|s2026082712,synthetic,planted-k8-m8-d0.0-s2026082712,synthetic,planted,8,64,64,188,0.0,1,0.00390625,0193d8ff39177fc604d8c0e60d5495222da10cd84d4ae6d12bf84ca923158b31,True,379900,4350400,849000,dd.autoref,autoref,38300,5622100,9,53700,5568300,9,36942400,"[{""sweep"":0,""seed"":792165965,""nodes"":9,""setup_ns"":53700,""build_ns"":5568300,""order"":[""x1"",""x5"",""x2"",""x3"",""x0"",""x6"",""x4"",""x7""]},{""sweep"":1,""seed"":792165966,""nodes"":9,""setup_ns"":35600,""build_ns"":7215500,""order"":[""x0"",""x2"",""x1"",""x5"",""x3"",""x6"",""x7"",""x4""]},{""sweep"":2,""seed"":792165967,""nodes"":9,""setup_ns"":48700,""build_ns"":6549400,""order"":[""x2"",""x4"",""x5"",""x7"",""x3"",""x6"",""x1"",""x0""]},{""sweep"":3,""seed"":792165968,""nodes"":9,""setup_ns"":47000,""build_ns"":6626600,""order"":[""x3"",""x4"",""x2"",""x1"",""x6"",""x5"",""x0"",""x7""]},{""sweep"":4,""seed"":792165969,""nodes"":9,""setup_ns"":43200,""build_ns"":8502700,""order"":[""x7"",""x4"",""x0"",""x5"",""x2"",""x6"",""x3"",""x1""]}]",80,80,162,162,267176.0,268544.0,50040.0,100600.0,6029300.0,5.339248601119105,0.9949058627264061,2.6558250497017895,"{""cm"":[291970.0,254230.5,267176.0,262766.0,283900.0,286005.0,213742.5],""cse"":[258552.5,209273.5,300243.0,325148.5,301647.5,268544.0,255139.0],""cnf"":[61901.0,40323.0,49601.5,50040.0,61627.5,46651.5,50055.0],""robdd_enumerate"":[100600.0,97600.0,113000.0,81900.0,108500.0,105900.0,82300.0],""robdd_naive"":[7256100.0,6029300.0,8318400.0,4769800.0,5659800.0,7295300.0,5030100.0]}",256,True,59700.0,1581200.0,5537300.0,3503600.0,0.010781427771657666,0.01703961639456559,"{""packed"":[47700.0,47100.0,53500.0,85300.0,112000.0,95900.0,59700.0],""scalar_cnf"":[1452100.0,1118700.0,1581200.0,2242600.0,2232200.0,2511000.0,1275000.0],""robdd"":[4223700.0,4950300.0,5421000.0,7653900.0,8513700.0,5831900.0,5537300.0],""cadical"":[2271500.0,1855900.0,3532200.0,3503600.0,4060300.0,3827900.0,2959700.0]}",1000,43200,1318600,1,True,28904400,120744,11530800,119120,920600,540,23419300,214844,7825,4880600,741500,True,606,3432500,675000,True,298,74753700,35407300,True,"{""actual_duplicate_fraction"":0.0,""clause_multiplier"":8,""residual_clauses"":64,""residual_literals"":188,""seed"":2026082712,""target_duplicate_fraction"":0.0,""unique_clauses"":64}"
synthetic|k8|m8|d0.5|s2026082711,synthetic,planted-k8-m8-d0.5-s2026082711,synthetic,planted,8,64,32,169,0.5,1,0.00390625,0bfc42ae0f93d32617bb3c7cf8e4a6515aa8668922e05af39a27cae39f9ca221,True,178800,4576100,1096200,dd.autoref,autoref,40100,5860800,9,39500,4366200,9,27254800,"[{""sweep"":0,""seed"":127310429,""nodes"":9,""setup_ns"":47400,""build_ns"":4898700,""order"":[""x5"",""x7"",""x4"",""x2"",""x0"",""x6"",""x1"",""x3""]},{""sweep"":1,""seed"":127310430,""nodes"":9,""setup_ns"":31800,""build_ns"":5519900,""order"":[""x5"",""x0"",""x7"",""x2"",""x4"",""x1"",""x6"",""x3""]},{""sweep"":2,""seed"":127310431,""nodes"":9,""setup_ns"":47000,""build_ns"":5448700,""order"":[""x5"",""x1"",""x6"",""x0"",""x7"",""x4"",""x3"",""x2""]},{""sweep"":3,""seed"":127310432,""nodes"":9,""setup_ns"":39500,""build_ns"":4366200,""order"":[""x2"",""x5"",""x7"",""x6"",""x3"",""x4"",""x0"",""x1""]},{""sweep"":4,""seed"":127310433,""nodes"":9,""setup_ns"":37600,""build_ns"":4618000,""order"":[""x5"",""x0"",""x6"",""x4"",""x3"",""x1"",""x2"",""x7""]}]",40,40,83,115,137234.5,185850.5,49362.5,107400.0,5556900.0,2.780136743479362,0.7384134021700237,1.2777886405959031,"{""cm"":[137234.5,130609.0,150174.5,104238.0,130795.0,139967.5,160811.5],""cse"":[222747.5,146360.5,185850.5,199619.5,188488.0,167996.5,151159.5],""cnf"":[52928.0,49362.5,46621.0,53307.0,41580.5,60219.5,47047.0],""robdd_enumerate"":[100100.0,112000.0,74000.0,115200.0,107400.0,130400.0,86400.0],""robdd_naive"":[6542900.0,5953300.0,5556900.0,4506600.0,4719200.0,7515800.0,5473400.0]}",256,True,80800.0,1049900.0,7577900.0,2598000.0,0.010662584621069162,0.031100846805234797,"{""packed"":[47700.0,87000.0,85100.0,50800.0,63100.0,89100.0,80800.0],""scalar_cnf"":[698300.0,1410400.0,1168800.0,1017700.0,960200.0,1173200.0,1049900.0],""robdd"":[7796000.0,6120900.0,4601800.0,7670700.0,7577900.0,8187900.0,4654200.0],""cadical"":[1917900.0,2285200.0,3279200.0,2442000.0,3000700.0,3418900.0,2598000.0]}",1000,56200,1509100,1,True,22972300,97880,13775400,90064,807900,540,13215300,123363,4188,5761700,873300,True,558,4003300,791700,True,298,84187900,42575500,True,"{""actual_duplicate_fraction"":0.5,""clause_multiplier"":8,""residual_clauses"":64,""residual_literals"":169,""seed"":2026082711,""target_duplicate_fraction"":0.5,""unique_clauses"":32}"
synthetic|k8|m8|d0.5|s2026082712,synthetic,planted-k8-m8-d0.5-s2026082712,synthetic,planted,8,64,32,176,0.5,1,0.00390625,c7f6dfa7f3e4f92d6c20aeeae921fa209685d0c20714d69a95d1f94fa41d097c,True,238100,3798100,1128400,dd.autoref,autoref,42800,7821200,9,38200,5129900,9,33911600,"[{""sweep"":0,""seed"":1238474199,""nodes"":9,""setup_ns"":32000,""build_ns"":5612600,""order"":[""x5"",""x2"",""x0"",""x3"",""x4"",""x1"",""x7"",""x6""]},{""sweep"":1,""seed"":1238474200,""nodes"":9,""setup_ns"":31500,""build_ns"":6575900,""order"":[""x3"",""x5"",""x0"",""x7"",""x6"",""x1"",""x4"",""x2""]},{""sweep"":2,""seed"":1238474201,""nodes"":9,""setup_ns"":49000,""build_ns"":6795200,""order"":[""x0"",""x5"",""x3"",""x1"",""x6"",""x2"",""x4"",""x7""]},{""sweep"":3,""seed"":1238474202,""nodes"":9,""setup_ns"":44600,""build_ns"":7581300,""order"":[""x4"",""x1"",""x2"",""x3"",""x7"",""x5"",""x0"",""x6""]},{""sweep"":4,""seed"":1238474203,""nodes"":9,""setup_ns"":38200,""build_ns"":5129900,""order"":[""x1"",""x6"",""x5"",""x7"",""x2"",""x4"",""x0"",""x3""]}]",37,37,96,125,138188.0,130548.5,48452.0,85300.0,3175300.0,2.85205977049451,1.0585184816370927,1.620023446658851,"{""cm"":[138188.0,172330.5,177640.0,141739.0,86969.5,81928.5,85903.5],""cse"":[227699.5,209682.0,198652.0,112671.5,130548.5,101113.5,102747.5],""cnf"":[48452.0,61368.0,69380.5,50229.0,29831.0,31943.0,31966.0],""robdd_enumerate"":[86400.0,104400.0,144400.0,85300.0,76900.0,83400.0,68400.0],""robdd_naive"":[6497800.0,6037200.0,6070900.0,3175300.0,2952600.0,3028400.0,3028100.0]}",256,True,63100.0,1132900.0,4167500.0,2499000.0,0.015140971805638873,0.025250100040016005,"{""packed"":[42800.0,68000.0,67400.0,62900.0,41800.0,63100.0,78100.0],""scalar_cnf"":[1056000.0,1132900.0,1718200.0,1645900.0,1058400.0,1114300.0,1747100.0],""robdd"":[3398700.0,5007300.0,5570700.0,4167500.0,3468700.0,4016100.0,5323800.0],""cadical"":[1920900.0,2640600.0,2499000.0,2535700.0,1761900.0,2380000.0,2777400.0]}",500,32900,754200,1,True,26110700,98664,8462500,98888,504100,540,17456600,141027,4152,4681100,642200,True,588,3021200,586100,True,296,84525200,35316200,True,"{""actual_duplicate_fraction"":0.5,""clause_multiplier"":8,""residual_clauses"":64,""residual_literals"":176,""seed"":2026082712,""target_duplicate_fraction"":0.5,""unique_clauses"":32}"
synthetic|k8|m8|d0.9|s2026082711,synthetic,planted-k8-m8-d0.9-s2026082711,synthetic,planted,8,64,6,192,0.90625,61,0.23828125,135c04431f2cd7b2238e8b68e4c5a62a9707898a47e3cff2117724fa8475341d,True,265300,6196500,701000,dd.autoref,autoref,45700,5223900,23,59400,6432100,19,35725300,"[{""sweep"":0,""seed"":796854295,""nodes"":28,""setup_ns"":44000,""build_ns"":6381400,""order"":[""x5"",""x7"",""x1"",""x3"",""x2"",""x0"",""x4"",""x6""]},{""sweep"":1,""seed"":796854296,""nodes"":25,""setup_ns"":50900,""build_ns"":6297100,""order"":[""x5"",""x4"",""x6"",""x0"",""x2"",""x7"",""x3"",""x1""]},{""sweep"":2,""seed"":796854297,""nodes"":20,""setup_ns"":41600,""build_ns"":6493100,""order"":[""x0"",""x5"",""x1"",""x6"",""x4"",""x7"",""x3"",""x2""]},{""sweep"":3,""seed"":796854298,""nodes"":19,""setup_ns"":59400,""build_ns"":6432100,""order"":[""x4"",""x5"",""x2"",""x7"",""x0"",""x6"",""x3"",""x1""]},{""sweep"":4,""seed"":796854299,""nodes"":23,""setup_ns"":49300,""build_ns"":7397400,""order"":[""x0"",""x1"",""x5"",""x4"",""x7"",""x3"",""x6"",""x2""]}]",21,22,39,70,69212.0,117829.0,59903.5,626500.0,6719900.0,1.155391588137588,0.587393595804089,0.11047406225059857,"{""cm"":[69162.0,80357.5,69212.0,72755.5,60989.0,95057.5,66840.5],""cse"":[126662.0,117218.5,142185.5,106916.5,128810.5,117829.0,104148.0],""cnf"":[68985.0,66392.0,67074.0,59903.5,52450.0,59024.0,57207.0],""robdd_enumerate"":[1089200.0,828900.0,570100.0,626500.0,447200.0,801900.0,486700.0],""robdd_naive"":[7967300.0,8284600.0,6719900.0,5779600.0,5855100.0,8398400.0,6116400.0]}",256,True,80200.0,4034400.0,7466200.0,2911700.0,0.010741742787495647,0.027544046433355084,"{""packed"":[54900.0,98700.0,99500.0,80200.0,60100.0,56500.0,94100.0],""scalar_cnf"":[4805900.0,4066300.0,5738700.0,4027000.0,3516200.0,4034400.0,3050100.0],""robdd"":[8301100.0,6139700.0,7913300.0,6535400.0,7466200.0,7830100.0,4720900.0],""cadical"":[2601200.0,3717500.0,3940100.0,2796200.0,2911700.0,2345400.0,3455900.0]}",800,68200,1776400,61,True,15517100,61528,8410700,67888,600500,540,15440500,92348,2393,4146800,742900,True,635,3282700,2407500,True,580,96792800,53263100,True,"{""actual_duplicate_fraction"":0.90625,""clause_multiplier"":8,""residual_clauses"":64,""residual_literals"":192,""seed"":2026082711,""target_duplicate_fraction"":0.9,""unique_clauses"":6}"
synthetic|k8|m8|d0.9|s2026082712,synthetic,planted-k8-m8-d0.9-s2026082712,synthetic,planted,8,64,6,187,0.90625,44,0.171875,72c4eb6bff45536fae771ba336c446b47ad17a57cafe5e04a574bbf76368867f,True,450300,3403100,1312500,dd.autoref,autoref,59000,4578600,13,35800,3983800,12,26537200,"[{""sweep"":0,""seed"":352075700,""nodes"":12,""setup_ns"":35800,""build_ns"":3983800,""order"":[""x7"",""x3"",""x5"",""x1"",""x0"",""x2"",""x6"",""x4""]},{""sweep"":1,""seed"":352075701,""nodes"":28,""setup_ns"":46600,""build_ns"":5683700,""order"":[""x7"",""x2"",""x3"",""x4"",""x6"",""x1"",""x5"",""x0""]},{""sweep"":2,""seed"":352075702,""nodes"":21,""setup_ns"":72800,""build_ns"":4829000,""order"":[""x1"",""x4"",""x7"",""x0"",""x6"",""x3"",""x2"",""x5""]},{""sweep"":3,""seed"":352075703,""nodes"":27,""setup_ns"":34500,""build_ns"":5733000,""order"":[""x2"",""x4"",""x1"",""x5"",""x3"",""x6"",""x7"",""x0""]},{""sweep"":4,""seed"":352075704,""nodes"":13,""setup_ns"":47900,""build_ns"":3722500,""order"":[""x0"",""x6"",""x1"",""x2"",""x5"",""x4"",""x7"",""x3""]}]",19,21,35,69,79349.0,110306.0,58158.0,537500.0,8219500.0,1.3643694762543417,0.7193534349899371,0.14762604651162792,"{""cm"":[88703.5,84367.0,107705.5,79349.0,75186.5,71379.5,55006.0],""cse"":[82812.5,141272.0,110306.0,112277.5,129516.0,102885.5,94021.0],""cnf"":[45723.5,58158.0,92440.0,79042.0,58169.5,54016.5,40873.0],""robdd_enumerate"":[562300.0,527900.0,516800.0,541700.0,537500.0,613200.0,463000.0],""robdd_naive"":[8219600.0,5615500.0,11738200.0,8246800.0,8219500.0,7647000.0,7186700.0]}",256,True,75400.0,5039600.0,7001700.0,3261200.0,0.010768813288201437,0.023120323807187537,"{""packed"":[75400.0,75100.0,94900.0,93900.0,56400.0,85700.0,50900.0],""scalar_cnf"":[5933900.0,5039600.0,5261300.0,5184900.0,4913100.0,3455500.0,3678600.0],""robdd"":[5819400.0,7001700.0,8542800.0,7651600.0,8283400.0,5213800.0,5219900.0],""cadical"":[2811300.0,2868600.0,3261200.0,3822700.0,3295500.0,2619500.0,3292500.0]}",600,69800,2568700,44,True,13656100,58064,10780200,67200,740700,540,14219700,64019,2223,4733400,606900,True,590,4081300,645200,True,363,84575300,42051100,True,"{""actual_duplicate_fraction"":0.90625,""clause_multiplier"":8,""residual_clauses"":64,""residual_literals"":187,""seed"":2026082712,""target_duplicate_fraction"":0.9,""unique_clauses"":6}"
synthetic|k8|m64|d0.0|s2026082711,synthetic,planted-k8-m64-d0.0-s2026082711,synthetic,planted,8,512,512,1669,0.0,1,0.00390625,d05070bc61fc95f05359b8b36c70db0e3d5fc077f73c02ccf4310a24c91a0f33,True,5733000,53844400,11127300,dd.autoref,autoref,66800,71955400,9,38900,48342500,9,297107300,"[{""sweep"":0,""seed"":677689189,""nodes"":9,""setup_ns"":46400,""build_ns"":73657100,""order"":[""x7"",""x5"",""x3"",""x6"",""x1"",""x2"",""x4"",""x0""]},{""sweep"":1,""seed"":677689190,""nodes"":9,""setup_ns"":43100,""build_ns"":64311400,""order"":[""x5"",""x2"",""x6"",""x3"",""x4"",""x1"",""x7"",""x0""]},{""sweep"":2,""seed"":677689191,""nodes"":9,""setup_ns"":51300,""build_ns"":57659600,""order"":[""x0"",""x1"",""x7"",""x3"",""x4"",""x6"",""x5"",""x2""]},{""sweep"":3,""seed"":677689192,""nodes"":9,""setup_ns"":38900,""build_ns"":48342500,""order"":[""x6"",""x7"",""x3"",""x1"",""x0"",""x4"",""x2"",""x5""]},{""sweep"":4,""seed"":677689193,""nodes"":9,""setup_ns"":34700,""build_ns"":50599000,""order"":[""x7"",""x1"",""x2"",""x5"",""x3"",""x4"",""x0"",""x6""]}]",534,534,1052,1052,1755546.5,1812060.0,461502.5,112900.0,6157200.0,3.8039804768121517,0.9688125669127954,15.549570416297609,"{""cm"":[1733119.5,1997845.0,1335517.5,1958158.0,2354964.5,1755546.5,1708078.5],""cse"":[1812060.0,1921688.0,1747010.5,2166605.5,1695180.5,1772502.0,1851133.0],""cnf"":[505478.5,435060.5,482702.0,461502.5,394327.5,441850.0,509394.0],""robdd_enumerate"":[107400.0,112900.0,116700.0,114400.0,100600.0,106800.0,123800.0],""robdd_naive"":[8657600.0,8284100.0,4734000.0,5345800.0,5485800.0,6157200.0,6386500.0]}",256,True,69600.0,2102300.0,5282700.0,2594400.0,0.01317508092452723,0.02682701202590194,"{""packed"":[45300.0,43200.0,68400.0,100700.0,69600.0,69900.0,77300.0],""scalar_cnf"":[3019300.0,1815300.0,2248600.0,2207300.0,1746700.0,2102300.0,1985900.0],""robdd"":[5170700.0,6721400.0,6966200.0,3764700.0,5282700.0,5170300.0,8316900.0],""cadical"":[2389500.0,2594400.0,2641900.0,2176800.0,1937900.0,3428000.0,3523100.0]}",800,62500,2081300,1,True,247543100,925684,88981700,936880,4611300,540,231513100,1805428,50603,9196700,1558700,True,5182,5964300,1544900,True,300,50693000,42115500,True,"{""actual_duplicate_fraction"":0.0,""clause_multiplier"":64,""residual_clauses"":512,""residual_literals"":1669,""seed"":2026082711,""target_duplicate_fraction"":0.0,""unique_clauses"":512}"
synthetic|k8|m64|d0.0|s2026082712,synthetic,planted-k8-m64-d0.0-s2026082712,synthetic,planted,8,512,512,1677,0.0,1,0.00390625,a1f386b9ae9b170e1f02e3fa611b991e4a383e1d998fc03f1026028b70c5fbb9,True,1412100,23207800,5413500,dd.autoref,autoref,29300,30299600,9,27000,51623700,9,284720800,"[{""sweep"":0,""seed"":433707065,""nodes"":9,""setup_ns"":27000,""build_ns"":51623700,""order"":[""x3"",""x4"",""x2"",""x6"",""x1"",""x5"",""x0"",""x7""]},{""sweep"":1,""seed"":433707066,""nodes"":9,""setup_ns"":42700,""build_ns"":52969800,""order"":[""x0"",""x5"",""x3"",""x7"",""x4"",""x6"",""x2"",""x1""]},{""sweep"":2,""seed"":433707067,""nodes"":9,""setup_ns"":31200,""build_ns"":51649600,""order"":[""x4"",""x7"",""x6"",""x2"",""x5"",""x0"",""x3"",""x1""]},{""sweep"":3,""seed"":433707068,""nodes"":9,""setup_ns"":43300,""build_ns"":62984100,""order"":[""x5"",""x0"",""x6"",""x2"",""x7"",""x1"",""x3"",""x4""]},{""sweep"":4,""seed"":433707069,""nodes"":9,""setup_ns"":51800,""build_ns"":63166800,""order"":[""x2"",""x6"",""x3"",""x5"",""x1"",""x0"",""x4"",""x7""]}]",539,539,1054,1054,1708894.5,1825762.0,449473.0,120500.0,6122100.0,3.801995892967987,0.9359897401742395,14.181697095435684,"{""cm"":[1848915.0,1746374.0,1741515.5,1675808.5,1696333.0,1129188.0,1708894.5],""cse"":[1825762.0,1855054.0,2063684.5,1601607.5,1676217.0,1928608.5,1640788.5],""cnf"":[493868.5,481384.0,449473.0,412966.5,403212.0,310954.0,484097.0],""robdd_enumerate"":[124600.0,120500.0,81500.0,129100.0,122200.0,82100.0,88700.0],""robdd_naive"":[7429800.0,6337700.0,4183300.0,6122100.0,4204500.0,3306500.0,7310700.0]}",256,True,67100.0,2721200.0,5477000.0,2515900.0,0.012251232426510864,0.026670376406057475,"{""packed"":[48900.0,67100.0,79900.0,46600.0,48500.0,71300.0,87600.0],""scalar_cnf"":[2721200.0,2639400.0,2457600.0,2455200.0,2753800.0,3294600.0,4088700.0],""robdd"":[7202500.0,4908000.0,5637400.0,5477000.0,5408000.0,7203900.0,4833500.0],""cadical"":[2626900.0,2309600.0,2596100.0,2341700.0,1989200.0,2515900.0,2939800.0]}",600,37100,1323900,1,True,227385200,927364,85657100,939156,4355900,540,214174900,1802260,50984,6805100,980900,True,5211,7767500,925600,True,304,45657800,32723800,True,"{""actual_duplicate_fraction"":0.0,""clause_multiplier"":64,""residual_clauses"":512,""residual_literals"":1677,""seed"":2026082712,""target_duplicate_fraction"":0.0,""unique_clauses"":512}"
synthetic|k8|m64|d0.5|s2026082711,synthetic,planted-k8-m64-d0.5-s2026082711,synthetic,planted,8,512,256,1558,0.5,1,0.00390625,49293309d25cafc914c11063c2d1cd286a4500d519b11b4fc98500efb85f6d9c,True,2799700,31722300,7977000,dd.autoref,autoref,57600,50331100,9,31200,42480100,9,230902300,"[{""sweep"":0,""seed"":1424310909,""nodes"":9,""setup_ns"":44700,""build_ns"":49003400,""order"":[""x4"",""x3"",""x5"",""x7"",""x2"",""x1"",""x6"",""x0""]},{""sweep"":1,""seed"":1424310910,""nodes"":9,""setup_ns"":31700,""build_ns"":44374700,""order"":[""x5"",""x7"",""x0"",""x6"",""x3"",""x1"",""x4"",""x2""]},{""sweep"":2,""seed"":1424310911,""nodes"":9,""setup_ns"":34800,""build_ns"":48726000,""order"":[""x1"",""x7"",""x3"",""x4"",""x5"",""x2"",""x0"",""x6""]},{""sweep"":3,""seed"":1424310912,""nodes"":9,""setup_ns"":31200,""build_ns"":42480100,""order"":[""x2"",""x6"",""x0"",""x4"",""x7"",""x1"",""x5"",""x3""]},{""sweep"":4,""seed"":1424310913,""nodes"":9,""setup_ns"":30800,""build_ns"":44235400,""order"":[""x2"",""x7"",""x6"",""x3"",""x1"",""x0"",""x4"",""x5""]}]",286,286,547,803,813889.0,1131156.5,406196.5,98300.0,5675900.0,2.0036829465541923,0.7195193591691336,8.279643947100713,"{""cm"":[910977.5,786234.0,858113.5,813889.0,801167.5,593835.0,863697.5],""cse"":[1092323.0,1131156.5,1186408.0,1034417.5,1081911.0,1474296.5,1160451.0],""cnf"":[431671.0,406920.0,355548.0,406196.5,428130.5,319044.5,307605.5],""robdd_enumerate"":[98300.0,89500.0,122000.0,84800.0,103600.0,81200.0,106400.0],""robdd_naive"":[5038400.0,5480200.0,6293600.0,5890900.0,5675900.0,4643900.0,6439700.0]}",256,True,67000.0,2216300.0,6108800.0,2541100.0,0.010967784180199057,0.026366534178111842,"{""packed"":[39100.0,78300.0,37500.0,75000.0,67000.0,43100.0,68500.0],""scalar_cnf"":[2194200.0,2856500.0,2216300.0,2097100.0,1902300.0,2379800.0,2600600.0],""robdd"":[6275100.0,7074600.0,6108800.0,5660800.0,5299200.0,5066100.0,7025400.0],""cadical"":[2289600.0,3225000.0,2541100.0,2487700.0,2328500.0,2651500.0,3480700.0]}",600,44800,1303300,1,True,196389800,750084,94293400,786268,5162300,540,198617700,1207507,26926,5868100,936900,True,4976,5757200,1292400,True,299,114964500,32237300,True,"{""actual_duplicate_fraction"":0.5,""clause_multiplier"":64,""residual_clauses"":512,""residual_literals"":1558,""seed"":2026082711,""target_duplicate_fraction"":0.5,""unique_clauses"":256}"
synthetic|k8|m64|d0.5|s2026082712,synthetic,planted-k8-m64-d0.5-s2026082712,synthetic,planted,8,512,256,1559,0.5,1,0.00390625,3ec07f4585ef5c91814f7ddcae396dc42156df82307c46c7ae977cfcddbd04a3,True,2387900,31272400,8970000,dd.autoref,autoref,61500,46980000,9,30500,49048900,9,267797700,"[{""sweep"":0,""seed"":2115295833,""nodes"":9,""setup_ns"":30200,""build_ns"":49188100,""order"":[""x3"",""x4"",""x2"",""x6"",""x7"",""x0"",""x5"",""x1""]},{""sweep"":1,""seed"":2115295834,""nodes"":9,""setup_ns"":30500,""build_ns"":49048900,""order"":[""x1"",""x5"",""x0"",""x2"",""x7"",""x6"",""x4"",""x3""]},{""sweep"":2,""seed"":2115295835,""nodes"":9,""setup_ns"":44100,""build_ns"":49200900,""order"":[""x5"",""x2"",""x3"",""x4"",""x0"",""x6"",""x7"",""x1""]},{""sweep"":3,""seed"":2115295836,""nodes"":9,""setup_ns"":39000,""build_ns"":58578900,""order"":[""x6"",""x7"",""x3"",""x2"",""x0"",""x1"",""x5"",""x4""]},{""sweep"":4,""seed"":2115295837,""nodes"":9,""setup_ns"":57200,""build_ns"":59528100,""order"":[""x2"",""x6"",""x5"",""x3"",""x0"",""x7"",""x4"",""x1""]}]",291,291,554,804,879299.5,1216865.5,446675.0,86700.0,6216800.0,1.968544243577545,0.7225938281593158,10.14186274509804,"{""cm"":[863042.5,1047120.5,999561.5,745068.0,610958.5,879299.5,919646.0],""cse"":[1216865.5,1160937.0,2987226.0,1184644.0,1379768.5,1157094.0,1233963.0],""cnf"":[412833.5,474693.0,615088.5,492011.5,320230.0,398427.5,446675.0],""robdd_enumerate"":[59600.0,138500.0,86700.0,121700.0,78100.0,75600.0,119100.0],""robdd_naive"":[7178300.0,6800100.0,5086100.0,8154600.0,3269900.0,5973800.0,6216800.0]}",256,True,57400.0,2360700.0,7217600.0,2846200.0,0.007952782088228773,0.02016724053123463,"{""packed"":[35700.0,59800.0,67400.0,46500.0,57400.0,35700.0,66700.0],""scalar_cnf"":[2360700.0,2104300.0,3136300.0,2501000.0,2344400.0,1734100.0,3307400.0],""robdd"":[6636200.0,8289300.0,7217600.0,5691500.0,5669200.0,7872800.0,9357700.0],""cadical"":[2691700.0,2846200.0,2955600.0,2912400.0,2572700.0,2665700.0,3505500.0]}",600,53300,1404600,1,True,213204100,746800,76833200,787700,5923600,540,232413500,1529684,27358,5484800,1174100,True,4955,5704100,1191900,True,299,86744100,51066500,True,"{""actual_duplicate_fraction"":0.5,""clause_multiplier"":64,""residual_clauses"":512,""residual_literals"":1559,""seed"":2026082712,""target_duplicate_fraction"":0.5,""unique_clauses"":256}"
synthetic|k8|m64|d0.9|s2026082711,synthetic,planted-k8-m64-d0.9-s2026082711,synthetic,planted,8,512,51,1369,0.900390625,1,0.00390625,98177f21e631c18fd21733c5bccf33243970ac5ebdbb19a257dc96bf43d5151a,True,2224700,27978400,8243300,dd.autoref,autoref,63700,41723500,9,34000,35103300,9,201980400,"[{""sweep"":0,""seed"":91758556,""nodes"":9,""setup_ns"":46500,""build_ns"":38184500,""order"":[""x3"",""x2"",""x0"",""x4"",""x5"",""x7"",""x6"",""x1""]},{""sweep"":1,""seed"":91758557,""nodes"":9,""setup_ns"":34000,""build_ns"":35103300,""order"":[""x5"",""x2"",""x6"",""x0"",""x3"",""x4"",""x7"",""x1""]},{""sweep"":2,""seed"":91758558,""nodes"":9,""setup_ns"":32900,""build_ns"":49695300,""order"":[""x4"",""x1"",""x3"",""x7"",""x0"",""x2"",""x6"",""x5""]},{""sweep"":3,""seed"":91758559,""nodes"":9,""setup_ns"":35700,""build_ns"":39486300,""order"":[""x2"",""x5"",""x4"",""x7"",""x0"",""x3"",""x1"",""x6""]},{""sweep"":4,""seed"":91758560,""nodes"":9,""setup_ns"":36200,""build_ns"":37216000,""order"":[""x7"",""x0"",""x4"",""x2"",""x6"",""x5"",""x3"",""x1""]}]",74,70,159,579,255589.5,734825.0,437356.5,89900.0,5560600.0,0.5843962533996865,0.3478236314768823,2.8430422691879866,"{""cm"":[238339.5,314314.5,255589.5,254778.0,278789.5,260143.0,178573.5],""cse"":[887792.0,895381.5,734784.5,816622.0,685161.5,734825.0,531553.0],""cnf"":[503344.5,445037.5,414504.5,441986.0,437356.5,324205.5,277923.0],""robdd_enumerate"":[140600.0,88700.0,92300.0,123600.0,84200.0,89900.0,83400.0],""robdd_naive"":[5560600.0,6536000.0,5516100.0,5217200.0,6171200.0,8162200.0,3456800.0]}",256,True,69100.0,2073600.0,7416500.0,3036300.0,0.009317063304793366,0.022757961993215427,"{""packed"":[80500.0,54800.0,47100.0,81100.0,69100.0,57300.0,82000.0],""scalar_cnf"":[2344700.0,1694600.0,2284600.0,1615000.0,2073600.0,2079100.0,1732000.0],""robdd"":[8195400.0,5064200.0,8448700.0,7654300.0,5684000.0,7416500.0,5096900.0],""cadical"":[3956800.0,2176300.0,2571200.0,3480600.0,3036300.0,2570700.0,3177200.0]}",900,64200,2085200,1,True,137348700,510092,54594700,597876,5678800,540,132069200,920179,7408,5166400,687100,True,4590,4729300,1239400,True,294,82624200,41650000,True,"{""actual_duplicate_fraction"":0.900390625,""clause_multiplier"":64,""residual_clauses"":512,""residual_literals"":1369,""seed"":2026082711,""target_duplicate_fraction"":0.9,""unique_clauses"":51}"
synthetic|k8|m64|d0.9|s2026082712,synthetic,planted-k8-m64-d0.9-s2026082712,synthetic,planted,8,512,51,1405,0.900390625,1,0.00390625,efd7a7e53f7f21fe9b9d4a5bf3be5ae7adb0947f8412be25f7e88a45743e6fb8,True,2154800,22018500,5202000,dd.autoref,autoref,42400,44143500,9,31900,36956900,9,201716300,"[{""sweep"":0,""seed"":1039036818,""nodes"":9,""setup_ns"":31900,""build_ns"":36956900,""order"":[""x5"",""x2"",""x3"",""x1"",""x6"",""x7"",""x4"",""x0""]},{""sweep"":1,""seed"":1039036819,""nodes"":9,""setup_ns"":37200,""build_ns"":37702900,""order"":[""x3"",""x0"",""x2"",""x6"",""x4"",""x5"",""x7"",""x1""]},{""sweep"":2,""seed"":1039036820,""nodes"":9,""setup_ns"":32400,""build_ns"":37022400,""order"":[""x5"",""x4"",""x0"",""x6"",""x3"",""x2"",""x1"",""x7""]},{""sweep"":3,""seed"":1039036821,""nodes"":9,""setup_ns"":38900,""build_ns"":46199300,""order"":[""x7"",""x5"",""x2"",""x4"",""x0"",""x3"",""x1"",""x6""]},{""sweep"":4,""seed"":1039036822,""nodes"":9,""setup_ns"":50900,""build_ns"":41616700,""order"":[""x0"",""x3"",""x2"",""x4"",""x5"",""x7"",""x6"",""x1""]}]",77,70,165,582,278839.0,788464.5,407426.5,90700.0,5856800.0,0.6843909269524687,0.3536481350777365,3.074299889746417,"{""cm"":[274699.0,265646.5,278839.0,285868.0,271354.0,325565.0,280087.5],""cse"":[788464.5,791702.0,772820.0,686213.5,779638.0,1040126.5,800761.5],""cnf"":[464566.5,413839.5,357471.5,407426.5,347866.0,367598.5,449397.5],""robdd_enumerate"":[131400.0,87700.0,87100.0,82900.0,118300.0,105800.0,90700.0],""robdd_naive"":[5885600.0,6194700.0,5258900.0,4281500.0,5850400.0,5856800.0,6940800.0]}",256,True,84600.0,3187000.0,8067500.0,3343900.0,0.010486519987604586,0.025299799635156554,"{""packed"":[84600.0,54800.0,75700.0,95300.0,86300.0,88900.0,74200.0],""scalar_cnf"":[2310400.0,2528100.0,3628400.0,2465100.0,3845600.0,3719300.0,3187000.0],""robdd"":[7468800.0,7796500.0,6748000.0,8067500.0,8933100.0,10566700.0,10674400.0],""cadical"":[3004900.0,3295200.0,2751200.0,3343900.0,4242200.0,3613400.0,3479000.0]}",700,54300,2278600,1,True,118677100,518328,50387100,601200,5510800,540,139298100,975923,7671,6673400,889000,True,4576,6396000,1743600,True,300,48809100,35605600,True,"{""actual_duplicate_fraction"":0.900390625,""clause_multiplier"":64,""residual_clauses"":512,""residual_literals"":1405,""seed"":2026082712,""target_duplicate_fraction"":0.9,""unique_clauses"":51}"
synthetic|k12|m1|d0.0|s2026082711,synthetic,planted-k12-m1-d0.0-s2026082711,synthetic,planted,12,12,12,35,0.0,694,0.16943359375,3a5abb0d72d03d2fb385cfe506a5ef9c051f7190073d050e13d2ab98c57352e1,True,99000,1486500,395500,dd.autoref,autoref,55100,1835000,98,32200,1958200,77,12376700,"[{""sweep"":0,""seed"":1006511323,""nodes"":77,""setup_ns"":32200,""build_ns"":1958200,""order"":[""x9"",""x0"",""x7"",""x10"",""x4"",""x11"",""x5"",""x8"",""x1"",""x3"",""x6"",""x2""]},{""sweep"":1,""seed"":1006511324,""nodes"":88,""setup_ns"":37700,""build_ns"":1699400,""order"":[""x9"",""x6"",""x3"",""x10"",""x5"",""x0"",""x2"",""x8"",""x7"",""x1"",""x11"",""x4""]},{""sweep"":2,""seed"":1006511325,""nodes"":129,""setup_ns"":38700,""build_ns"":2571200,""order"":[""x4"",""x9"",""x6"",""x0"",""x3"",""x7"",""x11"",""x1"",""x8"",""x5"",""x2"",""x10""]},{""sweep"":3,""seed"":1006511326,""nodes"":82,""setup_ns"":38600,""build_ns"":1673700,""order"":[""x3"",""x6"",""x9"",""x7"",""x11"",""x10"",""x4"",""x5"",""x1"",""x0"",""x8"",""x2""]},{""sweep"":4,""seed"":1006511327,""nodes"":161,""setup_ns"":32300,""build_ns"":2372400,""order"":[""x1"",""x4"",""x8"",""x0"",""x6"",""x7"",""x10"",""x9"",""x2"",""x5"",""x3"",""x11""]}]",21,21,42,42,57558.0,52440.0,22232.0,6157800.0,117577200.0,2.5889708528247573,1.0975972540045766,0.009347169443632466,"{""cm"":[63324.0,45486.0,48468.0,45662.0,80258.0,73612.0,57558.0],""cse"":[92588.0,45234.0,42118.0,45318.0,67640.0,65778.0,52440.0],""cnf"":[32280.0,22232.0,17672.0,18934.0,19074.0,41980.0,30230.0],""robdd_enumerate"":[6759000.0,7610200.0,3855400.0,3793300.0,4222200.0,7064200.0,6157800.0],""robdd_naive"":[156825700.0,85109300.0,68358300.0,68534200.0,117577200.0,128140500.0,131676100.0]}",256,True,90300.0,1214600.0,7416700.0,3043800.0,0.012175226178758746,0.029666863788685195,"{""packed"":[105200.0,85000.0,90300.0,90100.0,89400.0,91500.0,137000.0],""scalar_cnf"":[959600.0,1034000.0,952400.0,1229300.0,1729900.0,1214600.0,1338900.0],""robdd"":[8055800.0,7226600.0,7416700.0,8534700.0,6489300.0,6539300.0,8228700.0],""cadical"":[3299800.0,2231400.0,2260500.0,4303800.0,3104600.0,2772500.0,3043800.0]}",1700,363400,54267100,694,True,10547000,37094,3195300,36574,144300,3644,7226200,91498,3593,5184800,615200,True,134,3617300,668300,True,2301,161073800,123949000,True,"{""actual_duplicate_fraction"":0.0,""clause_multiplier"":1,""residual_clauses"":12,""residual_literals"":35,""seed"":2026082711,""target_duplicate_fraction"":0.0,""unique_clauses"":12}"
synthetic|k12|m1|d0.0|s2026082712,synthetic,planted-k12-m1-d0.0-s2026082712,synthetic,planted,12,12,12,26,0.0,84,0.0205078125,d5f14d5ef1fad42725a464a46234aeb63ad10a56b8b16c621e833bbb3080a396,True,98400,1323500,365000,dd.autoref,autoref,71000,1292200,21,55700,1253100,14,9433600,"[{""sweep"":0,""seed"":1315031625,""nodes"":16,""setup_ns"":52300,""build_ns"":1390300,""order"":[""x10"",""x4"",""x8"",""x1"",""x9"",""x0"",""x6"",""x11"",""x5"",""x7"",""x2"",""x3""]},{""sweep"":1,""seed"":1315031626,""nodes"":21,""setup_ns"":47400,""build_ns"":1417900,""order"":[""x11"",""x9"",""x3"",""x8"",""x2"",""x7"",""x1"",""x6"",""x4"",""x10"",""x5"",""x0""]},{""sweep"":2,""seed"":1315031627,""nodes"":18,""setup_ns"":72800,""build_ns"":1561700,""order"":[""x5"",""x10"",""x0"",""x3"",""x4"",""x1"",""x2"",""x11"",""x6"",""x8"",""x7"",""x9""]},{""sweep"":3,""seed"":1315031628,""nodes"":21,""setup_ns"":50400,""build_ns"":1428100,""order"":[""x5"",""x4"",""x1"",""x6"",""x3"",""x8"",""x2"",""x11"",""x10"",""x9"",""x0"",""x7""]},{""sweep"":4,""seed"":1315031629,""nodes"":14,""setup_ns"":55700,""build_ns"":1253100,""order"":[""x9"",""x5"",""x1"",""x2"",""x11"",""x0"",""x8"",""x10"",""x6"",""x3"",""x7"",""x4""]}]",16,16,33,33,65092.0,56640.0,22688.0,932700.0,127182500.0,2.869005641748942,1.149223163841808,0.06978878524713199,"{""cm"":[65092.0,85546.0,58386.0,70516.0,68722.0,63274.0,56704.0],""cse"":[43970.0,89176.0,49398.0,90436.0,56640.0,53818.0,67012.0],""cnf"":[22688.0,36422.0,18764.0,37492.0,20618.0,20116.0,24112.0],""robdd_enumerate"":[628700.0,932700.0,684600.0,1067800.0,643500.0,1061400.0,1111300.0],""robdd_naive"":[127182500.0,137518200.0,119548800.0,137089100.0,115006300.0,109025700.0,131665400.0]}",256,True,145200.0,775800.0,6911400.0,3184700.0,0.021008768122232832,0.04559299149056426,"{""packed"":[145200.0,129900.0,154100.0,166100.0,139500.0,166000.0,134400.0],""scalar_cnf"":[900900.0,775800.0,510100.0,549200.0,840600.0,1009100.0,687200.0],""robdd"":[6062200.0,6911400.0,6390100.0,6368100.0,7351300.0,9450500.0,8467500.0],""cadical"":[3476800.0,3184700.0,2632500.0,3340700.0,3176700.0,3718400.0,2748200.0]}",1400,113900,3840500,84,True,6462900,32459,3439500,30923,169000,3644,3738300,37634,3096,5434600,710300,True,106,3735600,685700,True,576,90397500,56704300,True,"{""actual_duplicate_fraction"":0.0,""clause_multiplier"":1,""residual_clauses"":12,""residual_literals"":26,""seed"":2026082712,""target_duplicate_fraction"":0.0,""unique_clauses"":12}"
synthetic|k12|m1|d0.5|s2026082711,synthetic,planted-k12-m1-d0.5-s2026082711,synthetic,planted,12,12,6,23,0.5,168,0.041015625,9ecfbc697e280f187d623b10efa016897fd7242c072306c45e18298574267d32,True,48400,716700,176600,dd.autoref,autoref,37400,840600,19,32400,732500,10,4917600,"[{""sweep"":0,""seed"":18955657,""nodes"":16,""setup_ns"":43600,""build_ns"":699100,""order"":[""x7"",""x9"",""x1"",""x8"",""x2"",""x5"",""x11"",""x10"",""x6"",""x0"",""x3"",""x4""]},{""sweep"":1,""seed"":18955658,""nodes"":10,""setup_ns"":32400,""build_ns"":732500,""order"":[""x3"",""x1"",""x5"",""x2"",""x4"",""x9"",""x11"",""x7"",""x0"",""x10"",""x8"",""x6""]},{""sweep"":2,""seed"":18955659,""nodes"":15,""setup_ns"":29900,""build_ns"":615600,""order"":[""x5"",""x3"",""x1"",""x7"",""x8"",""x9"",""x10"",""x11"",""x0"",""x4"",""x2"",""x6""]},{""sweep"":3,""seed"":18955660,""nodes"":12,""setup_ns"":29700,""build_ns"":553700,""order"":[""x11"",""x2"",""x4"",""x7"",""x5"",""x8"",""x10"",""x6"",""x1"",""x9"",""x0"",""x3""]},{""sweep"":4,""seed"":18955661,""nodes"":21,""setup_ns"":28900,""build_ns"":616000,""order"":[""x0"",""x6"",""x8"",""x4"",""x7"",""x3"",""x11"",""x9"",""x1"",""x5"",""x2"",""x10""]}]",13,13,18,24,33384.0,41344.0,20520.0,1343900.0,118589300.0,1.6269005847953217,0.8074690402476781,0.02484113401294739,"{""cm"":[24018.0,35280.0,35606.0,26738.0,33920.0,33384.0,24286.0],""cse"":[28984.0,39582.0,42846.0,43376.0,41344.0,55206.0,29074.0],""cnf"":[20520.0,19932.0,20362.0,22216.0,33126.0,25746.0,17818.0],""robdd_enumerate"":[1070300.0,1419600.0,1313000.0,1558700.0,1988100.0,1343900.0,1024700.0],""robdd_naive"":[120568900.0,108416900.0,118589300.0,110055900.0,133299900.0,116130300.0,130029700.0]}",256,True,115200.0,1097200.0,8139100.0,3228500.0,0.014153899079750832,0.035682205358525634,"{""packed"":[71000.0,144100.0,120700.0,131100.0,115200.0,110800.0,76300.0],""scalar_cnf"":[892800.0,1475300.0,1216100.0,1485800.0,730900.0,732000.0,1097200.0],""robdd"":[10450000.0,9809100.0,8139100.0,7574400.0,6828000.0,8575900.0,7322200.0],""cadical"":[2317400.0,3228500.0,3528500.0,3344100.0,4103900.0,2489100.0,2399800.0]}",1500,112000,4665000,168,True,3910900,22148,1736800,23492,123600,3644,4008300,35202,2605,3882300,725500,True,103,2743000,489600,True,532,47592700,53973200,True,"{""actual_duplicate_fraction"":0.5,""clause_multiplier"":1,""residual_clauses"":12,""residual_literals"":23,""seed"":2026082711,""target_duplicate_fraction"":0.5,""unique_clauses"":6}"
synthetic|k12|m1|d0.5|s2026082712,synthetic,planted-k12-m1-d0.5-s2026082712,synthetic,planted,12,12,6,32,0.5,920,0.224609375,70c0373cf41f14baf54940e7588a6a749bdd143acd3f416a37a3ca6ce46164ff,True,98200,728500,302700,dd.autoref,autoref,48000,1273700,37,26700,828600,24,6085000,"[{""sweep"":0,""seed"":1116125434,""nodes"":28,""setup_ns"":29900,""build_ns"":712000,""order"":[""x0"",""x6"",""x4"",""x10"",""x8"",""x7"",""x3"",""x11"",""x5"",""x1"",""x9"",""x2""]},{""sweep"":1,""seed"":1116125435,""nodes"":31,""setup_ns"":38700,""build_ns"":1023200,""order"":[""x0"",""x1"",""x9"",""x5"",""x10"",""x8"",""x4"",""x6"",""x11"",""x7"",""x2"",""x3""]},{""sweep"":2,""seed"":1116125436,""nodes"":38,""setup_ns"":30300,""build_ns"":1247600,""order"":[""x5"",""x11"",""x3"",""x9"",""x0"",""x7"",""x4"",""x1"",""x10"",""x2"",""x6"",""x8""]},{""sweep"":3,""seed"":1116125437,""nodes"":27,""setup_ns"":26300,""build_ns"":701500,""order"":[""x1"",""x9"",""x5"",""x0"",""x8"",""x11"",""x7"",""x3"",""x2"",""x4"",""x6"",""x10""]},{""sweep"":4,""seed"":1116125438,""nodes"":24,""setup_ns"":26700,""build_ns"":828600,""order"":[""x2"",""x4"",""x5"",""x9"",""x7"",""x0"",""x6"",""x1"",""x8"",""x3"",""x11"",""x10""]}]",15,15,21,25,24276.0,25990.0,22524.0,6315200.0,97514200.0,1.0777836973894512,0.9340515582916507,0.0038440587788193567,"{""cm"":[28584.0,29648.0,32778.0,24152.0,21912.0,22044.0,24276.0],""cse"":[37814.0,30586.0,42500.0,25990.0,23868.0,23642.0,23452.0],""cnf"":[26002.0,22524.0,26566.0,23610.0,18472.0,18454.0,18504.0],""robdd_enumerate"":[6453100.0,7840100.0,6315200.0,6838100.0,4430000.0,4342200.0,4231500.0],""robdd_naive"":[109675100.0,112329200.0,123281200.0,97514200.0,66603300.0,59735100.0,59556300.0]}",256,True,109300.0,1666100.0,11027200.0,3536200.0,0.009911854323853744,0.030908885244047283,"{""packed"":[61700.0,109300.0,68300.0,132900.0,230300.0,130200.0,80600.0],""scalar_cnf"":[830900.0,1666100.0,1240300.0,3337800.0,2536500.0,2204500.0,1607100.0],""robdd"":[8283300.0,8440800.0,5921200.0,17105400.0,16614200.0,11027200.0,11102100.0],""cadical"":[3404500.0,3459400.0,2086500.0,3536200.0,4174800.0,3672900.0,3965600.0]}",1400,205700,27264000,920,True,3981300,24887,3614400,26095,317700,3628,4255200,52202,2841,4196500,525100,True,133,2652100,630700,True,890,88047200,57253500,True,"{""actual_duplicate_fraction"":0.5,""clause_multiplier"":1,""residual_clauses"":12,""residual_literals"":32,""seed"":2026082712,""target_duplicate_fraction"":0.5,""unique_clauses"":6}"
synthetic|k12|m1|d0.9|s2026082711,synthetic,planted-k12-m1-d0.9-s2026082711,synthetic,planted,12,12,1,36,0.9166666666666666,3584,0.875,a8237b7159567a5b5f5d165eece80b13a521218f45f6e1ad7ddbf1b8f6a8adc1,True,57400,289800,126700,dd.autoref,autoref,34800,568000,4,36900,358700,4,3648700,"[{""sweep"":0,""seed"":1668293525,""nodes"":4,""setup_ns"":31000,""build_ns"":369700,""order"":[""x7"",""x4"",""x2"",""x3"",""x1"",""x11"",""x0"",""x5"",""x8"",""x10"",""x9"",""x6""]},{""sweep"":1,""seed"":1668293526,""nodes"":4,""setup_ns"":36900,""build_ns"":358700,""order"":[""x4"",""x2"",""x11"",""x1"",""x5"",""x3"",""x6"",""x9"",""x7"",""x10"",""x0"",""x8""]},{""sweep"":2,""seed"":1668293527,""nodes"":4,""setup_ns"":35600,""build_ns"":542000,""order"":[""x9"",""x10"",""x0"",""x11"",""x7"",""x5"",""x2"",""x1"",""x4"",""x6"",""x3"",""x8""]},{""sweep"":3,""seed"":1668293528,""nodes"":4,""setup_ns"":25800,""build_ns"":404600,""order"":[""x10"",""x0"",""x5"",""x8"",""x6"",""x4"",""x1"",""x9"",""x7"",""x3"",""x11"",""x2""]},{""sweep"":4,""seed"":1668293529,""nodes"":4,""setup_ns"":23900,""build_ns"":499800,""order"":[""x6"",""x11"",""x3"",""x5"",""x8"",""x10"",""x4"",""x7"",""x0"",""x1"",""x2"",""x9""]}]",2,5,3,7,13300.0,13162.0,24642.0,28436300.0,98463300.0,0.5397289181072965,1.0104847287646255,0.0004677120441126307,"{""cm"":[6776.0,13626.0,15272.0,9050.0,10926.0,13300.0,14606.0],""cse"":[14660.0,24136.0,20968.0,13162.0,12212.0,11906.0,13114.0],""cnf"":[18570.0,23922.0,33870.0,24780.0,24642.0,26660.0,22488.0],""robdd_enumerate"":[32160800.0,30371300.0,27834800.0,21094500.0,28436300.0,28372600.0,30720900.0],""robdd_naive"":[100638500.0,93108600.0,98937300.0,82315200.0,98463300.0,95622000.0,123012600.0]}",256,True,93200.0,1810100.0,5314000.0,2622900.0,0.017538577342867897,0.035533188455526325,"{""packed"":[136100.0,86900.0,83400.0,93200.0,138600.0,77000.0,151200.0],""scalar_cnf"":[2339500.0,2016900.0,1810100.0,1695600.0,1733600.0,1722600.0,3123900.0],""robdd"":[4996500.0,5541400.0,5433200.0,4266900.0,5314000.0,5076900.0,6065400.0],""cadical"":[2622900.0,2088100.0,2368800.0,2904800.0,2740200.0,2232300.0,2920100.0]}",1500,37100,107983200,3584,True,2043900,9874,2455200,13378,249600,3644,2936300,10093,1474,5520500,526100,True,144,2747700,619500,True,216,38882700,37910800,True,"{""actual_duplicate_fraction"":0.9166666666666666,""clause_multiplier"":1,""residual_clauses"":12,""residual_literals"":36,""seed"":2026082711,""target_duplicate_fraction"":0.9,""unique_clauses"":1}"
synthetic|k12|m1|d0.9|s2026082712,synthetic,planted-k12-m1-d0.9-s2026082712,synthetic,planted,12,12,1,24,0.9166666666666666,3072,0.75,51dbee070a63ed82ed6eb2f2345593a7b41ef0a41743781a43201821b92a19ab,True,87100,232300,162600,dd.autoref,autoref,40700,532800,3,43100,413400,3,4007700,"[{""sweep"":0,""seed"":1069708431,""nodes"":3,""setup_ns"":46400,""build_ns"":435900,""order"":[""x4"",""x10"",""x1"",""x11"",""x2"",""x9"",""x0"",""x6"",""x8"",""x3"",""x7"",""x5""]},{""sweep"":1,""seed"":1069708432,""nodes"":3,""setup_ns"":43900,""build_ns"":443900,""order"":[""x2"",""x3"",""x7"",""x9"",""x1"",""x5"",""x6"",""x11"",""x8"",""x4"",""x0"",""x10""]},{""sweep"":2,""seed"":1069708433,""nodes"":3,""setup_ns"":45100,""build_ns"":431800,""order"":[""x3"",""x9"",""x7"",""x6"",""x4"",""x1"",""x8"",""x10"",""x11"",""x5"",""x0"",""x2""]},{""sweep"":3,""seed"":1069708434,""nodes"":3,""setup_ns"":43100,""build_ns"":413400,""order"":[""x8"",""x7"",""x10"",""x0"",""x6"",""x1"",""x4"",""x3"",""x2"",""x9"",""x11"",""x5""]},{""sweep"":4,""seed"":1069708435,""nodes"":3,""setup_ns"":45200,""build_ns"":441000,""order"":[""x11"",""x1"",""x8"",""x2"",""x7"",""x0"",""x3"",""x5"",""x9"",""x4"",""x6"",""x10""]}]",2,5,2,6,11516.0,12586.0,18718.0,26665200.0,103164100.0,0.6152366705844642,0.9149849038614334,0.0004318737530564181,"{""cm"":[12468.0,7520.0,6562.0,9372.0,11972.0,13250.0,11516.0],""cse"":[11258.0,10430.0,9904.0,18158.0,21532.0,12586.0,16126.0],""cnf"":[14718.0,18718.0,15604.0,19286.0,30490.0,14798.0,21770.0],""robdd_enumerate"":[21049000.0,29883500.0,27917600.0,26665200.0,26831300.0,22281500.0,23409700.0],""robdd_naive"":[97742400.0,104269800.0,90787400.0,113276700.0,92330900.0,111756300.0,103164100.0]}",256,True,99200.0,1616500.0,5348800.0,2974700.0,0.01854621597367634,0.03334790062863482,"{""packed"":[152700.0,167300.0,165700.0,85600.0,99200.0,88600.0,88500.0],""scalar_cnf"":[1590000.0,1691200.0,1734500.0,1732200.0,1616500.0,1609900.0,1470100.0],""robdd"":[5348800.0,6211800.0,7235600.0,5333600.0,5878200.0,5006300.0,5067200.0],""cadical"":[2974700.0,2601900.0,3489700.0,2195000.0,3979000.0,2508500.0,3521900.0]}",1100,24400,68213800,3072,True,1204900,8766,1200000,11566,118400,3072,1455600,9485,1410,3933700,551000,True,108,2795400,570800,True,196,188923000,26186800,True,"{""actual_duplicate_fraction"":0.9166666666666666,""clause_multiplier"":1,""residual_clauses"":12,""residual_literals"":24,""seed"":2026082712,""target_duplicate_fraction"":0.9,""unique_clauses"":1}"
synthetic|k12|m8|d0.0|s2026082711,synthetic,planted-k12-m8-d0.0-s2026082711,synthetic,planted,12,96,96,268,0.0,1,0.000244140625,a598f1fb1e83247854ebd6a85da90cfd7138b7a5691e5b51a678dbba2df7ba59,True,591800,7241200,1440100,dd.autoref,autoref,56400,12640300,13,36300,10340800,13,64797600,"[{""sweep"":0,""seed"":900491244,""nodes"":13,""setup_ns"":53300,""build_ns"":14701600,""order"":[""x3"",""x5"",""x2"",""x1"",""x0"",""x7"",""x9"",""x4"",""x6"",""x10"",""x11"",""x8""]},{""sweep"":1,""seed"":900491245,""nodes"":13,""setup_ns"":35600,""build_ns"":12257200,""order"":[""x11"",""x9"",""x0"",""x7"",""x8"",""x2"",""x4"",""x6"",""x3"",""x5"",""x1"",""x10""]},{""sweep"":2,""seed"":900491246,""nodes"":13,""setup_ns"":36300,""build_ns"":10340800,""order"":[""x3"",""x7"",""x8"",""x5"",""x1"",""x4"",""x6"",""x9"",""x0"",""x11"",""x2"",""x10""]},{""sweep"":3,""seed"":900491247,""nodes"":13,""setup_ns"":35700,""build_ns"":11804700,""order"":[""x11"",""x7"",""x0"",""x6"",""x1"",""x2"",""x5"",""x10"",""x3"",""x8"",""x9"",""x4""]},{""sweep"":4,""seed"":900491248,""nodes"":13,""setup_ns"":44900,""build_ns"":13640500,""order"":[""x4"",""x7"",""x11"",""x5"",""x8"",""x2"",""x3"",""x6"",""x10"",""x0"",""x9"",""x1""]}]",117,117,250,250,397056.0,403580.0,166120.0,92900.0,90671400.0,2.3901757765470744,0.9838346796174241,4.2740150699677075,"{""cm"":[397056.0,441036.0,581878.0,435608.0,263098.0,258006.0,228154.0],""cse"":[403580.0,489272.0,540216.0,475048.0,370074.0,267132.0,283528.0],""cnf"":[308060.0,166120.0,195644.0,249114.0,148402.0,140224.0,161076.0],""robdd_enumerate"":[136900.0,87900.0,101200.0,97500.0,90600.0,90500.0,92900.0],""robdd_naive"":[90671400.0,118067000.0,102570600.0,113719300.0,63114700.0,64606500.0,70111500.0]}",256,True,71800.0,1524300.0,7581500.0,3174000.0,0.009470421420563212,0.02262129804662886,"{""packed"":[41200.0,69400.0,71800.0,73700.0,47800.0,79800.0,79000.0],""scalar_cnf"":[1524300.0,1108400.0,2004700.0,1425100.0,1424900.0,1645900.0,1979500.0],""robdd"":[7272900.0,8823500.0,8956100.0,6307300.0,7570100.0,7581500.0,9125000.0],""cadical"":[2755500.0,3701600.0,3290500.0,2897300.0,2463700.0,3848200.0,3174000.0]}",900,77200,1795400,1,True,51300400,190738,16861000,170642,1441200,3644,63052600,555333,12577,5854500,819700,True,924,3538400,759500,True,447,81437800,36423600,True,"{""actual_duplicate_fraction"":0.0,""clause_multiplier"":8,""residual_clauses"":96,""residual_literals"":268,""seed"":2026082711,""target_duplicate_fraction"":0.0,""unique_clauses"":96}"
synthetic|k12|m8|d0.0|s2026082712,synthetic,planted-k12-m8-d0.0-s2026082712,synthetic,planted,12,96,96,273,0.0,1,0.000244140625,8d1f013677ce6de142ac0e3d5b6be97faa7bcc34fce0d8ce607963a0181f1f2b,True,679700,9105800,1385400,dd.autoref,autoref,45700,14266200,13,36800,13006300,13,85461100,"[{""sweep"":0,""seed"":186017931,""nodes"":13,""setup_ns"":36800,""build_ns"":13006300,""order"":[""x7"",""x9"",""x11"",""x5"",""x10"",""x4"",""x1"",""x8"",""x2"",""x0"",""x6"",""x3""]},{""sweep"":1,""seed"":186017932,""nodes"":13,""setup_ns"":51900,""build_ns"":15906800,""order"":[""x8"",""x3"",""x10"",""x2"",""x5"",""x0"",""x11"",""x6"",""x1"",""x7"",""x4"",""x9""]},{""sweep"":2,""seed"":186017933,""nodes"":13,""setup_ns"":53500,""build_ns"":25399600,""order"":[""x1"",""x9"",""x4"",""x3"",""x2"",""x8"",""x0"",""x10"",""x7"",""x11"",""x6"",""x5""]},{""sweep"":3,""seed"":186017934,""nodes"":13,""setup_ns"":53000,""build_ns"":14323600,""order"":[""x9"",""x2"",""x10"",""x8"",""x1"",""x0"",""x4"",""x3"",""x5"",""x7"",""x11"",""x6""]},{""sweep"":4,""seed"":186017935,""nodes"":13,""setup_ns"":35600,""build_ns"":14219200,""order"":[""x2"",""x8"",""x6"",""x3"",""x5"",""x1"",""x10"",""x11"",""x0"",""x4"",""x9"",""x7""]}]",110,110,263,263,423000.0,418574.0,245104.0,103000.0,108051700.0,1.7257980285919445,1.010573996473742,4.106796116504855,"{""cm"":[417992.0,402958.0,383350.0,461172.0,423000.0,496104.0,436688.0],""cse"":[550332.0,377232.0,418574.0,381706.0,316890.0,472076.0,538136.0],""cnf"":[251398.0,235176.0,228960.0,206276.0,256818.0,245104.0,246896.0],""robdd_enumerate"":[76900.0,103000.0,141500.0,100400.0,139100.0,87300.0,137700.0],""robdd_naive"":[123212800.0,115873900.0,108051700.0,93250600.0,112565200.0,104349500.0,107659700.0]}",256,True,60700.0,1374000.0,6603000.0,2516000.0,0.009192791155535363,0.024125596184419715,"{""packed"":[107000.0,60700.0,58100.0,56500.0,57800.0,65500.0,102200.0],""scalar_cnf"":[1752600.0,1741600.0,1185000.0,1219800.0,835000.0,1374000.0,1459700.0],""robdd"":[9028900.0,6069100.0,7405700.0,5785500.0,6510500.0,7573100.0,6603000.0],""cadical"":[3726800.0,3000000.0,2247500.0,2394800.0,2371300.0,2516000.0,3111600.0]}",1000,51700,1564700,1,True,50876800,196450,18661200,174446,1366800,3644,63739000,576069,12276,4673300,657100,True,965,3243000,597000,True,434,83690400,50093300,True,"{""actual_duplicate_fraction"":0.0,""clause_multiplier"":8,""residual_clauses"":96,""residual_literals"":273,""seed"":2026082712,""target_duplicate_fraction"":0.0,""unique_clauses"":96}"
synthetic|k12|m8|d0.5|s2026082711,synthetic,planted-k12-m8-d0.5-s2026082711,synthetic,planted,12,96,48,239,0.5,1,0.000244140625,25b09b4774335c8c6c02eefc9bf3dc68fcff41ac9ebe62134a231ca96cd78316,True,536200,4810200,992000,dd.autoref,autoref,44200,9013200,13,38000,8733400,13,48418700,"[{""sweep"":0,""seed"":40900703,""nodes"":13,""setup_ns"":38300,""build_ns"":9793400,""order"":[""x3"",""x7"",""x8"",""x9"",""x1"",""x6"",""x0"",""x11"",""x4"",""x2"",""x10"",""x5""]},{""sweep"":1,""seed"":40900704,""nodes"":13,""setup_ns"":38000,""build_ns"":8733400,""order"":[""x2"",""x10"",""x6"",""x8"",""x1"",""x3"",""x5"",""x11"",""x9"",""x7"",""x4"",""x0""]},{""sweep"":2,""seed"":40900705,""nodes"":13,""setup_ns"":38000,""build_ns"":9437300,""order"":[""x8"",""x1"",""x7"",""x4"",""x9"",""x0"",""x3"",""x11"",""x10"",""x6"",""x2"",""x5""]},{""sweep"":3,""seed"":40900706,""nodes"":13,""setup_ns"":36500,""build_ns"":9348600,""order"":[""x0"",""x6"",""x4"",""x1"",""x8"",""x2"",""x7"",""x11"",""x3"",""x5"",""x10"",""x9""]},{""sweep"":4,""seed"":40900707,""nodes"":13,""setup_ns"":49300,""build_ns"":8864100,""order"":[""x4"",""x5"",""x9"",""x1"",""x2"",""x6"",""x11"",""x8"",""x7"",""x0"",""x10"",""x3""]}]",57,57,128,176,228202.0,292708.0,193884.0,115800.0,112470000.0,1.177002743908729,0.7796233789305382,1.9706563039723661,"{""cm"":[187890.0,174564.0,253342.0,197210.0,302746.0,228202.0,320048.0],""cse"":[223876.0,209028.0,292708.0,206598.0,312442.0,540972.0,383782.0],""cnf"":[171844.0,173154.0,193884.0,175122.0,244770.0,287364.0,242498.0],""robdd_enumerate"":[111400.0,128000.0,91300.0,115800.0,87500.0,153000.0,144100.0],""robdd_naive"":[102316400.0,116952400.0,102800900.0,112470000.0,117043400.0,109315000.0,120194600.0]}",256,True,39500.0,996900.0,5805400.0,2576300.0,0.006804010059599683,0.015332065365058416,"{""packed"":[53500.0,40200.0,39500.0,38400.0,45700.0,37300.0,34500.0],""scalar_cnf"":[1211700.0,1211500.0,944500.0,996900.0,1155100.0,956800.0,919400.0],""robdd"":[5821600.0,5239000.0,4798300.0,5200800.0,5805400.0,8860300.0,5879700.0],""cadical"":[2576300.0,2743700.0,2215800.0,2689900.0,2813400.0,2128000.0,1992800.0]}",700,50100,970500,1,True,25706000,146390,10317700,131998,1146600,3644,34484700,377837,7010,4225700,19193600,True,862,3249100,667800,True,427,44658800,46729600,True,"{""actual_duplicate_fraction"":0.5,""clause_multiplier"":8,""residual_clauses"":96,""residual_literals"":239,""seed"":2026082711,""target_duplicate_fraction"":0.5,""unique_clauses"":48}"
synthetic|k12|m8|d0.5|s2026082712,synthetic,planted-k12-m8-d0.5-s2026082712,synthetic,planted,12,96,48,248,0.5,1,0.000244140625,e83df8f963aa80a590e31d57092c5d82dcc105be7fa4e0ce8d40265f2582bff6,True,326400,5153600,931900,dd.autoref,autoref,46700,8722000,13,30700,9178100,13,50683000,"[{""sweep"":0,""seed"":1841566050,""nodes"":13,""setup_ns"":33400,""build_ns"":9790200,""order"":[""x10"",""x1"",""x7"",""x0"",""x3"",""x6"",""x8"",""x9"",""x2"",""x4"",""x5"",""x11""]},{""sweep"":1,""seed"":1841566051,""nodes"":13,""setup_ns"":32700,""build_ns"":9757000,""order"":[""x2"",""x11"",""x8"",""x10"",""x4"",""x3"",""x6"",""x1"",""x5"",""x7"",""x9"",""x0""]},{""sweep"":2,""seed"":1841566052,""nodes"":13,""setup_ns"":32900,""build_ns"":10566500,""order"":[""x1"",""x8"",""x7"",""x5"",""x9"",""x4"",""x2"",""x11"",""x0"",""x10"",""x6"",""x3""]},{""sweep"":3,""seed"":1841566053,""nodes"":13,""setup_ns"":47300,""build_ns"":9544600,""order"":[""x8"",""x5"",""x11"",""x6"",""x0"",""x1"",""x10"",""x2"",""x7"",""x9"",""x3"",""x4""]},{""sweep"":4,""seed"":1841566054,""nodes"":13,""setup_ns"":30700,""build_ns"":9178100,""order"":[""x4"",""x9"",""x2"",""x0"",""x1"",""x10"",""x5"",""x11"",""x8"",""x6"",""x3"",""x7""]}]",57,57,129,177,272546.0,262414.0,233392.0,131900.0,107651300.0,1.1677606773154179,1.038610744853552,2.0663078089461715,"{""cm"":[297104.0,298542.0,246602.0,299920.0,154124.0,156974.0,272546.0],""cse"":[262414.0,159794.0,355908.0,353950.0,195684.0,205124.0,320084.0],""cnf"":[233392.0,115670.0,285886.0,241144.0,161558.0,166316.0,248122.0],""robdd_enumerate"":[144100.0,62800.0,143000.0,129500.0,144900.0,131900.0,102600.0],""robdd_naive"":[102462900.0,82866500.0,120699300.0,125237500.0,107651300.0,106352500.0,121135100.0]}",256,True,57000.0,979700.0,6608300.0,2558600.0,0.008625516396047394,0.02227780817634644,"{""packed"":[64500.0,106900.0,108600.0,56300.0,56300.0,53500.0,57000.0],""scalar_cnf"":[1224600.0,1244900.0,979700.0,841900.0,843700.0,882500.0,1116900.0],""robdd"":[6608300.0,7123800.0,7051700.0,6086300.0,6769900.0,6051300.0,5525400.0],""cadical"":[2649100.0,2953400.0,2507600.0,2558600.0,2525900.0,2558000.0,2791900.0]}",800,52500,907700,1,True,30932600,146974,14312800,132750,1228900,3644,41999600,370454,7022,4578700,601200,True,901,3284700,637200,True,436,86258600,42975100,True,"{""actual_duplicate_fraction"":0.5,""clause_multiplier"":8,""residual_clauses"":96,""residual_literals"":248,""seed"":2026082712,""target_duplicate_fraction"":0.5,""unique_clauses"":48}"
synthetic|k12|m8|d0.9|s2026082711,synthetic,planted-k12-m8-d0.9-s2026082711,synthetic,planted,12,96,10,193,0.8958333333333334,160,0.0390625,54799646d5015ed03b782752e1ad0182e593545d933430dfcbbdbb15edf03e48,True,290300,3816300,944000,dd.autoref,autoref,53300,5533600,19,54000,5334900,14,29909300,"[{""sweep"":0,""seed"":672875979,""nodes"":16,""setup_ns"":55600,""build_ns"":5171700,""order"":[""x0"",""x5"",""x8"",""x9"",""x3"",""x7"",""x10"",""x2"",""x1"",""x4"",""x11"",""x6""]},{""sweep"":1,""seed"":672875980,""nodes"":14,""setup_ns"":54000,""build_ns"":5334900,""order"":[""x1"",""x8"",""x10"",""x7"",""x9"",""x4"",""x0"",""x11"",""x5"",""x6"",""x3"",""x2""]},{""sweep"":2,""seed"":672875981,""nodes"":21,""setup_ns"":36100,""build_ns"":6371300,""order"":[""x6"",""x5"",""x4"",""x0"",""x8"",""x2"",""x11"",""x9"",""x3"",""x10"",""x1"",""x7""]},{""sweep"":3,""seed"":672875982,""nodes"":15,""setup_ns"":51100,""build_ns"":5334000,""order"":[""x3"",""x2"",""x7"",""x6"",""x0"",""x1"",""x5"",""x8"",""x11"",""x10"",""x9"",""x4""]},{""sweep"":4,""seed"":672875983,""nodes"":17,""setup_ns"":48000,""build_ns"":5441900,""order"":[""x10"",""x4"",""x11"",""x1"",""x7"",""x3"",""x5"",""x2"",""x0"",""x9"",""x6"",""x8""]}]",26,25,49,99,89440.0,135676.0,150268.0,1498000.0,101542500.0,0.5952032368834349,0.659217547687137,0.05970627503337784,"{""cm"":[108464.0,124212.0,71902.0,64914.0,103674.0,89440.0,79398.0],""cse"":[148506.0,215054.0,111442.0,122010.0,218466.0,120840.0,135676.0],""cnf"":[150268.0,226534.0,164396.0,149778.0,204684.0,143502.0,145690.0],""robdd_enumerate"":[1025200.0,2177400.0,1475900.0,1681500.0,1539700.0,1093300.0,1498000.0],""robdd_naive"":[132061600.0,130086800.0,97492200.0,101542500.0,97658700.0,100948500.0,116131200.0]}",256,True,96500.0,1229300.0,6856300.0,2669600.0,0.014074646675320508,0.03614773748876236,"{""packed"":[103000.0,156600.0,96500.0,79800.0,135600.0,81100.0,76500.0],""scalar_cnf"":[1831600.0,2090100.0,1229300.0,1959900.0,1123400.0,1065300.0,1064900.0],""robdd"":[9002200.0,7320400.0,7482400.0,5968400.0,4939800.0,5132800.0,6856300.0],""cadical"":[3421800.0,2669600.0,3496500.0,2035100.0,3136200.0,2403500.0,2293400.0]}",1400,93800,6017300,160,True,20950800,87979,8041500,85707,1110800,3644,14901000,128546,3972,4319600,501300,True,747,2868800,1661900,True,559,91337600,59654200,True,"{""actual_duplicate_fraction"":0.8958333333333334,""clause_multiplier"":8,""residual_clauses"":96,""residual_literals"":193,""seed"":2026082711,""target_duplicate_fraction"":0.9,""unique_clauses"":10}"
synthetic|k12|m8|d0.9|s2026082712,synthetic,planted-k12-m8-d0.9-s2026082712,synthetic,planted,12,96,10,238,0.8958333333333334,552,0.134765625,84eb9f0398f73cf559ad308b4ea1522ea4e808a17e6bb926406bf816175892c7,True,384700,3352600,982900,dd.autoref,autoref,39100,6358400,18,34200,4298100,12,24736900,"[{""sweep"":0,""seed"":1623744096,""nodes"":23,""setup_ns"":43700,""build_ns"":4805800,""order"":[""x8"",""x6"",""x7"",""x1"",""x5"",""x0"",""x2"",""x4"",""x3"",""x10"",""x11"",""x9""]},{""sweep"":1,""seed"":1623744097,""nodes"":23,""setup_ns"":48700,""build_ns"":4393500,""order"":[""x5"",""x6"",""x1"",""x3"",""x11"",""x2"",""x8"",""x0"",""x10"",""x7"",""x4"",""x9""]},{""sweep"":2,""seed"":1623744098,""nodes"":14,""setup_ns"":31900,""build_ns"":4486400,""order"":[""x3"",""x2"",""x6"",""x4"",""x9"",""x7"",""x5"",""x8"",""x0"",""x11"",""x1"",""x10""]},{""sweep"":3,""seed"":1623744099,""nodes"":14,""setup_ns"":52500,""build_ns"":4700300,""order"":[""x10"",""x11"",""x9"",""x5"",""x2"",""x8"",""x7"",""x1"",""x6"",""x4"",""x0"",""x3""]},{""sweep"":4,""seed"":1623744100,""nodes"":12,""setup_ns"":34200,""build_ns"":4298100,""order"":[""x6"",""x11"",""x10"",""x3"",""x7"",""x1"",""x8"",""x5"",""x4"",""x0"",""x2"",""x9""]}]",27,22,54,113,83056.0,193354.0,165504.0,4395900.0,119865500.0,0.5018368136117556,0.42955408214983914,0.018893969380559157,"{""cm"":[129556.0,84276.0,143708.0,83056.0,72692.0,82336.0,73890.0],""cse"":[212858.0,124460.0,193354.0,194550.0,223108.0,141512.0,151900.0],""cnf"":[233956.0,137526.0,153644.0,228064.0,234398.0,129248.0,165504.0],""robdd_enumerate"":[4704800.0,3956500.0,3315700.0,4807700.0,6767900.0,3692800.0,4395900.0],""robdd_naive"":[121982300.0,119865500.0,110511400.0,122813300.0,122310900.0,107033700.0,102158000.0]}",256,True,81500.0,3121300.0,6316000.0,2454000.0,0.012903736542115263,0.03321108394458028,"{""packed"":[81300.0,81500.0,89200.0,71600.0,139400.0,75400.0,135000.0],""scalar_cnf"":[3075200.0,3121300.0,3364300.0,2965700.0,3152200.0,3029200.0,4772500.0],""robdd"":[5995800.0,6182900.0,5964200.0,6316000.0,6350200.0,8783000.0,7012200.0],""cadical"":[2772600.0,2636200.0,2428900.0,2398300.0,2454000.0,2104200.0,3771800.0]}",1700,92000,12199800,552,True,17326200,94659,10911400,98571,943000,3644,14530800,99437,4078,4242300,681900,True,839,3687700,749300,True,510,54562400,54699600,True,"{""actual_duplicate_fraction"":0.8958333333333334,""clause_multiplier"":8,""residual_clauses"":96,""residual_literals"":238,""seed"":2026082712,""target_duplicate_fraction"":0.9,""unique_clauses"":10}"
synthetic|k12|m64|d0.0|s2026082711,synthetic,planted-k12-m64-d0.0-s2026082711,synthetic,planted,12,768,768,2449,0.0,1,0.000244140625,78872c3ce9d65ec17ed35d61242748f5a562d1fb104b330099be15b8943bab82,True,4608700,70260500,12091700,dd.autoref,autoref,78300,173149200,13,35000,74442800,13,593975100,"[{""sweep"":0,""seed"":893110835,""nodes"":13,""setup_ns"":35000,""build_ns"":74442800,""order"":[""x10"",""x7"",""x3"",""x5"",""x11"",""x2"",""x8"",""x1"",""x6"",""x0"",""x9"",""x4""]},{""sweep"":1,""seed"":893110836,""nodes"":13,""setup_ns"":29900,""build_ns"":87209600,""order"":[""x6"",""x8"",""x10"",""x5"",""x3"",""x4"",""x11"",""x2"",""x1"",""x9"",""x0"",""x7""]},{""sweep"":2,""seed"":893110837,""nodes"":13,""setup_ns"":31100,""build_ns"":112220000,""order"":[""x0"",""x10"",""x9"",""x2"",""x7"",""x3"",""x1"",""x5"",""x4"",""x11"",""x6"",""x8""]},{""sweep"":3,""seed"":893110838,""nodes"":13,""setup_ns"":34000,""build_ns"":161924400,""order"":[""x6"",""x8"",""x11"",""x1"",""x5"",""x10"",""x7"",""x4"",""x9"",""x0"",""x3"",""x2""]},{""sweep"":4,""seed"":893110839,""nodes"":13,""setup_ns"":54400,""build_ns"":156193900,""order"":[""x6"",""x11"",""x4"",""x9"",""x0"",""x2"",""x5"",""x3"",""x8"",""x1"",""x10"",""x7""]}]",847,847,1630,1630,2693656.0,2707480.0,1836652.0,114300.0,103933600.0,1.46661207457918,0.9948941451091051,23.566544181977253,"{""cm"":[2693656.0,2790900.0,2772000.0,2453740.0,2948022.0,2620092.0,2661916.0],""cse"":[2261324.0,2428870.0,2974656.0,2641692.0,2707480.0,2790158.0,2982568.0],""cnf"":[1926294.0,1836652.0,1956912.0,1788474.0,1929404.0,1807312.0,1762002.0],""robdd_enumerate"":[68100.0,140800.0,145300.0,102300.0,141000.0,114300.0,108400.0],""robdd_naive"":[86935900.0,104331200.0,100060700.0,114340200.0,99478200.0,103933600.0,110198000.0]}",256,True,73200.0,1502300.0,5994900.0,2671700.0,0.0122103788219987,0.027398285735673916,"{""packed"":[73200.0,48500.0,84300.0,47400.0,77700.0,47100.0,78900.0],""scalar_cnf"":[1374400.0,1668100.0,1589300.0,1617000.0,1253400.0,1391900.0,1502300.0],""robdd"":[6773500.0,5994900.0,6255700.0,5896600.0,5185200.0,7801700.0,5686400.0],""cadical"":[2934400.0,2899700.0,3033100.0,2371700.0,2671700.0,2394200.0,2422800.0]}",1000,72600,1665300,1,True,336819700,1435706,177152300,1392026,8261200,3644,538827400,5235957,81005,8159900,1890200,True,8333,6057100,1630700,True,451,40946600,48345300,True,"{""actual_duplicate_fraction"":0.0,""clause_multiplier"":64,""residual_clauses"":768,""residual_literals"":2449,""seed"":2026082711,""target_duplicate_fraction"":0.0,""unique_clauses"":768}"
synthetic|k12|m64|d0.0|s2026082712,synthetic,planted-k12-m64-d0.0-s2026082712,synthetic,planted,12,768,768,2426,0.0,1,0.000244140625,c4b9bb584182650ea2ea7e8a9d823f084373ab01baa5961986aa6864ed08185e,True,3834700,55263300,11624000,dd.autoref,autoref,49000,122800100,13,37200,128945600,13,854732200,"[{""sweep"":0,""seed"":493969135,""nodes"":13,""setup_ns"":58800,""build_ns"":148718800,""order"":[""x9"",""x8"",""x5"",""x4"",""x3"",""x10"",""x6"",""x1"",""x11"",""x7"",""x0"",""x2""]},{""sweep"":1,""seed"":493969136,""nodes"":13,""setup_ns"":47500,""build_ns"":145377300,""order"":[""x8"",""x4"",""x9"",""x6"",""x0"",""x10"",""x3"",""x2"",""x11"",""x7"",""x5"",""x1""]},{""sweep"":2,""seed"":493969137,""nodes"":13,""setup_ns"":42500,""build_ns"":290053100,""order"":[""x7"",""x1"",""x9"",""x5"",""x11"",""x4"",""x10"",""x2"",""x3"",""x6"",""x0"",""x8""]},{""sweep"":3,""seed"":493969138,""nodes"":13,""setup_ns"":46200,""build_ns"":139172500,""order"":[""x10"",""x3"",""x0"",""x1"",""x4"",""x11"",""x2"",""x9"",""x7"",""x5"",""x8"",""x6""]},{""sweep"":4,""seed"":493969139,""nodes"":13,""setup_ns"":37200,""build_ns"":128945600,""order"":[""x4"",""x8"",""x6"",""x10"",""x5"",""x7"",""x3"",""x1"",""x11"",""x9"",""x0"",""x2""]}]",840,840,1625,1625,2534242.0,3127666.0,1946200.0,114400.0,99931500.0,1.3021488027951906,0.8102661857116457,22.152465034965036,"{""cm"":[2816906.0,2470412.0,2793766.0,2575612.0,2491146.0,2534242.0,1711430.0],""cse"":[3173248.0,3127666.0,3195928.0,2583992.0,2873344.0,1668602.0,3879240.0],""cnf"":[2095060.0,1946200.0,1555340.0,1814156.0,2063746.0,1257928.0,2134670.0],""robdd_enumerate"":[140000.0,98400.0,139200.0,141900.0,103100.0,114400.0,98200.0],""robdd_naive"":[98735500.0,97060800.0,92918300.0,99931500.0,107301400.0,110967800.0,113449100.0]}",256,True,80900.0,1530700.0,6390800.0,2529900.0,0.012658822056706516,0.03197754851970434,"{""packed"":[64400.0,63900.0,80900.0,117000.0,96600.0,72100.0,114900.0],""scalar_cnf"":[1530700.0,1748700.0,1980100.0,1274800.0,1516000.0,1649600.0,1416400.0],""robdd"":[6599900.0,4589000.0,4915200.0,5877100.0,6918500.0,6390800.0,6810800.0],""cadical"":[2474400.0,3242800.0,2202200.0,2321300.0,2741700.0,2618800.0,2529900.0]}",1200,83800,2478700,1,True,315937400,1431834,176951400,1387246,7594700,3644,603095300,5175669,80329,8559700,1449600,True,8189,5646700,3188400,True,452,87905800,47323000,True,"{""actual_duplicate_fraction"":0.0,""clause_multiplier"":64,""residual_clauses"":768,""residual_literals"":2426,""seed"":2026082712,""target_duplicate_fraction"":0.0,""unique_clauses"":768}"
synthetic|k12|m64|d0.5|s2026082711,synthetic,planted-k12-m64-d0.5-s2026082711,synthetic,planted,12,768,384,2337,0.5,1,0.000244140625,5d3d8693f72c225e709ef69f44ce019ba1a8717a9642e26888ff77b2344b0d15,True,3481100,46840500,12155700,dd.autoref,autoref,61400,129009400,13,55400,115656300,13,797124900,"[{""sweep"":0,""seed"":773818908,""nodes"":13,""setup_ns"":37400,""build_ns"":130362600,""order"":[""x6"",""x4"",""x3"",""x11"",""x10"",""x5"",""x9"",""x2"",""x8"",""x7"",""x1"",""x0""]},{""sweep"":1,""seed"":773818909,""nodes"":13,""setup_ns"":55400,""build_ns"":115656300,""order"":[""x8"",""x0"",""x6"",""x7"",""x4"",""x2"",""x5"",""x3"",""x9"",""x10"",""x11"",""x1""]},{""sweep"":2,""seed"":773818910,""nodes"":13,""setup_ns"":55400,""build_ns"":132928000,""order"":[""x8"",""x7"",""x6"",""x0"",""x4"",""x2"",""x11"",""x3"",""x10"",""x9"",""x5"",""x1""]},{""sweep"":3,""seed"":773818911,""nodes"":13,""setup_ns"":37200,""build_ns"":274214500,""order"":[""x0"",""x3"",""x9"",""x11"",""x5"",""x7"",""x10"",""x1"",""x8"",""x4"",""x6"",""x2""]},{""sweep"":4,""seed"":773818912,""nodes"":13,""setup_ns"":61400,""build_ns"":141690500,""order"":[""x2"",""x1"",""x6"",""x11"",""x7"",""x10"",""x3"",""x9"",""x0"",""x8"",""x5"",""x4""]}]",458,458,881,1265,1676678.0,2114222.0,1770950.0,101800.0,102323000.0,0.9467675541376097,0.7930472769652382,16.47031434184676,"{""cm"":[1793772.0,1676678.0,864476.0,2094630.0,1845992.0,1272284.0,1352366.0],""cse"":[2114222.0,2168514.0,1346292.0,2185212.0,1996916.0,2124152.0,2106036.0],""cnf"":[1770950.0,2053056.0,1538256.0,1537694.0,1916364.0,1688146.0,1878764.0],""robdd_enumerate"":[101800.0,145800.0,93000.0,98200.0,104100.0,99600.0,103700.0],""robdd_naive"":[98125600.0,123893900.0,57278600.0,87882600.0,102323000.0,112024600.0,113397500.0]}",256,True,99900.0,1666300.0,7622300.0,3122200.0,0.013106280256615458,0.03199666901543783,"{""packed"":[62400.0,69900.0,61000.0,99900.0,115100.0,116300.0,120100.0],""scalar_cnf"":[1666300.0,1719900.0,1706400.0,1412300.0,1174300.0,1490100.0,2378900.0],""robdd"":[7868800.0,8440900.0,6217800.0,7622300.0,7571800.0,6820300.0,9456000.0],""cadical"":[3185900.0,3122200.0,2687300.0,2457900.0,2653700.0,3912000.0,3270000.0]}",900,84100,1913100,1,True,284832800,1146462,145063000,1053586,9452500,3644,590851700,4671417,44263,7708300,1441500,True,8003,5195900,1383800,True,438,83966400,47892200,True,"{""actual_duplicate_fraction"":0.5,""clause_multiplier"":64,""residual_clauses"":768,""residual_literals"":2337,""seed"":2026082711,""target_duplicate_fraction"":0.5,""unique_clauses"":384}"
synthetic|k12|m64|d0.5|s2026082712,synthetic,planted-k12-m64-d0.5-s2026082712,synthetic,planted,12,768,384,2299,0.5,1,0.000244140625,200b62eb6ee6c11e69ff09ec5147fdccf05ab2abab048c2b8e67818c8041bc73,True,4434100,47986800,11935600,dd.autoref,autoref,50100,129510900,13,36500,106931900,13,604855700,"[{""sweep"":0,""seed"":1622809760,""nodes"":13,""setup_ns"":38000,""build_ns"":113941900,""order"":[""x11"",""x1"",""x2"",""x7"",""x3"",""x10"",""x0"",""x4"",""x9"",""x5"",""x8"",""x6""]},{""sweep"":1,""seed"":1622809761,""nodes"":13,""setup_ns"":45700,""build_ns"":124626300,""order"":[""x7"",""x5"",""x4"",""x2"",""x8"",""x1"",""x0"",""x6"",""x9"",""x10"",""x11"",""x3""]},{""sweep"":2,""seed"":1622809762,""nodes"":13,""setup_ns"":51500,""build_ns"":125762300,""order"":[""x10"",""x5"",""x11"",""x2"",""x0"",""x9"",""x4"",""x1"",""x6"",""x7"",""x8"",""x3""]},{""sweep"":3,""seed"":1622809763,""nodes"":13,""setup_ns"":55600,""build_ns"":131290900,""order"":[""x0"",""x2"",""x3"",""x7"",""x5"",""x1"",""x4"",""x10"",""x9"",""x8"",""x6"",""x11""]},{""sweep"":4,""seed"":1622809764,""nodes"":13,""setup_ns"":36500,""build_ns"":106931900,""order"":[""x5"",""x9"",""x3"",""x1"",""x7"",""x2"",""x10"",""x6"",""x11"",""x4"",""x8"",""x0""]}]",438,438,863,1247,1306338.0,1985230.0,1785916.0,108800.0,101485600.0,0.7314666535268176,0.6580285407736132,12.006783088235293,"{""cm"":[907360.0,1306338.0,1280834.0,1321478.0,1258522.0,1544038.0,1515174.0],""cse"":[2011440.0,2197254.0,1722646.0,1818682.0,2110626.0,1980226.0,1985230.0],""cnf"":[1775304.0,1303306.0,1969780.0,1577824.0,2115264.0,1785916.0,1936574.0],""robdd_enumerate"":[113500.0,95900.0,124100.0,135700.0,103900.0,103000.0,108800.0],""robdd_naive"":[75262300.0,64631500.0,121660700.0,121203100.0,108005600.0,100623500.0,101485600.0]}",256,True,83400.0,1509800.0,6063900.0,2276300.0,0.013753524959184683,0.03663840442823881,"{""packed"":[115800.0,67100.0,83400.0,74000.0,83400.0,117300.0,114200.0],""scalar_cnf"":[1382700.0,1450100.0,1602100.0,1509800.0,1728400.0,1242900.0,1625400.0],""robdd"":[5351200.0,6063900.0,4903100.0,6667300.0,5986600.0,8631700.0,7026300.0],""cadical"":[2234500.0,2339100.0,2276300.0,2241100.0,2130100.0,2729900.0,2611600.0]}",1000,58900,1551900,1,True,285445400,1138598,112502100,1039970,8257300,3644,543525800,4486453,42651,6087700,1008900,True,7872,4776800,1455000,True,432,82372400,45423900,True,"{""actual_duplicate_fraction"":0.5,""clause_multiplier"":64,""residual_clauses"":768,""residual_literals"":2299,""seed"":2026082712,""target_duplicate_fraction"":0.5,""unique_clauses"":384}"
synthetic|k12|m64|d0.9|s2026082711,synthetic,planted-k12-m64-d0.9-s2026082711,synthetic,planted,12,768,77,2087,0.8997395833333334,1,0.000244140625,8238b62c97f91e632d775cf6d088f5d508a8419fa7ccf022fae5abc80228c72f,True,2220400,39729500,8244400,dd.autoref,autoref,67800,74547200,13,44000,72118100,13,412914500,"[{""sweep"":0,""seed"":1918179664,""nodes"":13,""setup_ns"":34900,""build_ns"":79204900,""order"":[""x8"",""x3"",""x4"",""x11"",""x0"",""x10"",""x9"",""x6"",""x1"",""x5"",""x2"",""x7""]},{""sweep"":1,""seed"":1918179665,""nodes"":13,""setup_ns"":37600,""build_ns"":85855500,""order"":[""x8"",""x0"",""x6"",""x10"",""x1"",""x4"",""x11"",""x2"",""x5"",""x3"",""x9"",""x7""]},{""sweep"":2,""seed"":1918179666,""nodes"":13,""setup_ns"":44000,""build_ns"":72118100,""order"":[""x3"",""x5"",""x9"",""x10"",""x6"",""x2"",""x0"",""x7"",""x1"",""x4"",""x11"",""x8""]},{""sweep"":3,""seed"":1918179667,""nodes"":13,""setup_ns"":52500,""build_ns"":88454600,""order"":[""x2"",""x11"",""x6"",""x9"",""x8"",""x1"",""x0"",""x5"",""x3"",""x10"",""x7"",""x4""]},{""sweep"":4,""seed"":1918179668,""nodes"":13,""setup_ns"":45400,""build_ns"":84963400,""order"":[""x8"",""x11"",""x1"",""x10"",""x4"",""x0"",""x7"",""x5"",""x6"",""x3"",""x9"",""x2""]}]",117,108,255,874,419008.0,1106256.0,1590210.0,98500.0,108303900.0,0.2634922431628527,0.37876223948163895,4.253888324873096,"{""cm"":[1147978.0,634276.0,375466.0,386618.0,497996.0,418578.0,419008.0],""cse"":[1687426.0,1344584.0,1469712.0,941756.0,1104956.0,1106256.0,1097720.0],""cnf"":[1625396.0,1966132.0,1581004.0,1590210.0,1566752.0,1931996.0,1553744.0],""robdd_enumerate"":[104200.0,161200.0,98200.0,98500.0,97300.0,160700.0,92800.0],""robdd_naive"":[129602700.0,121708000.0,132480200.0,108303900.0,103521500.0,106206000.0,105123300.0]}",256,True,81100.0,1363300.0,6441500.0,2873400.0,0.012590235193666071,0.028224403146098698,"{""packed"":[81700.0,47400.0,82100.0,44200.0,81100.0,42200.0,82000.0],""scalar_cnf"":[1897900.0,1351300.0,1363300.0,941000.0,934500.0,1584400.0,1951200.0],""robdd"":[9616000.0,5816200.0,6104000.0,6441500.0,8501700.0,6414700.0,8700300.0],""cadical"":[3259300.0,2498600.0,2482500.0,2873400.0,3459800.0,2477400.0,4035400.0]}",900,49700,1523300,1,True,197485000,798966,83954400,822110,11317500,3644,407661200,3235286,12657,5165400,710400,True,7391,4924800,1193300,True,433,46024700,46830700,True,"{""actual_duplicate_fraction"":0.8997395833333334,""clause_multiplier"":64,""residual_clauses"":768,""residual_literals"":2087,""seed"":2026082711,""target_duplicate_fraction"":0.9,""unique_clauses"":77}"
synthetic|k12|m64|d0.9|s2026082712,synthetic,planted-k12-m64-d0.9-s2026082712,synthetic,planted,12,768,77,2269,0.8997395833333334,2,0.00048828125,6dab68968536d3dbf084ea72b1739b48fad9e4803f7289a35ae5b9f51c915f64,True,2605100,40247900,6945200,dd.autoref,autoref,67400,111800500,14,64100,183002900,14,782629100,"[{""sweep"":0,""seed"":1161370423,""nodes"":14,""setup_ns"":64100,""build_ns"":183002900,""order"":[""x5"",""x2"",""x8"",""x6"",""x7"",""x1"",""x0"",""x3"",""x10"",""x11"",""x4"",""x9""]},{""sweep"":1,""seed"":1161370424,""nodes"":20,""setup_ns"":60100,""build_ns"":225168800,""order"":[""x10"",""x0"",""x9"",""x11"",""x6"",""x5"",""x8"",""x2"",""x1"",""x4"",""x7"",""x3""]},{""sweep"":2,""seed"":1161370425,""nodes"":18,""setup_ns"":58900,""build_ns"":172306500,""order"":[""x10"",""x8"",""x2"",""x0"",""x9"",""x7"",""x4"",""x6"",""x1"",""x3"",""x11"",""x5""]},{""sweep"":3,""seed"":1161370426,""nodes"":17,""setup_ns"":57100,""build_ns"":103039400,""order"":[""x11"",""x9"",""x8"",""x6"",""x2"",""x5"",""x1"",""x3"",""x7"",""x10"",""x4"",""x0""]},{""sweep"":4,""seed"":1161370427,""nodes"":16,""setup_ns"":40500,""build_ns"":96436800,""order"":[""x2"",""x6"",""x11"",""x7"",""x10"",""x5"",""x3"",""x0"",""x9"",""x8"",""x4"",""x1""]}]",115,103,263,900,412452.0,1066090.0,1798248.0,128700.0,116010600.0,0.22936324689364315,0.386882908572447,3.2047552447552445,"{""cm"":[412452.0,275898.0,560708.0,466184.0,338436.0,356138.0,438390.0],""cse"":[1001140.0,994104.0,1495352.0,1066090.0,1155708.0,1011284.0,1127506.0],""cnf"":[1144106.0,2215626.0,1986204.0,1687004.0,1976968.0,1798248.0,1782894.0],""robdd_enumerate"":[99400.0,308900.0,128700.0,194400.0,124300.0,169000.0,128000.0],""robdd_naive"":[127911200.0,85298800.0,115112600.0,121322200.0,114063400.0,116208700.0,116010600.0]}",256,True,90300.0,1224700.0,9203100.0,3036400.0,0.009811911203833491,0.02973916480042155,"{""packed"":[90300.0,95000.0,93500.0,103500.0,59300.0,59300.0,81400.0],""scalar_cnf"":[1293800.0,981000.0,1136000.0,1224700.0,1177200.0,1353200.0,1498500.0],""robdd"":[10096400.0,5350700.0,5579500.0,8162600.0,9783600.0,9321600.0,9203100.0],""cadical"":[2926900.0,2223600.0,2353400.0,3437900.0,3678500.0,3036400.0,3648900.0]}",900,57400,1399100,2,True,250221000,821610,92341900,842126,10705300,3644,427225300,3776281,12614,4783700,721500,True,7777,6928700,2070800,True,463,44151100,38915500,True,"{""actual_duplicate_fraction"":0.8997395833333334,""clause_multiplier"":64,""residual_clauses"":768,""residual_literals"":2269,""seed"":2026082712,""target_duplicate_fraction"":0.9,""unique_clauses"":77}"
synthetic|k16|m1|d0.0|s2026082711,synthetic,planted-k16-m1-d0.0-s2026082711,synthetic,planted,16,16,16,35,0.0,202,0.003082275390625,42138e931d62135a8de53ad8f51d5a7c5d20e972b1bfeb7ab9c8f79ea4b52bc2,True,77600,1367900,456300,dd.autoref,autoref,46200,2370800,54,44000,1964800,43,14467300,"[{""sweep"":0,""seed"":212961668,""nodes"":71,""setup_ns"":59500,""build_ns"":2422400,""order"":[""x14"",""x3"",""x10"",""x6"",""x8"",""x11"",""x7"",""x5"",""x0"",""x9"",""x4"",""x1"",""x2"",""x13"",""x12"",""x15""]},{""sweep"":1,""seed"":212961669,""nodes"":43,""setup_ns"":44000,""build_ns"":1964800,""order"":[""x0"",""x12"",""x1"",""x3"",""x8"",""x5"",""x15"",""x6"",""x14"",""x7"",""x2"",""x13"",""x11"",""x4"",""x10"",""x9""]},{""sweep"":2,""seed"":212961670,""nodes"":43,""setup_ns"":43600,""build_ns"":2759000,""order"":[""x2"",""x7"",""x12"",""x14"",""x0"",""x13"",""x15"",""x4"",""x9"",""x6"",""x5"",""x11"",""x10"",""x8"",""x1"",""x3""]},{""sweep"":3,""seed"":212961671,""nodes"":55,""setup_ns"":47900,""build_ns"":2279900,""order"":[""x6"",""x9"",""x3"",""x11"",""x0"",""x7"",""x15"",""x12"",""x8"",""x5"",""x10"",""x4"",""x1"",""x14"",""x13"",""x2""]},{""sweep"":4,""seed"":212961672,""nodes"":72,""setup_ns"":33200,""build_ns"":2752200,""order"":[""x15"",""x12"",""x4"",""x8"",""x13"",""x5"",""x14"",""x0"",""x1"",""x9"",""x7"",""x6"",""x3"",""x10"",""x2"",""x11""]}]",25,25,45,45,166340.0,189880.0,252840.0,2727800.0,,0.6578864103781047,0.8760269643985675,0.060979543954835395,"{""cm"":[143580.0,183060.0,191980.0,166340.0,193940.0,121230.0,133120.0],""cse"":[130050.0,190820.0,189880.0,193420.0,190710.0,131150.0,124430.0],""cnf"":[195020.0,285450.0,290270.0,235240.0,283560.0,252840.0,204300.0],""robdd_enumerate"":[2593900.0,2505500.0,3507600.0,2674100.0,2727800.0,3346300.0,2909600.0]}",256,True,422000.0,872300.0,6962800.0,2807900.0,0.06060780145918309,0.15029025250186973,"{""packed"":[726800.0,716100.0,511900.0,422000.0,375300.0,349700.0,405200.0],""scalar_cnf"":[1008000.0,1015400.0,1013000.0,763100.0,872300.0,796800.0,645700.0],""robdd"":[9747100.0,9758700.0,7967300.0,6962800.0,6127500.0,6179400.0,6700200.0],""cadical"":[3901800.0,3915900.0,2539300.0,2807900.0,2896000.0,2782200.0,2258500.0]}",6100,211200,,,True,8713200,166008,4474300,164680,510000,52728,9221800,94714,19365,6551600,633600,True,146,2867100,574700,True,1433,98511200,122745600,True,"{""actual_duplicate_fraction"":0.0,""clause_multiplier"":1,""residual_clauses"":16,""residual_literals"":35,""seed"":2026082711,""target_duplicate_fraction"":0.0,""unique_clauses"":16}"
synthetic|k16|m1|d0.0|s2026082712,synthetic,planted-k16-m1-d0.0-s2026082712,synthetic,planted,16,16,16,38,0.0,288,0.00439453125,e503849d8eb9c938f56a36d17b5796f9a0c5a3250d547452c249d23342fe4a6f,True,62800,1006300,265400,dd.autoref,autoref,59900,1272600,19,31900,1659700,13,10781500,"[{""sweep"":0,""seed"":573637625,""nodes"":13,""setup_ns"":31900,""build_ns"":1659700,""order"":[""x15"",""x10"",""x11"",""x13"",""x5"",""x12"",""x0"",""x4"",""x2"",""x7"",""x9"",""x8"",""x14"",""x1"",""x3"",""x6""]},{""sweep"":1,""seed"":573637626,""nodes"":25,""setup_ns"":29600,""build_ns"":1193700,""order"":[""x5"",""x7"",""x15"",""x9"",""x3"",""x8"",""x4"",""x11"",""x6"",""x14"",""x2"",""x13"",""x1"",""x12"",""x10"",""x0""]},{""sweep"":2,""seed"":573637627,""nodes"":22,""setup_ns"":31700,""build_ns"":3128800,""order"":[""x7"",""x3"",""x14"",""x9"",""x11"",""x13"",""x15"",""x4"",""x1"",""x12"",""x10"",""x6"",""x0"",""x5"",""x2"",""x8""]},{""sweep"":3,""seed"":573637628,""nodes"":18,""setup_ns"":48000,""build_ns"":1691700,""order"":[""x13"",""x7"",""x12"",""x6"",""x8"",""x14"",""x2"",""x4"",""x9"",""x10"",""x3"",""x0"",""x11"",""x1"",""x15"",""x5""]},{""sweep"":4,""seed"":573637629,""nodes"":22,""setup_ns"":30000,""build_ns"":1434700,""order"":[""x1"",""x7"",""x0"",""x10"",""x6"",""x11"",""x8"",""x4"",""x5"",""x9"",""x13"",""x3"",""x12"",""x14"",""x2"",""x15""]}]",20,20,46,46,136260.0,141520.0,165360.0,3045000.0,,0.8240203193033382,0.962832108535896,0.0447487684729064,"{""cm"":[145700.0,97200.0,190510.0,189960.0,136260.0,135950.0,109020.0],""cse"":[144990.0,149830.0,141460.0,162860.0,121990.0,141520.0,137170.0],""cnf"":[170690.0,129720.0,158590.0,243730.0,132530.0,204250.0,165360.0],""robdd_enumerate"":[2776200.0,2819400.0,3045000.0,4274600.0,3492800.0,3701400.0,2849900.0]}",256,True,401500.0,869500.0,7772900.0,2994200.0,0.051653822897502866,0.13409257898603968,"{""packed"":[278600.0,471200.0,283400.0,350100.0,578400.0,592400.0,401500.0],""scalar_cnf"":[870400.0,869500.0,1105300.0,832200.0,1141300.0,583000.0,612900.0],""robdd"":[5532900.0,6199500.0,9116800.0,9192700.0,7756400.0,7772900.0,9440500.0],""cadical"":[2469000.0,2973300.0,3750100.0,3566800.0,2374400.0,3028000.0,2994200.0]}",3400,61400,,,True,8805000,148147,3507400,138451,345300,51704,7473400,62338,19135,6610800,723300,True,148,2711300,506300,True,623,48458200,77286600,True,"{""actual_duplicate_fraction"":0.0,""clause_multiplier"":1,""residual_clauses"":16,""residual_literals"":38,""seed"":2026082712,""target_duplicate_fraction"":0.0,""unique_clauses"":16}"
synthetic|k16|m1|d0.5|s2026082711,synthetic,planted-k16-m1-d0.5-s2026082711,synthetic,planted,16,16,8,36,0.5,2112,0.0322265625,3ff2fa35079c81b7090a32df90288d6f6135a3c780007bd744691022305f9650,True,113200,916700,326700,dd.autoref,autoref,64000,1438800,27,53400,1102000,21,12326700,"[{""sweep"":0,""seed"":554565514,""nodes"":21,""setup_ns"":53400,""build_ns"":1102000,""order"":[""x4"",""x1"",""x0"",""x13"",""x8"",""x2"",""x15"",""x14"",""x7"",""x11"",""x12"",""x6"",""x9"",""x5"",""x3"",""x10""]},{""sweep"":1,""seed"":554565515,""nodes"":24,""setup_ns"":53200,""build_ns"":1778900,""order"":[""x3"",""x4"",""x12"",""x13"",""x15"",""x8"",""x0"",""x7"",""x11"",""x6"",""x10"",""x14"",""x9"",""x5"",""x1"",""x2""]},{""sweep"":2,""seed"":554565516,""nodes"":33,""setup_ns"":52500,""build_ns"":1517900,""order"":[""x8"",""x12"",""x6"",""x11"",""x4"",""x9"",""x0"",""x14"",""x13"",""x10"",""x2"",""x3"",""x5"",""x15"",""x1"",""x7""]},{""sweep"":3,""seed"":554565517,""nodes"":28,""setup_ns"":54600,""build_ns"":3800900,""order"":[""x10"",""x1"",""x6"",""x3"",""x0"",""x5"",""x8"",""x7"",""x11"",""x13"",""x14"",""x15"",""x12"",""x2"",""x9"",""x4""]},{""sweep"":4,""seed"":554565518,""nodes"":36,""setup_ns"":60400,""build_ns"":1891200,""order"":[""x15"",""x0"",""x6"",""x4"",""x7"",""x14"",""x10"",""x5"",""x13"",""x9"",""x3"",""x2"",""x12"",""x8"",""x11"",""x1""]}]",15,15,24,30,53270.0,60510.0,123980.0,15201900.0,,0.42966607517341504,0.8803503553131714,0.0035041672422526132,"{""cm"":[59090.0,55800.0,54720.0,53270.0,48780.0,48380.0,48520.0],""cse"":[61830.0,63270.0,57740.0,60510.0,53930.0,62180.0,52540.0],""cnf"":[138870.0,134190.0,128860.0,123980.0,123400.0,119870.0,115380.0],""robdd_enumerate"":[16079200.0,16072100.0,18249400.0,15201900.0,14966700.0,13630400.0,13296600.0]}",256,True,326500.0,636500.0,4238100.0,1801200.0,0.07703923928175362,0.18126804352653786,"{""packed"":[306300.0,403400.0,309500.0,326500.0,383100.0,402000.0,305600.0],""scalar_cnf"":[617500.0,627500.0,637000.0,622000.0,688700.0,640700.0,636500.0],""robdd"":[4082800.0,4312800.0,4238100.0,4430100.0,4122900.0,4396500.0,4184000.0],""cadical"":[1810800.0,1912400.0,1717200.0,1801200.0,1762800.0,2481300.0,1761900.0]}",3400,61400,,,True,7751700,99499,2437900,108203,482300,52728,4385600,39122,18240,5015500,484300,True,152,2286300,361800,True,759,60531200,59055700,True,"{""actual_duplicate_fraction"":0.5,""clause_multiplier"":1,""residual_clauses"":16,""residual_literals"":36,""seed"":2026082711,""target_duplicate_fraction"":0.5,""unique_clauses"":8}"
synthetic|k16|m1|d0.5|s2026082712,synthetic,planted-k16-m1-d0.5-s2026082712,synthetic,planted,16,16,8,36,0.5,3072,0.046875,ee9c3ba9b8ac034cd9d320f71d1d289e86235ca7532371aaaddbbefabda90798,True,79500,1074400,354100,dd.autoref,autoref,53400,1185300,9,40500,871800,7,7477500,"[{""sweep"":0,""seed"":276918058,""nodes"":8,""setup_ns"":32100,""build_ns"":1020800,""order"":[""x3"",""x9"",""x6"",""x0"",""x4"",""x8"",""x10"",""x14"",""x11"",""x15"",""x7"",""x5"",""x13"",""x12"",""x1"",""x2""]},{""sweep"":1,""seed"":276918059,""nodes"":7,""setup_ns"":41200,""build_ns"":1107800,""order"":[""x2"",""x5"",""x14"",""x4"",""x7"",""x12"",""x6"",""x15"",""x13"",""x1"",""x10"",""x11"",""x8"",""x0"",""x3"",""x9""]},{""sweep"":2,""seed"":276918060,""nodes"":9,""setup_ns"":48800,""build_ns"":1423800,""order"":[""x14"",""x15"",""x3"",""x12"",""x10"",""x1"",""x13"",""x9"",""x7"",""x5"",""x0"",""x11"",""x8"",""x6"",""x2"",""x4""]},{""sweep"":3,""seed"":276918061,""nodes"":9,""setup_ns"":52400,""build_ns"":1257500,""order"":[""x14"",""x15"",""x1"",""x12"",""x3"",""x6"",""x10"",""x0"",""x5"",""x11"",""x4"",""x13"",""x2"",""x8"",""x9"",""x7""]},{""sweep"":4,""seed"":276918062,""nodes"":7,""setup_ns"":40500,""build_ns"":871800,""order"":[""x4"",""x1"",""x12"",""x9"",""x14"",""x10"",""x6"",""x5"",""x0"",""x8"",""x2"",""x15"",""x3"",""x11"",""x7"",""x13""]}]",13,13,24,29,79140.0,106840.0,273300.0,36812700.0,,0.28957189901207464,0.7407338075627106,0.002149801563047535,"{""cm"":[79140.0,121340.0,114200.0,112660.0,76600.0,61370.0,67610.0],""cse"":[70300.0,154680.0,128890.0,106840.0,151560.0,61570.0,63640.0],""cnf"":[179130.0,277240.0,301320.0,273300.0,381180.0,201500.0,198060.0],""robdd_enumerate"":[35537800.0,35336700.0,41922300.0,45067300.0,40436100.0,34552900.0,36812700.0]}",256,True,297200.0,1123100.0,7126100.0,3392100.0,0.041705841905109384,0.08761534152884644,"{""packed"":[423400.0,297200.0,266000.0,258700.0,519100.0,308700.0,253300.0],""scalar_cnf"":[1089500.0,1123100.0,1158100.0,1128000.0,1218100.0,1047500.0,893900.0],""robdd"":[7290000.0,7270600.0,6881500.0,6865500.0,6388600.0,7757700.0,7126100.0],""cadical"":[2413800.0,3517200.0,2181900.0,2666200.0,3505500.0,3422300.0,3392100.0]}",5300,56700,,,True,7027200,114150,2744300,113782,347600,52792,6098500,35157,18118,6397000,706000,True,155,2655400,621400,True,372,34422100,51779100,True,"{""actual_duplicate_fraction"":0.5,""clause_multiplier"":1,""residual_clauses"":16,""residual_literals"":36,""seed"":2026082712,""target_duplicate_fraction"":0.5,""unique_clauses"":8}"
synthetic|k16|m1|d0.9|s2026082711,synthetic,planted-k16-m1-d0.9-s2026082711,synthetic,planted,16,16,2,36,0.875,28672,0.4375,d6e120d87de02c99d0159d1466e06f98e111b47d2ef65b5e858295b7b8e9f53e,True,98700,535000,267600,dd.autoref,autoref,43000,395500,6,53500,581100,5,3507400,"[{""sweep"":0,""seed"":1122029237,""nodes"":5,""setup_ns"":53500,""build_ns"":581100,""order"":[""x10"",""x4"",""x1"",""x9"",""x5"",""x3"",""x2"",""x7"",""x12"",""x15"",""x13"",""x14"",""x8"",""x11"",""x0"",""x6""]},{""sweep"":1,""seed"":1122029238,""nodes"":6,""setup_ns"":31800,""build_ns"":349300,""order"":[""x7"",""x11"",""x5"",""x15"",""x6"",""x0"",""x1"",""x12"",""x9"",""x14"",""x13"",""x3"",""x2"",""x4"",""x10"",""x8""]},{""sweep"":2,""seed"":1122029239,""nodes"":6,""setup_ns"":33500,""build_ns"":325900,""order"":[""x14"",""x7"",""x3"",""x11"",""x8"",""x9"",""x10"",""x12"",""x1"",""x0"",""x13"",""x2"",""x4"",""x15"",""x5"",""x6""]},{""sweep"":3,""seed"":1122029240,""nodes"":6,""setup_ns"":31400,""build_ns"":446900,""order"":[""x9"",""x2"",""x14"",""x7"",""x1"",""x11"",""x15"",""x13"",""x3"",""x4"",""x5"",""x8"",""x10"",""x0"",""x12"",""x6""]},{""sweep"":4,""seed"":1122029241,""nodes"":6,""setup_ns"":27900,""build_ns"":359100,""order"":[""x14"",""x11"",""x12"",""x15"",""x2"",""x10"",""x5"",""x6"",""x13"",""x0"",""x9"",""x7"",""x4"",""x3"",""x8"",""x1""]}]",3,4,5,13,29730.0,40370.0,70600.0,340141500.0,,0.42110481586402265,0.7364379489720089,8.740480064914161e-05,"{""cm"":[28730.0,27430.0,29730.0,33910.0,32610.0,51510.0,25050.0],""cse"":[34860.0,38810.0,54080.0,45940.0,35080.0,45220.0,40370.0],""cnf"":[75040.0,81090.0,70600.0,57290.0,62050.0,57230.0,106870.0],""robdd_enumerate"":[355009000.0,349123700.0,340141500.0,363683000.0,324301200.0,326213200.0,335423100.0]}",256,True,320900.0,1425500.0,5326700.0,2037500.0,0.06024367807460529,0.15749693251533742,"{""packed"":[320500.0,416100.0,351900.0,302500.0,284100.0,320900.0,632900.0],""scalar_cnf"":[2230200.0,1396300.0,2173100.0,1410400.0,1425500.0,1389700.0,2764600.0],""robdd"":[6824200.0,4158500.0,9311600.0,4805600.0,4395100.0,5326700.0,8075000.0],""cadical"":[1953900.0,2037500.0,2226000.0,1999800.0,1981100.0,2556700.0,3527500.0]}",5800,46200,,,True,3458300,48940,1538700,58604,263600,35264,3375100,12717,16987,6440700,557100,True,142,3043300,634800,True,303,48742700,36104600,True,"{""actual_duplicate_fraction"":0.875,""clause_multiplier"":1,""residual_clauses"":16,""residual_literals"":36,""seed"":2026082711,""target_duplicate_fraction"":0.9,""unique_clauses"":2}"
synthetic|k16|m1|d0.9|s2026082712,synthetic,planted-k16-m1-d0.9-s2026082712,synthetic,planted,16,16,2,32,0.875,36864,0.5625,f674c85de13d71242705659ed39a1cdbe713742b4dde60993ec3b0026981d16f,True,68200,661100,270300,dd.autoref,autoref,62000,631900,7,33200,551900,5,5180200,"[{""sweep"":0,""seed"":1131971451,""nodes"":7,""setup_ns"":52600,""build_ns"":696700,""order"":[""x0"",""x13"",""x7"",""x9"",""x15"",""x10"",""x3"",""x4"",""x8"",""x14"",""x11"",""x12"",""x1"",""x6"",""x5"",""x2""]},{""sweep"":1,""seed"":1131971452,""nodes"":5,""setup_ns"":33200,""build_ns"":551900,""order"":[""x1"",""x10"",""x4"",""x3"",""x13"",""x11"",""x7"",""x2"",""x6"",""x12"",""x8"",""x9"",""x14"",""x15"",""x0"",""x5""]},{""sweep"":2,""seed"":1131971453,""nodes"":7,""setup_ns"":51500,""build_ns"":712200,""order"":[""x6"",""x9"",""x0"",""x4"",""x5"",""x3"",""x2"",""x10"",""x11"",""x8"",""x14"",""x15"",""x1"",""x12"",""x7"",""x13""]},{""sweep"":3,""seed"":1131971454,""nodes"":7,""setup_ns"":52400,""build_ns"":649700,""order"":[""x7"",""x12"",""x10"",""x9"",""x3"",""x5"",""x13"",""x15"",""x2"",""x0"",""x1"",""x4"",""x11"",""x14"",""x6"",""x8""]},{""sweep"":4,""seed"":1131971455,""nodes"":5,""setup_ns"":38900,""build_ns"":557400,""order"":[""x15"",""x13"",""x2"",""x8"",""x12"",""x5"",""x0"",""x9"",""x4"",""x11"",""x14"",""x1"",""x10"",""x6"",""x7"",""x3""]}]",7,9,8,16,58120.0,59540.0,308790.0,522038600.0,,0.1882185303928236,0.9761504870675176,0.00011133276351595457,"{""cm"":[57140.0,65260.0,58120.0,34950.0,62620.0,55730.0,69960.0],""cse"":[54610.0,97870.0,50030.0,42910.0,94250.0,59540.0,147260.0],""cnf"":[315470.0,344140.0,254380.0,292440.0,308790.0,229800.0,313610.0],""robdd_enumerate"":[522038600.0,562950600.0,542876800.0,521018900.0,459634300.0,626136400.0,474844200.0]}",256,True,754800.0,2032700.0,8292500.0,3601500.0,0.0910220078384082,0.20957934194085798,"{""packed"":[629700.0,903000.0,563800.0,754800.0,804200.0,847100.0,432600.0],""scalar_cnf"":[2361400.0,2081100.0,1866600.0,1955800.0,2032700.0,1715500.0,2616000.0],""robdd"":[10177800.0,5153400.0,7657000.0,8872100.0,8585600.0,8292500.0,6238100.0],""cadical"":[4072200.0,4156300.0,2790700.0,3601500.0,2608600.0,3774100.0,2907100.0]}",4400,47800,,,True,3744800,58209,2536200,76889,517700,52796,2183400,13677,17243,7317500,861800,True,142,3772800,662300,True,318,49652700,44168800,True,"{""actual_duplicate_fraction"":0.875,""clause_multiplier"":1,""residual_clauses"":16,""residual_literals"":32,""seed"":2026082712,""target_duplicate_fraction"":0.9,""unique_clauses"":2}"
synthetic|k16|m8|d0.0|s2026082711,synthetic,planted-k16-m8-d0.0-s2026082711,synthetic,planted,16,128,128,352,0.0,1,1.52587890625e-05,1de610fa832f464d46ba405dd8a78cba21f2a8084e4f68484b427460c23c4b11,True,504100,9920900,2027500,dd.autoref,autoref,55200,34883800,17,41600,25811200,17,141645300,"[{""sweep"":0,""seed"":582655637,""nodes"":17,""setup_ns"":43900,""build_ns"":27278600,""order"":[""x13"",""x7"",""x0"",""x10"",""x12"",""x2"",""x3"",""x9"",""x6"",""x15"",""x11"",""x5"",""x4"",""x14"",""x1"",""x8""]},{""sweep"":1,""seed"":582655638,""nodes"":17,""setup_ns"":67400,""build_ns"":32839700,""order"":[""x14"",""x13"",""x3"",""x12"",""x4"",""x15"",""x11"",""x6"",""x0"",""x1"",""x10"",""x2"",""x5"",""x9"",""x8"",""x7""]},{""sweep"":2,""seed"":582655639,""nodes"":17,""setup_ns"":41600,""build_ns"":25811200,""order"":[""x10"",""x7"",""x13"",""x4"",""x6"",""x2"",""x9"",""x14"",""x1"",""x3"",""x8"",""x0"",""x5"",""x11"",""x12"",""x15""]},{""sweep"":3,""seed"":582655640,""nodes"":17,""setup_ns"":62300,""build_ns"":27034600,""order"":[""x3"",""x15"",""x10"",""x5"",""x12"",""x0"",""x8"",""x7"",""x1"",""x6"",""x11"",""x9"",""x14"",""x2"",""x4"",""x13""]},{""sweep"":4,""seed"":582655641,""nodes"":17,""setup_ns"":40900,""build_ns"":26370100,""order"":[""x14"",""x4"",""x3"",""x10"",""x15"",""x11"",""x13"",""x2"",""x0"",""x6"",""x9"",""x1"",""x8"",""x12"",""x5"",""x7""]}]",140,140,345,345,988840.0,1005680.0,1938320.0,149800.0,,0.5101531222914689,0.9832551109696922,6.601068090787717,"{""cm"":[988840.0,1230610.0,842550.0,942350.0,1071950.0,787090.0,1130950.0],""cse"":[869470.0,949950.0,1229330.0,1273790.0,1114490.0,1005680.0,990440.0],""cnf"":[1713430.0,2071320.0,1741720.0,2371820.0,3008280.0,1938320.0,1806550.0],""robdd_enumerate"":[173900.0,177900.0,149800.0,112500.0,155200.0,145900.0,128700.0]}",256,True,381700.0,1707100.0,6705500.0,3754100.0,0.05692342107225412,0.10167550145174609,"{""packed"":[381700.0,304400.0,595300.0,297200.0,668300.0,720900.0,299500.0],""scalar_cnf"":[1510400.0,1202300.0,1926200.0,1200700.0,1707100.0,2198300.0,1800000.0],""robdd"":[5769600.0,6611800.0,6521400.0,6853100.0,6705500.0,9555000.0,8353200.0],""cadical"":[3754100.0,2852500.0,2653900.0,3817300.0,4638200.0,4134900.0,2527800.0]}",3800,65600,,,True,89426900,1144867,25475700,1137595,3254800,52796,169051000,1163497,30913,7883900,1042600,True,1314,4154500,1035600,True,598,136068800,65105900,True,"{""actual_duplicate_fraction"":0.0,""clause_multiplier"":8,""residual_clauses"":128,""residual_literals"":352,""seed"":2026082711,""target_duplicate_fraction"":0.0,""unique_clauses"":128}"
synthetic|k16|m8|d0.0|s2026082712,synthetic,planted-k16-m8-d0.0-s2026082712,synthetic,planted,16,128,128,354,0.0,1,1.52587890625e-05,3d67aa7783e70b4c509b0b7e1cf94c605445306913fd7da717e1d4064512d4af,True,430400,6724800,1756900,dd.autoref,autoref,68700,42764200,17,37600,18396500,17,112579000,"[{""sweep"":0,""seed"":1354810290,""nodes"":17,""setup_ns"":48200,""build_ns"":28862700,""order"":[""x12"",""x1"",""x14"",""x7"",""x13"",""x9"",""x4"",""x5"",""x3"",""x0"",""x6"",""x8"",""x15"",""x10"",""x2"",""x11""]},{""sweep"":1,""seed"":1354810291,""nodes"":17,""setup_ns"":37800,""build_ns"":21760700,""order"":[""x11"",""x8"",""x15"",""x0"",""x6"",""x3"",""x1"",""x10"",""x12"",""x2"",""x7"",""x4"",""x5"",""x14"",""x9"",""x13""]},{""sweep"":2,""seed"":1354810292,""nodes"":17,""setup_ns"":37900,""build_ns"":22059300,""order"":[""x3"",""x8"",""x11"",""x13"",""x2"",""x1"",""x0"",""x7"",""x5"",""x12"",""x14"",""x4"",""x6"",""x9"",""x15"",""x10""]},{""sweep"":3,""seed"":1354810293,""nodes"":17,""setup_ns"":37700,""build_ns"":19501700,""order"":[""x11"",""x0"",""x6"",""x15"",""x9"",""x1"",""x7"",""x3"",""x5"",""x4"",""x14"",""x2"",""x8"",""x12"",""x13"",""x10""]},{""sweep"":4,""seed"":1354810294,""nodes"":17,""setup_ns"":37600,""build_ns"":18396500,""order"":[""x8"",""x11"",""x9"",""x15"",""x5"",""x1"",""x13"",""x7"",""x0"",""x2"",""x12"",""x10"",""x4"",""x14"",""x3"",""x6""]}]",146,146,341,341,1207920.0,1149930.0,2229580.0,148100.0,,0.5417701988715363,1.0504291565573556,8.156110735989197,"{""cm"":[1150850.0,1121530.0,1332130.0,1413550.0,1384680.0,1207920.0,1201210.0],""cse"":[1167460.0,1149930.0,1400580.0,1104640.0,1129550.0,1027610.0,1518840.0],""cnf"":[2105000.0,1830040.0,2497460.0,2053940.0,2829320.0,2229580.0,2302190.0],""robdd_enumerate"":[148100.0,119600.0,131000.0,246600.0,219700.0,152500.0,117500.0]}",256,True,272100.0,1685800.0,8968100.0,2875800.0,0.030340874878736858,0.09461715001043187,"{""packed"":[272100.0,309300.0,316800.0,200400.0,155700.0,158900.0,334600.0],""scalar_cnf"":[1452700.0,1702900.0,1715300.0,885500.0,844600.0,1725300.0,1685800.0],""robdd"":[8329100.0,10796000.0,10979700.0,8214400.0,6789500.0,10325500.0,8968100.0],""cadical"":[2875800.0,3709900.0,3590200.0,2992400.0,2652600.0,2664100.0,2537900.0]}",3900,118100,,,True,76298800,1142559,33911300,1143183,2422100,52796,164282600,1595278,31251,8694400,1118200,True,1304,4478500,914700,True,601,116964600,66688800,True,"{""actual_duplicate_fraction"":0.0,""clause_multiplier"":8,""residual_clauses"":128,""residual_literals"":354,""seed"":2026082712,""target_duplicate_fraction"":0.0,""unique_clauses"":128}"
synthetic|k16|m8|d0.5|s2026082711,synthetic,planted-k16-m8-d0.5-s2026082711,synthetic,planted,16,128,64,365,0.5,2,3.0517578125e-05,6ed7613312a2bd448aef983244b2f5f90dd9e8010817393035be47dbdf5e309a,True,648100,10654500,2632300,dd.autoref,autoref,52700,33294000,16,52200,25774600,16,177888000,"[{""sweep"":0,""seed"":398176322,""nodes"":16,""setup_ns"":52200,""build_ns"":25774600,""order"":[""x1"",""x2"",""x9"",""x0"",""x12"",""x3"",""x8"",""x5"",""x11"",""x10"",""x14"",""x4"",""x13"",""x6"",""x7"",""x15""]},{""sweep"":1,""seed"":398176323,""nodes"":16,""setup_ns"":61500,""build_ns"":33305000,""order"":[""x3"",""x8"",""x7"",""x0"",""x14"",""x15"",""x4"",""x10"",""x5"",""x9"",""x11"",""x12"",""x1"",""x13"",""x6"",""x2""]},{""sweep"":2,""seed"":398176324,""nodes"":16,""setup_ns"":66300,""build_ns"":38036400,""order"":[""x2"",""x5"",""x7"",""x13"",""x4"",""x9"",""x6"",""x1"",""x11"",""x14"",""x8"",""x15"",""x3"",""x12"",""x0"",""x10""]},{""sweep"":3,""seed"":398176325,""nodes"":16,""setup_ns"":48800,""build_ns"":38719400,""order"":[""x5"",""x0"",""x10"",""x8"",""x11"",""x1"",""x2"",""x6"",""x3"",""x4"",""x14"",""x12"",""x15"",""x9"",""x13"",""x7""]},{""sweep"":4,""seed"":398176326,""nodes"":16,""setup_ns"":57600,""build_ns"":39354900,""order"":[""x2"",""x7"",""x0"",""x15"",""x9"",""x1"",""x12"",""x11"",""x13"",""x10"",""x5"",""x3"",""x14"",""x6"",""x8"",""x4""]}]",79,79,191,253,571720.0,733450.0,1877400.0,191000.0,,0.30452753808458505,0.7794941713818256,2.993298429319372,"{""cm"":[571720.0,453400.0,634300.0,706450.0,585690.0,528240.0,499050.0],""cse"":[986350.0,815950.0,733450.0,647220.0,853810.0,573600.0,562350.0],""cnf"":[2355380.0,1877400.0,2022980.0,1809390.0,1854900.0,2083830.0,1843250.0],""robdd_enumerate"":[161300.0,205600.0,183500.0,131700.0,236000.0,209400.0,191000.0]}",256,True,151300.0,1945800.0,7989300.0,3875100.0,0.01893782934675128,0.03904415369925937,"{""packed"":[86800.0,101800.0,163000.0,200000.0,151300.0,218400.0,113500.0],""scalar_cnf"":[1407000.0,1735500.0,2759700.0,2361400.0,2460500.0,1945800.0,1751500.0],""robdd"":[9117700.0,7222800.0,7505100.0,7989300.0,9521000.0,7685200.0,8844500.0],""cadical"":[2636400.0,4402700.0,3875100.0,4389200.0,4625900.0,2477300.0,2629100.0]}",2600,117100,,,True,44372000,639123,15681100,623707,2505200,52792,143135400,1215813,24797,7224200,914700,True,1332,3578400,891200,True,575,105004700,44099000,True,"{""actual_duplicate_fraction"":0.5,""clause_multiplier"":8,""residual_clauses"":128,""residual_literals"":365,""seed"":2026082711,""target_duplicate_fraction"":0.5,""unique_clauses"":64}"
synthetic|k16|m8|d0.5|s2026082712,synthetic,planted-k16-m8-d0.5-s2026082712,synthetic,planted,16,128,64,320,0.5,1,1.52587890625e-05,2650582fbd92ddb07ff13171fca70057de0f161f6e43cd87012f151ef66eb12d,True,429500,9640800,1459900,dd.autoref,autoref,51700,38550900,17,39700,16072600,17,100359000,"[{""sweep"":0,""seed"":2051286180,""nodes"":17,""setup_ns"":68500,""build_ns"":18823900,""order"":[""x8"",""x14"",""x5"",""x1"",""x12"",""x3"",""x15"",""x10"",""x6"",""x7"",""x13"",""x4"",""x0"",""x11"",""x2"",""x9""]},{""sweep"":1,""seed"":2051286181,""nodes"":17,""setup_ns"":66200,""build_ns"":26304700,""order"":[""x12"",""x1"",""x2"",""x8"",""x13"",""x10"",""x15"",""x11"",""x6"",""x7"",""x3"",""x14"",""x4"",""x9"",""x5"",""x0""]},{""sweep"":2,""seed"":2051286182,""nodes"":17,""setup_ns"":50400,""build_ns"":18759300,""order"":[""x13"",""x4"",""x14"",""x9"",""x10"",""x2"",""x11"",""x0"",""x1"",""x6"",""x12"",""x8"",""x15"",""x7"",""x5"",""x3""]},{""sweep"":3,""seed"":2051286183,""nodes"":17,""setup_ns"":42500,""build_ns"":17935700,""order"":[""x5"",""x15"",""x4"",""x0"",""x6"",""x12"",""x1"",""x2"",""x8"",""x10"",""x9"",""x11"",""x13"",""x14"",""x3"",""x7""]},{""sweep"":4,""seed"":2051286184,""nodes"":17,""setup_ns"":39700,""build_ns"":16072600,""order"":[""x6"",""x14"",""x10"",""x1"",""x15"",""x13"",""x4"",""x3"",""x2"",""x9"",""x11"",""x0"",""x8"",""x7"",""x5"",""x12""]}]",74,74,172,231,504530.0,668520.0,1784460.0,127200.0,,0.2827353933402822,0.7546969424998504,3.966430817610063,"{""cm"":[504530.0,664490.0,398110.0,518820.0,376740.0,513140.0,435110.0],""cse"":[677930.0,719120.0,668520.0,458890.0,500000.0,524200.0,801150.0],""cnf"":[2062090.0,1934800.0,1494670.0,1740080.0,2225000.0,1784460.0,1611430.0],""robdd_enumerate"":[70200.0,157300.0,124000.0,127200.0,113900.0,173700.0,186400.0]}",256,True,80200.0,1382600.0,8065300.0,3109500.0,0.009943833459387747,0.025791927962694968,"{""packed"":[83800.0,80200.0,85100.0,73700.0,59500.0,101700.0,63800.0],""scalar_cnf"":[1146400.0,1372700.0,1916700.0,1382600.0,1556500.0,1120500.0,1649100.0],""robdd"":[9278300.0,7447200.0,6417500.0,8087000.0,6116800.0,8065300.0,9728400.0],""cadical"":[3109500.0,2932900.0,4345600.0,3684700.0,2539900.0,3035700.0,3611800.0]}",1400,85700,,,True,61503400,605311,27297000,598671,5204100,52796,129012200,1002917,24221,8218900,1050400,True,1227,3801200,762500,True,593,92474000,65545100,True,"{""actual_duplicate_fraction"":0.5,""clause_multiplier"":8,""residual_clauses"":128,""residual_literals"":320,""seed"":2026082712,""target_duplicate_fraction"":0.5,""unique_clauses"":64}"
synthetic|k16|m8|d0.9|s2026082711,synthetic,planted-k16-m8-d0.9-s2026082711,synthetic,planted,16,128,13,398,0.8984375,5636,0.08599853515625,85e98b82da56dae6c9bf28916ecf6bf668cd4c2efcc2408e2652401b366cb5d6,True,711400,7537900,1947200,dd.autoref,autoref,80600,24568700,74,45000,19689100,70,119799400,"[{""sweep"":0,""seed"":2123794886,""nodes"":103,""setup_ns"":62200,""build_ns"":21779400,""order"":[""x14"",""x9"",""x4"",""x6"",""x0"",""x5"",""x8"",""x7"",""x11"",""x12"",""x2"",""x1"",""x3"",""x13"",""x10"",""x15""]},{""sweep"":1,""seed"":2123794887,""nodes"":101,""setup_ns"":45100,""build_ns"":39732800,""order"":[""x3"",""x15"",""x0"",""x7"",""x13"",""x12"",""x1"",""x4"",""x9"",""x6"",""x5"",""x14"",""x11"",""x2"",""x10"",""x8""]},{""sweep"":2,""seed"":2123794888,""nodes"":91,""setup_ns"":63900,""build_ns"":19961300,""order"":[""x10"",""x4"",""x0"",""x12"",""x11"",""x5"",""x9"",""x6"",""x2"",""x3"",""x14"",""x1"",""x8"",""x15"",""x13"",""x7""]},{""sweep"":3,""seed"":2123794889,""nodes"":73,""setup_ns"":56400,""build_ns"":15739100,""order"":[""x8"",""x2"",""x12"",""x13"",""x10"",""x4"",""x5"",""x1"",""x3"",""x0"",""x11"",""x14"",""x6"",""x7"",""x15"",""x9""]},{""sweep"":4,""seed"":2123794890,""nodes"":70,""setup_ns"":45000,""build_ns"":19689100,""order"":[""x14"",""x15"",""x11"",""x5"",""x8"",""x4"",""x1"",""x7"",""x13"",""x12"",""x2"",""x3"",""x9"",""x10"",""x0"",""x6""]}]",35,32,73,154,214820.0,361860.0,2054940.0,68948500.0,,0.10453833201942636,0.5936550046979495,0.003115658788806138,"{""cm"":[365430.0,183980.0,185990.0,159720.0,214820.0,264070.0,262190.0],""cse"":[599790.0,361860.0,292670.0,321020.0,295870.0,1159180.0,445510.0],""cnf"":[2602560.0,2054940.0,1958590.0,1631630.0,1725510.0,3282990.0,2658930.0],""robdd_enumerate"":[68948500.0,68024900.0,72199000.0,55648500.0,56885800.0,70865400.0,76373600.0]}",256,True,565100.0,2726600.0,12005500.0,4428600.0,0.04707009287409937,0.12760240256514474,"{""packed"":[502800.0,364000.0,579000.0,499300.0,648000.0,565100.0,585900.0],""scalar_cnf"":[2109900.0,2687700.0,3536200.0,3604800.0,1982500.0,3616200.0,2726600.0],""robdd"":[9874500.0,9726800.0,13730800.0,12005500.0,12821000.0,13155500.0,10104100.0],""cadical"":[3983700.0,3316500.0,4428600.0,6332300.0,5611800.0,3652700.0,4852100.0]}",3900,297400,,,True,54490700,290305,22552900,259529,3250900,52760,82109900,760198,20343,6659700,886900,True,1438,3701200,907600,True,1864,192288900,136359000,True,"{""actual_duplicate_fraction"":0.8984375,""clause_multiplier"":8,""residual_clauses"":128,""residual_literals"":398,""seed"":2026082711,""target_duplicate_fraction"":0.9,""unique_clauses"":13}"
synthetic|k16|m8|d0.9|s2026082712,synthetic,planted-k16-m8-d0.9-s2026082712,synthetic,planted,16,128,13,309,0.8984375,320,0.0048828125,73a786abca5159f54c2ca7cbd94554b7e77e130fd9d72b471f0ceec6b8740345,True,575400,6302000,1901600,dd.autoref,autoref,51800,7861400,17,71800,11993000,20,64170200,"[{""sweep"":0,""seed"":134280833,""nodes"":21,""setup_ns"":63400,""build_ns"":10971500,""order"":[""x9"",""x5"",""x12"",""x1"",""x3"",""x11"",""x0"",""x10"",""x7"",""x8"",""x13"",""x6"",""x14"",""x4"",""x15"",""x2""]},{""sweep"":1,""seed"":134280834,""nodes"":24,""setup_ns"":53500,""build_ns"":11752500,""order"":[""x6"",""x14"",""x3"",""x2"",""x1"",""x13"",""x15"",""x7"",""x12"",""x0"",""x8"",""x5"",""x11"",""x9"",""x10"",""x4""]},{""sweep"":2,""seed"":134280835,""nodes"":24,""setup_ns"":56500,""build_ns"":16190400,""order"":[""x8"",""x2"",""x13"",""x5"",""x11"",""x4"",""x14"",""x9"",""x3"",""x7"",""x12"",""x15"",""x10"",""x6"",""x0"",""x1""]},{""sweep"":3,""seed"":134280836,""nodes"":21,""setup_ns"":42800,""build_ns"":10654000,""order"":[""x15"",""x0"",""x8"",""x10"",""x7"",""x4"",""x14"",""x5"",""x11"",""x2"",""x9"",""x1"",""x13"",""x3"",""x6"",""x12""]},{""sweep"":4,""seed"":134280837,""nodes"":20,""setup_ns"":71800,""build_ns"":11993000,""order"":[""x7"",""x9"",""x14"",""x2"",""x0"",""x10"",""x11"",""x13"",""x5"",""x3"",""x1"",""x8"",""x6"",""x12"",""x15"",""x4""]}]",43,38,78,143,230190.0,369640.0,2356230.0,3546300.0,,0.09769419793483658,0.6227410453414133,0.06490990609931478,"{""cm"":[230190.0,202740.0,192550.0,341440.0,542130.0,350420.0,202680.0],""cse"":[436920.0,355230.0,297480.0,444110.0,369640.0,512980.0,312070.0],""cnf"":[2328060.0,2630280.0,2345120.0,2356230.0,3022550.0,3500340.0,1876150.0],""robdd_enumerate"":[4348100.0,2931700.0,3579500.0,2873100.0,7084100.0,3546300.0,2909600.0]}",256,True,350400.0,1688500.0,6464900.0,3027500.0,0.05420037432906928,0.11573905862923203,"{""packed"":[350400.0,546300.0,365700.0,273400.0,591500.0,242400.0,259100.0],""scalar_cnf"":[1608100.0,1953600.0,1201000.0,1688500.0,2219100.0,1085600.0,1764700.0],""robdd"":[7305400.0,6427100.0,6307700.0,6464900.0,9338100.0,6357200.0,6580800.0],""cadical"":[2950600.0,3027500.0,2797200.0,2890700.0,4147300.0,3102500.0,3436600.0]}",5300,112300,,,True,24586200,317390,9733400,282590,2646000,52796,31422400,256453,20857,6758100,723600,True,1280,3430300,668700,True,574,91869000,64180200,True,"{""actual_duplicate_fraction"":0.8984375,""clause_multiplier"":8,""residual_clauses"":128,""residual_literals"":309,""seed"":2026082712,""target_duplicate_fraction"":0.9,""unique_clauses"":13}"
synthetic|k16|m64|d0.0|s2026082711,synthetic,planted-k16-m64-d0.0-s2026082711,synthetic,planted,16,1024,1024,3228,0.0,1,1.52587890625e-05,677bec598104e1c0c55d472e4ae8280b3071a9109144a2ffca8873a4c09f8491,True,5578100,90017500,19713100,dd.autoref,autoref,84300,379880400,17,61900,357286300,17,1870208500,"[{""sweep"":0,""seed"":1797791429,""nodes"":17,""setup_ns"":46400,""build_ns"":369091000,""order"":[""x2"",""x10"",""x4"",""x8"",""x9"",""x12"",""x3"",""x6"",""x15"",""x14"",""x0"",""x11"",""x5"",""x1"",""x7"",""x13""]},{""sweep"":1,""seed"":1797791430,""nodes"":17,""setup_ns"":53200,""build_ns"":393677900,""order"":[""x14"",""x1"",""x15"",""x8"",""x7"",""x13"",""x5"",""x12"",""x6"",""x0"",""x3"",""x11"",""x10"",""x4"",""x2"",""x9""]},{""sweep"":2,""seed"":1797791431,""nodes"":17,""setup_ns"":39700,""build_ns"":384728200,""order"":[""x11"",""x5"",""x12"",""x6"",""x2"",""x7"",""x1"",""x9"",""x0"",""x14"",""x4"",""x8"",""x3"",""x15"",""x10"",""x13""]},{""sweep"":3,""seed"":1797791432,""nodes"":17,""setup_ns"":63500,""build_ns"":362969100,""order"":[""x10"",""x13"",""x1"",""x8"",""x11"",""x14"",""x12"",""x9"",""x3"",""x5"",""x6"",""x15"",""x7"",""x0"",""x2"",""x4""]},{""sweep"":4,""seed"":1797791433,""nodes"":17,""setup_ns"":61900,""build_ns"":357286300,""order"":[""x14"",""x7"",""x13"",""x4"",""x10"",""x6"",""x1"",""x0"",""x11"",""x9"",""x5"",""x15"",""x8"",""x2"",""x3"",""x12""]}]",1169,1169,2238,2238,7517890.0,7037520.0,16510560.0,161600.0,,0.45533828047019603,1.068258420579977,46.52159653465347,"{""cm"":[6133710.0,7062860.0,8368570.0,8586960.0,8777650.0,5628040.0,7517890.0],""cse"":[5357560.0,8355280.0,7721250.0,6528870.0,7671320.0,6003210.0,7037520.0],""cnf"":[14662280.0,16925910.0,16051000.0,16510560.0,17821790.0,16800900.0,16409170.0],""robdd_enumerate"":[167700.0,104800.0,161600.0,169700.0,120100.0,116500.0,162800.0]}",256,True,225600.0,1905600.0,7194600.0,2859400.0,0.031356850971562,0.07889767084003638,"{""packed"":[380700.0,153700.0,354200.0,225600.0,175400.0,226700.0,141900.0],""scalar_cnf"":[2526200.0,1905600.0,2035500.0,1629000.0,1617000.0,1914000.0,1826800.0],""robdd"":[9022600.0,6854800.0,7478500.0,8219500.0,6555200.0,6007900.0,7194600.0],""cadical"":[3351100.0,2859400.0,2617100.0,2194000.0,2079900.0,3028800.0,3267400.0]}",2400,59300,,,True,517521500,9425959,239537100,9188219,27875600,52796,1905215300,18653257,127161,10926100,1743100,True,11623,7227000,1842900,True,604,86766300,52667800,True,"{""actual_duplicate_fraction"":0.0,""clause_multiplier"":64,""residual_clauses"":1024,""residual_literals"":3228,""seed"":2026082711,""target_duplicate_fraction"":0.0,""unique_clauses"":1024}"
synthetic|k16|m64|d0.0|s2026082712,synthetic,planted-k16-m64-d0.0-s2026082712,synthetic,planted,16,1024,1024,3199,0.0,1,1.52587890625e-05,4b0255a903232b5be2e3496522fd5c42551c781a5cc7fe7a233ef4ceb22df12f,True,3409200,89967100,17201600,dd.autoref,autoref,61400,382736200,17,53900,322910100,17,1806239500,"[{""sweep"":0,""seed"":1608032984,""nodes"":17,""setup_ns"":56500,""build_ns"":375128300,""order"":[""x9"",""x7"",""x4"",""x11"",""x12"",""x1"",""x10"",""x0"",""x13"",""x15"",""x6"",""x8"",""x5"",""x2"",""x14"",""x3""]},{""sweep"":1,""seed"":1608032985,""nodes"":17,""setup_ns"":39300,""build_ns"":356386300,""order"":[""x11"",""x14"",""x5"",""x1"",""x10"",""x15"",""x7"",""x0"",""x12"",""x6"",""x9"",""x8"",""x4"",""x3"",""x2"",""x13""]},{""sweep"":2,""seed"":1608032986,""nodes"":17,""setup_ns"":61300,""build_ns"":385776700,""order"":[""x4"",""x0"",""x5"",""x1"",""x15"",""x7"",""x8"",""x10"",""x9"",""x13"",""x12"",""x2"",""x14"",""x6"",""x11"",""x3""]},{""sweep"":3,""seed"":1608032987,""nodes"":17,""setup_ns"":62200,""build_ns"":363619400,""order"":[""x12"",""x1"",""x3"",""x15"",""x7"",""x6"",""x9"",""x10"",""x5"",""x0"",""x11"",""x2"",""x4"",""x8"",""x14"",""x13""]},{""sweep"":4,""seed"":1608032988,""nodes"":17,""setup_ns"":53900,""build_ns"":322910100,""order"":[""x2"",""x0"",""x10"",""x5"",""x13"",""x7"",""x6"",""x3"",""x9"",""x1"",""x14"",""x8"",""x12"",""x15"",""x11"",""x4""]}]",1160,1160,2238,2238,7371450.0,7014000.0,17845980.0,131300.0,,0.41305941169944155,1.0509623609923011,56.14204112718964,"{""cm"":[4267270.0,7371450.0,7616300.0,7653090.0,8181170.0,6973590.0,6765240.0],""cse"":[4314300.0,6636820.0,7297230.0,7560060.0,7631950.0,6402380.0,7014000.0],""cnf"":[10790360.0,17632050.0,18249850.0,19022210.0,15719620.0,18455120.0,17845980.0],""robdd_enumerate"":[55900.0,115600.0,128800.0,157100.0,131300.0,161100.0,162600.0]}",256,True,349200.0,1745900.0,6547600.0,2825700.0,0.053332518785509195,0.12357999787663233,"{""packed"":[499400.0,273600.0,273900.0,426800.0,246400.0,349200.0,515200.0],""scalar_cnf"":[1276600.0,1304000.0,2117800.0,1745900.0,1466000.0,2087600.0,2590200.0],""robdd"":[6490200.0,5901400.0,7871800.0,6222100.0,6547600.0,7483900.0,8378900.0],""cadical"":[2303400.0,2249500.0,3144300.0,2825700.0,2821600.0,3098700.0,4044100.0]}",3600,65900,,,True,511801900,9391895,251978700,9154671,23124700,52796,1775201200,17947209,126331,12439600,1593500,True,11372,6552500,1640000,True,602,43054300,72023900,True,"{""actual_duplicate_fraction"":0.0,""clause_multiplier"":64,""residual_clauses"":1024,""residual_literals"":3199,""seed"":2026082712,""target_duplicate_fraction"":0.0,""unique_clauses"":1024}"
synthetic|k16|m64|d0.5|s2026082711,synthetic,planted-k16-m64-d0.5-s2026082711,synthetic,planted,16,1024,512,3115,0.5,1,1.52587890625e-05,3f5e4258ad785c6d81468f5b111d8101875ed8bb33bf5d56f7743dc648389dc2,True,5393000,62585000,15932800,dd.autoref,autoref,87700,309141200,17,42200,312867800,17,1694409300,"[{""sweep"":0,""seed"":277852610,""nodes"":17,""setup_ns"":56000,""build_ns"":385395000,""order"":[""x11"",""x9"",""x1"",""x2"",""x12"",""x5"",""x15"",""x8"",""x13"",""x0"",""x4"",""x6"",""x10"",""x14"",""x7"",""x3""]},{""sweep"":1,""seed"":277852611,""nodes"":17,""setup_ns"":42200,""build_ns"":312867800,""order"":[""x8"",""x1"",""x14"",""x12"",""x15"",""x5"",""x6"",""x11"",""x7"",""x0"",""x2"",""x13"",""x9"",""x3"",""x10"",""x4""]},{""sweep"":2,""seed"":277852612,""nodes"":17,""setup_ns"":57700,""build_ns"":316598400,""order"":[""x13"",""x7"",""x5"",""x8"",""x4"",""x12"",""x3"",""x0"",""x15"",""x1"",""x14"",""x2"",""x6"",""x9"",""x10"",""x11""]},{""sweep"":3,""seed"":277852613,""nodes"":17,""setup_ns"":43200,""build_ns"":322044800,""order"":[""x14"",""x10"",""x1"",""x0"",""x12"",""x3"",""x9"",""x8"",""x2"",""x11"",""x5"",""x15"",""x6"",""x7"",""x4"",""x13""]},{""sweep"":4,""seed"":277852614,""nodes"":17,""setup_ns"":43500,""build_ns"":355274400,""order"":[""x15"",""x3"",""x12"",""x0"",""x10"",""x14"",""x2"",""x6"",""x1"",""x9"",""x11"",""x7"",""x5"",""x13"",""x4"",""x8""]}]",626,626,1221,1730,4726260.0,6421880.0,19573800.0,179400.0,,0.2414584802133464,0.7359620547254075,26.344816053511707,"{""cm"":[3708100.0,4162320.0,4726260.0,5043960.0,5052370.0,4540800.0,5995170.0],""cse"":[5373320.0,5835230.0,6562890.0,6421880.0,7842210.0,6337570.0,6764240.0],""cnf"":[18807670.0,15189950.0,20044040.0,19573800.0,19704520.0,18060220.0,20803380.0],""robdd_enumerate"":[179400.0,165900.0,150100.0,167100.0,186200.0,183000.0,188700.0]}",256,True,441600.0,3130500.0,10727600.0,4366100.0,0.04116484581826317,0.10114289640640388,"{""packed"":[441600.0,329100.0,1642600.0,776600.0,297300.0,430700.0,455500.0],""scalar_cnf"":[2541200.0,3130500.0,4046000.0,2389300.0,2487700.0,3183600.0,3513300.0],""robdd"":[10727600.0,10082800.0,9049600.0,8449300.0,11572900.0,20135300.0,13267000.0],""cadical"":[3657300.0,3810400.0,5175400.0,4130000.0,4709700.0,5168200.0,4366100.0]}",3200,84700,,,True,474631500,4872711,222299900,4709855,30296800,52796,1932187900,15972393,75798,13323100,1672500,True,11157,9264500,2167900,True,598,99371400,78869300,True,"{""actual_duplicate_fraction"":0.5,""clause_multiplier"":64,""residual_clauses"":1024,""residual_literals"":3115,""seed"":2026082711,""target_duplicate_fraction"":0.5,""unique_clauses"":512}"
synthetic|k16|m64|d0.5|s2026082712,synthetic,planted-k16-m64-d0.5-s2026082712,synthetic,planted,16,1024,512,3081,0.5,1,1.52587890625e-05,510d389025868a86592c7209d26b3ee8fd7d682f3108982a2c135e90c764de12,True,4995400,93480500,20758600,dd.autoref,autoref,60400,790573200,17,37100,313459900,17,2082800000,"[{""sweep"":0,""seed"":545681687,""nodes"":17,""setup_ns"":43600,""build_ns"":359168400,""order"":[""x2"",""x14"",""x10"",""x1"",""x0"",""x11"",""x7"",""x3"",""x13"",""x9"",""x12"",""x6"",""x15"",""x4"",""x5"",""x8""]},{""sweep"":1,""seed"":545681688,""nodes"":17,""setup_ns"":76000,""build_ns"":647134500,""order"":[""x1"",""x8"",""x11"",""x0"",""x15"",""x3"",""x5"",""x6"",""x9"",""x13"",""x14"",""x10"",""x7"",""x12"",""x4"",""x2""]},{""sweep"":2,""seed"":545681689,""nodes"":17,""setup_ns"":72300,""build_ns"":391802400,""order"":[""x15"",""x4"",""x2"",""x1"",""x7"",""x5"",""x10"",""x8"",""x12"",""x6"",""x9"",""x14"",""x13"",""x0"",""x3"",""x11""]},{""sweep"":3,""seed"":545681690,""nodes"":17,""setup_ns"":48400,""build_ns"":368795200,""order"":[""x13"",""x11"",""x7"",""x9"",""x10"",""x1"",""x6"",""x8"",""x3"",""x4"",""x0"",""x5"",""x12"",""x15"",""x2"",""x14""]},{""sweep"":4,""seed"":545681691,""nodes"":17,""setup_ns"":37100,""build_ns"":313459900,""order"":[""x1"",""x13"",""x7"",""x0"",""x12"",""x8"",""x6"",""x9"",""x10"",""x5"",""x3"",""x4"",""x14"",""x15"",""x11"",""x2""]}]",622,621,1215,1727,4170440.0,4737880.0,15679950.0,138500.0,,0.26597278690301945,0.8802333533141405,30.111480144404332,"{""cm"":[4170440.0,4748190.0,4767550.0,3339860.0,3819630.0,4185960.0,3994240.0],""cse"":[4839980.0,5983730.0,6507990.0,4718530.0,4737880.0,4221650.0,4607560.0],""cnf"":[15909930.0,16446750.0,15610440.0,15163590.0,15679950.0,17051260.0,15241160.0],""robdd_enumerate"":[152600.0,124600.0,202100.0,120200.0,138500.0,206400.0,116100.0]}",256,True,149500.0,1568400.0,6554200.0,2606600.0,0.02280980134875347,0.05735440804112637,"{""packed"":[149500.0,121500.0,194300.0,152200.0,121800.0,116100.0,275500.0],""scalar_cnf"":[1345400.0,1496800.0,1568400.0,1574000.0,1953200.0,1567700.0,2700800.0],""robdd"":[6554200.0,5602900.0,4857000.0,5984200.0,7211000.0,6924600.0,9039200.0],""cadical"":[3410000.0,2552600.0,2372400.0,3031000.0,2519100.0,2606600.0,2925000.0]}",2800,88800,,,True,407734600,4893151,183842500,4714655,20516000,52796,1643322300,16538761,75507,9266100,1141100,True,11045,6334500,1722400,True,601,76166400,42985700,True,"{""actual_duplicate_fraction"":0.5,""clause_multiplier"":64,""residual_clauses"":1024,""residual_literals"":3081,""seed"":2026082712,""target_duplicate_fraction"":0.5,""unique_clauses"":512}"
synthetic|k16|m64|d0.9|s2026082711,synthetic,planted-k16-m64-d0.9-s2026082711,synthetic,planted,16,1024,102,2837,0.900390625,1,1.52587890625e-05,b79d8ffc95d2a1a06018e1bd4ec0189813ae1c9a45740d461345bfd3a222fadc,True,5808000,456048900,15106400,dd.autoref,autoref,60300,228849000,17,41200,192051100,17,1138687600,"[{""sweep"":0,""seed"":567222451,""nodes"":17,""setup_ns"":96700,""build_ns"":216176200,""order"":[""x3"",""x0"",""x11"",""x14"",""x6"",""x4"",""x7"",""x5"",""x1"",""x10"",""x12"",""x2"",""x8"",""x13"",""x9"",""x15""]},{""sweep"":1,""seed"":567222452,""nodes"":17,""setup_ns"":68200,""build_ns"":257409800,""order"":[""x4"",""x0"",""x14"",""x8"",""x15"",""x1"",""x11"",""x13"",""x7"",""x10"",""x2"",""x3"",""x5"",""x9"",""x12"",""x6""]},{""sweep"":2,""seed"":567222453,""nodes"":17,""setup_ns"":45000,""build_ns"":221002400,""order"":[""x8"",""x12"",""x3"",""x13"",""x11"",""x7"",""x1"",""x0"",""x6"",""x4"",""x14"",""x5"",""x9"",""x15"",""x10"",""x2""]},{""sweep"":3,""seed"":567222454,""nodes"":17,""setup_ns"":41200,""build_ns"":192051100,""order"":[""x9"",""x13"",""x3"",""x0"",""x4"",""x12"",""x10"",""x8"",""x15"",""x2"",""x5"",""x7"",""x14"",""x6"",""x1"",""x11""]},{""sweep"":4,""seed"":567222455,""nodes"":17,""setup_ns"":41800,""build_ns"":249426000,""order"":[""x14"",""x13"",""x2"",""x12"",""x0"",""x10"",""x9"",""x1"",""x11"",""x6"",""x15"",""x3"",""x7"",""x4"",""x5"",""x8""]}]",128,120,304,1195,913590.0,2910980.0,16404510.0,145100.0,,0.05569139218422251,0.3138427608571684,6.296278428669883,"{""cm"":[819470.0,1131880.0,1021990.0,931460.0,901440.0,913590.0,718660.0],""cse"":[3119130.0,2783100.0,3132280.0,2910980.0,2843160.0,3807290.0,2211680.0],""cnf"":[16128540.0,14700290.0,16536840.0,16906370.0,18195560.0,16404510.0,13224390.0],""robdd_enumerate"":[117800.0,153200.0,120100.0,125500.0,171900.0,148100.0,145100.0]}",256,True,95200.0,1840000.0,8135600.0,3201800.0,0.011701656915285904,0.029733275032794052,"{""packed"":[89300.0,62600.0,95200.0,110000.0,129200.0,83700.0,133900.0],""scalar_cnf"":[1851300.0,1100000.0,1078500.0,2491100.0,2122600.0,1840000.0,1765200.0],""robdd"":[5352700.0,4432000.0,7265700.0,8598400.0,8871200.0,9605500.0,8135600.0],""cadical"":[1928800.0,1957500.0,3201800.0,3829600.0,4102600.0,2482500.0,3596500.0]}",1900,86800,,,True,364306700,1356791,113984300,1188079,21497400,52796,870847300,7980729,29573,8272800,692600,True,10252,6658100,1923000,True,607,83857500,51402000,True,"{""actual_duplicate_fraction"":0.900390625,""clause_multiplier"":64,""residual_clauses"":1024,""residual_literals"":2837,""seed"":2026082711,""target_duplicate_fraction"":0.9,""unique_clauses"":102}"
synthetic|k16|m64|d0.9|s2026082712,synthetic,planted-k16-m64-d0.9-s2026082712,synthetic,planted,16,1024,102,2654,0.900390625,1,1.52587890625e-05,0fccd0d1588a3a7655f04183603436ca5e3742ed6d43f2bde2f5537c39bc722b,True,3751200,42001600,11420200,dd.autoref,autoref,83100,178716800,17,44600,181809800,17,939019600,"[{""sweep"":0,""seed"":1851263239,""nodes"":17,""setup_ns"":47900,""build_ns"":183006100,""order"":[""x6"",""x13"",""x8"",""x4"",""x11"",""x7"",""x15"",""x5"",""x2"",""x14"",""x12"",""x10"",""x0"",""x3"",""x1"",""x9""]},{""sweep"":1,""seed"":1851263240,""nodes"":17,""setup_ns"":44600,""build_ns"":181809800,""order"":[""x9"",""x8"",""x10"",""x7"",""x1"",""x5"",""x11"",""x0"",""x14"",""x12"",""x15"",""x13"",""x4"",""x2"",""x6"",""x3""]},{""sweep"":2,""seed"":1851263241,""nodes"":17,""setup_ns"":42900,""build_ns"":182277300,""order"":[""x13"",""x6"",""x15"",""x2"",""x3"",""x5"",""x1"",""x9"",""x4"",""x0"",""x8"",""x11"",""x14"",""x12"",""x7"",""x10""]},{""sweep"":3,""seed"":1851263242,""nodes"":17,""setup_ns"":39300,""build_ns"":205185000,""order"":[""x6"",""x2"",""x5"",""x9"",""x3"",""x12"",""x14"",""x10"",""x13"",""x8"",""x15"",""x4"",""x0"",""x1"",""x7"",""x11""]},{""sweep"":4,""seed"":1851263243,""nodes"":17,""setup_ns"":64800,""build_ns"":184187100,""order"":[""x2"",""x3"",""x12"",""x9"",""x1"",""x11"",""x15"",""x8"",""x10"",""x13"",""x5"",""x6"",""x14"",""x0"",""x4"",""x7""]}]",134,125,315,1177,813080.0,1951250.0,12985710.0,120300.0,,0.06261344200663653,0.41669698910954517,6.758769742310889,"{""cm"":[1079860.0,1053780.0,929590.0,601370.0,677090.0,751110.0,813080.0],""cse"":[2757220.0,3448750.0,2705950.0,1951250.0,1792890.0,1784550.0,1916610.0],""cnf"":[18782840.0,13883800.0,12985710.0,12072610.0,7228640.0,7429490.0,13067330.0],""robdd_enumerate"":[97900.0,174400.0,119300.0,123800.0,120300.0,138900.0,116400.0]}",256,True,103200.0,2268300.0,7859400.0,2797300.0,0.013130773341476448,0.036892717978050264,"{""packed"":[147500.0,103200.0,88300.0,79100.0,138600.0,135000.0,82200.0],""scalar_cnf"":[2203300.0,1934100.0,2268300.0,2077000.0,3252900.0,2652700.0,2586300.0],""robdd"":[7236700.0,9201800.0,6356600.0,7966300.0,7705600.0,7859400.0,8656900.0],""cadical"":[2635800.0,2840000.0,2512800.0,2797300.0,2639900.0,3315400.0,3364900.0]}",2400,69300,,,True,288356200,1422931,112156600,1252675,21966000,52796,727742100,7339289,30113,6563300,901400,True,9734,6864800,2198200,True,597,74529000,49240100,True,"{""actual_duplicate_fraction"":0.900390625,""clause_multiplier"":64,""residual_clauses"":1024,""residual_literals"":2654,""seed"":2026082712,""target_duplicate_fraction"":0.9,""unique_clauses"":102}"
