corpus,role,id,seed,truth_sha256_expected,source_circuit_sha256,cluster,live_k,structural_dag_nodes_source,unfolded_tree_nodes,ir_nodes,node_count_cold_ns_median,node_count_warm_ns_median,cm_instructions,cm_executed_bigint_ops,cm_executed_word_ops,cm_peak_live_word_buffers,raw_instructions,raw_executed_bigint_ops,raw_executed_word_ops,hash_ns_median,serde_ns_median,json_encode_ns_median,serde_bytes,compile_external_ns,ir_compile_ns,ir_canonicalize_ns,ir_rewrite_ns,ir_intern_ns,ir_live_vars_ns,lower_cm_ns_median,lower_raw_ns_median,raw_kernel_status,raw_flat_ns_median,raw_words_ns_median,cm_flat_ns_median,cm_words_ns_median,wrapper_current_ns_median,end_to_end_current_ns_median,raw_words_over_flat,cm_words_over_flat,wrapper_over_selected_bare,packed_sha256,packed_equal,output_bytes_exact,words_environment_bytes_estimate,raw_flat_temporary_bytes_estimate,raw_word_scratch_bytes_estimate,cm_word_scratch_bytes_estimate,max_kernel_temporary_bytes,kernel_batch,kernel_rounds,structural_hash
bx1,tuning,bx1-k2-1-54f10b4162e0,8461079743465329282,2b4c342f5433ebe591a1da77e013d1b72475562d48578dca8b84bac6651c3cb9,,andor_dom,2,3,3,3,2500.0,500.0,1,3,2,1,1,3,2,7400.0,7700.0,10000.0,95,49300.0,45499.99721348286,0.0,4200.0028770416975,9699.98654909432,3299.9960239976645,14000.0,9200.0,ok,963.0,1035.0,999.0,1062.0,21500.0,70100.0,1.074766355140187,1.063063063063063,21.52152152152152,2b4c342f5433ebe591a1da77e013d1b72475562d48578dca8b84bac6651c3cb9,True,1,0,3,0,0,8388608,100,5,54f10b4162e03f461c68c6c8f768e35b
bx1,tuning,bx1-k2-2-b518dd4ce7ff,469422568421749975,67586e98fad27da0b9968bc039a1ef34c939b9b8e523a8bef89d478608c5ecf6,,andor_dom,2,4,5,3,1300.0,200.0,1,1,1,1,2,2,2,7700.0,6200.0,8100.0,119,55100.0,52699.99383017421,4099.973011761904,7000.024197623134,8000.002708286047,2300.017513334751,8000.0,6400.0,ok,1004.0,1071.0,1097.0,1045.0,14200.0,72900.0,1.0667330677290836,0.9525979945305378,12.944393801276208,67586e98fad27da0b9968bc039a1ef34c939b9b8e523a8bef89d478608c5ecf6,True,1,0,5,0,0,8388608,100,5,b518dd4ce7fff267e46efc2771ac579d
bx1,tuning,bx1-k2-3-95c6829453f6,452964046958912957,beead77994cf573341ec17b58bbf7eb34d2711c993c1d976b128b3188dc1829a,,andor_dom,2,3,3,3,1400.0,200.0,1,1,1,1,1,1,1,5100.0,3900.0,6400.0,95,38400.0,36200.013710185885,2999.9937396496534,2000.01522898674,7299.997378140688,2099.9868866056204,6900.0,4900.0,ok,848.0,913.0,969.0,1037.0,11800.0,53500.0,1.0766509433962264,1.0701754385964912,12.177502579979361,beead77994cf573341ec17b58bbf7eb34d2711c993c1d976b128b3188dc1829a,True,1,0,3,0,0,8388608,100,5,95c6829453f64683b84b443462b96527
bx1,tuning,bx1-k2-4-32783dec984f,5318592467202692467,e7cf46a078fed4fafd0b5e3aff144802b853f8ae459a4f0c14add3314b7cc3a6,,mixed,2,3,3,3,1300.0,200.0,1,3,2,1,1,3,2,5300.0,4100.0,6000.0,95,31600.0,29500.02090074122,0.0,1099.9792721122503,7299.968274310231,2099.9868866056204,6700.0,4600.0,ok,957.0,1029.0,969.0,1047.0,11500.0,58600.0,1.0752351097178683,1.0804953560371517,11.867905056759547,e7cf46a078fed4fafd0b5e3aff144802b853f8ae459a4f0c14add3314b7cc3a6,True,1,0,3,0,0,8388608,100,5,32783dec984fbaffc95cf27946092cdd
bx1,tuning,bx1-k2-5-fc111ecef3a9,8616361440898826637,4d7b3ef7300acf70c892d8327db8272f54434adbc61a4e130a563cb59a0d0f47,,impeqv_dom,2,11,31,3,1200.0,200.0,1,1,1,1,15,39,27,15500.0,20500.0,11500.0,295,125900.0,123200.00678300858,3799.9998312443495,12000.033166259527,21699.932403862476,7099.966751411557,7900.0,24900.0,ok,3496.0,3587.0,1060.0,1127.0,12500.0,117900.0,1.0260297482837528,1.0632075471698113,11.79245283018868,4d7b3ef7300acf70c892d8327db8272f54434adbc61a4e130a563cb59a0d0f47,True,1,0,31,0,0,8388608,100,5,fc111ecef3a9fea0fb4436cc12779e92
bx1,tuning,bx1-k2-6-7d06ed9915a2,4522821221123432492,e52d9c508c502347344d8c07ad91cbd6068afc75ff6292f062a09ca381c89e71,,xor_dom,2,10,25,6,2800.0,200.0,4,6,6,4,12,12,12,14900.0,15600.0,11900.0,270,159000.0,155999.994603917,14999.997802078724,22199.994418770075,27399.975806474686,12100.033927708864,18200.0,20400.0,ok,2453.0,2531.0,1823.0,1898.0,21100.0,224400.0,1.0317977986139422,1.0411409764125068,11.574328030718595,e52d9c508c502347344d8c07ad91cbd6068afc75ff6292f062a09ca381c89e71,True,1,0,25,0,0,8388608,100,5,7d06ed9915a2307d619a02bbecd15e57
bx1,tuning,bx1-k2-7-1ac6b3fc16a4,6260423800473009968,4bf5122f344554c53bde2ebb8cd2b7e3d1600ad631c385a5d7cce23c7785459a,,andor_dom,2,5,6,4,1700.0,300.0,2,3,2,2,3,4,3,8200.0,8100.0,8900.0,137,66300.0,63699.99027810991,4799.978341907263,3799.9998312443495,12899.95270781219,4100.0021155923605,9900.0,8400.0,ok,1265.0,1320.0,1255.0,1332.0,13000.0,81300.0,1.0434782608695652,1.0613545816733068,10.358565737051793,4bf5122f344554c53bde2ebb8cd2b7e3d1600ad631c385a5d7cce23c7785459a,True,1,0,6,0,0,8388608,100,5,1ac6b3fc16a4f65ccac07328e95bf0b3
bx1,tuning,bx1-k2-8-7cec1b883a82,4008937263292170230,ca358758f6d27e6cf45272937977a748fd88391db679ceda7dc7bf1f005ee879,,xor_dom,2,12,31,8,3900.0,300.0,6,11,8,3,16,24,19,16200.0,18900.0,13000.0,310,253500.0,248399.99969117343,14800.054486840963,28399.983420968056,46599.94738176465,16499.980119988322,29300.0,33800.0,ok,3112.0,3172.0,1932.0,2014.0,14600.0,184200.0,1.019280205655527,1.0424430641821947,7.556935817805383,ca358758f6d27e6cf45272937977a748fd88391db679ceda7dc7bf1f005ee879,True,1,0,31,0,0,8388608,100,5,7cec1b883a82113d6050c89326721bc9
bx1,tuning,bx1-k3-1-6189f2994067,5966868217106501688,620bfdaa346b088fb49998d92f19a7eaf6bfc2fb0aee015753966da1028cb731,,andor_dom,3,6,6,5,1700.0,300.0,2,4,3,2,3,4,3,7400.0,7500.0,8000.0,158,63400.0,60999.998822808266,4200.0028770416975,3200.024366378784,14999.968698248267,4399.975296109915,9400.0,6600.0,ok,1145.0,1214.0,1194.0,1275.0,12100.0,79900.0,1.0602620087336245,1.0678391959798994,10.134003350083752,620bfdaa346b088fb49998d92f19a7eaf6bfc2fb0aee015753966da1028cb731,True,1,0,6,0,0,8388608,100,5,6189f29940672a4e1c71b4b746175557
bx1,tuning,bx1-k3-2-c073c4cae16c,2140984543467918017,4bf5122f344554c53bde2ebb8cd2b7e3d1600ad631c385a5d7cce23c7785459a,,impeqv_dom,3,16,56,16,5100.0,200.0,13,32,22,6,28,59,43,21000.0,23600.0,13700.0,412,198700.0,195299.97371137142,4700.0066842883825,12000.033166259527,50699.920393526554,24599.983589723706,28100.0,38200.0,ok,5323.0,5400.0,3159.0,3236.0,16500.0,207600.0,1.0144655269584821,1.02437480215258,5.223171889838556,4bf5122f344554c53bde2ebb8cd2b7e3d1600ad631c385a5d7cce23c7785459a,True,1,0,56,0,0,8388608,100,5,c073c4cae16c20ea16679fb56d345d47
bx1,tuning,bx1-k3-3-2cf6fe6bc52c,351760472865490451,3973e022e93220f9212c18d0d0c543ae7c309e46640da93a4a0314de999f5112,,mixed,3,6,7,6,2000.0,200.0,3,5,4,2,3,5,4,8900.0,8200.0,8200.0,164,73600.0,71099.98841769993,3699.9990697950125,6500.049494206905,15200.028428807855,6400.048732757568,15900.0,7500.0,ok,1215.0,1284.0,1393.0,1472.0,12300.0,88500.0,1.05679012345679,1.0567121320890165,8.829863603732951,3973e022e93220f9212c18d0d0c543ae7c309e46640da93a4a0314de999f5112,True,1,0,7,0,0,8388608,100,5,2cf6fe6bc52ca9b0c580828a67d0e3b2
bx1,tuning,bx1-k3-4-6f4b1568a0b2,3528185177367768437,50868f20258bbc9cce0da2719e8654c108733dd2f663b8737c574ec0ead93eb3,,impeqv_dom,3,14,37,8,3300.0,200.0,5,14,9,3,19,45,31,18000.0,19100.0,12500.0,363,188500.0,183699.9726947397,7200.025720521808,16499.980119988322,38899.97606165707,13899.96032230556,19300.0,33900.0,ok,3823.0,3874.0,1677.0,1739.0,13400.0,147100.0,1.0133403086581219,1.0369707811568276,7.990459153249851,50868f20258bbc9cce0da2719e8654c108733dd2f663b8737c574ec0ead93eb3,True,1,0,37,0,0,8388608,100,5,6f4b1568a0b24d9f538b69e1ddaf3168
bx1,tuning,bx1-k3-5-9d6635482dd7,2879241967487364291,beead77994cf573341ec17b58bbf7eb34d2711c993c1d976b128b3188dc1829a,,mixed,3,6,6,6,1900.0,200.0,3,8,5,2,3,8,5,7000.0,7700.0,8000.0,158,52000.0,49599.99932907522,0.0,1300.009898841381,14399.964129552245,4200.0028770416975,10800.0,6300.0,ok,1344.0,1411.0,1361.0,1432.0,15200.0,88700.0,1.0498511904761905,1.0521675238795003,11.168258633357825,beead77994cf573341ec17b58bbf7eb34d2711c993c1d976b128b3188dc1829a,True,1,0,6,0,0,8388608,100,5,9d6635482dd776daa8fdfaeb834e3d4b
bx1,tuning,bx1-k3-6-6e2e20f77614,6222481568918042885,9e076ceaf246b6003d9c2680a2b4cf0bffd069805902b0b5edeebf49039fe4bd,,andor_dom,3,5,5,5,1700.0,300.0,2,4,3,2,2,4,3,7600.0,7000.0,8000.0,139,56300.0,53600.00068321824,2099.9868866056204,4300.0036384910345,12399.978004395962,4499.976057559252,10000.0,6200.0,ok,1136.0,1212.0,1265.0,1343.0,12700.0,83900.0,1.0669014084507042,1.0616600790513835,10.039525691699605,9e076ceaf246b6003d9c2680a2b4cf0bffd069805902b0b5edeebf49039fe4bd,True,1,0,5,0,0,8388608,100,5,6e2e20f7761486ffa97f9643074ee08b
bx1,tuning,bx1-k3-7-7eea095f4c98,5572147757052189078,3e151409ace91cb3394fecd59e92b5dc42c0aad29993a1858f2f70a0866a539b,,mixed,3,5,5,5,1900.0,200.0,2,4,3,2,2,4,3,7500.0,6900.0,7600.0,138,56400.0,53800.002206116915,2499.9899324029684,2299.9593056738377,12700.00939257443,4599.976819008589,11000.0,6300.0,ok,1148.0,1226.0,1282.0,1355.0,12300.0,75000.0,1.0679442508710801,1.0569422776911077,9.594383775351014,3e151409ace91cb3394fecd59e92b5dc42c0aad29993a1858f2f70a0866a539b,True,1,0,5,0,0,8388608,100,5,7eea095f4c986451937dd28e2dc782e7
bx1,tuning,bx1-k3-8-a6d677a5a9c6,9188566006954337819,fe1dcd3abfcd6b1655a026e60a05d03a7f71e4b6070f36e6c7e9c4b6f3d3bf1b,,xor_dom,3,16,38,5,1800.0,200.0,2,3,3,2,19,22,20,19200.0,25300.0,14600.0,413,179300.0,176600.00594332814,15099.969459697604,26100.024115294218,23599.975975230336,9099.981980398297,10600.0,28800.0,ok,3438.0,3513.0,1370.0,1446.0,12900.0,177900.0,1.0218150087260034,1.0554744525547446,9.416058394160585,fe1dcd3abfcd6b1655a026e60a05d03a7f71e4b6070f36e6c7e9c4b6f3d3bf1b,True,1,0,38,0,0,8388608,100,5,a6d677a5a9c6e5a710b944d3546e59a6
bx1,tuning,bx1-k4-1-3d5e8d379589,2912613150875055739,6b50da4c7475bcec045cadc909f0de41b16eb0a92ff8b1477f0020c937f044ec,,andor_dom,4,9,11,9,3000.0,200.0,5,11,8,4,5,11,8,13400.0,12600.0,10400.0,232,108200.0,105300.01600272954,4300.0036384910345,9199.982741847634,24699.984351173043,10899.966582655907,16700.0,10700.0,ok,1856.0,1935.0,2074.0,2170.0,13600.0,139100.0,1.0425646551724137,1.0462873674059787,6.557377049180328,6b50da4c7475bcec045cadc909f0de41b16eb0a92ff8b1477f0020c937f044ec,True,2,0,22,0,0,8388608,100,5,3d5e8d3795898edaa2d1f391c12bd94e
bx1,tuning,bx1-k4-2-dc59c9d65758,7097291320739778651,0c3f8fb85969c5f63bbb8cd980c4089845e43c24d46f2f3d36dac81ec4a6b5e9,,andor_dom,4,8,9,8,2500.0,200.0,4,4,4,3,4,4,4,13300.0,11300.0,9600.0,206,101700.0,98799.99561235309,5999.987479299307,7900.00194683671,21400.017431005836,8999.98121894896,14800.0,10700.0,ok,1459.0,1529.0,1822.0,1895.0,16300.0,129600.0,1.047978067169294,1.0400658616904501,8.946212952799122,0c3f8fb85969c5f63bbb8cd980c4089845e43c24d46f2f3d36dac81ec4a6b5e9,True,2,0,18,0,0,8388608,100,5,dc59c9d65758cde975d26a122e6a5109
bx1,tuning,bx1-k4-3-ab064aa12f01,1101616449022087241,fc5c2283015b212d975b85e56b2a75aac4b50bd5aba30cbe74f62857c380bd47,,mixed,4,9,10,8,2800.0,300.0,4,8,6,3,5,8,6,12700.0,12400.0,13200.0,226,116200.0,113200.01794956625,6899.99433234334,7900.031050667167,28599.955840036273,9700.044756755233,15100.0,10100.0,ok,1654.0,1730.0,1824.0,1919.0,13600.0,126800.0,1.0459492140266022,1.0520833333333333,7.456140350877193,fc5c2283015b212d975b85e56b2a75aac4b50bd5aba30cbe74f62857c380bd47,True,2,0,20,0,0,8388608,100,5,ab064aa12f01ab07398c8f0813f4e1ad
bx1,tuning,bx1-k4-4-341296acd12a,1570959925577742463,dc957fb3268bfbc0fe10280b72493204a4a93b515bc94d24bd3a535c3f1cec88,,andor_dom,4,8,9,8,2600.0,200.0,4,6,5,3,4,6,5,12900.0,10700.0,10000.0,207,100400.0,97799.98799785972,5499.954568222165,8600.007276982069,21100.015146657825,8900.038665160537,14800.0,9700.0,ok,1576.0,1659.0,1847.0,1933.0,25500.0,173100.0,1.0526649746192893,1.0465619924201408,13.806172171088251,dc957fb3268bfbc0fe10280b72493204a4a93b515bc94d24bd3a535c3f1cec88,True,2,0,18,0,0,8388608,100,5,341296acd12a5b8fb41f5050d99bae4c
bx1,tuning,bx1-k4-5-2c4ebec5300e,4579402982539958222,a5f6a4547f1b079ee5452d9ca3ddca4e9c67df04289297a3865575f3f14539b3,,mixed,4,8,8,8,2500.0,300.0,4,7,5,2,4,7,5,15000.0,12800.0,12900.0,202,87700.0,84699.97555948794,3600.027412176132,6800.02267472446,20499.981474131346,7099.995855242014,14600.0,8200.0,ok,1518.0,1596.0,1711.0,1811.0,13700.0,106000.0,1.051383399209486,1.0584453535943892,8.007013442431326,a5f6a4547f1b079ee5452d9ca3ddca4e9c67df04289297a3865575f3f14539b3,True,2,0,16,0,0,8388608,100,5,2c4ebec5300e3642aed0c42d51ad00d1
bx1,tuning,bx1-k4-6-cfc288ac73fb,2798707706268544857,51cf98f7d7cc561328db7f0f423f71139a220416148bc30dc5fc9c8f495b0a7f,,xor_dom,4,20,55,13,4500.0,200.0,9,16,16,7,27,27,27,26500.0,31200.0,18300.0,516,335300.0,331099.9891255051,31099.916668608785,47400.04078485072,62300.125136971474,34600.03063082695,24800.0,38100.0,ok,4405.0,4126.0,2830.0,2909.0,17000.0,310800.0,0.9366628830874006,1.0279151943462899,6.007067137809187,51cf98f7d7cc561328db7f0f423f71139a220416148bc30dc5fc9c8f495b0a7f,True,2,0,110,0,0,8388608,100,5,cfc288ac73fb764f9742ae15cc8de6be
bx1,tuning,bx1-k4-7-3e9177a0a359,7151450016185330364,576058b879ad23fe9231e3e6bbc2ddb5547e70f54b9311e3ea35b63cda778021,,andor_dom,4,7,7,6,2000.0,200.0,2,5,4,2,3,5,4,8800.0,8500.0,8900.0,183,72200.0,69700.00686123967,3599.9983083456755,3700.028173625469,16200.036043301225,6600.021151825786,10800.0,7100.0,ok,1248.0,1313.0,1297.0,1369.0,39100.0,128800.0,1.0520833333333333,1.0555127216653817,30.146491904394757,576058b879ad23fe9231e3e6bbc2ddb5547e70f54b9311e3ea35b63cda778021,True,2,0,14,0,0,8388608,100,5,3e9177a0a3593dfa8363df00fbb4d704
bx1,tuning,bx1-k4-8-9e6b3f348e02,3811774514271255125,86284851da241f87363910fbd25eb577ae625901035874a8b63300e0d42d9350,,mixed,4,7,7,7,2000.0,200.0,3,9,6,2,3,9,6,8700.0,9400.0,9000.0,183,69900.0,67100.01616738737,0.0,3900.029696524143,18099.992303177714,7100.024959072471,12800.0,7500.0,ok,1554.0,1623.0,1547.0,1621.0,12600.0,86900.0,1.0444015444015444,1.0478345184227538,8.144796380090497,86284851da241f87363910fbd25eb577ae625901035874a8b63300e0d42d9350,True,2,0,14,0,0,8388608,100,5,9e6b3f348e02367e9f2d6939a90b0157
bx1,tuning,bx1-k5-1-034e0f291fe2,1828508922621870129,6f51d2666b29c657b5100faacd6816cf6bc25fb330e8ae537bb99e0ea8490e33,,andor_dom,5,9,9,9,2400.0,200.0,4,4,4,3,4,4,4,13000.0,10600.0,10000.0,225,97100.0,94399.99121241271,5500.012775883079,5400.012014433742,21800.04958063364,9199.982741847634,15100.0,8700.0,ok,1434.0,1506.0,1818.0,1912.0,13100.0,119800.0,1.0502092050209204,1.0517051705170517,7.2057205720572055,6f51d2666b29c657b5100faacd6816cf6bc25fb330e8ae537bb99e0ea8490e33,True,4,0,36,0,0,8388608,100,5,034e0f291fe2129ff5c840daf6a5e9e9
bx1,tuning,bx1-k5-2-2c0d115977c9,2444305532916082909,6143256ea532cef7b52c2b02d1b0cb8c7500d6465e1a93f315999298b376d38e,,mixed,5,14,16,14,4200.0,200.0,9,22,14,2,9,22,14,17900.0,18600.0,12600.0,338,139600.0,136399.99087899923,2100.015990436077,8100.032573565841,37600.0243704766,16100.035281851888,22700.0,15100.0,ok,3023.0,3100.0,3161.0,3246.0,18400.0,180400.0,1.0254713860403573,1.0268902246124645,5.820942739639355,6143256ea532cef7b52c2b02d1b0cb8c7500d6465e1a93f315999298b376d38e,True,4,0,64,0,0,8388608,100,5,2c0d115977c91fa7c7e69867ea273f8c
bx1,tuning,bx1-k5-3-2df622ee85b3,1088714000501922821,0de99e9d3584c7d8e58d818956422633581f33bfb40079949c52c7cf00ab0886,,xor_dom,5,19,53,13,3700.0,300.0,8,12,9,4,26,40,33,26700.0,29000.0,17900.0,486,281700.0,277499.98844228685,22800.028091296554,36299.95626397431,56300.02124235034,24899.985874071717,22300.0,41100.0,ok,5785.0,5841.0,2910.0,2995.0,15400.0,283100.0,1.0096802074330165,1.029209621993127,5.292096219931271,0de99e9d3584c7d8e58d818956422633581f33bfb40079949c52c7cf00ab0886,True,4,0,212,0,0,8388608,100,5,2df622ee85b309c9a2d4baf0becea65c
bx1,tuning,bx1-k5-4-c147eb2ddd37,5743920076487934602,bca5c616901bd9250b3ff9847df58a80dce917799789900b1f45afa2f67f9ea3,,andor_dom,5,12,14,11,3500.0,300.0,6,9,7,2,7,10,8,18700.0,16300.0,11900.0,296,167200.0,163000.01880154014,10799.994925037026,13900.018529966474,32599.957194179296,22700.027329847217,22000.0,12500.0,ok,2078.0,2150.0,2418.0,2505.0,15800.0,170200.0,1.0346487006737248,1.0359801488833746,6.534325889164599,bca5c616901bd9250b3ff9847df58a80dce917799789900b1f45afa2f67f9ea3,True,4,0,56,0,0,8388608,100,5,c147eb2ddd37348849bdb3a05817a921
bx1,tuning,bx1-k5-5-a102e1e6ae56,112315865244663687,917b0f241a54adf2a7621d1364c6cd65d0810137aa21ecb37539007ea88feae4,,impeqv_dom,5,23,82,13,3800.0,300.0,8,22,14,3,47,122,78,30800.0,37300.0,21200.0,580,226400.0,222599.97786022723,3299.9960239976645,20000.006770715117,51599.9854542315,19300.00144056976,22700.0,59100.0,ok,12134.0,12116.0,2957.0,3030.0,17600.0,242400.0,0.9985165650238997,1.0246871829556983,5.95197835644234,917b0f241a54adf2a7621d1364c6cd65d0810137aa21ecb37539007ea88feae4,True,4,0,328,0,0,8388608,100,5,a102e1e6ae5644e6f1866b788b1b8100
bx1,tuning,bx1-k5-6-116409bdc50c,5133863355171125170,b8c7f44e7b8503569d12a3f3c52a7540395f01a7416a8ae111c683b83b02bfea,,mixed,5,11,11,10,3000.0,300.0,5,8,6,3,6,8,6,15800.0,15200.0,11500.0,265,131500.0,127999.98512491584,7199.996616691351,10299.991117790341,31000.003218650818,10599.964298307896,17600.0,10400.0,ok,1945.0,2023.0,2164.0,2261.0,14600.0,148700.0,1.040102827763496,1.0448243992606285,6.7467652495378925,b8c7f44e7b8503569d12a3f3c52a7540395f01a7416a8ae111c683b83b02bfea,True,4,0,44,0,0,8388608,100,5,116409bdc50c96488b8c18592d9dd143
bx1,tuning,bx1-k5-7-31414d038c89,8863517242013747676,c3c0795e66efdb4893dfbea5904c0264813b066194206a9d9dc51fdc29434600,,xor_dom,5,21,52,12,3700.0,300.0,7,12,10,5,27,30,27,29200.0,30700.0,19400.0,527,312500.0,307899.98709224164,27999.922167509794,42500.0034738332,56999.99746866524,29400.020139291883,22100.0,40900.0,ok,5471.0,5563.0,2855.0,2931.0,15400.0,289000.0,1.0168159385852678,1.0266199649737302,5.394045534150613,c3c0795e66efdb4893dfbea5904c0264813b066194206a9d9dc51fdc29434600,True,4,0,208,0,0,8388608,100,5,31414d038c89d07ba7be4651278c13c6
bx1,tuning,bx1-k5-8-0e1e9c457194,3751698668188430725,e6bef58a11fdfb6803208006b5064a62868e99ef09c185c62776cecbada1e076,,andor_dom,5,11,11,10,4800.0,500.0,5,8,6,2,6,8,6,14800.0,14500.0,11400.0,262,141000.0,136500.02074427903,9199.982741847634,8300.004992634058,36399.957025423646,11099.997209385037,31300.0,19700.0,ok,1908.0,1985.0,2138.0,2225.0,16700.0,158000.0,1.040356394129979,1.0406922357343311,7.8110383536014965,e6bef58a11fdfb6803208006b5064a62868e99ef09c185c62776cecbada1e076,True,4,0,44,0,0,8388608,100,5,0e1e9c45719487f626e2b2e3fec8739b
bx1,tuning,bx1-k6-1-ac26b8df9ebe,51376053804700149,3ed2b9d2e8aead855936cc675b7dd59402c2db788ff8c164dd46d78f9a95d464,,andor_dom,6,12,13,10,3100.0,200.0,4,10,8,3,6,10,8,15400.0,17400.0,13000.0,298,149400.0,145700.00348612666,8200.004231184721,8800.008799880743,34199.96937736869,15900.033758953214,18000.0,11800.0,ok,2100.0,10698.0,2131.0,11257.0,15600.0,164900.0,5.094285714285714,5.282496480525575,7.320506804317222,3ed2b9d2e8aead855936cc675b7dd59402c2db788ff8c164dd46d78f9a95d464,True,8,48,104,24,24,8388608,100,5,ac26b8df9ebe5cfd73a7e131c1fb6168
bx1,tuning,bx1-k6-2-ffc059d624c2,287296342116631151,fecdd560447fcdd00b65d7b2346f087ae28ba0a7ccad3c5a26996194d2f72e19,,mixed,6,12,13,10,3200.0,300.0,4,8,7,3,6,8,7,17800.0,19000.0,13500.0,296,163300.0,159300.01973174512,9300.012607127428,15300.000086426735,34900.06201900542,16299.978597089648,18000.0,11500.0,ok,2059.0,9408.0,2186.0,10323.0,15800.0,178500.0,4.569208353569694,4.722323879231473,7.227813357731016,fecdd560447fcdd00b65d7b2346f087ae28ba0a7ccad3c5a26996194d2f72e19,True,8,48,104,24,24,8388608,100,5,ffc059d624c231c84857b6d3fc7288c6
bx1,tuning,bx1-k6-3-ce65022b9fb4,4617287766949047424,965425c496880102a23b9bb3b622c940f98677ee48cf209044732608565c1468,,andor_dom,6,11,11,11,3000.0,300.0,5,9,7,3,5,9,7,16300.0,15800.0,11700.0,272,127200.0,124000.01287460327,6099.988240748644,8200.004231184721,30199.93891939521,12800.010154023767,19000.0,10400.0,ok,1971.0,9523.0,2398.0,9657.0,18000.0,160900.0,4.831557584982242,4.0271059216013345,7.506255212677231,965425c496880102a23b9bb3b622c940f98677ee48cf209044732608565c1468,True,8,48,88,24,24,8388608,100,5,ce65022b9fb43122e39355b3447e35cc
bx1,tuning,bx1-k6-4-5eff59fb232a,7058108064572688751,6eea92dc369a2dc0b787ee1e430ea8253af8bc2835240652b5a1016d0a24a40b,,mixed,6,12,13,12,3500.0,300.0,6,6,6,3,6,6,6,19200.0,16500.0,12700.0,297,177700.0,172600.00458918512,11200.027074664831,13499.986380338669,35599.95093382895,15999.976312741637,20800.0,11600.0,ok,1861.0,8347.0,2493.0,8161.0,23600.0,238100.0,4.485222998387964,3.2735659847573206,9.466506217408744,6eea92dc369a2dc0b787ee1e430ea8253af8bc2835240652b5a1016d0a24a40b,True,8,48,104,24,24,8388608,100,5,5eff59fb232a9934bd6d5955d0652bb2
bx1,tuning,bx1-k6-5-66ebf761dca1,6753710601522320977,438bbe3675971dbdad9e96dfc2d1874c752fbb27cf06a3f4643eb8f8879dd493,,andor_dom,6,11,11,9,2600.0,300.0,3,7,6,2,5,7,6,14200.0,19700.0,72900.0,270,146600.0,142400.007462129,8799.979696050286,10100.018698722124,32199.95414838195,14399.993233382702,16900.0,10200.0,ok,1748.0,8134.0,1777.0,8629.0,16400.0,147300.0,4.6533180778032035,4.855936972425436,9.229037703995498,438bbe3675971dbdad9e96dfc2d1874c752fbb27cf06a3f4643eb8f8879dd493,True,8,48,88,24,16,8388608,100,5,66ebf761dca172ad2ee7a1b488dd56c5
bx1,tuning,bx1-k6-6-2d863b86e83a,6857619866424346742,65af7220a3badb6d357bd7ad6a22e4e99780c02e975ab5a9cf4eb72e9fac2483,,impeqv_dom,6,25,65,24,7000.0,300.0,18,44,30,7,35,87,58,31000.0,35600.0,20000.0,617,304700.0,299299.9798152596,10799.994925037026,22500.025806948543,71799.93554018438,38100.02817772329,39500.0,46200.0,ok,8619.0,62464.0,5504.0,32185.0,21300.0,350200.0,7.2472444599141435,5.847565406976744,3.8699127906976742,65af7220a3badb6d357bd7ad6a22e4e99780c02e975ab5a9cf4eb72e9fac2483,True,8,48,520,40,56,8388608,100,5,2d863b86e83a8daaad1f4a3307211b06
bx1,tuning,bx1-k6-7-fa21ca943885,5781047927349053090,dfa2795fd2560a0399c10a1341bffb96778104541181e1eb5bcbb1161510f7c8,,mixed,6,15,18,12,3400.0,300.0,6,14,10,3,9,16,12,18200.0,19600.0,14500.0,370,171500.0,167800.02624727786,8800.008799880743,11300.027836114168,34999.94636513293,14400.022337213159,19500.0,15000.0,ok,2507.0,13545.0,2331.0,11345.0,16300.0,169900.0,5.402871958516155,4.867009867009867,6.992706992706993,dfa2795fd2560a0399c10a1341bffb96778104541181e1eb5bcbb1161510f7c8,True,8,48,144,32,24,8388608,100,5,fa21ca9438851982b8af7092c3b57630
bx1,tuning,bx1-k6-8-7ebdf5d9f846,8219207902678451901,e9355ae0ee1835ecb045dae2bc25d4bc454005e743fc0329c2551c4e3dec56fd,,xor_dom,6,20,56,12,3500.0,200.0,6,10,9,3,28,29,28,22500.0,26200.0,16100.0,500,276000.0,271700.0024858862,23800.06480962038,35900.011425837874,51300.07048137486,29700.05152747035,19900.0,35400.0,ok,5004.0,30288.0,2559.0,12303.0,17100.0,305000.0,6.052757793764988,4.807737397420867,6.682297772567409,e9355ae0ee1835ecb045dae2bc25d4bc454005e743fc0329c2551c4e3dec56fd,True,8,48,448,32,24,8388608,100,5,7ebdf5d9f84654a7bcaed18c98258b0d
bx1,tuning,bx1-k7-1-5ff39721fc88,7631648143058458772,34786c07d664b0dfc25b038850de5499efd11016b94e0fc7bbf1a224d5113d48,,andor_dom,7,14,15,9,2700.0,300.0,2,6,6,2,7,7,7,17000.0,17700.0,14400.0,340,169500.0,165899.98267591,13700.046110898256,11499.971151351929,35499.95017237961,16199.977835640311,15300.0,15900.0,ok,1913.0,8942.0,1699.0,6530.0,16500.0,187900.0,4.674333507579718,3.8434373160682753,9.711595055915245,34786c07d664b0dfc25b038850de5499efd11016b94e0fc7bbf1a224d5113d48,True,16,112,240,64,32,8388608,100,5,5ff39721fc88b1a8a5a24f7bc6cbba34
bx1,tuning,bx1-k7-2-e0fc1bb3261b,8743293369282057094,b8ee779cb8c5eb0beb1bf480e65e9803111b57412577edae72a1423f383b04f2,,mixed,7,14,15,14,4000.0,300.0,7,17,12,4,7,17,12,19800.0,18500.0,14000.0,344,155800.0,151900.0215921551,4400.033503770828,9499.955922365189,37300.05118995905,18800.02673715353,22800.0,13400.0,ok,2692.0,10963.0,2878.0,10897.0,19600.0,183900.0,4.0724368499257055,3.786309937456567,6.810284920083391,b8ee779cb8c5eb0beb1bf480e65e9803111b57412577edae72a1423f383b04f2,True,16,112,240,64,64,8388608,100,5,e0fc1bb3261b62320541d273cfbe44c6
bx1,tuning,bx1-k7-3-6c16cb84b240,4257197736996724787,844cd7fc286c4123bcbc0b95df454c8be52ea115c0aeaf637d2bf177f75a1163,,xor_dom,7,26,115,19,6400.0,300.0,12,25,22,6,57,69,63,40500.0,41000.0,22600.0,657,445200.0,439299.99810643494,33900.05440451205,64899.970311671495,81600.06836988032,50500.00618211925,34900.0,81000.0,ok,10503.0,64312.0,4309.0,19407.0,19000.0,408700.0,6.12320289441112,4.503829194708749,4.409375725226271,844cd7fc286c4123bcbc0b95df454c8be52ea115c0aeaf637d2bf177f75a1163,True,16,112,1840,112,96,8388608,100,5,6c16cb84b240f21671593b323da8e05c
bx1,tuning,bx1-k7-4-8a9246588c00,2717684551468254355,54995ea77c2b16a8d95d3fc713813ba295f81e4847eb399e7ecec4bc4b7ce8e0,,andor_dom,7,16,17,14,3900.0,200.0,7,13,10,3,9,13,10,20600.0,19700.0,14700.0,382,181800.0,177700.01431927085,10900.02479031682,13199.984095990658,42199.91387799382,17099.984688684344,22400.0,14200.0,ok,2485.0,10747.0,2751.0,10096.0,15700.0,198500.0,4.324748490945674,3.669938204289349,5.707015630679753,54995ea77c2b16a8d95d3fc713813ba295f81e4847eb399e7ecec4bc4b7ce8e0,True,16,112,272,64,48,8388608,100,5,8a9246588c00c3a48bc164937853d93b
bx1,tuning,bx1-k7-5-c9bc83e08a2e,1800966940377457308,8f2bf1a497fa86adaf46247de1fc06111c83dd7d5acf9cd434a0de581d5fdfa6,,impeqv_dom,7,29,62,29,8600.0,200.0,22,63,42,7,31,90,60,36800.0,44500.0,23700.0,731,325900.0,320300.0233042985,2400.018274784088,20000.035874545574,79300.05085654557,53600.00068321824,52700.0,46800.0,ok,9067.0,43370.0,6840.0,30438.0,22500.0,352600.0,4.783280026469615,4.45,3.289473684210526,8f2bf1a497fa86adaf46247de1fc06111c83dd7d5acf9cd434a0de581d5fdfa6,True,16,112,992,64,112,8388608,100,5,c9bc83e08a2e5ab2a6122aefe0b3d382
bx1,tuning,bx1-k7-6-f354ff655ae6,7364799129822872276,02b1b0272cd3edb1600af80596fed6cb2dbbce970e06855c973cc3030a75504a,,mixed,7,13,13,12,3200.0,300.0,5,8,7,3,6,8,7,18200.0,15900.0,13100.0,314,146500.0,142999.98292699456,9899.988071992993,8100.003469735384,32900.01768618822,15500.030713155866,19800.0,11600.0,ok,2077.0,8365.0,2313.0,7909.0,16400.0,174600.0,4.027443428021185,3.41936878512754,7.090358841331604,02b1b0272cd3edb1600af80596fed6cb2dbbce970e06855c973cc3030a75504a,True,16,112,208,48,48,8388608,100,5,f354ff655ae68d12d56ddb1694b369b8
bx1,tuning,bx1-k7-7-6f54a0caffbb,669694256650786877,3745959b8dc7bf972951241a7e492452284dfe12f6dacab712bb34c57f56deff,,andor_dom,7,14,15,11,3100.0,200.0,4,11,9,3,7,11,9,17700.0,18300.0,13700.0,343,172600.0,168900.0055193901,11600.001016631722,12599.950423464179,38099.91176240146,18499.995348975062,18400.0,13100.0,ok,2199.0,9616.0,2221.0,8676.0,19400.0,185600.0,4.372896771259663,3.9063484916704185,8.734804142278254,3745959b8dc7bf972951241a7e492452284dfe12f6dacab712bb34c57f56deff,True,16,112,240,48,48,8388608,100,5,6f54a0caffbb99f01de2eaa6f04abbe3
bx1,tuning,bx1-k7-8-31960f6785ea,5389744817123187390,fb1d0487129833c3401e3a60402f1d05d7ff1adbb6dd3ba1a3039b0fe62ec7a7,,mixed,7,16,17,15,4000.0,300.0,8,17,12,3,9,17,12,20600.0,20700.0,14800.0,384,182900.0,178799.9935913831,7199.996616691351,14499.964891001582,42700.00499673188,18599.967006593943,24200.0,14400.0,ok,2843.0,11306.0,3104.0,11027.0,17200.0,205400.0,3.976785086176574,3.5525128865979383,5.541237113402062,fb1d0487129833c3401e3a60402f1d05d7ff1adbb6dd3ba1a3039b0fe62ec7a7,True,16,112,272,64,48,8388608,100,5,31960f6785ea570b99d64be942bc4dce
bx1,tuning,bx1-k8-1-4e47cb5cd5b6,1130776419271888585,9f6e49b04ee86bd513a46fd1c97e098b8eb0f96924bbd2794be3f59555a6ae30,,andor_dom,8,18,20,17,4600.0,300.0,9,11,10,4,10,11,10,25600.0,23400.0,18900.0,434,229200.0,224600.02219304442,16100.064385682344,17800.048226490617,48800.10965280235,24299.981305375695,27400.0,16500.0,ok,2472.0,11746.0,3179.0,11290.0,16000.0,248400.0,4.751618122977346,3.5514312676942437,5.033029254482542,9f6e49b04ee86bd513a46fd1c97e098b8eb0f96924bbd2794be3f59555a6ae30,True,32,256,640,96,128,8388608,100,5,4e47cb5cd5b69bcfd719d4ac6068c6c8
bx1,tuning,bx1-k8-2-a182f8acff49,7248160241883210108,8b7875dd32eb966f016e3fd28a016328a763518beeee69e2d6f88c364768d679,,impeqv_dom,8,28,94,28,8400.0,300.0,20,54,36,6,49,128,86,72900.0,75500.0,26400.0,694,336100.0,330099.9815110117,4300.0036384910345,25900.022592395544,81499.95119310915,52100.01836530864,46700.0,71200.0,ok,13055.0,63277.0,6403.0,26774.0,21800.0,351500.0,4.846955189582536,4.181477432453537,3.404654068405435,8b7875dd32eb966f016e3fd28a016328a763518beeee69e2d6f88c364768d679,True,32,256,3008,160,192,8388608,100,5,a182f8acff49c11d3ef08d27856710fa
bx1,tuning,bx1-k8-3-afe9419ba99d,7509505614599461452,d18ac77ccd418be3ea78e236f39efa0a39eccfa942edd7a9cf6dd87e694a0ba6,,mixed,8,20,22,20,5500.0,300.0,12,23,16,3,12,23,16,27000.0,24900.0,17600.0,476,226700.0,222400.005441159,8600.007276982069,20399.922505021095,54399.97767098248,25099.98739697039,30200.0,17300.0,ok,3585.0,14218.0,4040.0,14549.0,26100.0,315600.0,3.9659693165969316,3.601237623762376,6.46039603960396,d18ac77ccd418be3ea78e236f39efa0a39eccfa942edd7a9cf6dd87e694a0ba6,True,32,256,704,96,96,8388608,100,5,afe9419ba99da1754207a2ecf55c469f
bx1,tuning,bx1-k8-4-f19b51fae83a,1483325244659736325,6bfda650328bb3de7368ee86ae030866c7c95772f0b4d56a96124e009213ca0d,,andor_dom,8,16,17,13,3300.0,200.0,5,7,7,4,8,8,8,21000.0,19900.0,16400.0,387,254600.0,248199.99816827476,18800.02673715353,16199.948731809855,47400.01168102026,24500.011932104826,23000.0,15500.0,ok,2086.0,10011.0,2311.0,8370.0,16200.0,203400.0,4.799137104506232,3.6218087408048465,7.009952401557767,6bfda650328bb3de7368ee86ae030866c7c95772f0b4d56a96124e009213ca0d,True,32,256,544,96,128,8388608,100,5,f19b51fae83ab75f67f487b56c96c709
bx1,tuning,bx1-k8-5-e450c9286a4b,7353142359741118861,df011df91ca5053f5dd5d482f1005f40217484210d2d70002af80d424af24c47,,andor_dom,8,15,15,12,3000.0,200.0,4,11,9,3,7,11,9,18000.0,18400.0,13900.0,360,175900.0,172300.0023048371,9999.98883344233,10999.9964479357,39899.98367615044,20600.040443241596,19400.0,13200.0,ok,2424.0,12034.0,2284.0,8595.0,16800.0,198100.0,4.964521452145214,3.7631348511383536,7.355516637478108,df011df91ca5053f5dd5d482f1005f40217484210d2d70002af80d424af24c47,True,32,256,480,96,96,8388608,100,5,e450c9286a4b75188f2525837394d3f7
bx1,tuning,bx1-k8-6-64c2a6d682df,549110268813727283,27891780ec8e448b119c5dc9cfc94faba3eca39177fa458804258b4d4324a512,,impeqv_dom,8,27,60,27,7500.0,300.0,19,54,35,6,33,92,59,32300.0,39600.0,22400.0,660,282100.0,276899.9838735908,0.0,18300.052033737302,73300.0342734158,41599.96751695871,44700.0,46800.0,ok,9730.0,43229.0,6133.0,25606.0,20900.0,334200.0,4.442857142857143,4.175118212946356,3.4077939018424916,27891780ec8e448b119c5dc9cfc94faba3eca39177fa458804258b4d4324a512,True,32,256,1920,160,192,8388608,100,5,64c2a6d682df173dee0ef1896f738c84
bx1,tuning,bx1-k8-7-09fc993513d7,1450827913852197284,4f158000b47e4689beeec4a55c010155d5f95ffe1e0643fd9eb925e725a0d601,,mixed,8,15,15,15,3800.0,200.0,7,15,11,4,7,15,11,20300.0,18300.0,31800.0,363,160300.0,156399.99764971435,6000.016583129764,9700.015652924776,38300.02970062196,17499.958630651236,23300.0,13400.0,ok,2668.0,10543.0,3042.0,10621.0,18700.0,194700.0,3.9516491754122938,3.4914529914529915,6.147271531886917,4f158000b47e4689beeec4a55c010155d5f95ffe1e0643fd9eb925e725a0d601,True,32,256,480,96,128,8388608,100,5,09fc993513d7e644f90133989f40f63b
bx1,tuning,bx1-k8-8-21adfede2a12,4862862450874983221,dbf6879a50bc62709899f57bdbc6fa686a2113d9461a924c4daa9d566b4a94e0,,andor_dom,8,20,23,19,5600.0,300.0,11,16,13,3,12,16,13,28300.0,26100.0,17500.0,478,251100.0,242500.01297332346,15700.03223605454,20899.984519928694,54000.032832846045,26599.96971487999,30900.0,18400.0,ok,3077.0,14253.0,3713.0,13783.0,18400.0,261600.0,4.6321091972700685,3.712092647454888,4.955561540533261,dbf6879a50bc62709899f57bdbc6fa686a2113d9461a924c4daa9d566b4a94e0,True,32,256,736,128,96,8388608,100,5,21adfede2a12c2886e347d09a80ac9d1
bx1,tuning,bx1-k10-1-ce8ba79b76b0,7420669341356717624,bf1133aff1ed584dcfebd2d8cfd40ab4dbd176c9840cf4eeff1b82b6b4587f7b,,mixed,10,21,22,20,5300.0,300.0,10,20,15,3,11,20,15,27700.0,26300.0,17900.0,500,238100.0,233500.00265054405,10799.936717376113,18100.02140700817,56299.96303468943,29099.988751113415,29800.0,17300.0,ok,3764.0,14688.0,4152.0,14268.0,19600.0,271000.0,3.902231668437832,3.4364161849710984,4.720616570327553,bf1133aff1ed584dcfebd2d8cfd40ab4dbd176c9840cf4eeff1b82b6b4587f7b,True,128,1280,2816,384,384,8388608,50,5,ce8ba79b76b0ba54ca0b1db699d85b79
bx1,tuning,bx1-k10-2-e17d064cca67,9123787503790150821,eb4c672ced2de1a76d4a2403041d4ac0eeb2b73b824c7ec93028a5747bfbdac7,,andor_dom,10,23,25,22,5900.0,200.0,12,21,16,3,13,21,16,30700.0,30600.0,19600.0,544,266600.0,261900.01517534256,15199.970221146941,19400.031305849552,61299.97200332582,29400.020139291883,34400.0,20400.0,ok,4062.0,16436.0,4686.0,16006.0,18800.0,292300.0,4.046282619399311,3.4157063593683312,4.011950490823731,eb4c672ced2de1a76d4a2403041d4ac0eeb2b73b824c7ec93028a5747bfbdac7,True,128,1280,3200,384,384,8388608,50,5,e17d064cca67024299d5bbac1258b783
bx1,tuning,bx1-k10-3-16f87b523a35,8987951477283036305,06fed3f06e44dfc17f35ad059ace2c26aeef00978d4ae10a4763490b0a32dd83,,mixed,10,22,24,22,5600.0,300.0,12,21,16,3,12,21,16,31500.0,29600.0,18900.0,526,261400.0,256800.00544525683,11700.059985741973,19500.03206729889,59900.019550696015,32299.984013661742,89600.0,26400.0,ok,3842.0,15528.0,4590.0,15766.0,19100.0,289100.0,4.041644976574701,3.434858387799564,4.1612200435729845,06fed3f06e44dfc17f35ad059ace2c26aeef00978d4ae10a4763490b0a32dd83,True,128,1280,3072,512,384,8388608,50,5,16f87b523a35164be73301b34d212037
bx1,tuning,bx1-k10-4-23d83455c005,1680298533417107274,650f04850fc8aa5bdf56eb89cd57e29e202b41d5857d7a03713a5341d50bfa76,,andor_dom,10,24,26,21,5400.0,200.0,11,20,15,4,14,21,16,30200.0,29900.0,20100.0,567,270700.0,265900.0165294856,16199.948731809855,21899.992134422064,61699.94594529271,28899.98722821474,31700.0,22800.0,ok,3866.0,16360.0,4322.0,14468.0,19600.0,299100.0,4.231764097258148,3.3475242943081907,4.5349375289217955,650f04850fc8aa5bdf56eb89cd57e29e202b41d5857d7a03713a5341d50bfa76,True,128,1280,3328,384,512,8388608,50,5,23d83455c005b89b0513919ce5be401d
bx1,tuning,bx1-k10-5-9bbcf8dd3e01,7979976481648541001,fc3f1b016da13b03f0c85a6e9d3f0ab2d5bcf2150664877c4d1be31543186ee8,,impeqv_dom,10,33,63,33,8800.0,300.0,23,55,38,7,32,80,55,43100.0,47000.0,25800.0,807,391800.0,385700.02652704716,10899.995686486363,35300.03596097231,90700.07945410907,56399.99289996922,50300.0,46300.0,ok,10700.0,43084.0,8688.0,30036.0,24300.0,435600.0,4.026542056074766,3.457182320441989,2.796961325966851,fc3f1b016da13b03f0c85a6e9d3f0ab2d5bcf2150664877c4d1be31543186ee8,True,128,1280,8064,512,896,8388608,50,5,9bbcf8dd3e0149f882f57d4076f9d84c
bx1,tuning,bx1-k10-6-85ff4d86e6c8,6788654603028088088,9ec7d6a737abdce839f03b08acdb4e6691734ca923a6cd4d01a8bbc1045e827f,,mixed,10,20,21,20,5300.0,300.0,10,20,15,3,10,20,15,28600.0,25100.0,17900.0,480,223500.0,219200.01017861068,9500.043233856559,17199.98545013368,51800.04518479109,26899.971999228,30000.0,17300.0,ok,3798.0,14646.0,4292.0,14424.0,17400.0,278300.0,3.8562401263823065,3.3606710158434296,4.054054054054054,9ec7d6a737abdce839f03b08acdb4e6691734ca923a6cd4d01a8bbc1045e827f,True,128,1280,2688,384,384,8388608,50,5,85ff4d86e6c8c0d9e4ca8c07f394e95b
bx1,tuning,bx1-k10-7-8246a0ff1e16,764246932348172014,9b89ca8226b6112656f0c4cabccc93534b4026a6150565073fd85e4c03812db1,,andor_dom,10,21,23,19,5500.0,300.0,9,15,13,5,11,15,13,32600.0,26000.0,18800.0,505,246700.0,242000.00916607678,17400.016076862812,14699.995517730713,53900.09027905762,28400.04162862897,29300.0,19900.0,ok,3122.0,14122.0,3798.0,13646.0,17400.0,254900.0,4.523382447149263,3.592943654555029,4.581358609794629,9b89ca8226b6112656f0c4cabccc93534b4026a6150565073fd85e4c03812db1,True,128,1280,2944,640,640,8388608,50,5,8246a0ff1e166187576e293cd8d04664
bx1,tuning,bx1-k10-8-77067f84ea1d,3417172046598079534,eea5060d15db70e5e032a78ce7ea32ca0f710efc3d3bf60fe8f921498c6f3a7e,,mixed,10,23,27,19,5400.0,300.0,9,18,15,4,13,19,16,31100.0,30900.0,19600.0,558,309200.0,304900.02245642245,20099.978428333998,30699.97183047235,64700.026996433735,35699.980799108744,29000.0,20900.0,ok,3762.0,17080.0,3838.0,15008.0,18800.0,309100.0,4.540138224348751,3.9103699843668576,4.898384575299636,eea5060d15db70e5e032a78ce7ea32ca0f710efc3d3bf60fe8f921498c6f3a7e,True,128,1280,3456,384,512,8388608,50,5,77067f84ea1da1bfaf0b99360374c009
bx1,tuning,bx1-k12-1-dcaeee786843,5272243526725519305,43e053d4256b86f12322d11b9de2728424bb39c997bbfaa95e97eb0032bf3958,,andor_dom,12,27,29,23,6100.0,300.0,11,19,16,5,15,19,16,34400.0,34400.0,21800.0,635,323500.0,318400.0088367611,22299.878764897585,22300.02428404987,73699.89180006087,38599.97377730906,35400.0,22700.0,ok,6315.0,18460.0,7225.0,17055.0,20600.0,335300.0,2.92319873317498,2.360553633217993,2.85121107266436,43e053d4256b86f12322d11b9de2728424bb39c997bbfaa95e97eb0032bf3958,True,512,6144,14848,2560,2560,8388608,20,5,dcaeee786843d10664d1d9075a3d551d
bx1,tuning,bx1-k12-2-56fe11ff64c7,4640074950674228798,dac62da81c27bdf3c5095c9ca757bd0e9721a3c943f4211b507a5f581fd49f26,,mixed,12,23,23,21,5700.0,400.0,9,17,14,3,11,17,14,30000.0,28000.0,18600.0,549,348200.0,341900.0131543726,20700.041204690933,27800.066163763404,80600.0898592174,60600.024880841374,43100.0,25000.0,ok,5895.0,15365.0,6535.0,14770.0,20800.0,288200.0,2.606446140797286,2.2601377199693955,3.1828615149196633,dac62da81c27bdf3c5095c9ca757bd0e9721a3c943f4211b507a5f581fd49f26,True,512,6144,11776,1536,1536,8388608,20,5,56fe11ff64c7a692c568b910bca1f2ea
bx1,tuning,bx1-k12-3-0e386c458b97,7382781167060541420,2a56b6c49cbac5a8b5c86b2ea4e0ba49adbf21af05e16d221c9b054471f1db10,,andor_dom,12,25,26,21,5500.0,300.0,9,16,14,4,13,16,14,31700.0,36800.0,20000.0,590,307500.0,301899.99961294234,20000.006770715117,20999.98528137803,68599.88206997514,35000.062780454755,31500.0,20500.0,ok,5155.0,16935.0,5720.0,15415.0,18700.0,300000.0,3.2851600387972844,2.69493006993007,3.269230769230769,2a56b6c49cbac5a8b5c86b2ea4e0ba49adbf21af05e16d221c9b054471f1db10,True,512,6144,13312,2048,2048,8388608,20,5,0e386c458b97236a1cb5788eb0f0d157
bx1,tuning,bx1-k12-4-fa0f34a0d7ca,5488042815295775796,9e02b50eac043198077de892e99d6dcd4da0c8468a8ae6ea2c46f7c87675bf83,,mixed,12,30,34,28,6900.0,300.0,16,33,24,4,18,33,24,38700.0,51900.0,23500.0,711,354600.0,349499.9837130308,18800.055840983987,29200.01861639321,83800.02691410482,42399.97360855341,41200.0,25900.0,ok,10500.0,23430.0,10800.0,23000.0,26300.0,380100.0,2.2314285714285713,2.1296296296296298,2.435185185185185,9e02b50eac043198077de892e99d6dcd4da0c8468a8ae6ea2c46f7c87675bf83,True,512,6144,17408,2048,2048,8388608,20,5,fa0f34a0d7ca8395c44f2fe157823fdb
bx1,tuning,bx1-k12-5-933f221d92f9,6831630244739130491,d480fcda3d28f9df6104543c3e49775d0f63b53c9820430ad4c7c5b4cc5a4b41,,andor_dom,12,23,23,20,5200.0,300.0,8,11,11,6,11,11,11,30900.0,28000.0,20000.0,546,278800.0,273600.0169534236,19700.033590197563,19299.9723367393,60999.998822808266,33199.990866705775,29200.0,19300.0,ok,3960.0,14945.0,4630.0,13850.0,17600.0,295000.0,3.773989898989899,2.9913606911447084,3.801295896328294,d480fcda3d28f9df6104543c3e49775d0f63b53c9820430ad4c7c5b4cc5a4b41,True,512,6144,11776,2560,3072,8388608,20,5,933f221d92f9e42626d06e4bac938665
bx1,tuning,bx1-k12-6-ab8ebfd94e71,1493478640250878970,6dcea35bb2d25f0467e558a31d9fc4463da58a2739192244dc708d9963d1cf8c,,impeqv_dom,12,34,72,34,9700.0,200.0,22,62,41,6,38,107,70,42100.0,45700.0,26900.0,829,522800.0,515199.9939698726,3000.02284348011,26199.9957729131,130099.88470003009,109200.04569925368,62700.0,69800.0,ok,31895.0,51110.0,18730.0,30000.0,32300.0,434100.0,1.6024455243768616,1.601708489054992,1.7245061398825414,6dcea35bb2d25f0467e558a31d9fc4463da58a2739192244dc708d9963d1cf8c,True,512,6144,36864,2048,3072,8388608,20,5,ab8ebfd94e7121a69b1d94786ae9c692
bx1,tuning,bx1-k12-7-f4216d709297,8237117734719079983,ec19433f76563af73d590b5694269c71451213a84f29c0b196b80b3af6b4cf32,,mixed,12,24,24,24,6100.0,200.0,12,23,17,4,12,23,17,32600.0,30800.0,19500.0,569,338900.0,334000.01120753586,16099.977074190974,29099.959647282958,80000.05618669093,44200.04552230239,46500.0,29000.0,ok,9655.0,22670.0,8125.0,16590.0,23000.0,294100.0,2.3480062143966856,2.0418461538461536,2.830769230769231,ec19433f76563af73d590b5694269c71451213a84f29c0b196b80b3af6b4cf32,True,512,6144,12288,1536,2048,8388608,20,5,f4216d709297ea6daed114cf7ea737ee
bx1,tuning,bx1-k12-8-ff7ab4c2ccae,8062625858879735573,94d7e06d8895fe73fb4fae5f7444e7cc1bb2a5deaad8eae976d6fd963db7b568,,andor_dom,12,26,28,22,5700.0,300.0,10,17,15,4,14,17,15,31600.0,32000.0,20400.0,616,306600.0,301599.9973285943,19599.974621087313,22200.02352260053,65899.94882233441,37200.07953234017,32600.0,20400.0,ok,5715.0,17320.0,8835.0,16170.0,21700.0,426600.0,3.030621172353456,1.830220713073005,2.456140350877193,94d7e06d8895fe73fb4fae5f7444e7cc1bb2a5deaad8eae976d6fd963db7b568,True,512,6144,14336,2048,2048,8388608,20,5,ff7ab4c2ccae34850007d3df9a257fa0
bx1,tuning,bx1-k16-1-00faa20cf21f,118518869172703822,d53b9a68dab51f0da8f7984fa75fa6c3b30b50a274e12d5289ebd56795db4e1f,,andor_dom,16,33,34,30,7200.0,200.0,14,22,19,4,17,22,19,74000.0,49400.0,31400.0,777,385000.0,378900.0038523227,23400.00355616212,29100.10516643524,82799.96109195054,50600.036047399044,41300.0,25000.0,ok,30320.0,38280.0,31640.0,37280.0,54800.0,476300.0,1.262532981530343,1.1782553729456384,1.4699570815450644,d53b9a68dab51f0da8f7984fa75fa6c3b30b50a274e12d5289ebd56795db4e1f,True,8192,131072,278528,32768,32768,8388608,5,5,00faa20cf21f8654c0317cc3490477d5
bx1,tuning,bx1-k16-2-7a57c9d7559d,2455481210717987663,4f466d23ffe144b5124259ffabcb2630adc9cb1d10c5b7384c06001c75f28433,,impeqv_dom,16,44,91,41,9900.0,200.0,25,70,47,7,47,123,83,54300.0,58500.0,33500.0,1073,463500.0,456700.01418329775,4000.03045797348,24300.097720697522,110500.25932490826,89900.01515485346,57400.0,64200.0,ok,261100.0,118100.0,156100.0,68800.0,86600.0,604900.0,0.4523171198774416,0.4407431133888533,1.2587209302325582,4f466d23ffe144b5124259ffabcb2630adc9cb1d10c5b7384c06001c75f28433,True,8192,131072,745472,40960,57344,8388608,5,5,7a57c9d7559d9837fb9909e1ba7f8391
bx1,tuning,bx1-k16-3-5054f67d71a1,7266381232235041005,64fc80a81adcf57aa807e2c69c4c2ad49f2659c00858bf80bb75fef476b23956,,andor_dom,16,36,38,34,8400.0,200.0,18,27,22,5,20,27,22,48900.0,49500.0,50100.0,845,579200.0,570899.9815396965,34800.00304989517,41899.969801306725,126099.97065737844,76299.91159774363,57200.0,29700.0,ok,42820.0,44120.0,43900.0,42200.0,59500.0,515800.0,1.0303596450256889,0.9612756264236902,1.4099526066350712,64fc80a81adcf57aa807e2c69c4c2ad49f2659c00858bf80bb75fef476b23956,True,8192,131072,311296,32768,40960,8388608,5,5,5054f67d71a1b6ae9cb0cda4216ad5ac
bx1,tuning,bx1-k16-4-31d43debdd10,7357007383985780078,263344caa8e1642eea283ad058cf301e041381b05e849db068a20e6e83da75b8,,mixed,16,32,33,32,7800.0,300.0,16,32,24,5,16,32,24,44400.0,39700.0,24500.0,762,391700.0,385600.0257655978,16200.006939470768,31599.978683516383,87400.0252224505,55299.98452402651,45300.0,25600.0,ok,59380.0,43660.0,61200.0,43720.0,58400.0,559800.0,0.7352643987874705,0.7143790849673203,1.3357731015553522,263344caa8e1642eea283ad058cf301e041381b05e849db068a20e6e83da75b8,True,8192,131072,270336,32768,40960,8388608,5,5,31d43debdd10c266328d907bf8e2baa1
bx1,tuning,bx1-k16-5-d9d873c51a93,4504534119318889697,5e67584e1d859e2e584e98787eba1d799f639da7bbb5a623810d669f72232bca,,xor_dom,16,39,48,26,10500.0,400.0,10,28,25,5,24,29,26,41200.0,51500.0,29800.0,942,628000.0,595499.9942332506,43000.036384910345,84499.97403658926,118199.99781437218,85299.9510243535,59900.0,43400.0,ok,45120.0,49840.0,41700.0,42740.0,59400.0,657400.0,1.1046099290780143,1.0249400479616306,1.3897987833411325,5e67584e1d859e2e584e98787eba1d799f639da7bbb5a623810d669f72232bca,True,8192,131072,393216,32768,40960,8388608,5,5,d9d873c51a93afd036c6b4946d576a42
bx1,tuning,bx1-k16-6-d8a917bace96,5214471196951292117,9ac5751ddd60e313dbf1fa4f890d8b8299aa66416cd4e1c3afb92e7d3a9bc58b,,mixed,16,37,40,36,8100.0,200.0,20,46,32,6,21,46,32,46700.0,44100.0,28100.0,874,412700.0,408099.99336488545,14799.99627918005,29800.052288919687,96499.86168369651,57000.11388398707,50600.0,29500.0,ok,84120.0,52560.0,85320.0,51360.0,70200.0,504400.0,0.6248216833095578,0.6019690576652602,1.3668224299065421,9ac5751ddd60e313dbf1fa4f890d8b8299aa66416cd4e1c3afb92e7d3a9bc58b,True,8192,131072,327680,49152,49152,8388608,5,5,d8a917bace962a7fa02b9af71c289999
bx1,tuning,bx1-k16-7-8facb8315cfa,148776591144945431,58920619d6f8de9d357799535db7f88d493f01888c8ec4a9c7370c9a8816588f,,andor_dom,16,44,52,44,10000.0,300.0,28,41,32,5,28,41,32,61800.0,66600.0,33300.0,1041,544200.0,536699.9830584973,31999.952625483274,41199.99357499182,122499.88503754139,72799.9722585082,61800.0,36300.0,ok,63460.0,57280.0,66280.0,57080.0,79600.0,965300.0,0.9026158209895997,0.8611949305974653,1.3945339873861247,58920619d6f8de9d357799535db7f88d493f01888c8ec4a9c7370c9a8816588f,True,8192,131072,425984,57344,40960,8388608,5,5,8facb8315cfa2a6fca384fb0b4853908
bx1,tuning,bx1-k16-8-a9644a6c5c5b,4180285109197120153,ad124e329f2b7dea66f0426285fc88030ed17330d2b93901d6aec19904cb7bb7,,mixed,16,40,45,32,8100.0,300.0,16,30,24,6,24,32,26,46400.0,48200.0,29700.0,945,460000.0,453300.01739785075,30199.997127056122,36900.07724799216,101699.93038289249,60600.05398467183,43800.0,31300.0,ok,50960.0,47340.0,48080.0,42380.0,58600.0,526900.0,0.9289638932496075,0.8814475873544093,1.3827277017461066,ad124e329f2b7dea66f0426285fc88030ed17330d2b93901d6aec19904cb7bb7,True,8192,131072,368640,32768,49152,8388608,5,5,a9644a6c5c5b94b455663c24d3ecfa1f
b2,held_out,b2-k4-xor_dom-tree-1-8b6c553e4c62,111003307701815573,8e05696833e6832e8ad694ea4bef56ad3e4d9944c35799f8a67e1fc7312907e6,,xor_dom,4,10,12,10,3200.0,200.0,6,9,7,4,6,9,7,16100.0,15400.0,11300.0,251,129100.0,125500.02429634333,10599.964298307896,11800.002539530396,28000.03858283162,11500.000255182385,20300.0,11800.0,ok,1754.0,1832.0,2153.0,2235.0,14300.0,143600.0,1.0444697833523375,1.038086391082211,6.641895030190432,8e05696833e6832e8ad694ea4bef56ad3e4d9944c35799f8a67e1fc7312907e6,True,2,0,24,0,0,8388608,100,5,8b6c553e4c623adeaaf6b1ab12c89fbb
b2,held_out,b2-k4-xor_dom-tree-2-186a2a5c9bf0,6533399089810239086,a22175a602c02145cc695f9333f8ddfcc5cf32cebe88d461f157889dfd8e9468,,xor_dom,4,7,7,6,2000.0,300.0,2,3,3,2,3,3,3,9900.0,9100.0,8900.0,183,87300.0,84600.00390186906,6000.016583129764,8500.006515532732,18000.04974938929,7099.995855242014,11200.0,8200.0,ok,1290.0,1375.0,1421.0,1504.0,21300.0,104400.0,1.065891472868217,1.0584095707248418,14.989444053483462,a22175a602c02145cc695f9333f8ddfcc5cf32cebe88d461f157889dfd8e9468,True,2,0,14,0,0,8388608,100,5,186a2a5c9bf05ce9f5cd3f1ba7dcfc20
b2,held_out,b2-k4-xor_dom-tree-3-128078f3da7b,1249514538893697756,62e7c221122cae8423ae3abd29d9fc9c53287f46a67c831dc0fd497948602a48,,xor_dom,4,12,14,11,3300.0,200.0,7,11,8,3,8,11,8,16500.0,15600.0,13000.0,291,150200.0,146699.98199678957,9300.012607127428,14699.995517730713,33799.96633157134,11800.002539530396,19300.0,11900.0,ok,2134.0,2214.0,2485.0,2570.0,26900.0,244100.0,1.0374882849109652,1.0342052313883299,10.824949698189135,62e7c221122cae8423ae3abd29d9fc9c53287f46a67c831dc0fd497948602a48,True,2,0,28,0,0,8388608,100,5,128078f3da7bb66e7b480d8a5126b627
b2,held_out,b2-k4-xor_dom-tree-4-9a5b24a5b691,5973450879871075286,bf03ae910baf5f6fdb652b910c8004017dd76989a1ecd128aef435bdf5bfdff9,,xor_dom,4,9,11,6,2200.0,200.0,2,3,3,2,5,5,5,11400.0,12900.0,10900.0,232,126700.0,123700.01059025526,9799.9582067132,15200.028428807855,23399.974452331662,9999.98883344233,12000.0,10700.0,ok,1637.0,1711.0,1418.0,1497.0,13400.0,138900.0,1.0452046426389738,1.0557122708039492,9.449929478138223,bf03ae910baf5f6fdb652b910c8004017dd76989a1ecd128aef435bdf5bfdff9,True,2,0,22,0,0,8388608,100,5,9a5b24a5b691079e8950391d76714c61
b2,held_out,b2-k4-xor_dom-shared-1-b3e4cd19e589,4200792122326145356,9a83c6cb1126d93de4a30715b28f1f4b26b983c57fb39e6d826d7e893ae4ee74,,xor_dom,4,14,35,8,2800.0,400.0,4,7,6,3,17,19,18,19300.0,20800.0,14500.0,362,219400.0,215300.009585917,17800.048226490617,27700.007194653153,41500.05406700075,20399.951608851552,15400.0,28300.0,ok,3455.0,3513.0,1878.0,1953.0,13800.0,212000.0,1.0167872648335745,1.0399361022364217,7.348242811501597,9a83c6cb1126d93de4a30715b28f1f4b26b983c57fb39e6d826d7e893ae4ee74,True,2,0,70,0,0,8388608,100,5,b3e4cd19e58938c2d0357fec6b80eb57
b2,held_out,b2-k4-xor_dom-shared-2-d4c0909c8173,6673506366441354419,bfa9ad6c53bd4fa5c103452ec0f0c7e0d582abdd55bb8f39362c766dd459e870,,xor_dom,4,20,53,11,3900.0,200.0,7,14,12,5,27,29,27,26700.0,28800.0,18800.0,505,318800.0,313999.9753329903,27799.92064461112,46100.00178217888,58900.011936202645,27600.006433203816,21700.0,40400.0,ok,4972.0,5018.0,2650.0,2725.0,17600.0,328300.0,1.0092518101367658,1.028301886792453,6.6415094339622645,bfa9ad6c53bd4fa5c103452ec0f0c7e0d582abdd55bb8f39362c766dd459e870,True,2,0,106,0,0,8388608,100,5,d4c0909c81730352433585d489c6f933
b2,held_out,b2-k4-xor_dom-shared-3-88f8242fa307,8741506733210502234,ae8f3419f2285fc482b01c8e22707b13699ad50038026ce4618391aa1c675671,,xor_dom,4,20,46,8,2900.0,200.0,4,8,7,3,23,24,23,21300.0,30700.0,19100.0,512,288700.0,284199.9812517315,26099.878596141934,41200.08088648319,47199.98105429113,22799.96988363564,16500.0,35400.0,ok,4321.0,4395.0,1924.0,2009.0,14200.0,262700.0,1.0171256653552418,1.0441787941787941,7.38045738045738,ae8f3419f2285fc482b01c8e22707b13699ad50038026ce4618391aa1c675671,True,2,0,92,0,0,8388608,100,5,88f8242fa3078a0b324089c8677355b4
b2,held_out,b2-k4-xor_dom-shared-4-28c644b1084a,8944855446226036940,8fe99e1d4b27948fd5e99e3883f6e2954b653363a4874606a09becab762842ad,,xor_dom,4,18,43,10,3600.0,200.0,6,9,8,4,21,23,22,22700.0,27200.0,17700.0,466,279500.0,274999.9985098839,23600.03418289125,37899.99755099416,50800.03757029772,27500.063879415393,20200.0,41000.0,ok,4046.0,4126.0,2384.0,2476.0,17000.0,280100.0,1.0197726149283242,1.0385906040268456,7.130872483221476,8fe99e1d4b27948fd5e99e3883f6e2954b653363a4874606a09becab762842ad,True,2,0,86,0,0,8388608,100,5,28c644b1084a1cde8e56428c422b610d
b2,held_out,b2-k4-andor_dom-tree-1-ea13a53017b8,67867771356869609,0d9ba34f231adf13041d4ad21fdfbf7209755748963a9c4683e00cef9a30f068,,andor_dom,4,7,7,6,2000.0,200.0,2,5,4,2,3,5,4,10400.0,10300.0,10900.0,181,87300.0,84400.00237897038,4000.0013541430235,5699.985194951296,19299.9723367393,7600.028766319156,12400.0,8400.0,ok,1426.0,1505.0,1456.0,1542.0,13300.0,101200.0,1.0553997194950913,1.059065934065934,9.134615384615385,0d9ba34f231adf13041d4ad21fdfbf7209755748963a9c4683e00cef9a30f068,True,2,0,14,0,0,8388608,100,5,ea13a53017b87e9e0931d2c14563d2c8
b2,held_out,b2-k4-andor_dom-tree-2-e674d60a6337,2700119753953878052,40b7b0acaa3a96600fe748a9adb72e7d390fff319c0a222f724ecd7159384a8d,,andor_dom,4,9,10,9,2600.0,200.0,5,6,5,3,5,6,5,15000.0,12300.0,10400.0,225,117500.0,114299.9972216785,7700.000423938036,9400.042472407222,25100.016500800848,9600.043995305896,16100.0,9700.0,ok,1593.0,1670.0,2014.0,2088.0,17300.0,150200.0,1.0483364720652857,1.0367428003972194,8.58987090367428,40b7b0acaa3a96600fe748a9adb72e7d390fff319c0a222f724ecd7159384a8d,True,2,0,20,0,0,8388608,100,5,e674d60a6337dea4f87502f3a49715b1
b2,held_out,b2-k4-andor_dom-tree-3-269b85d31c4b,7565303281249509524,5eace7caa8a101d3105c0c338da64e3d62dd7d90b1e4f9a2846f43f9e99ab977,,andor_dom,4,7,7,7,2200.0,200.0,3,5,4,2,3,5,4,10900.0,10200.0,12100.0,182,89600.0,86599.99002702534,5100.009730085731,4199.944669380784,19300.00144056976,8699.97893460095,13000.0,8300.0,ok,1367.0,1454.0,1579.0,1657.0,13400.0,101400.0,1.063643013899049,1.0493983533882203,8.486383787207092,5eace7caa8a101d3105c0c338da64e3d62dd7d90b1e4f9a2846f43f9e99ab977,True,2,0,14,0,0,8388608,100,5,269b85d31c4b598a18aa024675dbc917
b2,held_out,b2-k4-andor_dom-tree-4-d96f9fff14ea,2225502782104075469,830dcc860e2f53775bdab51b1b2ff210ce23f6366ac76fba9168f62702456c31,,andor_dom,4,9,11,9,2900.0,300.0,5,5,5,3,5,5,5,14900.0,12200.0,10600.0,231,126000.0,123200.00678300858,10300.020221620798,10199.990356341004,25400.01878514886,11700.00177808106,16100.0,10200.0,ok,1555.0,1641.0,2105.0,2196.0,13200.0,135000.0,1.0553054662379422,1.0432304038004752,6.270783847980997,830dcc860e2f53775bdab51b1b2ff210ce23f6366ac76fba9168f62702456c31,True,2,0,22,0,0,8388608,100,5,d96f9fff14eaa8f53817655268fa6ba3
b2,held_out,b2-k4-andor_dom-shared-1-17ce9f3e12c6,9117237289594880842,48b576dfc3447c7a0e6b513608937a23d02e6330c5ed01b0fc4ca98b2bca1feb,,andor_dom,4,18,45,11,4000.0,300.0,7,15,14,7,22,26,24,24500.0,27200.0,28000.0,462,277000.0,272999.98328089714,26299.96743053198,25799.963623285294,59799.960581585765,31700.037652626634,22100.0,36100.0,ok,3860.0,3934.0,2738.0,2811.0,17500.0,279100.0,1.0191709844559584,1.0266617969320673,6.391526661796932,48b576dfc3447c7a0e6b513608937a23d02e6330c5ed01b0fc4ca98b2bca1feb,True,2,0,90,0,0,8388608,100,5,17ce9f3e12c650b4e3da3174950665b6
b2,held_out,b2-k4-andor_dom-shared-2-f7cba4ce652b,3612892547654723396,085edad400785fca7e7e90b1fac4beb776fc2beee5aa24352d5f39b5d57efcad,,andor_dom,4,16,31,10,3600.0,200.0,6,10,10,5,15,15,15,22500.0,23800.0,16000.0,411,247600.0,243299.9899610877,21599.989850074053,25199.95905458927,44899.96354095638,25300.076231360435,26500.0,27500.0,ok,2874.0,2966.0,2441.0,2532.0,14900.0,245700.0,1.0320111343075853,1.037279803359279,6.104055714870954,085edad400785fca7e7e90b1fac4beb776fc2beee5aa24352d5f39b5d57efcad,True,2,0,62,0,0,8388608,100,5,f7cba4ce652beb639b4716f01ea72b8a
b2,held_out,b2-k4-andor_dom-shared-3-44c5bbe1b3b1,467798099736167574,8509b81230019d2ad970d970f791dfbdc8caf54f5c594fcd327cef9feed206c1,,andor_dom,4,18,48,11,3500.0,300.0,7,11,9,4,26,31,26,21800.0,25400.0,18800.0,452,236400.0,232699.99655894935,20499.95237030089,24200.03875158727,43000.123696401715,22300.02428404987,20200.0,36600.0,ok,4233.0,4333.0,2367.0,2438.0,17800.0,244000.0,1.023623907394283,1.0299957752429236,7.520067596113224,8509b81230019d2ad970d970f791dfbdc8caf54f5c594fcd327cef9feed206c1,True,2,0,96,0,0,8388608,100,5,44c5bbe1b3b124fc2ca5faf1b50a402a
b2,held_out,b2-k4-andor_dom-shared-4-f79caff75ff2,7651224647821769314,474f2af47544e9c7ce4338cabd43c5ca1c26432b7300ce387406157ea433891f,,andor_dom,4,15,39,9,3200.0,300.0,5,8,8,5,19,19,19,19100.0,21600.0,14600.0,387,226200.0,222199.97481442988,20900.042727589607,21300.0166695565,40799.990529194474,24999.957531690598,19800.0,31000.0,ok,3186.0,3272.0,2171.0,2258.0,15000.0,216700.0,1.026993094789705,1.0400736987563335,6.909258406264394,474f2af47544e9c7ce4338cabd43c5ca1c26432b7300ce387406157ea433891f,True,2,0,78,0,0,8388608,100,5,f79caff75ff29481a248e8ff52e9ed81
b2,held_out,b2-k4-impeqv_dom-tree-1-d73fd085a946,5776384275015077152,fac7a6ffd3e55613018acf3b37a17e37f496208ce155acaa10324695365069e4,,impeqv_dom,4,7,7,7,2300.0,200.0,3,9,6,2,3,9,6,9600.0,9900.0,9900.0,183,71100.0,68499.99772384763,0.0,4400.033503770828,18200.022168457508,7099.966751411557,13300.0,7800.0,ok,1606.0,1683.0,1620.0,1693.0,12800.0,98200.0,1.047945205479452,1.0450617283950616,7.901234567901234,fac7a6ffd3e55613018acf3b37a17e37f496208ce155acaa10324695365069e4,True,2,0,14,0,0,8388608,100,5,d73fd085a946a9591b8180e6bf562e1a
b2,held_out,b2-k4-impeqv_dom-tree-2-cf78873f00c4,5237676360102411996,f3569af837bfacd4b4b6d0e65c49197d37f1adb3bea6b311aed40bf0e7c19204,,impeqv_dom,4,8,9,8,2600.0,200.0,4,12,8,3,4,12,8,10600.0,11300.0,9800.0,208,84300.0,81500.00940077007,0.0,5799.985956400633,21099.986042827368,9299.983503296971,14700.0,9500.0,ok,1850.0,1920.0,1798.0,1861.0,16700.0,119600.0,1.037837837837838,1.0350389321468298,9.288097886540601,f3569af837bfacd4b4b6d0e65c49197d37f1adb3bea6b311aed40bf0e7c19204,True,2,0,18,0,0,8388608,100,5,cf78873f00c41b8314c06bdd1ea7b949
b2,held_out,b2-k4-impeqv_dom-tree-3-0dc01f652163,8446956793139275148,c06b3cef20609e99f07633eef2aced3698988d513f39c51d4537da1357179f21,,impeqv_dom,4,9,11,7,2100.0,200.0,3,5,4,2,5,11,8,14300.0,13500.0,11000.0,233,100500.0,97400.01405589283,4299.974534660578,7900.00194683671,20800.012862309813,7600.028766319156,13400.0,11400.0,ok,1845.0,1925.0,1578.0,1671.0,13000.0,127300.0,1.043360433604336,1.05893536121673,8.238276299112801,c06b3cef20609e99f07633eef2aced3698988d513f39c51d4537da1357179f21,True,2,0,22,0,0,8388608,100,5,0dc01f65216357ec5ed0c7856f6b0625
b2,held_out,b2-k4-impeqv_dom-tree-4-0bc2267938a0,1583124285615562827,15b73ef77d3f7b4473e5e2ce1c8843189467ce6fd6df11d9065c5eb3c0ff877a,,impeqv_dom,4,7,7,7,2200.0,300.0,3,9,6,2,3,9,6,8900.0,9800.0,9200.0,183,68800.0,66300.01007579267,0.0,3199.9952625483274,18099.963199347258,7199.996616691351,13600.0,8100.0,ok,1592.0,1684.0,1594.0,1677.0,12800.0,112100.0,1.0577889447236182,1.0520702634880803,8.030112923462987,15b73ef77d3f7b4473e5e2ce1c8843189467ce6fd6df11d9065c5eb3c0ff877a,True,2,0,14,0,0,8388608,100,5,0bc2267938a0eadbe8796e7cc98327a6
b2,held_out,b2-k4-impeqv_dom-shared-1-093bd06ebf38,6635082935601043608,6bad351a721281983a6e1f281d7336daf4112fd879642799cf6db6b2c12452a7,,impeqv_dom,4,17,69,17,5100.0,200.0,13,30,21,6,39,73,51,24500.0,25100.0,17600.0,434,214300.0,210300.0006172806,8500.006515532732,14399.964129552245,49699.912779033184,26999.972760677338,29900.0,46000.0,ok,7242.0,7337.0,3669.0,3719.0,19300.0,244600.0,1.0131179232256282,1.0136276914690652,5.260288907059144,6bad351a721281983a6e1f281d7336daf4112fd879642799cf6db6b2c12452a7,True,2,0,138,0,0,8388608,100,5,093bd06ebf38e8e2a4952bd6d737d9f3
b2,held_out,b2-k4-impeqv_dom-shared-2-85e742aeb5d6,5608226510718411522,29e6cfa2a6ac59fbab9d5c4d6d564f4255760cf51fd7457a3e7fe343d48ef318,,impeqv_dom,4,16,43,15,4700.0,200.0,11,28,19,5,21,55,38,23700.0,25300.0,15300.0,414,200800.0,196699.98437166214,6300.047971308231,17600.0758074224,46000.08833222091,21800.020476803184,27400.0,33900.0,ok,5151.0,5235.0,3209.0,3303.0,18100.0,221000.0,1.0163075131042516,1.0292926145216579,5.6403864132128385,29e6cfa2a6ac59fbab9d5c4d6d564f4255760cf51fd7457a3e7fe343d48ef318,True,2,0,86,0,0,8388608,100,5,85e742aeb5d6ea4aa8a62ebab266885e
b2,held_out,b2-k4-impeqv_dom-shared-3-8552cadc9761,5008161132277512325,5eac72d678bc6b54f36eebba0a3a7394388c0d248b38358a45456a92e9fc5724,,impeqv_dom,4,19,53,19,6100.0,300.0,15,41,28,7,26,72,49,25300.0,31300.0,18300.0,493,228200.0,223899.9877590686,4399.975296109915,18999.999156221747,52299.9616805464,31800.009310245514,33800.0,43200.0,ok,6009.0,5940.0,3812.0,3887.0,17700.0,253800.0,0.9885172241637543,1.0196747114375655,4.643231899265477,5eac72d678bc6b54f36eebba0a3a7394388c0d248b38358a45456a92e9fc5724,True,2,0,106,0,0,8388608,100,5,8552cadc97618657cfda9d66fdc55bd8
b2,held_out,b2-k4-impeqv_dom-shared-4-f61110d6fca7,7282138017201606167,af35cf33330c8003d7af1221cd460af6401a1f4936caf864fc5772657e3ca072,,impeqv_dom,4,19,54,9,2700.0,200.0,5,14,9,3,27,80,53,22200.0,28800.0,17100.0,487,182000.0,178299.9897841364,0.0,13099.98333454132,43399.95211921632,20999.98528137803,16200.0,43500.0,ok,9820.0,9742.0,1927.0,2002.0,17000.0,200800.0,0.9920570264765785,1.0389206019719772,8.822003113648158,af35cf33330c8003d7af1221cd460af6401a1f4936caf864fc5772657e3ca072,True,2,0,108,0,0,8388608,100,5,f61110d6fca70cd8f1e204fa6bbef169
b2,held_out,b2-k4-mixed-tree-1-6a5b06e30521,6759912084491046203,e9af142af8c43e431b89ecd40f29bbd8c1068cad8afec9b8b07d2e0e9768edf6,,mixed,4,10,12,10,3100.0,200.0,6,7,6,3,6,7,6,15800.0,14300.0,11500.0,251,138800.0,135600.013891235,9499.955922365189,12100.033927708864,29600.021662190557,12900.04001930356,19100.0,11900.0,ok,1776.0,1856.0,2319.0,2414.0,17500.0,164700.0,1.045045045045045,1.0409659335920656,7.546356188012074,e9af142af8c43e431b89ecd40f29bbd8c1068cad8afec9b8b07d2e0e9768edf6,True,2,0,24,0,0,8388608,100,5,6a5b06e30521fe3eb7c5520703fa4ceb
b2,held_out,b2-k4-mixed-tree-2-39dcef306168,6552045602183466457,d6702270d176bac32f4c82874128788420408e580e7c3a1be862bbfe2fb1a632,,mixed,4,11,13,11,3300.0,200.0,7,13,9,3,7,13,9,17100.0,16300.0,12400.0,271,142900.0,139199.9830957502,5499.954568222165,14400.022337213159,33099.99010525644,12100.004823878407,20600.0,13300.0,ok,2258.0,2336.0,2596.0,2682.0,15700.0,162700.0,1.0345438441098318,1.0331278890600923,6.047765793528505,d6702270d176bac32f4c82874128788420408e580e7c3a1be862bbfe2fb1a632,True,2,0,26,0,0,8388608,100,5,39dcef306168c12c385ff031195ea84c
b2,held_out,b2-k4-mixed-tree-3-42ca330baf1d,6035043200671025830,e8822f532ae9349b2b5743c494efd216ed4e44f9ebc82a6b1cb54895a5b88433,,mixed,4,10,11,10,3700.0,300.0,6,12,8,2,6,12,8,14900.0,14100.0,11100.0,245,137700.0,133499.99790079892,5100.009730085731,10700.023267418146,36000.01218728721,13700.075214728713,20100.0,10900.0,ok,2053.0,2135.0,2282.0,2354.0,17900.0,150100.0,1.0399415489527521,1.0315512708150745,7.8439964943032425,e8822f532ae9349b2b5743c494efd216ed4e44f9ebc82a6b1cb54895a5b88433,True,2,0,22,0,0,8388608,100,5,42ca330baf1dcce15bd68ebc23f919c1
b2,held_out,b2-k4-mixed-tree-4-21975d9e7f15,1177019971751500373,46cc6a8cb5bcc0120f98b84c71699b2ac5b90cb34a781ae2a83305fa98cd8e67,,mixed,4,9,9,9,2700.0,200.0,5,9,6,2,5,9,6,13600.0,11800.0,10900.0,220,98600.0,95600.00034980476,4000.03045797348,5900.044925510883,26200.08308440447,8000.031812116504,16300.0,9200.0,ok,1745.0,1808.0,1984.0,2060.0,17900.0,132600.0,1.0361031518624642,1.0383064516129032,9.022177419354838,46cc6a8cb5bcc0120f98b84c71699b2ac5b90cb34a781ae2a83305fa98cd8e67,True,2,0,18,0,0,8388608,100,5,21975d9e7f1523cda197d6a2afc034fa
b2,held_out,b2-k4-mixed-shared-1-1f8d2534cdb0,7168349840661561346,b8811852747cfa3620c3dd2af5d59498c240f208e689b4052bac934c29faf094,,mixed,4,17,35,11,4000.0,300.0,7,14,12,4,18,24,20,22500.0,27300.0,19400.0,432,266000.0,261299.98150281608,19400.002202019095,27300.06235651672,52200.048230588436,29600.050766021013,23200.0,31700.0,ok,3744.0,3809.0,2761.0,2860.0,15900.0,269400.0,1.0173611111111112,1.0358565737051793,5.758783049619703,b8811852747cfa3620c3dd2af5d59498c240f208e689b4052bac934c29faf094,True,2,0,70,0,0,8388608,100,5,1f8d2534cdb0abf755acdf0eb3981e20
b2,held_out,b2-k4-mixed-shared-2-8d20aba853af,5722106435940747964,fcf0a6c700dd13e274b6fba8deea8dd9b26e4eedde3495717cac8408c9c5177f,,mixed,4,17,30,14,4900.0,200.0,10,20,16,6,15,22,18,25200.0,28700.0,17600.0,435,264300.0,259499.99690055847,18899.91108328104,25700.02106949687,55100.012104958296,30400.05685761571,29900.0,26000.0,ok,3351.0,3431.0,3416.0,3488.0,15900.0,261200.0,1.0238734706057893,1.0210772833723654,4.654566744730679,fcf0a6c700dd13e274b6fba8deea8dd9b26e4eedde3495717cac8408c9c5177f,True,2,0,60,0,0,8388608,100,5,8d20aba853af3734903b0b621217f515
b2,held_out,b2-k4-mixed-shared-3-8ed832ddfd1a,2921580432505029403,c0ba8a33ac67f44abff5984dfbb6f56c46b880ac2b86e1f23e7fa9c402c53ae7,,mixed,4,20,54,17,6300.0,300.0,13,29,22,7,27,48,37,48500.0,49600.0,21700.0,510,313000.0,307100.0101044774,18799.93942566216,29699.96421597898,63799.903728067875,38400.0304620713,34900.0,45700.0,ok,5688.0,5760.0,4088.0,4196.0,18500.0,302600.0,1.0126582278481013,1.0264187866927592,4.525440313111546,c0ba8a33ac67f44abff5984dfbb6f56c46b880ac2b86e1f23e7fa9c402c53ae7,True,2,0,108,0,0,8388608,100,5,8ed832ddfd1a1d2e71bb9b68f38cf7c1
b2,held_out,b2-k4-mixed-shared-4-22af367a203f,6827124183896632196,339e8fdd18e00f5d48bda16256b4afabd5106771063c47c993e05676cd5264e9,,mixed,4,16,37,13,4500.0,200.0,9,24,18,6,18,40,29,22300.0,24600.0,16000.0,412,245100.0,241000.0015515834,13100.070646032691,20400.009816512465,52800.023695454,31400.006264448166,30500.0,30800.0,ok,4358.0,4442.0,3201.0,3258.0,18100.0,251000.0,1.0192748967416245,1.0178069353327086,5.654482974070603,339e8fdd18e00f5d48bda16256b4afabd5106771063c47c993e05676cd5264e9,True,2,0,74,0,0,8388608,100,5,22af367a203f3412d92a700f0b549191
b2,held_out,b2-k6-xor_dom-tree-1-bd603bfcb13b,6148636377328669615,134a2372b7a31f4577e0f1881cee72029d82b9b9f47e40e5367a07212656b59a,,xor_dom,6,12,13,10,3100.0,300.0,4,8,7,3,6,8,7,17000.0,17400.0,13000.0,297,166400.0,162599.98665191233,9399.984264746308,18200.022168457508,35000.062780454755,15300.029190257192,18100.0,12600.0,ok,2103.0,9513.0,2100.0,9964.0,17600.0,179800.0,4.523537803138374,4.744761904761905,8.380952380952381,134a2372b7a31f4577e0f1881cee72029d82b9b9f47e40e5367a07212656b59a,True,8,48,104,24,24,8388608,100,5,bd603bfcb13bb478d5ff8d74c3a97524
b2,held_out,b2-k6-xor_dom-tree-2-186d01415e6e,6510793204261524814,1d32e4a54704fac550a359f8a10b86059decdcb9c5508b41ff340958805d1bc1,,xor_dom,6,11,11,7,2300.0,200.0,1,5,5,1,5,5,5,12000.0,14400.0,11300.0,272,149000.0,145400.00120177865,10000.017937272787,18700.05507953465,31300.00550299883,13499.986380338669,12400.0,11000.0,ok,1783.0,7053.0,1450.0,8607.0,18300.0,172000.0,3.955692652832305,5.935862068965517,12.620689655172415,1d32e4a54704fac550a359f8a10b86059decdcb9c5508b41ff340958805d1bc1,True,8,48,88,24,8,8388608,100,5,186d01415e6e19ebf25d33d46640fffa
b2,held_out,b2-k6-xor_dom-tree-3-db17c2d558b5,2698055410617472564,3771c86aaf3420499795d6e04e7615973a08aa7d0e4e4225479b5e45d6d790e9,,xor_dom,6,12,12,9,2700.0,200.0,3,7,6,2,6,7,6,14000.0,15500.0,12700.0,292,152900.0,148799.99798722565,9999.930625781417,17399.986973032355,33299.99162815511,12899.981811642647,15300.0,11700.0,ok,2023.0,7522.0,2116.0,8952.0,15100.0,166500.0,3.718240237271379,4.23062381852552,7.136105860113422,3771c86aaf3420499795d6e04e7615973a08aa7d0e4e4225479b5e45d6d790e9,True,8,48,96,24,16,8388608,100,5,db17c2d558b5dd43e8ec864eb16dc7be
b2,held_out,b2-k6-xor_dom-tree-4-55e169562c2e,2705751552586522721,77ec00a4540ec379e53185390153ae3788621199fb76ecced5ba563d8587d205,,xor_dom,6,13,14,11,3100.0,300.0,5,10,8,3,7,10,8,17200.0,18200.0,13300.0,317,166900.0,162900.0180400908,10200.019460171461,16400.008462369442,37399.99374374747,15800.032997503877,19000.0,12000.0,ok,2262.0,9895.0,2422.0,10686.0,17000.0,191200.0,4.374447391688771,4.412056151940545,7.018992568125516,77ec00a4540ec379e53185390153ae3788621199fb76ecced5ba563d8587d205,True,8,48,112,24,24,8388608,100,5,55e169562c2ed5d0f95d9ee8145e7c02
b2,held_out,b2-k6-xor_dom-shared-1-9e510ec73f56,817734030143994411,2aec3bc90a539e122dd54736db4e4400e5b5007095003e6c684efddffc04cfad,,xor_dom,6,25,50,14,4600.0,200.0,8,18,16,7,25,28,26,27600.0,38500.0,22100.0,628,416600.0,410800.01392401755,34799.97394606471,59900.019550696015,77899.98198859394,46600.005589425564,26800.0,37500.0,ok,4785.0,29044.0,3238.0,20230.0,18300.0,401100.0,6.069801462904911,6.24768375540457,5.651636812847436,2aec3bc90a539e122dd54736db4e4400e5b5007095003e6c684efddffc04cfad,True,8,48,400,32,56,8388608,100,5,9e510ec73f56fd2d891893c5bffdec32
b2,held_out,b2-k6-xor_dom-shared-2-b6c3c0a8013a,43502830611819436,009e38e0d30da65985e43e9b34e826fd6f0eca25b432424470acf2b2d76135f2,,xor_dom,6,20,31,10,3400.0,300.0,4,8,8,3,15,15,15,21100.0,29000.0,18900.0,505,305300.0,300600.0188179314,26800.058549270034,44999.93519857526,52799.96548779309,29999.937396496534,18600.0,24100.0,ok,3426.0,17485.0,2193.0,11652.0,17700.0,298400.0,5.103619381202568,5.313269493844049,8.071135430916552,009e38e0d30da65985e43e9b34e826fd6f0eca25b432424470acf2b2d76135f2,True,8,48,248,32,24,8388608,100,5,b6c3c0a8013a4d2b1970ce811663641e
b2,held_out,b2-k6-xor_dom-shared-3-032bd0c6858d,6779329885841458816,647e06729ebad981aa02e88ae05b3d081a43127e3d34b56fbde7c6413b78f788,,xor_dom,6,21,47,13,4200.0,200.0,7,17,14,4,23,35,29,24400.0,32700.0,18900.0,534,333900.0,328800.0007160008,26200.024876743555,43400.01032687724,62899.98418651521,38899.97606165707,25300.0,39900.0,ok,5084.0,33336.0,2908.0,18398.0,17500.0,319100.0,6.557041699449252,6.326685006877579,6.017881705639615,647e06729ebad981aa02e88ae05b3d081a43127e3d34b56fbde7c6413b78f788,True,8,48,376,32,32,8388608,100,5,032bd0c6858d6b4afd0094a7424cfa11
b2,held_out,b2-k6-xor_dom-shared-4-2ef76830fe72,6295189379941435074,edef7ad9513057d8979adaa108d88fbe5f634f3a3dc3c66f9364ef7e8032213f,,xor_dom,6,22,80,10,3100.0,200.0,4,8,7,2,42,81,59,26800.0,32500.0,19900.0,553,294400.0,288600.01475550234,23799.948394298553,41700.05558989942,54000.0619366765,22700.027329847217,18700.0,105700.0,ok,9562.0,61919.0,2108.0,10128.0,17300.0,266700.0,6.475528132189918,4.804554079696395,8.206831119544592,edef7ad9513057d8979adaa108d88fbe5f634f3a3dc3c66f9364ef7e8032213f,True,8,48,640,40,16,8388608,100,5,2ef76830fe72100cfafd3031156ddbbc
b2,held_out,b2-k6-andor_dom-tree-1-0a0c172dd63a,2228120184893709708,f848de93b27124b7b13eaefeb6bfa0087e5ebbdf95e1833f4dd9ff0a83e967ac,,andor_dom,6,11,11,9,2600.0,200.0,3,5,5,3,5,5,5,14800.0,14300.0,11900.0,270,134600.0,131100.00872984529,9499.985026195645,9800.016414374113,29200.047720223665,12300.064554437995,15400.0,10700.0,ok,1722.0,6873.0,1803.0,8220.0,17000.0,158300.0,3.991289198606272,4.559068219633944,9.428729894620078,f848de93b27124b7b13eaefeb6bfa0087e5ebbdf95e1833f4dd9ff0a83e967ac,True,8,48,88,24,24,8388608,100,5,0a0c172dd63ac6dbb5654a05eaf59115
b2,held_out,b2-k6-andor_dom-tree-2-eff74425a5c6,7432897982282964193,cad6be77a54376f1a05420a4bc3d4683a92d6e8e364fbca00e2996debd78f326,,andor_dom,6,14,17,10,3100.0,300.0,4,7,7,4,8,8,8,17300.0,20100.0,14000.0,347,196600.0,192599.98225606978,16800.040611997247,16699.95253905654,38699.9745387584,19899.976905435324,18100.0,14300.0,ok,2040.0,10057.0,2069.0,10342.0,17300.0,205200.0,4.9299019607843135,4.9985500241662635,8.361527307878202,cad6be77a54376f1a05420a4bc3d4683a92d6e8e364fbca00e2996debd78f326,True,8,48,136,24,32,8388608,100,5,eff74425a5c62e0a8ee9f7af08b7476d
b2,held_out,b2-k6-andor_dom-tree-3-d47d0c96cf7f,5746379891948687308,50914e4773046b53f84ce0f6f4539f4b538cc3fe27541eabae848d1b199cf00b,,andor_dom,6,13,15,11,3100.0,200.0,5,8,7,3,7,9,8,17500.0,18300.0,12700.0,320,153000.0,149200.001033023,9400.013368576765,9700.015652924776,32200.04145987332,15199.941117316484,18900.0,13100.0,ok,2041.0,10215.0,2275.0,9727.0,19700.0,176900.0,5.0048995590396865,4.275604395604396,8.659340659340659,50914e4773046b53f84ce0f6f4539f4b538cc3fe27541eabae848d1b199cf00b,True,8,48,120,24,24,8388608,100,5,d47d0c96cf7fd5a658f4bb76c89f7a9c
b2,held_out,b2-k6-andor_dom-tree-4-9dc0cd28326c,2740379789626186465,c9b8b2d93f46839e42d4fa0c013558ab346efeafcd9458aa0784a14e80460c26,,andor_dom,6,14,17,11,3300.0,300.0,5,8,8,3,8,8,8,19200.0,18400.0,13900.0,347,186200.0,182099.98961538076,13899.989426136017,13200.042303651571,38800.03350786865,19900.035113096237,20100.0,14700.0,ok,1982.0,9829.0,2274.0,11517.0,15200.0,191000.0,4.959132189707367,5.064643799472296,6.684256816182938,c9b8b2d93f46839e42d4fa0c013558ab346efeafcd9458aa0784a14e80460c26,True,8,48,136,24,24,8388608,100,5,9dc0cd28326ce254829e44c3b1a16e33
b2,held_out,b2-k6-andor_dom-shared-1-b8d344418390,1483425612532446315,3e990d45c83fa01d9bf0c64b79ed7678df3c723614f0f7eccdc3d196fa3073e9,,andor_dom,6,24,52,16,4900.0,200.0,10,18,15,6,29,36,29,31600.0,33600.0,20500.0,593,343100.0,331200.0189907849,28699.985705316067,35799.98156055808,62600.040109828115,32000.010833144188,28300.0,38400.0,ok,5115.0,29294.0,3517.0,18086.0,18900.0,326300.0,5.727077223851418,5.1424509525163495,5.373898208700597,3e990d45c83fa01d9bf0c64b79ed7678df3c723614f0f7eccdc3d196fa3073e9,True,8,48,416,32,48,8388608,100,5,b8d344418390aa1b1341778c11e98f9f
b2,held_out,b2-k6-andor_dom-shared-2-64893da6cbd9,1195079420979256423,46386ff0eccd7a7871daa3122b418bbf8e0d0180eca74808a53b2c3ed970f50e,,andor_dom,6,24,84,14,4500.0,300.0,8,16,14,6,43,48,44,34600.0,34600.0,20800.0,598,327300.0,322300.0094294548,29300.07758550346,32400.013878941536,59899.99044686556,35099.97623041272,26100.0,61700.0,ok,7063.0,47215.0,3093.0,18144.0,18200.0,318000.0,6.684836471754212,5.866149369544132,5.884254768832848,46386ff0eccd7a7871daa3122b418bbf8e0d0180eca74808a53b2c3ed970f50e,True,8,48,672,48,48,8388608,100,5,64893da6cbd9f2e635bceb73d3fdd198
b2,held_out,b2-k6-andor_dom-shared-3-a125454cd529,6597676320240713909,3f710ac088db33363087de2b9a657541fe5447821debaa9fe5cbd538eb1a5f29,,andor_dom,6,21,41,12,3800.0,200.0,6,15,13,4,21,25,22,25100.0,28900.0,19200.0,527,288100.0,282900.0004567206,24199.9514400959,30900.08976869285,56300.0503461808,29800.052288919687,21900.0,29800.0,ok,4011.0,23969.0,2671.0,17225.0,18600.0,295600.0,5.975816504612316,6.4488955447397975,6.963684013478098,3f710ac088db33363087de2b9a657541fe5447821debaa9fe5cbd538eb1a5f29,True,8,48,328,32,32,8388608,100,5,a125454cd529d4c8e17690dfb1168998
b2,held_out,b2-k6-andor_dom-shared-4-0dd35386d57d,5025181188167973354,1656c269d0236784b54b17c8ef8406cea69739a8e3a204b3cbb8bfa53449f35b,,andor_dom,6,20,41,13,4100.0,200.0,7,15,14,5,20,22,21,31600.0,27600.0,18900.0,501,301800.0,297399.99445155263,26099.99501146376,26000.02335384488,59699.95982013643,38300.05880445242,29300.0,32800.0,ok,3632.0,23776.0,2867.0,18652.0,17500.0,292400.0,6.546255506607929,6.50575514475061,6.1039414021625396,1656c269d0236784b54b17c8ef8406cea69739a8e3a204b3cbb8bfa53449f35b,True,8,48,328,32,40,8388608,100,5,0dd35386d57dfaaca3377253436c56ef
b2,held_out,b2-k6-impeqv_dom-tree-1-c05059f5591f,3448833746776026562,7524471d915b02b29cef6bb1183791a371f6ace366b980da3b4594da2e301b21,,impeqv_dom,6,11,11,11,3300.0,200.0,5,13,9,3,5,13,9,15100.0,14500.0,26200.0,272,143200.0,138800.00915378332,2000.01522898674,12200.005585327744,31700.06675645709,19500.002963468432,19900.0,11300.0,ok,2250.0,11431.0,2391.0,11093.0,17600.0,147600.0,5.080444444444445,4.63948138854036,7.360936846507737,7524471d915b02b29cef6bb1183791a371f6ace366b980da3b4594da2e301b21,True,8,48,88,24,24,8388608,100,5,c05059f5591fb03830a6d165ccd50950
b2,held_out,b2-k6-impeqv_dom-tree-2-187a6f599749,471439702659932403,1e13d706fb3dda034bfb6bd79f1f24f0a35baa6c661823432c53d2ac2c6be21a,,impeqv_dom,6,14,15,14,3800.0,300.0,8,20,13,4,8,20,13,18300.0,18200.0,13600.0,337,141800.0,138699.97928850353,1999.9861251562834,9100.04018805921,40199.98596049845,14100.049156695604,23200.0,13500.0,ok,2969.0,14941.0,3039.0,15522.0,33000.0,243900.0,5.032334119232065,5.107601184600197,10.85883514313919,1e13d706fb3dda034bfb6bd79f1f24f0a35baa6c661823432c53d2ac2c6be21a,True,8,48,120,32,32,8388608,100,5,187a6f599749426908bf6ffdf8a53d6d
b2,held_out,b2-k6-impeqv_dom-tree-3-9df370a422d4,606070464318698982,28a94295a090f24e443f2d252b023381603f14ffb2377f65b6be6020665e3e9a,,impeqv_dom,6,15,18,15,10900.0,500.0,9,22,15,3,9,22,15,20500.0,20500.0,14200.0,369,170900.0,166500.01634843647,4599.976819008589,12700.038496404886,41999.97056275606,19999.97766688466,25800.0,15700.0,ok,3188.0,17958.0,3310.0,17863.0,19000.0,204100.0,5.632998745294856,5.396676737160121,5.740181268882175,28a94295a090f24e443f2d252b023381603f14ffb2377f65b6be6020665e3e9a,True,8,48,144,24,24,8388608,100,5,9df370a422d43bf095998857fb41128c
b2,held_out,b2-k6-impeqv_dom-tree-4-07d0d6da2af7,4974364884613824353,8f70d951764efc3a27090723594ff891fe9fb6f0f120509230ab0b05e930f6b6,,impeqv_dom,6,14,17,14,4200.0,300.0,8,20,14,5,8,20,14,19500.0,20200.0,13900.0,350,166200.0,162700.01651719213,4300.032742321491,14600.023860111833,38700.090954080224,19800.063455477357,25700.0,14700.0,ok,2986.0,17250.0,3338.0,17069.0,17100.0,193200.0,5.776959142665774,5.113541042540444,5.12282804074296,8f70d951764efc3a27090723594ff891fe9fb6f0f120509230ab0b05e930f6b6,True,8,48,136,40,40,8388608,100,5,07d0d6da2af72423732742dae2858d4a
b2,held_out,b2-k6-impeqv_dom-shared-1-f68095cd3ba2,2563147662185002592,456fa9ee42dce63c64416e513d4e929a4ee3caabd2db6c1d980b63123ef8151d,,impeqv_dom,6,24,42,24,7500.0,300.0,18,49,33,7,21,56,38,31800.0,38800.0,20900.0,604,283500.0,278300.023637712,3999.9722503125668,20499.95237030089,71500.02056732774,38999.918615445495,42800.0,33400.0,ok,6226.0,42166.0,5735.0,36057.0,22200.0,310700.0,6.772566655958882,6.2871839581517,3.870967741935484,456fa9ee42dce63c64416e513d4e929a4ee3caabd2db6c1d980b63123ef8151d,True,8,48,336,24,56,8388608,100,5,f68095cd3ba2889cdc1c29844e0c9c77
b2,held_out,b2-k6-impeqv_dom-shared-2-22089ede1135,6245498698643612095,da5dc6f3940660a47e580ca74507b1073a28fc8818f12f7901782e7f17c39b91,,impeqv_dom,6,21,41,20,6200.0,300.0,14,39,26,6,20,56,38,28700.0,31900.0,19600.0,532,253700.0,248700.00197552145,3900.0005926936865,22199.93621110916,59500.01650489867,33500.02225488424,34600.0,33400.0,ok,6218.0,42475.0,4603.0,28239.0,24500.0,264800.0,6.83097458990029,6.134912013903976,5.322615685422551,da5dc6f3940660a47e580ca74507b1073a28fc8818f12f7901782e7f17c39b91,True,8,48,328,40,48,8388608,100,5,22089ede1135fa54afe9f25462602668
b2,held_out,b2-k6-impeqv_dom-shared-3-32d1a4c2066e,8360467827713798882,ea0d9f4b80c89400af7c42e36ca3620d6893ac17c46c1fe18b9f59bbc42433b8,,impeqv_dom,6,24,49,22,6700.0,300.0,16,38,26,5,27,65,43,32600.0,36100.0,20800.0,599,293800.0,288400.01323260367,6699.963705614209,25799.963623285294,66899.92733299732,37500.05271285772,40200.0,40200.0,ok,7209.0,44533.0,5164.0,28042.0,20600.0,303600.0,6.177417117492024,5.430286599535244,3.989155693261038,ea0d9f4b80c89400af7c42e36ca3620d6893ac17c46c1fe18b9f59bbc42433b8,True,8,48,392,32,40,8388608,100,5,32d1a4c2066ea302483a5e9001e64892
b2,held_out,b2-k6-impeqv_dom-shared-4-3e4e99468c60,2396735422642767746,f6b41ca15f86f66da7370a58a52c273cdddd507c80b432acf9de9d69ab5f6e54,,impeqv_dom,6,23,43,23,7000.0,300.0,17,45,30,6,23,61,40,29700.0,33500.0,20300.0,573,267000.0,262000.0159367919,3600.027412176132,21200.074115768075,64099.9642200768,37500.05271285772,38900.0,31600.0,ok,6798.0,42900.0,5338.0,32420.0,21000.0,295700.0,6.310679611650485,6.073435743724241,3.9340576995129264,f6b41ca15f86f66da7370a58a52c273cdddd507c80b432acf9de9d69ab5f6e54,True,8,48,344,32,48,8388608,100,5,3e4e99468c604c0792fd1951a4829f9a
b2,held_out,b2-k6-mixed-tree-1-9ecccc175ad2,8528765092273830041,cc748c8dd498ebf4ba264da58e9b3b3c3cd35ba8a8d734c934c91675c283fc04,,mixed,6,13,15,13,3700.0,200.0,7,15,11,4,7,15,11,19500.0,17300.0,13200.0,322,160300.0,156299.996888265,5599.984433501959,13699.987903237343,35899.98232200742,18699.96776804328,22800.0,13600.0,ok,2592.0,15498.0,2871.0,13489.0,17500.0,193300.0,5.979166666666667,4.69836293974225,6.095437129919889,cc748c8dd498ebf4ba264da58e9b3b3c3cd35ba8a8d734c934c91675c283fc04,True,8,48,120,32,32,8388608,100,5,9ecccc175ad277dbcf0c90e75e26c502
b2,held_out,b2-k6-mixed-tree-2-40b1238ea748,6841518108757936030,50b964a05d1cc7f170c8e535883101b324eeedb8ca72b9b15fb11465c0efdc4c,,mixed,6,14,16,14,3900.0,300.0,8,15,11,4,8,15,11,20000.0,18800.0,14300.0,344,171200.0,166999.9910518527,8199.975127354264,13000.01167692244,41100.080125033855,16999.983927235007,24500.0,14200.0,ok,2567.0,13281.0,3005.0,13314.0,19100.0,197900.0,5.173743669653292,4.430615640599002,6.356073211314476,50b964a05d1cc7f170c8e535883101b324eeedb8ca72b9b15fb11465c0efdc4c,True,8,48,128,32,32,8388608,100,5,40b1238ea7485d631141d917570e7cc6
b2,held_out,b2-k6-mixed-tree-3-aeb0c639e3f5,5278453736713610921,70502cbecab45d272c4e30db55dde2af39dabf59ea4cb5b06c13d6335e5470af,,mixed,6,12,13,11,3100.0,300.0,5,10,8,3,6,10,8,17300.0,15900.0,12700.0,298,158300.0,154799.98546652496,7000.05330145359,15299.970982596278,35400.036722421646,16699.95253905654,21100.0,12300.0,ok,2170.0,10418.0,2429.0,10966.0,15800.0,213700.0,4.800921658986175,4.5146150679291885,6.504734458624949,70502cbecab45d272c4e30db55dde2af39dabf59ea4cb5b06c13d6335e5470af,True,8,48,104,24,24,8388608,100,5,aeb0c639e3f54cd776046db8f6214870
b2,held_out,b2-k6-mixed-tree-4-987f3c678ab0,3111900735067260042,4506d091ec25797f922490bd81243c8f7290dc8a6844c6537f3e46dd4720faf9,,mixed,6,15,18,14,4000.0,300.0,8,16,12,4,9,16,12,26400.0,23400.0,14800.0,367,189200.0,184899.98183213174,9199.92453418672,17899.961676448584,42099.94222037494,19499.973859637976,24400.0,15800.0,ok,2717.0,14220.0,3067.0,14737.0,18300.0,225700.0,5.233713654766286,4.805021193348549,5.966742745353766,4506d091ec25797f922490bd81243c8f7290dc8a6844c6537f3e46dd4720faf9,True,8,48,144,24,32,8388608,100,5,987f3c678ab01dcbbc390a676451e56d
b2,held_out,b2-k6-mixed-shared-1-bf5809ef3c65,3947449479653283534,d80e470e33e534894d3e5df0e299031a7e9f0ac845d9035403c74342fad902d2,,mixed,6,20,99,16,4900.0,200.0,10,20,17,6,49,59,54,27400.0,37900.0,20900.0,503,308800.0,302100.001135841,25999.965146183968,23299.94458705187,60500.02411939204,37000.01980178058,30500.0,78200.0,ok,8159.0,59165.0,3668.0,20693.0,19300.0,294700.0,7.2515014094864565,5.641494002181025,5.261723009814613,d80e470e33e534894d3e5df0e299031a7e9f0ac845d9035403c74342fad902d2,True,8,48,792,48,48,8388608,100,5,bf5809ef3c65a57e44e51e7bb7da73ed
b2,held_out,b2-k6-mixed-shared-2-33593cbc9843,3662816970818520256,991201b381b64d183be8d60df0a5b23afa16a6c4f1747ae0fafc957a288b8155,,mixed,6,25,48,20,6300.0,300.0,14,30,23,6,25,42,32,32800.0,38400.0,20700.0,624,370200.0,362799.99767430127,23300.03189854324,34799.944842234254,77000.03334321082,43999.956687912345,39700.0,38900.0,ok,5637.0,34796.0,4573.0,26672.0,20500.0,352500.0,6.172786943409615,5.832495079816313,4.48283402580363,991201b381b64d183be8d60df0a5b23afa16a6c4f1747ae0fafc957a288b8155,True,8,48,384,32,48,8388608,100,5,33593cbc98430d981a4d52e075da2368
b2,held_out,b2-k6-mixed-shared-3-a377b00385d6,4325378358314373839,5683fd468752a8eebd3fecdf82e47864ac13a8699d5fe2495930fb25fa755b75,,mixed,6,25,73,21,6800.0,300.0,15,33,26,8,36,68,52,33700.0,37200.0,22000.0,636,356600.0,351299.9974191189,21599.989850074053,28399.983420968056,73099.94543902576,51100.068958476186,39300.0,62200.0,ok,7991.0,57873.0,4912.0,30473.0,20000.0,363800.0,7.2422725566262045,6.20378664495114,4.071661237785016,5683fd468752a8eebd3fecdf82e47864ac13a8699d5fe2495930fb25fa755b75,True,8,48,584,40,64,8388608,100,5,a377b00385d6fc357716d386b7f5b90f
b2,held_out,b2-k6-mixed-shared-4-d71d1df79e0f,643801753669841859,649807f9b389602dad3c9be515538cf94aea9d5cc3dfb85d443ffc48f9d24360,,mixed,6,26,62,17,5300.0,200.0,11,22,17,5,34,57,42,34100.0,37900.0,24200.0,643,355600.0,351099.9958962202,24400.09848214686,32299.984013661742,76600.03029741347,40700.04797540605,30200.0,44400.0,ok,7085.0,43875.0,3830.0,20083.0,22300.0,354900.0,6.192660550458716,5.243603133159269,5.822454308093994,649807f9b389602dad3c9be515538cf94aea9d5cc3dfb85d443ffc48f9d24360,True,8,48,496,32,40,8388608,100,5,d71d1df79e0f9ab661f2b60b133e10b7
b2,held_out,b2-k8-xor_dom-tree-1-e3305253a197,8722644039266008436,46af8650e56cb3d8316990197ae711b02c6005066cac2953e04fc0ca70015a55,,xor_dom,8,19,21,16,4800.0,200.0,8,13,11,3,11,13,11,45900.0,54500.0,20000.0,455,259200.0,254099.98488612473,17699.931049719453,29700.022423639894,54700.00905916095,25399.989681318402,26600.0,18900.0,ok,2855.0,12433.0,3151.0,11545.0,19700.0,276800.0,4.354816112084063,3.663916217073945,6.251983497302444,46af8650e56cb3d8316990197ae711b02c6005066cac2953e04fc0ca70015a55,True,32,256,672,96,96,8388608,100,5,e3305253a197e6682a020c093232fbcd
b2,held_out,b2-k8-xor_dom-tree-2-13ed19191907,5330423069332583842,e1816aca7b95dbe067940f525f729f06e1e3535d98b933099d96513ab738a3bc,,xor_dom,8,20,24,16,4700.0,300.0,8,17,14,4,12,17,14,25800.0,28200.0,18100.0,488,274300.0,269300.0133149326,17400.016076862812,32199.95414838195,57599.97293353081,28000.03858283162,27900.0,19800.0,ok,3264.0,15282.0,3318.0,13898.0,18900.0,302300.0,4.681985294117647,4.188667872212176,5.69620253164557,e1816aca7b95dbe067940f525f729f06e1e3535d98b933099d96513ab738a3bc,True,32,256,768,128,128,8388608,100,5,13ed19191907ecffbdf1f46e78a39988
b2,held_out,b2-k8-xor_dom-tree-3-6411e7a81de6,5820208530979990493,e3b16859071e39ef7e23d1c58adf4b4d9f7bd4834a5d7fb37c7e5bd4ffc3bf12,,xor_dom,8,20,23,16,4700.0,300.0,8,18,14,3,12,18,14,24600.0,27600.0,18800.0,483,258200.0,253300.0078983605,15099.998563528061,29200.076824054122,55999.960750341415,27000.001864507794,27300.0,18500.0,ok,3467.0,14978.0,3385.0,13349.0,20300.0,290400.0,4.320161522930487,3.9435745937961597,5.997045790251108,e3b16859071e39ef7e23d1c58adf4b4d9f7bd4834a5d7fb37c7e5bd4ffc3bf12,True,32,256,736,128,96,8388608,100,5,6411e7a81de64d918d91ddbbc4eb04ba
b2,held_out,b2-k8-xor_dom-tree-4-c77ef7ea382c,8935539817186761035,64256c18b54a69684f950bf04e330c2a5d4ff3ee20ae16427bd89a85344dbdf6,,xor_dom,8,18,20,16,4500.0,200.0,8,13,11,3,10,13,11,25800.0,23400.0,18800.0,435,250900.0,246400.01356601715,15600.031474605203,24300.010409206152,50300.09197071195,26900.05931071937,26400.0,17100.0,ok,2855.0,12924.0,3258.0,12256.0,19100.0,262000.0,4.526795096322242,3.761817065684469,5.862492326580725,64256c18b54a69684f950bf04e330c2a5d4ff3ee20ae16427bd89a85344dbdf6,True,32,256,640,96,96,8388608,100,5,c77ef7ea382c8d9f058c35d09d8210ed
b2,held_out,b2-k8-xor_dom-shared-1-39a6b403d2d3,7585107600607857645,969e55e56254cb0c53aae5eaf2bf2ae32c59ac1ba8cda5ed517b46ff3a91b000,,xor_dom,8,27,54,18,5600.0,300.0,10,20,17,5,27,32,29,35000.0,40500.0,23300.0,670,478200.0,457000.01646764576,37800.054997205734,61399.97276477516,89299.95237849653,49999.94416721165,32500.0,42700.0,ok,5645.0,31476.0,3863.0,16256.0,18800.0,464800.0,5.575907883082373,4.208128397618431,4.866683924411079,969e55e56254cb0c53aae5eaf2bf2ae32c59ac1ba8cda5ed517b46ff3a91b000,True,32,256,1728,128,160,8388608,100,5,39a6b403d2d3d5be2ee0d84f8e0d87b7
b2,held_out,b2-k8-xor_dom-shared-2-13d2013b2012,788561067974380762,c685e7aa0cf19a6f715b097a9d3252953f12dde3bf98a0f43deef53ac6245c78,,xor_dom,8,23,37,10,3100.0,200.0,2,10,9,2,18,24,21,19700.0,46000.0,32900.0,572,375500.0,370200.02491772175,30800.0307995826,55100.012104958296,72299.93934743106,41600.054828450084,17500.0,28900.0,ok,4310.0,22650.0,1887.0,8101.0,16200.0,337700.0,5.255220417633411,4.293057763645999,8.585055643879173,c685e7aa0cf19a6f715b097a9d3252953f12dde3bf98a0f43deef53ac6245c78,True,32,256,1184,128,64,8388608,100,5,13d2013b2012467757657a68f5afedbd
b2,held_out,b2-k8-xor_dom-shared-3-c2eeb3424108,8543544085464432446,6eb7bcba5a6aa5f243c21c44059f0b469b9f09ed9a02eb46abb5d3b379a21f83,,xor_dom,8,27,61,14,4400.0,200.0,6,17,16,6,31,35,32,31000.0,38100.0,23500.0,673,441500.0,436100.0028438866,36699.9302059412,68500.085035339,84400.08969046175,49700.087402015924,25200.0,46300.0,ok,5912.0,34260.0,3052.0,13997.0,17900.0,435800.0,5.794993234100136,4.586173001310616,5.865006553079947,6eb7bcba5a6aa5f243c21c44059f0b469b9f09ed9a02eb46abb5d3b379a21f83,True,32,256,1952,128,192,8388608,100,5,c2eeb34241088cd5bbb74df3b6d20411
b2,held_out,b2-k8-xor_dom-shared-4-b7ecc9bde8c8,7476554530599473469,288e53bef7c9f70b78ec03366f445225a7937c0d6c72724b6d60e44db6fd53a4,,xor_dom,8,32,80,23,7200.0,300.0,15,24,21,5,43,50,43,46800.0,51800.0,26000.0,789,510800.0,503400.02053417265,39300.008211284876,64800.05686171353,95000.0248849392,68400.02606622875,43100.0,64600.0,ok,7734.0,43882.0,4878.0,20316.0,19900.0,469100.0,5.673907421773985,4.164821648216482,4.079540795407954,288e53bef7c9f70b78ec03366f445225a7937c0d6c72724b6d60e44db6fd53a4,True,32,256,2560,128,160,8388608,100,5,b7ecc9bde8c819e66e5f06353e700999
b2,held_out,b2-k8-andor_dom-tree-1-0a99939bca63,8855662682345806780,8fd28e1480f36482da1a002c844de2475a8c1509bb3c5f17bc852f253674c754,,andor_dom,8,17,18,14,3600.0,200.0,6,12,10,3,9,12,10,21300.0,19900.0,15300.0,405,198800.0,194099.99367780983,12400.036212056875,11400.028597563505,44300.01717992127,20700.012100860476,22000.0,14700.0,ok,2524.0,11240.0,2680.0,10174.0,17600.0,230500.0,4.45324881141046,3.796268656716418,6.567164179104478,8fd28e1480f36482da1a002c844de2475a8c1509bb3c5f17bc852f253674c754,True,32,256,576,96,96,8388608,100,5,0a99939bca6384a8377803d74a648c72
b2,held_out,b2-k8-andor_dom-tree-2-cbc8a38367ce,93080013742338133,3d79bfe61802b728b5e2d9a5a13fc4c2e855c7614300109f66b4512e32c1ca43,,andor_dom,8,16,16,15,3800.0,200.0,7,9,8,3,8,9,8,22200.0,20100.0,14700.0,379,190000.0,185900.01855045557,11000.054655596614,13299.955753609538,43400.09763836861,20200.03739744425,24000.0,15500.0,ok,2237.0,9709.0,2731.0,9328.0,18700.0,205800.0,4.340187751452839,3.415598681801538,6.847308678139876,3d79bfe61802b728b5e2d9a5a13fc4c2e855c7614300109f66b4512e32c1ca43,True,32,256,512,96,96,8388608,100,5,cbc8a38367cef6057649fd0b31ab5dc2
b2,held_out,b2-k8-andor_dom-tree-3-329734acd78e,2381437988148073298,de720284cb8b83b7752b2428ee149a8a958c8b0df09a2818c89b1d2e9cec3291,,andor_dom,8,17,18,14,3700.0,200.0,6,10,9,3,9,10,9,22000.0,26600.0,16300.0,404,202300.0,197899.99350905418,14199.933502823114,13499.986380338669,45499.93900582194,21500.018192455173,22100.0,15100.0,ok,2350.0,10879.0,2569.0,9720.0,16100.0,221500.0,4.629361702127659,3.783573374854029,6.267029972752043,de720284cb8b83b7752b2428ee149a8a958c8b0df09a2818c89b1d2e9cec3291,True,32,256,576,160,96,8388608,100,5,329734acd78e4b86f10763d7b9610e6b
b2,held_out,b2-k8-andor_dom-tree-4-fa17785afafe,6594633550136713120,e81aaaaf5c7365dfb830e4ef552588ef192a92c961dc5d3b2d0774e6f5f42835,,andor_dom,8,18,19,17,4200.0,300.0,9,12,10,4,10,12,10,25300.0,22500.0,18600.0,426,211700.0,207800.01068487763,13699.987903237343,15600.002370774746,50500.064389780164,20299.97995123267,26600.0,15400.0,ok,2607.0,11422.0,3224.0,11153.0,18100.0,297100.0,4.381281166091292,3.4593672456575684,5.6141439205955335,e81aaaaf5c7365dfb830e4ef552588ef192a92c961dc5d3b2d0774e6f5f42835,True,32,256,608,128,128,8388608,100,5,fa17785afafe122fe491d0ba167d1994
b2,held_out,b2-k8-andor_dom-shared-1-69a470723d85,6301960526502956799,d09260b32b9036615aa0a298b0be0cb238f5a32466a24e74b66ac6cfc665270a,,andor_dom,8,24,48,16,4500.0,200.0,8,18,16,7,24,37,30,28200.0,31700.0,20600.0,589,333500.0,328099.99538585544,27900.008717551827,29799.877665936947,69899.92107264698,39699.98215325177,28600.0,32700.0,ok,5099.0,28192.0,3266.0,14508.0,18200.0,338800.0,5.528927240635419,4.44213104715248,5.572565829761175,d09260b32b9036615aa0a298b0be0cb238f5a32466a24e74b66ac6cfc665270a,True,32,256,1536,128,224,8388608,100,5,69a470723d851d46bf09a6e0ecf86c5c
b2,held_out,b2-k8-andor_dom-shared-2-775ee4cbbb58,5249758345667889293,64736495552f7d588011b5d4dee6824053c01ef39c79204d75808e0ed5578a72,,andor_dom,8,26,47,18,5100.0,200.0,10,18,16,6,24,28,25,33200.0,36000.0,22700.0,641,351000.0,345500.01146271825,27000.060072168708,34599.91421550512,68099.99467805028,37500.02360902727,30400.0,37300.0,ok,4526.0,27011.0,3694.0,15687.0,18300.0,352400.0,5.967962881131242,4.246616134271792,4.953979426096373,64736495552f7d588011b5d4dee6824053c01ef39c79204d75808e0ed5578a72,True,32,256,1504,128,192,8388608,100,5,775ee4cbbb581588c3316bc37a8f4327
b2,held_out,b2-k8-andor_dom-shared-3-5e5303eaddfb,8058430730899446706,84d9f58be131996c613a24c6bad7f9cfc8fc2dced6da06cbeae5828f30c5ba7a,,andor_dom,8,28,49,22,6900.0,300.0,14,23,20,6,26,30,26,40500.0,40300.0,24300.0,678,408200.0,400799.99598674476,33500.02225488424,32899.93037469685,82100.072177127,47600.013203918934,37400.0,43300.0,ok,4675.0,26344.0,4360.0,18508.0,19500.0,391500.0,5.635080213903743,4.244954128440367,4.472477064220183,84d9f58be131996c613a24c6bad7f9cfc8fc2dced6da06cbeae5828f30c5ba7a,True,32,256,1568,160,192,8388608,100,5,5e5303eaddfb01f4cf5d65e7af708933
b2,held_out,b2-k8-andor_dom-shared-4-0f2c3ce95a60,1117034386922797230,25e947aaa44b7574bce0d0ac4d91d63489a7837f6af73764eab3cc83eff2b01f,,andor_dom,8,30,55,21,6600.0,200.0,13,23,21,7,28,30,28,37000.0,46100.0,28700.0,737,465400.0,458800.0010699034,37799.99678954482,51000.06819702685,93400.04180558026,52399.90423433483,35600.0,38900.0,ok,4815.0,29872.0,4150.0,18699.0,29400.0,435200.0,6.203946002076843,4.50578313253012,7.0843373493975905,25e947aaa44b7574bce0d0ac4d91d63489a7837f6af73764eab3cc83eff2b01f,True,32,256,1760,128,224,8388608,100,5,0f2c3ce95a60f2589016de0cc982f8ab
b2,held_out,b2-k8-impeqv_dom-tree-1-3976cb8a8eb7,5375572303809198307,9531d19a39d1a78eec73434e717a83cf79fa45f90d2765dc523db518b3697bef,,impeqv_dom,8,17,17,17,4300.0,300.0,9,21,14,3,9,21,14,21200.0,20000.0,14600.0,403,163400.0,159499.99215081334,4300.032742321491,10799.96582120657,42000.116081908345,16800.040611997247,24700.0,13900.0,ok,3150.0,12046.0,3460.0,12393.0,19600.0,206900.0,3.824126984126984,3.5817919075144506,5.664739884393064,9531d19a39d1a78eec73434e717a83cf79fa45f90d2765dc523db518b3697bef,True,32,256,544,96,96,8388608,100,5,3976cb8a8eb7f363765825f8f085acc9
b2,held_out,b2-k8-impeqv_dom-tree-2-575c0b583dee,5802707388340509815,f88dc445236ad27d04c5a74e2871821110c0dc36e8dae49131312ad077f3261a,,impeqv_dom,8,21,25,21,6100.0,200.0,13,31,21,4,13,31,21,27500.0,29700.0,19100.0,507,230100.0,225099.99689646065,6599.992047995329,13800.017768517137,57299.9706491828,27400.0340141356,35000.0,21800.0,ok,4228.0,17327.0,4675.0,17304.0,20600.0,265400.0,4.098155156102176,3.7013903743315506,4.406417112299465,f88dc445236ad27d04c5a74e2871821110c0dc36e8dae49131312ad077f3261a,True,32,256,800,128,128,8388608,100,5,575c0b583dee690032fc991b41af0c90
b2,held_out,b2-k8-impeqv_dom-tree-3-d5e4f370e98e,7141073354313406849,e673bd4ecbb357747580f30354acd0a1fe7a42af6dcd35f60e2af6c926e4ee1a,,impeqv_dom,8,21,25,21,5900.0,300.0,13,31,21,4,13,31,21,28000.0,29900.0,19700.0,508,236900.0,231499.9874215573,6199.989002197981,20199.979189783335,57100.114645436406,27899.97961372137,33400.0,20600.0,ok,4077.0,17378.0,4609.0,17362.0,19900.0,258400.0,4.262447878341918,3.76697765241918,4.317639401171621,e673bd4ecbb357747580f30354acd0a1fe7a42af6dcd35f60e2af6c926e4ee1a,True,32,256,800,128,128,8388608,100,5,d5e4f370e98ec048d9d1c67d80fb2b49
b2,held_out,b2-k8-impeqv_dom-tree-4-e0ca29a93790,7942060999345390599,f1b43719eaea9c28c2bcc7797b027fa9e77c4aaea97a7806365d47a0924e2909,,impeqv_dom,8,17,19,16,4100.0,300.0,8,23,16,4,9,23,16,21900.0,22600.0,15300.0,416,183600.0,179599.9996829778,4499.976057559252,13500.015484169126,45299.966586753726,22500.054910779,26500.0,16300.0,ok,3271.0,13669.0,3514.0,13103.0,18500.0,219500.0,4.178844390094772,3.7287990893568583,5.264655663062038,f1b43719eaea9c28c2bcc7797b027fa9e77c4aaea97a7806365d47a0924e2909,True,32,256,608,128,128,8388608,100,5,e0ca29a937907c0f9057dc67633432ee
b2,held_out,b2-k8-impeqv_dom-shared-1-773a9da63c46,6194497246727135287,3b65ebd0507c96a532e9ddb9576f815bc022606a088fa00e45975372ceca63d2,,impeqv_dom,8,27,46,27,7900.0,200.0,19,50,34,7,23,60,41,35500.0,40300.0,23400.0,668,312100.0,306500.0055357814,5600.013537332416,18399.994587525725,75499.90550614893,47100.00939667225,45900.0,36100.0,ok,7915.0,32249.0,6502.0,26446.0,24600.0,350900.0,4.074415666456096,4.067363888034451,3.7834512457705323,3b65ebd0507c96a532e9ddb9576f815bc022606a088fa00e45975372ceca63d2,True,32,256,1472,128,224,8388608,100,5,773a9da63c46b8e86f39557860fbd1f1
b2,held_out,b2-k8-impeqv_dom-shared-2-dc9d85a45968,8984142082404742433,a20f0fa32a3ae96daafe19c0fdfc34275718c1a7704b8f97b39c81440d0d66a1,,impeqv_dom,8,25,41,23,6900.0,300.0,15,45,30,6,20,60,40,36000.0,38400.0,22400.0,627,268200.0,263500.02735853195,0.0,21900.050342082977,69400.03368072212,36599.98765215278,39500.0,32500.0,ok,6919.0,30211.0,5293.0,22725.0,20200.0,296800.0,4.366382425205955,4.293406385792556,3.8163612318156055,a20f0fa32a3ae96daafe19c0fdfc34275718c1a7704b8f97b39c81440d0d66a1,True,32,256,1312,128,192,8388608,100,5,dc9d85a45968acf3f874ff03419a3765
b2,held_out,b2-k8-impeqv_dom-shared-3-94e2d9a0a313,2610667257240562311,fd1f53f68b66014297161c5dffa9b1fc333d2a86ec2b4e2e6104bc0d6b795d70,,impeqv_dom,8,27,53,27,7300.0,300.0,19,50,33,6,28,68,46,35600.0,40300.0,23200.0,659,300600.0,295299.97846111655,4799.978341907263,20299.950847402215,74700.04493370652,45599.96887110174,43400.0,40800.0,ok,7837.0,36309.0,6173.0,24868.0,22000.0,494100.0,4.6330228403725915,4.028511258707273,3.5639073384092015,fd1f53f68b66014297161c5dffa9b1fc333d2a86ec2b4e2e6104bc0d6b795d70,True,32,256,1696,128,192,8388608,100,5,94e2d9a0a31342ba2b0e0ee1e73d6f38
b2,held_out,b2-k8-impeqv_dom-shared-4-2f7845a8dfa7,4207285047441774699,48e63c1a11cb0d080536dcb51cc2d060417613566341202ea999668099542938,,impeqv_dom,8,27,72,27,7900.0,400.0,19,48,33,6,36,99,67,36000.0,41700.0,24400.0,673,326800.0,321300.00181496143,7199.967512860894,22999.942302703857,75400.05026385188,50099.94492866099,47000.0,55900.0,ok,10932.0,50694.0,6348.0,25826.0,24800.0,368100.0,4.637211855104281,4.068367989918085,3.9067422810333965,48e63c1a11cb0d080536dcb51cc2d060417613566341202ea999668099542938,True,32,256,2304,160,192,8388608,100,5,2f7845a8dfa7bf2d117cc43d92422a5f
b2,held_out,b2-k8-mixed-tree-1-37379aed18cc,6384252221718112555,46857c01ef2600404806313e98a00270bda713004aad3f522ef97f8b99dbf8d3,,mixed,8,18,21,17,4400.0,300.0,9,17,13,4,10,18,14,24900.0,27200.0,18600.0,440,214500.0,210800.0044245273,10699.965059757233,17099.955584853888,47500.0124424696,25499.932235106826,26900.0,17300.0,ok,3012.0,13747.0,3347.0,12628.0,18700.0,248200.0,4.564077025232404,3.772930982969824,5.587092919031969,46857c01ef2600404806313e98a00270bda713004aad3f522ef97f8b99dbf8d3,True,32,256,672,128,128,8388608,100,5,37379aed18cc805c305021311a0190aa
b2,held_out,b2-k8-mixed-tree-2-64fdfc904809,9176876730104389783,3331a38050c24c8daa54e6b7c23ad776764e78a23ae0b95a773dc5d240371a38,,mixed,8,19,23,18,4800.0,300.0,10,17,14,5,11,17,14,27300.0,26000.0,17700.0,467,241900.0,237200.00172033906,11999.974958598614,21900.079445913434,50999.98088553548,30099.996365606785,29700.0,19000.0,ok,3134.0,14576.0,3828.0,14304.0,17200.0,259800.0,4.650925335035099,3.7366771159874608,4.493207941483804,3331a38050c24c8daa54e6b7c23ad776764e78a23ae0b95a773dc5d240371a38,True,32,256,736,96,160,8388608,100,5,64fdfc904809edfc6a36a760e0da469f
b2,held_out,b2-k8-mixed-tree-3-1a734e9283ab,335233932623530871,90c94f3372b4e17bacff811f01bca854e743251196514d9791e9a8aec42244f0,,mixed,8,15,15,14,3500.0,200.0,6,11,9,4,7,11,9,20400.0,19400.0,14400.0,363,173600.0,169699.98250715435,8899.980457499623,14499.964891001582,40099.9269913882,18100.079614669085,22400.0,13500.0,ok,2399.0,9865.0,2704.0,9527.0,18000.0,209500.0,4.112130054189246,3.5232988165680474,6.65680473372781,90c94f3372b4e17bacff811f01bca854e743251196514d9791e9a8aec42244f0,True,32,256,480,96,128,8388608,100,5,1a734e9283ab3bbc670ebbbaeb95e706
b2,held_out,b2-k8-mixed-tree-4-e12838f7e137,5188710377776609396,ac5919231d3637285700f6c4c5aa7c8aac2c0236c2c6c2db742a320a6b46e66d,,mixed,8,19,21,16,4300.0,300.0,8,15,12,3,11,15,12,24400.0,30200.0,18800.0,454,235600.0,231500.01652538776,14300.021575763822,19099.999917671084,51799.95787329972,24499.98282827437,26300.0,17200.0,ok,2928.0,13063.0,3256.0,12260.0,17500.0,243900.0,4.461407103825136,3.7653562653562656,5.374692874692875,ac5919231d3637285700f6c4c5aa7c8aac2c0236c2c6c2db742a320a6b46e66d,True,32,256,672,128,96,8388608,100,5,e12838f7e137c31dc1918fc32bd435d3
b2,held_out,b2-k8-mixed-shared-1-1c2a917da296,2726908483369619383,084e640fa57cbf5f097fd08636fe5e98e23839d95c532099efe1a7a838dbafca,,mixed,8,27,57,20,6600.0,300.0,12,28,22,7,29,53,40,34100.0,39300.0,22700.0,670,397700.0,391899.9864254147,25600.020308047533,44099.928345531225,83499.93731826544,47499.89602714777,33800.0,44900.0,ok,7266.0,35923.0,4387.0,19044.0,21300.0,409200.0,4.943985686760254,4.341007522224755,4.8552541600182355,084e640fa57cbf5f097fd08636fe5e98e23839d95c532099efe1a7a838dbafca,True,32,256,1824,160,224,8388608,100,5,1c2a917da2966f13b82ecb3bcef12690
b2,held_out,b2-k8-mixed-shared-2-3705369d2025,2130736414152006996,ca72bc9bb4f0f6e2ddd3d641d94a62163a066af9d77ac3937cb00d134dfd46f2,,mixed,8,25,47,17,5300.0,200.0,9,22,18,4,23,39,31,32300.0,35800.0,21600.0,623,355100.0,348700.0067252666,22700.027329847217,31099.916668608785,72600.02894327044,46199.9443359673,29700.0,37100.0,ok,5447.0,29288.0,3757.0,16257.0,20700.0,361700.0,5.376904718193501,4.327122704285334,5.509715198296513,ca72bc9bb4f0f6e2ddd3d641d94a62163a066af9d77ac3937cb00d134dfd46f2,True,32,256,1504,160,128,8388608,100,5,3705369d2025de285a7e3dfe402e59de
b2,held_out,b2-k8-mixed-shared-3-7ac091ab0ff3,2595040323065769712,4248c9b3f703df679b477bf075256cda4912f14382e7e3af86f3adc3a2bef552,,mixed,8,28,63,23,7300.0,300.0,15,35,27,6,31,49,40,37900.0,43100.0,24300.0,701,397700.0,391599.98414106667,24299.981305375695,36899.96083267033,81600.06836988032,54899.95237439871,41500.0,49700.0,ok,6858.0,37917.0,5331.0,22935.0,21300.0,435900.0,5.528871391076115,4.302194710185706,3.995498030388295,4248c9b3f703df679b477bf075256cda4912f14382e7e3af86f3adc3a2bef552,True,32,256,2016,160,192,8388608,100,5,7ac091ab0ff3bdf9cf8fd8452c50c933
b2,held_out,b2-k8-mixed-shared-4-761923963fb0,8970710980208121589,0f26ac14628db4891a38eb6cc5ecb59db84a9796c433fd0f0ff7a5eecc4fec25,,mixed,8,24,47,18,9500.0,500.0,10,23,19,6,23,37,30,31800.0,34100.0,21400.0,597,353100.0,347599.99834932387,23099.97216798365,31499.890610575676,73300.0342734158,45400.02555586398,73200.0,38000.0,ok,5322.0,28409.0,4018.0,17018.0,19900.0,351100.0,5.3380308154829015,4.235440517670483,4.952712792434046,0f26ac14628db4891a38eb6cc5ecb59db84a9796c433fd0f0ff7a5eecc4fec25,True,32,256,1504,128,192,8388608,100,5,761923963fb055ac1c4654a82dea746e
b2,held_out,b2-k10-xor_dom-tree-1-77230e81be62,8990915870604129592,f4bd7cb6d894da1941302437ccf55c6d9bd9cb292196c1d561dedb49901754e4,,xor_dom,10,20,21,12,3300.0,300.0,2,12,11,2,10,12,11,19900.0,24500.0,17800.0,482,275600.0,270899.9963942915,19699.946278706193,39899.98367615044,57200.05719922483,30099.967261776328,18300.0,17000.0,ok,3026.0,12942.0,2400.0,9772.0,16900.0,278200.0,4.276933245208196,4.071666666666666,7.041666666666667,f4bd7cb6d894da1941302437ccf55c6d9bd9cb292196c1d561dedb49901754e4,True,128,1280,2688,512,256,8388608,50,5,77230e81be62acee25486748ab10bef6
b2,held_out,b2-k10-xor_dom-tree-2-b2b59ccfcc06,2289015191115055438,0bbd3db6d49c182c7ead9ffb206e26b1c610422940832230be18b4c64709ee3c,,xor_dom,10,20,20,15,3900.0,200.0,5,11,10,3,10,11,10,23100.0,24300.0,17700.0,475,253000.0,248299.9989297241,18600.054318085313,28100.039344280958,53400.05736798048,24799.98511262238,23000.0,17200.0,ok,2880.0,12286.0,2788.0,10422.0,15100.0,250000.0,4.2659722222222225,3.7381635581061694,5.416068866571019,0bbd3db6d49c182c7ead9ffb206e26b1c610422940832230be18b4c64709ee3c,True,128,1280,2560,512,384,8388608,50,5,b2b59ccfcc06124c5ef2dd69881458f8
b2,held_out,b2-k10-xor_dom-tree-3-25d12caacfcf,6561532620212432638,761b19ded3cd7c6125a2f2da98b1c268cbc5b25a9d551d0d9f05c277c1857514,,xor_dom,10,25,29,19,9500.0,500.0,9,19,16,5,15,19,16,29500.0,31700.0,20600.0,596,345500.0,341200.0078242272,25099.98739697039,36900.019040331244,73299.97606575489,37999.998312443495,62400.0,49400.0,ok,4038.0,17304.0,4000.0,15386.0,18000.0,331400.0,4.285289747399703,3.8465,4.5,761b19ded3cd7c6125a2f2da98b1c268cbc5b25a9d551d0d9f05c277c1857514,True,128,1280,3712,384,640,8388608,50,5,25d12caacfcfe89ce76a5051b2ecbff3
b2,held_out,b2-k10-xor_dom-tree-4-04f54e4b6bdc,8901674206206014332,5000883c6bbe89a7f96ee4a08d3d04023911181e77f9d6f4ba49f6ba34e14573,,xor_dom,10,22,24,16,4400.0,200.0,6,13,12,4,12,13,12,25700.0,28100.0,18900.0,528,301200.0,296199.9853141606,23499.88790228963,35199.97699186206,62600.01100599766,30799.972591921687,26200.0,20300.0,ok,3302.0,14410.0,3080.0,12228.0,17200.0,322500.0,4.364021804966687,3.97012987012987,5.584415584415584,5000883c6bbe89a7f96ee4a08d3d04023911181e77f9d6f4ba49f6ba34e14573,True,128,1280,3072,512,512,8388608,50,5,04f54e4b6bdc564bc2f0560ae2fb9005
b2,held_out,b2-k10-xor_dom-shared-1-b1df44674c4f,7516307406492075971,64cb1dd5e87df195d3a5640f0f16b021f2e876b208820bda0aed2845cdcf016e,,xor_dom,10,29,49,14,4300.0,200.0,4,12,12,3,24,24,24,31800.0,39200.0,24700.0,717,465100.0,459300.00487715006,40899.99129064381,71899.99450929463,86800.04975758493,52399.93333816528,22900.0,36500.0,ok,5136.0,27802.0,2612.0,11844.0,16200.0,430900.0,5.413161993769471,4.534456355283308,6.2021439509954055,64cb1dd5e87df195d3a5640f0f16b021f2e876b208820bda0aed2845cdcf016e,True,128,1280,6272,640,384,8388608,50,5,b1df44674c4f5bc3f8fe2d3a09e403f8
b2,held_out,b2-k10-xor_dom-shared-2-972e9d7d2b36,3796299948274582217,27ddd67ef29981b9b24889ea43fac48a1ec9eb77eb37aa5a7d47feea46419c9f,,xor_dom,10,29,63,22,6300.0,300.0,12,21,20,6,31,33,32,36900.0,43300.0,23200.0,717,439500.0,433500.0121500343,34600.11794231832,52600.02217255533,82600.10508820415,64599.90981966257,35300.0,41600.0,ok,6294.0,35606.0,4784.0,19810.0,18200.0,436100.0,5.6571337782014615,4.140886287625418,3.8043478260869565,27ddd67ef29981b9b24889ea43fac48a1ec9eb77eb37aa5a7d47feea46419c9f,True,128,1280,8064,768,768,8388608,50,5,972e9d7d2b367a6f2056ef1907bcbbaa
b2,held_out,b2-k10-xor_dom-shared-3-cf872e9babd8,9136493435978029959,eb4559ebfa931806d97c952a7959464f8134746b139c9c252bbe5d8c0ffa8c64,,xor_dom,10,33,56,19,5900.0,300.0,9,23,20,6,28,35,31,34300.0,44600.0,25900.0,816,529800.0,523599.999723956,40499.98824484646,76500.05863979459,99700.06067305803,68899.88435432315,31500.0,39400.0,ok,6392.0,32730.0,4352.0,18238.0,19500.0,528200.0,5.120463078848561,4.190716911764706,4.4806985294117645,eb4559ebfa931806d97c952a7959464f8134746b139c9c252bbe5d8c0ffa8c64,True,128,1280,7168,512,768,8388608,50,5,cf872e9babd8b504d8d24ac093cb680b
b2,held_out,b2-k10-xor_dom-shared-4-dd24aa5a61a6,8470570620916091080,b46d9f523cdf3dff3a17467140b0da2c922f1adb28d416e004eb247ddc5ee027,,xor_dom,10,29,47,20,6000.0,300.0,10,22,19,7,23,29,26,35600.0,38900.0,24500.0,720,431900.0,426399.98719096184,33200.04907436669,58600.009651854634,81400.00863932073,54699.950851500034,36400.0,34800.0,ok,5564.0,27754.0,4548.0,17844.0,20700.0,458400.0,4.988138030194105,3.9234828496042216,4.5514511873350925,b46d9f523cdf3dff3a17467140b0da2c922f1adb28d416e004eb247ddc5ee027,True,128,1280,6016,512,896,8388608,50,5,dd24aa5a61a631f86d58fb49b232dd41
b2,held_out,b2-k10-andor_dom-tree-1-a8fc7f363671,4013102388107299514,ebf92b7e7ae41e047af3f1eb28dbb964c9771aeae2618553b6c339d4a2eedb66,,andor_dom,10,23,25,19,5300.0,200.0,9,14,12,3,13,15,13,29300.0,29700.0,19900.0,543,277700.0,272300.00705458224,20400.038920342922,18399.994587525725,61800.09222589433,31399.948056787252,29400.0,25100.0,ok,3266.0,15000.0,3564.0,12944.0,16800.0,277700.0,4.5927740355174524,3.631874298540965,4.713804713804714,ebf92b7e7ae41e047af3f1eb28dbb964c9771aeae2618553b6c339d4a2eedb66,True,128,1280,3200,512,384,8388608,50,5,a8fc7f36367164f959169348f8cf6d2e
b2,held_out,b2-k10-andor_dom-tree-2-7400a955a56c,2409443570567677888,30d5060db7e2b493d9e99eef52a71ec6f1485c7ac8e517d905d958281a5b00e9,,andor_dom,10,25,29,25,6500.0,200.0,15,25,19,5,15,25,19,35700.0,32100.0,22900.0,596,305300.0,299400.00968053937,14800.025383010507,23300.03189854324,69400.03368072212,40899.962186813354,39800.0,21600.0,ok,4404.0,18620.0,5320.0,18656.0,19600.0,313400.0,4.227974568574024,3.506766917293233,3.6842105263157894,30d5060db7e2b493d9e99eef52a71ec6f1485c7ac8e517d905d958281a5b00e9,True,128,1280,3712,512,640,8388608,50,5,7400a955a56c0351caa7e26ab8375d06
b2,held_out,b2-k10-andor_dom-tree-3-42d9480de48e,6591728995520027329,7efc6a69c4232f0ab321ee5249f71dbd53c5c70a6451e2e0f7fc4666559a3722,,andor_dom,10,23,25,19,5100.0,300.0,9,16,13,4,13,17,14,28700.0,27500.0,18700.0,547,288700.0,283599.9766830355,19999.948563054204,26800.058549270034,62499.92293305695,32400.07208660245,29300.0,19100.0,ok,3486.0,14946.0,3792.0,13050.0,19200.0,315300.0,4.287435456110155,3.4414556962025316,5.063291139240507,7efc6a69c4232f0ab321ee5249f71dbd53c5c70a6451e2e0f7fc4666559a3722,True,128,1280,3200,384,512,8388608,50,5,42d9480de48e8681a40165803353291b
b2,held_out,b2-k10-andor_dom-tree-4-837da4e67104,3414923216527063826,46b1a2a910859148f0cea6d361339e29c7f212a819e8f68dc7efafa95acf8a19,,andor_dom,10,19,19,18,4300.0,200.0,8,11,10,4,9,11,10,27300.0,23800.0,19200.0,452,223300.0,218600.00560991466,13900.018529966474,15899.9755512923,51000.009989365935,25299.95981603861,27400.0,16200.0,ok,2734.0,12000.0,3376.0,11664.0,17100.0,241400.0,4.389173372348208,3.4549763033175354,5.065165876777251,46b1a2a910859148f0cea6d361339e29c7f212a819e8f68dc7efafa95acf8a19,True,128,1280,2432,512,512,8388608,50,5,837da4e671045148f301e3ec75b66e39
b2,held_out,b2-k10-andor_dom-shared-1-071d6b8e4bb7,6530266422640893003,2023bed7c6d67a4c9d4c5e68fc10a864e8a221cce3a504eeb9a5a1df50f2397f,,andor_dom,10,38,106,27,7900.0,300.0,17,31,28,7,53,62,57,47600.0,58300.0,31000.0,944,607900.0,600700.0047247857,51800.161600112915,65199.85618069768,120400.0145662576,83899.94036406279,49800.0,80500.0,ok,10204.0,59490.0,6300.0,26564.0,22700.0,568200.0,5.830066640533124,4.216507936507936,3.6031746031746033,2023bed7c6d67a4c9d4c5e68fc10a864e8a221cce3a504eeb9a5a1df50f2397f,True,128,1280,13568,768,896,8388608,50,5,071d6b8e4bb7ae001556afc7a4e24e39
b2,held_out,b2-k10-andor_dom-shared-2-16ca12c11ee1,919501032189299475,d25214afe652c886762108a089e935eff46230b85de72818e00ca84571629e82,,andor_dom,10,33,82,24,7200.0,300.0,14,27,24,7,42,47,43,43100.0,43200.0,26900.0,806,526600.0,519399.9968469143,45199.96582530439,57500.030379742384,106900.05728974938,65900.09434148669,41300.0,64900.0,ok,8108.0,47602.0,5596.0,22632.0,20700.0,519400.0,5.870991613221509,4.044317369549678,3.699070764832023,d25214afe652c886762108a089e935eff46230b85de72818e00ca84571629e82,True,128,1280,10496,768,896,8388608,50,5,16ca12c11ee14aa3365d00891b188a8a
b2,held_out,b2-k10-andor_dom-shared-3-22432c1ba51e,8617253102809217736,61292e14dd3f798c3df8a836c0490e4eb6288368a970d63c20944478da823ce4,,andor_dom,10,28,49,19,6000.0,300.0,9,18,17,7,25,27,25,36000.0,37500.0,24700.0,682,563600.0,553899.9976124614,44399.98883754015,62999.98494796455,109799.99206028879,69499.85981918871,35700.0,39600.0,ok,4934.0,28212.0,4040.0,16900.0,20400.0,413300.0,5.717875962707742,4.183168316831683,5.0495049504950495,61292e14dd3f798c3df8a836c0490e4eb6288368a970d63c20944478da823ce4,True,128,1280,6272,512,896,8388608,50,5,22432c1ba51e8de7860ffb6b558c6af4
b2,held_out,b2-k10-andor_dom-shared-4-7f3eabfd2bc0,5017156083016439025,ef41308852853f4cc52229ddade54e424af29dd99a564d4718ea4177daccf4d1,,andor_dom,10,34,54,25,7300.0,300.0,15,30,25,6,28,35,30,45200.0,45000.0,27100.0,828,480700.0,474100.0011563301,35799.952456727624,46699.94814321399,98200.02014748752,62800.070736557245,41700.0,43000.0,ok,6074.0,31984.0,5792.0,23258.0,20800.0,479700.0,5.2657227527164965,4.01553867403315,3.591160220994475,ef41308852853f4cc52229ddade54e424af29dd99a564d4718ea4177daccf4d1,True,128,1280,6912,512,768,8388608,50,5,7f3eabfd2bc0766469a75bb178dbb53c
b2,held_out,b2-k10-impeqv_dom-tree-1-d65cd8c37d53,5427482908318501800,6a277e9b6f1a2c9d5406a1ad99b4f6882da9542b22cd8fbe9d99c3005a604450,,impeqv_dom,10,27,32,27,7200.0,200.0,17,44,29,5,17,44,29,34800.0,35700.0,22000.0,647,290400.0,285399.99038912356,4100.031219422817,19900.064216926694,72899.94391612709,39900.07098764181,41500.0,25400.0,ok,6634.0,23598.0,6886.0,23322.0,20300.0,313000.0,3.5571299366897797,3.3868719140284638,2.9480104559976765,6a277e9b6f1a2c9d5406a1ad99b4f6882da9542b22cd8fbe9d99c3005a604450,True,128,1280,4096,640,640,8388608,50,5,d65cd8c37d539bec10c4ceb1925d8850
b2,held_out,b2-k10-impeqv_dom-tree-2-c28e8c343d74,2571888799181496610,7f49ad0ac1c2e262607d04e82a59052fca7b1a050532196ae13874ad77ddf3d1,,impeqv_dom,10,19,19,19,5100.0,300.0,9,23,16,4,9,23,16,25000.0,24700.0,18300.0,456,198700.0,194799.9990079552,3799.9998312443495,14600.023860111833,49399.96870234609,24999.957531690598,28300.0,16000.0,ok,4024.0,14240.0,4232.0,14082.0,20800.0,241500.0,3.5387673956262424,3.3275047258979207,4.914933837429111,7f49ad0ac1c2e262607d04e82a59052fca7b1a050532196ae13874ad77ddf3d1,True,128,1280,2432,512,512,8388608,50,5,c28e8c343d74fa2c39bae85d0d215a51
b2,held_out,b2-k10-impeqv_dom-tree-3-4537a75ce604,2757192480714216151,56d24a658c7cbe708adf0414be52f24ddc0aa1f015579185dc0cd48a1f240882,,impeqv_dom,10,24,28,24,6500.0,300.0,14,35,24,4,14,35,24,32800.0,33000.0,20300.0,582,270200.0,265299.9828569591,5200.010491535068,20500.010577961802,66700.07132925093,35499.97927621007,37900.0,25800.0,ok,5686.0,20250.0,6004.0,20320.0,21600.0,316700.0,3.561378825184664,3.3844103930712857,3.597601598934044,56d24a658c7cbe708adf0414be52f24ddc0aa1f015579185dc0cd48a1f240882,True,128,1280,3584,640,512,8388608,50,5,4537a75ce60422c1a0cdcdfca10b146e
b2,held_out,b2-k10-impeqv_dom-tree-4-146866abdaef,1556866305809211590,5314217abb5a6447b09852854165d1b704f2905cddd68cebeadfdaf9cceb96dd,,impeqv_dom,10,21,21,21,5100.0,200.0,11,27,18,5,11,27,18,27300.0,26400.0,20700.0,495,210400.0,205499.99317154288,4900.0082071870565,12699.980288743973,55000.06955116987,25000.01573935151,31700.0,17800.0,ok,4668.0,15384.0,4886.0,15538.0,18500.0,251400.0,3.295629820051414,3.1801064265247647,3.78632828489562,5314217abb5a6447b09852854165d1b704f2905cddd68cebeadfdaf9cceb96dd,True,128,1280,2688,768,640,8388608,50,5,146866abdaefb2c0b1597eb94371ed3f
b2,held_out,b2-k10-impeqv_dom-shared-1-a2d9511bd8a2,5292682897367932940,3b07de64b0c63311c34ee1d14d51cd0dbff4fa063cc3cc72eda1bc51bd02dfc6,,impeqv_dom,10,36,61,34,9400.0,200.0,24,68,46,7,30,86,58,47300.0,56000.0,28100.0,903,404000.0,397600.00072419643,4100.0021155923605,25799.99272711575,101100.10043717921,65000.00017695129,56400.0,50100.0,ok,11806.0,44268.0,9676.0,34796.0,24700.0,503100.0,3.7496188378790447,3.596114096734188,2.552707730467135,3b07de64b0c63311c34ee1d14d51cd0dbff4fa063cc3cc72eda1bc51bd02dfc6,True,128,1280,7808,640,896,8388608,50,5,a2d9511bd8a201c689ebc3f5a7b55893
b2,held_out,b2-k10-impeqv_dom-shared-2-e0619ddaeb12,6313063904411458792,f834dbdf22fd8cf1b2092bb052117469798775d42c4cc697442cc22ba86df612,,impeqv_dom,10,32,54,32,8500.0,200.0,22,61,40,6,28,79,52,38700.0,44600.0,26100.0,778,342900.0,337299.97812770307,2299.9884095042944,23600.03418289125,86999.99307282269,53299.96929503977,50200.0,39000.0,ok,10552.0,39316.0,8660.0,30008.0,24500.0,362200.0,3.72592873388931,3.4651270207852196,2.8290993071593533,f834dbdf22fd8cf1b2092bb052117469798775d42c4cc697442cc22ba86df612,True,128,1280,6912,512,768,8388608,50,5,e0619ddaeb1211acdf3616cfa3ac87f9
b2,held_out,b2-k10-impeqv_dom-shared-3-456d3bc52660,1607127040407481344,e90aaf1e4409cd954c1689522f626be0c05bd03a907bba5e153335cd2fa656c5,,impeqv_dom,10,35,102,30,8000.0,300.0,20,51,35,5,51,114,82,46400.0,50100.0,28000.0,868,393400.0,387100.0080835074,9999.98883344233,32299.984013661742,90399.98985826969,54199.91794042289,48900.0,75800.0,ok,15554.0,67298.0,7532.0,25732.0,22500.0,419200.0,4.326732673267327,3.41635687732342,2.987254381306426,e90aaf1e4409cd954c1689522f626be0c05bd03a907bba5e153335cd2fa656c5,True,128,1280,13056,640,640,8388608,50,5,456d3bc526601306ff104f31f5e57ae2
b2,held_out,b2-k10-impeqv_dom-shared-4-2386e2077320,6173966275266302578,650e7da2e8455d8ed3c88f0b1bd75c14a36dcec3d79f9bf1ab2e401e20537b2b,,impeqv_dom,10,32,81,32,8100.0,200.0,22,56,38,6,43,105,71,40100.0,41400.0,24700.0,784,376800.0,371000.001905486,7700.058631598949,24200.009647756815,83799.99781027436,61699.916841462255,48800.0,58600.0,ok,14362.0,54158.0,8430.0,28246.0,22200.0,400000.0,3.7709232697395905,3.3506524317912216,2.6334519572953736,650e7da2e8455d8ed3c88f0b1bd75c14a36dcec3d79f9bf1ab2e401e20537b2b,True,128,1280,10368,640,768,8388608,50,5,2386e2077320ecac837b776f630db81f
b2,held_out,b2-k10-mixed-tree-1-f431ce588c32,3624270875353164548,4745731af5e9243209198887508a49500828d5e3b5b95a785cd4015c2c9746c2,,mixed,10,20,21,17,4400.0,200.0,7,14,12,4,10,14,12,24800.0,24300.0,17000.0,479,235000.0,230299.97828416526,14099.99094903469,22099.993657320738,51600.10186955333,25500.019546598196,29600.0,17000.0,ok,3042.0,13286.0,3316.0,12316.0,16300.0,294200.0,4.367521367521367,3.7141133896260556,4.915560916767189,4745731af5e9243209198887508a49500828d5e3b5b95a785cd4015c2c9746c2,True,128,1280,2688,512,512,8388608,50,5,f431ce588c32a7f3e482c89aa2729a7a
b2,held_out,b2-k10-mixed-tree-2-82994a7af72e,6389711878431836114,999e6cb468a0387d197bfc65cc9bfd4b994d448c970bc3da29f6bd6f9fffd95e,,mixed,10,23,26,22,5800.0,300.0,12,26,19,4,13,26,19,31400.0,30100.0,19700.0,554,270200.0,265199.98209550977,12000.00406242907,25399.989681318402,61700.06236061454,33300.02073198557,34200.0,20100.0,ok,4686.0,17664.0,5138.0,17264.0,21600.0,294600.0,3.769526248399488,3.3600622810432075,4.203970416504476,999e6cb468a0387d197bfc65cc9bfd4b994d448c970bc3da29f6bd6f9fffd95e,True,128,1280,3328,512,512,8388608,50,5,82994a7af72e9a55853afac16b489e5f
b2,held_out,b2-k10-mixed-tree-3-961dbd1e0dd8,5779049478844451861,c764aed964b41ffe8a6d6671bb0382489e45362d47d9f79f5f06116a50ae4f44,,mixed,10,22,24,20,5300.0,300.0,10,15,13,3,12,15,13,29800.0,27200.0,18500.0,527,280500.0,275400.0015556812,17499.958630651236,22299.966076388955,64100.05153156817,35299.977753311396,31100.0,21400.0,ok,3370.0,14950.0,4042.0,14234.0,17100.0,287300.0,4.436201780415431,3.5215239980207818,4.230578921326076,c764aed964b41ffe8a6d6671bb0382489e45362d47d9f79f5f06116a50ae4f44,True,128,1280,3072,384,384,8388608,50,5,961dbd1e0dd8468c22deb7a41cd1aae8
b2,held_out,b2-k10-mixed-tree-4-a46b1cdc2617,6980434910580637429,2482721c239c03e6563c0d339ad648261c9bde5695c190c7e3fc844e703949e8,,mixed,10,19,19,19,5100.0,200.0,9,15,12,3,9,15,12,27600.0,23200.0,18900.0,454,244500.0,239899.9931756407,10999.9964479357,16699.981642886996,50600.0651512295,27500.00567175448,28800.0,16700.0,ok,3262.0,12654.0,3830.0,12534.0,19800.0,254100.0,3.8792152053954627,3.272584856396867,5.169712793733681,2482721c239c03e6563c0d339ad648261c9bde5695c190c7e3fc844e703949e8,True,128,1280,2432,384,384,8388608,50,5,a46b1cdc261747a7788db7973a2ba3f6
b2,held_out,b2-k10-mixed-shared-1-ed6b5cd37350,3446688548793734298,6d93321deb38f1132aad525ae54ba3a0281a6927f26d0ef1270e7b1a966ce072,,mixed,10,32,58,28,7800.0,300.0,18,38,29,7,30,51,39,43800.0,42400.0,25800.0,781,427300.0,420800.0027574599,25000.01573935151,41099.93460588157,93300.01194030046,58799.98207092285,44800.0,40600.0,ok,7596.0,35722.0,6804.0,25340.0,21800.0,428000.0,4.702738283307004,3.7242798353909463,3.2039976484420927,6d93321deb38f1132aad525ae54ba3a0281a6927f26d0ef1270e7b1a966ce072,True,128,1280,7424,512,896,8388608,50,5,ed6b5cd3735029768ba19d5fd6fe31e0
b2,held_out,b2-k10-mixed-shared-2-ee63ac52edf4,1550171057243158312,d5b9585357b8851bce30f11eac0744be80f6c99086765fbec06556e8dcba487c,,mixed,10,32,57,23,6400.0,300.0,13,30,25,7,28,52,40,37300.0,41300.0,23900.0,791,422000.0,416299.99759607017,28800.01557059586,39500.00973418355,90800.0220078975,56300.02124235034,36000.0,40600.0,ok,7488.0,35492.0,5118.0,21060.0,19800.0,435900.0,4.739850427350428,4.1148886283704575,3.868698710433763,d5b9585357b8851bce30f11eac0744be80f6c99086765fbec06556e8dcba487c,True,128,1280,7296,640,896,8388608,50,5,ee63ac52edf494d15a82fdec517e2fd7
b2,held_out,b2-k10-mixed-shared-3-189118134673,5661738862708891787,f63d4bbf0860a4b54fa10e72b56cdefdb2fec0a8f874429c44c8c467d12f3716,,mixed,10,30,59,23,6500.0,300.0,13,30,24,6,29,53,41,36400.0,40700.0,23700.0,742,385300.0,379099.9762713909,24099.97978247702,37299.93477463722,83899.96946789324,53499.91261027753,36500.0,44600.0,ok,7552.0,36968.0,5176.0,20364.0,20500.0,447300.0,4.8951271186440675,3.934312210200927,3.960587326120556,f63d4bbf0860a4b54fa10e72b56cdefdb2fec0a8f874429c44c8c467d12f3716,True,128,1280,7552,512,768,8388608,50,5,1891181346731b0b1f59219de651e491
b2,held_out,b2-k10-mixed-shared-4-bc98fc0156a1,1211785704347422295,f7743b4d3584d737f00c61e0d0e4483f3eeeed164a52e0b4b9f6adfd08ed6134,,mixed,10,34,76,29,10600.0,500.0,19,43,33,7,38,67,52,41000.0,45800.0,26000.0,839,448500.0,442099.9903231859,25999.965146183968,39300.03731511533,93799.95753988624,64499.996369704604,49300.0,57800.0,ok,9876.0,47290.0,7212.0,28360.0,22500.0,478800.0,4.788375860672337,3.932334997226844,3.119800332778702,f7743b4d3584d737f00c61e0d0e4483f3eeeed164a52e0b4b9f6adfd08ed6134,True,128,1280,9728,640,896,8388608,50,5,bc98fc0156a176df345867ab15afbd18
b2,held_out,b2-k12-xor_dom-tree-1-58b08f43ff42,221395747203947214,b47bd399acce2d9e4a4446b7ddedd667546ab768effebe79232934adf8822fcd,,xor_dom,12,24,25,19,5200.0,300.0,7,16,14,4,12,16,14,29100.0,33200.0,19900.0,575,314400.0,309499.99927543104,20999.956177547574,34099.96861591935,65100.14645755291,37400.051951408386,28700.0,21700.0,ok,5685.0,18145.0,5285.0,14535.0,20500.0,325500.0,3.1917326297273525,2.750236518448439,3.878902554399243,b47bd399acce2d9e4a4446b7ddedd667546ab768effebe79232934adf8822fcd,True,512,6144,12800,2048,2048,8388608,20,5,58b08f43ff4235817eee5e1f0042ed14
b2,held_out,b2-k12-xor_dom-tree-2-f9f1dbfc58a0,7411211578172593753,427ec03b5f5d547ae32f7cfc4a065844544ee6965f1ba9ad58b8446c6e83cded,,xor_dom,12,28,30,21,5500.0,200.0,9,19,16,4,16,19,16,30700.0,33400.0,22000.0,660,347300.0,342000.0139158219,24800.07242411375,43600.01184977591,73899.95153062046,36900.019040331244,29200.0,24200.0,ok,6065.0,17870.0,6330.0,15465.0,18600.0,364800.0,2.94641384995878,2.443127962085308,2.938388625592417,427ec03b5f5d547ae32f7cfc4a065844544ee6965f1ba9ad58b8446c6e83cded,True,512,6144,15360,2048,2048,8388608,20,5,f9f1dbfc58a043dc493070b19c76313b
b2,held_out,b2-k12-xor_dom-tree-3-732256a48755,1757570066407390709,c7302e58732f124950724bb164ab08c8e412445463d0e329387615054bd17e6f,,xor_dom,12,28,31,20,5300.0,300.0,8,18,16,3,16,18,16,29400.0,31900.0,21700.0,669,363600.0,358199.9917514622,26199.908461421728,43900.072341784835,78699.8716648668,41800.0272475183,28700.0,22500.0,ok,5945.0,19245.0,5855.0,16115.0,18800.0,357500.0,3.2371740958788897,2.752348420153715,3.210930828351836,c7302e58732f124950724bb164ab08c8e412445463d0e329387615054bd17e6f,True,512,6144,15872,2048,1536,8388608,20,5,732256a487557c763f973d17d5915df4
b2,held_out,b2-k12-xor_dom-tree-4-d425291e801e,3600091003421285003,882842244bf707ab8293f5c692f94aabc749c16effedfcb3c1dbd0d978b94898,,xor_dom,12,23,23,17,4100.0,200.0,5,15,13,4,11,15,13,26100.0,27800.0,18800.0,548,296500.0,291999.9824371189,18600.025214254856,35700.068110600114,63100.0439170748,36399.9861292541,24800.0,21200.0,ok,5635.0,15305.0,5645.0,13130.0,18200.0,320900.0,2.7160603371783494,2.325952170062002,3.2240921169176264,882842244bf707ab8293f5c692f94aabc749c16effedfcb3c1dbd0d978b94898,True,512,6144,11776,2048,2048,8388608,20,5,d425291e801ee09b5be7583fed51e705
b2,held_out,b2-k12-xor_dom-shared-1-471ce8cfd63d,757653677291527923,ac3fc79eacd1d3ed9e99f95d4d164e885aa62b794868cf4e8716c6affda9b2cb,,xor_dom,12,33,50,20,6100.0,300.0,8,23,20,6,25,30,27,35900.0,43800.0,26300.0,806,507900.0,501399.97620135546,37900.08486248553,72700.02970471978,100100.00551119447,64400.024712085724,31600.0,38000.0,ok,9165.0,30495.0,6990.0,18915.0,23300.0,505300.0,3.327332242225859,2.7060085836909873,3.3333333333333335,ac3fc79eacd1d3ed9e99f95d4d164e885aa62b794868cf4e8716c6affda9b2cb,True,512,6144,25600,2048,3072,8388608,20,5,471ce8cfd63dffec52eed3f02c923b95
b2,held_out,b2-k12-xor_dom-shared-2-c00263664ad9,3186792753857850529,33e3c96f05ea739bc01ccd8787cc5e2af60ae27c0040f5ec6696ff322370b74f,,xor_dom,12,43,148,23,6900.0,300.0,11,27,24,8,74,97,85,51800.0,65300.0,33600.0,1072,729000.0,720500.0147223473,57900.03342553973,113499.93292242289,135000.00932253897,102499.96557831764,38500.0,108000.0,ok,26750.0,89225.0,8015.0,22485.0,24000.0,705600.0,3.3355140186915886,2.8053649407361196,2.9943855271366187,33e3c96f05ea739bc01ccd8787cc5e2af60ae27c0040f5ec6696ff322370b74f,True,512,6144,75776,2560,4096,8388608,20,5,c00263664ad99d2758e4c36e5b323172
b2,held_out,b2-k12-xor_dom-shared-3-75c78e4c8980,1045398341543788215,a1b36dd03e496fe7dbb7c1055d8a78a826fa830ee6ec76048bf0b94903351520,,xor_dom,12,43,85,30,8800.0,300.0,18,37,31,8,43,53,47,53700.0,62500.0,34400.0,1063,664500.0,656299.9915331602,51099.86523166299,92200.06177201867,125500.02429634333,90499.90330822766,50600.0,60700.0,ok,15150.0,51420.0,11300.0,29565.0,28900.0,639500.0,3.394059405940594,2.616371681415929,2.5575221238938055,a1b36dd03e496fe7dbb7c1055d8a78a826fa830ee6ec76048bf0b94903351520,True,512,6144,43520,2560,4096,8388608,20,5,75c78e4c89801ac4090903381cfeabe5
b2,held_out,b2-k12-xor_dom-shared-4-ef377d6180bd,8986853030041671011,ad1260d2805fb2e3089ad381f925524c0c3a8d8d99c946dffde12cf6364f3bc7,,xor_dom,12,33,55,23,7600.0,300.0,11,24,22,7,29,35,30,40800.0,47600.0,27100.0,805,538300.0,531199.9993864447,41899.94069747627,78800.01794546843,105599.98918324709,70599.98461045325,38600.0,39400.0,ok,10695.0,33635.0,7805.0,22085.0,22600.0,520300.0,3.1449275362318843,2.8295964125560538,2.8955797565663035,ad1260d2805fb2e3089ad381f925524c0c3a8d8d99c946dffde12cf6364f3bc7,True,512,6144,28160,2560,3584,8388608,20,5,ef377d6180bdac50ff2bb5858f945f18
b2,held_out,b2-k12-andor_dom-tree-1-a97f101c02c9,5231186278601261507,1c70364ab0c6d294988f2cd9350a324e844b3bef3795c32a0449c50168a8ef9a,,andor_dom,12,26,29,20,5700.0,300.0,8,14,14,6,14,14,14,33200.0,33000.0,21300.0,624,360400.0,346899.9930191785,27600.006433203816,28100.068448111415,74799.98748749495,40600.07631778717,32900.0,23400.0,ok,4645.0,18150.0,5070.0,15985.0,21100.0,341600.0,3.907427341227126,3.1528599605522682,4.161735700197239,1c70364ab0c6d294988f2cd9350a324e844b3bef3795c32a0449c50168a8ef9a,True,512,6144,14848,2560,3072,8388608,20,5,a97f101c02c94fa6717a8e45e4f527bf
b2,held_out,b2-k12-andor_dom-tree-2-7c935460fe73,3528756940792466924,277a0bd63a0736365059119411599b5aaf498f03c37eb8c6019cafcac3ac0c0f,,andor_dom,12,26,26,24,5800.0,300.0,12,23,17,3,14,23,17,33900.0,31900.0,20900.0,604,297000.0,291800.01001805067,15800.062101334333,21700.048819184303,69500.03444217145,35000.062780454755,35500.0,21800.0,ok,7845.0,18270.0,8365.0,17315.0,22300.0,309600.0,2.3288718929254304,2.0699342498505677,2.6658696951583982,277a0bd63a0736365059119411599b5aaf498f03c37eb8c6019cafcac3ac0c0f,True,512,6144,13312,2048,1536,8388608,20,5,7c935460fe73c450f8c766b0a0f0c05b
b2,held_out,b2-k12-andor_dom-tree-3-3425f4494063,8598764449675670836,20df078becaffb7697d484657044c06259823bed8550d38b29c0130a91510b08,,andor_dom,12,27,31,24,6600.0,200.0,12,19,17,6,15,19,17,38000.0,36900.0,22900.0,652,350900.0,345100.0084169209,22799.998987466097,28700.014809146523,74999.95990656316,43000.036384910345,36900.0,24400.0,ok,6325.0,19845.0,7170.0,19170.0,20700.0,360600.0,3.1375494071146246,2.6736401673640167,2.8870292887029287,20df078becaffb7697d484657044c06259823bed8550d38b29c0130a91510b08,True,512,6144,15872,2048,3072,8388608,20,5,3425f4494063df5c04dbe9c6ae5ab73d
b2,held_out,b2-k12-andor_dom-tree-4-4668b9a9de6a,936709755032230383,d17d47659342e84f45d293475ae80d1440c596010bad72068c02d0538116fb8c,,andor_dom,12,26,28,20,5400.0,300.0,8,14,13,4,14,15,14,31500.0,31400.0,21600.0,617,317700.0,312499.9930150807,23899.890948086977,21800.04958063364,71299.96083676815,34600.05973465741,29300.0,21700.0,ok,5100.0,17485.0,5175.0,14960.0,18900.0,329200.0,3.4284313725490194,2.8908212560386475,3.652173913043478,d17d47659342e84f45d293475ae80d1440c596010bad72068c02d0538116fb8c,True,512,6144,14336,2048,2048,8388608,20,5,4668b9a9de6a9db132298188e926347c
b2,held_out,b2-k12-andor_dom-shared-1-50f526a5c97f,1868980891956868651,085867a3008fc330558d9a52d31e9e1c0f9805d909277ee6f4512554def6ca0e,,andor_dom,12,32,79,25,6900.0,300.0,13,23,20,7,40,58,48,45000.0,41400.0,25700.0,768,437800.0,432000.00072829425,34100.026823580265,36699.95930977166,90200.1338545233,65799.97716471553,38700.0,62600.0,ok,15455.0,48080.0,7485.0,20130.0,35700.0,453000.0,3.1109673244904563,2.68937875751503,4.7695390781563125,085867a3008fc330558d9a52d31e9e1c0f9805d909277ee6f4512554def6ca0e,True,512,6144,40448,2048,3584,8388608,20,5,50f526a5c97f217dd2b68dc289572fbb
b2,held_out,b2-k12-andor_dom-shared-2-50260f8a12a2,2865108032548886642,af151701c29240b24d2bbdee39b0c6b4f1c3db6776f0fca3fa0a70c6e4d6c55d,,andor_dom,12,38,83,26,8000.0,200.0,14,29,27,8,43,49,44,47800.0,51600.0,33700.0,930,583500.0,576799.9973613769,49499.96946379542,55499.927839264274,118399.9702334404,87099.96473044157,42900.0,64800.0,ok,13380.0,48700.0,8665.0,26475.0,23100.0,585700.0,3.6397608370702543,3.0553952683208307,2.6658972879399885,af151701c29240b24d2bbdee39b0c6b4f1c3db6776f0fca3fa0a70c6e4d6c55d,True,512,6144,42496,2560,4096,8388608,20,5,50260f8a12a2adfeb77aa187e78a4609
b2,held_out,b2-k12-andor_dom-shared-3-0c0054958df2,2630966035142090651,71edf00a5137651c0a4fb97720d8baa0b6ce7db6da6567afec547030d5499922,,andor_dom,12,29,49,19,5400.0,300.0,7,16,15,5,24,28,26,34100.0,40400.0,24400.0,707,400200.0,395199.98244941235,31700.008548796177,41000.108467414975,83100.05068778992,50200.06210543215,28700.0,35300.0,ok,8540.0,29995.0,5350.0,15755.0,29700.0,403000.0,3.512295081967213,2.944859813084112,5.5514018691588785,71edf00a5137651c0a4fb97720d8baa0b6ce7db6da6567afec547030d5499922,True,512,6144,25088,2048,2560,8388608,20,5,0c0054958df225563af528bd48e72728
b2,held_out,b2-k12-andor_dom-shared-4-4b3e0c13b861,2898015842502853779,05554d5b91542982023de10c6e728ca182d34cc773455cb52b396e9b54c4ea25,,andor_dom,12,32,48,24,6900.0,300.0,12,29,24,6,24,39,31,37500.0,63100.0,40100.0,775,463600.0,456499.9835565686,33200.078178197145,44399.98883754015,95600.00034980476,64699.939684942365,40000.0,38200.0,ok,11295.0,31265.0,8940.0,22630.0,23500.0,460000.0,2.7680389552899514,2.5313199105145414,2.6286353467561523,05554d5b91542982023de10c6e728ca182d34cc773455cb52b396e9b54c4ea25,True,512,6144,24576,2048,3072,8388608,20,5,4b3e0c13b861338c49538c7b5f081432
b2,held_out,b2-k12-impeqv_dom-tree-1-b84e5ead9772,650839947324121101,8bbf576bad1940554ba4dfbdcccbac9e5815b6edabcdc8be19495390d01d8653,,impeqv_dom,12,25,27,25,6500.0,300.0,13,35,24,6,13,35,24,32800.0,33100.0,20800.0,602,277000.0,272099.9764278531,3399.9676816165447,18000.020645558834,66700.12953691185,46300.03240890801,42300.0,21700.0,ok,11785.0,21435.0,12295.0,21300.0,27500.0,316400.0,1.8188375053033516,1.7324115494103294,2.236681577877186,8bbf576bad1940554ba4dfbdcccbac9e5815b6edabcdc8be19495390d01d8653,True,512,6144,13824,2560,3072,8388608,20,5,b84e5ead97722466c738aaebf0d7bb64
b2,held_out,b2-k12-impeqv_dom-tree-2-efcfe8a9d099,458987363646541869,12bb8d46f3dc7c1b2d765504f1204f9320b843e9936bf45b93c9dd882ea43beb,,impeqv_dom,12,31,37,31,8800.0,300.0,19,47,32,5,19,47,32,40400.0,45500.0,24400.0,747,333700.0,328199.9961473048,7299.997378140688,20800.012862309813,86099.98621977866,47200.010158121586,48100.0,28500.0,ok,15220.0,27825.0,16420.0,27670.0,30600.0,363500.0,1.8281865965834427,1.6851400730816077,1.8635809987819731,12bb8d46f3dc7c1b2d765504f1204f9320b843e9936bf45b93c9dd882ea43beb,True,512,6144,18944,2560,2560,8388608,20,5,efcfe8a9d0999545edb922e8add55891
b2,held_out,b2-k12-impeqv_dom-tree-3-55ecbcba0651,5857418499416136517,7706cdf872b2f54e859c5e467f810d90a27b5012d71cc14b9184bac89fa49101,,impeqv_dom,12,26,27,26,6500.0,300.0,14,36,24,6,14,36,24,33300.0,33400.0,21100.0,616,261700.0,256700.0046838075,3499.9684430658817,14699.966413900256,68099.96557421982,39100.03579221666,37300.0,22700.0,ok,11940.0,20850.0,12875.0,20965.0,27100.0,301700.0,1.7462311557788945,1.6283495145631068,2.1048543689320387,7706cdf872b2f54e859c5e467f810d90a27b5012d71cc14b9184bac89fa49101,True,512,6144,13824,2048,3072,8388608,20,5,55ecbcba0651567d453a83b2852bf685
b2,held_out,b2-k12-impeqv_dom-tree-4-d18fdd8343dc,8262023895027738459,5023ff3d5a8388df2f16269410d8c0f53d8424ec6b906f93eede58371eb3e700,,impeqv_dom,12,29,34,29,7600.0,200.0,17,42,29,6,17,42,29,38000.0,40400.0,23300.0,699,315800.0,310500.0068899244,6499.991286545992,21200.01590810716,78099.98351149261,44899.905333295465,44600.0,47000.0,ok,13235.0,25355.0,13890.0,25415.0,28900.0,363500.0,1.915753683415187,1.8297336213102953,2.0806335493160546,5023ff3d5a8388df2f16269410d8c0f53d8424ec6b906f93eede58371eb3e700,True,512,6144,17408,2048,3072,8388608,20,5,d18fdd8343dcadfdba4bd1ea2ecf1d01
b2,held_out,b2-k12-impeqv_dom-shared-1-a0a2c0931e69,433907426300434722,c7b32fa81162ac5c89f652db28dbb2a74603fa55ad809e80665fb863c0b85982,,impeqv_dom,12,37,78,37,9400.0,300.0,25,67,45,8,41,102,69,46500.0,52300.0,29500.0,904,412300.0,406400.0095240772,5500.012775883079,22999.971406534314,99999.97564591467,73499.8902771622,61600.0,63000.0,ok,32570.0,56085.0,22215.0,35325.0,38400.0,475500.0,1.721983420325453,1.5901417960837272,1.7285617825793382,c7b32fa81162ac5c89f652db28dbb2a74603fa55ad809e80665fb863c0b85982,True,512,6144,39936,2048,4096,8388608,20,5,a0a2c0931e693e4de212d7771546e6e4
b2,held_out,b2-k12-impeqv_dom-shared-2-1385a0b1080c,4063321571096695436,ed2456209e3c9c214dd3fb32696b3d14e49809d467d353e0e4491ef7597972ed,,impeqv_dom,12,33,57,30,7800.0,300.0,18,52,35,7,28,70,49,47300.0,53200.0,26500.0,812,356200.0,350300.01890845597,3400.025889277458,23099.943064153194,86499.93105791509,57699.94459114969,47200.0,45600.0,ok,20665.0,40900.0,16675.0,28305.0,31000.0,374600.0,1.9791918703121218,1.6974512743628185,1.8590704647676162,ed2456209e3c9c214dd3fb32696b3d14e49809d467d353e0e4491ef7597972ed,True,512,6144,29184,2048,3584,8388608,20,5,1385a0b1080c90d88b168bb1678be65b
b2,held_out,b2-k12-impeqv_dom-shared-3-c60cc82b0720,5638624352018510945,1f5e30ff999fd78ba6cf030159d9c0aa183021f5f490ffadb04748179aa955dc,,impeqv_dom,12,35,64,34,9200.0,300.0,22,59,40,6,34,83,56,44900.0,48800.0,28000.0,851,403300.0,397100.0260207802,7600.028766319156,28800.044674426317,97399.92674440145,67100.04527121782,55400.0,47200.0,ok,24195.0,46115.0,18900.0,32600.0,36300.0,446600.0,1.905972308328167,1.7248677248677249,1.9206349206349207,1f5e30ff999fd78ba6cf030159d9c0aa183021f5f490ffadb04748179aa955dc,True,512,6144,32768,2048,3072,8388608,20,5,c60cc82b0720dc27fa80890745e3b89d
b2,held_out,b2-k12-impeqv_dom-shared-4-5d7fc59cbaf7,2449394051856914272,65e35349e4a9010a3b6bc75bb6cd6e9387358c2ab01c9eb392d787a38e96b7ea,,impeqv_dom,12,36,62,36,9400.0,200.0,24,63,42,7,32,79,54,45700.0,51100.0,29600.0,875,426700.0,413000.0015720725,5599.955329671502,27300.004148855805,102199.99239780009,67100.07437504828,55100.0,45200.0,ok,23200.0,44990.0,19745.0,34140.0,33600.0,461200.0,1.9392241379310344,1.7290453279311218,1.701696632058749,65e35349e4a9010a3b6bc75bb6cd6e9387358c2ab01c9eb392d787a38e96b7ea,True,512,6144,31744,2560,3584,8388608,20,5,5d7fc59cbaf768164fa3056661b4d3f5
b2,held_out,b2-k12-mixed-tree-1-ddb82bdf8146,3677944072933272508,9c8b248d77b14f016a5c8523895940246703d3753efb78809b5f7a0d630e976e,,mixed,12,24,25,23,5800.0,200.0,11,22,17,3,12,22,17,34100.0,30400.0,20400.0,576,289400.0,284200.010355562,13999.93197992444,21600.048057734966,65499.88756887615,38999.94771927595,34000.0,19600.0,ok,7595.0,18100.0,8240.0,17545.0,23400.0,312100.0,2.3831468071099406,2.129247572815534,2.8398058252427183,9c8b248d77b14f016a5c8523895940246703d3753efb78809b5f7a0d630e976e,True,512,6144,12800,2560,1536,8388608,20,5,ddb82bdf81460398f51b7b71b2b5084f
b2,held_out,b2-k12-mixed-tree-2-380dba915931,3337054381804343800,357ab1032ff9d89f13986c91b214ecdee357db539ccc245df471924319d0755c,,mixed,12,25,26,24,6300.0,300.0,12,22,17,3,13,22,17,35400.0,31900.0,20800.0,594,309000.0,303900.0148419291,16000.063624233007,24300.03951303661,69200.00305399299,41399.995097890496,35500.0,21000.0,ok,7740.0,18060.0,8265.0,17520.0,23200.0,322700.0,2.3333333333333335,2.11978221415608,2.807017543859649,357ab1032ff9d89f13986c91b214ecdee357db539ccc245df471924319d0755c,True,512,6144,13312,2048,1536,8388608,20,5,380dba9159313b1c381805637c2acb3e
b2,held_out,b2-k12-mixed-tree-3-e56bca913be9,2623101370694258581,83f7f5180404aaff1e4d42351c83fa2c083c68d3179ba35daa204ccc350af1fc,,mixed,12,28,31,27,6500.0,300.0,15,30,22,4,16,30,22,37000.0,34500.0,22300.0,665,321100.0,315100.01281276345,13699.92969557643,27399.975806474686,74500.13072229922,42300.06015859544,38300.0,23600.0,ok,12600.0,21960.0,10445.0,21645.0,25900.0,368100.0,1.7428571428571429,2.0722833891814267,2.4796553374820487,83f7f5180404aaff1e4d42351c83fa2c083c68d3179ba35daa204ccc350af1fc,True,512,6144,15872,2048,2048,8388608,20,5,e56bca913be9349b5a10d57295c7207b
b2,held_out,b2-k12-mixed-tree-4-4769a3d3ef25,5309945438962748026,3e999714a42c4f044b430b8cc40abb720d38493759d9fe0cc549d769e03d9ad9,,mixed,12,27,29,25,6500.0,300.0,13,28,20,4,15,29,21,35800.0,34900.0,21700.0,640,303700.0,298700.004350394,12499.978765845299,25799.963623285294,69999.95093792677,37800.02589337528,36800.0,22800.0,ok,9535.0,20505.0,9890.0,19025.0,31100.0,383200.0,2.1504981646565287,1.9236602628918098,3.1445904954499495,3e999714a42c4f044b430b8cc40abb720d38493759d9fe0cc549d769e03d9ad9,True,512,6144,14848,2048,2048,8388608,20,5,4769a3d3ef257f5baf500e4fadea31a5
b2,held_out,b2-k12-mixed-shared-1-f8b45cd2b4da,3228334566636910320,58d74552627d4b7e9c125d6eb17b2f852862824480487ffbd2d2855002864947,,mixed,12,42,82,32,9600.0,400.0,20,44,36,8,42,63,51,52500.0,57700.0,34200.0,1030,622100.0,614399.992628023,46199.9443359673,59699.988923966885,128199.9284401536,93200.01117885113,52900.0,62700.0,ok,18390.0,52065.0,13550.0,33540.0,50200.0,849800.0,2.83115823817292,2.4752767527675275,3.7047970479704797,58d74552627d4b7e9c125d6eb17b2f852862824480487ffbd2d2855002864947,True,512,6144,41984,2048,4096,8388608,20,5,f8b45cd2b4dae9a1f0826e7ff9df8a79
b2,held_out,b2-k12-mixed-shared-2-50e3ef4d7ce9,5068251161288152654,7d6ab2fd13b177da1853d5aba62e55a9f8bd1d2f9b1c5a128c5194b40f2544ca,,mixed,12,36,64,30,9200.0,300.0,18,39,31,7,32,57,44,70400.0,76000.0,50000.0,885,750800.0,741000.0253003091,46699.94814321399,70099.9516993761,162100.09925998747,104800.0412993133,51600.0,48100.0,ok,16065.0,42475.0,12420.0,28700.0,30800.0,532500.0,2.643946467475879,2.3107890499194848,2.4798711755233493,7d6ab2fd13b177da1853d5aba62e55a9f8bd1d2f9b1c5a128c5194b40f2544ca,True,512,6144,32768,2560,3584,8388608,20,5,50e3ef4d7ce94f2b7e5fe91738eb7758
b2,held_out,b2-k12-mixed-shared-3-b8fa1dce4b0b,6783274338345329890,d170e5645e8911a3ecb37073163e94e81699b620f5d1a07eeb2d13301d1a8f3d,,mixed,12,32,73,24,7000.0,300.0,12,30,24,8,36,82,59,39200.0,43800.0,25000.0,785,422800.0,416700.0006418675,24600.012693554163,36499.95778687298,90799.93469640613,62100.00719875097,39100.0,61100.0,ok,21930.0,51030.0,9520.0,22470.0,23200.0,427500.0,2.3269493844049247,2.360294117647059,2.436974789915966,d170e5645e8911a3ecb37073163e94e81699b620f5d1a07eeb2d13301d1a8f3d,True,512,6144,37376,2560,4096,8388608,20,5,b8fa1dce4b0bc619bce10a46918c22fa
b2,held_out,b2-k12-mixed-shared-4-b5d9843db5e5,8163146052916282808,f056e6820013d8b35a3a4a56d4b2e9cece0e03cb2be1884a7fe5b62e6e54439f,,mixed,12,41,92,33,9200.0,300.0,21,40,32,10,47,60,52,57500.0,63100.0,34000.0,999,593100.0,585599.9770574272,43500.01108832657,52999.96701069176,121799.87970739603,88399.9455254525,54800.0,69800.0,ok,16825.0,55480.0,12900.0,30520.0,34800.0,561200.0,3.2974739970282316,2.365891472868217,2.697674418604651,f056e6820013d8b35a3a4a56d4b2e9cece0e03cb2be1884a7fe5b62e6e54439f,True,512,6144,47104,2560,5120,8388608,20,5,b5d9843db5e5a41e524408169173818c
b2,held_out,b2-k16-xor_dom-tree-1-2f5ce8a982ff,6810252154136699346,018e0ba07f27a37af3716edbabbd12ddb0b4c19c71b3e0d33f1ffc9c32f618c8,,xor_dom,16,39,45,30,8000.0,300.0,14,29,25,5,23,29,25,46400.0,51500.0,29400.0,934,529300.0,521700.01436024904,35000.09188428521,60499.99501556158,109400.07632598281,71099.95931386948,45500.0,36500.0,ok,42500.0,49720.0,42920.0,45640.0,61900.0,584000.0,1.1698823529411764,1.0633737185461323,1.3562664329535494,018e0ba07f27a37af3716edbabbd12ddb0b4c19c71b3e0d33f1ffc9c32f618c8,True,8192,131072,368640,40960,40960,8388608,5,5,2f5ce8a982ffa8fd1f0938431c39c29c
b2,held_out,b2-k16-xor_dom-tree-2-dc59bd3a0d74,5929915108510667547,b3ff3aa89347b3ff62d4d5966b626179406588b275bf6df9a7ddf9da6917a985,,xor_dom,16,35,38,27,6800.0,300.0,11,22,20,4,19,22,20,42400.0,41900.0,27100.0,836,467600.0,460900.01706033945,32399.955671280622,54099.97538663447,96399.977337569,62000.06464496255,39100.0,28800.0,ok,29620.0,43120.0,29620.0,39340.0,54800.0,586000.0,1.4557731262660365,1.3281566509115463,1.3929842399593289,b3ff3aa89347b3ff62d4d5966b626179406588b275bf6df9a7ddf9da6917a985,True,8192,131072,311296,32768,32768,8388608,5,5,dc59bd3a0d742d46cb136f3486a28cda
b2,held_out,b2-k16-xor_dom-tree-3-fd0e9542c807,2205747598495726275,a3955e0d7106bf8d76e35852c93e5943f4d40a0fc2408a3793bffdf25c694402,,xor_dom,16,40,47,31,8300.0,200.0,15,34,28,4,24,34,28,47200.0,52000.0,29900.0,961,535800.0,528999.9826345593,32999.93113614619,63800.04924722016,115499.97725524008,73299.94696192443,45100.0,33400.0,ok,48820.0,53120.0,48900.0,50500.0,64200.0,620500.0,1.0880786562884064,1.032719836400818,1.2712871287128713,a3955e0d7106bf8d76e35852c93e5943f4d40a0fc2408a3793bffdf25c694402,True,8192,131072,385024,49152,32768,8388608,5,5,fd0e9542c807aa5f98d6a8a50bb4942a
b2,held_out,b2-k16-xor_dom-tree-4-ccf5dc564650,2152520424065324552,3c793589cc2bebc13af38a7c815bc02ed82fcfd33ae54d0a1d523e95d20eb1e3,,xor_dom,16,40,48,30,8100.0,300.0,14,29,26,4,24,29,26,50100.0,58200.0,31900.0,965,582700.0,574800.0112362206,41800.0272475183,73400.03503486514,115400.06380528212,76799.97361265123,46600.0,35000.0,ok,41720.0,51920.0,38860.0,47760.0,63800.0,646700.0,1.2444870565675934,1.229027277406073,1.3358458961474038,3c793589cc2bebc13af38a7c815bc02ed82fcfd33ae54d0a1d523e95d20eb1e3,True,8192,131072,393216,40960,32768,8388608,5,5,ccf5dc564650469fd8771eed98469d37
b2,held_out,b2-k16-xor_dom-shared-1-3867fe1a233b,7495572205536692381,61793872c60bf17fd180b9da24ec1c27aa496660279f122cdac3f9312e26df04,,xor_dom,16,50,81,33,9300.0,300.0,17,35,31,7,41,47,43,54200.0,68000.0,37600.0,1227,779200.0,770400.0163357705,59199.89780522883,106200.02285577357,148199.84789937735,118500.0000987202,50400.0,59800.0,ok,67220.0,81860.0,53220.0,54640.0,71000.0,848800.0,1.2177923237131807,1.0266816986095453,1.2994143484626648,61793872c60bf17fd180b9da24ec1c27aa496660279f122cdac3f9312e26df04,True,8192,131072,663552,49152,57344,8388608,5,5,3867fe1a233b8539d9c2ba0736d5141b
b2,held_out,b2-k16-xor_dom-shared-2-d28a01c0b901,465941860363625421,e6bb163b96b1e8d81c66a8d3862f9e8cc469a96a2e0c2c1627b125cc35e0d6c3,,xor_dom,16,41,63,26,7300.0,300.0,10,27,25,5,31,39,35,44300.0,52200.0,31000.0,999,668300.0,660799.9966945499,49499.94035996497,102699.99620504677,126200.00052265823,101300.07285624743,39200.0,51600.0,ok,51320.0,67180.0,34800.0,44740.0,63100.0,705200.0,1.3090413094310211,1.285632183908046,1.4103710326329906,e6bb163b96b1e8d81c66a8d3862f9e8cc469a96a2e0c2c1627b125cc35e0d6c3,True,8192,131072,516096,32768,40960,8388608,5,5,d28a01c0b9013e8020356d64403c0f01
b2,held_out,b2-k16-xor_dom-shared-3-78849fba8a04,98424347731004743,d8a6946aaef5ede9c872cb34102c54b328721c28f85ee042e221cd4e1035b1a3,,xor_dom,16,45,72,29,8500.0,300.0,13,34,30,7,37,42,38,47600.0,58200.0,33300.0,1085,729900.0,721900.025382638,54599.979193881154,109500.01887977123,140099.9608449638,105699.98994469643,47900.0,52300.0,ok,57760.0,71560.0,48420.0,51080.0,78700.0,768100.0,1.2389196675900278,1.0549359768690623,1.5407204385277995,d8a6946aaef5ede9c872cb34102c54b328721c28f85ee042e221cd4e1035b1a3,True,8192,131072,589824,40960,57344,8388608,5,5,78849fba8a0496b7b3829f603bc87028
b2,held_out,b2-k16-xor_dom-shared-4-c20fb11b9c87,5927682103504941426,4ac9c3c0cad97d417ecda5976d75ae28cccf878ef50e0a5b38335576cdd355fc,,xor_dom,16,45,70,31,13500.0,300.0,15,32,26,5,36,45,39,52000.0,59000.0,35700.0,1088,658000.0,650100.0025309622,47500.15796162188,83500.02462975681,130600.12133792043,91899.88486468792,49300.0,51900.0,ok,67580.0,73100.0,53780.0,46620.0,62500.0,743500.0,1.081680970701391,0.8668650055782819,1.3406263406263406,4ac9c3c0cad97d417ecda5976d75ae28cccf878ef50e0a5b38335576cdd355fc,True,8192,131072,573440,32768,40960,8388608,5,5,c20fb11b9c873214ba614bab4da1f4b0
b2,held_out,b2-k16-andor_dom-tree-1-9b69c21027be,1923879239273327675,2ca316eb2f35ea4b8332ebc0581fd6e0804e90ea1114984111640b40d9fcc188,,andor_dom,16,32,32,31,7700.0,200.0,15,17,16,4,16,17,16,50000.0,38500.0,29800.0,752,380900.0,374900.0024981797,26000.02335384488,27499.976567924023,88899.94933269918,49700.000090524554,44000.0,23800.0,ok,21920.0,36300.0,24060.0,36660.0,52600.0,450900.0,1.656021897810219,1.5236907730673317,1.4348063284233497,2ca316eb2f35ea4b8332ebc0581fd6e0804e90ea1114984111640b40d9fcc188,True,8192,131072,262144,32768,32768,8388608,5,5,9b69c21027be1612263d601c2fa605c2
b2,held_out,b2-k16-andor_dom-tree-2-4798fd76dd91,8936547383074978021,4460bf05a8bc6256ffcc79d3e2f758a8823b21313048bebf192867527f455313,,andor_dom,16,34,34,31,7300.0,300.0,15,25,20,4,18,25,20,46700.0,38400.0,26100.0,795,382600.0,376500.01468136907,22999.971406534314,26400.055503472686,87900.0872373581,49900.05982108414,43300.0,25700.0,ok,39260.0,39860.0,42960.0,40160.0,63600.0,463100.0,1.0152827305145187,0.9348230912476723,1.5836653386454183,4460bf05a8bc6256ffcc79d3e2f758a8823b21313048bebf192867527f455313,True,8192,131072,278528,49152,32768,8388608,5,5,4798fd76dd91a3fedf52dc7c0edece3d
b2,held_out,b2-k16-andor_dom-tree-3-0631f9f38a59,2286144104135083728,fbe9a08a73ce5575f037a20423fdff198c637108de4103c6866d2a82619d5521,,andor_dom,16,34,34,31,7500.0,300.0,15,25,20,5,18,25,20,48300.0,39900.0,26200.0,789,393800.0,387500.01112930477,23600.03418289125,28800.044674426317,90799.8182810843,48499.96184930205,41900.0,25000.0,ok,42180.0,39680.0,43980.0,38080.0,54200.0,467600.0,0.9407302038880986,0.8658481127785357,1.4233193277310925,fbe9a08a73ce5575f037a20423fdff198c637108de4103c6866d2a82619d5521,True,8192,131072,278528,40960,40960,8388608,5,5,0631f9f38a59e376b1fca7715ceaf22e
b2,held_out,b2-k16-andor_dom-tree-4-63621194d872,1732736013917953904,17f9d6bb136db54edcc941d09098c3b90ca65b39e4c4efbb1cce0ab98375d033,,andor_dom,16,36,39,33,7700.0,300.0,17,27,22,5,20,28,23,48500.0,43500.0,27300.0,853,433100.0,426700.0185791403,25699.962861835957,35300.03596097231,95399.94061924517,55399.98528547585,51000.0,29000.0,ok,40280.0,46740.0,44960.0,45500.0,58100.0,509100.0,1.1603773584905661,1.0120106761565837,1.2769230769230768,17f9d6bb136db54edcc941d09098c3b90ca65b39e4c4efbb1cce0ab98375d033,True,8192,131072,319488,40960,40960,8388608,5,5,63621194d872ff0fb0296bcc8a8fc619
b2,held_out,b2-k16-andor_dom-shared-1-98d2a1ad94ad,1220152016246370561,61cb2b2132400af1e104646086523433a7a1ab97ee1ca0017395caa45fe33395,,andor_dom,16,43,71,28,7600.0,200.0,12,26,25,8,37,41,37,50600.0,56200.0,34400.0,1041,659400.0,651799.9863717705,55799.842812120914,73600.00745393336,134399.91744235158,99999.94654208422,42000.0,49400.0,ok,55880.0,71520.0,32420.0,46500.0,64200.0,721000.0,1.2798854688618468,1.4342998149290562,1.3806451612903226,61cb2b2132400af1e104646086523433a7a1ab97ee1ca0017395caa45fe33395,True,8192,131072,581632,32768,65536,8388608,5,5,98d2a1ad94adf2bb987a8c3d3d580016
b2,held_out,b2-k16-andor_dom-shared-2-cf190eb487c4,7887325703681359166,a27c9206f7b3a6994f380287bd0875302344283e44383b01cd4424959ada4433,,andor_dom,16,48,72,37,9600.0,300.0,21,40,34,8,38,47,40,59800.0,60900.0,34500.0,1154,707300.0,701200.0132817775,54299.947805702686,60899.91074986756,146899.86710436642,107099.88418966532,64500.0,64300.0,ok,70160.0,74480.0,61120.0,59020.0,74100.0,742600.0,1.0615735461801596,0.9656413612565445,1.2555066079295154,a27c9206f7b3a6994f380287bd0875302344283e44383b01cd4424959ada4433,True,8192,131072,589824,40960,65536,8388608,5,5,cf190eb487c43e880bdcac6247716fcf
b2,held_out,b2-k16-andor_dom-shared-3-b995a8e54fc8,8291594619762703730,a858d9c33bba4c22c5645d0238026ec68895f78131c09866ba049ac1213930f0,,andor_dom,16,44,84,32,8600.0,300.0,16,34,30,9,42,49,45,54500.0,60400.0,34100.0,1069,651100.0,643199.9790947884,49699.9709866941,62900.042394176126,132899.96422827244,101599.92962144315,48400.0,59300.0,ok,69140.0,87760.0,45440.0,55680.0,69600.0,790300.0,1.2693086491177321,1.2253521126760563,1.25,a858d9c33bba4c22c5645d0238026ec68895f78131c09866ba049ac1213930f0,True,8192,131072,688128,40960,73728,8388608,5,5,b995a8e54fc8be58fad7f1820347b1a4
b2,held_out,b2-k16-andor_dom-shared-4-00fae4d6add7,911737085210064713,7b9b7ab938f677f2eeba5f8f4b683b2e08a62006f1718fd09dbd9982634affb7,,andor_dom,16,43,78,32,8500.0,300.0,16,33,29,8,39,52,45,58400.0,57400.0,33500.0,1042,629300.0,621599.9892447144,49299.822421744466,59200.014220550656,126699.91701841354,103499.9149851501,50300.0,57900.0,ok,85560.0,80280.0,52980.0,51500.0,75400.0,696900.0,0.938288920056101,0.9720649301623254,1.4640776699029125,7b9b7ab938f677f2eeba5f8f4b683b2e08a62006f1718fd09dbd9982634affb7,True,8192,131072,638976,40960,65536,8388608,5,5,00fae4d6add7f3969a304bb041c09e1d
b2,held_out,b2-k16-impeqv_dom-tree-1-e08d580f6edb,2303823521989399970,28939964043b92825c69db3a62cc0fd0e572fe878bc09d6abe48f167e8f38c56,,impeqv_dom,16,40,48,40,9800.0,300.0,24,65,44,6,24,65,44,50500.0,54600.0,32800.0,970,429200.0,422499.98659826815,6600.021151825786,27600.035537034273,108499.89484995604,70000.00914558768,61600.0,37600.0,ok,134800.0,66640.0,139180.0,67840.0,83600.0,557300.0,0.4943620178041543,0.4874263543612588,1.232311320754717,28939964043b92825c69db3a62cc0fd0e572fe878bc09d6abe48f167e8f38c56,True,8192,131072,393216,49152,49152,8388608,5,5,e08d580f6edb5bb7f9f29d7e6b5c87b1
b2,held_out,b2-k16-impeqv_dom-tree-2-c47a93c76ff1,4202918359783409565,b02ee6a9490f8f01dae562dfc4eaee99f6b91c56c9a55de5075e040c2c8badb0,,impeqv_dom,16,38,41,37,9300.0,300.0,21,56,37,5,22,56,37,46600.0,69700.0,32700.0,896,418000.0,411200.0169698149,7099.995855242014,31199.975637719035,109699.99129883945,60399.93604645133,57100.0,32100.0,ok,107120.0,57880.0,110320.0,59320.0,79700.0,556700.0,0.5403286034353996,0.537708484408992,1.3435603506405933,b02ee6a9490f8f01dae562dfc4eaee99f6b91c56c9a55de5075e040c2c8badb0,True,8192,131072,335872,40960,40960,8388608,5,5,c47a93c76ff1f90404d1101c7e522774
b2,held_out,b2-k16-impeqv_dom-tree-3-01da67660395,3476691762425883568,6eca2c4bc082b0802c1c2ec4897191c392a9aa04049295ebb289b5966f58ca11,,impeqv_dom,16,40,47,39,10600.0,400.0,23,60,41,6,24,60,41,52500.0,53400.0,31200.0,961,581800.0,576899.9981228262,11500.000255182385,47500.0124424696,144000.0778529793,90300.01820065081,63900.0,39500.0,ok,121500.0,69400.0,124120.0,66740.0,88500.0,584200.0,0.5711934156378601,0.5377054463422495,1.326041354510039,6eca2c4bc082b0802c1c2ec4897191c392a9aa04049295ebb289b5966f58ca11,True,8192,131072,385024,40960,49152,8388608,5,5,01da676603950bf10ac55f06ccb310ec
b2,held_out,b2-k16-impeqv_dom-tree-4-f1d16cc1ccd8,5028277784127778536,b2800e59b7e91c0103d66c14b98bd8f6bd2802fc6614fcd1cba5ce28391b0a8d,,impeqv_dom,16,36,37,36,8600.0,300.0,20,54,35,5,20,54,35,45500.0,46800.0,29200.0,844,357800.0,351700.00046491623,2300.017513334751,22200.02352260053,98900.05458146334,51100.03985464573,50600.0,29900.0,ok,113740.0,56320.0,113220.0,56260.0,74500.0,512400.0,0.4951644100580271,0.4969086733792616,1.3242090295058657,b2800e59b7e91c0103d66c14b98bd8f6bd2802fc6614fcd1cba5ce28391b0a8d,True,8192,131072,303104,32768,40960,8388608,5,5,f1d16cc1ccd87cd3bdbf93dc2d4cbb76
b2,held_out,b2-k16-impeqv_dom-shared-1-37e51ffa951a,8541885619864290971,3750f3194b5162b24abdb770fe535cd77b4bef4322b4e5dfa973574f347c175c,,impeqv_dom,16,46,75,46,12000.0,300.0,30,77,52,7,39,93,64,62000.0,65500.0,36700.0,1118,535900.0,528500.007931143,9800.016414374113,33800.08274689317,127199.94992949069,102600.02454742789,72500.0,59200.0,ok,202060.0,100020.0,172720.0,79600.0,98100.0,683200.0,0.4950014847075126,0.46086150995831404,1.2324120603015076,3750f3194b5162b24abdb770fe535cd77b4bef4322b4e5dfa973574f347c175c,True,8192,131072,614400,32768,57344,8388608,5,5,37e51ffa951a5efa0431ecfe2e1e7612
b2,held_out,b2-k16-impeqv_dom-shared-2-c84cd9722277,7728009916220492791,1c30a6291e46f89c84bcae3dadbeef7d015272b03ccf65928a8dfa7f459ee9b9,,impeqv_dom,16,52,105,49,12700.0,300.0,33,80,54,8,58,118,82,70000.0,71200.0,39800.0,1262,621100.0,612200.0049799681,18300.022929906845,39099.977584555745,145400.08851327002,115000.03165565431,78600.0,79200.0,ok,246340.0,125380.0,185040.0,85540.0,97700.0,739800.0,0.5089713404238045,0.4622784262862084,1.1421557166238017,1c30a6291e46f89c84bcae3dadbeef7d015272b03ccf65928a8dfa7f459ee9b9,True,8192,131072,860160,40960,65536,8388608,5,5,c84cd972227722d3994c261dbed9935f
b2,held_out,b2-k16-impeqv_dom-shared-3-dd3d88c4a1c4,4375186941912038214,5d121794535354beda6ba2813e5aba86727dc7c786f7fc871639de7cbca6eb44,,impeqv_dom,16,47,125,42,10400.0,300.0,26,74,49,7,63,185,123,58900.0,66200.0,35800.0,1148,480600.0,473000.02188421786,1899.9853637069464,25499.961338937283,118800.03148689866,90399.84433911741,63400.0,86800.0,ok,398160.0,167140.0,168560.0,72060.0,146700.0,638700.0,0.4197809925658027,0.4275035595633602,2.035803497085762,5d121794535354beda6ba2813e5aba86727dc7c786f7fc871639de7cbca6eb44,True,8192,131072,1024000,49152,57344,8388608,5,5,dd3d88c4a1c4c77c937babcfe278be7c
b2,held_out,b2-k16-impeqv_dom-shared-4-750f3169f2d6,1888028651262616953,516f91b25b608fbd7314967bd76f9d270ad918c97cc184abb9d442d58cab63a2,,impeqv_dom,16,40,83,39,9500.0,300.0,23,67,44,6,44,124,81,69100.0,54800.0,30900.0,969,490700.0,482700.0084333122,1999.9861251562834,26399.997295811772,126700.12074522674,95699.91379976273,61200.0,63800.0,ok,249200.0,106660.0,148900.0,60320.0,79300.0,548400.0,0.4280096308186196,0.4051040967092008,1.3146551724137931,516f91b25b608fbd7314967bd76f9d270ad918c97cc184abb9d442d58cab63a2,True,8192,131072,679936,32768,49152,8388608,5,5,750f3169f2d63d844b1f4544bdd21e36
b2,held_out,b2-k16-mixed-tree-1-d1b5689114e3,2031832896383559571,cfd9c47fbac4cfe26ed662ae3188f5f7e58968533c6a4898b9d815378ce18e20,,mixed,16,32,32,29,6800.0,200.0,13,25,20,6,16,25,20,39900.0,36500.0,24500.0,752,406000.0,400799.99598674476,22199.93621110916,31199.975637719035,88100.0014487654,51400.01303516328,39200.0,23400.0,ok,46740.0,37860.0,47400.0,36940.0,53200.0,448400.0,0.810012836970475,0.7793248945147679,1.4401732539252843,cfd9c47fbac4cfe26ed662ae3188f5f7e58968533c6a4898b9d815378ce18e20,True,8192,131072,262144,40960,49152,8388608,5,5,d1b5689114e3546f3a1d158264d1cd1a
b2,held_out,b2-k16-mixed-tree-2-9cf5c64922ce,7206917432231053046,c4c0eb0b91911ee77095e3f1861624778ca5fc74b348b68586b378949000912b,,mixed,16,32,33,32,7300.0,300.0,16,26,21,5,16,26,21,43400.0,37000.0,23900.0,759,364900.0,358899.9970816076,18200.022168457508,28700.014809146523,77800.06853863597,48700.02157986164,44500.0,24900.0,ok,40920.0,40260.0,42080.0,46280.0,56500.0,469100.0,0.9838709677419355,1.099809885931559,1.2208297320656871,c4c0eb0b91911ee77095e3f1861624778ca5fc74b348b68586b378949000912b,True,8192,131072,270336,40960,40960,8388608,5,5,9cf5c64922ce0571249969b7df68a600
b2,held_out,b2-k16-mixed-tree-3-813773e1451b,8471364858595781130,a95812dc6dbc063bb8164d6abbc45375d73fcfc19d0625b01d15b5c6e8414b8e,,mixed,16,40,48,40,9500.0,300.0,24,53,38,6,24,53,38,52800.0,53800.0,34400.0,966,487100.0,482700.0084333122,15899.9755512923,33600.11032782495,109799.90474879742,70199.95246082544,58400.0,35400.0,ok,112800.0,62600.0,106400.0,60120.0,75200.0,612400.0,0.5549645390070922,0.5650375939849624,1.2508316699933466,a95812dc6dbc063bb8164d6abbc45375d73fcfc19d0625b01d15b5c6e8414b8e,True,8192,131072,393216,40960,49152,8388608,5,5,813773e1451bbd6a2f98e96ceefda0d9
b2,held_out,b2-k16-mixed-tree-4-8eb11693eacf,7546548295398555270,4d6d9f055df5a6ee20cb816584dc2ae46a7f5e44347816ed8de2c611a8529f3b,,mixed,16,37,43,36,8900.0,300.0,20,43,32,5,21,43,32,49700.0,53200.0,27500.0,893,426200.0,419499.9928586185,17500.075045973063,35800.15618354082,97599.92826730013,64799.9404463917,52900.0,34000.0,ok,73360.0,53680.0,76220.0,53740.0,69500.0,529600.0,0.7317339149400218,0.7050642875885594,1.2932638630442872,4d6d9f055df5a6ee20cb816584dc2ae46a7f5e44347816ed8de2c611a8529f3b,True,8192,131072,352256,32768,40960,8388608,5,5,8eb11693eacf1038682e614ce5d178ae
b2,held_out,b2-k16-mixed-shared-1-ee24b1b1bb48,7410857442308306875,c1e3d8599b12aecc02b1037e39548ef97c9b307728c1dd11c2724784ceae6cb0,,mixed,16,41,77,33,8500.0,300.0,17,39,32,6,38,54,46,52700.0,53100.0,31000.0,998,589900.0,584599.9985467643,36599.95854832232,50800.00846646726,124800.01896619797,100899.95339512825,49700.0,55900.0,ok,88880.0,82320.0,66060.0,55600.0,71500.0,718600.0,0.9261926192619262,0.841659097789888,1.2859712230215827,c1e3d8599b12aecc02b1037e39548ef97c9b307728c1dd11c2724784ceae6cb0,True,8192,131072,630784,40960,49152,8388608,5,5,ee24b1b1bb4825011fe7d41a9efa2bb7
b2,held_out,b2-k16-mixed-shared-2-bc31f42a45c2,8112298265698936930,7a725401fb035c3469721894db466607939804371e65638031032201203731b2,,mixed,16,44,96,34,8900.0,300.0,18,51,39,7,50,107,76,51200.0,59600.0,33900.0,1073,671500.0,665200.0010944903,37300.05118995905,62600.040109828115,142400.09477362037,113200.0470533967,52700.0,68300.0,ok,193960.0,118920.0,88020.0,63680.0,82300.0,718000.0,0.6131161064136935,0.7234719381958645,1.292399497487437,7a725401fb035c3469721894db466607939804371e65638031032201203731b2,True,8192,131072,786432,32768,57344,8388608,5,5,bc31f42a45c2f54a8b39ca80550f8c5f
b2,held_out,b2-k16-mixed-shared-3-8dda327e304f,5943071947396413043,5a5dd23628309d8254036753447cc7855664935af517dc86b3a9c8b57d120b9f,,mixed,16,46,85,39,10300.0,200.0,23,50,40,9,42,70,56,60000.0,63500.0,42000.0,1133,637900.0,629299.9896686524,35900.011425837874,59199.95601288974,136700.0222671777,105400.07497183979,59900.0,62800.0,ok,120480.0,95820.0,84400.0,67600.0,87800.0,780300.0,0.7953187250996016,0.8009478672985783,1.2988165680473374,5a5dd23628309d8254036753447cc7855664935af517dc86b3a9c8b57d120b9f,True,8192,131072,696320,40960,73728,8388608,5,5,8dda327e304f66ada6c383e414f2a5f7
b2,held_out,b2-k16-mixed-shared-4-8dafe13fc96b,4257770961390699927,2b01e9e55fa763957fceaf6cf7170bb8e75ab3237ef34252d83ab4a5e9c39ccc,,mixed,16,41,69,32,8800.0,300.0,16,45,35,8,34,68,51,50500.0,58300.0,34800.0,1001,583700.0,576399.9943155795,34899.97470751405,52100.01836530864,122600.00221431255,99099.91058520973,50900.0,51100.0,ok,142040.0,83380.0,85280.0,57420.0,73800.0,767600.0,0.5870177414812728,0.673311444652908,1.2852664576802508,2b01e9e55fa763957fceaf6cf7170bb8e75ab3237ef34252d83ab4a5e9c39ccc,True,8192,131072,565248,49152,65536,8388608,5,5,8dafe13fc96bfdcb0f894634ae107e89
epfl,held_out,epfl-arithmetic-adder-po3-e22ec7119f,,5f85ccec0d99b17c1f1e24b9cc46ce3319945912648ce0a7842f2114eafcb741,60a28c90dc413ab479e07aba13185ae71ab7ffd3fd256c5e631212ee46170bcd,adder.aig,8,42,89,41,9900.0,200.0,33,53,34,6,61,95,61,50100.0,45000.0,29300.0,956,439000.0,432200.0022511929,28900.016332045197,30799.972591921687,113399.99036863446,41199.964471161366,62800.0,92500.0,ok,10860.0,50178.0,7959.0,28403.0,24600.0,450800.0,4.620441988950276,3.5686644050760146,3.0908405578590274,d37f25665cce1aecebbf013f996122f7faa349f58412e2d981ca965024688b71,True,32,256,2848,192,192,8388608,100,5,e22ec7119ffd1636eadffc9fcfcb4843
epfl,held_out,epfl-arithmetic-adder-po4-ed17ac917c,,7438036983e270a3aae7df9a97a7adb27b08600271f54b1528fb7c79033c2900,60a28c90dc413ab479e07aba13185ae71ab7ffd3fd256c5e631212ee46170bcd,adder.aig,10,54,117,53,12400.0,300.0,43,69,44,8,81,127,81,65300.0,60500.0,38300.0,1222,545200.0,537699.9906729907,34499.9716617167,39599.95228797197,142799.9814040959,52099.8437423259,72400.0,73800.0,ok,17200.0,67322.0,11530.0,36730.0,26600.0,578000.0,3.9140697674418603,3.185602775368604,2.3070251517779705,9a8a466dc0641128100f47db630673764e5e229088ba532115734e5c0b50116e,True,128,1280,14976,896,1024,8388608,50,5,ed17ac917c28511b926f91df0f41f4cd
epfl,held_out,epfl-arithmetic-adder-po5-d8df03f32b,,cc1392ab2872a16263358c49d54f6f6a042ee879c568ff666eff15a4b702977b,60a28c90dc413ab479e07aba13185ae71ab7ffd3fd256c5e631212ee46170bcd,adder.aig,12,66,145,65,14900.0,300.0,53,85,54,10,101,159,101,79400.0,73800.0,44600.0,1490,672200.0,663400.0164922327,39100.03579221666,49300.02614855766,176200.11931285262,70599.95550662279,87900.0,93300.0,ok,44275.0,84935.0,26760.0,46530.0,43800.0,710900.0,1.9183512140033878,1.7387892376681615,1.6367713004484306,74d4ee5fb9d13f31a6dfc7bac9fa55de70a4b7638a656bf599d73d6e44730939,True,512,6144,74240,4096,5120,8388608,20,5,d8df03f32bb4ff5aac640b5056423024
epfl,held_out,epfl-arithmetic-adder-po6-5e5f8d2bf9,,ed2f865d4c1d045128523bd100e5c1052d90c4ffdde819b5e6e720ddda2ec6d0,60a28c90dc413ab479e07aba13185ae71ab7ffd3fd256c5e631212ee46170bcd,adder.aig,14,78,173,77,19100.0,200.0,63,101,64,12,121,191,121,95300.0,91100.0,50000.0,1758,816200.0,806299.9986577779,46400.00406652689,58200.006606057286,211299.83360879123,92800.09544454515,107600.0,103500.0,ok,111220.0,114280.0,60560.0,61060.0,90400.0,854000.0,1.027513037223521,1.0082562747688244,1.4927344782034346,4026f35c42e8009977267920e6c482465bf0766b5520545ad580edb8824305db,True,2048,28672,354304,18432,24576,8388608,5,5,5e5f8d2bf9194aa08af98cde3140bffc
epfl,held_out,epfl-arithmetic-adder-po7-7187a359bb,,9d28057f0e1c91056edd5e0780e22fabb109924591d348fee488088f94b03a13,60a28c90dc413ab479e07aba13185ae71ab7ffd3fd256c5e631212ee46170bcd,adder.aig,16,90,201,89,21300.0,300.0,73,117,74,14,141,223,141,109900.0,104800.0,55500.0,2026,912400.0,902100.0005304813,50599.948735907674,64299.90753531456,238900.04376880825,106299.99451339245,116200.0,121800.0,ok,392980.0,200660.0,213400.0,111600.0,124800.0,1090700.0,0.5106112270344547,0.5229615745079662,1.118279569892473,f9ca67460fd30b4ae937350951e78284923dca2986c7337f607e05d6400cd51c,True,8192,131072,1646592,81920,114688,8388608,5,5,7187a359bb715a036d7885a01c0f65a1
epfl,held_out,epfl-arithmetic-adder-internal23-c8f7e7c3d1,,8c303820e642d3085b45ccf82e502f884e33901014b7355ce9947a191d911173,60a28c90dc413ab479e07aba13185ae71ab7ffd3fd256c5e631212ee46170bcd,adder.aig,8,37,43,35,8600.0,300.0,27,45,29,7,29,45,29,48400.0,43700.0,26600.0,844,393900.0,387600.0118907541,24799.926904961467,28800.073778256774,104900.10026842356,32700.07437095046,49200.0,28200.0,ok,5814.0,24729.0,6756.0,24101.0,22100.0,413400.0,4.253353973168215,3.5673475429248076,3.271166370633511,6f04de1da7d877a6e57501a9c4c81c4cacf0e3048dba20d26c3fb349764e08b2,True,32,256,1376,160,224,8388608,100,5,c8f7e7c3d152396e9e07dab9ad5b9c81
epfl,held_out,epfl-arithmetic-adder-internal59-0da2adafe4,,314c7a0e9d6ef2861621e1abd2ac969b70fafecc64f84c17e6e40dabd4aec203,60a28c90dc413ab479e07aba13185ae71ab7ffd3fd256c5e631212ee46170bcd,adder.aig,16,86,100,85,20300.0,300.0,69,111,70,16,70,111,70,119400.0,116400.0,57400.0,1932,880000.0,869300.0127095729,46499.97572414577,63799.96193572879,234000.06466545165,100899.80787597597,111100.0,70400.0,ok,190420.0,104080.0,210820.0,108760.0,120900.0,1257100.0,0.5465812414662325,0.5158903329854853,1.1116219198234645,5df178d38710a83349fc826afce8a0ad16747fc3552c986fc861bf670bf13ad0,True,8192,131072,819200,73728,131072,8388608,5,5,0da2adafe4073aa50a8272d1609ccc0e
epfl,held_out,epfl-arithmetic-bar-internal12-c0943537bc,,8c8c379a4908901531f2f5d87fbfdb999cc6f4d090cf41d953e14297a29dedec,28a3d895fe2821d4dcd04230751a059cb31ff5e28285a61ff7778cf71fb61da3,bar.aig,8,30,38,23,6500.0,300.0,15,31,22,8,24,35,24,31800.0,37900.0,22700.0,701,362000.0,356300.0063877553,26699.970476329327,29699.87690448761,88300.06117932498,33300.02073198557,35000.0,25800.0,ok,4849.0,22189.0,4736.0,18551.0,20500.0,384500.0,4.575995050525882,3.917018581081081,4.328547297297297,767151bfa5326f9428f125559a3cf78cf0de04049476538d2e2620e7e94ee974,True,32,256,1216,160,256,8388608,100,5,c0943537bc142f4bbb73ea82b186df6e
epfl,held_out,epfl-arithmetic-bar-internal946-d4ec02cf11,,de79b1ebef3a6a2f2e4ad16d21d48d5e932615c52349246d16cc90d3647da400,28a3d895fe2821d4dcd04230751a059cb31ff5e28285a61ff7778cf71fb61da3,bar.aig,8,29,37,22,7100.0,300.0,14,29,21,7,23,33,23,32000.0,36800.0,23300.0,681,420200.0,413600.0061407685,31099.974876269698,31099.974876269698,91000.05263462663,38399.972254410386,65900.0,40700.0,ok,4627.0,21567.0,4463.0,18012.0,22400.0,352000.0,4.661119515885023,4.03585032489357,5.019045485099709,f4e942665f3d820b88516cdbb483464d4fe650a13cad04a4e1b6b46ff03d3ccf,True,32,256,1184,160,224,8388608,100,5,d4ec02cf1136c41e9bd1916f1b0ee824
epfl,held_out,epfl-arithmetic-bar-internal1491-d851acd11c,,79570f48654881e6c3b0293a3404059220fadaf331d51391080aeb1a61f9888e,28a3d895fe2821d4dcd04230751a059cb31ff5e28285a61ff7778cf71fb61da3,bar.aig,8,28,36,21,6200.0,300.0,13,27,20,6,22,31,22,29300.0,36000.0,22500.0,660,341000.0,335099.9904796481,25799.934519454837,28099.952032789588,78600.01642256975,33899.96709302068,32500.0,26200.0,ok,4517.0,21303.0,4064.0,16194.0,19000.0,331500.0,4.7161833075049815,3.984744094488189,4.675196850393701,b81d18cf1175a51585f5376e9977ebbdab4a6868949bfd830487d4b93643841a,True,32,256,1152,160,192,8388608,100,5,d851acd11c7e46c1a61c483ea739b41e
epfl,held_out,epfl-arithmetic-bar-internal1655-92b9245782,,0b86792efa3f1ec23b5e5fef89798ce65887056f734a22f0ec3bea3a09139cbe,28a3d895fe2821d4dcd04230751a059cb31ff5e28285a61ff7778cf71fb61da3,bar.aig,8,29,37,22,6100.0,200.0,14,29,21,7,23,33,23,34700.0,38400.0,23100.0,681,340600.0,334799.9881953001,25099.98739697039,26699.970476329327,81200.12353174388,30699.942726641893,33300.0,24400.0,ok,4417.0,20666.0,4265.0,17226.0,18900.0,358800.0,4.678741227077202,4.038921453692849,4.4314185228604925,060359ae0958bceff79b638e488e4ce81caaa6e468f0796d1a672393440beaf5,True,32,256,1184,160,224,8388608,100,5,92b9245782c10ad004215feb9cdf4cc1
epfl,held_out,epfl-arithmetic-bar-internal2321-8f03a00382,,898ae3e0a2d5b9a004896620f6100d41741c1f7a6c59afda8fc4fc20331b6df5,28a3d895fe2821d4dcd04230751a059cb31ff5e28285a61ff7778cf71fb61da3,bar.aig,12,54,76,40,10400.0,300.0,28,57,42,8,48,69,48,54800.0,71400.0,38500.0,1268,697700.0,691199.9953445047,58500.125305727124,60600.1412961632,164899.97506141663,74199.95381496847,58200.0,81300.0,ok,18910.0,44130.0,18815.0,35680.0,34600.0,653400.0,2.3336858804865153,1.8963592878022855,1.8389582779697051,1ccd113d82cef9974abc383d46f579db73cbc0688056bc9678a71b6ff2bfff48,True,512,6144,38912,2560,4096,8388608,20,5,8f03a00382f722f8356f7ce4ae9e61c6
epfl,held_out,epfl-arithmetic-div-internal11-6e2b7582e6,,01d0fabd251fcbbe2b93b4b927b26ad2a1a99077152e45ded1e678afa45dbec5,e65955ae0931e5c7ed91a6210f0f6e6b7bd95eaeef1ffddcfb3e7ec633ed5d82,div.aig,8,23,23,17,4900.0,300.0,9,23,15,9,15,23,15,22000.0,27400.0,21000.0,524,261600.0,256800.00544525683,17599.959392100573,23899.978259578347,66299.95186813176,19599.974621087313,22700.0,17000.0,ok,3493.0,13501.0,3140.0,11397.0,39100.0,292500.0,3.8651588892069855,3.6296178343949044,12.452229299363058,01d0fabd251fcbbe2b93b4b927b26ad2a1a99077152e45ded1e678afa45dbec5,True,32,256,736,160,288,8388608,100,5,6e2b7582e69a24a480feb20a4a258e8d
epfl,held_out,epfl-arithmetic-div-internal205-17fa719fea,,997c1bbe98efbc30bcb4fc4bbe24093055e0fa4b85351e419f04bc96f6a3bea2,e65955ae0931e5c7ed91a6210f0f6e6b7bd95eaeef1ffddcfb3e7ec633ed5d82,div.aig,10,33,38,26,7200.0,200.0,16,35,23,11,25,38,25,39300.0,41800.0,23900.0,748,407900.0,401400.0005554408,27299.945941194892,37599.96616281569,104600.01067258418,34500.000765547156,40300.0,29900.0,ok,5818.0,21958.0,5396.0,18078.0,21500.0,380700.0,3.774149192162255,3.350259451445515,3.9844329132690883,0f36b0fa51084ad87b21152b5ae6ea0bec2f9ba8315ecba6f3da919c42c1f71b,True,128,1280,4864,640,1408,8388608,50,5,17fa719fea419fc70e73558a1f8ddce6
epfl,held_out,epfl-arithmetic-div-internal2341-0bff27478a,,5778f985db754c6628691f56fadae50c65fddbe8eb2e93039633fefa05d45e31,e65955ae0931e5c7ed91a6210f0f6e6b7bd95eaeef1ffddcfb3e7ec633ed5d82,div.aig,8,22,22,16,4000.0,200.0,8,21,14,8,14,21,14,21400.0,34000.0,31900.0,504,250000.0,245500.00671297312,15500.001609325409,22900.02885274589,63799.96193572879,18499.93714131415,24000.0,19200.0,ok,3283.0,13092.0,3100.0,11026.0,17500.0,245800.0,3.9878160219311605,3.556774193548387,5.645161290322581,6cc4f0e930b34481d03a4134331852eaed66667e3b3d8605f7cd3777551d2b6f,True,32,256,704,160,256,8388608,100,5,0bff27478a11a38d9def3bd159cffbdd
epfl,held_out,epfl-arithmetic-div-internal10810-b1ae747db1,,d5990a0fe875a0aa109edb831f0e95b8f0a3a46b9b78daeaea9ce05c32c7201f,e65955ae0931e5c7ed91a6210f0f6e6b7bd95eaeef1ffddcfb3e7ec633ed5d82,div.aig,14,41,41,29,6500.0,200.0,15,41,27,15,27,41,27,34700.0,43200.0,27600.0,924,463100.0,456699.9850794673,33299.962524324656,48199.930461123586,112699.95593465865,41199.90626350045,34800.0,27300.0,ok,22600.0,27180.0,19680.0,23080.0,32200.0,422700.0,1.202654867256637,1.1727642276422765,1.636178861788618,d5990a0fe875a0aa109edb831f0e95b8f0a3a46b9b78daeaea9ce05c32c7201f,True,2048,28672,83968,12288,30720,8388608,5,5,b1ae747db1c268396bdf3e86f1f55413
epfl,held_out,epfl-arithmetic-div-internal28675-2e29c8b7fc,,8b2cf5a9437ce2378e2ba67b209e77c5966fb18f456512ec0aaaa01c619c217b,e65955ae0931e5c7ed91a6210f0f6e6b7bd95eaeef1ffddcfb3e7ec633ed5d82,div.aig,16,46,46,32,7800.0,300.0,16,45,30,16,30,45,30,38700.0,47900.0,29800.0,1038,479700.0,473199.9943032861,33999.967854470015,52499.93409961462,122700.09028725326,43700.07081888616,37100.0,31300.0,ok,74440.0,48400.0,70560.0,43940.0,58700.0,568100.0,0.6501880709296077,0.6227324263038548,1.3359126081019572,72efda3507f8576e0c8c053e36174a2967516d57dcf0460facd58e1238d7997a,True,8192,131072,376832,49152,131072,8388608,5,5,2e29c8b7fc05a592949476903c8a4505
epfl,held_out,epfl-arithmetic-hyp-internal65-be3998eac0,,892dc1d93262adb098e8a99ab8d0c65922c9e262dbaf8c9b873ea42b1e34007a,b0be478cd838b5fb7bb91ee695aae9e5e8a6ddb3035f965461bb709c21386549,hyp.aig,8,44,67,38,9800.0,300.0,30,51,36,7,41,57,41,51300.0,54100.0,33100.0,1037,527700.0,520400.00446140766,39199.97834600508,40300.103137269616,129300.02412758768,55799.95922744274,59100.0,48800.0,ok,7525.0,38312.0,8110.0,32103.0,24700.0,543000.0,5.091295681063123,3.958446362515413,3.0456226880394577,5c33e73f2a5983a625428579b9adb04a0be7a926c1bb5ffe0eac59c6d5f2c9b5,True,32,256,2144,192,224,8388608,100,5,be3998eac02d8153fbe2b03fa2a191da
epfl,held_out,epfl-arithmetic-hyp-internal17666-fd54aaf9b3,,198de70838377fa516f8f25f259d48d2acc38d2f09f983f3f98ba3a32f0a4e07,b0be478cd838b5fb7bb91ee695aae9e5e8a6ddb3035f965461bb709c21386549,hyp.aig,12,58,108,53,13800.0,400.0,41,66,46,7,66,91,66,73100.0,78200.0,40100.0,1348,717900.0,711500.0043995678,55900.04730038345,51000.06819702685,173700.07117278874,80000.02708286047,82200.0,83000.0,ok,29080.0,70620.0,28535.0,47660.0,38100.0,970500.0,2.4284731774415405,1.6702295426669003,1.335202383038374,198de70838377fa516f8f25f259d48d2acc38d2f09f983f3f98ba3a32f0a4e07,True,512,6144,55296,3072,3584,8388608,20,5,fd54aaf9b3ed8bf0bd52a04ebb21538c
epfl,held_out,epfl-arithmetic-hyp-internal39470-7af4a2b5bd,,9d6d1b4f4cb9e69615ed682a9f012d7c5e34dba6e16ce2c30fe3fe08f3a41526,b0be478cd838b5fb7bb91ee695aae9e5e8a6ddb3035f965461bb709c21386549,hyp.aig,12,41,49,33,9000.0,300.0,21,39,29,6,29,39,29,47500.0,56700.0,34000.0,962,481800.0,474700.00572502613,35300.065064802766,35999.895771965384,112500.09993091226,52899.90804158151,61900.0,58400.0,ok,18700.0,47365.0,12720.0,27425.0,27700.0,580500.0,2.532887700534759,2.1560534591194966,2.1776729559748427,9d6d1b4f4cb9e69615ed682a9f012d7c5e34dba6e16ce2c30fe3fe08f3a41526,True,512,6144,25088,2560,3072,8388608,20,5,7af4a2b5bdfe2e940f507a680a7b93a5
epfl,held_out,epfl-arithmetic-hyp-internal60556-85a8c283b2,,068cc6dea0f88cf6c0cc4c18cb930df20504334f2df745ea0ba2b63d9c114d87,b0be478cd838b5fb7bb91ee695aae9e5e8a6ddb3035f965461bb709c21386549,hyp.aig,12,47,103,41,10000.0,200.0,29,49,35,6,63,87,63,54300.0,55100.0,34400.0,1096,528200.0,520800.007507205,38799.91709254682,37000.078009441495,125000.19511207938,64199.93587769568,55300.0,69100.0,ok,23940.0,59875.0,15940.0,32830.0,31000.0,567000.0,2.5010442773600667,2.059598494353827,1.944792973651192,068cc6dea0f88cf6c0cc4c18cb930df20504334f2df745ea0ba2b63d9c114d87,True,512,6144,52736,3072,3072,8388608,20,5,85a8c283b241c11a136b97590b04e7e5
epfl,held_out,epfl-arithmetic-hyp-internal76240-1bc3a2623d,,e7557c59ce00eb6eac61299f2e160fc750fec37af064a2bf539668e19c462bdc,b0be478cd838b5fb7bb91ee695aae9e5e8a6ddb3035f965461bb709c21386549,hyp.aig,12,57,211,53,13600.0,300.0,41,65,45,6,131,183,131,73800.0,67400.0,41700.0,1324,674900.0,666400.0102318823,50500.064389780164,48600.04992224276,163000.0479053706,79500.0814832747,79300.0,151300.0,ok,51915.0,125315.0,21185.0,41990.0,37000.0,680800.0,2.413849561783685,1.9820627802690582,1.7465187632759027,e7557c59ce00eb6eac61299f2e160fc750fec37af064a2bf539668e19c462bdc,True,512,6144,108032,3584,3072,8388608,20,5,1bc3a2623d755d21c2b1f52b6c23ac51
epfl,held_out,epfl-arithmetic-hyp-internal97454-29cafc7bc4,,6ae90b00e22334d16b32f3d55eca283934424b24de7bb04bdf7380a4e42aeaaf,b0be478cd838b5fb7bb91ee695aae9e5e8a6ddb3035f965461bb709c21386549,hyp.aig,10,37,45,31,8600.0,300.0,21,37,27,6,27,37,27,47000.0,46300.0,28700.0,868,440200.0,434800.0220488757,34199.998481199145,33199.990866705775,105300.1033142209,45099.96506385505,46000.0,31100.0,ok,5800.0,25964.0,6602.0,24208.0,21300.0,514400.0,4.476551724137931,3.666767646167828,3.2262950621023934,6ae90b00e22334d16b32f3d55eca283934424b24de7bb04bdf7380a4e42aeaaf,True,128,1280,5760,640,768,8388608,50,5,29cafc7bc498116a823b99a9af3569b8
epfl,held_out,epfl-arithmetic-hyp-internal119304-16daab6b7b,,1c4d64d031df1f1e95ff233263a3bef9131a16bacc361ce541751c5252b84018,b0be478cd838b5fb7bb91ee695aae9e5e8a6ddb3035f965461bb709c21386549,hyp.aig,12,57,107,51,12700.0,300.0,39,64,45,7,65,89,65,70400.0,70500.0,39500.0,1328,674700.0,665300.0018559396,53499.94171410799,51300.0413775444,162299.89705607295,76100.11380165815,76400.0,76600.0,ok,23785.0,63120.0,20115.0,40955.0,34800.0,669400.0,2.6537733865881856,2.0360427541635597,1.7300521998508576,1c4d64d031df1f1e95ff233263a3bef9131a16bacc361ce541751c5252b84018,True,512,6144,54784,3072,3584,8388608,20,5,16daab6b7bdf7b07ea30b5ec661a047d
epfl,held_out,epfl-arithmetic-hyp-internal212060-c28ab69616,,c1ba94e94e9e5bda403528c481e360a007a4338aec7850571e72a8ba0d9e4a12,b0be478cd838b5fb7bb91ee695aae9e5e8a6ddb3035f965461bb709c21386549,hyp.aig,8,93,635,89,23500.0,300.0,81,126,85,14,399,563,399,126800.0,114000.0,61100.0,2173,1132800.0,1120500.0046174973,86500.04747323692,91700.02886094153,272400.2115428448,125400.02353489399,131300.0,433900.0,ok,64767.0,365127.0,26833.0,106926.0,36400.0,1982300.0,5.6375468988836905,3.984869377259345,1.3565385905414975,2fa3c0cff6da77d0de7047257916d615b2798236b56abd8027f87714841c5ec3,True,32,256,20320,288,448,8388608,100,5,c28ab69616b3c6909e4aa6aed555f5d6
epfl,held_out,epfl-arithmetic-log2-internal16-c3a7b25434,,3269aeb6831504cb8679ea40f749072951eb1728cc5e21e45fd0d6b423f6fa42,146f031921372d0dc47c73ad2c82ce4e7413caff725204b7938a4cf61b1f15cb,log2.aig,8,19,19,13,4900.0,400.0,5,15,11,5,11,15,11,31800.0,40300.0,26400.0,444,324900.0,318999.9843016267,21200.04501193762,29799.994081258774,82199.8983155936,27300.033252686262,29200.0,23600.0,ok,4179.0,15648.0,2748.0,9674.0,17600.0,255100.0,3.7444364680545585,3.52037845705968,6.404657933042213,2e0d44f2be93b23accb8e7680fa0b58e25f48e33334481a9297c8f5e9428f326,True,32,256,608,160,160,8388608,100,5,c3a7b254347e6b932fdd568eab56616c
epfl,held_out,epfl-arithmetic-log2-internal1914-5f203d9539,,572dbdacc4bddfa324214e5e0f808bf1673be4ab3cbd524794866e03edfe9660,146f031921372d0dc47c73ad2c82ce4e7413caff725204b7938a4cf61b1f15cb,log2.aig,8,402,2380,291,87700.0,300.0,283,515,394,117,1476,2049,1476,1003600.0,879000.0,418000.0,10299,11349600.0,11199000.000488013,1465300.3890998662,1933000.1377966255,1978599.9902524054,1942900.0676609576,497000.0,1835500.0,ok,263430.0,1401977.0,70664.0,327833.0,132400.0,9309200.0,5.322009642030141,4.639321295143213,1.873655609645647,8fdbe99647f13782bd7cfe5edd945685c0124a9b9f30a619d9f36e39289eaf9a,True,32,256,76160,288,3744,8388608,100,5,5f203d953931fcdf28e2dfa9b241a0ae
epfl,held_out,epfl-arithmetic-log2-internal3778-4bd86194c9,,2ce995d729520a32007bd7dd1acacf3813d4a3757255e3ae7d1e898dd59a0203,146f031921372d0dc47c73ad2c82ce4e7413caff725204b7938a4cf61b1f15cb,log2.aig,8,64,191,44,18700.0,400.0,36,72,56,14,119,167,119,98200.0,117200.0,68800.0,1563,1277100.0,1257399.9993037432,121600.16922280192,116299.95424300432,278999.8543448746,180100.17811320722,108600.0,202400.0,ok,29468.0,118904.0,9653.0,44859.0,26200.0,1210700.0,4.035021039771956,4.6471563244587175,2.714182119548327,69a1386a85c58ca2140b423ff0156238367f1bd864455a6033f8463470f9b54a,True,32,256,6112,192,448,8388608,100,5,4bd86194c9caae856550eb197db8c927
epfl,held_out,epfl-arithmetic-log2-internal5717-7cc65aa43a,,48187f7424e4a340a340f865bc4f2d47d3bb7ffaceccadf8e59ad718b98d0bd0,146f031921372d0dc47c73ad2c82ce4e7413caff725204b7938a4cf61b1f15cb,log2.aig,8,78,203,51,16000.0,300.0,43,88,70,21,123,167,123,72600.0,103000.0,55000.0,1922,1168500.0,1156799.989985302,117200.01930370927,119699.89282079041,239599.93268363178,159299.99062791467,87700.0,143400.0,ok,21268.0,116127.0,11645.0,57278.0,28300.0,1196000.0,5.460174910663908,4.918677544010305,2.4302275654787464,dfca6dd25a771f5ba97e3c8ef12c844603aff1f0546fff90aac7c44b9ca40e64,True,32,256,6496,192,672,8388608,100,5,7cc65aa43a34ba3681d0dddbd21687a1
epfl,held_out,epfl-arithmetic-log2-internal7808-791f45c1ba,,1f6f71b6077524958b516c869356dd36e7b353bbad0a2d3c892595e520fd611f,146f031921372d0dc47c73ad2c82ce4e7413caff725204b7938a4cf61b1f15cb,log2.aig,8,1563,3466426,876,319300.0,700.0,868,1953,1555,269,,,,2705700.0,2639400.0,1023700.0,42203,54879600.0,54303099.983371794,7488500.472391024,12676099.489908665,8241299.9763619155,10100599.873112515,1585100.0,,skipped_source_protocol,,,256608.0,1169065.0,261600.0,46569500.0,,4.55584003616411,1.019453797231575,66872c6dd3df0b3a63f7a9c094aecd4ebfd4177c72e89e1429592936f5dca246,True,32,256,,,8608,8388608,100,5,791f45c1ba31f5d9f05c8b492299c35d
epfl,held_out,epfl-arithmetic-log2-internal10182-8de9088c0d,,1f039510013a58de6a8e31ddc7b0622a7670e834248c337f69dc0e6d684dcd5f,146f031921372d0dc47c73ad2c82ce4e7413caff725204b7938a4cf61b1f15cb,log2.aig,14,1409,2572957,815,283900.0,400.0,800,1764,1394,234,,,,2437900.0,3158700.0,1482500.0,37778,47491000.0,46730800.00793561,6290699.8209655285,10266399.680403993,7216499.652713537,9306299.878517166,1620200.0,,skipped_source_protocol,,,1209440.0,1262100.0,1152900.0,44117300.0,,1.0435408122767562,0.9532510914142083,a2221ded48f6649c6c243042ed5250574fc8bcbcfd522e0660964ed093e09d6f,True,2048,28672,,,479232,8388608,5,5,8de9088c0d9597039c78d1929d1274f4
epfl,held_out,epfl-arithmetic-log2-internal13053-84f396fda2,,cb1fffb7a2370c8034e8a614b6681b5037e45557b067c43afb4806c0f505bf57,146f031921372d0dc47c73ad2c82ce4e7413caff725204b7938a4cf61b1f15cb,log2.aig,8,74,215,50,14500.0,200.0,42,84,66,16,135,191,135,74500.0,139300.0,65200.0,1818,1077800.0,1064999.9894667417,104899.98385310173,102400.08123219013,222100.003156811,145799.97514374554,83000.0,150500.0,ok,24229.0,130714.0,11773.0,54525.0,29200.0,1173900.0,5.394939947996203,4.63135989127665,2.480251422746963,fda960dc9896a9fb7a7e56a1322a1502ea3b61e68438c3660dfa11f272b38c18,True,32,256,6880,224,512,8388608,100,5,84f396fda25c13f6ffd8d74183c72aeb
epfl,held_out,epfl-arithmetic-log2-internal32040-45f1c015f0,,e55e842043ee29d88a582451a6ef3580c1ab35ebefb21317fd2ad21db6764a46,146f031921372d0dc47c73ad2c82ce4e7413caff725204b7938a4cf61b1f15cb,log2.aig,8,411,4985,295,132400.0,500.0,287,531,403,121,3111,4349,3111,721000.0,579800.0,275100.0,10530,9333800.0,9278300.014557317,1209299.9822925776,1520100.1078821719,1600699.994014576,1568500.098073855,760300.0,4226900.0,ok,569264.0,2975790.0,72444.0,325923.0,130000.0,8466900.0,5.227434020068018,4.498964717574954,1.7944895367456242,1725d004ee86cccb9e0f554256b25cd484770da56fc20de28e495a0f27248f34,True,32,256,159520,352,3872,8388608,100,5,45f1c015f0521faa2e84f1b97c3f9eff
epfl,held_out,epfl-arithmetic-max-internal9-16138770df,,9e092f4bc31b29bcfb23ba1e8e85d556e0900daa6b32105d6089ac6ac5858083,9a7c45c95cec2afbfd418468d8b5ff6a33161c591892e34ba34ff6ed3fbbb1a9,max.aig,8,28,30,26,6800.0,300.0,18,31,20,6,20,31,20,35600.0,34300.0,23000.0,636,312900.0,307399.98328499496,19800.092559307814,22200.05262643099,81600.06836988032,26099.965907633305,46100.0,22400.0,ok,4586.0,18483.0,5127.0,17800.0,21900.0,347000.0,4.0303096380287835,3.4718158767310316,4.271503803393798,18a380b51a521bd77aa788c3e52c379955a4d46c69f517a67e0c1de7e7552c6c,True,32,256,960,128,192,8388608,100,5,16138770df66c40ef44ecd7a9f37d58b
epfl,held_out,epfl-arithmetic-max-internal199-d7c9bf4c7a,,0e225e0385ddf5af7e7a80679873b1d5ab4d660032c9ca1b9d66c7e0e25cafe0,9a7c45c95cec2afbfd418468d8b5ff6a33161c591892e34ba34ff6ed3fbbb1a9,max.aig,11,53,110,51,13000.0,300.0,40,66,42,9,76,119,76,65100.0,60400.0,36900.0,1195,582300.0,574599.9806094915,32599.986298009753,42700.121412053704,157999.92252141237,64899.99941550195,72000.0,78600.0,ok,20630.0,68855.0,13475.0,38175.0,27900.0,592900.0,3.3376151236063984,2.8330241187384044,2.070500927643785,671e8e82c1e10c4226a8d7db614ea2cf57e605d06b6a1a26dee10e86f7d94f8c,True,256,2816,28160,1536,2304,8388608,20,5,d7c9bf4c7a62a681ada392b093293654
epfl,held_out,epfl-arithmetic-max-internal358-1768f94bf4,,c296615806cbadda08f39beb75e2b925fb2488f33a2f35b46f7290c6ee3a871f,9a7c45c95cec2afbfd418468d8b5ff6a33161c591892e34ba34ff6ed3fbbb1a9,max.aig,8,37,43,34,9200.0,300.0,26,45,29,8,29,45,29,44800.0,43500.0,28000.0,842,418200.0,412299.99624192715,24499.98282827437,32599.986298009753,112499.8671002686,36899.98993650079,49800.0,29700.0,ok,5738.0,26231.0,6595.0,24766.0,23100.0,418300.0,4.571453468107355,3.7552691432903713,3.5026535253980287,acd76adbebe3167d2e440ae38edafa037d4dd5652065f85f7909995e3ce97726,True,32,256,1376,160,256,8388608,100,5,1768f94bf4b5d294db744cf5eb0fc661
epfl,held_out,epfl-arithmetic-max-internal485-1db8c85dc1,,ac60471a71d690820510ddaee87fdb00def36528db9ba5a91c1d4bb5a425052b,9a7c45c95cec2afbfd418468d8b5ff6a33161c591892e34ba34ff6ed3fbbb1a9,max.aig,8,23,23,21,5700.0,300.0,13,23,15,5,15,23,15,26600.0,26800.0,21200.0,524,266500.0,260499.97541122139,15199.941117316484,17200.014553964138,68699.88283142447,19800.005247816443,31100.0,17900.0,ok,3563.0,14472.0,4076.0,13630.0,19600.0,267400.0,4.061745719898962,3.34396467124632,4.808635917566241,166a82219bc115f929f7f83f582222ffee36f1f1877812ae87edb47c42e21eb8,True,32,256,736,128,160,8388608,100,5,1db8c85dc1cff343018757029be77feb
epfl,held_out,epfl-arithmetic-max-internal888-0e6bfd375e,,0c9dc5155c1c1424edd4236b9343653c88189d15be701435ccca97f8383fb2cc,9a7c45c95cec2afbfd418468d8b5ff6a33161c591892e34ba34ff6ed3fbbb1a9,max.aig,8,32,36,29,7600.0,300.0,21,37,24,7,24,37,24,37100.0,39100.0,29300.0,728,372000.0,365899.99217540026,22099.993657320738,27399.94670264423,95700.03021508455,29599.934350699186,43500.0,26700.0,ok,5541.0,25805.0,5826.0,21399.0,21900.0,371200.0,4.657101606208266,3.673017507723996,3.7590113285272913,271c00f4db6bccf24d1a978aebb6a0b197c522f841292b4fe0828db041119aac,True,32,256,1152,160,224,8388608,100,5,0e6bfd375eee1868b5d3069bb08892e2
epfl,held_out,epfl-arithmetic-max-internal1138-315c29a3d9,,006d933ef5f79016159106ad21c150690ba37d318364af9ff1f9918b8fdc14b0,9a7c45c95cec2afbfd418468d8b5ff6a33161c591892e34ba34ff6ed3fbbb1a9,max.aig,8,34,38,33,8500.0,300.0,25,41,26,7,26,41,26,42700.0,39300.0,26500.0,768,361300.0,355199.99801181257,18899.969290941954,26999.914553016424,95499.97048452497,29699.993319809437,50700.0,29000.0,ok,5644.0,23927.0,6761.0,23817.0,22900.0,400300.0,4.239369241672573,3.5227037420499925,3.3870729182073656,e81e3c27ead4c5e5480c37c59a5f2ea8c71636a27712dccc15fae38b63ca114e,True,32,256,1216,160,224,8388608,100,5,315c29a3d9bcc13760721d8828cf97e9
epfl,held_out,epfl-arithmetic-multiplier-po3-d3b5084b79,,629864367eeef65759c1c7b2ee4b4259ddc1d36d4e2b9ea05a48b00065b82060,543555652101e587c1d1b18a38eb18dfebcb5f85e63e35c781361aa26888946e,multiplier.aig,8,143,2455,131,36200.0,300.0,123,198,135,14,1649,2493,1649,354400.0,289500.0,153200.0,3415,2728600.0,2715199.9820489436,206599.88513216376,223499.9556094408,672199.7924614698,323699.99098591506,202600.0,1736800.0,ok,310100.0,1478619.0,28689.0,109247.0,43400.0,1675500.0,4.768200580457917,3.807975182125553,1.5127749311582837,99bfa4e8671ec61625df12268b5b8d5fbcf3909d3975cdcea626bf95a446fa52,True,32,256,78560,288,448,8388608,100,5,d3b5084b793f95f04d04d12f1c7e366d
epfl,held_out,epfl-arithmetic-multiplier-po4-54b9cbe5da,,70c9cb6c87e680d8d1cf7335ea3362b7074b71609af6c6031cfa85ba615c64d6,543555652101e587c1d1b18a38eb18dfebcb5f85e63e35c781361aa26888946e,multiplier.aig,10,231,9953,210,49600.0,300.0,199,322,220,18,6773,10367,6773,265100.0,257900.0,135100.0,5599,2620200.0,2595700.0034395605,203100.0331044197,224300.10722018778,626899.884082377,326499.8958911747,326500.0,7192100.0,ok,1437854.0,5753144.0,50070.0,179660.0,70000.0,2643400.0,4.0012017910024245,3.5881765528260434,1.3980427401637707,de1424d6ec38a00616f3a425e57f39bee87e08538031e1915df280c9879b6881,True,128,1280,1273984,1536,2304,8388608,50,5,54b9cbe5da5cba8980c927ad509e69c2
epfl,held_out,epfl-arithmetic-multiplier-po5-ad1045c3bc,,9b6a7a15d2450265125ff2d0882f989c169ad27b5f22ac15faf1a9845b9d4be9,543555652101e587c1d1b18a38eb18dfebcb5f85e63e35c781361aa26888946e,multiplier.aig,12,307,25681,284,67900.0,200.0,272,432,295,22,17533,26919,17533,393400.0,379100.0,188000.0,7499,3798800.0,3760099.9930873513,290399.8247347772,333299.7439429164,881399.93022196,492499.79201704264,410700.0,18235000.0,refused_temporary_budget,,,133275.0,248730.0,147700.0,3741000.0,,1.8662915025323579,1.1082348527480772,7c2d73d22a05629f5995fa794711de8f82034f685edc800cac5f0c16b4ba5aba,True,512,6144,13148672,6656,11264,8388608,20,5,ad1045c3bcbb833f4ca254e0b9e49a88
epfl,held_out,epfl-arithmetic-multiplier-po6-1ed43b9012,,81f326f27605be20525566c09a58817cd052cfbbe82c0a03e4837c12214e4294,543555652101e587c1d1b18a38eb18dfebcb5f85e63e35c781361aa26888946e,multiplier.aig,14,395,57571,369,95200.0,300.0,355,559,381,24,39363,60519,39363,506300.0,498000.0,233200.0,9685,5202800.0,5154500.01694262,393100.17018578947,452599.8665485531,1185399.7712023556,737999.6532108635,587800.0,43155100.0,refused_temporary_budget,,,341180.0,385840.0,363900.0,5161100.0,,1.1308986458760772,1.0665924145612287,fac3bd3e506b3b2622c0487e64dddcdd54c6b5e419225f7656413d2d1f930f8e,True,2048,28672,117905408,30720,49152,8388608,5,5,1ed43b9012def7eda7e3bf298a6db017
epfl,held_out,epfl-arithmetic-multiplier-internal72-32d8a19161,,94b5b537c776457a60ff4d7497a7e9363e97323f91ba241e335eb0476f302a63,543555652101e587c1d1b18a38eb18dfebcb5f85e63e35c781361aa26888946e,multiplier.aig,8,71,379,61,15800.0,200.0,53,92,63,10,254,384,254,80600.0,83300.0,52200.0,1667,845400.0,836000.0210814178,61499.973526224494,76399.99967068434,203300.03462731838,87599.91033002734,88500.0,256400.0,ok,42786.0,215658.0,12765.0,51282.0,29400.0,812900.0,5.040387042490535,4.017391304347826,2.3031727379553466,4bdf875f65b6eae86be2363d8b04ee2f4943e7a688b0a3aa0077ce35abe6a620,True,32,256,12128,224,320,8388608,100,5,32d8a19161cb3892f02bb79a125cd124
epfl,held_out,epfl-arithmetic-multiplier-internal2314-b18e1af7fc,,1d27d2717ee24a52912668cd788986209715cce7ce28d164e08dddf51a004507,543555652101e587c1d1b18a38eb18dfebcb5f85e63e35c781361aa26888946e,multiplier.aig,15,145,445,129,30900.0,300.0,114,193,130,24,303,465,303,166900.0,167900.0,88800.0,3422,1757600.0,1749099.9889560044,128799.96211268008,153300.1195639372,420800.0609651208,200500.12972205877,189400.0,289200.0,ok,461140.0,361880.0,193780.0,155260.0,209700.0,1802500.0,0.7847508348874528,0.8012178759417896,1.0821550211580142,3512e4c1052b5d70619097be30e1cce132b19a3ee871fc5d2b9dd8f46b3a2eb8,True,4096,61440,1822720,53248,98304,8388608,5,5,b18e1af7fcbbdb5f917095d09f80a36b
epfl,held_out,epfl-arithmetic-multiplier-internal7576-a86c4496f1,,fcfcfaa9e1207088156a88507dec2d35c22f1af36b590f96bcb98aff95237677,543555652101e587c1d1b18a38eb18dfebcb5f85e63e35c781361aa26888946e,multiplier.aig,16,154,480,137,34200.0,400.0,121,205,138,26,327,502,327,180200.0,175200.0,97000.0,3640,1865000.0,1837499.9926891178,135299.9242953956,160400.08631534874,444199.9481059611,215800.01339316368,247300.0,325100.0,ok,1512620.0,471540.0,358920.0,200920.0,223400.0,2010500.0,0.31173725059829965,0.5597904825587875,1.1118853274935299,73b4ff85d4bc3b833cf79354cab396be6a1b69354084e24409ef6b896109f117,True,8192,131072,3932160,114688,212992,8388608,5,5,a86c4496f10eff6ce65f60e5923f747c
epfl,held_out,epfl-arithmetic-multiplier-internal26856-ce1452e666,,5b1311b0bd79a5281a8098298bbfab287bdf3484752e78841dd644636f1b2400,543555652101e587c1d1b18a38eb18dfebcb5f85e63e35c781361aa26888946e,multiplier.aig,8,53,447,53,13000.0,300.0,45,68,45,8,307,475,307,69800.0,62800.0,38600.0,1223,599400.0,591999.9966863543,36799.98917505145,44600.10677576065,151499.81481954455,65300.0024612993,74600.0,269800.0,ok,56496.0,261599.0,10427.0,38601.0,29200.0,590000.0,4.630398612291136,3.7020235925961447,2.800421981394457,c5aa1d1f7eac9cb7356a3080c0b296b1c78ec7ddd9a2dc4d897cec5d1e252e9c,True,32,256,14304,192,256,8388608,100,5,ce1452e6668b4909b91a1234dd10261d
epfl,held_out,epfl-arithmetic-sin-internal473-3d94727928,,ea2436278464508cf40dafdb68691a17b11649d0ad661adeb7fac75363fe48e0,e1a649d2eca27337787cb4aed79abe120f49597975beaed8bffd6a329c2664b3,sin.aig,15,49,91,37,8400.0,300.0,22,52,34,15,61,93,61,51800.0,59100.0,41100.0,1105,624500.0,614599.9941509217,38100.02817772329,85700.04138164222,149300.11820979416,80300.02936720848,45500.0,55700.0,ok,75100.0,75640.0,47840.0,40160.0,61200.0,671100.0,1.007190412782956,0.8394648829431438,1.2792642140468227,8f913d89cd270c5814d9dac508073534f228385c4cf5912b3697b4b13be47707,True,4096,61440,372736,16384,61440,8388608,5,5,3d94727928cfeeabc60c80b54077fd83
epfl,held_out,epfl-arithmetic-sin-internal618-7a9d438d5b,,4c6aae58f1e5eb08bba9e16f5446a4787129b7312b7602726bae9c99a71c442f,e1a649d2eca27337787cb4aed79abe120f49597975beaed8bffd6a329c2664b3,sin.aig,13,39,39,29,7000.0,300.0,16,40,26,14,26,40,26,35900.0,49900.0,26700.0,877,589100.0,581900.0070914626,33700.02377778292,59699.988923966885,129499.90923516452,56000.01895800233,38400.0,28000.0,ok,14800.0,26180.0,13780.0,22400.0,51900.0,443000.0,1.768918918918919,1.625544267053701,3.7663280116110305,786dc32a6994edcbea57edd9d3d903863ec6a063d81a8523073ffc7b85d0e8ca,True,1024,13312,39936,3072,14336,8388608,5,5,7a9d438d5b320a7176c1a8a3128853ae
epfl,held_out,epfl-arithmetic-sin-internal960-85572a6224,,c898ea29e1a22accb12fa471817d9a314a8bad31404f711c42721a50e2de6c9f,e1a649d2eca27337787cb4aed79abe120f49597975beaed8bffd6a329c2664b3,sin.aig,8,24,24,19,5000.0,200.0,11,25,16,9,16,25,16,23600.0,27700.0,19100.0,544,270700.0,266199.98971000314,15100.027667358518,27600.006433203816,68600.11490061879,21799.991372972727,25600.0,16200.0,ok,3754.0,14396.0,3649.0,12600.0,18900.0,303600.0,3.834842834310069,3.453000822143053,5.179501233214579,1b525a8e05af3ce10c077e4b6c2da56c00c1f4acfb23e3c4485a01d8eaca5d3a,True,32,256,768,96,288,8388608,100,5,85572a6224a32cb70f0fe545ea9b3cfb
epfl,held_out,epfl-arithmetic-sin-internal2610-34083b18d5,,1941668a0bc7f7c56d381d239832a38c13b3ddda8208579a0893ec63d16ec83b,e1a649d2eca27337787cb4aed79abe120f49597975beaed8bffd6a329c2664b3,sin.aig,14,65,345,55,12800.0,300.0,41,78,51,13,235,361,235,77400.0,84600.0,42700.0,1481,794400.0,786199.9911256135,48400.04839934409,83300.02310685813,189900.19452758133,117000.04688464105,73800.0,249500.0,ok,188220.0,228800.0,39440.0,47060.0,54300.0,798100.0,1.2155987673998512,1.1932048681541583,1.3767748478701824,df19033c6b1f4ab70d304efbee4c5f41247f74b4752ecf199daf1991ca94f14e,True,2048,28672,706560,12288,26624,8388608,5,5,34083b18d5095228518a5ae37cc71e13
epfl,held_out,epfl-arithmetic-sin-internal2639-ac10ac7863,,5f56ecd00688c513065dff9ebfe794aef190187d420700c059806a94264b2cea,e1a649d2eca27337787cb4aed79abe120f49597975beaed8bffd6a329c2664b3,sin.aig,13,59,321,51,12200.0,300.0,38,71,46,12,219,337,219,69600.0,66400.0,65800.0,1340,743500.0,735599.9841820449,45999.91370923817,75299.99129474163,175700.05729794502,104400.0091496855,71800.0,216100.0,ok,113960.0,195360.0,25860.0,39900.0,40500.0,740200.0,1.7142857142857142,1.54292343387471,1.5661252900232019,e4883a58717eda9c71b4b6ac08a540a32e56254422565823415b393ca0c1a91b,True,1024,13312,328704,6144,12288,8388608,5,5,ac10ac78631fc2eb7adc47be3276ea49
epfl,held_out,epfl-arithmetic-sin-internal2747-d32e2cbf05,,dee17dc6fffdb437cc0fc8458ee6fa21b3f3bb6c68f3543f82696c920e561034,e1a649d2eca27337787cb4aed79abe120f49597975beaed8bffd6a329c2664b3,sin.aig,10,48,123,41,9900.0,300.0,31,58,38,10,84,130,84,109500.0,108100.0,41200.0,1099,551100.0,543800.0080175698,33500.08046254516,49600.05753673613,139600.13166069984,68900.08808113635,62600.0,78000.0,ok,17312.0,70294.0,9288.0,30544.0,25700.0,597300.0,4.060420517560074,3.2885443583118,2.767011197243755,f3fec1d1d01e3850aef48e247635113a54d1d65ab4b82d15a2552b43b38c161f,True,128,1280,15744,640,1280,8388608,50,5,d32e2cbf0520534b771effcc3dc61473
epfl,held_out,epfl-arithmetic-sin-internal2767-a8eda7f06b,,2911254d25b48e8560e6fdac5481c650b0a1816803e90b2cb3ce7b7dcd28238e,e1a649d2eca27337787cb4aed79abe120f49597975beaed8bffd6a329c2664b3,sin.aig,10,79,453,75,18000.0,300.0,65,106,69,12,313,487,313,104200.0,96300.0,52500.0,1817,935900.0,925500.0040866435,59099.955251440406,74400.15906468034,228300.0503666699,124499.95847418904,102000.0,295300.0,ok,65168.0,263234.0,17000.0,56466.0,33200.0,1003200.0,4.03931377363123,3.321529411764706,1.9529411764705882,aa391eb3007fa11a3812d01477814c3d357b3117b9e9824d979594b5f40e9ed5,True,128,1280,57984,896,1536,8388608,50,5,a8eda7f06b624613a7b606248bf0012b
epfl,held_out,epfl-arithmetic-sqrt-po56-f681a5806f,,08c917b6f5d4403578735f27f1b4d9a707d04213386d5399f4719299bf90969a,2fdf59877a0f1ceba46a2a3aca5457e05c47ac24ceb69839a4c12d071cf62300,sqrt.aig,16,615,319537861997,492,127800.0,300.0,476,841,599,49,,,,682200.0,887800.0,366400.0,15557,9063400.0,8964099.979493767,665400.1481365412,841900.2406299114,1765499.939210713,1854899.6595200151,768500.0,,skipped_source_protocol,,,2558980.0,805800.0,790500.0,10065900.0,,0.3148910894184402,0.9810126582278481,512bf45ebe1f1eceeebbad161cd193f8e041d9f5c30b95b301d774820d1b266d,True,8192,131072,,,401408,8388608,5,5,f681a5806f8a35c8f2ce27c64cdbb9a5
epfl,held_out,epfl-arithmetic-sqrt-po57-bf55ec5ca5,,887381e00e8341985e2f4c4a753e64206825d568f1989680a9120b415f0b0fb8,2fdf59877a0f1ceba46a2a3aca5457e05c47ac24ceb69839a4c12d071cf62300,sqrt.aig,14,461,1366847531,370,100600.0,200.0,356,629,447,42,,,,527100.0,750300.0,346400.0,11595,7083200.0,7050100.015476346,538199.6743381023,679600.2562623471,1419299.9515216798,1335600.1873034984,612800.0,,skipped_source_protocol,,,389000.0,439760.0,395700.0,7976200.0,,1.1304884318766066,1.017223650385604,8d1be1a466e25bc7309c5280af3e7d3c2ae65b94b2e77ea9d80d143878f48f83,True,2048,28672,,,86016,8388608,5,5,bf55ec5ca5dad499ebc74cc64b2a8a12
epfl,held_out,epfl-arithmetic-sqrt-po58-036819cd52,,1edc01d694775274693859415b28a12a7e474c3aa52d13ee8d3b87e304aad8db,2fdf59877a0f1ceba46a2a3aca5457e05c47ac24ceb69839a4c12d071cf62300,sqrt.aig,12,327,11332465,264,73600.0,400.0,252,445,315,33,,,,381400.0,442400.0,223500.0,8149,5026900.0,4987699.998309836,399000.06959214807,498699.9265383929,1085599.7388716787,858900.0208303332,448200.0,,skipped_source_protocol,,,139270.0,312370.0,152300.0,4680400.0,,2.242909456451497,1.0935592733539168,acf9768976b9620ddce8a57433f093ac09ff118c8437e4f40b6c52a48d4b7a93,True,512,6144,,,16896,8388608,20,5,036819cd523fab5b811a6a6701bd597b
epfl,held_out,epfl-arithmetic-sqrt-po59-fa6cca6484,,256f9b141dd39200db1847d03423d5f3524faed05e9b5320913137e807626310,2fdf59877a0f1ceba46a2a3aca5457e05c47ac24ceb69839a4c12d071cf62300,sqrt.aig,10,213,178657,177,46300.0,300.0,167,290,203,26,,,,243600.0,260300.0,133100.0,5215,2916800.0,2884800.0220023096,229400.0005349517,289999.90900047123,645200.2562582493,432899.9202698469,280400.0,,skipped_source_protocol,,,45348.0,163886.0,63700.0,2536100.0,,3.6139631295757253,1.404692599453118,b5883022519ec3ce370a85c535785cdab6a242571420a7e65f53e67b73d066f5,True,128,1280,,,3328,8388608,50,5,fa6cca64840141a82161456bf270112e
epfl,held_out,epfl-arithmetic-sqrt-po60-dfcf257f53,,6b8bffdb7c7349ae997eb466bb5e536075207cf52b23433bdda570eacff4162f,2fdf59877a0f1ceba46a2a3aca5457e05c47ac24ceb69839a4c12d071cf62300,sqrt.aig,8,121,5235,105,27700.0,300.0,97,165,113,18,3732,5962,3732,177100.0,149200.0,76100.0,2871,1534900.0,1517800.0030573457,119199.9763250351,144200.10847970843,359199.9411582947,196000.21187216043,166700.0,4443600.0,ok,695186.0,3062032.0,22848.0,89881.0,40000.0,1405800.0,4.404622647751824,3.9338672969187676,1.7507002801120448,b9174bd18c6b5fa66ca1b2867ebad7869afc329e1c6fc8545a2b74d2b8db806b,True,32,256,167520,352,576,8388608,100,5,dfcf257f53982cf506894d39cb27dc60
epfl,held_out,epfl-arithmetic-sqrt-internal35-0d85c1edda,,878b0dc406d6e458ba4487335c2e75415103fde3d496590fac7466c13088321e,2fdf59877a0f1ceba46a2a3aca5457e05c47ac24ceb69839a4c12d071cf62300,sqrt.aig,8,76,749,70,17200.0,300.0,62,102,68,13,533,851,533,94800.0,96000.0,51000.0,1762,889400.0,879300.0015430152,59100.01345910132,77699.98046569526,218400.004087016,98800.053820014,101100.0,510000.0,ok,95007.0,428415.0,14780.0,54763.0,30900.0,861200.0,4.509299314787332,3.7052097428958053,2.0906630581867387,828b7f1206890a507bd4ead7afa8dd9e22063073fab56119d407979867d0865d,True,32,256,23968,288,416,8388608,100,5,0d85c1edda445ca2d248f877ecd2d95f
epfl,held_out,epfl-arithmetic-sqrt-internal245-d665cc05c9,,aa8cecf0d7790f3461d1c4af822dc58fa68fcdd5c8e974bee90e4da4be65647f,2fdf59877a0f1ceba46a2a3aca5457e05c47ac24ceb69839a4c12d071cf62300,sqrt.aig,12,299,5238153,247,63400.0,300.0,235,408,287,31,,,,337700.0,374200.0,183200.0,7407,4196900.0,4179400.0135269016,338099.86780397594,420700.3803458065,891700.095962733,698400.1374803483,392300.0,,skipped_source_protocol,,,117540.0,234180.0,134500.0,4176900.0,,1.992343032159265,1.1442913050876298,9d28810ea2e33e78032b47bae7ca4a727d0cf35d9970a1234d2631c9da69bd53,True,512,6144,,,15872,8388608,20,5,d665cc05c98f0539cebc8485d4de97bf
epfl,held_out,epfl-arithmetic-sqrt-internal572-4cc8f15071,,579236a307516f9e4b6378aa4e5ecbd17300382b6eb394beb39cf4d3b992593e,2fdf59877a0f1ceba46a2a3aca5457e05c47ac24ceb69839a4c12d071cf62300,sqrt.aig,16,642,1899735334685,509,133700.0,500.0,493,876,626,47,,,,725900.0,839600.0,414400.0,16275,10786500.0,10621399.997035041,807400.1816567034,1010999.7820109129,2365899.534197524,2166700.374800712,1146000.0,,skipped_source_protocol,,,2563960.0,856560.0,843700.0,10836000.0,,0.3340769746797922,0.9849864574577379,249af314f4159cfba264b67fdea5a18a08ec34e2a35d037d638185e727da9e96,True,8192,131072,,,385024,8388608,5,5,4cc8f150710053e26b2220fa48c91d68
epfl,held_out,epfl-arithmetic-square-po8-79f4d8bbc0,,e9019db4e4836eb23117e60dab498591ce57a879524e71ce80b85c2fe7480865,c3fe8598cf501743043cf573b7226478a06be9dfb180d17bca77cdfbe667d784,square.aig,8,157,2341,150,38500.0,300.0,142,218,149,15,1411,1893,1411,207700.0,193100.0,99600.0,3764,1883700.0,1864499.9945536256,142700.009746477,148999.85399097204,450600.14235787094,228499.99368190765,230200.0,2009500.0,ok,235976.0,1294235.0,30308.0,121604.0,46600.0,1743200.0,5.48460436654575,4.012273987066121,1.5375478421538868,7985183f0ce57e90c28d19eb0376a5707f5a08084330663b2f58fbbfc5038a95,True,32,256,74912,320,480,8388608,100,5,79f4d8bbc074cdc084c960530bf8e08b
epfl,held_out,epfl-arithmetic-square-po9-6849ed374c,,6f7a70c010ef837cd8692273bc1237a0dcb5f7351652921433c8142c1c008302,c3fe8598cf501743043cf573b7226478a06be9dfb180d17bca77cdfbe667d784,square.aig,9,212,5209,204,49700.0,300.0,195,297,203,24,3135,4197,3135,259500.0,249500.0,121000.0,5138,2495900.0,2482699.987012893,193499.9309014529,206700.00230893493,585999.9509993941,314100.1216135919,295500.0,4334800.0,ok,571152.0,2946202.0,44934.0,166022.0,62800.0,2451700.0,5.158350141468471,3.6947968131036633,1.3976053767748253,2031b380d4024b6b0a9e601b6b9ecafe1804fdb5d999d5e2d2dcf2a7f31d0e63,True,64,576,333376,704,1536,8388608,50,5,6849ed374cf32f09770ff27a40a0d775
epfl,held_out,epfl-arithmetic-square-po10-805e4729e4,,ad2e42ab42b67756eba0fd06d114a30d066dce5cfe5f5db6cf11c8e48a744383,c3fe8598cf501743043cf573b7226478a06be9dfb180d17bca77cdfbe667d784,square.aig,10,288,10477,275,68100.0,400.0,265,407,278,18,6311,8457,6311,368400.0,353600.0,166600.0,7030,3576900.0,3557000.0181905925,282600.23100301623,299400.21340735257,829700.1186292619,472300.0165540725,422900.0,7908100.0,ok,1221134.0,5974218.0,66882.0,232010.0,84700.0,3604600.0,4.892352518233052,3.46894530665949,1.2664094973236446,7faa180d4efbf75fe39c2d972b2ed2aa9d574330b9a6228828add8ebb6332aae,True,128,1280,1341056,1536,2304,8388608,50,5,805e4729e44fda0f5af09adb21a05a13
epfl,held_out,epfl-arithmetic-square-po11-4ea9428b58,,17c8bf5944eb995db10c2199fb2c83b50362fddedaa5a3117711da069871e0c0,c3fe8598cf501743043cf573b7226478a06be9dfb180d17bca77cdfbe667d784,square.aig,11,367,17285,349,89300.0,300.0,338,521,356,19,10407,13937,10407,480300.0,475100.0,217600.0,9000,4800700.0,4734999.994980171,359699.88675788045,389999.9719578773,1113000.2094432712,664000.2829954028,533400.0,12781200.0,ok,2864420.0,10845730.0,98895.0,297740.0,193300.0,4349200.0,3.7863616369107884,3.010667880074827,1.9545983113403105,631ef99fc6aec60bc88309fffcf67e93d5681843199a410db2cab2c8da54ff7b,True,256,2816,4424960,3072,4864,8388608,20,5,4ea9428b58db320f7cf290e9f6743231
epfl,held_out,epfl-arithmetic-square-po12-3163147af5,,08f494ce64d82a0932d5ac914691fb39eef2556e471b3dce37c2df7533856e25,c3fe8598cf501743043cf573b7226478a06be9dfb180d17bca77cdfbe667d784,square.aig,12,459,32381,438,168000.0,1600.0,426,655,447,22,19555,26285,19555,605700.0,685200.0,270200.0,11288,5848400.0,5756300.000939518,462099.676951766,475099.7177325189,1340299.9320533127,830000.062705949,671400.0,28720700.0,refused_temporary_budget,,,213280.0,387720.0,236600.0,5417100.0,,1.8178919729932483,1.1093398349587398,ea543bb16fe595a9e80c45039dc860a028cd419c4042747ac81160e77a0cd55e,True,512,6144,16579072,7168,11264,8388608,20,5,3163147af54dcaa081b4fe8b21d13034
epfl,held_out,epfl-arithmetic-square-po13-eca0925c59,,9ae718a4bd6eb26aafff891eb98132b81be08769509e4c27d8d89bb8d8f5118f,c3fe8598cf501743043cf573b7226478a06be9dfb180d17bca77cdfbe667d784,square.aig,13,551,52801,525,130500.0,300.0,512,788,538,24,31907,42921,31907,718700.0,709700.0,329200.0,13600,7375000.0,7308500.004000962,544499.9842438847,582199.8929604888,1635400.0545106828,1090399.6881097555,829400.0,45292400.0,refused_temporary_budget,,,341840.0,475360.0,854200.0,7167800.0,,1.3905920898666042,2.498829861923707,668845526a3dc1ad2144e5364153469c24e527930ba64d977a6d30c3a54f0b8c,True,1024,13312,54068224,14336,24576,8388608,5,5,eca0925c592628dc2497f28ce408e77e
epfl,held_out,epfl-arithmetic-square-po14-e64d8827d4,,4981afcc4d4520dc7f0b099de623c7eaa4910c0fa1a4b295cf331a6cf8768dc2,c3fe8598cf501743043cf573b7226478a06be9dfb180d17bca77cdfbe667d784,square.aig,14,654,80445,628,282500.0,1000.0,614,941,640,39,,,,1882900.0,2028300.0,772100.0,16149,23000600.0,22728700.016159564,1847300.009103492,1636400.3531634808,5401999.660534784,3276299.9762780964,2229300.0,,skipped_source_protocol,,,1562020.0,1696020.0,1717500.0,20893300.0,,1.085786353567816,1.0995377780054032,da48e3a6dad3308fb9b4f5462b3cad14bdcc94c8f63cd6b4ea17a21fc42ec8a7,True,2048,28672,,,79872,8388608,5,5,e64d8827d4d43d7b6102b9359591d740
epfl,held_out,epfl-arithmetic-square-po15-ffd477ae96,,421c5916b980efdbdda8673156a5471fdca87a3ee1efa0e169cea2e4b8ea010d,c3fe8598cf501743043cf573b7226478a06be9dfb180d17bca77cdfbe667d784,square.aig,15,770,122557,737,231900.0,700.0,722,1110,755,46,,,,1823200.0,2071700.0,594300.0,19082,14965400.0,14661299.996078014,1177400.234155357,1182500.272989273,3341100.149555132,2244200.208224356,1472900.0,,skipped_source_protocol,,,1831760.0,868560.0,1929500.0,11786600.0,,0.4741669214307551,1.0533585185832206,2ad4507aeba83ed92baceaac78ebc297375a7297ffab6d6018b57ff5ff790152,True,4096,61440,,,188416,8388608,5,5,ffd477ae96c74a84e947ac8939371503
epfl,held_out,epfl-random_control-arbiter-internal7-1db4c51be9,,ee8c072f36f562cbe66d5db95916dc3520a0df79d1c9c3fcab43aa8acd69c648,0eacc0a97717bbc91f732ce6814bbfcdefa8a0b65b13ade6f002e35d0e585d82,arbiter.aig,8,26,28,23,5900.0,200.0,15,28,18,8,19,30,19,30700.0,33200.0,21700.0,590,291500.0,286399.9980036169,15699.974028393626,22699.940018355846,82099.92665797472,23000.058718025684,33700.0,20600.0,ok,4356.0,18247.0,4592.0,15777.0,26700.0,314900.0,4.188934802571167,3.4357578397212545,5.814459930313589,052241f36b27777f4e35aa8a8e10efd474e3b1dd710e826faac1db34344878f2,True,32,256,896,160,256,8388608,100,5,1db4c51be911b1a86d9e43d761107704
epfl,held_out,epfl-random_control-arbiter-internal2404-73be6ac31e,,27749e21417ede053c79774e373b3530dc25a0f866bbf077d10739aaf6d8b6eb,0eacc0a97717bbc91f732ce6814bbfcdefa8a0b65b13ade6f002e35d0e585d82,arbiter.aig,11,37,41,32,8100.0,300.0,21,40,26,11,28,44,28,41900.0,42700.0,33100.0,837,420000.0,413299.97475259006,23700.00584051013,33299.99162815511,108799.98444579542,37000.01980178058,48700.0,31000.0,ok,8455.0,26280.0,8360.0,23070.0,23500.0,421000.0,3.108219988172679,2.7595693779904304,2.811004784688995,d5ce936f3ff6a6bcd1644a07a661070de0f2550f05fc29c58711c690b20adb91,True,256,2816,10496,1024,2816,8388608,20,5,73be6ac31eaef6ba562a01ac384577f2
epfl,held_out,epfl-random_control-arbiter-internal4039-8a2c198584,,f30a305a5b9c4bf8cff7da9e508a99d17b56a44a23cdd25e25ba18a30743e3dd,0eacc0a97717bbc91f732ce6814bbfcdefa8a0b65b13ade6f002e35d0e585d82,arbiter.aig,14,48,54,41,10000.0,300.0,27,52,34,14,37,58,37,52800.0,56400.0,34300.0,1084,532500.0,525899.9881334603,30900.060664862394,45599.997974932194,137400.17311647534,52199.90271143615,57100.0,36500.0,ok,36480.0,40720.0,32780.0,35760.0,47800.0,649300.0,1.1162280701754386,1.0909090909090908,1.4582062233068944,3a7f37843a943d0d0f96820babc5f66c41d2e1cdf5490842e264c65675d50ef1,True,2048,28672,110592,8192,28672,8388608,5,5,8a2c198584ee4ae28c08c8fcbe50497c
epfl,held_out,epfl-random_control-arbiter-internal11831-1c7490a3b2,,2b8e753c2efa059010b3aecd6c00bff0a1a09c0f08d5d4522ffef4d207c1fb0c,0eacc0a97717bbc91f732ce6814bbfcdefa8a0b65b13ade6f002e35d0e585d82,arbiter.aig,16,47,47,33,10400.0,300.0,17,47,31,17,31,47,31,46800.0,53200.0,33000.0,1058,552300.0,545500.0209622085,39200.06565749645,62300.06692931056,141199.94011707604,48799.964133650064,45800.0,35300.0,ok,83620.0,53180.0,73060.0,47020.0,63100.0,709800.0,0.635972255441282,0.6435806186695866,1.3419821352615908,2b8e753c2efa059010b3aecd6c00bff0a1a09c0f08d5d4522ffef4d207c1fb0c,True,8192,131072,385024,49152,139264,8388608,5,5,1c7490a3b226ba14ca0dee60f7d0858f
epfl,held_out,epfl-random_control-cavlc-po0-ba667d014f,,b7f5b19da4b0d11c61dde7efbd6c3094a52060f48535ac34550d807ffb6119ca,125e0fdeb41ccadac5e6ada71f3c416fd026cfcbc8e75ad1c6b57ddc2b100f31,cavlc.aig,10,235,456,208,58100.0,300.0,198,328,225,23,317,496,317,296200.0,330400.0,155000.0,5656,3362200.0,3321700.0018339604,218900.03699809313,277900.107903406,813700.258731842,365100.33532977104,337600.0,319500.0,ok,71652.0,283904.0,53700.0,187030.0,72400.0,2774800.0,3.9622620443253505,3.4828677839851023,1.3482309124767224,b705b52f9f4c1c7262e18798ba7e9eb9ea86a1ab401d49736886ea6acedfa6ab,True,128,1280,58368,1152,2944,8388608,50,5,ba667d014f0acfe16f8b6dfe6d7986ae
epfl,held_out,epfl-random_control-cavlc-po1-8237be7ae9,,ad6c2515c3750f7d7ca1584904637ad15bad2e1b0323d2f162b2ff05fb241c95,125e0fdeb41ccadac5e6ada71f3c416fd026cfcbc8e75ad1c6b57ddc2b100f31,cavlc.aig,10,243,458,217,60900.0,300.0,207,340,233,23,316,491,316,330700.0,328600.0,154000.0,5861,3247500.0,3231699.9859176576,248100.23023746908,299300.06712675095,772899.8025413603,397399.99920129776,349500.0,340600.0,ok,70692.0,273860.0,57580.0,200142.0,77100.0,3140200.0,3.8739885701352343,3.4758944077804794,1.3390065995137201,c453b768064c4386543918bfa59a187ef04b966bc3a14c5125d1905e0d7bbbc8,True,128,1280,58624,1152,2944,8388608,50,5,8237be7ae99d2205294c6d3d73e219c9
epfl,held_out,epfl-random_control-cavlc-po2-0b6bf76197,,3f9035e35bcdf5ca5fd3de5a0bb4cfafc86df2a24dbce3c4656bd2eea0021b1b,125e0fdeb41ccadac5e6ada71f3c416fd026cfcbc8e75ad1c6b57ddc2b100f31,cavlc.aig,10,233,428,207,56000.0,300.0,197,326,223,21,296,461,296,288400.0,292900.0,147300.0,5598,2995200.0,2957699.995022267,216399.87244270742,272900.09893476963,722099.9686978757,352900.15512146056,342100.0,292500.0,ok,63888.0,299806.0,55260.0,211438.0,96500.0,3314800.0,4.692680941647883,3.8262395946435035,1.7462902642055738,9aae3f0bf6e6ae894cba81e12e9629cb54869a60937719151de54417dafe9e3e,True,128,1280,54784,1152,2688,8388608,50,5,0b6bf7619752055dda52cb3c98c0ba51
epfl,held_out,epfl-random_control-cavlc-po3-d0da020a7b,,1bf307e9ff2838b6a583a95cf843eb0a75d2f9d6a548a73e7df5e639b6a169ce,125e0fdeb41ccadac5e6ada71f3c416fd026cfcbc8e75ad1c6b57ddc2b100f31,cavlc.aig,10,184,331,170,71500.0,600.0,160,258,174,18,229,357,229,332100.0,359300.0,186100.0,4377,2555000.0,2520300.0113833696,167300.02244003117,248600.2049408853,565100.0246871263,330700.18980652094,371300.0,237400.0,ok,52136.0,214310.0,45092.0,149328.0,68100.0,2307400.0,4.110595365965935,3.311629557349419,1.5102457198616162,4a4d4ac4fb471079d548142a69ab24417151b49a63a2604f7082133d4b03da68,True,128,1280,42368,896,2304,8388608,50,5,d0da020a7b95c11e6d7d7627199f4168
epfl,held_out,epfl-random_control-cavlc-po4-40d9e418e9,,148654f802619c32a13e3b78596545a8e656a017d464e6b1fb7bf67a368347fb,125e0fdeb41ccadac5e6ada71f3c416fd026cfcbc8e75ad1c6b57ddc2b100f31,cavlc.aig,8,34,43,29,7900.0,300.0,21,39,26,8,29,45,29,38900.0,43400.0,39400.0,781,410100.0,402200.0066470355,26499.939849600196,33500.0513587147,102900.0268317759,36700.04662126303,48600.0,34300.0,ok,6956.0,28820.0,6598.0,25230.0,33400.0,478700.0,4.14318573893042,3.8238860260685055,5.062140042437102,ac60cebadd22a434e860f6f73307225c617f3cd6cdbb46548909ffe06cc48019,True,32,256,1376,128,256,8388608,100,5,40d9e418e9ad2c10461dcd2750750511
epfl,held_out,epfl-random_control-cavlc-po5-ce52440322,,b76afe3d11b181cfe719b4f00a85bc0bbfdaaefcd3d218e73878c99ffbf92040,125e0fdeb41ccadac5e6ada71f3c416fd026cfcbc8e75ad1c6b57ddc2b100f31,cavlc.aig,8,30,38,23,7900.0,200.0,15,32,22,7,25,38,25,36500.0,44000.0,27700.0,695,418700.0,411500.0192541629,28100.039344280958,35599.95093382895,100399.92048405111,37799.99678954482,43400.0,34800.0,ok,6368.0,27071.0,5745.0,27223.0,25600.0,469900.0,4.251099246231155,4.738555265448216,4.456048738033072,659f5ee6030166cebbe4c51dc3c55637f013374236d482b2d347002e186a41fb,True,32,256,1216,160,224,8388608,100,5,ce52440322af5b36785b2ef176ab89a7
epfl,held_out,epfl-random_control-cavlc-po6-6ee697114e,,94c7e39f483d33b821222ab1c28ed106a56972cbbfb10cfd7e3712e95e829702,125e0fdeb41ccadac5e6ada71f3c416fd026cfcbc8e75ad1c6b57ddc2b100f31,cavlc.aig,10,218,415,195,56100.0,300.0,185,304,208,22,287,447,287,309000.0,368800.0,163500.0,5245,3234200.0,3186299.989465624,237599.85924698412,292500.1026596874,772000.0867266208,383599.8650174588,438500.0,363100.0,ok,64396.0,250542.0,50478.0,173366.0,75000.0,2983000.0,3.8906453817007267,3.4344863108681007,1.4857957922263165,9267d64a65148554856e64ba8078368c93533a8e1d51b4b19db7b408b50fae2f,True,128,1280,53120,1280,2816,8388608,50,5,6ee697114edf2051ba26906fbbf629b7
epfl,held_out,epfl-random_control-cavlc-po7-01ca37e2be,,c7a070a0fcff55cad677a5106cfafc82368d763c0dbca0372661ff6cf90b1191,125e0fdeb41ccadac5e6ada71f3c416fd026cfcbc8e75ad1c6b57ddc2b100f31,cavlc.aig,10,226,440,195,51200.0,300.0,185,311,216,22,301,464,301,268300.0,289300.0,140800.0,5490,2932400.0,2897099.999245256,221100.17016530037,274600.05367174745,680000.0264775008,347299.93785731494,304400.0,307000.0,ok,62730.0,261974.0,55504.0,191452.0,82900.0,2946000.0,4.176215526861151,3.449336984721822,1.493586047852407,b4a3b25b1e941284f21faf17e8560438231df101c66e8fe672b0110404205d11,True,128,1280,56320,1280,2816,8388608,50,5,01ca37e2be419a2c60942be2f90a1acb
epfl,held_out,epfl-random_control-dec-po0-829c8b783a,,6cc4f0e930b34481d03a4134331852eaed66667e3b3d8605f7cd3777551d2b6f,38def606e795975e469273411ee9217bc43656c57e6f6eeda3ea640452fa3443,dec.aig,8,22,22,16,4400.0,200.0,8,21,14,8,14,21,14,23000.0,28900.0,22500.0,504,268100.0,262899.9936860055,19199.971575289965,24200.009647756815,67399.931140244,20099.94932450354,25400.0,18500.0,ok,3676.0,14378.0,3406.0,12255.0,19900.0,284000.0,3.911316648531012,3.598062243100411,5.842630651790957,5778f985db754c6628691f56fadae50c65fddbe8eb2e93039633fefa05d45e31,True,32,256,704,160,256,8388608,100,5,829c8b783a390c59545980cb92685906
epfl,held_out,epfl-random_control-dec-po1-c4c60ec16a,,671eaa12d76be21eb2ced2f61ac1e98df94c1952c2cdfc047895c74f15a7f3fa,38def606e795975e469273411ee9217bc43656c57e6f6eeda3ea640452fa3443,dec.aig,8,21,21,15,4000.0,200.0,7,19,13,7,13,19,13,22800.0,36400.0,28100.0,484,257800.0,251800.0255804509,17000.04213489592,23100.088583305478,62800.04163272679,21100.015146657825,24900.0,20000.0,ok,3357.0,13760.0,2913.0,10462.0,36100.0,400200.0,4.09889782543938,3.591486440096121,12.392722279437006,671eaa12d76be21eb2ced2f61ac1e98df94c1952c2cdfc047895c74f15a7f3fa,True,32,256,672,160,224,8388608,100,5,c4c60ec16a7409920fc63251b4391178
epfl,held_out,epfl-random_control-dec-po2-f57f2d2e2b,,5481b8528ef488d0a4ed259244306aff83145b7d675e159efece21def7561297,38def606e795975e469273411ee9217bc43656c57e6f6eeda3ea640452fa3443,dec.aig,8,21,21,15,3800.0,200.0,7,19,13,7,13,19,13,24300.0,28200.0,18300.0,484,270000.0,264599.97752681375,18799.968529492617,22299.995180219412,68599.94027763605,21299.98756572604,24800.0,20500.0,ok,3641.0,20950.0,3266.0,11399.0,20700.0,258100.0,5.753913759956056,3.4902020820575625,6.338028169014085,d340dbc1256765fea41925fda295bdfeaa1055cbfeae0fdba8608e3116d746dc,True,32,256,672,160,224,8388608,100,5,f57f2d2e2b1d31675060cf3bf1219b69
epfl,held_out,epfl-random_control-dec-po3-4364177137,,59e7addb5e068640de3f8fb015017e7aa7495430d2533f87d4ece9f7ee548fa3,38def606e795975e469273411ee9217bc43656c57e6f6eeda3ea640452fa3443,dec.aig,8,20,20,14,3800.0,300.0,6,17,12,6,12,17,12,24500.0,25800.0,17600.0,464,233300.0,228400.02202428877,14899.96793679893,20200.03739744425,58200.0648137182,18400.05279518664,21400.0,17500.0,ok,3039.0,13114.0,3722.0,11169.0,21000.0,433700.0,4.315235274761434,3.0008060182697474,5.6421278882321335,edc0e40c3027d41914bf3144a08078742b337b96da8e503d4ff84bb6a8e97d55,True,32,256,640,160,192,8388608,100,5,4364177137cb0b31ea980fceca1a6e48
epfl,held_out,epfl-random_control-dec-po4-e56e9dcbed,,d140e61d738c3298875886b8d8de576e48ff5c7e9f4d0e66d0149d0bdee19f49,38def606e795975e469273411ee9217bc43656c57e6f6eeda3ea640452fa3443,dec.aig,8,21,21,15,4300.0,300.0,7,19,13,7,13,19,13,23300.0,30600.0,20200.0,484,263000.0,257400.01001395285,17999.96243789792,24999.986635521054,69099.94408488274,20399.951608851552,25600.0,18800.0,ok,3615.0,18375.0,3371.0,12718.0,36000.0,359600.0,5.08298755186722,3.7727677247107683,10.679323642835953,58d2c35ffac68bcf336a44b98aff5740823cabaee65865c608d487ffcffc95bf,True,32,256,672,160,224,8388608,100,5,e56e9dcbed4ee4d67ba188065354f781
epfl,held_out,epfl-random_control-dec-po5-8708527f1a,,650189d78de4cf754ed237a9ddadd9686b58d85d06d82e937df6075f4cc87642,38def606e795975e469273411ee9217bc43656c57e6f6eeda3ea640452fa3443,dec.aig,8,20,20,14,5300.0,300.0,6,17,12,6,12,17,12,41700.0,35600.0,26100.0,464,354700.0,348400.00444091856,25099.98739697039,30099.93815794587,87099.99383427203,28300.040867179632,31300.0,25500.0,ok,3142.0,12829.0,4441.0,17017.0,25600.0,389400.0,4.083068109484405,3.831794640846656,5.764467462283269,efd7a7e53f7f21fe9b9d4a5bf3be5ae7adb0947f8412be25f7e88a45743e6fb8,True,32,256,640,160,192,8388608,100,5,8708527f1ac0e2ae97223419ac12a345
epfl,held_out,epfl-random_control-dec-po6-0e1bce9519,,8aa4012b4573828d21c20ac64d18a6ea73da0347b5d1a71442091ca48655db70,38def606e795975e469273411ee9217bc43656c57e6f6eeda3ea640452fa3443,dec.aig,8,20,20,14,3900.0,300.0,6,17,12,6,12,17,12,21200.0,26800.0,19000.0,464,254400.0,249100.0050213188,17600.104911252856,22499.96759928763,60399.96515028179,20199.979189783335,23200.0,17900.0,ok,3188.0,13103.0,2931.0,10726.0,18500.0,256400.0,4.110100376411543,3.659501876492665,6.311838962811327,18122cf13ab2412fa65cb693713794de6b30403b65688234a6fa940fc6d506ff,True,32,256,640,160,192,8388608,100,5,0e1bce951934e2576887c3b17c43ef96
epfl,held_out,epfl-random_control-dec-po7-07a62f5837,,d504fd065f8d2bcd3d1d3a4b298328e09f1cb44e3106d156477e992aabe9812c,38def606e795975e469273411ee9217bc43656c57e6f6eeda3ea640452fa3443,dec.aig,8,19,19,13,3700.0,300.0,5,15,11,5,11,15,11,20000.0,23800.0,23500.0,444,232100.0,227700.0166941434,16299.978597089648,20400.06802417338,55600.01591220498,19400.031305849552,20700.0,16900.0,ok,2973.0,12807.0,2616.0,9911.0,18700.0,258100.0,4.307769929364278,3.7886085626911314,7.148318042813456,f1c19314208ec565b4e50664b650fc0d256b4eb5a177acdccefc78bef7543a6c,True,32,256,608,160,160,8388608,100,5,07a62f583752189739cdf8207581714a
epfl,held_out,epfl-random_control-i2c-po41-b4580bd004,,0745a1313e725625a421ff591e0d9715e6dec82a85ea7df2dbe8826b6ce24140,3f6ab413a3f745c87811fa6565d972146f1f4e6ede78fae71fcb16e469b9b213,i2c.aig,14,56,63,46,12100.0,300.0,32,64,42,12,42,64,42,62100.0,70100.0,42900.0,1273,703100.0,693200.0105734915,46899.94966611266,57399.91320297122,166999.9910518527,76199.93994012475,72500.0,51000.0,ok,40520.0,47440.0,40280.0,43220.0,98400.0,707100.0,1.1707798617966436,1.0729890764647467,2.442899702085402,fc3af9492fc0976e2abfb7c3d08150fcd26c76cb35b529912cb5295caa7b6504,True,2048,28672,129024,12288,24576,8388608,5,5,b4580bd004a03184f80a40bf4bf57ba8
epfl,held_out,epfl-random_control-i2c-po42-455375796e,,e87145524912979e39791f7c4003bb11ed4ac15f3b104d38919631094b82010a,3f6ab413a3f745c87811fa6565d972146f1f4e6ede78fae71fcb16e469b9b213,i2c.aig,15,59,66,48,12100.0,300.0,33,67,44,13,44,67,44,66300.0,71600.0,43800.0,1340,700600.0,689299.9808769673,42100.11684335768,59500.01650489867,175000.05196779966,78500.04476495087,72300.0,49400.0,ok,68160.0,60560.0,69540.0,55700.0,86800.0,881700.0,0.8884976525821596,0.8009778544722462,1.2482024733966062,75931fddb7647533cdbc648dcbb148d39cf9be9582adacdb6779f12a57a2c581,True,4096,61440,270336,28672,53248,8388608,5,5,455375796e966a411f691ab3a7c4d3b5
epfl,held_out,epfl-random_control-i2c-po44-bebebe05c9,,6eff763c0a3873b7c137cd0393c10beff7bdb9e948d044cc2e0ab422ef711c25,3f6ab413a3f745c87811fa6565d972146f1f4e6ede78fae71fcb16e469b9b213,i2c.aig,14,88,136,77,30900.0,400.0,63,111,74,16,93,144,93,151800.0,161700.0,89900.0,2019,1505000.0,1491000.0027157366,90199.98833537102,121299.93410781026,385799.85266551375,194399.93775449693,168600.0,145100.0,ok,88520.0,96300.0,71560.0,73140.0,90500.0,1111500.0,1.087889742431089,1.0220793739519285,1.2646730016769145,bae2a7f9518fac36d5af4a074f1be698458dd580447017cfb57741f430a80a8d,True,2048,28672,278528,18432,32768,8388608,5,5,bebebe05c902b53a25f3e3c9ee760de8
epfl,held_out,epfl-random_control-i2c-po68-6659cda0b7,,2d73e34f6f2daef7bc8bb9d45f08152cdd237b44def8bcb5410ef8b5620f267a,3f6ab413a3f745c87811fa6565d972146f1f4e6ede78fae71fcb16e469b9b213,i2c.aig,13,47,52,38,9500.0,300.0,25,52,34,14,35,54,35,52300.0,54100.0,35400.0,1061,540500.0,524899.9805189669,32600.10271333158,47499.95423480868,132599.93284009397,62100.03630258143,54700.0,37600.0,ok,23400.0,35820.0,21340.0,31200.0,35500.0,534100.0,1.5307692307692307,1.4620431115276475,1.6635426429240863,204b60e714c082351aa1a604ac7736349c7c25e3cc17a2dd7d2279c5c2b803d6,True,1024,13312,53248,5120,14336,8388608,5,5,6659cda0b7df92842bccc47e46449962
epfl,held_out,epfl-random_control-i2c-po71-1bdb300ea1,,d9a20d913be5cdfba0722957559b9af2b666a5aeaa07119c050157cb5f34bdaf,3f6ab413a3f745c87811fa6565d972146f1f4e6ede78fae71fcb16e469b9b213,i2c.aig,10,60,95,57,14000.0,300.0,47,76,50,11,66,104,66,72900.0,67800.0,41900.0,1372,673500.0,664499.9957643449,40500.01734867692,52199.93181526661,170399.9296296388,74499.83968399465,84100.0,60800.0,ok,15082.0,57526.0,13148.0,42936.0,28800.0,754400.0,3.8142156212703884,3.265591724977183,2.1904472163066626,d1190439fa5d7d5972fb3a3b465cbb597c7fe86e926cecb9072aff0949ba6eb1,True,128,1280,12160,896,1408,8388608,50,5,1bdb300ea1180c272c3a44ce4bbaa04e
epfl,held_out,epfl-random_control-i2c-po72-e01c98e60e,,0b71902f31be008f6d02162daa39f47c7ff6b95f23dd647c29201886c93d4fb5,3f6ab413a3f745c87811fa6565d972146f1f4e6ede78fae71fcb16e469b9b213,i2c.aig,10,50,80,46,11700.0,300.0,36,61,40,9,55,86,55,61200.0,59300.0,36400.0,1140,568700.0,559100.0081039965,33900.11261217296,41799.96903985739,145100.0280212611,60699.93833079934,68400.0,56200.0,ok,12410.0,47504.0,10382.0,34482.0,26800.0,680000.0,3.827880741337631,3.321325370834136,2.5813908688114044,ae1075abfd2a5d8d76fc4ed875e1283e69b8ec1a464e6790e954290784b9fb32,True,128,1280,10240,896,1152,8388608,50,5,e01c98e60e9e792fd949c7a738e22514
epfl,held_out,epfl-random_control-i2c-po73-8b0c8a5c32,,9e6f086ae708e3b7dfd830d42ba530cd33373efab8896af8ab4794741a46d754,3f6ab413a3f745c87811fa6565d972146f1f4e6ede78fae71fcb16e469b9b213,i2c.aig,11,44,52,35,8600.0,200.0,24,50,33,12,35,54,35,45300.0,50800.0,31500.0,1001,500800.0,493500.0033583492,30900.060664862394,44000.01489557326,126400.03114938736,50699.920393526554,49900.0,38500.0,ok,9580.0,31380.0,8990.0,27110.0,23500.0,494500.0,3.2755741127348643,3.0155728587319244,2.6140155728587318,d050d5e488e447d4f91557023984ac88f5e02012623a189d7c131175c6b41223,True,256,2816,13312,1280,3072,8388608,20,5,8b0c8a5c32c3ae5544ea6374e0cf56c1
epfl,held_out,epfl-random_control-i2c-po74-3bf1791a1e,,e54ca27b26f1691a561195da4fde45b721df5856793f104cc2f6b120014c587d,3f6ab413a3f745c87811fa6565d972146f1f4e6ede78fae71fcb16e469b9b213,i2c.aig,14,78,136,69,16800.0,200.0,55,96,64,14,94,147,94,94100.0,95900.0,53000.0,1784,935700.0,928900.0008720905,59000.01269765198,73500.09400397539,227299.9845445156,121099.9907925725,107700.0,102300.0,ok,92700.0,96040.0,60360.0,62760.0,76400.0,933900.0,1.0360302049622439,1.0397614314115309,1.265738899933731,47d3f10994a67aff5faf33721031644f1b49c96abc8bd6bcd6427901b4014266,True,2048,28672,278528,16384,28672,8388608,5,5,3bf1791a1e19a330524199cb7289b9d3
epfl,held_out,epfl-random_control-int2float-po0-03bdd5ff4c,,6e0ae2da7ac89da04fa8c34c3d99fe58bc8fb27f5f87cb8adeac548ba492750c,ad280bdb8331591998b8184ff70ad00d31184649c245796965fc6777e3016bab,int2float.aig,11,123,195,104,28400.0,400.0,93,164,112,17,134,208,134,139700.0,155100.0,82100.0,2902,1588700.0,1570300.0244684517,117299.90364983678,139900.1048412174,378500.0299103558,193199.95772093534,168400.0,134800.0,ok,34490.0,115500.0,29590.0,92715.0,70300.0,1431900.0,3.348796752681937,3.133322068266306,2.3758026360256843,c1d40e61b68de7c053b00ac26ad24cf31d586843679de793f1185d334330da90,True,256,2816,49920,2048,4352,8388608,20,5,03bdd5ff4c9e7ba74dd98df4b3e13c3f
epfl,held_out,epfl-random_control-int2float-po1-5d8e7b322c,,cc38b9dc76ffe1332b8d31ac077a17e1cdca3469c1a2d0b081a49079a518a543,ad280bdb8331591998b8184ff70ad00d31184649c245796965fc6777e3016bab,int2float.aig,11,140,250,121,30400.0,300.0,110,188,129,17,171,264,171,152500.0,166400.0,92200.0,3324,1577400.0,1561500.015668571,112499.89620409906,139199.83757659793,375500.29810518026,195299.88639988005,166500.0,142400.0,ok,43215.0,154180.0,35750.0,109315.0,57900.0,1905900.0,3.5677426819391416,3.0577622377622378,1.6195804195804195,62c969474fe76c7b35083c046fbc34b2aa79cd9a3c3ce25affed1b12900006b7,True,256,2816,64000,2048,4352,8388608,20,5,5d8e7b322c52ffcea867e25a64827d0d
epfl,held_out,epfl-random_control-int2float-po2-6d30452990,,4ade002b7e53378e2631c88d02e3480b044e6dffcb6c7a9f1831cde8b1bfe52b,ad280bdb8331591998b8184ff70ad00d31184649c245796965fc6777e3016bab,int2float.aig,11,136,208,117,35000.0,300.0,106,183,125,19,139,210,139,159700.0,170700.0,88600.0,3220,1713600.0,1703299.9894581735,125599.9959539622,147500.04629604518,411900.08050762117,198299.93834719062,178800.0,130500.0,ok,36080.0,124215.0,34570.0,106435.0,54600.0,1769100.0,3.4427660753880267,3.0788255713045993,1.5794041076077523,f43bddbb529e70d504a28e16b2a363d49dc021cff3961a2211cb54011dada7cf,True,256,2816,53248,2560,4864,8388608,20,5,6d304529902c7de8d07c800e0b54ebc4
epfl,held_out,epfl-random_control-int2float-po3-15980bb2bc,,9b7a1eb80dc024677b1c37549ba56b32214447d257e63af9f8a4ff2b01f88cdb,ad280bdb8331591998b8184ff70ad00d31184649c245796965fc6777e3016bab,int2float.aig,9,35,40,26,7400.0,300.0,17,39,26,9,26,39,26,33800.0,43000.0,26700.0,801,414600.0,408399.99564923346,28200.01100189984,37000.01980178058,100400.00779554248,38800.00440403819,37300.0,28300.0,ok,5728.0,23894.0,5526.0,20816.0,21800.0,420200.0,4.171438547486034,3.7669200144770176,3.9449873326094824,a573479806677d7506a2ada48179a8b70543a030f81f0f11a5620998925cb16b,True,64,576,2560,320,576,8388608,50,5,15980bb2bc4ddf8ac669d986b3fe2987
epfl,held_out,epfl-random_control-int2float-po4-f28975a467,,f5ba19ceb6d88282377896a1527ed6cacb1025f8f16bea3b3222cb99cdf00b37,ad280bdb8331591998b8184ff70ad00d31184649c245796965fc6777e3016bab,int2float.aig,11,79,116,65,16700.0,200.0,54,99,68,13,76,113,76,87500.0,107700.0,53300.0,1838,1025600.0,1018000.0099353492,77100.0050008297,89400.01134760678,226700.0381834805,116099.95272010565,89500.0,80100.0,ok,18150.0,63965.0,17260.0,55205.0,36500.0,938800.0,3.5242424242424244,3.1984356894553883,2.1147161066048668,f7af9f2be3999b51a8739e13830a8a87ba712b82fcd94e424418252894fa1c12,True,256,2816,29696,1536,3328,8388608,20,5,f28975a467467027fb13672468eee71e
epfl,held_out,epfl-random_control-int2float-po5-b67636a98e,,bb1610e3db0eb5ed6c93ca7fe15cf3624caf1eb398f17cd22096a71d6078868a,ad280bdb8331591998b8184ff70ad00d31184649c245796965fc6777e3016bab,int2float.aig,11,55,76,43,10700.0,300.0,32,62,44,8,48,69,48,55700.0,62900.0,37600.0,1288,629500.0,620999.9846760184,47499.89602714777,52899.99535307288,149100.08758306503,73100.03275051713,59300.0,48400.0,ok,11580.0,43440.0,11305.0,37405.0,29500.0,678500.0,3.7512953367875648,3.3087129588677575,2.6094648385670056,1ee391793ed87bfb360b7b17b761d9e4d5761014768035b7d27d136d14e83f71,True,256,2816,19456,1536,2048,8388608,20,5,b67636a98ead5159e39ab86cf33ee5ec
epfl,held_out,epfl-random_control-int2float-po6-f3b25f4977,,20ff0051b893aa207f502ce373fb7624a9709a47295efaa9406ad4517d64bf83,ad280bdb8331591998b8184ff70ad00d31184649c245796965fc6777e3016bab,int2float.aig,9,23,23,17,4600.0,200.0,8,20,14,6,14,20,14,23400.0,27700.0,19400.0,530,263900.0,259199.99461621046,17799.990018829703,20299.97995123267,66699.9549139291,24099.97978247702,24600.0,18900.0,ok,3682.0,14560.0,3436.0,12386.0,17500.0,278100.0,3.9543726235741445,3.6047729918509894,5.093131548311991,36016ece63dba19a8893c3beb75e6da627dfef954fd400e4cfd4c42df03c2509,True,64,576,1472,256,384,8388608,50,5,f3b25f4977d4bcf51dda67781c43f99e
epfl,held_out,epfl-random_control-int2float-internal25-be3b3fac1d,,4c02791891541161338fbb5fd396937592ff08c94f3d301404208cc38c60b573,ad280bdb8331591998b8184ff70ad00d31184649c245796965fc6777e3016bab,int2float.aig,9,62,84,55,14700.0,300.0,46,80,53,10,57,88,57,72100.0,75500.0,43200.0,1423,750600.0,736899.9940808862,51499.98469278216,58300.06557516754,186799.99629966915,76800.09002797306,84800.0,57600.0,ok,11888.0,50876.0,11532.0,42710.0,28300.0,684800.0,4.279609690444145,3.703607353451266,2.4540409295872356,f6acbb5df0ab125c4cff549f5deacb5619d5dc0b6ea07ccf0ee911d616decda7,True,64,576,5376,384,640,8388608,50,5,be3b3fac1d823fd25e118a7cd2988a7f
epfl,held_out,epfl-random_control-mem_ctrl-po614-b0a54afe66,,b1861a1bb5fb48063c02ada92da89296a1303b82adafd084f6aec4b769be5b94,390d601836717129b903a5ecc8fd96b41d322d26895d666b303c64b796bd0d1d,mem_ctrl.aig,13,59,85,53,12600.0,300.0,40,68,46,7,56,84,56,68100.0,67300.0,40300.0,1353,654000.0,645899.9996539205,41399.907786399126,50700.06591267884,162599.98665191233,74300.04188790917,69400.0,51800.0,ok,34260.0,54020.0,30480.0,49220.0,52800.0,651400.0,1.5767659077641565,1.6148293963254594,1.7322834645669292,f2bb02963b14ad35e1a1b172b5943b40d4983b1d4c025937b5e4340d425b0631,True,1024,13312,87040,6144,7168,8388608,5,5,b0a54afe6676a053c38f0c7838100f31
epfl,held_out,epfl-random_control-mem_ctrl-po622-b73ccd172a,,fbd79b8ef47e3106a7154d4446110ee72b8e217901da9504e84122f655858acd,390d601836717129b903a5ecc8fd96b41d322d26895d666b303c64b796bd0d1d,mem_ctrl.aig,16,111,261,95,24800.0,300.0,79,139,95,16,178,274,178,121400.0,132400.0,83800.0,2590,1295500.0,1281299.9775633216,94799.93605054915,113700.05086064339,305699.88302886486,171100.02227127552,129900.0,162700.0,ok,499040.0,259300.0,239740.0,140480.0,157800.0,1747300.0,0.5195976274446938,0.5859681321431551,1.1232915717539864,f2aa756708881c0cbac5cc8cac91687b31e2a9f762f2a0b6554c4a72d87cdd95,True,8192,131072,2138112,57344,131072,8388608,5,5,b73ccd172ac9991f3ef8cd79521ebe5d
epfl,held_out,epfl-random_control-mem_ctrl-po623-7f80ce9c66,,174bc76a6e13974f3c04c56d4aec84fa2d602244a32d9574fa80f24ded1c4843,390d601836717129b903a5ecc8fd96b41d322d26895d666b303c64b796bd0d1d,mem_ctrl.aig,16,120,415,105,25200.0,200.0,89,154,104,21,286,444,286,297100.0,283200.0,76900.0,2811,1422500.0,1406099.9965295196,98900.02547763288,118099.99705292284,332900.0319354236,209799.938602373,156300.0,280400.0,ok,1162020.0,424320.0,244920.0,147800.0,173400.0,1770300.0,0.36515722620953167,0.6034623550547118,1.1732070365358593,226f92086ca85fe2014d4fb0d2b59e28a690538a8c9ce604f2f7bb5a0b4b0017,True,8192,131072,3399680,57344,172032,8388608,5,5,7f80ce9c6606a9cff5dee7e69924c7d6
epfl,held_out,epfl-random_control-mem_ctrl-po627-7b4af14eba,,174bc76a6e13974f3c04c56d4aec84fa2d602244a32d9574fa80f24ded1c4843,390d601836717129b903a5ecc8fd96b41d322d26895d666b303c64b796bd0d1d,mem_ctrl.aig,16,110,256,94,24000.0,300.0,78,137,94,15,173,264,173,118300.0,127400.0,66800.0,2568,1279600.0,1266100.0073421746,91299.93850365281,110900.02954006195,302999.8915735632,170400.07514879107,137600.0,161900.0,ok,475500.0,253760.0,239680.0,140980.0,155200.0,1647800.0,0.5336698212407992,0.5882009345794392,1.1008653709746063,226f92086ca85fe2014d4fb0d2b59e28a690538a8c9ce604f2f7bb5a0b4b0017,True,8192,131072,2097152,57344,122880,8388608,5,5,7b4af14eba4e0fd1de4e465555a67dbb
epfl,held_out,epfl-random_control-priority-internal17-ead80e25a7,,1e3eedb68183438cc634ee5159e66844d4ac5f4b8141245322ad1e2cc9c09f4a,9123187c4169189f53f17a84367c4bd5f749b13298f9619ef601c5de4ee90678,priority.aig,8,49,172,49,12200.0,300.0,41,64,41,7,118,183,118,62500.0,56900.0,34600.0,1117,520000.0,512500.00251457095,27900.008717551827,38300.087908282876,140300.02057552338,51500.13021193445,65800.0,113500.0,ok,20272.0,98731.0,9906.0,35292.0,25500.0,685500.0,4.870313733228098,3.5626892792247125,2.57419745608722,5198a820ea6beda946ecb647e6dc6d0f91322f3515987a09936af343e07e5277,True,32,256,5504,160,224,8388608,100,5,ead80e25a7a707e58a98e54ea2ab071d
epfl,held_out,epfl-random_control-priority-internal33-6197962bc5,,322ccb5a63c694ad735ba187631593ae0d85f9bc452b9fef518fa226df7bbbc6,9123187c4169189f53f17a84367c4bd5f749b13298f9619ef601c5de4ee90678,priority.aig,13,88,1967,88,22100.0,300.0,75,117,75,8,1358,2108,1358,109600.0,114000.0,58200.0,2000,1017500.0,1006699.982099235,70799.81151036918,73299.94696192443,244300.02667941153,133900.08825808764,129200.0,1449800.0,ok,873620.0,1291400.0,48920.0,70300.0,65200.0,1192500.0,1.4782170737849407,1.437040065412919,1.3327882256745707,a39cc2cca5d9e8473aed67c99fd73e0151d70d7aa347dd25b16b8fd5c1ec48f3,True,1024,13312,2014208,8192,8192,8388608,5,5,6197962bc5841fedc87735bf397d9789
epfl,held_out,epfl-random_control-priority-internal390-5c1b8c3dc3,,28dd33a34e5477c9e28a36255872a929e77d06012353da99aff23c18605f9813,9123187c4169189f53f17a84367c4bd5f749b13298f9619ef601c5de4ee90678,priority.aig,10,46,94,45,13900.0,500.0,35,56,36,9,66,105,66,57100.0,55300.0,32000.0,1043,505700.0,498799.98550750315,33299.99162815511,35800.01066438854,129199.93605464697,55900.01819655299,69200.0,64200.0,ok,15216.0,56662.0,10252.0,32054.0,27700.0,537600.0,3.723843322818086,3.1266094420600856,2.701911822083496,4e5896adb5499e172d38c766bfac5512c0654c9b2f599e25dd222c612bbf3aa1,True,128,1280,12032,896,1152,8388608,50,5,5c1b8c3dc37c9ce71c4f40cce691208e
epfl,held_out,epfl-random_control-priority-internal636-78eeeb8379,,01577f70e1c9995b0e3e6cc59788f540867673be56a84ac306fb0ed333b8f3c5,9123187c4169189f53f17a84367c4bd5f749b13298f9619ef601c5de4ee90678,priority.aig,16,49,51,37,9100.0,300.0,21,50,33,16,34,52,34,53500.0,56800.0,38500.0,1105,604100.0,595099.9911874533,41199.964471161366,58499.950682744384,148800.14350637794,57499.943068251014,55000.0,40400.0,ok,95680.0,58860.0,90180.0,52840.0,70400.0,655100.0,0.615175585284281,0.5859392326458195,1.3323239969719909,59847f4736a5c5fa7083c8a7e7597345aeb5d74cd5ff52bb3e15e1a8d851e31c,True,8192,131072,417792,40960,131072,8388608,5,5,78eeeb837992edfa21763c8a541c030f
epfl,held_out,epfl-random_control-priority-internal919-8f1126a8c9,,16abab341fb7f370e27e4dadcf81766dd0dfd0ae64469477bb2cf6614938b2af,9123187c4169189f53f17a84367c4bd5f749b13298f9619ef601c5de4ee90678,priority.aig,9,26,26,19,5600.0,200.0,10,26,17,10,17,26,17,26100.0,32700.0,21800.0,590,331900.0,327000.0161137432,21799.96226914227,38900.00516548753,81999.92589652538,29899.965738877654,27500.0,19200.0,ok,4470.0,16910.0,4066.0,14074.0,29200.0,342600.0,3.7829977628635345,3.4613871126414164,7.181505164781112,16abab341fb7f370e27e4dadcf81766dd0dfd0ae64469477bb2cf6614938b2af,True,64,576,1664,192,640,8388608,50,5,8f1126a8c958341aaed77b581b1997eb
epfl,held_out,epfl-random_control-router-internal19-4200fe3838,,23fc335ebc04e96fb4e7a1116e3fc68a401e8eb2b8297cff732698f1a0971456,fe8d13d4efe05fc3400ab8c94c0d1ce07ee24dd2ec106f7ae3d24e962e80efbd,router.aig,8,24,24,22,5700.0,300.0,14,25,16,6,16,25,16,29700.0,30600.0,20600.0,544,274200.0,269099.98268820345,13300.013961270452,18599.967006593943,74699.89941455424,23900.007363408804,34500.0,18300.0,ok,3984.0,15915.0,4441.0,14955.0,21100.0,302300.0,3.9947289156626504,3.3674848007205584,4.751182166178789,9a07d705f0831a12cac6c1aed2281e9c4d390c298b72a76e5ea5cc542632adc8,True,32,256,768,96,192,8388608,100,5,4200fe38385d0b56304dad3e6eb02b81
epfl,held_out,epfl-random_control-router-internal29-ebfa4eab0e,,b4f361622f1bc2f68bf08063a7f1fb20030b4e92daf2ece8f8bd2eaa55a27ec0,fe8d13d4efe05fc3400ab8c94c0d1ce07ee24dd2ec106f7ae3d24e962e80efbd,router.aig,11,34,34,31,8200.0,400.0,20,36,23,8,23,36,23,40500.0,41000.0,36600.0,763,390000.0,384599.989047274,20299.97995123267,26699.999580159783,102700.05441270769,44800.020987167954,55300.0,26500.0,ok,7250.0,22485.0,7880.0,21300.0,23500.0,396100.0,3.1013793103448277,2.703045685279188,2.982233502538071,1aca6476bcab2ac6bdcad62ea0972ca707d617f669b840ace41a909ce9b00165,True,256,2816,8704,768,2048,8388608,20,5,ebfa4eab0e74bc8c6ed30aeb1411544c
epfl,held_out,epfl-random_control-router-internal39-7af9c35a7e,,f67a1729e9d5531acbb12ffa5fb02094206dc61dee866b9d9b490a5c5c1333d8,fe8d13d4efe05fc3400ab8c94c0d1ce07ee24dd2ec106f7ae3d24e962e80efbd,router.aig,14,43,43,40,9500.0,200.0,26,45,29,8,29,45,29,54900.0,50800.0,33100.0,964,474100.0,467400.00834688544,22200.02352260053,33199.96176287532,128299.95830543339,59000.01269765198,59900.0,30600.0,ok,28280.0,33960.0,29120.0,32240.0,43900.0,506200.0,1.200848656294201,1.1071428571428572,1.507554945054945,3412e5f94eb5daec4bba482d05ee424e3319e7a68178aefb83d3df158572e04d,True,2048,28672,88064,6144,16384,8388608,5,5,7af9c35a7e112b2839cd08d8fa30b8b1
epfl,held_out,epfl-random_control-router-internal104-77af71e925,,26ab8d2f3a330290d28a5f168aa4a309405d06406fcabb86d3d8e405f45ad1e1,fe8d13d4efe05fc3400ab8c94c0d1ce07ee24dd2ec106f7ae3d24e962e80efbd,router.aig,11,42,56,33,8700.0,300.0,22,47,31,14,38,59,38,45100.0,47800.0,37800.0,958,545800.0,540100.0089477748,36700.04662126303,65800.00626854599,133300.05458556116,52599.99306872487,48300.0,40400.0,ok,10865.0,36050.0,8935.0,26660.0,25200.0,548000.0,3.3179935572940633,2.983771684387241,2.8203693340794627,b86a0af600f27073cdf6c2cc61163f3a3da6a10bb1f8a9d19c1375504c37fda6,True,256,2816,14336,1280,3584,8388608,20,5,77af71e9251e73440cb959cf402bac43
epfl,held_out,epfl-random_control-router-internal135-565d2a3a16,,9201cdc32d9a27d99e0addf8236830f207bc858dee515da9d3df903bac337853,fe8d13d4efe05fc3400ab8c94c0d1ce07ee24dd2ec106f7ae3d24e962e80efbd,router.aig,12,36,36,33,8100.0,200.0,21,37,24,7,24,37,24,43600.0,42200.0,27300.0,810,393100.0,386800.0057991594,19499.886548146605,28700.073016807437,104199.92031529546,45499.99721348286,46200.0,26600.0,ok,11895.0,24810.0,12610.0,23905.0,29800.0,504400.0,2.085750315258512,1.8957176843774781,2.3632038065027756,a3d4a41597a6daf0e03ced8a9d62ae29ee4a81485b16b54bd3993415671b97e0,True,512,6144,18432,1536,3584,8388608,20,5,565d2a3a163f4b2698aa927119f22d2e
epfl,held_out,epfl-random_control-router-internal177-832d43e9af,,ad6a855b1c0263206b617b7122ab8b4bb9667664e39c08120bbf7d38cf2c158e,fe8d13d4efe05fc3400ab8c94c0d1ce07ee24dd2ec106f7ae3d24e962e80efbd,router.aig,15,51,95,47,11400.0,300.0,32,56,36,9,65,101,65,64400.0,59500.0,36900.0,1145,577000.0,569299.9984603375,28099.981136620045,41700.026486068964,149600.06228648126,80199.91219043732,65300.0,62600.0,ok,103620.0,87640.0,58200.0,50500.0,82900.0,653300.0,0.8457826674387184,0.8676975945017182,1.4243986254295533,2d38ca4ac5568a72e6325f56cbb4162b75036fffe38c81bce7ca650f4fe8f70c,True,4096,61440,389120,16384,36864,8388608,5,5,832d43e9afe1ef2f4984e581e6acacd9
epfl,held_out,epfl-random_control-router-internal233-5ddc8d5e1b,,dec234304d115a50b977a1569748ab6d44b8743cf93a68babf841c46ba798cbc,fe8d13d4efe05fc3400ab8c94c0d1ce07ee24dd2ec106f7ae3d24e962e80efbd,router.aig,16,85,253,67,17200.0,300.0,51,102,69,23,175,273,175,96800.0,108700.0,58800.0,1965,1224200.0,1212200.0043746084,90699.90483112633,167699.9090705067,277099.89808499813,157200.0328451395,94600.0,187100.0,ok,495460.0,264380.0,176880.0,106160.0,121800.0,1330700.0,0.5336051346223711,0.6001809136137495,1.1473247927656367,baf638738db8f84c8b58231ebc21151fff93a8c0586dbbbd85ea33a8a3777fd1,True,8192,131072,2072576,40960,188416,8388608,5,5,5ddc8d5e1b4e33d6d415cb84321f21e3
epfl,held_out,epfl-random_control-voter-internal72-661c8b218d,,00ad53b87fd6d173a86443ac94b6972381d29a677c2112133d90424185c3ee91,10ea098f4fca120ba55dd1abd5fab34d6a4df6099c4f411bc8592a27f9caf324,voter.aig,12,89,265,85,22200.0,300.0,73,119,77,8,185,291,185,109400.0,111600.0,59000.0,2034,1015700.0,1006000.0058729202,63499.901443719864,81899.92513507605,260100.14698840678,93800.01574754715,115400.0,170800.0,ok,81975.0,164480.0,39530.0,68370.0,54800.0,1008100.0,2.00646538578835,1.7295724766000506,1.3862888945104983,00ad53b87fd6d173a86443ac94b6972381d29a677c2112133d90424185c3ee91,True,512,6144,135680,3584,4096,8388608,20,5,661c8b218d6a9527eeb662c0cb1deaf2
epfl,held_out,epfl-random_control-voter-internal3075-f8954d4f09,,d17086cdb006ae47e044c0c125cdb6aaf8c917b0029278ce0cc88eef4a43a896,10ea098f4fca120ba55dd1abd5fab34d6a4df6099c4f411bc8592a27f9caf324,voter.aig,12,179,4547,168,41500.0,300.0,156,250,167,13,3161,4937,3161,223600.0,230700.0,111400.0,4274,2286600.0,2265400.02040565,170400.1915641129,198900.26305802166,549000.1640282571,280500.27322024107,250700.0,4265300.0,ok,1508965.0,2925245.0,82200.0,143520.0,95500.0,2114100.0,1.9385771041740532,1.745985401459854,1.161800486618005,a98bb428b83bb0cfe77da3ebc24a2014e54dba16192ca07a4d7bc565eacbcac9,True,512,6144,2328064,5632,6656,8388608,20,5,f8954d4f09d9cc98e6430789baffe087
epfl,held_out,epfl-random_control-voter-internal4823-4087895a60,,7c87f58d0aade6bc2554ac3faaa1b721bcb1db7833fd31f5e6b066cd2c6b3330,10ea098f4fca120ba55dd1abd5fab34d6a4df6099c4f411bc8592a27f9caf324,voter.aig,12,167,2599,161,47100.0,600.0,149,235,155,14,1807,2823,1807,216300.0,218300.0,116000.0,3959,1908000.0,1885900.0119846314,133199.93740879,157099.62463006377,478999.8638443649,220500.10738894343,259200.0,2054800.0,ok,823625.0,1622605.0,73305.0,138315.0,93600.0,1936300.0,1.9700774017301563,1.8868426437487211,1.2768569674647023,7c87f58d0aade6bc2554ac3faaa1b721bcb1db7833fd31f5e6b066cd2c6b3330,True,512,6144,1330688,5120,7168,8388608,20,5,4087895a6009aa8f117aa8f85be6db1a
epfl,held_out,epfl-random_control-voter-internal7179-1f4236d03b,,94b0613d0adbb661e8da4ec12a47be76198b860edad947a3ede25a4a57cf36c9,10ea098f4fca120ba55dd1abd5fab34d6a4df6099c4f411bc8592a27f9caf324,voter.aig,12,171,3897,163,38200.0,300.0,151,240,159,16,2709,4231,2709,237300.0,235300.0,108900.0,4064,2401300.0,2368200.0173721462,181099.89468939602,195400.06178431213,609899.9583628029,280600.0702548772,252300.0,3447100.0,ok,1383050.0,2551765.0,76510.0,142570.0,95500.0,2067400.0,1.845027294747117,1.86341654685662,1.248202849300745,4cf3323f250b6dbc49f4a2bf3c1c4c783719c0321b59a5d2af47b7670038f7a5,True,512,6144,1995264,5632,8192,8388608,20,5,1f4236d03b0184ebbfd243a0ab581e29
epfl,held_out,epfl-random_control-voter-internal9182-24dfeed155,,0859ad9970b5619d8c45db08023b2bbf9bcd0d857023c08ea9bf0feb0141b0d4,10ea098f4fca120ba55dd1abd5fab34d6a4df6099c4f411bc8592a27f9caf324,voter.aig,12,176,3247,165,41900.0,300.0,153,246,164,17,2257,3525,2257,224200.0,228200.0,112400.0,4200,2197400.0,2170799.9985665083,173300.00991933048,187800.2076409757,531600.002432242,265699.92769509554,254100.0,2983300.0,ok,1073185.0,2108215.0,83595.0,159165.0,104600.0,2364200.0,1.964446949966688,1.9040014354925534,1.2512710090316406,34e9b062ad65ed9a5465de3063f267745f09586c099722e9c07abd5e7eca8c54,True,512,6144,1662464,5632,8704,8388608,20,5,24dfeed155ecdb25a2b71062c9aae63d
epfl,held_out,epfl-random_control-voter-internal10038-a5538c254b,,7ec7d00c5ff6344bdf00c9115a08a5b3d5ef20d14c28db009908bd82d5cf747a,10ea098f4fca120ba55dd1abd5fab34d6a4df6099c4f411bc8592a27f9caf324,voter.aig,12,172,2598,163,39100.0,300.0,151,241,160,19,1806,2821,1806,212400.0,217600.0,109000.0,4094,2165700.0,2151799.9994102865,158400.071086362,173499.9823383987,567700.2191077918,247800.05333013833,253300.0,2492800.0,ok,930960.0,1736950.0,85055.0,133700.0,110600.0,2164000.0,1.8657622239408782,1.571924049144671,1.3003350773029216,54e587828ba3e821fbf4a1af052c7cbfaafb60bb7d7b0363584941f88a901bce,True,512,6144,1330176,5120,9728,8388608,20,5,a5538c254b4d2c474716906da6d65640
epfl,held_out,epfl-random_control-voter-internal10957-7dc361262b,,d4af98be3a974fa5f66ea9822e9ae42d9a7bc3a7a15b3978d33a027e25b56c66,10ea098f4fca120ba55dd1abd5fab34d6a4df6099c4f411bc8592a27f9caf324,voter.aig,12,195,11047,182,45600.0,300.0,170,273,183,14,7681,11997,7681,237600.0,230800.0,120000.0,4685,2422200.0,2400099.9983400106,188600.0100057572,202899.9151661992,581800.2973683178,318299.83345232904,283400.0,9250500.0,ok,4889590.0,7405790.0,85955.0,159745.0,102500.0,2304800.0,1.5146034739109004,1.8584724565179453,1.1924844395323133,d4af98be3a974fa5f66ea9822e9ae42d9a7bc3a7a15b3978d33a027e25b56c66,True,512,6144,5656064,6144,7168,8388608,20,5,7dc361262ba66647abf5eecb25adf706
