corpus,role,id,seed,truth_sha256_expected,frozen_truth_sha256_verified,source_circuit_sha256,cluster,live_k,structural_dag_nodes_source,unfolded_tree_nodes,ir_nodes,node_count_cold_ns_median,node_count_warm_ns_median,cm_instructions,cm_executed_bigint_ops,cm_executed_word_ops,cm_peak_live_word_buffers,raw_instructions,raw_executed_bigint_ops,raw_executed_word_ops,hash_ns_median,serde_ns_median,json_encode_ns_median,serde_bytes,compile_external_ns,ir_compile_ns,ir_canonicalize_ns,ir_rewrite_ns,ir_intern_ns,ir_live_vars_ns,lower_cm_ns_median,lower_raw_ns_median,raw_kernel_status,raw_flat_ns_median,raw_words_ns_median,cm_flat_ns_median,cm_words_ns_median,wrapper_current_ns_median,end_to_end_current_ns_median,raw_words_over_flat,cm_words_over_flat,wrapper_over_selected_bare,packed_sha256,packed_digest_scope,packed_equal,output_bytes_exact,words_environment_bytes_estimate,raw_flat_temporary_bytes_estimate,raw_word_scratch_bytes_estimate,cm_word_scratch_bytes_estimate,max_kernel_temporary_bytes,kernel_batch,kernel_rounds,structural_hash
bx1,tuning,bx1-k2-1-54f10b4162e0,8461079743465329282,2b4c342f5433ebe591a1da77e013d1b72475562d48578dca8b84bac6651c3cb9,2b4c342f5433ebe591a1da77e013d1b72475562d48578dca8b84bac6651c3cb9,,andor_dom,2,3,3,3,2700.0,600.0,1,3,2,1,1,3,2,7600.0,8400.0,11200.0,95,52600.0,48200.017772614956,0.0,4300.0036384910345,10400.020983070135,3499.9975468963385,14700.0,9000.0,ok,1015.0,1092.0,1073.0,1162.0,21900.0,66500.0,1.0758620689655172,1.0829450139794967,20.410065237651445,2b4c342f5433ebe591a1da77e013d1b72475562d48578dca8b84bac6651c3cb9,semantic_live_support,True,1,0,3,0,0,8388608,100,5,54f10b4162e03f461c68c6c8f768e35b
bx1,tuning,bx1-k2-2-b518dd4ce7ff,469422568421749975,67586e98fad27da0b9968bc039a1ef34c939b9b8e523a8bef89d478608c5ecf6,67586e98fad27da0b9968bc039a1ef34c939b9b8e523a8bef89d478608c5ecf6,,andor_dom,2,4,5,3,1400.0,200.0,1,1,1,1,2,2,2,8600.0,6200.0,9100.0,119,60900.0,58299.97826367617,4400.0043999403715,7499.998901039362,8800.008799880743,2600.019797682762,7900.0,6900.0,ok,1098.0,1175.0,1098.0,1174.0,13400.0,75500.0,1.070127504553734,1.0692167577413478,12.2040072859745,67586e98fad27da0b9968bc039a1ef34c939b9b8e523a8bef89d478608c5ecf6,semantic_live_support,True,1,0,5,0,0,8388608,100,5,b518dd4ce7fff267e46efc2771ac579d
bx1,tuning,bx1-k2-3-95c6829453f6,452964046958912957,beead77994cf573341ec17b58bbf7eb34d2711c993c1d976b128b3188dc1829a,beead77994cf573341ec17b58bbf7eb34d2711c993c1d976b128b3188dc1829a,,andor_dom,2,3,3,3,1600.0,300.0,1,1,1,1,1,1,1,6000.0,5000.0,6900.0,95,53400.0,50399.97631683946,2600.019797682762,3000.02284348011,9800.016414374113,2799.9922167509794,8700.0,5800.0,ok,972.0,1050.0,1104.0,1190.0,13700.0,64800.0,1.0802469135802468,1.0778985507246377,12.409420289855072,beead77994cf573341ec17b58bbf7eb34d2711c993c1d976b128b3188dc1829a,semantic_live_support,True,1,0,3,0,0,8388608,100,5,95c6829453f64683b84b443462b96527
bx1,tuning,bx1-k2-4-32783dec984f,5318592467202692467,e7cf46a078fed4fafd0b5e3aff144802b853f8ae459a4f0c14add3314b7cc3a6,e7cf46a078fed4fafd0b5e3aff144802b853f8ae459a4f0c14add3314b7cc3a6,,mixed,2,3,3,3,1600.0,200.0,1,3,2,1,1,3,2,6200.0,5000.0,6700.0,95,37100.0,34599.97242316604,0.0,1299.9807950109243,8600.007276982069,2399.9891709536314,7900.0,5300.0,ok,1095.0,1172.0,1133.0,1219.0,13500.0,57400.0,1.0703196347031962,1.0759046778464254,11.915269196822594,e7cf46a078fed4fafd0b5e3aff144802b853f8ae459a4f0c14add3314b7cc3a6,semantic_live_support,True,1,0,3,0,0,8388608,100,5,32783dec984fbaffc95cf27946092cdd
bx1,tuning,bx1-k2-5-fc111ecef3a9,8616361440898826637,4d7b3ef7300acf70c892d8327db8272f54434adbc61a4e130a563cb59a0d0f47,4d7b3ef7300acf70c892d8327db8272f54434adbc61a4e130a563cb59a0d0f47,,impeqv_dom,2,11,31,3,1300.0,200.0,1,1,1,1,15,39,27,18300.0,20600.0,12800.0,295,128500.0,125500.02429634333,3399.9676816165447,13200.013199821115,24600.012693554163,7099.995855242014,8200.0,28200.0,ok,3890.0,3961.0,1112.0,1199.0,16400.0,142400.0,1.0182519280205655,1.0782374100719425,14.748201438848922,4d7b3ef7300acf70c892d8327db8272f54434adbc61a4e130a563cb59a0d0f47,semantic_live_support,True,1,0,31,0,0,8388608,100,5,fc111ecef3a9fea0fb4436cc12779e92
bx1,tuning,bx1-k2-6-7d06ed9915a2,4522821221123432492,e52d9c508c502347344d8c07ad91cbd6068afc75ff6292f062a09ca381c89e71,e52d9c508c502347344d8c07ad91cbd6068afc75ff6292f062a09ca381c89e71,,xor_dom,2,10,25,6,2900.0,200.0,4,6,6,4,12,12,12,16100.0,18000.0,13600.0,270,175100.0,171899.99925903976,16999.983927235007,25299.93071220815,29299.961170181632,13299.984857439995,18700.0,24300.0,ok,2659.0,2728.0,1932.0,2031.0,15000.0,185800.0,1.0259496051147048,1.0512422360248448,7.763975155279503,e52d9c508c502347344d8c07ad91cbd6068afc75ff6292f062a09ca381c89e71,semantic_live_support,True,1,0,25,0,0,8388608,100,5,7d06ed9915a2307d619a02bbecd15e57
bx1,tuning,bx1-k2-7-1ac6b3fc16a4,6260423800473009968,4bf5122f344554c53bde2ebb8cd2b7e3d1600ad631c385a5d7cce23c7785459a,4bf5122f344554c53bde2ebb8cd2b7e3d1600ad631c385a5d7cce23c7785459a,,andor_dom,2,5,6,4,1600.0,200.0,2,3,2,2,3,4,3,8800.0,9000.0,9100.0,137,70900.0,67899.9931551516,5200.010491535068,3999.9722503125668,14099.961845204234,4400.0043999403715,11000.0,7600.0,ok,1347.0,1441.0,1347.0,1427.0,13400.0,85600.0,1.0697847067557535,1.0593912397921306,9.948032665181886,4bf5122f344554c53bde2ebb8cd2b7e3d1600ad631c385a5d7cce23c7785459a,semantic_live_support,True,1,0,6,0,0,8388608,100,5,1ac6b3fc16a4f65ccac07328e95bf0b3
bx1,tuning,bx1-k2-8-7cec1b883a82,4008937263292170230,ca358758f6d27e6cf45272937977a748fd88391db679ceda7dc7bf1f005ee879,ca358758f6d27e6cf45272937977a748fd88391db679ceda7dc7bf1f005ee879,,xor_dom,2,12,31,8,4400.0,400.0,6,11,8,3,16,24,19,17900.0,21800.0,13700.0,310,210000.0,205999.99697878957,13300.072168931365,26599.940611049533,41099.96370971203,14700.02462156117,38800.0,49800.0,ok,3550.0,3653.0,2253.0,2342.0,18800.0,223100.0,1.0290140845070423,1.039502885042166,8.344429649356414,ca358758f6d27e6cf45272937977a748fd88391db679ceda7dc7bf1f005ee879,semantic_live_support,True,1,0,31,0,0,8388608,100,5,7cec1b883a82113d6050c89326721bc9
bx1,tuning,bx1-k3-1-6189f2994067,5966868217106501688,620bfdaa346b088fb49998d92f19a7eaf6bfc2fb0aee015753966da1028cb731,620bfdaa346b088fb49998d92f19a7eaf6bfc2fb0aee015753966da1028cb731,,andor_dom,3,6,6,5,2000.0,200.0,2,4,3,2,3,4,3,9000.0,9100.0,9500.0,158,75900.0,73099.97454285622,5100.009730085731,3799.9998312443495,17499.987734481692,4900.0082071870565,13000.0,8100.0,ok,1361.0,1444.0,1428.0,1508.0,14100.0,100200.0,1.0609845701689933,1.0560224089635855,9.873949579831933,620bfdaa346b088fb49998d92f19a7eaf6bfc2fb0aee015753966da1028cb731,semantic_live_support,True,1,0,6,0,0,8388608,100,5,6189f29940672a4e1c71b4b746175557
bx1,tuning,bx1-k3-2-c073c4cae16c,2140984543467918017,4bf5122f344554c53bde2ebb8cd2b7e3d1600ad631c385a5d7cce23c7785459a,4bf5122f344554c53bde2ebb8cd2b7e3d1600ad631c385a5d7cce23c7785459a,,impeqv_dom,3,16,56,16,6000.0,300.0,13,32,22,6,28,59,43,25500.0,28700.0,16700.0,412,235700.0,231899.99046735466,6099.988240748644,14900.026144459844,52099.989261478186,29700.022423639894,32900.0,47800.0,ok,6174.0,6334.0,3780.0,3886.0,20500.0,248900.0,1.0259151279559442,1.028042328042328,5.423280423280423,4bf5122f344554c53bde2ebb8cd2b7e3d1600ad631c385a5d7cce23c7785459a,semantic_live_support,True,1,0,56,0,0,8388608,100,5,c073c4cae16c20ea16679fb56d345d47
bx1,tuning,bx1-k3-3-2cf6fe6bc52c,351760472865490451,3973e022e93220f9212c18d0d0c543ae7c309e46640da93a4a0314de999f5112,3973e022e93220f9212c18d0d0c543ae7c309e46640da93a4a0314de999f5112,,mixed,3,6,7,6,2500.0,200.0,3,5,4,2,3,5,4,11100.0,10000.0,10100.0,164,91300.0,88200.00221021473,4300.032742321491,7999.97360445559,18499.995348975062,6899.99433234334,16500.0,8900.0,ok,1483.0,1578.0,1675.0,1777.0,14700.0,128000.0,1.0640593391773432,1.0608955223880596,8.776119402985074,3973e022e93220f9212c18d0d0c543ae7c309e46640da93a4a0314de999f5112,semantic_live_support,True,1,0,7,0,0,8388608,100,5,2cf6fe6bc52ca9b0c580828a67d0e3b2
bx1,tuning,bx1-k3-4-6f4b1568a0b2,3528185177367768437,50868f20258bbc9cce0da2719e8654c108733dd2f663b8737c574ec0ead93eb3,50868f20258bbc9cce0da2719e8654c108733dd2f663b8737c574ec0ead93eb3,,impeqv_dom,3,14,37,8,2900.0,300.0,5,14,9,3,19,45,31,22600.0,25000.0,15500.0,363,166600.0,162900.0180400908,5800.044164061546,15199.970221146941,34299.970138818026,12299.977242946625,18000.0,29900.0,ok,4626.0,4854.0,2048.0,2138.0,18200.0,218900.0,1.0492866407263295,1.0439453125,8.88671875,50868f20258bbc9cce0da2719e8654c108733dd2f663b8737c574ec0ead93eb3,semantic_live_support,True,1,0,37,0,0,8388608,100,5,6f4b1568a0b24d9f538b69e1ddaf3168
bx1,tuning,bx1-k3-5-9d6635482dd7,2879241967487364291,beead77994cf573341ec17b58bbf7eb34d2711c993c1d976b128b3188dc1829a,beead77994cf573341ec17b58bbf7eb34d2711c993c1d976b128b3188dc1829a,,mixed,3,6,6,6,2400.0,300.0,3,8,5,2,3,8,5,8500.0,9200.0,10000.0,158,64100.0,61200.00034570694,0.0,2000.01522898674,17600.017599761486,5000.03807246685,13600.0,10900.0,ok,1622.0,1703.0,1603.0,1689.0,14000.0,88300.0,1.0499383477188655,1.0536494073611977,8.733624454148472,beead77994cf573341ec17b58bbf7eb34d2711c993c1d976b128b3188dc1829a,semantic_live_support,True,1,0,6,0,0,8388608,100,5,9d6635482dd776daa8fdfaeb834e3d4b
bx1,tuning,bx1-k3-6-6e2e20f77614,6222481568918042885,9e076ceaf246b6003d9c2680a2b4cf0bffd069805902b0b5edeebf49039fe4bd,9e076ceaf246b6003d9c2680a2b4cf0bffd069805902b0b5edeebf49039fe4bd,,andor_dom,3,5,5,5,1800.0,300.0,2,4,3,2,2,4,3,8900.0,7800.0,8400.0,139,64000.0,61300.00110715628,2399.9891709536314,4999.979864805937,13999.990187585354,4900.0082071870565,12300.0,6800.0,ok,1302.0,1394.0,1435.0,1526.0,19900.0,88200.0,1.0706605222734256,1.0634146341463415,13.867595818815332,9e076ceaf246b6003d9c2680a2b4cf0bffd069805902b0b5edeebf49039fe4bd,semantic_live_support,True,1,0,5,0,0,8388608,100,5,6e2e20f7761486ffa97f9643074ee08b
bx1,tuning,bx1-k3-7-7eea095f4c98,5572147757052189078,3e151409ace91cb3394fecd59e92b5dc42c0aad29993a1858f2f70a0866a539b,3e151409ace91cb3394fecd59e92b5dc42c0aad29993a1858f2f70a0866a539b,,mixed,3,5,5,5,2200.0,200.0,2,4,3,2,2,4,3,8800.0,7200.0,8600.0,138,60000.0,57400.00051446259,2600.019797682762,2500.019036233425,13600.016245618463,4700.035788118839,12100.0,6600.0,ok,1290.0,1555.0,1401.0,1498.0,17000.0,97000.0,1.2054263565891472,1.0692362598144183,12.134189864382584,3e151409ace91cb3394fecd59e92b5dc42c0aad29993a1858f2f70a0866a539b,semantic_live_support,True,1,0,5,0,0,8388608,100,5,7eea095f4c986451937dd28e2dc782e7
bx1,tuning,bx1-k3-8-a6d677a5a9c6,9188566006954337819,fe1dcd3abfcd6b1655a026e60a05d03a7f71e4b6070f36e6c7e9c4b6f3d3bf1b,fe1dcd3abfcd6b1655a026e60a05d03a7f71e4b6070f36e6c7e9c4b6f3d3bf1b,,xor_dom,3,16,38,5,1900.0,200.0,2,3,3,2,19,22,20,21100.0,28300.0,17100.0,413,206700.0,203300.00552348793,22200.02352260053,29500.02090074122,27999.980375170708,10400.020983070135,12700.0,34800.0,ok,3797.0,3864.0,1462.0,1563.0,18600.0,198500.0,1.0176455096128523,1.0690834473324213,12.722298221614228,fe1dcd3abfcd6b1655a026e60a05d03a7f71e4b6070f36e6c7e9c4b6f3d3bf1b,semantic_live_support,True,1,0,38,0,0,8388608,100,5,a6d677a5a9c6e5a710b944d3546e59a6
bx1,tuning,bx1-k4-1-3d5e8d379589,2912613150875055739,6b50da4c7475bcec045cadc909f0de41b16eb0a92ff8b1477f0020c937f044ec,6b50da4c7475bcec045cadc909f0de41b16eb0a92ff8b1477f0020c937f044ec,,andor_dom,4,9,11,9,3200.0,200.0,5,11,8,4,5,11,8,14700.0,14100.0,11400.0,232,134700.0,130800.00644549727,4799.978341907263,12500.007869675756,29500.050004571676,12700.00939257443,18000.0,17500.0,ok,1996.0,2087.0,2242.0,2396.0,30800.0,176800.0,1.0455911823647295,1.0686886708296164,13.737734165923284,6b50da4c7475bcec045cadc909f0de41b16eb0a92ff8b1477f0020c937f044ec,semantic_live_support,True,2,0,22,0,0,8388608,100,5,3d5e8d3795898edaa2d1f391c12bd94e
bx1,tuning,bx1-k4-2-dc59c9d65758,7097291320739778651,0c3f8fb85969c5f63bbb8cd980c4089845e43c24d46f2f3d36dac81ec4a6b5e9,0c3f8fb85969c5f63bbb8cd980c4089845e43c24d46f2f3d36dac81ec4a6b5e9,,andor_dom,4,8,9,8,3400.0,300.0,4,4,4,3,4,4,4,14500.0,13600.0,11500.0,206,120300.0,116200.0116892159,6699.934601783752,9499.985026195645,26599.998818710446,10499.992640689015,17000.0,10200.0,ok,1580.0,1664.0,1973.0,2075.0,15100.0,164900.0,1.0531645569620254,1.0516979219462748,7.6533198175367465,0c3f8fb85969c5f63bbb8cd980c4089845e43c24d46f2f3d36dac81ec4a6b5e9,semantic_live_support,True,2,0,18,0,0,8388608,100,5,dc59c9d65758cde975d26a122e6a5109
bx1,tuning,bx1-k4-3-ab064aa12f01,1101616449022087241,fc5c2283015b212d975b85e56b2a75aac4b50bd5aba30cbe74f62857c380bd47,fc5c2283015b212d975b85e56b2a75aac4b50bd5aba30cbe74f62857c380bd47,,mixed,4,9,10,8,4200.0,300.0,4,8,6,3,5,8,6,13900.0,13900.0,15700.0,226,125200.0,121599.99459981918,9600.014891475439,8499.977411702275,27299.97504502535,10199.990356341004,16400.0,10600.0,ok,1793.0,1877.0,1928.0,2016.0,15100.0,147000.0,1.0468488566648075,1.045643153526971,7.831950207468879,fc5c2283015b212d975b85e56b2a75aac4b50bd5aba30cbe74f62857c380bd47,semantic_live_support,True,2,0,20,0,0,8388608,100,5,ab064aa12f01ab07398c8f0813f4e1ad
bx1,tuning,bx1-k4-4-341296acd12a,1570959925577742463,dc957fb3268bfbc0fe10280b72493204a4a93b515bc94d24bd3a535c3f1cec88,dc957fb3268bfbc0fe10280b72493204a4a93b515bc94d24bd3a535c3f1cec88,,andor_dom,4,8,9,8,2900.0,300.0,4,6,5,3,4,6,5,14400.0,12500.0,11400.0,207,111400.0,108399.98139999807,6099.988240748644,9799.9582067132,23699.976736679673,9899.958968162537,20200.0,10300.0,ok,1678.0,1772.0,1980.0,2074.0,18600.0,160600.0,1.0560190703218117,1.0474747474747474,9.393939393939394,dc957fb3268bfbc0fe10280b72493204a4a93b515bc94d24bd3a535c3f1cec88,semantic_live_support,True,2,0,18,0,0,8388608,100,5,341296acd12a5b8fb41f5050d99bae4c
bx1,tuning,bx1-k4-5-2c4ebec5300e,4579402982539958222,a5f6a4547f1b079ee5452d9ca3ddca4e9c67df04289297a3865575f3f14539b3,a5f6a4547f1b079ee5452d9ca3ddca4e9c67df04289297a3865575f3f14539b3,,mixed,4,8,8,8,2700.0,200.0,4,7,5,2,4,7,5,12800.0,11900.0,10800.0,202,102000.0,98699.99485090375,4100.031219422817,7900.00194683671,23600.03418289125,8100.003469735384,16000.0,8700.0,ok,1677.0,1744.0,1879.0,1977.0,15700.0,123300.0,1.0399522957662493,1.0521554018094732,8.355508249068654,a5f6a4547f1b079ee5452d9ca3ddca4e9c67df04289297a3865575f3f14539b3,semantic_live_support,True,2,0,16,0,0,8388608,100,5,2c4ebec5300e3642aed0c42d51ad00d1
bx1,tuning,bx1-k4-6-cfc288ac73fb,2798707706268544857,51cf98f7d7cc561328db7f0f423f71139a220416148bc30dc5fc9c8f495b0a7f,51cf98f7d7cc561328db7f0f423f71139a220416148bc30dc5fc9c8f495b0a7f,,xor_dom,4,20,55,13,5300.0,200.0,9,16,16,7,27,27,27,30300.0,34800.0,19900.0,516,403400.0,398899.98151920736,37199.96311701834,57500.00127591193,72299.93934743106,41500.02496317029,29900.0,46100.0,ok,5041.0,5098.0,3516.0,3665.0,20600.0,389400.0,1.0113072803015275,1.042377701934016,5.858930602957907,51cf98f7d7cc561328db7f0f423f71139a220416148bc30dc5fc9c8f495b0a7f,semantic_live_support,True,2,0,110,0,0,8388608,100,5,cfc288ac73fb764f9742ae15cc8de6be
bx1,tuning,bx1-k4-7-3e9177a0a359,7151450016185330364,576058b879ad23fe9231e3e6bbc2ddb5547e70f54b9311e3ea35b63cda778021,576058b879ad23fe9231e3e6bbc2ddb5547e70f54b9311e3ea35b63cda778021,,andor_dom,4,7,7,6,2200.0,300.0,2,5,4,2,3,5,4,10700.0,10000.0,10800.0,183,94400.0,91199.99594986439,4400.0043999403715,4500.0051613897085,20600.040443241596,8100.032573565841,13200.0,8700.0,ok,1483.0,1565.0,1548.0,1612.0,14600.0,106300.0,1.0552933243425489,1.041343669250646,9.431524547803617,576058b879ad23fe9231e3e6bbc2ddb5547e70f54b9311e3ea35b63cda778021,semantic_live_support,True,2,0,14,0,0,8388608,100,5,3e9177a0a3593dfa8363df00fbb4d704
bx1,tuning,bx1-k4-8-9e6b3f348e02,3811774514271255125,86284851da241f87363910fbd25eb577ae625901035874a8b63300e0d42d9350,86284851da241f87363910fbd25eb577ae625901035874a8b63300e0d42d9350,,mixed,4,7,7,7,2300.0,300.0,3,9,6,2,3,9,6,10100.0,10800.0,10300.0,183,79600.0,76800.00271648169,0.0,4700.0066842883825,20400.009816512465,7700.000423938036,14500.0,8400.0,ok,1782.0,1868.0,1766.0,1851.0,14200.0,102500.0,1.0482603815937148,1.0481313703284258,8.040770101925254,86284851da241f87363910fbd25eb577ae625901035874a8b63300e0d42d9350,semantic_live_support,True,2,0,14,0,0,8388608,100,5,9e6b3f348e02367e9f2d6939a90b0157
bx1,tuning,bx1-k5-1-034e0f291fe2,1828508922621870129,6f51d2666b29c657b5100faacd6816cf6bc25fb330e8ae537bb99e0ea8490e33,6f51d2666b29c657b5100faacd6816cf6bc25fb330e8ae537bb99e0ea8490e33,,andor_dom,5,9,9,9,2700.0,300.0,4,4,4,3,4,4,4,15100.0,12900.0,11000.0,225,116800.0,113800.02251826227,6599.962944164872,6200.018106028438,25800.050934776664,11699.972674250603,16800.0,11900.0,ok,1614.0,1689.0,1965.0,2078.0,17800.0,147200.0,1.046468401486989,1.0575063613231552,9.05852417302799,6f51d2666b29c657b5100faacd6816cf6bc25fb330e8ae537bb99e0ea8490e33,semantic_live_support,True,4,0,36,0,0,8388608,100,5,034e0f291fe2129ff5c840daf6a5e9e9
bx1,tuning,bx1-k5-2-2c0d115977c9,2444305532916082909,6143256ea532cef7b52c2b02d1b0cb8c7500d6465e1a93f315999298b376d38e,6143256ea532cef7b52c2b02d1b0cb8c7500d6465e1a93f315999298b376d38e,,mixed,5,14,16,14,4500.0,300.0,9,22,14,2,9,22,14,20000.0,22500.0,14500.0,338,167200.0,162900.0180400908,2299.9884095042944,9899.988071992993,42499.97437000275,18299.99382607639,27800.0,16000.0,ok,3287.0,3362.0,3473.0,3539.0,17700.0,185600.0,1.0228171585031944,1.0190037431615317,5.096458393319896,6143256ea532cef7b52c2b02d1b0cb8c7500d6465e1a93f315999298b376d38e,semantic_live_support,True,4,0,64,0,0,8388608,100,5,2c0d115977c91fa7c7e69867ea273f8c
bx1,tuning,bx1-k5-3-2df622ee85b3,1088714000501922821,0de99e9d3584c7d8e58d818956422633581f33bfb40079949c52c7cf00ab0886,0de99e9d3584c7d8e58d818956422633581f33bfb40079949c52c7cf00ab0886,,xor_dom,5,19,53,13,3900.0,200.0,8,12,9,4,26,40,33,29500.0,33400.0,19200.0,486,316300.0,311199.9831162393,22799.940779805183,39700.06946474314,57700.03190264106,29500.02090074122,24700.0,48700.0,ok,6288.0,6348.0,3147.0,3217.0,17000.0,308000.0,1.0095419847328244,1.0222434064188115,5.401970130282809,0de99e9d3584c7d8e58d818956422633581f33bfb40079949c52c7cf00ab0886,semantic_live_support,True,4,0,212,0,0,8388608,100,5,2df622ee85b309c9a2d4baf0becea65c
bx1,tuning,bx1-k5-4-c147eb2ddd37,5743920076487934602,bca5c616901bd9250b3ff9847df58a80dce917799789900b1f45afa2f67f9ea3,bca5c616901bd9250b3ff9847df58a80dce917799789900b1f45afa2f67f9ea3,,andor_dom,5,12,14,11,3400.0,300.0,6,9,7,2,7,10,8,20900.0,18000.0,13900.0,296,159100.0,155399.99003522098,10000.017937272787,13999.961083754897,32700.016163289547,16199.977835640311,22700.0,13800.0,ok,2323.0,2425.0,2659.0,2761.0,15800.0,176400.0,1.043908738699957,1.0383602858217376,5.9420834900338475,bca5c616901bd9250b3ff9847df58a80dce917799789900b1f45afa2f67f9ea3,semantic_live_support,True,4,0,56,0,0,8388608,100,5,c147eb2ddd37348849bdb3a05817a921
bx1,tuning,bx1-k5-5-a102e1e6ae56,112315865244663687,917b0f241a54adf2a7621d1364c6cd65d0810137aa21ecb37539007ea88feae4,917b0f241a54adf2a7621d1364c6cd65d0810137aa21ecb37539007ea88feae4,,impeqv_dom,5,23,82,13,4300.0,200.0,8,22,14,3,47,122,78,56300.0,53200.0,24000.0,580,264200.0,256900.00620670617,4100.0021155923605,26499.968953430653,56699.966080486774,20799.983758479357,26600.0,69200.0,ok,13288.0,13389.0,3149.0,3265.0,20100.0,266100.0,1.0076008428657435,1.0368370911400444,6.382978723404255,917b0f241a54adf2a7621d1364c6cd65d0810137aa21ecb37539007ea88feae4,semantic_live_support,True,4,0,328,0,0,8388608,100,5,a102e1e6ae5644e6f1866b788b1b8100
bx1,tuning,bx1-k5-6-116409bdc50c,5133863355171125170,b8c7f44e7b8503569d12a3f3c52a7540395f01a7416a8ae111c683b83b02bfea,b8c7f44e7b8503569d12a3f3c52a7540395f01a7416a8ae111c683b83b02bfea,,mixed,5,11,11,10,3200.0,200.0,5,8,6,3,6,8,6,18200.0,16100.0,12900.0,265,144900.0,140699.99451749027,7499.998901039362,11500.000255182385,33699.99467395246,11399.970389902592,19800.0,13400.0,ok,2090.0,2164.0,2319.0,2405.0,16300.0,167000.0,1.0354066985645933,1.0370849504096593,7.028891763691246,b8c7f44e7b8503569d12a3f3c52a7540395f01a7416a8ae111c683b83b02bfea,semantic_live_support,True,4,0,44,0,0,8388608,100,5,116409bdc50c96488b8c18592d9dd143
bx1,tuning,bx1-k5-7-31414d038c89,8863517242013747676,c3c0795e66efdb4893dfbea5904c0264813b066194206a9d9dc51fdc29434600,c3c0795e66efdb4893dfbea5904c0264813b066194206a9d9dc51fdc29434600,,xor_dom,5,21,52,12,4100.0,200.0,7,12,10,5,27,30,27,31800.0,34100.0,20900.0,527,331900.0,327200.01763664186,29500.02090074122,44800.07919482887,57599.97293353081,28099.981136620045,26600.0,44100.0,ok,5815.0,5935.0,2911.0,3000.0,20600.0,324700.0,1.0206362854686157,1.0305736860185504,7.076605977327379,c3c0795e66efdb4893dfbea5904c0264813b066194206a9d9dc51fdc29434600,semantic_live_support,True,4,0,208,0,0,8388608,100,5,31414d038c89d07ba7be4651278c13c6
bx1,tuning,bx1-k5-8-0e1e9c457194,3751698668188430725,e6bef58a11fdfb6803208006b5064a62868e99ef09c185c62776cecbada1e076,e6bef58a11fdfb6803208006b5064a62868e99ef09c185c62776cecbada1e076,,andor_dom,5,11,11,10,3100.0,300.0,5,8,6,2,6,8,6,16200.0,15900.0,12900.0,262,139200.0,135200.01084543765,8700.008038431406,8499.977411702275,33299.9334204942,10600.02250596881,19300.0,11900.0,ok,2088.0,2166.0,2321.0,2395.0,15800.0,173700.0,1.0373563218390804,1.031882809133994,6.807410598879793,e6bef58a11fdfb6803208006b5064a62868e99ef09c185c62776cecbada1e076,semantic_live_support,True,4,0,44,0,0,8388608,100,5,0e1e9c45719487f626e2b2e3fec8739b
bx1,tuning,bx1-k6-1-ac26b8df9ebe,51376053804700149,3ed2b9d2e8aead855936cc675b7dd59402c2db788ff8c164dd46d78f9a95d464,3ed2b9d2e8aead855936cc675b7dd59402c2db788ff8c164dd46d78f9a95d464,,andor_dom,6,12,13,10,3400.0,300.0,4,10,8,3,6,10,8,17200.0,17500.0,13600.0,298,159100.0,155200.01761615276,9300.012607127428,9100.04018805921,36000.070394948125,16500.00922381878,19100.0,15800.0,ok,2241.0,10966.0,2322.0,11954.0,16700.0,180600.0,4.893351182507809,5.148148148148148,7.19207579672696,3ed2b9d2e8aead855936cc675b7dd59402c2db788ff8c164dd46d78f9a95d464,semantic_live_support,True,8,48,104,24,24,8388608,100,5,ac26b8df9ebe5cfd73a7e131c1fb6168
bx1,tuning,bx1-k6-2-ffc059d624c2,287296342116631151,fecdd560447fcdd00b65d7b2346f087ae28ba0a7ccad3c5a26996194d2f72e19,fecdd560447fcdd00b65d7b2346f087ae28ba0a7ccad3c5a26996194d2f72e19,,mixed,6,12,13,10,3000.0,300.0,4,8,7,3,6,8,7,17600.0,18300.0,13400.0,296,165600.0,161700.00890269876,9599.956683814526,15100.027667358518,35299.977753311396,16100.006178021431,18500.0,13700.0,ok,2169.0,9858.0,2296.0,10829.0,18200.0,191700.0,4.544951590594744,4.716463414634147,7.926829268292683,fecdd560447fcdd00b65d7b2346f087ae28ba0a7ccad3c5a26996194d2f72e19,semantic_live_support,True,8,48,104,24,24,8388608,100,5,ffc059d624c231c84857b6d3fc7288c6
bx1,tuning,bx1-k6-3-ce65022b9fb4,4617287766949047424,965425c496880102a23b9bb3b622c940f98677ee48cf209044732608565c1468,965425c496880102a23b9bb3b622c940f98677ee48cf209044732608565c1468,,andor_dom,6,11,11,11,3300.0,200.0,5,9,7,3,5,9,7,17700.0,16100.0,13200.0,272,140800.0,136999.99544769526,6699.992809444666,8999.98121894896,31000.003218650818,13499.986380338669,20200.0,11600.0,ok,2089.0,10005.0,2388.0,10009.0,18100.0,165900.0,4.7893729056965055,4.191373534338358,7.579564489112228,965425c496880102a23b9bb3b622c940f98677ee48cf209044732608565c1468,semantic_live_support,True,8,48,88,24,24,8388608,100,5,ce65022b9fb43122e39355b3447e35cc
bx1,tuning,bx1-k6-4-5eff59fb232a,7058108064572688751,6eea92dc369a2dc0b787ee1e430ea8253af8bc2835240652b5a1016d0a24a40b,6eea92dc369a2dc0b787ee1e430ea8253af8bc2835240652b5a1016d0a24a40b,,mixed,6,12,13,12,3600.0,300.0,6,6,6,3,6,6,6,19900.0,17400.0,13500.0,297,174600.0,170599.98936019838,10499.992640689015,14299.963368102908,34500.000765547156,16300.036804750562,23100.0,12500.0,ok,1975.0,8685.0,2569.0,8589.0,18900.0,194700.0,4.39746835443038,3.343324250681199,7.356948228882834,6eea92dc369a2dc0b787ee1e430ea8253af8bc2835240652b5a1016d0a24a40b,semantic_live_support,True,8,48,104,24,24,8388608,100,5,5eff59fb232a9934bd6d5955d0652bb2
bx1,tuning,bx1-k6-5-66ebf761dca1,6753710601522320977,438bbe3675971dbdad9e96dfc2d1874c752fbb27cf06a3f4643eb8f8879dd493,438bbe3675971dbdad9e96dfc2d1874c752fbb27cf06a3f4643eb8f8879dd493,,andor_dom,6,11,11,9,2900.0,200.0,3,7,6,2,5,7,6,15400.0,15900.0,12300.0,270,144700.0,140500.02209842205,8500.006515532732,9799.9582067132,32900.04679001868,14499.964891001582,16600.0,11300.0,ok,1945.0,8893.0,2015.0,9706.0,18700.0,176600.0,4.5722365038560415,4.8168734491315135,9.280397022332506,438bbe3675971dbdad9e96dfc2d1874c752fbb27cf06a3f4643eb8f8879dd493,semantic_live_support,True,8,48,88,24,16,8388608,100,5,66ebf761dca172ad2ee7a1b488dd56c5
bx1,tuning,bx1-k6-6-2d863b86e83a,6857619866424346742,65af7220a3badb6d357bd7ad6a22e4e99780c02e975ab5a9cf4eb72e9fac2483,65af7220a3badb6d357bd7ad6a22e4e99780c02e975ab5a9cf4eb72e9fac2483,,impeqv_dom,6,25,65,24,7600.0,300.0,18,44,30,7,35,87,58,35200.0,43700.0,23000.0,617,328100.0,322500.0109523535,11200.056178495288,21899.992134422064,80799.91675913334,41099.93460588157,45700.0,53600.0,ok,9673.0,64562.0,5833.0,34110.0,23000.0,347600.0,6.674454667631552,5.847762729298817,3.943082461854963,65af7220a3badb6d357bd7ad6a22e4e99780c02e975ab5a9cf4eb72e9fac2483,semantic_live_support,True,8,48,520,40,56,8388608,100,5,2d863b86e83a8daaad1f4a3307211b06
bx1,tuning,bx1-k6-7-fa21ca943885,5781047927349053090,dfa2795fd2560a0399c10a1341bffb96778104541181e1eb5bcbb1161510f7c8,dfa2795fd2560a0399c10a1341bffb96778104541181e1eb5bcbb1161510f7c8,,mixed,6,15,18,12,3500.0,300.0,6,14,10,3,9,16,12,19900.0,22000.0,15800.0,370,176300.0,172299.97320100665,9899.958968162537,12599.979527294636,37999.96920861304,15099.969459697604,22600.0,16100.0,ok,2847.0,15067.0,2615.0,13160.0,19100.0,200000.0,5.292237442922374,5.0325047801147225,7.304015296367113,dfa2795fd2560a0399c10a1341bffb96778104541181e1eb5bcbb1161510f7c8,semantic_live_support,True,8,48,144,32,24,8388608,100,5,fa21ca9438851982b8af7092c3b57630
bx1,tuning,bx1-k6-8-7ebdf5d9f846,8219207902678451901,e9355ae0ee1835ecb045dae2bc25d4bc454005e743fc0329c2551c4e3dec56fd,e9355ae0ee1835ecb045dae2bc25d4bc454005e743fc0329c2551c4e3dec56fd,,xor_dom,6,20,56,12,4100.0,300.0,6,10,9,3,28,29,28,44700.0,34800.0,20300.0,500,338900.0,333500.0074002892,29799.964977428317,44800.020987167954,62399.92217160761,34700.03139227629,24100.0,47900.0,ok,5517.0,33056.0,2715.0,12895.0,18100.0,337600.0,5.991662135218416,4.749539594843462,6.666666666666667,e9355ae0ee1835ecb045dae2bc25d4bc454005e743fc0329c2551c4e3dec56fd,semantic_live_support,True,8,48,448,32,24,8388608,100,5,7ebdf5d9f84654a7bcaed18c98258b0d
bx1,tuning,bx1-k7-1-5ff39721fc88,7631648143058458772,34786c07d664b0dfc25b038850de5499efd11016b94e0fc7bbf1a224d5113d48,34786c07d664b0dfc25b038850de5499efd11016b94e0fc7bbf1a224d5113d48,,andor_dom,7,14,15,9,2600.0,300.0,2,6,6,2,7,7,7,18700.0,19000.0,14700.0,340,185500.0,181599.98580813408,14699.995517730713,13200.071407482028,38299.97149296105,16800.01150816679,15800.0,13900.0,ok,2100.0,9542.0,1843.0,7125.0,17600.0,197500.0,4.543809523809524,3.865979381443299,9.549647314161692,34786c07d664b0dfc25b038850de5499efd11016b94e0fc7bbf1a224d5113d48,semantic_live_support,True,16,112,240,64,32,8388608,100,5,5ff39721fc88b1a8a5a24f7bc6cbba34
bx1,tuning,bx1-k7-2-e0fc1bb3261b,8743293369282057094,b8ee779cb8c5eb0beb1bf480e65e9803111b57412577edae72a1423f383b04f2,b8ee779cb8c5eb0beb1bf480e65e9803111b57412577edae72a1423f383b04f2,,mixed,7,14,15,14,4700.0,200.0,7,17,12,4,7,17,12,20500.0,23000.0,14700.0,344,160700.0,156900.00145696104,4699.977580457926,9599.985787644982,38000.02741627395,18999.97005239129,24700.0,14200.0,ok,2888.0,11570.0,3150.0,11646.0,21200.0,195500.0,4.006232686980609,3.697142857142857,6.73015873015873,b8ee779cb8c5eb0beb1bf480e65e9803111b57412577edae72a1423f383b04f2,semantic_live_support,True,16,112,240,64,64,8388608,100,5,e0fc1bb3261b62320541d273cfbe44c6
bx1,tuning,bx1-k7-3-6c16cb84b240,4257197736996724787,844cd7fc286c4123bcbc0b95df454c8be52ea115c0aeaf637d2bf177f75a1163,844cd7fc286c4123bcbc0b95df454c8be52ea115c0aeaf637d2bf177f75a1163,,xor_dom,7,26,115,19,6900.0,300.0,12,25,22,6,57,69,63,43800.0,44700.0,25100.0,657,453800.0,448500.00995211303,35899.89501051605,67400.04755556583,84800.00542476773,51299.98316988349,36600.0,91500.0,ok,11278.0,68844.0,4665.0,20783.0,21000.0,461500.0,6.104273807412662,4.455091103965702,4.501607717041801,844cd7fc286c4123bcbc0b95df454c8be52ea115c0aeaf637d2bf177f75a1163,semantic_live_support,True,16,112,1840,112,96,8388608,100,5,6c16cb84b240f21671593b323da8e05c
bx1,tuning,bx1-k7-4-8a9246588c00,2717684551468254355,54995ea77c2b16a8d95d3fc713813ba295f81e4847eb399e7ecec4bc4b7ce8e0,54995ea77c2b16a8d95d3fc713813ba295f81e4847eb399e7ecec4bc4b7ce8e0,,andor_dom,7,16,17,14,3900.0,300.0,7,13,10,3,9,13,10,23700.0,22300.0,16000.0,382,205800.0,201299.99029450119,13399.985618889332,16199.977835640311,46199.97343979776,18800.02673715353,25000.0,15500.0,ok,2693.0,11417.0,2966.0,10749.0,18500.0,217900.0,4.2395098403267735,3.624072825354012,6.237356709372893,54995ea77c2b16a8d95d3fc713813ba295f81e4847eb399e7ecec4bc4b7ce8e0,semantic_live_support,True,16,112,272,64,48,8388608,100,5,8a9246588c00c3a48bc164937853d93b
bx1,tuning,bx1-k7-5-c9bc83e08a2e,1800966940377457308,8f2bf1a497fa86adaf46247de1fc06111c83dd7d5acf9cd434a0de581d5fdfa6,8f2bf1a497fa86adaf46247de1fc06111c83dd7d5acf9cd434a0de581d5fdfa6,,impeqv_dom,7,29,62,29,9500.0,300.0,22,63,42,7,31,90,60,40200.0,56200.0,27700.0,731,366800.0,360400.00850334764,2699.9914553016424,22400.054149329662,86600.04823468626,64100.02242773771,54900.0,53000.0,ok,9953.0,46540.0,7370.0,32521.0,23500.0,393000.0,4.675977092333969,4.412618724559023,3.1886024423337855,8f2bf1a497fa86adaf46247de1fc06111c83dd7d5acf9cd434a0de581d5fdfa6,semantic_live_support,True,16,112,992,64,112,8388608,100,5,c9bc83e08a2e5ab2a6122aefe0b3d382
bx1,tuning,bx1-k7-6-f354ff655ae6,7364799129822872276,02b1b0272cd3edb1600af80596fed6cb2dbbce970e06855c973cc3030a75504a,02b1b0272cd3edb1600af80596fed6cb2dbbce970e06855c973cc3030a75504a,,mixed,7,13,13,12,3400.0,300.0,5,8,7,3,6,8,7,19700.0,17400.0,13900.0,314,159900.0,155699.992319569,10899.995686486363,8900.00956133008,35799.98156055808,16599.951777607203,20700.0,13400.0,ok,2168.0,9049.0,2507.0,8786.0,18600.0,192800.0,4.1738929889298895,3.5045871559633026,7.419226166733147,02b1b0272cd3edb1600af80596fed6cb2dbbce970e06855c973cc3030a75504a,semantic_live_support,True,16,112,208,48,48,8388608,100,5,f354ff655ae68d12d56ddb1694b369b8
bx1,tuning,bx1-k7-7-6f54a0caffbb,669694256650786877,3745959b8dc7bf972951241a7e492452284dfe12f6dacab712bb34c57f56deff,3745959b8dc7bf972951241a7e492452284dfe12f6dacab712bb34c57f56deff,,andor_dom,7,14,15,11,3300.0,300.0,4,11,9,3,7,11,9,18900.0,20500.0,14500.0,343,186600.0,182400.02100355923,11700.00177808106,14100.020052865148,40900.02039447427,20100.065739825368,21200.0,17800.0,ok,2475.0,11040.0,2472.0,10690.0,19300.0,216000.0,4.460606060606061,4.324433656957929,7.807443365695793,3745959b8dc7bf972951241a7e492452284dfe12f6dacab712bb34c57f56deff,semantic_live_support,True,16,112,240,48,48,8388608,100,5,6f54a0caffbb99f01de2eaa6f04abbe3
bx1,tuning,bx1-k7-8-31960f6785ea,5389744817123187390,fb1d0487129833c3401e3a60402f1d05d7ff1adbb6dd3ba1a3039b0fe62ec7a7,fb1d0487129833c3401e3a60402f1d05d7ff1adbb6dd3ba1a3039b0fe62ec7a7,,mixed,7,16,17,15,4200.0,200.0,8,17,12,3,9,17,12,22500.0,23300.0,15600.0,384,191200.0,186899.99706111848,7500.057108700275,14999.968698248267,45199.994929134846,19600.00372491777,27600.0,19000.0,ok,3115.0,12535.0,3382.0,12028.0,20900.0,240800.0,4.024077046548957,3.556475458308693,6.179775280898877,fb1d0487129833c3401e3a60402f1d05d7ff1adbb6dd3ba1a3039b0fe62ec7a7,semantic_live_support,True,16,112,272,64,48,8388608,100,5,31960f6785ea570b99d64be942bc4dce
bx1,tuning,bx1-k8-1-4e47cb5cd5b6,1130776419271888585,9f6e49b04ee86bd513a46fd1c97e098b8eb0f96924bbd2794be3f59555a6ae30,9f6e49b04ee86bd513a46fd1c97e098b8eb0f96924bbd2794be3f59555a6ae30,,andor_dom,8,18,20,17,5000.0,200.0,9,11,10,4,10,11,10,29000.0,26700.0,20700.0,434,249100.0,243999.99529123306,17699.96015354991,19799.976143985987,53200.02674125135,25500.048650428653,30700.0,21200.0,ok,2810.0,13351.0,3567.0,12785.0,19800.0,320600.0,4.751245551601423,3.5842444631342865,5.550883095037847,9f6e49b04ee86bd513a46fd1c97e098b8eb0f96924bbd2794be3f59555a6ae30,semantic_live_support,True,32,256,640,96,128,8388608,100,5,4e47cb5cd5b69bcfd719d4ac6068c6c8
bx1,tuning,bx1-k8-2-a182f8acff49,7248160241883210108,8b7875dd32eb966f016e3fd28a016328a763518beeee69e2d6f88c364768d679,8b7875dd32eb966f016e3fd28a016328a763518beeee69e2d6f88c364768d679,,impeqv_dom,8,28,94,28,8600.0,300.0,20,54,36,6,49,128,86,40600.0,48000.0,25800.0,694,358400.0,352300.00503361225,4500.034265220165,27500.034775584936,86000.04366599023,55499.98604692519,51800.0,78500.0,ok,14083.0,69827.0,6823.0,28509.0,35700.0,386300.0,4.958247532485976,4.178367287117104,5.2323025062289314,8b7875dd32eb966f016e3fd28a016328a763518beeee69e2d6f88c364768d679,semantic_live_support,True,32,256,3008,160,192,8388608,100,5,a182f8acff49c11d3ef08d27856710fa
bx1,tuning,bx1-k8-3-afe9419ba99d,7509505614599461452,d18ac77ccd418be3ea78e236f39efa0a39eccfa942edd7a9cf6dd87e694a0ba6,d18ac77ccd418be3ea78e236f39efa0a39eccfa942edd7a9cf6dd87e694a0ba6,,mixed,8,20,22,20,6000.0,200.0,12,23,16,3,12,23,16,30500.0,28700.0,19400.0,476,254000.0,248500.00045262277,9699.957445263863,22800.028091296554,63499.95965138078,27399.975806474686,34500.0,20100.0,ok,3819.0,15554.0,4244.0,15573.0,20400.0,273100.0,4.072793925111285,3.669415645617342,4.806786050895382,d18ac77ccd418be3ea78e236f39efa0a39eccfa942edd7a9cf6dd87e694a0ba6,semantic_live_support,True,32,256,704,96,96,8388608,100,5,afe9419ba99da1754207a2ecf55c469f
bx1,tuning,bx1-k8-4-f19b51fae83a,1483325244659736325,6bfda650328bb3de7368ee86ae030866c7c95772f0b4d56a96124e009213ca0d,6bfda650328bb3de7368ee86ae030866c7c95772f0b4d56a96124e009213ca0d,,andor_dom,8,16,17,13,3500.0,200.0,5,7,7,4,8,8,8,22400.0,20300.0,16000.0,387,210200.0,203899.9809883535,16200.036043301225,13199.984095990658,43899.95592646301,22100.022761151195,21400.0,15500.0,ok,2278.0,10985.0,3843.0,13926.0,19700.0,219700.0,4.822212467076382,3.6237314597970336,5.126203486859224,6bfda650328bb3de7368ee86ae030866c7c95772f0b4d56a96124e009213ca0d,semantic_live_support,True,32,256,544,96,128,8388608,100,5,f19b51fae83ab75f67f487b56c96c709
bx1,tuning,bx1-k8-5-e450c9286a4b,7353142359741118861,df011df91ca5053f5dd5d482f1005f40217484210d2d70002af80d424af24c47,df011df91ca5053f5dd5d482f1005f40217484210d2d70002af80d424af24c47,,andor_dom,8,15,15,12,3400.0,300.0,4,11,9,3,7,11,9,19700.0,20000.0,15300.0,360,180700.0,176400.00442042947,10899.995686486363,10800.024028867483,41899.94069747627,19999.97766688466,21200.0,17300.0,ok,2515.0,10530.0,2475.0,9248.0,20600.0,213900.0,4.186878727634195,3.7365656565656566,8.323232323232324,df011df91ca5053f5dd5d482f1005f40217484210d2d70002af80d424af24c47,semantic_live_support,True,32,256,480,96,96,8388608,100,5,e450c9286a4b75188f2525837394d3f7
bx1,tuning,bx1-k8-6-64c2a6d682df,549110268813727283,27891780ec8e448b119c5dc9cfc94faba3eca39177fa458804258b4d4324a512,27891780ec8e448b119c5dc9cfc94faba3eca39177fa458804258b4d4324a512,,impeqv_dom,8,27,60,27,7800.0,300.0,19,54,35,6,33,92,59,34600.0,45500.0,23800.0,660,320000.0,314400.0074826181,0.0,19399.943994358182,85300.00923201442,47499.92513097823,46400.0,49200.0,ok,10319.0,45462.0,6281.0,26397.0,22000.0,309400.0,4.4056594631262715,4.202674733322719,3.502626970227671,27891780ec8e448b119c5dc9cfc94faba3eca39177fa458804258b4d4324a512,semantic_live_support,True,32,256,1920,160,192,8388608,100,5,64c2a6d682df173dee0ef1896f738c84
bx1,tuning,bx1-k8-7-09fc993513d7,1450827913852197284,4f158000b47e4689beeec4a55c010155d5f95ffe1e0643fd9eb925e725a0d601,4f158000b47e4689beeec4a55c010155d5f95ffe1e0643fd9eb925e725a0d601,,mixed,8,15,15,15,3700.0,300.0,7,15,11,4,7,15,11,21600.0,18900.0,14800.0,363,161200.0,157300.00450275838,6100.017344579101,9800.04551820457,39199.97834600508,17799.990018829703,23400.0,13400.0,ok,2770.0,10909.0,3179.0,11173.0,18800.0,205200.0,3.9382671480144404,3.5146272412708397,5.913809374016987,4f158000b47e4689beeec4a55c010155d5f95ffe1e0643fd9eb925e725a0d601,semantic_live_support,True,32,256,480,96,128,8388608,100,5,09fc993513d7e644f90133989f40f63b
bx1,tuning,bx1-k8-8-21adfede2a12,4862862450874983221,dbf6879a50bc62709899f57bdbc6fa686a2113d9461a924c4daa9d566b4a94e0,dbf6879a50bc62709899f57bdbc6fa686a2113d9461a924c4daa9d566b4a94e0,,andor_dom,8,20,23,19,5800.0,200.0,11,16,13,3,12,16,13,30400.0,29100.0,23400.0,478,270800.0,265799.9866642058,17500.045942142606,22600.02656839788,58800.06938241422,28799.92825910449,33100.0,19800.0,ok,3240.0,15057.0,4026.0,14701.0,21900.0,297200.0,4.647222222222222,3.6515151515151514,5.439642324888227,dbf6879a50bc62709899f57bdbc6fa686a2113d9461a924c4daa9d566b4a94e0,semantic_live_support,True,32,256,736,128,96,8388608,100,5,21adfede2a12c2886e347d09a80ac9d1
bx1,tuning,bx1-k10-1-ce8ba79b76b0,7420669341356717624,bf1133aff1ed584dcfebd2d8cfd40ab4dbd176c9840cf4eeff1b82b6b4587f7b,bf1133aff1ed584dcfebd2d8cfd40ab4dbd176c9840cf4eeff1b82b6b4587f7b,,mixed,10,21,22,20,5600.0,300.0,10,20,15,3,11,20,15,30200.0,29000.0,19700.0,500,255500.0,250499.98657777905,12000.062270089984,20299.97995123267,59199.9851167202,30900.00245720148,31700.0,19100.0,ok,4226.0,15856.0,4658.0,15272.0,19900.0,297300.0,3.7520113582584003,3.278660369257192,4.272219836839845,bf1133aff1ed584dcfebd2d8cfd40ab4dbd176c9840cf4eeff1b82b6b4587f7b,semantic_live_support,True,128,1280,2816,384,384,8388608,50,5,ce8ba79b76b0ba54ca0b1db699d85b79
bx1,tuning,bx1-k10-2-e17d064cca67,9123787503790150821,eb4c672ced2de1a76d4a2403041d4ac0eeb2b73b824c7ec93028a5747bfbdac7,eb4c672ced2de1a76d4a2403041d4ac0eeb2b73b824c7ec93028a5747bfbdac7,,andor_dom,10,23,25,22,6800.0,300.0,12,21,16,3,13,21,16,34700.0,33800.0,21000.0,544,338800.0,333299.97677356005,19500.002963468432,23000.058718025684,76800.09002797306,37599.99526664615,38700.0,25000.0,ok,4326.0,17724.0,5150.0,17268.0,20400.0,318800.0,4.097087378640777,3.353009708737864,3.9611650485436893,eb4c672ced2de1a76d4a2403041d4ac0eeb2b73b824c7ec93028a5747bfbdac7,semantic_live_support,True,128,1280,3200,384,384,8388608,50,5,e17d064cca67024299d5bbac1258b783
bx1,tuning,bx1-k10-3-16f87b523a35,8987951477283036305,06fed3f06e44dfc17f35ad059ace2c26aeef00978d4ae10a4763490b0a32dd83,06fed3f06e44dfc17f35ad059ace2c26aeef00978d4ae10a4763490b0a32dd83,,mixed,10,22,24,22,6100.0,300.0,12,21,16,3,12,21,16,34600.0,32400.0,25100.0,526,272900.0,268100.00417754054,12500.007869675756,20600.069547072053,63100.0439170748,33799.9954354018,38400.0,21000.0,ok,4282.0,17036.0,5068.0,16974.0,30100.0,315200.0,3.9785147127510507,3.3492501973164956,5.939226519337017,06fed3f06e44dfc17f35ad059ace2c26aeef00978d4ae10a4763490b0a32dd83,semantic_live_support,True,128,1280,3072,512,384,8388608,50,5,16f87b523a35164be73301b34d212037
bx1,tuning,bx1-k10-4-23d83455c005,1680298533417107274,650f04850fc8aa5bdf56eb89cd57e29e202b41d5857d7a03713a5341d50bfa76,650f04850fc8aa5bdf56eb89cd57e29e202b41d5857d7a03713a5341d50bfa76,,andor_dom,10,24,26,21,5900.0,300.0,11,20,15,4,14,21,16,32700.0,33100.0,21300.0,567,303900.0,298700.004350394,18400.023691356182,24699.984351173043,68700.05745440722,31899.951864033937,34100.0,25200.0,ok,4218.0,17860.0,4518.0,15342.0,21100.0,314200.0,4.2342342342342345,3.395750332005312,4.67020805666224,650f04850fc8aa5bdf56eb89cd57e29e202b41d5857d7a03713a5341d50bfa76,semantic_live_support,True,128,1280,3328,384,512,8388608,50,5,23d83455c005b89b0513919ce5be401d
bx1,tuning,bx1-k10-5-9bbcf8dd3e01,7979976481648541001,fc3f1b016da13b03f0c85a6e9d3f0ab2d5bcf2150664877c4d1be31543186ee8,fc3f1b016da13b03f0c85a6e9d3f0ab2d5bcf2150664877c4d1be31543186ee8,,impeqv_dom,10,33,63,33,10100.0,300.0,23,55,38,7,32,80,55,47600.0,52100.0,27800.0,807,430600.0,424199.9995429069,12900.010915473104,38199.88342002034,102700.02530887723,63699.90296661854,60300.0,52200.0,ok,11342.0,46158.0,9264.0,32592.0,26300.0,457100.0,4.0696526185857875,3.518134715025907,2.8389464594127807,fc3f1b016da13b03f0c85a6e9d3f0ab2d5bcf2150664877c4d1be31543186ee8,semantic_live_support,True,128,1280,8064,512,896,8388608,50,5,9bbcf8dd3e0149f882f57d4076f9d84c
bx1,tuning,bx1-k10-6-85ff4d86e6c8,6788654603028088088,9ec7d6a737abdce839f03b08acdb4e6691734ca923a6cd4d01a8bbc1045e827f,9ec7d6a737abdce839f03b08acdb4e6691734ca923a6cd4d01a8bbc1045e827f,,mixed,10,20,21,20,5800.0,400.0,10,20,15,3,10,20,15,31100.0,33000.0,19800.0,480,270700.0,265000.00967644155,12000.00406242907,20800.04196614027,61500.00263005495,32300.0131174922,33200.0,21000.0,ok,4098.0,15698.0,4602.0,15610.0,30600.0,276100.0,3.8306490971205465,3.3920034767492395,6.6492829204693615,9ec7d6a737abdce839f03b08acdb4e6691734ca923a6cd4d01a8bbc1045e827f,semantic_live_support,True,128,1280,2688,384,384,8388608,50,5,85ff4d86e6c8c0d9e4ca8c07f394e95b
bx1,tuning,bx1-k10-7-8246a0ff1e16,764246932348172014,9b89ca8226b6112656f0c4cabccc93534b4026a6150565073fd85e4c03812db1,9b89ca8226b6112656f0c4cabccc93534b4026a6150565073fd85e4c03812db1,,andor_dom,10,21,23,19,6500.0,300.0,9,15,13,5,11,15,13,31500.0,30200.0,19700.0,505,270000.0,264700.00739209354,19399.914890527725,16099.977074190974,60199.9054197222,30900.00245720148,32100.0,20900.0,ok,3498.0,15518.0,4188.0,15100.0,41500.0,295600.0,4.436249285305889,3.6055396370582615,9.909264565425024,9b89ca8226b6112656f0c4cabccc93534b4026a6150565073fd85e4c03812db1,semantic_live_support,True,128,1280,2944,640,640,8388608,50,5,8246a0ff1e166187576e293cd8d04664
bx1,tuning,bx1-k10-8-77067f84ea1d,3417172046598079534,eea5060d15db70e5e032a78ce7ea32ca0f710efc3d3bf60fe8f921498c6f3a7e,eea5060d15db70e5e032a78ce7ea32ca0f710efc3d3bf60fe8f921498c6f3a7e,,mixed,10,23,27,19,5700.0,300.0,9,18,15,4,13,19,16,33900.0,33900.0,21100.0,558,324100.0,318300.0080753118,20000.006770715117,29999.995604157448,67100.04527121782,36300.01447163522,31500.0,24500.0,ok,4140.0,18716.0,4260.0,16440.0,20500.0,336800.0,4.520772946859903,3.859154929577465,4.812206572769953,eea5060d15db70e5e032a78ce7ea32ca0f710efc3d3bf60fe8f921498c6f3a7e,semantic_live_support,True,128,1280,3456,384,512,8388608,50,5,77067f84ea1da1bfaf0b99360374c009
bx1,tuning,bx1-k12-1-dcaeee786843,5272243526725519305,43e053d4256b86f12322d11b9de2728424bb39c997bbfaa95e97eb0032bf3958,43e053d4256b86f12322d11b9de2728424bb39c997bbfaa95e97eb0032bf3958,,andor_dom,12,27,29,23,6500.0,300.0,11,19,16,5,15,19,16,37400.0,36700.0,39500.0,635,371600.0,364700.01214183867,26099.99501146376,26099.965907633305,80300.02936720848,43999.9857917428,37800.0,24800.0,ok,6690.0,19525.0,7695.0,18140.0,23400.0,363000.0,2.9185351270553066,2.3573749187784276,3.0409356725146197,43e053d4256b86f12322d11b9de2728424bb39c997bbfaa95e97eb0032bf3958,semantic_live_support,True,512,6144,14848,2560,2560,8388608,20,5,dcaeee786843d10664d1d9075a3d551d
bx1,tuning,bx1-k12-2-56fe11ff64c7,4640074950674228798,dac62da81c27bdf3c5095c9ca757bd0e9721a3c943f4211b507a5f581fd49f26,dac62da81c27bdf3c5095c9ca757bd0e9721a3c943f4211b507a5f581fd49f26,,mixed,12,23,23,21,5600.0,300.0,9,17,14,3,11,17,14,34200.0,30600.0,20400.0,549,283600.0,278199.9937724322,15600.031474605203,23400.00355616212,63900.02090483904,34700.00228844583,32800.0,20600.0,ok,6375.0,16905.0,7270.0,16370.0,21200.0,333100.0,2.651764705882353,2.25171939477304,2.916093535075653,dac62da81c27bdf3c5095c9ca757bd0e9721a3c943f4211b507a5f581fd49f26,semantic_live_support,True,512,6144,11776,1536,1536,8388608,20,5,56fe11ff64c7a692c568b910bca1f2ea
bx1,tuning,bx1-k12-3-0e386c458b97,7382781167060541420,2a56b6c49cbac5a8b5c86b2ea4e0ba49adbf21af05e16d221c9b054471f1db10,2a56b6c49cbac5a8b5c86b2ea4e0ba49adbf21af05e16d221c9b054471f1db10,,andor_dom,12,25,26,21,5900.0,200.0,9,16,14,4,13,16,14,66300.0,38800.0,23700.0,590,333400.0,327000.0161137432,22200.081730261445,22799.998987466097,72099.96692836285,37299.96387846768,34400.0,22300.0,ok,5990.0,18160.0,6490.0,16510.0,21900.0,334600.0,3.031719532554257,2.5439137134052388,3.37442218798151,2a56b6c49cbac5a8b5c86b2ea4e0ba49adbf21af05e16d221c9b054471f1db10,semantic_live_support,True,512,6144,13312,2048,2048,8388608,20,5,0e386c458b97236a1cb5788eb0f0d157
bx1,tuning,bx1-k12-4-fa0f34a0d7ca,5488042815295775796,9e02b50eac043198077de892e99d6dcd4da0c8468a8ae6ea2c46f7c87675bf83,9e02b50eac043198077de892e99d6dcd4da0c8468a8ae6ea2c46f7c87675bf83,,mixed,12,30,34,28,7900.0,300.0,16,33,24,4,18,33,24,42800.0,42700.0,25300.0,711,377100.0,370699.999621138,19499.973859637976,30700.030038133264,85400.12640878558,48299.96032640338,44500.0,28200.0,ok,11230.0,25440.0,11905.0,24540.0,28700.0,406200.0,2.265360641139804,2.0613187736245275,2.4107517849643005,9e02b50eac043198077de892e99d6dcd4da0c8468a8ae6ea2c46f7c87675bf83,semantic_live_support,True,512,6144,17408,2048,2048,8388608,20,5,fa0f34a0d7ca8395c44f2fe157823fdb
bx1,tuning,bx1-k12-5-933f221d92f9,6831630244739130491,d480fcda3d28f9df6104543c3e49775d0f63b53c9820430ad4c7c5b4cc5a4b41,d480fcda3d28f9df6104543c3e49775d0f63b53c9820430ad4c7c5b4cc5a4b41,,andor_dom,12,23,23,20,5600.0,200.0,8,11,11,6,11,11,11,37900.0,30400.0,20500.0,546,292600.0,287200.0040952116,20799.983758479357,19700.06269402802,63999.99256245792,35199.97699186206,30400.0,21500.0,ok,4250.0,15790.0,4955.0,14725.0,18900.0,308600.0,3.715294117647059,2.971745711402624,3.8143289606458124,d480fcda3d28f9df6104543c3e49775d0f63b53c9820430ad4c7c5b4cc5a4b41,semantic_live_support,True,512,6144,11776,2560,3072,8388608,20,5,933f221d92f9e42626d06e4bac938665
bx1,tuning,bx1-k12-6-ab8ebfd94e71,1493478640250878970,6dcea35bb2d25f0467e558a31d9fc4463da58a2739192244dc708d9963d1cf8c,6dcea35bb2d25f0467e558a31d9fc4463da58a2739192244dc708d9963d1cf8c,,impeqv_dom,12,34,72,34,9300.0,300.0,22,62,41,6,38,107,70,45200.0,49800.0,27600.0,829,397800.0,391399.982618168,2600.019797682762,21199.957700446248,98699.9657470733,74099.89484585822,55100.0,58700.0,ok,35900.0,57325.0,20725.0,34080.0,37500.0,427000.0,1.5967966573816157,1.6443908323281062,1.8094089264173703,6dcea35bb2d25f0467e558a31d9fc4463da58a2739192244dc708d9963d1cf8c,semantic_live_support,True,512,6144,36864,2048,3072,8388608,20,5,ab8ebfd94e7121a69b1d94786ae9c692
bx1,tuning,bx1-k12-7-f4216d709297,8237117734719079983,ec19433f76563af73d590b5694269c71451213a84f29c0b196b80b3af6b4cf32,ec19433f76563af73d590b5694269c71451213a84f29c0b196b80b3af6b4cf32,,mixed,12,24,24,24,6600.0,300.0,12,23,17,4,12,23,17,35600.0,39200.0,21100.0,569,285000.0,279799.97685179114,12400.007108226418,22399.937734007835,66700.01312159002,34500.000765547156,36800.0,21500.0,ok,12405.0,28615.0,9135.0,18465.0,27200.0,341200.0,2.306731156791616,2.0213464696223316,2.977558839627805,ec19433f76563af73d590b5694269c71451213a84f29c0b196b80b3af6b4cf32,semantic_live_support,True,512,6144,12288,1536,2048,8388608,20,5,f4216d709297ea6daed114cf7ea737ee
bx1,tuning,bx1-k12-8-ff7ab4c2ccae,8062625858879735573,94d7e06d8895fe73fb4fae5f7444e7cc1bb2a5deaad8eae976d6fd963db7b568,94d7e06d8895fe73fb4fae5f7444e7cc1bb2a5deaad8eae976d6fd963db7b568,,andor_dom,12,26,28,22,6000.0,300.0,10,17,15,4,14,17,15,36400.0,35100.0,22000.0,616,333300.0,328199.9961473048,22199.93621110916,24600.012693554163,72200.0258974731,42500.03257766366,35400.0,22600.0,ok,6120.0,19075.0,9165.0,17125.0,22200.0,510300.0,3.116830065359477,1.8685215493726133,2.4222585924713584,94d7e06d8895fe73fb4fae5f7444e7cc1bb2a5deaad8eae976d6fd963db7b568,semantic_live_support,True,512,6144,14336,2048,2048,8388608,20,5,ff7ab4c2ccae34850007d3df9a257fa0
bx1,tuning,bx1-k16-1-00faa20cf21f,118518869172703822,d53b9a68dab51f0da8f7984fa75fa6c3b30b50a274e12d5289ebd56795db4e1f,d53b9a68dab51f0da8f7984fa75fa6c3b30b50a274e12d5289ebd56795db4e1f,,andor_dom,16,33,34,30,7600.0,200.0,14,22,19,4,17,22,19,44400.0,41200.0,26000.0,777,407200.0,402300.0074084848,27000.001864507794,33099.99010525644,89599.92555901408,54299.97690953314,45000.0,27100.0,ok,31220.0,39280.0,32720.0,39040.0,84000.0,474300.0,1.2581678411274824,1.1931540342298288,2.151639344262295,d53b9a68dab51f0da8f7984fa75fa6c3b30b50a274e12d5289ebd56795db4e1f,semantic_live_support,True,8192,131072,278528,32768,32768,8388608,5,5,00faa20cf21f8654c0317cc3490477d5
bx1,tuning,bx1-k16-2-7a57c9d7559d,2455481210717987663,4f466d23ffe144b5124259ffabcb2630adc9cb1d10c5b7384c06001c75f28433,4f466d23ffe144b5124259ffabcb2630adc9cb1d10c5b7384c06001c75f28433,,impeqv_dom,16,44,91,41,11200.0,300.0,25,70,47,7,47,123,83,61500.0,63400.0,34300.0,1073,483800.0,476299.98880438507,4300.0036384910345,25799.963623285294,112699.9850384891,98799.99561235309,65200.0,71300.0,ok,272240.0,128820.0,169440.0,73700.0,107100.0,642200.0,0.4731854246253306,0.4349622285174693,1.4531886024423337,4f466d23ffe144b5124259ffabcb2630adc9cb1d10c5b7384c06001c75f28433,semantic_live_support,True,8192,131072,745472,40960,57344,8388608,5,5,7a57c9d7559d9837fb9909e1ba7f8391
bx1,tuning,bx1-k16-3-5054f67d71a1,7266381232235041005,64fc80a81adcf57aa807e2c69c4c2ad49f2659c00858bf80bb75fef476b23956,64fc80a81adcf57aa807e2c69c4c2ad49f2659c00858bf80bb75fef476b23956,,andor_dom,16,36,38,34,8800.0,400.0,18,27,22,5,20,27,22,54700.0,49200.0,29900.0,845,489300.0,482400.00614896417,33700.02377778292,37699.96692426503,105799.99070614576,67499.99010935426,53000.0,35100.0,ok,48960.0,47780.0,49200.0,47280.0,63400.0,556700.0,0.9758986928104575,0.9609756097560975,1.3409475465313028,64fc80a81adcf57aa807e2c69c4c2ad49f2659c00858bf80bb75fef476b23956,semantic_live_support,True,8192,131072,311296,32768,40960,8388608,5,5,5054f67d71a1b6ae9cb0cda4216ad5ac
bx1,tuning,bx1-k16-4-31d43debdd10,7357007383985780078,263344caa8e1642eea283ad058cf301e041381b05e849db068a20e6e83da75b8,263344caa8e1642eea283ad058cf301e041381b05e849db068a20e6e83da75b8,,mixed,16,32,33,32,8200.0,300.0,16,32,24,5,16,32,24,49300.0,44900.0,27200.0,762,392200.0,386100.00046901405,16299.978597089648,30099.996365606785,88699.88960213959,55900.076404213905,52500.0,29100.0,ok,66680.0,48380.0,67040.0,48220.0,66200.0,528400.0,0.7255548890221956,0.719272076372315,1.3728743260058067,263344caa8e1642eea283ad058cf301e041381b05e849db068a20e6e83da75b8,semantic_live_support,True,8192,131072,270336,32768,40960,8388608,5,5,31d43debdd10c266328d907bf8e2baa1
bx1,tuning,bx1-k16-5-d9d873c51a93,4504534119318889697,5e67584e1d859e2e584e98787eba1d799f639da7bbb5a623810d669f72232bca,5e67584e1d859e2e584e98787eba1d799f639da7bbb5a623810d669f72232bca,,xor_dom,16,39,48,26,8200.0,400.0,10,28,25,5,24,29,26,46800.0,56600.0,32900.0,942,667500.0,659100.0128537416,51699.95711185038,93799.9866437167,128800.0785280019,96300.06388761103,43400.0,41100.0,ok,48320.0,55820.0,46100.0,49040.0,104400.0,711100.0,1.1552152317880795,1.063774403470716,2.128874388254486,5e67584e1d859e2e584e98787eba1d799f639da7bbb5a623810d669f72232bca,semantic_live_support,True,8192,131072,393216,32768,40960,8388608,5,5,d9d873c51a93afd036c6b4946d576a42
bx1,tuning,bx1-k16-6-d8a917bace96,5214471196951292117,9ac5751ddd60e313dbf1fa4f890d8b8299aa66416cd4e1c3afb92e7d3a9bc58b,9ac5751ddd60e313dbf1fa4f890d8b8299aa66416cd4e1c3afb92e7d3a9bc58b,,mixed,16,37,40,36,9300.0,300.0,20,46,32,6,21,46,32,52500.0,52500.0,30400.0,874,452300.0,445400.01545101404,16800.01150816679,33900.14171600342,105999.93402138352,62300.0378254801,54700.0,33600.0,ok,92320.0,62100.0,92840.0,59240.0,74000.0,545900.0,0.6726603119584056,0.6380870314519603,1.2491559756921,9ac5751ddd60e313dbf1fa4f890d8b8299aa66416cd4e1c3afb92e7d3a9bc58b,semantic_live_support,True,8192,131072,327680,49152,49152,8388608,5,5,d8a917bace962a7fa02b9af71c289999
bx1,tuning,bx1-k16-7-8facb8315cfa,148776591144945431,58920619d6f8de9d357799535db7f88d493f01888c8ec4a9c7370c9a8816588f,58920619d6f8de9d357799535db7f88d493f01888c8ec4a9c7370c9a8816588f,,andor_dom,16,44,52,44,12500.0,200.0,28,41,32,5,28,41,32,69700.0,63800.0,38600.0,1041,614900.0,605599.9838281423,40100.04340671003,49200.112698599696,134799.89138431847,81600.09747371078,72100.0,43800.0,ok,70640.0,63520.0,74200.0,63260.0,81900.0,795400.0,0.89920724801812,0.8525606469002696,1.294656971229845,58920619d6f8de9d357799535db7f88d493f01888c8ec4a9c7370c9a8816588f,semantic_live_support,True,8192,131072,425984,57344,40960,8388608,5,5,8facb8315cfa2a6fca384fb0b4853908
bx1,tuning,bx1-k16-8-a9644a6c5c5b,4180285109197120153,ad124e329f2b7dea66f0426285fc88030ed17330d2b93901d6aec19904cb7bb7,ad124e329f2b7dea66f0426285fc88030ed17330d2b93901d6aec19904cb7bb7,,mixed,16,40,45,32,8900.0,200.0,16,30,24,6,24,32,26,53400.0,53600.0,31600.0,945,522700.0,515299.99473132193,34599.97242316604,44500.10601431131,113600.0792030245,69100.00229254365,47400.0,35000.0,ok,57860.0,54480.0,55220.0,48340.0,77400.0,610800.0,0.9415831316972001,0.8754074610648316,1.6011584609019445,ad124e329f2b7dea66f0426285fc88030ed17330d2b93901d6aec19904cb7bb7,semantic_live_support,True,8192,131072,368640,32768,49152,8388608,5,5,a9644a6c5c5b94b455663c24d3ecfa1f
b2,validation_reused,b2-k4-xor_dom-tree-1-8b6c553e4c62,111003307701815573,8e05696833e6832e8ad694ea4bef56ad3e4d9944c35799f8a67e1fc7312907e6,8e05696833e6832e8ad694ea4bef56ad3e4d9944c35799f8a67e1fc7312907e6,,xor_dom,4,10,12,10,3400.0,200.0,6,9,7,4,6,9,7,18000.0,16200.0,12900.0,251,146100.0,142300.00670067966,8900.00956133008,13099.954230710864,31600.036891177297,14600.023860111833,21900.0,13200.0,ok,1935.0,2034.0,2288.0,2344.0,17400.0,197200.0,1.0511627906976744,1.0244755244755244,7.604895104895105,8e05696833e6832e8ad694ea4bef56ad3e4d9944c35799f8a67e1fc7312907e6,semantic_live_support,True,2,0,24,0,0,8388608,100,5,8b6c553e4c623adeaaf6b1ab12c89fbb
b2,validation_reused,b2-k4-xor_dom-tree-2-186a2a5c9bf0,6533399089810239086,a22175a602c02145cc695f9333f8ddfcc5cf32cebe88d461f157889dfd8e9468,a22175a602c02145cc695f9333f8ddfcc5cf32cebe88d461f157889dfd8e9468,,xor_dom,4,7,7,6,2400.0,300.0,2,3,3,2,3,3,3,18000.0,13500.0,17700.0,183,146500.0,140099.98994879425,11200.027074664831,11399.970389902592,35099.947126582265,16699.981642886996,12900.0,8000.0,ok,1397.0,1472.0,1488.0,1570.0,14900.0,120100.0,1.0536864710093057,1.0551075268817205,10.013440860215054,a22175a602c02145cc695f9333f8ddfcc5cf32cebe88d461f157889dfd8e9468,semantic_live_support,True,2,0,14,0,0,8388608,100,5,186a2a5c9bf05ce9f5cd3f1ba7dcfc20
b2,validation_reused,b2-k4-xor_dom-tree-3-128078f3da7b,1249514538893697756,62e7c221122cae8423ae3abd29d9fc9c53287f46a67c831dc0fd497948602a48,62e7c221122cae8423ae3abd29d9fc9c53287f46a67c831dc0fd497948602a48,,xor_dom,4,12,14,11,3500.0,200.0,7,11,8,3,8,11,8,17600.0,19000.0,13900.0,291,161600.0,157999.9807290733,10499.992640689015,15599.97326694429,35900.04052966833,12899.95270781219,20900.0,13800.0,ok,2255.0,2336.0,2603.0,2661.0,19400.0,190000.0,1.035920177383592,1.0222819823280829,7.452938916634652,62e7c221122cae8423ae3abd29d9fc9c53287f46a67c831dc0fd497948602a48,semantic_live_support,True,2,0,28,0,0,8388608,100,5,128078f3da7bb66e7b480d8a5126b627
b2,validation_reused,b2-k4-xor_dom-tree-4-9a5b24a5b691,5973450879871075286,bf03ae910baf5f6fdb652b910c8004017dd76989a1ecd128aef435bdf5bfdff9,bf03ae910baf5f6fdb652b910c8004017dd76989a1ecd128aef435bdf5bfdff9,,xor_dom,4,9,11,6,2200.0,300.0,2,3,3,2,5,5,5,12400.0,13200.0,11800.0,232,159000.0,154499.98318217695,12000.033166259527,17799.990018829703,27600.006433203816,11299.998732283711,14100.0,11100.0,ok,1780.0,1844.0,1524.0,1605.0,15100.0,148800.0,1.0359550561797752,1.0531496062992125,9.908136482939632,bf03ae910baf5f6fdb652b910c8004017dd76989a1ecd128aef435bdf5bfdff9,semantic_live_support,True,2,0,22,0,0,8388608,100,5,9a5b24a5b691079e8950391d76714c61
b2,validation_reused,b2-k4-xor_dom-shared-1-b3e4cd19e589,4200792122326145356,9a83c6cb1126d93de4a30715b28f1f4b26b983c57fb39e6d826d7e893ae4ee74,9a83c6cb1126d93de4a30715b28f1f4b26b983c57fb39e6d826d7e893ae4ee74,,xor_dom,4,14,35,8,2700.0,500.0,4,7,6,3,17,19,18,21500.0,22900.0,15400.0,362,241400.0,236699.99791309237,19199.942471459508,29399.991035461426,44400.01794137061,21699.99061152339,16500.0,32400.0,ok,3799.0,3869.0,2044.0,2117.0,15500.0,237700.0,1.0184259015530404,1.0357142857142858,7.583170254403131,9a83c6cb1126d93de4a30715b28f1f4b26b983c57fb39e6d826d7e893ae4ee74,semantic_live_support,True,2,0,70,0,0,8388608,100,5,b3e4cd19e58938c2d0357fec6b80eb57
b2,validation_reused,b2-k4-xor_dom-shared-2-d4c0909c8173,6673506366441354419,bfa9ad6c53bd4fa5c103452ec0f0c7e0d582abdd55bb8f39362c766dd459e870,bfa9ad6c53bd4fa5c103452ec0f0c7e0d582abdd55bb8f39362c766dd459e870,,xor_dom,4,20,53,11,4000.0,200.0,7,14,12,5,27,29,27,29000.0,32600.0,20200.0,505,336200.0,330700.0151835382,29799.994081258774,48500.049160793424,61799.91760291159,28899.958124384284,23600.0,74100.0,ok,5126.0,5365.0,2792.0,2857.0,19500.0,336400.0,1.0466250487709716,1.0232808022922637,6.984240687679083,bfa9ad6c53bd4fa5c103452ec0f0c7e0d582abdd55bb8f39362c766dd459e870,semantic_live_support,True,2,0,106,0,0,8388608,100,5,d4c0909c81730352433585d489c6f933
b2,validation_reused,b2-k4-xor_dom-shared-3-88f8242fa307,8741506733210502234,ae8f3419f2285fc482b01c8e22707b13699ad50038026ce4618391aa1c675671,ae8f3419f2285fc482b01c8e22707b13699ad50038026ce4618391aa1c675671,,xor_dom,4,20,46,8,3100.0,300.0,4,8,7,3,23,24,23,22500.0,32600.0,21100.0,512,302800.0,298600.0035889447,27199.97428357601,43099.920731037855,49499.94035996497,23699.976736679673,17000.0,40100.0,ok,4603.0,4740.0,2095.0,2192.0,18700.0,298000.0,1.0297631979144037,1.0463007159904534,8.926014319809068,ae8f3419f2285fc482b01c8e22707b13699ad50038026ce4618391aa1c675671,semantic_live_support,True,2,0,92,0,0,8388608,100,5,88f8242fa3078a0b324089c8677355b4
b2,validation_reused,b2-k4-xor_dom-shared-4-28c644b1084a,8944855446226036940,8fe99e1d4b27948fd5e99e3883f6e2954b653363a4874606a09becab762842ad,8fe99e1d4b27948fd5e99e3883f6e2954b653363a4874606a09becab762842ad,,xor_dom,4,18,43,10,3800.0,200.0,6,9,8,4,21,23,22,25000.0,31200.0,19800.0,466,303100.0,298799.9760080129,25500.048650428653,41599.93841312826,53800.089517608285,29500.079108402133,22100.0,38100.0,ok,4517.0,4612.0,2604.0,2687.0,16200.0,286900.0,1.0210316581802081,1.031874039938556,6.221198156682028,8fe99e1d4b27948fd5e99e3883f6e2954b653363a4874606a09becab762842ad,semantic_live_support,True,2,0,86,0,0,8388608,100,5,28c644b1084a1cde8e56428c422b610d
b2,validation_reused,b2-k4-andor_dom-tree-1-ea13a53017b8,67867771356869609,0d9ba34f231adf13041d4ad21fdfbf7209755748963a9c4683e00cef9a30f068,0d9ba34f231adf13041d4ad21fdfbf7209755748963a9c4683e00cef9a30f068,,andor_dom,4,7,7,6,2200.0,300.0,2,5,4,2,3,5,4,11300.0,11100.0,15800.0,181,92300.0,88900.0075403601,4200.0028770416975,5500.012775883079,20299.97995123267,7799.972081556916,13400.0,9100.0,ok,1570.0,1631.0,1519.0,1619.0,17900.0,119900.0,1.0388535031847135,1.0658327847267939,11.784068466096116,0d9ba34f231adf13041d4ad21fdfbf7209755748963a9c4683e00cef9a30f068,semantic_live_support,True,2,0,14,0,0,8388608,100,5,ea13a53017b87e9e0931d2c14563d2c8
b2,validation_reused,b2-k4-andor_dom-tree-2-e674d60a6337,2700119753953878052,40b7b0acaa3a96600fe748a9adb72e7d390fff319c0a222f724ecd7159384a8d,40b7b0acaa3a96600fe748a9adb72e7d390fff319c0a222f724ecd7159384a8d,,andor_dom,4,9,10,9,3100.0,300.0,5,6,5,3,5,6,5,15900.0,13600.0,11500.0,225,128100.0,124499.9875780195,8600.036380812526,10399.962775409222,27399.975806474686,10399.991879239678,18500.0,10800.0,ok,1764.0,1841.0,2154.0,2233.0,15600.0,144200.0,1.0436507936507937,1.0366759517177344,7.242339832869081,40b7b0acaa3a96600fe748a9adb72e7d390fff319c0a222f724ecd7159384a8d,semantic_live_support,True,2,0,20,0,0,8388608,100,5,e674d60a6337dea4f87502f3a49715b1
b2,validation_reused,b2-k4-andor_dom-tree-3-269b85d31c4b,7565303281249509524,5eace7caa8a101d3105c0c338da64e3d62dd7d90b1e4f9a2846f43f9e99ab977,5eace7caa8a101d3105c0c338da64e3d62dd7d90b1e4f9a2846f43f9e99ab977,,andor_dom,4,7,7,7,2500.0,300.0,3,5,4,2,3,5,4,11700.0,10100.0,10100.0,182,85700.0,82699.98943433166,4300.0036384910345,4100.031219422817,19500.03206729889,7799.972081556916,14600.0,8700.0,ok,1503.0,1595.0,1723.0,1816.0,14200.0,107700.0,1.0612109115103128,1.0539756239117817,8.241439349970982,5eace7caa8a101d3105c0c338da64e3d62dd7d90b1e4f9a2846f43f9e99ab977,semantic_live_support,True,2,0,14,0,0,8388608,100,5,269b85d31c4b598a18aa024675dbc917
b2,validation_reused,b2-k4-andor_dom-tree-4-d96f9fff14ea,2225502782104075469,830dcc860e2f53775bdab51b1b2ff210ce23f6366ac76fba9168f62702456c31,830dcc860e2f53775bdab51b1b2ff210ce23f6366ac76fba9168f62702456c31,,andor_dom,4,9,11,9,2900.0,300.0,5,5,5,3,5,5,5,16200.0,13400.0,11100.0,231,147800.0,143100.01279227436,12600.03773495555,11099.939001724124,30000.05381181836,13800.046872347593,18900.0,12500.0,ok,1712.0,1802.0,2139.0,2246.0,18400.0,163200.0,1.0525700934579438,1.0500233754090698,8.602150537634408,830dcc860e2f53775bdab51b1b2ff210ce23f6366ac76fba9168f62702456c31,semantic_live_support,True,2,0,22,0,0,8388608,100,5,d96f9fff14eaa8f53817655268fa6ba3
b2,validation_reused,b2-k4-andor_dom-shared-1-17ce9f3e12c6,9117237289594880842,48b576dfc3447c7a0e6b513608937a23d02e6330c5ed01b0fc4ca98b2bca1feb,48b576dfc3447c7a0e6b513608937a23d02e6330c5ed01b0fc4ca98b2bca1feb,,andor_dom,4,18,45,11,4700.0,300.0,7,15,14,7,22,26,24,28300.0,31100.0,20800.0,462,307400.0,302400.003420189,29800.052288919687,28800.01557059586,58100.034948438406,34400.029107928276,26300.0,40800.0,ok,4247.0,4313.0,2912.0,2977.0,19700.0,314200.0,1.0155403814457264,1.0223214285714286,6.7651098901098905,48b576dfc3447c7a0e6b513608937a23d02e6330c5ed01b0fc4ca98b2bca1feb,semantic_live_support,True,2,0,90,0,0,8388608,100,5,17ce9f3e12c650b4e3da3174950665b6
b2,validation_reused,b2-k4-andor_dom-shared-2-f7cba4ce652b,3612892547654723396,085edad400785fca7e7e90b1fac4beb776fc2beee5aa24352d5f39b5d57efcad,085edad400785fca7e7e90b1fac4beb776fc2beee5aa24352d5f39b5d57efcad,,andor_dom,4,16,31,10,3900.0,300.0,6,10,10,5,15,15,15,24600.0,25300.0,18100.0,411,268800.0,264400.0051077455,24199.9514400959,27500.034775584936,49100.02462565899,27100.00262595713,22400.0,27800.0,ok,3190.0,3216.0,2619.0,2687.0,18500.0,279300.0,1.0081504702194357,1.0259641084383353,7.063764795723559,085edad400785fca7e7e90b1fac4beb776fc2beee5aa24352d5f39b5d57efcad,semantic_live_support,True,2,0,62,0,0,8388608,100,5,f7cba4ce652beb639b4716f01ea72b8a
b2,validation_reused,b2-k4-andor_dom-shared-3-44c5bbe1b3b1,467798099736167574,8509b81230019d2ad970d970f791dfbdc8caf54f5c594fcd327cef9feed206c1,8509b81230019d2ad970d970f791dfbdc8caf54f5c594fcd327cef9feed206c1,,andor_dom,4,18,48,11,3600.0,300.0,7,11,9,4,26,31,26,24500.0,33100.0,21000.0,452,270700.0,265799.9866642058,23100.05947947502,27999.980375170708,48899.9648950994,25699.991965666413,23600.0,42800.0,ok,4679.0,4778.0,2551.0,2640.0,16200.0,405600.0,1.0211583671724727,1.0348882791062328,6.350450803606429,8509b81230019d2ad970d970f791dfbdc8caf54f5c594fcd327cef9feed206c1,semantic_live_support,True,2,0,96,0,0,8388608,100,5,44c5bbe1b3b124fc2ca5faf1b50a402a
b2,validation_reused,b2-k4-andor_dom-shared-4-f79caff75ff2,7651224647821769314,474f2af47544e9c7ce4338cabd43c5ca1c26432b7300ce387406157ea433891f,474f2af47544e9c7ce4338cabd43c5ca1c26432b7300ce387406157ea433891f,,andor_dom,4,15,39,9,3700.0,200.0,5,8,8,5,19,19,19,20500.0,22900.0,17700.0,387,258100.0,253700.01094415784,23400.032659992576,26299.96743053198,44400.01794137061,28399.983420968056,21300.0,36600.0,ok,3538.0,3599.0,2318.0,2384.0,17100.0,251700.0,1.0172413793103448,1.0284728213977568,7.377049180327869,474f2af47544e9c7ce4338cabd43c5ca1c26432b7300ce387406157ea433891f,semantic_live_support,True,2,0,78,0,0,8388608,100,5,f79caff75ff29481a248e8ff52e9ed81
b2,validation_reused,b2-k4-impeqv_dom-tree-1-d73fd085a946,5776384275015077152,fac7a6ffd3e55613018acf3b37a17e37f496208ce155acaa10324695365069e4,fac7a6ffd3e55613018acf3b37a17e37f496208ce155acaa10324695365069e4,,impeqv_dom,4,7,7,7,2300.0,300.0,3,9,6,2,3,9,6,10100.0,10600.0,10700.0,183,77900.0,74899.98824894428,0.0,4900.037311017513,19700.033590197563,7500.028004869819,14600.0,8600.0,ok,1748.0,1841.0,1749.0,1849.0,14200.0,101000.0,1.053203661327231,1.0571755288736422,8.118925100057176,fac7a6ffd3e55613018acf3b37a17e37f496208ce155acaa10324695365069e4,semantic_live_support,True,2,0,14,0,0,8388608,100,5,d73fd085a946a9591b8180e6bf562e1a
b2,validation_reused,b2-k4-impeqv_dom-tree-2-cf78873f00c4,5237676360102411996,f3569af837bfacd4b4b6d0e65c49197d37f1adb3bea6b311aed40bf0e7c19204,f3569af837bfacd4b4b6d0e65c49197d37f1adb3bea6b311aed40bf0e7c19204,,impeqv_dom,4,8,9,8,2800.0,300.0,4,12,8,3,4,12,8,11800.0,12700.0,11000.0,208,92700.0,89600.01287050545,0.0,6099.959136918187,22599.93925690651,9599.956683814526,16100.0,10100.0,ok,2023.0,2118.0,1959.0,2051.0,18300.0,164300.0,1.0469599604547701,1.0469627360898417,9.341500765696784,f3569af837bfacd4b4b6d0e65c49197d37f1adb3bea6b311aed40bf0e7c19204,semantic_live_support,True,2,0,18,0,0,8388608,100,5,cf78873f00c41b8314c06bdd1ea7b949
b2,validation_reused,b2-k4-impeqv_dom-tree-3-0dc01f652163,8446956793139275148,c06b3cef20609e99f07633eef2aced3698988d513f39c51d4537da1357179f21,c06b3cef20609e99f07633eef2aced3698988d513f39c51d4537da1357179f21,,impeqv_dom,4,9,11,7,2300.0,300.0,3,5,4,2,5,11,8,15100.0,15900.0,11900.0,233,108500.0,105100.01447983086,5000.008968636394,8600.007276982069,22400.054149329662,8200.004231184721,14300.0,12200.0,ok,2036.0,2108.0,1675.0,1767.0,15000.0,163400.0,1.0353634577603144,1.0549253731343284,8.955223880597014,c06b3cef20609e99f07633eef2aced3698988d513f39c51d4537da1357179f21,semantic_live_support,True,2,0,22,0,0,8388608,100,5,0dc01f65216357ec5ed0c7856f6b0625
b2,validation_reused,b2-k4-impeqv_dom-tree-4-0bc2267938a0,1583124285615562827,15b73ef77d3f7b4473e5e2ce1c8843189467ce6fd6df11d9065c5eb3c0ff877a,15b73ef77d3f7b4473e5e2ce1c8843189467ce6fd6df11d9065c5eb3c0ff877a,,impeqv_dom,4,7,7,7,2200.0,300.0,3,9,6,2,3,9,6,9500.0,10100.0,9800.0,183,73700.0,70999.9876562506,0.0,3600.027412176132,19099.970813840628,7200.054824352264,14400.0,8400.0,ok,1691.0,1732.0,1669.0,1731.0,13700.0,102800.0,1.0242460082791247,1.037147992810066,8.208508088675854,15b73ef77d3f7b4473e5e2ce1c8843189467ce6fd6df11d9065c5eb3c0ff877a,semantic_live_support,True,2,0,14,0,0,8388608,100,5,0bc2267938a0eadbe8796e7cc98327a6
b2,validation_reused,b2-k4-impeqv_dom-shared-1-093bd06ebf38,6635082935601043608,6bad351a721281983a6e1f281d7336daf4112fd879642799cf6db6b2c12452a7,6bad351a721281983a6e1f281d7336daf4112fd879642799cf6db6b2c12452a7,,impeqv_dom,4,17,69,17,5500.0,200.0,13,30,21,6,39,73,51,25600.0,32600.0,18700.0,434,239600.0,235000.0140722841,8699.949830770493,15600.031474605203,55300.01362785697,28999.95888583362,30500.0,51800.0,ok,7182.0,7287.0,3755.0,3810.0,19400.0,259200.0,1.0146198830409356,1.014647137150466,5.166444740346205,6bad351a721281983a6e1f281d7336daf4112fd879642799cf6db6b2c12452a7,semantic_live_support,True,2,0,138,0,0,8388608,100,5,093bd06ebf38e8e2a4952bd6d737d9f3
b2,validation_reused,b2-k4-impeqv_dom-shared-2-85e742aeb5d6,5608226510718411522,29e6cfa2a6ac59fbab9d5c4d6d564f4255760cf51fd7457a3e7fe343d48ef318,29e6cfa2a6ac59fbab9d5c4d6d564f4255760cf51fd7457a3e7fe343d48ef318,,impeqv_dom,4,16,43,15,4900.0,300.0,11,28,19,5,21,55,38,24600.0,25100.0,16400.0,414,213700.0,209400.02286806703,6199.989002197981,18799.910321831703,51899.9295309186,21799.991372972727,28500.0,35600.0,ok,5439.0,5426.0,3251.0,3347.0,20300.0,234500.0,0.9976098547527119,1.0295293755767456,6.244232543832667,29e6cfa2a6ac59fbab9d5c4d6d564f4255760cf51fd7457a3e7fe343d48ef318,semantic_live_support,True,2,0,86,0,0,8388608,100,5,85e742aeb5d6ea4aa8a62ebab266885e
b2,validation_reused,b2-k4-impeqv_dom-shared-3-8552cadc9761,5008161132277512325,5eac72d678bc6b54f36eebba0a3a7394388c0d248b38358a45456a92e9fc5724,5eac72d678bc6b54f36eebba0a3a7394388c0d248b38358a45456a92e9fc5724,,impeqv_dom,4,19,53,19,6700.0,300.0,15,41,28,7,26,72,49,26600.0,32300.0,18900.0,493,241300.0,236600.0262554735,4499.976057559252,20400.038920342922,55199.95465874672,32999.960239976645,35700.0,45100.0,ok,6542.0,6785.0,4439.0,4606.0,18800.0,285500.0,1.0371446040966066,1.037621085830142,4.235188105429151,5eac72d678bc6b54f36eebba0a3a7394388c0d248b38358a45456a92e9fc5724,semantic_live_support,True,2,0,106,0,0,8388608,100,5,8552cadc97618657cfda9d66fdc55bd8
b2,validation_reused,b2-k4-impeqv_dom-shared-4-f61110d6fca7,7282138017201606167,af35cf33330c8003d7af1221cd460af6401a1f4936caf864fc5772657e3ca072,af35cf33330c8003d7af1221cd460af6401a1f4936caf864fc5772657e3ca072,,impeqv_dom,4,19,54,9,3000.0,200.0,5,14,9,3,27,80,53,24200.0,31100.0,18700.0,487,203300.0,199200.00340789557,0.0,15499.972505494952,47599.98410008848,21999.9928958714,17200.0,43600.0,ok,7326.0,7114.0,2008.0,2070.0,17300.0,202200.0,0.971061971061971,1.0308764940239044,8.615537848605578,af35cf33330c8003d7af1221cd460af6401a1f4936caf864fc5772657e3ca072,semantic_live_support,True,2,0,108,0,0,8388608,100,5,f61110d6fca70cd8f1e204fa6bbef169
b2,validation_reused,b2-k4-mixed-tree-1-6a5b06e30521,6759912084491046203,e9af142af8c43e431b89ecd40f29bbd8c1068cad8afec9b8b07d2e0e9768edf6,e9af142af8c43e431b89ecd40f29bbd8c1068cad8afec9b8b07d2e0e9768edf6,,mixed,4,10,12,10,3100.0,300.0,6,7,6,3,6,7,6,15600.0,14000.0,11400.0,251,134000.0,130800.00644549727,9200.011845678091,12400.065315887332,27600.035537034273,11700.00177808106,19200.0,14400.0,ok,1754.0,1841.0,2257.0,2338.0,14700.0,152300.0,1.0496009122006842,1.0358883473637572,6.513070447496677,e9af142af8c43e431b89ecd40f29bbd8c1068cad8afec9b8b07d2e0e9768edf6,semantic_live_support,True,2,0,24,0,0,8388608,100,5,6a5b06e30521fe3eb7c5520703fa4ceb
b2,validation_reused,b2-k4-mixed-tree-2-39dcef306168,6552045602183466457,d6702270d176bac32f4c82874128788420408e580e7c3a1be862bbfe2fb1a632,d6702270d176bac32f4c82874128788420408e580e7c3a1be862bbfe2fb1a632,,mixed,4,11,13,11,3100.0,200.0,7,13,9,3,7,13,9,16900.0,16200.0,12100.0,271,140400.0,136599.9924018979,5400.012014433742,14199.962606653571,31900.068279355764,12200.005585327744,20100.0,12900.0,ok,2285.0,2387.0,2565.0,2650.0,15300.0,210000.0,1.0446389496717725,1.0331384015594542,5.964912280701754,d6702270d176bac32f4c82874128788420408e580e7c3a1be862bbfe2fb1a632,semantic_live_support,True,2,0,26,0,0,8388608,100,5,39dcef306168c12c385ff031195ea84c
b2,validation_reused,b2-k4-mixed-tree-3-42ca330baf1d,6035043200671025830,e8822f532ae9349b2b5743c494efd216ed4e44f9ebc82a6b1cb54895a5b88433,e8822f532ae9349b2b5743c494efd216ed4e44f9ebc82a6b1cb54895a5b88433,,mixed,4,10,11,10,3100.0,300.0,6,12,8,2,6,12,8,15400.0,19900.0,12000.0,245,123800.0,120200.01304335892,4100.0021155923605,9599.985787644982,28900.016332045197,10599.993402138352,19200.0,11500.0,ok,2088.0,2173.0,2281.0,2385.0,15800.0,142200.0,1.0407088122605364,1.045594037702762,6.926786497150372,e8822f532ae9349b2b5743c494efd216ed4e44f9ebc82a6b1cb54895a5b88433,semantic_live_support,True,2,0,22,0,0,8388608,100,5,42ca330baf1dcce15bd68ebc23f919c1
b2,validation_reused,b2-k4-mixed-tree-4-21975d9e7f15,1177019971751500373,46cc6a8cb5bcc0120f98b84c71699b2ac5b90cb34a781ae2a83305fa98cd8e67,46cc6a8cb5bcc0120f98b84c71699b2ac5b90cb34a781ae2a83305fa98cd8e67,,mixed,4,9,9,9,2600.0,200.0,5,9,6,2,5,9,6,14000.0,12300.0,10500.0,220,106900.0,103900.00534243882,3999.9722503125668,5599.984433501959,28399.925213307142,8099.974365904927,16900.0,9900.0,ok,1821.0,1862.0,2028.0,2104.0,16600.0,127400.0,1.0225151015925316,1.0374753451676528,8.185404339250493,46cc6a8cb5bcc0120f98b84c71699b2ac5b90cb34a781ae2a83305fa98cd8e67,semantic_live_support,True,2,0,18,0,0,8388608,100,5,21975d9e7f1523cda197d6a2afc034fa
b2,validation_reused,b2-k4-mixed-shared-1-1f8d2534cdb0,7168349840661561346,b8811852747cfa3620c3dd2af5d59498c240f208e689b4052bac934c29faf094,b8811852747cfa3620c3dd2af5d59498c240f208e689b4052bac934c29faf094,,mixed,4,17,35,11,4300.0,300.0,7,14,12,4,18,24,20,24500.0,30600.0,20100.0,432,288500.0,284000.0088326633,20800.071069970727,28900.045435875654,59000.10000914335,30500.02851523459,24400.0,33300.0,ok,3882.0,3975.0,2791.0,2852.0,20200.0,301700.0,1.0239567233384854,1.0218559656037263,7.237549265496238,b8811852747cfa3620c3dd2af5d59498c240f208e689b4052bac934c29faf094,semantic_live_support,True,2,0,70,0,0,8388608,100,5,1f8d2534cdb0abf755acdf0eb3981e20
b2,validation_reused,b2-k4-mixed-shared-2-8d20aba853af,5722106435940747964,fcf0a6c700dd13e274b6fba8deea8dd9b26e4eedde3495717cac8408c9c5177f,fcf0a6c700dd13e274b6fba8deea8dd9b26e4eedde3495717cac8408c9c5177f,,mixed,4,17,30,14,5400.0,200.0,10,20,16,6,15,22,18,26100.0,31000.0,19400.0,435,284500.0,279800.0059556216,20100.007532164454,30199.997127056122,57900.004321709275,31899.980967864394,31500.0,28300.0,ok,3529.0,3620.0,3589.0,3666.0,17900.0,283400.0,1.0257863417398696,1.0214544441348565,4.987461688492616,fcf0a6c700dd13e274b6fba8deea8dd9b26e4eedde3495717cac8408c9c5177f,semantic_live_support,True,2,0,60,0,0,8388608,100,5,8d20aba853af3734903b0b621217f515
b2,validation_reused,b2-k4-mixed-shared-3-8ed832ddfd1a,2921580432505029403,c0ba8a33ac67f44abff5984dfbb6f56c46b880ac2b86e1f23e7fa9c402c53ae7,c0ba8a33ac67f44abff5984dfbb6f56c46b880ac2b86e1f23e7fa9c402c53ae7,,mixed,4,20,54,17,6000.0,300.0,13,29,22,7,27,48,37,35400.0,36200.0,21100.0,510,333500.0,328699.99995455146,19499.973859637976,32199.895940721035,67899.9931551516,41900.057112798095,36100.0,50300.0,ok,6197.0,6285.0,4401.0,4407.0,22100.0,336900.0,1.0142004195578507,1.0013633265167008,5.0215860031810955,c0ba8a33ac67f44abff5984dfbb6f56c46b880ac2b86e1f23e7fa9c402c53ae7,semantic_live_support,True,2,0,108,0,0,8388608,100,5,8ed832ddfd1a1d2e71bb9b68f38cf7c1
b2,validation_reused,b2-k4-mixed-shared-4-22af367a203f,6827124183896632196,339e8fdd18e00f5d48bda16256b4afabd5106771063c47c993e05676cd5264e9,339e8fdd18e00f5d48bda16256b4afabd5106771063c47c993e05676cd5264e9,,mixed,4,16,37,13,4800.0,200.0,9,24,18,6,18,40,29,24400.0,28500.0,17700.0,412,255000.0,249799.9812476337,14899.938832968473,21099.95693899691,54700.06726682186,31600.036891177297,29500.0,33000.0,ok,4500.0,4586.0,3307.0,3398.0,19800.0,275200.0,1.019111111111111,1.027517387360145,5.98729966737224,339e8fdd18e00f5d48bda16256b4afabd5106771063c47c993e05676cd5264e9,semantic_live_support,True,2,0,74,0,0,8388608,100,5,22af367a203f3412d92a700f0b549191
b2,validation_reused,b2-k6-xor_dom-tree-1-bd603bfcb13b,6148636377328669615,134a2372b7a31f4577e0f1881cee72029d82b9b9f47e40e5367a07212656b59a,134a2372b7a31f4577e0f1881cee72029d82b9b9f47e40e5367a07212656b59a,,xor_dom,6,12,13,10,3300.0,300.0,4,8,7,3,6,8,7,17700.0,17600.0,13500.0,297,182700.0,178599.99206848443,10100.04780255258,19100.02902150154,39899.98367615044,17599.959392100573,23700.0,14100.0,ok,2273.0,10329.0,2247.0,10900.0,18100.0,201000.0,4.544214694236691,4.850912327547841,8.05518469069871,134a2372b7a31f4577e0f1881cee72029d82b9b9f47e40e5367a07212656b59a,semantic_live_support,True,8,48,104,24,24,8388608,100,5,bd603bfcb13bb478d5ff8d74c3a97524
b2,validation_reused,b2-k6-xor_dom-tree-2-186d01415e6e,6510793204261524814,1d32e4a54704fac550a359f8a10b86059decdcb9c5508b41ff340958805d1bc1,1d32e4a54704fac550a359f8a10b86059decdcb9c5508b41ff340958805d1bc1,,xor_dom,6,11,11,7,2300.0,200.0,1,5,5,1,5,5,5,13100.0,15700.0,12900.0,272,165400.0,161499.97827596962,11199.997970834374,20199.979189783335,33499.993151053786,14399.993233382702,13300.0,11300.0,ok,1917.0,7522.0,1543.0,9158.0,16700.0,180800.0,3.9238393322900365,5.935191186001296,10.823071937783538,1d32e4a54704fac550a359f8a10b86059decdcb9c5508b41ff340958805d1bc1,semantic_live_support,True,8,48,88,24,8,8388608,100,5,186d01415e6e19ebf25d33d46640fffa
b2,validation_reused,b2-k6-xor_dom-tree-3-db17c2d558b5,2698055410617472564,3771c86aaf3420499795d6e04e7615973a08aa7d0e4e4225479b5e45d6d790e9,3771c86aaf3420499795d6e04e7615973a08aa7d0e4e4225479b5e45d6d790e9,,xor_dom,6,12,12,9,2700.0,300.0,3,7,6,2,6,7,6,14900.0,16700.0,13500.0,292,172600.0,168099.9994277954,12599.950423464179,18600.025214254856,35699.980799108744,14200.020814314485,16300.0,12300.0,ok,2101.0,8173.0,1966.0,9660.0,19000.0,186100.0,3.8900523560209423,4.9135300101729396,9.664292980671414,3771c86aaf3420499795d6e04e7615973a08aa7d0e4e4225479b5e45d6d790e9,semantic_live_support,True,8,48,96,24,16,8388608,100,5,db17c2d558b5dd43e8ec864eb16dc7be
b2,validation_reused,b2-k6-xor_dom-tree-4-55e169562c2e,2705751552586522721,77ec00a4540ec379e53185390153ae3788621199fb76ecced5ba563d8587d205,77ec00a4540ec379e53185390153ae3788621199fb76ecced5ba563d8587d205,,xor_dom,6,13,14,11,3400.0,300.0,5,10,8,3,7,10,8,18400.0,19400.0,13800.0,317,174600.0,170599.98936019838,10799.96582120657,17599.98849593103,37199.96311701834,16499.951016157866,20700.0,13800.0,ok,2384.0,10676.0,2511.0,11685.0,19500.0,205400.0,4.478187919463087,4.65352449223417,7.765830346475508,77ec00a4540ec379e53185390153ae3788621199fb76ecced5ba563d8587d205,semantic_live_support,True,8,48,112,24,24,8388608,100,5,55e169562c2ed5d0f95d9ee8145e7c02
b2,validation_reused,b2-k6-xor_dom-shared-1-9e510ec73f56,817734030143994411,2aec3bc90a539e122dd54736db4e4400e5b5007095003e6c684efddffc04cfad,2aec3bc90a539e122dd54736db4e4400e5b5007095003e6c684efddffc04cfad,,xor_dom,6,25,50,14,4600.0,200.0,8,18,16,7,25,28,26,30000.0,40400.0,24500.0,628,435900.0,430199.9870222062,40300.13224110007,62899.98418651521,81300.03698170185,50299.94645155966,28600.0,41300.0,ok,5194.0,31603.0,3498.0,22062.0,19800.0,440400.0,6.084520600693107,6.307032590051458,5.660377358490566,2aec3bc90a539e122dd54736db4e4400e5b5007095003e6c684efddffc04cfad,semantic_live_support,True,8,48,400,32,56,8388608,100,5,9e510ec73f56fd2d891893c5bffdec32
b2,validation_reused,b2-k6-xor_dom-shared-2-b6c3c0a8013a,43502830611819436,009e38e0d30da65985e43e9b34e826fd6f0eca25b432424470acf2b2d76135f2,009e38e0d30da65985e43e9b34e826fd6f0eca25b432424470acf2b2d76135f2,,xor_dom,6,20,31,10,3500.0,300.0,4,8,8,3,15,15,15,22600.0,30400.0,20700.0,505,321100.0,316100.0204272568,28400.099836289883,47900.07369592786,55500.015150755644,30900.00245720148,23500.0,25800.0,ok,3643.0,19018.0,2433.0,12671.0,17100.0,335500.0,5.22042272852045,5.207973695026716,7.028360049321825,009e38e0d30da65985e43e9b34e826fd6f0eca25b432424470acf2b2d76135f2,semantic_live_support,True,8,48,248,32,24,8388608,100,5,b6c3c0a8013a4d2b1970ce811663641e
b2,validation_reused,b2-k6-xor_dom-shared-3-032bd0c6858d,6779329885841458816,647e06729ebad981aa02e88ae05b3d081a43127e3d34b56fbde7c6413b78f788,647e06729ebad981aa02e88ae05b3d081a43127e3d34b56fbde7c6413b78f788,,xor_dom,6,21,47,13,4300.0,200.0,7,17,14,4,23,35,29,26600.0,32900.0,20300.0,534,350000.0,344699.9762672931,29799.994081258774,47899.98638443649,65799.91895705462,39699.8948417604,25900.0,39200.0,ok,5292.0,33455.0,2962.0,18392.0,18800.0,381900.0,6.321806500377929,6.209318028359217,6.347062795408508,647e06729ebad981aa02e88ae05b3d081a43127e3d34b56fbde7c6413b78f788,semantic_live_support,True,8,48,376,32,32,8388608,100,5,032bd0c6858d6b4afd0094a7424cfa11
b2,validation_reused,b2-k6-xor_dom-shared-4-2ef76830fe72,6295189379941435074,edef7ad9513057d8979adaa108d88fbe5f634f3a3dc3c66f9364ef7e8032213f,edef7ad9513057d8979adaa108d88fbe5f634f3a3dc3c66f9364ef7e8032213f,,xor_dom,6,22,80,10,3000.0,200.0,4,8,7,2,42,81,59,28500.0,34200.0,20800.0,553,281600.0,276900.0129774213,23099.943064153194,39300.06641894579,46900.007873773575,21300.0166695565,19000.0,67700.0,ok,10279.0,68288.0,2278.0,11099.0,21300.0,298700.0,6.643447806206829,4.87225636523266,9.350307287093942,edef7ad9513057d8979adaa108d88fbe5f634f3a3dc3c66f9364ef7e8032213f,semantic_live_support,True,8,48,640,40,16,8388608,100,5,2ef76830fe72100cfafd3031156ddbbc
b2,validation_reused,b2-k6-andor_dom-tree-1-0a0c172dd63a,2228120184893709708,f848de93b27124b7b13eaefeb6bfa0087e5ebbdf95e1833f4dd9ff0a83e967ac,f848de93b27124b7b13eaefeb6bfa0087e5ebbdf95e1833f4dd9ff0a83e967ac,,andor_dom,6,11,11,9,2900.0,200.0,3,5,5,3,5,5,5,16700.0,16200.0,13500.0,270,153600.0,149700.00484026968,10799.994925037026,11300.027836114168,33299.99162815511,13799.959560856223,17300.0,11300.0,ok,1883.0,7791.0,2036.0,8952.0,19800.0,178500.0,4.137546468401487,4.3968565815324165,9.724950884086445,f848de93b27124b7b13eaefeb6bfa0087e5ebbdf95e1833f4dd9ff0a83e967ac,semantic_live_support,True,8,48,88,24,24,8388608,100,5,0a0c172dd63ac6dbb5654a05eaf59115
b2,validation_reused,b2-k6-andor_dom-tree-2-eff74425a5c6,7432897982282964193,cad6be77a54376f1a05420a4bc3d4683a92d6e8e364fbca00e2996debd78f326,cad6be77a54376f1a05420a4bc3d4683a92d6e8e364fbca00e2996debd78f326,,andor_dom,6,14,17,10,3500.0,300.0,4,7,7,4,8,8,8,20400.0,23600.0,15300.0,347,219200.0,214200.0012099743,18400.05279518664,18300.022929906845,43700.01261122525,21800.020476803184,20300.0,17400.0,ok,2319.0,11618.0,2298.0,11608.0,19000.0,238500.0,5.009918068132816,5.051348999129678,8.268059181897302,cad6be77a54376f1a05420a4bc3d4683a92d6e8e364fbca00e2996debd78f326,semantic_live_support,True,8,48,136,24,32,8388608,100,5,eff74425a5c62e0a8ee9f7af08b7476d
b2,validation_reused,b2-k6-andor_dom-tree-3-d47d0c96cf7f,5746379891948687308,50914e4773046b53f84ce0f6f4539f4b538cc3fe27541eabae848d1b199cf00b,50914e4773046b53f84ce0f6f4539f4b538cc3fe27541eabae848d1b199cf00b,,andor_dom,6,13,15,11,3500.0,300.0,5,8,7,3,7,9,8,20300.0,19700.0,14700.0,320,192400.0,187800.00391416252,11900.061508640647,12199.976481497288,37099.962355569005,18999.999156221747,21900.0,14700.0,ok,2301.0,11486.0,2544.0,10818.0,21800.0,190500.0,4.99174272055628,4.252358490566038,8.569182389937106,50914e4773046b53f84ce0f6f4539f4b538cc3fe27541eabae848d1b199cf00b,semantic_live_support,True,8,48,120,24,24,8388608,100,5,d47d0c96cf7fd5a658f4bb76c89f7a9c
b2,validation_reused,b2-k6-andor_dom-tree-4-9dc0cd28326c,2740379789626186465,c9b8b2d93f46839e42d4fa0c013558ab346efeafcd9458aa0784a14e80460c26,c9b8b2d93f46839e42d4fa0c013558ab346efeafcd9458aa0784a14e80460c26,,andor_dom,6,14,17,11,3500.0,300.0,5,8,8,3,8,8,8,20500.0,20500.0,15200.0,347,193100.0,188500.00924430788,14499.964891001582,12600.066838786006,40600.01811012626,20100.065739825368,21900.0,16000.0,ok,2161.0,10974.0,2449.0,12373.0,17900.0,223900.0,5.078204534937529,5.052266231114741,7.309105757452021,c9b8b2d93f46839e42d4fa0c013558ab346efeafcd9458aa0784a14e80460c26,semantic_live_support,True,8,48,136,24,24,8388608,100,5,9dc0cd28326ce254829e44c3b1a16e33
b2,validation_reused,b2-k6-andor_dom-shared-1-b8d344418390,1483425612532446315,3e990d45c83fa01d9bf0c64b79ed7678df3c723614f0f7eccdc3d196fa3073e9,3e990d45c83fa01d9bf0c64b79ed7678df3c723614f0f7eccdc3d196fa3073e9,,andor_dom,6,24,52,16,4900.0,200.0,10,18,15,6,29,36,29,34300.0,36600.0,21500.0,593,346200.0,340500.00249408185,29299.99027401209,38999.97682310641,66899.95643682778,34000.02606213093,31000.0,44100.0,ok,5535.0,31722.0,3727.0,19293.0,20300.0,352200.0,5.7311653116531165,5.176549503622216,5.446740005366246,3e990d45c83fa01d9bf0c64b79ed7678df3c723614f0f7eccdc3d196fa3073e9,semantic_live_support,True,8,48,416,32,48,8388608,100,5,b8d344418390aa1b1341778c11e98f9f
b2,validation_reused,b2-k6-andor_dom-shared-2-64893da6cbd9,1195079420979256423,46386ff0eccd7a7871daa3122b418bbf8e0d0180eca74808a53b2c3ed970f50e,46386ff0eccd7a7871daa3122b418bbf8e0d0180eca74808a53b2c3ed970f50e,,andor_dom,6,24,84,14,4800.0,300.0,8,16,14,6,43,48,44,37900.0,37400.0,23200.0,598,341900.0,336500.00113993883,30699.97183047235,33800.111850723624,62700.011767446995,35400.036722421646,27300.0,68800.0,ok,7902.0,50840.0,3300.0,18939.0,21400.0,337600.0,6.433814224247026,5.739090909090909,6.484848484848484,46386ff0eccd7a7871daa3122b418bbf8e0d0180eca74808a53b2c3ed970f50e,semantic_live_support,True,8,48,672,48,48,8388608,100,5,64893da6cbd9f2e635bceb73d3fdd198
b2,validation_reused,b2-k6-andor_dom-shared-3-a125454cd529,6597676320240713909,3f710ac088db33363087de2b9a657541fe5447821debaa9fe5cbd538eb1a5f29,3f710ac088db33363087de2b9a657541fe5447821debaa9fe5cbd538eb1a5f29,,andor_dom,6,21,41,12,4100.0,300.0,6,15,13,4,21,25,22,28000.0,31200.0,20600.0,527,316600.0,310900.00993572176,26599.998818710446,32800.04602856934,63599.98951666057,32299.984013661742,23800.0,34900.0,ok,4439.0,26408.0,2896.0,18787.0,20300.0,315600.0,5.949087632349628,6.4872237569060776,7.009668508287293,3f710ac088db33363087de2b9a657541fe5447821debaa9fe5cbd538eb1a5f29,semantic_live_support,True,8,48,328,32,32,8388608,100,5,a125454cd529d4c8e17690dfb1168998
b2,validation_reused,b2-k6-andor_dom-shared-4-0dd35386d57d,5025181188167973354,1656c269d0236784b54b17c8ef8406cea69739a8e3a204b3cbb8bfa53449f35b,1656c269d0236784b54b17c8ef8406cea69739a8e3a204b3cbb8bfa53449f35b,,andor_dom,6,20,41,13,4500.0,200.0,7,15,14,5,20,22,21,32400.0,30900.0,20000.0,501,312700.0,307500.01315027475,26600.05702637136,24699.92614351213,60799.968196079135,39799.95381087065,26400.0,35500.0,ok,4030.0,26079.0,3134.0,20348.0,19500.0,396400.0,6.4712158808933005,6.492661135928526,6.222080408423739,1656c269d0236784b54b17c8ef8406cea69739a8e3a204b3cbb8bfa53449f35b,semantic_live_support,True,8,48,328,32,40,8388608,100,5,0dd35386d57dfaaca3377253436c56ef
b2,validation_reused,b2-k6-impeqv_dom-tree-1-c05059f5591f,3448833746776026562,7524471d915b02b29cef6bb1183791a371f6ace366b980da3b4594da2e301b21,7524471d915b02b29cef6bb1183791a371f6ace366b980da3b4594da2e301b21,,impeqv_dom,6,11,11,11,3400.0,300.0,5,13,9,3,5,13,9,16600.0,15900.0,20100.0,272,130800.0,126700.00432990491,2000.01522898674,10000.017937272787,31700.037652626634,14000.01929141581,22100.0,15100.0,ok,2496.0,12232.0,2585.0,12451.0,19200.0,165500.0,4.9006410256410255,4.816634429400387,7.427466150870406,7524471d915b02b29cef6bb1183791a371f6ace366b980da3b4594da2e301b21,semantic_live_support,True,8,48,88,24,24,8388608,100,5,c05059f5591fb03830a6d165ccd50950
b2,validation_reused,b2-k6-impeqv_dom-tree-2-187a6f599749,471439702659932403,1e13d706fb3dda034bfb6bd79f1f24f0a35baa6c661823432c53d2ac2c6be21a,1e13d706fb3dda034bfb6bd79f1f24f0a35baa6c661823432c53d2ac2c6be21a,,impeqv_dom,6,14,15,14,4000.0,300.0,8,20,13,4,8,20,13,19800.0,22300.0,15100.0,337,153600.0,149900.00636316836,1900.014467537403,9100.011084228754,39999.95533376932,17199.98545013368,23900.0,14200.0,ok,3093.0,15817.0,3201.0,15627.0,18800.0,254200.0,5.113805366957647,4.881911902530459,5.873164636051234,1e13d706fb3dda034bfb6bd79f1f24f0a35baa6c661823432c53d2ac2c6be21a,semantic_live_support,True,8,48,120,32,32,8388608,100,5,187a6f599749426908bf6ffdf8a53d6d
b2,validation_reused,b2-k6-impeqv_dom-tree-3-9df370a422d4,606070464318698982,28a94295a090f24e443f2d252b023381603f14ffb2377f65b6be6020665e3e9a,28a94295a090f24e443f2d252b023381603f14ffb2377f65b6be6020665e3e9a,,impeqv_dom,6,15,18,15,4500.0,300.0,9,22,15,3,9,22,15,22000.0,23000.0,15500.0,369,185000.0,180800.00882036984,4200.0028770416975,13499.986380338669,44499.93139132857,21699.961507692933,28700.0,17200.0,ok,3287.0,18742.0,3501.0,18762.0,27100.0,228100.0,5.701855795558259,5.359040274207369,7.7406455298486145,28a94295a090f24e443f2d252b023381603f14ffb2377f65b6be6020665e3e9a,semantic_live_support,True,8,48,144,24,24,8388608,100,5,9df370a422d43bf095998857fb41128c
b2,validation_reused,b2-k6-impeqv_dom-tree-4-07d0d6da2af7,4974364884613824353,8f70d951764efc3a27090723594ff891fe9fb6f0f120509230ab0b05e930f6b6,8f70d951764efc3a27090723594ff891fe9fb6f0f120509230ab0b05e930f6b6,,impeqv_dom,6,14,17,14,4800.0,300.0,8,20,14,5,8,20,14,21500.0,21100.0,15700.0,350,180100.0,175900.00061318278,4500.0051613897085,15900.004655122757,41200.02267882228,21099.986042827368,28600.0,16200.0,ok,3216.0,18160.0,3368.0,18026.0,19300.0,216400.0,5.646766169154229,5.352137767220903,5.7304038004750595,8f70d951764efc3a27090723594ff891fe9fb6f0f120509230ab0b05e930f6b6,semantic_live_support,True,8,48,136,40,40,8388608,100,5,07d0d6da2af72423732742dae2858d4a
b2,validation_reused,b2-k6-impeqv_dom-shared-1-f68095cd3ba2,2563147662185002592,456fa9ee42dce63c64416e513d4e929a4ee3caabd2db6c1d980b63123ef8151d,456fa9ee42dce63c64416e513d4e929a4ee3caabd2db6c1d980b63123ef8151d,,impeqv_dom,6,24,42,24,8000.0,400.0,18,49,33,7,21,56,38,34900.0,41100.0,22800.0,604,312600.0,302500.00418163836,4300.0036384910345,24300.03951303661,74099.95305351913,43200.00880397856,44600.0,38500.0,ok,6819.0,46778.0,6313.0,39406.0,23600.0,614500.0,6.859950139316616,6.242040234436876,3.7383177570093458,456fa9ee42dce63c64416e513d4e929a4ee3caabd2db6c1d980b63123ef8151d,semantic_live_support,True,8,48,336,24,56,8388608,100,5,f68095cd3ba2889cdc1c29844e0c9c77
b2,validation_reused,b2-k6-impeqv_dom-shared-2-22089ede1135,6245498698643612095,da5dc6f3940660a47e580ca74507b1073a28fc8818f12f7901782e7f17c39b91,da5dc6f3940660a47e580ca74507b1073a28fc8818f12f7901782e7f17c39b91,,impeqv_dom,6,21,41,20,9600.0,400.0,14,39,26,6,20,56,38,45400.0,49900.0,29800.0,532,366200.0,359600.00241175294,5300.011252984405,27499.91836026311,95199.99730400741,48899.99399892986,63800.0,53000.0,ok,6181.0,42945.0,4921.0,29984.0,23100.0,290200.0,6.947904869762175,6.093070514123146,4.694167852062589,da5dc6f3940660a47e580ca74507b1073a28fc8818f12f7901782e7f17c39b91,semantic_live_support,True,8,48,328,40,48,8388608,100,5,22089ede1135fa54afe9f25462602668
b2,validation_reused,b2-k6-impeqv_dom-shared-3-32d1a4c2066e,8360467827713798882,ea0d9f4b80c89400af7c42e36ca3620d6893ac17c46c1fe18b9f59bbc42433b8,ea0d9f4b80c89400af7c42e36ca3620d6893ac17c46c1fe18b9f59bbc42433b8,,impeqv_dom,6,24,49,22,7100.0,200.0,16,38,26,5,27,65,43,35700.0,39400.0,22400.0,599,296800.0,291900.0107795,6799.993570894003,26699.999580159783,68499.96862001717,36300.04357546568,40700.0,42000.0,ok,7604.0,46676.0,5519.0,30281.0,24400.0,329200.0,6.138348237769595,5.486682369994564,4.421090777314731,ea0d9f4b80c89400af7c42e36ca3620d6893ac17c46c1fe18b9f59bbc42433b8,semantic_live_support,True,8,48,392,32,40,8388608,100,5,32d1a4c2066ea302483a5e9001e64892
b2,validation_reused,b2-k6-impeqv_dom-shared-4-3e4e99468c60,2396735422642767746,f6b41ca15f86f66da7370a58a52c273cdddd507c80b432acf9de9d69ab5f6e54,f6b41ca15f86f66da7370a58a52c273cdddd507c80b432acf9de9d69ab5f6e54,,impeqv_dom,6,23,43,23,7800.0,300.0,17,45,30,6,23,61,40,32900.0,37600.0,21800.0,573,295800.0,290299.9985963106,3599.9692045152187,23800.006601959467,71999.96616691351,40399.95837956667,43700.0,39200.0,ok,7190.0,45968.0,5812.0,35057.0,22100.0,320900.0,6.393324061196106,6.031830695113558,3.8024776324845146,f6b41ca15f86f66da7370a58a52c273cdddd507c80b432acf9de9d69ab5f6e54,semantic_live_support,True,8,48,344,32,48,8388608,100,5,3e4e99468c604c0792fd1951a4829f9a
b2,validation_reused,b2-k6-mixed-tree-1-9ecccc175ad2,8528765092273830041,cc748c8dd498ebf4ba264da58e9b3b3c3cd35ba8a8d734c934c91675c283fc04,cc748c8dd498ebf4ba264da58e9b3b3c3cd35ba8a8d734c934c91675c283fc04,,mixed,6,13,15,13,3800.0,300.0,7,15,11,4,7,15,11,20500.0,19100.0,14100.0,322,183700.0,179399.99816007912,6699.963705614209,16299.978597089648,42500.0034738332,20300.038158893585,25000.0,14900.0,ok,2717.0,14664.0,3033.0,14559.0,18700.0,197000.0,5.3971291866028706,4.8001978239366965,6.165512693702604,cc748c8dd498ebf4ba264da58e9b3b3c3cd35ba8a8d734c934c91675c283fc04,semantic_live_support,True,8,48,120,32,32,8388608,100,5,9ecccc175ad277dbcf0c90e75e26c502
b2,validation_reused,b2-k6-mixed-tree-2-40b1238ea748,6841518108757936030,50b964a05d1cc7f170c8e535883101b324eeedb8ca72b9b15fb11465c0efdc4c,50b964a05d1cc7f170c8e535883101b324eeedb8ca72b9b15fb11465c0efdc4c,,mixed,6,14,16,14,4100.0,300.0,8,15,11,4,8,15,11,21700.0,19700.0,15200.0,344,177800.0,173500.01144222915,8800.008799880743,13200.071407482028,40900.02039447427,18100.079614669085,25300.0,15300.0,ok,2740.0,14113.0,3177.0,13984.0,18000.0,209000.0,5.1507299270072995,4.401636764242997,5.665722379603399,50b964a05d1cc7f170c8e535883101b324eeedb8ca72b9b15fb11465c0efdc4c,semantic_live_support,True,8,48,128,32,32,8388608,100,5,40b1238ea7485d631141d917570e7cc6
b2,validation_reused,b2-k6-mixed-tree-3-aeb0c639e3f5,5278453736713610921,70502cbecab45d272c4e30db55dde2af39dabf59ea4cb5b06c13d6335e5470af,70502cbecab45d272c4e30db55dde2af39dabf59ea4cb5b06c13d6335e5470af,,mixed,6,12,13,11,3400.0,200.0,5,10,8,3,6,10,8,18400.0,17500.0,13500.0,298,168900.0,164800.00340379775,7999.97360445559,15899.9755512923,36699.90110211074,17799.960914999247,21000.0,13500.0,ok,2329.0,11150.0,2563.0,11648.0,16600.0,183700.0,4.787462430227565,4.544674209910261,6.47678501755755,70502cbecab45d272c4e30db55dde2af39dabf59ea4cb5b06c13d6335e5470af,semantic_live_support,True,8,48,104,24,24,8388608,100,5,aeb0c639e3f54cd776046db8f6214870
b2,validation_reused,b2-k6-mixed-tree-4-987f3c678ab0,3111900735067260042,4506d091ec25797f922490bd81243c8f7290dc8a6844c6537f3e46dd4720faf9,4506d091ec25797f922490bd81243c8f7290dc8a6844c6537f3e46dd4720faf9,,mixed,6,15,18,14,4700.0,300.0,8,16,12,4,9,16,12,22600.0,22900.0,15300.0,367,231200.0,223000.01000985503,10700.023267418146,21400.017431005836,51900.01684240997,22499.996703118086,28600.0,18600.0,ok,2941.0,15051.0,3253.0,16014.0,19200.0,223500.0,5.117647058823529,4.922840454964648,5.90224408238549,4506d091ec25797f922490bd81243c8f7290dc8a6844c6537f3e46dd4720faf9,semantic_live_support,True,8,48,144,24,32,8388608,100,5,987f3c678ab01dcbbc390a676451e56d
b2,validation_reused,b2-k6-mixed-shared-1-bf5809ef3c65,3947449479653283534,d80e470e33e534894d3e5df0e299031a7e9f0ac845d9035403c74342fad902d2,d80e470e33e534894d3e5df0e299031a7e9f0ac845d9035403c74342fad902d2,,mixed,6,20,99,16,5100.0,200.0,10,20,17,6,49,59,54,29100.0,30800.0,19700.0,503,315200.0,310300.00536702573,23499.975213781,23400.00355616212,61200.00034570694,37499.96540136635,30900.0,80500.0,ok,8797.0,69569.0,3704.0,21711.0,40700.0,473100.0,7.908264180970786,5.861501079913607,10.988120950323975,d80e470e33e534894d3e5df0e299031a7e9f0ac845d9035403c74342fad902d2,semantic_live_support,True,8,48,792,48,48,8388608,100,5,bf5809ef3c65a57e44e51e7bb7da73ed
b2,validation_reused,b2-k6-mixed-shared-2-33593cbc9843,3662816970818520256,991201b381b64d183be8d60df0a5b23afa16a6c4f1747ae0fafc957a288b8155,991201b381b64d183be8d60df0a5b23afa16a6c4f1747ae0fafc957a288b8155,,mixed,6,25,48,20,6700.0,200.0,14,30,23,6,25,42,32,34000.0,45100.0,22900.0,624,382300.0,376199.9832931906,22600.055672228336,38699.9745387584,79200.02099126577,46699.977247044444,37500.0,42800.0,ok,5983.0,40245.0,8171.0,46931.0,57500.0,879600.0,6.726558582650844,5.7436054338514255,7.037082364459675,991201b381b64d183be8d60df0a5b23afa16a6c4f1747ae0fafc957a288b8155,semantic_live_support,True,8,48,384,32,48,8388608,100,5,33593cbc98430d981a4d52e075da2368
b2,validation_reused,b2-k6-mixed-shared-3-a377b00385d6,4325378358314373839,5683fd468752a8eebd3fecdf82e47864ac13a8699d5fe2495930fb25fa755b75,5683fd468752a8eebd3fecdf82e47864ac13a8699d5fe2495930fb25fa755b75,,mixed,6,25,73,21,12300.0,700.0,15,33,26,8,36,68,52,50900.0,43700.0,39800.0,636,800500.0,789799.9894339591,49400.05601383746,62800.01252889633,153300.06135627627,107500.09096227586,211800.0,138800.0,ok,8974.0,67916.0,5775.0,35126.0,22900.0,415300.0,7.56808558056608,6.082424242424242,3.965367965367965,5683fd468752a8eebd3fecdf82e47864ac13a8699d5fe2495930fb25fa755b75,semantic_live_support,True,8,48,584,40,64,8388608,100,5,a377b00385d6fc357716d386b7f5b90f
b2,validation_reused,b2-k6-mixed-shared-4-d71d1df79e0f,643801753669841859,649807f9b389602dad3c9be515538cf94aea9d5cc3dfb85d443ffc48f9d24360,649807f9b389602dad3c9be515538cf94aea9d5cc3dfb85d443ffc48f9d24360,,mixed,6,26,62,17,5500.0,200.0,11,22,17,5,34,57,42,38400.0,42300.0,24800.0,643,405500.0,399499.9860879034,27499.947464093566,34400.029107928276,81199.9780125916,43999.92758408189,33400.0,48600.0,ok,7927.0,48080.0,4240.0,22448.0,22500.0,378300.0,6.065346284849249,5.29433962264151,5.306603773584905,649807f9b389602dad3c9be515538cf94aea9d5cc3dfb85d443ffc48f9d24360,semantic_live_support,True,8,48,496,32,40,8388608,100,5,d71d1df79e0f9ab661f2b60b133e10b7
b2,validation_reused,b2-k8-xor_dom-tree-1-e3305253a197,8722644039266008436,46af8650e56cb3d8316990197ae711b02c6005066cac2953e04fc0ca70015a55,46af8650e56cb3d8316990197ae711b02c6005066cac2953e04fc0ca70015a55,,xor_dom,8,19,21,16,4600.0,300.0,8,13,11,3,11,13,11,26400.0,26800.0,21800.0,455,262000.0,256700.0046838075,18099.963199347258,29400.04924312234,56400.02200379968,26000.02335384488,27400.0,19400.0,ok,3061.0,13531.0,5045.0,19397.0,19500.0,274200.0,4.420450833061091,3.844796828543112,3.865213082259663,46af8650e56cb3d8316990197ae711b02c6005066cac2953e04fc0ca70015a55,semantic_live_support,True,32,256,672,96,96,8388608,100,5,e3305253a197e6682a020c093232fbcd
b2,validation_reused,b2-k8-xor_dom-tree-2-13ed19191907,5330423069332583842,e1816aca7b95dbe067940f525f729f06e1e3535d98b933099d96513ab738a3bc,e1816aca7b95dbe067940f525f729f06e1e3535d98b933099d96513ab738a3bc,,xor_dom,8,20,24,16,4800.0,300.0,8,17,14,4,12,17,14,26300.0,28500.0,19100.0,488,289800.0,284599.98429752886,17699.989257380366,32999.9893438071,60699.996538460255,31500.03612972796,29200.0,20400.0,ok,3353.0,15693.0,3381.0,14071.0,20900.0,388600.0,4.680286310766478,4.16178645371192,6.181603076013014,e1816aca7b95dbe067940f525f729f06e1e3535d98b933099d96513ab738a3bc,semantic_live_support,True,32,256,768,128,128,8388608,100,5,13ed19191907ecffbdf1f46e78a39988
b2,validation_reused,b2-k8-xor_dom-tree-3-6411e7a81de6,5820208530979990493,e3b16859071e39ef7e23d1c58adf4b4d9f7bd4834a5d7fb37c7e5bd4ffc3bf12,e3b16859071e39ef7e23d1c58adf4b4d9f7bd4834a5d7fb37c7e5bd4ffc3bf12,,xor_dom,8,20,23,16,4800.0,200.0,8,18,14,3,12,18,14,25500.0,28300.0,18800.0,483,267000.0,261900.01517534256,15600.06057843566,29800.052288919687,59199.86870139837,27000.03096833825,27500.0,19900.0,ok,3485.0,15114.0,3369.0,13662.0,19600.0,276200.0,4.33687230989957,4.055209260908281,5.817750074205996,e3b16859071e39ef7e23d1c58adf4b4d9f7bd4834a5d7fb37c7e5bd4ffc3bf12,semantic_live_support,True,32,256,736,128,96,8388608,100,5,6411e7a81de64d918d91ddbbc4eb04ba
b2,validation_reused,b2-k8-xor_dom-tree-4-c77ef7ea382c,8935539817186761035,64256c18b54a69684f950bf04e330c2a5d4ff3ee20ae16427bd89a85344dbdf6,64256c18b54a69684f950bf04e330c2a5d4ff3ee20ae16427bd89a85344dbdf6,,xor_dom,8,18,20,16,4400.0,200.0,8,13,11,3,10,13,11,30100.0,23700.0,19000.0,435,231500.0,226800.00984109938,14999.93959441781,23699.976736679673,49000.05296804011,25599.932996556163,29900.0,17000.0,ok,2815.0,12754.0,3273.0,12566.0,19200.0,268400.0,4.530728241563055,3.8392911701802626,5.866177818515124,64256c18b54a69684f950bf04e330c2a5d4ff3ee20ae16427bd89a85344dbdf6,semantic_live_support,True,32,256,640,96,96,8388608,100,5,c77ef7ea382c8d9f058c35d09d8210ed
b2,validation_reused,b2-k8-xor_dom-shared-1-39a6b403d2d3,7585107600607857645,969e55e56254cb0c53aae5eaf2bf2ae32c59ac1ba8cda5ed517b46ff3a91b000,969e55e56254cb0c53aae5eaf2bf2ae32c59ac1ba8cda5ed517b46ff3a91b000,,xor_dom,8,27,54,18,5600.0,300.0,10,20,17,5,27,32,29,36700.0,47200.0,26000.0,670,431800.0,425400.0086802989,35800.127079710364,56199.991377070546,79500.02327561378,46600.005589425564,33500.0,44600.0,ok,5952.0,33125.0,4128.0,17433.0,20800.0,425200.0,5.565356182795699,4.223110465116279,5.038759689922481,969e55e56254cb0c53aae5eaf2bf2ae32c59ac1ba8cda5ed517b46ff3a91b000,semantic_live_support,True,32,256,1728,128,160,8388608,100,5,39a6b403d2d3d5be2ee0d84f8e0d87b7
b2,validation_reused,b2-k8-xor_dom-shared-2-13d2013b2012,788561067974380762,c685e7aa0cf19a6f715b097a9d3252953f12dde3bf98a0f43deef53ac6245c78,c685e7aa0cf19a6f715b097a9d3252953f12dde3bf98a0f43deef53ac6245c78,,xor_dom,8,23,37,10,3300.0,300.0,2,10,9,2,18,24,21,22300.0,35100.0,22100.0,572,445400.0,438499.99201484025,36900.0481441617,63999.90525096655,88000.02979114652,50400.03452450037,20200.0,30200.0,ok,4667.0,23791.0,2107.0,8859.0,17600.0,444600.0,5.097707306620956,4.204556241101091,8.353108685334599,c685e7aa0cf19a6f715b097a9d3252953f12dde3bf98a0f43deef53ac6245c78,semantic_live_support,True,32,256,1184,128,64,8388608,100,5,13d2013b2012467757657a68f5afedbd
b2,validation_reused,b2-k8-xor_dom-shared-3-c2eeb3424108,8543544085464432446,6eb7bcba5a6aa5f243c21c44059f0b469b9f09ed9a02eb46abb5d3b379a21f83,6eb7bcba5a6aa5f243c21c44059f0b469b9f09ed9a02eb46abb5d3b379a21f83,,xor_dom,8,27,61,14,4800.0,200.0,6,17,16,6,31,35,32,48000.0,42600.0,25000.0,673,553500.0,546299.9979499727,41599.99662078917,76799.97361265123,92100.09011439979,54699.950851500034,29400.0,55900.0,ok,6252.0,37104.0,3276.0,15568.0,20900.0,465800.0,5.934740882917467,4.752136752136752,6.37973137973138,6eb7bcba5a6aa5f243c21c44059f0b469b9f09ed9a02eb46abb5d3b379a21f83,semantic_live_support,True,32,256,1952,128,192,8388608,100,5,c2eeb34241088cd5bbb74df3b6d20411
b2,validation_reused,b2-k8-xor_dom-shared-4-b7ecc9bde8c8,7476554530599473469,288e53bef7c9f70b78ec03366f445225a7937c0d6c72724b6d60e44db6fd53a4,288e53bef7c9f70b78ec03366f445225a7937c0d6c72724b6d60e44db6fd53a4,,xor_dom,8,32,80,23,7700.0,300.0,15,24,21,5,43,50,43,45100.0,50200.0,29100.0,789,557800.0,550199.9985426664,44300.07538758218,69999.92183409631,105100.04358366132,68699.97014291584,43600.0,72300.0,ok,9683.0,49587.0,5305.0,22988.0,23200.0,635400.0,5.1210368687390275,4.333270499528746,4.3732327992459945,288e53bef7c9f70b78ec03366f445225a7937c0d6c72724b6d60e44db6fd53a4,semantic_live_support,True,32,256,2560,128,160,8388608,100,5,b7ecc9bde8c819e66e5f06353e700999
b2,validation_reused,b2-k8-andor_dom-tree-1-0a99939bca63,8855662682345806780,8fd28e1480f36482da1a002c844de2475a8c1509bb3c5f17bc852f253674c754,8fd28e1480f36482da1a002c844de2475a8c1509bb3c5f17bc852f253674c754,,andor_dom,8,17,18,14,4200.0,200.0,6,12,10,3,9,12,10,23700.0,23400.0,17400.0,405,237200.0,231600.0172868371,15300.029190257192,13400.014722719789,52200.048230588436,24799.956008791924,25900.0,17400.0,ok,2837.0,12663.0,3019.0,11724.0,20800.0,263800.0,4.463517800493479,3.8834051010268302,6.889698575687314,8fd28e1480f36482da1a002c844de2475a8c1509bb3c5f17bc852f253674c754,semantic_live_support,True,32,256,576,96,96,8388608,100,5,0a99939bca6384a8377803d74a648c72
b2,validation_reused,b2-k8-andor_dom-tree-2-cbc8a38367ce,93080013742338133,3d79bfe61802b728b5e2d9a5a13fc4c2e855c7614300109f66b4512e32c1ca43,3d79bfe61802b728b5e2d9a5a13fc4c2e855c7614300109f66b4512e32c1ca43,,andor_dom,8,16,16,15,4400.0,200.0,7,9,8,3,8,9,8,25900.0,23300.0,17000.0,379,221400.0,216199.98733513057,13999.902876093984,16400.0375661999,47499.98333863914,23600.03418289125,28600.0,16500.0,ok,2589.0,11242.0,3139.0,10778.0,20700.0,241800.0,4.34221707222866,3.433577572475311,6.594456833386428,3d79bfe61802b728b5e2d9a5a13fc4c2e855c7614300109f66b4512e32c1ca43,semantic_live_support,True,32,256,512,96,96,8388608,100,5,cbc8a38367cef6057649fd0b31ab5dc2
b2,validation_reused,b2-k8-andor_dom-tree-3-329734acd78e,2381437988148073298,de720284cb8b83b7752b2428ee149a8a958c8b0df09a2818c89b1d2e9cec3291,de720284cb8b83b7752b2428ee149a8a958c8b0df09a2818c89b1d2e9cec3291,,andor_dom,8,17,18,14,4200.0,300.0,6,10,9,3,9,10,9,25900.0,25000.0,18200.0,404,232100.0,227100.0121254474,17000.04213489592,15099.969459697604,53800.002206116915,23599.975975230336,25900.0,18600.0,ok,2650.0,12217.0,2908.0,11084.0,19900.0,263300.0,4.610188679245283,3.8115543328748283,6.843191196698762,de720284cb8b83b7752b2428ee149a8a958c8b0df09a2818c89b1d2e9cec3291,semantic_live_support,True,32,256,576,160,96,8388608,100,5,329734acd78e4b86f10763d7b9610e6b
b2,validation_reused,b2-k8-andor_dom-tree-4-fa17785afafe,6594633550136713120,e81aaaaf5c7365dfb830e4ef552588ef192a92c961dc5d3b2d0774e6f5f42835,e81aaaaf5c7365dfb830e4ef552588ef192a92c961dc5d3b2d0774e6f5f42835,,andor_dom,8,18,19,17,4700.0,300.0,9,12,10,4,10,12,10,27900.0,24600.0,22200.0,426,234600.0,229500.00129640102,15899.9755512923,17800.01912266016,52499.992307275534,22299.995180219412,29300.0,17700.0,ok,2874.0,12809.0,5326.0,19154.0,21400.0,344000.0,4.4568545581071675,3.5963199399173864,4.018024784078108,e81aaaaf5c7365dfb830e4ef552588ef192a92c961dc5d3b2d0774e6f5f42835,semantic_live_support,True,32,256,608,128,128,8388608,100,5,fa17785afafe122fe491d0ba167d1994
b2,validation_reused,b2-k8-andor_dom-shared-1-69a470723d85,6301960526502956799,d09260b32b9036615aa0a298b0be0cb238f5a32466a24e74b66ac6cfc665270a,d09260b32b9036615aa0a298b0be0cb238f5a32466a24e74b66ac6cfc665270a,,andor_dom,8,24,48,16,5300.0,300.0,8,18,16,7,24,37,30,30500.0,36300.0,21900.0,589,367700.0,361500.01687929034,30499.999411404133,30700.030038133264,75999.88020956516,41799.998143687844,30700.0,37100.0,ok,5361.0,30204.0,3398.0,15599.0,20000.0,354800.0,5.634023503077784,4.590641553855209,5.885815185403178,d09260b32b9036615aa0a298b0be0cb238f5a32466a24e74b66ac6cfc665270a,semantic_live_support,True,32,256,1536,128,224,8388608,100,5,69a470723d851d46bf09a6e0ecf86c5c
b2,validation_reused,b2-k8-andor_dom-shared-2-775ee4cbbb58,5249758345667889293,64736495552f7d588011b5d4dee6824053c01ef39c79204d75808e0ed5578a72,64736495552f7d588011b5d4dee6824053c01ef39c79204d75808e0ed5578a72,,andor_dom,8,26,47,18,5200.0,300.0,10,18,16,6,24,28,25,35100.0,38000.0,23300.0,641,378800.0,372899.98726919293,28799.986466765404,35600.03824532032,77699.92225803435,38900.00516548753,32700.0,38800.0,ok,4724.0,27584.0,3865.0,16367.0,20600.0,378600.0,5.839119390347164,4.234670116429496,5.329883570504528,64736495552f7d588011b5d4dee6824053c01ef39c79204d75808e0ed5578a72,semantic_live_support,True,32,256,1504,128,192,8388608,100,5,775ee4cbbb581588c3316bc37a8f4327
b2,validation_reused,b2-k8-andor_dom-shared-3-5e5303eaddfb,8058430730899446706,84d9f58be131996c613a24c6bad7f9cfc8fc2dced6da06cbeae5828f30c5ba7a,84d9f58be131996c613a24c6bad7f9cfc8fc2dced6da06cbeae5828f30c5ba7a,,andor_dom,8,28,49,22,7300.0,200.0,14,23,20,6,26,30,26,42300.0,42300.0,25200.0,678,429100.0,422800.0179864466,35799.98156055808,36999.990697950125,88300.00297166407,54100.03359429538,39800.0,41800.0,ok,5282.0,30319.0,4930.0,21214.0,22400.0,421400.0,5.740060583112458,4.3030425963488845,4.543610547667343,84d9f58be131996c613a24c6bad7f9cfc8fc2dced6da06cbeae5828f30c5ba7a,semantic_live_support,True,32,256,1568,160,192,8388608,100,5,5e5303eaddfb01f4cf5d65e7af708933
b2,validation_reused,b2-k8-andor_dom-shared-4-0f2c3ce95a60,1117034386922797230,25e947aaa44b7574bce0d0ac4d91d63489a7837f6af73764eab3cc83eff2b01f,25e947aaa44b7574bce0d0ac4d91d63489a7837f6af73764eab3cc83eff2b01f,,andor_dom,8,30,55,21,7200.0,300.0,13,23,21,7,28,30,28,52300.0,65500.0,34400.0,737,501500.0,493799.97653886676,41699.96827840805,50300.03376305103,103900.06355009973,58199.919294565916,47200.0,44600.0,ok,5102.0,32715.0,4535.0,21041.0,22500.0,464400.0,6.41219129753038,4.639691289966924,4.961411245865491,25e947aaa44b7574bce0d0ac4d91d63489a7837f6af73764eab3cc83eff2b01f,semantic_live_support,True,32,256,1760,128,224,8388608,100,5,0f2c3ce95a60f2589016de0cc982f8ab
b2,validation_reused,b2-k8-impeqv_dom-tree-1-3976cb8a8eb7,5375572303809198307,9531d19a39d1a78eec73434e717a83cf79fa45f90d2765dc523db518b3697bef,9531d19a39d1a78eec73434e717a83cf79fa45f90d2765dc523db518b3697bef,,impeqv_dom,8,17,17,17,4700.0,300.0,9,21,14,3,9,21,14,24100.0,22700.0,16800.0,403,196500.0,191799.97616447508,5099.980626255274,15000.056009739637,47799.956519156694,20299.92174357176,27700.0,16500.0,ok,3514.0,13446.0,3724.0,13596.0,21100.0,231700.0,3.8264086511098463,3.6509129967776586,5.665950590762621,9531d19a39d1a78eec73434e717a83cf79fa45f90d2765dc523db518b3697bef,semantic_live_support,True,32,256,544,96,96,8388608,100,5,3976cb8a8eb7f363765825f8f085acc9
b2,validation_reused,b2-k8-impeqv_dom-tree-2-575c0b583dee,5802707388340509815,f88dc445236ad27d04c5a74e2871821110c0dc36e8dae49131312ad077f3261a,f88dc445236ad27d04c5a74e2871821110c0dc36e8dae49131312ad077f3261a,,impeqv_dom,8,21,25,21,6600.0,300.0,13,31,21,4,13,31,21,31300.0,33700.0,20300.0,507,258100.0,252600.00256821513,7400.056347250938,15100.027667358518,64000.05077011883,32099.98249076307,37200.0,23500.0,ok,4615.0,18894.0,4987.0,19013.0,21600.0,285700.0,4.094041170097508,3.8125125325847202,4.331261279326248,f88dc445236ad27d04c5a74e2871821110c0dc36e8dae49131312ad077f3261a,semantic_live_support,True,32,256,800,128,128,8388608,100,5,575c0b583dee690032fc991b41af0c90
b2,validation_reused,b2-k8-impeqv_dom-tree-3-d5e4f370e98e,7141073354313406849,e673bd4ecbb357747580f30354acd0a1fe7a42af6dcd35f60e2af6c926e4ee1a,e673bd4ecbb357747580f30354acd0a1fe7a42af6dcd35f60e2af6c926e4ee1a,,impeqv_dom,8,21,25,21,6700.0,300.0,13,31,21,4,13,31,21,31000.0,31700.0,20900.0,508,258400.0,253200.00713691115,6899.965228512883,21799.96226914227,61699.94594529271,29899.99484270811,36000.0,22200.0,ok,4605.0,19314.0,4853.0,18760.0,23700.0,290200.0,4.19413680781759,3.8656501133319594,4.883577168761591,e673bd4ecbb357747580f30354acd0a1fe7a42af6dcd35f60e2af6c926e4ee1a,semantic_live_support,True,32,256,800,128,128,8388608,100,5,d5e4f370e98ec048d9d1c67d80fb2b49
b2,validation_reused,b2-k8-impeqv_dom-tree-4-e0ca29a93790,7942060999345390599,f1b43719eaea9c28c2bcc7797b027fa9e77c4aaea97a7806365d47a0924e2909,f1b43719eaea9c28c2bcc7797b027fa9e77c4aaea97a7806365d47a0924e2909,,impeqv_dom,8,17,19,16,4400.0,200.0,8,23,16,4,9,23,16,23500.0,23900.0,16300.0,416,207300.0,202900.00247769058,4800.0074457377195,16300.065908581018,49599.97022524476,23900.03646723926,28700.0,17800.0,ok,3556.0,14715.0,3641.0,14502.0,26600.0,232500.0,4.138076490438695,3.9829717110683878,7.3056852513045865,f1b43719eaea9c28c2bcc7797b027fa9e77c4aaea97a7806365d47a0924e2909,semantic_live_support,True,32,256,608,128,128,8388608,100,5,e0ca29a937907c0f9057dc67633432ee
b2,validation_reused,b2-k8-impeqv_dom-shared-1-773a9da63c46,6194497246727135287,3b65ebd0507c96a532e9ddb9576f815bc022606a088fa00e45975372ceca63d2,3b65ebd0507c96a532e9ddb9576f815bc022606a088fa00e45975372ceca63d2,,impeqv_dom,8,27,46,27,8400.0,300.0,19,50,34,7,23,60,41,37900.0,45300.0,25400.0,668,332700.0,326699.9847255647,5999.987479299307,20099.920220673084,81500.06760843098,52499.93409961462,49700.0,41300.0,ok,7438.0,33905.0,6828.0,28269.0,25500.0,362200.0,4.558349018553375,4.140158172231986,3.734622144112478,3b65ebd0507c96a532e9ddb9576f815bc022606a088fa00e45975372ceca63d2,semantic_live_support,True,32,256,1472,128,224,8388608,100,5,773a9da63c46b8e86f39557860fbd1f1
b2,validation_reused,b2-k8-impeqv_dom-shared-2-dc9d85a45968,8984142082404742433,a20f0fa32a3ae96daafe19c0fdfc34275718c1a7704b8f97b39c81440d0d66a1,a20f0fa32a3ae96daafe19c0fdfc34275718c1a7704b8f97b39c81440d0d66a1,,impeqv_dom,8,25,41,23,7300.0,300.0,15,45,30,6,20,60,40,33800.0,41500.0,23700.0,627,279500.0,274199.9924182892,0.0,23099.913960322738,68699.9992467463,38499.943912029266,42500.0,36100.0,ok,7888.0,32271.0,5687.0,23855.0,22000.0,330200.0,4.091151115618661,4.194654475118692,3.8684719535783367,a20f0fa32a3ae96daafe19c0fdfc34275718c1a7704b8f97b39c81440d0d66a1,semantic_live_support,True,32,256,1312,128,192,8388608,100,5,dc9d85a45968acf3f874ff03419a3765
b2,validation_reused,b2-k8-impeqv_dom-shared-3-94e2d9a0a313,2610667257240562311,fd1f53f68b66014297161c5dffa9b1fc333d2a86ec2b4e2e6104bc0d6b795d70,fd1f53f68b66014297161c5dffa9b1fc333d2a86ec2b4e2e6104bc0d6b795d70,,impeqv_dom,8,27,53,27,8400.0,300.0,19,50,33,6,28,68,46,37100.0,42200.0,24800.0,659,317900.0,311799.98768493533,5200.010491535068,21399.930119514465,78100.01261532307,44800.05009099841,47100.0,45100.0,ok,8689.0,38800.0,6764.0,26987.0,24200.0,365000.0,4.465416043273104,3.9897989355411,3.5777646363098756,fd1f53f68b66014297161c5dffa9b1fc333d2a86ec2b4e2e6104bc0d6b795d70,semantic_live_support,True,32,256,1696,128,192,8388608,100,5,94e2d9a0a31342ba2b0e0ee1e73d6f38
b2,validation_reused,b2-k8-impeqv_dom-shared-4-2f7845a8dfa7,4207285047441774699,48e63c1a11cb0d080536dcb51cc2d060417613566341202ea999668099542938,48e63c1a11cb0d080536dcb51cc2d060417613566341202ea999668099542938,,impeqv_dom,8,27,72,27,8200.0,300.0,19,48,33,6,36,99,67,43200.0,43300.0,24900.0,673,341100.0,335499.99352544546,8200.033335015178,23900.065571069717,80400.03012865782,51299.98316988349,49200.0,59800.0,ok,11450.0,53733.0,6685.0,27777.0,24800.0,381700.0,4.692838427947598,4.155123410620793,3.7097980553477936,48e63c1a11cb0d080536dcb51cc2d060417613566341202ea999668099542938,semantic_live_support,True,32,256,2304,160,192,8388608,100,5,2f7845a8dfa7bf2d117cc43d92422a5f
b2,validation_reused,b2-k8-mixed-tree-1-37379aed18cc,6384252221718112555,46857c01ef2600404806313e98a00270bda713004aad3f522ef97f8b99dbf8d3,46857c01ef2600404806313e98a00270bda713004aad3f522ef97f8b99dbf8d3,,mixed,8,18,21,17,4600.0,200.0,9,17,13,4,10,18,14,27500.0,25800.0,21600.0,440,229600.0,224799.99461211264,11900.003300979733,16100.035281851888,50099.974032491446,26599.998818710446,29500.0,19000.0,ok,3311.0,15018.0,3719.0,13693.0,19800.0,298100.0,4.5357897916037455,3.6819037375638612,5.324011831137403,46857c01ef2600404806313e98a00270bda713004aad3f522ef97f8b99dbf8d3,semantic_live_support,True,32,256,672,128,128,8388608,100,5,37379aed18cc805c305021311a0190aa
b2,validation_reused,b2-k8-mixed-tree-2-64fdfc904809,9176876730104389783,3331a38050c24c8daa54e6b7c23ad776764e78a23ae0b95a773dc5d240371a38,3331a38050c24c8daa54e6b7c23ad776764e78a23ae0b95a773dc5d240371a38,,mixed,8,19,23,18,5200.0,200.0,10,17,14,5,11,17,14,29800.0,28400.0,18400.0,467,271500.0,266199.98971000314,13400.014722719789,26999.94365684688,55499.98604692519,33299.99162815511,31700.0,20600.0,ok,3393.0,15771.0,4030.0,15063.0,19900.0,291100.0,4.648099027409372,3.7377171215880893,4.937965260545906,3331a38050c24c8daa54e6b7c23ad776764e78a23ae0b95a773dc5d240371a38,semantic_live_support,True,32,256,736,96,160,8388608,100,5,64fdfc904809edfc6a36a760e0da469f
b2,validation_reused,b2-k8-mixed-tree-3-1a734e9283ab,335233932623530871,90c94f3372b4e17bacff811f01bca854e743251196514d9791e9a8aec42244f0,90c94f3372b4e17bacff811f01bca854e743251196514d9791e9a8aec42244f0,,mixed,8,15,15,14,3900.0,200.0,6,11,9,4,7,11,9,22400.0,21100.0,15300.0,363,195600.0,191300.00146105886,9599.956683814526,16100.035281851888,42599.97513145208,18799.968529492617,23500.0,15400.0,ok,2497.0,10755.0,2858.0,10325.0,18100.0,238800.0,4.307168602322787,3.612666200139958,6.3331000699790065,90c94f3372b4e17bacff811f01bca854e743251196514d9791e9a8aec42244f0,semantic_live_support,True,32,256,480,96,128,8388608,100,5,1a734e9283ab3bbc670ebbbaeb95e706
b2,validation_reused,b2-k8-mixed-tree-4-e12838f7e137,5188710377776609396,ac5919231d3637285700f6c4c5aa7c8aac2c0236c2c6c2db742a320a6b46e66d,ac5919231d3637285700f6c4c5aa7c8aac2c0236c2c6c2db742a320a6b46e66d,,mixed,8,19,21,16,4600.0,300.0,8,15,12,3,11,15,12,25500.0,27100.0,23900.0,454,251300.0,246200.01204311848,16200.006939470768,20999.98528137803,55000.01134350896,27099.973522126675,27700.0,18700.0,ok,3086.0,13792.0,3294.0,12718.0,18900.0,258500.0,4.4692158133506155,3.8609593199757133,5.737704918032787,ac5919231d3637285700f6c4c5aa7c8aac2c0236c2c6c2db742a320a6b46e66d,semantic_live_support,True,32,256,672,128,96,8388608,100,5,e12838f7e137c31dc1918fc32bd435d3
b2,validation_reused,b2-k8-mixed-shared-1-1c2a917da296,2726908483369619383,084e640fa57cbf5f097fd08636fe5e98e23839d95c532099efe1a7a838dbafca,084e640fa57cbf5f097fd08636fe5e98e23839d95c532099efe1a7a838dbafca,,mixed,8,27,57,20,6800.0,300.0,12,28,22,7,29,53,40,36000.0,44200.0,25200.0,670,439700.0,432200.0022511929,28699.927497655153,47900.015488266945,88599.97615218163,51300.09958520532,38700.0,50700.0,ok,7289.0,38063.0,4658.0,20344.0,21300.0,430400.0,5.221978323501166,4.367539716616574,4.572778016316016,084e640fa57cbf5f097fd08636fe5e98e23839d95c532099efe1a7a838dbafca,semantic_live_support,True,32,256,1824,160,224,8388608,100,5,1c2a917da2966f13b82ecb3bcef12690
b2,validation_reused,b2-k8-mixed-shared-2-3705369d2025,2130736414152006996,ca72bc9bb4f0f6e2ddd3d641d94a62163a066af9d77ac3937cb00d134dfd46f2,ca72bc9bb4f0f6e2ddd3d641d94a62163a066af9d77ac3937cb00d134dfd46f2,,mixed,8,25,47,17,5400.0,300.0,9,22,18,4,23,39,31,34500.0,39100.0,22800.0,623,375700.0,369899.9935295433,24699.984351173043,33900.02530068159,75700.08165203035,49600.08664056659,31900.0,38600.0,ok,5749.0,31058.0,3942.0,17350.0,22100.0,375700.0,5.402330840146113,4.401319127346524,5.6062912227295785,ca72bc9bb4f0f6e2ddd3d641d94a62163a066af9d77ac3937cb00d134dfd46f2,semantic_live_support,True,32,256,1504,160,128,8388608,100,5,3705369d2025de285a7e3dfe402e59de
b2,validation_reused,b2-k8-mixed-shared-3-7ac091ab0ff3,2595040323065769712,4248c9b3f703df679b477bf075256cda4912f14382e7e3af86f3adc3a2bef552,4248c9b3f703df679b477bf075256cda4912f14382e7e3af86f3adc3a2bef552,,mixed,8,28,63,23,8300.0,300.0,15,35,27,6,31,49,40,40700.0,47500.0,26100.0,701,417900.0,411899.9931961298,25999.965146183968,40000.04264526069,82999.93351101875,56900.05491487682,44400.0,53300.0,ok,7484.0,41908.0,5613.0,25153.0,23600.0,470700.0,5.599679315873864,4.481204347051488,4.204525209335471,4248c9b3f703df679b477bf075256cda4912f14382e7e3af86f3adc3a2bef552,semantic_live_support,True,32,256,2016,160,192,8388608,100,5,7ac091ab0ff3bdf9cf8fd8452c50c933
b2,validation_reused,b2-k8-mixed-shared-4-761923963fb0,8970710980208121589,0f26ac14628db4891a38eb6cc5ecb59db84a9796c433fd0f0ff7a5eecc4fec25,0f26ac14628db4891a38eb6cc5ecb59db84a9796c433fd0f0ff7a5eecc4fec25,,mixed,8,24,47,18,5900.0,300.0,10,23,19,6,23,37,30,38200.0,37400.0,22700.0,597,364900.0,359099.99860450625,27599.97732937336,31300.063710659742,73099.97454285622,46200.03164745867,35700.0,41300.0,ok,5778.0,30991.0,4371.0,18692.0,20900.0,374800.0,5.36362062997577,4.276366964081446,4.781514527568063,0f26ac14628db4891a38eb6cc5ecb59db84a9796c433fd0f0ff7a5eecc4fec25,semantic_live_support,True,32,256,1504,128,192,8388608,100,5,761923963fb055ac1c4654a82dea746e
b2,validation_reused,b2-k10-xor_dom-tree-1-77230e81be62,8990915870604129592,f4bd7cb6d894da1941302437ccf55c6d9bd9cb292196c1d561dedb49901754e4,f4bd7cb6d894da1941302437ccf55c6d9bd9cb292196c1d561dedb49901754e4,,xor_dom,10,20,21,12,3500.0,300.0,2,12,11,2,10,12,11,23100.0,28900.0,25300.0,482,298700.0,293699.9953817576,21599.93164241314,41500.02496317029,61399.97276477516,32000.039936974645,21000.0,23200.0,ok,3272.0,14018.0,2612.0,10592.0,17900.0,318100.0,4.284229828850855,4.055130168453292,6.852986217457887,f4bd7cb6d894da1941302437ccf55c6d9bd9cb292196c1d561dedb49901754e4,semantic_live_support,True,128,1280,2688,512,256,8388608,50,5,77230e81be62acee25486748ab10bef6
b2,validation_reused,b2-k10-xor_dom-tree-2-b2b59ccfcc06,2289015191115055438,0bbd3db6d49c182c7ead9ffb206e26b1c610422940832230be18b4c64709ee3c,0bbd3db6d49c182c7ead9ffb206e26b1c610422940832230be18b4c64709ee3c,,xor_dom,10,20,20,15,4100.0,200.0,5,11,10,3,10,11,10,25700.0,27200.0,19900.0,475,273200.0,267900.00265464187,19700.004486367106,33199.990866705775,57500.030379742384,26600.027922540903,25000.0,20300.0,ok,3174.0,13380.0,3018.0,11320.0,19400.0,286500.0,4.215500945179584,3.750828363154407,6.428098078197482,0bbd3db6d49c182c7ead9ffb206e26b1c610422940832230be18b4c64709ee3c,semantic_live_support,True,128,1280,2560,512,384,8388608,50,5,b2b59ccfcc06124c5ef2dd69881458f8
b2,validation_reused,b2-k10-xor_dom-tree-3-25d12caacfcf,6561532620212432638,761b19ded3cd7c6125a2f2da98b1c268cbc5b25a9d551d0d9f05c277c1857514,761b19ded3cd7c6125a2f2da98b1c268cbc5b25a9d551d0d9f05c277c1857514,,xor_dom,10,25,29,19,6300.0,300.0,9,19,16,5,15,19,16,33500.0,37300.0,24400.0,596,365000.0,358699.9955587089,27399.94670264423,39200.036553665996,76900.11989325285,39800.09933002293,38400.0,25700.0,ok,4440.0,19108.0,4380.0,16968.0,18600.0,386300.0,4.303603603603603,3.873972602739726,4.2465753424657535,761b19ded3cd7c6125a2f2da98b1c268cbc5b25a9d551d0d9f05c277c1857514,semantic_live_support,True,128,1280,3712,384,640,8388608,50,5,25d12caacfcfe89ce76a5051b2ecbff3
b2,validation_reused,b2-k10-xor_dom-tree-4-04f54e4b6bdc,8901674206206014332,5000883c6bbe89a7f96ee4a08d3d04023911181e77f9d6f4ba49f6ba34e14573,5000883c6bbe89a7f96ee4a08d3d04023911181e77f9d6f4ba49f6ba34e14573,,xor_dom,10,22,24,16,4700.0,300.0,6,13,12,4,12,13,12,28300.0,31300.0,26600.0,528,323900.0,318299.9789714813,24400.01117065549,38400.0304620713,67200.13334415853,33300.049835816026,28000.0,23700.0,ok,3490.0,15752.0,3370.0,13266.0,17700.0,341400.0,4.513467048710602,3.9364985163204746,5.252225519287834,5000883c6bbe89a7f96ee4a08d3d04023911181e77f9d6f4ba49f6ba34e14573,semantic_live_support,True,128,1280,3072,512,512,8388608,50,5,04f54e4b6bdc564bc2f0560ae2fb9005
b2,validation_reused,b2-k10-xor_dom-shared-1-b1df44674c4f,7516307406492075971,64cb1dd5e87df195d3a5640f0f16b021f2e876b208820bda0aed2845cdcf016e,64cb1dd5e87df195d3a5640f0f16b021f2e876b208820bda0aed2845cdcf016e,,xor_dom,10,29,49,14,4600.0,300.0,4,12,12,3,24,24,24,35600.0,43300.0,26400.0,717,527200.0,521499.9837335199,47299.981815740466,82199.98562708497,96899.92293715477,60099.962865933776,25500.0,40400.0,ok,5494.0,29842.0,2844.0,12774.0,18900.0,462900.0,5.431743720422279,4.491561181434599,6.6455696202531644,64cb1dd5e87df195d3a5640f0f16b021f2e876b208820bda0aed2845cdcf016e,semantic_live_support,True,128,1280,6272,640,384,8388608,50,5,b1df44674c4f5bc3f8fe2d3a09e403f8
b2,validation_reused,b2-k10-xor_dom-shared-2-972e9d7d2b36,3796299948274582217,27ddd67ef29981b9b24889ea43fac48a1ec9eb77eb37aa5a7d47feea46419c9f,27ddd67ef29981b9b24889ea43fac48a1ec9eb77eb37aa5a7d47feea46419c9f,,xor_dom,10,29,63,22,7400.0,200.0,12,21,20,6,31,33,32,41700.0,41500.0,25800.0,717,532000.0,524400.0058155507,46899.920562282205,63599.93130899966,99900.03309212625,67799.99239370227,42000.0,52200.0,ok,6828.0,38594.0,5226.0,21468.0,21600.0,499000.0,5.652314001171646,4.1079219288174516,4.133180252583237,27ddd67ef29981b9b24889ea43fac48a1ec9eb77eb37aa5a7d47feea46419c9f,semantic_live_support,True,128,1280,8064,768,768,8388608,50,5,972e9d7d2b367a6f2056ef1907bcbbaa
b2,validation_reused,b2-k10-xor_dom-shared-3-cf872e9babd8,9136493435978029959,eb4559ebfa931806d97c952a7959464f8134746b139c9c252bbe5d8c0ffa8c64,eb4559ebfa931806d97c952a7959464f8134746b139c9c252bbe5d8c0ffa8c64,,xor_dom,10,33,56,19,6100.0,300.0,9,23,20,6,28,35,31,36600.0,49000.0,29000.0,816,553900.0,546600.0002343208,44200.01641847193,81899.9542389065,105599.96007941663,67999.99391660094,33000.0,44700.0,ok,6866.0,35844.0,4636.0,19326.0,20800.0,553900.0,5.220506845324789,4.168679896462468,4.48662640207075,eb4559ebfa931806d97c952a7959464f8134746b139c9c252bbe5d8c0ffa8c64,semantic_live_support,True,128,1280,7168,512,768,8388608,50,5,cf872e9babd8b504d8d24ac093cb680b
b2,validation_reused,b2-k10-xor_dom-shared-4-dd24aa5a61a6,8470570620916091080,b46d9f523cdf3dff3a17467140b0da2c922f1adb28d416e004eb247ddc5ee027,b46d9f523cdf3dff3a17467140b0da2c922f1adb28d416e004eb247ddc5ee027,,xor_dom,10,29,47,20,6400.0,300.0,10,22,19,7,23,29,26,44700.0,43000.0,26200.0,720,469200.0,462700.00166259706,36099.98384490609,64400.024712085724,89500.01210905612,57700.09011030197,35200.0,39000.0,ok,5994.0,30000.0,4750.0,19138.0,21600.0,529000.0,5.005005005005005,4.029052631578947,4.5473684210526315,b46d9f523cdf3dff3a17467140b0da2c922f1adb28d416e004eb247ddc5ee027,semantic_live_support,True,128,1280,6016,512,896,8388608,50,5,dd24aa5a61a631f86d58fb49b232dd41
b2,validation_reused,b2-k10-andor_dom-tree-1-a8fc7f363671,4013102388107299514,ebf92b7e7ae41e047af3f1eb28dbb964c9771aeae2618553b6c339d4a2eedb66,ebf92b7e7ae41e047af3f1eb28dbb964c9771aeae2618553b6c339d4a2eedb66,,andor_dom,10,23,25,19,5300.0,300.0,9,14,12,3,13,15,13,32500.0,31400.0,21400.0,543,306100.0,300399.9881912023,21899.963030591607,19100.02902150154,69000.03063492477,33799.96633157134,30400.0,21100.0,ok,3510.0,16134.0,3832.0,14122.0,18900.0,302000.0,4.596581196581196,3.6852818371607516,4.932150313152401,ebf92b7e7ae41e047af3f1eb28dbb964c9771aeae2618553b6c339d4a2eedb66,semantic_live_support,True,128,1280,3200,512,384,8388608,50,5,a8fc7f36367164f959169348f8cf6d2e
b2,validation_reused,b2-k10-andor_dom-tree-2-7400a955a56c,2409443570567677888,30d5060db7e2b493d9e99eef52a71ec6f1485c7ac8e517d905d958281a5b00e9,30d5060db7e2b493d9e99eef52a71ec6f1485c7ac8e517d905d958281a5b00e9,,andor_dom,10,25,29,25,7100.0,300.0,15,25,19,5,15,25,19,39100.0,36700.0,22700.0,596,323800.0,318799.982778728,16000.063624233007,24700.042558833957,74200.01202262938,39299.97910745442,42400.0,25000.0,ok,4748.0,20180.0,5768.0,20192.0,23100.0,351300.0,4.250210614995788,3.5006934812760058,4.004854368932039,30d5060db7e2b493d9e99eef52a71ec6f1485c7ac8e517d905d958281a5b00e9,semantic_live_support,True,128,1280,3712,512,640,8388608,50,5,7400a955a56c0351caa7e26ab8375d06
b2,validation_reused,b2-k10-andor_dom-tree-3-42d9480de48e,6591728995520027329,7efc6a69c4232f0ab321ee5249f71dbd53c5c70a6451e2e0f7fc4666559a3722,7efc6a69c4232f0ab321ee5249f71dbd53c5c70a6451e2e0f7fc4666559a3722,,andor_dom,10,23,25,19,5700.0,300.0,9,16,13,4,13,17,14,31900.0,32300.0,21600.0,547,322900.0,317199.9996993691,24400.040274485946,30800.001695752144,71000.04586391151,35400.00761859119,34100.0,23000.0,ok,3756.0,16780.0,4176.0,14346.0,20200.0,331700.0,4.467518636847711,3.435344827586207,4.837164750957855,7efc6a69c4232f0ab321ee5249f71dbd53c5c70a6451e2e0f7fc4666559a3722,semantic_live_support,True,128,1280,3200,384,512,8388608,50,5,42d9480de48e8681a40165803353291b
b2,validation_reused,b2-k10-andor_dom-tree-4-837da4e67104,3414923216527063826,46b1a2a910859148f0cea6d361339e29c7f212a819e8f68dc7efafa95acf8a19,46b1a2a910859148f0cea6d361339e29c7f212a819e8f68dc7efafa95acf8a19,,andor_dom,10,19,19,18,5000.0,300.0,8,11,10,4,9,11,10,30000.0,25500.0,18800.0,452,254800.0,249499.97896328568,15400.000847876072,18600.025214254856,54999.953135848045,28800.01557059586,30500.0,18200.0,ok,2980.0,13176.0,3480.0,12492.0,18400.0,274200.0,4.421476510067114,3.589655172413793,5.287356321839081,46b1a2a910859148f0cea6d361339e29c7f212a819e8f68dc7efafa95acf8a19,semantic_live_support,True,128,1280,2432,512,512,8388608,50,5,837da4e671045148f301e3ec75b66e39
b2,validation_reused,b2-k10-andor_dom-shared-1-071d6b8e4bb7,6530266422640893003,2023bed7c6d67a4c9d4c5e68fc10a864e8a221cce3a504eeb9a5a1df50f2397f,2023bed7c6d67a4c9d4c5e68fc10a864e8a221cce3a504eeb9a5a1df50f2397f,,andor_dom,10,38,106,27,8500.0,200.0,17,31,28,7,53,62,57,49800.0,60800.0,31800.0,944,628200.0,620200.0076882541,53400.05736798048,67500.01921318471,122799.91642571986,86899.9632075429,50000.0,90700.0,ok,10754.0,64578.0,6738.0,28320.0,29200.0,637000.0,6.005021387390738,4.203027604630454,4.333630157316711,2023bed7c6d67a4c9d4c5e68fc10a864e8a221cce3a504eeb9a5a1df50f2397f,semantic_live_support,True,128,1280,13568,768,896,8388608,50,5,071d6b8e4bb7ae001556afc7a4e24e39
b2,validation_reused,b2-k10-andor_dom-shared-2-16ca12c11ee1,919501032189299475,d25214afe652c886762108a089e935eff46230b85de72818e00ca84571629e82,d25214afe652c886762108a089e935eff46230b85de72818e00ca84571629e82,,andor_dom,10,33,82,24,8000.0,300.0,14,27,24,7,42,47,43,44500.0,46100.0,46300.0,806,528500.0,520999.9799262732,42400.06092004478,59999.96210448444,107700.03427751362,71999.9079592526,45900.0,68200.0,ok,8452.0,50346.0,5820.0,23824.0,23300.0,554200.0,5.956696639848556,4.0934707903780065,4.0034364261168385,d25214afe652c886762108a089e935eff46230b85de72818e00ca84571629e82,semantic_live_support,True,128,1280,10496,768,896,8388608,50,5,16ca12c11ee14aa3365d00891b188a8a
b2,validation_reused,b2-k10-andor_dom-shared-3-22432c1ba51e,8617253102809217736,61292e14dd3f798c3df8a836c0490e4eb6288368a970d63c20944478da823ce4,61292e14dd3f798c3df8a836c0490e4eb6288368a970d63c20944478da823ce4,,andor_dom,10,28,49,19,6100.0,300.0,9,18,17,7,25,27,25,36900.0,38700.0,24300.0,682,416400.0,410400.0108782202,35800.01066438854,40400.01658722758,84400.11879429221,53600.08799470961,36700.0,38500.0,ok,5370.0,30028.0,4138.0,17958.0,20600.0,426800.0,5.591806331471136,4.33977767037216,4.9782503624939585,61292e14dd3f798c3df8a836c0490e4eb6288368a970d63c20944478da823ce4,semantic_live_support,True,128,1280,6272,512,896,8388608,50,5,22432c1ba51e8de7860ffb6b558c6af4
b2,validation_reused,b2-k10-andor_dom-shared-4-7f3eabfd2bc0,5017156083016439025,ef41308852853f4cc52229ddade54e424af29dd99a564d4718ea4177daccf4d1,ef41308852853f4cc52229ddade54e424af29dd99a564d4718ea4177daccf4d1,,andor_dom,10,34,54,25,7600.0,300.0,15,30,25,6,28,35,30,45700.0,50100.0,32000.0,828,510000.0,502999.98838454485,41800.05635134876,47300.12733489275,105600.047390908,66600.0705678016,45600.0,46300.0,ok,6550.0,35308.0,6126.0,25164.0,22800.0,610300.0,5.390534351145038,4.107737512242899,3.721841332027424,ef41308852853f4cc52229ddade54e424af29dd99a564d4718ea4177daccf4d1,semantic_live_support,True,128,1280,6912,512,768,8388608,50,5,7f3eabfd2bc0766469a75bb178dbb53c
b2,validation_reused,b2-k10-impeqv_dom-tree-1-d65cd8c37d53,5427482908318501800,6a277e9b6f1a2c9d5406a1ad99b4f6882da9542b22cd8fbe9d99c3005a604450,6a277e9b6f1a2c9d5406a1ad99b4f6882da9542b22cd8fbe9d99c3005a604450,,impeqv_dom,10,27,32,27,7800.0,200.0,17,44,29,5,17,44,29,37900.0,40700.0,24500.0,647,322000.0,316300.0219501555,4899.9791033566,22299.90786872804,82099.95576180518,45499.90990199149,45200.0,30600.0,ok,7148.0,25494.0,7522.0,25442.0,24000.0,351700.0,3.5665920537213207,3.382345120978463,3.1906407870247273,6a277e9b6f1a2c9d5406a1ad99b4f6882da9542b22cd8fbe9d99c3005a604450,semantic_live_support,True,128,1280,4096,640,640,8388608,50,5,d65cd8c37d539bec10c4ceb1925d8850
b2,validation_reused,b2-k10-impeqv_dom-tree-2-c28e8c343d74,2571888799181496610,7f49ad0ac1c2e262607d04e82a59052fca7b1a050532196ae13874ad77ddf3d1,7f49ad0ac1c2e262607d04e82a59052fca7b1a050532196ae13874ad77ddf3d1,,impeqv_dom,10,19,19,19,5400.0,300.0,9,23,16,4,9,23,16,28200.0,27700.0,19100.0,456,220800.0,216099.98657368124,4600.0059228390455,16599.98088143766,54900.01058205962,27200.00338740647,31400.0,18400.0,ok,4426.0,15570.0,4686.0,16248.0,22400.0,285400.0,3.517849073655671,3.467349551856594,4.780196329492104,7f49ad0ac1c2e262607d04e82a59052fca7b1a050532196ae13874ad77ddf3d1,semantic_live_support,True,128,1280,2432,512,512,8388608,50,5,c28e8c343d74fa2c39bae85d0d215a51
b2,validation_reused,b2-k10-impeqv_dom-tree-3-4537a75ce604,2757192480714216151,56d24a658c7cbe708adf0414be52f24ddc0aa1f015579185dc0cd48a1f240882,56d24a658c7cbe708adf0414be52f24ddc0aa1f015579185dc0cd48a1f240882,,impeqv_dom,10,24,28,24,6800.0,400.0,14,35,24,4,14,35,24,35400.0,36800.0,23300.0,582,292300.0,286900.0018108636,5400.012014433742,21400.017431005836,67699.99163225293,36699.988413602114,44600.0,29400.0,ok,5948.0,21146.0,6196.0,21294.0,21800.0,298600.0,3.5551445864156017,3.4367333763718526,3.5183989670755325,56d24a658c7cbe708adf0414be52f24ddc0aa1f015579185dc0cd48a1f240882,semantic_live_support,True,128,1280,3584,640,512,8388608,50,5,4537a75ce60422c1a0cdcdfca10b146e
b2,validation_reused,b2-k10-impeqv_dom-tree-4-146866abdaef,1556866305809211590,5314217abb5a6447b09852854165d1b704f2905cddd68cebeadfdaf9cceb96dd,5314217abb5a6447b09852854165d1b704f2905cddd68cebeadfdaf9cceb96dd,,impeqv_dom,10,21,21,21,7800.0,300.0,11,27,18,5,11,27,18,30400.0,26900.0,18900.0,495,209500.0,204800.01694522798,5100.038833916187,12899.981811642647,54699.97995533049,24099.89247098565,31100.0,21100.0,ok,4630.0,15426.0,4998.0,15962.0,21900.0,255800.0,3.3317494600431967,3.1936774709883955,4.3817527010804325,5314217abb5a6447b09852854165d1b704f2905cddd68cebeadfdaf9cceb96dd,semantic_live_support,True,128,1280,2688,768,640,8388608,50,5,146866abdaefb2c0b1597eb94371ed3f
b2,validation_reused,b2-k10-impeqv_dom-shared-1-a2d9511bd8a2,5292682897367932940,3b07de64b0c63311c34ee1d14d51cd0dbff4fa063cc3cc72eda1bc51bd02dfc6,3b07de64b0c63311c34ee1d14d51cd0dbff4fa063cc3cc72eda1bc51bd02dfc6,,impeqv_dom,10,36,61,34,10700.0,200.0,24,68,46,7,30,86,58,47800.0,55200.0,31800.0,903,424300.0,417899.9806754291,4899.9791033566,28399.983420968056,104099.97776150703,69100.00229254365,58100.0,53000.0,ok,12454.0,46586.0,10598.0,37690.0,28500.0,461700.0,3.7406455757186445,3.556331383279864,2.689186638988488,3b07de64b0c63311c34ee1d14d51cd0dbff4fa063cc3cc72eda1bc51bd02dfc6,semantic_live_support,True,128,1280,7808,640,896,8388608,50,5,a2d9511bd8a201c689ebc3f5a7b55893
b2,validation_reused,b2-k10-impeqv_dom-shared-2-e0619ddaeb12,6313063904411458792,f834dbdf22fd8cf1b2092bb052117469798775d42c4cc697442cc22ba86df612,f834dbdf22fd8cf1b2092bb052117469798775d42c4cc697442cc22ba86df612,,impeqv_dom,10,32,54,32,9100.0,200.0,22,61,40,6,28,79,52,43500.0,48700.0,27700.0,778,366700.0,360400.00850334764,2499.9899324029684,26000.081561505795,93699.89857077599,56499.935453757644,54100.0,46100.0,ok,11302.0,42004.0,9294.0,31676.0,25600.0,394900.0,3.716510352150062,3.4082203572197116,2.754465246395524,f834dbdf22fd8cf1b2092bb052117469798775d42c4cc697442cc22ba86df612,semantic_live_support,True,128,1280,6912,512,768,8388608,50,5,e0619ddaeb1211acdf3616cfa3ac87f9
b2,validation_reused,b2-k10-impeqv_dom-shared-3-456d3bc52660,1607127040407481344,e90aaf1e4409cd954c1689522f626be0c05bd03a907bba5e153335cd2fa656c5,e90aaf1e4409cd954c1689522f626be0c05bd03a907bba5e153335cd2fa656c5,,impeqv_dom,10,35,102,30,8800.0,300.0,20,51,35,5,51,114,82,50000.0,57300.0,29900.0,868,492200.0,485900.0036958605,12400.007108226418,41099.96370971203,107899.97759275138,69300.03291927278,52400.0,85200.0,ok,16648.0,71474.0,8580.0,29542.0,24800.0,443800.0,4.293248438250841,3.443123543123543,2.8904428904428903,e90aaf1e4409cd954c1689522f626be0c05bd03a907bba5e153335cd2fa656c5,semantic_live_support,True,128,1280,13056,640,640,8388608,50,5,456d3bc526601306ff104f31f5e57ae2
b2,validation_reused,b2-k10-impeqv_dom-shared-4-2386e2077320,6173966275266302578,650e7da2e8455d8ed3c88f0b1bd75c14a36dcec3d79f9bf1ab2e401e20537b2b,650e7da2e8455d8ed3c88f0b1bd75c14a36dcec3d79f9bf1ab2e401e20537b2b,,impeqv_dom,10,32,81,32,9600.0,200.0,22,56,38,6,43,105,71,44500.0,47500.0,27200.0,784,406000.0,399300.01366883516,9000.039426609874,27900.008717551827,93999.92995895445,71900.02361312509,56700.0,77400.0,ok,15578.0,59478.0,10206.0,41818.0,26500.0,444300.0,3.8180767749390165,4.097393689986283,2.596511855771115,650e7da2e8455d8ed3c88f0b1bd75c14a36dcec3d79f9bf1ab2e401e20537b2b,semantic_live_support,True,128,1280,10368,640,768,8388608,50,5,2386e2077320ecac837b776f630db81f
b2,validation_reused,b2-k10-mixed-tree-1-f431ce588c32,3624270875353164548,4745731af5e9243209198887508a49500828d5e3b5b95a785cd4015c2c9746c2,4745731af5e9243209198887508a49500828d5e3b5b95a785cd4015c2c9746c2,,mixed,10,20,21,17,4500.0,200.0,7,14,12,4,10,14,12,27500.0,27100.0,19300.0,479,258500.0,253500.00942125916,16000.063624233007,24799.98511262238,56199.93316940963,28499.984182417393,28100.0,18800.0,ok,3394.0,14578.0,3680.0,13652.0,20700.0,290500.0,4.295226870948733,3.7097826086956522,5.625,4745731af5e9243209198887508a49500828d5e3b5b95a785cd4015c2c9746c2,semantic_live_support,True,128,1280,2688,512,512,8388608,50,5,f431ce588c32a7f3e482c89aa2729a7a
b2,validation_reused,b2-k10-mixed-tree-2-82994a7af72e,6389711878431836114,999e6cb468a0387d197bfc65cc9bfd4b994d448c970bc3da29f6bd6f9fffd95e,999e6cb468a0387d197bfc65cc9bfd4b994d448c970bc3da29f6bd6f9fffd95e,,mixed,10,23,26,22,6700.0,300.0,12,26,19,4,13,26,19,35400.0,34700.0,21100.0,554,306400.0,300699.9904755503,14100.020052865148,26599.96971487999,67800.05060136318,37699.96692426503,37800.0,23200.0,ok,5236.0,19568.0,5542.0,19108.0,23100.0,331400.0,3.73720397249809,3.4478527607361964,4.16817033561891,999e6cb468a0387d197bfc65cc9bfd4b994d448c970bc3da29f6bd6f9fffd95e,semantic_live_support,True,128,1280,3328,512,512,8388608,50,5,82994a7af72e9a55853afac16b489e5f
b2,validation_reused,b2-k10-mixed-tree-3-961dbd1e0dd8,5779049478844451861,c764aed964b41ffe8a6d6671bb0382489e45362d47d9f79f5f06116a50ae4f44,c764aed964b41ffe8a6d6671bb0382489e45362d47d9f79f5f06116a50ae4f44,,mixed,10,22,24,20,6200.0,300.0,10,15,13,3,12,15,13,33800.0,32400.0,20900.0,527,314700.0,308799.9939452857,19700.004486367106,25000.01573935151,67199.95872117579,39400.00897273421,34100.0,23100.0,ok,3790.0,16552.0,4408.0,15634.0,22300.0,333400.0,4.3672823218997365,3.5467332123411976,5.058983666061706,c764aed964b41ffe8a6d6671bb0382489e45362d47d9f79f5f06116a50ae4f44,semantic_live_support,True,128,1280,3072,384,384,8388608,50,5,961dbd1e0dd8468c22deb7a41cd1aae8
b2,validation_reused,b2-k10-mixed-tree-4-a46b1cdc2617,6980434910580637429,2482721c239c03e6563c0d339ad648261c9bde5695c190c7e3fc844e703949e8,2482721c239c03e6563c0d339ad648261c9bde5695c190c7e3fc844e703949e8,,mixed,10,19,19,19,5900.0,300.0,9,15,12,3,9,15,12,30100.0,28200.0,19000.0,454,243900.0,238999.98632259667,12000.00406242907,18999.97005239129,54300.06422102451,29800.052288919687,32600.0,18500.0,ok,3556.0,14146.0,4184.0,13926.0,18800.0,318400.0,3.9780652418447695,3.328393881453155,4.493307839388145,2482721c239c03e6563c0d339ad648261c9bde5695c190c7e3fc844e703949e8,semantic_live_support,True,128,1280,2432,384,384,8388608,50,5,a46b1cdc261747a7788db7973a2ba3f6
b2,validation_reused,b2-k10-mixed-shared-1-ed6b5cd37350,3446688548793734298,6d93321deb38f1132aad525ae54ba3a0281a6927f26d0ef1270e7b1a966ce072,6d93321deb38f1132aad525ae54ba3a0281a6927f26d0ef1270e7b1a966ce072,,mixed,10,32,58,28,8500.0,300.0,18,38,29,7,30,51,39,48900.0,58200.0,28900.0,781,486500.0,479499.9840669334,31100.003980100155,40999.933844432235,102199.96329396963,65800.0644762069,51000.0,52000.0,ok,8442.0,39416.0,7318.0,27082.0,30400.0,471900.0,4.669035773513386,3.700737906531839,4.154140475539765,6d93321deb38f1132aad525ae54ba3a0281a6927f26d0ef1270e7b1a966ce072,semantic_live_support,True,128,1280,7424,512,896,8388608,50,5,ed6b5cd3735029768ba19d5fd6fe31e0
b2,validation_reused,b2-k10-mixed-shared-2-ee63ac52edf4,1550171057243158312,d5b9585357b8851bce30f11eac0744be80f6c99086765fbec06556e8dcba487c,d5b9585357b8851bce30f11eac0744be80f6c99086765fbec06556e8dcba487c,,mixed,10,32,57,23,7400.0,300.0,13,30,25,7,28,52,40,42600.0,53500.0,32000.0,791,465000.0,459200.0041157007,33300.02073198557,44800.07919482887,95800.03097653389,62900.042394176126,41600.0,47000.0,ok,8410.0,38784.0,5770.0,24012.0,23800.0,600100.0,4.6116527942925085,4.161525129982669,4.124783362218371,d5b9585357b8851bce30f11eac0744be80f6c99086765fbec06556e8dcba487c,semantic_live_support,True,128,1280,7296,640,896,8388608,50,5,ee63ac52edf494d15a82fdec517e2fd7
b2,validation_reused,b2-k10-mixed-shared-3-189118134673,5661738862708891787,f63d4bbf0860a4b54fa10e72b56cdefdb2fec0a8f874429c44c8c467d12f3716,f63d4bbf0860a4b54fa10e72b56cdefdb2fec0a8f874429c44c8c467d12f3716,,mixed,10,30,59,23,7300.0,300.0,13,30,24,6,29,53,41,41200.0,50000.0,26400.0,742,427400.0,420700.00199601054,26399.968191981316,40900.02039447427,87400.0252224505,60600.024880841374,40800.0,53100.0,ok,8332.0,40038.0,5868.0,22982.0,23300.0,440900.0,4.805328852616419,3.916496250852079,3.970688479890934,f63d4bbf0860a4b54fa10e72b56cdefdb2fec0a8f874429c44c8c467d12f3716,semantic_live_support,True,128,1280,7552,512,768,8388608,50,5,1891181346731b0b1f59219de651e491
b2,validation_reused,b2-k10-mixed-shared-4-bc98fc0156a1,1211785704347422295,f7743b4d3584d737f00c61e0d0e4483f3eeeed164a52e0b4b9f6adfd08ed6134,f7743b4d3584d737f00c61e0d0e4483f3eeeed164a52e0b4b9f6adfd08ed6134,,mixed,10,34,76,29,9600.0,300.0,19,43,33,7,38,67,52,51300.0,53800.0,30200.0,839,504300.0,497499.97560866177,32000.039936974645,44400.04704520106,106000.05043670535,72700.02970471978,54600.0,65700.0,ok,10900.0,51872.0,7778.0,30942.0,24200.0,498500.0,4.758899082568807,3.978143481614811,3.111339676009257,f7743b4d3584d737f00c61e0d0e4483f3eeeed164a52e0b4b9f6adfd08ed6134,semantic_live_support,True,128,1280,9728,640,896,8388608,50,5,bc98fc0156a176df345867ab15afbd18
b2,validation_reused,b2-k12-xor_dom-tree-1-58b08f43ff42,221395747203947214,b47bd399acce2d9e4a4446b7ddedd667546ab768effebe79232934adf8822fcd,b47bd399acce2d9e4a4446b7ddedd667546ab768effebe79232934adf8822fcd,,xor_dom,12,24,25,19,5800.0,300.0,7,16,14,4,12,16,14,31700.0,32400.0,21500.0,575,329700.0,324599.9978389591,20200.03739744425,40199.98596049845,69199.94484633207,39300.03731511533,29900.0,23700.0,ok,5785.0,18025.0,5890.0,16085.0,22200.0,353400.0,3.1158167675021606,2.730899830220713,3.769100169779287,b47bd399acce2d9e4a4446b7ddedd667546ab768effebe79232934adf8822fcd,semantic_live_support,True,512,6144,12800,2048,2048,8388608,20,5,58b08f43ff4235817eee5e1f0042ed14
b2,validation_reused,b2-k12-xor_dom-tree-2-f9f1dbfc58a0,7411211578172593753,427ec03b5f5d547ae32f7cfc4a065844544ee6965f1ba9ad58b8446c6e83cded,427ec03b5f5d547ae32f7cfc4a065844544ee6965f1ba9ad58b8446c6e83cded,,xor_dom,12,28,30,21,6000.0,200.0,9,19,16,4,16,19,16,40000.0,37200.0,24400.0,660,404100.0,398000.0037699938,29000.017093494534,51099.981646984816,87500.1132953912,44699.962018057704,32600.0,24900.0,ok,6915.0,20485.0,7145.0,17635.0,21800.0,405800.0,2.9624005784526393,2.4681595521343596,3.051084674597621,427ec03b5f5d547ae32f7cfc4a065844544ee6965f1ba9ad58b8446c6e83cded,semantic_live_support,True,512,6144,15360,2048,2048,8388608,20,5,f9f1dbfc58a043dc493070b19c76313b
b2,validation_reused,b2-k12-xor_dom-tree-3-732256a48755,1757570066407390709,c7302e58732f124950724bb164ab08c8e412445463d0e329387615054bd17e6f,c7302e58732f124950724bb164ab08c8e412445463d0e329387615054bd17e6f,,xor_dom,12,28,31,20,5700.0,300.0,8,18,16,3,16,18,16,33900.0,39800.0,26900.0,669,402900.0,397399.99920129776,29099.959647282958,49399.99780617654,83999.97022934258,46299.974201247096,32800.0,26200.0,ok,6620.0,21300.0,6545.0,17840.0,19900.0,412700.0,3.217522658610272,2.7257448433919023,3.040488922841864,c7302e58732f124950724bb164ab08c8e412445463d0e329387615054bd17e6f,semantic_live_support,True,512,6144,15872,2048,1536,8388608,20,5,732256a487557c763f973d17d5915df4
b2,validation_reused,b2-k12-xor_dom-tree-4-d425291e801e,3600091003421285003,882842244bf707ab8293f5c692f94aabc749c16effedfcb3c1dbd0d978b94898,882842244bf707ab8293f5c692f94aabc749c16effedfcb3c1dbd0d978b94898,,xor_dom,12,23,23,17,4800.0,300.0,5,15,13,4,11,15,13,33700.0,30000.0,20900.0,548,315800.0,310899.9808318913,20099.978428333998,38100.057281553745,67200.0169288367,35999.895771965384,26800.0,21200.0,ok,6260.0,17070.0,6185.0,14405.0,22500.0,325500.0,2.7268370607028753,2.3290218270008083,3.6378334680679063,882842244bf707ab8293f5c692f94aabc749c16effedfcb3c1dbd0d978b94898,semantic_live_support,True,512,6144,11776,2048,2048,8388608,20,5,d425291e801ee09b5be7583fed51e705
b2,validation_reused,b2-k12-xor_dom-shared-1-471ce8cfd63d,757653677291527923,ac3fc79eacd1d3ed9e99f95d4d164e885aa62b794868cf4e8716c6affda9b2cb,ac3fc79eacd1d3ed9e99f95d4d164e885aa62b794868cf4e8716c6affda9b2cb,,xor_dom,12,33,50,20,6400.0,300.0,8,23,20,6,25,30,27,39200.0,53100.0,28500.0,806,543500.0,536800.0129237771,42100.02953186631,77899.95288476348,109999.99358318746,68399.96785856783,34100.0,50000.0,ok,9850.0,33055.0,7445.0,20015.0,24200.0,538000.0,3.3558375634517765,2.6883814640698454,3.2505036937541973,ac3fc79eacd1d3ed9e99f95d4d164e885aa62b794868cf4e8716c6affda9b2cb,semantic_live_support,True,512,6144,25600,2048,3072,8388608,20,5,471ce8cfd63dffec52eed3f02c923b95
b2,validation_reused,b2-k12-xor_dom-shared-2-c00263664ad9,3186792753857850529,33e3c96f05ea739bc01ccd8787cc5e2af60ae27c0040f5ec6696ff322370b74f,33e3c96f05ea739bc01ccd8787cc5e2af60ae27c0040f5ec6696ff322370b74f,,xor_dom,12,43,148,23,7300.0,300.0,11,27,24,8,74,97,85,55900.0,64700.0,38900.0,1072,776700.0,767499.9942537397,63400.017097592354,117200.01930370927,145099.99891743064,113500.04933774471,39700.0,124600.0,ok,27945.0,93770.0,8480.0,23795.0,25300.0,763600.0,3.355519770978708,2.8060141509433962,2.983490566037736,33e3c96f05ea739bc01ccd8787cc5e2af60ae27c0040f5ec6696ff322370b74f,semantic_live_support,True,512,6144,75776,2560,4096,8388608,20,5,c00263664ad99d2758e4c36e5b323172
b2,validation_reused,b2-k12-xor_dom-shared-3-75c78e4c8980,1045398341543788215,a1b36dd03e496fe7dbb7c1055d8a78a826fa830ee6ec76048bf0b94903351520,a1b36dd03e496fe7dbb7c1055d8a78a826fa830ee6ec76048bf0b94903351520,,xor_dom,12,43,85,30,9200.0,300.0,18,37,31,8,43,53,47,69100.0,69600.0,38600.0,1063,692400.0,684800.0048194081,52300.13630352914,89699.89721663296,130499.9168496579,98899.99637380242,53100.0,64100.0,ok,16645.0,54845.0,11970.0,31835.0,27700.0,669500.0,3.2949834785220786,2.6595655806182124,2.3141186299081036,a1b36dd03e496fe7dbb7c1055d8a78a826fa830ee6ec76048bf0b94903351520,semantic_live_support,True,512,6144,43520,2560,4096,8388608,20,5,75c78e4c89801ac4090903381cfeabe5
b2,validation_reused,b2-k12-xor_dom-shared-4-ef377d6180bd,8986853030041671011,ad1260d2805fb2e3089ad381f925524c0c3a8d8d99c946dffde12cf6364f3bc7,ad1260d2805fb2e3089ad381f925524c0c3a8d8d99c946dffde12cf6364f3bc7,,xor_dom,12,33,55,23,7500.0,300.0,11,24,22,7,29,35,30,59900.0,47700.0,28200.0,805,558600.0,551400.0076800585,44200.01641847193,86700.04899613559,106800.02742446959,72899.97301995754,39600.0,43500.0,ok,11690.0,35920.0,8190.0,23035.0,22100.0,532500.0,3.0727117194183062,2.812576312576313,2.6984126984126986,ad1260d2805fb2e3089ad381f925524c0c3a8d8d99c946dffde12cf6364f3bc7,semantic_live_support,True,512,6144,28160,2560,3584,8388608,20,5,ef377d6180bdac50ff2bb5858f945f18
b2,validation_reused,b2-k12-andor_dom-tree-1-a97f101c02c9,5231186278601261507,1c70364ab0c6d294988f2cd9350a324e844b3bef3795c32a0449c50168a8ef9a,1c70364ab0c6d294988f2cd9350a324e844b3bef3795c32a0449c50168a8ef9a,,andor_dom,12,26,29,20,5900.0,300.0,8,14,14,6,14,14,14,34900.0,34700.0,27800.0,624,462000.0,454199.9951470643,37799.99678954482,38699.9745387584,104399.89273436368,51299.95406605303,35400.0,27700.0,ok,4995.0,19240.0,5500.0,17190.0,20800.0,351500.0,3.8518518518518516,3.1254545454545455,3.7818181818181817,1c70364ab0c6d294988f2cd9350a324e844b3bef3795c32a0449c50168a8ef9a,semantic_live_support,True,512,6144,14848,2560,3072,8388608,20,5,a97f101c02c94fa6717a8e45e4f527bf
b2,validation_reused,b2-k12-andor_dom-tree-2-7c935460fe73,3528756940792466924,277a0bd63a0736365059119411599b5aaf498f03c37eb8c6019cafcac3ac0c0f,277a0bd63a0736365059119411599b5aaf498f03c37eb8c6019cafcac3ac0c0f,,andor_dom,12,26,26,24,6600.0,300.0,12,23,17,3,14,23,17,37400.0,34300.0,22300.0,604,313800.0,307399.98328499496,18400.05279518664,22499.996703118086,72999.94467757642,37000.01980178058,36300.0,22200.0,ok,8420.0,19175.0,8870.0,18645.0,23300.0,371300.0,2.277315914489311,2.102029312288613,2.6268320180383316,277a0bd63a0736365059119411599b5aaf498f03c37eb8c6019cafcac3ac0c0f,semantic_live_support,True,512,6144,13312,2048,1536,8388608,20,5,7c935460fe73c450f8c766b0a0f0c05b
b2,validation_reused,b2-k12-andor_dom-tree-3-3425f4494063,8598764449675670836,20df078becaffb7697d484657044c06259823bed8550d38b29c0130a91510b08,20df078becaffb7697d484657044c06259823bed8550d38b29c0130a91510b08,,andor_dom,12,27,31,24,7100.0,200.0,12,19,17,6,15,19,17,41400.0,40100.0,24100.0,652,371600.0,365000.0144261867,25099.98739697039,31400.006264448166,79899.99721758068,44499.98959898949,41600.0,27500.0,ok,6785.0,21620.0,7665.0,20545.0,21700.0,380300.0,3.1864406779661016,2.680365296803653,2.8310502283105023,20df078becaffb7697d484657044c06259823bed8550d38b29c0130a91510b08,semantic_live_support,True,512,6144,15872,2048,3072,8388608,20,5,3425f4494063df5c04dbe9c6ae5ab73d
b2,validation_reused,b2-k12-andor_dom-tree-4-4668b9a9de6a,936709755032230383,d17d47659342e84f45d293475ae80d1440c596010bad72068c02d0538116fb8c,d17d47659342e84f45d293475ae80d1440c596010bad72068c02d0538116fb8c,,andor_dom,12,26,28,20,5600.0,300.0,8,14,13,4,14,15,14,33700.0,34400.0,23500.0,617,329400.0,323400.0178053975,25099.929189309478,22999.971406534314,71899.96540546417,36100.042052567005,32000.0,24500.0,ok,5380.0,19080.0,5635.0,16180.0,22100.0,354900.0,3.546468401486989,2.8713398402839396,3.9219165927240462,d17d47659342e84f45d293475ae80d1440c596010bad72068c02d0538116fb8c,semantic_live_support,True,512,6144,14336,2048,2048,8388608,20,5,4668b9a9de6a9db132298188e926347c
b2,validation_reused,b2-k12-andor_dom-shared-1-50f526a5c97f,1868980891956868651,085867a3008fc330558d9a52d31e9e1c0f9805d909277ee6f4512554def6ca0e,085867a3008fc330558d9a52d31e9e1c0f9805d909277ee6f4512554def6ca0e,,andor_dom,12,32,79,25,7500.0,300.0,13,23,20,7,40,58,48,48200.0,48700.0,27400.0,768,460800.0,454199.9951470643,35700.068110600114,38499.943912029266,92799.94992539287,71899.99450929463,42200.0,67900.0,ok,17075.0,52985.0,8475.0,22255.0,31900.0,765400.0,3.10307467057101,2.6259587020648967,3.7640117994100293,085867a3008fc330558d9a52d31e9e1c0f9805d909277ee6f4512554def6ca0e,semantic_live_support,True,512,6144,40448,2048,3584,8388608,20,5,50f526a5c97f217dd2b68dc289572fbb
b2,validation_reused,b2-k12-andor_dom-shared-2-50260f8a12a2,2865108032548886642,af151701c29240b24d2bbdee39b0c6b4f1c3db6776f0fca3fa0a70c6e4d6c55d,af151701c29240b24d2bbdee39b0c6b4f1c3db6776f0fca3fa0a70c6e4d6c55d,,andor_dom,12,38,83,26,8100.0,200.0,14,29,27,8,43,49,44,51000.0,54100.0,31300.0,930,620800.0,612100.0042185187,53300.02750270069,58800.09848624468,128900.02108179033,92700.06557926536,47600.0,71900.0,ok,14490.0,52180.0,9290.0,28835.0,27900.0,600300.0,3.601104209799862,3.103875134553283,3.0032292787944024,af151701c29240b24d2bbdee39b0c6b4f1c3db6776f0fca3fa0a70c6e4d6c55d,semantic_live_support,True,512,6144,42496,2560,4096,8388608,20,5,50260f8a12a2adfeb77aa187e78a4609
b2,validation_reused,b2-k12-andor_dom-shared-3-0c0054958df2,2630966035142090651,71edf00a5137651c0a4fb97720d8baa0b6ce7db6da6567afec547030d5499922,71edf00a5137651c0a4fb97720d8baa0b6ce7db6da6567afec547030d5499922,,andor_dom,12,29,49,19,5700.0,200.0,7,16,15,5,24,28,26,37400.0,40100.0,28200.0,707,433300.0,426499.9879524112,34400.029107928276,44900.10906010866,92200.03266818821,54700.06726682186,32200.0,42300.0,ok,9195.0,32070.0,5620.0,16835.0,19600.0,417200.0,3.4877650897226755,2.9955516014234878,3.487544483985765,71edf00a5137651c0a4fb97720d8baa0b6ce7db6da6567afec547030d5499922,semantic_live_support,True,512,6144,25088,2048,2560,8388608,20,5,0c0054958df225563af528bd48e72728
b2,validation_reused,b2-k12-andor_dom-shared-4-4b3e0c13b861,2898015842502853779,05554d5b91542982023de10c6e728ca182d34cc773455cb52b396e9b54c4ea25,05554d5b91542982023de10c6e728ca182d34cc773455cb52b396e9b54c4ea25,,andor_dom,12,32,48,24,7000.0,300.0,12,29,24,6,24,39,31,40500.0,44600.0,27000.0,775,468300.0,461999.9963324517,33299.90431666374,46700.03545470536,99799.91591535509,67099.98706355691,40500.0,39900.0,ok,12425.0,33555.0,9555.0,24300.0,24200.0,487900.0,2.7006036217303824,2.543171114599686,2.532705389848247,05554d5b91542982023de10c6e728ca182d34cc773455cb52b396e9b54c4ea25,semantic_live_support,True,512,6144,24576,2048,3072,8388608,20,5,4b3e0c13b861338c49538c7b5f081432
b2,validation_reused,b2-k12-impeqv_dom-tree-1-b84e5ead9772,650839947324121101,8bbf576bad1940554ba4dfbdcccbac9e5815b6edabcdc8be19495390d01d8653,8bbf576bad1940554ba4dfbdcccbac9e5815b6edabcdc8be19495390d01d8653,,impeqv_dom,12,25,27,25,6900.0,200.0,13,35,24,6,13,35,24,35900.0,36000.0,22100.0,602,289300.0,284199.9812517315,3799.9707274138927,19700.033590197563,73499.94848482311,44800.108298659325,39400.0,24700.0,ok,12485.0,22560.0,13015.0,22370.0,30100.0,333300.0,1.8069683620344412,1.7187860161352286,2.3127160968113714,8bbf576bad1940554ba4dfbdcccbac9e5815b6edabcdc8be19495390d01d8653,semantic_live_support,True,512,6144,13824,2560,3072,8388608,20,5,b84e5ead97722466c738aaebf0d7bb64
b2,validation_reused,b2-k12-impeqv_dom-tree-2-efcfe8a9d099,458987363646541869,12bb8d46f3dc7c1b2d765504f1204f9320b843e9936bf45b93c9dd882ea43beb,12bb8d46f3dc7c1b2d765504f1204f9320b843e9936bf45b93c9dd882ea43beb,,impeqv_dom,12,31,37,31,11500.0,200.0,19,47,32,5,19,47,32,44100.0,48000.0,26000.0,747,356100.0,349900.0158626586,7500.028004869819,22100.110072642565,88100.08876025677,50300.06286688149,52100.0,32100.0,ok,16495.0,29480.0,17830.0,29450.0,34900.0,400000.0,1.7872082449227038,1.6517106001121704,1.957375210319686,12bb8d46f3dc7c1b2d765504f1204f9320b843e9936bf45b93c9dd882ea43beb,semantic_live_support,True,512,6144,18944,2560,2560,8388608,20,5,efcfe8a9d0999545edb922e8add55891
b2,validation_reused,b2-k12-impeqv_dom-tree-3-55ecbcba0651,5857418499416136517,7706cdf872b2f54e859c5e467f810d90a27b5012d71cc14b9184bac89fa49101,7706cdf872b2f54e859c5e467f810d90a27b5012d71cc14b9184bac89fa49101,,impeqv_dom,12,26,27,26,6700.0,200.0,14,36,24,6,14,36,24,36500.0,34000.0,21900.0,616,275800.0,270399.99258704484,3399.9967854470015,15199.912013486028,72199.96768981218,37500.02360902727,40100.0,23800.0,ok,12765.0,21800.0,13625.0,21695.0,29900.0,340800.0,1.707794751273012,1.5922935779816514,2.1944954128440366,7706cdf872b2f54e859c5e467f810d90a27b5012d71cc14b9184bac89fa49101,semantic_live_support,True,512,6144,13824,2048,3072,8388608,20,5,55ecbcba0651567d453a83b2852bf685
b2,validation_reused,b2-k12-impeqv_dom-tree-4-d18fdd8343dc,8262023895027738459,5023ff3d5a8388df2f16269410d8c0f53d8424ec6b906f93eede58371eb3e700,5023ff3d5a8388df2f16269410d8c0f53d8424ec6b906f93eede58371eb3e700,,impeqv_dom,12,29,34,29,8000.0,300.0,17,42,29,6,17,42,29,40300.0,42900.0,25200.0,699,330700.0,324799.9993618578,7099.995855242014,21800.04958063364,81199.94890876114,46900.06608143449,47800.0,32400.0,ok,14560.0,26920.0,15015.0,26775.0,31900.0,378400.0,1.848901098901099,1.7832167832167831,2.1245421245421245,5023ff3d5a8388df2f16269410d8c0f53d8424ec6b906f93eede58371eb3e700,semantic_live_support,True,512,6144,17408,2048,3072,8388608,20,5,d18fdd8343dcadfdba4bd1ea2ecf1d01
b2,validation_reused,b2-k12-impeqv_dom-shared-1-a0a2c0931e69,433907426300434722,c7b32fa81162ac5c89f652db28dbb2a74603fa55ad809e80665fb863c0b85982,c7b32fa81162ac5c89f652db28dbb2a74603fa55ad809e80665fb863c0b85982,,impeqv_dom,12,37,78,37,10100.0,200.0,25,67,45,8,41,102,69,54900.0,57500.0,30500.0,904,435200.0,428400.0024199486,5599.984433501959,23900.12377873063,105300.04510655999,77200.0930737704,61700.0,67800.0,ok,36010.0,60320.0,24690.0,38220.0,41700.0,492200.0,1.6750902527075813,1.5479951397326852,1.6889428918590523,c7b32fa81162ac5c89f652db28dbb2a74603fa55ad809e80665fb863c0b85982,semantic_live_support,True,512,6144,39936,2048,4096,8388608,20,5,a0a2c0931e693e4de212d7771546e6e4
b2,validation_reused,b2-k12-impeqv_dom-shared-2-1385a0b1080c,4063321571096695436,ed2456209e3c9c214dd3fb32696b3d14e49809d467d353e0e4491ef7597972ed,ed2456209e3c9c214dd3fb32696b3d14e49809d467d353e0e4491ef7597972ed,,impeqv_dom,12,33,57,30,8700.0,300.0,18,52,35,7,28,70,49,45100.0,51500.0,28600.0,812,446000.0,437299.9828774482,5999.987479299307,27300.004148855805,97499.9857135117,68100.02378188074,51200.0,46300.0,ok,22770.0,43845.0,18000.0,30480.0,34500.0,416100.0,1.9255599472990776,1.6933333333333334,1.9166666666666667,ed2456209e3c9c214dd3fb32696b3d14e49809d467d353e0e4491ef7597972ed,semantic_live_support,True,512,6144,29184,2048,3584,8388608,20,5,1385a0b1080c90d88b168bb1678be65b
b2,validation_reused,b2-k12-impeqv_dom-shared-3-c60cc82b0720,5638624352018510945,1f5e30ff999fd78ba6cf030159d9c0aa183021f5f490ffadb04748179aa955dc,1f5e30ff999fd78ba6cf030159d9c0aa183021f5f490ffadb04748179aa955dc,,impeqv_dom,12,35,64,34,9400.0,300.0,22,59,40,6,34,83,56,48300.0,55700.0,29700.0,851,457700.0,449600.01832805574,9599.985787644982,33100.019209086895,104099.94865767658,72399.9401088804,63800.0,53000.0,ok,26515.0,49685.0,20405.0,35045.0,120200.0,498700.0,1.8738449933999624,1.7174712080372458,5.890713060524381,1f5e30ff999fd78ba6cf030159d9c0aa183021f5f490ffadb04748179aa955dc,semantic_live_support,True,512,6144,32768,2048,3072,8388608,20,5,c60cc82b0720dc27fa80890745e3b89d
b2,validation_reused,b2-k12-impeqv_dom-shared-4-5d7fc59cbaf7,2449394051856914272,65e35349e4a9010a3b6bc75bb6cd6e9387358c2ab01c9eb392d787a38e96b7ea,65e35349e4a9010a3b6bc75bb6cd6e9387358c2ab01c9eb392d787a38e96b7ea,,impeqv_dom,12,36,62,36,9700.0,300.0,24,63,42,7,32,79,54,49900.0,53100.0,30100.0,875,432600.0,425899.98338371515,5899.98671784997,29400.020139291883,108599.95381906629,70600.0137142837,61000.0,51100.0,ok,28485.0,47465.0,32505.0,53645.0,36300.0,465300.0,1.6663156047042302,1.6503614828487925,1.116751269035533,65e35349e4a9010a3b6bc75bb6cd6e9387358c2ab01c9eb392d787a38e96b7ea,semantic_live_support,True,512,6144,31744,2560,3584,8388608,20,5,5d7fc59cbaf768164fa3056661b4d3f5
b2,validation_reused,b2-k12-mixed-tree-1-ddb82bdf8146,3677944072933272508,9c8b248d77b14f016a5c8523895940246703d3753efb78809b5f7a0d630e976e,9c8b248d77b14f016a5c8523895940246703d3753efb78809b5f7a0d630e976e,,mixed,12,24,25,23,5800.0,300.0,11,22,17,3,12,22,17,34000.0,32400.0,20400.0,576,298200.0,292900.0183939934,14199.933502823114,21900.02123825252,65599.91743415594,37099.99145939946,45300.0,21500.0,ok,8450.0,18915.0,8760.0,18310.0,23300.0,394600.0,2.2384615384615385,2.0901826484018264,2.6598173515981736,9c8b248d77b14f016a5c8523895940246703d3753efb78809b5f7a0d630e976e,semantic_live_support,True,512,6144,12800,2560,1536,8388608,20,5,ddb82bdf81460398f51b7b71b2b5084f
b2,validation_reused,b2-k12-mixed-tree-2-380dba915931,3337054381804343800,357ab1032ff9d89f13986c91b214ecdee357db539ccc245df471924319d0755c,357ab1032ff9d89f13986c91b214ecdee357db539ccc245df471924319d0755c,,mixed,12,25,26,24,5900.0,200.0,12,22,17,3,13,22,17,35700.0,33100.0,21400.0,594,323500.0,317700.00350661576,14999.93959441781,24900.073185563087,68100.08198954165,41700.08469372988,37300.0,21700.0,ok,14120.0,18990.0,9715.0,20190.0,25400.0,401600.0,1.344900849858357,2.0782295419454453,2.6145136387030363,357ab1032ff9d89f13986c91b214ecdee357db539ccc245df471924319d0755c,semantic_live_support,True,512,6144,13312,2048,1536,8388608,20,5,380dba9159313b1c381805637c2acb3e
b2,validation_reused,b2-k12-mixed-tree-3-e56bca913be9,2623101370694258581,83f7f5180404aaff1e4d42351c83fa2c083c68d3179ba35daa204ccc350af1fc,83f7f5180404aaff1e4d42351c83fa2c083c68d3179ba35daa204ccc350af1fc,,mixed,12,28,31,27,7500.0,200.0,15,30,22,4,16,30,22,57200.0,37500.0,23300.0,665,382600.0,377899.9962378293,18400.05279518664,35100.00533424318,83900.02767555416,53799.88579079509,43900.0,35700.0,ok,9660.0,22965.0,10925.0,22615.0,27500.0,384400.0,2.377329192546584,2.0700228832951946,2.517162471395881,83f7f5180404aaff1e4d42351c83fa2c083c68d3179ba35daa204ccc350af1fc,semantic_live_support,True,512,6144,15872,2048,2048,8388608,20,5,e56bca913be9349b5a10d57295c7207b
b2,validation_reused,b2-k12-mixed-tree-4-4769a3d3ef25,5309945438962748026,3e999714a42c4f044b430b8cc40abb720d38493759d9fe0cc549d769e03d9ad9,3e999714a42c4f044b430b8cc40abb720d38493759d9fe0cc549d769e03d9ad9,,mixed,12,27,29,25,6700.0,400.0,13,28,20,4,15,29,21,38000.0,36200.0,23500.0,640,339100.0,332900.00283159316,13300.043065100908,27799.978852272034,77600.12522339821,39500.03883801401,39700.0,24700.0,ok,10225.0,22235.0,10605.0,20425.0,25200.0,353400.0,2.1745721271393643,1.925978312116926,2.376237623762376,3e999714a42c4f044b430b8cc40abb720d38493759d9fe0cc549d769e03d9ad9,semantic_live_support,True,512,6144,14848,2048,2048,8388608,20,5,4769a3d3ef257f5baf500e4fadea31a5
b2,validation_reused,b2-k12-mixed-shared-1-f8b45cd2b4da,3228334566636910320,58d74552627d4b7e9c125d6eb17b2f852862824480487ffbd2d2855002864947,58d74552627d4b7e9c125d6eb17b2f852862824480487ffbd2d2855002864947,,mixed,12,42,82,32,10300.0,300.0,20,44,36,8,42,63,51,56600.0,61100.0,78100.0,1030,666600.0,657500.0006705523,48900.023102760315,64900.057623162866,139400.07193014026,96500.00720284879,55300.0,66400.0,ok,20045.0,55130.0,15215.0,36335.0,41900.0,661400.0,2.7503117984534797,2.3881038448899115,2.753861321064739,58d74552627d4b7e9c125d6eb17b2f852862824480487ffbd2d2855002864947,semantic_live_support,True,512,6144,41984,2048,4096,8388608,20,5,f8b45cd2b4dae9a1f0826e7ff9df8a79
b2,validation_reused,b2-k12-mixed-shared-2-50e3ef4d7ce9,5068251161288152654,7d6ab2fd13b177da1853d5aba62e55a9f8bd1d2f9b1c5a128c5194b40f2544ca,7d6ab2fd13b177da1853d5aba62e55a9f8bd1d2f9b1c5a128c5194b40f2544ca,,mixed,12,36,64,30,8400.0,200.0,18,39,31,7,32,57,44,49300.0,53100.0,30200.0,885,575500.0,567399.9839928001,35299.94864948094,52400.04975348711,118200.02691820264,76299.998909235,51800.0,54300.0,ok,30875.0,44025.0,16125.0,31105.0,31500.0,558000.0,1.425910931174089,1.9289922480620154,1.9534883720930232,7d6ab2fd13b177da1853d5aba62e55a9f8bd1d2f9b1c5a128c5194b40f2544ca,semantic_live_support,True,512,6144,32768,2560,3584,8388608,20,5,50e3ef4d7ce94f2b7e5fe91738eb7758
b2,validation_reused,b2-k12-mixed-shared-3-b8fa1dce4b0b,6783274338345329890,d170e5645e8911a3ecb37073163e94e81699b620f5d1a07eeb2d13301d1a8f3d,d170e5645e8911a3ecb37073163e94e81699b620f5d1a07eeb2d13301d1a8f3d,,mixed,12,32,73,24,7000.0,300.0,12,30,24,8,36,82,59,40700.0,44100.0,26000.0,785,443100.0,437100.01045838,24599.925382062793,38200.028939172626,89800.01439340413,67899.96405132115,38400.0,57400.0,ok,39900.0,52750.0,10010.0,23105.0,41900.0,456600.0,1.3220551378446115,2.308191808191808,4.185814185814186,d170e5645e8911a3ecb37073163e94e81699b620f5d1a07eeb2d13301d1a8f3d,semantic_live_support,True,512,6144,37376,2560,4096,8388608,20,5,b8fa1dce4b0bc619bce10a46918c22fa
b2,validation_reused,b2-k12-mixed-shared-4-b5d9843db5e5,8163146052916282808,f056e6820013d8b35a3a4a56d4b2e9cece0e03cb2be1884a7fe5b62e6e54439f,f056e6820013d8b35a3a4a56d4b2e9cece0e03cb2be1884a7fe5b62e6e54439f,,mixed,12,41,92,33,9200.0,200.0,21,40,32,10,47,60,52,58500.0,57500.0,34400.0,999,598900.0,591499.9928791076,41900.02800896764,52199.99002292752,117999.99629147351,91900.11769533157,55500.0,71100.0,ok,25230.0,58605.0,16595.0,32150.0,31700.0,630200.0,2.322829964328181,1.9373305212413376,1.910213919855378,f056e6820013d8b35a3a4a56d4b2e9cece0e03cb2be1884a7fe5b62e6e54439f,semantic_live_support,True,512,6144,47104,2560,5120,8388608,20,5,b5d9843db5e5a41e524408169173818c
b2,validation_reused,b2-k16-xor_dom-tree-1-2f5ce8a982ff,6810252154136699346,018e0ba07f27a37af3716edbabbd12ddb0b4c19c71b3e0d33f1ffc9c32f618c8,018e0ba07f27a37af3716edbabbd12ddb0b4c19c71b3e0d33f1ffc9c32f618c8,,xor_dom,16,39,45,30,8100.0,300.0,14,29,25,5,23,29,25,60400.0,51300.0,31200.0,934,558500.0,550700.0023499131,37100.10787472129,61500.03173388541,113900.08148737252,73600.12386925519,47200.0,35700.0,ok,48820.0,52860.0,50660.0,53420.0,66300.0,670600.0,1.0827529700942238,1.0544808527437821,1.2411081991763384,018e0ba07f27a37af3716edbabbd12ddb0b4c19c71b3e0d33f1ffc9c32f618c8,semantic_live_support,True,8192,131072,368640,40960,40960,8388608,5,5,2f5ce8a982ffa8fd1f0938431c39c29c
b2,validation_reused,b2-k16-xor_dom-tree-2-dc59bd3a0d74,5929915108510667547,b3ff3aa89347b3ff62d4d5966b626179406588b275bf6df9a7ddf9da6917a985,b3ff3aa89347b3ff62d4d5966b626179406588b275bf6df9a7ddf9da6917a985,,xor_dom,16,35,38,27,7200.0,300.0,11,22,20,4,19,22,20,43500.0,45600.0,28100.0,836,527000.0,519799.99989271164,37799.967685714364,60399.93604645133,112400.040961802,67600.07818229496,42000.0,32200.0,ok,32200.0,45100.0,34420.0,42100.0,57100.0,582900.0,1.4006211180124224,1.2231260894828588,1.3562945368171022,b3ff3aa89347b3ff62d4d5966b626179406588b275bf6df9a7ddf9da6917a985,semantic_live_support,True,8192,131072,311296,32768,32768,8388608,5,5,dc59bd3a0d742d46cb136f3486a28cda
b2,validation_reused,b2-k16-xor_dom-tree-3-fd0e9542c807,2205747598495726275,a3955e0d7106bf8d76e35852c93e5943f4d40a0fc2408a3793bffdf25c694402,a3955e0d7106bf8d76e35852c93e5943f4d40a0fc2408a3793bffdf25c694402,,xor_dom,16,40,47,31,8300.0,200.0,15,34,28,4,24,34,28,90300.0,58000.0,45400.0,961,585300.0,576399.9943155795,37499.99450519681,68800.0291120261,120100.09959340096,84500.03224425018,50800.0,39800.0,ok,53220.0,58780.0,55580.0,53400.0,79900.0,680900.0,1.1044720030063886,0.9607772580064772,1.49625468164794,a3955e0d7106bf8d76e35852c93e5943f4d40a0fc2408a3793bffdf25c694402,semantic_live_support,True,8192,131072,385024,49152,32768,8388608,5,5,fd0e9542c807aa5f98d6a8a50bb4942a
b2,validation_reused,b2-k16-xor_dom-tree-4-ccf5dc564650,2152520424065324552,3c793589cc2bebc13af38a7c815bc02ed82fcfd33ae54d0a1d523e95d20eb1e3,3c793589cc2bebc13af38a7c815bc02ed82fcfd33ae54d0a1d523e95d20eb1e3,,xor_dom,16,40,48,30,8300.0,300.0,14,29,26,4,24,29,26,51900.0,54600.0,33600.0,965,617800.0,609100.0104788691,43200.067011639476,74799.95838366449,125099.96304288507,79500.0814832747,47800.0,37700.0,ok,40580.0,55320.0,41300.0,49040.0,79600.0,625800.0,1.3632331197634302,1.187409200968523,1.6231647634584012,3c793589cc2bebc13af38a7c815bc02ed82fcfd33ae54d0a1d523e95d20eb1e3,semantic_live_support,True,8192,131072,393216,40960,32768,8388608,5,5,ccf5dc564650469fd8771eed98469d37
b2,validation_reused,b2-k16-xor_dom-shared-1-3867fe1a233b,7495572205536692381,61793872c60bf17fd180b9da24ec1c27aa496660279f122cdac3f9312e26df04,61793872c60bf17fd180b9da24ec1c27aa496660279f122cdac3f9312e26df04,,xor_dom,16,50,81,33,9100.0,300.0,17,35,31,7,41,47,43,55200.0,72000.0,37900.0,1227,763900.0,754799.9848611653,59300.07318966091,102499.9946821481,142199.91862773895,114199.93825256824,54600.0,64200.0,ok,69480.0,82320.0,56480.0,57960.0,74300.0,837200.0,1.1848013816925733,1.0262039660056657,1.2819185645272602,61793872c60bf17fd180b9da24ec1c27aa496660279f122cdac3f9312e26df04,semantic_live_support,True,8192,131072,663552,49152,57344,8388608,5,5,3867fe1a233b8539d9c2ba0736d5141b
b2,validation_reused,b2-k16-xor_dom-shared-2-d28a01c0b901,465941860363625421,e6bb163b96b1e8d81c66a8d3862f9e8cc469a96a2e0c2c1627b125cc35e0d6c3,e6bb163b96b1e8d81c66a8d3862f9e8cc469a96a2e0c2c1627b125cc35e0d6c3,,xor_dom,16,41,63,26,7700.0,300.0,10,27,25,5,31,39,35,48500.0,58700.0,35000.0,999,699900.0,691599.9983903021,52800.023695454,106899.94087442756,131099.97962601483,105599.98918324709,46400.0,53500.0,ok,55220.0,71420.0,36620.0,47840.0,64600.0,824000.0,1.2933719666787395,1.306389950846532,1.350334448160535,e6bb163b96b1e8d81c66a8d3862f9e8cc469a96a2e0c2c1627b125cc35e0d6c3,semantic_live_support,True,8192,131072,516096,32768,40960,8388608,5,5,d28a01c0b9013e8020356d64403c0f01
b2,validation_reused,b2-k16-xor_dom-shared-3-78849fba8a04,98424347731004743,d8a6946aaef5ede9c872cb34102c54b328721c28f85ee042e221cd4e1035b1a3,d8a6946aaef5ede9c872cb34102c54b328721c28f85ee042e221cd4e1035b1a3,,xor_dom,16,45,72,29,8800.0,300.0,13,34,30,7,37,42,38,50800.0,76700.0,37000.0,1085,756400.0,747599.9882444739,59000.04180148244,114800.0592365861,144300.0801373273,108800.01354962587,46800.0,57400.0,ok,63140.0,77520.0,52160.0,54620.0,83600.0,807700.0,1.2277478618942033,1.0471625766871167,1.5305748809959723,d8a6946aaef5ede9c872cb34102c54b328721c28f85ee042e221cd4e1035b1a3,semantic_live_support,True,8192,131072,589824,40960,57344,8388608,5,5,78849fba8a0496b7b3829f603bc87028
b2,validation_reused,b2-k16-xor_dom-shared-4-c20fb11b9c87,5927682103504941426,4ac9c3c0cad97d417ecda5976d75ae28cccf878ef50e0a5b38335576cdd355fc,4ac9c3c0cad97d417ecda5976d75ae28cccf878ef50e0a5b38335576cdd355fc,,xor_dom,16,45,70,31,8500.0,300.0,15,32,26,5,36,45,39,68400.0,67900.0,37800.0,1088,722000.0,713099.9874789268,53800.002206116915,88499.94628690183,143600.01659952104,95099.99654255807,47900.0,55000.0,ok,74640.0,76620.0,55840.0,51680.0,66600.0,742800.0,1.0265273311897105,0.9255014326647565,1.2886996904024768,4ac9c3c0cad97d417ecda5976d75ae28cccf878ef50e0a5b38335576cdd355fc,semantic_live_support,True,8192,131072,573440,32768,40960,8388608,5,5,c20fb11b9c873214ba614bab4da1f4b0
b2,validation_reused,b2-k16-andor_dom-tree-1-9b69c21027be,1923879239273327675,2ca316eb2f35ea4b8332ebc0581fd6e0804e90ea1114984111640b40d9fcc188,2ca316eb2f35ea4b8332ebc0581fd6e0804e90ea1114984111640b40d9fcc188,,andor_dom,16,32,32,31,7700.0,200.0,15,17,16,4,16,17,16,48300.0,41000.0,26300.0,752,407000.0,400300.02128332853,28300.011763349175,28800.044674426317,91800.05872622132,54500.03664009273,48000.0,28400.0,ok,24520.0,39000.0,25120.0,38240.0,56200.0,512100.0,1.5905383360522023,1.5222929936305734,1.4696652719665273,2ca316eb2f35ea4b8332ebc0581fd6e0804e90ea1114984111640b40d9fcc188,semantic_live_support,True,8192,131072,262144,32768,32768,8388608,5,5,9b69c21027be1612263d601c2fa605c2
b2,validation_reused,b2-k16-andor_dom-tree-2-4798fd76dd91,8936547383074978021,4460bf05a8bc6256ffcc79d3e2f758a8823b21313048bebf192867527f455313,4460bf05a8bc6256ffcc79d3e2f758a8823b21313048bebf192867527f455313,,andor_dom,16,34,34,31,7800.0,300.0,15,25,20,4,18,25,20,48300.0,42700.0,27400.0,795,409000.0,402200.0066470355,24499.98282827437,28500.042390078306,93200.04028268158,52599.963964894414,45600.0,27700.0,ok,43400.0,42460.0,45220.0,43000.0,58800.0,495500.0,0.9783410138248848,0.9509066784608581,1.3674418604651162,4460bf05a8bc6256ffcc79d3e2f758a8823b21313048bebf192867527f455313,semantic_live_support,True,8192,131072,278528,49152,32768,8388608,5,5,4798fd76dd91a3fedf52dc7c0edece3d
b2,validation_reused,b2-k16-andor_dom-tree-3-0631f9f38a59,2286144104135083728,fbe9a08a73ce5575f037a20423fdff198c637108de4103c6866d2a82619d5521,fbe9a08a73ce5575f037a20423fdff198c637108de4103c6866d2a82619d5521,,andor_dom,16,34,34,31,7600.0,300.0,15,25,20,5,18,25,20,48300.0,44200.0,27100.0,789,419100.0,412499.9977648258,25700.137484818697,31599.862268194556,95799.91456121206,53100.05508363247,45800.0,29200.0,ok,47460.0,43660.0,48780.0,41500.0,68300.0,508400.0,0.9199325747998315,0.8507585075850759,1.6457831325301204,fbe9a08a73ce5575f037a20423fdff198c637108de4103c6866d2a82619d5521,semantic_live_support,True,8192,131072,278528,40960,40960,8388608,5,5,0631f9f38a59e376b1fca7715ceaf22e
b2,validation_reused,b2-k16-andor_dom-tree-4-63621194d872,1732736013917953904,17f9d6bb136db54edcc941d09098c3b90ca65b39e4c4efbb1cce0ab98375d033,17f9d6bb136db54edcc941d09098c3b90ca65b39e4c4efbb1cce0ab98375d033,,andor_dom,16,36,39,33,8500.0,300.0,17,27,22,5,20,28,23,51700.0,47300.0,29800.0,853,460100.0,453000.01511350274,27799.92064461112,39600.01049563289,101399.84078705311,59400.1030549407,55300.0,32100.0,ok,43520.0,49740.0,43500.0,46340.0,62400.0,613000.0,1.142922794117647,1.065287356321839,1.346568839015969,17f9d6bb136db54edcc941d09098c3b90ca65b39e4c4efbb1cce0ab98375d033,semantic_live_support,True,8192,131072,319488,40960,40960,8388608,5,5,63621194d872ff0fb0296bcc8a8fc619
b2,validation_reused,b2-k16-andor_dom-shared-1-98d2a1ad94ad,1220152016246370561,61cb2b2132400af1e104646086523433a7a1ab97ee1ca0017395caa45fe33395,61cb2b2132400af1e104646086523433a7a1ab97ee1ca0017395caa45fe33395,,andor_dom,16,43,71,28,8700.0,300.0,12,26,25,8,37,41,37,54200.0,62300.0,37100.0,1041,686900.0,677600.0082027167,58000.09239464998,74899.90093745291,140099.98994879425,103300.0007737428,45900.0,54500.0,ok,59100.0,75000.0,34700.0,49620.0,68300.0,734700.0,1.2690355329949239,1.429971181556196,1.3764611043933899,61cb2b2132400af1e104646086523433a7a1ab97ee1ca0017395caa45fe33395,semantic_live_support,True,8192,131072,581632,32768,65536,8388608,5,5,98d2a1ad94adf2bb987a8c3d3d580016
b2,validation_reused,b2-k16-andor_dom-shared-2-cf190eb487c4,7887325703681359166,a27c9206f7b3a6994f380287bd0875302344283e44383b01cd4424959ada4433,a27c9206f7b3a6994f380287bd0875302344283e44383b01cd4424959ada4433,,andor_dom,16,48,72,37,10300.0,300.0,21,40,34,8,38,47,40,62000.0,65000.0,37900.0,1154,743200.0,736499.9910350889,57899.94611404836,62100.065406411886,158200.18597878516,114000.02404116094,61800.0,61200.0,ok,75620.0,79040.0,66140.0,64360.0,80200.0,805100.0,1.0452261306532664,0.9730873903840339,1.2461155997513984,a27c9206f7b3a6994f380287bd0875302344283e44383b01cd4424959ada4433,semantic_live_support,True,8192,131072,589824,40960,65536,8388608,5,5,cf190eb487c43e880bdcac6247716fcf
b2,validation_reused,b2-k16-andor_dom-shared-3-b995a8e54fc8,8291594619762703730,a858d9c33bba4c22c5645d0238026ec68895f78131c09866ba049ac1213930f0,a858d9c33bba4c22c5645d0238026ec68895f78131c09866ba049ac1213930f0,,andor_dom,16,44,84,32,9000.0,200.0,16,34,30,9,42,49,45,59700.0,67900.0,42000.0,1069,722700.0,713499.9905247241,54100.06269812584,64099.906012415886,139899.98842589557,115699.9496743083,54900.0,71900.0,ok,66880.0,90620.0,50300.0,58700.0,74700.0,759900.0,1.354964114832536,1.1669980119284293,1.272572402044293,a858d9c33bba4c22c5645d0238026ec68895f78131c09866ba049ac1213930f0,semantic_live_support,True,8192,131072,688128,40960,73728,8388608,5,5,b995a8e54fc8be58fad7f1820347b1a4
b2,validation_reused,b2-k16-andor_dom-shared-4-00fae4d6add7,911737085210064713,7b9b7ab938f677f2eeba5f8f4b683b2e08a62006f1718fd09dbd9982634affb7,7b9b7ab938f677f2eeba5f8f4b683b2e08a62006f1718fd09dbd9982634affb7,,andor_dom,16,43,78,32,9100.0,300.0,16,33,29,8,39,52,45,58700.0,66500.0,36100.0,1042,671800.0,663199.9858655035,49099.879106506705,59900.106862187386,139300.07116869092,109699.962195009,54500.0,63900.0,ok,105100.0,92560.0,57140.0,55580.0,73100.0,848100.0,0.880685061845861,0.9726986349317466,1.3152213026268442,7b9b7ab938f677f2eeba5f8f4b683b2e08a62006f1718fd09dbd9982634affb7,semantic_live_support,True,8192,131072,638976,40960,65536,8388608,5,5,00fae4d6add7f3969a304bb041c09e1d
b2,validation_reused,b2-k16-impeqv_dom-tree-1-e08d580f6edb,2303823521989399970,28939964043b92825c69db3a62cc0fd0e572fe878bc09d6abe48f167e8f38c56,28939964043b92825c69db3a62cc0fd0e572fe878bc09d6abe48f167e8f38c56,,impeqv_dom,16,40,48,40,10500.0,300.0,24,65,44,6,24,65,44,54400.0,60900.0,38200.0,970,478300.0,458399.998024106,7200.025720521808,30100.170988589525,116300.12886598706,78100.15813447535,62300.0,38300.0,ok,149220.0,76060.0,148480.0,72340.0,90400.0,598100.0,0.5097171960863155,0.4872036637931034,1.2496544097318218,28939964043b92825c69db3a62cc0fd0e572fe878bc09d6abe48f167e8f38c56,semantic_live_support,True,8192,131072,393216,49152,49152,8388608,5,5,e08d580f6edb5bb7f9f29d7e6b5c87b1
b2,validation_reused,b2-k16-impeqv_dom-tree-2-c47a93c76ff1,4202918359783409565,b02ee6a9490f8f01dae562dfc4eaee99f6b91c56c9a55de5075e040c2c8badb0,b02ee6a9490f8f01dae562dfc4eaee99f6b91c56c9a55de5075e040c2c8badb0,,impeqv_dom,16,38,41,37,9200.0,300.0,21,56,37,5,22,56,37,50000.0,56900.0,30500.0,896,417700.0,410900.0146854669,7100.024959072471,31399.948056787252,105800.07801763713,61699.94594529271,57500.0,34300.0,ok,118960.0,68360.0,119160.0,61400.0,77600.0,547600.0,0.5746469401479489,0.5152735817388385,1.263843648208469,b02ee6a9490f8f01dae562dfc4eaee99f6b91c56c9a55de5075e040c2c8badb0,semantic_live_support,True,8192,131072,335872,40960,40960,8388608,5,5,c47a93c76ff1f90404d1101c7e522774
b2,validation_reused,b2-k16-impeqv_dom-tree-3-01da67660395,3476691762425883568,6eca2c4bc082b0802c1c2ec4897191c392a9aa04049295ebb289b5966f58ca11,6eca2c4bc082b0802c1c2ec4897191c392a9aa04049295ebb289b5966f58ca11,,impeqv_dom,16,40,47,39,9700.0,300.0,23,60,41,6,24,60,41,51500.0,54700.0,33100.0,961,473400.0,466500.0014938414,10100.04780255258,38999.94771927595,107600.00441223383,74500.0725146383,59500.0,37700.0,ok,123780.0,69060.0,127420.0,68980.0,109900.0,600300.0,0.5579253514299564,0.5413592842567886,1.5932154247608001,6eca2c4bc082b0802c1c2ec4897191c392a9aa04049295ebb289b5966f58ca11,semantic_live_support,True,8192,131072,385024,40960,49152,8388608,5,5,01da676603950bf10ac55f06ccb310ec
b2,validation_reused,b2-k16-impeqv_dom-tree-4-f1d16cc1ccd8,5028277784127778536,b2800e59b7e91c0103d66c14b98bd8f6bd2802fc6614fcd1cba5ce28391b0a8d,b2800e59b7e91c0103d66c14b98bd8f6bd2802fc6614fcd1cba5ce28391b0a8d,,impeqv_dom,16,36,37,36,9100.0,300.0,20,54,35,5,20,54,35,46800.0,47900.0,29200.0,844,383300.0,377199.99090768397,2300.017513334751,24300.010409206152,98699.99485090375,56500.08097290993,52900.0,31300.0,ok,122540.0,59440.0,122580.0,62000.0,78900.0,533300.0,0.48506610086502366,0.5057921357480829,1.2725806451612902,b2800e59b7e91c0103d66c14b98bd8f6bd2802fc6614fcd1cba5ce28391b0a8d,semantic_live_support,True,8192,131072,303104,32768,40960,8388608,5,5,f1d16cc1ccd87cd3bdbf93dc2d4cbb76
b2,validation_reused,b2-k16-impeqv_dom-shared-1-37e51ffa951a,8541885619864290971,3750f3194b5162b24abdb770fe535cd77b4bef4322b4e5dfa973574f347c175c,3750f3194b5162b24abdb770fe535cd77b4bef4322b4e5dfa973574f347c175c,,impeqv_dom,16,46,75,46,13100.0,300.0,30,77,52,7,39,93,64,74200.0,79200.0,39300.0,1118,596600.0,587599.9922864139,10300.020221620798,36999.96159411967,143100.0418961048,109799.99206028879,83400.0,64400.0,ok,301580.0,187980.0,185880.0,86840.0,104000.0,740200.0,0.6233171961005372,0.46718312890036584,1.1976047904191616,3750f3194b5162b24abdb770fe535cd77b4bef4322b4e5dfa973574f347c175c,semantic_live_support,True,8192,131072,614400,32768,57344,8388608,5,5,37e51ffa951a5efa0431ecfe2e1e7612
b2,validation_reused,b2-k16-impeqv_dom-shared-2-c84cd9722277,7728009916220492791,1c30a6291e46f89c84bcae3dadbeef7d015272b03ccf65928a8dfa7f459ee9b9,1c30a6291e46f89c84bcae3dadbeef7d015272b03ccf65928a8dfa7f459ee9b9,,impeqv_dom,16,52,105,49,13500.0,200.0,33,80,54,8,58,118,82,75800.0,83000.0,42500.0,1262,650400.0,640899.9906852841,15499.943401664495,40699.98976774514,151800.02083070576,120199.98393952847,83600.0,88000.0,ok,265660.0,136120.0,201260.0,88300.0,118900.0,797600.0,0.5123842505458104,0.43873596343038856,1.3465458663646659,1c30a6291e46f89c84bcae3dadbeef7d015272b03ccf65928a8dfa7f459ee9b9,semantic_live_support,True,8192,131072,860160,40960,65536,8388608,5,5,c84cd972227722d3994c261dbed9935f
b2,validation_reused,b2-k16-impeqv_dom-shared-3-dd3d88c4a1c4,4375186941912038214,5d121794535354beda6ba2813e5aba86727dc7c786f7fc871639de7cbca6eb44,5d121794535354beda6ba2813e5aba86727dc7c786f7fc871639de7cbca6eb44,,impeqv_dom,16,47,125,42,14900.0,400.0,26,74,49,7,63,185,123,63300.0,72400.0,39100.0,1148,557000.0,551499.9793376774,2300.017513334751,30799.972591921687,134400.00475384295,105599.96007941663,93800.0,101300.0,ok,430740.0,179840.0,174820.0,71720.0,90000.0,608700.0,0.4175140455959512,0.41025054341608513,1.2548800892359175,5d121794535354beda6ba2813e5aba86727dc7c786f7fc871639de7cbca6eb44,semantic_live_support,True,8192,131072,1024000,49152,57344,8388608,5,5,dd3d88c4a1c4c77c937babcfe278be7c
b2,validation_reused,b2-k16-impeqv_dom-shared-4-750f3169f2d6,1888028651262616953,516f91b25b608fbd7314967bd76f9d270ad918c97cc184abb9d442d58cab63a2,516f91b25b608fbd7314967bd76f9d270ad918c97cc184abb9d442d58cab63a2,,impeqv_dom,16,40,83,39,9900.0,300.0,23,67,44,6,44,124,81,51400.0,57700.0,33000.0,969,424500.0,417800.0090178102,5399.982910603285,24200.06785541773,107200.03047026694,87200.05280338228,60500.0,63300.0,ok,276980.0,118300.0,157220.0,65820.0,83200.0,543500.0,0.4271066502996606,0.4186490268413688,1.264053479185658,516f91b25b608fbd7314967bd76f9d270ad918c97cc184abb9d442d58cab63a2,semantic_live_support,True,8192,131072,679936,32768,49152,8388608,5,5,750f3169f2d63d844b1f4544bdd21e36
b2,validation_reused,b2-k16-mixed-tree-1-d1b5689114e3,2031832896383559571,cfd9c47fbac4cfe26ed662ae3188f5f7e58968533c6a4898b9d815378ce18e20,cfd9c47fbac4cfe26ed662ae3188f5f7e58968533c6a4898b9d815378ce18e20,,mixed,16,32,32,29,7000.0,200.0,13,25,20,6,16,25,20,42700.0,39300.0,25500.0,752,369800.0,363600.00376589596,20600.040443241596,29500.02090074122,84000.0284370035,47999.95804205537,40300.0,25800.0,ok,49520.0,40480.0,49140.0,38740.0,62700.0,460000.0,0.8174474959612278,0.7883597883597884,1.6184821889519876,cfd9c47fbac4cfe26ed662ae3188f5f7e58968533c6a4898b9d815378ce18e20,semantic_live_support,True,8192,131072,262144,40960,49152,8388608,5,5,d1b5689114e3546f3a1d158264d1cd1a
b2,validation_reused,b2-k16-mixed-tree-2-9cf5c64922ce,7206917432231053046,c4c0eb0b91911ee77095e3f1861624778ca5fc74b348b68586b378949000912b,c4c0eb0b91911ee77095e3f1861624778ca5fc74b348b68586b378949000912b,,mixed,16,32,33,32,7600.0,300.0,16,26,21,5,16,26,21,47100.0,40800.0,24800.0,759,384400.0,378299.9992836267,19699.97538253665,30500.057619065046,88500.00449456275,51699.98621568084,47800.0,28300.0,ok,43300.0,43380.0,44360.0,43360.0,60500.0,483800.0,1.0018475750577367,0.9774571686203787,1.3952952029520296,c4c0eb0b91911ee77095e3f1861624778ca5fc74b348b68586b378949000912b,semantic_live_support,True,8192,131072,270336,40960,40960,8388608,5,5,9cf5c64922ce0571249969b7df68a600
b2,validation_reused,b2-k16-mixed-tree-3-813773e1451b,8471364858595781130,a95812dc6dbc063bb8164d6abbc45375d73fcfc19d0625b01d15b5c6e8414b8e,a95812dc6dbc063bb8164d6abbc45375d73fcfc19d0625b01d15b5c6e8414b8e,,mixed,16,40,48,40,10500.0,300.0,24,53,38,6,24,53,38,56300.0,56600.0,31500.0,966,484600.0,477499.9979417771,17399.986973032355,34799.97394606471,112099.92226213217,74300.01278407872,63800.0,39400.0,ok,120120.0,68060.0,118180.0,66560.0,84500.0,602200.0,0.5666000666000666,0.5632086647486885,1.26953125,a95812dc6dbc063bb8164d6abbc45375d73fcfc19d0625b01d15b5c6e8414b8e,semantic_live_support,True,8192,131072,393216,40960,49152,8388608,5,5,813773e1451bbd6a2f98e96ceefda0d9
b2,validation_reused,b2-k16-mixed-tree-4-8eb11693eacf,7546548295398555270,4d6d9f055df5a6ee20cb816584dc2ae46a7f5e44347816ed8de2c611a8529f3b,4d6d9f055df5a6ee20cb816584dc2ae46a7f5e44347816ed8de2c611a8529f3b,,mixed,16,37,43,36,9200.0,300.0,20,43,32,5,21,43,32,57400.0,57100.0,29400.0,893,477700.0,470400.0020865351,18799.910321831703,39999.98443759978,111800.00728927553,72299.9102436006,57600.0,38300.0,ok,81760.0,58980.0,83300.0,59500.0,120800.0,591300.0,0.7213796477495108,0.7142857142857143,2.030252100840336,4d6d9f055df5a6ee20cb816584dc2ae46a7f5e44347816ed8de2c611a8529f3b,semantic_live_support,True,8192,131072,352256,32768,40960,8388608,5,5,8eb11693eacf1038682e614ce5d178ae
b2,validation_reused,b2-k16-mixed-shared-1-ee24b1b1bb48,7410857442308306875,c1e3d8599b12aecc02b1037e39548ef97c9b307728c1dd11c2724784ceae6cb0,c1e3d8599b12aecc02b1037e39548ef97c9b307728c1dd11c2724784ceae6cb0,,mixed,16,41,77,33,9200.0,300.0,17,39,32,6,38,54,46,66700.0,61600.0,36400.0,998,605100.0,596800.004132092,39399.92166124284,53499.999921768904,124400.04502423108,104600.01067258418,55400.0,62000.0,ok,97080.0,90320.0,79740.0,65060.0,113500.0,994400.0,0.9303667078697981,0.8159016804614999,1.744543498309253,c1e3d8599b12aecc02b1037e39548ef97c9b307728c1dd11c2724784ceae6cb0,semantic_live_support,True,8192,131072,630784,40960,49152,8388608,5,5,ee24b1b1bb4825011fe7d41a9efa2bb7
b2,validation_reused,b2-k16-mixed-shared-2-bc31f42a45c2,8112298265698936930,7a725401fb035c3469721894db466607939804371e65638031032201203731b2,7a725401fb035c3469721894db466607939804371e65638031032201203731b2,,mixed,16,44,96,34,12200.0,600.0,18,51,39,7,50,107,76,55300.0,69300.0,38000.0,1073,919600.0,906200.0026460737,51399.92572367191,82400.04535764456,193400.1047629863,167700.05458965898,66500.0,88700.0,ok,208040.0,138520.0,94040.0,68680.0,87200.0,765300.0,0.665833493558931,0.7303275202041685,1.269656377402446,7a725401fb035c3469721894db466607939804371e65638031032201203731b2,semantic_live_support,True,8192,131072,786432,32768,57344,8388608,5,5,bc31f42a45c2f54a8b39ca80550f8c5f
b2,validation_reused,b2-k16-mixed-shared-3-8dda327e304f,5943071947396413043,5a5dd23628309d8254036753447cc7855664935af517dc86b3a9c8b57d120b9f,5a5dd23628309d8254036753447cc7855664935af517dc86b3a9c8b57d120b9f,,mixed,16,46,85,39,11400.0,300.0,23,50,40,9,42,70,56,65600.0,76900.0,42600.0,1133,698400.0,688700.0054121017,41999.91235509515,62699.95355978608,142799.9814040959,115299.97573234141,68100.0,74100.0,ok,135280.0,106720.0,95840.0,76180.0,95400.0,833800.0,0.7888823181549379,0.7948664440734557,1.2522971908637437,5a5dd23628309d8254036753447cc7855664935af517dc86b3a9c8b57d120b9f,semantic_live_support,True,8192,131072,696320,40960,73728,8388608,5,5,8dda327e304f66ada6c383e414f2a5f7
b2,validation_reused,b2-k16-mixed-shared-4-8dafe13fc96b,4257770961390699927,2b01e9e55fa763957fceaf6cf7170bb8e75ab3237ef34252d83ab4a5e9c39ccc,2b01e9e55fa763957fceaf6cf7170bb8e75ab3237ef34252d83ab4a5e9c39ccc,,mixed,16,41,69,32,12600.0,400.0,16,45,35,8,34,68,51,56200.0,63300.0,37600.0,1001,649900.0,641599.9960154295,38800.00440403819,58500.037994235754,140500.08030608296,109499.98977594078,54900.0,58300.0,ok,269600.0,134000.0,94780.0,61560.0,92700.0,813500.0,0.4970326409495549,0.6495041147921502,1.5058479532163742,2b01e9e55fa763957fceaf6cf7170bb8e75ab3237ef34252d83ab4a5e9c39ccc,semantic_live_support,True,8192,131072,565248,49152,65536,8388608,5,5,8dafe13fc96bfdcb0f894634ae107e89
epfl,validation_reused,epfl-arithmetic-adder-po3-e22ec7119f,,5f85ccec0d99b17c1f1e24b9cc46ce3319945912648ce0a7842f2114eafcb741,5f85ccec0d99b17c1f1e24b9cc46ce3319945912648ce0a7842f2114eafcb741,60a28c90dc413ab479e07aba13185ae71ab7ffd3fd256c5e631212ee46170bcd,adder.aig,8,42,89,41,14400.0,400.0,33,53,34,6,61,95,61,53900.0,47900.0,31600.0,956,541700.0,534299.9938875437,39499.89331886172,37999.94010478258,139699.92869533598,49600.028432905674,93100.0,83600.0,ok,11621.0,52186.0,8639.0,30267.0,29000.0,482200.0,4.49066345409173,3.5035305012154185,3.35687000810279,5f85ccec0d99b17c1f1e24b9cc46ce3319945912648ce0a7842f2114eafcb741,semantic_live_support,True,32,256,2848,192,192,8388608,100,5,e22ec7119ffd1636eadffc9fcfcb4843
epfl,validation_reused,epfl-arithmetic-adder-po4-ed17ac917c,,7438036983e270a3aae7df9a97a7adb27b08600271f54b1528fb7c79033c2900,7438036983e270a3aae7df9a97a7adb27b08600271f54b1528fb7c79033c2900,60a28c90dc413ab479e07aba13185ae71ab7ffd3fd256c5e631212ee46170bcd,adder.aig,10,54,117,53,13700.0,300.0,43,69,44,8,81,127,81,72600.0,68100.0,41300.0,1222,600500.0,592199.998209253,38199.97073151171,42899.977415800095,159599.96380843222,58700.01041330397,84700.0,88700.0,ok,18864.0,72790.0,12530.0,39608.0,29900.0,600700.0,3.8586726039016117,3.161053471667997,2.3862729449321627,7438036983e270a3aae7df9a97a7adb27b08600271f54b1528fb7c79033c2900,semantic_live_support,True,128,1280,14976,896,1024,8388608,50,5,ed17ac917c28511b926f91df0f41f4cd
epfl,validation_reused,epfl-arithmetic-adder-po5-d8df03f32b,,cc1392ab2872a16263358c49d54f6f6a042ee879c568ff666eff15a4b702977b,cc1392ab2872a16263358c49d54f6f6a042ee879c568ff666eff15a4b702977b,60a28c90dc413ab479e07aba13185ae71ab7ffd3fd256c5e631212ee46170bcd,adder.aig,12,66,145,65,16000.0,200.0,53,85,54,10,101,159,101,87000.0,80400.0,46700.0,1490,720600.0,711299.9737728387,43899.86861497164,52900.02445690334,185599.9871622771,75700.05254819989,95200.0,97800.0,ok,47190.0,92935.0,27970.0,49885.0,100000.0,770100.0,1.969379105742742,1.7835180550589917,3.5752592062924564,cc1392ab2872a16263358c49d54f6f6a042ee879c568ff666eff15a4b702977b,semantic_live_support,True,512,6144,74240,4096,5120,8388608,20,5,d8df03f32bb4ff5aac640b5056423024
epfl,validation_reused,epfl-arithmetic-adder-po6-5e5f8d2bf9,,ed2f865d4c1d045128523bd100e5c1052d90c4ffdde819b5e6e720ddda2ec6d0,ed2f865d4c1d045128523bd100e5c1052d90c4ffdde819b5e6e720ddda2ec6d0,60a28c90dc413ab479e07aba13185ae71ab7ffd3fd256c5e631212ee46170bcd,adder.aig,14,78,173,77,20200.0,300.0,63,101,64,12,121,191,121,101300.0,94300.0,54800.0,1758,862700.0,852099.9981556088,49000.02386420965,62500.09755603969,228999.8810738325,95900.00263415277,109000.0,118100.0,ok,123840.0,123740.0,66420.0,66120.0,85100.0,926900.0,0.9991925064599483,0.995483288166215,1.2812405901836796,ed2f865d4c1d045128523bd100e5c1052d90c4ffdde819b5e6e720ddda2ec6d0,semantic_live_support,True,2048,28672,354304,18432,24576,8388608,5,5,5e5f8d2bf9194aa08af98cde3140bffc
epfl,validation_reused,epfl-arithmetic-adder-po7-7187a359bb,,9d28057f0e1c91056edd5e0780e22fabb109924591d348fee488088f94b03a13,9d28057f0e1c91056edd5e0780e22fabb109924591d348fee488088f94b03a13,60a28c90dc413ab479e07aba13185ae71ab7ffd3fd256c5e631212ee46170bcd,adder.aig,16,90,201,89,22800.0,300.0,73,117,74,14,141,223,141,119700.0,107300.0,61500.0,2026,1004300.0,992499.990388751,54600.00829771161,72399.99831654131,266500.0793058425,114599.97040219605,124100.0,134800.0,ok,436940.0,210980.0,221900.0,116320.0,136900.0,1315000.0,0.48285805831464274,0.5242000901306895,1.1769257221458047,9d28057f0e1c91056edd5e0780e22fabb109924591d348fee488088f94b03a13,semantic_live_support,True,8192,131072,1646592,81920,114688,8388608,5,5,7187a359bb715a036d7885a01c0f65a1
epfl,validation_reused,epfl-arithmetic-adder-internal23-c8f7e7c3d1,,8c303820e642d3085b45ccf82e502f884e33901014b7355ce9947a191d911173,8c303820e642d3085b45ccf82e502f884e33901014b7355ce9947a191d911173,60a28c90dc413ab479e07aba13185ae71ab7ffd3fd256c5e631212ee46170bcd,adder.aig,8,37,43,35,9400.0,300.0,27,45,29,7,29,45,29,47100.0,48100.0,31300.0,844,409900.0,403599.98820349574,27200.09069889784,31199.94653388858,105999.99222904444,35699.95169527829,58300.0,35300.0,ok,6255.0,26640.0,7368.0,26285.0,24300.0,511900.0,4.258992805755396,3.5674538545059717,3.298045602605863,8c303820e642d3085b45ccf82e502f884e33901014b7355ce9947a191d911173,semantic_live_support,True,32,256,1376,160,224,8388608,100,5,c8f7e7c3d152396e9e07dab9ad5b9c81
epfl,validation_reused,epfl-arithmetic-adder-internal59-0da2adafe4,,314c7a0e9d6ef2861621e1abd2ac969b70fafecc64f84c17e6e40dabd4aec203,314c7a0e9d6ef2861621e1abd2ac969b70fafecc64f84c17e6e40dabd4aec203,60a28c90dc413ab479e07aba13185ae71ab7ffd3fd256c5e631212ee46170bcd,adder.aig,16,86,100,85,21500.0,300.0,69,111,70,16,70,111,70,109000.0,109700.0,59300.0,1932,1001600.0,988300.0166155398,53200.20136423409,69499.97623451054,262100.0458020717,112300.01109652221,123000.0,79500.0,ok,205580.0,112200.0,212240.0,111760.0,139500.0,1307200.0,0.5457729351104194,0.5265736901620807,1.2482104509663565,314c7a0e9d6ef2861621e1abd2ac969b70fafecc64f84c17e6e40dabd4aec203,semantic_live_support,True,8192,131072,819200,73728,131072,8388608,5,5,0da2adafe4073aa50a8272d1609ccc0e
epfl,validation_reused,epfl-arithmetic-bar-internal12-c0943537bc,,8c8c379a4908901531f2f5d87fbfdb999cc6f4d090cf41d953e14297a29dedec,8c8c379a4908901531f2f5d87fbfdb999cc6f4d090cf41d953e14297a29dedec,28a3d895fe2821d4dcd04230751a059cb31ff5e28285a61ff7778cf71fb61da3,bar.aig,8,30,38,23,7000.0,200.0,15,31,22,8,24,35,24,35600.0,40800.0,25500.0,701,381800.0,375900.01011267304,28399.925213307142,32399.98477511108,90700.02124644816,34500.02986937761,39100.0,27400.0,ok,5287.0,23603.0,4994.0,20077.0,22100.0,385300.0,4.464346510308303,4.020224269122948,4.425310372446936,8c8c379a4908901531f2f5d87fbfdb999cc6f4d090cf41d953e14297a29dedec,semantic_live_support,True,32,256,1216,160,256,8388608,100,5,c0943537bc142f4bbb73ea82b186df6e
epfl,validation_reused,epfl-arithmetic-bar-internal946-d4ec02cf11,,de79b1ebef3a6a2f2e4ad16d21d48d5e932615c52349246d16cc90d3647da400,de79b1ebef3a6a2f2e4ad16d21d48d5e932615c52349246d16cc90d3647da400,28a3d895fe2821d4dcd04230751a059cb31ff5e28285a61ff7778cf71fb61da3,bar.aig,8,29,37,22,6700.0,200.0,14,29,21,7,23,33,23,33500.0,39700.0,25700.0,681,368500.0,362599.9961514026,26899.913791567087,31099.94577243924,87299.96625334024,34499.94255788624,34900.0,30700.0,ok,5085.0,22874.0,4743.0,19148.0,23300.0,377200.0,4.4983284169124875,4.037107316044698,4.912502635462787,de79b1ebef3a6a2f2e4ad16d21d48d5e932615c52349246d16cc90d3647da400,semantic_live_support,True,32,256,1184,160,224,8388608,100,5,d4ec02cf1136c41e9bd1916f1b0ee824
epfl,validation_reused,epfl-arithmetic-bar-internal1491-d851acd11c,,79570f48654881e6c3b0293a3404059220fadaf331d51391080aeb1a61f9888e,79570f48654881e6c3b0293a3404059220fadaf331d51391080aeb1a61f9888e,28a3d895fe2821d4dcd04230751a059cb31ff5e28285a61ff7778cf71fb61da3,bar.aig,8,28,36,21,6600.0,300.0,13,27,20,6,22,31,22,32700.0,40000.0,24300.0,660,367000.0,361399.98701401055,27599.97732937336,30600.029276683927,84599.91659037769,35600.00914148986,35300.0,27400.0,ok,4887.0,22727.0,4526.0,18663.0,20900.0,374600.0,4.650501330059341,4.1235086168802475,4.617764030048608,79570f48654881e6c3b0293a3404059220fadaf331d51391080aeb1a61f9888e,semantic_live_support,True,32,256,1152,160,192,8388608,100,5,d851acd11c7e46c1a61c483ea739b41e
epfl,validation_reused,epfl-arithmetic-bar-internal1655-92b9245782,,0b86792efa3f1ec23b5e5fef89798ce65887056f734a22f0ec3bea3a09139cbe,0b86792efa3f1ec23b5e5fef89798ce65887056f734a22f0ec3bea3a09139cbe,28a3d895fe2821d4dcd04230751a059cb31ff5e28285a61ff7778cf71fb61da3,bar.aig,8,29,37,22,6500.0,200.0,14,29,21,7,23,33,23,34000.0,39000.0,24700.0,681,372400.0,366199.99445974827,27200.061595067382,29500.02090074122,92400.06329491735,34900.06201900542,36500.0,28900.0,ok,5004.0,23142.0,4628.0,18869.0,20700.0,402000.0,4.624700239808154,4.077139152981849,4.472774416594642,0b86792efa3f1ec23b5e5fef89798ce65887056f734a22f0ec3bea3a09139cbe,semantic_live_support,True,32,256,1184,160,224,8388608,100,5,92b9245782c10ad004215feb9cdf4cc1
epfl,validation_reused,epfl-arithmetic-bar-internal2321-8f03a00382,,898ae3e0a2d5b9a004896620f6100d41741c1f7a6c59afda8fc4fc20331b6df5,898ae3e0a2d5b9a004896620f6100d41741c1f7a6c59afda8fc4fc20331b6df5,28a3d895fe2821d4dcd04230751a059cb31ff5e28285a61ff7778cf71fb61da3,bar.aig,12,54,76,40,11200.0,300.0,28,57,42,8,48,69,48,59100.0,79700.0,77700.0,1268,727200.0,717599.9926403165,58599.835028871894,61199.942138046026,168900.03462322056,79899.93900991976,70200.0,58200.0,ok,20255.0,48500.0,17185.0,38875.0,35200.0,679400.0,2.394470501110837,2.2621472214140237,2.048297934244981,898ae3e0a2d5b9a004896620f6100d41741c1f7a6c59afda8fc4fc20331b6df5,semantic_live_support,True,512,6144,38912,2560,4096,8388608,20,5,8f03a00382f722f8356f7ce4ae9e61c6
epfl,validation_reused,epfl-arithmetic-div-internal11-6e2b7582e6,,01d0fabd251fcbbe2b93b4b927b26ad2a1a99077152e45ded1e678afa45dbec5,01d0fabd251fcbbe2b93b4b927b26ad2a1a99077152e45ded1e678afa45dbec5,e65955ae0931e5c7ed91a6210f0f6e6b7bd95eaeef1ffddcfb3e7ec633ed5d82,div.aig,8,23,23,17,4600.0,300.0,9,23,15,9,15,23,15,24600.0,28500.0,20600.0,524,265000.0,260400.0037536025,17300.04441924393,25300.018023699522,72499.94087032974,19200.08799061179,25300.0,18800.0,ok,3888.0,14865.0,3520.0,12407.0,19800.0,273100.0,3.8233024691358026,3.5247159090909093,5.625,01d0fabd251fcbbe2b93b4b927b26ad2a1a99077152e45ded1e678afa45dbec5,semantic_live_support,True,32,256,736,160,288,8388608,100,5,6e2b7582e69a24a480feb20a4a258e8d
epfl,validation_reused,epfl-arithmetic-div-internal205-17fa719fea,,997c1bbe98efbc30bcb4fc4bbe24093055e0fa4b85351e419f04bc96f6a3bea2,997c1bbe98efbc30bcb4fc4bbe24093055e0fa4b85351e419f04bc96f6a3bea2,e65955ae0931e5c7ed91a6210f0f6e6b7bd95eaeef1ffddcfb3e7ec633ed5d82,div.aig,10,33,38,26,7000.0,200.0,16,35,23,11,25,38,25,36800.0,44800.0,26200.0,748,387900.0,381699.9960690737,25800.050934776664,37599.96616281569,99799.91591535509,32399.926567450166,38000.0,31100.0,ok,6494.0,24174.0,5962.0,19200.0,21800.0,394100.0,3.722513089005236,3.2203958403220394,3.656491110365649,997c1bbe98efbc30bcb4fc4bbe24093055e0fa4b85351e419f04bc96f6a3bea2,semantic_live_support,True,128,1280,4864,640,1408,8388608,50,5,17fa719fea419fc70e73558a1f8ddce6
epfl,validation_reused,epfl-arithmetic-div-internal2341-0bff27478a,,5778f985db754c6628691f56fadae50c65fddbe8eb2e93039633fefa05d45e31,5778f985db754c6628691f56fadae50c65fddbe8eb2e93039633fefa05d45e31,e65955ae0931e5c7ed91a6210f0f6e6b7bd95eaeef1ffddcfb3e7ec633ed5d82,div.aig,8,22,22,16,4400.0,300.0,8,21,14,8,14,21,14,22900.0,26900.0,20500.0,504,252800.0,248299.9989297241,17000.013031065464,24400.040274485946,67999.87750127912,19500.03206729889,23600.0,17300.0,ok,3565.0,14069.0,3266.0,11689.0,19200.0,278900.0,3.9464235624123423,3.5789957134109,5.878750765462339,5778f985db754c6628691f56fadae50c65fddbe8eb2e93039633fefa05d45e31,semantic_live_support,True,32,256,704,160,256,8388608,100,5,0bff27478a11a38d9def3bd159cffbdd
epfl,validation_reused,epfl-arithmetic-div-internal10810-b1ae747db1,,d5990a0fe875a0aa109edb831f0e95b8f0a3a46b9b78daeaea9ce05c32c7201f,d5990a0fe875a0aa109edb831f0e95b8f0a3a46b9b78daeaea9ce05c32c7201f,e65955ae0931e5c7ed91a6210f0f6e6b7bd95eaeef1ffddcfb3e7ec633ed5d82,div.aig,14,41,41,29,7200.0,300.0,15,41,27,15,27,41,27,39900.0,50100.0,31300.0,924,505300.0,499000.0161342323,37800.08410103619,54999.92403201759,126000.02810359001,44100.015657022595,40300.0,29800.0,ok,26260.0,30740.0,23680.0,26220.0,45100.0,486400.0,1.1706016755521707,1.1072635135135136,1.9045608108108107,d5990a0fe875a0aa109edb831f0e95b8f0a3a46b9b78daeaea9ce05c32c7201f,semantic_live_support,True,2048,28672,83968,12288,30720,8388608,5,5,b1ae747db1c268396bdf3e86f1f55413
epfl,validation_reused,epfl-arithmetic-div-internal28675-2e29c8b7fc,,8b2cf5a9437ce2378e2ba67b209e77c5966fb18f456512ec0aaaa01c619c217b,8b2cf5a9437ce2378e2ba67b209e77c5966fb18f456512ec0aaaa01c619c217b,e65955ae0931e5c7ed91a6210f0f6e6b7bd95eaeef1ffddcfb3e7ec633ed5d82,div.aig,16,46,46,32,8000.0,300.0,16,45,30,16,30,45,30,44000.0,57400.0,34500.0,1038,547100.0,540299.981366843,39400.067180395126,61900.09298734367,140699.9654136598,47099.951189011335,42800.0,35200.0,ok,81520.0,52700.0,74260.0,47140.0,65200.0,626900.0,0.6464671246319922,0.6347966603824401,1.3831141281289776,8b2cf5a9437ce2378e2ba67b209e77c5966fb18f456512ec0aaaa01c619c217b,semantic_live_support,True,8192,131072,376832,49152,131072,8388608,5,5,2e29c8b7fc05a592949476903c8a4505
epfl,validation_reused,epfl-arithmetic-hyp-internal65-be3998eac0,,892dc1d93262adb098e8a99ab8d0c65922c9e262dbaf8c9b873ea42b1e34007a,892dc1d93262adb098e8a99ab8d0c65922c9e262dbaf8c9b873ea42b1e34007a,b0be478cd838b5fb7bb91ee695aae9e5e8a6ddb3035f965461bb709c21386549,hyp.aig,8,44,67,38,10700.0,300.0,30,51,36,7,41,57,41,73000.0,59300.0,35700.0,1037,580600.0,572599.9944843352,43599.92453828454,46399.91675503552,139400.0428263098,58699.86489415169,66800.0,50400.0,ok,7888.0,40038.0,8272.0,32795.0,25200.0,561800.0,5.075811359026369,3.9645793036750483,3.04642166344294,892dc1d93262adb098e8a99ab8d0c65922c9e262dbaf8c9b873ea42b1e34007a,semantic_live_support,True,32,256,2144,192,224,8388608,100,5,be3998eac02d8153fbe2b03fa2a191da
epfl,validation_reused,epfl-arithmetic-hyp-internal17666-fd54aaf9b3,,198de70838377fa516f8f25f259d48d2acc38d2f09f983f3f98ba3a32f0a4e07,198de70838377fa516f8f25f259d48d2acc38d2f09f983f3f98ba3a32f0a4e07,b0be478cd838b5fb7bb91ee695aae9e5e8a6ddb3035f965461bb709c21386549,hyp.aig,12,58,108,53,14600.0,300.0,41,66,46,7,66,91,66,82600.0,76100.0,44900.0,1348,723600.0,713499.9905247241,54600.03740154207,53899.94475990534,176399.975316599,78599.9873187393,87000.0,88600.0,ok,26160.0,67505.0,21800.0,43810.0,39200.0,731400.0,2.5804663608562692,2.009633027522936,1.798165137614679,198de70838377fa516f8f25f259d48d2acc38d2f09f983f3f98ba3a32f0a4e07,semantic_live_support,True,512,6144,55296,3072,3584,8388608,20,5,fd54aaf9b3ed8bf0bd52a04ebb21538c
epfl,validation_reused,epfl-arithmetic-hyp-internal39470-7af4a2b5bd,,9d6d1b4f4cb9e69615ed682a9f012d7c5e34dba6e16ce2c30fe3fe08f3a41526,9d6d1b4f4cb9e69615ed682a9f012d7c5e34dba6e16ce2c30fe3fe08f3a41526,b0be478cd838b5fb7bb91ee695aae9e5e8a6ddb3035f965461bb709c21386549,hyp.aig,12,41,49,33,9500.0,300.0,21,39,29,6,29,39,29,53800.0,54300.0,34400.0,962,533200.0,525799.987372011,39700.011257082224,39699.98215325177,125800.08478835225,55200.04197023809,72100.0,44100.0,ok,12280.0,31195.0,13160.0,28660.0,30800.0,608000.0,2.5403094462540716,2.1778115501519757,2.3404255319148937,9d6d1b4f4cb9e69615ed682a9f012d7c5e34dba6e16ce2c30fe3fe08f3a41526,semantic_live_support,True,512,6144,25088,2560,3072,8388608,20,5,7af4a2b5bdfe2e940f507a680a7b93a5
epfl,validation_reused,epfl-arithmetic-hyp-internal60556-85a8c283b2,,068cc6dea0f88cf6c0cc4c18cb930df20504334f2df745ea0ba2b63d9c114d87,068cc6dea0f88cf6c0cc4c18cb930df20504334f2df745ea0ba2b63d9c114d87,b0be478cd838b5fb7bb91ee695aae9e5e8a6ddb3035f965461bb709c21386549,hyp.aig,12,47,103,41,11100.0,300.0,29,49,35,6,63,87,63,61200.0,68000.0,38500.0,1096,572400.0,563900.0155497342,40700.106183066964,40599.84348714352,136599.9924018979,66099.89213757217,65900.0,79900.0,ok,25865.0,63670.0,16790.0,34520.0,34500.0,685300.0,2.461627682196018,2.0559857057772484,2.0547945205479454,068cc6dea0f88cf6c0cc4c18cb930df20504334f2df745ea0ba2b63d9c114d87,semantic_live_support,True,512,6144,52736,3072,3072,8388608,20,5,85a8c283b241c11a136b97590b04e7e5
epfl,validation_reused,epfl-arithmetic-hyp-internal76240-1bc3a2623d,,e7557c59ce00eb6eac61299f2e160fc750fec37af064a2bf539668e19c462bdc,e7557c59ce00eb6eac61299f2e160fc750fec37af064a2bf539668e19c462bdc,b0be478cd838b5fb7bb91ee695aae9e5e8a6ddb3035f965461bb709c21386549,hyp.aig,12,57,211,53,13700.0,300.0,41,65,45,6,131,183,131,77400.0,73300.0,44000.0,1324,709000.0,699500.0003371388,53699.97234083712,51400.01303516328,170400.04604496062,79299.87623356283,82700.0,155400.0,ok,53730.0,128810.0,22225.0,43420.0,39400.0,715800.0,2.397357156151126,1.9536557930258718,1.7727784026996625,e7557c59ce00eb6eac61299f2e160fc750fec37af064a2bf539668e19c462bdc,semantic_live_support,True,512,6144,108032,3584,3072,8388608,20,5,1bc3a2623d755d21c2b1f52b6c23ac51
epfl,validation_reused,epfl-arithmetic-hyp-internal97454-29cafc7bc4,,6ae90b00e22334d16b32f3d55eca283934424b24de7bb04bdf7380a4e42aeaaf,6ae90b00e22334d16b32f3d55eca283934424b24de7bb04bdf7380a4e42aeaaf,b0be478cd838b5fb7bb91ee695aae9e5e8a6ddb3035f965461bb709c21386549,hyp.aig,10,37,45,31,8600.0,200.0,21,37,27,6,27,37,27,45300.0,49000.0,29800.0,868,453400.0,446699.99624602497,33400.021493434906,34400.08731558919,112299.9528888613,45400.02555586398,50700.0,33600.0,ok,6398.0,27526.0,7156.0,25506.0,24000.0,473300.0,4.302281963113473,3.564281721632197,3.3538289547233093,6ae90b00e22334d16b32f3d55eca283934424b24de7bb04bdf7380a4e42aeaaf,semantic_live_support,True,128,1280,5760,640,768,8388608,50,5,29cafc7bc498116a823b99a9af3569b8
epfl,validation_reused,epfl-arithmetic-hyp-internal119304-16daab6b7b,,1c4d64d031df1f1e95ff233263a3bef9131a16bacc361ce541751c5252b84018,1c4d64d031df1f1e95ff233263a3bef9131a16bacc361ce541751c5252b84018,b0be478cd838b5fb7bb91ee695aae9e5e8a6ddb3035f965461bb709c21386549,hyp.aig,12,57,107,51,13400.0,200.0,39,64,45,7,65,89,65,74600.0,72600.0,43900.0,1328,724500.0,714900.0011850148,57899.88790638745,55299.9263163656,171299.96558651328,84800.00542476773,78800.0,84100.0,ok,25845.0,65855.0,21005.0,43220.0,38400.0,751900.0,2.5480750628748305,2.0576053320637944,1.8281361580576054,1c4d64d031df1f1e95ff233263a3bef9131a16bacc361ce541751c5252b84018,semantic_live_support,True,512,6144,54784,3072,3584,8388608,20,5,16daab6b7bdf7b07ea30b5ec661a047d
epfl,validation_reused,epfl-arithmetic-hyp-internal212060-c28ab69616,,c1ba94e94e9e5bda403528c481e360a007a4338aec7850571e72a8ba0d9e4a12,c1ba94e94e9e5bda403528c481e360a007a4338aec7850571e72a8ba0d9e4a12,b0be478cd838b5fb7bb91ee695aae9e5e8a6ddb3035f965461bb709c21386549,hyp.aig,8,93,635,89,24100.0,400.0,81,126,85,14,399,563,399,251900.0,184000.0,65600.0,2173,1181700.0,1164200.0172287226,91900.0303838402,92900.06710216403,285399.99038912356,140300.04967935383,147400.0,500000.0,ok,70472.0,375967.0,19449.0,72735.0,37200.0,1143200.0,5.3349841071631285,3.7397809656023444,1.9126947400894647,c1ba94e94e9e5bda403528c481e360a007a4338aec7850571e72a8ba0d9e4a12,semantic_live_support,True,32,256,20320,288,448,8388608,100,5,c28ab69616b3c6909e4aa6aed555f5d6
epfl,validation_reused,epfl-arithmetic-log2-internal16-c3a7b25434,,3269aeb6831504cb8679ea40f749072951eb1728cc5e21e45fd0d6b423f6fa42,3269aeb6831504cb8679ea40f749072951eb1728cc5e21e45fd0d6b423f6fa42,146f031921372d0dc47c73ad2c82ce4e7413caff725204b7938a4cf61b1f15cb,log2.aig,8,19,19,13,3700.0,200.0,5,15,11,5,11,15,11,20200.0,25100.0,18500.0,444,246000.0,241299.97473210096,17300.015315413475,20800.012862309813,56600.02352669835,20400.038920342922,21500.0,17400.0,ok,2881.0,12230.0,2573.0,9936.0,19100.0,241300.0,4.245053800763624,3.861640108822386,7.4232413525068015,3269aeb6831504cb8679ea40f749072951eb1728cc5e21e45fd0d6b423f6fa42,semantic_live_support,True,32,256,608,160,160,8388608,100,5,c3a7b254347e6b932fdd568eab56616c
epfl,validation_reused,epfl-arithmetic-log2-internal1914-5f203d9539,,572dbdacc4bddfa324214e5e0f808bf1673be4ab3cbd524794866e03edfe9660,572dbdacc4bddfa324214e5e0f808bf1673be4ab3cbd524794866e03edfe9660,146f031921372d0dc47c73ad2c82ce4e7413caff725204b7938a4cf61b1f15cb,log2.aig,8,402,2380,291,89100.0,300.0,283,515,394,117,1476,2049,1476,670300.0,604700.0,262500.0,10299,9788300.0,9646899.998188019,1304500.037804246,1716500.2063848078,1663899.776758626,1680100.0747364014,519800.0,1893500.0,ok,274715.0,1379108.0,71561.0,310045.0,94100.0,8538400.0,5.0201408732686605,4.332597364486243,1.3149620603401293,572dbdacc4bddfa324214e5e0f808bf1673be4ab3cbd524794866e03edfe9660,semantic_live_support,True,32,256,76160,288,3744,8388608,100,5,5f203d953931fcdf28e2dfa9b241a0ae
epfl,validation_reused,epfl-arithmetic-log2-internal3778-4bd86194c9,,2ce995d729520a32007bd7dd1acacf3813d4a3757255e3ae7d1e898dd59a0203,2ce995d729520a32007bd7dd1acacf3813d4a3757255e3ae7d1e898dd59a0203,146f031921372d0dc47c73ad2c82ce4e7413caff725204b7938a4cf61b1f15cb,log2.aig,8,64,191,44,13600.0,200.0,36,72,56,14,119,167,119,73900.0,85600.0,48100.0,1563,965900.0,955499.9996908009,94899.90770816803,92400.0923987478,201300.16491748393,129900.14511160553,73300.0,122800.0,ok,20632.0,113677.0,10186.0,46974.0,27700.0,892600.0,5.509742148119426,4.611623797368938,2.719418810131553,2ce995d729520a32007bd7dd1acacf3813d4a3757255e3ae7d1e898dd59a0203,semantic_live_support,True,32,256,6112,192,448,8388608,100,5,4bd86194c9caae856550eb197db8c927
epfl,validation_reused,epfl-arithmetic-log2-internal5717-7cc65aa43a,,48187f7424e4a340a340f865bc4f2d47d3bb7ffaceccadf8e59ad718b98d0bd0,48187f7424e4a340a340f865bc4f2d47d3bb7ffaceccadf8e59ad718b98d0bd0,146f031921372d0dc47c73ad2c82ce4e7413caff725204b7938a4cf61b1f15cb,log2.aig,8,78,203,51,20600.0,300.0,43,88,70,21,123,167,123,77700.0,105600.0,57600.0,1922,1218500.0,1205499.9824613333,125400.02353489399,129599.96820427477,249499.92075562477,164199.79510828853,87600.0,156700.0,ok,21204.0,119103.0,12537.0,58159.0,30200.0,1099400.0,5.61700622524052,4.6389885937624635,2.4088697455531625,48187f7424e4a340a340f865bc4f2d47d3bb7ffaceccadf8e59ad718b98d0bd0,semantic_live_support,True,32,256,6496,192,672,8388608,100,5,7cc65aa43a34ba3681d0dddbd21687a1
epfl,validation_reused,epfl-arithmetic-log2-internal7808-791f45c1ba,,1f6f71b6077524958b516c869356dd36e7b353bbad0a2d3c892595e520fd611f,1f6f71b6077524958b516c869356dd36e7b353bbad0a2d3c892595e520fd611f,146f031921372d0dc47c73ad2c82ce4e7413caff725204b7938a4cf61b1f15cb,log2.aig,8,1563,3466426,876,347300.0,1200.0,868,1953,1555,269,,,,2869200.0,2329300.0,1017800.0,42203,52060400.0,51376600.02219491,7044100.086204708,12702799.896942452,8875199.797330424,9263500.018278137,1773900.0,,skipped_source_protocol,,,258723.0,1169693.0,296900.0,47555900.0,,4.521024416074335,1.1475593588509718,1f6f71b6077524958b516c869356dd36e7b353bbad0a2d3c892595e520fd611f,semantic_live_support,True,32,256,,,8608,8388608,100,5,791f45c1ba31f5d9f05c8b492299c35d
epfl,validation_reused,epfl-arithmetic-log2-internal10182-8de9088c0d,,1f039510013a58de6a8e31ddc7b0622a7670e834248c337f69dc0e6d684dcd5f,1f039510013a58de6a8e31ddc7b0622a7670e834248c337f69dc0e6d684dcd5f,146f031921372d0dc47c73ad2c82ce4e7413caff725204b7938a4cf61b1f15cb,log2.aig,14,1409,2572957,815,308200.0,500.0,800,1764,1394,234,,,,2590100.0,2259500.0,1006600.0,37778,47798900.0,47480699.98458959,6474800.116848201,10739199.875388294,7304299.884708598,9377100.184792653,1512100.0,,skipped_source_protocol,,,1025820.0,1281400.0,980600.0,43887100.0,,1.2491470238443392,0.9559181922754479,502ede267c969d8728c23ca315ce2314b93f601aa83a1edaf60de9ea6bf43cd2,semantic_live_support,True,2048,28672,,,479232,8388608,5,5,8de9088c0d9597039c78d1929d1274f4
epfl,validation_reused,epfl-arithmetic-log2-internal13053-84f396fda2,,cb1fffb7a2370c8034e8a614b6681b5037e45557b067c43afb4806c0f505bf57,cb1fffb7a2370c8034e8a614b6681b5037e45557b067c43afb4806c0f505bf57,146f031921372d0dc47c73ad2c82ce4e7413caff725204b7938a4cf61b1f15cb,log2.aig,8,74,215,50,16700.0,300.0,42,84,66,16,135,191,135,82000.0,101000.0,61100.0,1818,1191900.0,1179499.9882113189,121700.05356892943,121500.11025369167,245000.11932104826,162500.10230578482,96700.0,157200.0,ok,24145.0,128660.0,11711.0,55114.0,29700.0,1015000.0,5.328639469869538,4.706173682862266,2.5360771923832295,cb1fffb7a2370c8034e8a614b6681b5037e45557b067c43afb4806c0f505bf57,semantic_live_support,True,32,256,6880,224,512,8388608,100,5,84f396fda25c13f6ffd8d74183c72aeb
epfl,validation_reused,epfl-arithmetic-log2-internal32040-45f1c015f0,,e55e842043ee29d88a582451a6ef3580c1ab35ebefb21317fd2ad21db6764a46,e55e842043ee29d88a582451a6ef3580c1ab35ebefb21317fd2ad21db6764a46,146f031921372d0dc47c73ad2c82ce4e7413caff725204b7938a4cf61b1f15cb,log2.aig,8,411,4985,295,104900.0,400.0,287,531,403,121,3111,4349,3111,756400.0,618400.0,286600.0,10530,9578200.0,9441800.008062273,1281400.0365324318,1699599.5538309216,1699100.0447887927,1594299.8870741576,544700.0,4412500.0,ok,565832.0,2894840.0,71939.0,316094.0,92000.0,8296700.0,5.116076856734861,4.393917068627587,1.278861257454232,e55e842043ee29d88a582451a6ef3580c1ab35ebefb21317fd2ad21db6764a46,semantic_live_support,True,32,256,159520,352,3872,8388608,100,5,45f1c015f0521faa2e84f1b97c3f9eff
epfl,validation_reused,epfl-arithmetic-max-internal9-16138770df,,9e092f4bc31b29bcfb23ba1e8e85d556e0900daa6b32105d6089ac6ac5858083,9e092f4bc31b29bcfb23ba1e8e85d556e0900daa6b32105d6089ac6ac5858083,9a7c45c95cec2afbfd418468d8b5ff6a33161c591892e34ba34ff6ed3fbbb1a9,max.aig,8,28,30,26,7200.0,200.0,18,31,20,6,20,31,20,39000.0,36100.0,24600.0,636,307200.0,302000.0003743917,18199.99306462705,21900.050342082977,82100.04307329655,24100.008886307478,48400.0,24100.0,ok,4624.0,19099.0,5267.0,18543.0,22300.0,323500.0,4.130406574394463,3.52059996202772,4.233909246250238,9e092f4bc31b29bcfb23ba1e8e85d556e0900daa6b32105d6089ac6ac5858083,semantic_live_support,True,32,256,960,128,192,8388608,100,5,16138770df66c40ef44ecd7a9f37d58b
epfl,validation_reused,epfl-arithmetic-max-internal199-d7c9bf4c7a,,0e225e0385ddf5af7e7a80679873b1d5ab4d660032c9ca1b9d66c7e0e25cafe0,0e225e0385ddf5af7e7a80679873b1d5ab4d660032c9ca1b9d66c7e0e25cafe0,9a7c45c95cec2afbfd418468d8b5ff6a33161c591892e34ba34ff6ed3fbbb1a9,max.aig,11,53,110,51,12600.0,300.0,40,66,42,9,76,119,76,68400.0,64000.0,38000.0,1195,592800.0,585300.0038769096,33900.02530068159,44799.933675676584,157299.917191267,61700.004152953625,72600.0,85100.0,ok,20560.0,68675.0,13705.0,37525.0,28600.0,590100.0,3.34022373540856,2.738051805910252,2.0868296242247353,0e225e0385ddf5af7e7a80679873b1d5ab4d660032c9ca1b9d66c7e0e25cafe0,semantic_live_support,True,256,2816,28160,1536,2304,8388608,20,5,d7c9bf4c7a62a681ada392b093293654
epfl,validation_reused,epfl-arithmetic-max-internal358-1768f94bf4,,c296615806cbadda08f39beb75e2b925fb2488f33a2f35b46f7290c6ee3a871f,c296615806cbadda08f39beb75e2b925fb2488f33a2f35b46f7290c6ee3a871f,9a7c45c95cec2afbfd418468d8b5ff6a33161c591892e34ba34ff6ed3fbbb1a9,max.aig,8,37,43,34,8700.0,300.0,26,45,29,8,29,45,29,44700.0,50900.0,27800.0,842,421600.0,415300.01908540726,26499.939849600196,33299.9334204942,110899.91312474012,37999.998312443495,56100.0,38100.0,ok,6000.0,26341.0,7166.0,26224.0,24700.0,519800.0,4.3901666666666666,3.659503209600893,3.446832263466369,c296615806cbadda08f39beb75e2b925fb2488f33a2f35b46f7290c6ee3a871f,semantic_live_support,True,32,256,1376,160,256,8388608,100,5,1768f94bf4b5d294db744cf5eb0fc661
epfl,validation_reused,epfl-arithmetic-max-internal485-1db8c85dc1,,ac60471a71d690820510ddaee87fdb00def36528db9ba5a91c1d4bb5a425052b,ac60471a71d690820510ddaee87fdb00def36528db9ba5a91c1d4bb5a425052b,9a7c45c95cec2afbfd418468d8b5ff6a33161c591892e34ba34ff6ed3fbbb1a9,max.aig,8,23,23,21,5900.0,300.0,13,23,15,5,15,23,15,28300.0,27100.0,20600.0,524,245000.0,240099.99469853938,14300.021575763822,18399.96548369527,64200.11050067842,19400.06040968001,32500.0,18600.0,ok,3792.0,15047.0,4189.0,14297.0,20600.0,273200.0,3.968090717299578,3.4129863929338744,4.917641441871568,ac60471a71d690820510ddaee87fdb00def36528db9ba5a91c1d4bb5a425052b,semantic_live_support,True,32,256,736,128,160,8388608,100,5,1db8c85dc1cff343018757029be77feb
epfl,validation_reused,epfl-arithmetic-max-internal888-0e6bfd375e,,0c9dc5155c1c1424edd4236b9343653c88189d15be701435ccca97f8383fb2cc,0c9dc5155c1c1424edd4236b9343653c88189d15be701435ccca97f8383fb2cc,9a7c45c95cec2afbfd418468d8b5ff6a33161c591892e34ba34ff6ed3fbbb1a9,max.aig,8,32,36,29,7900.0,300.0,21,37,24,7,24,37,24,44600.0,38900.0,25300.0,728,368100.0,362199.99310560524,22199.965314939618,28300.011763349175,93999.95906278491,30500.02851523459,45100.0,26800.0,ok,5393.0,23288.0,5974.0,21761.0,24000.0,380400.0,4.318190246615984,3.642618011382658,4.017408771342484,0c9dc5155c1c1424edd4236b9343653c88189d15be701435ccca97f8383fb2cc,semantic_live_support,True,32,256,1152,160,224,8388608,100,5,0e6bfd375eee1868b5d3069bb08892e2
epfl,validation_reused,epfl-arithmetic-max-internal1138-315c29a3d9,,006d933ef5f79016159106ad21c150690ba37d318364af9ff1f9918b8fdc14b0,006d933ef5f79016159106ad21c150690ba37d318364af9ff1f9918b8fdc14b0,9a7c45c95cec2afbfd418468d8b5ff6a33161c591892e34ba34ff6ed3fbbb1a9,max.aig,8,34,38,33,8600.0,300.0,25,41,26,7,26,41,26,43500.0,41100.0,26700.0,768,383600.0,378700.002329424,19299.9723367393,26799.942133948207,97499.89840202034,31400.035368278623,48800.0,26800.0,ok,5797.0,23990.0,6838.0,23567.0,23900.0,385500.0,4.138347421079869,3.446475577654285,3.495174027493419,006d933ef5f79016159106ad21c150690ba37d318364af9ff1f9918b8fdc14b0,semantic_live_support,True,32,256,1216,160,224,8388608,100,5,315c29a3d9bcc13760721d8828cf97e9
epfl,validation_reused,epfl-arithmetic-multiplier-po3-d3b5084b79,,629864367eeef65759c1c7b2ee4b4259ddc1d36d4e2b9ea05a48b00065b82060,629864367eeef65759c1c7b2ee4b4259ddc1d36d4e2b9ea05a48b00065b82060,543555652101e587c1d1b18a38eb18dfebcb5f85e63e35c781361aa26888946e,multiplier.aig,8,143,2455,131,33600.0,200.0,123,198,135,14,1649,2493,1649,190700.0,177600.0,101400.0,3415,1880300.0,1870900.0141825527,145900.0341128558,166000.09985268116,448200.0367715955,213899.853406474,210000.0,1803200.0,ok,313501.0,1471656.0,28544.0,113406.0,49600.0,1765100.0,4.694262538237518,3.9730241031390134,1.7376681614349776,629864367eeef65759c1c7b2ee4b4259ddc1d36d4e2b9ea05a48b00065b82060,semantic_live_support,True,32,256,78560,288,448,8388608,100,5,d3b5084b793f95f04d04d12f1c7e366d
epfl,validation_reused,epfl-arithmetic-multiplier-po4-54b9cbe5da,,70c9cb6c87e680d8d1cf7335ea3362b7074b71609af6c6031cfa85ba615c64d6,70c9cb6c87e680d8d1cf7335ea3362b7074b71609af6c6031cfa85ba615c64d6,543555652101e587c1d1b18a38eb18dfebcb5f85e63e35c781361aa26888946e,multiplier.aig,10,231,9953,210,55500.0,300.0,199,322,220,18,6773,10367,6773,314500.0,310700.0,150500.0,5599,3134200.0,3086899.989284575,241499.62700903416,281599.9323502183,730099.796783179,383199.92017932236,351600.0,8615900.0,ok,1561552.0,6110420.0,54610.0,191652.0,76200.0,3110900.0,3.9130429214012725,3.509467130562168,1.3953488372093024,a4bfed488609e5107454f3c60631dc9478e8d8058b5a710d99f59e3be21467ea,semantic_live_support,True,128,1280,1273984,1536,2304,8388608,50,5,54b9cbe5da5cba8980c927ad509e69c2
epfl,validation_reused,epfl-arithmetic-multiplier-po5-ad1045c3bc,,9b6a7a15d2450265125ff2d0882f989c169ad27b5f22ac15faf1a9845b9d4be9,9b6a7a15d2450265125ff2d0882f989c169ad27b5f22ac15faf1a9845b9d4be9,543555652101e587c1d1b18a38eb18dfebcb5f85e63e35c781361aa26888946e,multiplier.aig,12,307,25681,284,75300.0,300.0,272,432,295,22,17533,26919,17533,418800.0,413000.0,197100.0,7499,4197600.0,4145600.0180915,321600.00409930944,368699.8679768294,957200.0126354396,537999.9929573387,450400.0,20051500.0,refused_temporary_budget,,,142240.0,261650.0,198300.0,3936200.0,,1.8394966254218224,1.3941226096737909,9b6a7a15d2450265125ff2d0882f989c169ad27b5f22ac15faf1a9845b9d4be9,semantic_live_support,True,512,6144,13148672,6656,11264,8388608,20,5,ad1045c3bcbb833f4ca254e0b9e49a88
epfl,validation_reused,epfl-arithmetic-multiplier-po6-1ed43b9012,,81f326f27605be20525566c09a58817cd052cfbbe82c0a03e4837c12214e4294,81f326f27605be20525566c09a58817cd052cfbbe82c0a03e4837c12214e4294,543555652101e587c1d1b18a38eb18dfebcb5f85e63e35c781361aa26888946e,multiplier.aig,14,395,57571,369,109200.0,400.0,355,559,381,24,39363,60519,39363,547100.0,574300.0,261000.0,9685,6971700.0,6826599.972555414,525499.9850876629,574299.8619098216,1768599.933711812,1012399.9090865254,641100.0,50023900.0,refused_temporary_budget,,,358880.0,380200.0,372500.0,5412700.0,,1.059407044137316,1.0379514043691485,81f326f27605be20525566c09a58817cd052cfbbe82c0a03e4837c12214e4294,semantic_live_support,True,2048,28672,117905408,30720,49152,8388608,5,5,1ed43b9012def7eda7e3bf298a6db017
epfl,validation_reused,epfl-arithmetic-multiplier-internal72-32d8a19161,,94b5b537c776457a60ff4d7497a7e9363e97323f91ba241e335eb0476f302a63,94b5b537c776457a60ff4d7497a7e9363e97323f91ba241e335eb0476f302a63,543555652101e587c1d1b18a38eb18dfebcb5f85e63e35c781361aa26888946e,multiplier.aig,8,71,379,61,15900.0,200.0,53,92,63,10,254,384,254,92300.0,87100.0,49800.0,1667,876800.0,866399.9906275421,66799.89746771753,79599.93672557175,212799.99054968357,92100.20652972162,92200.0,344000.0,ok,44998.0,226338.0,13385.0,54757.0,30900.0,871600.0,5.029956886972754,4.090922674635786,2.30855435188644,94b5b537c776457a60ff4d7497a7e9363e97323f91ba241e335eb0476f302a63,semantic_live_support,True,32,256,12128,224,320,8388608,100,5,32d8a19161cb3892f02bb79a125cd124
epfl,validation_reused,epfl-arithmetic-multiplier-internal2314-b18e1af7fc,,1d27d2717ee24a52912668cd788986209715cce7ce28d164e08dddf51a004507,1d27d2717ee24a52912668cd788986209715cce7ce28d164e08dddf51a004507,543555652101e587c1d1b18a38eb18dfebcb5f85e63e35c781361aa26888946e,multiplier.aig,15,145,445,129,33000.0,300.0,114,193,130,24,303,465,303,186800.0,188200.0,96300.0,3422,2064400.0,2053900.0106509775,142300.15221983194,161900.0977370888,445900.07746592164,240299.90890994668,188400.0,275900.0,ok,549460.0,406480.0,202340.0,159340.0,241200.0,2354000.0,0.7397808757689368,0.78748640901453,1.1920529801324504,1d27d2717ee24a52912668cd788986209715cce7ce28d164e08dddf51a004507,semantic_live_support,True,4096,61440,1822720,53248,98304,8388608,5,5,b18e1af7fcbbdb5f917095d09f80a36b
epfl,validation_reused,epfl-arithmetic-multiplier-internal7576-a86c4496f1,,fcfcfaa9e1207088156a88507dec2d35c22f1af36b590f96bcb98aff95237677,fcfcfaa9e1207088156a88507dec2d35c22f1af36b590f96bcb98aff95237677,543555652101e587c1d1b18a38eb18dfebcb5f85e63e35c781361aa26888946e,multiplier.aig,16,154,480,137,62300.0,1300.0,121,205,138,26,327,502,327,306100.0,339300.0,139400.0,3640,2142200.0,2102700.003888458,152300.0537417829,175800.14537088573,504699.7976023704,245200.09174011648,234400.0,373800.0,ok,1604380.0,509140.0,370660.0,209500.0,229200.0,2134400.0,0.31734377142572207,0.5652080073382615,1.0940334128878282,fcfcfaa9e1207088156a88507dec2d35c22f1af36b590f96bcb98aff95237677,semantic_live_support,True,8192,131072,3932160,114688,212992,8388608,5,5,a86c4496f10eff6ce65f60e5923f747c
epfl,validation_reused,epfl-arithmetic-multiplier-internal26856-ce1452e666,,5b1311b0bd79a5281a8098298bbfab287bdf3484752e78841dd644636f1b2400,5b1311b0bd79a5281a8098298bbfab287bdf3484752e78841dd644636f1b2400,543555652101e587c1d1b18a38eb18dfebcb5f85e63e35c781361aa26888946e,multiplier.aig,8,53,447,53,13700.0,300.0,45,68,45,8,307,475,307,77600.0,73700.0,40500.0,1223,632400.0,624400.0105652958,39100.09399987757,47700.04306919873,158800.07413215935,68299.93799328804,76800.0,299800.0,ok,55221.0,268677.0,10899.0,39217.0,28400.0,632700.0,4.86548595642962,3.5982200201853383,2.605743646206074,5b1311b0bd79a5281a8098298bbfab287bdf3484752e78841dd644636f1b2400,semantic_live_support,True,32,256,14304,192,256,8388608,100,5,ce1452e6668b4909b91a1234dd10261d
epfl,validation_reused,epfl-arithmetic-sin-internal473-3d94727928,,ea2436278464508cf40dafdb68691a17b11649d0ad661adeb7fac75363fe48e0,ea2436278464508cf40dafdb68691a17b11649d0ad661adeb7fac75363fe48e0,e1a649d2eca27337787cb4aed79abe120f49597975beaed8bffd6a329c2664b3,sin.aig,15,49,91,37,9600.0,300.0,22,52,34,15,61,93,61,56900.0,95200.0,37200.0,1105,671300.0,662900.012684986,42799.97665435076,97100.06997920573,157200.00374130905,83400.02386830747,52200.0,66600.0,ok,96860.0,93660.0,51500.0,44680.0,70600.0,751100.0,0.9669626264711956,0.8675728155339806,1.370873786407767,ea2436278464508cf40dafdb68691a17b11649d0ad661adeb7fac75363fe48e0,semantic_live_support,True,4096,61440,372736,16384,61440,8388608,5,5,3d94727928cfeeabc60c80b54077fd83
epfl,validation_reused,epfl-arithmetic-sin-internal618-7a9d438d5b,,4c6aae58f1e5eb08bba9e16f5446a4787129b7312b7602726bae9c99a71c442f,4c6aae58f1e5eb08bba9e16f5446a4787129b7312b7602726bae9c99a71c442f,e1a649d2eca27337787cb4aed79abe120f49597975beaed8bffd6a329c2664b3,sin.aig,13,39,39,29,7300.0,300.0,16,40,26,14,26,40,26,43300.0,46600.0,29100.0,877,648000.0,639200.0068444759,42600.033339113,73899.95153062046,173199.7763272375,67800.02149753273,41300.0,52200.0,ok,18720.0,28160.0,17100.0,23560.0,34400.0,489300.0,1.5042735042735043,1.3777777777777778,2.0116959064327484,4c6aae58f1e5eb08bba9e16f5446a4787129b7312b7602726bae9c99a71c442f,semantic_live_support,True,1024,13312,39936,3072,14336,8388608,5,5,7a9d438d5b320a7176c1a8a3128853ae
epfl,validation_reused,epfl-arithmetic-sin-internal960-85572a6224,,c898ea29e1a22accb12fa471817d9a314a8bad31404f711c42721a50e2de6c9f,c898ea29e1a22accb12fa471817d9a314a8bad31404f711c42721a50e2de6c9f,e1a649d2eca27337787cb4aed79abe120f49597975beaed8bffd6a329c2664b3,sin.aig,8,24,24,19,5000.0,200.0,11,25,16,9,16,25,16,26800.0,28200.0,20800.0,544,285600.0,280699.9837048352,16600.039089098573,32499.985536560416,72200.08410513401,23499.975213781,27300.0,18200.0,ok,4134.0,15658.0,3943.0,13394.0,20000.0,295300.0,3.787614900822448,3.3969059092061884,5.07227998985544,c898ea29e1a22accb12fa471817d9a314a8bad31404f711c42721a50e2de6c9f,semantic_live_support,True,32,256,768,96,288,8388608,100,5,85572a6224a32cb70f0fe545ea9b3cfb
epfl,validation_reused,epfl-arithmetic-sin-internal2610-34083b18d5,,1941668a0bc7f7c56d381d239832a38c13b3ddda8208579a0893ec63d16ec83b,1941668a0bc7f7c56d381d239832a38c13b3ddda8208579a0893ec63d16ec83b,e1a649d2eca27337787cb4aed79abe120f49597975beaed8bffd6a329c2664b3,sin.aig,14,65,345,55,16900.0,300.0,41,78,51,13,235,361,235,85000.0,80100.0,48000.0,1481,862200.0,854899.9903723598,53900.09027905762,89099.95085559785,198900.11753886938,123199.83216002584,81600.0,258100.0,ok,238120.0,234140.0,46460.0,50580.0,64200.0,846100.0,0.9832857382832185,1.0886784330606973,1.3818338355574689,1941668a0bc7f7c56d381d239832a38c13b3ddda8208579a0893ec63d16ec83b,semantic_live_support,True,2048,28672,706560,12288,26624,8388608,5,5,34083b18d5095228518a5ae37cc71e13
epfl,validation_reused,epfl-arithmetic-sin-internal2639-ac10ac7863,,5f56ecd00688c513065dff9ebfe794aef190187d420700c059806a94264b2cea,5f56ecd00688c513065dff9ebfe794aef190187d420700c059806a94264b2cea,e1a649d2eca27337787cb4aed79abe120f49597975beaed8bffd6a329c2664b3,sin.aig,13,59,321,51,12700.0,300.0,38,71,46,12,219,337,219,76500.0,71700.0,46200.0,1340,742000.0,733599.9980568886,43799.95516501367,74899.98824894428,181899.92988482118,102699.9088935554,75100.0,207500.0,ok,131440.0,208420.0,27460.0,41080.0,44100.0,713800.0,1.5856664637857578,1.4959941733430444,1.605972323379461,5f56ecd00688c513065dff9ebfe794aef190187d420700c059806a94264b2cea,semantic_live_support,True,1024,13312,328704,6144,12288,8388608,5,5,ac10ac78631fc2eb7adc47be3276ea49
epfl,validation_reused,epfl-arithmetic-sin-internal2747-d32e2cbf05,,dee17dc6fffdb437cc0fc8458ee6fa21b3f3bb6c68f3543f82696c920e561034,dee17dc6fffdb437cc0fc8458ee6fa21b3f3bb6c68f3543f82696c920e561034,e1a649d2eca27337787cb4aed79abe120f49597975beaed8bffd6a329c2664b3,sin.aig,10,48,123,41,10600.0,300.0,31,58,38,10,84,130,84,61000.0,65000.0,35300.0,1099,570500.0,562799.9780699611,35499.97927621007,52200.01912675798,141200.0274285674,68999.97242726386,62300.0,86900.0,ok,19090.0,75510.0,9834.0,32810.0,29300.0,602000.0,3.955474070193819,3.3363839739678665,2.979459019727476,dee17dc6fffdb437cc0fc8458ee6fa21b3f3bb6c68f3543f82696c920e561034,semantic_live_support,True,128,1280,15744,640,1280,8388608,50,5,d32e2cbf0520534b771effcc3dc61473
epfl,validation_reused,epfl-arithmetic-sin-internal2767-a8eda7f06b,,2911254d25b48e8560e6fdac5481c650b0a1816803e90b2cb3ce7b7dcd28238e,2911254d25b48e8560e6fdac5481c650b0a1816803e90b2cb3ce7b7dcd28238e,e1a649d2eca27337787cb4aed79abe120f49597975beaed8bffd6a329c2664b3,sin.aig,10,79,453,75,19000.0,300.0,65,106,69,12,313,487,313,113800.0,100500.0,53300.0,1817,963100.0,951800.0006210059,62900.042394176126,77300.06473138928,233299.913816154,129299.9368160963,112900.0,328400.0,ok,70648.0,274706.0,18394.0,58700.0,36000.0,947700.0,3.8883761748386365,3.191258018919213,1.957159943459824,2911254d25b48e8560e6fdac5481c650b0a1816803e90b2cb3ce7b7dcd28238e,semantic_live_support,True,128,1280,57984,896,1536,8388608,50,5,a8eda7f06b624613a7b606248bf0012b
epfl,validation_reused,epfl-arithmetic-sqrt-po56-f681a5806f,,08c917b6f5d4403578735f27f1b4d9a707d04213386d5399f4719299bf90969a,08c917b6f5d4403578735f27f1b4d9a707d04213386d5399f4719299bf90969a,2fdf59877a0f1ceba46a2a3aca5457e05c47ac24ceb69839a4c12d071cf62300,sqrt.aig,16,615,319537861997,492,141700.0,400.0,476,841,599,49,,,,743400.0,913700.0,381100.0,15557,10305600.0,10254900.000290945,786800.344940275,1013599.4234587997,2235000.1090671867,2099999.8378101736,833500.0,,skipped_source_protocol,,,2817300.0,881360.0,852400.0,11078800.0,,0.3128385333475313,0.9671416901152764,08c917b6f5d4403578735f27f1b4d9a707d04213386d5399f4719299bf90969a,semantic_live_support,True,8192,131072,,,401408,8388608,5,5,f681a5806f8a35c8f2ce27c64cdbb9a5
epfl,validation_reused,epfl-arithmetic-sqrt-po57-bf55ec5ca5,,887381e00e8341985e2f4c4a753e64206825d568f1989680a9120b415f0b0fb8,887381e00e8341985e2f4c4a753e64206825d568f1989680a9120b415f0b0fb8,2fdf59877a0f1ceba46a2a3aca5457e05c47ac24ceb69839a4c12d071cf62300,sqrt.aig,14,461,1366847531,370,120600.0,600.0,356,629,447,42,,,,641100.0,678400.0,297800.0,11595,7714000.0,7677599.99143891,592100.084759295,737300.2008534968,1748600.1015640795,1475900.033256039,653500.0,,skipped_source_protocol,,,394660.0,434140.0,421800.0,7578800.0,,1.1000354735721887,1.0687680535144175,887381e00e8341985e2f4c4a753e64206825d568f1989680a9120b415f0b0fb8,semantic_live_support,True,2048,28672,,,86016,8388608,5,5,bf55ec5ca5dad499ebc74cc64b2a8a12
epfl,validation_reused,epfl-arithmetic-sqrt-po58-036819cd52,,1edc01d694775274693859415b28a12a7e474c3aa52d13ee8d3b87e304aad8db,1edc01d694775274693859415b28a12a7e474c3aa52d13ee8d3b87e304aad8db,2fdf59877a0f1ceba46a2a3aca5457e05c47ac24ceb69839a4c12d071cf62300,sqrt.aig,12,327,11332465,264,74400.0,300.0,252,445,315,33,,,,405400.0,461500.0,213700.0,8149,5213600.0,5186900.001717731,421199.80207644403,533899.6124919504,1088899.9968301505,904400.0471476465,463100.0,,skipped_source_protocol,,,138080.0,274550.0,218300.0,4854100.0,,1.9883400926998842,1.5809675550405562,1edc01d694775274693859415b28a12a7e474c3aa52d13ee8d3b87e304aad8db,semantic_live_support,True,512,6144,,,16896,8388608,20,5,036819cd523fab5b811a6a6701bd597b
epfl,validation_reused,epfl-arithmetic-sqrt-po59-fa6cca6484,,256f9b141dd39200db1847d03423d5f3524faed05e9b5320913137e807626310,256f9b141dd39200db1847d03423d5f3524faed05e9b5320913137e807626310,2fdf59877a0f1ceba46a2a3aca5457e05c47ac24ceb69839a4c12d071cf62300,sqrt.aig,10,213,178657,177,46800.0,300.0,167,290,203,26,,,,261300.0,292000.0,149700.0,5215,3163300.0,3119799.9778669327,237100.146478042,304499.9029953033,675300.2526238561,456099.86409544945,305900.0,,skipped_source_protocol,,,48098.0,170256.0,92000.0,2698500.0,,3.539772963532787,1.9127614453823443,256f9b141dd39200db1847d03423d5f3524faed05e9b5320913137e807626310,semantic_live_support,True,128,1280,,,3328,8388608,50,5,fa6cca64840141a82161456bf270112e
epfl,validation_reused,epfl-arithmetic-sqrt-po60-dfcf257f53,,6b8bffdb7c7349ae997eb466bb5e536075207cf52b23433bdda570eacff4162f,6b8bffdb7c7349ae997eb466bb5e536075207cf52b23433bdda570eacff4162f,2fdf59877a0f1ceba46a2a3aca5457e05c47ac24ceb69839a4c12d071cf62300,sqrt.aig,8,121,5235,105,28800.0,300.0,97,165,113,18,3732,5962,3732,151400.0,146000.0,78400.0,2871,1550700.0,1534699.9862231314,118900.00314451754,143900.01888386905,357799.9887056649,195099.9430846423,158600.0,4729100.0,ok,757498.0,3309158.0,23852.0,93632.0,42100.0,1485300.0,4.368536946632203,3.9255408351500924,1.7650511487506289,6b8bffdb7c7349ae997eb466bb5e536075207cf52b23433bdda570eacff4162f,semantic_live_support,True,32,256,167520,352,576,8388608,100,5,dfcf257f53982cf506894d39cb27dc60
epfl,validation_reused,epfl-arithmetic-sqrt-internal35-0d85c1edda,,878b0dc406d6e458ba4487335c2e75415103fde3d496590fac7466c13088321e,878b0dc406d6e458ba4487335c2e75415103fde3d496590fac7466c13088321e,2fdf59877a0f1ceba46a2a3aca5457e05c47ac24ceb69839a4c12d071cf62300,sqrt.aig,8,76,749,70,22100.0,300.0,62,102,68,13,533,851,533,94800.0,92200.0,53200.0,1762,912600.0,902300.00205338,63200.01557469368,80499.91447478533,226799.95163343847,98700.0239547342,109300.0,525100.0,ok,102443.0,459787.0,15775.0,57583.0,34100.0,929000.0,4.488222718975431,3.65026941362916,2.161648177496038,878b0dc406d6e458ba4487335c2e75415103fde3d496590fac7466c13088321e,semantic_live_support,True,32,256,23968,288,416,8388608,100,5,0d85c1edda445ca2d248f877ecd2d95f
epfl,validation_reused,epfl-arithmetic-sqrt-internal245-d665cc05c9,,aa8cecf0d7790f3461d1c4af822dc58fa68fcdd5c8e974bee90e4da4be65647f,aa8cecf0d7790f3461d1c4af822dc58fa68fcdd5c8e974bee90e4da4be65647f,2fdf59877a0f1ceba46a2a3aca5457e05c47ac24ceb69839a4c12d071cf62300,sqrt.aig,12,299,5238153,247,81900.0,500.0,235,408,287,31,,,,402500.0,421000.0,194300.0,7407,5122000.0,5076100.002042949,372700.2185769379,461000.10513328016,1001399.9417424202,906200.2936843783,557200.0,,skipped_source_protocol,,,166105.0,340355.0,157200.0,5870500.0,,2.049035248788417,0.9463893320490051,aa8cecf0d7790f3461d1c4af822dc58fa68fcdd5c8e974bee90e4da4be65647f,semantic_live_support,True,512,6144,,,15872,8388608,20,5,d665cc05c98f0539cebc8485d4de97bf
epfl,validation_reused,epfl-arithmetic-sqrt-internal572-4cc8f15071,,579236a307516f9e4b6378aa4e5ecbd17300382b6eb394beb39cf4d3b992593e,579236a307516f9e4b6378aa4e5ecbd17300382b6eb394beb39cf4d3b992593e,2fdf59877a0f1ceba46a2a3aca5457e05c47ac24ceb69839a4c12d071cf62300,sqrt.aig,16,642,1899735334685,509,147900.0,400.0,493,876,626,47,,,,903200.0,1027200.0,450600.0,16275,11970500.0,11852600.000565872,894399.7672758996,1164899.7606243938,2286200.091475621,2447299.9502904713,889600.0,,skipped_source_protocol,,,2592740.0,919620.0,939600.0,12131800.0,,0.35469040474555874,1.0217263652378157,579236a307516f9e4b6378aa4e5ecbd17300382b6eb394beb39cf4d3b992593e,semantic_live_support,True,8192,131072,,,385024,8388608,5,5,4cc8f150710053e26b2220fa48c91d68
epfl,validation_reused,epfl-arithmetic-square-po8-79f4d8bbc0,,e9019db4e4836eb23117e60dab498591ce57a879524e71ce80b85c2fe7480865,e9019db4e4836eb23117e60dab498591ce57a879524e71ce80b85c2fe7480865,c3fe8598cf501743043cf573b7226478a06be9dfb180d17bca77cdfbe667d784,square.aig,8,157,2341,150,38200.0,400.0,142,218,149,15,1411,1893,1411,207000.0,220700.0,99500.0,3764,1921400.0,1911600.0039502978,158699.89874772727,157899.9508637935,457899.90690536797,234600.01102648675,249400.0,1907400.0,ok,249595.0,1381085.0,32637.0,130377.0,53200.0,1986800.0,5.533303952402893,3.994760547844471,1.6300517817201337,e9019db4e4836eb23117e60dab498591ce57a879524e71ce80b85c2fe7480865,semantic_live_support,True,32,256,74912,320,480,8388608,100,5,79f4d8bbc074cdc084c960530bf8e08b
epfl,validation_reused,epfl-arithmetic-square-po9-6849ed374c,,6f7a70c010ef837cd8692273bc1237a0dcb5f7351652921433c8142c1c008302,6f7a70c010ef837cd8692273bc1237a0dcb5f7351652921433c8142c1c008302,c3fe8598cf501743043cf573b7226478a06be9dfb180d17bca77cdfbe667d784,square.aig,9,212,5209,204,52300.0,300.0,195,297,203,24,3135,4197,3135,301700.0,292900.0,138000.0,5138,2794500.0,2745399.9791759998,223200.09884424508,223399.925744161,653000.1701321453,358899.8515624553,332700.0,4991500.0,ok,610748.0,3178050.0,48386.0,175806.0,67600.0,2764300.0,5.203537301800416,3.6334063572107635,1.3970983342289092,6f7a70c010ef837cd8692273bc1237a0dcb5f7351652921433c8142c1c008302,semantic_live_support,True,64,576,333376,704,1536,8388608,50,5,6849ed374cf32f09770ff27a40a0d775
epfl,validation_reused,epfl-arithmetic-square-po10-805e4729e4,,ad2e42ab42b67756eba0fd06d114a30d066dce5cfe5f5db6cf11c8e48a744383,ad2e42ab42b67756eba0fd06d114a30d066dce5cfe5f5db6cf11c8e48a744383,c3fe8598cf501743043cf573b7226478a06be9dfb180d17bca77cdfbe667d784,square.aig,10,288,10477,275,73100.0,300.0,265,407,278,18,6311,8457,6311,436200.0,387100.0,185700.0,7030,3994500.0,3944199.997931719,317500.2639181912,337900.01180022955,932599.8835265636,509999.89616684616,466300.0,11163600.0,ok,1289676.0,6403142.0,72454.0,250124.0,86100.0,3745100.0,4.9649229729017215,3.4521765533993984,1.1883401882573772,ad2e42ab42b67756eba0fd06d114a30d066dce5cfe5f5db6cf11c8e48a744383,semantic_live_support,True,128,1280,1341056,1536,2304,8388608,50,5,805e4729e44fda0f5af09adb21a05a13
epfl,validation_reused,epfl-arithmetic-square-po11-4ea9428b58,,17c8bf5944eb995db10c2199fb2c83b50362fddedaa5a3117711da069871e0c0,17c8bf5944eb995db10c2199fb2c83b50362fddedaa5a3117711da069871e0c0,c3fe8598cf501743043cf573b7226478a06be9dfb180d17bca77cdfbe667d784,square.aig,11,367,17285,349,94700.0,400.0,338,521,356,19,10407,13937,10407,491600.0,488500.0,224100.0,9000,5080400.0,5017699.993913993,370500.28913654387,388600.0195052475,1104499.7081626207,721899.9089673162,573500.0,15517400.0,ok,3267090.0,11934210.0,105480.0,305850.0,155200.0,4589500.0,3.6528562114909597,2.8996018202502842,1.4713689799014031,17c8bf5944eb995db10c2199fb2c83b50362fddedaa5a3117711da069871e0c0,semantic_live_support,True,256,2816,4424960,3072,4864,8388608,20,5,4ea9428b58db320f7cf290e9f6743231
epfl,validation_reused,epfl-arithmetic-square-po12-3163147af5,,08f494ce64d82a0932d5ac914691fb39eef2556e471b3dce37c2df7533856e25,08f494ce64d82a0932d5ac914691fb39eef2556e471b3dce37c2df7533856e25,c3fe8598cf501743043cf573b7226478a06be9dfb180d17bca77cdfbe667d784,square.aig,12,459,32381,438,127200.0,400.0,426,655,447,22,19555,26285,19555,759200.0,640600.0,289500.0,11288,6711600.0,6597799.976589158,494600.3609802574,558699.6849160641,1479699.8293604702,946199.8706683517,668700.0,32262300.0,refused_temporary_budget,,,252950.0,403335.0,237900.0,6455600.0,,1.5945246096066417,0.9405020755089939,08f494ce64d82a0932d5ac914691fb39eef2556e471b3dce37c2df7533856e25,semantic_live_support,True,512,6144,16579072,7168,11264,8388608,20,5,3163147af54dcaa081b4fe8b21d13034
epfl,validation_reused,epfl-arithmetic-square-po13-eca0925c59,,9ae718a4bd6eb26aafff891eb98132b81be08769509e4c27d8d89bb8d8f5118f,9ae718a4bd6eb26aafff891eb98132b81be08769509e4c27d8d89bb8d8f5118f,c3fe8598cf501743043cf573b7226478a06be9dfb180d17bca77cdfbe667d784,square.aig,13,551,52801,525,144600.0,400.0,512,788,538,24,31907,42921,31907,766700.0,731900.0,356600.0,13600,8015000.0,7975299.988174811,610199.90243949,629599.9337453395,1847399.806138128,1171200.0414263457,867000.0,49165200.0,refused_temporary_budget,,,346100.0,501920.0,363900.0,7611400.0,,1.450216700375614,1.0514302224790524,9ae718a4bd6eb26aafff891eb98132b81be08769509e4c27d8d89bb8d8f5118f,semantic_live_support,True,1024,13312,54068224,14336,24576,8388608,5,5,eca0925c592628dc2497f28ce408e77e
epfl,validation_reused,epfl-arithmetic-square-po14-e64d8827d4,,4981afcc4d4520dc7f0b099de623c7eaa4910c0fa1a4b295cf331a6cf8768dc2,4981afcc4d4520dc7f0b099de623c7eaa4910c0fa1a4b295cf331a6cf8768dc2,c3fe8598cf501743043cf573b7226478a06be9dfb180d17bca77cdfbe667d784,square.aig,14,654,80445,628,172700.0,700.0,614,941,640,39,,,,903500.0,904500.0,408000.0,16149,9368400.0,9327100.007794797,704499.747371301,777599.89653714,2113099.9957676977,1370699.6687687933,970400.0,,skipped_source_protocol,,,604320.0,628020.0,653200.0,8830000.0,,1.0392176330420968,1.0808842997087635,4981afcc4d4520dc7f0b099de623c7eaa4910c0fa1a4b295cf331a6cf8768dc2,semantic_live_support,True,2048,28672,,,79872,8388608,5,5,e64d8827d4d43d7b6102b9359591d740
epfl,validation_reused,epfl-arithmetic-square-po15-ffd477ae96,,421c5916b980efdbdda8673156a5471fdca87a3ee1efa0e169cea2e4b8ea010d,421c5916b980efdbdda8673156a5471fdca87a3ee1efa0e169cea2e4b8ea010d,c3fe8598cf501743043cf573b7226478a06be9dfb180d17bca77cdfbe667d784,square.aig,15,770,122557,737,181300.0,300.0,722,1110,755,46,,,,1069200.0,1188700.0,475000.0,19082,11058400.0,10955799.982184544,826999.923447147,878400.3148321062,2496499.626431614,1664699.8701617122,1155400.0,,skipped_source_protocol,,,1745780.0,919020.0,1890300.0,11647700.0,,0.5264237189107448,1.082782481183196,421c5916b980efdbdda8673156a5471fdca87a3ee1efa0e169cea2e4b8ea010d,semantic_live_support,True,4096,61440,,,188416,8388608,5,5,ffd477ae96c74a84e947ac8939371503
epfl,validation_reused,epfl-random_control-arbiter-internal7-1db4c51be9,,ee8c072f36f562cbe66d5db95916dc3520a0df79d1c9c3fcab43aa8acd69c648,ee8c072f36f562cbe66d5db95916dc3520a0df79d1c9c3fcab43aa8acd69c648,0eacc0a97717bbc91f732ce6814bbfcdefa8a0b65b13ade6f002e35d0e585d82,arbiter.aig,8,26,28,23,6300.0,200.0,15,28,18,8,19,30,19,40000.0,39900.0,21800.0,590,291200.0,285299.9896276742,18799.997633323073,22299.995180219412,75199.84501414001,24399.982066825032,35800.0,21200.0,ok,4428.0,17311.0,4636.0,15871.0,21600.0,313600.0,3.9094399277326106,3.4234253666954273,4.659188955996549,ee8c072f36f562cbe66d5db95916dc3520a0df79d1c9c3fcab43aa8acd69c648,semantic_live_support,True,32,256,896,160,256,8388608,100,5,1db4c51be911b1a86d9e43d761107704
epfl,validation_reused,epfl-random_control-arbiter-internal2404-73be6ac31e,,27749e21417ede053c79774e373b3530dc25a0f866bbf077d10739aaf6d8b6eb,27749e21417ede053c79774e373b3530dc25a0f866bbf077d10739aaf6d8b6eb,0eacc0a97717bbc91f732ce6814bbfcdefa8a0b65b13ade6f002e35d0e585d82,arbiter.aig,11,37,41,32,8000.0,200.0,21,40,26,11,28,44,28,42800.0,45200.0,28400.0,837,415200.0,409200.00174082816,23099.97216798365,33699.99467395246,107700.00517368317,34800.032153725624,45300.0,32500.0,ok,8640.0,26450.0,8245.0,23250.0,24800.0,419300.0,3.0613425925925926,2.8198908429351124,3.007883565797453,27749e21417ede053c79774e373b3530dc25a0f866bbf077d10739aaf6d8b6eb,semantic_live_support,True,256,2816,10496,1024,2816,8388608,20,5,73be6ac31eaef6ba562a01ac384577f2
epfl,validation_reused,epfl-random_control-arbiter-internal4039-8a2c198584,,f30a305a5b9c4bf8cff7da9e508a99d17b56a44a23cdd25e25ba18a30743e3dd,f30a305a5b9c4bf8cff7da9e508a99d17b56a44a23cdd25e25ba18a30743e3dd,0eacc0a97717bbc91f732ce6814bbfcdefa8a0b65b13ade6f002e35d0e585d82,arbiter.aig,14,48,54,41,9700.0,300.0,27,52,34,14,37,58,37,52900.0,57400.0,34000.0,1084,532700.0,525699.9866105616,30099.996365606785,45199.907617643476,136299.96101371944,52700.05203783512,57100.0,39300.0,ok,33900.0,39640.0,30480.0,34880.0,45800.0,562300.0,1.1693215339233038,1.1443569553805775,1.5026246719160106,f30a305a5b9c4bf8cff7da9e508a99d17b56a44a23cdd25e25ba18a30743e3dd,semantic_live_support,True,2048,28672,110592,8192,28672,8388608,5,5,8a2c198584ee4ae28c08c8fcbe50497c
epfl,validation_reused,epfl-random_control-arbiter-internal11831-1c7490a3b2,,2b8e753c2efa059010b3aecd6c00bff0a1a09c0f08d5d4522ffef4d207c1fb0c,2b8e753c2efa059010b3aecd6c00bff0a1a09c0f08d5d4522ffef4d207c1fb0c,0eacc0a97717bbc91f732ce6814bbfcdefa8a0b65b13ade6f002e35d0e585d82,arbiter.aig,16,47,47,33,7900.0,300.0,17,47,31,17,31,47,31,44200.0,53600.0,33100.0,1058,568200.0,560499.9896604568,47800.01472681761,63100.10212473571,141699.94392432272,49399.91049468517,42800.0,33200.0,ok,86480.0,53680.0,78460.0,48660.0,64300.0,614000.0,0.6207215541165587,0.6201886311496304,1.3214138923140155,2b8e753c2efa059010b3aecd6c00bff0a1a09c0f08d5d4522ffef4d207c1fb0c,semantic_live_support,True,8192,131072,385024,49152,139264,8388608,5,5,1c7490a3b226ba14ca0dee60f7d0858f
epfl,validation_reused,epfl-random_control-cavlc-po0-ba667d014f,,b7f5b19da4b0d11c61dde7efbd6c3094a52060f48535ac34550d807ffb6119ca,b7f5b19da4b0d11c61dde7efbd6c3094a52060f48535ac34550d807ffb6119ca,125e0fdeb41ccadac5e6ada71f3c416fd026cfcbc8e75ad1c6b57ddc2b100f31,cavlc.aig,10,235,456,208,60600.0,300.0,198,328,225,23,317,496,317,302800.0,320400.0,154300.0,5656,3413700.0,3400099.987629801,245999.9523125589,311500.04360824823,817500.1421477646,387500.0402331352,343000.0,336900.0,ok,71774.0,287088.0,56900.0,190772.0,71200.0,2745900.0,3.9998885390252736,3.3527592267135327,1.2513181019332162,b7f5b19da4b0d11c61dde7efbd6c3094a52060f48535ac34550d807ffb6119ca,semantic_live_support,True,128,1280,58368,1152,2944,8388608,50,5,ba667d014f0acfe16f8b6dfe6d7986ae
epfl,validation_reused,epfl-random_control-cavlc-po1-8237be7ae9,,ad6c2515c3750f7d7ca1584904637ad15bad2e1b0323d2f162b2ff05fb241c95,ad6c2515c3750f7d7ca1584904637ad15bad2e1b0323d2f162b2ff05fb241c95,125e0fdeb41ccadac5e6ada71f3c416fd026cfcbc8e75ad1c6b57ddc2b100f31,cavlc.aig,10,243,458,217,59200.0,300.0,207,340,233,23,316,491,316,300300.0,304900.0,153400.0,5861,3221800.0,3164199.9958083034,238300.03920011222,299999.8105224222,750900.1879952848,376699.8997889459,365900.0,363000.0,ok,79646.0,306992.0,64478.0,223814.0,79200.0,3662700.0,3.854455967656882,3.471168460560191,1.2283259406309128,ad6c2515c3750f7d7ca1584904637ad15bad2e1b0323d2f162b2ff05fb241c95,semantic_live_support,True,128,1280,58624,1152,2944,8388608,50,5,8237be7ae99d2205294c6d3d73e219c9
epfl,validation_reused,epfl-random_control-cavlc-po2-0b6bf76197,,3f9035e35bcdf5ca5fd3de5a0bb4cfafc86df2a24dbce3c4656bd2eea0021b1b,3f9035e35bcdf5ca5fd3de5a0bb4cfafc86df2a24dbce3c4656bd2eea0021b1b,125e0fdeb41ccadac5e6ada71f3c416fd026cfcbc8e75ad1c6b57ddc2b100f31,cavlc.aig,10,233,428,207,91300.0,700.0,197,326,223,21,296,461,296,339900.0,331700.0,162400.0,5598,3260900.0,3213399.992091581,258899.963228032,296700.19284822047,760900.1768287271,375599.9787244946,376300.0,333100.0,ok,70260.0,274088.0,59086.0,205840.0,77900.0,3326600.0,3.9010532308568173,3.483735571878279,1.318417222353857,3f9035e35bcdf5ca5fd3de5a0bb4cfafc86df2a24dbce3c4656bd2eea0021b1b,semantic_live_support,True,128,1280,54784,1152,2688,8388608,50,5,0b6bf7619752055dda52cb3c98c0ba51
epfl,validation_reused,epfl-random_control-cavlc-po3-d0da020a7b,,1bf307e9ff2838b6a583a95cf843eb0a75d2f9d6a548a73e7df5e639b6a169ce,1bf307e9ff2838b6a583a95cf843eb0a75d2f9d6a548a73e7df5e639b6a169ce,125e0fdeb41ccadac5e6ada71f3c416fd026cfcbc8e75ad1c6b57ddc2b100f31,cavlc.aig,10,184,331,170,47300.0,300.0,160,258,174,18,229,357,229,250900.0,248000.0,126300.0,4377,2412200.0,2400500.001385808,176900.0373315066,214999.91999007761,583499.9901708215,274499.8491834849,424700.0,273700.0,ok,53738.0,209692.0,46450.0,156890.0,64700.0,2363900.0,3.9021176820871637,3.377610333692142,1.3928955866523143,1bf307e9ff2838b6a583a95cf843eb0a75d2f9d6a548a73e7df5e639b6a169ce,semantic_live_support,True,128,1280,42368,896,2304,8388608,50,5,d0da020a7b95c11e6d7d7627199f4168
epfl,validation_reused,epfl-random_control-cavlc-po4-40d9e418e9,,148654f802619c32a13e3b78596545a8e656a017d464e6b1fb7bf67a368347fb,148654f802619c32a13e3b78596545a8e656a017d464e6b1fb7bf67a368347fb,125e0fdeb41ccadac5e6ada71f3c416fd026cfcbc8e75ad1c6b57ddc2b100f31,cavlc.aig,8,34,43,29,7900.0,300.0,21,39,26,8,29,45,29,40600.0,46600.0,27700.0,781,429400.0,423999.9980200082,30200.11354237795,34699.97318461537,108300.0679500401,38200.028939172626,54000.0,34800.0,ok,6236.0,27270.0,5886.0,22069.0,22400.0,406900.0,4.372995509942271,3.749405368671424,3.805640502888209,148654f802619c32a13e3b78596545a8e656a017d464e6b1fb7bf67a368347fb,semantic_live_support,True,32,256,1376,128,256,8388608,100,5,40d9e418e9ad2c10461dcd2750750511
epfl,validation_reused,epfl-random_control-cavlc-po5-ce52440322,,b76afe3d11b181cfe719b4f00a85bc0bbfdaaefcd3d218e73878c99ffbf92040,b76afe3d11b181cfe719b4f00a85bc0bbfdaaefcd3d218e73878c99ffbf92040,125e0fdeb41ccadac5e6ada71f3c416fd026cfcbc8e75ad1c6b57ddc2b100f31,cavlc.aig,8,30,38,23,6600.0,200.0,15,32,22,7,25,38,25,32800.0,42600.0,24700.0,695,356300.0,350200.01814700663,24600.012693554163,29800.02318508923,87100.02293810248,33000.047551468015,37900.0,29900.0,ok,5697.0,24928.0,4671.0,18895.0,21900.0,372600.0,4.375636299806916,4.045172339970028,4.688503532434169,b76afe3d11b181cfe719b4f00a85bc0bbfdaaefcd3d218e73878c99ffbf92040,semantic_live_support,True,32,256,1216,160,224,8388608,100,5,ce52440322af5b36785b2ef176ab89a7
epfl,validation_reused,epfl-random_control-cavlc-po6-6ee697114e,,94c7e39f483d33b821222ab1c28ed106a56972cbbfb10cfd7e3712e95e829702,94c7e39f483d33b821222ab1c28ed106a56972cbbfb10cfd7e3712e95e829702,125e0fdeb41ccadac5e6ada71f3c416fd026cfcbc8e75ad1c6b57ddc2b100f31,cavlc.aig,10,218,415,195,52000.0,300.0,185,304,208,22,287,447,287,301800.0,309800.0,159100.0,5245,2868600.0,2838700.0202201307,218999.9504480511,254200.04385523498,689000.0659041107,353000.097675249,312000.0,300700.0,ok,63976.0,254874.0,51194.0,180612.0,118100.0,4247700.0,3.9839002125797176,3.5279915615111146,2.3069109661288434,94c7e39f483d33b821222ab1c28ed106a56972cbbfb10cfd7e3712e95e829702,semantic_live_support,True,128,1280,53120,1280,2816,8388608,50,5,6ee697114edf2051ba26906fbbf629b7
epfl,validation_reused,epfl-random_control-cavlc-po7-01ca37e2be,,c7a070a0fcff55cad677a5106cfafc82368d763c0dbca0372661ff6cf90b1191,c7a070a0fcff55cad677a5106cfafc82368d763c0dbca0372661ff6cf90b1191,125e0fdeb41ccadac5e6ada71f3c416fd026cfcbc8e75ad1c6b57ddc2b100f31,cavlc.aig,10,226,440,195,54700.0,300.0,185,311,216,22,301,464,301,292600.0,311000.0,153600.0,5490,3122200.0,3106000.0183060765,242099.92261603475,287699.77507181466,739699.9280899763,382699.8872682452,334000.0,340300.0,ok,66930.0,271356.0,52280.0,184076.0,70800.0,3011300.0,4.054325414612282,3.520964039785769,1.35424636572303,c7a070a0fcff55cad677a5106cfafc82368d763c0dbca0372661ff6cf90b1191,semantic_live_support,True,128,1280,56320,1280,2816,8388608,50,5,01ca37e2be419a2c60942be2f90a1acb
epfl,validation_reused,epfl-random_control-dec-po0-829c8b783a,,6cc4f0e930b34481d03a4134331852eaed66667e3b3d8605f7cd3777551d2b6f,6cc4f0e930b34481d03a4134331852eaed66667e3b3d8605f7cd3777551d2b6f,38def606e795975e469273411ee9217bc43656c57e6f6eeda3ea640452fa3443,dec.aig,8,22,22,16,4400.0,300.0,8,21,14,8,14,21,14,23200.0,28900.0,19800.0,504,255700.0,250899.9896235764,16999.983927235007,24099.97978247702,65000.029280781746,18799.997633323073,24400.0,17700.0,ok,3588.0,14139.0,3228.0,11842.0,19300.0,277200.0,3.940635451505017,3.668525402726146,5.978934324659232,6cc4f0e930b34481d03a4134331852eaed66667e3b3d8605f7cd3777551d2b6f,semantic_live_support,True,32,256,704,160,256,8388608,100,5,829c8b783a390c59545980cb92685906
epfl,validation_reused,epfl-random_control-dec-po1-c4c60ec16a,,671eaa12d76be21eb2ced2f61ac1e98df94c1952c2cdfc047895c74f15a7f3fa,671eaa12d76be21eb2ced2f61ac1e98df94c1952c2cdfc047895c74f15a7f3fa,38def606e795975e469273411ee9217bc43656c57e6f6eeda3ea640452fa3443,dec.aig,8,21,21,15,4000.0,300.0,7,19,13,7,13,19,13,22200.0,26500.0,19400.0,484,256500.0,251499.99419227242,18600.025214254856,23700.034944340587,62500.12665987015,19700.033590197563,23500.0,18600.0,ok,3422.0,13774.0,2949.0,10847.0,17800.0,257000.0,4.025131502045587,3.678195998643608,6.035944387928112,671eaa12d76be21eb2ced2f61ac1e98df94c1952c2cdfc047895c74f15a7f3fa,semantic_live_support,True,32,256,672,160,224,8388608,100,5,c4c60ec16a7409920fc63251b4391178
epfl,validation_reused,epfl-random_control-dec-po2-f57f2d2e2b,,5481b8528ef488d0a4ed259244306aff83145b7d675e159efece21def7561297,5481b8528ef488d0a4ed259244306aff83145b7d675e159efece21def7561297,38def606e795975e469273411ee9217bc43656c57e6f6eeda3ea640452fa3443,dec.aig,8,21,21,15,3500.0,200.0,7,19,13,7,13,19,13,20200.0,26200.0,17500.0,484,244000.0,238999.98632259667,16000.005416572094,21299.98756572604,57099.96912628412,18500.02445280552,21400.0,16000.0,ok,3242.0,12681.0,2765.0,10362.0,17600.0,240900.0,3.9114743985194322,3.7475587703435806,6.365280289330922,5481b8528ef488d0a4ed259244306aff83145b7d675e159efece21def7561297,semantic_live_support,True,32,256,672,160,224,8388608,100,5,f57f2d2e2b1d31675060cf3bf1219b69
epfl,validation_reused,epfl-random_control-dec-po3-4364177137,,59e7addb5e068640de3f8fb015017e7aa7495430d2533f87d4ece9f7ee548fa3,59e7addb5e068640de3f8fb015017e7aa7495430d2533f87d4ece9f7ee548fa3,38def606e795975e469273411ee9217bc43656c57e6f6eeda3ea640452fa3443,dec.aig,8,20,20,14,3600.0,200.0,6,17,12,6,12,17,12,19700.0,22800.0,18000.0,464,236200.0,231799.98970590532,16200.006939470768,20799.983758479357,54400.00677481294,19200.00067912042,20800.0,16100.0,ok,2991.0,12579.0,2770.0,10567.0,18700.0,265400.0,4.205616850551655,3.8148014440433213,6.750902527075812,59e7addb5e068640de3f8fb015017e7aa7495430d2533f87d4ece9f7ee548fa3,semantic_live_support,True,32,256,640,160,192,8388608,100,5,4364177137cb0b31ea980fceca1a6e48
epfl,validation_reused,epfl-random_control-dec-po4-e56e9dcbed,,d140e61d738c3298875886b8d8de576e48ff5c7e9f4d0e66d0149d0bdee19f49,d140e61d738c3298875886b8d8de576e48ff5c7e9f4d0e66d0149d0bdee19f49,38def606e795975e469273411ee9217bc43656c57e6f6eeda3ea640452fa3443,dec.aig,8,21,21,15,4000.0,300.0,7,19,13,7,13,19,13,21900.0,26300.0,20200.0,484,344400.0,337400.00799298286,23200.002033263445,26999.972760677338,90899.99366551638,30000.05381181836,25100.0,18600.0,ok,3368.0,13660.0,3041.0,11367.0,19700.0,297100.0,4.055819477434679,3.737915159487011,6.478132193357448,d140e61d738c3298875886b8d8de576e48ff5c7e9f4d0e66d0149d0bdee19f49,semantic_live_support,True,32,256,672,160,224,8388608,100,5,e56e9dcbed4ee4d67ba188065354f781
epfl,validation_reused,epfl-random_control-dec-po5-8708527f1a,,650189d78de4cf754ed237a9ddadd9686b58d85d06d82e937df6075f4cc87642,650189d78de4cf754ed237a9ddadd9686b58d85d06d82e937df6075f4cc87642,38def606e795975e469273411ee9217bc43656c57e6f6eeda3ea640452fa3443,dec.aig,8,20,20,14,3800.0,300.0,6,17,12,6,12,17,12,21700.0,25200.0,19100.0,464,263300.0,258899.99233186245,20400.009816512465,22900.02885274589,61800.00491440296,21799.991372972727,21700.0,19300.0,ok,3160.0,12777.0,2851.0,10812.0,18200.0,260700.0,4.043354430379747,3.7923535601543317,6.383725008768853,650189d78de4cf754ed237a9ddadd9686b58d85d06d82e937df6075f4cc87642,semantic_live_support,True,32,256,640,160,192,8388608,100,5,8708527f1ac0e2ae97223419ac12a345
epfl,validation_reused,epfl-random_control-dec-po6-0e1bce9519,,8aa4012b4573828d21c20ac64d18a6ea73da0347b5d1a71442091ca48655db70,8aa4012b4573828d21c20ac64d18a6ea73da0347b5d1a71442091ca48655db70,38def606e795975e469273411ee9217bc43656c57e6f6eeda3ea640452fa3443,dec.aig,8,20,20,14,3800.0,300.0,6,17,12,6,12,17,12,21300.0,26100.0,18200.0,464,265000.0,259399.99613910913,18499.995348975062,22499.96759928763,64200.11050067842,21499.989088624716,24600.0,19600.0,ok,3087.0,12798.0,2811.0,10494.0,18900.0,255000.0,4.145772594752186,3.733191035218783,6.7235859124866595,8aa4012b4573828d21c20ac64d18a6ea73da0347b5d1a71442091ca48655db70,semantic_live_support,True,32,256,640,160,192,8388608,100,5,0e1bce951934e2576887c3b17c43ef96
epfl,validation_reused,epfl-random_control-dec-po7-07a62f5837,,d504fd065f8d2bcd3d1d3a4b298328e09f1cb44e3106d156477e992aabe9812c,d504fd065f8d2bcd3d1d3a4b298328e09f1cb44e3106d156477e992aabe9812c,38def606e795975e469273411ee9217bc43656c57e6f6eeda3ea640452fa3443,dec.aig,8,19,19,13,3500.0,200.0,5,15,11,5,11,15,11,20700.0,23700.0,18300.0,444,240400.0,235499.98877570033,17499.987734481692,20399.951608851552,56300.02124235034,19400.002202019095,21300.0,18800.0,ok,2882.0,12206.0,2520.0,9867.0,18100.0,245500.0,4.235253296321998,3.9154761904761903,7.182539682539683,d504fd065f8d2bcd3d1d3a4b298328e09f1cb44e3106d156477e992aabe9812c,semantic_live_support,True,32,256,608,160,160,8388608,100,5,07a62f583752189739cdf8207581714a
epfl,validation_reused,epfl-random_control-i2c-po41-b4580bd004,,0745a1313e725625a421ff591e0d9715e6dec82a85ea7df2dbe8826b6ce24140,0745a1313e725625a421ff591e0d9715e6dec82a85ea7df2dbe8826b6ce24140,3f6ab413a3f745c87811fa6565d972146f1f4e6ede78fae71fcb16e469b9b213,i2c.aig,14,56,63,46,11800.0,300.0,32,64,42,12,42,64,42,63600.0,70000.0,41800.0,1273,667800.0,659000.0120922923,43100.06625019014,57300.05796067417,169200.03690756857,71400.07801353931,74000.0,53600.0,ok,39520.0,47600.0,40220.0,43820.0,55200.0,753400.0,1.2044534412955465,1.0895077076081552,1.3724515166583788,0745a1313e725625a421ff591e0d9715e6dec82a85ea7df2dbe8826b6ce24140,semantic_live_support,True,2048,28672,129024,12288,24576,8388608,5,5,b4580bd004a03184f80a40bf4bf57ba8
epfl,validation_reused,epfl-random_control-i2c-po42-455375796e,,e87145524912979e39791f7c4003bb11ed4ac15f3b104d38919631094b82010a,e87145524912979e39791f7c4003bb11ed4ac15f3b104d38919631094b82010a,3f6ab413a3f745c87811fa6565d972146f1f4e6ede78fae71fcb16e469b9b213,i2c.aig,15,59,66,48,12800.0,300.0,33,67,44,13,44,67,44,66700.0,72800.0,43300.0,1340,709900.0,700399.9780863523,45399.99645203352,60899.82343837619,178700.05103759468,76700.14747418463,71000.0,48300.0,ok,72480.0,63060.0,72560.0,59000.0,90200.0,868800.0,0.8700331125827815,0.8131201764057332,1.243109151047409,e87145524912979e39791f7c4003bb11ed4ac15f3b104d38919631094b82010a,semantic_live_support,True,4096,61440,270336,28672,53248,8388608,5,5,455375796e966a411f691ab3a7c4d3b5
epfl,validation_reused,epfl-random_control-i2c-po44-bebebe05c9,,6eff763c0a3873b7c137cd0393c10beff7bdb9e948d044cc2e0ab422ef711c25,6eff763c0a3873b7c137cd0393c10beff7bdb9e948d044cc2e0ab422ef711c25,3f6ab413a3f745c87811fa6565d972146f1f4e6ede78fae71fcb16e469b9b213,i2c.aig,14,88,136,77,23100.0,300.0,63,111,74,16,93,144,93,112100.0,120200.0,62000.0,2019,1130700.0,1117399.9810125679,71499.81684051454,96800.0094871968,274100.1080721617,141800.00289343297,115400.0,94100.0,ok,92120.0,100660.0,72680.0,77180.0,90800.0,1148200.0,1.0927051671732524,1.0619152449091909,1.2493120528343422,6eff763c0a3873b7c137cd0393c10beff7bdb9e948d044cc2e0ab422ef711c25,semantic_live_support,True,2048,28672,278528,18432,32768,8388608,5,5,bebebe05c902b53a25f3e3c9ee760de8
epfl,validation_reused,epfl-random_control-i2c-po68-6659cda0b7,,2d73e34f6f2daef7bc8bb9d45f08152cdd237b44def8bcb5410ef8b5620f267a,2d73e34f6f2daef7bc8bb9d45f08152cdd237b44def8bcb5410ef8b5620f267a,3f6ab413a3f745c87811fa6565d972146f1f4e6ede78fae71fcb16e469b9b213,i2c.aig,13,47,52,38,9700.0,300.0,25,52,34,14,35,54,35,53600.0,59300.0,36400.0,1061,571700.0,563899.9864459038,35100.00533424318,50299.917347729206,147700.07692277431,61800.063122063875,59500.0,37900.0,ok,23740.0,37560.0,23360.0,32780.0,38000.0,562200.0,1.5821398483572031,1.4032534246575343,1.6267123287671232,2d73e34f6f2daef7bc8bb9d45f08152cdd237b44def8bcb5410ef8b5620f267a,semantic_live_support,True,1024,13312,53248,5120,14336,8388608,5,5,6659cda0b7df92842bccc47e46449962
epfl,validation_reused,epfl-random_control-i2c-po71-1bdb300ea1,,d9a20d913be5cdfba0722957559b9af2b666a5aeaa07119c050157cb5f34bdaf,d9a20d913be5cdfba0722957559b9af2b666a5aeaa07119c050157cb5f34bdaf,3f6ab413a3f745c87811fa6565d972146f1f4e6ede78fae71fcb16e469b9b213,i2c.aig,10,60,95,57,14800.0,300.0,47,76,50,11,66,104,66,80800.0,75900.0,44500.0,1372,718300.0,708500.0106599182,45199.907617643476,57599.914725869894,182599.964318797,75799.9368943274,86500.0,71200.0,ok,15632.0,59598.0,13554.0,44268.0,32200.0,711300.0,3.8125639713408392,3.2660469234174414,2.37568245536373,d9a20d913be5cdfba0722957559b9af2b666a5aeaa07119c050157cb5f34bdaf,semantic_live_support,True,128,1280,12160,896,1408,8388608,50,5,1bdb300ea1180c272c3a44ce4bbaa04e
epfl,validation_reused,epfl-random_control-i2c-po72-e01c98e60e,,0b71902f31be008f6d02162daa39f47c7ff6b95f23dd647c29201886c93d4fb5,0b71902f31be008f6d02162daa39f47c7ff6b95f23dd647c29201886c93d4fb5,3f6ab413a3f745c87811fa6565d972146f1f4e6ede78fae71fcb16e469b9b213,i2c.aig,10,50,80,46,11700.0,300.0,36,61,40,9,55,86,55,64000.0,62300.0,39600.0,1140,591700.0,583199.9878864735,35800.06887204945,45399.99645203352,152099.96490739286,60499.99501556158,71800.0,53300.0,ok,12996.0,49562.0,10942.0,35698.0,27600.0,713300.0,3.8136349646044936,3.2624748674830926,2.522390787790166,0b71902f31be008f6d02162daa39f47c7ff6b95f23dd647c29201886c93d4fb5,semantic_live_support,True,128,1280,10240,896,1152,8388608,50,5,e01c98e60e9e792fd949c7a738e22514
epfl,validation_reused,epfl-random_control-i2c-po73-8b0c8a5c32,,9e6f086ae708e3b7dfd830d42ba530cd33373efab8896af8ab4794741a46d754,9e6f086ae708e3b7dfd830d42ba530cd33373efab8896af8ab4794741a46d754,3f6ab413a3f745c87811fa6565d972146f1f4e6ede78fae71fcb16e469b9b213,i2c.aig,11,44,52,35,8900.0,400.0,24,50,33,12,35,54,35,47600.0,54100.0,34400.0,1001,541800.0,534999.999217689,36300.04357546568,48999.907448887825,135399.9541606754,55100.07031261921,50100.0,35100.0,ok,9910.0,32640.0,9430.0,27600.0,27100.0,532500.0,3.2936427850655905,2.926829268292683,2.8738069989395547,9e6f086ae708e3b7dfd830d42ba530cd33373efab8896af8ab4794741a46d754,semantic_live_support,True,256,2816,13312,1280,3072,8388608,20,5,8b0c8a5c32c3ae5544ea6374e0cf56c1
epfl,validation_reused,epfl-random_control-i2c-po74-3bf1791a1e,,e54ca27b26f1691a561195da4fde45b721df5856793f104cc2f6b120014c587d,e54ca27b26f1691a561195da4fde45b721df5856793f104cc2f6b120014c587d,3f6ab413a3f745c87811fa6565d972146f1f4e6ede78fae71fcb16e469b9b213,i2c.aig,14,78,136,69,17100.0,300.0,55,96,64,14,94,147,94,92700.0,96300.0,54400.0,1784,955800.0,943899.9986741692,62199.949752539396,77199.8311392963,233900.0056963414,124400.01592040062,100200.0,102800.0,ok,89140.0,96860.0,60620.0,66700.0,77800.0,963400.0,1.0866053399147408,1.1002969317057076,1.2834048168921148,e54ca27b26f1691a561195da4fde45b721df5856793f104cc2f6b120014c587d,semantic_live_support,True,2048,28672,278528,16384,28672,8388608,5,5,3bf1791a1e19a330524199cb7289b9d3
epfl,validation_reused,epfl-random_control-int2float-po0-03bdd5ff4c,,6e0ae2da7ac89da04fa8c34c3d99fe58bc8fb27f5f87cb8adeac548ba492750c,6e0ae2da7ac89da04fa8c34c3d99fe58bc8fb27f5f87cb8adeac548ba492750c,ad280bdb8331591998b8184ff70ad00d31184649c245796965fc6777e3016bab,int2float.aig,11,123,195,104,28500.0,300.0,93,164,112,17,134,208,134,146600.0,159100.0,82900.0,2902,1559900.0,1543199.9927386642,117399.8462036252,140600.16837902367,372799.95740391314,180799.92150887847,154600.0,126200.0,ok,34595.0,119000.0,31275.0,95270.0,47100.0,1551100.0,3.43980343980344,3.0462030375699443,1.5059952038369304,6e0ae2da7ac89da04fa8c34c3d99fe58bc8fb27f5f87cb8adeac548ba492750c,semantic_live_support,True,256,2816,49920,2048,4352,8388608,20,5,03bdd5ff4c9e7ba74dd98df4b3e13c3f
epfl,validation_reused,epfl-random_control-int2float-po1-5d8e7b322c,,cc38b9dc76ffe1332b8d31ac077a17e1cdca3469c1a2d0b081a49079a518a543,cc38b9dc76ffe1332b8d31ac077a17e1cdca3469c1a2d0b081a49079a518a543,ad280bdb8331591998b8184ff70ad00d31184649c245796965fc6777e3016bab,int2float.aig,11,140,250,121,38900.0,400.0,110,188,129,17,171,264,171,196800.0,200000.0,96400.0,3324,1829400.0,1819600.0019088387,131600.09984858334,161800.09697563946,441799.81341585517,228700.05341246724,196500.0,176900.0,ok,43385.0,148470.0,35865.0,110270.0,58200.0,1910000.0,3.4221505128500636,3.0745852502439703,1.6227519866164786,cc38b9dc76ffe1332b8d31ac077a17e1cdca3469c1a2d0b081a49079a518a543,semantic_live_support,True,256,2816,64000,2048,4352,8388608,20,5,5d8e7b322c52ffcea867e25a64827d0d
epfl,validation_reused,epfl-random_control-int2float-po2-6d30452990,,4ade002b7e53378e2631c88d02e3480b044e6dffcb6c7a9f1831cde8b1bfe52b,4ade002b7e53378e2631c88d02e3480b044e6dffcb6c7a9f1831cde8b1bfe52b,ad280bdb8331591998b8184ff70ad00d31184649c245796965fc6777e3016bab,int2float.aig,11,136,208,117,36200.0,400.0,106,183,125,19,139,210,139,167100.0,181400.0,91600.0,3220,1765400.0,1745400.0189900398,128200.21947845817,155400.07734671235,422799.9015711248,204099.92430359125,199400.0,158700.0,ok,36420.0,129535.0,35155.0,110470.0,54800.0,1854900.0,3.5566996155958264,3.1423695064713413,1.5588109799459535,4ade002b7e53378e2631c88d02e3480b044e6dffcb6c7a9f1831cde8b1bfe52b,semantic_live_support,True,256,2816,53248,2560,4864,8388608,20,5,6d304529902c7de8d07c800e0b54ebc4
epfl,validation_reused,epfl-random_control-int2float-po3-15980bb2bc,,9b7a1eb80dc024677b1c37549ba56b32214447d257e63af9f8a4ff2b01f88cdb,9b7a1eb80dc024677b1c37549ba56b32214447d257e63af9f8a4ff2b01f88cdb,ad280bdb8331591998b8184ff70ad00d31184649c245796965fc6777e3016bab,int2float.aig,9,35,40,26,7500.0,200.0,17,39,26,9,26,39,26,35800.0,45500.0,28400.0,801,427200.0,420800.0027574599,32599.986298009753,38400.00135824084,105300.13241805136,38700.03274641931,38500.0,31100.0,ok,6124.0,24784.0,5796.0,21372.0,22400.0,444200.0,4.047028086218158,3.6873706004140785,3.864734299516908,9b7a1eb80dc024677b1c37549ba56b32214447d257e63af9f8a4ff2b01f88cdb,semantic_live_support,True,64,576,2560,320,576,8388608,50,5,15980bb2bc4ddf8ac669d986b3fe2987
epfl,validation_reused,epfl-random_control-int2float-po4-f28975a467,,f5ba19ceb6d88282377896a1527ed6cacb1025f8f16bea3b3222cb99cdf00b37,f5ba19ceb6d88282377896a1527ed6cacb1025f8f16bea3b3222cb99cdf00b37,ad280bdb8331591998b8184ff70ad00d31184649c245796965fc6777e3016bab,int2float.aig,11,79,116,65,30000.0,1200.0,54,99,68,13,76,113,76,93600.0,113500.0,58000.0,1838,1047200.0,1034399.9892938882,76500.05863979459,98900.17099678516,247100.13531148434,120799.95940439403,112600.0,93100.0,ok,19505.0,70965.0,19210.0,58740.0,36900.0,987400.0,3.6382978723404253,3.0577824049973974,1.9208745445080686,f5ba19ceb6d88282377896a1527ed6cacb1025f8f16bea3b3222cb99cdf00b37,semantic_live_support,True,256,2816,29696,1536,3328,8388608,20,5,f28975a467467027fb13672468eee71e
epfl,validation_reused,epfl-random_control-int2float-po5-b67636a98e,,bb1610e3db0eb5ed6c93ca7fe15cf3624caf1eb398f17cd22096a71d6078868a,bb1610e3db0eb5ed6c93ca7fe15cf3624caf1eb398f17cd22096a71d6078868a,ad280bdb8331591998b8184ff70ad00d31184649c245796965fc6777e3016bab,int2float.aig,11,55,76,43,11900.0,300.0,32,62,44,8,48,69,48,62100.0,69900.0,41700.0,1288,714800.0,705299.9862935394,52899.99535307288,61099.883168935776,168299.88453537226,80199.94129426777,67000.0,52200.0,ok,12470.0,46930.0,11780.0,38980.0,29800.0,688800.0,3.7634322373696873,3.3089983022071308,2.5297113752122242,bb1610e3db0eb5ed6c93ca7fe15cf3624caf1eb398f17cd22096a71d6078868a,semantic_live_support,True,256,2816,19456,1536,2048,8388608,20,5,b67636a98ead5159e39ab86cf33ee5ec
epfl,validation_reused,epfl-random_control-int2float-po6-f3b25f4977,,20ff0051b893aa207f502ce373fb7624a9709a47295efaa9406ad4517d64bf83,20ff0051b893aa207f502ce373fb7624a9709a47295efaa9406ad4517d64bf83,ad280bdb8331591998b8184ff70ad00d31184649c245796965fc6777e3016bab,int2float.aig,9,23,23,17,4300.0,300.0,8,20,14,6,14,20,14,24100.0,29200.0,19800.0,530,281400.0,276400.0091701746,18900.027498602867,22400.08325316012,67900.13867430389,25800.08003860712,25800.0,19700.0,ok,3698.0,14900.0,5398.0,20110.0,29100.0,453300.0,4.029204975662521,3.725453871804372,5.39088551315302,20ff0051b893aa207f502ce373fb7624a9709a47295efaa9406ad4517d64bf83,semantic_live_support,True,64,576,1472,256,384,8388608,50,5,f3b25f4977d4bcf51dda67781c43f99e
epfl,validation_reused,epfl-random_control-int2float-internal25-be3b3fac1d,,4c02791891541161338fbb5fd396937592ff08c94f3d301404208cc38c60b573,4c02791891541161338fbb5fd396937592ff08c94f3d301404208cc38c60b573,ad280bdb8331591998b8184ff70ad00d31184649c245796965fc6777e3016bab,int2float.aig,9,62,84,55,14900.0,300.0,46,80,53,10,57,88,57,76100.0,80400.0,43700.0,1423,769800.0,759099.9884996563,57799.91624876857,61899.91836436093,191800.034372136,75600.0226829201,88100.0,62500.0,ok,12610.0,51520.0,12798.0,44382.0,28300.0,685300.0,4.085646312450436,3.4678856071261133,2.211283012970777,4c02791891541161338fbb5fd396937592ff08c94f3d301404208cc38c60b573,semantic_live_support,True,64,576,5376,384,640,8388608,50,5,be3b3fac1d823fd25e118a7cd2988a7f
epfl,validation_reused,epfl-random_control-mem_ctrl-po614-b0a54afe66,,b1861a1bb5fb48063c02ada92da89296a1303b82adafd084f6aec4b769be5b94,b1861a1bb5fb48063c02ada92da89296a1303b82adafd084f6aec4b769be5b94,390d601836717129b903a5ecc8fd96b41d322d26895d666b303c64b796bd0d1d,mem_ctrl.aig,13,59,85,53,12900.0,300.0,40,68,46,7,56,84,56,87700.0,81200.0,42300.0,1353,689500.0,679700.0241931528,43800.12978799641,51199.865993112326,172300.2060316503,77699.92225803435,75700.0,53600.0,ok,44260.0,54420.0,28420.0,43000.0,44100.0,766300.0,1.2295526434704023,1.5130190007037299,1.5517241379310345,b1861a1bb5fb48063c02ada92da89296a1303b82adafd084f6aec4b769be5b94,semantic_live_support,True,1024,13312,87040,6144,7168,8388608,5,5,b0a54afe6676a053c38f0c7838100f31
epfl,validation_reused,epfl-random_control-mem_ctrl-po622-b73ccd172a,,fbd79b8ef47e3106a7154d4446110ee72b8e217901da9504e84122f655858acd,fbd79b8ef47e3106a7154d4446110ee72b8e217901da9504e84122f655858acd,390d601836717129b903a5ecc8fd96b41d322d26895d666b303c64b796bd0d1d,mem_ctrl.aig,16,111,261,95,29900.0,300.0,79,139,95,16,178,274,178,130100.0,147000.0,74800.0,2590,1401300.0,1385300.0127710402,101200.10119862854,122300.2327606082,332999.9453853816,190000.02066604793,143700.0,182100.0,ok,499340.0,275140.0,253900.0,149820.0,164600.0,1786200.0,0.5510073296751712,0.5900748326112643,1.0986517153918034,fbd79b8ef47e3106a7154d4446110ee72b8e217901da9504e84122f655858acd,semantic_live_support,True,8192,131072,2138112,57344,131072,8388608,5,5,b73ccd172ac9991f3ef8cd79521ebe5d
epfl,validation_reused,epfl-random_control-mem_ctrl-po623-7f80ce9c66,,174bc76a6e13974f3c04c56d4aec84fa2d602244a32d9574fa80f24ded1c4843,174bc76a6e13974f3c04c56d4aec84fa2d602244a32d9574fa80f24ded1c4843,390d601836717129b903a5ecc8fd96b41d322d26895d666b303c64b796bd0d1d,mem_ctrl.aig,16,120,415,105,26300.0,400.0,89,154,104,21,286,444,286,156600.0,168200.0,75800.0,2811,1648900.0,1639499.9984186143,114200.02556405962,138099.88740831614,390800.0362571329,236499.9381825328,160700.0,279700.0,ok,1165180.0,481020.0,279700.0,160980.0,188800.0,1787000.0,0.4128289191369574,0.5755452270289596,1.1728164989439682,174bc76a6e13974f3c04c56d4aec84fa2d602244a32d9574fa80f24ded1c4843,semantic_live_support,True,8192,131072,3399680,57344,172032,8388608,5,5,7f80ce9c6606a9cff5dee7e69924c7d6
epfl,validation_reused,epfl-random_control-mem_ctrl-po627-7b4af14eba,,174bc76a6e13974f3c04c56d4aec84fa2d602244a32d9574fa80f24ded1c4843,174bc76a6e13974f3c04c56d4aec84fa2d602244a32d9574fa80f24ded1c4843,390d601836717129b903a5ecc8fd96b41d322d26895d666b303c64b796bd0d1d,mem_ctrl.aig,16,110,256,94,26200.0,300.0,78,137,94,15,173,264,173,152100.0,143900.0,76300.0,2568,1460400.0,1443699.9917961657,104500.00991113484,128599.90238212049,348600.0350676477,194800.02811178565,152200.0,187000.0,ok,506880.0,288580.0,257520.0,153740.0,372100.0,2435400.0,0.5693260732323232,0.5970021745883815,2.420320020814362,174bc76a6e13974f3c04c56d4aec84fa2d602244a32d9574fa80f24ded1c4843,semantic_live_support,True,8192,131072,2097152,57344,122880,8388608,5,5,7b4af14eba4e0fd1de4e465555a67dbb
epfl,validation_reused,epfl-random_control-priority-internal17-ead80e25a7,,1e3eedb68183438cc634ee5159e66844d4ac5f4b8141245322ad1e2cc9c09f4a,1e3eedb68183438cc634ee5159e66844d4ac5f4b8141245322ad1e2cc9c09f4a,9123187c4169189f53f17a84367c4bd5f749b13298f9619ef601c5de4ee90678,priority.aig,8,49,172,49,15200.0,400.0,41,64,41,7,118,183,118,85600.0,64000.0,86100.0,1117,618300.0,603199.9946571887,34999.975468963385,44299.98807609081,149199.9428253621,59499.958297237754,86200.0,109600.0,ok,22073.0,104862.0,10485.0,37018.0,28400.0,578300.0,4.750690889321796,3.530567477348593,2.708631378159275,1e3eedb68183438cc634ee5159e66844d4ac5f4b8141245322ad1e2cc9c09f4a,semantic_live_support,True,32,256,5504,160,224,8388608,100,5,ead80e25a7a707e58a98e54ea2ab071d
epfl,validation_reused,epfl-random_control-priority-internal33-6197962bc5,,322ccb5a63c694ad735ba187631593ae0d85f9bc452b9fef518fa226df7bbbc6,322ccb5a63c694ad735ba187631593ae0d85f9bc452b9fef518fa226df7bbbc6,9123187c4169189f53f17a84367c4bd5f749b13298f9619ef601c5de4ee90678,priority.aig,13,88,1967,88,22800.0,400.0,75,117,75,8,1358,2108,1358,117500.0,113900.0,58400.0,2000,1059200.0,1046100.0201757997,74800.04569515586,76200.05635544658,266899.9368324876,143500.13225339353,133200.0,1487500.0,ok,1066020.0,1267600.0,51260.0,72340.0,65900.0,1192400.0,1.1890958893829384,1.4112368318376902,1.2856028092079594,322ccb5a63c694ad735ba187631593ae0d85f9bc452b9fef518fa226df7bbbc6,semantic_live_support,True,1024,13312,2014208,8192,8192,8388608,5,5,6197962bc5841fedc87735bf397d9789
epfl,validation_reused,epfl-random_control-priority-internal390-5c1b8c3dc3,,28dd33a34e5477c9e28a36255872a929e77d06012353da99aff23c18605f9813,28dd33a34e5477c9e28a36255872a929e77d06012353da99aff23c18605f9813,9123187c4169189f53f17a84367c4bd5f749b13298f9619ef601c5de4ee90678,priority.aig,10,46,94,45,11100.0,300.0,35,56,36,9,66,105,66,65600.0,68900.0,41300.0,1043,521900.0,514399.9878782779,37299.905670806766,35900.098737329245,135200.15636458993,51700.015319511294,70600.0,66100.0,ok,15748.0,57738.0,10056.0,30886.0,27200.0,529700.0,3.6663703327406654,3.0714001591089897,2.7048528241845666,28dd33a34e5477c9e28a36255872a929e77d06012353da99aff23c18605f9813,semantic_live_support,True,128,1280,12032,896,1152,8388608,50,5,5c1b8c3dc37c9ce71c4f40cce691208e
epfl,validation_reused,epfl-random_control-priority-internal636-78eeeb8379,,01577f70e1c9995b0e3e6cc59788f540867673be56a84ac306fb0ed333b8f3c5,01577f70e1c9995b0e3e6cc59788f540867673be56a84ac306fb0ed333b8f3c5,9123187c4169189f53f17a84367c4bd5f749b13298f9619ef601c5de4ee90678,priority.aig,16,49,51,37,8800.0,300.0,21,50,33,16,34,52,34,49800.0,57700.0,34700.0,1105,560300.0,553000.0198632479,37799.967685714364,56399.96379613876,142399.97835829854,52600.02217255533,48700.0,35300.0,ok,97200.0,58660.0,91720.0,52580.0,70300.0,653700.0,0.6034979423868313,0.5732664631487134,1.3370102700646633,01577f70e1c9995b0e3e6cc59788f540867673be56a84ac306fb0ed333b8f3c5,semantic_live_support,True,8192,131072,417792,40960,131072,8388608,5,5,78eeeb837992edfa21763c8a541c030f
epfl,validation_reused,epfl-random_control-priority-internal919-8f1126a8c9,,16abab341fb7f370e27e4dadcf81766dd0dfd0ae64469477bb2cf6614938b2af,16abab341fb7f370e27e4dadcf81766dd0dfd0ae64469477bb2cf6614938b2af,9123187c4169189f53f17a84367c4bd5f749b13298f9619ef601c5de4ee90678,priority.aig,9,26,26,19,5200.0,200.0,10,26,17,10,17,26,17,26600.0,31700.0,21700.0,590,327600.0,322699.9833714217,21300.0166695565,41700.026486068964,81099.97725114226,30700.030038133264,27200.0,21000.0,ok,4576.0,16640.0,4040.0,13830.0,19800.0,345900.0,3.6363636363636362,3.4232673267326734,4.900990099009901,16abab341fb7f370e27e4dadcf81766dd0dfd0ae64469477bb2cf6614938b2af,semantic_live_support,True,64,576,1664,192,640,8388608,50,5,8f1126a8c958341aaed77b581b1997eb
epfl,validation_reused,epfl-random_control-router-internal19-4200fe3838,,23fc335ebc04e96fb4e7a1116e3fc68a401e8eb2b8297cff732698f1a0971456,23fc335ebc04e96fb4e7a1116e3fc68a401e8eb2b8297cff732698f1a0971456,fe8d13d4efe05fc3400ab8c94c0d1ce07ee24dd2ec106f7ae3d24e962e80efbd,router.aig,8,24,24,22,6400.0,300.0,14,25,16,6,16,25,16,30200.0,30000.0,20800.0,544,272700.0,267700.0011317432,15300.029190257192,19299.91412907839,70600.10102577507,26199.96666908264,33500.0,18700.0,ok,4066.0,15658.0,4516.0,14911.0,19300.0,293200.0,3.850959173635022,3.3018157661647476,4.273693534100975,23fc335ebc04e96fb4e7a1116e3fc68a401e8eb2b8297cff732698f1a0971456,semantic_live_support,True,32,256,768,96,192,8388608,100,5,4200fe38385d0b56304dad3e6eb02b81
epfl,validation_reused,epfl-random_control-router-internal29-ebfa4eab0e,,b4f361622f1bc2f68bf08063a7f1fb20030b4e92daf2ece8f8bd2eaa55a27ec0,b4f361622f1bc2f68bf08063a7f1fb20030b4e92daf2ece8f8bd2eaa55a27ec0,fe8d13d4efe05fc3400ab8c94c0d1ce07ee24dd2ec106f7ae3d24e962e80efbd,router.aig,11,34,34,31,7800.0,200.0,20,36,23,8,23,36,23,41600.0,44700.0,26100.0,763,389700.0,384600.01815110445,20200.00829361379,27900.037821382284,103399.94332753122,40800.01963302493,47500.0,26200.0,ok,7305.0,22440.0,7725.0,21065.0,23800.0,383300.0,3.0718685831622174,2.726860841423948,3.0809061488673137,b4f361622f1bc2f68bf08063a7f1fb20030b4e92daf2ece8f8bd2eaa55a27ec0,semantic_live_support,True,256,2816,8704,768,2048,8388608,20,5,ebfa4eab0e74bc8c6ed30aeb1411544c
epfl,validation_reused,epfl-random_control-router-internal39-7af9c35a7e,,f67a1729e9d5531acbb12ffa5fb02094206dc61dee866b9d9b490a5c5c1333d8,f67a1729e9d5531acbb12ffa5fb02094206dc61dee866b9d9b490a5c5c1333d8,fe8d13d4efe05fc3400ab8c94c0d1ce07ee24dd2ec106f7ae3d24e962e80efbd,router.aig,14,43,43,40,9600.0,300.0,26,45,29,8,29,45,29,52900.0,52400.0,32300.0,964,492000.0,478300.0040333718,22600.055672228336,33699.99467395246,123199.94857534766,56900.02581104636,57600.0,31300.0,ok,28340.0,33600.0,29280.0,31780.0,44300.0,558700.0,1.18560338743825,1.085382513661202,1.5129781420765027,f67a1729e9d5531acbb12ffa5fb02094206dc61dee866b9d9b490a5c5c1333d8,semantic_live_support,True,2048,28672,88064,6144,16384,8388608,5,5,7af9c35a7e112b2839cd08d8fa30b8b1
epfl,validation_reused,epfl-random_control-router-internal104-77af71e925,,26ab8d2f3a330290d28a5f168aa4a309405d06406fcabb86d3d8e405f45ad1e1,26ab8d2f3a330290d28a5f168aa4a309405d06406fcabb86d3d8e405f45ad1e1,fe8d13d4efe05fc3400ab8c94c0d1ce07ee24dd2ec106f7ae3d24e962e80efbd,router.aig,11,42,56,33,8900.0,300.0,22,47,31,14,38,59,38,47100.0,51200.0,31600.0,958,539200.0,531999.9763742089,36799.960071220994,65200.03080368042,133599.9695584178,49599.941121414304,48900.0,38900.0,ok,10930.0,35450.0,8730.0,25970.0,22900.0,516600.0,3.243366880146386,2.974799541809851,2.623138602520046,26ab8d2f3a330290d28a5f168aa4a309405d06406fcabb86d3d8e405f45ad1e1,semantic_live_support,True,256,2816,14336,1280,3584,8388608,20,5,77af71e9251e73440cb959cf402bac43
epfl,validation_reused,epfl-random_control-router-internal135-565d2a3a16,,9201cdc32d9a27d99e0addf8236830f207bc858dee515da9d3df903bac337853,9201cdc32d9a27d99e0addf8236830f207bc858dee515da9d3df903bac337853,fe8d13d4efe05fc3400ab8c94c0d1ce07ee24dd2ec106f7ae3d24e962e80efbd,router.aig,12,36,36,33,11800.0,400.0,21,37,24,7,24,37,24,44100.0,42800.0,31700.0,810,408300.0,402700.01045428216,20999.98528137803,28500.01328624785,107099.94239732623,45600.02707876265,57600.0,28900.0,ok,12110.0,24010.0,12510.0,23145.0,28300.0,471000.0,1.9826589595375723,1.8501199040767387,2.2621902478017586,9201cdc32d9a27d99e0addf8236830f207bc858dee515da9d3df903bac337853,semantic_live_support,True,512,6144,18432,1536,3584,8388608,20,5,565d2a3a163f4b2698aa927119f22d2e
epfl,validation_reused,epfl-random_control-router-internal177-832d43e9af,,ad6a855b1c0263206b617b7122ab8b4bb9667664e39c08120bbf7d38cf2c158e,ad6a855b1c0263206b617b7122ab8b4bb9667664e39c08120bbf7d38cf2c158e,fe8d13d4efe05fc3400ab8c94c0d1ce07ee24dd2ec106f7ae3d24e962e80efbd,router.aig,15,51,95,47,11200.0,200.0,32,56,36,9,65,101,65,69800.0,59300.0,36300.0,1145,584100.0,572799.9960072339,28899.89991672337,40799.96142536402,148400.05314908922,77500.06625428796,64400.0,65400.0,ok,105300.0,85100.0,58820.0,47960.0,76700.0,674400.0,0.8081671415004749,0.8153689221353281,1.3039782386943217,ad6a855b1c0263206b617b7122ab8b4bb9667664e39c08120bbf7d38cf2c158e,semantic_live_support,True,4096,61440,389120,16384,36864,8388608,5,5,832d43e9afe1ef2f4984e581e6acacd9
epfl,validation_reused,epfl-random_control-router-internal233-5ddc8d5e1b,,dec234304d115a50b977a1569748ab6d44b8743cf93a68babf841c46ba798cbc,dec234304d115a50b977a1569748ab6d44b8743cf93a68babf841c46ba798cbc,fe8d13d4efe05fc3400ab8c94c0d1ce07ee24dd2ec106f7ae3d24e962e80efbd,router.aig,16,85,253,67,16700.0,300.0,51,102,69,23,175,273,175,98600.0,107900.0,61800.0,1965,1224700.0,1211100.0251024961,95099.99654255807,168999.94807317853,276600.03979690373,157299.94629509747,100200.0,193800.0,ok,525020.0,264360.0,180560.0,107240.0,123400.0,1476500.0,0.5035236752885605,0.5939299955693398,1.1506900410294667,dec234304d115a50b977a1569748ab6d44b8743cf93a68babf841c46ba798cbc,semantic_live_support,True,8192,131072,2072576,40960,188416,8388608,5,5,5ddc8d5e1b4e33d6d415cb84321f21e3
epfl,validation_reused,epfl-random_control-voter-internal72-661c8b218d,,00ad53b87fd6d173a86443ac94b6972381d29a677c2112133d90424185c3ee91,00ad53b87fd6d173a86443ac94b6972381d29a677c2112133d90424185c3ee91,10ea098f4fca120ba55dd1abd5fab34d6a4df6099c4f411bc8592a27f9caf324,voter.aig,12,89,265,85,22100.0,300.0,73,119,77,8,185,291,185,118400.0,113900.0,60400.0,2034,1037100.0,1025100.0057905912,67100.10347887874,86400.04671178758,268600.06619244814,94899.96591582894,120000.0,176700.0,ok,83560.0,170235.0,38715.0,69365.0,56400.0,1201100.0,2.0372786022020106,1.7916828102802531,1.4567996900426192,00ad53b87fd6d173a86443ac94b6972381d29a677c2112133d90424185c3ee91,semantic_live_support,True,512,6144,135680,3584,4096,8388608,20,5,661c8b218d6a9527eeb662c0cb1deaf2
epfl,validation_reused,epfl-random_control-voter-internal3075-f8954d4f09,,d17086cdb006ae47e044c0c125cdb6aaf8c917b0029278ce0cc88eef4a43a896,d17086cdb006ae47e044c0c125cdb6aaf8c917b0029278ce0cc88eef4a43a896,10ea098f4fca120ba55dd1abd5fab34d6a4df6099c4f411bc8592a27f9caf324,voter.aig,12,179,4547,168,44300.0,400.0,156,250,167,13,3161,4937,3161,240000.0,245300.0,117000.0,4274,2382000.0,2359800.011618063,185900.07675811648,209400.3139063716,576299.7316196561,293100.01991689205,262400.0,4110100.0,ok,1546620.0,2929760.0,80360.0,146915.0,101600.0,2193000.0,1.8942985348695867,1.8282105525136885,1.2643106022896964,d17086cdb006ae47e044c0c125cdb6aaf8c917b0029278ce0cc88eef4a43a896,semantic_live_support,True,512,6144,2328064,5632,6656,8388608,20,5,f8954d4f09d9cc98e6430789baffe087
epfl,validation_reused,epfl-random_control-voter-internal4823-4087895a60,,7c87f58d0aade6bc2554ac3faaa1b721bcb1db7833fd31f5e6b066cd2c6b3330,7c87f58d0aade6bc2554ac3faaa1b721bcb1db7833fd31f5e6b066cd2c6b3330,10ea098f4fca120ba55dd1abd5fab34d6a4df6099c4f411bc8592a27f9caf324,voter.aig,12,167,2599,161,40900.0,300.0,149,235,155,14,1807,2823,1807,258100.0,211100.0,110400.0,3959,2157600.0,2121700.0030446798,158200.12777112424,177599.89714249969,529599.9580994248,243099.95933435857,256800.0,2114900.0,ok,868710.0,1682280.0,74080.0,135960.0,95100.0,1981700.0,1.9365265738854163,1.8353131749460043,1.2837473002159827,7c87f58d0aade6bc2554ac3faaa1b721bcb1db7833fd31f5e6b066cd2c6b3330,semantic_live_support,True,512,6144,1330688,5120,7168,8388608,20,5,4087895a6009aa8f117aa8f85be6db1a
epfl,validation_reused,epfl-random_control-voter-internal7179-1f4236d03b,,94b0613d0adbb661e8da4ec12a47be76198b860edad947a3ede25a4a57cf36c9,94b0613d0adbb661e8da4ec12a47be76198b860edad947a3ede25a4a57cf36c9,10ea098f4fca120ba55dd1abd5fab34d6a4df6099c4f411bc8592a27f9caf324,voter.aig,12,171,3897,163,41700.0,300.0,151,240,159,16,2709,4231,2709,226000.0,251000.0,120600.0,4064,2118200.0,2093200.0188622624,154999.89967793226,176600.2387739718,511099.9627504498,247200.10696910322,262700.0,3709200.0,ok,1476870.0,2759200.0,78745.0,142350.0,99700.0,2149900.0,1.8682754744831975,1.8077338243698013,1.2661121341037527,94b0613d0adbb661e8da4ec12a47be76198b860edad947a3ede25a4a57cf36c9,semantic_live_support,True,512,6144,1995264,5632,8192,8388608,20,5,1f4236d03b0184ebbfd243a0ab581e29
epfl,validation_reused,epfl-random_control-voter-internal9182-24dfeed155,,0859ad9970b5619d8c45db08023b2bbf9bcd0d857023c08ea9bf0feb0141b0d4,0859ad9970b5619d8c45db08023b2bbf9bcd0d857023c08ea9bf0feb0141b0d4,10ea098f4fca120ba55dd1abd5fab34d6a4df6099c4f411bc8592a27f9caf324,voter.aig,12,176,3247,165,42000.0,300.0,153,246,164,17,2257,3525,2257,233500.0,243000.0,129500.0,4200,2243200.0,2219799.9933268875,181300.07083527744,194900.05797706544,543300.2952486277,262900.08099749684,261300.0,3053800.0,ok,1077255.0,2112970.0,76760.0,142495.0,93700.0,2146400.0,1.9614390278996152,1.8563705054715998,1.2206878582595102,0859ad9970b5619d8c45db08023b2bbf9bcd0d857023c08ea9bf0feb0141b0d4,semantic_live_support,True,512,6144,1662464,5632,8704,8388608,20,5,24dfeed155ecdb25a2b71062c9aae63d
epfl,validation_reused,epfl-random_control-voter-internal10038-a5538c254b,,7ec7d00c5ff6344bdf00c9115a08a5b3d5ef20d14c28db009908bd82d5cf747a,7ec7d00c5ff6344bdf00c9115a08a5b3d5ef20d14c28db009908bd82d5cf747a,10ea098f4fca120ba55dd1abd5fab34d6a4df6099c4f411bc8592a27f9caf324,voter.aig,12,172,2598,163,45800.0,300.0,151,241,160,19,1806,2821,1806,221000.0,261300.0,113400.0,4094,2036400.0,2015200.0070083886,150400.01017041504,172100.0298857689,504199.88110661507,231999.991228804,247800.0,2027700.0,ok,868300.0,1653790.0,80965.0,150695.0,101000.0,2299800.0,1.9046297362662674,1.8612363366886926,1.2474526029765949,7ec7d00c5ff6344bdf00c9115a08a5b3d5ef20d14c28db009908bd82d5cf747a,semantic_live_support,True,512,6144,1330176,5120,9728,8388608,20,5,a5538c254b4d2c474716906da6d65640
epfl,validation_reused,epfl-random_control-voter-internal10957-7dc361262b,,d4af98be3a974fa5f66ea9822e9ae42d9a7bc3a7a15b3978d33a027e25b56c66,d4af98be3a974fa5f66ea9822e9ae42d9a7bc3a7a15b3978d33a027e25b56c66,10ea098f4fca120ba55dd1abd5fab34d6a4df6099c4f411bc8592a27f9caf324,voter.aig,12,195,11047,182,50600.0,400.0,170,273,183,14,7681,11997,7681,277500.0,259500.0,131700.0,4685,2676600.0,2651099.9887250364,208500.0742226839,233600.1198273152,643100.1238524914,336399.97127465904,305900.0,9173400.0,ok,4850810.0,7094675.0,87355.0,162360.0,105700.0,2618700.0,1.4625753224719171,1.8586228607406559,1.2100051513937382,d4af98be3a974fa5f66ea9822e9ae42d9a7bc3a7a15b3978d33a027e25b56c66,semantic_live_support,True,512,6144,5656064,6144,7168,8388608,20,5,7dc361262ba66647abf5eecb25adf706
