corpus,role,id,seed,truth_sha256_expected,frozen_truth_sha256_verified,source_circuit_sha256,cluster,live_k,structural_dag_nodes_source,unfolded_tree_nodes,ir_nodes,node_count_cold_ns_median,node_count_warm_ns_median,cm_instructions,cm_executed_bigint_ops,cm_executed_word_ops,cm_peak_live_word_buffers,raw_instructions,raw_executed_bigint_ops,raw_executed_word_ops,hash_ns_median,serde_ns_median,json_encode_ns_median,serde_bytes,compile_external_ns,ir_compile_ns,ir_canonicalize_ns,ir_rewrite_ns,ir_intern_ns,ir_live_vars_ns,lower_cm_ns_median,lower_raw_ns_median,raw_kernel_status,raw_flat_ns_median,raw_words_ns_median,cm_flat_ns_median,cm_words_ns_median,wrapper_current_ns_median,end_to_end_current_ns_median,raw_words_over_flat,cm_words_over_flat,wrapper_over_selected_bare,packed_sha256,packed_digest_scope,packed_equal,output_bytes_exact,words_environment_bytes_estimate,raw_flat_temporary_bytes_estimate,raw_word_scratch_bytes_estimate,cm_word_scratch_bytes_estimate,max_kernel_temporary_bytes,kernel_batch,kernel_rounds,structural_hash
bx1,tuning,bx1-k2-1-54f10b4162e0,8461079743465329282,2b4c342f5433ebe591a1da77e013d1b72475562d48578dca8b84bac6651c3cb9,2b4c342f5433ebe591a1da77e013d1b72475562d48578dca8b84bac6651c3cb9,,andor_dom,2,3,3,3,2674.0,461.0,1,3,2,1,1,3,2,7241.0,8322.0,11096.0,95,47822.0,44178.21764945984,0.0,4025.176167488098,10365.620255470276,3466.382622718811,13040.0,7931.0,ok,1184.68,1285.93,1200.6,1296.34,21362.0,57386.0,1.0854661174325557,1.079743461602532,17.792770281525904,2b4c342f5433ebe591a1da77e013d1b72475562d48578dca8b84bac6651c3cb9,semantic_live_support,True,1,0,3,0,0,8388608,100,5,54f10b4162e03f461c68c6c8f768e35b
bx1,tuning,bx1-k2-2-b518dd4ce7ff,469422568421749975,67586e98fad27da0b9968bc039a1ef34c939b9b8e523a8bef89d478608c5ecf6,67586e98fad27da0b9968bc039a1ef34c939b9b8e523a8bef89d478608c5ecf6,,andor_dom,2,4,5,3,1392.0,260.0,1,1,1,1,2,2,2,8293.0,6690.0,8693.0,119,52149.0,49795.955419540405,3704.8012018203735,6919.726729393005,8763.745427131653,2292.916178703308,7321.0,6710.0,ok,1215.12,1297.24,1254.28,1361.04,13600.0,73320.0,1.0675818026203174,1.0851165608954938,10.842873999425965,67586e98fad27da0b9968bc039a1ef34c939b9b8e523a8bef89d478608c5ecf6,semantic_live_support,True,1,0,5,0,0,8388608,100,5,b518dd4ce7fff267e46efc2771ac579d
bx1,tuning,bx1-k2-3-95c6829453f6,452964046958912957,beead77994cf573341ec17b58bbf7eb34d2711c993c1d976b128b3188dc1829a,beead77994cf573341ec17b58bbf7eb34d2711c993c1d976b128b3188dc1829a,,andor_dom,2,3,3,3,1392.0,251.0,1,1,1,1,1,1,1,5278.0,4297.0,6961.0,95,37376.0,35263.59796524048,2102.9263734817505,1972.5412130355835,8592.382073402405,2201.646566390991,6700.0,4977.0,ok,1066.69,1152.32,1220.83,1319.27,13570.0,50886.0,1.080276368954429,1.0806336672591599,11.115388710958939,beead77994cf573341ec17b58bbf7eb34d2711c993c1d976b128b3188dc1829a,semantic_live_support,True,1,0,3,0,0,8388608,100,5,95c6829453f64683b84b443462b96527
bx1,tuning,bx1-k2-4-32783dec984f,5318592467202692467,e7cf46a078fed4fafd0b5e3aff144802b853f8ae459a4f0c14add3314b7cc3a6,e7cf46a078fed4fafd0b5e3aff144802b853f8ae459a4f0c14add3314b7cc3a6,,mixed,2,3,3,3,1352.0,241.0,1,3,2,1,1,3,2,5589.0,4647.0,6690.0,95,30746.0,28762.96639442444,0.0,1052.3945093154907,8681.78904056549,2134.5913410186768,6950.0,4647.0,ok,1171.15,1264.69,1196.39,1294.14,12779.0,47762.0,1.0798702130384665,1.0817041265807972,10.681299576225143,e7cf46a078fed4fafd0b5e3aff144802b853f8ae459a4f0c14add3314b7cc3a6,semantic_live_support,True,1,0,3,0,0,8388608,100,5,32783dec984fbaffc95cf27946092cdd
bx1,tuning,bx1-k2-5-fc111ecef3a9,8616361440898826637,4d7b3ef7300acf70c892d8327db8272f54434adbc61a4e130a563cb59a0d0f47,4d7b3ef7300acf70c892d8327db8272f54434adbc61a4e130a563cb59a0d0f47,,impeqv_dom,2,11,31,3,1292.0,231.0,1,1,1,1,15,39,27,17276.0,21372.0,13570.0,295,110316.0,107729.80749607086,2553.686499595642,10844.320058822632,24789.944291114807,5939.975380897522,7191.0,27030.0,ok,3627.03,3757.53,1236.15,1326.39,13299.0,108092.0,1.0359798512832814,1.073000849411479,10.758403106419124,4d7b3ef7300acf70c892d8327db8272f54434adbc61a4e130a563cb59a0d0f47,semantic_live_support,True,1,0,31,0,0,8388608,100,5,fc111ecef3a9fea0fb4436cc12779e92
bx1,tuning,bx1-k2-6-7d06ed9915a2,4522821221123432492,e52d9c508c502347344d8c07ad91cbd6068afc75ff6292f062a09ca381c89e71,e52d9c508c502347344d8c07ad91cbd6068afc75ff6292f062a09ca381c89e71,,xor_dom,2,10,25,6,2804.0,251.0,4,6,6,4,12,12,12,20380.0,17677.0,12989.0,270,147852.0,145006.92486763,13057.142496109009,20220.87574005127,28951.093554496765,11865.049600601196,15674.0,22093.0,ok,2542.01,2575.06,2091.83,2175.86,14302.0,157406.0,1.0130015224172997,1.040170568354025,6.837075670585086,e52d9c508c502347344d8c07ad91cbd6068afc75ff6292f062a09ca381c89e71,semantic_live_support,True,1,0,25,0,0,8388608,100,5,7d06ed9915a2307d619a02bbecd15e57
bx1,tuning,bx1-k2-7-1ac6b3fc16a4,6260423800473009968,4bf5122f344554c53bde2ebb8cd2b7e3d1600ad631c385a5d7cce23c7785459a,4bf5122f344554c53bde2ebb8cd2b7e3d1600ad631c385a5d7cce23c7785459a,,andor_dom,2,5,6,4,1622.0,281.0,2,3,2,2,3,4,3,7371.0,8022.0,8343.0,137,56064.0,53880.736231803894,3656.3724279403687,2924.3528842926025,12790.784239768982,3818.422555923462,9224.0,7481.0,ok,1356.43,1453.18,1401.3,1490.34,12899.0,73020.0,1.0713269390974838,1.0635409976450438,9.205023906372654,4bf5122f344554c53bde2ebb8cd2b7e3d1600ad631c385a5d7cce23c7785459a,semantic_live_support,True,1,0,6,0,0,8388608,100,5,1ac6b3fc16a4f65ccac07328e95bf0b3
bx1,tuning,bx1-k2-8-7cec1b883a82,4008937263292170230,ca358758f6d27e6cf45272937977a748fd88391db679ceda7dc7bf1f005ee879,ca358758f6d27e6cf45272937977a748fd88391db679ceda7dc7bf1f005ee879,,xor_dom,2,12,31,8,3094.0,281.0,6,11,8,3,16,24,19,16485.0,20531.0,14161.0,310,155483.0,152239.5759820938,9024.515748023987,18490.47839641571,35641.71493053436,11583.790183067322,17356.0,26189.0,ok,3332.69,3415.11,2320.87,2412.01,14822.0,131257.0,1.0247307730391966,1.0392697565998958,6.386398204121731,ca358758f6d27e6cf45272937977a748fd88391db679ceda7dc7bf1f005ee879,semantic_live_support,True,1,0,31,0,0,8388608,100,5,7cec1b883a82113d6050c89326721bc9
bx1,tuning,bx1-k3-1-6189f2994067,5966868217106501688,620bfdaa346b088fb49998d92f19a7eaf6bfc2fb0aee015753966da1028cb731,620bfdaa346b088fb49998d92f19a7eaf6bfc2fb0aee015753966da1028cb731,,andor_dom,3,6,6,5,1332.0,210.0,2,4,3,2,3,4,3,6280.0,6470.0,12288.0,158,50245.0,48203.39381694794,3214.925527572632,2676.6210794448853,13981.014490127563,3464.51997756958,7602.0,5198.0,ok,978.57,1040.66,1048.77,1101.96,10335.0,65458.0,1.063449727663836,1.0507165536771648,9.85440086959009,620bfdaa346b088fb49998d92f19a7eaf6bfc2fb0aee015753966da1028cb731,semantic_live_support,True,1,0,6,0,0,8388608,100,5,6189f29940672a4e1c71b4b746175557
bx1,tuning,bx1-k3-2-c073c4cae16c,2140984543467918017,4bf5122f344554c53bde2ebb8cd2b7e3d1600ad631c385a5d7cce23c7785459a,4bf5122f344554c53bde2ebb8cd2b7e3d1600ad631c385a5d7cce23c7785459a,,impeqv_dom,3,16,56,16,4457.0,221.0,13,32,22,6,28,59,43,17737.0,22694.0,13601.0,412,149074.0,145887.95602321625,3786.7575883865356,9104.609489440918,38309.02278423309,21187.588572502136,24557.0,33610.0,ok,4064.19,4122.98,2816.02,2822.83,12799.0,176384.0,1.014465367022703,1.0024183066881627,4.5450671515117085,4bf5122f344554c53bde2ebb8cd2b7e3d1600ad631c385a5d7cce23c7785459a,semantic_live_support,True,1,0,56,0,0,8388608,100,5,c073c4cae16c20ea16679fb56d345d47
bx1,tuning,bx1-k3-3-2cf6fe6bc52c,351760472865490451,3973e022e93220f9212c18d0d0c543ae7c309e46640da93a4a0314de999f5112,3973e022e93220f9212c18d0d0c543ae7c309e46640da93a4a0314de999f5112,,mixed,3,6,7,6,1633.0,200.0,3,5,4,2,3,5,4,7541.0,7351.0,6951.0,164,56865.0,54771.08061313629,2747.4015951156616,5187.466740608215,13530.254364013672,4747.8824853897095,10366.0,5949.0,ok,1073.21,1132.5,1272.91,1318.27,10676.0,72018.0,1.0552454785177179,1.0356348838488187,8.387081569003307,3973e022e93220f9212c18d0d0c543ae7c309e46640da93a4a0314de999f5112,semantic_live_support,True,1,0,7,0,0,8388608,100,5,2cf6fe6bc52ca9b0c580828a67d0e3b2
bx1,tuning,bx1-k3-4-6f4b1568a0b2,3528185177367768437,50868f20258bbc9cce0da2719e8654c108733dd2f663b8737c574ec0ead93eb3,50868f20258bbc9cce0da2719e8654c108733dd2f663b8737c574ec0ead93eb3,,impeqv_dom,3,14,37,8,2244.0,230.0,5,14,9,3,19,45,31,15944.0,18999.0,11557.0,363,107140.0,104917.21332073212,3455.2067518234253,9257.346391677856,27639.79136943817,8596.107363700867,12960.0,23255.0,ok,3306.86,3324.28,1488.03,1558.64,11307.0,115674.0,1.0052678371627466,1.047452000295693,7.598637124251527,50868f20258bbc9cce0da2719e8654c108733dd2f663b8737c574ec0ead93eb3,semantic_live_support,True,1,0,37,0,0,8388608,100,5,6f4b1568a0b24d9f538b69e1ddaf3168
bx1,tuning,bx1-k3-5-9d6635482dd7,2879241967487364291,beead77994cf573341ec17b58bbf7eb34d2711c993c1d976b128b3188dc1829a,beead77994cf573341ec17b58bbf7eb34d2711c993c1d976b128b3188dc1829a,,mixed,3,6,6,6,1593.0,190.0,3,8,5,2,3,8,5,6039.0,6720.0,6370.0,158,42373.0,40441.75148010254,0.0,1009.5536708831787,13098.12068939209,3557.652235031128,8833.0,5669.0,ok,1147.92,1217.63,1176.17,1245.77,10556.0,57216.0,1.0607272283782843,1.0591751192429666,8.974893085183263,beead77994cf573341ec17b58bbf7eb34d2711c993c1d976b128b3188dc1829a,semantic_live_support,True,1,0,6,0,0,8388608,100,5,9d6635482dd776daa8fdfaeb834e3d4b
bx1,tuning,bx1-k3-6-6e2e20f77614,6222481568918042885,9e076ceaf246b6003d9c2680a2b4cf0bffd069805902b0b5edeebf49039fe4bd,9e076ceaf246b6003d9c2680a2b4cf0bffd069805902b0b5edeebf49039fe4bd,,andor_dom,3,5,5,5,1262.0,190.0,2,4,3,2,2,4,3,5769.0,5679.0,5839.0,139,41242.0,39298.08735847473,1542.2701835632324,3164.634108543396,10516.494512557983,3473.833203315735,7782.0,5057.0,ok,944.51,1012.01,1059.69,1128.39,14212.0,60100.0,1.071465627679961,1.0648302805537468,13.411469391991997,9e076ceaf246b6003d9c2680a2b4cf0bffd069805902b0b5edeebf49039fe4bd,semantic_live_support,True,1,0,5,0,0,8388608,100,5,6e2e20f7761486ffa97f9643074ee08b
bx1,tuning,bx1-k3-7-7eea095f4c98,5572147757052189078,3e151409ace91cb3394fecd59e92b5dc42c0aad29993a1858f2f70a0866a539b,3e151409ace91cb3394fecd59e92b5dc42c0aad29993a1858f2f70a0866a539b,,mixed,3,5,5,5,1472.0,231.0,2,4,3,2,2,4,3,5869.0,5769.0,5819.0,138,41041.0,38959.0859413147,1583.2483768463135,1594.4242477416992,10715.797543525696,3354.6239137649536,7732.0,4848.0,ok,957.43,1022.93,1069.21,1123.29,9995.0,55663.0,1.0684123121272573,1.050579399743736,9.348023306927544,3e151409ace91cb3394fecd59e92b5dc42c0aad29993a1858f2f70a0866a539b,semantic_live_support,True,1,0,5,0,0,8388608,100,5,7eea095f4c986451937dd28e2dc782e7
bx1,tuning,bx1-k3-8-a6d677a5a9c6,9188566006954337819,fe1dcd3abfcd6b1655a026e60a05d03a7f71e4b6070f36e6c7e9c4b6f3d3bf1b,fe1dcd3abfcd6b1655a026e60a05d03a7f71e4b6070f36e6c7e9c4b6f3d3bf1b,,xor_dom,3,16,38,5,1472.0,201.0,2,3,3,2,19,22,20,14882.0,26390.0,12389.0,413,129374.0,126820.05763053894,10378.658771514893,18097.46026992798,19773.84090423584,6392.5981521606445,8292.0,24357.0,ok,2538.91,2664.49,1128.79,1189.98,10565.0,128613.0,1.0494621707740723,1.054208488735726,9.359579726964272,fe1dcd3abfcd6b1655a026e60a05d03a7f71e4b6070f36e6c7e9c4b6f3d3bf1b,semantic_live_support,True,1,0,38,0,0,8388608,100,5,a6d677a5a9c6e5a710b944d3546e59a6
bx1,tuning,bx1-k4-1-3d5e8d379589,2912613150875055739,6b50da4c7475bcec045cadc909f0de41b16eb0a92ff8b1477f0020c937f044ec,6b50da4c7475bcec045cadc909f0de41b16eb0a92ff8b1477f0020c937f044ec,,andor_dom,4,9,11,9,2474.0,220.0,5,11,8,4,5,11,8,10495.0,10556.0,8383.0,232,78017.0,75684.86034870148,2844.2591428756714,5966.052412986755,20101.66645050049,8143.484592437744,13941.0,8433.0,ok,1507.36,1564.25,1739.7,1781.07,11296.0,101672.0,1.0377414817959878,1.0237799620624244,6.493073518422716,6b50da4c7475bcec045cadc909f0de41b16eb0a92ff8b1477f0020c937f044ec,semantic_live_support,True,2,0,22,0,0,8388608,100,5,3d5e8d3795898edaa2d1f391c12bd94e
bx1,tuning,bx1-k4-2-dc59c9d65758,7097291320739778651,0c3f8fb85969c5f63bbb8cd980c4089845e43c24d46f2f3d36dac81ec4a6b5e9,0c3f8fb85969c5f63bbb8cd980c4089845e43c24d46f2f3d36dac81ec4a6b5e9,,andor_dom,4,8,9,8,1973.0,200.0,4,4,4,3,4,4,4,9784.0,9094.0,7902.0,206,74332.0,71907.4159860611,3907.829523086548,5759.298801422119,17516.31498336792,6878.748536109924,11417.0,7111.0,ok,1143.91,1208.01,1718.48,1785.98,10906.0,89334.0,1.0560358769483613,1.039278897630464,6.346306037893953,0c3f8fb85969c5f63bbb8cd980c4089845e43c24d46f2f3d36dac81ec4a6b5e9,semantic_live_support,True,2,0,18,0,0,8388608,100,5,dc59c9d65758cde975d26a122e6a5109
bx1,tuning,bx1-k4-3-ab064aa12f01,1101616449022087241,fc5c2283015b212d975b85e56b2a75aac4b50bd5aba30cbe74f62857c380bd47,fc5c2283015b212d975b85e56b2a75aac4b50bd5aba30cbe74f62857c380bd47,,mixed,4,9,10,8,1953.0,201.0,4,8,6,3,5,8,6,9825.0,13100.0,8673.0,226,77647.0,75291.84222221375,4187.226295471191,5090.609192848206,20373.612642288208,6821.006536483765,11007.0,7632.0,ok,1350.93,1413.52,1561.34,1610.72,10816.0,91317.0,1.046331046020149,1.03162667964697,6.927382889056836,fc5c2283015b212d975b85e56b2a75aac4b50bd5aba30cbe74f62857c380bd47,semantic_live_support,True,2,0,20,0,0,8388608,100,5,ab064aa12f01ab07398c8f0813f4e1ad
bx1,tuning,bx1-k4-4-341296acd12a,1570959925577742463,dc957fb3268bfbc0fe10280b72493204a4a93b515bc94d24bd3a535c3f1cec88,dc957fb3268bfbc0fe10280b72493204a4a93b515bc94d24bd3a535c3f1cec88,,andor_dom,4,8,9,8,1993.0,221.0,4,6,5,3,4,6,5,10095.0,8884.0,8172.0,207,78217.0,76003.37266921997,3525.9872674942017,6159.767508506775,19226.22323036194,6729.736924171448,12209.0,7190.0,ok,1235.85,1310.27,1589.88,1682.92,10986.0,88513.0,1.0602176639559817,1.0585201398847712,6.909955468337232,dc957fb3268bfbc0fe10280b72493204a4a93b515bc94d24bd3a535c3f1cec88,semantic_live_support,True,2,0,18,0,0,8388608,100,5,341296acd12a5b8fb41f5050d99bae4c
bx1,tuning,bx1-k4-5-2c4ebec5300e,4579402982539958222,a5f6a4547f1b079ee5452d9ca3ddca4e9c67df04289297a3865575f3f14539b3,a5f6a4547f1b079ee5452d9ca3ddca4e9c67df04289297a3865575f3f14539b3,,mixed,4,8,8,8,1853.0,231.0,4,7,5,2,4,7,5,9794.0,8193.0,7792.0,202,63125.0,60841.44115447998,2393.49901676178,4647.299647331238,17434.358596801758,5427.747964859009,10826.0,6389.0,ok,1245.17,1302.36,1475.61,1544.42,11868.0,82023.0,1.04592947147779,1.0466315625402378,8.042775530119748,a5f6a4547f1b079ee5452d9ca3ddca4e9c67df04289297a3865575f3f14539b3,semantic_live_support,True,2,0,16,0,0,8388608,100,5,2c4ebec5300e3642aed0c42d51ad00d1
bx1,tuning,bx1-k4-6-cfc288ac73fb,2798707706268544857,51cf98f7d7cc561328db7f0f423f71139a220416148bc30dc5fc9c8f495b0a7f,51cf98f7d7cc561328db7f0f423f71139a220416148bc30dc5fc9c8f495b0a7f,,xor_dom,4,20,55,13,4186.0,210.0,9,16,16,7,27,27,27,21573.0,26980.0,15714.0,516,248863.0,245206.0580253601,21889.805793762207,34157.18674659729,53895.63739299774,28101.72736644745,22223.0,32890.0,ok,3542.71,3591.39,2802.81,2817.62,12639.0,252328.0,1.0137408932709704,1.0052839828600584,4.509403063354276,51cf98f7d7cc561328db7f0f423f71139a220416148bc30dc5fc9c8f495b0a7f,semantic_live_support,True,2,0,110,0,0,8388608,100,5,cfc288ac73fb764f9742ae15cc8de6be
bx1,tuning,bx1-k4-7-3e9177a0a359,7151450016185330364,576058b879ad23fe9231e3e6bbc2ddb5547e70f54b9311e3ea35b63cda778021,576058b879ad23fe9231e3e6bbc2ddb5547e70f54b9311e3ea35b63cda778021,,andor_dom,4,7,7,6,2644.0,230.0,2,5,4,2,3,5,4,7221.0,7381.0,7541.0,183,57927.0,55663.28763961792,2723.187208175659,2704.5607566833496,15072.524547576904,5520.880222320557,8814.0,6109.0,ok,1091.03,1156.53,1175.97,1245.77,10245.0,72318.0,1.060035012786083,1.0593552556612837,8.711956937676982,576058b879ad23fe9231e3e6bbc2ddb5547e70f54b9311e3ea35b63cda778021,semantic_live_support,True,2,0,14,0,0,8388608,100,5,3e9177a0a3593dfa8363df00fbb4d704
bx1,tuning,bx1-k4-8-9e6b3f348e02,3811774514271255125,86284851da241f87363910fbd25eb577ae625901035874a8b63300e0d42d9350,86284851da241f87363910fbd25eb577ae625901035874a8b63300e0d42d9350,,mixed,4,7,7,7,1723.0,220.0,3,9,6,2,3,9,6,6961.0,8172.0,7180.0,183,54572.0,52699.81920719147,0.0,2935.5287551879883,15163.794159889221,5489.21525478363,10446.0,5888.0,ok,1288.03,1359.23,1310.16,1378.16,10305.0,70456.0,1.055278215569513,1.0519020577639373,7.865451547902546,86284851da241f87363910fbd25eb577ae625901035874a8b63300e0d42d9350,semantic_live_support,True,2,0,14,0,0,8388608,100,5,9e6b3f348e02367e9f2d6939a90b0157
bx1,tuning,bx1-k5-1-034e0f291fe2,1828508922621870129,6f51d2666b29c657b5100faacd6816cf6bc25fb330e8ae537bb99e0ea8490e33,6f51d2666b29c657b5100faacd6816cf6bc25fb330e8ae537bb99e0ea8490e33,,andor_dom,5,9,9,9,2093.0,221.0,4,4,4,3,4,4,4,10676.0,9264.0,8352.0,225,73110.0,70948.15373420715,3712.2517824172974,3747.6420402526855,18987.804651260376,7132.0682764053345,12339.0,6980.0,ok,1195.89,1248.27,1624.14,1687.83,11117.0,94081.0,1.0438000150515514,1.0392145997266244,6.844853276195401,6f51d2666b29c657b5100faacd6816cf6bc25fb330e8ae537bb99e0ea8490e33,semantic_live_support,True,4,0,36,0,0,8388608,100,5,034e0f291fe2129ff5c840daf6a5e9e9
bx1,tuning,bx1-k5-2-2c0d115977c9,2444305532916082909,6143256ea532cef7b52c2b02d1b0cb8c7500d6465e1a93f315999298b376d38e,6143256ea532cef7b52c2b02d1b0cb8c7500d6465e1a93f315999298b376d38e,,mixed,5,14,16,14,3365.0,200.0,9,22,14,2,9,22,14,14101.0,15243.0,11016.0,338,107231.0,104436.65087223053,1531.0943126678467,5898.997187614441,31977.89192199707,13219.192624092102,18838.0,11287.0,ok,2499.75,2621.13,2625.13,2701.95,17146.0,130406.0,1.0485568556855687,1.029263312674039,6.531486059737993,6143256ea532cef7b52c2b02d1b0cb8c7500d6465e1a93f315999298b376d38e,semantic_live_support,True,4,0,64,0,0,8388608,100,5,2c0d115977c91fa7c7e69867ea273f8c
bx1,tuning,bx1-k5-3-2df622ee85b3,1088714000501922821,0de99e9d3584c7d8e58d818956422633581f33bfb40079949c52c7cf00ab0886,0de99e9d3584c7d8e58d818956422633581f33bfb40079949c52c7cf00ab0886,,xor_dom,5,19,53,13,3195.0,210.0,8,12,9,4,26,40,33,20751.0,24998.0,15803.0,486,202644.0,199107.45322704315,13228.505849838257,24067.237973213196,42119.99475955963,18086.284399032593,17637.0,31998.0,ok,4629.14,4761.94,2542.52,2613.51,12298.0,202283.0,1.0286878340253263,1.0279211176313265,4.836933436118497,0de99e9d3584c7d8e58d818956422633581f33bfb40079949c52c7cf00ab0886,semantic_live_support,True,4,0,212,0,0,8388608,100,5,2df622ee85b309c9a2d4baf0becea65c
bx1,tuning,bx1-k5-4-c147eb2ddd37,5743920076487934602,bca5c616901bd9250b3ff9847df58a80dce917799789900b1f45afa2f67f9ea3,bca5c616901bd9250b3ff9847df58a80dce917799789900b1f45afa2f67f9ea3,,andor_dom,5,12,14,11,2403.0,181.0,6,9,7,2,7,10,8,14512.0,13481.0,10566.0,296,109254.0,106429.68118190765,6869.4353103637695,8417.293429374695,24752.691388130188,10365.620255470276,15904.0,9894.0,ok,1725.78,1790.38,2097.45,2152.52,11817.0,119309.0,1.0374323494304025,1.0262556914348375,5.633984123578632,bca5c616901bd9250b3ff9847df58a80dce917799789900b1f45afa2f67f9ea3,semantic_live_support,True,4,0,56,0,0,8388608,100,5,c147eb2ddd37348849bdb3a05817a921
bx1,tuning,bx1-k5-5-a102e1e6ae56,112315865244663687,917b0f241a54adf2a7621d1364c6cd65d0810137aa21ecb37539007ea88feae4,917b0f241a54adf2a7621d1364c6cd65d0810137aa21ecb37539007ea88feae4,,impeqv_dom,5,23,82,13,2915.0,220.0,8,22,14,3,47,122,78,24607.0,31087.0,16215.0,580,164847.0,161431.72979354858,2214.685082435608,13796.612620353699,41261.31534576416,14195.218682289124,18057.0,49324.0,ok,9835.04,9929.58,2567.25,2618.42,12799.0,178938.0,1.0096125689371878,1.019931833674165,4.9854903106436845,917b0f241a54adf2a7621d1364c6cd65d0810137aa21ecb37539007ea88feae4,semantic_live_support,True,4,0,328,0,0,8388608,100,5,a102e1e6ae5644e6f1866b788b1b8100
bx1,tuning,bx1-k5-6-116409bdc50c,5133863355171125170,b8c7f44e7b8503569d12a3f3c52a7540395f01a7416a8ae111c683b83b02bfea,b8c7f44e7b8503569d12a3f3c52a7540395f01a7416a8ae111c683b83b02bfea,,mixed,5,11,11,10,2373.0,200.0,5,8,6,3,6,8,6,11908.0,11888.0,9414.0,265,92659.0,89975.07393360138,4697.591066360474,6886.199116706848,24728.477001190186,7731.840014457703,14172.0,8153.0,ok,1558.13,1627.84,1801.0,1859.79,11126.0,108573.0,1.0447395275105413,1.0326429761243754,6.177679067184897,b8c7f44e7b8503569d12a3f3c52a7540395f01a7416a8ae111c683b83b02bfea,semantic_live_support,True,4,0,44,0,0,8388608,100,5,116409bdc50c96488b8c18592d9dd143
bx1,tuning,bx1-k5-7-31414d038c89,8863517242013747676,c3c0795e66efdb4893dfbea5904c0264813b066194206a9d9dc51fdc29434600,c3c0795e66efdb4893dfbea5904c0264813b066194206a9d9dc51fdc29434600,,xor_dom,5,21,52,12,3115.0,220.0,7,12,10,5,27,30,27,23054.0,26169.0,15604.0,527,208583.0,204594.80583667755,16925.856471061707,26008.114218711853,42464.58411216736,19440.4274225235,18518.0,33180.0,ok,4140.61,4252.17,2385.87,2384.57,12259.0,211006.0,1.0269428900572621,0.9994551253840319,5.138167628579931,c3c0795e66efdb4893dfbea5904c0264813b066194206a9d9dc51fdc29434600,semantic_live_support,True,4,0,208,0,0,8388608,100,5,31414d038c89d07ba7be4651278c13c6
bx1,tuning,bx1-k5-8-0e1e9c457194,3751698668188430725,e6bef58a11fdfb6803208006b5064a62868e99ef09c185c62776cecbada1e076,e6bef58a11fdfb6803208006b5064a62868e99ef09c185c62776cecbada1e076,,andor_dom,5,11,11,10,2253.0,180.0,5,8,6,2,6,8,6,11588.0,11037.0,9374.0,262,87852.0,85297.97196388245,4677.101969718933,4919.2458391189575,24687.498807907104,7620.081305503845,13050.0,8362.0,ok,1580.77,1647.77,1784.78,1856.28,11106.0,102274.0,1.0423844075988284,1.0400609598942168,6.222615672519862,e6bef58a11fdfb6803208006b5064a62868e99ef09c185c62776cecbada1e076,semantic_live_support,True,4,0,44,0,0,8388608,100,5,0e1e9c45719487f626e2b2e3fec8739b
bx1,tuning,bx1-k6-1-ac26b8df9ebe,51376053804700149,3ed2b9d2e8aead855936cc675b7dd59402c2db788ff8c164dd46d78f9a95d464,3ed2b9d2e8aead855936cc675b7dd59402c2db788ff8c164dd46d78f9a95d464,,andor_dom,6,12,13,10,2454.0,210.0,4,10,8,3,6,10,8,11978.0,13190.0,10105.0,298,101152.0,98437.07084655762,5220.994353294373,5587.935447692871,27231.87208175659,11149.793863296509,16455.0,9835.0,ok,1690.73,7269.4,1780.27,7816.21,12669.0,122513.0,4.299562910695379,4.390463244339342,7.116336286068967,3ed2b9d2e8aead855936cc675b7dd59402c2db788ff8c164dd46d78f9a95d464,semantic_live_support,True,8,48,104,24,24,8388608,100,5,ac26b8df9ebe5cfd73a7e131c1fb6168
bx1,tuning,bx1-k6-2-ffc059d624c2,287296342116631151,fecdd560447fcdd00b65d7b2346f087ae28ba0a7ccad3c5a26996194d2f72e19,fecdd560447fcdd00b65d7b2346f087ae28ba0a7ccad3c5a26996194d2f72e19,,mixed,6,12,13,10,2654.0,200.0,4,8,7,3,6,8,7,12970.0,13310.0,10917.0,296,110966.0,107953.32491397858,5880.370736122131,9397.044777870178,26630.237698554993,11922.791600227356,13981.0,9805.0,ok,1623.44,6839.55,1815.22,7310.76,12118.0,124447.0,4.21299832454541,4.027478762904772,6.675774837209815,fecdd560447fcdd00b65d7b2346f087ae28ba0a7ccad3c5a26996194d2f72e19,semantic_live_support,True,8,48,104,24,24,8388608,100,5,ffc059d624c231c84857b6d3fc7288c6
bx1,tuning,bx1-k6-3-ce65022b9fb4,4617287766949047424,965425c496880102a23b9bb3b622c940f98677ee48cf209044732608565c1468,965425c496880102a23b9bb3b622c940f98677ee48cf209044732608565c1468,,andor_dom,6,11,11,11,2444.0,201.0,5,9,7,3,5,9,7,12809.0,11988.0,9685.0,272,91587.0,88874.25065040588,3958.1209421157837,5649.402737617493,24005.770683288574,9693.2053565979,15293.0,8623.0,ok,1583.97,6647.17,1924.58,6721.78,12178.0,109564.0,4.1965251867143945,3.492595787132777,6.327614336634487,965425c496880102a23b9bb3b622c940f98677ee48cf209044732608565c1468,semantic_live_support,True,8,48,88,24,24,8388608,100,5,ce65022b9fb43122e39355b3447e35cc
bx1,tuning,bx1-k6-4-5eff59fb232a,7058108064572688751,6eea92dc369a2dc0b787ee1e430ea8253af8bc2835240652b5a1016d0a24a40b,6eea92dc369a2dc0b787ee1e430ea8253af8bc2835240652b5a1016d0a24a40b,,mixed,6,12,13,12,2784.0,211.0,6,6,6,3,6,6,6,14181.0,12979.0,10275.0,297,111087.0,108633.19039344788,6381.422281265259,8553.266525268555,26455.149054527283,11246.651411056519,16615.0,9494.0,ok,1470.91,6182.96,2151.73,6182.07,11807.0,128112.0,4.203493075715033,2.873069576573269,5.487212614965633,6eea92dc369a2dc0b787ee1e430ea8253af8bc2835240652b5a1016d0a24a40b,semantic_live_support,True,8,48,104,24,24,8388608,100,5,5eff59fb232a9934bd6d5955d0652bb2
bx1,tuning,bx1-k6-5-66ebf761dca1,6753710601522320977,438bbe3675971dbdad9e96dfc2d1874c752fbb27cf06a3f4643eb8f8879dd493,438bbe3675971dbdad9e96dfc2d1874c752fbb27cf06a3f4643eb8f8879dd493,,andor_dom,6,11,11,9,2063.0,210.0,3,7,6,2,5,7,6,11066.0,11927.0,9294.0,270,92589.0,90066.3435459137,5116.686224937439,5902.722477912903,24171.54610157013,10464.340448379517,11808.0,8372.0,ok,1452.48,6068.1,1580.17,6452.17,12108.0,113300.0,4.177751156642432,4.083212565736598,7.662466696621249,438bbe3675971dbdad9e96dfc2d1874c752fbb27cf06a3f4643eb8f8879dd493,semantic_live_support,True,8,48,88,24,16,8388608,100,5,66ebf761dca172ad2ee7a1b488dd56c5
bx1,tuning,bx1-k6-6-2d863b86e83a,6857619866424346742,65af7220a3badb6d357bd7ad6a22e4e99780c02e975ab5a9cf4eb72e9fac2483,65af7220a3badb6d357bd7ad6a22e4e99780c02e975ab5a9cf4eb72e9fac2483,,impeqv_dom,6,25,65,24,6099.0,241.0,18,44,30,7,35,87,58,25428.0,33431.0,18768.0,617,221532.0,217104.33065891266,6979.331374168396,13403.594493865967,58755.27858734131,31286.850571632385,35343.0,40701.0,ok,7594.38,42842.41,4614.12,22285.3,22184.0,256134.0,5.641330826216229,4.829805033245776,4.807850684420865,65af7220a3badb6d357bd7ad6a22e4e99780c02e975ab5a9cf4eb72e9fac2483,semantic_live_support,True,8,48,520,40,56,8388608,100,5,2d863b86e83a8daaad1f4a3307211b06
bx1,tuning,bx1-k6-7-fa21ca943885,5781047927349053090,dfa2795fd2560a0399c10a1341bffb96778104541181e1eb5bcbb1161510f7c8,dfa2795fd2560a0399c10a1341bffb96778104541181e1eb5bcbb1161510f7c8,,mixed,6,15,18,12,2794.0,210.0,6,14,10,3,9,16,12,21753.0,16845.0,13070.0,370,119479.0,116484.23969745636,6070.360541343689,7769.092917442322,29742.717742919922,11615.455150604248,15873.0,12338.0,ok,2185.57,10037.14,2161.84,8842.75,13300.0,139750.0,4.592458717863074,4.090381341819931,6.152166672834252,dfa2795fd2560a0399c10a1341bffb96778104541181e1eb5bcbb1161510f7c8,semantic_live_support,True,8,48,144,32,24,8388608,100,5,fa21ca9438851982b8af7092c3b57630
bx1,tuning,bx1-k6-8-7ebdf5d9f846,8219207902678451901,e9355ae0ee1835ecb045dae2bc25d4bc454005e743fc0329c2551c4e3dec56fd,e9355ae0ee1835ecb045dae2bc25d4bc454005e743fc0329c2551c4e3dec56fd,,xor_dom,6,20,56,12,3225.0,210.0,6,10,9,3,28,29,28,19830.0,23986.0,15583.0,500,221933.0,217845.66342830658,18619.000911712646,25814.399123191833,45649.707317352295,25443.732738494873,17466.0,33691.0,ok,4103.55,22958.7,2226.04,8559.63,14442.0,235032.0,5.59483861534525,3.845227399327954,6.487754038561751,e9355ae0ee1835ecb045dae2bc25d4bc454005e743fc0329c2551c4e3dec56fd,semantic_live_support,True,8,48,448,32,24,8388608,100,5,7ebdf5d9f84654a7bcaed18c98258b0d
bx1,tuning,bx1-k7-1-5ff39721fc88,7631648143058458772,34786c07d664b0dfc25b038850de5499efd11016b94e0fc7bbf1a224d5113d48,34786c07d664b0dfc25b038850de5499efd11016b94e0fc7bbf1a224d5113d48,,andor_dom,7,14,15,9,2133.0,200.0,2,6,6,2,7,7,7,12608.0,14452.0,14672.0,340,122383.0,119429.0816783905,9575.85871219635,8253.38065624237,29457.733035087585,12880.191206932068,12649.0,11097.0,ok,1603.0,6841.35,1464.4,4915.37,13060.0,134331.0,4.267841547099189,3.356576072111445,8.9183283255941,34786c07d664b0dfc25b038850de5499efd11016b94e0fc7bbf1a224d5113d48,semantic_live_support,True,16,112,240,64,32,8388608,100,5,5ff39721fc88b1a8a5a24f7bc6cbba34
bx1,tuning,bx1-k7-2-e0fc1bb3261b,8743293369282057094,b8ee779cb8c5eb0beb1bf480e65e9803111b57412577edae72a1423f383b04f2,b8ee779cb8c5eb0beb1bf480e65e9803111b57412577edae72a1423f383b04f2,,mixed,7,14,15,14,3465.0,211.0,7,17,12,4,7,17,12,14902.0,15423.0,11828.0,344,120090.0,116944.3130493164,2974.6443033218384,6336.718797683716,30711.29322052002,14660.879969596863,18408.0,10877.0,ok,2162.54,8170.64,2413.12,8112.66,14191.0,137857.0,3.778260748934124,3.3618966317464527,5.880768465720727,b8ee779cb8c5eb0beb1bf480e65e9803111b57412577edae72a1423f383b04f2,semantic_live_support,True,16,112,240,64,64,8388608,100,5,e0fc1bb3261b62320541d273cfbe44c6
bx1,tuning,bx1-k7-3-6c16cb84b240,4257197736996724787,844cd7fc286c4123bcbc0b95df454c8be52ea115c0aeaf637d2bf177f75a1163,844cd7fc286c4123bcbc0b95df454c8be52ea115c0aeaf637d2bf177f75a1163,,xor_dom,7,26,115,19,5478.0,220.0,12,25,22,6,57,69,63,32559.0,34982.0,19239.0,657,303314.0,298418.1046485901,22802.501916885376,41527.67360210419,63497.573137283325,37703.66311073303,29304.0,73841.0,ok,8145.41,49013.86,3743.51,14503.84,15163.0,320881.0,6.017359469934601,3.8743959545987585,4.050476691661035,844cd7fc286c4123bcbc0b95df454c8be52ea115c0aeaf637d2bf177f75a1163,semantic_live_support,True,16,112,1840,112,96,8388608,100,5,6c16cb84b240f21671593b323da8e05c
bx1,tuning,bx1-k7-4-8a9246588c00,2717684551468254355,54995ea77c2b16a8d95d3fc713813ba295f81e4847eb399e7ecec4bc4b7ce8e0,54995ea77c2b16a8d95d3fc713813ba295f81e4847eb399e7ecec4bc4b7ce8e0,,andor_dom,7,16,17,14,3305.0,210.0,7,13,10,3,9,13,10,15863.0,16354.0,12819.0,382,135373.0,131705.77585697174,7541.850209236145,9203.329682350159,35507.604479789734,13189.390301704407,22854.0,11587.0,ok,2087.03,7980.46,2367.65,7495.83,13320.0,156765.0,3.8238357857817085,3.1659366882774056,5.6258315207061855,54995ea77c2b16a8d95d3fc713813ba295f81e4847eb399e7ecec4bc4b7ce8e0,semantic_live_support,True,16,112,272,64,48,8388608,100,5,8a9246588c00c3a48bc164937853d93b
bx1,tuning,bx1-k7-5-c9bc83e08a2e,1800966940377457308,8f2bf1a497fa86adaf46247de1fc06111c83dd7d5acf9cd434a0de581d5fdfa6,8f2bf1a497fa86adaf46247de1fc06111c83dd7d5acf9cd434a0de581d5fdfa6,,impeqv_dom,7,29,62,29,7201.0,191.0,22,63,42,7,31,90,60,30186.0,43305.0,20250.0,731,249835.0,244917.3480272293,1581.3857316970825,13913.959264755249,66880.13672828674,45113.26551437378,46049.0,39569.0,ok,7534.39,31633.01,5691.73,21546.59,17115.0,287541.0,4.198483221601218,3.7855959435883295,3.006994358481516,8f2bf1a497fa86adaf46247de1fc06111c83dd7d5acf9cd434a0de581d5fdfa6,semantic_live_support,True,16,112,992,64,112,8388608,100,5,c9bc83e08a2e5ab2a6122aefe0b3d382
bx1,tuning,bx1-k7-6-f354ff655ae6,7364799129822872276,02b1b0272cd3edb1600af80596fed6cb2dbbce970e06855c973cc3030a75504a,02b1b0272cd3edb1600af80596fed6cb2dbbce970e06855c973cc3030a75504a,,mixed,7,13,13,12,2544.0,210.0,5,8,7,3,6,8,7,14662.0,13130.0,11517.0,314,109124.0,106059.0147972107,6670.132279396057,5409.121513366699,27932.22665786743,12334.436178207397,15923.0,9504.0,ok,1617.83,6290.22,1977.66,6076.91,12809.0,143425.0,3.888059932131312,3.0727779294722044,6.476846373997552,02b1b0272cd3edb1600af80596fed6cb2dbbce970e06855c973cc3030a75504a,semantic_live_support,True,16,112,208,48,48,8388608,100,5,f354ff655ae68d12d56ddb1694b369b8
bx1,tuning,bx1-k7-7-6f54a0caffbb,669694256650786877,3745959b8dc7bf972951241a7e492452284dfe12f6dacab712bb34c57f56deff,3745959b8dc7bf972951241a7e492452284dfe12f6dacab712bb34c57f56deff,,andor_dom,7,14,15,11,2654.0,201.0,4,11,9,3,7,11,9,13440.0,14862.0,12569.0,343,124236.0,121142.71521568298,7160.007953643799,8316.710591316223,31352.04315185547,14644.116163253784,15033.0,11207.0,ok,1820.03,7257.28,1882.12,6629.74,12239.0,153861.0,3.9874507563062145,3.522485282553716,6.502773468216692,3745959b8dc7bf972951241a7e492452284dfe12f6dacab712bb34c57f56deff,semantic_live_support,True,16,112,240,48,48,8388608,100,5,6f54a0caffbb99f01de2eaa6f04abbe3
bx1,tuning,bx1-k7-8-31960f6785ea,5389744817123187390,fb1d0487129833c3401e3a60402f1d05d7ff1adbb6dd3ba1a3039b0fe62ec7a7,fb1d0487129833c3401e3a60402f1d05d7ff1adbb6dd3ba1a3039b0fe62ec7a7,,mixed,7,16,17,15,3235.0,190.0,8,17,12,3,9,17,12,16325.0,17916.0,12609.0,384,134301.0,130886.21199131012,4736.706614494324,10523.945093154907,35893.17202568054,14230.608940124512,20010.0,12438.0,ok,2370.75,8452.16,2660.08,8135.89,14041.0,153370.0,3.5651840134978383,3.058513277796157,5.278412679317915,fb1d0487129833c3401e3a60402f1d05d7ff1adbb6dd3ba1a3039b0fe62ec7a7,semantic_live_support,True,16,112,272,64,48,8388608,100,5,31960f6785ea570b99d64be942bc4dce
bx1,tuning,bx1-k8-1-4e47cb5cd5b6,1130776419271888585,9f6e49b04ee86bd513a46fd1c97e098b8eb0f96924bbd2794be3f59555a6ae30,9f6e49b04ee86bd513a46fd1c97e098b8eb0f96924bbd2794be3f59555a6ae30,,andor_dom,8,18,20,17,3886.0,210.0,9,11,10,4,10,11,10,20250.0,18107.0,14622.0,434,169304.0,165548.175573349,9985.64064502716,12278.556823730469,40404.49857711792,18566.84684753418,22434.0,14472.0,ok,2052.27,8859.98,2843.46,8648.56,13911.0,188142.0,4.317160997334659,3.041562040612493,4.892279124728324,9f6e49b04ee86bd513a46fd1c97e098b8eb0f96924bbd2794be3f59555a6ae30,semantic_live_support,True,32,256,640,96,128,8388608,100,5,4e47cb5cd5b69bcfd719d4ac6068c6c8
bx1,tuning,bx1-k8-2-a182f8acff49,7248160241883210108,8b7875dd32eb966f016e3fd28a016328a763518beeee69e2d6f88c364768d679,8b7875dd32eb966f016e3fd28a016328a763518beeee69e2d6f88c364768d679,,impeqv_dom,8,28,94,28,6910.0,201.0,20,54,36,6,49,128,86,28152.0,37066.0,20321.0,694,247421.0,242725.01468658447,2872.1988201141357,16296.282410621643,65475.7022857666,41373.07405471802,39279.0,59329.0,ok,10990.68,45922.72,5361.54,19080.7,17676.0,281482.0,4.178332914796901,3.558809595750475,3.296813975089247,8b7875dd32eb966f016e3fd28a016328a763518beeee69e2d6f88c364768d679,semantic_live_support,True,32,256,3008,160,192,8388608,100,5,a182f8acff49c11d3ef08d27856710fa
bx1,tuning,bx1-k8-3-afe9419ba99d,7509505614599461452,d18ac77ccd418be3ea78e236f39efa0a39eccfa942edd7a9cf6dd87e694a0ba6,d18ac77ccd418be3ea78e236f39efa0a39eccfa942edd7a9cf6dd87e694a0ba6,,mixed,8,20,22,20,4687.0,220.0,12,23,16,3,12,23,16,21121.0,23875.0,15463.0,476,170505.0,166779.38401699066,5690.380930900574,13645.738363265991,44273.21255207062,20409.002900123596,28983.0,14743.0,ok,3011.91,10622.82,3502.15,10644.96,15203.0,198177.0,3.5269380559180057,3.039549990719986,4.341047642162671,d18ac77ccd418be3ea78e236f39efa0a39eccfa942edd7a9cf6dd87e694a0ba6,semantic_live_support,True,32,256,704,96,96,8388608,100,5,afe9419ba99da1754207a2ecf55c469f
bx1,tuning,bx1-k8-4-f19b51fae83a,1483325244659736325,6bfda650328bb3de7368ee86ae030866c7c95772f0b4d56a96124e009213ca0d,6bfda650328bb3de7368ee86ae030866c7c95772f0b4d56a96124e009213ca0d,,andor_dom,8,16,17,13,2934.0,210.0,5,7,7,4,8,8,8,17296.0,16564.0,13210.0,387,139399.0,135853.88660430908,10067.597031593323,7901.34072303772,33702.70133018494,16203.150153160095,16725.0,11768.0,ok,1731.3,7798.78,2072.5,6350.12,12699.0,156394.0,4.504580373130018,3.063990349819059,6.127382388419782,6bfda650328bb3de7368ee86ae030866c7c95772f0b4d56a96124e009213ca0d,semantic_live_support,True,32,256,544,96,128,8388608,100,5,f19b51fae83ab75f67f487b56c96c709
bx1,tuning,bx1-k8-5-e450c9286a4b,7353142359741118861,df011df91ca5053f5dd5d482f1005f40217484210d2d70002af80d424af24c47,df011df91ca5053f5dd5d482f1005f40217484210d2d70002af80d424af24c47,,andor_dom,8,15,15,12,2895.0,220.0,4,11,9,3,7,11,9,14862.0,15974.0,12729.0,360,124286.0,121021.64328098297,6761.401891708374,6906.688213348389,32586.976885795593,14964.491128921509,14973.0,10786.0,ok,1957.74,7452.37,1945.31,6616.82,12859.0,150826.0,3.8066188564365033,3.4014218813453896,6.610257491093964,df011df91ca5053f5dd5d482f1005f40217484210d2d70002af80d424af24c47,semantic_live_support,True,32,256,480,96,96,8388608,100,5,e450c9286a4b75188f2525837394d3f7
bx1,tuning,bx1-k8-6-64c2a6d682df,549110268813727283,27891780ec8e448b119c5dc9cfc94faba3eca39177fa458804258b4d4324a512,27891780ec8e448b119c5dc9cfc94faba3eca39177fa458804258b4d4324a512,,impeqv_dom,8,27,60,27,6379.0,210.0,19,54,35,6,33,92,59,25518.0,35423.0,19169.0,660,213881.0,209443.27116012573,0.0,11950.73127746582,62339.00785446167,33907.59229660034,36104.0,37927.0,ok,8223.53,30187.95,5157.12,18001.78,16995.0,257967.0,3.6709235571585435,3.4906653325887316,3.2954439687267314,27891780ec8e448b119c5dc9cfc94faba3eca39177fa458804258b4d4324a512,semantic_live_support,True,32,256,1920,160,192,8388608,100,5,64c2a6d682df173dee0ef1896f738c84
bx1,tuning,bx1-k8-7-09fc993513d7,1450827913852197284,4f158000b47e4689beeec4a55c010155d5f95ffe1e0643fd9eb925e725a0d601,4f158000b47e4689beeec4a55c010155d5f95ffe1e0643fd9eb925e725a0d601,,mixed,8,15,15,15,3365.0,201.0,7,15,11,4,7,15,11,16475.0,15864.0,12149.0,363,117055.0,114010.64693927765,4123.896360397339,6739.0501499176025,31441.450119018555,13781.711459159851,22493.0,11096.0,ok,2190.88,7914.76,2540.9,7834.54,12810.0,145818.0,3.6125940261447456,3.083372033531426,5.041520721004368,4f158000b47e4689beeec4a55c010155d5f95ffe1e0643fd9eb925e725a0d601,semantic_live_support,True,32,256,480,96,128,8388608,100,5,09fc993513d7e644f90133989f40f63b
bx1,tuning,bx1-k8-8-21adfede2a12,4862862450874983221,dbf6879a50bc62709899f57bdbc6fa686a2113d9461a924c4daa9d566b4a94e0,dbf6879a50bc62709899f57bdbc6fa686a2113d9461a924c4daa9d566b4a94e0,,andor_dom,8,20,23,19,4697.0,220.0,11,16,13,3,12,16,13,22003.0,21322.0,14562.0,478,177496.0,173328.4443616867,10486.692190170288,13899.058103561401,44163.31648826599,20496.54722213745,25308.0,14883.0,ok,2490.03,10629.23,3313.16,10289.32,14131.0,210695.0,4.268715637964201,3.105591036955656,4.265112460611622,dbf6879a50bc62709899f57bdbc6fa686a2113d9461a924c4daa9d566b4a94e0,semantic_live_support,True,32,256,736,128,96,8388608,100,5,21adfede2a12c2886e347d09a80ac9d1
bx1,tuning,bx1-k10-1-ce8ba79b76b0,7420669341356717624,bf1133aff1ed584dcfebd2d8cfd40ab4dbd176c9840cf4eeff1b82b6b4587f7b,bf1133aff1ed584dcfebd2d8cfd40ab4dbd176c9840cf4eeff1b82b6b4587f7b,,mixed,10,21,22,20,4216.0,210.0,10,20,15,3,11,20,15,22063.0,22374.0,15513.0,500,173840.0,169964.5072221756,6997.957825660706,14746.561646461487,45571.476221084595,23255.1246881485,24126.0,15353.0,ok,2990.28,10692.82,3506.46,10434.22,14051.0,201111.0,3.575859116871998,2.9757133975576506,4.007175327823503,bf1133aff1ed584dcfebd2d8cfd40ab4dbd176c9840cf4eeff1b82b6b4587f7b,semantic_live_support,True,128,1280,2816,384,384,8388608,50,5,ce8ba79b76b0ba54ca0b1db699d85b79
bx1,tuning,bx1-k10-2-e17d064cca67,9123787503790150821,eb4c672ced2de1a76d4a2403041d4ac0eeb2b73b824c7ec93028a5747bfbdac7,eb4c672ced2de1a76d4a2403041d4ac0eeb2b73b824c7ec93028a5747bfbdac7,,andor_dom,10,23,25,22,5218.0,201.0,12,21,16,3,13,21,16,25218.0,24877.0,16484.0,544,206980.0,203354.28416728973,10279.938578605652,13479.962944984436,54320.3204870224,24911.01622581482,28042.0,16865.0,ok,3200.6,11867.8,3895.84,11623.42,14903.0,226790.0,3.7079922514528523,2.9835465522198037,3.825362437882459,eb4c672ced2de1a76d4a2403041d4ac0eeb2b73b824c7ec93028a5747bfbdac7,semantic_live_support,True,128,1280,3200,384,384,8388608,50,5,e17d064cca67024299d5bbac1258b783
bx1,tuning,bx1-k10-3-16f87b523a35,8987951477283036305,06fed3f06e44dfc17f35ad059ace2c26aeef00978d4ae10a4763490b0a32dd83,06fed3f06e44dfc17f35ad059ace2c26aeef00978d4ae10a4763490b0a32dd83,,mixed,10,22,24,22,4537.0,191.0,12,21,16,3,12,21,16,25028.0,24657.0,16465.0,526,199338.0,195283.442735672,7759.779691696167,13353.303074836731,48059.97014045715,26060.26828289032,28453.0,16655.0,ok,3110.66,11681.9,3865.2,11570.74,14021.0,215864.0,3.755440967511718,2.993568250025872,3.627496636655283,06fed3f06e44dfc17f35ad059ace2c26aeef00978d4ae10a4763490b0a32dd83,semantic_live_support,True,128,1280,3072,512,384,8388608,50,5,16f87b523a35164be73301b34d212037
bx1,tuning,bx1-k10-4-23d83455c005,1680298533417107274,650f04850fc8aa5bdf56eb89cd57e29e202b41d5857d7a03713a5341d50bfa76,650f04850fc8aa5bdf56eb89cd57e29e202b41d5857d7a03713a5341d50bfa76,,andor_dom,10,24,26,21,4617.0,210.0,11,20,15,4,14,21,16,23595.0,24537.0,16805.0,567,204867.0,200590.118765831,10989.606380462646,15601.515769958496,53590.163588523865,23381.784558296204,26019.0,17136.0,ok,3107.24,12099.94,3579.16,10683.62,13991.0,226489.0,3.89411181627425,2.9849517763944617,3.9090177583567094,650f04850fc8aa5bdf56eb89cd57e29e202b41d5857d7a03713a5341d50bfa76,semantic_live_support,True,128,1280,3328,384,512,8388608,50,5,23d83455c005b89b0513919ce5be401d
bx1,tuning,bx1-k10-5-9bbcf8dd3e01,7979976481648541001,fc3f1b016da13b03f0c85a6e9d3f0ab2d5bcf2150664877c4d1be31543186ee8,fc3f1b016da13b03f0c85a6e9d3f0ab2d5bcf2150664877c4d1be31543186ee8,,impeqv_dom,10,33,63,33,7301.0,211.0,23,55,38,7,32,80,55,35443.0,42564.0,22413.0,807,300230.0,294853.00183296204,6472.691893577576,24667.009711265564,76780.09569644928,47668.81465911865,45549.0,41142.0,ok,8558.64,31273.48,6875.9,21531.48,18348.0,337576.0,3.654024471177664,3.1314417021771694,2.6684506755479283,fc3f1b016da13b03f0c85a6e9d3f0ab2d5bcf2150664877c4d1be31543186ee8,semantic_live_support,True,128,1280,8064,512,896,8388608,50,5,9bbcf8dd3e0149f882f57d4076f9d84c
bx1,tuning,bx1-k10-6-85ff4d86e6c8,6788654603028088088,9ec7d6a737abdce839f03b08acdb4e6691734ca923a6cd4d01a8bbc1045e827f,9ec7d6a737abdce839f03b08acdb4e6691734ca923a6cd4d01a8bbc1045e827f,,mixed,10,20,21,20,4487.0,210.0,10,20,15,3,10,20,15,22184.0,22203.0,14973.0,480,167792.0,163855.03113269806,6260.350346565247,11399.388313293457,44399.87242221832,21342.188119888306,25919.0,15844.0,ok,2982.26,10683.6,3567.36,10642.96,15023.0,191797.0,3.582383829713036,2.983427520631503,4.211237441693577,9ec7d6a737abdce839f03b08acdb4e6691734ca923a6cd4d01a8bbc1045e827f,semantic_live_support,True,128,1280,2688,384,384,8388608,50,5,85ff4d86e6c8c0d9e4ca8c07f394e95b
bx1,tuning,bx1-k10-7-8246a0ff1e16,764246932348172014,9b89ca8226b6112656f0c4cabccc93534b4026a6150565073fd85e4c03812db1,9b89ca8226b6112656f0c4cabccc93534b4026a6150565073fd85e4c03812db1,,andor_dom,10,21,23,19,4256.0,221.0,9,15,13,5,11,15,13,22363.0,21783.0,15664.0,505,179449.0,175572.93176651,11267.140507698059,9283.42342376709,46662.986278533936,22435.560822486877,24977.0,17657.0,ok,2593.5,10712.86,3237.86,10171.06,13820.0,203125.0,4.130657412762676,3.1412908526001737,4.268251252370392,9b89ca8226b6112656f0c4cabccc93534b4026a6150565073fd85e4c03812db1,semantic_live_support,True,128,1280,2944,640,640,8388608,50,5,8246a0ff1e166187576e293cd8d04664
bx1,tuning,bx1-k10-8-77067f84ea1d,3417172046598079534,eea5060d15db70e5e032a78ce7ea32ca0f710efc3d3bf60fe8f921498c6f3a7e,eea5060d15db70e5e032a78ce7ea32ca0f710efc3d3bf60fe8f921498c6f3a7e,,mixed,10,23,27,19,4367.0,180.0,9,18,15,4,13,19,16,24246.0,25809.0,17145.0,558,210345.0,206248.83472919464,12071.803212165833,18090.009689331055,49645.0811624527,26853.755116462708,25237.0,17837.0,ok,2974.26,12714.24,3296.54,11047.76,14111.0,231777.0,4.274757418652034,3.35131986871083,4.280548696512101,eea5060d15db70e5e032a78ce7ea32ca0f710efc3d3bf60fe8f921498c6f3a7e,semantic_live_support,True,128,1280,3456,384,512,8388608,50,5,77067f84ea1da1bfaf0b99360374c009
bx1,tuning,bx1-k12-1-dcaeee786843,5272243526725519305,43e053d4256b86f12322d11b9de2728424bb39c997bbfaa95e97eb0032bf3958,43e053d4256b86f12322d11b9de2728424bb39c997bbfaa95e97eb0032bf3958,,andor_dom,12,27,29,23,5187.0,201.0,11,19,16,5,15,19,16,26550.0,27972.0,18467.0,635,257246.0,252507.62701034546,15472.99325466156,15415.2512550354,64278.021454811096,30828.63986492157,28853.0,18949.0,ok,4423.6,13199.3,4956.9,12220.8,16165.0,274261.0,2.9838366940953067,2.465411850148278,3.261110774879461,43e053d4256b86f12322d11b9de2728424bb39c997bbfaa95e97eb0032bf3958,semantic_live_support,True,512,6144,14848,2560,2560,8388608,20,5,dcaeee786843d10664d1d9075a3d551d
bx1,tuning,bx1-k12-2-56fe11ff64c7,4640074950674228798,dac62da81c27bdf3c5095c9ca757bd0e9721a3c943f4211b507a5f581fd49f26,dac62da81c27bdf3c5095c9ca757bd0e9721a3c943f4211b507a5f581fd49f26,,mixed,12,23,23,21,4307.0,200.0,9,17,14,3,11,17,14,24366.0,24437.0,17586.0,549,207762.0,203514.4716501236,10481.104254722595,14865.770936012268,50570.81580162048,29589.980840682983,25899.0,15383.0,ok,4140.2,11552.3,4611.4,10801.2,15433.0,232058.0,2.7902758320854066,2.34228217027367,3.3467059895042723,dac62da81c27bdf3c5095c9ca757bd0e9721a3c943f4211b507a5f581fd49f26,semantic_live_support,True,512,6144,11776,1536,1536,8388608,20,5,56fe11ff64c7a692c568b910bca1f2ea
bx1,tuning,bx1-k12-3-0e386c458b97,7382781167060541420,2a56b6c49cbac5a8b5c86b2ea4e0ba49adbf21af05e16d221c9b054471f1db10,2a56b6c49cbac5a8b5c86b2ea4e0ba49adbf21af05e16d221c9b054471f1db10,,andor_dom,12,25,26,21,4417.0,250.0,9,16,14,4,13,16,14,25439.0,25959.0,17426.0,590,217516.0,212877.98881530762,13496.726751327515,14044.344425201416,55063.51590156555,26745.721697807312,24938.0,17356.0,ok,3710.55,12126.65,4102.65,10929.35,14972.0,234542.0,3.2681543167454956,2.663973285559334,3.6493485917638604,2a56b6c49cbac5a8b5c86b2ea4e0ba49adbf21af05e16d221c9b054471f1db10,semantic_live_support,True,512,6144,13312,2048,2048,8388608,20,5,0e386c458b97236a1cb5788eb0f0d157
bx1,tuning,bx1-k12-4-fa0f34a0d7ca,5488042815295775796,9e02b50eac043198077de892e99d6dcd4da0c8468a8ae6ea2c46f7c87675bf83,9e02b50eac043198077de892e99d6dcd4da0c8468a8ae6ea2c46f7c87675bf83,,mixed,12,30,34,28,5729.0,200.0,16,33,24,4,18,33,24,31357.0,39730.0,20251.0,711,257065.0,252097.84507751465,11673.197150230408,19568.949937820435,67243.35253238678,32769.51611042023,40221.0,22965.0,ok,7140.2,16702.05,7711.05,16337.5,19339.0,301362.0,2.339157166465925,2.118712756369107,2.5079593570266048,9e02b50eac043198077de892e99d6dcd4da0c8468a8ae6ea2c46f7c87675bf83,semantic_live_support,True,512,6144,17408,2048,2048,8388608,20,5,fa0f34a0d7ca8395c44f2fe157823fdb
bx1,tuning,bx1-k12-5-933f221d92f9,6831630244739130491,d480fcda3d28f9df6104543c3e49775d0f63b53c9820430ad4c7c5b4cc5a4b41,d480fcda3d28f9df6104543c3e49775d0f63b53c9820430ad4c7c5b4cc5a4b41,,andor_dom,12,23,23,20,4286.0,211.0,8,11,11,6,11,11,11,24256.0,22003.0,16474.0,546,214852.0,211235.1357936859,14353.543519973755,15012.919902801514,51273.033022880554,29295.682907104492,24897.0,16024.0,ok,2878.3,10695.0,3430.65,9805.7,13771.0,219419.0,3.7157349824549213,2.858263011382683,4.0141081136227825,d480fcda3d28f9df6104543c3e49775d0f63b53c9820430ad4c7c5b4cc5a4b41,semantic_live_support,True,512,6144,11776,2560,3072,8388608,20,5,933f221d92f9e42626d06e4bac938665
bx1,tuning,bx1-k12-6-ab8ebfd94e71,1493478640250878970,6dcea35bb2d25f0467e558a31d9fc4463da58a2739192244dc708d9963d1cf8c,6dcea35bb2d25f0467e558a31d9fc4463da58a2739192244dc708d9963d1cf8c,,impeqv_dom,12,34,72,34,7601.0,220.0,22,62,41,6,38,107,70,34332.0,42995.0,22975.0,829,281301.0,276103.6157608032,1681.9685697555542,12980.77404499054,81367.79069900513,57004.39214706421,45138.0,44587.0,ok,22581.85,37262.35,13447.15,22075.1,25699.0,327341.0,1.6501017409999623,1.6416192278661277,1.9111112763671112,6dcea35bb2d25f0467e558a31d9fc4463da58a2739192244dc708d9963d1cf8c,semantic_live_support,True,512,6144,36864,2048,3072,8388608,20,5,ab8ebfd94e7121a69b1d94786ae9c692
bx1,tuning,bx1-k12-7-f4216d709297,8237117734719079983,ec19433f76563af73d590b5694269c71451213a84f29c0b196b80b3af6b4cf32,ec19433f76563af73d590b5694269c71451213a84f29c0b196b80b3af6b4cf32,,mixed,12,24,24,24,4877.0,240.0,12,23,17,4,12,23,17,25949.0,25348.0,17035.0,569,209845.0,205438.58408927917,8130.446076393127,15202.909708023071,55123.12054634094,27457.252144813538,33650.0,16045.0,ok,5333.5,12169.25,6045.55,12208.3,16956.0,228873.0,2.2816630730289678,2.0193861600681493,2.8047075948424873,ec19433f76563af73d590b5694269c71451213a84f29c0b196b80b3af6b4cf32,semantic_live_support,True,512,6144,12288,1536,2048,8388608,20,5,f4216d709297ea6daed114cf7ea737ee
bx1,tuning,bx1-k12-8-ff7ab4c2ccae,8062625858879735573,94d7e06d8895fe73fb4fae5f7444e7cc1bb2a5deaad8eae976d6fd963db7b568,94d7e06d8895fe73fb4fae5f7444e7cc1bb2a5deaad8eae976d6fd963db7b568,,andor_dom,12,26,28,22,5078.0,230.0,10,17,15,4,14,17,15,26630.0,26870.0,17777.0,616,234562.0,230824.5748281479,14040.619134902954,17998.740077018738,57594.85065937042,30754.13405895233,27201.0,18047.0,ok,4049.05,12983.0,4577.35,11887.85,15043.0,264046.0,3.2064311381682122,2.5971031273553473,3.2863993358602683,94d7e06d8895fe73fb4fae5f7444e7cc1bb2a5deaad8eae976d6fd963db7b568,semantic_live_support,True,512,6144,14336,2048,2048,8388608,20,5,ff7ab4c2ccae34850007d3df9a257fa0
bx1,tuning,bx1-k16-1-00faa20cf21f,118518869172703822,d53b9a68dab51f0da8f7984fa75fa6c3b30b50a274e12d5289ebd56795db4e1f,d53b9a68dab51f0da8f7984fa75fa6c3b30b50a274e12d5289ebd56795db4e1f,,andor_dom,16,33,34,30,5939.0,211.0,14,22,19,4,17,22,19,35023.0,32799.0,21512.0,777,286750.0,281412.15443611145,16463.92047405243,19731.000065803528,72501.59978866577,41428.953409194946,36475.0,21753.0,ok,21007.4,24907.2,21995.0,23827.6,36114.0,357095.0,1.1856393461351713,1.0833189361218458,1.5156373281404758,d53b9a68dab51f0da8f7984fa75fa6c3b30b50a274e12d5289ebd56795db4e1f,semantic_live_support,True,8192,131072,278528,32768,32768,8388608,5,5,00faa20cf21f8654c0317cc3490477d5
bx1,tuning,bx1-k16-2-7a57c9d7559d,2455481210717987663,4f466d23ffe144b5124259ffabcb2630adc9cb1d10c5b7384c06001c75f28433,4f466d23ffe144b5124259ffabcb2630adc9cb1d10c5b7384c06001c75f28433,,impeqv_dom,16,44,91,41,8513.0,191.0,25,70,47,7,47,123,83,43585.0,52909.0,28413.0,1073,371077.0,364568.0844783783,2551.823854446411,16873.70240688324,93704.08952236176,80535.18831729889,50766.0,56405.0,ok,209722.4,68478.6,128689.0,39937.8,51898.0,470455.0,0.32652020003585697,0.3103435414060254,1.2994706769025834,4f466d23ffe144b5124259ffabcb2630adc9cb1d10c5b7384c06001c75f28433,semantic_live_support,True,8192,131072,745472,40960,57344,8388608,5,5,7a57c9d7559d9837fb9909e1ba7f8391
bx1,tuning,bx1-k16-3-5054f67d71a1,7266381232235041005,64fc80a81adcf57aa807e2c69c4c2ad49f2659c00858bf80bb75fef476b23956,64fc80a81adcf57aa807e2c69c4c2ad49f2659c00858bf80bb75fef476b23956,,andor_dom,16,36,38,34,6520.0,231.0,18,27,22,5,20,27,22,38587.0,37176.0,22745.0,845,324546.0,318536.53490543365,18214.80691432953,22154.301404953003,79296.5292930603,46631.32131099701,40651.0,24146.0,ok,31204.8,28026.0,32426.6,26870.4,39620.0,408933.0,0.8981310567604984,0.8286530194346617,1.4744849350958675,64fc80a81adcf57aa807e2c69c4c2ad49f2659c00858bf80bb75fef476b23956,semantic_live_support,True,8192,131072,311296,32768,40960,8388608,5,5,5054f67d71a1b6ae9cb0cda4216ad5ac
bx1,tuning,bx1-k16-4-31d43debdd10,7357007383985780078,263344caa8e1642eea283ad058cf301e041381b05e849db068a20e6e83da75b8,263344caa8e1642eea283ad058cf301e041381b05e849db068a20e6e83da75b8,,mixed,16,32,33,32,6430.0,211.0,16,32,24,5,16,32,24,35483.0,35193.0,20951.0,762,268132.0,262595.7131385803,9784.474968910217,18078.83381843567,68791.2106513977,41466.206312179565,38257.0,22103.0,ok,46726.2,26519.8,47242.8,26818.2,38337.0,348081.0,0.5675573875042268,0.567667454088242,1.4295142850750608,263344caa8e1642eea283ad058cf301e041381b05e849db068a20e6e83da75b8,semantic_live_support,True,8192,131072,270336,32768,40960,8388608,5,5,31d43debdd10c266328d907bf8e2baa1
bx1,tuning,bx1-k16-5-d9d873c51a93,4504534119318889697,5e67584e1d859e2e584e98787eba1d799f639da7bbb5a623810d669f72232bca,5e67584e1d859e2e584e98787eba1d799f639da7bbb5a623810d669f72232bca,,xor_dom,16,39,48,26,6219.0,240.0,10,28,25,5,24,29,26,33781.0,42053.0,25118.0,942,444657.0,437846.4072942734,29923.394322395325,59643.760323524475,95922.49989509583,73401.25739574432,33250.0,30796.0,ok,29199.8,33580.4,27737.6,26992.4,39039.0,495142.0,1.1500215754902432,0.9731339409321644,1.4462959944280611,5e67584e1d859e2e584e98787eba1d799f639da7bbb5a623810d669f72232bca,semantic_live_support,True,8192,131072,393216,32768,40960,8388608,5,5,d9d873c51a93afd036c6b4946d576a42
bx1,tuning,bx1-k16-6-d8a917bace96,5214471196951292117,9ac5751ddd60e313dbf1fa4f890d8b8299aa66416cd4e1c3afb92e7d3a9bc58b,9ac5751ddd60e313dbf1fa4f890d8b8299aa66416cd4e1c3afb92e7d3a9bc58b,,mixed,16,37,40,36,7101.0,220.0,20,46,32,6,21,46,32,37567.0,40221.0,23876.0,874,304967.0,299388.5427713394,9655.952453613281,21796.67353630066,81628.56101989746,46078.115701675415,43365.0,26329.0,ok,67983.8,32132.2,68743.0,31897.8,43835.0,405788.0,0.4726449536507227,0.464015245188601,1.3742327057038417,9ac5751ddd60e313dbf1fa4f890d8b8299aa66416cd4e1c3afb92e7d3a9bc58b,semantic_live_support,True,8192,131072,327680,49152,49152,8388608,5,5,d8a917bace962a7fa02b9af71c289999
bx1,tuning,bx1-k16-7-8facb8315cfa,148776591144945431,58920619d6f8de9d357799535db7f88d493f01888c8ec4a9c7370c9a8816588f,58920619d6f8de9d357799535db7f88d493f01888c8ec4a9c7370c9a8816588f,,andor_dom,16,44,52,44,8632.0,210.0,28,41,32,5,28,41,32,56274.0,48753.0,27751.0,1041,416524.0,409312.54625320435,22331.252694129944,29483.81006717682,101914.62934017181,60455.87360858917,54281.0,31937.0,ok,48282.4,37237.8,50391.4,36364.4,47601.0,549844.0,0.7712499792885192,0.7216390098310426,1.309000010999769,58920619d6f8de9d357799535db7f88d493f01888c8ec4a9c7370c9a8816588f,semantic_live_support,True,8192,131072,425984,57344,40960,8388608,5,5,8facb8315cfa2a6fca384fb0b4853908
bx1,tuning,bx1-k16-8-a9644a6c5c5b,4180285109197120153,ad124e329f2b7dea66f0426285fc88030ed17330d2b93901d6aec19904cb7bb7,ad124e329f2b7dea66f0426285fc88030ed17330d2b93901d6aec19904cb7bb7,,mixed,16,40,45,32,6640.0,231.0,16,30,24,6,24,32,26,39048.0,47091.0,25609.0,945,350906.0,345688.3132457733,21547.07908630371,25041.401386260986,91318.0410861969,52219.25675868988,38698.0,28072.0,ok,40332.4,32250.2,39242.8,27198.8,40971.0,433240.0,0.7996102389146195,0.6930901974374917,1.506353221465653,ad124e329f2b7dea66f0426285fc88030ed17330d2b93901d6aec19904cb7bb7,semantic_live_support,True,8192,131072,368640,32768,49152,8388608,5,5,a9644a6c5c5b94b455663c24d3ecfa1f
b2,validation_reused,b2-k4-xor_dom-tree-1-8b6c553e4c62,111003307701815573,8e05696833e6832e8ad694ea4bef56ad3e4d9944c35799f8a67e1fc7312907e6,8e05696833e6832e8ad694ea4bef56ad3e4d9944c35799f8a67e1fc7312907e6,,xor_dom,4,10,12,10,2895.0,220.0,6,9,7,4,6,9,7,13009.0,18848.0,10566.0,251,96925.0,93691.05100631714,5440.7864809036255,8212.40246295929,22875.145077705383,8733.943104743958,16234.0,9765.0,ok,1506.06,1590.78,1884.72,1954.83,12939.0,118157.0,1.0562527389347038,1.0371991595568573,6.865210747485038,8e05696833e6832e8ad694ea4bef56ad3e4d9944c35799f8a67e1fc7312907e6,semantic_live_support,True,2,0,24,0,0,8388608,100,5,8b6c553e4c623adeaaf6b1ab12c89fbb
b2,validation_reused,b2-k4-xor_dom-tree-2-186a2a5c9bf0,6533399089810239086,a22175a602c02145cc695f9333f8ddfcc5cf32cebe88d461f157889dfd8e9468,a22175a602c02145cc695f9333f8ddfcc5cf32cebe88d461f157889dfd8e9468,,xor_dom,4,7,7,6,1702.0,210.0,2,3,3,2,3,3,3,11978.0,8222.0,7792.0,183,69134.0,66719.94924545288,4716.217517852783,6290.152668952942,16065.314412117004,6448.477506637573,9134.0,6059.0,ok,1087.63,1146.12,1213.72,1285.43,10957.0,79960.0,1.0537774794737178,1.0590828197607356,9.027617572421976,a22175a602c02145cc695f9333f8ddfcc5cf32cebe88d461f157889dfd8e9468,semantic_live_support,True,2,0,14,0,0,8388608,100,5,186a2a5c9bf05ce9f5cd3f1ba7dcfc20
b2,validation_reused,b2-k4-xor_dom-tree-3-128078f3da7b,1249514538893697756,62e7c221122cae8423ae3abd29d9fc9c53287f46a67c831dc0fd497948602a48,62e7c221122cae8423ae3abd29d9fc9c53287f46a67c831dc0fd497948602a48,,xor_dom,4,12,14,11,2745.0,221.0,7,11,8,3,8,11,8,13740.0,13150.0,10806.0,291,113350.0,110354.27451133728,7791.444659233093,10037.794709205627,27738.511562347412,9462.237358093262,15724.0,10366.0,ok,1791.29,1834.85,2095.34,2135.3,12168.0,128022.0,1.0243176705056132,1.0190708906430461,5.807172105720312,62e7c221122cae8423ae3abd29d9fc9c53287f46a67c831dc0fd497948602a48,semantic_live_support,True,2,0,28,0,0,8388608,100,5,128078f3da7bb66e7b480d8a5126b627
b2,validation_reused,b2-k4-xor_dom-tree-4-9a5b24a5b691,5973450879871075286,bf03ae910baf5f6fdb652b910c8004017dd76989a1ecd128aef435bdf5bfdff9,bf03ae910baf5f6fdb652b910c8004017dd76989a1ecd128aef435bdf5bfdff9,,xor_dom,4,9,11,6,1522.0,211.0,2,3,3,2,5,5,5,8733.0,10405.0,8934.0,232,88613.0,86190.17899036407,6580.725312232971,9853.392839431763,19194.558262825012,7694.5871114730835,8873.0,8382.0,ok,1321.78,1387.88,1250.68,1311.67,11067.0,98258.0,1.0500083221110927,1.0487654715834587,8.84878626027441,bf03ae910baf5f6fdb652b910c8004017dd76989a1ecd128aef435bdf5bfdff9,semantic_live_support,True,2,0,22,0,0,8388608,100,5,9a5b24a5b691079e8950391d76714c61
b2,validation_reused,b2-k4-xor_dom-shared-1-b3e4cd19e589,4200792122326145356,9a83c6cb1126d93de4a30715b28f1f4b26b983c57fb39e6d826d7e893ae4ee74,9a83c6cb1126d93de4a30715b28f1f4b26b983c57fb39e6d826d7e893ae4ee74,,xor_dom,4,14,35,8,2153.0,300.0,4,7,6,3,17,19,18,14893.0,17407.0,11837.0,362,154351.0,151647.25482463837,12248.754501342773,18093.734979629517,32959.505915641785,15771.016478538513,12589.0,22754.0,ok,2653.68,2784.18,1635.85,1699.65,11427.0,164847.0,1.0491769919508005,1.039001130910536,6.985359293333741,9a83c6cb1126d93de4a30715b28f1f4b26b983c57fb39e6d826d7e893ae4ee74,semantic_live_support,True,2,0,70,0,0,8388608,100,5,b3e4cd19e58938c2d0357fec6b80eb57
b2,validation_reused,b2-k4-xor_dom-shared-2-d4c0909c8173,6673506366441354419,bfa9ad6c53bd4fa5c103452ec0f0c7e0d582abdd55bb8f39362c766dd459e870,bfa9ad6c53bd4fa5c103452ec0f0c7e0d582abdd55bb8f39362c766dd459e870,,xor_dom,4,20,53,11,3355.0,220.0,7,14,12,5,27,29,27,20050.0,25488.0,15683.0,505,218047.0,214671.71609401703,18322.840332984924,28941.78032875061,45210.12306213379,20422.041416168213,17746.0,32729.0,ok,3760.33,3860.69,2304.65,2363.34,12699.0,220501.0,1.0266891469631656,1.0254659058859263,5.510164233180743,bfa9ad6c53bd4fa5c103452ec0f0c7e0d582abdd55bb8f39362c766dd459e870,semantic_live_support,True,2,0,106,0,0,8388608,100,5,d4c0909c81730352433585d489c6f933
b2,validation_reused,b2-k4-xor_dom-shared-3-88f8242fa307,8741506733210502234,ae8f3419f2285fc482b01c8e22707b13699ad50038026ce4618391aa1c675671,ae8f3419f2285fc482b01c8e22707b13699ad50038026ce4618391aa1c675671,,xor_dom,4,20,46,8,2274.0,210.0,4,8,7,3,23,24,23,15654.0,24387.0,15844.0,512,199599.0,196322.79872894287,16635.283827781677,25650.48635005951,38852.91516780853,16015.022993087769,12889.0,28623.0,ok,3304.86,3366.65,1653.18,1737.7,12208.0,194892.0,1.0186967072735305,1.0511257092391633,7.384555825741903,ae8f3419f2285fc482b01c8e22707b13699ad50038026ce4618391aa1c675671,semantic_live_support,True,2,0,92,0,0,8388608,100,5,88f8242fa3078a0b324089c8677355b4
b2,validation_reused,b2-k4-xor_dom-shared-4-28c644b1084a,8944855446226036940,8fe99e1d4b27948fd5e99e3883f6e2954b653363a4874606a09becab762842ad,8fe99e1d4b27948fd5e99e3883f6e2954b653363a4874606a09becab762842ad,,xor_dom,4,18,43,10,2684.0,210.0,6,9,8,4,21,23,22,17806.0,24016.0,14722.0,466,203045.0,199347.73445129395,15515.834093093872,24659.55913066864,39326.027035713196,20952.895283699036,15964.0,27482.0,ok,3186.38,3236.75,2050.47,2106.16,12058.0,197566.0,1.0158079074058963,1.0271596268172662,5.880602983706175,8fe99e1d4b27948fd5e99e3883f6e2954b653363a4874606a09becab762842ad,semantic_live_support,True,2,0,86,0,0,8388608,100,5,28c644b1084a1cde8e56428c422b610d
b2,validation_reused,b2-k4-andor_dom-tree-1-ea13a53017b8,67867771356869609,0d9ba34f231adf13041d4ad21fdfbf7209755748963a9c4683e00cef9a30f068,0d9ba34f231adf13041d4ad21fdfbf7209755748963a9c4683e00cef9a30f068,,andor_dom,4,7,7,6,1533.0,200.0,2,5,4,2,3,5,4,7551.0,7802.0,7742.0,181,60701.0,58457.255363464355,2622.6043701171875,3764.405846595764,15512.10880279541,5569.3089962005615,8863.0,6459.0,ok,1165.45,1246.57,1208.92,1277.51,10736.0,75553.0,1.0696040156162854,1.056736591337723,8.880653806703503,0d9ba34f231adf13041d4ad21fdfbf7209755748963a9c4683e00cef9a30f068,semantic_live_support,True,2,0,14,0,0,8388608,100,5,ea13a53017b87e9e0931d2c14563d2c8
b2,validation_reused,b2-k4-andor_dom-tree-2-e674d60a6337,2700119753953878052,40b7b0acaa3a96600fe748a9adb72e7d390fff319c0a222f724ecd7159384a8d,40b7b0acaa3a96600fe748a9adb72e7d390fff319c0a222f724ecd7159384a8d,,andor_dom,4,9,10,9,2244.0,200.0,5,6,5,3,5,6,5,11427.0,9554.0,8423.0,225,93570.0,91267.74966716766,5016.103386878967,6699.934601783752,22679.567337036133,8143.484592437744,12909.0,7752.0,ok,1300.35,1360.04,1720.87,1778.16,10886.0,98718.0,1.0459030261083555,1.0332913003306468,6.325870054100543,40b7b0acaa3a96600fe748a9adb72e7d390fff319c0a222f724ecd7159384a8d,semantic_live_support,True,2,0,20,0,0,8388608,100,5,e674d60a6337dea4f87502f3a49715b1
b2,validation_reused,b2-k4-andor_dom-tree-3-269b85d31c4b,7565303281249509524,5eace7caa8a101d3105c0c338da64e3d62dd7d90b1e4f9a2846f43f9e99ab977,5eace7caa8a101d3105c0c338da64e3d62dd7d90b1e4f9a2846f43f9e99ab977,,andor_dom,4,7,7,7,1732.0,190.0,3,5,4,2,3,5,4,8143.0,7691.0,7582.0,182,56705.0,54361.29868030548,2624.4670152664185,2652.406692504883,14679.506421089172,5390.49506187439,14432.0,6069.0,ok,1134.1,1186.47,1350.83,1415.82,10856.0,74251.0,1.0461775857508158,1.048111161286024,8.036540497323868,5eace7caa8a101d3105c0c338da64e3d62dd7d90b1e4f9a2846f43f9e99ab977,semantic_live_support,True,2,0,14,0,0,8388608,100,5,269b85d31c4b598a18aa024675dbc917
b2,validation_reused,b2-k4-andor_dom-tree-4-d96f9fff14ea,2225502782104075469,830dcc860e2f53775bdab51b1b2ff210ce23f6366ac76fba9168f62702456c31,830dcc860e2f53775bdab51b1b2ff210ce23f6366ac76fba9168f62702456c31,,andor_dom,4,9,11,9,2344.0,190.0,5,5,5,3,5,5,5,11467.0,10085.0,8573.0,231,85568.0,82904.47294712067,5932.524800300598,6496.906280517578,19805.505871772766,8275.732398033142,13611.0,8663.0,ok,1271.31,1331.39,1875.41,1934.4,11568.0,111427.0,1.0472583398227027,1.0314544552924427,6.16825120906895,830dcc860e2f53775bdab51b1b2ff210ce23f6366ac76fba9168f62702456c31,semantic_live_support,True,2,0,22,0,0,8388608,100,5,d96f9fff14eaa8f53817655268fa6ba3
b2,validation_reused,b2-k4-andor_dom-shared-1-17ce9f3e12c6,9117237289594880842,48b576dfc3447c7a0e6b513608937a23d02e6330c5ed01b0fc4ca98b2bca1feb,48b576dfc3447c7a0e6b513608937a23d02e6330c5ed01b0fc4ca98b2bca1feb,,andor_dom,4,18,45,11,3356.0,180.0,7,15,14,7,22,26,24,20571.0,23866.0,14722.0,462,209323.0,205658.37621688843,18630.176782608032,17836.689949035645,43293.461203575134,26967.376470565796,19519.0,29614.0,ok,3189.78,3240.56,2363.54,2431.74,12308.0,210095.0,1.015919593200785,1.0288550225509192,5.207443072679117,48b576dfc3447c7a0e6b513608937a23d02e6330c5ed01b0fc4ca98b2bca1feb,semantic_live_support,True,2,0,90,0,0,8388608,100,5,17ce9f3e12c650b4e3da3174950665b6
b2,validation_reused,b2-k4-andor_dom-shared-2-f7cba4ce652b,3612892547654723396,085edad400785fca7e7e90b1fac4beb776fc2beee5aa24352d5f39b5d57efcad,085edad400785fca7e7e90b1fac4beb776fc2beee5aa24352d5f39b5d57efcad,,andor_dom,4,16,31,10,3105.0,240.0,6,10,10,5,15,15,15,17987.0,19219.0,13640.0,411,175193.0,171927.73520946503,14990.568161010742,16909.092664718628,36220.99757194519,19317.492842674255,16725.0,20741.0,ok,2268.3,2389.18,2165.04,2214.32,12328.0,178487.0,1.053291010889212,1.0227617041717474,5.694121124782914,085edad400785fca7e7e90b1fac4beb776fc2beee5aa24352d5f39b5d57efcad,semantic_live_support,True,2,0,62,0,0,8388608,100,5,f7cba4ce652beb639b4716f01ea72b8a
b2,validation_reused,b2-k4-andor_dom-shared-3-44c5bbe1b3b1,467798099736167574,8509b81230019d2ad970d970f791dfbdc8caf54f5c594fcd327cef9feed206c1,8509b81230019d2ad970d970f791dfbdc8caf54f5c594fcd327cef9feed206c1,,andor_dom,4,18,48,11,2864.0,211.0,7,11,9,4,26,31,26,23626.0,21352.0,14561.0,452,174973.0,171758.234500885,14876.946806907654,16991.04905128479,35148.11396598816,17948.448657989502,16595.0,30967.0,ok,3437.85,3403.6,2042.66,2108.26,13069.0,184617.0,0.9900373780124205,1.0321149873204547,6.3980300196802204,8509b81230019d2ad970d970f791dfbdc8caf54f5c594fcd327cef9feed206c1,semantic_live_support,True,2,0,96,0,0,8388608,100,5,44c5bbe1b3b124fc2ca5faf1b50a402a
b2,validation_reused,b2-k4-andor_dom-shared-4-f79caff75ff2,7651224647821769314,474f2af47544e9c7ce4338cabd43c5ca1c26432b7300ce387406157ea433891f,474f2af47544e9c7ce4338cabd43c5ca1c26432b7300ce387406157ea433891f,,andor_dom,4,15,39,9,2494.0,220.0,5,8,8,5,19,19,19,15263.0,18017.0,13009.0,387,164386.0,161331.1469554901,14128.163456916809,14623.627066612244,33497.81036376953,20312.145352363586,15143.0,27140.0,ok,2710.26,2741.21,1939.2,1991.48,12288.0,164997.0,1.0114195686022742,1.0269595709570958,6.336633663366336,474f2af47544e9c7ce4338cabd43c5ca1c26432b7300ce387406157ea433891f,semantic_live_support,True,2,0,78,0,0,8388608,100,5,f79caff75ff29481a248e8ff52e9ed81
b2,validation_reused,b2-k4-impeqv_dom-tree-1-d73fd085a946,5776384275015077152,fac7a6ffd3e55613018acf3b37a17e37f496208ce155acaa10324695365069e4,fac7a6ffd3e55613018acf3b37a17e37f496208ce155acaa10324695365069e4,,impeqv_dom,4,7,7,7,1713.0,220.0,3,9,6,2,3,9,6,7311.0,8542.0,7851.0,183,52900.0,50734.72857475281,0.0,3155.320882797241,15394.76215839386,5289.912223815918,10305.0,6209.0,ok,1318.57,1372.56,1360.43,1417.22,10886.0,75473.0,1.0409458731807943,1.0417441544217636,8.001881757973582,fac7a6ffd3e55613018acf3b37a17e37f496208ce155acaa10324695365069e4,semantic_live_support,True,2,0,14,0,0,8388608,100,5,d73fd085a946a9591b8180e6bf562e1a
b2,validation_reused,b2-k4-impeqv_dom-tree-2-cf78873f00c4,5237676360102411996,f3569af837bfacd4b4b6d0e65c49197d37f1adb3bea6b311aed40bf0e7c19204,f3569af837bfacd4b4b6d0e65c49197d37f1adb3bea6b311aed40bf0e7c19204,,impeqv_dom,4,8,9,8,1953.0,190.0,4,12,8,3,4,12,8,11157.0,9715.0,8373.0,208,61913.0,59539.45219516754,0.0,3717.8397178649902,17544.254660606384,6910.413503646851,11928.0,7762.0,ok,1504.35,1573.06,1516.97,1584.77,11096.0,79720.0,1.0456742114534516,1.0446943578317303,7.314581039835988,f3569af837bfacd4b4b6d0e65c49197d37f1adb3bea6b311aed40bf0e7c19204,semantic_live_support,True,2,0,18,0,0,8388608,100,5,cf78873f00c41b8314c06bdd1ea7b949
b2,validation_reused,b2-k4-impeqv_dom-tree-3-0dc01f652163,8446956793139275148,c06b3cef20609e99f07633eef2aced3698988d513f39c51d4537da1357179f21,c06b3cef20609e99f07633eef2aced3698988d513f39c51d4537da1357179f21,,impeqv_dom,4,9,11,7,1753.0,211.0,3,5,4,2,5,11,8,10375.0,11297.0,8733.0,233,73280.0,71067.36302375793,3185.1232051849365,5908.310413360596,17488.375306129456,5777.925252914429,10896.0,8963.0,ok,1532.59,1595.19,1369.75,1431.85,11156.0,104116.0,1.0408458883328222,1.0453367402810732,8.144551925533857,c06b3cef20609e99f07633eef2aced3698988d513f39c51d4537da1357179f21,semantic_live_support,True,2,0,22,0,0,8388608,100,5,0dc01f65216357ec5ed0c7856f6b0625
b2,validation_reused,b2-k4-impeqv_dom-tree-4-0bc2267938a0,1583124285615562827,15b73ef77d3f7b4473e5e2ce1c8843189467ce6fd6df11d9065c5eb3c0ff877a,15b73ef77d3f7b4473e5e2ce1c8843189467ce6fd6df11d9065c5eb3c0ff877a,,impeqv_dom,4,7,7,7,1622.0,221.0,3,9,6,2,3,9,6,7201.0,8342.0,7672.0,183,51537.0,49384.310841560364,0.0,2341.344952583313,14802.441000938416,5578.622221946716,10125.0,6120.0,ok,1319.17,1374.66,1320.68,1393.99,11357.0,68803.0,1.0420643283276605,1.0555092830965866,8.599357906532997,15b73ef77d3f7b4473e5e2ce1c8843189467ce6fd6df11d9065c5eb3c0ff877a,semantic_live_support,True,2,0,14,0,0,8388608,100,5,0bc2267938a0eadbe8796e7cc98327a6
b2,validation_reused,b2-k4-impeqv_dom-shared-1-093bd06ebf38,6635082935601043608,6bad351a721281983a6e1f281d7336daf4112fd879642799cf6db6b2c12452a7,6bad351a721281983a6e1f281d7336daf4112fd879642799cf6db6b2c12452a7,,impeqv_dom,4,17,69,17,4948.0,200.0,13,30,21,6,39,73,51,19238.0,22925.0,13310.0,434,165327.0,161761.41798496246,5729.496479034424,10881.572961807251,42501.83701515198,20893.290638923645,26660.0,40321.0,ok,5877.61,5939.9,3220.53,3278.12,13731.0,182213.0,1.0105978450424578,1.0178821498324808,4.263583944257622,6bad351a721281983a6e1f281d7336daf4112fd879642799cf6db6b2c12452a7,semantic_live_support,True,2,0,138,0,0,8388608,100,5,093bd06ebf38e8e2a4952bd6d737d9f3
b2,validation_reused,b2-k4-impeqv_dom-shared-2-85e742aeb5d6,5608226510718411522,29e6cfa2a6ac59fbab9d5c4d6d564f4255760cf51fd7457a3e7fe343d48ef318,29e6cfa2a6ac59fbab9d5c4d6d564f4255760cf51fd7457a3e7fe343d48ef318,,impeqv_dom,4,16,43,15,3936.0,250.0,11,28,19,5,21,55,38,18938.0,22063.0,12970.0,414,156625.0,153290.10784626007,4487.1121644973755,12971.460819244385,39286.911487579346,18518.418073654175,22784.0,28212.0,ok,4197.89,4253.97,2816.72,2822.13,13660.0,174842.0,1.0133590923058966,1.001920673691386,4.849612315033088,29e6cfa2a6ac59fbab9d5c4d6d564f4255760cf51fd7457a3e7fe343d48ef318,semantic_live_support,True,2,0,86,0,0,8388608,100,5,85e742aeb5d6ea4aa8a62ebab266885e
b2,validation_reused,b2-k4-impeqv_dom-shared-3-8552cadc9761,5008161132277512325,5eac72d678bc6b54f36eebba0a3a7394388c0d248b38358a45456a92e9fc5724,5eac72d678bc6b54f36eebba0a3a7394388c0d248b38358a45456a92e9fc5724,,impeqv_dom,4,19,53,19,5479.0,210.0,15,41,28,7,26,72,49,21202.0,27090.0,16094.0,493,176655.0,173170.11952400208,3034.248948097229,13750.046491622925,44420.36151885986,26289.373636245728,30555.0,34752.0,ok,5296.34,5316.07,3700.05,3714.47,13550.0,202754.0,1.0037252140157165,1.0038972446318293,3.6621126741530516,5eac72d678bc6b54f36eebba0a3a7394388c0d248b38358a45456a92e9fc5724,semantic_live_support,True,2,0,106,0,0,8388608,100,5,8552cadc97618657cfda9d66fdc55bd8
b2,validation_reused,b2-k4-impeqv_dom-shared-4-f61110d6fca7,7282138017201606167,af35cf33330c8003d7af1221cd460af6401a1f4936caf864fc5772657e3ca072,af35cf33330c8003d7af1221cd460af6401a1f4936caf864fc5772657e3ca072,,impeqv_dom,4,19,54,9,2374.0,230.0,5,14,9,3,27,80,53,19108.0,25608.0,15012.0,487,142584.0,139398.5003232956,0.0,9201.467037200928,37137.41898536682,17026.43930912018,12859.0,33920.0,ok,5497.04,5618.92,1627.94,1689.93,11827.0,146099.0,1.0221719325309622,1.0380787989729352,7.265009766944727,af35cf33330c8003d7af1221cd460af6401a1f4936caf864fc5772657e3ca072,semantic_live_support,True,2,0,108,0,0,8388608,100,5,f61110d6fca70cd8f1e204fa6bbef169
b2,validation_reused,b2-k4-mixed-tree-1-6a5b06e30521,6759912084491046203,e9af142af8c43e431b89ecd40f29bbd8c1068cad8afec9b8b07d2e0e9768edf6,e9af142af8c43e431b89ecd40f29bbd8c1068cad8afec9b8b07d2e0e9768edf6,,mixed,4,10,12,10,2503.0,211.0,6,7,6,3,6,7,6,12449.0,14672.0,9294.0,251,95623.0,92888.2509469986,5822.628736495972,8383.765816688538,22795.051336288452,8646.398782730103,14442.0,9013.0,ok,1427.74,1497.55,1984.88,2044.36,11968.0,114952.0,1.0488954571560647,1.029966547096046,6.029583652412236,e9af142af8c43e431b89ecd40f29bbd8c1068cad8afec9b8b07d2e0e9768edf6,semantic_live_support,True,2,0,24,0,0,8388608,100,5,6a5b06e30521fe3eb7c5520703fa4ceb
b2,validation_reused,b2-k4-mixed-tree-2-39dcef306168,6552045602183466457,d6702270d176bac32f4c82874128788420408e580e7c3a1be862bbfe2fb1a632,d6702270d176bac32f4c82874128788420408e580e7c3a1be862bbfe2fb1a632,,mixed,4,11,13,11,2604.0,200.0,7,13,9,3,7,13,9,12669.0,12569.0,9394.0,271,95694.0,92988.83378505707,3485.0090742111206,9173.527359962463,25033.950805664062,9164.214134216309,18227.0,9835.0,ok,1791.99,1847.77,2144.41,2197.49,11868.0,114572.0,1.0311274058448987,1.0247527291889145,5.534389412472429,d6702270d176bac32f4c82874128788420408e580e7c3a1be862bbfe2fb1a632,semantic_live_support,True,2,0,26,0,0,8388608,100,5,39dcef306168c12c385ff031195ea84c
b2,validation_reused,b2-k4-mixed-tree-3-42ca330baf1d,6035043200671025830,e8822f532ae9349b2b5743c494efd216ed4e44f9ebc82a6b1cb54895a5b88433,e8822f532ae9349b2b5743c494efd216ed4e44f9ebc82a6b1cb54895a5b88433,,mixed,4,10,11,10,2333.0,190.0,6,12,8,2,6,12,8,11317.0,11998.0,9454.0,245,82163.0,79538.67316246033,2462.416887283325,5919.486284255981,22372.230887413025,7972.121238708496,16535.0,8523.0,ok,1640.76,1715.87,1857.78,1931.49,11547.0,104496.0,1.045777566493576,1.0396763879469044,6.215482995833737,e8822f532ae9349b2b5743c494efd216ed4e44f9ebc82a6b1cb54895a5b88433,semantic_live_support,True,2,0,22,0,0,8388608,100,5,42ca330baf1dcce15bd68ebc23f919c1
b2,validation_reused,b2-k4-mixed-tree-4-21975d9e7f15,1177019971751500373,46cc6a8cb5bcc0120f98b84c71699b2ac5b90cb34a781ae2a83305fa98cd8e67,46cc6a8cb5bcc0120f98b84c71699b2ac5b90cb34a781ae2a83305fa98cd8e67,,mixed,4,9,9,9,2083.0,210.0,5,9,6,2,5,9,6,9615.0,9514.0,8072.0,220,68733.0,66310.16731262207,2363.6966943740845,3967.4341678619385,19732.86271095276,5541.369318962097,11968.0,6900.0,ok,1431.74,1551.62,1629.54,1701.25,11507.0,91407.0,1.0837302862251526,1.0440062839819826,7.06150201897468,46cc6a8cb5bcc0120f98b84c71699b2ac5b90cb34a781ae2a83305fa98cd8e67,semantic_live_support,True,2,0,18,0,0,8388608,100,5,21975d9e7f1523cda197d6a2afc034fa
b2,validation_reused,b2-k4-mixed-shared-1-1f8d2534cdb0,7168349840661561346,b8811852747cfa3620c3dd2af5d59498c240f208e689b4052bac934c29faf094,b8811852747cfa3620c3dd2af5d59498c240f208e689b4052bac934c29faf094,,mixed,4,17,35,11,3215.0,200.0,7,14,12,4,18,24,20,17306.0,21563.0,13611.0,432,184066.0,180600.21102428436,12595.206499099731,18414.10994529724,40169.80528831482,22213.906049728394,17646.0,24246.0,ok,2791.18,2883.42,2368.55,2391.88,13129.0,196134.0,1.0330469550512686,1.009849908171666,5.543053767072681,b8811852747cfa3620c3dd2af5d59498c240f208e689b4052bac934c29faf094,semantic_live_support,True,2,0,70,0,0,8388608,100,5,1f8d2534cdb0abf755acdf0eb3981e20
b2,validation_reused,b2-k4-mixed-shared-2-8d20aba853af,5722106435940747964,fcf0a6c700dd13e274b6fba8deea8dd9b26e4eedde3495717cac8408c9c5177f,fcf0a6c700dd13e274b6fba8deea8dd9b26e4eedde3495717cac8408c9c5177f,,mixed,4,17,30,14,3676.0,230.0,10,20,16,6,15,22,18,18327.0,22153.0,13970.0,435,181242.0,177353.6205291748,12649.22320842743,16514.211893081665,41378.66199016571,21841.377019882202,26891.0,21302.0,ok,2555.53,2624.13,3016.82,3024.53,12879.0,196555.0,1.0268437466983364,1.0025556712034527,4.269064776817974,fcf0a6c700dd13e274b6fba8deea8dd9b26e4eedde3495717cac8408c9c5177f,semantic_live_support,True,2,0,60,0,0,8388608,100,5,8d20aba853af3734903b0b621217f515
b2,validation_reused,b2-k4-mixed-shared-3-8ed832ddfd1a,2921580432505029403,c0ba8a33ac67f44abff5984dfbb6f56c46b880ac2b86e1f23e7fa9c402c53ae7,c0ba8a33ac67f44abff5984dfbb6f56c46b880ac2b86e1f23e7fa9c402c53ae7,,mixed,4,20,54,17,4718.0,230.0,13,29,22,7,27,48,37,21883.0,27060.0,15353.0,510,210916.0,206898.89788627625,11337.921023368835,18233.43336582184,48695.13213634491,29755.75625896454,27321.0,38007.0,ok,4573.45,4652.18,3387.68,3410.91,13480.0,230786.0,1.017214575429927,1.0068572002078118,3.9791243564917584,c0ba8a33ac67f44abff5984dfbb6f56c46b880ac2b86e1f23e7fa9c402c53ae7,semantic_live_support,True,2,0,108,0,0,8388608,100,5,8ed832ddfd1a1d2e71bb9b68f38cf7c1
b2,validation_reused,b2-k4-mixed-shared-4-22af367a203f,6827124183896632196,339e8fdd18e00f5d48bda16256b4afabd5106771063c47c993e05676cd5264e9,339e8fdd18e00f5d48bda16256b4afabd5106771063c47c993e05676cd5264e9,,mixed,4,16,37,13,3865.0,210.0,9,24,18,6,18,40,29,16364.0,21142.0,13440.0,412,161222.0,157475.47149658203,8434.057235717773,12379.13966178894,38230.79168796539,22290.274500846863,20821.0,24597.0,ok,3733.4,3725.59,2675.01,2802.5,12809.0,176033.0,0.9979080730701237,1.0476596349172527,4.788393314417516,339e8fdd18e00f5d48bda16256b4afabd5106771063c47c993e05676cd5264e9,semantic_live_support,True,2,0,74,0,0,8388608,100,5,22af367a203f3412d92a700f0b549191
b2,validation_reused,b2-k6-xor_dom-tree-1-bd603bfcb13b,6148636377328669615,134a2372b7a31f4577e0f1881cee72029d82b9b9f47e40e5367a07212656b59a,134a2372b7a31f4577e0f1881cee72029d82b9b9f47e40e5367a07212656b59a,,xor_dom,6,12,13,10,2624.0,221.0,4,8,7,3,6,8,7,12909.0,13440.0,10636.0,297,113069.0,110086.05360984802,5859.881639480591,11557.713150978088,27153.64098548889,11337.921023368835,14522.0,10336.0,ok,1670.4,6718.77,1816.82,7092.03,13219.0,137045.0,4.0222521551724135,3.9035402516484847,7.27589964883698,134a2372b7a31f4577e0f1881cee72029d82b9b9f47e40e5367a07212656b59a,semantic_live_support,True,8,48,104,24,24,8388608,100,5,bd603bfcb13bb478d5ff8d74c3a97524
b2,validation_reused,b2-k6-xor_dom-tree-2-186d01415e6e,6510793204261524814,1d32e4a54704fac550a359f8a10b86059decdcb9c5508b41ff340958805d1bc1,1d32e4a54704fac550a359f8a10b86059decdcb9c5508b41ff340958805d1bc1,,xor_dom,6,11,11,7,1723.0,210.0,1,5,5,1,5,5,5,9504.0,11267.0,10175.0,272,108904.0,106239.6913766861,7521.3611125946045,13038.5160446167,25007.87377357483,11347.23424911499,9765.0,8733.0,ok,1409.91,5417.62,1244.86,6019.72,11707.0,118848.0,3.842528955748948,4.835660234885851,9.404270359719167,1d32e4a54704fac550a359f8a10b86059decdcb9c5508b41ff340958805d1bc1,semantic_live_support,True,8,48,88,24,8,8388608,100,5,186d01415e6e19ebf25d33d46640fffa
b2,validation_reused,b2-k6-xor_dom-tree-3-db17c2d558b5,2698055410617472564,3771c86aaf3420499795d6e04e7615973a08aa7d0e4e4225479b5e45d6d790e9,3771c86aaf3420499795d6e04e7615973a08aa7d0e4e4225479b5e45d6d790e9,,xor_dom,6,12,12,9,2073.0,181.0,3,7,6,2,6,7,6,11347.0,12378.0,10666.0,292,106981.0,104175.8805513382,6409.361958503723,11036.17250919342,27025.118470191956,9967.014193534851,13140.0,8923.0,ok,1578.56,5858.38,1590.98,6330.69,11838.0,125418.0,3.711217818771539,3.9791135023696085,7.440696928936881,3771c86aaf3420499795d6e04e7615973a08aa7d0e4e4225479b5e45d6d790e9,semantic_live_support,True,8,48,96,24,16,8388608,100,5,db17c2d558b5dd43e8ec864eb16dc7be
b2,validation_reused,b2-k6-xor_dom-tree-4-55e169562c2e,2705751552586522721,77ec00a4540ec379e53185390153ae3788621199fb76ecced5ba563d8587d205,77ec00a4540ec379e53185390153ae3788621199fb76ecced5ba563d8587d205,,xor_dom,6,13,14,11,2543.0,200.0,5,10,8,3,7,10,8,13490.0,14702.0,11297.0,317,120621.0,117687.50846385956,6901.100277900696,10723.24812412262,29522.92561531067,12259.93037223816,15384.0,10336.0,ok,1813.82,7241.35,1983.77,7576.15,20331.0,140060.0,3.9923200758619934,3.819066726485429,10.248667940335825,77ec00a4540ec379e53185390153ae3788621199fb76ecced5ba563d8587d205,semantic_live_support,True,8,48,112,24,24,8388608,100,5,55e169562c2ed5d0f95d9ee8145e7c02
b2,validation_reused,b2-k6-xor_dom-shared-1-9e510ec73f56,817734030143994411,2aec3bc90a539e122dd54736db4e4400e5b5007095003e6c684efddffc04cfad,2aec3bc90a539e122dd54736db4e4400e5b5007095003e6c684efddffc04cfad,,xor_dom,6,25,50,14,3866.0,220.0,8,18,16,7,25,28,26,21843.0,31808.0,18638.0,628,293961.0,289425.253868103,23551.28526687622,39933.24935436249,62055.885791778564,37889.92762565613,21773.0,31948.0,ok,3867.8,21684.8,2875.71,14605.79,14361.0,302904.0,5.606494648120378,5.079020485375786,4.993897159310222,2aec3bc90a539e122dd54736db4e4400e5b5007095003e6c684efddffc04cfad,semantic_live_support,True,8,48,400,32,56,8388608,100,5,9e510ec73f56fd2d891893c5bffdec32
b2,validation_reused,b2-k6-xor_dom-shared-2-b6c3c0a8013a,43502830611819436,009e38e0d30da65985e43e9b34e826fd6f0eca25b432424470acf2b2d76135f2,009e38e0d30da65985e43e9b34e826fd6f0eca25b432424470acf2b2d76135f2,,xor_dom,6,20,31,10,2904.0,250.0,4,8,8,3,15,15,15,16255.0,24357.0,16375.0,505,213830.0,210134.31251049042,17352.402210235596,29418.617486953735,45858.32357406616,23730.099201202393,15333.0,20210.0,ok,2690.94,13249.56,1904.36,8389.57,12518.0,235813.0,4.92376641619657,4.405453800751959,6.573336974101536,009e38e0d30da65985e43e9b34e826fd6f0eca25b432424470acf2b2d76135f2,semantic_live_support,True,8,48,248,32,24,8388608,100,5,b6c3c0a8013a4d2b1970ce811663641e
b2,validation_reused,b2-k6-xor_dom-shared-3-032bd0c6858d,6779329885841458816,647e06729ebad981aa02e88ae05b3d081a43127e3d34b56fbde7c6413b78f788,647e06729ebad981aa02e88ae05b3d081a43127e3d34b56fbde7c6413b78f788,,xor_dom,6,21,47,13,3405.0,211.0,7,17,14,4,23,35,29,19499.0,25588.0,16214.0,534,240270.0,236054.88240718842,17235.055565834045,28239.56310749054,49859.28535461426,29107.555747032166,19840.0,30896.0,ok,4036.35,23893.81,2560.64,12835.63,13720.0,259559.0,5.919657611455895,5.012664802549363,5.358035491127218,647e06729ebad981aa02e88ae05b3d081a43127e3d34b56fbde7c6413b78f788,semantic_live_support,True,8,48,376,32,32,8388608,100,5,032bd0c6858d6b4afd0094a7424cfa11
b2,validation_reused,b2-k6-xor_dom-shared-4-2ef76830fe72,6295189379941435074,edef7ad9513057d8979adaa108d88fbe5f634f3a3dc3c66f9364ef7e8032213f,edef7ad9513057d8979adaa108d88fbe5f634f3a3dc3c66f9364ef7e8032213f,,xor_dom,6,22,80,10,2393.0,221.0,4,8,7,2,42,81,59,21072.0,27942.0,16786.0,553,203074.0,199599.19154644012,15234.574675559998,25453.045964241028,39983.54077339172,16182.661056518555,14421.0,51156.0,ok,7858.38,45210.86,1872.11,7257.88,13570.0,203895.0,5.753203586489836,3.8768448435188105,7.248505696780638,edef7ad9513057d8979adaa108d88fbe5f634f3a3dc3c66f9364ef7e8032213f,semantic_live_support,True,8,48,640,40,16,8388608,100,5,2ef76830fe72100cfafd3031156ddbbc
b2,validation_reused,b2-k6-andor_dom-tree-1-0a0c172dd63a,2228120184893709708,f848de93b27124b7b13eaefeb6bfa0087e5ebbdf95e1833f4dd9ff0a83e967ac,f848de93b27124b7b13eaefeb6bfa0087e5ebbdf95e1833f4dd9ff0a83e967ac,,andor_dom,6,11,11,9,2184.0,210.0,3,5,5,3,5,5,5,11467.0,11858.0,9985.0,270,100931.0,98546.96691036224,7010.996341705322,7059.425115585327,24650.245904922485,11177.733540534973,12639.0,8944.0,ok,1372.96,5350.41,1643.27,5816.21,12198.0,115473.0,3.8969889872975174,3.539412269438376,7.4230041320050875,f848de93b27124b7b13eaefeb6bfa0087e5ebbdf95e1833f4dd9ff0a83e967ac,semantic_live_support,True,8,48,88,24,24,8388608,100,5,0a0c172dd63ac6dbb5654a05eaf59115
b2,validation_reused,b2-k6-andor_dom-tree-2-eff74425a5c6,7432897982282964193,cad6be77a54376f1a05420a4bc3d4683a92d6e8e364fbca00e2996debd78f326,cad6be77a54376f1a05420a4bc3d4683a92d6e8e364fbca00e2996debd78f326,,andor_dom,6,14,17,10,2604.0,220.0,4,7,7,4,8,8,8,14101.0,15193.0,16125.0,347,139429.0,136313.95995616913,11360.272765159607,11678.7850856781,30817.463994026184,15724.45034980774,14261.0,12418.0,ok,1688.03,7774.35,1795.39,7527.29,12408.0,152599.0,4.605575730289154,4.192565403617041,6.911033257398113,cad6be77a54376f1a05420a4bc3d4683a92d6e8e364fbca00e2996debd78f326,semantic_live_support,True,8,48,136,24,32,8388608,100,5,eff74425a5c62e0a8ee9f7af08b7476d
b2,validation_reused,b2-k6-andor_dom-tree-3-d47d0c96cf7f,5746379891948687308,50914e4773046b53f84ce0f6f4539f4b538cc3fe27541eabae848d1b199cf00b,50914e4773046b53f84ce0f6f4539f4b538cc3fe27541eabae848d1b199cf00b,,andor_dom,6,13,15,11,2784.0,221.0,5,8,7,3,7,9,8,13991.0,14602.0,11277.0,320,116144.0,113150.10488033295,6023.794412612915,7230.788469314575,26630.237698554993,11775.64263343811,14863.0,10656.0,ok,1699.45,7509.55,1968.05,6958.63,12860.0,128453.0,4.418811968578069,3.5357993953405655,6.534386829602907,50914e4773046b53f84ce0f6f4539f4b538cc3fe27541eabae848d1b199cf00b,semantic_live_support,True,8,48,120,24,24,8388608,100,5,d47d0c96cf7fd5a658f4bb76c89f7a9c
b2,validation_reused,b2-k6-andor_dom-tree-4-9dc0cd28326c,2740379789626186465,c9b8b2d93f46839e42d4fa0c013558ab346efeafcd9458aa0784a14e80460c26,c9b8b2d93f46839e42d4fa0c013558ab346efeafcd9458aa0784a14e80460c26,,andor_dom,6,14,17,11,2755.0,200.0,5,8,8,3,8,8,8,14732.0,15784.0,11748.0,347,131327.0,128202.14033126831,9536.7431640625,8791.685104370117,31154.602766036987,15052.035450935364,16004.0,11998.0,ok,1636.46,7635.45,2008.31,8262.58,12679.0,154702.0,4.665833567578798,4.114195517624271,6.31326836992297,c9b8b2d93f46839e42d4fa0c013558ab346efeafcd9458aa0784a14e80460c26,semantic_live_support,True,8,48,136,24,24,8388608,100,5,9dc0cd28326ce254829e44c3b1a16e33
b2,validation_reused,b2-k6-andor_dom-shared-1-b8d344418390,1483425612532446315,3e990d45c83fa01d9bf0c64b79ed7678df3c723614f0f7eccdc3d196fa3073e9,3e990d45c83fa01d9bf0c64b79ed7678df3c723614f0f7eccdc3d196fa3073e9,,andor_dom,6,24,52,16,3955.0,260.0,10,18,15,6,29,36,29,25538.0,28663.0,17577.0,593,235743.0,231726.09508037567,19354.745745658875,24205.073714256287,51045.79031467438,25456.77125453949,23505.0,33210.0,ok,4245.26,21718.75,3088.03,12766.63,14461.0,257305.0,5.115999962310907,4.134231208893696,4.682920826546374,3e990d45c83fa01d9bf0c64b79ed7678df3c723614f0f7eccdc3d196fa3073e9,semantic_live_support,True,8,48,416,32,48,8388608,100,5,b8d344418390aa1b1341778c11e98f9f
b2,validation_reused,b2-k6-andor_dom-shared-2-64893da6cbd9,1195079420979256423,46386ff0eccd7a7871daa3122b418bbf8e0d0180eca74808a53b2c3ed970f50e,46386ff0eccd7a7871daa3122b418bbf8e0d0180eca74808a53b2c3ed970f50e,,andor_dom,6,24,84,14,3786.0,220.0,8,16,14,6,43,48,44,28553.0,28914.0,18628.0,598,237746.0,233110.04042625427,21103.769540786743,22066.757082939148,48257.410526275635,27231.87208175659,21602.0,54511.0,ok,5671.7,35540.97,2760.03,12612.2,14903.0,257877.0,6.266369871467109,4.56958801172451,5.399578990083441,46386ff0eccd7a7871daa3122b418bbf8e0d0180eca74808a53b2c3ed970f50e,semantic_live_support,True,8,48,672,48,48,8388608,100,5,64893da6cbd9f2e635bceb73d3fdd198
b2,validation_reused,b2-k6-andor_dom-shared-3-a125454cd529,6597676320240713909,3f710ac088db33363087de2b9a657541fe5447821debaa9fe5cbd538eb1a5f29,3f710ac088db33363087de2b9a657541fe5447821debaa9fe5cbd538eb1a5f29,,andor_dom,6,21,41,12,3245.0,230.0,6,15,13,4,21,25,22,20481.0,24938.0,16675.0,527,222864.0,218646.6008424759,17099.082469940186,21619.72224712372,46623.870730400085,23696.571588516235,18468.0,26159.0,ok,3315.26,18140.79,2345.82,12259.37,13330.0,221382.0,5.471905672556602,5.226048886956374,5.682447928656077,3f710ac088db33363087de2b9a657541fe5447821debaa9fe5cbd538eb1a5f29,semantic_live_support,True,8,48,328,32,32,8388608,100,5,a125454cd529d4c8e17690dfb1168998
b2,validation_reused,b2-k6-andor_dom-shared-4-0dd35386d57d,5025181188167973354,1656c269d0236784b54b17c8ef8406cea69739a8e3a204b3cbb8bfa53449f35b,1656c269d0236784b54b17c8ef8406cea69739a8e3a204b3cbb8bfa53449f35b,,andor_dom,6,20,41,13,3475.0,200.0,7,15,14,5,20,22,21,20461.0,23976.0,16194.0,501,214151.0,209935.0094795227,17693.26627254486,15515.834093093872,47476.962208747864,29958.784580230713,20571.0,27211.0,ok,3058.28,17977.84,2561.94,13276.1,14041.0,219629.0,5.878415318414271,5.182049540582527,5.480612348454686,1656c269d0236784b54b17c8ef8406cea69739a8e3a204b3cbb8bfa53449f35b,semantic_live_support,True,8,48,328,32,40,8388608,100,5,0dd35386d57dfaaca3377253436c56ef
b2,validation_reused,b2-k6-impeqv_dom-tree-1-c05059f5591f,3448833746776026562,7524471d915b02b29cef6bb1183791a371f6ace366b980da3b4594da2e301b21,7524471d915b02b29cef6bb1183791a371f6ace366b980da3b4594da2e301b21,,impeqv_dom,6,11,11,11,2554.0,210.0,5,13,9,3,5,13,9,12519.0,12699.0,10276.0,272,87712.0,85037.20164299011,1261.010766029358,6338.581442832947,23793.429136276245,10116.025805473328,15133.0,8813.0,ok,1852.08,8090.02,2004.01,8113.06,12669.0,125988.0,4.3680726534490955,4.048412932071198,6.321824741393506,7524471d915b02b29cef6bb1183791a371f6ace366b980da3b4594da2e301b21,semantic_live_support,True,8,48,88,24,24,8388608,100,5,c05059f5591fb03830a6d165ccd50950
b2,validation_reused,b2-k6-impeqv_dom-tree-2-187a6f599749,471439702659932403,1e13d706fb3dda034bfb6bd79f1f24f0a35baa6c661823432c53d2ac2c6be21a,1e13d706fb3dda034bfb6bd79f1f24f0a35baa6c661823432c53d2ac2c6be21a,,impeqv_dom,6,14,15,14,3295.0,211.0,8,20,13,4,8,20,13,14261.0,15013.0,11928.0,337,103776.0,100539.99722003937,1203.2687664031982,5910.173058509827,31217.93270111084,10930.001735687256,18899.0,10887.0,ok,2451.08,10378.86,2561.94,10370.45,13490.0,166420.0,4.234402793870458,4.047889489995863,5.2655409572433385,1e13d706fb3dda034bfb6bd79f1f24f0a35baa6c661823432c53d2ac2c6be21a,semantic_live_support,True,8,48,120,32,32,8388608,100,5,187a6f599749426908bf6ffdf8a53d6d
b2,validation_reused,b2-k6-impeqv_dom-tree-3-9df370a422d4,606070464318698982,28a94295a090f24e443f2d252b023381603f14ffb2377f65b6be6020665e3e9a,28a94295a090f24e443f2d252b023381603f14ffb2377f65b6be6020665e3e9a,,impeqv_dom,6,15,18,15,3415.0,220.0,9,22,15,3,9,22,15,15954.0,17927.0,12498.0,369,123866.0,120520.59173583984,2725.04985332489,8171.4242696762085,34304.335713386536,15063.21132183075,19950.0,13119.0,ok,2548.52,12339.89,2812.32,12147.61,13571.0,159569.0,4.841982797859149,4.319426665528816,4.825553279854355,28a94295a090f24e443f2d252b023381603f14ffb2377f65b6be6020665e3e9a,semantic_live_support,True,8,48,144,24,24,8388608,100,5,9df370a422d43bf095998857fb41128c
b2,validation_reused,b2-k6-impeqv_dom-tree-4-07d0d6da2af7,4974364884613824353,8f70d951764efc3a27090723594ff891fe9fb6f0f120509230ab0b05e930f6b6,8f70d951764efc3a27090723594ff891fe9fb6f0f120509230ab0b05e930f6b6,,impeqv_dom,6,14,17,14,4277.0,271.0,8,20,14,5,8,20,14,15303.0,16825.0,11787.0,350,120921.0,117367.13349819183,2643.093466758728,9955.838322639465,32357.871532440186,16599.89356994629,28713.0,19479.0,ok,2434.65,11889.01,2607.31,11962.23,19960.0,157727.0,4.883252212843735,4.587958470607638,7.6553996264349085,8f70d951764efc3a27090723594ff891fe9fb6f0f120509230ab0b05e930f6b6,semantic_live_support,True,8,48,136,40,40,8388608,100,5,07d0d6da2af72423732742dae2858d4a
b2,validation_reused,b2-k6-impeqv_dom-shared-1-f68095cd3ba2,2563147662185002592,456fa9ee42dce63c64416e513d4e929a4ee3caabd2db6c1d980b63123ef8151d,456fa9ee42dce63c64416e513d4e929a4ee3caabd2db6c1d980b63123ef8151d,,impeqv_dom,6,24,42,24,6289.0,220.0,18,49,33,7,21,56,38,25759.0,33550.0,18407.0,604,212629.0,208111.4798784256,2644.956111907959,14157.965779304504,56663.528084754944,31065.1957988739,35013.0,27802.0,ok,5043.76,29326.75,4664.49,25289.0,16124.0,255623.0,5.814461830063286,5.4216002178158815,3.456755186526287,456fa9ee42dce63c64416e513d4e929a4ee3caabd2db6c1d980b63123ef8151d,semantic_live_support,True,8,48,336,24,56,8388608,100,5,f68095cd3ba2889cdc1c29844e0c9c77
b2,validation_reused,b2-k6-impeqv_dom-shared-2-22089ede1135,6245498698643612095,da5dc6f3940660a47e580ca74507b1073a28fc8818f12f7901782e7f17c39b91,da5dc6f3940660a47e580ca74507b1073a28fc8818f12f7901782e7f17c39b91,,impeqv_dom,6,21,41,20,5128.0,250.0,14,39,26,6,20,56,38,22594.0,27631.0,16705.0,532,185528.0,182073.56333732605,2611.4284992218018,16402.453184127808,47933.31027030945,26522.204279899597,29223.0,26930.0,ok,4981.97,29551.59,3907.75,19915.65,15814.0,238357.0,5.931707738103602,5.096449363444438,4.046830017273367,da5dc6f3940660a47e580ca74507b1073a28fc8818f12f7901782e7f17c39b91,semantic_live_support,True,8,48,328,40,48,8388608,100,5,22089ede1135fa54afe9f25462602668
b2,validation_reused,b2-k6-impeqv_dom-shared-3-32d1a4c2066e,8360467827713798882,ea0d9f4b80c89400af7c42e36ca3620d6893ac17c46c1fe18b9f59bbc42433b8,ea0d9f4b80c89400af7c42e36ca3620d6893ac17c46c1fe18b9f59bbc42433b8,,impeqv_dom,6,24,49,22,5809.0,220.0,16,38,26,5,27,65,43,29194.0,38307.0,18547.0,599,224556.0,219399.1094827652,4416.331648826599,19038.09607028961,57542.696595191956,29142.946004867554,36976.0,37135.0,ok,5939.2,31683.98,4269.2,19781.34,15293.0,238597.0,5.334721848060345,4.63350042162466,3.582169961585309,ea0d9f4b80c89400af7c42e36ca3620d6893ac17c46c1fe18b9f59bbc42433b8,semantic_live_support,True,8,48,392,32,40,8388608,100,5,32d1a4c2066ea302483a5e9001e64892
b2,validation_reused,b2-k6-impeqv_dom-shared-4-3e4e99468c60,2396735422642767746,f6b41ca15f86f66da7370a58a52c273cdddd507c80b432acf9de9d69ab5f6e54,f6b41ca15f86f66da7370a58a52c273cdddd507c80b432acf9de9d69ab5f6e54,,impeqv_dom,6,23,43,23,5889.0,230.0,17,45,30,6,23,61,40,23876.0,30496.0,17066.0,573,200000.0,196093.69337558746,2333.894371986389,14606.863260269165,53497.03133106232,29550.865292549133,33430.0,27992.0,ok,5657.18,30037.92,4686.53,22656.96,16264.0,235613.0,5.3096984716767,4.834485216140727,3.4703714688692915,f6b41ca15f86f66da7370a58a52c273cdddd507c80b432acf9de9d69ab5f6e54,semantic_live_support,True,8,48,344,32,48,8388608,100,5,3e4e99468c604c0792fd1951a4829f9a
b2,validation_reused,b2-k6-mixed-tree-1-9ecccc175ad2,8528765092273830041,cc748c8dd498ebf4ba264da58e9b3b3c3cd35ba8a8d734c934c91675c283fc04,cc748c8dd498ebf4ba264da58e9b3b3c3cd35ba8a8d734c934c91675c283fc04,,mixed,6,13,15,13,2974.0,201.0,7,15,11,4,7,15,11,15123.0,15343.0,12328.0,322,116695.0,113470.47984600067,4015.8629417419434,9605.661034584045,28744.33994293213,14951.452612876892,18748.0,11167.0,ok,2038.85,9556.32,2366.44,9563.03,12238.0,138808.0,4.687112833214803,4.041103936715066,5.17148121228512,cc748c8dd498ebf4ba264da58e9b3b3c3cd35ba8a8d734c934c91675c283fc04,semantic_live_support,True,8,48,120,32,32,8388608,100,5,9ecccc175ad277dbcf0c90e75e26c502
b2,validation_reused,b2-k6-mixed-tree-2-40b1238ea748,6841518108757936030,50b964a05d1cc7f170c8e535883101b324eeedb8ca72b9b15fb11465c0efdc4c,50b964a05d1cc7f170c8e535883101b324eeedb8ca72b9b15fb11465c0efdc4c,,mixed,6,14,16,14,3145.0,210.0,8,15,11,4,8,15,11,15664.0,16474.0,11787.0,344,120981.0,117925.92704296112,5153.939127922058,8635.222911834717,31892.210245132446,13081.356883049011,22714.0,12178.0,ok,2088.73,9275.0,2598.59,9288.72,12538.0,145177.0,4.440497335701599,3.5745231067617436,4.824924285862718,50b964a05d1cc7f170c8e535883101b324eeedb8ca72b9b15fb11465c0efdc4c,semantic_live_support,True,8,48,128,32,32,8388608,100,5,40b1238ea7485d631141d917570e7cc6
b2,validation_reused,b2-k6-mixed-tree-3-aeb0c639e3f5,5278453736713610921,70502cbecab45d272c4e30db55dde2af39dabf59ea4cb5b06c13d6335e5470af,70502cbecab45d272c4e30db55dde2af39dabf59ea4cb5b06c13d6335e5470af,,mixed,6,12,13,11,2494.0,220.0,5,10,8,3,6,10,8,13460.0,13700.0,10275.0,298,109504.0,106468.7967300415,5098.059773445129,9054.318070411682,27166.67950153351,11775.64263343811,15624.0,10116.0,ok,1875.01,7535.39,2176.96,7795.48,11648.0,130927.0,4.018853232782758,3.5809018080258705,5.350580626194326,70502cbecab45d272c4e30db55dde2af39dabf59ea4cb5b06c13d6335e5470af,semantic_live_support,True,8,48,104,24,24,8388608,100,5,aeb0c639e3f54cd776046db8f6214870
b2,validation_reused,b2-k6-mixed-tree-4-987f3c678ab0,3111900735067260042,4506d091ec25797f922490bd81243c8f7290dc8a6844c6537f3e46dd4720faf9,4506d091ec25797f922490bd81243c8f7290dc8a6844c6537f3e46dd4720faf9,,mixed,6,15,18,14,3285.0,191.0,8,16,12,4,9,16,12,16185.0,16885.0,11808.0,367,136354.0,132979.82513904572,5941.838026046753,12332.573533058167,34395.60532569885,15001.744031906128,19789.0,15303.0,ok,2226.93,10188.67,2586.37,10337.59,12790.0,155493.0,4.575208919903186,3.9969493923916533,4.94515479223777,4506d091ec25797f922490bd81243c8f7290dc8a6844c6537f3e46dd4720faf9,semantic_live_support,True,8,48,144,24,32,8388608,100,5,987f3c678ab01dcbbc390a676451e56d
b2,validation_reused,b2-k6-mixed-shared-1-bf5809ef3c65,3947449479653283534,d80e470e33e534894d3e5df0e299031a7e9f0ac845d9035403c74342fad902d2,d80e470e33e534894d3e5df0e299031a7e9f0ac845d9035403c74342fad902d2,,mixed,6,20,99,16,4066.0,201.0,10,20,17,6,49,59,54,22764.0,24476.0,15423.0,503,234581.0,231325.62637329102,18220.39484977722,17615.03517627716,51926.82147026062,31968.578696250916,25098.0,62474.0,ok,6338.9,43112.12,3163.35,14645.25,14863.0,233079.0,6.801198946189403,4.629664754137228,4.698500007903014,d80e470e33e534894d3e5df0e299031a7e9f0ac845d9035403c74342fad902d2,semantic_live_support,True,8,48,792,48,48,8388608,100,5,bf5809ef3c65a57e44e51e7bb7da73ed
b2,validation_reused,b2-k6-mixed-shared-2-33593cbc9843,3662816970818520256,991201b381b64d183be8d60df0a5b23afa16a6c4f1747ae0fafc957a288b8155,991201b381b64d183be8d60df0a5b23afa16a6c4f1747ae0fafc957a288b8155,,mixed,6,25,48,20,5348.0,220.0,14,30,23,6,25,42,32,26680.0,33280.0,19169.0,624,251897.0,246969.98298168182,15143.30506324768,21992.25127696991,58252.36439704895,32527.372241020203,30536.0,31277.0,ok,4481.32,24833.42,4009.61,19232.62,15624.0,274591.0,5.541541331571947,4.796631093797152,3.896638326420774,991201b381b64d183be8d60df0a5b23afa16a6c4f1747ae0fafc957a288b8155,semantic_live_support,True,8,48,384,32,48,8388608,100,5,33593cbc98430d981a4d52e075da2368
b2,validation_reused,b2-k6-mixed-shared-3-a377b00385d6,4325378358314373839,5683fd468752a8eebd3fecdf82e47864ac13a8699d5fe2495930fb25fa755b75,5683fd468752a8eebd3fecdf82e47864ac13a8699d5fe2495930fb25fa755b75,,mixed,6,25,73,21,5969.0,220.0,15,33,26,8,36,68,52,26650.0,33981.0,19278.0,636,271047.0,266008.07905197144,15700.235962867737,19822.269678115845,62160.1939201355,41695.31166553497,32268.0,50516.0,ok,6433.84,41429.59,4276.61,21589.36,16064.0,298487.0,6.439325503898138,5.048241480986109,3.756246185647043,5683fd468752a8eebd3fecdf82e47864ac13a8699d5fe2495930fb25fa755b75,semantic_live_support,True,8,48,584,40,64,8388608,100,5,a377b00385d6fc357716d386b7f5b90f
b2,validation_reused,b2-k6-mixed-shared-4-d71d1df79e0f,643801753669841859,649807f9b389602dad3c9be515538cf94aea9d5cc3dfb85d443ffc48f9d24360,649807f9b389602dad3c9be515538cf94aea9d5cc3dfb85d443ffc48f9d24360,,mixed,6,26,62,17,4176.0,180.0,11,22,17,5,34,57,42,26400.0,32519.0,19769.0,643,258978.0,248711.55619621277,16581.26711845398,20572.91567325592,58712.437748909,29506.16180896759,24707.0,37937.0,ok,5854.67,31731.86,3368.25,14235.73,15373.0,271687.0,5.419922899155717,4.2264469680100945,4.56409114525347,649807f9b389602dad3c9be515538cf94aea9d5cc3dfb85d443ffc48f9d24360,semantic_live_support,True,8,48,496,32,40,8388608,100,5,d71d1df79e0f9ab661f2b60b133e10b7
b2,validation_reused,b2-k8-xor_dom-tree-1-e3305253a197,8722644039266008436,46af8650e56cb3d8316990197ae711b02c6005066cac2953e04fc0ca70015a55,46af8650e56cb3d8316990197ae711b02c6005066cac2953e04fc0ca70015a55,,xor_dom,8,19,21,16,3736.0,230.0,8,13,11,3,11,13,11,19719.0,20091.0,13991.0,455,180371.0,176332.89098739624,11619.18044090271,19326.80606842041,42766.33262634277,19803.643226623535,23936.0,14482.0,ok,2274.61,9544.11,2728.78,8531.49,13931.0,199680.0,4.195932489525677,3.1264850959036634,5.1052118529159545,46af8650e56cb3d8316990197ae711b02c6005066cac2953e04fc0ca70015a55,semantic_live_support,True,32,256,672,96,96,8388608,100,5,e3305253a197e6682a020c093232fbcd
b2,validation_reused,b2-k8-xor_dom-tree-2-13ed19191907,5330423069332583842,e1816aca7b95dbe067940f525f729f06e1e3535d98b933099d96513ab738a3bc,e1816aca7b95dbe067940f525f729f06e1e3535d98b933099d96513ab738a3bc,,xor_dom,8,20,24,16,3846.0,220.0,8,17,14,4,12,17,14,20030.0,23425.0,15203.0,488,194801.0,190485.26883125305,11255.964636802673,21303.072571754456,46499.07350540161,22059.306502342224,22684.0,16084.0,ok,2638.26,11067.88,2849.67,9848.26,14321.0,213640.0,4.195143768999264,3.455929984875442,5.025494180027863,e1816aca7b95dbe067940f525f729f06e1e3535d98b933099d96513ab738a3bc,semantic_live_support,True,32,256,768,128,128,8388608,100,5,13ed19191907ecffbdf1f46e78a39988
b2,validation_reused,b2-k8-xor_dom-tree-3-6411e7a81de6,5820208530979990493,e3b16859071e39ef7e23d1c58adf4b4d9f7bd4834a5d7fb37c7e5bd4ffc3bf12,e3b16859071e39ef7e23d1c58adf4b4d9f7bd4834a5d7fb37c7e5bd4ffc3bf12,,xor_dom,8,20,23,16,3705.0,250.0,8,18,14,3,12,18,14,18818.0,21953.0,15213.0,483,183726.0,179609.2838048935,10084.360837936401,19038.09607028961,44735.148549079895,20461.156964302063,20921.0,15633.0,ok,2867.6,11265.09,2864.29,9479.0,14021.0,224256.0,3.928403543032501,3.3093716069252763,4.895104895104895,e3b16859071e39ef7e23d1c58adf4b4d9f7bd4834a5d7fb37c7e5bd4ffc3bf12,semantic_live_support,True,32,256,736,128,96,8388608,100,5,6411e7a81de64d918d91ddbbc4eb04ba
b2,validation_reused,b2-k8-xor_dom-tree-4-c77ef7ea382c,8935539817186761035,64256c18b54a69684f950bf04e330c2a5d4ff3ee20ae16427bd89a85344dbdf6,64256c18b54a69684f950bf04e330c2a5d4ff3ee20ae16427bd89a85344dbdf6,,xor_dom,8,18,20,16,3485.0,211.0,8,13,11,3,10,13,11,24657.0,19410.0,16284.0,435,172709.0,168912.1127128601,10075.047612190247,14940.276741981506,40426.85031890869,20863.48831653595,22824.0,15874.0,ok,2356.03,9808.3,2749.52,8760.83,13901.0,192879.0,4.163062439782175,3.1863125200034914,5.0557915563443805,64256c18b54a69684f950bf04e330c2a5d4ff3ee20ae16427bd89a85344dbdf6,semantic_live_support,True,32,256,640,96,96,8388608,100,5,c77ef7ea382c8d9f058c35d09d8210ed
b2,validation_reused,b2-k8-xor_dom-shared-1-39a6b403d2d3,7585107600607857645,969e55e56254cb0c53aae5eaf2bf2ae32c59ac1ba8cda5ed517b46ff3a91b000,969e55e56254cb0c53aae5eaf2bf2ae32c59ac1ba8cda5ed517b46ff3a91b000,,xor_dom,8,27,54,18,4376.0,221.0,10,20,17,5,27,32,29,27170.0,34442.0,26610.0,670,284797.0,280220.06154060364,21781.77237510681,34026.80158615112,59409.067034721375,34769.997000694275,30085.0,34402.0,ok,4396.59,23239.63,3437.16,11678.4,14512.0,300070.0,5.285830609631556,3.397688789582097,4.222090330389042,969e55e56254cb0c53aae5eaf2bf2ae32c59ac1ba8cda5ed517b46ff3a91b000,semantic_live_support,True,32,256,1728,128,160,8388608,100,5,39a6b403d2d3d5be2ee0d84f8e0d87b7
b2,validation_reused,b2-k8-xor_dom-shared-2-13d2013b2012,788561067974380762,c685e7aa0cf19a6f715b097a9d3252953f12dde3bf98a0f43deef53ac6245c78,c685e7aa0cf19a6f715b097a9d3252953f12dde3bf98a0f43deef53ac6245c78,,xor_dom,8,23,37,10,2494.0,230.0,2,10,9,2,18,24,21,16014.0,27791.0,17286.0,572,263495.0,258887.1866464615,20580.366253852844,37455.931305885315,55644.66118812561,31918.28727722168,16355.0,23605.0,ok,3551.52,16336.89,1651.67,6137.4,12128.0,258618.0,4.5999712799026895,3.715875447274576,7.342871154649536,c685e7aa0cf19a6f715b097a9d3252953f12dde3bf98a0f43deef53ac6245c78,semantic_live_support,True,32,256,1184,128,64,8388608,100,5,13d2013b2012467757657a68f5afedbd
b2,validation_reused,b2-k8-xor_dom-shared-3-c2eeb3424108,8543544085464432446,6eb7bcba5a6aa5f243c21c44059f0b469b9f09ed9a02eb46abb5d3b379a21f83,6eb7bcba5a6aa5f243c21c44059f0b469b9f09ed9a02eb46abb5d3b379a21f83,,xor_dom,8,27,61,14,3915.0,220.0,6,17,16,6,31,35,32,24557.0,33911.0,19780.0,673,331286.0,325959.175825119,26067.718863487244,47963.11259269714,68895.51877975464,38729.98058795929,21382.0,40330.0,ok,4890.73,26156.5,2628.04,10475.4,14271.0,326349.0,5.348179106186603,3.9860123894613477,5.430282644099785,6eb7bcba5a6aa5f243c21c44059f0b469b9f09ed9a02eb46abb5d3b379a21f83,semantic_live_support,True,32,256,1952,128,192,8388608,100,5,c2eeb34241088cd5bbb74df3b6d20411
b2,validation_reused,b2-k8-xor_dom-shared-4-b7ecc9bde8c8,7476554530599473469,288e53bef7c9f70b78ec03366f445225a7937c0d6c72724b6d60e44db6fd53a4,288e53bef7c9f70b78ec03366f445225a7937c0d6c72724b6d60e44db6fd53a4,,xor_dom,8,32,80,23,5598.0,211.0,15,24,21,5,43,50,43,31347.0,38708.0,22654.0,789,357967.0,352097.67520427704,25965.27338027954,39534.64329242706,82302.83856391907,48203.39381694794,32388.0,52099.0,ok,6228.84,33594.65,4268.2,15189.87,16615.0,370325.0,5.3934039082718455,3.558846820673821,3.8927416709619984,288e53bef7c9f70b78ec03366f445225a7937c0d6c72724b6d60e44db6fd53a4,semantic_live_support,True,32,256,2560,128,160,8388608,100,5,b7ecc9bde8c819e66e5f06353e700999
b2,validation_reused,b2-k8-andor_dom-tree-1-0a99939bca63,8855662682345806780,8fd28e1480f36482da1a002c844de2475a8c1509bb3c5f17bc852f253674c754,8fd28e1480f36482da1a002c844de2475a8c1509bb3c5f17bc852f253674c754,,andor_dom,8,17,18,14,3024.0,211.0,6,12,10,3,9,12,10,16906.0,17746.0,14071.0,405,148032.0,144565.47796726227,8532.777428627014,7841.736078262329,40978.193283081055,15804.54409122467,20691.0,13370.0,ok,2054.98,8531.59,2294.04,7781.87,13310.0,168984.0,4.151665709641943,3.392211992816167,5.801991246883228,8fd28e1480f36482da1a002c844de2475a8c1509bb3c5f17bc852f253674c754,semantic_live_support,True,32,256,576,96,96,8388608,100,5,0a99939bca6384a8377803d74a648c72
b2,validation_reused,b2-k8-andor_dom-tree-2-cbc8a38367ce,93080013742338133,3d79bfe61802b728b5e2d9a5a13fc4c2e855c7614300109f66b4512e32c1ca43,3d79bfe61802b728b5e2d9a5a13fc4c2e855c7614300109f66b4512e32c1ca43,,andor_dom,8,16,16,15,3255.0,200.0,7,9,8,3,8,9,8,18147.0,16064.0,12970.0,379,142854.0,139489.7699356079,7038.936018943787,9385.868906974792,39428.4725189209,16093.254089355469,19569.0,11347.0,ok,1841.16,7283.42,2437.05,7053.27,14151.0,168362.0,3.955886506332964,2.8941835415769064,5.806610451160214,3d79bfe61802b728b5e2d9a5a13fc4c2e855c7614300109f66b4512e32c1ca43,semantic_live_support,True,32,256,512,96,96,8388608,100,5,cbc8a38367cef6057649fd0b31ab5dc2
b2,validation_reused,b2-k8-andor_dom-tree-3-329734acd78e,2381437988148073298,de720284cb8b83b7752b2428ee149a8a958c8b0df09a2818c89b1d2e9cec3291,de720284cb8b83b7752b2428ee149a8a958c8b0df09a2818c89b1d2e9cec3291,,andor_dom,8,17,18,14,3145.0,191.0,6,10,9,3,9,10,9,17036.0,17657.0,13621.0,404,147131.0,143675.13358592987,9637.326002120972,8832.663297653198,37457.793951034546,16875.56505203247,21172.0,12829.0,ok,1890.23,8145.21,2453.88,7354.42,13661.0,165958.0,4.309110531522619,2.9970577208339444,5.567101895773225,de720284cb8b83b7752b2428ee149a8a958c8b0df09a2818c89b1d2e9cec3291,semantic_live_support,True,32,256,576,160,96,8388608,100,5,329734acd78e4b86f10763d7b9610e6b
b2,validation_reused,b2-k8-andor_dom-tree-4-fa17785afafe,6594633550136713120,e81aaaaf5c7365dfb830e4ef552588ef192a92c961dc5d3b2d0774e6f5f42835,e81aaaaf5c7365dfb830e4ef552588ef192a92c961dc5d3b2d0774e6f5f42835,,andor_dom,8,18,19,17,3476.0,250.0,9,12,10,4,10,12,10,19880.0,17907.0,21813.0,426,151747.0,148031.86058998108,9000.301361083984,10581.687092781067,39806.58948421478,15977.77009010315,21823.0,13420.0,ok,2155.94,8696.13,2817.72,8462.88,13540.0,218568.0,4.0335677245192345,3.0034495975469526,4.8053035787800065,e81aaaaf5c7365dfb830e4ef552588ef192a92c961dc5d3b2d0774e6f5f42835,semantic_live_support,True,32,256,608,128,128,8388608,100,5,fa17785afafe122fe491d0ba167d1994
b2,validation_reused,b2-k8-andor_dom-shared-1-69a470723d85,6301960526502956799,d09260b32b9036615aa0a298b0be0cb238f5a32466a24e74b66ac6cfc665270a,d09260b32b9036615aa0a298b0be0cb238f5a32466a24e74b66ac6cfc665270a,,andor_dom,8,24,48,16,3926.0,221.0,8,18,16,7,24,37,30,22003.0,28272.0,17826.0,589,243294.0,239139.42277431488,18594.786524772644,19216.910004615784,61985.10527610779,30882.656574249268,22533.0,29324.0,ok,4240.55,21285.0,3038.76,10787.27,14402.0,254111.0,5.019396068906156,3.549892061235504,4.739433189853756,d09260b32b9036615aa0a298b0be0cb238f5a32466a24e74b66ac6cfc665270a,semantic_live_support,True,32,256,1536,128,224,8388608,100,5,69a470723d851d46bf09a6e0ecf86c5c
b2,validation_reused,b2-k8-andor_dom-shared-2-775ee4cbbb58,5249758345667889293,64736495552f7d588011b5d4dee6824053c01ef39c79204d75808e0ed5578a72,64736495552f7d588011b5d4dee6824053c01ef39c79204d75808e0ed5578a72,,andor_dom,8,26,47,18,4386.0,200.0,10,18,16,6,24,28,25,26049.0,32739.0,19028.0,641,254942.0,250825.6584405899,18673.017621040344,27880.072593688965,54955.482482910156,29696.151614189148,25889.0,28252.0,ok,3684.12,19913.44,3225.84,11656.27,14391.0,265468.0,5.405209385144892,3.613406120576346,4.46116360389852,64736495552f7d588011b5d4dee6824053c01ef39c79204d75808e0ed5578a72,semantic_live_support,True,32,256,1504,128,192,8388608,100,5,775ee4cbbb581588c3316bc37a8f4327
b2,validation_reused,b2-k8-andor_dom-shared-3-5e5303eaddfb,8058430730899446706,84d9f58be131996c613a24c6bad7f9cfc8fc2dced6da06cbeae5828f30c5ba7a,84d9f58be131996c613a24c6bad7f9cfc8fc2dced6da06cbeae5828f30c5ba7a,,andor_dom,8,28,49,22,5518.0,211.0,14,23,20,6,26,30,26,29294.0,35934.0,19589.0,678,280110.0,275192.7822828293,21120.53334712982,21751.970052719116,66934.15343761444,35861.507058143616,30246.0,31327.0,ok,3876.51,20703.03,4038.76,14410.49,15683.0,302704.0,5.340636293986085,3.568048113777496,3.8831225425625684,84d9f58be131996c613a24c6bad7f9cfc8fc2dced6da06cbeae5828f30c5ba7a,semantic_live_support,True,32,256,1568,160,192,8388608,100,5,5e5303eaddfb01f4cf5d65e7af708933
b2,validation_reused,b2-k8-andor_dom-shared-4-0f2c3ce95a60,1117034386922797230,25e947aaa44b7574bce0d0ac4d91d63489a7837f6af73764eab3cc83eff2b01f,25e947aaa44b7574bce0d0ac4d91d63489a7837f6af73764eab3cc83eff2b01f,,andor_dom,8,30,55,21,5468.0,220.0,13,23,21,7,28,30,28,30236.0,34542.0,21212.0,737,343355.0,338487.32709884644,27837.231755256653,33957.88371562958,77318.40014457703,44574.96106624603,31428.0,33480.0,ok,3969.75,23041.33,3998.09,14879.31,15614.0,348022.0,5.804226966433655,3.7216045661803507,3.9053648116975856,25e947aaa44b7574bce0d0ac4d91d63489a7837f6af73764eab3cc83eff2b01f,semantic_live_support,True,32,256,1760,128,224,8388608,100,5,0f2c3ce95a60f2589016de0cc982f8ab
b2,validation_reused,b2-k8-impeqv_dom-tree-1-3976cb8a8eb7,5375572303809198307,9531d19a39d1a78eec73434e717a83cf79fa45f90d2765dc523db518b3697bef,9531d19a39d1a78eec73434e717a83cf79fa45f90d2765dc523db518b3697bef,,impeqv_dom,8,17,17,17,3565.0,221.0,9,21,14,3,9,21,14,18027.0,17947.0,13210.0,403,125729.0,122392.55011081696,2874.0614652633667,7461.756467819214,36673.62034320831,13450.16062259674,21272.0,11888.0,ok,2663.19,8905.44,2935.4,8918.97,14522.0,161542.0,3.3438996091153843,3.0384172514819103,4.947196293520474,9531d19a39d1a78eec73434e717a83cf79fa45f90d2765dc523db518b3697bef,semantic_live_support,True,32,256,544,96,96,8388608,100,5,3976cb8a8eb7f363765825f8f085acc9
b2,validation_reused,b2-k8-impeqv_dom-tree-2-575c0b583dee,5802707388340509815,f88dc445236ad27d04c5a74e2871821110c0dc36e8dae49131312ad077f3261a,f88dc445236ad27d04c5a74e2871821110c0dc36e8dae49131312ad077f3261a,,impeqv_dom,8,21,25,21,5008.0,190.0,13,31,21,4,13,31,21,21883.0,25719.0,15763.0,507,170586.0,167030.84111213684,4116.445779800415,9402.632713317871,51641.836762428284,21809.712052345276,28082.0,17215.0,ok,3448.27,12437.24,3859.79,12546.0,15002.0,202453.0,3.6068057315697435,3.2504359045440294,3.886739952173564,f88dc445236ad27d04c5a74e2871821110c0dc36e8dae49131312ad077f3261a,semantic_live_support,True,32,256,800,128,128,8388608,100,5,575c0b583dee690032fc991b41af0c90
b2,validation_reused,b2-k8-impeqv_dom-tree-3-d5e4f370e98e,7141073354313406849,e673bd4ecbb357747580f30354acd0a1fe7a42af6dcd35f60e2af6c926e4ee1a,e673bd4ecbb357747580f30354acd0a1fe7a42af6dcd35f60e2af6c926e4ee1a,,impeqv_dom,8,21,25,21,4707.0,221.0,13,31,21,4,13,31,21,22774.0,24487.0,15313.0,508,180921.0,177124.5151758194,3896.653652191162,13463.199138641357,47184.5269203186,23234.635591506958,28072.0,16695.0,ok,3508.66,12809.89,3912.26,12590.87,14512.0,204997.0,3.650935114830163,3.218311155189072,3.709364919509439,e673bd4ecbb357747580f30354acd0a1fe7a42af6dcd35f60e2af6c926e4ee1a,semantic_live_support,True,32,256,800,128,128,8388608,100,5,d5e4f370e98ec048d9d1c67d80fb2b49
b2,validation_reused,b2-k8-impeqv_dom-tree-4-e0ca29a93790,7942060999345390599,f1b43719eaea9c28c2bcc7797b027fa9e77c4aaea97a7806365d47a0924e2909,f1b43719eaea9c28c2bcc7797b027fa9e77c4aaea97a7806365d47a0924e2909,,impeqv_dom,8,17,19,16,3375.0,210.0,8,23,16,4,9,23,16,17166.0,19399.0,13110.0,416,137926.0,134712.0851278305,3483.1464290618896,9095.296263694763,37407.50253200531,18017.366528511047,20861.0,14662.0,ok,2702.65,9935.7,2973.36,9707.75,12919.0,157316.0,3.676280687473406,3.2649090591115772,4.344916189092475,f1b43719eaea9c28c2bcc7797b027fa9e77c4aaea97a7806365d47a0924e2909,semantic_live_support,True,32,256,608,128,128,8388608,100,5,e0ca29a937907c0f9057dc67633432ee
b2,validation_reused,b2-k8-impeqv_dom-shared-1-773a9da63c46,6194497246727135287,3b65ebd0507c96a532e9ddb9576f815bc022606a088fa00e45975372ceca63d2,3b65ebd0507c96a532e9ddb9576f815bc022606a088fa00e45975372ceca63d2,,impeqv_dom,8,27,46,27,6339.0,200.0,19,50,34,7,23,60,41,28453.0,35393.0,18328.0,668,238047.0,233558.93790721893,3704.8012018203735,12475.99720954895,63724.8158454895,44763.08822631836,37637.0,30836.0,ok,5766.04,22843.74,5227.23,18556.21,16525.0,266910.0,3.9617727244347942,3.5499126688513805,3.161330188264148,3b65ebd0507c96a532e9ddb9576f815bc022606a088fa00e45975372ceca63d2,semantic_live_support,True,32,256,1472,128,224,8388608,100,5,773a9da63c46b8e86f39557860fbd1f1
b2,validation_reused,b2-k8-impeqv_dom-shared-2-dc9d85a45968,8984142082404742433,a20f0fa32a3ae96daafe19c0fdfc34275718c1a7704b8f97b39c81440d0d66a1,a20f0fa32a3ae96daafe19c0fdfc34275718c1a7704b8f97b39c81440d0d66a1,,impeqv_dom,8,25,41,23,5619.0,210.0,15,45,30,6,20,60,40,25047.0,33390.0,18558.0,627,196865.0,192789.36088085175,0.0,14239.922165870667,53504.48191165924,29210.001230239868,31787.0,26409.0,ok,5408.11,21258.67,4306.66,15955.22,15844.0,237566.0,3.930887130624192,3.7047781807711777,3.678953063394835,a20f0fa32a3ae96daafe19c0fdfc34275718c1a7704b8f97b39c81440d0d66a1,semantic_live_support,True,32,256,1312,128,192,8388608,100,5,dc9d85a45968acf3f874ff03419a3765
b2,validation_reused,b2-k8-impeqv_dom-shared-3-94e2d9a0a313,2610667257240562311,fd1f53f68b66014297161c5dffa9b1fc333d2a86ec2b4e2e6104bc0d6b795d70,fd1f53f68b66014297161c5dffa9b1fc333d2a86ec2b4e2e6104bc0d6b795d70,,impeqv_dom,8,27,53,27,6550.0,210.0,19,50,33,6,28,68,46,28422.0,33460.0,19259.0,659,227010.0,222595.40855884552,3244.727849960327,13919.547200202942,62897.80139923096,34423.54500293732,39028.0,35042.0,ok,6483.51,25961.11,5226.13,17627.92,16115.0,263155.0,4.004175207565038,3.3730351139370813,3.083543654673726,fd1f53f68b66014297161c5dffa9b1fc333d2a86ec2b4e2e6104bc0d6b795d70,semantic_live_support,True,32,256,1696,128,192,8388608,100,5,94e2d9a0a31342ba2b0e0ee1e73d6f38
b2,validation_reused,b2-k8-impeqv_dom-shared-4-2f7845a8dfa7,4207285047441774699,48e63c1a11cb0d080536dcb51cc2d060417613566341202ea999668099542938,48e63c1a11cb0d080536dcb51cc2d060417613566341202ea999668099542938,,impeqv_dom,8,27,72,27,6389.0,240.0,19,48,33,6,36,99,67,29364.0,35052.0,21332.0,673,240079.0,234631.82151317596,5004.9275159835815,15061.348676681519,63769.519329071045,38087.36801147461,38387.0,48002.0,ok,8617.11,35952.48,5190.88,18123.66,16755.0,293560.0,4.172220152696205,3.4914426840921,3.2277764078537743,48e63c1a11cb0d080536dcb51cc2d060417613566341202ea999668099542938,semantic_live_support,True,32,256,2304,160,192,8388608,100,5,2f7845a8dfa7bf2d117cc43d92422a5f
b2,validation_reused,b2-k8-mixed-tree-1-37379aed18cc,6384252221718112555,46857c01ef2600404806313e98a00270bda713004aad3f522ef97f8b99dbf8d3,46857c01ef2600404806313e98a00270bda713004aad3f522ef97f8b99dbf8d3,,mixed,8,18,21,17,3665.0,210.0,9,17,13,4,10,18,14,21312.0,20501.0,14151.0,440,153570.0,149814.4119977951,7370.486855506897,9762.123227119446,37895.51556110382,19548.460841178894,26439.0,14382.0,ok,2450.97,10272.29,2929.29,9558.72,14071.0,177306.0,4.191112090315263,3.263152504531815,4.803553079415148,46857c01ef2600404806313e98a00270bda713004aad3f522ef97f8b99dbf8d3,semantic_live_support,True,32,256,672,128,128,8388608,100,5,37379aed18cc805c305021311a0190aa
b2,validation_reused,b2-k8-mixed-tree-2-64fdfc904809,9176876730104389783,3331a38050c24c8daa54e6b7c23ad776764e78a23ae0b95a773dc5d240371a38,3331a38050c24c8daa54e6b7c23ad776764e78a23ae0b95a773dc5d240371a38,,mixed,8,19,23,18,3976.0,211.0,10,17,14,5,11,17,14,22213.0,22584.0,14642.0,467,186379.0,183135.2710723877,9842.216968536377,14675.78113079071,43081.119656562805,24763.867259025574,25028.0,15814.0,ok,2649.37,10904.35,3260.39,10607.9,14081.0,202683.0,4.115827536357701,3.253567824708087,4.318808486101356,3331a38050c24c8daa54e6b7c23ad776764e78a23ae0b95a773dc5d240371a38,semantic_live_support,True,32,256,736,96,160,8388608,100,5,64fdfc904809edfc6a36a760e0da469f
b2,validation_reused,b2-k8-mixed-tree-3-1a734e9283ab,335233932623530871,90c94f3372b4e17bacff811f01bca854e743251196514d9791e9a8aec42244f0,90c94f3372b4e17bacff811f01bca854e743251196514d9791e9a8aec42244f0,,mixed,8,15,15,14,2844.0,201.0,6,11,9,4,7,11,9,16214.0,16284.0,12038.0,363,124827.0,121582.29947090149,6016.343832015991,9734.183549880981,32827.25811004639,13398.006558418274,18227.0,11377.0,ok,1934.6,7438.95,2334.9,7224.53,12909.0,149263.0,3.8452134808229093,3.094149642382971,5.528716433251959,90c94f3372b4e17bacff811f01bca854e743251196514d9791e9a8aec42244f0,semantic_live_support,True,32,256,480,96,128,8388608,100,5,1a734e9283ab3bbc670ebbbaeb95e706
b2,validation_reused,b2-k8-mixed-tree-4-e12838f7e137,5188710377776609396,ac5919231d3637285700f6c4c5aa7c8aac2c0236c2c6c2db742a320a6b46e66d,ac5919231d3637285700f6c4c5aa7c8aac2c0236c2c6c2db742a320a6b46e66d,,mixed,8,19,21,16,3575.0,190.0,8,15,12,3,11,15,12,18598.0,20020.0,14041.0,454,169094.0,165337.6966714859,10352.58173942566,12880.191206932068,42423.60591888428,19567.087292671204,21072.0,14311.0,ok,2342.31,9721.57,2774.76,8915.16,13751.0,190165.0,4.150419884643791,3.2129481468667556,4.955743920194899,ac5919231d3637285700f6c4c5aa7c8aac2c0236c2c6c2db742a320a6b46e66d,semantic_live_support,True,32,256,672,128,96,8388608,100,5,e12838f7e137c31dc1918fc32bd435d3
b2,validation_reused,b2-k8-mixed-shared-1-1c2a917da296,2726908483369619383,084e640fa57cbf5f097fd08636fe5e98e23839d95c532099efe1a7a838dbafca,084e640fa57cbf5f097fd08636fe5e98e23839d95c532099efe1a7a838dbafca,,mixed,8,27,57,20,5388.0,220.0,12,28,22,7,29,53,40,26820.0,33761.0,27741.0,670,282854.0,278158.11336040497,16771.256923675537,30193.477869033813,64641.23725891113,36912.038922309875,31567.0,37086.0,ok,5608.51,26451.55,3769.95,13927.78,15574.0,311297.0,4.716323943435957,3.6944203504025257,4.131089271741005,084e640fa57cbf5f097fd08636fe5e98e23839d95c532099efe1a7a838dbafca,semantic_live_support,True,32,256,1824,160,224,8388608,100,5,1c2a917da2966f13b82ecb3bcef12690
b2,validation_reused,b2-k8-mixed-shared-2-3705369d2025,2130736414152006996,ca72bc9bb4f0f6e2ddd3d641d94a62163a066af9d77ac3937cb00d134dfd46f2,ca72bc9bb4f0f6e2ddd3d641d94a62163a066af9d77ac3937cb00d134dfd46f2,,mixed,8,25,47,17,4317.0,200.0,9,22,18,4,23,39,31,24417.0,31627.0,18948.0,623,256224.0,251526.01301670074,15271.827578544617,21267.682313919067,58690.086007118225,36854.296922683716,24577.0,31627.0,ok,4336.2,21434.52,3182.77,11872.0,14462.0,279259.0,4.943157603431576,3.7300841719634157,4.5438407424978875,ca72bc9bb4f0f6e2ddd3d641d94a62163a066af9d77ac3937cb00d134dfd46f2,semantic_live_support,True,32,256,1504,160,128,8388608,100,5,3705369d2025de285a7e3dfe402e59de
b2,validation_reused,b2-k8-mixed-shared-3-7ac091ab0ff3,2595040323065769712,4248c9b3f703df679b477bf075256cda4912f14382e7e3af86f3adc3a2bef552,4248c9b3f703df679b477bf075256cda4912f14382e7e3af86f3adc3a2bef552,,mixed,8,28,63,23,6069.0,220.0,15,35,27,6,31,49,40,30116.0,36625.0,19770.0,701,290616.0,285768.88144016266,16514.211893081665,25076.791644096375,65106.89854621887,44241.54758453369,34852.0,42614.0,ok,5354.43,28501.31,4540.0,17267.38,15714.0,313530.0,5.322940070184875,3.803387665198238,3.4612334801762112,4248c9b3f703df679b477bf075256cda4912f14382e7e3af86f3adc3a2bef552,semantic_live_support,True,32,256,2016,160,192,8388608,100,5,7ac091ab0ff3bdf9cf8fd8452c50c933
b2,validation_reused,b2-k8-mixed-shared-4-761923963fb0,8970710980208121589,0f26ac14628db4891a38eb6cc5ecb59db84a9796c433fd0f0ff7a5eecc4fec25,0f26ac14628db4891a38eb6cc5ecb59db84a9796c433fd0f0ff7a5eecc4fec25,,mixed,8,24,47,18,4456.0,190.0,10,23,19,6,23,37,30,24567.0,29274.0,18077.0,597,253830.0,249544.158577919,15990.808606147766,19950.79219341278,56337.56518363953,33937.39461898804,26680.0,30405.0,ok,4279.21,21475.69,3398.4,13441.74,15093.0,261912.0,5.018610911827182,3.955314265536723,4.441207627118644,0f26ac14628db4891a38eb6cc5ecb59db84a9796c433fd0f0ff7a5eecc4fec25,semantic_live_support,True,32,256,1504,128,192,8388608,100,5,761923963fb055ac1c4654a82dea746e
b2,validation_reused,b2-k10-xor_dom-tree-1-77230e81be62,8990915870604129592,f4bd7cb6d894da1941302437ccf55c6d9bd9cb292196c1d561dedb49901754e4,f4bd7cb6d894da1941302437ccf55c6d9bd9cb292196c1d561dedb49901754e4,,xor_dom,10,20,21,12,2894.0,211.0,2,12,11,2,10,12,11,15383.0,21582.0,15222.0,482,204516.0,201022.25244045258,13601.034879684448,27582.04936981201,46597.79369831085,24937.093257904053,15182.0,15343.0,ok,2436.64,9780.26,2001.6,7164.94,12669.0,222363.0,4.013830520717053,3.5796063149480415,6.329436450839329,f4bd7cb6d894da1941302437ccf55c6d9bd9cb292196c1d561dedb49901754e4,semantic_live_support,True,128,1280,2688,512,256,8388608,50,5,77230e81be62acee25486748ab10bef6
b2,validation_reused,b2-k10-xor_dom-tree-2-b2b59ccfcc06,2289015191115055438,0bbd3db6d49c182c7ead9ffb206e26b1c610422940832230be18b4c64709ee3c,0bbd3db6d49c182c7ead9ffb206e26b1c610422940832230be18b4c64709ee3c,,xor_dom,10,20,20,15,3104.0,211.0,5,11,10,3,10,11,10,18758.0,21121.0,15403.0,475,185018.0,181281.9391489029,12863.42740058899,19377.097487449646,45409.4260931015,21900.981664657593,18428.0,14101.0,ok,2283.02,9332.98,2359.94,7657.48,12538.0,194211.0,4.087997477026044,3.244777409595159,5.312846936786529,0bbd3db6d49c182c7ead9ffb206e26b1c610422940832230be18b4c64709ee3c,semantic_live_support,True,128,1280,2560,512,384,8388608,50,5,b2b59ccfcc06124c5ef2dd69881458f8
b2,validation_reused,b2-k10-xor_dom-tree-3-25d12caacfcf,6561532620212432638,761b19ded3cd7c6125a2f2da98b1c268cbc5b25a9d551d0d9f05c277c1857514,761b19ded3cd7c6125a2f2da98b1c268cbc5b25a9d551d0d9f05c277c1857514,,xor_dom,10,25,29,19,4557.0,211.0,9,19,16,5,15,19,16,23315.0,26900.0,17026.0,596,240210.0,235674.9027967453,15864.148736000061,23240.22352695465,57494.26782131195,28904.52742576599,24517.0,19399.0,ok,3375.46,14008.0,3382.46,11477.0,20671.0,259939.0,4.149952895309084,3.3930926012428824,6.111232653157761,761b19ded3cd7c6125a2f2da98b1c268cbc5b25a9d551d0d9f05c277c1857514,semantic_live_support,True,128,1280,3712,384,640,8388608,50,5,25d12caacfcfe89ce76a5051b2ecbff3
b2,validation_reused,b2-k10-xor_dom-tree-4-04f54e4b6bdc,8901674206206014332,5000883c6bbe89a7f96ee4a08d3d04023911181e77f9d6f4ba49f6ba34e14573,5000883c6bbe89a7f96ee4a08d3d04023911181e77f9d6f4ba49f6ba34e14573,,xor_dom,10,22,24,16,3495.0,201.0,6,13,12,4,12,13,12,27761.0,23105.0,16915.0,528,216174.0,212078.91404628754,14822.930097579956,23124.73952770233,50632.283091545105,26317.313313484192,20431.0,16154.0,ok,2530.38,10834.04,2695.64,9005.5,13650.0,228142.0,4.281586164923846,3.340765087326201,5.063732545888917,5000883c6bbe89a7f96ee4a08d3d04023911181e77f9d6f4ba49f6ba34e14573,semantic_live_support,True,128,1280,3072,512,512,8388608,50,5,04f54e4b6bdc564bc2f0560ae2fb9005
b2,validation_reused,b2-k10-xor_dom-shared-1-b1df44674c4f,7516307406492075971,64cb1dd5e87df195d3a5640f0f16b021f2e876b208820bda0aed2845cdcf016e,64cb1dd5e87df195d3a5640f0f16b021f2e876b208820bda0aed2845cdcf016e,,xor_dom,10,29,49,14,3466.0,230.0,4,12,12,3,24,24,24,26680.0,33280.0,21322.0,717,350085.0,345177.94847488403,28586.015105247498,51582.23211765289,69495.290517807,43336.302042007446,18959.0,31237.0,ok,3898.04,21039.94,2430.64,9407.3,15814.0,364867.0,5.397569034694359,3.8702975348056476,6.506105387881381,64cb1dd5e87df195d3a5640f0f16b021f2e876b208820bda0aed2845cdcf016e,semantic_live_support,True,128,1280,6272,640,384,8388608,50,5,b1df44674c4f5bc3f8fe2d3a09e403f8
b2,validation_reused,b2-k10-xor_dom-shared-2-972e9d7d2b36,3796299948274582217,27ddd67ef29981b9b24889ea43fac48a1ec9eb77eb37aa5a7d47feea46419c9f,27ddd67ef29981b9b24889ea43fac48a1ec9eb77eb37aa5a7d47feea46419c9f,,xor_dom,10,29,63,22,6009.0,251.0,12,21,20,6,31,33,32,30325.0,41933.0,20301.0,717,331346.0,326158.47885608673,24303.793907165527,35990.02957344055,75986.60886287689,50259.75406169891,31177.0,39629.0,ok,5057.18,26965.4,4165.64,14602.9,15703.0,354341.0,5.332102080606187,3.5055597699273098,3.769648841474539,27ddd67ef29981b9b24889ea43fac48a1ec9eb77eb37aa5a7d47feea46419c9f,semantic_live_support,True,128,1280,8064,768,768,8388608,50,5,972e9d7d2b367a6f2056ef1907bcbbaa
b2,validation_reused,b2-k10-xor_dom-shared-3-cf872e9babd8,9136493435978029959,eb4559ebfa931806d97c952a7959464f8134746b139c9c252bbe5d8c0ffa8c64,eb4559ebfa931806d97c952a7959464f8134746b139c9c252bbe5d8c0ffa8c64,,xor_dom,10,33,56,19,5158.0,231.0,9,23,20,6,28,35,31,27872.0,39169.0,22183.0,816,390615.0,384515.1513814926,28487.294912338257,53381.54733181,82315.87707996368,54853.03699970245,25628.0,33720.0,ok,5255.28,26163.8,3582.56,13136.48,15393.0,390124.0,4.978573929457612,3.6667857621365725,4.296648206868832,eb4559ebfa931806d97c952a7959464f8134746b139c9c252bbe5d8c0ffa8c64,semantic_live_support,True,128,1280,7168,512,768,8388608,50,5,cf872e9babd8b504d8d24ac093cb680b
b2,validation_reused,b2-k10-xor_dom-shared-4-dd24aa5a61a6,8470570620916091080,b46d9f523cdf3dff3a17467140b0da2c922f1adb28d416e004eb247ddc5ee027,b46d9f523cdf3dff3a17467140b0da2c922f1adb28d416e004eb247ddc5ee027,,xor_dom,10,29,47,20,5198.0,230.0,10,22,19,7,23,29,26,27802.0,35563.0,21241.0,720,312088.0,307790.93503952026,21938.234567642212,38648.02420139313,66267.32647418976,40799.37934875488,27882.0,30075.0,ok,4308.86,20857.06,3724.4,13148.5,14923.0,336795.0,4.84050537729237,3.5303673074857693,4.006819890452153,b46d9f523cdf3dff3a17467140b0da2c922f1adb28d416e004eb247ddc5ee027,semantic_live_support,True,128,1280,6016,512,896,8388608,50,5,dd24aa5a61a631f86d58fb49b232dd41
b2,validation_reused,b2-k10-andor_dom-tree-1-a8fc7f363671,4013102388107299514,ebf92b7e7ae41e047af3f1eb28dbb964c9771aeae2618553b6c339d4a2eedb66,ebf92b7e7ae41e047af3f1eb28dbb964c9771aeae2618553b6c339d4a2eedb66,,andor_dom,10,23,25,19,4426.0,240.0,9,14,12,3,13,15,13,22905.0,23826.0,16625.0,543,216614.0,212369.48668956757,13893.470168113708,12340.02411365509,51895.156502723694,27444.21362876892,23585.0,17446.0,ok,2806.22,11971.54,3178.38,9775.66,14492.0,242113.0,4.266073223054501,3.0756737709147424,4.559555496825427,ebf92b7e7ae41e047af3f1eb28dbb964c9771aeae2618553b6c339d4a2eedb66,semantic_live_support,True,128,1280,3200,512,384,8388608,50,5,a8fc7f36367164f959169348f8cf6d2e
b2,validation_reused,b2-k10-andor_dom-tree-2-7400a955a56c,2409443570567677888,30d5060db7e2b493d9e99eef52a71ec6f1485c7ac8e517d905d958281a5b00e9,30d5060db7e2b493d9e99eef52a71ec6f1485c7ac8e517d905d958281a5b00e9,,andor_dom,10,25,29,25,5508.0,240.0,15,25,19,5,15,25,19,28092.0,29324.0,18838.0,596,223345.0,218646.6008424759,9836.629033088684,15882.77518749237,57242.81072616577,29994.1748380661,33279.0,19419.0,ok,3516.46,13860.18,4501.54,13634.24,15994.0,254862.0,3.941515046381873,3.0287945902957656,3.5530063045091236,30d5060db7e2b493d9e99eef52a71ec6f1485c7ac8e517d905d958281a5b00e9,semantic_live_support,True,128,1280,3712,512,640,8388608,50,5,7400a955a56c0351caa7e26ab8375d06
b2,validation_reused,b2-k10-andor_dom-tree-3-42d9480de48e,6591728995520027329,7efc6a69c4232f0ab321ee5249f71dbd53c5c70a6451e2e0f7fc4666559a3722,7efc6a69c4232f0ab321ee5249f71dbd53c5c70a6451e2e0f7fc4666559a3722,,andor_dom,10,23,25,19,4497.0,190.0,9,16,13,4,13,17,14,22754.0,30646.0,16184.0,547,212839.0,208521.2618112564,13945.624232292175,18635.764718055725,51517.03953742981,25739.893317222595,24967.0,17706.0,ok,2860.88,11409.3,3266.1,9709.94,14381.0,234562.0,3.988038645451749,2.9729463274241454,4.403110743700438,7efc6a69c4232f0ab321ee5249f71dbd53c5c70a6451e2e0f7fc4666559a3722,semantic_live_support,True,128,1280,3200,384,512,8388608,50,5,42d9480de48e8681a40165803353291b
b2,validation_reused,b2-k10-andor_dom-tree-4-837da4e67104,3414923216527063826,46b1a2a910859148f0cea6d361339e29c7f212a819e8f68dc7efafa95acf8a19,46b1a2a910859148f0cea6d361339e29c7f212a819e8f68dc7efafa95acf8a19,,andor_dom,10,19,19,18,3616.0,210.0,8,11,10,4,9,11,10,21753.0,20100.0,23546.0,452,163816.0,159978.86657714844,9344.890713691711,11058.524250984192,40639.19186592102,20893.290638923645,22514.0,14361.0,ok,2255.78,9045.16,2866.9,8655.98,13190.0,215062.0,4.009770456338827,3.0192821514527886,4.600788307928425,46b1a2a910859148f0cea6d361339e29c7f212a819e8f68dc7efafa95acf8a19,semantic_live_support,True,128,1280,2432,512,512,8388608,50,5,837da4e671045148f301e3ec75b66e39
b2,validation_reused,b2-k10-andor_dom-shared-1-071d6b8e4bb7,6530266422640893003,2023bed7c6d67a4c9d4c5e68fc10a864e8a221cce3a504eeb9a5a1df50f2397f,2023bed7c6d67a4c9d4c5e68fc10a864e8a221cce3a504eeb9a5a1df50f2397f,,andor_dom,10,38,106,27,7080.0,230.0,17,31,28,7,53,62,57,43105.0,51658.0,28243.0,944,474431.0,467451.2892961502,37007.033824920654,49198.04632663727,104805.45461177826,79330.05690574646,44136.0,75343.0,ok,7836.34,45067.56,5447.38,19193.16,17877.0,448502.0,5.751098089158969,3.523374539686969,3.281761140217866,2023bed7c6d67a4c9d4c5e68fc10a864e8a221cce3a504eeb9a5a1df50f2397f,semantic_live_support,True,128,1280,13568,768,896,8388608,50,5,071d6b8e4bb7ae001556afc7a4e24e39
b2,validation_reused,b2-k10-andor_dom-shared-2-16ca12c11ee1,919501032189299475,d25214afe652c886762108a089e935eff46230b85de72818e00ca84571629e82,d25214afe652c886762108a089e935eff46230b85de72818e00ca84571629e82,,andor_dom,10,33,82,24,6149.0,220.0,14,27,24,7,42,47,43,31908.0,37015.0,23425.0,806,407390.0,401102.0064353943,30864.030122756958,43565.407395362854,90202.31664180756,55842.10157394409,38749.0,57496.0,ok,6281.82,34648.52,4855.48,16176.86,16575.0,391116.0,5.515681761018303,3.3316706072314175,3.4136686795126336,d25214afe652c886762108a089e935eff46230b85de72818e00ca84571629e82,semantic_live_support,True,128,1280,10496,768,896,8388608,50,5,16ca12c11ee14aa3365d00891b188a8a
b2,validation_reused,b2-k10-andor_dom-shared-3-22432c1ba51e,8617253102809217736,61292e14dd3f798c3df8a836c0490e4eb6288368a970d63c20944478da823ce4,61292e14dd3f798c3df8a836c0490e4eb6288368a970d63c20944478da823ce4,,andor_dom,10,28,49,19,4787.0,260.0,9,18,17,7,25,27,25,27512.0,30636.0,20100.0,682,296395.0,291358.67953300476,23445.114493370056,26756.897568702698,67926.94330215454,42704.86533641815,26059.0,29524.0,ok,3963.74,20619.3,3588.78,12933.58,14962.0,305518.0,5.2019809573786375,3.603893245058209,4.169104821136988,61292e14dd3f798c3df8a836c0490e4eb6288368a970d63c20944478da823ce4,semantic_live_support,True,128,1280,6272,512,896,8388608,50,5,22432c1ba51e8de7860ffb6b558c6af4
b2,validation_reused,b2-k10-andor_dom-shared-4-7f3eabfd2bc0,5017156083016439025,ef41308852853f4cc52229ddade54e424af29dd99a564d4718ea4177daccf4d1,ef41308852853f4cc52229ddade54e424af29dd99a564d4718ea4177daccf4d1,,andor_dom,10,34,54,25,6489.0,210.0,15,30,25,6,28,35,30,32989.0,39349.0,21873.0,828,359378.0,353498.3843564987,24156.64494037628,30303.37393283844,82075.59585571289,51043.92766952515,35483.0,34261.0,ok,4737.7,23511.44,4678.6,16739.88,16295.0,371877.0,4.962627435253393,3.577967768135767,3.482879493865686,ef41308852853f4cc52229ddade54e424af29dd99a564d4718ea4177daccf4d1,semantic_live_support,True,128,1280,6912,512,768,8388608,50,5,7f3eabfd2bc0766469a75bb178dbb53c
b2,validation_reused,b2-k10-impeqv_dom-tree-1-d65cd8c37d53,5427482908318501800,6a277e9b6f1a2c9d5406a1ad99b4f6882da9542b22cd8fbe9d99c3005a604450,6a277e9b6f1a2c9d5406a1ad99b4f6882da9542b22cd8fbe9d99c3005a604450,,impeqv_dom,10,27,32,27,6159.0,220.0,17,44,29,5,17,44,29,26600.0,30877.0,18968.0,647,214752.0,210395.08283138275,2903.863787651062,13383.105397224426,61167.4040555954,32305.71746826172,35012.0,23485.0,ok,5442.96,17751.2,5654.28,17195.16,16935.0,256955.0,3.2613136969590077,3.041087459411278,2.995076296186252,6a277e9b6f1a2c9d5406a1ad99b4f6882da9542b22cd8fbe9d99c3005a604450,semantic_live_support,True,128,1280,4096,640,640,8388608,50,5,d65cd8c37d539bec10c4ceb1925d8850
b2,validation_reused,b2-k10-impeqv_dom-tree-2-c28e8c343d74,2571888799181496610,7f49ad0ac1c2e262607d04e82a59052fca7b1a050532196ae13874ad77ddf3d1,7f49ad0ac1c2e262607d04e82a59052fca7b1a050532196ae13874ad77ddf3d1,,impeqv_dom,10,19,19,19,4066.0,201.0,9,23,16,4,9,23,16,20130.0,20861.0,15303.0,456,148683.0,145187.6014471054,2713.8739824295044,10570.511221885681,41058.287024497986,20148.232579231262,23776.0,13911.0,ok,3183.18,10205.28,3401.08,10213.5,14131.0,181682.0,3.2060015456241877,3.0030166888164938,4.154856692580004,7f49ad0ac1c2e262607d04e82a59052fca7b1a050532196ae13874ad77ddf3d1,semantic_live_support,True,128,1280,2432,512,512,8388608,50,5,c28e8c343d74fa2c39bae85d0d215a51
b2,validation_reused,b2-k10-impeqv_dom-tree-3-4537a75ce604,2757192480714216151,56d24a658c7cbe708adf0414be52f24ddc0aa1f015579185dc0cd48a1f240882,56d24a658c7cbe708adf0414be52f24ddc0aa1f015579185dc0cd48a1f240882,,impeqv_dom,10,24,28,24,5258.0,240.0,14,35,24,4,14,35,24,25529.0,28954.0,16815.0,582,198938.0,194782.39119052887,3455.2067518234253,13293.69843006134,54797.157645225525,30517.578125,32418.0,19950.0,ok,4379.76,14485.7,4680.02,14406.2,21773.0,230636.0,3.307418671342722,3.078234708398682,4.652330545595959,56d24a658c7cbe708adf0414be52f24ddc0aa1f015579185dc0cd48a1f240882,semantic_live_support,True,128,1280,3584,640,512,8388608,50,5,4537a75ce60422c1a0cdcdfca10b146e
b2,validation_reused,b2-k10-impeqv_dom-tree-4-146866abdaef,1556866305809211590,5314217abb5a6447b09852854165d1b704f2905cddd68cebeadfdaf9cceb96dd,5314217abb5a6447b09852854165d1b704f2905cddd68cebeadfdaf9cceb96dd,,impeqv_dom,10,21,21,21,4517.0,240.0,11,27,18,5,11,27,18,21772.0,21682.0,15974.0,495,156655.0,153057.2772026062,3283.8433980941772,8942.559361457825,45724.21312332153,20224.60103034973,25748.0,14963.0,ok,3620.62,10965.64,3997.38,11060.36,18187.0,206920.0,3.028663599052096,2.7669023210202686,4.549730073197945,5314217abb5a6447b09852854165d1b704f2905cddd68cebeadfdaf9cceb96dd,semantic_live_support,True,128,1280,2688,768,640,8388608,50,5,146866abdaefb2c0b1597eb94371ed3f
b2,validation_reused,b2-k10-impeqv_dom-shared-1-a2d9511bd8a2,5292682897367932940,3b07de64b0c63311c34ee1d14d51cd0dbff4fa063cc3cc72eda1bc51bd02dfc6,3b07de64b0c63311c34ee1d14d51cd0dbff4fa063cc3cc72eda1bc51bd02dfc6,,impeqv_dom,10,36,61,34,9194.0,351.0,24,68,46,7,30,86,58,41251.0,49675.0,27601.0,903,339129.0,332858.4134578705,3004.4466257095337,19481.40561580658,88611.61768436432,57896.59917354584,54762.0,41042.0,ok,9341.8,31760.4,7725.58,24734.46,19259.0,342404.0,3.3998158813076715,3.201631463268777,2.492887265422143,3b07de64b0c63311c34ee1d14d51cd0dbff4fa063cc3cc72eda1bc51bd02dfc6,semantic_live_support,True,128,1280,7808,640,896,8388608,50,5,a2d9511bd8a201c689ebc3f5a7b55893
b2,validation_reused,b2-k10-impeqv_dom-shared-2-e0619ddaeb12,6313063904411458792,f834dbdf22fd8cf1b2092bb052117469798775d42c4cc697442cc22ba86df612,f834dbdf22fd8cf1b2092bb052117469798775d42c4cc697442cc22ba86df612,,impeqv_dom,10,32,54,32,7091.0,210.0,22,61,40,6,28,79,52,31727.0,40340.0,22123.0,778,283565.0,280050.5608320236,1924.1124391555786,15674.158930778503,79784.54232215881,47527.2536277771,44977.0,36875.0,ok,8799.6,29753.8,6819.62,20961.8,18107.0,307020.0,3.3812673303331966,3.073748977215739,2.655133277220725,f834dbdf22fd8cf1b2092bb052117469798775d42c4cc697442cc22ba86df612,semantic_live_support,True,128,1280,6912,512,768,8388608,50,5,e0619ddaeb1211acdf3616cfa3ac87f9
b2,validation_reused,b2-k10-impeqv_dom-shared-3-456d3bc52660,1607127040407481344,e90aaf1e4409cd954c1689522f626be0c05bd03a907bba5e153335cd2fa656c5,e90aaf1e4409cd954c1689522f626be0c05bd03a907bba5e153335cd2fa656c5,,impeqv_dom,10,35,102,30,7060.0,221.0,20,51,35,5,51,114,82,37085.0,47111.0,24847.0,868,305118.0,299818.81380081177,7031.485438346863,23592.2634601593,77249.48227405548,44647.60422706604,41062.0,65618.0,ok,12268.4,52715.02,6465.68,19644.64,18718.0,333880.0,4.296812950343973,3.038294502666386,2.8949777904257554,e90aaf1e4409cd954c1689522f626be0c05bd03a907bba5e153335cd2fa656c5,semantic_live_support,True,128,1280,13056,640,640,8388608,50,5,456d3bc526601306ff104f31f5e57ae2
b2,validation_reused,b2-k10-impeqv_dom-shared-4-2386e2077320,6173966275266302578,650e7da2e8455d8ed3c88f0b1bd75c14a36dcec3d79f9bf1ab2e401e20537b2b,650e7da2e8455d8ed3c88f0b1bd75c14a36dcec3d79f9bf1ab2e401e20537b2b,,impeqv_dom,10,32,81,32,7150.0,231.0,22,56,38,6,43,105,71,34181.0,39509.0,22404.0,784,290496.0,285087.1533155441,5686.655640602112,17864.62962627411,75381.24918937683,58313.83168697357,45137.0,50315.0,ok,11127.28,39118.22,7021.52,20785.56,17796.0,336695.0,3.5155240094614317,2.9602650138431565,2.5344939557246864,650e7da2e8455d8ed3c88f0b1bd75c14a36dcec3d79f9bf1ab2e401e20537b2b,semantic_live_support,True,128,1280,10368,640,768,8388608,50,5,2386e2077320ecac837b776f630db81f
b2,validation_reused,b2-k10-mixed-tree-1-f431ce588c32,3624270875353164548,4745731af5e9243209198887508a49500828d5e3b5b95a785cd4015c2c9746c2,4745731af5e9243209198887508a49500828d5e3b5b95a785cd4015c2c9746c2,,mixed,10,20,21,17,3595.0,220.0,7,14,12,4,10,14,12,20191.0,22234.0,14872.0,479,194362.0,190274.78992938995,10924.413800239563,16322.359442710876,47788.02394866943,21882.355213165283,22394.0,15383.0,ok,2452.08,10033.24,2940.6,10002.58,13590.0,217375.0,4.091726207954063,3.4015439026049106,4.621505815139767,4745731af5e9243209198887508a49500828d5e3b5b95a785cd4015c2c9746c2,semantic_live_support,True,128,1280,2688,512,512,8388608,50,5,f431ce588c32a7f3e482c89aa2729a7a
b2,validation_reused,b2-k10-mixed-tree-2-82994a7af72e,6389711878431836114,999e6cb468a0387d197bfc65cc9bfd4b994d448c970bc3da29f6bd6f9fffd95e,999e6cb468a0387d197bfc65cc9bfd4b994d448c970bc3da29f6bd6f9fffd95e,,mixed,10,23,26,22,5158.0,270.0,12,26,19,4,13,26,19,28402.0,30186.0,24938.0,554,218006.0,213161.11087799072,9391.456842422485,17046.92840576172,56164.33918476105,28721.988201141357,32178.0,18057.0,ok,3672.5,12881.1,4120.78,12645.14,15583.0,238187.0,3.5074472430224644,3.068627784060299,3.781565625925189,999e6cb468a0387d197bfc65cc9bfd4b994d448c970bc3da29f6bd6f9fffd95e,semantic_live_support,True,128,1280,3328,512,512,8388608,50,5,82994a7af72e9a55853afac16b489e5f
b2,validation_reused,b2-k10-mixed-tree-3-961dbd1e0dd8,5779049478844451861,c764aed964b41ffe8a6d6671bb0382489e45362d47d9f79f5f06116a50ae4f44,c764aed964b41ffe8a6d6671bb0382489e45362d47d9f79f5f06116a50ae4f44,,mixed,10,22,24,20,6490.0,331.0,10,15,13,3,12,15,13,23595.0,23275.0,16565.0,527,205378.0,201754.27198410034,11913.478374481201,15096.738934516907,50947.07012176514,28911.978006362915,26270.0,17086.0,ok,2598.48,11000.88,3362.04,10498.54,13700.0,226660.0,4.2335827098919365,3.1226695696660363,4.074906901762025,c764aed964b41ffe8a6d6671bb0382489e45362d47d9f79f5f06116a50ae4f44,semantic_live_support,True,128,1280,3072,384,384,8388608,50,5,961dbd1e0dd8468c22deb7a41cd1aae8
b2,validation_reused,b2-k10-mixed-tree-4-a46b1cdc2617,6980434910580637429,2482721c239c03e6563c0d339ad648261c9bde5695c190c7e3fc844e703949e8,2482721c239c03e6563c0d339ad648261c9bde5695c190c7e3fc844e703949e8,,mixed,10,19,19,19,5989.0,230.0,9,15,12,3,9,15,12,21742.0,20300.0,15243.0,454,162103.0,158267.0956850052,7050.111889839172,11136.755347251892,41877.85089015961,22374.093532562256,25118.0,14322.0,ok,2728.08,9995.78,3441.74,9896.44,13931.0,200761.0,3.6640347790387384,2.87541766664536,4.047661938438116,2482721c239c03e6563c0d339ad648261c9bde5695c190c7e3fc844e703949e8,semantic_live_support,True,128,1280,2432,384,384,8388608,50,5,a46b1cdc261747a7788db7973a2ba3f6
b2,validation_reused,b2-k10-mixed-shared-1-ed6b5cd37350,3446688548793734298,6d93321deb38f1132aad525ae54ba3a0281a6927f26d0ef1270e7b1a966ce072,6d93321deb38f1132aad525ae54ba3a0281a6927f26d0ef1270e7b1a966ce072,,mixed,10,32,58,28,7091.0,230.0,18,38,29,7,30,51,39,34762.0,38899.0,27170.0,781,322563.0,317035.2429151535,17119.571566581726,24508.684873580933,76012.68589496613,51500.27573108673,39950.0,34792.0,ok,6082.92,26998.26,5525.68,18706.62,17206.0,355963.0,4.43837170306366,3.385396910425504,3.1138249048080957,6d93321deb38f1132aad525ae54ba3a0281a6927f26d0ef1270e7b1a966ce072,semantic_live_support,True,128,1280,7424,512,896,8388608,50,5,ed6b5cd3735029768ba19d5fd6fe31e0
b2,validation_reused,b2-k10-mixed-shared-2-ee63ac52edf4,1550171057243158312,d5b9585357b8851bce30f11eac0744be80f6c99086765fbec06556e8dcba487c,d5b9585357b8851bce30f11eac0744be80f6c99086765fbec06556e8dcba487c,,mixed,10,32,57,23,6330.0,210.0,13,30,25,7,28,52,40,32018.0,40490.0,21823.0,791,337616.0,332048.162817955,22757.798433303833,30133.873224258423,76515.60008525848,50637.8710269928,38468.0,35232.0,ok,6324.68,26923.74,4857.28,17424.12,16154.0,367811.0,4.256933157092533,3.5872175373871795,3.325729626457606,d5b9585357b8851bce30f11eac0744be80f6c99086765fbec06556e8dcba487c,semantic_live_support,True,128,1280,7296,640,896,8388608,50,5,ee63ac52edf494d15a82fdec517e2fd7
b2,validation_reused,b2-k10-mixed-shared-3-189118134673,5661738862708891787,f63d4bbf0860a4b54fa10e72b56cdefdb2fec0a8f874429c44c8c467d12f3716,f63d4bbf0860a4b54fa10e72b56cdefdb2fec0a8f874429c44c8c467d12f3716,,mixed,10,30,59,23,5779.0,231.0,13,30,24,6,29,53,41,30867.0,36605.0,22273.0,742,325618.0,320188.7011528015,19647.181034088135,30502.676963806152,76452.27015018463,49544.498324394226,40221.0,40110.0,ok,6141.0,27848.72,4497.96,15620.82,16014.0,324997.0,4.53488356945123,3.4728677000240107,3.5602806605661232,f63d4bbf0860a4b54fa10e72b56cdefdb2fec0a8f874429c44c8c467d12f3716,semantic_live_support,True,128,1280,7552,512,768,8388608,50,5,1891181346731b0b1f59219de651e491
b2,validation_reused,b2-k10-mixed-shared-4-bc98fc0156a1,1211785704347422295,f7743b4d3584d737f00c61e0d0e4483f3eeeed164a52e0b4b9f6adfd08ed6134,f7743b4d3584d737f00c61e0d0e4483f3eeeed164a52e0b4b9f6adfd08ed6134,,mixed,10,34,76,29,7471.0,230.0,19,43,33,7,38,67,52,35002.0,41943.0,24266.0,839,351677.0,344386.3242864609,21694.228053092957,27934.089303016663,83904.71339225769,55372.71499633789,47721.0,48062.0,ok,7832.52,35175.32,5871.2,20874.48,17617.0,372689.0,4.4909326755629095,3.555402643411909,3.0005790979697506,f7743b4d3584d737f00c61e0d0e4483f3eeeed164a52e0b4b9f6adfd08ed6134,semantic_live_support,True,128,1280,9728,640,896,8388608,50,5,bc98fc0156a176df345867ab15afbd18
b2,validation_reused,b2-k12-xor_dom-tree-1-58b08f43ff42,221395747203947214,b47bd399acce2d9e4a4446b7ddedd667546ab768effebe79232934adf8822fcd,b47bd399acce2d9e4a4446b7ddedd667546ab768effebe79232934adf8822fcd,,xor_dom,12,24,25,19,6039.0,281.0,7,16,14,4,12,16,14,23425.0,25788.0,17636.0,575,235152.0,230725.85463523865,13394.281268119812,23575.499653816223,57116.15085601807,29342.249035835266,24176.0,17506.0,ok,3799.2,12061.55,3742.6,10520.75,14552.0,243545.0,3.174760475889661,2.8110805322503074,3.8882060599583177,b47bd399acce2d9e4a4446b7ddedd667546ab768effebe79232934adf8822fcd,semantic_live_support,True,512,6144,12800,2048,2048,8388608,20,5,58b08f43ff4235817eee5e1f0042ed14
b2,validation_reused,b2-k12-xor_dom-tree-2-f9f1dbfc58a0,7411211578172593753,427ec03b5f5d547ae32f7cfc4a065844544ee6965f1ba9ad58b8446c6e83cded,427ec03b5f5d547ae32f7cfc4a065844544ee6965f1ba9ad58b8446c6e83cded,,xor_dom,12,28,30,21,4847.0,250.0,9,19,16,4,16,19,16,25438.0,28623.0,19199.0,660,275362.0,270444.8997974396,18857.41949081421,32899.901270866394,66237.52415180206,31076.371669769287,26009.0,19168.0,ok,4587.4,14520.75,4848.75,12662.45,15643.0,310706.0,3.165355103108515,2.6114874967775203,3.226192317607631,427ec03b5f5d547ae32f7cfc4a065844544ee6965f1ba9ad58b8446c6e83cded,semantic_live_support,True,512,6144,15360,2048,2048,8388608,20,5,f9f1dbfc58a043dc493070b19c76313b
b2,validation_reused,b2-k12-xor_dom-tree-3-732256a48755,1757570066407390709,c7302e58732f124950724bb164ab08c8e412445463d0e329387615054bd17e6f,c7302e58732f124950724bb164ab08c8e412445463d0e329387615054bd17e6f,,xor_dom,12,28,31,20,4827.0,211.0,8,18,16,3,16,18,16,32018.0,28973.0,22955.0,669,282473.0,277187.67523765564,19084.662199020386,31383.708119392395,65306.201577186584,35436.82396411896,26250.0,19559.0,ok,4180.25,14026.0,3993.0,11595.85,14572.0,299359.0,3.3553017164045214,2.9040445780115203,3.6493864262459303,c7302e58732f124950724bb164ab08c8e412445463d0e329387615054bd17e6f,semantic_live_support,True,512,6144,15872,2048,1536,8388608,20,5,732256a487557c763f973d17d5915df4
b2,validation_reused,b2-k12-xor_dom-tree-4-d425291e801e,3600091003421285003,882842244bf707ab8293f5c692f94aabc749c16effedfcb3c1dbd0d978b94898,882842244bf707ab8293f5c692f94aabc749c16effedfcb3c1dbd0d978b94898,,xor_dom,12,23,23,17,3616.0,210.0,5,15,13,4,11,15,13,21101.0,24427.0,16795.0,548,219258.0,215120.6135749817,13399.869203567505,25320.79815864563,53184.106945991516,28204.17284965515,20611.0,16095.0,ok,3666.5,11299.45,3476.2,9481.25,13700.0,240760.0,3.081808264012001,2.727475404176975,3.941085092917554,882842244bf707ab8293f5c692f94aabc749c16effedfcb3c1dbd0d978b94898,semantic_live_support,True,512,6144,11776,2048,2048,8388608,20,5,d425291e801ee09b5be7583fed51e705
b2,validation_reused,b2-k12-xor_dom-shared-1-471ce8cfd63d,757653677291527923,ac3fc79eacd1d3ed9e99f95d4d164e885aa62b794868cf4e8716c6affda9b2cb,ac3fc79eacd1d3ed9e99f95d4d164e885aa62b794868cf4e8716c6affda9b2cb,,xor_dom,12,33,50,20,5167.0,220.0,8,23,20,6,25,30,27,28223.0,42473.0,22144.0,806,378878.0,373208.8953256607,26930.123567581177,51744.282245635986,82364.30585384369,52861.86933517456,26951.0,33380.0,ok,6196.75,22234.3,4654.5,13926.85,16084.0,385818.0,3.588058256344051,2.992125899666989,3.455580620904501,ac3fc79eacd1d3ed9e99f95d4d164e885aa62b794868cf4e8716c6affda9b2cb,semantic_live_support,True,512,6144,25600,2048,3072,8388608,20,5,471ce8cfd63dffec52eed3f02c923b95
b2,validation_reused,b2-k12-xor_dom-shared-2-c00263664ad9,3186792753857850529,33e3c96f05ea739bc01ccd8787cc5e2af60ae27c0040f5ec6696ff322370b74f,33e3c96f05ea739bc01ccd8787cc5e2af60ae27c0040f5ec6696ff322370b74f,,xor_dom,12,43,148,23,5888.0,220.0,11,27,24,8,74,97,85,38969.0,52138.0,27971.0,1072,554221.0,547340.139746666,44407.32300281525,83660.70687770844,112434.84914302826,89935.95838546753,36635.0,92008.0,ok,17353.55,64332.9,5594.85,16969.9,22083.0,563424.0,3.7071895952125073,3.0331286808404156,3.9470227083836025,33e3c96f05ea739bc01ccd8787cc5e2af60ae27c0040f5ec6696ff322370b74f,semantic_live_support,True,512,6144,75776,2560,4096,8388608,20,5,c00263664ad99d2758e4c36e5b323172
b2,validation_reused,b2-k12-xor_dom-shared-3-75c78e4c8980,1045398341543788215,a1b36dd03e496fe7dbb7c1055d8a78a826fa830ee6ec76048bf0b94903351520,a1b36dd03e496fe7dbb7c1055d8a78a826fa830ee6ec76048bf0b94903351520,,xor_dom,12,43,85,30,7310.0,240.0,18,37,31,8,43,53,47,46730.0,53911.0,34883.0,1063,492448.0,485045.8353757858,34345.31390666962,55361.539125442505,102331.86185359955,72663.64991664886,42653.0,50546.0,ok,10308.45,37908.85,7609.4,20929.85,20491.0,492898.0,3.6774539334235503,2.7505256656240964,2.692853575840408,a1b36dd03e496fe7dbb7c1055d8a78a826fa830ee6ec76048bf0b94903351520,semantic_live_support,True,512,6144,43520,2560,4096,8388608,20,5,75c78e4c89801ac4090903381cfeabe5
b2,validation_reused,b2-k12-xor_dom-shared-4-ef377d6180bd,8986853030041671011,ad1260d2805fb2e3089ad381f925524c0c3a8d8d99c946dffde12cf6364f3bc7,ad1260d2805fb2e3089ad381f925524c0c3a8d8d99c946dffde12cf6364f3bc7,,xor_dom,12,33,55,23,5999.0,200.0,11,24,22,7,29,35,30,29614.0,36365.0,22364.0,805,392918.0,386558.473110199,28574.83923435211,56898.221373558044,86095.1840877533,56076.79486274719,31517.0,33500.0,ok,7220.3,24419.6,5340.5,16897.35,16124.0,401442.0,3.3820755370275473,3.1640014979870794,3.0191929594607245,ad1260d2805fb2e3089ad381f925524c0c3a8d8d99c946dffde12cf6364f3bc7,semantic_live_support,True,512,6144,28160,2560,3584,8388608,20,5,ef377d6180bdac50ff2bb5858f945f18
b2,validation_reused,b2-k12-andor_dom-tree-1-a97f101c02c9,5231186278601261507,1c70364ab0c6d294988f2cd9350a324e844b3bef3795c32a0449c50168a8ef9a,1c70364ab0c6d294988f2cd9350a324e844b3bef3795c32a0449c50168a8ef9a,,andor_dom,12,26,29,20,4667.0,210.0,8,14,14,6,14,14,14,25278.0,26851.0,17907.0,624,262944.0,258326.53045654297,18747.523427009583,18969.178199768066,60951.33721828461,33669.17371749878,30736.0,22063.0,ok,3555.8,14134.2,3875.8,12278.4,15202.0,274512.0,3.974970470780134,3.167965323288095,3.9222870117137107,1c70364ab0c6d294988f2cd9350a324e844b3bef3795c32a0449c50168a8ef9a,semantic_live_support,True,512,6144,14848,2560,3072,8388608,20,5,a97f101c02c94fa6717a8e45e4f527bf
b2,validation_reused,b2-k12-andor_dom-tree-2-7c935460fe73,3528756940792466924,277a0bd63a0736365059119411599b5aaf498f03c37eb8c6019cafcac3ac0c0f,277a0bd63a0736365059119411599b5aaf498f03c37eb8c6019cafcac3ac0c0f,,andor_dom,12,26,26,24,5148.0,200.0,12,23,17,3,14,23,17,26780.0,26190.0,21062.0,604,225097.0,220410.5257987976,10663.643479347229,14418.736100196838,61474.740505218506,27762.725949287415,29865.0,19299.0,ok,5135.7,12789.65,5490.25,12112.15,16435.0,251467.0,2.490342114998929,2.2061199398934472,2.993488456809799,277a0bd63a0736365059119411599b5aaf498f03c37eb8c6019cafcac3ac0c0f,semantic_live_support,True,512,6144,13312,2048,1536,8388608,20,5,7c935460fe73c450f8c766b0a0f0c05b
b2,validation_reused,b2-k12-andor_dom-tree-3-3425f4494063,8598764449675670836,20df078becaffb7697d484657044c06259823bed8550d38b29c0130a91510b08,20df078becaffb7697d484657044c06259823bed8550d38b29c0130a91510b08,,andor_dom,12,27,31,24,5859.0,230.0,12,19,17,6,15,19,17,30085.0,29584.0,17807.0,652,270075.0,265987.5899553299,16592.442989349365,19557.77406692505,63305.72068691254,34440.308809280396,31808.0,20691.0,ok,4368.05,14670.5,5275.9,13604.4,16405.0,281452.0,3.358592506953904,2.5785932258003377,3.1094220891222353,20df078becaffb7697d484657044c06259823bed8550d38b29c0130a91510b08,semantic_live_support,True,512,6144,15872,2048,3072,8388608,20,5,3425f4494063df5c04dbe9c6ae5ab73d
b2,validation_reused,b2-k12-andor_dom-tree-4-4668b9a9de6a,936709755032230383,d17d47659342e84f45d293475ae80d1440c596010bad72068c02d0538116fb8c,d17d47659342e84f45d293475ae80d1440c596010bad72068c02d0538116fb8c,,andor_dom,12,26,28,20,4667.0,270.0,8,14,13,4,14,15,14,23906.0,26440.0,17366.0,617,237216.0,232707.7090740204,17942.86072254181,14001.503586769104,57365.745306015015,27414.411306381226,24337.0,17756.0,ok,3530.3,12703.5,3647.45,10640.45,14292.0,233710.0,3.5984193977848906,2.917229845508506,3.918353918491001,d17d47659342e84f45d293475ae80d1440c596010bad72068c02d0538116fb8c,semantic_live_support,True,512,6144,14336,2048,2048,8388608,20,5,4668b9a9de6a9db132298188e926347c
b2,validation_reused,b2-k12-andor_dom-shared-1-50f526a5c97f,1868980891956868651,085867a3008fc330558d9a52d31e9e1c0f9805d909277ee6f4512554def6ca0e,085867a3008fc330558d9a52d31e9e1c0f9805d909277ee6f4512554def6ca0e,,andor_dom,12,32,79,25,8272.0,231.0,13,23,20,7,40,58,48,34622.0,33390.0,21863.0,768,324687.0,318819.65696811676,22577.12185382843,25190.412998199463,73665.75300693512,52824.61643218994,32939.0,48413.0,ok,10182.75,35554.8,5403.1,14518.75,16625.0,341091.0,3.491669735582235,2.6871148044641036,3.0769373137643203,085867a3008fc330558d9a52d31e9e1c0f9805d909277ee6f4512554def6ca0e,semantic_live_support,True,512,6144,40448,2048,3584,8388608,20,5,50f526a5c97f217dd2b68dc289572fbb
b2,validation_reused,b2-k12-andor_dom-shared-2-50260f8a12a2,2865108032548886642,af151701c29240b24d2bbdee39b0c6b4f1c3db6776f0fca3fa0a70c6e4d6c55d,af151701c29240b24d2bbdee39b0c6b4f1c3db6776f0fca3fa0a70c6e4d6c55d,,andor_dom,12,38,83,26,6810.0,240.0,14,29,27,8,43,49,44,37046.0,42674.0,24386.0,930,433349.0,427391.38007164,34511.08932495117,42773.7832069397,97198.41182231903,70897.86231517792,36765.0,50336.0,ok,9828.25,38430.1,6182.25,18925.85,17987.0,453810.0,3.9101671202909976,3.0613207165675926,2.9094585304702982,af151701c29240b24d2bbdee39b0c6b4f1c3db6776f0fca3fa0a70c6e4d6c55d,semantic_live_support,True,512,6144,42496,2560,4096,8388608,20,5,50260f8a12a2adfeb77aa187e78a4609
b2,validation_reused,b2-k12-andor_dom-shared-3-0c0054958df2,2630966035142090651,71edf00a5137651c0a4fb97720d8baa0b6ce7db6da6567afec547030d5499922,71edf00a5137651c0a4fb97720d8baa0b6ce7db6da6567afec547030d5499922,,andor_dom,12,29,49,19,4797.0,210.0,7,16,15,5,24,28,26,26500.0,32148.0,20321.0,707,300590.0,295894.22047138214,22225.08192062378,29930.84490299225,70089.47432041168,44690.44506549835,29284.0,30886.0,ok,5955.45,22120.15,3777.2,11284.9,15433.0,309905.0,3.7142701223249297,2.987636344382082,4.085830774118395,71edf00a5137651c0a4fb97720d8baa0b6ce7db6da6567afec547030d5499922,semantic_live_support,True,512,6144,25088,2048,2560,8388608,20,5,0c0054958df225563af528bd48e72728
b2,validation_reused,b2-k12-andor_dom-shared-4-4b3e0c13b861,2898015842502853779,05554d5b91542982023de10c6e728ca182d34cc773455cb52b396e9b54c4ea25,05554d5b91542982023de10c6e728ca182d34cc773455cb52b396e9b54c4ea25,,andor_dom,12,32,48,24,5608.0,210.0,12,29,24,6,24,39,31,29204.0,34963.0,22113.0,775,341451.0,336214.90001678467,21969.89953517914,29962.509870529175,80933.79437923431,51114.70818519592,32669.0,29694.0,ok,7929.4,22445.65,6140.2,15860.8,17646.0,361733.0,2.8306870633339223,2.5831080420833197,2.873847757402039,05554d5b91542982023de10c6e728ca182d34cc773455cb52b396e9b54c4ea25,semantic_live_support,True,512,6144,24576,2048,3072,8388608,20,5,4b3e0c13b861338c49538c7b5f081432
b2,validation_reused,b2-k12-impeqv_dom-tree-1-b84e5ead9772,650839947324121101,8bbf576bad1940554ba4dfbdcccbac9e5815b6edabcdc8be19495390d01d8653,8bbf576bad1940554ba4dfbdcccbac9e5815b6edabcdc8be19495390d01d8653,,impeqv_dom,12,25,27,25,7591.0,310.0,13,35,24,6,13,35,24,26129.0,29314.0,18448.0,602,218538.0,214220.95596790314,2441.9277906417847,13429.6715259552,59412.79232501984,37187.71040439606,34532.0,21152.0,ok,8219.85,15588.85,8454.65,15394.05,19239.0,242914.0,1.8964883787417044,1.8207790978928755,2.2755525066087894,8bbf576bad1940554ba4dfbdcccbac9e5815b6edabcdc8be19495390d01d8653,semantic_live_support,True,512,6144,13824,2560,3072,8388608,20,5,b84e5ead97722466c738aaebf0d7bb64
b2,validation_reused,b2-k12-impeqv_dom-tree-2-efcfe8a9d099,458987363646541869,12bb8d46f3dc7c1b2d765504f1204f9320b843e9936bf45b93c9dd882ea43beb,12bb8d46f3dc7c1b2d765504f1204f9320b843e9936bf45b93c9dd882ea43beb,,impeqv_dom,12,31,37,31,6520.0,220.0,19,47,32,5,19,47,32,32699.0,34552.0,21482.0,747,249804.0,245077.53551006317,5016.103386878967,13368.204236030579,70493.6683177948,38312.748074531555,39870.0,23966.0,ok,10001.0,19455.7,10570.35,19214.3,22194.0,285348.0,1.9453754624537547,1.8177543789940729,2.0996466531382594,12bb8d46f3dc7c1b2d765504f1204f9320b843e9936bf45b93c9dd882ea43beb,semantic_live_support,True,512,6144,18944,2560,2560,8388608,20,5,efcfe8a9d0999545edb922e8add55891
b2,validation_reused,b2-k12-impeqv_dom-tree-3-55ecbcba0651,5857418499416136517,7706cdf872b2f54e859c5e467f810d90a27b5012d71cc14b9184bac89fa49101,7706cdf872b2f54e859c5e467f810d90a27b5012d71cc14b9184bac89fa49101,,impeqv_dom,12,26,27,26,5358.0,220.0,14,36,24,6,14,36,24,26790.0,27871.0,22243.0,616,199770.0,195844.09892559052,2244.487404823303,9246.17052078247,57075.172662734985,28492.88284778595,31217.0,18217.0,ok,8105.15,14349.5,8442.65,14528.8,19970.0,229073.0,1.7704175740115853,1.7208814767875016,2.3653710624033923,7706cdf872b2f54e859c5e467f810d90a27b5012d71cc14b9184bac89fa49101,semantic_live_support,True,512,6144,13824,2048,3072,8388608,20,5,55ecbcba0651567d453a83b2852bf685
b2,validation_reused,b2-k12-impeqv_dom-tree-4-d18fdd8343dc,8262023895027738459,5023ff3d5a8388df2f16269410d8c0f53d8424ec6b906f93eede58371eb3e700,5023ff3d5a8388df2f16269410d8c0f53d8424ec6b906f93eede58371eb3e700,,impeqv_dom,12,29,34,29,5929.0,231.0,17,42,29,6,17,42,29,36795.0,32839.0,18998.0,699,234021.0,229444.35477256775,4144.385457038879,13219.192624092102,64721.331000328064,35302.71351337433,41763.0,23435.0,ok,8883.3,18058.6,10144.2,19240.8,24357.0,292678.0,2.032870667432148,1.8967291654344351,2.401076477198793,5023ff3d5a8388df2f16269410d8c0f53d8424ec6b906f93eede58371eb3e700,semantic_live_support,True,512,6144,17408,2048,3072,8388608,20,5,d18fdd8343dcadfdba4bd1ea2ecf1d01
b2,validation_reused,b2-k12-impeqv_dom-shared-1-a0a2c0931e69,433907426300434722,c7b32fa81162ac5c89f652db28dbb2a74603fa55ad809e80665fb863c0b85982,c7b32fa81162ac5c89f652db28dbb2a74603fa55ad809e80665fb863c0b85982,,impeqv_dom,12,37,78,37,7852.0,230.0,25,67,45,8,41,102,69,39419.0,44747.0,24577.0,904,333920.0,327691.4358139038,3885.4777812957764,16054.138541221619,89334.32400226593,65861.26983165741,48502.0,48152.0,ok,20972.9,39149.2,14614.4,24690.5,27070.0,388002.0,1.8666564948099689,1.6894638165097438,1.8522826800963434,c7b32fa81162ac5c89f652db28dbb2a74603fa55ad809e80665fb863c0b85982,semantic_live_support,True,512,6144,39936,2048,4096,8388608,20,5,a0a2c0931e693e4de212d7771546e6e4
b2,validation_reused,b2-k12-impeqv_dom-shared-2-1385a0b1080c,4063321571096695436,ed2456209e3c9c214dd3fb32696b3d14e49809d467d353e0e4491ef7597972ed,ed2456209e3c9c214dd3fb32696b3d14e49809d467d353e0e4491ef7597972ed,,impeqv_dom,12,33,57,30,6549.0,220.0,18,52,35,7,28,70,49,33330.0,39288.0,22774.0,812,263064.0,258216.63439273834,2363.6966943740845,14703.720808029175,69133.9373588562,48626.214265823364,38318.0,35433.0,ok,14021.0,29444.65,11871.3,21164.25,32319.0,332108.0,2.100039226873975,1.7828081170554195,2.7224482575623563,ed2456209e3c9c214dd3fb32696b3d14e49809d467d353e0e4491ef7597972ed,semantic_live_support,True,512,6144,29184,2048,3584,8388608,20,5,1385a0b1080c90d88b168bb1678be65b
b2,validation_reused,b2-k12-impeqv_dom-shared-3-c60cc82b0720,5638624352018510945,1f5e30ff999fd78ba6cf030159d9c0aa183021f5f490ffadb04748179aa955dc,1f5e30ff999fd78ba6cf030159d9c0aa183021f5f490ffadb04748179aa955dc,,impeqv_dom,12,35,64,34,7602.0,220.0,22,59,40,6,34,83,56,39780.0,46870.0,24397.0,851,333089.0,327169.89517211914,5621.463060379028,21688.640117645264,91684.9821805954,59038.400650024414,44566.0,39729.0,ok,16484.7,32419.1,12575.35,22294.9,24808.0,355192.0,1.9666175301946651,1.7729049290874608,1.9727482734078972,1f5e30ff999fd78ba6cf030159d9c0aa183021f5f490ffadb04748179aa955dc,semantic_live_support,True,512,6144,32768,2048,3072,8388608,20,5,c60cc82b0720dc27fa80890745e3b89d
b2,validation_reused,b2-k12-impeqv_dom-shared-4-5d7fc59cbaf7,2449394051856914272,65e35349e4a9010a3b6bc75bb6cd6e9387358c2ab01c9eb392d787a38e96b7ea,65e35349e4a9010a3b6bc75bb6cd6e9387358c2ab01c9eb392d787a38e96b7ea,,impeqv_dom,12,36,62,36,7681.0,210.0,24,63,42,7,32,79,54,43866.0,42354.0,23726.0,875,307501.0,302374.36294555664,3976.7473936080933,21824.613213539124,82328.9155960083,56048.85518550873,46961.0,38969.0,ok,15567.8,31702.0,13425.1,24081.1,26770.0,393069.0,2.0363827901180644,1.7937371043791106,1.9940261152617111,65e35349e4a9010a3b6bc75bb6cd6e9387358c2ab01c9eb392d787a38e96b7ea,semantic_live_support,True,512,6144,31744,2560,3584,8388608,20,5,5d7fc59cbaf768164fa3056661b4d3f5
b2,validation_reused,b2-k12-mixed-tree-1-ddb82bdf8146,3677944072933272508,9c8b248d77b14f016a5c8523895940246703d3753efb78809b5f7a0d630e976e,9c8b248d77b14f016a5c8523895940246703d3753efb78809b5f7a0d630e976e,,mixed,12,24,25,23,4977.0,200.0,11,22,17,3,12,22,17,31047.0,27281.0,18507.0,576,224126.0,219728.79767417908,9551.644325256348,15674.158930778503,58485.19504070282,33261.2544298172,33080.0,19940.0,ok,5490.75,13425.65,5835.75,12443.65,21191.0,239810.0,2.445139552884396,2.132313755729769,3.6312384869125647,9c8b248d77b14f016a5c8523895940246703d3753efb78809b5f7a0d630e976e,semantic_live_support,True,512,6144,12800,2560,1536,8388608,20,5,ddb82bdf81460398f51b7b71b2b5084f
b2,validation_reused,b2-k12-mixed-tree-2-380dba915931,3337054381804343800,357ab1032ff9d89f13986c91b214ecdee357db539ccc245df471924319d0755c,357ab1032ff9d89f13986c91b214ecdee357db539ccc245df471924319d0755c,,mixed,12,25,26,24,4948.0,210.0,12,22,17,3,13,22,17,27662.0,31767.0,18077.0,594,221842.0,216964.63227272034,9827.31580734253,16368.92557144165,56456.77447319031,32858.92307758331,29585.0,17656.0,ok,4928.9,13031.55,5769.15,12471.7,16495.0,255833.0,2.643906348272434,2.1617915984157112,2.8591733617603983,357ab1032ff9d89f13986c91b214ecdee357db539ccc245df471924319d0755c,semantic_live_support,True,512,6144,13312,2048,1536,8388608,20,5,380dba9159313b1c381805637c2acb3e
b2,validation_reused,b2-k12-mixed-tree-3-e56bca913be9,2623101370694258581,83f7f5180404aaff1e4d42351c83fa2c083c68d3179ba35daa204ccc350af1fc,83f7f5180404aaff1e4d42351c83fa2c083c68d3179ba35daa204ccc350af1fc,,mixed,12,28,31,27,5768.0,240.0,15,30,22,4,16,30,22,29755.0,30175.0,20320.0,665,258537.0,253640.11526107788,9438.02297115326,19792.46735572815,65468.25170516968,38968.39916706085,34501.0,21091.0,ok,6446.15,15446.15,7028.05,16152.7,18117.0,278718.0,2.3961822172924925,2.2983188793477565,2.5778131914257867,83f7f5180404aaff1e4d42351c83fa2c083c68d3179ba35daa204ccc350af1fc,semantic_live_support,True,512,6144,15872,2048,2048,8388608,20,5,e56bca913be9349b5a10d57295c7207b
b2,validation_reused,b2-k12-mixed-tree-4-4769a3d3ef25,5309945438962748026,3e999714a42c4f044b430b8cc40abb720d38493759d9fe0cc549d769e03d9ad9,3e999714a42c4f044b430b8cc40abb720d38493759d9fe0cc549d769e03d9ad9,,mixed,12,27,29,25,5037.0,230.0,13,28,20,4,15,29,21,28383.0,29975.0,25388.0,640,224446.0,220039.85941410065,8085.7425928115845,16648.322343826294,59451.90787315369,28964.132070541382,31617.0,19759.0,ok,6564.35,14652.45,6834.75,13364.0,17206.0,260100.0,2.2321250390366143,1.9553019495958155,2.5174293134350196,3e999714a42c4f044b430b8cc40abb720d38493759d9fe0cc549d769e03d9ad9,semantic_live_support,True,512,6144,14848,2048,2048,8388608,20,5,4769a3d3ef257f5baf500e4fadea31a5
b2,validation_reused,b2-k12-mixed-shared-1-f8b45cd2b4da,3228334566636910320,58d74552627d4b7e9c125d6eb17b2f852862824480487ffbd2d2855002864947,58d74552627d4b7e9c125d6eb17b2f852862824480487ffbd2d2855002864947,,mixed,12,42,82,32,8002.0,220.0,20,44,36,8,42,63,51,41532.0,55143.0,27701.0,1030,459017.0,452607.8701019287,30934.810638427734,44997.78151512146,102780.75933456421,75362.62273788452,44717.0,49234.0,ok,12448.15,37549.3,9231.35,23567.8,20551.0,468952.0,3.01645626056884,2.5530177059693324,2.2262182671006947,58d74552627d4b7e9c125d6eb17b2f852862824480487ffbd2d2855002864947,semantic_live_support,True,512,6144,41984,2048,4096,8388608,20,5,f8b45cd2b4dae9a1f0826e7ff9df8a79
b2,validation_reused,b2-k12-mixed-shared-2-50e3ef4d7ce9,5068251161288152654,7d6ab2fd13b177da1853d5aba62e55a9f8bd1d2f9b1c5a128c5194b40f2544ca,7d6ab2fd13b177da1853d5aba62e55a9f8bd1d2f9b1c5a128c5194b40f2544ca,,mixed,12,36,64,30,6861.0,200.0,18,39,31,7,32,57,44,35834.0,42163.0,23525.0,885,372798.0,366989.52317237854,21547.07908630371,36098.06299209595,86409.97111797333,56516.3791179657,40210.0,38738.0,ok,10908.85,31288.4,9329.0,21831.7,19950.0,391567.0,2.868166672014007,2.340197234430271,2.1384928716904277,7d6ab2fd13b177da1853d5aba62e55a9f8bd1d2f9b1c5a128c5194b40f2544ca,semantic_live_support,True,512,6144,32768,2560,3584,8388608,20,5,50e3ef4d7ce94f2b7e5fe91738eb7758
b2,validation_reused,b2-k12-mixed-shared-3-b8fa1dce4b0b,6783274338345329890,d170e5645e8911a3ecb37073163e94e81699b620f5d1a07eeb2d13301d1a8f3d,d170e5645e8911a3ecb37073163e94e81699b620f5d1a07eeb2d13301d1a8f3d,,mixed,12,32,73,24,5488.0,211.0,12,30,24,8,36,82,59,31677.0,38337.0,22093.0,785,324887.0,318907.2012901306,17084.181308746338,25354.325771331787,74382.87138938904,51489.099860191345,32248.0,45448.0,ok,15009.5,35853.25,6911.4,15666.95,18418.0,345588.0,2.3887038209134217,2.2668272708857833,2.664872529444107,d170e5645e8911a3ecb37073163e94e81699b620f5d1a07eeb2d13301d1a8f3d,semantic_live_support,True,512,6144,37376,2560,4096,8388608,20,5,b8fa1dce4b0bc619bce10a46918c22fa
b2,validation_reused,b2-k12-mixed-shared-4-b5d9843db5e5,8163146052916282808,f056e6820013d8b35a3a4a56d4b2e9cece0e03cb2be1884a7fe5b62e6e54439f,f056e6820013d8b35a3a4a56d4b2e9cece0e03cb2be1884a7fe5b62e6e54439f,,mixed,12,41,92,33,7861.0,210.0,21,40,32,10,47,60,52,44056.0,47752.0,27812.0,999,423054.0,416092.57459640503,28213.486075401306,34434.7208738327,100933.0153465271,70428.47573757172,47491.0,56795.0,ok,11844.25,40602.9,9053.05,21706.5,21281.0,472458.0,3.4280684720433965,2.3977002225769217,2.3506994880178507,f056e6820013d8b35a3a4a56d4b2e9cece0e03cb2be1884a7fe5b62e6e54439f,semantic_live_support,True,512,6144,47104,2560,5120,8388608,20,5,b5d9843db5e5a41e524408169173818c
b2,validation_reused,b2-k16-xor_dom-tree-1-2f5ce8a982ff,6810252154136699346,018e0ba07f27a37af3716edbabbd12ddb0b4c19c71b3e0d33f1ffc9c32f618c8,018e0ba07f27a37af3716edbabbd12ddb0b4c19c71b3e0d33f1ffc9c32f618c8,,xor_dom,16,39,45,30,6921.0,200.0,14,29,25,5,23,29,25,37326.0,44717.0,25889.0,934,402734.0,396424.90446567535,25019.049644470215,42442.23237037659,91787.4276638031,55490.06164073944,38267.0,29735.0,ok,28650.8,31273.0,28757.0,27901.8,39479.0,501001.0,1.0915227498010527,0.9702611538060298,1.4149266355575627,018e0ba07f27a37af3716edbabbd12ddb0b4c19c71b3e0d33f1ffc9c32f618c8,semantic_live_support,True,8192,131072,368640,40960,40960,8388608,5,5,2f5ce8a982ffa8fd1f0938431c39c29c
b2,validation_reused,b2-k16-xor_dom-tree-2-dc59bd3a0d74,5929915108510667547,b3ff3aa89347b3ff62d4d5966b626179406588b275bf6df9a7ddf9da6917a985,b3ff3aa89347b3ff62d4d5966b626179406588b275bf6df9a7ddf9da6917a985,,xor_dom,16,35,38,27,6139.0,251.0,11,22,20,4,19,22,20,34482.0,42594.0,25067.0,836,374531.0,368682.6676130295,23322.179913520813,38664.788007736206,86205.08015155792,55002.04861164093,34863.0,26640.0,ok,20256.2,29065.6,19495.2,24565.0,39920.0,426760.0,1.43489894452069,1.2600537568221921,1.6250763281090983,b3ff3aa89347b3ff62d4d5966b626179406588b275bf6df9a7ddf9da6917a985,semantic_live_support,True,8192,131072,311296,32768,32768,8388608,5,5,dc59bd3a0d742d46cb136f3486a28cda
b2,validation_reused,b2-k16-xor_dom-tree-3-fd0e9542c807,2205747598495726275,a3955e0d7106bf8d76e35852c93e5943f4d40a0fc2408a3793bffdf25c694402,a3955e0d7106bf8d76e35852c93e5943f4d40a0fc2408a3793bffdf25c694402,,xor_dom,16,40,47,31,7371.0,250.0,15,34,28,4,24,34,28,43095.0,44046.0,27031.0,961,411787.0,405076.89118385315,26138.49937915802,42956.32243156433,97483.39653015137,60589.9840593338,40480.0,30466.0,ok,32588.8,34193.2,32781.0,30407.6,43275.0,478327.0,1.0492316378633149,0.9275983038955492,1.4231639458556413,a3955e0d7106bf8d76e35852c93e5943f4d40a0fc2408a3793bffdf25c694402,semantic_live_support,True,8192,131072,385024,49152,32768,8388608,5,5,fd0e9542c807aa5f98d6a8a50bb4942a
b2,validation_reused,b2-k16-xor_dom-tree-4-ccf5dc564650,2152520424065324552,3c793589cc2bebc13af38a7c815bc02ed82fcfd33ae54d0a1d523e95d20eb1e3,3c793589cc2bebc13af38a7c815bc02ed82fcfd33ae54d0a1d523e95d20eb1e3,,xor_dom,16,40,48,30,7031.0,240.0,14,29,26,4,24,29,26,46660.0,45108.0,26019.0,965,413560.0,406770.0356245041,26464.462280273438,51155.686378479004,92290.34185409546,61059.37063694,38949.0,31156.0,ok,23170.8,33508.2,23451.2,29434.0,40561.0,468072.0,1.4461391061163187,1.2551170089377088,1.3780322076510159,3c793589cc2bebc13af38a7c815bc02ed82fcfd33ae54d0a1d523e95d20eb1e3,semantic_live_support,True,8192,131072,393216,40960,32768,8388608,5,5,ccf5dc564650469fd8771eed98469d37
b2,validation_reused,b2-k16-xor_dom-shared-1-3867fe1a233b,7495572205536692381,61793872c60bf17fd180b9da24ec1c27aa496660279f122cdac3f9312e26df04,61793872c60bf17fd180b9da24ec1c27aa496660279f122cdac3f9312e26df04,,xor_dom,16,50,81,33,7431.0,230.0,17,35,31,7,41,47,43,42995.0,64697.0,29795.0,1227,556163.0,549964.6067619324,45286.49151325226,69491.56522750854,115362.92731761932,95475.4650592804,46340.0,49314.0,ok,45478.0,54323.4,35252.8,34437.8,46200.0,624446.0,1.1944984388055764,0.9768812690055826,1.3415491117318759,61793872c60bf17fd180b9da24ec1c27aa496660279f122cdac3f9312e26df04,semantic_live_support,True,8192,131072,663552,49152,57344,8388608,5,5,3867fe1a233b8539d9c2ba0736d5141b
b2,validation_reused,b2-k16-xor_dom-shared-2-d28a01c0b901,465941860363625421,e6bb163b96b1e8d81c66a8d3862f9e8cc469a96a2e0c2c1627b125cc35e0d6c3,e6bb163b96b1e8d81c66a8d3862f9e8cc469a96a2e0c2c1627b125cc35e0d6c3,,xor_dom,16,41,63,26,6390.0,210.0,10,27,25,5,31,39,35,35553.0,46169.0,26910.0,999,499599.0,492539.25681114197,34835.18958091736,72989.61281776428,102410.09294986725,87613.23988437653,33340.0,38007.0,ok,31307.0,42097.2,19919.8,27228.8,38778.0,537646.0,1.3446577442744434,1.3669213546320746,1.4241538371136444,e6bb163b96b1e8d81c66a8d3862f9e8cc469a96a2e0c2c1627b125cc35e0d6c3,semantic_live_support,True,8192,131072,516096,32768,40960,8388608,5,5,d28a01c0b9013e8020356d64403c0f01
b2,validation_reused,b2-k16-xor_dom-shared-3-78849fba8a04,98424347731004743,d8a6946aaef5ede9c872cb34102c54b328721c28f85ee042e221cd4e1035b1a3,d8a6946aaef5ede9c872cb34102c54b328721c28f85ee042e221cd4e1035b1a3,,xor_dom,16,45,72,29,6931.0,230.0,13,34,30,7,37,42,38,37846.0,50405.0,28623.0,1085,531557.0,524025.41041374207,37604.94291782379,74366.10758304596,113636.25526428223,91789.29030895233,37366.0,42964.0,ok,35218.8,46335.4,30343.6,31192.6,42403.0,569193.0,1.3156439174531784,1.027979540990522,1.359392932939223,d8a6946aaef5ede9c872cb34102c54b328721c28f85ee042e221cd4e1035b1a3,semantic_live_support,True,8192,131072,589824,40960,57344,8388608,5,5,78849fba8a0496b7b3829f603bc87028
b2,validation_reused,b2-k16-xor_dom-shared-4-c20fb11b9c87,5927682103504941426,4ac9c3c0cad97d417ecda5976d75ae28cccf878ef50e0a5b38335576cdd355fc,4ac9c3c0cad97d417ecda5976d75ae28cccf878ef50e0a5b38335576cdd355fc,,xor_dom,16,45,70,31,6811.0,240.0,15,32,26,5,36,45,39,40731.0,50686.0,28442.0,1088,486058.0,478517.2641277313,31959.26547050476,57436.52582168579,110339.37335014343,75386.83712482452,38047.0,42884.0,ok,43777.6,45700.4,34842.4,28136.2,46500.0,555021.0,1.0439220057746428,0.8075276100383441,1.6526752013420434,4ac9c3c0cad97d417ecda5976d75ae28cccf878ef50e0a5b38335576cdd355fc,semantic_live_support,True,8192,131072,573440,32768,40960,8388608,5,5,c20fb11b9c873214ba614bab4da1f4b0
b2,validation_reused,b2-k16-andor_dom-tree-1-9b69c21027be,1923879239273327675,2ca316eb2f35ea4b8332ebc0581fd6e0804e90ea1114984111640b40d9fcc188,2ca316eb2f35ea4b8332ebc0581fd6e0804e90ea1114984111640b40d9fcc188,,andor_dom,16,32,32,31,5869.0,230.0,15,17,16,4,16,17,16,35774.0,36284.0,22344.0,752,278757.0,273119.65823173523,16676.26202106476,17646.700143814087,69709.49470996857,40715.56031703949,37546.0,22344.0,ok,14221.4,23345.0,15946.0,22924.2,34292.0,377837.0,1.6415402140436244,1.4376144487645806,1.4958864431474161,2ca316eb2f35ea4b8332ebc0581fd6e0804e90ea1114984111640b40d9fcc188,semantic_live_support,True,8192,131072,262144,32768,32768,8388608,5,5,9b69c21027be1612263d601c2fa605c2
b2,validation_reused,b2-k16-andor_dom-tree-2-4798fd76dd91,8936547383074978021,4460bf05a8bc6256ffcc79d3e2f758a8823b21313048bebf192867527f455313,4460bf05a8bc6256ffcc79d3e2f758a8823b21313048bebf192867527f455313,,andor_dom,16,34,34,31,5839.0,221.0,15,25,20,4,18,25,20,34031.0,33119.0,22373.0,795,286289.0,281101.0926961899,15834.346413612366,18164.515495300293,74882.06028938293,41907.6532125473,35383.0,21722.0,ok,30315.4,25321.8,31731.6,24048.0,36164.0,363725.0,0.8352784393410609,0.7578565215747078,1.5038256819693945,4460bf05a8bc6256ffcc79d3e2f758a8823b21313048bebf192867527f455313,semantic_live_support,True,8192,131072,278528,49152,32768,8388608,5,5,4798fd76dd91a3fedf52dc7c0edece3d
b2,validation_reused,b2-k16-andor_dom-tree-3-0631f9f38a59,2286144104135083728,fbe9a08a73ce5575f037a20423fdff198c637108de4103c6866d2a82619d5521,fbe9a08a73ce5575f037a20423fdff198c637108de4103c6866d2a82619d5521,,andor_dom,16,34,34,31,5828.0,260.0,15,25,20,5,18,25,20,34591.0,40391.0,22363.0,789,289915.0,284455.71660995483,16035.512089729309,19349.15781021118,74636.19112968445,42913.48159313202,35854.0,21592.0,ok,31288.8,25356.0,33626.4,23653.4,35753.0,366600.0,0.81038582495973,0.703417552875122,1.5115374533893646,fbe9a08a73ce5575f037a20423fdff198c637108de4103c6866d2a82619d5521,semantic_live_support,True,8192,131072,278528,40960,40960,8388608,5,5,0631f9f38a59e376b1fca7715ceaf22e
b2,validation_reused,b2-k16-andor_dom-tree-4-63621194d872,1732736013917953904,17f9d6bb136db54edcc941d09098c3b90ca65b39e4c4efbb1cce0ab98375d033,17f9d6bb136db54edcc941d09098c3b90ca65b39e4c4efbb1cce0ab98375d033,,andor_dom,16,36,39,33,6350.0,240.0,17,27,22,5,20,28,23,38668.0,42764.0,22453.0,853,316895.0,311376.52695178986,16467.64576435089,24344.77210044861,79369.17245388031,46530.73847293854,40050.0,24948.0,ok,30265.4,28428.6,30253.2,26569.8,37797.0,397115.0,0.9393102354503822,0.8782475903375511,1.4225549307860805,17f9d6bb136db54edcc941d09098c3b90ca65b39e4c4efbb1cce0ab98375d033,semantic_live_support,True,8192,131072,319488,40960,40960,8388608,5,5,63621194d872ff0fb0296bcc8a8fc619
b2,validation_reused,b2-k16-andor_dom-shared-1-98d2a1ad94ad,1220152016246370561,61cb2b2132400af1e104646086523433a7a1ab97ee1ca0017395caa45fe33395,61cb2b2132400af1e104646086523433a7a1ab97ee1ca0017395caa45fe33395,,andor_dom,16,43,71,28,6519.0,240.0,12,26,25,8,37,41,37,40280.0,46791.0,26099.0,1041,500661.0,493969.76828575134,39640.81406593323,53985.04436016083,114953.14538478851,83411.11242771149,40551.0,42393.0,ok,37942.8,45309.8,21742.6,28378.4,48062.0,548532.0,1.1941606839769336,1.3051980903847746,1.693612042962253,61cb2b2132400af1e104646086523433a7a1ab97ee1ca0017395caa45fe33395,semantic_live_support,True,8192,131072,581632,32768,65536,8388608,5,5,98d2a1ad94adf2bb987a8c3d3d580016
b2,validation_reused,b2-k16-andor_dom-shared-2-cf190eb487c4,7887325703681359166,a27c9206f7b3a6994f380287bd0875302344283e44383b01cd4424959ada4433,a27c9206f7b3a6994f380287bd0875302344283e44383b01cd4424959ada4433,,andor_dom,16,48,72,37,8443.0,240.0,21,40,34,8,38,47,40,52149.0,52589.0,28874.0,1154,509333.0,501520.93172073364,35364.18080329895,40974.46799278259,116460.02531051636,86344.77853775024,52719.0,43465.0,ok,49956.8,47353.0,44550.8,36456.6,47992.0,585117.0,0.9478789674278576,0.8183152715551684,1.3164145861106082,a27c9206f7b3a6994f380287bd0875302344283e44383b01cd4424959ada4433,semantic_live_support,True,8192,131072,589824,40960,65536,8388608,5,5,cf190eb487c43e880bdcac6247716fcf
b2,validation_reused,b2-k16-andor_dom-shared-3-b995a8e54fc8,8291594619762703730,a858d9c33bba4c22c5645d0238026ec68895f78131c09866ba049ac1213930f0,a858d9c33bba4c22c5645d0238026ec68895f78131c09866ba049ac1213930f0,,andor_dom,16,44,84,32,7461.0,240.0,16,34,30,9,42,49,45,43115.0,50365.0,29314.0,1069,484716.0,477695.8376169205,34365.80300331116,43226.40597820282,113546.84829711914,86631.62589073181,43355.0,51718.0,ok,43198.6,54151.2,32921.2,32849.2,44787.0,548552.0,1.2535406240017037,0.9978129594303974,1.3634121987750083,a858d9c33bba4c22c5645d0238026ec68895f78131c09866ba049ac1213930f0,semantic_live_support,True,8192,131072,688128,40960,73728,8388608,5,5,b995a8e54fc8be58fad7f1820347b1a4
b2,validation_reused,b2-k16-andor_dom-shared-4-00fae4d6add7,911737085210064713,7b9b7ab938f677f2eeba5f8f4b683b2e08a62006f1718fd09dbd9982634affb7,7b9b7ab938f677f2eeba5f8f4b683b2e08a62006f1718fd09dbd9982634affb7,,andor_dom,16,43,78,32,7471.0,320.0,16,33,29,8,39,52,45,41733.0,47070.0,28583.0,1042,476774.0,470034.77811813354,32890.58804512024,39845.70503234863,104941.42770767212,85558.74228477478,42043.0,49023.0,ok,65241.8,50678.0,39645.4,31597.4,43365.0,578607.0,0.7767719468193703,0.7970004086224379,1.3724230474659307,7b9b7ab938f677f2eeba5f8f4b683b2e08a62006f1718fd09dbd9982634affb7,semantic_live_support,True,8192,131072,638976,40960,65536,8388608,5,5,00fae4d6add7f3969a304bb041c09e1d
b2,validation_reused,b2-k16-impeqv_dom-tree-1-e08d580f6edb,2303823521989399970,28939964043b92825c69db3a62cc0fd0e572fe878bc09d6abe48f167e8f38c56,28939964043b92825c69db3a62cc0fd0e572fe878bc09d6abe48f167e8f38c56,,impeqv_dom,16,40,48,40,7992.0,221.0,24,65,44,6,24,65,44,40040.0,48392.0,25779.0,970,328893.0,322883.9486837387,4464.760422706604,18727.034330368042,90438.87257575989,62389.299273490906,50576.0,30605.0,ok,112196.2,39357.0,115314.8,42495.6,58147.0,467171.0,0.35078728156568584,0.3685181780656082,1.368306365835522,28939964043b92825c69db3a62cc0fd0e572fe878bc09d6abe48f167e8f38c56,semantic_live_support,True,8192,131072,393216,49152,49152,8388608,5,5,e08d580f6edb5bb7f9f29d7e6b5c87b1
b2,validation_reused,b2-k16-impeqv_dom-tree-2-c47a93c76ff1,4202918359783409565,b02ee6a9490f8f01dae562dfc4eaee99f6b91c56c9a55de5075e040c2c8badb0,b02ee6a9490f8f01dae562dfc4eaee99f6b91c56c9a55de5075e040c2c8badb0,,impeqv_dom,16,38,41,37,7271.0,241.0,21,56,37,5,22,56,37,41162.0,45789.0,24527.0,896,306990.0,301001.5934705734,4738.569259643555,20932.406187057495,85521.48938179016,48810.61613559723,45748.0,28723.0,ok,87865.6,34585.8,88689.0,33023.4,44557.0,398417.0,0.3936216221137738,0.3723505733518249,1.3492553764906097,b02ee6a9490f8f01dae562dfc4eaee99f6b91c56c9a55de5075e040c2c8badb0,semantic_live_support,True,8192,131072,335872,40960,40960,8388608,5,5,c47a93c76ff1f90404d1101c7e522774
b2,validation_reused,b2-k16-impeqv_dom-tree-3-01da67660395,3476691762425883568,6eca2c4bc082b0802c1c2ec4897191c392a9aa04049295ebb289b5966f58ca11,6eca2c4bc082b0802c1c2ec4897191c392a9aa04049295ebb289b5966f58ca11,,impeqv_dom,16,40,47,39,8793.0,220.0,23,60,41,6,24,60,41,40401.0,46860.0,26049.0,961,344186.0,337906.1818122864,6277.114152908325,23838.132619857788,88848.17361831665,57417.89937019348,50055.0,31307.0,ok,95122.6,38155.2,96298.4,37292.0,48192.0,450125.0,0.40111603341372076,0.38725461689913854,1.2922878901641102,6eca2c4bc082b0802c1c2ec4897191c392a9aa04049295ebb289b5966f58ca11,semantic_live_support,True,8192,131072,385024,40960,49152,8388608,5,5,01da676603950bf10ac55f06ccb310ec
b2,validation_reused,b2-k16-impeqv_dom-tree-4-f1d16cc1ccd8,5028277784127778536,b2800e59b7e91c0103d66c14b98bd8f6bd2802fc6614fcd1cba5ce28391b0a8d,b2800e59b7e91c0103d66c14b98bd8f6bd2802fc6614fcd1cba5ce28391b0a8d,,impeqv_dom,16,36,37,36,7652.0,210.0,20,54,35,5,20,54,35,34352.0,44476.0,23205.0,844,267701.0,262642.2792673111,1581.3857316970825,14731.66048526764,79384.07361507416,41309.744119644165,43805.0,24677.0,ok,90271.4,31763.6,89416.0,31044.4,43155.0,365608.0,0.3518678119537306,0.3471906593898184,1.3901057839739213,b2800e59b7e91c0103d66c14b98bd8f6bd2802fc6614fcd1cba5ce28391b0a8d,semantic_live_support,True,8192,131072,303104,32768,40960,8388608,5,5,f1d16cc1ccd87cd3bdbf93dc2d4cbb76
b2,validation_reused,b2-k16-impeqv_dom-shared-1-37e51ffa951a,8541885619864290971,3750f3194b5162b24abdb770fe535cd77b4bef4322b4e5dfa973574f347c175c,3750f3194b5162b24abdb770fe535cd77b4bef4322b4e5dfa973574f347c175c,,impeqv_dom,16,46,75,46,9625.0,210.0,30,77,52,7,39,93,64,47231.0,55704.0,29815.0,1118,405759.0,398596.74870967865,6621.703505516052,22660.940885543823,106655.0612449646,84472.82016277313,64597.0,48102.0,ok,156680.8,56673.0,134928.2,44703.0,60480.0,531046.0,0.36170992233892096,0.3313095409262111,1.3529293336017716,3750f3194b5162b24abdb770fe535cd77b4bef4322b4e5dfa973574f347c175c,semantic_live_support,True,8192,131072,614400,32768,57344,8388608,5,5,37e51ffa951a5efa0431ecfe2e1e7612
b2,validation_reused,b2-k16-impeqv_dom-shared-2-c84cd9722277,7728009916220492791,1c30a6291e46f89c84bcae3dadbeef7d015272b03ccf65928a8dfa7f459ee9b9,1c30a6291e46f89c84bcae3dadbeef7d015272b03ccf65928a8dfa7f459ee9b9,,impeqv_dom,16,52,105,49,10426.0,220.0,33,80,54,8,58,118,82,63445.0,62283.0,33470.0,1262,459068.0,450875.6101131439,9387.731552124023,25758.519768714905,120576.47109031677,91407.44805335999,63155.0,64397.0,ok,194297.2,73059.4,148228.0,47423.2,67271.0,564055.0,0.37601880006505495,0.3199341554901908,1.4185251100727072,1c30a6291e46f89c84bcae3dadbeef7d015272b03ccf65928a8dfa7f459ee9b9,semantic_live_support,True,8192,131072,860160,40960,65536,8388608,5,5,c84cd972227722d3994c261dbed9935f
b2,validation_reused,b2-k16-impeqv_dom-shared-3-dd3d88c4a1c4,4375186941912038214,5d121794535354beda6ba2813e5aba86727dc7c786f7fc871639de7cbca6eb44,5d121794535354beda6ba2813e5aba86727dc7c786f7fc871639de7cbca6eb44,,impeqv_dom,16,47,125,42,8883.0,191.0,26,74,49,7,63,185,123,46029.0,62674.0,30416.0,1148,373640.0,367630.273103714,1341.104507446289,17402.69362926483,97274.7802734375,77368.69156360626,53440.0,77246.0,ok,319811.4,94181.2,137770.6,40829.2,52579.0,474912.0,0.2944898149346771,0.2963564069547494,1.287779334397931,5d121794535354beda6ba2813e5aba86727dc7c786f7fc871639de7cbca6eb44,semantic_live_support,True,8192,131072,1024000,49152,57344,8388608,5,5,dd3d88c4a1c4c77c937babcfe278be7c
b2,validation_reused,b2-k16-impeqv_dom-shared-4-750f3169f2d6,1888028651262616953,516f91b25b608fbd7314967bd76f9d270ad918c97cc184abb9d442d58cab63a2,516f91b25b608fbd7314967bd76f9d270ad918c97cc184abb9d442d58cab63a2,,impeqv_dom,16,40,83,39,8052.0,200.0,23,67,44,6,44,124,81,39349.0,46610.0,27171.0,969,332358.0,326508.65614414215,1583.2483768463135,16642.7344083786,90023.50270748138,73529.77991104126,52759.0,52629.0,ok,215535.2,64805.2,135242.8,39120.6,51737.0,479669.0,0.3006710736807723,0.28926197919593505,1.322500166152871,516f91b25b608fbd7314967bd76f9d270ad918c97cc184abb9d442d58cab63a2,semantic_live_support,True,8192,131072,679936,32768,49152,8388608,5,5,750f3169f2d63d844b1f4544bdd21e36
b2,validation_reused,b2-k16-mixed-tree-1-d1b5689114e3,2031832896383559571,cfd9c47fbac4cfe26ed662ae3188f5f7e58968533c6a4898b9d815378ce18e20,cfd9c47fbac4cfe26ed662ae3188f5f7e58968533c6a4898b9d815378ce18e20,,mixed,16,32,32,29,5929.0,220.0,13,25,20,6,16,25,20,33330.0,31988.0,21142.0,752,281873.0,276334.58375930786,13383.105397224426,18902.122974395752,73732.80823230743,41332.09586143494,40130.0,21312.0,ok,35308.8,24604.8,36086.0,23397.2,35263.0,361481.0,0.6968461120174007,0.6483733303774317,1.5071461542406783,cfd9c47fbac4cfe26ed662ae3188f5f7e58968533c6a4898b9d815378ce18e20,semantic_live_support,True,8192,131072,262144,40960,49152,8388608,5,5,d1b5689114e3546f3a1d158264d1cd1a
b2,validation_reused,b2-k16-mixed-tree-2-9cf5c64922ce,7206917432231053046,c4c0eb0b91911ee77095e3f1861624778ca5fc74b348b68586b378949000912b,c4c0eb0b91911ee77095e3f1861624778ca5fc74b348b68586b378949000912b,,mixed,16,32,33,32,6239.0,220.0,16,26,21,5,16,26,21,36044.0,33771.0,21593.0,759,283575.0,278107.82194137573,12278.556823730469,19887.46225833893,71220.09992599487,42997.30062484741,38859.0,22164.0,ok,29303.8,25971.0,30047.0,25756.8,37306.0,359399.0,0.8862673100417011,0.8572170266582354,1.4483942104609269,c4c0eb0b91911ee77095e3f1861624778ca5fc74b348b68586b378949000912b,semantic_live_support,True,8192,131072,270336,40960,40960,8388608,5,5,9cf5c64922ce0571249969b7df68a600
b2,validation_reused,b2-k16-mixed-tree-3-813773e1451b,8471364858595781130,a95812dc6dbc063bb8164d6abbc45375d73fcfc19d0625b01d15b5c6e8414b8e,a95812dc6dbc063bb8164d6abbc45375d73fcfc19d0625b01d15b5c6e8414b8e,,mixed,16,40,48,40,9344.0,200.0,24,53,38,6,24,53,38,43756.0,46019.0,26660.0,966,343555.0,337475.910782814,10382.384061813354,21481.886506080627,90871.00625038147,56957.826018333435,55874.0,32910.0,ok,86569.8,37484.0,88282.2,37205.8,48894.0,456133.0,0.4329916437371924,0.4214416949283095,1.3141499443635132,a95812dc6dbc063bb8164d6abbc45375d73fcfc19d0625b01d15b5c6e8414b8e,semantic_live_support,True,8192,131072,393216,40960,49152,8388608,5,5,813773e1451bbd6a2f98e96ceefda0d9
b2,validation_reused,b2-k16-mixed-tree-4-8eb11693eacf,7546548295398555270,4d6d9f055df5a6ee20cb816584dc2ae46a7f5e44347816ed8de2c611a8529f3b,4d6d9f055df5a6ee20cb816584dc2ae46a7f5e44347816ed8de2c611a8529f3b,,mixed,16,37,43,36,7290.0,210.0,20,43,32,5,21,43,32,40210.0,43145.0,30415.0,893,328432.0,323245.3018426895,11781.230568885803,29399.991035461426,81403.18095684052,54119.15481090546,45869.0,27692.0,ok,57975.0,34105.0,60332.6,33167.6,44396.0,430325.0,0.5882708063820612,0.5497459085138051,1.3385351969994814,4d6d9f055df5a6ee20cb816584dc2ae46a7f5e44347816ed8de2c611a8529f3b,semantic_live_support,True,8192,131072,352256,32768,40960,8388608,5,5,8eb11693eacf1038682e614ce5d178ae
b2,validation_reused,b2-k16-mixed-shared-1-ee24b1b1bb48,7410857442308306875,c1e3d8599b12aecc02b1037e39548ef97c9b307728c1dd11c2724784ceae6cb0,c1e3d8599b12aecc02b1037e39548ef97c9b307728c1dd11c2724784ceae6cb0,,mixed,16,41,77,33,7672.0,200.0,17,39,32,6,38,54,46,40010.0,47871.0,25588.0,998,432629.0,426698.4760761261,26404.857635498047,35371.631383895874,98334.62536334991,85938.7218952179,44306.0,48703.0,ok,61890.6,52148.2,49985.0,33540.2,44276.0,518237.0,0.8425867579244667,0.6710053015904771,1.3200875367469485,c1e3d8599b12aecc02b1037e39548ef97c9b307728c1dd11c2724784ceae6cb0,semantic_live_support,True,8192,131072,630784,40960,49152,8388608,5,5,ee24b1b1bb4825011fe7d41a9efa2bb7
b2,validation_reused,b2-k16-mixed-shared-2-bc31f42a45c2,8112298265698936930,7a725401fb035c3469721894db466607939804371e65638031032201203731b2,7a725401fb035c3469721894db466607939804371e65638031032201203731b2,,mixed,16,44,96,34,7471.0,240.0,18,51,39,7,50,107,76,40670.0,52338.0,29574.0,1073,462964.0,456303.35807800293,23555.010557174683,40236.860513687134,108277.42516994476,90284.27302837372,45559.0,59549.0,ok,151617.2,68771.2,68472.6,36480.6,48323.0,537876.0,0.4535844218202156,0.5327766142953531,1.3246218538072292,7a725401fb035c3469721894db466607939804371e65638031032201203731b2,semantic_live_support,True,8192,131072,786432,32768,57344,8388608,5,5,bc31f42a45c2f54a8b39ca80550f8c5f
b2,validation_reused,b2-k16-mixed-shared-3-8dda327e304f,5943071947396413043,5a5dd23628309d8254036753447cc7855664935af517dc86b3a9c8b57d120b9f,5a5dd23628309d8254036753447cc7855664935af517dc86b3a9c8b57d120b9f,,mixed,16,46,85,39,8753.0,251.0,23,50,40,9,42,70,56,48372.0,54432.0,31077.0,1133,474111.0,466991.21594429016,25192.275643348694,37476.420402526855,109082.08787441254,86605.54885864258,51937.0,53791.0,ok,92893.2,58339.4,66171.2,40510.6,52188.0,563745.0,0.628026593981045,0.6122089368184346,1.2882554195691993,5a5dd23628309d8254036753447cc7855664935af517dc86b3a9c8b57d120b9f,semantic_live_support,True,8192,131072,696320,40960,73728,8388608,5,5,8dda327e304f66ada6c383e414f2a5f7
b2,validation_reused,b2-k16-mixed-shared-4-8dafe13fc96b,4257770961390699927,2b01e9e55fa763957fceaf6cf7170bb8e75ab3237ef34252d83ab4a5e9c39ccc,2b01e9e55fa763957fceaf6cf7170bb8e75ab3237ef34252d83ab4a5e9c39ccc,,mixed,16,41,69,32,7050.0,231.0,16,45,35,8,34,68,51,38738.0,46590.0,27652.0,1001,429333.0,422783.1959724426,24225.562810897827,36023.55718612671,99569.55909729004,81341.7136669159,43154.0,45718.0,ok,112264.4,50331.4,67234.8,33756.6,45268.0,554371.0,0.44832912303455064,0.5020703564225668,1.3410118317603077,2b01e9e55fa763957fceaf6cf7170bb8e75ab3237ef34252d83ab4a5e9c39ccc,semantic_live_support,True,8192,131072,565248,49152,65536,8388608,5,5,8dafe13fc96bfdcb0f894634ae107e89
epfl,validation_reused,epfl-arithmetic-adder-po3-e22ec7119f,,5f85ccec0d99b17c1f1e24b9cc46ce3319945912648ce0a7842f2114eafcb741,5f85ccec0d99b17c1f1e24b9cc46ce3319945912648ce0a7842f2114eafcb741,60a28c90dc413ab479e07aba13185ae71ab7ffd3fd256c5e631212ee46170bcd,adder.aig,8,42,89,41,9304.0,220.0,33,53,34,6,61,95,61,40832.0,41933.0,24967.0,956,343405.0,337125.7334947586,19222.497940063477,22042.542695999146,97328.7969827652,32434.239983558655,49885.0,49475.0,ok,9611.9,36827.8,7289.12,20288.81,19098.0,367862.0,3.8314797282535196,2.783437506859539,2.620069363654323,5f85ccec0d99b17c1f1e24b9cc46ce3319945912648ce0a7842f2114eafcb741,semantic_live_support,True,32,256,2848,192,192,8388608,100,5,e22ec7119ffd1636eadffc9fcfcb4843
epfl,validation_reused,epfl-arithmetic-adder-po4-ed17ac917c,,7438036983e270a3aae7df9a97a7adb27b08600271f54b1528fb7c79033c2900,7438036983e270a3aae7df9a97a7adb27b08600271f54b1528fb7c79033c2900,60a28c90dc413ab479e07aba13185ae71ab7ffd3fd256c5e631212ee46170bcd,adder.aig,10,54,117,53,10516.0,311.0,43,69,44,8,81,127,81,51488.0,55523.0,31087.0,1222,419989.0,413008.03422927856,23361.295461654663,27569.010853767395,124659.38925743103,42347.23746776581,61051.0,63876.0,ok,13444.76,48191.42,9478.22,26348.7,21352.0,451908.0,3.584401655366105,2.7799207024103683,2.2527436586194454,7438036983e270a3aae7df9a97a7adb27b08600271f54b1528fb7c79033c2900,semantic_live_support,True,128,1280,14976,896,1024,8388608,50,5,ed17ac917c28511b926f91df0f41f4cd
epfl,validation_reused,epfl-arithmetic-adder-po5-d8df03f32b,,cc1392ab2872a16263358c49d54f6f6a042ee879c568ff666eff15a4b702977b,cc1392ab2872a16263358c49d54f6f6a042ee879c568ff666eff15a4b702977b,60a28c90dc413ab479e07aba13185ae71ab7ffd3fd256c5e631212ee46170bcd,adder.aig,12,66,145,65,12829.0,220.0,53,85,54,10,101,159,101,62333.0,70045.0,37496.0,1490,519568.0,511547.5505590439,26011.839509010315,33393.5022354126,156663.35821151733,57140.36524295807,78397.0,81582.0,ok,30165.2,60213.25,18502.25,32452.6,32519.0,559819.0,1.9961163857690318,1.7539812725479333,1.7575700252671973,cc1392ab2872a16263358c49d54f6f6a042ee879c568ff666eff15a4b702977b,semantic_live_support,True,512,6144,74240,4096,5120,8388608,20,5,d8df03f32bb4ff5aac640b5056423024
epfl,validation_reused,epfl-arithmetic-adder-po6-5e5f8d2bf9,,ed2f865d4c1d045128523bd100e5c1052d90c4ffdde819b5e6e720ddda2ec6d0,ed2f865d4c1d045128523bd100e5c1052d90c4ffdde819b5e6e720ddda2ec6d0,60a28c90dc413ab479e07aba13185ae71ab7ffd3fd256c5e631212ee46170bcd,adder.aig,14,78,173,77,15803.0,240.0,63,101,64,12,121,191,121,73190.0,76164.0,52219.0,1758,615763.0,606469.8100090027,28653.070330619812,38867.81632900238,185322.01647758484,73514.87874984741,91487.0,97646.0,ok,89478.0,75941.8,50848.2,40372.4,63526.0,687170.0,0.8487203558416594,0.7939789412407913,1.24932642650084,ed2f865d4c1d045128523bd100e5c1052d90c4ffdde819b5e6e720ddda2ec6d0,semantic_live_support,True,2048,28672,354304,18432,24576,8388608,5,5,5e5f8d2bf9194aa08af98cde3140bffc
epfl,validation_reused,epfl-arithmetic-adder-po7-7187a359bb,,9d28057f0e1c91056edd5e0780e22fabb109924591d348fee488088f94b03a13,9d28057f0e1c91056edd5e0780e22fabb109924591d348fee488088f94b03a13,60a28c90dc413ab479e07aba13185ae71ab7ffd3fd256c5e631212ee46170bcd,adder.aig,16,90,201,89,17566.0,261.0,73,117,74,14,141,223,141,86750.0,88773.0,48352.0,2026,711617.0,701470.3005552292,35377.21931934357,46936.795115470886,212455.1683664322,90686.6043806076,101752.0,111537.0,ok,320348.0,121632.4,172486.6,65848.6,84857.0,882532.0,0.3796883389314121,0.38176067010422843,1.2886682480720926,9d28057f0e1c91056edd5e0780e22fabb109924591d348fee488088f94b03a13,semantic_live_support,True,8192,131072,1646592,81920,114688,8388608,5,5,7187a359bb715a036d7885a01c0f65a1
epfl,validation_reused,epfl-arithmetic-adder-internal23-c8f7e7c3d1,,8c303820e642d3085b45ccf82e502f884e33901014b7355ce9947a191d911173,8c303820e642d3085b45ccf82e502f884e33901014b7355ce9947a191d911173,60a28c90dc413ab479e07aba13185ae71ab7ffd3fd256c5e631212ee46170bcd,adder.aig,8,37,43,35,7201.0,220.0,27,45,29,7,29,45,29,33981.0,35504.0,23695.0,844,299449.0,294120.98228931427,16402.453184127808,19328.66871356964,85161.99886798859,25685.876607894897,42223.0,25398.0,ok,4958.93,18009.5,5932.39,17498.02,17487.0,321191.0,3.6317310387523114,2.9495734434182515,2.947715844710142,8c303820e642d3085b45ccf82e502f884e33901014b7355ce9947a191d911173,semantic_live_support,True,32,256,1376,160,224,8388608,100,5,c8f7e7c3d152396e9e07dab9ad5b9c81
epfl,validation_reused,epfl-arithmetic-adder-internal59-0da2adafe4,,314c7a0e9d6ef2861621e1abd2ac969b70fafecc64f84c17e6e40dabd4aec203,314c7a0e9d6ef2861621e1abd2ac969b70fafecc64f84c17e6e40dabd4aec203,60a28c90dc413ab479e07aba13185ae71ab7ffd3fd256c5e631212ee46170bcd,adder.aig,16,86,100,85,17126.0,220.0,69,111,70,16,70,111,70,79179.0,82714.0,54232.0,1932,670285.0,660570.3383684158,28990.209102630615,42704.86533641815,206222.7576971054,81092.11921691895,97396.0,58578.0,ok,159789.4,64354.4,164532.6,63180.8,74862.0,929743.0,0.40274511325532236,0.3840017115149217,1.184885281604538,314c7a0e9d6ef2861621e1abd2ac969b70fafecc64f84c17e6e40dabd4aec203,semantic_live_support,True,8192,131072,819200,73728,131072,8388608,5,5,0da2adafe4073aa50a8272d1609ccc0e
epfl,validation_reused,epfl-arithmetic-bar-internal12-c0943537bc,,8c8c379a4908901531f2f5d87fbfdb999cc6f4d090cf41d953e14297a29dedec,8c8c379a4908901531f2f5d87fbfdb999cc6f4d090cf41d953e14297a29dedec,28a3d895fe2821d4dcd04230751a059cb31ff5e28285a61ff7778cf71fb61da3,bar.aig,8,30,38,23,5639.0,230.0,15,31,22,8,24,35,24,24667.0,29034.0,20110.0,701,271207.0,266339.62988853455,18049.031496047974,21740.79418182373,70456.41541481018,25290.995836257935,28683.0,22313.0,ok,4119.77,16077.7,4026.34,13313.95,15473.0,276054.0,3.902572230974059,3.306712796236781,3.8429442123615987,8c8c379a4908901531f2f5d87fbfdb999cc6f4d090cf41d953e14297a29dedec,semantic_live_support,True,32,256,1216,160,256,8388608,100,5,c0943537bc142f4bbb73ea82b186df6e
epfl,validation_reused,epfl-arithmetic-bar-internal946-d4ec02cf11,,de79b1ebef3a6a2f2e4ad16d21d48d5e932615c52349246d16cc90d3647da400,de79b1ebef3a6a2f2e4ad16d21d48d5e932615c52349246d16cc90d3647da400,28a3d895fe2821d4dcd04230751a059cb31ff5e28285a61ff7778cf71fb61da3,bar.aig,8,29,37,22,5128.0,220.0,14,29,21,7,23,33,23,25167.0,33651.0,20170.0,681,252198.0,247430.05633354187,16497.448086738586,19833.44554901123,67602.84304618835,25318.9355134964,27551.0,21933.0,ok,3895.94,15778.05,3817.83,12924.37,15063.0,278227.0,4.049869864525634,3.3852659756982373,3.9454349722224404,de79b1ebef3a6a2f2e4ad16d21d48d5e932615c52349246d16cc90d3647da400,semantic_live_support,True,32,256,1184,160,224,8388608,100,5,d4ec02cf1136c41e9bd1916f1b0ee824
epfl,validation_reused,epfl-arithmetic-bar-internal1491-d851acd11c,,79570f48654881e6c3b0293a3404059220fadaf331d51391080aeb1a61f9888e,79570f48654881e6c3b0293a3404059220fadaf331d51391080aeb1a61f9888e,28a3d895fe2821d4dcd04230751a059cb31ff5e28285a61ff7778cf71fb61da3,bar.aig,8,28,36,21,5007.0,230.0,13,27,20,6,22,31,22,23726.0,28042.0,19680.0,660,245318.0,240940.60063362122,16355.887055397034,19593.164324760437,65004.45306301117,25590.88170528412,25859.0,21342.0,ok,3713.77,15290.31,3677.01,12362.83,14853.0,275583.0,4.1171935795700865,3.3621964585356032,4.03942333580817,79570f48654881e6c3b0293a3404059220fadaf331d51391080aeb1a61f9888e,semantic_live_support,True,32,256,1152,160,192,8388608,100,5,d851acd11c7e46c1a61c483ea739b41e
epfl,validation_reused,epfl-arithmetic-bar-internal1655-92b9245782,,0b86792efa3f1ec23b5e5fef89798ce65887056f734a22f0ec3bea3a09139cbe,0b86792efa3f1ec23b5e5fef89798ce65887056f734a22f0ec3bea3a09139cbe,28a3d895fe2821d4dcd04230751a059cb31ff5e28285a61ff7778cf71fb61da3,bar.aig,8,29,37,22,5168.0,221.0,14,29,21,7,23,33,23,24036.0,28783.0,18818.0,681,251347.0,246770.6799507141,16679.98731136322,19870.69845199585,67137.18175888062,25173.649191856384,27411.0,22063.0,ok,3917.57,15709.44,3886.52,12852.06,13871.0,269004.0,4.009995992413664,3.3068297602997023,3.5690026038718443,0b86792efa3f1ec23b5e5fef89798ce65887056f734a22f0ec3bea3a09139cbe,semantic_live_support,True,32,256,1184,160,224,8388608,100,5,92b9245782c10ad004215feb9cdf4cc1
epfl,validation_reused,epfl-arithmetic-bar-internal2321-8f03a00382,,898ae3e0a2d5b9a004896620f6100d41741c1f7a6c59afda8fc4fc20331b6df5,898ae3e0a2d5b9a004896620f6100d41741c1f7a6c59afda8fc4fc20331b6df5,28a3d895fe2821d4dcd04230751a059cb31ff5e28285a61ff7778cf71fb61da3,bar.aig,12,54,76,40,9194.0,230.0,28,57,42,8,48,69,48,43926.0,56415.0,33250.0,1268,487851.0,480901.44991874695,35336.241126060486,39467.58806705475,127809.12220478058,60433.5218667984,49574.0,43806.0,ok,13170.25,32519.75,11027.55,25333.45,23134.0,506279.0,2.4691824376910083,2.2972872487542566,2.0978367815153867,898ae3e0a2d5b9a004896620f6100d41741c1f7a6c59afda8fc4fc20331b6df5,semantic_live_support,True,512,6144,38912,2560,4096,8388608,20,5,8f03a00382f722f8356f7ce4ae9e61c6
epfl,validation_reused,epfl-arithmetic-div-internal11-6e2b7582e6,,01d0fabd251fcbbe2b93b4b927b26ad2a1a99077152e45ded1e678afa45dbec5,01d0fabd251fcbbe2b93b4b927b26ad2a1a99077152e45ded1e678afa45dbec5,e65955ae0931e5c7ed91a6210f0f6e6b7bd95eaeef1ffddcfb3e7ec633ed5d82,div.aig,8,23,23,17,3715.0,211.0,9,23,15,9,15,23,15,16965.0,25898.0,15904.0,524,182263.0,178625.80716609955,10382.384061813354,16802.921891212463,52321.70224189758,14178.454875946045,19879.0,14512.0,ok,2974.35,10206.9,2850.18,8280.91,12829.0,196244.0,3.4316405265015884,2.90539895725884,4.501119227557558,01d0fabd251fcbbe2b93b4b927b26ad2a1a99077152e45ded1e678afa45dbec5,semantic_live_support,True,32,256,736,160,288,8388608,100,5,6e2b7582e69a24a480feb20a4a258e8d
epfl,validation_reused,epfl-arithmetic-div-internal205-17fa719fea,,997c1bbe98efbc30bcb4fc4bbe24093055e0fa4b85351e419f04bc96f6a3bea2,997c1bbe98efbc30bcb4fc4bbe24093055e0fa4b85351e419f04bc96f6a3bea2,e65955ae0931e5c7ed91a6210f0f6e6b7bd95eaeef1ffddcfb3e7ec633ed5d82,div.aig,10,33,38,26,5659.0,200.0,16,35,23,11,25,38,25,27291.0,30065.0,20921.0,748,268131.0,263534.4862937927,15530.73525428772,25408.342480659485,76664.61169719696,24387.61293888092,29734.0,23095.0,ok,4706.44,16688.02,4476.9,12863.88,15393.0,283034.0,3.5457840745871616,2.8733900690209744,3.4383166923540847,997c1bbe98efbc30bcb4fc4bbe24093055e0fa4b85351e419f04bc96f6a3bea2,semantic_live_support,True,128,1280,4864,640,1408,8388608,50,5,17fa719fea419fc70e73558a1f8ddce6
epfl,validation_reused,epfl-arithmetic-div-internal2341-0bff27478a,,5778f985db754c6628691f56fadae50c65fddbe8eb2e93039633fefa05d45e31,5778f985db754c6628691f56fadae50c65fddbe8eb2e93039633fefa05d45e31,e65955ae0931e5c7ed91a6210f0f6e6b7bd95eaeef1ffddcfb3e7ec633ed5d82,div.aig,8,22,22,16,3235.0,231.0,8,21,14,8,14,21,14,16695.0,19719.0,15052.0,504,175253.0,171778.72359752655,10687.857866287231,16320.496797561646,50691.887736320496,14357.268810272217,17426.0,16244.0,ok,2803.9,9792.08,2639.35,8008.6,14061.0,193590.0,3.4923071436213844,3.034307689393222,5.327448045920398,5778f985db754c6628691f56fadae50c65fddbe8eb2e93039633fefa05d45e31,semantic_live_support,True,32,256,704,160,256,8388608,100,5,0bff27478a11a38d9def3bd159cffbdd
epfl,validation_reused,epfl-arithmetic-div-internal10810-b1ae747db1,,d5990a0fe875a0aa109edb831f0e95b8f0a3a46b9b78daeaea9ce05c32c7201f,d5990a0fe875a0aa109edb831f0e95b8f0a3a46b9b78daeaea9ce05c32c7201f,e65955ae0931e5c7ed91a6210f0f6e6b7bd95eaeef1ffddcfb3e7ec633ed5d82,div.aig,14,41,41,29,5738.0,201.0,15,41,27,15,27,41,27,28703.0,38188.0,23956.0,924,362614.0,357855.1113605499,23394.82307434082,37994.23575401306,94881.28125667572,32279.640436172485,29394.0,23335.0,ok,18962.4,19419.2,17436.0,15240.8,28823.0,362283.0,1.0240897776652744,0.8740995641202111,1.6530740995641202,d5990a0fe875a0aa109edb831f0e95b8f0a3a46b9b78daeaea9ce05c32c7201f,semantic_live_support,True,2048,28672,83968,12288,30720,8388608,5,5,b1ae747db1c268396bdf3e86f1f55413
epfl,validation_reused,epfl-arithmetic-div-internal28675-2e29c8b7fc,,8b2cf5a9437ce2378e2ba67b209e77c5966fb18f456512ec0aaaa01c619c217b,8b2cf5a9437ce2378e2ba67b209e77c5966fb18f456512ec0aaaa01c619c217b,e65955ae0931e5c7ed91a6210f0f6e6b7bd95eaeef1ffddcfb3e7ec633ed5d82,div.aig,16,46,46,32,6110.0,240.0,16,45,30,16,30,45,30,39028.0,41963.0,26750.0,1038,381221.0,375233.59060287476,24514.272809028625,42136.75856590271,105695.79899311066,39447.09897041321,32258.0,26170.0,ok,62483.6,30181.2,57285.8,24835.2,35193.0,441462.0,0.48302594600823257,0.4335315209004675,1.4170612678778507,8b2cf5a9437ce2378e2ba67b209e77c5966fb18f456512ec0aaaa01c619c217b,semantic_live_support,True,8192,131072,376832,49152,131072,8388608,5,5,2e29c8b7fc05a592949476903c8a4505
epfl,validation_reused,epfl-arithmetic-hyp-internal65-be3998eac0,,892dc1d93262adb098e8a99ab8d0c65922c9e262dbaf8c9b873ea42b1e34007a,892dc1d93262adb098e8a99ab8d0c65922c9e262dbaf8c9b873ea42b1e34007a,b0be478cd838b5fb7bb91ee695aae9e5e8a6ddb3035f965461bb709c21386549,hyp.aig,8,44,67,38,8433.0,211.0,30,51,36,7,41,57,41,39830.0,44977.0,26520.0,1037,397085.0,390095.63624858856,25631.8598985672,27999.281883239746,108662.99271583557,43988.22784423828,47762.0,39118.0,ok,6367.34,27777.03,6912.96,22344.79,18258.0,410215.0,4.3624229269993435,3.2323042517242975,2.641126232467713,892dc1d93262adb098e8a99ab8d0c65922c9e262dbaf8c9b873ea42b1e34007a,semantic_live_support,True,32,256,2144,192,224,8388608,100,5,be3998eac02d8153fbe2b03fa2a191da
epfl,validation_reused,epfl-arithmetic-hyp-internal17666-fd54aaf9b3,,198de70838377fa516f8f25f259d48d2acc38d2f09f983f3f98ba3a32f0a4e07,198de70838377fa516f8f25f259d48d2acc38d2f09f983f3f98ba3a32f0a4e07,b0be478cd838b5fb7bb91ee695aae9e5e8a6ddb3035f965461bb709c21386549,hyp.aig,12,58,108,53,10646.0,220.0,41,66,46,7,66,91,66,56134.0,59129.0,33550.0,1348,509674.0,501964.2412662506,33432.61778354645,34725.29351711273,140899.79231357574,59563.666582107544,64587.0,61742.0,ok,17651.95,45331.95,14659.0,29212.8,27021.0,524255.0,2.5680987086412546,1.9928235213861791,1.843304454601269,198de70838377fa516f8f25f259d48d2acc38d2f09f983f3f98ba3a32f0a4e07,semantic_live_support,True,512,6144,55296,3072,3584,8388608,20,5,fd54aaf9b3ed8bf0bd52a04ebb21538c
epfl,validation_reused,epfl-arithmetic-hyp-internal39470-7af4a2b5bd,,9d6d1b4f4cb9e69615ed682a9f012d7c5e34dba6e16ce2c30fe3fe08f3a41526,9d6d1b4f4cb9e69615ed682a9f012d7c5e34dba6e16ce2c30fe3fe08f3a41526,b0be478cd838b5fb7bb91ee695aae9e5e8a6ddb3035f965461bb709c21386549,hyp.aig,12,41,49,33,7331.0,200.0,21,39,29,6,29,39,29,35112.0,39449.0,26109.0,962,357826.0,352038.07055950165,24093.31500530243,24799.257516860962,95099.21073913574,40886.92367076874,39119.0,28022.0,ok,7817.7,21337.0,8249.85,18811.2,19520.0,366489.0,2.7293193650306358,2.280186912489318,2.3661036261265354,9d6d1b4f4cb9e69615ed682a9f012d7c5e34dba6e16ce2c30fe3fe08f3a41526,semantic_live_support,True,512,6144,25088,2560,3072,8388608,20,5,7af4a2b5bdfe2e940f507a680a7b93a5
epfl,validation_reused,epfl-arithmetic-hyp-internal60556-85a8c283b2,,068cc6dea0f88cf6c0cc4c18cb930df20504334f2df745ea0ba2b63d9c114d87,068cc6dea0f88cf6c0cc4c18cb930df20504334f2df745ea0ba2b63d9c114d87,b0be478cd838b5fb7bb91ee695aae9e5e8a6ddb3035f965461bb709c21386549,hyp.aig,12,47,103,41,8202.0,230.0,29,49,35,6,63,87,63,43325.0,45278.0,28412.0,1096,408042.0,401392.5790786743,25259.33086872101,26680.52911758423,109175.22013187408,49365.684390068054,49214.0,60921.0,ok,16834.2,43219.25,10670.0,22725.05,22965.0,424717.0,2.56734801772582,2.129807872539831,2.1522961574507966,068cc6dea0f88cf6c0cc4c18cb930df20504334f2df745ea0ba2b63d9c114d87,semantic_live_support,True,512,6144,52736,3072,3072,8388608,20,5,85a8c283b241c11a136b97590b04e7e5
epfl,validation_reused,epfl-arithmetic-hyp-internal76240-1bc3a2623d,,e7557c59ce00eb6eac61299f2e160fc750fec37af064a2bf539668e19c462bdc,e7557c59ce00eb6eac61299f2e160fc750fec37af064a2bf539668e19c462bdc,b0be478cd838b5fb7bb91ee695aae9e5e8a6ddb3035f965461bb709c21386549,hyp.aig,12,57,211,53,10886.0,220.0,41,65,45,6,131,183,131,56284.0,56224.0,34361.0,1324,492247.0,484434.8877668381,32352.283596992493,31854.957342147827,132385.64133644104,59308.4841966629,62243.0,119549.0,ok,33593.85,86390.45,14527.3,28456.65,27712.0,526889.0,2.5716150426342916,1.9588395641309813,1.9075808994100762,e7557c59ce00eb6eac61299f2e160fc750fec37af064a2bf539668e19c462bdc,semantic_live_support,True,512,6144,108032,3584,3072,8388608,20,5,1bc3a2623d755d21c2b1f52b6c23ac51
epfl,validation_reused,epfl-arithmetic-hyp-internal97454-29cafc7bc4,,6ae90b00e22334d16b32f3d55eca283934424b24de7bb04bdf7380a4e42aeaaf,6ae90b00e22334d16b32f3d55eca283934424b24de7bb04bdf7380a4e42aeaaf,b0be478cd838b5fb7bb91ee695aae9e5e8a6ddb3035f965461bb709c21386549,hyp.aig,10,37,45,31,6910.0,231.0,21,37,27,6,27,37,27,32970.0,36956.0,22824.0,868,312218.0,306740.403175354,19662.082195281982,21498.650312423706,84543.60067844391,33188.61126899719,38668.0,27051.0,ok,4742.7,18727.66,5437.16,17114.84,16024.0,334602.0,3.9487338435912034,3.147753606662302,2.9471268088487372,6ae90b00e22334d16b32f3d55eca283934424b24de7bb04bdf7380a4e42aeaaf,semantic_live_support,True,128,1280,5760,640,768,8388608,50,5,29cafc7bc498116a823b99a9af3569b8
epfl,validation_reused,epfl-arithmetic-hyp-internal119304-16daab6b7b,,1c4d64d031df1f1e95ff233263a3bef9131a16bacc361ce541751c5252b84018,1c4d64d031df1f1e95ff233263a3bef9131a16bacc361ce541751c5252b84018,b0be478cd838b5fb7bb91ee695aae9e5e8a6ddb3035f965461bb709c21386549,hyp.aig,12,57,107,51,10786.0,241.0,39,64,45,7,65,89,65,55132.0,58037.0,31978.0,1328,487000.0,478826.46322250366,33529.47533130646,33125.28133392334,132387.50398159027,62663.10811042786,62614.0,60151.0,ok,17322.95,44832.7,14013.5,28357.0,26510.0,517877.0,2.5880522659246834,2.0235487208762977,1.891747243729261,1c4d64d031df1f1e95ff233263a3bef9131a16bacc361ce541751c5252b84018,semantic_live_support,True,512,6144,54784,3072,3584,8388608,20,5,16daab6b7bdf7b07ea30b5ec661a047d
epfl,validation_reused,epfl-arithmetic-hyp-internal212060-c28ab69616,,c1ba94e94e9e5bda403528c481e360a007a4338aec7850571e72a8ba0d9e4a12,c1ba94e94e9e5bda403528c481e360a007a4338aec7850571e72a8ba0d9e4a12,b0be478cd838b5fb7bb91ee695aae9e5e8a6ddb3035f965461bb709c21386549,hyp.aig,8,93,635,89,20201.0,220.0,81,126,85,14,399,563,399,99909.0,105338.0,48473.0,2173,831296.0,819237.9027605057,55268.40686798096,62435.86540222168,223277.13668346405,100152.56702899933,110275.0,377426.0,ok,56043.3,250948.91,16476.3,49276.75,30195.0,877325.0,4.47776826132651,2.990765523812992,1.8326323264325122,c1ba94e94e9e5bda403528c481e360a007a4338aec7850571e72a8ba0d9e4a12,semantic_live_support,True,32,256,20320,288,448,8388608,100,5,c28ab69616b3c6909e4aa6aed555f5d6
epfl,validation_reused,epfl-arithmetic-log2-internal16-c3a7b25434,,3269aeb6831504cb8679ea40f749072951eb1728cc5e21e45fd0d6b423f6fa42,3269aeb6831504cb8679ea40f749072951eb1728cc5e21e45fd0d6b423f6fa42,146f031921372d0dc47c73ad2c82ce4e7413caff725204b7938a4cf61b1f15cb,log2.aig,8,19,19,13,2764.0,210.0,5,15,11,5,11,15,11,14131.0,19339.0,14071.0,444,169604.0,165808.94589424133,10728.836059570312,13452.023267745972,47670.67730426788,14377.757906913757,15273.0,12860.0,ok,2292.54,8564.44,2098.95,6735.3,13039.0,169625.0,3.7357865075418535,3.2088901593653976,6.212153695895568,3269aeb6831504cb8679ea40f749072951eb1728cc5e21e45fd0d6b423f6fa42,semantic_live_support,True,32,256,608,160,160,8388608,100,5,c3a7b254347e6b932fdd568eab56616c
epfl,validation_reused,epfl-arithmetic-log2-internal1914-5f203d9539,,572dbdacc4bddfa324214e5e0f808bf1673be4ab3cbd524794866e03edfe9660,572dbdacc4bddfa324214e5e0f808bf1673be4ab3cbd524794866e03edfe9660,146f031921372d0dc47c73ad2c82ce4e7413caff725204b7938a4cf61b1f15cb,log2.aig,8,402,2380,291,73370.0,300.0,283,515,394,117,1476,2049,1476,505588.0,490114.0,210616.0,10299,6769656.0,6705278.530716896,974250.9573698044,1208903.267979622,1227879.8967599869,1262307.1670532227,408813.0,1354069.0,ok,209199.73,964623.5,57650.1,209804.74,74893.0,6814614.0,4.611016945385159,3.639277989110166,1.2990957517853394,572dbdacc4bddfa324214e5e0f808bf1673be4ab3cbd524794866e03edfe9660,semantic_live_support,True,32,256,76160,288,3744,8388608,100,5,5f203d953931fcdf28e2dfa9b241a0ae
epfl,validation_reused,epfl-arithmetic-log2-internal3778-4bd86194c9,,2ce995d729520a32007bd7dd1acacf3813d4a3757255e3ae7d1e898dd59a0203,2ce995d729520a32007bd7dd1acacf3813d4a3757255e3ae7d1e898dd59a0203,146f031921372d0dc47c73ad2c82ce4e7413caff725204b7938a4cf61b1f15cb,log2.aig,8,64,191,44,10866.0,211.0,36,72,56,14,119,167,119,52548.0,71337.0,38218.0,1563,701231.0,692188.7397766113,62255.18882274628,61739.2361164093,158026.8144607544,112619.25101280212,60391.0,98177.0,ok,16656.37,76893.24,8409.21,32268.16,20881.0,680019.0,4.61644644061101,3.8372403590824824,2.483110779728417,2ce995d729520a32007bd7dd1acacf3813d4a3757255e3ae7d1e898dd59a0203,semantic_live_support,True,32,256,6112,192,448,8388608,100,5,4bd86194c9caae856550eb197db8c927
epfl,validation_reused,epfl-arithmetic-log2-internal5717-7cc65aa43a,,48187f7424e4a340a340f865bc4f2d47d3bb7ffaceccadf8e59ad718b98d0bd0,48187f7424e4a340a340f865bc4f2d47d3bb7ffaceccadf8e59ad718b98d0bd0,146f031921372d0dc47c73ad2c82ce4e7413caff725204b7938a4cf61b1f15cb,log2.aig,8,78,203,51,13079.0,201.0,43,88,70,21,123,167,123,57777.0,87341.0,47211.0,1922,890966.0,880118.4594631195,82420.18520832062,84606.93061351776,198403.37336063385,132942.5722360611,71547.0,111567.0,ok,16704.84,81670.0,10233.74,39919.93,23495.0,861482.0,4.889002229294025,3.9008153421916134,2.295837103541814,48187f7424e4a340a340f865bc4f2d47d3bb7ffaceccadf8e59ad718b98d0bd0,semantic_live_support,True,32,256,6496,192,672,8388608,100,5,7cc65aa43a34ba3681d0dddbd21687a1
epfl,validation_reused,epfl-arithmetic-log2-internal7808-791f45c1ba,,1f6f71b6077524958b516c869356dd36e7b353bbad0a2d3c892595e520fd611f,1f6f71b6077524958b516c869356dd36e7b353bbad0a2d3c892595e520fd611f,146f031921372d0dc47c73ad2c82ce4e7413caff725204b7938a4cf61b1f15cb,log2.aig,8,1563,3466426,876,273520.0,330.0,868,1953,1555,269,,,,2202541.0,1938706.0,785598.0,42203,36887755.0,36560634.15110111,5561079.829931259,8757296.949625015,5856962.874531746,7122285.6640815735,1344766.0,,skipped_source_protocol,,,203341.15,755019.07,228192.0,36129909.0,,3.713065800995027,1.1222125969091845,1f6f71b6077524958b516c869356dd36e7b353bbad0a2d3c892595e520fd611f,semantic_live_support,True,32,256,,,8608,8388608,100,5,791f45c1ba31f5d9f05c8b492299c35d
epfl,validation_reused,epfl-arithmetic-log2-internal10182-8de9088c0d,,1f039510013a58de6a8e31ddc7b0622a7670e834248c337f69dc0e6d684dcd5f,1f039510013a58de6a8e31ddc7b0622a7670e834248c337f69dc0e6d684dcd5f,146f031921372d0dc47c73ad2c82ce4e7413caff725204b7938a4cf61b1f15cb,log2.aig,14,1409,2572957,815,240991.0,391.0,800,1764,1394,234,,,,1946687.0,1855751.0,743895.0,37778,34057853.0,33854719.25139427,5203504.115343094,7645260.542631149,5328325.554728508,7252138.10801506,1215011.0,,skipped_source_protocol,,,654468.8,751478.4,685487.0,34283071.0,,1.148226470077718,1.0473944670853674,502ede267c969d8728c23ca315ce2314b93f601aa83a1edaf60de9ea6bf43cd2,semantic_live_support,True,2048,28672,,,479232,8388608,5,5,8de9088c0d9597039c78d1929d1274f4
epfl,validation_reused,epfl-arithmetic-log2-internal13053-84f396fda2,,cb1fffb7a2370c8034e8a614b6681b5037e45557b067c43afb4806c0f505bf57,cb1fffb7a2370c8034e8a614b6681b5037e45557b067c43afb4806c0f505bf57,146f031921372d0dc47c73ad2c82ce4e7413caff725204b7938a4cf61b1f15cb,log2.aig,8,74,215,50,12619.0,230.0,42,84,66,16,135,191,135,58948.0,83235.0,43876.0,1818,830304.0,818587.8396034241,77793.37465763092,74720.01016139984,191248.95334243774,131353.7359237671,71978.0,118878.0,ok,18210.69,97643.24,10112.35,38073.76,23675.0,805237.0,5.361863828333798,3.765075378126746,2.341196655574619,cb1fffb7a2370c8034e8a614b6681b5037e45557b067c43afb4806c0f505bf57,semantic_live_support,True,32,256,6880,224,512,8388608,100,5,84f396fda25c13f6ffd8d74183c72aeb
epfl,validation_reused,epfl-arithmetic-log2-internal32040-45f1c015f0,,e55e842043ee29d88a582451a6ef3580c1ab35ebefb21317fd2ad21db6764a46,e55e842043ee29d88a582451a6ef3580c1ab35ebefb21317fd2ad21db6764a46,146f031921372d0dc47c73ad2c82ce4e7413caff725204b7938a4cf61b1f15cb,log2.aig,8,411,4985,295,75844.0,320.0,287,531,403,121,3111,4349,3111,573789.0,501512.0,223154.0,10530,6680212.0,6597118.452191353,909386.2026929855,1116091.3854837418,1232927.6651144028,1238003.3731460571,427911.0,4061036.0,ok,448267.63,2033158.94,58038.69,208364.78,73390.0,6274854.0,4.535591695523498,3.5901013616951034,1.2645013180001132,e55e842043ee29d88a582451a6ef3580c1ab35ebefb21317fd2ad21db6764a46,semantic_live_support,True,32,256,159520,352,3872,8388608,100,5,45f1c015f0521faa2e84f1b97c3f9eff
epfl,validation_reused,epfl-arithmetic-max-internal9-16138770df,,9e092f4bc31b29bcfb23ba1e8e85d556e0900daa6b32105d6089ac6ac5858083,9e092f4bc31b29bcfb23ba1e8e85d556e0900daa6b32105d6089ac6ac5858083,9a7c45c95cec2afbfd418468d8b5ff6a33161c591892e34ba34ff6ed3fbbb1a9,max.aig,8,28,30,26,5628.0,210.0,18,31,20,6,20,31,20,25067.0,26750.0,18728.0,636,211377.0,206889.5846605301,10518.357157707214,13718.381524085999,63886.865973472595,17415.73214530945,30937.0,17516.0,ok,3642.96,12910.35,4298.24,12388.87,15703.0,259890.0,3.5439175835035246,2.882312295265039,3.6533557921381776,9e092f4bc31b29bcfb23ba1e8e85d556e0900daa6b32105d6089ac6ac5858083,semantic_live_support,True,32,256,960,128,192,8388608,100,5,16138770df66c40ef44ecd7a9f37d58b
epfl,validation_reused,epfl-arithmetic-max-internal199-d7c9bf4c7a,,0e225e0385ddf5af7e7a80679873b1d5ab4d660032c9ca1b9d66c7e0e25cafe0,0e225e0385ddf5af7e7a80679873b1d5ab4d660032c9ca1b9d66c7e0e25cafe0,9a7c45c95cec2afbfd418468d8b5ff6a33161c591892e34ba34ff6ed3fbbb1a9,max.aig,11,53,110,51,10235.0,350.0,40,66,42,9,76,119,76,50626.0,49344.0,31677.0,1195,420791.0,413659.9600315094,20189.210772514343,27772.03917503357,126101.07660293579,49239.02451992035,57797.0,60070.0,ok,14986.45,45735.05,10290.45,24778.65,29905.0,453339.0,3.0517600899479196,2.4079267670510034,2.90609254211429,0e225e0385ddf5af7e7a80679873b1d5ab4d660032c9ca1b9d66c7e0e25cafe0,semantic_live_support,True,256,2816,28160,1536,2304,8388608,20,5,d7c9bf4c7a62a681ada392b093293654
epfl,validation_reused,epfl-arithmetic-max-internal358-1768f94bf4,,c296615806cbadda08f39beb75e2b925fb2488f33a2f35b46f7290c6ee3a871f,c296615806cbadda08f39beb75e2b925fb2488f33a2f35b46f7290c6ee3a871f,9a7c45c95cec2afbfd418468d8b5ff6a33161c591892e34ba34ff6ed3fbbb1a9,max.aig,8,37,43,34,7211.0,211.0,26,45,29,8,29,45,29,33791.0,33961.0,22824.0,842,290456.0,285388.90182971954,15225.261449813843,21172.68741130829,84882.60209560394,27000.904083251953,40540.0,26089.0,ok,4916.87,18090.71,5865.99,17344.89,17676.0,334191.0,3.6793142792060802,2.9568563874128664,3.013302102458409,c296615806cbadda08f39beb75e2b925fb2488f33a2f35b46f7290c6ee3a871f,semantic_live_support,True,32,256,1376,160,256,8388608,100,5,1768f94bf4b5d294db744cf5eb0fc661
epfl,validation_reused,epfl-arithmetic-max-internal485-1db8c85dc1,,ac60471a71d690820510ddaee87fdb00def36528db9ba5a91c1d4bb5a425052b,ac60471a71d690820510ddaee87fdb00def36528db9ba5a91c1d4bb5a425052b,9a7c45c95cec2afbfd418468d8b5ff6a33161c591892e34ba34ff6ed3fbbb1a9,max.aig,8,23,23,21,5097.0,201.0,13,23,15,5,15,23,15,20871.0,20571.0,16164.0,524,174101.0,170344.4868326187,8864.328265190125,11708.587408065796,52632.76398181915,13900.920748710632,23565.0,13921.0,ok,2961.14,10243.95,3440.06,9723.37,14401.0,193980.0,3.4594615587240054,2.826511746888136,4.1862641930664,ac60471a71d690820510ddaee87fdb00def36528db9ba5a91c1d4bb5a425052b,semantic_live_support,True,32,256,736,128,160,8388608,100,5,1db8c85dc1cff343018757029be77feb
epfl,validation_reused,epfl-arithmetic-max-internal888-0e6bfd375e,,0c9dc5155c1c1424edd4236b9343653c88189d15be701435ccca97f8383fb2cc,0c9dc5155c1c1424edd4236b9343653c88189d15be701435ccca97f8383fb2cc,9a7c45c95cec2afbfd418468d8b5ff6a33161c591892e34ba34ff6ed3fbbb1a9,max.aig,8,32,36,29,5798.0,200.0,21,37,24,7,24,37,24,28203.0,33099.0,20831.0,728,248483.0,244054.94332313538,12770.295143127441,18052.756786346436,72661.78727149963,21664.42573070526,35032.0,20791.0,ok,4209.51,15481.8,4872.9,14555.01,16024.0,276033.0,3.677815232651781,2.9869297543557227,3.2883908965913524,0c9dc5155c1c1424edd4236b9343653c88189d15be701435ccca97f8383fb2cc,semantic_live_support,True,32,256,1152,160,224,8388608,100,5,0e6bfd375eee1868b5d3069bb08892e2
epfl,validation_reused,epfl-arithmetic-max-internal1138-315c29a3d9,,006d933ef5f79016159106ad21c150690ba37d318364af9ff1f9918b8fdc14b0,006d933ef5f79016159106ad21c150690ba37d318364af9ff1f9918b8fdc14b0,9a7c45c95cec2afbfd418468d8b5ff6a33161c591892e34ba34ff6ed3fbbb1a9,max.aig,8,34,38,33,6850.0,220.0,25,41,26,7,26,41,26,39970.0,30536.0,20721.0,768,251728.0,247139.48369026184,11816.620826721191,16896.05414867401,76945.87111473083,21679.32689189911,38017.0,21222.0,ok,4557.53,16274.99,5614.62,15922.96,16855.0,289544.0,3.571011052039153,2.8359817761486976,3.001984105780979,006d933ef5f79016159106ad21c150690ba37d318364af9ff1f9918b8fdc14b0,semantic_live_support,True,32,256,1216,160,224,8388608,100,5,315c29a3d9bcc13760721d8828cf97e9
epfl,validation_reused,epfl-arithmetic-multiplier-po3-d3b5084b79,,629864367eeef65759c1c7b2ee4b4259ddc1d36d4e2b9ea05a48b00065b82060,629864367eeef65759c1c7b2ee4b4259ddc1d36d4e2b9ea05a48b00065b82060,543555652101e587c1d1b18a38eb18dfebcb5f85e63e35c781361aa26888946e,multiplier.aig,8,143,2455,131,28382.0,231.0,123,198,135,14,1649,2493,1649,138026.0,151286.0,86089.0,3415,1329082.0,1322111.114859581,90297.31154441833,104706.73441886902,351889.0589475632,166691.8396949768,164196.0,1541410.0,ok,250140.19,1003099.36,24532.67,77333.4,39209.0,1327189.0,4.010148709009935,3.152261861428047,1.5982361479610658,629864367eeef65759c1c7b2ee4b4259ddc1d36d4e2b9ea05a48b00065b82060,semantic_live_support,True,32,256,78560,288,448,8388608,100,5,d3b5084b793f95f04d04d12f1c7e366d
epfl,validation_reused,epfl-arithmetic-multiplier-po4-54b9cbe5da,,70c9cb6c87e680d8d1cf7335ea3362b7074b71609af6c6031cfa85ba615c64d6,70c9cb6c87e680d8d1cf7335ea3362b7074b71609af6c6031cfa85ba615c64d6,543555652101e587c1d1b18a38eb18dfebcb5f85e63e35c781361aa26888946e,multiplier.aig,10,231,9953,210,46290.0,350.0,199,322,220,18,6773,10367,6773,223394.0,246840.0,121592.0,5599,2131645.0,2100318.670272827,141613.1854057312,177334.9940776825,556001.4396905899,290373.3402490616,268332.0,6855014.0,ok,1121620.8,4023909.92,40256.74,124526.84,65358.0,2139846.0,3.5875849663273005,3.0933165477383415,1.6235293766956789,a4bfed488609e5107454f3c60631dc9478e8d8058b5a710d99f59e3be21467ea,semantic_live_support,True,128,1280,1273984,1536,2304,8388608,50,5,54b9cbe5da5cba8980c927ad509e69c2
epfl,validation_reused,epfl-arithmetic-multiplier-po5-ad1045c3bc,,9b6a7a15d2450265125ff2d0882f989c169ad27b5f22ac15faf1a9845b9d4be9,9b6a7a15d2450265125ff2d0882f989c169ad27b5f22ac15faf1a9845b9d4be9,543555652101e587c1d1b18a38eb18dfebcb5f85e63e35c781361aa26888946e,multiplier.aig,12,307,25681,284,59089.0,260.0,272,432,295,22,17533,26919,17533,296455.0,338237.0,148072.0,7499,2945795.0,2931954.339146614,195527.44925022125,237032.77111053467,754853.7105321884,423746.18351459503,355773.0,18635930.0,refused_temporary_budget,,,94326.85,168780.95,110145.0,2931413.0,,1.7893203260789479,1.167695094238809,9b6a7a15d2450265125ff2d0882f989c169ad27b5f22ac15faf1a9845b9d4be9,semantic_live_support,True,512,6144,13148672,6656,11264,8388608,20,5,ad1045c3bcbb833f4ca254e0b9e49a88
epfl,validation_reused,epfl-arithmetic-multiplier-po6-1ed43b9012,,81f326f27605be20525566c09a58817cd052cfbbe82c0a03e4837c12214e4294,81f326f27605be20525566c09a58817cd052cfbbe82c0a03e4837c12214e4294,543555652101e587c1d1b18a38eb18dfebcb5f85e63e35c781361aa26888946e,multiplier.aig,14,395,57571,369,79950.0,341.0,355,559,381,24,39363,60519,39363,395103.0,429144.0,204056.0,9685,3769770.0,3753606.230020523,255201.01189613342,294858.5897684097,972365.9604787827,567857.176065445,479238.0,37221184.0,refused_temporary_budget,,,270649.6,228049.8,286880.0,4065332.0,,0.8426016517297643,1.0599683132729552,81f326f27605be20525566c09a58817cd052cfbbe82c0a03e4837c12214e4294,semantic_live_support,True,2048,28672,117905408,30720,49152,8388608,5,5,1ed43b9012def7eda7e3bf298a6db017
epfl,validation_reused,epfl-arithmetic-multiplier-internal72-32d8a19161,,94b5b537c776457a60ff4d7497a7e9363e97323f91ba241e335eb0476f302a63,94b5b537c776457a60ff4d7497a7e9363e97323f91ba241e335eb0476f302a63,543555652101e587c1d1b18a38eb18dfebcb5f85e63e35c781361aa26888946e,multiplier.aig,8,71,379,61,13370.0,231.0,53,92,63,10,254,384,254,63805.0,79719.0,40170.0,1667,635082.0,625638.2912397385,41000.545024871826,54135.918617248535,170882.79128074646,69817.52812862396,75823.0,195493.0,ok,35545.67,152726.6,11116.66,36578.22,24467.0,661942.0,4.296630222471542,3.2903965759499707,2.2009308551309474,94b5b537c776457a60ff4d7497a7e9363e97323f91ba241e335eb0476f302a63,semantic_live_support,True,32,256,12128,224,320,8388608,100,5,32d8a19161cb3892f02bb79a125cd124
epfl,validation_reused,epfl-arithmetic-multiplier-internal2314-b18e1af7fc,,1d27d2717ee24a52912668cd788986209715cce7ce28d164e08dddf51a004507,1d27d2717ee24a52912668cd788986209715cce7ce28d164e08dddf51a004507,543555652101e587c1d1b18a38eb18dfebcb5f85e63e35c781361aa26888946e,multiplier.aig,15,145,445,129,27531.0,251.0,114,193,130,24,303,465,303,132339.0,156545.0,77767.0,3422,1309873.0,1302342.8618907928,84882.60209560394,102795.66049575806,347387.04562187195,166168.4364080429,160270.0,225568.0,ok,367414.6,224278.2,150657.8,94085.0,163485.0,1438977.0,0.6104226669272261,0.624494715839472,1.0851412937133027,1d27d2717ee24a52912668cd788986209715cce7ce28d164e08dddf51a004507,semantic_live_support,True,4096,61440,1822720,53248,98304,8388608,5,5,b18e1af7fcbbdb5f917095d09f80a36b
epfl,validation_reused,epfl-arithmetic-multiplier-internal7576-a86c4496f1,,fcfcfaa9e1207088156a88507dec2d35c22f1af36b590f96bcb98aff95237677,fcfcfaa9e1207088156a88507dec2d35c22f1af36b590f96bcb98aff95237677,543555652101e587c1d1b18a38eb18dfebcb5f85e63e35c781361aa26888946e,multiplier.aig,16,154,480,137,29224.0,270.0,121,205,138,26,327,502,327,137667.0,155463.0,77095.0,3640,1345166.0,1327769.8308229446,85378.06570529938,109482.55658149719,367550.17936229706,166397.54176139832,163475.0,246369.0,ok,705072.8,279030.2,283436.8,118329.4,131076.0,1577755.0,0.3957466519769306,0.41748072233386774,1.1077213270750972,fcfcfaa9e1207088156a88507dec2d35c22f1af36b590f96bcb98aff95237677,semantic_live_support,True,8192,131072,3932160,114688,212992,8388608,5,5,a86c4496f10eff6ce65f60e5923f747c
epfl,validation_reused,epfl-arithmetic-multiplier-internal26856-ce1452e666,,5b1311b0bd79a5281a8098298bbfab287bdf3484752e78841dd644636f1b2400,5b1311b0bd79a5281a8098298bbfab287bdf3484752e78841dd644636f1b2400,543555652101e587c1d1b18a38eb18dfebcb5f85e63e35c781361aa26888946e,multiplier.aig,8,53,447,53,10736.0,210.0,45,68,45,8,307,475,307,53320.0,51687.0,31077.0,1223,445447.0,438135.1172924042,23659.318685531616,30267.98367500305,123543.66481304169,49484.893679618835,67451.0,222753.0,ok,45271.65,179813.19,10374.45,27100.31,23966.0,479780.0,3.971871800563929,2.612216551238861,2.310098366660401,5b1311b0bd79a5281a8098298bbfab287bdf3484752e78841dd644636f1b2400,semantic_live_support,True,32,256,14304,192,256,8388608,100,5,ce1452e6668b4909b91a1234dd10261d
epfl,validation_reused,epfl-arithmetic-sin-internal473-3d94727928,,ea2436278464508cf40dafdb68691a17b11649d0ad661adeb7fac75363fe48e0,ea2436278464508cf40dafdb68691a17b11649d0ad661adeb7fac75363fe48e0,e1a649d2eca27337787cb4aed79abe120f49597975beaed8bffd6a329c2664b3,sin.aig,15,49,91,37,7181.0,211.0,22,52,34,15,61,93,61,41062.0,47240.0,29424.0,1105,477125.0,471025.7053375244,28459.355235099792,69821.25341892242,128576.53200626373,68409.36839580536,38067.0,48142.0,ok,70678.0,47372.8,37798.8,25960.8,49465.0,534832.0,0.6702623164209514,0.6868154544588716,1.3086394277066995,ea2436278464508cf40dafdb68691a17b11649d0ad661adeb7fac75363fe48e0,semantic_live_support,True,4096,61440,372736,16384,61440,8388608,5,5,3d94727928cfeeabc60c80b54077fd83
epfl,validation_reused,epfl-arithmetic-sin-internal618-7a9d438d5b,,4c6aae58f1e5eb08bba9e16f5446a4787129b7312b7602726bae9c99a71c442f,4c6aae58f1e5eb08bba9e16f5446a4787129b7312b7602726bae9c99a71c442f,e1a649d2eca27337787cb4aed79abe120f49597975beaed8bffd6a329c2664b3,sin.aig,13,39,39,29,5829.0,220.0,16,40,26,14,26,40,26,28062.0,34692.0,23215.0,877,353019.0,347752.1240711212,19054.85987663269,44945.62745094299,96438.4526014328,42935.83333492279,30485.0,22123.0,ok,12186.2,18601.8,11833.8,14754.2,22945.0,364917.0,1.5264643613267466,1.246784633845426,1.93893761936149,4c6aae58f1e5eb08bba9e16f5446a4787129b7312b7602726bae9c99a71c442f,semantic_live_support,True,1024,13312,39936,3072,14336,8388608,5,5,7a9d438d5b320a7176c1a8a3128853ae
epfl,validation_reused,epfl-arithmetic-sin-internal960-85572a6224,,c898ea29e1a22accb12fa471817d9a314a8bad31404f711c42721a50e2de6c9f,c898ea29e1a22accb12fa471817d9a314a8bad31404f711c42721a50e2de6c9f,e1a649d2eca27337787cb4aed79abe120f49597975beaed8bffd6a329c2664b3,sin.aig,8,24,24,19,4557.0,240.0,11,25,16,9,16,25,16,18167.0,21011.0,15894.0,544,190716.0,187190.2495622635,10201.707482337952,19764.527678489685,55281.445384025574,17799.437046051025,21753.0,14191.0,ok,3148.32,10597.58,3229.64,9012.71,13741.0,210426.0,3.366106367840626,2.7906237227678625,4.254653769460374,c898ea29e1a22accb12fa471817d9a314a8bad31404f711c42721a50e2de6c9f,semantic_live_support,True,32,256,768,96,288,8388608,100,5,85572a6224a32cb70f0fe545ea9b3cfb
epfl,validation_reused,epfl-arithmetic-sin-internal2610-34083b18d5,,1941668a0bc7f7c56d381d239832a38c13b3ddda8208579a0893ec63d16ec83b,1941668a0bc7f7c56d381d239832a38c13b3ddda8208579a0893ec63d16ec83b,e1a649d2eca27337787cb4aed79abe120f49597975beaed8bffd6a329c2664b3,sin.aig,14,65,345,55,10205.0,201.0,41,78,51,13,235,361,235,68943.0,63515.0,36595.0,1481,609664.0,601671.6361045837,33462.42010593414,62422.82688617706,156125.0537633896,104343.51861476898,61873.0,185288.0,ok,162415.4,150856.0,35090.6,30760.0,46730.0,661111.0,0.9288281776235505,0.8765880321225628,1.3316956677856748,1941668a0bc7f7c56d381d239832a38c13b3ddda8208579a0893ec63d16ec83b,semantic_live_support,True,2048,28672,706560,12288,26624,8388608,5,5,34083b18d5095228518a5ae37cc71e13
epfl,validation_reused,epfl-arithmetic-sin-internal2639-ac10ac7863,,5f56ecd00688c513065dff9ebfe794aef190187d420700c059806a94264b2cea,5f56ecd00688c513065dff9ebfe794aef190187d420700c059806a94264b2cea,e1a649d2eca27337787cb4aed79abe120f49597975beaed8bffd6a329c2664b3,sin.aig,13,59,321,51,9775.0,240.0,38,71,46,12,219,337,219,55514.0,55093.0,34051.0,1340,533679.0,527098.7749099731,28243.288397789,51423.90727996826,140510.49947738647,85443.25828552246,58107.0,163075.0,ok,98047.0,133241.6,21610.2,27321.0,33901.0,574972.0,1.3589564188603425,1.2642640975095094,1.5687499421569444,5f56ecd00688c513065dff9ebfe794aef190187d420700c059806a94264b2cea,semantic_live_support,True,1024,13312,328704,6144,12288,8388608,5,5,ac10ac78631fc2eb7adc47be3276ea49
epfl,validation_reused,epfl-arithmetic-sin-internal2747-d32e2cbf05,,dee17dc6fffdb437cc0fc8458ee6fa21b3f3bb6c68f3543f82696c920e561034,dee17dc6fffdb437cc0fc8458ee6fa21b3f3bb6c68f3543f82696c920e561034,e1a649d2eca27337787cb4aed79abe120f49597975beaed8bffd6a329c2664b3,sin.aig,10,48,123,41,9895.0,211.0,31,58,38,10,84,130,84,45699.0,48403.0,27761.0,1099,426709.0,420670.9563732147,22675.84204673767,36612.15305328369,112911.68630123138,62121.07837200165,47721.0,63265.0,ok,13777.64,50674.94,7422.34,21448.14,19490.0,445738.0,3.6780566192758704,2.8896736069756974,2.6258565358094614,dee17dc6fffdb437cc0fc8458ee6fa21b3f3bb6c68f3543f82696c920e561034,semantic_live_support,True,128,1280,15744,640,1280,8388608,50,5,d32e2cbf0520534b771effcc3dc61473
epfl,validation_reused,epfl-arithmetic-sin-internal2767-a8eda7f06b,,2911254d25b48e8560e6fdac5481c650b0a1816803e90b2cb3ce7b7dcd28238e,2911254d25b48e8560e6fdac5481c650b0a1816803e90b2cb3ce7b7dcd28238e,e1a649d2eca27337787cb4aed79abe120f49597975beaed8bffd6a329c2664b3,sin.aig,10,79,453,75,15183.0,210.0,65,106,69,12,313,487,313,83255.0,84136.0,44166.0,1817,692989.0,682653.8592576981,36684.7962141037,49194.321036338806,191545.11392116547,104473.90377521515,88623.0,252298.0,ok,49421.66,182479.5,13863.98,39248.42,26810.0,727320.0,3.692298073354881,2.830963403005486,1.9337881329892284,2911254d25b48e8560e6fdac5481c650b0a1816803e90b2cb3ce7b7dcd28238e,semantic_live_support,True,128,1280,57984,896,1536,8388608,50,5,a8eda7f06b624613a7b606248bf0012b
epfl,validation_reused,epfl-arithmetic-sqrt-po56-f681a5806f,,08c917b6f5d4403578735f27f1b4d9a707d04213386d5399f4719299bf90969a,08c917b6f5d4403578735f27f1b4d9a707d04213386d5399f4719299bf90969a,2fdf59877a0f1ceba46a2a3aca5457e05c47ac24ceb69839a4c12d071cf62300,sqrt.aig,16,615,319537861997,492,121222.0,271.0,476,841,599,49,,,,550245.0,735142.0,299029.0,15557,7422934.0,7343094.7959423065,491401.18062496185,645102.933049202,1764658.8385105133,1730551.9431829453,656614.0,,skipped_source_protocol,,,1102848.8,474673.4,486900.0,7933791.0,,0.4304065978944711,1.0257579211306131,08c917b6f5d4403578735f27f1b4d9a707d04213386d5399f4719299bf90969a,semantic_live_support,True,8192,131072,,,401408,8388608,5,5,f681a5806f8a35c8f2ce27c64cdbb9a5
epfl,validation_reused,epfl-arithmetic-sqrt-po57-bf55ec5ca5,,887381e00e8341985e2f4c4a753e64206825d568f1989680a9120b415f0b0fb8,887381e00e8341985e2f4c4a753e64206825d568f1989680a9120b415f0b0fb8,2fdf59877a0f1ceba46a2a3aca5457e05c47ac24ceb69839a4c12d071cf62300,sqrt.aig,14,461,1366847531,370,92949.0,280.0,356,629,447,42,,,,403845.0,523184.0,225287.0,11595,5215005.0,5140254.274010658,366427.0043373108,481873.7506866455,1182259.9917650223,1121256.5004825592,497746.0,,skipped_source_protocol,,,288101.8,255226.4,310506.0,5361055.0,,0.8858896403979427,1.0777648733885037,887381e00e8341985e2f4c4a753e64206825d568f1989680a9120b415f0b0fb8,semantic_live_support,True,2048,28672,,,86016,8388608,5,5,bf55ec5ca5dad499ebc74cc64b2a8a12
epfl,validation_reused,epfl-arithmetic-sqrt-po58-036819cd52,,1edc01d694775274693859415b28a12a7e474c3aa52d13ee8d3b87e304aad8db,1edc01d694775274693859415b28a12a7e474c3aa52d13ee8d3b87e304aad8db,2fdf59877a0f1ceba46a2a3aca5457e05c47ac24ceb69839a4c12d071cf62300,sqrt.aig,12,327,11332465,264,59178.0,251.0,252,445,315,33,,,,286820.0,360821.0,169705.0,8149,3542860.0,3524221.4798927307,263450.66726207733,330945.4768896103,819407.4034690857,683218.240737915,339869.0,,skipped_source_protocol,,,90396.0,170035.3,108292.0,3620086.0,,1.8810046904730298,1.1979733616531705,1edc01d694775274693859415b28a12a7e474c3aa52d13ee8d3b87e304aad8db,semantic_live_support,True,512,6144,,,16896,8388608,20,5,036819cd523fab5b811a6a6701bd597b
epfl,validation_reused,epfl-arithmetic-sqrt-po59-fa6cca6484,,256f9b141dd39200db1847d03423d5f3524faed05e9b5320913137e807626310,256f9b141dd39200db1847d03423d5f3524faed05e9b5320913137e807626310,2fdf59877a0f1ceba46a2a3aca5457e05c47ac24ceb69839a4c12d071cf62300,sqrt.aig,10,213,178657,177,39289.0,261.0,167,290,203,26,,,,191988.0,224466.0,112148.0,5215,2171304.0,2146728.3368110657,156747.17724323273,207388.773560524,523861.49764060974,364113.59906196594,229524.0,,skipped_source_protocol,,,35204.38,109625.3,49014.0,2163372.0,,3.113967636981535,1.3922699391382551,256f9b141dd39200db1847d03423d5f3524faed05e9b5320913137e807626310,semantic_live_support,True,128,1280,,,3328,8388608,50,5,fa6cca64840141a82161456bf270112e
epfl,validation_reused,epfl-arithmetic-sqrt-po60-dfcf257f53,,6b8bffdb7c7349ae997eb466bb5e536075207cf52b23433bdda570eacff4162f,6b8bffdb7c7349ae997eb466bb5e536075207cf52b23433bdda570eacff4162f,2fdf59877a0f1ceba46a2a3aca5457e05c47ac24ceb69839a4c12d071cf62300,sqrt.aig,8,121,5235,105,23555.0,261.0,97,165,113,18,3732,5962,3732,116044.0,127551.0,63916.0,2871,1145347.0,1130392.774939537,77383.59272480011,99573.2843875885,302799.0460395813,159978.86657714844,132028.0,3638282.0,ok,590027.59,2145999.26,19808.59,61750.45,34662.0,1169403.0,3.637116799911001,3.1173571667645197,1.7498469098507263,6b8bffdb7c7349ae997eb466bb5e536075207cf52b23433bdda570eacff4162f,semantic_live_support,True,32,256,167520,352,576,8388608,100,5,dfcf257f53982cf506894d39cb27dc60
epfl,validation_reused,epfl-arithmetic-sqrt-internal35-0d85c1edda,,878b0dc406d6e458ba4487335c2e75415103fde3d496590fac7466c13088321e,878b0dc406d6e458ba4487335c2e75415103fde3d496590fac7466c13088321e,2fdf59877a0f1ceba46a2a3aca5457e05c47ac24ceb69839a4c12d071cf62300,sqrt.aig,8,76,749,70,18688.0,210.0,62,102,68,13,533,851,533,69875.0,76094.0,41842.0,1762,665007.0,655874.6099472046,41209.16128158569,54677.948355674744,179357.8267097473,79890.71309566498,84176.0,386910.0,ok,81260.08,300269.02,12554.81,38956.39,26250.0,700449.0,3.6951602804230568,3.1029055796145064,2.0908321193231916,878b0dc406d6e458ba4487335c2e75415103fde3d496590fac7466c13088321e,semantic_live_support,True,32,256,23968,288,416,8388608,100,5,0d85c1edda445ca2d248f877ecd2d95f
epfl,validation_reused,epfl-arithmetic-sqrt-internal245-d665cc05c9,,aa8cecf0d7790f3461d1c4af822dc58fa68fcdd5c8e974bee90e4da4be65647f,aa8cecf0d7790f3461d1c4af822dc58fa68fcdd5c8e974bee90e4da4be65647f,2fdf59877a0f1ceba46a2a3aca5457e05c47ac24ceb69839a4c12d071cf62300,sqrt.aig,12,299,5238153,247,56244.0,241.0,235,408,287,31,,,,267050.0,340670.0,172449.0,7407,3223521.0,3207806.497812271,231249.25792217255,308187.67845630646,746566.8022632599,608278.438448906,319850.0,,skipped_source_protocol,,,83930.3,156249.2,96314.0,3262920.0,,1.86165425358899,1.1475474292359256,aa8cecf0d7790f3461d1c4af822dc58fa68fcdd5c8e974bee90e4da4be65647f,semantic_live_support,True,512,6144,,,15872,8388608,20,5,d665cc05c98f0539cebc8485d4de97bf
epfl,validation_reused,epfl-arithmetic-sqrt-internal572-4cc8f15071,,579236a307516f9e4b6378aa4e5ecbd17300382b6eb394beb39cf4d3b992593e,579236a307516f9e4b6378aa4e5ecbd17300382b6eb394beb39cf4d3b992593e,2fdf59877a0f1ceba46a2a3aca5457e05c47ac24ceb69839a4c12d071cf62300,sqrt.aig,16,642,1899735334685,509,120451.0,260.0,493,876,626,47,,,,567370.0,752518.0,325468.0,16275,7787511.0,7749514.654278755,520337.37301826477,681059.4350099564,1633455.976843834,1865651.4585018158,683835.0,,skipped_source_protocol,,,1146664.4,497509.6,510105.0,9334080.0,,0.43387550882368026,1.0253168984075887,579236a307516f9e4b6378aa4e5ecbd17300382b6eb394beb39cf4d3b992593e,semantic_live_support,True,8192,131072,,,385024,8388608,5,5,4cc8f150710053e26b2220fa48c91d68
epfl,validation_reused,epfl-arithmetic-square-po8-79f4d8bbc0,,e9019db4e4836eb23117e60dab498591ce57a879524e71ce80b85c2fe7480865,e9019db4e4836eb23117e60dab498591ce57a879524e71ce80b85c2fe7480865,c3fe8598cf501743043cf573b7226478a06be9dfb180d17bca77cdfbe667d784,square.aig,8,157,2341,150,38758.0,351.0,142,218,149,15,1411,1893,1411,161743.0,165478.0,80611.0,3764,1434930.0,1415902.7487039566,95982.10453987122,104153.52880954742,378441.06554985046,190962.10598945618,190346.0,1277114.0,ok,197411.96,948009.9,28008.37,85591.07,48142.0,1820419.0,4.802190809513264,3.055910429632285,1.7188433314755553,e9019db4e4836eb23117e60dab498591ce57a879524e71ce80b85c2fe7480865,semantic_live_support,True,32,256,74912,320,480,8388608,100,5,79f4d8bbc074cdc084c960530bf8e08b
epfl,validation_reused,epfl-arithmetic-square-po9-6849ed374c,,6f7a70c010ef837cd8692273bc1237a0dcb5f7351652921433c8142c1c008302,6f7a70c010ef837cd8692273bc1237a0dcb5f7351652921433c8142c1c008302,c3fe8598cf501743043cf573b7226478a06be9dfb180d17bca77cdfbe667d784,square.aig,9,212,5209,204,42894.0,270.0,195,297,203,24,3135,4197,3135,216795.0,228002.0,104567.0,5138,1957153.0,1931075.006723404,129060.81974506378,145584.3448638916,512160.36081314087,264758.24415683746,258868.0,3322369.0,ok,461861.4,2098847.18,38697.6,116247.42,52159.0,1998435.0,4.544322560837515,3.0039955966261473,1.3478613660795502,6f7a70c010ef837cd8692273bc1237a0dcb5f7351652921433c8142c1c008302,semantic_live_support,True,64,576,333376,704,1536,8388608,50,5,6849ed374cf32f09770ff27a40a0d775
epfl,validation_reused,epfl-arithmetic-square-po10-805e4729e4,,ad2e42ab42b67756eba0fd06d114a30d066dce5cfe5f5db6cf11c8e48a744383,ad2e42ab42b67756eba0fd06d114a30d066dce5cfe5f5db6cf11c8e48a744383,c3fe8598cf501743043cf573b7226478a06be9dfb180d17bca77cdfbe667d784,square.aig,10,288,10477,275,61121.0,361.0,265,407,278,18,6311,8457,6311,288332.0,315963.0,149474.0,7030,2691484.0,2679804.340004921,182423.74062538147,199304.89361286163,702280.5511951447,382710.2482318878,353490.0,7283666.0,ok,954402.4,4142967.36,52932.34,157911.86,66930.0,2712445.0,4.340902076524535,2.983277519943384,1.2644443831502632,ad2e42ab42b67756eba0fd06d114a30d066dce5cfe5f5db6cf11c8e48a744383,semantic_live_support,True,128,1280,1341056,1536,2304,8388608,50,5,805e4729e44fda0f5af09adb21a05a13
epfl,validation_reused,epfl-arithmetic-square-po11-4ea9428b58,,17c8bf5944eb995db10c2199fb2c83b50362fddedaa5a3117711da069871e0c0,17c8bf5944eb995db10c2199fb2c83b50362fddedaa5a3117711da069871e0c0,c3fe8598cf501743043cf573b7226478a06be9dfb180d17bca77cdfbe667d784,square.aig,11,367,17285,349,78017.0,250.0,338,521,356,19,10407,13937,10407,377566.0,414110.0,182753.0,9000,3479955.0,3466064.1103982925,232346.35591506958,257950.27613639832,899495.5569505692,518016.517162323,447520.0,11500315.0,ok,1937814.75,6987826.3,78077.05,202724.85,92498.0,3516240.0,3.606034219731272,2.59647169046474,1.1847015224063921,17c8bf5944eb995db10c2199fb2c83b50362fddedaa5a3117711da069871e0c0,semantic_live_support,True,256,2816,4424960,3072,4864,8388608,20,5,4ea9428b58db320f7cf290e9f6743231
epfl,validation_reused,epfl-arithmetic-square-po12-3163147af5,,08f494ce64d82a0932d5ac914691fb39eef2556e471b3dce37c2df7533856e25,08f494ce64d82a0932d5ac914691fb39eef2556e471b3dce37c2df7533856e25,c3fe8598cf501743043cf573b7226478a06be9dfb180d17bca77cdfbe667d784,square.aig,12,459,32381,438,96825.0,300.0,426,655,447,22,19555,26285,19555,477826.0,504446.0,234141.0,11288,4386014.0,4329107.701778412,282492.4886226654,329673.29025268555,1123026.0133743286,692008.0631971359,566740.0,21676077.0,refused_temporary_budget,,,143603.7,257259.05,161192.0,4458853.0,,1.7914514041072755,1.1224780420003104,08f494ce64d82a0932d5ac914691fb39eef2556e471b3dce37c2df7533856e25,semantic_live_support,True,512,6144,16579072,7168,11264,8388608,20,5,3163147af54dcaa081b4fe8b21d13034
epfl,validation_reused,epfl-arithmetic-square-po13-eca0925c59,,9ae718a4bd6eb26aafff891eb98132b81be08769509e4c27d8d89bb8d8f5118f,9ae718a4bd6eb26aafff891eb98132b81be08769509e4c27d8d89bb8d8f5118f,c3fe8598cf501743043cf573b7226478a06be9dfb180d17bca77cdfbe667d784,square.aig,13,551,52801,525,116514.0,391.0,512,788,538,24,31907,42921,31907,570335.0,599809.0,268943.0,13600,5422928.0,5401315.167546272,352405.01165390015,395407.90021419525,1349844.0384864807,867150.7239341736,664035.0,38218539.0,refused_temporary_budget,,,256598.6,314239.0,269805.0,5401856.0,,1.2246325584005524,1.0514671553157344,9ae718a4bd6eb26aafff891eb98132b81be08769509e4c27d8d89bb8d8f5118f,semantic_live_support,True,1024,13312,54068224,14336,24576,8388608,5,5,eca0925c592628dc2497f28ce408e77e
epfl,validation_reused,epfl-arithmetic-square-po14-e64d8827d4,,4981afcc4d4520dc7f0b099de623c7eaa4910c0fa1a4b295cf331a6cf8768dc2,4981afcc4d4520dc7f0b099de623c7eaa4910c0fa1a4b295cf331a6cf8768dc2,c3fe8598cf501743043cf573b7226478a06be9dfb180d17bca77cdfbe667d784,square.aig,14,654,80445,628,134792.0,450.0,614,941,640,39,,,,677014.0,703134.0,327501.0,16149,6408895.0,6383156.403899193,409772.6196050644,457828.8644552231,1607995.480298996,1027731.2248945236,799969.0,,skipped_source_protocol,,,454322.8,387715.0,477736.0,6752940.0,,0.8533910250597153,1.0515342835534558,4981afcc4d4520dc7f0b099de623c7eaa4910c0fa1a4b295cf331a6cf8768dc2,semantic_live_support,True,2048,28672,,,79872,8388608,5,5,e64d8827d4d43d7b6102b9359591d740
epfl,validation_reused,epfl-arithmetic-square-po15-ffd477ae96,,421c5916b980efdbdda8673156a5471fdca87a3ee1efa0e169cea2e4b8ea010d,421c5916b980efdbdda8673156a5471fdca87a3ee1efa0e169cea2e4b8ea010d,c3fe8598cf501743043cf573b7226478a06be9dfb180d17bca77cdfbe667d784,square.aig,15,770,122557,737,156285.0,340.0,722,1110,755,46,,,,800560.0,845047.0,377285.0,19082,7703024.0,7597807.794809341,482659.786939621,550987.1989488602,1896951.3475894928,1284904.7780036926,937935.0,,skipped_source_protocol,,,881927.8,537449.4,904866.0,8423825.0,,0.6094029465904125,1.0260091585728446,421c5916b980efdbdda8673156a5471fdca87a3ee1efa0e169cea2e4b8ea010d,semantic_live_support,True,4096,61440,,,188416,8388608,5,5,ffd477ae96c74a84e947ac8939371503
epfl,validation_reused,epfl-random_control-arbiter-internal7-1db4c51be9,,ee8c072f36f562cbe66d5db95916dc3520a0df79d1c9c3fcab43aa8acd69c648,ee8c072f36f562cbe66d5db95916dc3520a0df79d1c9c3fcab43aa8acd69c648,0eacc0a97717bbc91f732ce6814bbfcdefa8a0b65b13ade6f002e35d0e585d82,arbiter.aig,8,26,28,23,4657.0,221.0,15,28,18,8,19,30,19,22794.0,24167.0,17847.0,590,198347.0,194281.33964538574,9292.736649513245,14739.111065864563,59967.86057949066,16029.924154281616,26780.0,16614.0,ok,3568.55,12093.23,3784.77,10664.68,14792.0,228693.0,3.3888358016561346,2.8177881350782217,3.908295616378274,ee8c072f36f562cbe66d5db95916dc3520a0df79d1c9c3fcab43aa8acd69c648,semantic_live_support,True,32,256,896,160,256,8388608,100,5,1db4c51be911b1a86d9e43d761107704
epfl,validation_reused,epfl-random_control-arbiter-internal2404-73be6ac31e,,27749e21417ede053c79774e373b3530dc25a0f866bbf077d10739aaf6d8b6eb,27749e21417ede053c79774e373b3530dc25a0f866bbf077d10739aaf6d8b6eb,0eacc0a97717bbc91f732ce6814bbfcdefa8a0b65b13ade6f002e35d0e585d82,arbiter.aig,11,37,41,32,6269.0,230.0,21,40,26,11,28,44,28,31367.0,32659.0,21412.0,837,280361.0,275453.5526037216,13621.523976325989,22431.835532188416,83699.82242584229,25928.020477294922,34622.0,22814.0,ok,6300.45,17469.2,6442.15,15199.25,17186.0,305638.0,2.7726908395432073,2.3593443182788354,2.667742911916053,27749e21417ede053c79774e373b3530dc25a0f866bbf077d10739aaf6d8b6eb,semantic_live_support,True,256,2816,10496,1024,2816,8388608,20,5,73be6ac31eaef6ba562a01ac384577f2
epfl,validation_reused,epfl-random_control-arbiter-internal4039-8a2c198584,,f30a305a5b9c4bf8cff7da9e508a99d17b56a44a23cdd25e25ba18a30743e3dd,f30a305a5b9c4bf8cff7da9e508a99d17b56a44a23cdd25e25ba18a30743e3dd,0eacc0a97717bbc91f732ce6814bbfcdefa8a0b65b13ade6f002e35d0e585d82,arbiter.aig,14,48,54,41,7581.0,210.0,27,52,34,14,37,58,37,39349.0,44296.0,27361.0,1084,376895.0,371165.57359695435,19159.168004989624,30981.37676715851,108906.99923038483,38873.40426445007,45248.0,30615.0,ok,27385.0,25452.2,24408.6,21854.8,37707.0,421091.0,0.9294212159941574,0.8953729423236073,1.5448243651827636,f30a305a5b9c4bf8cff7da9e508a99d17b56a44a23cdd25e25ba18a30743e3dd,semantic_live_support,True,2048,28672,110592,8192,28672,8388608,5,5,8a2c198584ee4ae28c08c8fcbe50497c
epfl,validation_reused,epfl-random_control-arbiter-internal11831-1c7490a3b2,,2b8e753c2efa059010b3aecd6c00bff0a1a09c0f08d5d4522ffef4d207c1fb0c,2b8e753c2efa059010b3aecd6c00bff0a1a09c0f08d5d4522ffef4d207c1fb0c,0eacc0a97717bbc91f732ce6814bbfcdefa8a0b65b13ade6f002e35d0e585d82,arbiter.aig,16,47,47,33,6289.0,231.0,17,47,31,17,31,47,31,32599.0,42744.0,26299.0,1058,391536.0,386128.2020807266,25324.52344894409,43034.55352783203,112589.44869041443,36042.18363761902,31918.0,25789.0,ok,66307.4,30942.4,60092.2,25664.4,41992.0,445568.0,0.4666507810591277,0.42708371469175704,1.6361964433222673,2b8e753c2efa059010b3aecd6c00bff0a1a09c0f08d5d4522ffef4d207c1fb0c,semantic_live_support,True,8192,131072,385024,49152,139264,8388608,5,5,1c7490a3b226ba14ca0dee60f7d0858f
epfl,validation_reused,epfl-random_control-cavlc-po0-ba667d014f,,b7f5b19da4b0d11c61dde7efbd6c3094a52060f48535ac34550d807ffb6119ca,b7f5b19da4b0d11c61dde7efbd6c3094a52060f48535ac34550d807ffb6119ca,125e0fdeb41ccadac5e6ada71f3c416fd026cfcbc8e75ad1c6b57ddc2b100f31,cavlc.aig,10,235,456,208,45809.0,300.0,198,328,225,23,317,496,317,212699.0,258327.0,124998.0,5656,2213287.0,2203132.9572200775,143794.34287548065,191101.8043756485,580390.91527462,280423.0898618698,264075.0,258938.0,ok,50849.2,185438.52,40911.52,125890.48,55282.0,2182351.0,3.646832595203071,3.0771401307015727,1.3512575431076628,b7f5b19da4b0d11c61dde7efbd6c3094a52060f48535ac34550d807ffb6119ca,semantic_live_support,True,128,1280,58368,1152,2944,8388608,50,5,ba667d014f0acfe16f8b6dfe6d7986ae
epfl,validation_reused,epfl-random_control-cavlc-po1-8237be7ae9,,ad6c2515c3750f7d7ca1584904637ad15bad2e1b0323d2f162b2ff05fb241c95,ad6c2515c3750f7d7ca1584904637ad15bad2e1b0323d2f162b2ff05fb241c95,125e0fdeb41ccadac5e6ada71f3c416fd026cfcbc8e75ad1c6b57ddc2b100f31,cavlc.aig,10,243,458,217,52769.0,291.0,207,340,233,23,316,491,316,220801.0,259499.0,127471.0,5861,2239777.0,2212295.3087091446,142164.52836990356,192699.95391368866,596176.8329143524,284878.53705883026,270476.0,243405.0,ok,50150.76,185901.22,42401.16,130876.54,54842.0,2411244.0,3.7068475133776637,3.086626403617259,1.2934080105355608,ad6c2515c3750f7d7ca1584904637ad15bad2e1b0323d2f162b2ff05fb241c95,semantic_live_support,True,128,1280,58624,1152,2944,8388608,50,5,8237be7ae99d2205294c6d3d73e219c9
epfl,validation_reused,epfl-random_control-cavlc-po2-0b6bf76197,,3f9035e35bcdf5ca5fd3de5a0bb4cfafc86df2a24dbce3c4656bd2eea0021b1b,3f9035e35bcdf5ca5fd3de5a0bb4cfafc86df2a24dbce3c4656bd2eea0021b1b,125e0fdeb41ccadac5e6ada71f3c416fd026cfcbc8e75ad1c6b57ddc2b100f31,cavlc.aig,10,233,428,207,44357.0,230.0,197,326,223,21,296,461,296,219649.0,246480.0,121913.0,5598,2138054.0,2111135.0506544113,134194.2697763443,183975.32403469086,565771.0134983063,269221.14193439484,260621.0,221993.0,ok,46945.76,173600.38,40248.32,125175.6,61592.0,2321730.0,3.6978926318372523,3.1100826071746597,1.530299898231777,3f9035e35bcdf5ca5fd3de5a0bb4cfafc86df2a24dbce3c4656bd2eea0021b1b,semantic_live_support,True,128,1280,54784,1152,2688,8388608,50,5,0b6bf7619752055dda52cb3c98c0ba51
epfl,validation_reused,epfl-random_control-cavlc-po3-d0da020a7b,,1bf307e9ff2838b6a583a95cf843eb0a75d2f9d6a548a73e7df5e639b6a169ce,1bf307e9ff2838b6a583a95cf843eb0a75d2f9d6a548a73e7df5e639b6a169ce,125e0fdeb41ccadac5e6ada71f3c416fd026cfcbc8e75ad1c6b57ddc2b100f31,cavlc.aig,10,184,331,170,39078.0,291.0,160,258,174,18,229,357,229,175844.0,191397.0,91187.0,4377,1671936.0,1650474.9655723572,102877.61688232422,137381.25562667847,454992.05589294434,208085.40284633636,211827.0,171196.0,ok,36367.92,134681.24,32674.18,98201.18,45959.0,1696052.0,3.7032978515130917,3.0054673139463635,1.406584648796083,1bf307e9ff2838b6a583a95cf843eb0a75d2f9d6a548a73e7df5e639b6a169ce,semantic_live_support,True,128,1280,42368,896,2304,8388608,50,5,d0da020a7b95c11e6d7d7627199f4168
epfl,validation_reused,epfl-random_control-cavlc-po4-40d9e418e9,,148654f802619c32a13e3b78596545a8e656a017d464e6b1fb7bf67a368347fb,148654f802619c32a13e3b78596545a8e656a017d464e6b1fb7bf67a368347fb,125e0fdeb41ccadac5e6ada71f3c416fd026cfcbc8e75ad1c6b57ddc2b100f31,cavlc.aig,8,34,43,29,6369.0,211.0,21,39,26,8,29,45,29,29454.0,35152.0,21512.0,781,279258.0,274110.5854511261,16586.855053901672,22180.378437042236,78195.7060098648,25978.311896324158,35063.0,24276.0,ok,5039.65,18165.32,5161.34,15181.46,17286.0,304707.0,3.6044804698739004,2.941379564221694,3.349130264621203,148654f802619c32a13e3b78596545a8e656a017d464e6b1fb7bf67a368347fb,semantic_live_support,True,32,256,1376,128,256,8388608,100,5,40d9e418e9ad2c10461dcd2750750511
epfl,validation_reused,epfl-random_control-cavlc-po5-ce52440322,,b76afe3d11b181cfe719b4f00a85bc0bbfdaaefcd3d218e73878c99ffbf92040,b76afe3d11b181cfe719b4f00a85bc0bbfdaaefcd3d218e73878c99ffbf92040,125e0fdeb41ccadac5e6ada71f3c416fd026cfcbc8e75ad1c6b57ddc2b100f31,cavlc.aig,8,30,38,23,5268.0,180.0,15,32,22,7,25,38,25,24607.0,30465.0,19670.0,695,258327.0,246006.99543952942,15234.574675559998,20613.893866539,69132.07471370697,24529.173970222473,27932.0,22273.0,ok,4406.4,16257.17,3999.6,12780.76,15052.0,281011.0,3.6894448983297026,3.1955095509550957,3.7633763376337637,b76afe3d11b181cfe719b4f00a85bc0bbfdaaefcd3d218e73878c99ffbf92040,semantic_live_support,True,32,256,1216,160,224,8388608,100,5,ce52440322af5b36785b2ef176ab89a7
epfl,validation_reused,epfl-random_control-cavlc-po6-6ee697114e,,94c7e39f483d33b821222ab1c28ed106a56972cbbfb10cfd7e3712e95e829702,94c7e39f483d33b821222ab1c28ed106a56972cbbfb10cfd7e3712e95e829702,125e0fdeb41ccadac5e6ada71f3c416fd026cfcbc8e75ad1c6b57ddc2b100f31,cavlc.aig,10,218,415,195,42594.0,341.0,185,304,208,22,287,447,287,199669.0,240531.0,114863.0,5245,2012667.0,1988511.5325450897,131377.9503107071,172354.28094863892,542268.1570053101,254826.620221138,248072.0,239850.0,ok,45897.38,168815.6,37863.54,117146.58,56365.0,2184274.0,3.6781097308822424,3.0939151489797307,1.4886352411845274,94c7e39f483d33b821222ab1c28ed106a56972cbbfb10cfd7e3712e95e829702,semantic_live_support,True,128,1280,53120,1280,2816,8388608,50,5,6ee697114edf2051ba26906fbbf629b7
epfl,validation_reused,epfl-random_control-cavlc-po7-01ca37e2be,,c7a070a0fcff55cad677a5106cfafc82368d763c0dbca0372661ff6cf90b1191,c7a070a0fcff55cad677a5106cfafc82368d763c0dbca0372661ff6cf90b1191,125e0fdeb41ccadac5e6ada71f3c416fd026cfcbc8e75ad1c6b57ddc2b100f31,cavlc.aig,10,226,440,195,42624.0,390.0,185,311,216,22,301,464,301,199299.0,245448.0,113771.0,5490,2107949.0,2081379.2943954468,145297.49751091003,182885.67662239075,551065.4300451279,273050.7403612137,253971.0,229734.0,ok,47515.22,178645.54,38299.6,121428.6,52098.0,2287989.0,3.759754032497377,3.1704926422208066,1.3602753031363253,c7a070a0fcff55cad677a5106cfafc82368d763c0dbca0372661ff6cf90b1191,semantic_live_support,True,128,1280,56320,1280,2816,8388608,50,5,01ca37e2be419a2c60942be2f90a1acb
epfl,validation_reused,epfl-random_control-dec-po0-829c8b783a,,6cc4f0e930b34481d03a4134331852eaed66667e3b3d8605f7cd3777551d2b6f,6cc4f0e930b34481d03a4134331852eaed66667e3b3d8605f7cd3777551d2b6f,38def606e795975e469273411ee9217bc43656c57e6f6eeda3ea640452fa3443,dec.aig,8,22,22,16,3425.0,231.0,8,21,14,8,14,21,14,16805.0,21703.0,20411.0,504,180020.0,176195.05524635315,10607.7641248703,16627.833247184753,51589.68269824982,14122.575521469116,17796.0,14411.0,ok,2815.82,9757.92,2633.55,7886.62,14031.0,189945.0,3.46539196397497,2.9946725902299174,5.327789485675229,6cc4f0e930b34481d03a4134331852eaed66667e3b3d8605f7cd3777551d2b6f,semantic_live_support,True,32,256,704,160,256,8388608,100,5,829c8b783a390c59545980cb92685906
epfl,validation_reused,epfl-random_control-dec-po1-c4c60ec16a,,671eaa12d76be21eb2ced2f61ac1e98df94c1952c2cdfc047895c74f15a7f3fa,671eaa12d76be21eb2ced2f61ac1e98df94c1952c2cdfc047895c74f15a7f3fa,38def606e795975e469273411ee9217bc43656c57e6f6eeda3ea640452fa3443,dec.aig,8,21,21,15,3104.0,200.0,7,19,13,7,13,19,13,16064.0,18778.0,14892.0,484,167971.0,164456.66551589966,10613.352060317993,15409.663319587708,47411.76962852478,13770.535588264465,16895.0,13821.0,ok,2615.12,9434.34,2441.76,7493.73,12569.0,180561.0,3.6076126525742604,3.0689871240416746,5.147516545442631,671eaa12d76be21eb2ced2f61ac1e98df94c1952c2cdfc047895c74f15a7f3fa,semantic_live_support,True,32,256,672,160,224,8388608,100,5,c4c60ec16a7409920fc63251b4391178
epfl,validation_reused,epfl-random_control-dec-po2-f57f2d2e2b,,5481b8528ef488d0a4ed259244306aff83145b7d675e159efece21def7561297,5481b8528ef488d0a4ed259244306aff83145b7d675e159efece21def7561297,38def606e795975e469273411ee9217bc43656c57e6f6eeda3ea640452fa3443,dec.aig,8,21,21,15,3045.0,221.0,7,19,13,7,13,19,13,15073.0,18317.0,13820.0,484,165688.0,162223.35398197174,10248.273611068726,15506.520867347717,47035.51530838013,13992.19036102295,16434.0,13370.0,ok,2605.11,9349.61,2537.7,7511.06,14823.0,180320.0,3.588950178687272,2.95979036135083,5.841115971154983,5481b8528ef488d0a4ed259244306aff83145b7d675e159efece21def7561297,semantic_live_support,True,32,256,672,160,224,8388608,100,5,f57f2d2e2b1d31675060cf3bf1219b69
epfl,validation_reused,epfl-random_control-dec-po3-4364177137,,59e7addb5e068640de3f8fb015017e7aa7495430d2533f87d4ece9f7ee548fa3,59e7addb5e068640de3f8fb015017e7aa7495430d2533f87d4ece9f7ee548fa3,38def606e795975e469273411ee9217bc43656c57e6f6eeda3ea640452fa3443,dec.aig,8,20,20,14,2875.0,210.0,6,17,12,6,12,17,12,15003.0,18738.0,14552.0,464,171366.0,167893.24581623077,9786.337614059448,14556.57184123993,45839.69712257385,14415.010809898376,15984.0,13981.0,ok,2456.78,8971.34,2277.22,7076.6,12379.0,174742.0,3.651666001839806,3.1075609734676495,5.436014087352123,59e7addb5e068640de3f8fb015017e7aa7495430d2533f87d4ece9f7ee548fa3,semantic_live_support,True,32,256,640,160,192,8388608,100,5,4364177137cb0b31ea980fceca1a6e48
epfl,validation_reused,epfl-random_control-dec-po4-e56e9dcbed,,d140e61d738c3298875886b8d8de576e48ff5c7e9f4d0e66d0149d0bdee19f49,d140e61d738c3298875886b8d8de576e48ff5c7e9f4d0e66d0149d0bdee19f49,38def606e795975e469273411ee9217bc43656c57e6f6eeda3ea640452fa3443,dec.aig,8,21,21,15,3224.0,220.0,7,19,13,7,13,19,13,16385.0,20941.0,15403.0,484,167891.0,164216.38429164886,10320.916771888733,15562.400221824646,47458.335757255554,14223.158359527588,17396.0,14041.0,ok,2647.77,9263.88,2460.69,7528.48,12800.0,186750.0,3.4987480030365172,3.059499571258468,5.201792993022282,d140e61d738c3298875886b8d8de576e48ff5c7e9f4d0e66d0149d0bdee19f49,semantic_live_support,True,32,256,672,160,224,8388608,100,5,e56e9dcbed4ee4d67ba188065354f781
epfl,validation_reused,epfl-random_control-dec-po5-8708527f1a,,650189d78de4cf754ed237a9ddadd9686b58d85d06d82e937df6075f4cc87642,650189d78de4cf754ed237a9ddadd9686b58d85d06d82e937df6075f4cc87642,38def606e795975e469273411ee9217bc43656c57e6f6eeda3ea640452fa3443,dec.aig,8,20,20,14,2884.0,211.0,6,17,12,6,12,17,12,14482.0,18858.0,13400.0,464,161572.0,158248.46923351288,10937.45231628418,14347.955584526062,45094.63906288147,14286.48829460144,15853.0,12940.0,ok,2540.71,8840.75,2284.23,7124.28,12008.0,181933.0,3.4796375816208855,3.118897834281136,5.2569137083393525,650189d78de4cf754ed237a9ddadd9686b58d85d06d82e937df6075f4cc87642,semantic_live_support,True,32,256,640,160,192,8388608,100,5,8708527f1ac0e2ae97223419ac12a345
epfl,validation_reused,epfl-random_control-dec-po6-0e1bce9519,,8aa4012b4573828d21c20ac64d18a6ea73da0347b5d1a71442091ca48655db70,8aa4012b4573828d21c20ac64d18a6ea73da0347b5d1a71442091ca48655db70,38def606e795975e469273411ee9217bc43656c57e6f6eeda3ea640452fa3443,dec.aig,8,20,20,14,2985.0,200.0,6,17,12,6,12,17,12,15003.0,18248.0,14221.0,464,160380.0,157024.71137046814,9801.238775253296,14251.098036766052,45083.463191986084,13770.535588264465,15904.0,13340.0,ok,2477.82,8878.0,2275.41,7112.96,12799.0,178207.0,3.5829882719487287,3.1260124548982384,5.624920344025912,8aa4012b4573828d21c20ac64d18a6ea73da0347b5d1a71442091ca48655db70,semantic_live_support,True,32,256,640,160,192,8388608,100,5,0e1bce951934e2576887c3b17c43ef96
epfl,validation_reused,epfl-random_control-dec-po7-07a62f5837,,d504fd065f8d2bcd3d1d3a4b298328e09f1cb44e3106d156477e992aabe9812c,d504fd065f8d2bcd3d1d3a4b298328e09f1cb44e3106d156477e992aabe9812c,38def606e795975e469273411ee9217bc43656c57e6f6eeda3ea640452fa3443,dec.aig,8,19,19,13,2614.0,341.0,5,15,11,5,11,15,11,13841.0,17206.0,13290.0,444,155363.0,152248.88920783997,10291.114449501038,13442.710041999817,43410.807847976685,14120.712876319885,15434.0,12839.0,ok,2272.5,8581.56,2067.9,6770.25,12008.0,164336.0,3.77626402640264,3.273973596402147,5.8068571981237005,d504fd065f8d2bcd3d1d3a4b298328e09f1cb44e3106d156477e992aabe9812c,semantic_live_support,True,32,256,608,160,160,8388608,100,5,07a62f583752189739cdf8207581714a
epfl,validation_reused,epfl-random_control-i2c-po41-b4580bd004,,0745a1313e725625a421ff591e0d9715e6dec82a85ea7df2dbe8826b6ce24140,0745a1313e725625a421ff591e0d9715e6dec82a85ea7df2dbe8826b6ce24140,3f6ab413a3f745c87811fa6565d972146f1f4e6ede78fae71fcb16e469b9b213,i2c.aig,14,56,63,46,8874.0,220.0,32,64,42,12,42,64,42,44767.0,55974.0,32028.0,1273,469934.0,462284.31165218353,26829.540729522705,37260.353565216064,131323.9336013794,55361.539125442505,53660.0,41402.0,ok,30295.4,29492.2,29582.2,26201.2,42003.0,508132.0,0.9734877242089558,0.8857082975573148,1.4198741134871646,0745a1313e725625a421ff591e0d9715e6dec82a85ea7df2dbe8826b6ce24140,semantic_live_support,True,2048,28672,129024,12288,24576,8388608,5,5,b4580bd004a03184f80a40bf4bf57ba8
epfl,validation_reused,epfl-random_control-i2c-po42-455375796e,,e87145524912979e39791f7c4003bb11ed4ac15f3b104d38919631094b82010a,e87145524912979e39791f7c4003bb11ed4ac15f3b104d38919631094b82010a,3f6ab413a3f745c87811fa6565d972146f1f4e6ede78fae71fcb16e469b9b213,i2c.aig,15,59,66,48,9474.0,190.0,33,67,44,13,44,67,44,46740.0,56114.0,34061.0,1340,479999.0,472988.93332481384,26954.33795452118,38797.035813331604,134401.02338790894,57067.72208213806,51417.0,37366.0,ok,52304.4,36208.2,52586.8,33079.6,64286.0,601983.0,0.692259159841237,0.6290475936927137,1.2224740809480705,e87145524912979e39791f7c4003bb11ed4ac15f3b104d38919631094b82010a,semantic_live_support,True,4096,61440,270336,28672,53248,8388608,5,5,455375796e966a411f691ab3a7c4d3b5
epfl,validation_reused,epfl-random_control-i2c-po44-bebebe05c9,,6eff763c0a3873b7c137cd0393c10beff7bdb9e948d044cc2e0ab422ef711c25,6eff763c0a3873b7c137cd0393c10beff7bdb9e948d044cc2e0ab422ef711c25,3f6ab413a3f745c87811fa6565d972146f1f4e6ede78fae71fcb16e469b9b213,i2c.aig,14,88,136,77,16746.0,230.0,63,111,74,16,93,144,93,77616.0,90445.0,46129.0,2019,767100.0,756343.8266515732,47057.8670501709,60424.208641052246,206254.42266464233,104840.84486961365,88893.0,73470.0,ok,64402.4,61195.8,50265.4,45984.8,67030.0,846909.0,0.9502099300647181,0.9148400291254024,1.3335216669916086,6eff763c0a3873b7c137cd0393c10beff7bdb9e948d044cc2e0ab422ef711c25,semantic_live_support,True,2048,28672,278528,18432,32768,8388608,5,5,bebebe05c902b53a25f3e3c9ee760de8
epfl,validation_reused,epfl-random_control-i2c-po68-6659cda0b7,,2d73e34f6f2daef7bc8bb9d45f08152cdd237b44def8bcb5410ef8b5620f267a,2d73e34f6f2daef7bc8bb9d45f08152cdd237b44def8bcb5410ef8b5620f267a,3f6ab413a3f745c87811fa6565d972146f1f4e6ede78fae71fcb16e469b9b213,i2c.aig,13,47,52,38,7962.0,201.0,25,52,34,14,35,54,35,37537.0,47572.0,27481.0,1061,388873.0,382924.4524240494,21114.94541168213,33473.59597682953,112812.96610832214,47398.73111248016,42523.0,29444.0,ok,15909.8,23102.6,15447.2,19743.6,27371.0,420490.0,1.452098706457655,1.278134548656067,1.7719068828007665,2d73e34f6f2daef7bc8bb9d45f08152cdd237b44def8bcb5410ef8b5620f267a,semantic_live_support,True,1024,13312,53248,5120,14336,8388608,5,5,6659cda0b7df92842bccc47e46449962
epfl,validation_reused,epfl-random_control-i2c-po71-1bdb300ea1,,d9a20d913be5cdfba0722957559b9af2b666a5aeaa07119c050157cb5f34bdaf,d9a20d913be5cdfba0722957559b9af2b666a5aeaa07119c050157cb5f34bdaf,3f6ab413a3f745c87811fa6565d972146f1f4e6ede78fae71fcb16e469b9b213,i2c.aig,10,60,95,57,11407.0,240.0,47,76,50,11,66,104,66,56274.0,58858.0,34742.0,1372,492819.0,484917.3128604889,26194.37873363495,35755.33628463745,138593.83761882782,56011.60228252411,66690.0,52048.0,ok,11395.68,39409.48,10313.86,29404.86,22404.0,533910.0,3.458282436853264,2.8510043766349358,2.1722226208228537,d9a20d913be5cdfba0722957559b9af2b666a5aeaa07119c050157cb5f34bdaf,semantic_live_support,True,128,1280,12160,896,1408,8388608,50,5,1bdb300ea1180c272c3a44ce4bbaa04e
epfl,validation_reused,epfl-random_control-i2c-po72-e01c98e60e,,0b71902f31be008f6d02162daa39f47c7ff6b95f23dd647c29201886c93d4fb5,0b71902f31be008f6d02162daa39f47c7ff6b95f23dd647c29201886c93d4fb5,3f6ab413a3f745c87811fa6565d972146f1f4e6ede78fae71fcb16e469b9b213,i2c.aig,10,50,80,46,9254.0,211.0,36,61,40,9,55,86,55,46520.0,50736.0,29575.0,1140,415643.0,408431.5150976181,21988.525986671448,28753.653168678284,115871.42944335938,45424.32725429535,54301.0,42123.0,ok,9401.1,33333.54,8153.42,23649.44,20010.0,485007.0,3.545706353511823,2.9005546138920844,2.454184869662056,0b71902f31be008f6d02162daa39f47c7ff6b95f23dd647c29201886c93d4fb5,semantic_live_support,True,128,1280,10240,896,1152,8388608,50,5,e01c98e60e9e792fd949c7a738e22514
epfl,validation_reused,epfl-random_control-i2c-po73-8b0c8a5c32,,9e6f086ae708e3b7dfd830d42ba530cd33373efab8896af8ab4794741a46d754,9e6f086ae708e3b7dfd830d42ba530cd33373efab8896af8ab4794741a46d754,3f6ab413a3f745c87811fa6565d972146f1f4e6ede78fae71fcb16e469b9b213,i2c.aig,11,44,52,35,7331.0,261.0,24,50,33,12,35,54,35,34291.0,42143.0,25328.0,1001,374572.0,368582.084774971,20768.49341392517,32881.274819374084,104945.15299797058,39381.906390190125,40781.0,28833.0,ok,7457.65,22089.6,7159.7,18200.25,18237.0,378838.0,2.9620054574832553,2.542040867634119,2.547173764263866,9e6f086ae708e3b7dfd830d42ba530cd33373efab8896af8ab4794741a46d754,semantic_live_support,True,256,2816,13312,1280,3072,8388608,20,5,8b0c8a5c32c3ae5544ea6374e0cf56c1
epfl,validation_reused,epfl-random_control-i2c-po74-3bf1791a1e,,e54ca27b26f1691a561195da4fde45b721df5856793f104cc2f6b120014c587d,e54ca27b26f1691a561195da4fde45b721df5856793f104cc2f6b120014c587d,3f6ab413a3f745c87811fa6565d972146f1f4e6ede78fae71fcb16e469b9b213,i2c.aig,14,78,136,69,13771.0,211.0,55,96,64,14,94,147,94,68002.0,77296.0,43505.0,1784,675693.0,665837.898850441,37129.9684047699,49835.070967674255,189037.9935503006,95045.19402980804,81842.0,73170.0,ok,68264.2,60819.0,45934.8,39563.2,58688.0,729383.0,0.8909355123183162,0.8612903506709508,1.2776369985283489,e54ca27b26f1691a561195da4fde45b721df5856793f104cc2f6b120014c587d,semantic_live_support,True,2048,28672,278528,16384,28672,8388608,5,5,3bf1791a1e19a330524199cb7289b9d3
epfl,validation_reused,epfl-random_control-int2float-po0-03bdd5ff4c,,6e0ae2da7ac89da04fa8c34c3d99fe58bc8fb27f5f87cb8adeac548ba492750c,6e0ae2da7ac89da04fa8c34c3d99fe58bc8fb27f5f87cb8adeac548ba492750c,ad280bdb8331591998b8184ff70ad00d31184649c245796965fc6777e3016bab,int2float.aig,11,123,195,104,23405.0,280.0,93,164,112,17,134,208,134,106720.0,132128.0,72779.0,2902,1110174.0,1095030.4567813873,74952.84080505371,92489.64488506317,298811.1227750778,140432.26838111877,129323.0,103685.0,ok,25919.8,79461.6,23144.15,63252.3,35553.0,1133068.0,3.065671803023172,2.732971398820004,1.5361549246785904,6e0ae2da7ac89da04fa8c34c3d99fe58bc8fb27f5f87cb8adeac548ba492750c,semantic_live_support,True,256,2816,49920,2048,4352,8388608,20,5,03bdd5ff4c9e7ba74dd98df4b3e13c3f
epfl,validation_reused,epfl-random_control-int2float-po1-5d8e7b322c,,cc38b9dc76ffe1332b8d31ac077a17e1cdca3469c1a2d0b081a49079a518a543,cc38b9dc76ffe1332b8d31ac077a17e1cdca3469c1a2d0b081a49079a518a543,ad280bdb8331591998b8184ff70ad00d31184649c245796965fc6777e3016bab,int2float.aig,11,140,250,121,26640.0,250.0,110,188,129,17,171,264,171,128183.0,146660.0,71998.0,3324,1276453.0,1260168.8504219055,80259.51683521271,105507.67183303833,339312.47889995575,174051.15067958832,152989.0,127931.0,ok,32466.15,102153.1,26337.5,73282.3,40050.0,1375282.0,3.146449455817829,2.7824318936877077,1.5206454674893213,cc38b9dc76ffe1332b8d31ac077a17e1cdca3469c1a2d0b081a49079a518a543,semantic_live_support,True,256,2816,64000,2048,4352,8388608,20,5,5d8e7b322c52ffcea867e25a64827d0d
epfl,validation_reused,epfl-random_control-int2float-po2-6d30452990,,4ade002b7e53378e2631c88d02e3480b044e6dffcb6c7a9f1831cde8b1bfe52b,4ade002b7e53378e2631c88d02e3480b044e6dffcb6c7a9f1831cde8b1bfe52b,ad280bdb8331591998b8184ff70ad00d31184649c245796965fc6777e3016bab,int2float.aig,11,136,208,117,26720.0,271.0,106,183,125,19,139,210,139,119139.0,139559.0,68373.0,3220,1204746.0,1188552.0070791245,75703.48680019379,100167.46819019318,322420.1500415802,152103.60288619995,147421.0,108372.0,ok,26103.65,85480.65,25996.45,73395.0,38257.0,1294250.0,3.27466273873577,2.8232701003406233,1.4716240102013929,4ade002b7e53378e2631c88d02e3480b044e6dffcb6c7a9f1831cde8b1bfe52b,semantic_live_support,True,256,2816,53248,2560,4864,8388608,20,5,6d304529902c7de8d07c800e0b54ebc4
epfl,validation_reused,epfl-random_control-int2float-po3-15980bb2bc,,9b7a1eb80dc024677b1c37549ba56b32214447d257e63af9f8a4ff2b01f88cdb,9b7a1eb80dc024677b1c37549ba56b32214447d257e63af9f8a4ff2b01f88cdb,ad280bdb8331591998b8184ff70ad00d31184649c245796965fc6777e3016bab,int2float.aig,9,35,40,26,5799.0,211.0,17,39,26,9,26,39,26,31437.0,35213.0,21623.0,801,296454.0,291446.2238550186,18063.93265724182,27850.27027130127,80371.27554416656,29517.337679862976,29714.0,23785.0,ok,4569.24,16809.8,4504.56,14233.14,15894.0,306990.0,3.6789050257810927,3.1597181522723634,3.5284245298097923,9b7a1eb80dc024677b1c37549ba56b32214447d257e63af9f8a4ff2b01f88cdb,semantic_live_support,True,64,576,2560,320,576,8388608,50,5,15980bb2bc4ddf8ac669d986b3fe2987
epfl,validation_reused,epfl-random_control-int2float-po4-f28975a467,,f5ba19ceb6d88282377896a1527ed6cacb1025f8f16bea3b3222cb99cdf00b37,f5ba19ceb6d88282377896a1527ed6cacb1025f8f16bea3b3222cb99cdf00b37,ad280bdb8331591998b8184ff70ad00d31184649c245796965fc6777e3016bab,int2float.aig,11,79,116,65,14211.0,220.0,54,99,68,13,76,113,76,72489.0,82633.0,41912.0,1838,717275.0,707719.475030899,45746.564865112305,62903.38933467865,188454.9856185913,92081.72559738159,79008.0,65368.0,ok,14237.85,48228.3,14261.35,39294.9,27972.0,731987.0,3.387330250002634,2.7553422361838114,1.9613851423602955,f5ba19ceb6d88282377896a1527ed6cacb1025f8f16bea3b3222cb99cdf00b37,semantic_live_support,True,256,2816,29696,1536,3328,8388608,20,5,f28975a467467027fb13672468eee71e
epfl,validation_reused,epfl-random_control-int2float-po5-b67636a98e,,bb1610e3db0eb5ed6c93ca7fe15cf3624caf1eb398f17cd22096a71d6078868a,bb1610e3db0eb5ed6c93ca7fe15cf3624caf1eb398f17cd22096a71d6078868a,ad280bdb8331591998b8184ff70ad00d31184649c245796965fc6777e3016bab,int2float.aig,11,55,76,43,9304.0,250.0,32,62,44,8,48,69,48,52479.0,58338.0,32709.0,1288,500800.0,493029.1324853897,32506.883144378662,39089.471101760864,132564.4552707672,63778.8325548172,51126.0,42323.0,ok,9161.2,32168.75,8946.95,26446.15,20110.0,522033.0,3.511412260402567,2.9558844075355286,2.247693348012451,bb1610e3db0eb5ed6c93ca7fe15cf3624caf1eb398f17cd22096a71d6078868a,semantic_live_support,True,256,2816,19456,1536,2048,8388608,20,5,b67636a98ead5159e39ab86cf33ee5ec
epfl,validation_reused,epfl-random_control-int2float-po6-f3b25f4977,,20ff0051b893aa207f502ce373fb7624a9709a47295efaa9406ad4517d64bf83,20ff0051b893aa207f502ce373fb7624a9709a47295efaa9406ad4517d64bf83,ad280bdb8331591998b8184ff70ad00d31184649c245796965fc6777e3016bab,int2float.aig,9,23,23,17,3786.0,221.0,8,20,14,6,14,20,14,17306.0,21763.0,15894.0,530,186469.0,182583.92810821533,10874.122381210327,14219.433069229126,52521.005272865295,19289.55316543579,19479.0,14762.0,ok,2796.0,10264.18,2759.94,8473.3,13510.0,198848.0,3.6710228898426323,3.0701029732530416,4.895033950013406,20ff0051b893aa207f502ce373fb7624a9709a47295efaa9406ad4517d64bf83,semantic_live_support,True,64,576,1472,256,384,8388608,50,5,f3b25f4977d4bcf51dda67781c43f99e
epfl,validation_reused,epfl-random_control-int2float-internal25-be3b3fac1d,,4c02791891541161338fbb5fd396937592ff08c94f3d301404208cc38c60b573,4c02791891541161338fbb5fd396937592ff08c94f3d301404208cc38c60b573,ad280bdb8331591998b8184ff70ad00d31184649c245796965fc6777e3016bab,int2float.aig,9,62,84,55,11217.0,240.0,46,80,53,10,57,88,57,54532.0,62924.0,36875.0,1423,534821.0,526780.2625894547,31433.99953842163,38247.55549430847,145550.81725120544,59394.16587352753,65999.0,46219.0,ok,8990.66,35357.0,9804.3,31325.34,21923.0,542814.0,3.932636758591694,3.1950613506318657,2.2360596880960397,4c02791891541161338fbb5fd396937592ff08c94f3d301404208cc38c60b573,semantic_live_support,True,64,576,5376,384,640,8388608,50,5,be3b3fac1d823fd25e118a7cd2988a7f
epfl,validation_reused,epfl-random_control-mem_ctrl-po614-b0a54afe66,,b1861a1bb5fb48063c02ada92da89296a1303b82adafd084f6aec4b769be5b94,b1861a1bb5fb48063c02ada92da89296a1303b82adafd084f6aec4b769be5b94,390d601836717129b903a5ecc8fd96b41d322d26895d666b303c64b796bd0d1d,mem_ctrl.aig,13,59,85,53,10265.0,220.0,40,68,46,7,56,84,56,53600.0,61812.0,34061.0,1353,497035.0,488871.7085123062,26790.425181388855,34049.153327941895,136172.39892482758,66274.77705478668,60511.0,48142.0,ok,25101.6,37117.6,22243.4,29440.2,33770.0,535593.0,1.478694585205724,1.3235476590808959,1.5182031523957666,b1861a1bb5fb48063c02ada92da89296a1303b82adafd084f6aec4b769be5b94,semantic_live_support,True,1024,13312,87040,6144,7168,8388608,5,5,b0a54afe6676a053c38f0c7838100f31
epfl,validation_reused,epfl-random_control-mem_ctrl-po622-b73ccd172a,,fbd79b8ef47e3106a7154d4446110ee72b8e217901da9504e84122f655858acd,fbd79b8ef47e3106a7154d4446110ee72b8e217901da9504e84122f655858acd,390d601836717129b903a5ecc8fd96b41d322d26895d666b303c64b796bd0d1d,mem_ctrl.aig,16,111,261,95,20350.0,241.0,79,139,95,16,178,274,178,99158.0,117647.0,56334.0,2590,1021772.0,1007499.173283577,65436.58673763275,83211.80939674377,268505.88619709015,149829.31315898895,115263.0,139629.0,ok,393319.4,153824.4,192718.8,81205.8,92519.0,1274120.0,0.39109283701744685,0.4213693734083027,1.13931517206899,fbd79b8ef47e3106a7154d4446110ee72b8e217901da9504e84122f655858acd,semantic_live_support,True,8192,131072,2138112,57344,131072,8388608,5,5,b73ccd172ac9991f3ef8cd79521ebe5d
epfl,validation_reused,epfl-random_control-mem_ctrl-po623-7f80ce9c66,,174bc76a6e13974f3c04c56d4aec84fa2d602244a32d9574fa80f24ded1c4843,174bc76a6e13974f3c04c56d4aec84fa2d602244a32d9574fa80f24ded1c4843,390d601836717129b903a5ecc8fd96b41d322d26895d666b303c64b796bd0d1d,mem_ctrl.aig,16,120,415,105,21913.0,260.0,89,154,104,21,286,444,286,114872.0,125067.0,61372.0,2811,1114160.0,1099567.860364914,65863.13247680664,87535.00878810883,287469.4764614105,183198.60100746155,126419.0,211357.0,ok,638613.0,240736.8,214860.0,88198.2,100281.0,1304424.0,0.3769682107943308,0.4104914828260262,1.1369959931155058,174bc76a6e13974f3c04c56d4aec84fa2d602244a32d9574fa80f24ded1c4843,semantic_live_support,True,8192,131072,3399680,57344,172032,8388608,5,5,7f80ce9c6606a9cff5dee7e69924c7d6
epfl,validation_reused,epfl-random_control-mem_ctrl-po627-7b4af14eba,,174bc76a6e13974f3c04c56d4aec84fa2d602244a32d9574fa80f24ded1c4843,174bc76a6e13974f3c04c56d4aec84fa2d602244a32d9574fa80f24ded1c4843,390d601836717129b903a5ecc8fd96b41d322d26895d666b303c64b796bd0d1d,mem_ctrl.aig,16,110,256,94,20551.0,241.0,78,137,94,15,173,264,173,103355.0,112088.0,57696.0,2568,1012097.0,999016.6872739792,63559.04042720795,81710.51740646362,266952.44014263153,144610.1814508438,116595.0,133350.0,ok,374389.2,149247.6,189648.2,81296.0,92648.0,1241601.0,0.3986429095711094,0.42866739573589413,1.1396378665617004,174bc76a6e13974f3c04c56d4aec84fa2d602244a32d9574fa80f24ded1c4843,semantic_live_support,True,8192,131072,2097152,57344,122880,8388608,5,5,7b4af14eba4e0fd1de4e465555a67dbb
epfl,validation_reused,epfl-random_control-priority-internal17-ead80e25a7,,1e3eedb68183438cc634ee5159e66844d4ac5f4b8141245322ad1e2cc9c09f4a,1e3eedb68183438cc634ee5159e66844d4ac5f4b8141245322ad1e2cc9c09f4a,9123187c4169189f53f17a84367c4bd5f749b13298f9619ef601c5de4ee90678,priority.aig,8,49,172,49,9804.0,221.0,41,64,41,7,118,183,118,46600.0,47832.0,28713.0,1117,389514.0,383473.9327430725,19820.407032966614,26216.73047542572,112134.96327400208,42254.10521030426,58969.0,88042.0,ok,17428.62,69124.3,8515.96,24480.49,21091.0,434622.0,3.9661373074861928,2.874660050070691,2.4766438545977203,1e3eedb68183438cc634ee5159e66844d4ac5f4b8141245322ad1e2cc9c09f4a,semantic_live_support,True,32,256,5504,160,224,8388608,100,5,ead80e25a7a707e58a98e54ea2ab071d
epfl,validation_reused,epfl-random_control-priority-internal33-6197962bc5,,322ccb5a63c694ad735ba187631593ae0d85f9bc452b9fef518fa226df7bbbc6,322ccb5a63c694ad735ba187631593ae0d85f9bc452b9fef518fa226df7bbbc6,9123187c4169189f53f17a84367c4bd5f749b13298f9619ef601c5de4ee90678,priority.aig,13,88,1967,88,17926.0,300.0,75,117,75,8,1358,2108,1358,88763.0,89194.0,51277.0,2000,764175.0,753300.2644777298,68906.69465065002,47439.709305763245,204972.92280197144,109495.59509754181,106029.0,1205817.0,ok,605169.0,821192.8,38147.2,45604.4,50145.0,826278.0,1.3569644182038407,1.1954848586527977,1.3145132539216509,322ccb5a63c694ad735ba187631593ae0d85f9bc452b9fef518fa226df7bbbc6,semantic_live_support,True,1024,13312,2014208,8192,8192,8388608,5,5,6197962bc5841fedc87735bf397d9789
epfl,validation_reused,epfl-random_control-priority-internal390-5c1b8c3dc3,,28dd33a34e5477c9e28a36255872a929e77d06012353da99aff23c18605f9813,28dd33a34e5477c9e28a36255872a929e77d06012353da99aff23c18605f9813,9123187c4169189f53f17a84367c4bd5f749b13298f9619ef601c5de4ee90678,priority.aig,10,46,94,45,8443.0,230.0,35,56,36,9,66,105,66,43325.0,50947.0,26710.0,1043,369874.0,363614.41016197205,21986.663341522217,24022.534489631653,105986.37163639069,41408.464312553406,53100.0,50816.0,ok,10981.46,38662.54,7759.62,21504.42,19529.0,402063.0,3.520710360917401,2.7713238534876705,2.5167469541034224,28dd33a34e5477c9e28a36255872a929e77d06012353da99aff23c18605f9813,semantic_live_support,True,128,1280,12032,896,1152,8388608,50,5,5c1b8c3dc37c9ce71c4f40cce691208e
epfl,validation_reused,epfl-random_control-priority-internal636-78eeeb8379,,01577f70e1c9995b0e3e6cc59788f540867673be56a84ac306fb0ed333b8f3c5,01577f70e1c9995b0e3e6cc59788f540867673be56a84ac306fb0ed333b8f3c5,9123187c4169189f53f17a84367c4bd5f749b13298f9619ef601c5de4ee90678,priority.aig,16,49,51,37,7130.0,230.0,21,50,33,16,34,52,34,36164.0,44536.0,29284.0,1105,394381.0,388342.88716316223,23895.874619483948,37260.353565216064,112909.82365608215,41089.95199203491,37526.0,30927.0,ok,72606.8,33085.6,69532.2,28554.8,39309.0,465598.0,0.4556818369629291,0.4106701643267436,1.3766161906229426,01577f70e1c9995b0e3e6cc59788f540867673be56a84ac306fb0ed333b8f3c5,semantic_live_support,True,8192,131072,417792,40960,131072,8388608,5,5,78eeeb837992edfa21763c8a541c030f
epfl,validation_reused,epfl-random_control-priority-internal919-8f1126a8c9,,16abab341fb7f370e27e4dadcf81766dd0dfd0ae64469477bb2cf6614938b2af,16abab341fb7f370e27e4dadcf81766dd0dfd0ae64469477bb2cf6614938b2af,9123187c4169189f53f17a84367c4bd5f749b13298f9619ef601c5de4ee90678,priority.aig,9,26,26,19,4176.0,240.0,10,26,17,10,17,26,17,18708.0,23355.0,17106.0,590,235302.0,231416.89598560333,14381.48319721222,28649.34504032135,62579.28907871246,22504.478693008423,20340.0,16144.0,ok,3386.28,11452.56,3117.88,8983.46,13460.0,247661.0,3.382047556610794,2.8812718898738883,4.3170359346735605,16abab341fb7f370e27e4dadcf81766dd0dfd0ae64469477bb2cf6614938b2af,semantic_live_support,True,64,576,1664,192,640,8388608,50,5,8f1126a8c958341aaed77b581b1997eb
epfl,validation_reused,epfl-random_control-router-internal19-4200fe3838,,23fc335ebc04e96fb4e7a1116e3fc68a401e8eb2b8297cff732698f1a0971456,23fc335ebc04e96fb4e7a1116e3fc68a401e8eb2b8297cff732698f1a0971456,fe8d13d4efe05fc3400ab8c94c0d1ce07ee24dd2ec106f7ae3d24e962e80efbd,router.aig,8,24,24,22,4417.0,250.0,14,25,16,6,16,25,16,20982.0,21142.0,15874.0,544,183625.0,179739.66896533966,7411.465048789978,11667.609214782715,53402.03642845154,17708.16743373871,25188.0,14912.0,ok,3214.42,10506.95,3681.92,10071.19,14271.0,202133.0,3.2686923301870947,2.7353092951503566,3.8759668868416477,23fc335ebc04e96fb4e7a1116e3fc68a401e8eb2b8297cff732698f1a0971456,semantic_live_support,True,32,256,768,96,192,8388608,100,5,4200fe38385d0b56304dad3e6eb02b81
epfl,validation_reused,epfl-random_control-router-internal29-ebfa4eab0e,,b4f361622f1bc2f68bf08063a7f1fb20030b4e92daf2ece8f8bd2eaa55a27ec0,b4f361622f1bc2f68bf08063a7f1fb20030b4e92daf2ece8f8bd2eaa55a27ec0,fe8d13d4efe05fc3400ab8c94c0d1ce07ee24dd2ec106f7ae3d24e962e80efbd,router.aig,11,34,34,31,5729.0,230.0,20,36,23,8,23,36,23,29515.0,31637.0,20861.0,763,251957.0,247150.65956115723,10795.891284942627,16201.287508010864,79970.80683708191,30076.131224632263,34422.0,20631.0,ok,5483.7,14860.25,5854.3,13715.55,16214.0,278998.0,2.709894779072524,2.3428163913704454,2.7695881659634796,b4f361622f1bc2f68bf08063a7f1fb20030b4e92daf2ece8f8bd2eaa55a27ec0,semantic_live_support,True,256,2816,8704,768,2048,8388608,20,5,ebfa4eab0e74bc8c6ed30aeb1411544c
epfl,validation_reused,epfl-random_control-router-internal39-7af9c35a7e,,f67a1729e9d5531acbb12ffa5fb02094206dc61dee866b9d9b490a5c5c1333d8,f67a1729e9d5531acbb12ffa5fb02094206dc61dee866b9d9b490a5c5c1333d8,fe8d13d4efe05fc3400ab8c94c0d1ce07ee24dd2ec106f7ae3d24e962e80efbd,router.aig,14,43,43,40,7281.0,271.0,26,45,29,8,29,45,29,37886.0,40180.0,26370.0,964,330074.0,323986.63461208344,13139.09888267517,20118.430256843567,98353.25181484222,45184.046030044556,44326.0,25328.0,ok,21560.4,20252.4,22211.2,19719.6,33951.0,375272.0,0.9393332220181444,0.8878223598905056,1.5285531623685347,f67a1729e9d5531acbb12ffa5fb02094206dc61dee866b9d9b490a5c5c1333d8,semantic_live_support,True,2048,28672,88064,6144,16384,8388608,5,5,7af9c35a7e112b2839cd08d8fa30b8b1
epfl,validation_reused,epfl-random_control-router-internal104-77af71e925,,26ab8d2f3a330290d28a5f168aa4a309405d06406fcabb86d3d8e405f45ad1e1,26ab8d2f3a330290d28a5f168aa4a309405d06406fcabb86d3d8e405f45ad1e1,fe8d13d4efe05fc3400ab8c94c0d1ce07ee24dd2ec106f7ae3d24e962e80efbd,router.aig,11,42,56,33,7091.0,210.0,22,47,31,14,38,59,38,33400.0,40070.0,24747.0,958,378027.0,372286.8859767914,23264.437913894653,44083.22274684906,99694.35632228851,38350.000977516174,38547.0,31707.0,ok,8817.2,23949.85,7147.2,18213.3,18408.0,390666.0,2.7162648006169756,2.5483126259234385,2.5755540631296174,26ab8d2f3a330290d28a5f168aa4a309405d06406fcabb86d3d8e405f45ad1e1,semantic_live_support,True,256,2816,14336,1280,3584,8388608,20,5,77af71e9251e73440cb959cf402bac43
epfl,validation_reused,epfl-random_control-router-internal135-565d2a3a16,,9201cdc32d9a27d99e0addf8236830f207bc858dee515da9d3df903bac337853,9201cdc32d9a27d99e0addf8236830f207bc858dee515da9d3df903bac337853,fe8d13d4efe05fc3400ab8c94c0d1ce07ee24dd2ec106f7ae3d24e962e80efbd,router.aig,12,36,36,33,6229.0,231.0,21,37,24,7,24,37,24,32509.0,32659.0,23134.0,810,272508.0,267550.34923553467,11844.560503959656,17616.89782142639,80347.06115722656,35017.72880554199,36444.0,21943.0,ok,7941.4,15753.15,8330.45,15038.55,19469.0,351878.0,1.9836741632457753,1.8052506167133826,2.3370886326669025,9201cdc32d9a27d99e0addf8236830f207bc858dee515da9d3df903bac337853,semantic_live_support,True,512,6144,18432,1536,3584,8388608,20,5,565d2a3a163f4b2698aa927119f22d2e
epfl,validation_reused,epfl-random_control-router-internal177-832d43e9af,,ad6a855b1c0263206b617b7122ab8b4bb9667664e39c08120bbf7d38cf2c158e,ad6a855b1c0263206b617b7122ab8b4bb9667664e39c08120bbf7d38cf2c158e,fe8d13d4efe05fc3400ab8c94c0d1ce07ee24dd2ec106f7ae3d24e962e80efbd,router.aig,15,51,95,47,8423.0,210.0,32,56,36,9,65,101,65,44727.0,45668.0,28183.0,1145,400460.0,393960.6249332428,17046.92840576172,26743.85905265808,113254.41300868988,64359.97784137726,50095.0,52418.0,ok,79074.4,50856.2,44166.2,28584.8,56535.0,483034.0,0.6431436722883765,0.6472098573116999,1.2800512609189834,ad6a855b1c0263206b617b7122ab8b4bb9667664e39c08120bbf7d38cf2c158e,semantic_live_support,True,4096,61440,389120,16384,36864,8388608,5,5,832d43e9afe1ef2f4984e581e6acacd9
epfl,validation_reused,epfl-random_control-router-internal233-5ddc8d5e1b,,dec234304d115a50b977a1569748ab6d44b8743cf93a68babf841c46ba798cbc,dec234304d115a50b977a1569748ab6d44b8743cf93a68babf841c46ba798cbc,fe8d13d4efe05fc3400ab8c94c0d1ce07ee24dd2ec106f7ae3d24e962e80efbd,router.aig,16,85,253,67,13851.0,230.0,51,102,69,23,175,273,175,71777.0,88794.0,44397.0,1965,869984.0,858737.1557950974,62851.23527050018,115897.50647544861,212192.53540039062,129103.6605834961,77115.0,145949.0,ok,389702.2,151034.4,132358.2,57684.4,69805.0,981692.0,0.3875636319220163,0.4358203722927631,1.210119200338393,dec234304d115a50b977a1569748ab6d44b8743cf93a68babf841c46ba798cbc,semantic_live_support,True,8192,131072,2072576,40960,188416,8388608,5,5,5ddc8d5e1b4e33d6d415cb84321f21e3
epfl,validation_reused,epfl-random_control-voter-internal72-661c8b218d,,00ad53b87fd6d173a86443ac94b6972381d29a677c2112133d90424185c3ee91,00ad53b87fd6d173a86443ac94b6972381d29a677c2112133d90424185c3ee91,10ea098f4fca120ba55dd1abd5fab34d6a4df6099c4f411bc8592a27f9caf324,voter.aig,12,89,265,85,17546.0,230.0,73,119,77,8,185,291,185,83786.0,96925.0,49014.0,2034,714802.0,703625.3809928894,45517.4595117569,52800.40204524994,206632.53962993622,69033.35452079773,101712.0,151227.0,ok,54624.4,108107.0,25451.15,44880.25,39139.0,763204.0,1.979097253242141,1.763387901921917,1.5378087041253539,00ad53b87fd6d173a86443ac94b6972381d29a677c2112133d90424185c3ee91,semantic_live_support,True,512,6144,135680,3584,4096,8388608,20,5,661c8b218d6a9527eeb662c0cb1deaf2
epfl,validation_reused,epfl-random_control-voter-internal3075-f8954d4f09,,d17086cdb006ae47e044c0c125cdb6aaf8c917b0029278ce0cc88eef4a43a896,d17086cdb006ae47e044c0c125cdb6aaf8c917b0029278ce0cc88eef4a43a896,10ea098f4fca120ba55dd1abd5fab34d6a4df6099c4f411bc8592a27f9caf324,voter.aig,12,179,4547,168,35242.0,290.0,156,250,167,13,3161,4937,3161,168983.0,196554.0,88382.0,4274,1628992.0,1606818.288564682,114744.52912807465,126751.1397600174,440869.4803714752,220919.02792453766,211978.0,3395398.0,ok,965513.5,1887375.15,52960.85,94537.15,68002.0,1686448.0,1.954788980164441,1.7850383821256646,1.2840050716708664,d17086cdb006ae47e044c0c125cdb6aaf8c917b0029278ce0cc88eef4a43a896,semantic_live_support,True,512,6144,2328064,5632,6656,8388608,20,5,f8954d4f09d9cc98e6430789baffe087
epfl,validation_reused,epfl-random_control-voter-internal4823-4087895a60,,7c87f58d0aade6bc2554ac3faaa1b721bcb1db7833fd31f5e6b066cd2c6b3330,7c87f58d0aade6bc2554ac3faaa1b721bcb1db7833fd31f5e6b066cd2c6b3330,10ea098f4fca120ba55dd1abd5fab34d6a4df6099c4f411bc8592a27f9caf324,voter.aig,12,167,2599,161,33590.0,281.0,149,235,155,14,1807,2823,1807,162544.0,181913.0,86059.0,3959,1462141.0,1439496.8748092651,91159.71624851227,112960.11507511139,407909.97445583344,175429.50809001923,201171.0,1672276.0,ok,551219.6,1077143.85,50147.65,89030.9,70186.0,1506648.0,1.9541102130620902,1.7753753166898147,1.399587019531324,7c87f58d0aade6bc2554ac3faaa1b721bcb1db7833fd31f5e6b066cd2c6b3330,semantic_live_support,True,512,6144,1330688,5120,7168,8388608,20,5,4087895a6009aa8f117aa8f85be6db1a
epfl,validation_reused,epfl-random_control-voter-internal7179-1f4236d03b,,94b0613d0adbb661e8da4ec12a47be76198b860edad947a3ede25a4a57cf36c9,94b0613d0adbb661e8da4ec12a47be76198b860edad947a3ede25a4a57cf36c9,10ea098f4fca120ba55dd1abd5fab34d6a4df6099c4f411bc8592a27f9caf324,voter.aig,12,171,3897,163,32950.0,290.0,151,240,159,16,2709,4231,2709,165398.0,184476.0,85188.0,4064,1504755.0,1484293.4906482697,100433.8264465332,117177.14369297028,418519.60122585297,186474.9938249588,195503.0,2449711.0,ok,826424.6,1631245.8,51008.45,90549.2,66429.0,1605446.0,1.9738592002222588,1.7751803867790532,1.3023136362700691,94b0613d0adbb661e8da4ec12a47be76198b860edad947a3ede25a4a57cf36c9,semantic_live_support,True,512,6144,1995264,5632,8192,8388608,20,5,1f4236d03b0184ebbfd243a0ab581e29
epfl,validation_reused,epfl-random_control-voter-internal9182-24dfeed155,,0859ad9970b5619d8c45db08023b2bbf9bcd0d857023c08ea9bf0feb0141b0d4,0859ad9970b5619d8c45db08023b2bbf9bcd0d857023c08ea9bf0feb0141b0d4,10ea098f4fca120ba55dd1abd5fab34d6a4df6099c4f411bc8592a27f9caf324,voter.aig,12,176,3247,165,36545.0,330.0,153,246,164,17,2257,3525,2257,168142.0,187361.0,86990.0,4200,1607269.0,1586999.7441768646,119762.49516010284,129656.86619281769,428738.072514534,203993.17145347595,203565.0,2071835.0,ok,681790.3,1346172.55,51741.55,93501.15,66770.0,1659737.0,1.974467149209955,1.8070805764419502,1.2904522574217432,0859ad9970b5619d8c45db08023b2bbf9bcd0d857023c08ea9bf0feb0141b0d4,semantic_live_support,True,512,6144,1662464,5632,8704,8388608,20,5,24dfeed155ecdb25a2b71062c9aae63d
epfl,validation_reused,epfl-random_control-voter-internal10038-a5538c254b,,7ec7d00c5ff6344bdf00c9115a08a5b3d5ef20d14c28db009908bd82d5cf747a,7ec7d00c5ff6344bdf00c9115a08a5b3d5ef20d14c28db009908bd82d5cf747a,10ea098f4fca120ba55dd1abd5fab34d6a4df6099c4f411bc8592a27f9caf324,voter.aig,12,172,2598,163,33791.0,290.0,151,241,160,19,1806,2821,1806,167020.0,183104.0,89474.0,4094,1531044.0,1512216.404080391,103170.05217075348,120241.1949634552,418579.20587062836,186080.11305332184,201041.0,1388992.0,ok,546476.0,1073271.5,51028.0,91097.55,67892.0,1605757.0,1.963986524568325,1.7852463353453007,1.3304852237986988,7ec7d00c5ff6344bdf00c9115a08a5b3d5ef20d14c28db009908bd82d5cf747a,semantic_live_support,True,512,6144,1330176,5120,9728,8388608,20,5,a5538c254b4d2c474716906da6d65640
epfl,validation_reused,epfl-random_control-voter-internal10957-7dc361262b,,d4af98be3a974fa5f66ea9822e9ae42d9a7bc3a7a15b3978d33a027e25b56c66,d4af98be3a974fa5f66ea9822e9ae42d9a7bc3a7a15b3978d33a027e25b56c66,10ea098f4fca120ba55dd1abd5fab34d6a4df6099c4f411bc8592a27f9caf324,voter.aig,12,195,11047,182,37807.0,360.0,170,273,183,14,7681,11997,7681,195994.0,204967.0,95723.0,4685,1784444.0,1761199.9064683914,124542.04261302948,144014.1350030899,469574.7047662735,246331.0956954956,227811.0,7576785.0,ok,2305467.25,4496519.05,58351.45,102931.75,74051.0,1844955.0,1.950372120879184,1.7639964388202864,1.2690515831226132,d4af98be3a974fa5f66ea9822e9ae42d9a7bc3a7a15b3978d33a027e25b56c66,semantic_live_support,True,512,6144,5656064,6144,7168,8388608,20,5,7dc361262ba66647abf5eecb25adf706
