corpus,id,live_k,ambient_n,op_family,shape,current_engine,cm_instructions,cse_flat_instructions,raw_instructions,cm_executed_bigint_ops,cse_flat_executed_bigint_ops,raw_executed_bigint_ops,cm_executed_word_ops,cse_flat_executed_word_ops,raw_executed_word_ops,cm_current_ns_median,cm_wrapper_ns_median,cse_flat_current_ns_median,raw_current_ns_median,cm_current_over_cse_flat_current,cm_wrapper_over_cse_flat_current,cm_current_over_raw_current,cm_wrapper_over_raw_current,cse_flat_current_over_raw_current,cm_flat_ns_median,cm_words_ns_median,cse_flat_flat_ns_median,cse_flat_words_ns_median,raw_flat_ns_median,raw_words_ns_median,truth_sha256_expected,packed_sha256,packed_equal_all_arms,batch,rounds
b2,b2-k4-xor_dom-tree-1-8b6c553e4c62,4,4,xor_dom,tree,flat,6,6,6,9,9,9,7,7,7,4861.0,32451.5,5420.5,3900.0,0.8967807397841527,5.986809334932202,1.2464102564102564,8.320897435897436,1.389871794871795,4866.5,5267.5,8501.0,8263.0,5876.0,6135.5,8e05696833e6832e8ad694ea4bef56ad3e4d9944c35799f8a67e1fc7312907e6,8e05696833e6832e8ad694ea4bef56ad3e4d9944c35799f8a67e1fc7312907e6,True,100,24
b2,b2-k4-xor_dom-tree-2-186a2a5c9bf0,4,4,xor_dom,tree,flat,2,2,3,3,3,3,3,3,3,3273.0,30438.0,3414.5,3291.0,0.958559086249817,8.914335920339727,0.9945305378304466,9.248860528714676,1.0375265876633242,4384.5,4654.5,5419.0,5327.5,4064.5,4282.5,a22175a602c02145cc695f9333f8ddfcc5cf32cebe88d461f157889dfd8e9468,a22175a602c02145cc695f9333f8ddfcc5cf32cebe88d461f157889dfd8e9468,True,100,24
b2,b2-k4-xor_dom-tree-3-128078f3da7b,4,4,xor_dom,tree,flat,7,7,8,11,11,11,8,8,8,5267.0,38015.0,5748.0,4435.5,0.9163187195546277,6.613604732080724,1.1874647728553713,8.570623379551346,1.295908014879946,4692.0,5189.5,5320.5,5590.0,4083.5,4600.5,62e7c221122cae8423ae3abd29d9fc9c53287f46a67c831dc0fd497948602a48,62e7c221122cae8423ae3abd29d9fc9c53287f46a67c831dc0fd497948602a48,True,100,24
b2,b2-k4-xor_dom-tree-4-9a5b24a5b691,4,4,xor_dom,tree,flat,2,2,5,3,5,5,3,5,5,3166.0,28259.0,4026.0,3559.0,0.7863884749130651,7.01912568306011,0.8895757235178421,7.940151728013487,1.131216633885923,3668.0,3653.0,5602.5,5037.0,4884.0,5154.0,bf03ae910baf5f6fdb652b910c8004017dd76989a1ecd128aef435bdf5bfdff9,bf03ae910baf5f6fdb652b910c8004017dd76989a1ecd128aef435bdf5bfdff9,True,100,24
b2,b2-k4-xor_dom-shared-1-b3e4cd19e589,4,4,xor_dom,shared,flat,4,5,17,7,12,19,6,11,18,4452.0,35853.0,5293.5,7810.0,0.8410314536695948,6.773023519410598,0.5700384122919334,4.590653008962868,0.6777848911651728,3527.0,3704.5,5285.5,4912.0,6493.0,6953.5,9a83c6cb1126d93de4a30715b28f1f4b26b983c57fb39e6d826d7e893ae4ee74,9a83c6cb1126d93de4a30715b28f1f4b26b983c57fb39e6d826d7e893ae4ee74,True,100,24
b2,b2-k4-xor_dom-shared-2-d4c0909c8173,4,4,xor_dom,shared,flat,7,8,27,14,18,29,12,16,27,5754.5,30941.0,6765.5,10002.5,0.8505653684132732,4.573350084990023,0.5753061734566358,3.093326668332917,0.6763809047738065,5086.5,5758.0,6851.0,6798.5,10135.0,9706.0,bfa9ad6c53bd4fa5c103452ec0f0c7e0d582abdd55bb8f39362c766dd459e870,bfa9ad6c53bd4fa5c103452ec0f0c7e0d582abdd55bb8f39362c766dd459e870,True,100,24
b2,b2-k4-xor_dom-shared-3-88f8242fa307,4,4,xor_dom,shared,flat,4,6,23,8,17,24,7,16,23,5492.0,36516.0,7483.5,12916.0,0.7338812053183671,4.879534976949288,0.4252090430473831,2.8271910808299783,0.5793976463301331,5864.0,5941.5,8470.5,9854.0,12864.0,12878.0,ae8f3419f2285fc482b01c8e22707b13699ad50038026ce4618391aa1c675671,ae8f3419f2285fc482b01c8e22707b13699ad50038026ce4618391aa1c675671,True,100,24
b2,b2-k4-xor_dom-shared-4-28c644b1084a,4,4,xor_dom,shared,flat,6,8,21,9,16,23,8,15,22,5200.5,34094.5,7763.0,9761.0,0.6699085405126884,4.39192322555713,0.5327835262780453,3.4929310521462966,0.7953078578014547,5245.0,5154.0,7782.0,6724.5,8948.0,9244.5,8fe99e1d4b27948fd5e99e3883f6e2954b653363a4874606a09becab762842ad,8fe99e1d4b27948fd5e99e3883f6e2954b653363a4874606a09becab762842ad,True,100,24
b2,b2-k4-andor_dom-tree-1-ea13a53017b8,4,4,andor_dom,tree,flat,2,2,3,5,5,5,4,4,4,3301.5,29082.0,3583.5,3318.0,0.9213059857681039,8.115529510255337,0.9950271247739603,8.764918625678119,1.0800180831826403,3837.5,4135.0,3984.5,3807.0,3708.5,3906.0,0d9ba34f231adf13041d4ad21fdfbf7209755748963a9c4683e00cef9a30f068,0d9ba34f231adf13041d4ad21fdfbf7209755748963a9c4683e00cef9a30f068,True,100,24
b2,b2-k4-andor_dom-tree-2-e674d60a6337,4,4,andor_dom,tree,flat,5,5,5,6,6,6,5,5,5,4200.0,34998.0,7045.0,3711.0,0.596167494677076,4.96777856635912,1.131770412287793,9.43088116410671,1.8984101320398814,3923.0,4206.0,4614.0,4826.5,3168.5,3471.0,40b7b0acaa3a96600fe748a9adb72e7d390fff319c0a222f724ecd7159384a8d,40b7b0acaa3a96600fe748a9adb72e7d390fff319c0a222f724ecd7159384a8d,True,100,24
b2,b2-k4-andor_dom-tree-3-269b85d31c4b,4,4,andor_dom,tree,flat,3,3,3,5,5,5,4,4,4,3351.0,28842.5,4040.5,3221.0,0.8293528028709318,7.138349214206163,1.0403601366035393,8.954517230673703,1.2544240918969265,2915.0,3085.0,3575.0,3570.0,2603.5,2728.5,5eace7caa8a101d3105c0c338da64e3d62dd7d90b1e4f9a2846f43f9e99ab977,5eace7caa8a101d3105c0c338da64e3d62dd7d90b1e4f9a2846f43f9e99ab977,True,100,24
b2,b2-k4-andor_dom-tree-4-d96f9fff14ea,4,4,andor_dom,tree,flat,5,5,5,5,5,5,5,5,5,4152.5,27399.5,4516.0,3251.0,0.9195084145261293,6.067205491585474,1.2772992925253768,8.428022147031683,1.389111042756075,4081.5,4624.0,4423.0,4653.0,3319.0,3406.0,830dcc860e2f53775bdab51b1b2ff210ce23f6366ac76fba9168f62702456c31,830dcc860e2f53775bdab51b1b2ff210ce23f6366ac76fba9168f62702456c31,True,100,24
b2,b2-k4-andor_dom-shared-1-17ce9f3e12c6,4,4,andor_dom,shared,flat,7,8,22,15,16,26,14,15,24,6277.5,38762.5,7760.5,8521.5,0.8089040654596997,4.994845692932157,0.7366660799155078,4.548788358857009,0.9106964736255354,5542.0,5645.0,6467.0,6487.5,9011.0,10069.0,48b576dfc3447c7a0e6b513608937a23d02e6330c5ed01b0fc4ca98b2bca1feb,48b576dfc3447c7a0e6b513608937a23d02e6330c5ed01b0fc4ca98b2bca1feb,True,100,24
b2,b2-k4-andor_dom-shared-2-f7cba4ce652b,4,4,andor_dom,shared,flat,6,7,15,10,12,15,10,12,15,5295.5,35831.0,5906.0,5934.0,0.8966305452082628,6.0668811378259395,0.8923997303673744,6.038254128749578,0.9952814290529154,4767.5,4742.0,5735.5,6156.0,5507.5,5682.0,085edad400785fca7e7e90b1fac4beb776fc2beee5aa24352d5f39b5d57efcad,085edad400785fca7e7e90b1fac4beb776fc2beee5aa24352d5f39b5d57efcad,True,100,24
b2,b2-k4-andor_dom-shared-3-44c5bbe1b3b1,4,4,andor_dom,shared,flat,7,8,26,11,16,31,9,14,26,5358.0,33570.5,7457.0,8903.0,0.7185195118680434,4.501877430602119,0.6018196113669549,3.7706952712568795,0.8375828372458721,5156.0,5425.0,6689.0,6499.0,8658.0,8886.5,8509b81230019d2ad970d970f791dfbdc8caf54f5c594fcd327cef9feed206c1,8509b81230019d2ad970d970f791dfbdc8caf54f5c594fcd327cef9feed206c1,True,100,24
b2,b2-k4-andor_dom-shared-4-f79caff75ff2,4,4,andor_dom,shared,flat,5,6,19,8,11,19,8,11,19,5339.0,30941.5,8310.5,7085.5,0.6424402863846941,3.7231815173575598,0.7535106908475054,4.366876014395596,1.1728882929927316,5132.0,5109.0,6063.5,7174.0,10257.5,10477.0,474f2af47544e9c7ce4338cabd43c5ca1c26432b7300ce387406157ea433891f,474f2af47544e9c7ce4338cabd43c5ca1c26432b7300ce387406157ea433891f,True,100,24
b2,b2-k4-impeqv_dom-tree-1-d73fd085a946,4,4,impeqv_dom,tree,flat,3,3,3,9,9,9,6,6,6,4645.0,33748.5,4440.0,4331.5,1.0461711711711712,7.6010135135135135,1.072376774789334,7.791411751125477,1.0250490592173611,2962.0,3173.0,3781.0,3556.5,2967.5,3156.5,fac7a6ffd3e55613018acf3b37a17e37f496208ce155acaa10324695365069e4,fac7a6ffd3e55613018acf3b37a17e37f496208ce155acaa10324695365069e4,True,100,24
b2,b2-k4-impeqv_dom-tree-2-cf78873f00c4,4,4,impeqv_dom,tree,flat,4,4,4,12,12,12,8,8,8,3984.0,28770.0,4216.0,3771.5,0.9449715370018975,6.824003795066414,1.0563436298554951,7.62826461620045,1.117857616333024,3343.0,3509.5,4029.0,3934.5,3342.0,3505.5,f3569af837bfacd4b4b6d0e65c49197d37f1adb3bea6b311aed40bf0e7c19204,f3569af837bfacd4b4b6d0e65c49197d37f1adb3bea6b311aed40bf0e7c19204,True,100,24
b2,b2-k4-impeqv_dom-tree-3-0dc01f652163,4,4,impeqv_dom,tree,flat,3,5,5,5,11,11,4,8,8,3599.5,29544.5,4988.5,4375.5,0.7215595870502155,5.922521800140323,0.8226488401325562,6.752256884927437,1.1400982744829162,4779.0,5275.5,6632.0,6982.5,5610.0,4983.0,c06b3cef20609e99f07633eef2aced3698988d513f39c51d4537da1357179f21,c06b3cef20609e99f07633eef2aced3698988d513f39c51d4537da1357179f21,True,100,24
b2,b2-k4-impeqv_dom-tree-4-0bc2267938a0,4,4,impeqv_dom,tree,flat,3,3,3,9,9,9,6,6,6,3500.5,33559.5,3803.5,3490.5,0.9203365321414486,8.82332062573945,1.0028649190660364,9.614525139664805,1.0896719667669388,4388.5,4680.5,5667.5,5499.0,4363.5,4847.0,15b73ef77d3f7b4473e5e2ce1c8843189467ce6fd6df11d9065c5eb3c0ff877a,15b73ef77d3f7b4473e5e2ce1c8843189467ce6fd6df11d9065c5eb3c0ff877a,True,100,24
b2,b2-k4-impeqv_dom-shared-1-093bd06ebf38,4,4,impeqv_dom,shared,flat,13,13,39,30,30,73,21,21,51,7601.5,32161.0,8182.0,14786.5,0.9290515766316304,3.9307015399657788,0.5140837926486999,2.175024515605451,0.5533425759983769,7202.0,7734.5,8478.5,8563.5,14934.0,16453.5,6bad351a721281983a6e1f281d7336daf4112fd879642799cf6db6b2c12452a7,6bad351a721281983a6e1f281d7336daf4112fd879642799cf6db6b2c12452a7,True,100,24
b2,b2-k4-impeqv_dom-shared-2-85e742aeb5d6,4,4,impeqv_dom,shared,flat,11,12,21,28,30,55,19,21,38,6926.5,33001.5,8061.5,12123.5,0.8592073435464864,4.093717050176766,0.5713284117622799,2.722109951746608,0.6649482410195076,7864.0,7647.5,9818.5,8618.0,10766.5,11504.5,29e6cfa2a6ac59fbab9d5c4d6d564f4255760cf51fd7457a3e7fe343d48ef318,29e6cfa2a6ac59fbab9d5c4d6d564f4255760cf51fd7457a3e7fe343d48ef318,True,100,24
b2,b2-k4-impeqv_dom-shared-3-8552cadc9761,4,4,impeqv_dom,shared,flat,15,15,26,41,41,72,28,28,49,9004.0,36307.5,9319.0,13172.5,0.9661980899238116,3.8960725399721,0.6835452647561207,2.7563104953501614,0.7074587208198899,8784.0,8476.5,9240.5,9555.5,13152.0,12998.5,5eac72d678bc6b54f36eebba0a3a7394388c0d248b38358a45456a92e9fc5724,5eac72d678bc6b54f36eebba0a3a7394388c0d248b38358a45456a92e9fc5724,True,100,24
b2,b2-k4-impeqv_dom-shared-4-f61110d6fca7,4,4,impeqv_dom,shared,flat,5,15,27,14,44,80,9,29,53,5501.0,34526.0,9990.0,16527.0,0.5506506506506507,3.456056056056056,0.3328492769407636,2.089066376232831,0.6044654202214558,4599.0,4668.5,11122.0,9601.5,19735.5,17720.0,af35cf33330c8003d7af1221cd460af6401a1f4936caf864fc5772657e3ca072,af35cf33330c8003d7af1221cd460af6401a1f4936caf864fc5772657e3ca072,True,100,24
b2,b2-k4-mixed-tree-1-6a5b06e30521,4,4,mixed,tree,flat,6,6,6,7,7,7,6,6,6,5535.5,43156.0,7575.5,3971.5,0.7307108441687017,5.696785690713484,1.3938058668009567,10.866423265768601,1.9074656930630745,4729.0,5217.5,5863.5,5096.0,3807.5,3967.5,e9af142af8c43e431b89ecd40f29bbd8c1068cad8afec9b8b07d2e0e9768edf6,e9af142af8c43e431b89ecd40f29bbd8c1068cad8afec9b8b07d2e0e9768edf6,True,100,24
b2,b2-k4-mixed-tree-2-39dcef306168,4,4,mixed,tree,flat,7,7,7,13,13,13,9,9,9,8094.5,44179.5,8773.5,7098.0,0.9226078531942782,5.03556163446743,1.1403916596224288,6.224218089602705,1.2360524091293321,4915.5,5157.0,5451.5,5392.0,3987.0,4184.0,d6702270d176bac32f4c82874128788420408e580e7c3a1be862bbfe2fb1a632,d6702270d176bac32f4c82874128788420408e580e7c3a1be862bbfe2fb1a632,True,100,24
b2,b2-k4-mixed-tree-3-42ca330baf1d,4,4,mixed,tree,flat,6,6,6,12,12,12,8,8,8,4454.0,25936.0,4850.5,4096.0,0.9182558499123802,5.347077620863828,1.08740234375,6.33203125,1.1842041015625,4301.5,4453.0,4944.5,5162.5,4525.5,4318.0,e8822f532ae9349b2b5743c494efd216ed4e44f9ebc82a6b1cb54895a5b88433,e8822f532ae9349b2b5743c494efd216ed4e44f9ebc82a6b1cb54895a5b88433,True,100,24
b2,b2-k4-mixed-tree-4-21975d9e7f15,4,4,mixed,tree,flat,5,5,5,9,9,9,6,6,6,4279.5,32475.0,4329.5,3694.0,0.9884513223235939,7.500866150825731,1.1585002707092582,8.791283161884136,1.17203573362209,4128.0,4413.0,5116.0,7075.0,4268.5,3932.0,46cc6a8cb5bcc0120f98b84c71699b2ac5b90cb34a781ae2a83305fa98cd8e67,46cc6a8cb5bcc0120f98b84c71699b2ac5b90cb34a781ae2a83305fa98cd8e67,True,100,24
b2,b2-k4-mixed-shared-1-1f8d2534cdb0,4,4,mixed,shared,flat,7,8,18,14,18,24,12,15,20,5711.5,35267.5,8681.0,9115.5,0.6579311139269669,4.062607994470683,0.6265701278042894,3.868959464648127,0.9523339367012232,5382.5,5091.0,6313.0,6491.5,7560.5,8342.5,b8811852747cfa3620c3dd2af5d59498c240f208e689b4052bac934c29faf094,b8811852747cfa3620c3dd2af5d59498c240f208e689b4052bac934c29faf094,True,100,24
b2,b2-k4-mixed-shared-2-8d20aba853af,4,4,mixed,shared,flat,10,10,15,20,20,22,16,16,18,8964.0,46219.5,11134.5,9436.0,0.8050653374646369,4.151017108985585,0.9499788045782112,4.8982089868588385,1.1800021195421788,6723.5,6766.0,7838.5,7973.5,9036.0,8046.0,fcf0a6c700dd13e274b6fba8deea8dd9b26e4eedde3495717cac8408c9c5177f,fcf0a6c700dd13e274b6fba8deea8dd9b26e4eedde3495717cac8408c9c5177f,True,100,24
b2,b2-k4-mixed-shared-3-8ed832ddfd1a,4,4,mixed,shared,flat,13,13,27,29,29,48,22,22,37,9527.5,44466.5,9320.0,12802.0,1.0222639484978542,4.771083690987124,0.7442196531791907,3.47340259334479,0.7280112482424621,8949.5,9736.5,12171.5,12818.0,15662.5,16195.0,c0ba8a33ac67f44abff5984dfbb6f56c46b880ac2b86e1f23e7fa9c402c53ae7,c0ba8a33ac67f44abff5984dfbb6f56c46b880ac2b86e1f23e7fa9c402c53ae7,True,100,24
b2,b2-k4-mixed-shared-4-22af367a203f,4,4,mixed,shared,flat,9,9,18,24,24,40,18,18,29,9762.0,39449.0,9481.5,12379.0,1.0295839265938933,4.16062859252228,0.7885935859116245,3.1867679134017286,0.765934243476856,5975.0,6164.0,6643.5,6595.5,8010.0,8368.0,339e8fdd18e00f5d48bda16256b4afabd5106771063c47c993e05676cd5264e9,339e8fdd18e00f5d48bda16256b4afabd5106771063c47c993e05676cd5264e9,True,100,24
b2,b2-k6-xor_dom-tree-1-bd603bfcb13b,6,6,xor_dom,tree,flat,4,4,6,8,8,8,7,7,7,4359.5,31185.0,4906.5,4382.5,0.8885152348924895,6.355854478752675,0.9947518539646321,7.115801483171706,1.1195664575014261,4527.5,24982.0,5624.0,23492.5,4316.5,21773.0,134a2372b7a31f4577e0f1881cee72029d82b9b9f47e40e5367a07212656b59a,134a2372b7a31f4577e0f1881cee72029d82b9b9f47e40e5367a07212656b59a,True,100,24
b2,b2-k6-xor_dom-tree-2-186d01415e6e,6,6,xor_dom,tree,flat,1,1,5,5,5,5,5,5,5,3554.0,35061.5,5589.0,5215.0,0.6358919305779209,6.273304705671856,0.6814956855225311,6.72320230105465,1.0717162032598275,4337.5,20309.0,3916.5,25930.0,4082.5,18668.5,1d32e4a54704fac550a359f8a10b86059decdcb9c5508b41ff340958805d1bc1,1d32e4a54704fac550a359f8a10b86059decdcb9c5508b41ff340958805d1bc1,True,100,24
b2,b2-k6-xor_dom-tree-3-db17c2d558b5,6,6,xor_dom,tree,flat,3,3,6,7,7,7,6,6,6,3786.5,32531.5,4244.0,4105.5,0.892200754005655,7.665292177191329,0.9222993545244185,7.923882596516868,1.0337352332237242,3573.0,19372.5,4304.5,20906.0,3954.0,15912.0,3771c86aaf3420499795d6e04e7615973a08aa7d0e4e4225479b5e45d6d790e9,3771c86aaf3420499795d6e04e7615973a08aa7d0e4e4225479b5e45d6d790e9,True,100,24
b2,b2-k6-xor_dom-tree-4-55e169562c2e,6,6,xor_dom,tree,flat,5,5,7,10,10,10,8,8,8,4663.5,33007.0,5392.0,5533.0,0.8648924332344213,6.121476261127596,0.8428519790348816,5.965479848183626,0.9745165371407916,4790.5,28737.5,6187.5,23681.0,4614.0,22678.5,77ec00a4540ec379e53185390153ae3788621199fb76ecced5ba563d8587d205,77ec00a4540ec379e53185390153ae3788621199fb76ecced5ba563d8587d205,True,100,24
b2,b2-k6-xor_dom-shared-1-9e510ec73f56,6,6,xor_dom,shared,flat,8,8,25,18,22,28,16,20,26,6648.0,38707.5,10357.5,10160.0,0.6418537291817523,3.737146994931209,0.6543307086614173,3.8097933070866143,1.0194389763779528,7623.0,55304.5,8757.0,72811.5,11776.0,68948.5,2aec3bc90a539e122dd54736db4e4400e5b5007095003e6c684efddffc04cfad,2aec3bc90a539e122dd54736db4e4400e5b5007095003e6c684efddffc04cfad,True,100,24
b2,b2-k6-xor_dom-shared-2-b6c3c0a8013a,6,6,xor_dom,shared,flat,4,4,15,8,14,15,8,14,15,6761.5,29410.5,5536.0,9314.0,1.2213692196531791,5.312590317919075,0.7259501825209362,3.1576658793214514,0.5943740605540048,6679.5,35882.5,8698.0,59562.0,7118.5,43919.0,009e38e0d30da65985e43e9b34e826fd6f0eca25b432424470acf2b2d76135f2,009e38e0d30da65985e43e9b34e826fd6f0eca25b432424470acf2b2d76135f2,True,100,24
b2,b2-k6-xor_dom-shared-3-032bd0c6858d,6,6,xor_dom,shared,flat,7,7,23,17,21,35,14,18,29,6066.0,36565.5,7160.5,10477.0,0.8471475455624607,5.10655680469241,0.5789825331678916,3.4900734943208933,0.6834494607234896,6541.5,43312.0,7574.0,58328.5,12154.0,80996.0,647e06729ebad981aa02e88ae05b3d081a43127e3d34b56fbde7c6413b78f788,647e06729ebad981aa02e88ae05b3d081a43127e3d34b56fbde7c6413b78f788,True,100,24
b2,b2-k6-xor_dom-shared-4-2ef76830fe72,6,6,xor_dom,shared,flat,4,10,42,8,21,81,7,18,59,4879.5,32044.0,8410.0,23830.5,0.5802021403091557,3.810225921521998,0.2047586076666457,1.3446633515872517,0.35290908709426994,4788.0,23266.0,9513.5,67951.5,23722.5,157025.0,edef7ad9513057d8979adaa108d88fbe5f634f3a3dc3c66f9364ef7e8032213f,edef7ad9513057d8979adaa108d88fbe5f634f3a3dc3c66f9364ef7e8032213f,True,100,24
b2,b2-k6-andor_dom-tree-1-0a0c172dd63a,6,6,andor_dom,tree,flat,3,3,5,5,5,5,5,5,5,4019.5,34496.5,6689.0,4056.5,0.6009119449843026,5.15719838540888,0.9908788364353507,8.50400591643042,1.6489584617280908,3697.0,19285.0,5112.5,18667.5,3461.5,14804.0,f848de93b27124b7b13eaefeb6bfa0087e5ebbdf95e1833f4dd9ff0a83e967ac,f848de93b27124b7b13eaefeb6bfa0087e5ebbdf95e1833f4dd9ff0a83e967ac,True,100,24
b2,b2-k6-andor_dom-tree-2-eff74425a5c6,6,6,andor_dom,tree,flat,4,4,8,7,8,8,7,8,8,4484.5,31113.0,5591.5,4890.5,0.8020209246177233,5.564338728427077,0.9169819036908291,6.361926183416829,1.1433391268786424,5316.0,30656.0,6189.5,37655.0,5373.5,31801.0,cad6be77a54376f1a05420a4bc3d4683a92d6e8e364fbca00e2996debd78f326,cad6be77a54376f1a05420a4bc3d4683a92d6e8e364fbca00e2996debd78f326,True,100,24
b2,b2-k6-andor_dom-tree-3-d47d0c96cf7f,6,6,andor_dom,tree,flat,5,5,7,8,9,9,7,8,8,6727.5,37405.0,5415.0,4937.5,1.242382271468144,6.907663896583564,1.3625316455696201,7.575696202531645,1.0967088607594937,5508.0,29834.0,6834.5,26647.0,4173.5,29493.0,50914e4773046b53f84ce0f6f4539f4b538cc3fe27541eabae848d1b199cf00b,50914e4773046b53f84ce0f6f4539f4b538cc3fe27541eabae848d1b199cf00b,True,100,24
b2,b2-k6-andor_dom-tree-4-9dc0cd28326c,6,6,andor_dom,tree,flat,5,5,8,8,8,8,8,8,8,4467.5,30617.0,5467.0,4201.0,0.8171757819645143,5.600329248216572,1.0634372768388478,7.288026660318971,1.3013568198048084,4307.5,24817.0,4983.5,22968.0,3955.0,23343.0,c9b8b2d93f46839e42d4fa0c013558ab346efeafcd9458aa0784a14e80460c26,c9b8b2d93f46839e42d4fa0c013558ab346efeafcd9458aa0784a14e80460c26,True,100,24
b2,b2-k6-andor_dom-shared-1-b8d344418390,6,6,andor_dom,shared,flat,10,13,29,18,21,36,15,18,29,7315.5,35062.0,9340.5,10735.5,0.783202184037257,3.7537605053262673,0.6814307670811792,3.2659866797075123,0.8700572865725863,8256.5,38516.0,9297.0,54005.5,13206.5,64422.0,3e990d45c83fa01d9bf0c64b79ed7678df3c723614f0f7eccdc3d196fa3073e9,3e990d45c83fa01d9bf0c64b79ed7678df3c723614f0f7eccdc3d196fa3073e9,True,100,24
b2,b2-k6-andor_dom-shared-2-64893da6cbd9,6,6,andor_dom,shared,flat,8,12,43,16,21,48,14,19,44,9379.5,39886.0,10650.5,15599.0,0.8806628796770105,3.744988498192573,0.6012885441374447,2.5569587794089363,0.6827681261619335,6108.5,39141.0,9030.0,52038.0,16764.5,118398.5,46386ff0eccd7a7871daa3122b418bbf8e0d0180eca74808a53b2c3ed970f50e,46386ff0eccd7a7871daa3122b418bbf8e0d0180eca74808a53b2c3ed970f50e,True,100,24
b2,b2-k6-andor_dom-shared-3-a125454cd529,6,6,andor_dom,shared,flat,6,8,21,15,18,25,13,16,22,5655.5,29423.5,7465.0,8789.0,0.757602143335566,3.9415271265907568,0.6434747980430083,3.3477642507680057,0.8493571509841847,8045.5,49508.0,8744.0,55125.5,9108.5,63932.5,3f710ac088db33363087de2b9a657541fe5447821debaa9fe5cbd538eb1a5f29,3f710ac088db33363087de2b9a657541fe5447821debaa9fe5cbd538eb1a5f29,True,100,24
b2,b2-k6-andor_dom-shared-4-0dd35386d57d,6,6,andor_dom,shared,flat,7,7,20,15,16,22,14,15,21,8802.0,45018.5,9326.5,10289.0,0.9437623974695759,4.826944727389696,0.8554767227135776,4.375400913597045,0.9064534940227428,7879.0,50849.5,8939.0,54416.0,10207.0,70303.5,1656c269d0236784b54b17c8ef8406cea69739a8e3a204b3cbb8bfa53449f35b,1656c269d0236784b54b17c8ef8406cea69739a8e3a204b3cbb8bfa53449f35b,True,100,24
b2,b2-k6-impeqv_dom-tree-1-c05059f5591f,6,6,impeqv_dom,tree,flat,5,5,5,13,13,13,9,9,9,5859.0,35308.5,8081.0,5345.5,0.725034030441777,4.36932310357629,1.0960621083154054,6.605275465344683,1.5117388457581142,5510.0,31934.5,7288.0,30997.0,5205.0,29166.5,7524471d915b02b29cef6bb1183791a371f6ace366b980da3b4594da2e301b21,7524471d915b02b29cef6bb1183791a371f6ace366b980da3b4594da2e301b21,True,100,24
b2,b2-k6-impeqv_dom-tree-2-187a6f599749,6,6,impeqv_dom,tree,flat,8,8,8,20,20,20,13,13,13,6138.0,38290.0,7725.5,7353.0,0.794511682091774,4.956313507216361,0.8347613219094248,5.207398340813273,1.0506595947232422,5818.5,32255.5,6796.5,33672.5,5475.5,29633.5,1e13d706fb3dda034bfb6bd79f1f24f0a35baa6c661823432c53d2ac2c6be21a,1e13d706fb3dda034bfb6bd79f1f24f0a35baa6c661823432c53d2ac2c6be21a,True,100,24
b2,b2-k6-impeqv_dom-tree-3-9df370a422d4,6,6,impeqv_dom,tree,flat,9,9,9,22,22,22,15,15,15,8887.0,39633.0,8198.5,7299.0,1.0839787766054767,4.83417698359456,1.2175640498698452,5.429921907110563,1.1232360597342101,7177.0,39418.5,7873.5,40633.5,6119.0,39653.0,28a94295a090f24e443f2d252b023381603f14ffb2377f65b6be6020665e3e9a,28a94295a090f24e443f2d252b023381603f14ffb2377f65b6be6020665e3e9a,True,100,24
b2,b2-k6-impeqv_dom-tree-4-07d0d6da2af7,6,6,impeqv_dom,tree,flat,8,8,8,20,20,20,14,14,14,6339.0,41110.5,7543.0,6792.0,0.8403818109505502,5.450152459233727,0.933303886925795,6.052782685512367,1.1105712603062425,7224.5,38168.0,8077.5,45779.0,8239.5,39302.0,8f70d951764efc3a27090723594ff891fe9fb6f0f120509230ab0b05e930f6b6,8f70d951764efc3a27090723594ff891fe9fb6f0f120509230ab0b05e930f6b6,True,100,24
b2,b2-k6-impeqv_dom-shared-1-f68095cd3ba2,6,6,impeqv_dom,shared,flat,18,18,21,49,49,56,33,33,38,12675.0,42814.5,12928.0,12997.5,0.9804300742574258,3.311765160891089,0.9751875360646278,3.294056549336411,0.9946528178495865,12077.0,83267.5,13506.0,80896.5,13968.0,103311.0,456fa9ee42dce63c64416e513d4e929a4ee3caabd2db6c1d980b63123ef8151d,456fa9ee42dce63c64416e513d4e929a4ee3caabd2db6c1d980b63123ef8151d,True,100,24
b2,b2-k6-impeqv_dom-shared-2-22089ede1135,6,6,impeqv_dom,shared,flat,14,15,20,39,41,56,26,28,38,10231.5,40587.0,13592.5,20257.0,0.7527312856354608,2.9859849181533935,0.5050846620921163,2.003603692550723,0.6710026163795231,11746.0,70747.5,12530.0,85614.5,14472.0,105150.5,da5dc6f3940660a47e580ca74507b1073a28fc8818f12f7901782e7f17c39b91,da5dc6f3940660a47e580ca74507b1073a28fc8818f12f7901782e7f17c39b91,True,100,24
b2,b2-k6-impeqv_dom-shared-3-32d1a4c2066e,6,6,impeqv_dom,shared,flat,16,18,27,38,44,65,26,30,43,10846.5,38974.5,12775.0,14802.0,0.849041095890411,3.0508414872798433,0.7327725982975274,2.6330563437373327,0.8630590460748547,12566.0,72605.0,12911.0,79974.0,15143.5,108619.5,ea0d9f4b80c89400af7c42e36ca3620d6893ac17c46c1fe18b9f59bbc42433b8,ea0d9f4b80c89400af7c42e36ca3620d6893ac17c46c1fe18b9f59bbc42433b8,True,100,24
b2,b2-k6-impeqv_dom-shared-4-3e4e99468c60,6,6,impeqv_dom,shared,flat,17,17,23,45,45,61,30,30,40,12990.5,42487.0,11894.5,18683.5,1.0921434276346211,3.571987052839548,0.6952926378890465,2.274038590199909,0.6366312521743784,11115.5,68694.0,12789.0,83330.5,13633.0,91072.0,f6b41ca15f86f66da7370a58a52c273cdddd507c80b432acf9de9d69ab5f6e54,f6b41ca15f86f66da7370a58a52c273cdddd507c80b432acf9de9d69ab5f6e54,True,100,24
b2,b2-k6-mixed-tree-1-9ecccc175ad2,6,6,mixed,tree,flat,7,7,7,15,15,15,11,11,11,5824.0,27797.0,6211.5,5127.5,0.9376157127907913,4.475086533043548,1.1358361774744028,5.421160409556314,1.2114090687469528,5573.0,29092.0,6251.0,29124.5,4915.0,30096.5,cc748c8dd498ebf4ba264da58e9b3b3c3cd35ba8a8d734c934c91675c283fc04,cc748c8dd498ebf4ba264da58e9b3b3c3cd35ba8a8d734c934c91675c283fc04,True,100,24
b2,b2-k6-mixed-tree-2-40b1238ea748,6,6,mixed,tree,flat,8,8,8,15,15,15,11,11,11,7750.0,34987.0,8198.0,5977.0,0.945352525006099,4.267748231275921,1.296637108917517,5.853605487702861,1.3715910992136524,5836.0,26038.5,6806.5,27415.5,4968.0,26601.0,50b964a05d1cc7f170c8e535883101b324eeedb8ca72b9b15fb11465c0efdc4c,50b964a05d1cc7f170c8e535883101b324eeedb8ca72b9b15fb11465c0efdc4c,True,100,24
b2,b2-k6-mixed-tree-3-aeb0c639e3f5,6,6,mixed,tree,flat,5,5,6,10,10,10,8,8,8,5064.0,32758.5,5312.0,5070.0,0.9533132530120482,6.166886295180723,0.9988165680473373,6.4612426035502954,1.047731755424063,4740.0,22914.0,6455.5,22292.0,4398.0,22098.0,70502cbecab45d272c4e30db55dde2af39dabf59ea4cb5b06c13d6335e5470af,70502cbecab45d272c4e30db55dde2af39dabf59ea4cb5b06c13d6335e5470af,True,100,24
b2,b2-k6-mixed-tree-4-987f3c678ab0,6,6,mixed,tree,flat,8,8,9,16,16,16,12,12,12,6650.0,32953.5,6898.5,6358.0,0.9639776763064434,4.776908023483366,1.045926391947153,5.182997798049701,1.0850110097514942,6854.5,36889.0,9837.5,40645.5,6410.0,33102.0,4506d091ec25797f922490bd81243c8f7290dc8a6844c6537f3e46dd4720faf9,4506d091ec25797f922490bd81243c8f7290dc8a6844c6537f3e46dd4720faf9,True,100,24
b2,b2-k6-mixed-shared-1-bf5809ef3c65,6,6,mixed,shared,flat,10,10,49,20,20,59,17,17,54,7196.5,30499.0,7750.0,15932.5,0.9285806451612904,3.9353548387096775,0.45168680370312253,1.9142632982896595,0.48642711438882785,7108.0,54880.5,8785.0,47676.0,19754.0,144235.0,d80e470e33e534894d3e5df0e299031a7e9f0ac845d9035403c74342fad902d2,d80e470e33e534894d3e5df0e299031a7e9f0ac845d9035403c74342fad902d2,True,100,24
b2,b2-k6-mixed-shared-2-33593cbc9843,6,6,mixed,shared,flat,14,15,25,30,31,42,23,24,32,10662.5,37605.0,10715.0,11718.0,0.9951003266448903,3.509566028931405,0.9099249018603858,3.2091653865847416,0.914405188598737,9793.0,66725.5,11666.0,68120.5,13276.5,80513.0,991201b381b64d183be8d60df0a5b23afa16a6c4f1747ae0fafc957a288b8155,991201b381b64d183be8d60df0a5b23afa16a6c4f1747ae0fafc957a288b8155,True,100,24
b2,b2-k6-mixed-shared-3-a377b00385d6,6,6,mixed,shared,flat,15,15,36,33,33,68,26,26,52,10423.0,46206.5,10997.0,17459.5,0.9478039465308721,4.2017368373192685,0.5969815859560698,2.6464961768664623,0.629857670609124,10382.0,65405.5,10888.5,64119.0,16124.5,119036.0,5683fd468752a8eebd3fecdf82e47864ac13a8699d5fe2495930fb25fa755b75,5683fd468752a8eebd3fecdf82e47864ac13a8699d5fe2495930fb25fa755b75,True,100,24
b2,b2-k6-mixed-shared-4-d71d1df79e0f,6,6,mixed,shared,flat,11,15,34,22,31,57,17,24,42,7603.5,35830.0,11157.5,16601.5,0.6814698633206363,3.2112928523414745,0.4580007830617715,2.1582387133692738,0.6720778242929856,7374.0,41373.0,10397.5,58232.5,14308.0,92801.0,649807f9b389602dad3c9be515538cf94aea9d5cc3dfb85d443ffc48f9d24360,649807f9b389602dad3c9be515538cf94aea9d5cc3dfb85d443ffc48f9d24360,True,100,24
b2,b2-k8-xor_dom-tree-1-e3305253a197,8,8,xor_dom,tree,flat,8,8,11,13,13,13,11,11,11,6682.0,34978.0,7188.0,6873.0,0.92960489705064,4.8661658319421255,0.9722100974829041,5.089189582423978,1.0458315146224355,6476.0,25122.5,7615.0,24598.5,5534.0,32061.0,46af8650e56cb3d8316990197ae711b02c6005066cac2953e04fc0ca70015a55,46af8650e56cb3d8316990197ae711b02c6005066cac2953e04fc0ca70015a55,True,100,24
b2,b2-k8-xor_dom-tree-2-13ed19191907,8,8,xor_dom,tree,flat,8,8,12,17,17,17,14,14,14,6993.0,31287.5,7643.0,6980.0,0.9149548606568102,4.093615072615465,1.001862464183381,4.482449856733524,1.0949856733524355,6564.0,26370.0,7102.0,25810.5,6180.0,29204.5,e1816aca7b95dbe067940f525f729f06e1e3535d98b933099d96513ab738a3bc,e1816aca7b95dbe067940f525f729f06e1e3535d98b933099d96513ab738a3bc,True,100,24
b2,b2-k8-xor_dom-tree-3-6411e7a81de6,8,8,xor_dom,tree,flat,8,8,12,18,18,18,14,14,14,6631.0,33216.0,7149.5,6743.5,0.9274774459752431,4.645919295055598,0.9833172684807593,4.925632090160896,1.0602061244161043,6338.5,26409.5,7203.0,25695.5,6389.0,28108.0,e3b16859071e39ef7e23d1c58adf4b4d9f7bd4834a5d7fb37c7e5bd4ffc3bf12,e3b16859071e39ef7e23d1c58adf4b4d9f7bd4834a5d7fb37c7e5bd4ffc3bf12,True,100,24
b2,b2-k8-xor_dom-tree-4-c77ef7ea382c,8,8,xor_dom,tree,flat,8,8,10,13,13,13,11,11,11,6682.5,36584.0,7341.0,5887.0,0.9102983244789539,4.983517231984743,1.13512824868354,6.214370647188721,1.2469848819432647,6181.5,24362.5,7252.5,25340.5,5304.0,23751.0,64256c18b54a69684f950bf04e330c2a5d4ff3ee20ae16427bd89a85344dbdf6,64256c18b54a69684f950bf04e330c2a5d4ff3ee20ae16427bd89a85344dbdf6,True,100,24
b2,b2-k8-xor_dom-shared-1-39a6b403d2d3,8,8,xor_dom,shared,flat,10,10,27,20,24,32,17,21,29,7679.5,33709.5,8654.5,11101.0,0.8873418452828008,3.8950257091686407,0.6917845239167643,3.036618322673633,0.7796144491487254,7370.5,31613.5,8737.0,36790.0,10754.5,64349.5,969e55e56254cb0c53aae5eaf2bf2ae32c59ac1ba8cda5ed517b46ff3a91b000,969e55e56254cb0c53aae5eaf2bf2ae32c59ac1ba8cda5ed517b46ff3a91b000,True,100,24
b2,b2-k8-xor_dom-shared-2-13d2013b2012,8,8,xor_dom,shared,flat,2,3,18,10,17,24,9,16,21,4251.0,30551.5,6509.0,8845.0,0.6530957136272852,4.693731756030112,0.4806105144149237,3.454098360655738,0.735895986433013,3858.0,17081.0,5587.5,27110.0,8261.0,46970.5,c685e7aa0cf19a6f715b097a9d3252953f12dde3bf98a0f43deef53ac6245c78,c685e7aa0cf19a6f715b097a9d3252953f12dde3bf98a0f43deef53ac6245c78,True,100,24
b2,b2-k8-xor_dom-shared-3-c2eeb3424108,8,8,xor_dom,shared,flat,6,8,31,17,22,35,16,20,32,6151.5,30069.0,7700.5,11893.0,0.7988442308940978,3.904811375884683,0.5172370301858236,2.528293954426974,0.6474817119313883,6054.5,28319.0,7729.0,34094.5,11832.0,74801.0,6eb7bcba5a6aa5f243c21c44059f0b469b9f09ed9a02eb46abb5d3b379a21f83,6eb7bcba5a6aa5f243c21c44059f0b469b9f09ed9a02eb46abb5d3b379a21f83,True,100,24
b2,b2-k8-xor_dom-shared-4-b7ecc9bde8c8,8,8,xor_dom,shared,flat,15,16,43,24,27,50,21,24,43,10173.0,37020.5,11258.5,18197.0,0.9035839587866945,3.288226673180264,0.5590481947573775,2.0344287519920865,0.6187008847612244,9498.5,48498.0,10977.0,47702.5,15651.5,93869.5,288e53bef7c9f70b78ec03366f445225a7937c0d6c72724b6d60e44db6fd53a4,288e53bef7c9f70b78ec03366f445225a7937c0d6c72724b6d60e44db6fd53a4,True,100,24
b2,b2-k8-andor_dom-tree-1-0a99939bca63,8,8,andor_dom,tree,flat,6,6,9,12,12,12,10,10,10,5522.5,31882.0,6002.5,5337.5,0.920033319450229,5.311453561016243,1.0346604215456674,5.973208430913349,1.1245901639344262,7066.0,22982.5,6491.5,22781.0,5063.0,30681.0,8fd28e1480f36482da1a002c844de2475a8c1509bb3c5f17bc852f253674c754,8fd28e1480f36482da1a002c844de2475a8c1509bb3c5f17bc852f253674c754,True,100,24
b2,b2-k8-andor_dom-tree-2-cbc8a38367ce,8,8,andor_dom,tree,flat,7,7,8,9,9,9,8,8,8,5577.0,28197.0,6332.0,4817.0,0.8807643714466203,4.453095388502843,1.157774548474154,5.8536433464812125,1.3145111064978203,5890.0,21912.5,7851.0,25841.5,6017.5,24454.0,3d79bfe61802b728b5e2d9a5a13fc4c2e855c7614300109f66b4512e32c1ca43,3d79bfe61802b728b5e2d9a5a13fc4c2e855c7614300109f66b4512e32c1ca43,True,100,24
b2,b2-k8-andor_dom-tree-3-329734acd78e,8,8,andor_dom,tree,flat,6,6,9,10,10,10,9,9,9,5298.0,31796.5,5839.0,4928.0,0.9073471484843295,5.445538619626649,1.0750811688311688,6.45221185064935,1.1848620129870129,5282.0,19699.5,5734.5,18913.0,4583.0,23163.5,de720284cb8b83b7752b2428ee149a8a958c8b0df09a2818c89b1d2e9cec3291,de720284cb8b83b7752b2428ee149a8a958c8b0df09a2818c89b1d2e9cec3291,True,100,24
b2,b2-k8-andor_dom-tree-4-fa17785afafe,8,8,andor_dom,tree,flat,9,9,10,12,12,12,10,10,10,6903.5,33225.5,10644.5,6615.0,0.6485508948283151,3.1213772370707877,1.043613000755858,5.022751322751323,1.609145880574452,6697.0,24401.5,7077.5,23020.5,5201.0,23802.5,e81aaaaf5c7365dfb830e4ef552588ef192a92c961dc5d3b2d0774e6f5f42835,e81aaaaf5c7365dfb830e4ef552588ef192a92c961dc5d3b2d0774e6f5f42835,True,100,24
b2,b2-k8-andor_dom-shared-1-69a470723d85,8,8,andor_dom,shared,flat,8,8,24,18,19,37,16,17,30,6629.5,33434.5,7163.5,10449.0,0.9254554337963287,4.667341383401968,0.6344626280026797,3.1997798832424156,0.685567996937506,7220.0,34253.0,7367.5,31499.0,10291.0,60470.5,d09260b32b9036615aa0a298b0be0cb238f5a32466a24e74b66ac6cfc665270a,d09260b32b9036615aa0a298b0be0cb238f5a32466a24e74b66ac6cfc665270a,True,100,24
b2,b2-k8-andor_dom-shared-2-775ee4cbbb58,8,8,andor_dom,shared,flat,10,12,24,18,21,28,16,19,25,9810.5,44625.5,12441.5,13135.5,0.7885303219065225,3.586826347305389,0.746869171329603,3.3973202390468575,0.9471660766624795,11190.0,47368.5,13780.0,56542.5,10390.5,67385.5,64736495552f7d588011b5d4dee6824053c01ef39c79204d75808e0ed5578a72,64736495552f7d588011b5d4dee6824053c01ef39c79204d75808e0ed5578a72,True,100,24
b2,b2-k8-andor_dom-shared-3-5e5303eaddfb,8,8,andor_dom,shared,flat,14,14,26,23,23,30,20,20,26,9102.0,36860.5,9691.5,9867.5,0.9391735025537843,3.8033844090182116,0.9224220927286547,3.7355459842918672,0.9821636686090702,13726.0,44947.0,12365.5,51183.0,10345.0,68372.5,84d9f58be131996c613a24c6bad7f9cfc8fc2dced6da06cbeae5828f30c5ba7a,84d9f58be131996c613a24c6bad7f9cfc8fc2dced6da06cbeae5828f30c5ba7a,True,100,24
b2,b2-k8-andor_dom-shared-4-0f2c3ce95a60,8,8,andor_dom,shared,flat,13,14,28,23,24,30,21,22,28,13682.5,43684.5,14063.5,14900.5,0.9729085931667082,3.1062324456927506,0.9182577765846783,2.931747256803463,0.9438273883426731,10603.5,46788.0,14312.0,54780.5,12848.0,86519.5,25e947aaa44b7574bce0d0ac4d91d63489a7837f6af73764eab3cc83eff2b01f,25e947aaa44b7574bce0d0ac4d91d63489a7837f6af73764eab3cc83eff2b01f,True,100,24
b2,b2-k8-impeqv_dom-tree-1-3976cb8a8eb7,8,8,impeqv_dom,tree,flat,9,9,9,21,21,21,14,14,14,9303.5,43332.0,11205.5,9963.0,0.8302619249475703,3.8670295836865827,0.9338050787915286,4.349292381812707,1.1247114322995082,10620.0,38472.0,11655.0,37409.0,8535.0,36848.5,9531d19a39d1a78eec73434e717a83cf79fa45f90d2765dc523db518b3697bef,9531d19a39d1a78eec73434e717a83cf79fa45f90d2765dc523db518b3697bef,True,100,24
b2,b2-k8-impeqv_dom-tree-2-575c0b583dee,8,8,impeqv_dom,tree,flat,13,13,13,31,31,31,21,21,21,11672.0,41076.5,14212.5,10939.5,0.8212489006156553,2.8901671064204044,1.0669591846062434,3.754879107820284,1.299191005073358,13771.5,45340.5,14194.5,48811.0,10852.0,45804.5,f88dc445236ad27d04c5a74e2871821110c0dc36e8dae49131312ad077f3261a,f88dc445236ad27d04c5a74e2871821110c0dc36e8dae49131312ad077f3261a,True,100,24
b2,b2-k8-impeqv_dom-tree-3-d5e4f370e98e,8,8,impeqv_dom,tree,flat,13,13,13,31,31,31,21,21,21,12135.5,46877.0,14700.5,10111.0,0.82551613890684,3.1888031019353082,1.2002274750271982,4.636237760854515,1.45391158144595,13674.0,51501.0,14908.5,49661.0,12618.5,48806.5,e673bd4ecbb357747580f30354acd0a1fe7a42af6dcd35f60e2af6c926e4ee1a,e673bd4ecbb357747580f30354acd0a1fe7a42af6dcd35f60e2af6c926e4ee1a,True,100,24
b2,b2-k8-impeqv_dom-tree-4-e0ca29a93790,8,8,impeqv_dom,tree,flat,8,8,9,23,23,23,16,16,16,10357.5,46920.0,11462.5,10491.0,0.903598691384951,4.093347873500545,0.9872748069774092,4.472404918501573,1.0926031836812506,7924.0,33865.5,10514.0,37928.0,10091.5,43301.5,f1b43719eaea9c28c2bcc7797b027fa9e77c4aaea97a7806365d47a0924e2909,f1b43719eaea9c28c2bcc7797b027fa9e77c4aaea97a7806365d47a0924e2909,True,100,24
b2,b2-k8-impeqv_dom-shared-1-773a9da63c46,8,8,impeqv_dom,shared,flat,19,19,23,50,50,60,34,34,41,13294.0,42265.5,14795.5,15530.0,0.8985164408097056,2.8566456017032205,0.856020605280103,2.7215389568576946,0.9527044430135222,15980.0,66756.0,14366.5,59934.0,16739.5,74262.5,3b65ebd0507c96a532e9ddb9576f815bc022606a088fa00e45975372ceca63d2,3b65ebd0507c96a532e9ddb9576f815bc022606a088fa00e45975372ceca63d2,True,100,24
b2,b2-k8-impeqv_dom-shared-2-dc9d85a45968,8,8,impeqv_dom,shared,flat,15,17,20,45,51,60,30,34,40,11305.0,41150.5,14088.5,14324.5,0.8024275118004046,2.9208574369166342,0.789207302174596,2.872735523054906,0.9835247303570805,14449.0,55751.0,15535.0,69187.5,14063.5,81356.0,a20f0fa32a3ae96daafe19c0fdfc34275718c1a7704b8f97b39c81440d0d66a1,a20f0fa32a3ae96daafe19c0fdfc34275718c1a7704b8f97b39c81440d0d66a1,True,100,24
b2,b2-k8-impeqv_dom-shared-3-94e2d9a0a313,8,8,impeqv_dom,shared,flat,19,19,28,50,50,68,33,33,46,18687.0,52003.5,19926.5,22057.0,0.9377964017765288,2.6097658896444433,0.8472140363603391,2.3576869021172415,0.9034093485061432,13849.5,55665.0,14196.0,58795.0,16723.5,85496.0,fd1f53f68b66014297161c5dffa9b1fc333d2a86ec2b4e2e6104bc0d6b795d70,fd1f53f68b66014297161c5dffa9b1fc333d2a86ec2b4e2e6104bc0d6b795d70,True,100,24
b2,b2-k8-impeqv_dom-shared-4-2f7845a8dfa7,8,8,impeqv_dom,shared,flat,19,19,36,48,48,99,33,33,67,12802.5,40016.5,14089.5,22543.5,0.908655381667199,2.840164661627453,0.5679020560250183,1.7750792911482245,0.6249916827466897,12303.5,60047.0,14674.0,53909.0,21369.5,112076.0,48e63c1a11cb0d080536dcb51cc2d060417613566341202ea999668099542938,48e63c1a11cb0d080536dcb51cc2d060417613566341202ea999668099542938,True,100,24
b2,b2-k8-mixed-tree-1-37379aed18cc,8,8,mixed,tree,flat,9,9,10,17,18,18,13,14,14,7482.5,37340.0,9670.0,7280.0,0.7737849017580145,3.8614270941054807,1.027815934065934,5.1291208791208796,1.3282967032967032,7713.5,30551.0,8940.5,33366.5,6903.5,29977.0,46857c01ef2600404806313e98a00270bda713004aad3f522ef97f8b99dbf8d3,46857c01ef2600404806313e98a00270bda713004aad3f522ef97f8b99dbf8d3,True,100,24
b2,b2-k8-mixed-tree-2-64fdfc904809,8,8,mixed,tree,flat,10,10,11,17,17,17,14,14,14,7963.0,33350.0,8518.5,6366.5,0.9347889886717144,3.9150085108880672,1.2507657268514882,5.238357025053012,1.3380193198774837,7698.0,29107.5,8311.0,31830.0,6606.5,30593.0,3331a38050c24c8daa54e6b7c23ad776764e78a23ae0b95a773dc5d240371a38,3331a38050c24c8daa54e6b7c23ad776764e78a23ae0b95a773dc5d240371a38,True,100,24
b2,b2-k8-mixed-tree-3-1a734e9283ab,8,8,mixed,tree,flat,6,6,7,11,11,11,9,9,9,5502.5,31038.0,6084.5,4853.5,0.9043471115128605,5.101158681896623,1.1337179355104563,6.39497270011332,1.2536314000206037,5247.0,21263.0,6387.0,22748.0,5730.0,21370.5,90c94f3372b4e17bacff811f01bca854e743251196514d9791e9a8aec42244f0,90c94f3372b4e17bacff811f01bca854e743251196514d9791e9a8aec42244f0,True,100,24
b2,b2-k8-mixed-tree-4-e12838f7e137,8,8,mixed,tree,flat,8,8,11,15,15,15,12,12,12,6425.0,33126.0,6934.0,5977.0,0.9265935967695413,4.777329102970868,1.0749539902961351,5.542245273548603,1.1601137694495567,6192.0,24500.5,6970.5,23815.5,5737.0,27541.5,ac5919231d3637285700f6c4c5aa7c8aac2c0236c2c6c2db742a320a6b46e66d,ac5919231d3637285700f6c4c5aa7c8aac2c0236c2c6c2db742a320a6b46e66d,True,100,24
b2,b2-k8-mixed-shared-1-1c2a917da296,8,8,mixed,shared,flat,12,13,29,28,30,53,22,24,40,13521.5,48591.5,13603.5,17711.5,0.9939721395229169,3.571985150880288,0.7634305394799988,2.743499985884877,0.7680602998052113,9364.5,48859.5,11865.5,48125.0,13725.0,82140.5,084e640fa57cbf5f097fd08636fe5e98e23839d95c532099efe1a7a838dbafca,084e640fa57cbf5f097fd08636fe5e98e23839d95c532099efe1a7a838dbafca,True,100,24
b2,b2-k8-mixed-shared-2-3705369d2025,8,8,mixed,shared,flat,9,11,23,22,27,39,18,22,31,7667.5,36120.5,9774.0,11173.0,0.7844792306118273,3.695569879271537,0.6862525731674572,3.232838091828515,0.8747874339926609,7822.5,34140.0,9604.0,42185.0,10507.5,63752.5,ca72bc9bb4f0f6e2ddd3d641d94a62163a066af9d77ac3937cb00d134dfd46f2,ca72bc9bb4f0f6e2ddd3d641d94a62163a066af9d77ac3937cb00d134dfd46f2,True,100,24
b2,b2-k8-mixed-shared-3-7ac091ab0ff3,8,8,mixed,shared,flat,15,16,31,35,36,49,27,28,40,10982.5,35897.0,13897.5,15810.0,0.7902500449721173,2.5829825508184925,0.6946552814674257,2.2705249841872233,0.8790322580645161,10784.5,55927.0,12291.0,55999.0,14473.0,89542.5,4248c9b3f703df679b477bf075256cda4912f14382e7e3af86f3adc3a2bef552,4248c9b3f703df679b477bf075256cda4912f14382e7e3af86f3adc3a2bef552,True,100,24
b2,b2-k8-mixed-shared-4-761923963fb0,8,8,mixed,shared,flat,10,10,23,23,24,37,19,20,30,8847.0,39377.0,10122.0,10569.5,0.8740367516301126,3.8902390831851412,0.8370310799943232,3.725531009035432,0.957661194947727,9928.0,46645.0,12835.5,50290.5,16157.0,73708.0,0f26ac14628db4891a38eb6cc5ecb59db84a9796c433fd0f0ff7a5eecc4fec25,0f26ac14628db4891a38eb6cc5ecb59db84a9796c433fd0f0ff7a5eecc4fec25,True,100,24
b2,b2-k10-xor_dom-tree-1-77230e81be62,10,10,xor_dom,tree,flat,2,2,10,12,12,12,11,11,11,5542.0,33722.0,5706.0,7296.0,0.9712583245706274,5.909919383105503,0.7595942982456141,4.621984649122807,0.7820723684210527,7606.0,31382.0,8618.0,31622.0,9472.0,39690.0,f4bd7cb6d894da1941302437ccf55c6d9bd9cb292196c1d561dedb49901754e4,f4bd7cb6d894da1941302437ccf55c6d9bd9cb292196c1d561dedb49901754e4,True,25,24
b2,b2-k10-xor_dom-tree-2-b2b59ccfcc06,10,10,xor_dom,tree,flat,5,5,10,11,11,11,10,10,10,5816.0,41142.0,7712.0,6396.0,0.754149377593361,5.334802904564316,0.9093183239524703,6.432457786116323,1.2057535959974985,5436.0,20528.0,6146.0,20466.0,5710.0,24428.0,0bbd3db6d49c182c7ead9ffb206e26b1c610422940832230be18b4c64709ee3c,0bbd3db6d49c182c7ead9ffb206e26b1c610422940832230be18b4c64709ee3c,True,25,24
b2,b2-k10-xor_dom-tree-3-25d12caacfcf,10,10,xor_dom,tree,flat,9,9,15,19,19,19,16,16,16,9060.0,39140.0,11174.0,11232.0,0.8108108108108109,3.502774297476284,0.8066239316239316,3.4846866096866096,0.9948361823361823,8370.0,35630.0,9602.0,34114.0,10724.0,43546.0,761b19ded3cd7c6125a2f2da98b1c268cbc5b25a9d551d0d9f05c277c1857514,761b19ded3cd7c6125a2f2da98b1c268cbc5b25a9d551d0d9f05c277c1857514,True,25,24
b2,b2-k10-xor_dom-tree-4-04f54e4b6bdc,10,10,xor_dom,tree,flat,6,6,12,13,13,13,12,12,12,6380.0,35718.0,7044.0,6716.0,0.9057353776263487,5.070698466780239,0.9499702203692674,5.3183442525312685,1.0488385944014293,6400.0,24416.0,6998.0,26390.0,6694.0,31482.0,5000883c6bbe89a7f96ee4a08d3d04023911181e77f9d6f4ba49f6ba34e14573,5000883c6bbe89a7f96ee4a08d3d04023911181e77f9d6f4ba49f6ba34e14573,True,25,24
b2,b2-k10-xor_dom-shared-1-b1df44674c4f,10,10,xor_dom,shared,flat,4,8,24,12,19,24,12,19,24,8192.0,32600.0,8594.0,11196.0,0.9532231789620665,3.7933441936234584,0.7316898892461593,2.911754197927831,0.7675955698463737,5534.0,26544.0,9308.0,42772.0,11128.0,64188.0,64cb1dd5e87df195d3a5640f0f16b021f2e876b208820bda0aed2845cdcf016e,64cb1dd5e87df195d3a5640f0f16b021f2e876b208820bda0aed2845cdcf016e,True,25,24
b2,b2-k10-xor_dom-shared-2-972e9d7d2b36,10,10,xor_dom,shared,flat,12,12,31,21,21,33,20,20,32,10982.0,42804.0,11546.0,14322.0,0.9511519140827992,3.7072579248224495,0.7667923474375087,2.9886887306242147,0.8061723223013546,9970.0,44882.0,13772.0,46634.0,13234.0,95646.0,27ddd67ef29981b9b24889ea43fac48a1ec9eb77eb37aa5a7d47feea46419c9f,27ddd67ef29981b9b24889ea43fac48a1ec9eb77eb37aa5a7d47feea46419c9f,True,25,24
b2,b2-k10-xor_dom-shared-3-cf872e9babd8,10,10,xor_dom,shared,flat,9,10,28,23,28,35,20,25,31,10114.0,47630.0,13150.0,14080.0,0.7691254752851711,3.6220532319391636,0.7183238636363637,3.3828125,0.9339488636363636,12730.0,45866.0,12866.0,59722.0,13206.0,74758.0,eb4559ebfa931806d97c952a7959464f8134746b139c9c252bbe5d8c0ffa8c64,eb4559ebfa931806d97c952a7959464f8134746b139c9c252bbe5d8c0ffa8c64,True,25,24
b2,b2-k10-xor_dom-shared-4-dd24aa5a61a6,10,10,xor_dom,shared,flat,10,12,23,22,25,29,19,22,26,9222.0,33714.0,10872.0,11382.0,0.8482339955849889,3.1009933774834435,0.8102266736953084,2.9620453347390616,0.9551924090669478,9558.0,39614.0,11802.0,45924.0,11804.0,59776.0,b46d9f523cdf3dff3a17467140b0da2c922f1adb28d416e004eb247ddc5ee027,b46d9f523cdf3dff3a17467140b0da2c922f1adb28d416e004eb247ddc5ee027,True,25,24
b2,b2-k10-andor_dom-tree-1-a8fc7f363671,10,10,andor_dom,tree,flat,9,9,13,14,15,15,12,13,13,7240.0,34176.0,8072.0,6744.0,0.8969276511397423,4.233894945490585,1.073546856465006,5.067615658362989,1.1969157769869514,7128.0,27332.0,8502.0,31224.0,6708.0,30922.0,ebf92b7e7ae41e047af3f1eb28dbb964c9771aeae2618553b6c339d4a2eedb66,ebf92b7e7ae41e047af3f1eb28dbb964c9771aeae2618553b6c339d4a2eedb66,True,25,24
b2,b2-k10-andor_dom-tree-2-7400a955a56c,10,10,andor_dom,tree,flat,15,15,15,25,25,25,19,19,19,11324.0,39578.0,11748.0,9536.0,0.9639087504256043,3.3689138576779025,1.1875,4.150377516778524,1.231963087248322,10718.0,41788.0,12324.0,43468.0,10526.0,43506.0,30d5060db7e2b493d9e99eef52a71ec6f1485c7ac8e517d905d958281a5b00e9,30d5060db7e2b493d9e99eef52a71ec6f1485c7ac8e517d905d958281a5b00e9,True,25,24
b2,b2-k10-andor_dom-tree-3-42d9480de48e,10,10,andor_dom,tree,flat,9,9,13,16,17,17,13,14,14,9704.0,43010.0,12716.0,10310.0,0.7631330607109154,3.3823529411764706,0.9412221144519883,4.1716779825412225,1.2333656644034918,7874.0,29122.0,8890.0,31128.0,7464.0,34268.0,7efc6a69c4232f0ab321ee5249f71dbd53c5c70a6451e2e0f7fc4666559a3722,7efc6a69c4232f0ab321ee5249f71dbd53c5c70a6451e2e0f7fc4666559a3722,True,25,24
b2,b2-k10-andor_dom-tree-4-837da4e67104,10,10,andor_dom,tree,flat,8,8,9,11,11,11,10,10,10,11084.0,48848.0,11996.0,9056.0,0.9239746582194065,4.072024008002668,1.223939929328622,5.393992932862191,1.3246466431095407,9564.0,34854.0,11224.0,34672.0,8116.0,32038.0,46b1a2a910859148f0cea6d361339e29c7f212a819e8f68dc7efafa95acf8a19,46b1a2a910859148f0cea6d361339e29c7f212a819e8f68dc7efafa95acf8a19,True,25,24
b2,b2-k10-andor_dom-shared-1-071d6b8e4bb7,10,10,andor_dom,shared,flat,17,17,53,31,33,62,28,30,57,18912.0,53122.0,14044.0,26530.0,1.3466248931928226,3.782540586727428,0.7128533735393894,2.0023369770071615,0.5293629852996607,13694.0,59896.0,15442.0,62612.0,22580.0,146622.0,2023bed7c6d67a4c9d4c5e68fc10a864e8a221cce3a504eeb9a5a1df50f2397f,2023bed7c6d67a4c9d4c5e68fc10a864e8a221cce3a504eeb9a5a1df50f2397f,True,25,24
b2,b2-k10-andor_dom-shared-2-16ca12c11ee1,10,10,andor_dom,shared,flat,14,14,42,27,27,47,24,24,43,10852.0,41440.0,13792.0,18552.0,0.7868329466357309,3.0046403712296983,0.5849504096593359,2.233721431651574,0.7434238896075894,11850.0,48872.0,13442.0,48836.0,19538.0,118506.0,d25214afe652c886762108a089e935eff46230b85de72818e00ca84571629e82,d25214afe652c886762108a089e935eff46230b85de72818e00ca84571629e82,True,25,24
b2,b2-k10-andor_dom-shared-3-22432c1ba51e,10,10,andor_dom,shared,flat,9,10,25,18,19,27,17,18,25,13524.0,61590.0,15492.0,18238.0,0.8729666924864447,3.9756003098373354,0.741528676389955,3.3770150235771466,0.8494352450926637,8060.0,35438.0,9170.0,41216.0,11330.0,61234.0,61292e14dd3f798c3df8a836c0490e4eb6288368a970d63c20944478da823ce4,61292e14dd3f798c3df8a836c0490e4eb6288368a970d63c20944478da823ce4,True,25,24
b2,b2-k10-andor_dom-shared-4-7f3eabfd2bc0,10,10,andor_dom,shared,flat,15,15,28,30,31,35,25,26,30,11204.0,35966.0,12012.0,11974.0,0.9327339327339327,2.9941724941724943,0.9356940036746284,3.0036746283614497,1.0031735426757975,11208.0,44198.0,12198.0,46658.0,11408.0,59808.0,ef41308852853f4cc52229ddade54e424af29dd99a564d4718ea4177daccf4d1,ef41308852853f4cc52229ddade54e424af29dd99a564d4718ea4177daccf4d1,True,25,24
b2,b2-k10-impeqv_dom-tree-1-d65cd8c37d53,10,10,impeqv_dom,tree,flat,17,17,17,44,44,44,29,29,29,13196.0,36886.0,13878.0,12764.0,0.9508574722582505,2.6578757746072923,1.0338451895957381,2.8898464431212787,1.0872767157630836,13372.0,47088.0,15864.0,50678.0,13148.0,46890.0,6a277e9b6f1a2c9d5406a1ad99b4f6882da9542b22cd8fbe9d99c3005a604450,6a277e9b6f1a2c9d5406a1ad99b4f6882da9542b22cd8fbe9d99c3005a604450,True,25,24
b2,b2-k10-impeqv_dom-tree-2-c28e8c343d74,10,10,impeqv_dom,tree,flat,9,9,9,23,23,23,16,16,16,8892.0,37884.0,9146.0,8440.0,0.9722282965230702,4.142138639842554,1.0535545023696682,4.488625592417062,1.083649289099526,8634.0,30442.0,9986.0,29534.0,7964.0,28100.0,7f49ad0ac1c2e262607d04e82a59052fca7b1a050532196ae13874ad77ddf3d1,7f49ad0ac1c2e262607d04e82a59052fca7b1a050532196ae13874ad77ddf3d1,True,25,24
b2,b2-k10-impeqv_dom-tree-3-4537a75ce604,10,10,impeqv_dom,tree,flat,14,14,14,35,35,35,24,24,24,11860.0,36972.0,12420.0,11246.0,0.9549114331723028,2.9768115942028985,1.05459719011204,3.287568913391428,1.1043926729503823,11622.0,39426.0,12978.0,38362.0,10904.0,38370.0,56d24a658c7cbe708adf0414be52f24ddc0aa1f015579185dc0cd48a1f240882,56d24a658c7cbe708adf0414be52f24ddc0aa1f015579185dc0cd48a1f240882,True,25,24
b2,b2-k10-impeqv_dom-tree-4-146866abdaef,10,10,impeqv_dom,tree,flat,11,11,11,27,27,27,18,18,18,9560.0,33242.0,10254.0,9224.0,0.932319094987322,3.241856836356544,1.03642671292281,3.6038594969644406,1.1116652211621856,9632.0,30430.0,10986.0,31554.0,9194.0,31274.0,5314217abb5a6447b09852854165d1b704f2905cddd68cebeadfdaf9cceb96dd,5314217abb5a6447b09852854165d1b704f2905cddd68cebeadfdaf9cceb96dd,True,25,24
b2,b2-k10-impeqv_dom-shared-1-a2d9511bd8a2,10,10,impeqv_dom,shared,flat,24,26,30,68,74,86,46,50,58,19184.0,49200.0,22056.0,23788.0,0.8697859992745738,2.2306855277475517,0.8064570371615941,2.0682697158231043,0.9271901799226501,19644.0,69744.0,21922.0,79358.0,24356.0,96462.0,3b07de64b0c63311c34ee1d14d51cd0dbff4fa063cc3cc72eda1bc51bd02dfc6,3b07de64b0c63311c34ee1d14d51cd0dbff4fa063cc3cc72eda1bc51bd02dfc6,True,25,24
b2,b2-k10-impeqv_dom-shared-2-e0619ddaeb12,10,10,impeqv_dom,shared,flat,22,22,28,61,61,79,40,40,52,17210.0,54194.0,17976.0,21054.0,0.9573876279483756,3.014797507788162,0.8174218675786074,2.5740476869003515,0.853804502707324,17434.0,60226.0,20444.0,61878.0,21218.0,79840.0,f834dbdf22fd8cf1b2092bb052117469798775d42c4cc697442cc22ba86df612,f834dbdf22fd8cf1b2092bb052117469798775d42c4cc697442cc22ba86df612,True,25,24
b2,b2-k10-impeqv_dom-shared-3-456d3bc52660,10,10,impeqv_dom,shared,flat,20,25,51,51,64,114,35,44,82,15698.0,49086.0,20234.0,31378.0,0.7758228723930018,2.4259167737471583,0.5002868251641277,1.5643444451526547,0.644846707884505,16272.0,54782.0,23708.0,73956.0,32262.0,137232.0,e90aaf1e4409cd954c1689522f626be0c05bd03a907bba5e153335cd2fa656c5,e90aaf1e4409cd954c1689522f626be0c05bd03a907bba5e153335cd2fa656c5,True,25,24
b2,b2-k10-impeqv_dom-shared-4-2386e2077320,10,10,impeqv_dom,shared,flat,22,22,43,56,56,105,38,38,71,17048.0,49210.0,19372.0,28946.0,0.8800330373735288,2.5402642989882303,0.5889587507773095,1.700062184757825,0.6692461825468113,18140.0,60152.0,19772.0,61636.0,29558.0,128998.0,650e7da2e8455d8ed3c88f0b1bd75c14a36dcec3d79f9bf1ab2e401e20537b2b,650e7da2e8455d8ed3c88f0b1bd75c14a36dcec3d79f9bf1ab2e401e20537b2b,True,25,24
b2,b2-k10-mixed-tree-1-f431ce588c32,10,10,mixed,tree,flat,7,7,10,14,14,14,12,12,12,6750.0,31488.0,7328.0,6434.0,0.9211244541484717,4.296943231441048,1.0491140814423376,4.894000621697233,1.138949331675474,6768.0,26170.0,7474.0,24514.0,6106.0,28558.0,4745731af5e9243209198887508a49500828d5e3b5b95a785cd4015c2c9746c2,4745731af5e9243209198887508a49500828d5e3b5b95a785cd4015c2c9746c2,True,25,24
b2,b2-k10-mixed-tree-2-82994a7af72e,10,10,mixed,tree,flat,12,12,13,26,26,26,19,19,19,10092.0,35162.0,10756.0,9432.0,0.938267013759762,3.269059129788025,1.0699745547073791,3.727947413061917,1.140373197625106,10370.0,38890.0,11184.0,34936.0,9698.0,37564.0,999e6cb468a0387d197bfc65cc9bfd4b994d448c970bc3da29f6bd6f9fffd95e,999e6cb468a0387d197bfc65cc9bfd4b994d448c970bc3da29f6bd6f9fffd95e,True,25,24
b2,b2-k10-mixed-tree-3-961dbd1e0dd8,10,10,mixed,tree,flat,10,10,12,15,15,15,13,13,13,9412.0,37800.0,9888.0,7680.0,0.9518608414239482,3.8228155339805827,1.2255208333333334,4.921875,1.2875,9312.0,31424.0,9078.0,34724.0,7380.0,33978.0,c764aed964b41ffe8a6d6671bb0382489e45362d47d9f79f5f06116a50ae4f44,c764aed964b41ffe8a6d6671bb0382489e45362d47d9f79f5f06116a50ae4f44,True,25,24
b2,b2-k10-mixed-tree-4-a46b1cdc2617,10,10,mixed,tree,flat,9,9,9,15,15,15,12,12,12,7672.0,31916.0,8234.0,6552.0,0.9317464172941462,3.8761233908185573,1.170940170940171,4.871184371184371,1.2567155067155067,9774.0,31208.0,8894.0,29814.0,7200.0,30608.0,2482721c239c03e6563c0d339ad648261c9bde5695c190c7e3fc844e703949e8,2482721c239c03e6563c0d339ad648261c9bde5695c190c7e3fc844e703949e8,True,25,24
b2,b2-k10-mixed-shared-1-ed6b5cd37350,10,10,mixed,shared,flat,18,18,30,38,38,51,29,29,39,13854.0,48060.0,15188.0,15704.0,0.9121675006584146,3.1643402686331314,0.8821956189505858,3.0603667855323486,0.9671421293937851,13686.0,51718.0,14222.0,48906.0,15058.0,70596.0,6d93321deb38f1132aad525ae54ba3a0281a6927f26d0ef1270e7b1a966ce072,6d93321deb38f1132aad525ae54ba3a0281a6927f26d0ef1270e7b1a966ce072,True,25,24
b2,b2-k10-mixed-shared-2-ee63ac52edf4,10,10,mixed,shared,flat,13,14,28,30,34,52,25,28,40,11230.0,37286.0,12920.0,16504.0,0.8691950464396285,2.8859133126934986,0.6804411051866214,2.259209888511876,0.7828405235094522,11118.0,50316.0,14044.0,59938.0,16038.0,75396.0,d5b9585357b8851bce30f11eac0744be80f6c99086765fbec06556e8dcba487c,d5b9585357b8851bce30f11eac0744be80f6c99086765fbec06556e8dcba487c,True,25,24
b2,b2-k10-mixed-shared-3-189118134673,10,10,mixed,shared,flat,13,15,29,30,36,53,24,28,41,11602.0,45428.0,14506.0,16544.0,0.7998069764235489,3.131669653936302,0.7012814313346228,2.745889748549323,0.8768133462282398,11066.0,42214.0,13220.0,48408.0,15692.0,75774.0,f63d4bbf0860a4b54fa10e72b56cdefdb2fec0a8f874429c44c8c467d12f3716,f63d4bbf0860a4b54fa10e72b56cdefdb2fec0a8f874429c44c8c467d12f3716,True,25,24
b2,b2-k10-mixed-shared-4-bc98fc0156a1,10,10,mixed,shared,flat,19,19,38,43,43,67,33,33,52,14472.0,40928.0,14968.0,20172.0,0.9668626402993051,2.734366648850882,0.7174301011302796,2.0289510212175292,0.742018639698592,15982.0,68038.0,15678.0,64622.0,20452.0,106944.0,f7743b4d3584d737f00c61e0d0e4483f3eeeed164a52e0b4b9f6adfd08ed6134,f7743b4d3584d737f00c61e0d0e4483f3eeeed164a52e0b4b9f6adfd08ed6134,True,25,24
b2,b2-k12-xor_dom-tree-1-58b08f43ff42,12,12,xor_dom,tree,flat,7,7,12,16,16,16,14,14,14,10562.0,38520.0,11314.0,11062.0,0.9335336750928054,3.4046314300866185,0.9548002169589586,3.4821912854818295,1.0227806906526848,10696.0,31880.0,12282.0,31858.0,10564.0,35004.0,b47bd399acce2d9e4a4446b7ddedd667546ab768effebe79232934adf8822fcd,b47bd399acce2d9e4a4446b7ddedd667546ab768effebe79232934adf8822fcd,True,25,24
b2,b2-k12-xor_dom-tree-2-f9f1dbfc58a0,12,12,xor_dom,tree,flat,9,9,16,19,19,19,16,16,16,16384.0,52428.0,14476.0,14566.0,1.131804365846919,3.62171870682509,1.124811204174104,3.599340930935054,0.9938212275161334,13382.0,34624.0,16526.0,39352.0,13112.0,39070.0,427ec03b5f5d547ae32f7cfc4a065844544ee6965f1ba9ad58b8446c6e83cded,427ec03b5f5d547ae32f7cfc4a065844544ee6965f1ba9ad58b8446c6e83cded,True,25,24
b2,b2-k12-xor_dom-tree-3-732256a48755,12,12,xor_dom,tree,flat,8,8,16,18,18,18,16,16,16,11938.0,38748.0,12740.0,12878.0,0.9370486656200941,3.0414442700156985,0.927007299270073,3.008852306258736,0.9892840503183724,12030.0,34362.0,12992.0,34726.0,12442.0,43766.0,c7302e58732f124950724bb164ab08c8e412445463d0e329387615054bd17e6f,c7302e58732f124950724bb164ab08c8e412445463d0e329387615054bd17e6f,True,25,24
b2,b2-k12-xor_dom-tree-4-d425291e801e,12,12,xor_dom,tree,flat,5,5,11,15,15,15,13,13,13,11246.0,39716.0,11246.0,10756.0,1.0,3.5315667792993066,1.0455559687616214,3.6924507251766454,1.0455559687616214,10110.0,27620.0,11414.0,27642.0,10504.0,30156.0,882842244bf707ab8293f5c692f94aabc749c16effedfcb3c1dbd0d978b94898,882842244bf707ab8293f5c692f94aabc749c16effedfcb3c1dbd0d978b94898,True,25,24
b2,b2-k12-xor_dom-shared-1-471ce8cfd63d,12,12,xor_dom,shared,flat,8,9,25,23,26,30,20,23,27,13630.0,38454.0,15730.0,19406.0,0.866497139224412,2.4446280991735536,0.7023600948160362,1.981552097289498,0.8105740492631145,13890.0,39662.0,16758.0,41666.0,19148.0,65142.0,ac3fc79eacd1d3ed9e99f95d4d164e885aa62b794868cf4e8716c6affda9b2cb,ac3fc79eacd1d3ed9e99f95d4d164e885aa62b794868cf4e8716c6affda9b2cb,True,25,24
b2,b2-k12-xor_dom-shared-2-c00263664ad9,12,12,xor_dom,shared,flat,11,16,74,27,38,97,24,34,85,18342.0,51302.0,24796.0,57496.0,0.7397160832392321,2.0689627359251492,0.3190134965910672,0.8922707666620286,0.43126478363712256,18918.0,56116.0,24254.0,75270.0,58508.0,222372.0,33e3c96f05ea739bc01ccd8787cc5e2af60ae27c0040f5ec6696ff322370b74f,33e3c96f05ea739bc01ccd8787cc5e2af60ae27c0040f5ec6696ff322370b74f,True,25,24
b2,b2-k12-xor_dom-shared-3-75c78e4c8980,12,12,xor_dom,shared,flat,18,18,43,37,41,53,31,35,47,26904.0,62752.0,36030.0,45386.0,0.7467110741049126,1.7416597280044408,0.592781915128013,1.3826290045388445,0.7938571365619354,25122.0,74078.0,26642.0,75472.0,39368.0,125478.0,a1b36dd03e496fe7dbb7c1055d8a78a826fa830ee6ec76048bf0b94903351520,a1b36dd03e496fe7dbb7c1055d8a78a826fa830ee6ec76048bf0b94903351520,True,25,24
b2,b2-k12-xor_dom-shared-4-ef377d6180bd,12,12,xor_dom,shared,flat,11,11,29,24,24,35,22,22,30,15178.0,42472.0,15556.0,20844.0,0.9757006942658781,2.7302648495757262,0.7281711763577049,2.0376127422759547,0.7463058913836116,16650.0,59790.0,19660.0,53386.0,23640.0,67284.0,ad1260d2805fb2e3089ad381f925524c0c3a8d8d99c946dffde12cf6364f3bc7,ad1260d2805fb2e3089ad381f925524c0c3a8d8d99c946dffde12cf6364f3bc7,True,25,24
b2,b2-k12-andor_dom-tree-1-a97f101c02c9,12,12,andor_dom,tree,flat,8,8,14,14,14,14,14,14,14,15418.0,53360.0,16642.0,14766.0,0.9264511476985939,3.206345391178945,1.0441554923472842,3.6137071651090342,1.1270486252201002,11884.0,37356.0,11838.0,40436.0,10678.0,40918.0,1c70364ab0c6d294988f2cd9350a324e844b3bef3795c32a0449c50168a8ef9a,1c70364ab0c6d294988f2cd9350a324e844b3bef3795c32a0449c50168a8ef9a,True,25,24
b2,b2-k12-andor_dom-tree-2-7c935460fe73,12,12,andor_dom,tree,flat,12,12,14,23,23,23,17,17,17,15948.0,46626.0,17562.0,15492.0,0.9080970276733857,2.6549367953536045,1.029434546862897,3.009682416731216,1.1336173508907823,16468.0,36316.0,17570.0,37426.0,15322.0,38680.0,277a0bd63a0736365059119411599b5aaf498f03c37eb8c6019cafcac3ac0c0f,277a0bd63a0736365059119411599b5aaf498f03c37eb8c6019cafcac3ac0c0f,True,25,24
b2,b2-k12-andor_dom-tree-3-3425f4494063,12,12,andor_dom,tree,flat,12,12,15,19,19,19,17,17,17,14730.0,41740.0,14874.0,12582.0,0.9903186768858411,2.8062390748957915,1.1707200762994754,3.317437609283103,1.1821649976156414,14676.0,47434.0,19394.0,47660.0,12512.0,45446.0,20df078becaffb7697d484657044c06259823bed8550d38b29c0130a91510b08,20df078becaffb7697d484657044c06259823bed8550d38b29c0130a91510b08,True,25,24
b2,b2-k12-andor_dom-tree-4-4668b9a9de6a,12,12,andor_dom,tree,flat,8,8,14,14,15,15,13,14,14,20040.0,88822.0,24100.0,18768.0,0.8315352697095436,3.6855601659751036,1.067774936061381,4.732630008525149,1.2841005967604433,20840.0,73788.0,26634.0,77886.0,20090.0,87118.0,d17d47659342e84f45d293475ae80d1440c596010bad72068c02d0538116fb8c,d17d47659342e84f45d293475ae80d1440c596010bad72068c02d0538116fb8c,True,25,24
b2,b2-k12-andor_dom-shared-1-50f526a5c97f,12,12,andor_dom,shared,flat,13,14,40,23,24,58,20,21,48,38702.0,116960.0,45490.0,73760.0,0.8507803912947901,2.5711145306660805,0.5247017353579175,1.5856832971800434,0.6167299349240781,25880.0,60350.0,27046.0,67348.0,44194.0,160590.0,085867a3008fc330558d9a52d31e9e1c0f9805d909277ee6f4512554def6ca0e,085867a3008fc330558d9a52d31e9e1c0f9805d909277ee6f4512554def6ca0e,True,25,24
b2,b2-k12-andor_dom-shared-2-50260f8a12a2,12,12,andor_dom,shared,flat,14,14,43,29,29,49,27,27,44,24956.0,61960.0,23520.0,37574.0,1.0610544217687075,2.6343537414965987,0.6641826795124288,1.6490126151061903,0.6259647628679406,20112.0,73316.0,27272.0,74994.0,42034.0,148126.0,af151701c29240b24d2bbdee39b0c6b4f1c3db6776f0fca3fa0a70c6e4d6c55d,af151701c29240b24d2bbdee39b0c6b4f1c3db6776f0fca3fa0a70c6e4d6c55d,True,25,24
b2,b2-k12-andor_dom-shared-3-0c0054958df2,12,12,andor_dom,shared,flat,7,8,24,16,19,28,15,18,26,11454.0,43246.0,14124.0,18876.0,0.8109600679694138,3.061880487114132,0.6068022886204705,2.2910574274210638,0.7482517482517482,11014.0,32928.0,13508.0,37810.0,18108.0,59486.0,71edf00a5137651c0a4fb97720d8baa0b6ce7db6da6567afec547030d5499922,71edf00a5137651c0a4fb97720d8baa0b6ce7db6da6567afec547030d5499922,True,25,24
b2,b2-k12-andor_dom-shared-4-4b3e0c13b861,12,12,andor_dom,shared,flat,12,12,24,29,29,39,24,24,31,26050.0,57824.0,22844.0,35262.0,1.1403431973384697,2.5312554718963405,0.7387556009301798,1.6398389200839432,0.6478361976064886,21164.0,62788.0,27996.0,66364.0,37678.0,94858.0,05554d5b91542982023de10c6e728ca182d34cc773455cb52b396e9b54c4ea25,05554d5b91542982023de10c6e728ca182d34cc773455cb52b396e9b54c4ea25,True,25,24
b2,b2-k12-impeqv_dom-tree-1-b84e5ead9772,12,12,impeqv_dom,tree,flat,13,13,13,35,35,35,24,24,24,39132.0,82150.0,45736.0,39378.0,0.8556060871086234,1.796178065418926,0.9937528569251867,2.0861902585199856,1.1614607141043223,37904.0,75390.0,39390.0,64074.0,36646.0,65700.0,8bbf576bad1940554ba4dfbdcccbac9e5815b6edabcdc8be19495390d01d8653,8bbf576bad1940554ba4dfbdcccbac9e5815b6edabcdc8be19495390d01d8653,True,25,24
b2,b2-k12-impeqv_dom-tree-2-efcfe8a9d099,12,12,impeqv_dom,tree,flat,19,19,19,47,47,47,32,32,32,41740.0,95722.0,57380.0,40454.0,0.7274311606831648,1.6682119205298014,1.0317891926632718,2.36619370148811,1.418401146981757,41834.0,67070.0,46240.0,71790.0,37554.0,66110.0,12bb8d46f3dc7c1b2d765504f1204f9320b843e9936bf45b93c9dd882ea43beb,12bb8d46f3dc7c1b2d765504f1204f9320b843e9936bf45b93c9dd882ea43beb,True,25,24
b2,b2-k12-impeqv_dom-tree-3-55ecbcba0651,12,12,impeqv_dom,tree,flat,14,14,14,36,36,36,24,24,24,28292.0,64560.0,30088.0,27738.0,0.9403084286094124,2.145705929274129,1.0199726007642944,2.327492969932944,1.084721320931574,39532.0,64694.0,39492.0,69008.0,44472.0,69770.0,7706cdf872b2f54e859c5e467f810d90a27b5012d71cc14b9184bac89fa49101,7706cdf872b2f54e859c5e467f810d90a27b5012d71cc14b9184bac89fa49101,True,25,24
b2,b2-k12-impeqv_dom-tree-4-d18fdd8343dc,12,12,impeqv_dom,tree,flat,17,17,17,42,42,42,29,29,29,45142.0,84622.0,46970.0,44158.0,0.9610815414094103,1.8016180540770705,1.0222836179174781,1.9163458489967842,1.0636804203088908,29366.0,56512.0,31778.0,54560.0,28836.0,55964.0,5023ff3d5a8388df2f16269410d8c0f53d8424ec6b906f93eede58371eb3e700,5023ff3d5a8388df2f16269410d8c0f53d8424ec6b906f93eede58371eb3e700,True,25,24
b2,b2-k12-impeqv_dom-shared-1-a0a2c0931e69,12,12,impeqv_dom,shared,flat,25,25,41,67,67,102,45,45,69,47232.0,81566.0,52472.0,65506.0,0.9001372160390303,1.5544671443817655,0.7210331877995909,1.2451683815223034,0.8010258602265441,51904.0,104056.0,60488.0,80108.0,71442.0,140174.0,c7b32fa81162ac5c89f652db28dbb2a74603fa55ad809e80665fb863c0b85982,c7b32fa81162ac5c89f652db28dbb2a74603fa55ad809e80665fb863c0b85982,True,25,24
b2,b2-k12-impeqv_dom-shared-2-1385a0b1080c,12,12,impeqv_dom,shared,flat,18,21,28,52,59,70,35,40,49,34450.0,81700.0,50152.0,48256.0,0.6869117881639815,1.6290476950071782,0.7139008620689655,1.6930537135278514,1.039290450928382,53434.0,90390.0,63604.0,105108.0,73594.0,125710.0,ed2456209e3c9c214dd3fb32696b3d14e49809d467d353e0e4491ef7597972ed,ed2456209e3c9c214dd3fb32696b3d14e49809d467d353e0e4491ef7597972ed,True,25,24
b2,b2-k12-impeqv_dom-shared-3-c60cc82b0720,12,12,impeqv_dom,shared,flat,22,22,34,59,59,83,40,40,56,63058.0,105578.0,65200.0,85446.0,0.9671472392638036,1.6192944785276073,0.7379865646139082,1.2356107951220654,0.763055028907146,46492.0,89738.0,55226.0,92766.0,53972.0,107880.0,1f5e30ff999fd78ba6cf030159d9c0aa183021f5f490ffadb04748179aa955dc,1f5e30ff999fd78ba6cf030159d9c0aa183021f5f490ffadb04748179aa955dc,True,25,24
b2,b2-k12-impeqv_dom-shared-4-5d7fc59cbaf7,12,12,impeqv_dom,shared,flat,24,24,32,63,63,79,42,42,54,50234.0,81636.0,45072.0,53540.0,1.1145278665246716,1.8112353567625132,0.9382517743742996,1.5247665296974224,0.8418378782218902,60136.0,98396.0,54298.0,93148.0,55364.0,112608.0,65e35349e4a9010a3b6bc75bb6cd6e9387358c2ab01c9eb392d787a38e96b7ea,65e35349e4a9010a3b6bc75bb6cd6e9387358c2ab01c9eb392d787a38e96b7ea,True,25,24
b2,b2-k12-mixed-tree-1-ddb82bdf8146,12,12,mixed,tree,flat,11,11,12,22,22,22,17,17,17,24494.0,59372.0,24590.0,16486.0,0.9960959739731599,2.414477429849532,1.485745481014194,3.6013587286182216,1.4915686036637146,16128.0,40448.0,24546.0,50928.0,14886.0,41524.0,9c8b248d77b14f016a5c8523895940246703d3753efb78809b5f7a0d630e976e,9c8b248d77b14f016a5c8523895940246703d3753efb78809b5f7a0d630e976e,True,25,24
b2,b2-k12-mixed-tree-2-380dba915931,12,12,mixed,tree,flat,12,12,13,22,22,22,17,17,17,17260.0,50036.0,18810.0,15338.0,0.9175970228601807,2.660074428495481,1.1253096883557179,3.2622245403572827,1.226365888642587,15924.0,34954.0,16838.0,35164.0,13978.0,35484.0,357ab1032ff9d89f13986c91b214ecdee357db539ccc245df471924319d0755c,357ab1032ff9d89f13986c91b214ecdee357db539ccc245df471924319d0755c,True,25,24
b2,b2-k12-mixed-tree-3-e56bca913be9,12,12,mixed,tree,flat,15,15,16,30,30,30,22,22,22,20358.0,55004.0,24814.0,20698.0,0.8204239542193923,2.2166518900620615,0.9835732921055175,2.6574548265532902,1.198859793216736,23044.0,64168.0,25804.0,63560.0,25040.0,58114.0,83f7f5180404aaff1e4d42351c83fa2c083c68d3179ba35daa204ccc350af1fc,83f7f5180404aaff1e4d42351c83fa2c083c68d3179ba35daa204ccc350af1fc,True,25,24
b2,b2-k12-mixed-tree-4-4769a3d3ef25,12,12,mixed,tree,flat,13,14,15,28,29,29,20,21,21,27198.0,65524.0,31322.0,23850.0,0.8683353553412937,2.0919481514590386,1.140377358490566,2.7473375262054507,1.3132914046121593,19904.0,42062.0,22328.0,42148.0,18688.0,44264.0,3e999714a42c4f044b430b8cc40abb720d38493759d9fe0cc549d769e03d9ad9,3e999714a42c4f044b430b8cc40abb720d38493759d9fe0cc549d769e03d9ad9,True,25,24
b2,b2-k12-mixed-shared-1-f8b45cd2b4da,12,12,mixed,shared,flat,20,20,42,44,44,63,36,36,51,26874.0,56508.0,27628.0,36940.0,0.9727088460981613,2.0453163457362096,0.7275040606388739,1.5297238765565782,0.7479155387114239,30874.0,74266.0,31096.0,78620.0,37518.0,111448.0,58d74552627d4b7e9c125d6eb17b2f852862824480487ffbd2d2855002864947,58d74552627d4b7e9c125d6eb17b2f852862824480487ffbd2d2855002864947,True,25,24
b2,b2-k12-mixed-shared-2-50e3ef4d7ce9,12,12,mixed,shared,flat,18,18,32,39,39,57,31,31,44,24942.0,52596.0,27342.0,32334.0,0.9122229536976081,1.9236339697169191,0.7713861569864539,1.6266468732603452,0.8456114306921507,34414.0,70568.0,31400.0,70020.0,46506.0,105522.0,7d6ab2fd13b177da1853d5aba62e55a9f8bd1d2f9b1c5a128c5194b40f2544ca,7d6ab2fd13b177da1853d5aba62e55a9f8bd1d2f9b1c5a128c5194b40f2544ca,True,25,24
b2,b2-k12-mixed-shared-3-b8fa1dce4b0b,12,12,mixed,shared,flat,12,14,36,30,36,82,24,28,59,23802.0,63362.0,26294.0,44792.0,0.9052255267361375,2.4097512740549174,0.5313895338453295,1.4145829612430791,0.587024468655117,22610.0,61028.0,37170.0,69154.0,52490.0,117080.0,d170e5645e8911a3ecb37073163e94e81699b620f5d1a07eeb2d13301d1a8f3d,d170e5645e8911a3ecb37073163e94e81699b620f5d1a07eeb2d13301d1a8f3d,True,25,24
b2,b2-k12-mixed-shared-4-b5d9843db5e5,12,12,mixed,shared,flat,21,23,47,40,42,60,32,34,52,28600.0,58940.0,31822.0,37108.0,0.8987492929419898,1.8521777386713594,0.7707232941683734,1.5883367467931444,0.8575509324134958,27844.0,67708.0,30622.0,70864.0,45282.0,136478.0,f056e6820013d8b35a3a4a56d4b2e9cece0e03cb2be1884a7fe5b62e6e54439f,f056e6820013d8b35a3a4a56d4b2e9cece0e03cb2be1884a7fe5b62e6e54439f,True,25,24
b2,b2-k16-xor_dom-tree-1-2f5ce8a982ff,16,16,xor_dom,tree,words,14,14,23,29,29,29,25,25,25,116660.0,165900.0,139400.0,142270.0,0.8368723098995696,1.190100430416069,0.8199901595557743,1.1660926407534968,0.9798270893371758,115510.0,114210.0,100210.0,122160.0,114240.0,138680.0,018e0ba07f27a37af3716edbabbd12ddb0b4c19c71b3e0d33f1ffc9c32f618c8,018e0ba07f27a37af3716edbabbd12ddb0b4c19c71b3e0d33f1ffc9c32f618c8,True,5,24
b2,b2-k16-xor_dom-tree-2-dc59bd3a0d74,16,16,xor_dom,tree,words,11,11,19,22,22,22,20,20,20,106900.0,146900.0,91630.0,104240.0,1.1666484775728474,1.6031867292371493,1.0255180353031466,1.409247889485802,0.8790291634689179,88930.0,111160.0,84470.0,100630.0,68900.0,99830.0,b3ff3aa89347b3ff62d4d5966b626179406588b275bf6df9a7ddf9da6917a985,b3ff3aa89347b3ff62d4d5966b626179406588b275bf6df9a7ddf9da6917a985,True,5,24
b2,b2-k16-xor_dom-tree-3-fd0e9542c807,16,16,xor_dom,tree,words,15,15,24,34,34,34,28,28,28,109060.0,151540.0,109190.0,115280.0,0.9988094147815734,1.3878560307720487,0.9460444136016655,1.3145385149201942,0.9471721027064538,121760.0,140080.0,129650.0,146270.0,120430.0,145650.0,a3955e0d7106bf8d76e35852c93e5943f4d40a0fc2408a3793bffdf25c694402,a3955e0d7106bf8d76e35852c93e5943f4d40a0fc2408a3793bffdf25c694402,True,5,24
b2,b2-k16-xor_dom-tree-4-ccf5dc564650,16,16,xor_dom,tree,words,14,14,24,29,29,29,26,26,26,120360.0,183840.0,113130.0,130790.0,1.0639087775125962,1.6250331477061788,0.920253842036853,1.405612049850906,0.8649743864209802,80720.0,97720.0,83300.0,99310.0,82080.0,116540.0,3c793589cc2bebc13af38a7c815bc02ed82fcfd33ae54d0a1d523e95d20eb1e3,3c793589cc2bebc13af38a7c815bc02ed82fcfd33ae54d0a1d523e95d20eb1e3,True,5,24
b2,b2-k16-xor_dom-shared-1-3867fe1a233b,16,16,xor_dom,shared,words,17,18,41,35,40,47,31,36,43,132810.0,210550.0,141720.0,195470.0,0.9371295512277731,1.4856759808072255,0.6794393001483604,1.0771473883460378,0.7250217424668747,116190.0,114020.0,128140.0,127120.0,150300.0,178580.0,61793872c60bf17fd180b9da24ec1c27aa496660279f122cdac3f9312e26df04,61793872c60bf17fd180b9da24ec1c27aa496660279f122cdac3f9312e26df04,True,5,24
b2,b2-k16-xor_dom-shared-2-d28a01c0b901,16,16,xor_dom,shared,words,10,10,31,27,29,39,25,27,35,106460.0,144270.0,98500.0,139070.0,1.0808121827411168,1.4646700507614214,0.7655137700438628,1.0373912418206659,0.7082764075645358,95710.0,137950.0,104680.0,139430.0,159900.0,211610.0,e6bb163b96b1e8d81c66a8d3862f9e8cc469a96a2e0c2c1627b125cc35e0d6c3,e6bb163b96b1e8d81c66a8d3862f9e8cc469a96a2e0c2c1627b125cc35e0d6c3,True,5,24
b2,b2-k16-xor_dom-shared-3-78849fba8a04,16,16,xor_dom,shared,words,13,13,37,34,34,42,30,30,38,120760.0,191510.0,148610.0,196730.0,0.8125967296951753,1.2886750555144337,0.613836222233518,0.9734661719107406,0.7554008031311951,155200.0,142180.0,143900.0,138180.0,175120.0,220990.0,d8a6946aaef5ede9c872cb34102c54b328721c28f85ee042e221cd4e1035b1a3,d8a6946aaef5ede9c872cb34102c54b328721c28f85ee042e221cd4e1035b1a3,True,5,24
b2,b2-k16-xor_dom-shared-4-c20fb11b9c87,16,16,xor_dom,shared,words,15,16,36,32,38,45,26,32,39,107010.0,182930.0,147290.0,181130.0,0.7265259012831828,1.2419716206123974,0.5907911444818639,1.0099376138684923,0.8131728592723458,116180.0,112880.0,159290.0,130290.0,147570.0,159400.0,4ac9c3c0cad97d417ecda5976d75ae28cccf878ef50e0a5b38335576cdd355fc,4ac9c3c0cad97d417ecda5976d75ae28cccf878ef50e0a5b38335576cdd355fc,True,5,24
b2,b2-k16-andor_dom-tree-1-9b69c21027be,16,16,andor_dom,tree,words,15,15,16,17,17,17,16,16,16,107170.0,124670.0,85780.0,77640.0,1.2493588249009093,1.4533690837024948,1.3803451828954147,1.6057444616177228,1.1048428645028336,58930.0,108500.0,63080.0,98690.0,51780.0,85670.0,2ca316eb2f35ea4b8332ebc0581fd6e0804e90ea1114984111640b40d9fcc188,2ca316eb2f35ea4b8332ebc0581fd6e0804e90ea1114984111640b40d9fcc188,True,5,24
b2,b2-k16-andor_dom-tree-2-4798fd76dd91,16,16,andor_dom,tree,words,15,15,18,25,25,25,20,20,20,73980.0,109290.0,75030.0,77680.0,0.9860055977608957,1.4566173530587765,0.9523686920700309,1.406925849639547,0.965885684860968,124640.0,116160.0,121320.0,101750.0,95590.0,100140.0,4460bf05a8bc6256ffcc79d3e2f758a8823b21313048bebf192867527f455313,4460bf05a8bc6256ffcc79d3e2f758a8823b21313048bebf192867527f455313,True,5,24
b2,b2-k16-andor_dom-tree-3-0631f9f38a59,16,16,andor_dom,tree,words,15,15,18,25,25,25,20,20,20,93800.0,138030.0,103480.0,93830.0,0.9064553536915346,1.3338809431774257,0.9996802728338484,1.4710646914632846,1.1028455717787489,94050.0,87630.0,93130.0,84060.0,92510.0,83060.0,fbe9a08a73ce5575f037a20423fdff198c637108de4103c6866d2a82619d5521,fbe9a08a73ce5575f037a20423fdff198c637108de4103c6866d2a82619d5521,True,5,24
b2,b2-k16-andor_dom-tree-4-63621194d872,16,16,andor_dom,tree,words,17,17,20,27,28,28,22,23,23,105700.0,161070.0,126460.0,124220.0,0.8358374189467025,1.2736833781432864,0.850909676380615,1.2966511028819836,1.0180325229431653,95570.0,91670.0,93960.0,102740.0,98040.0,116610.0,17f9d6bb136db54edcc941d09098c3b90ca65b39e4c4efbb1cce0ab98375d033,17f9d6bb136db54edcc941d09098c3b90ca65b39e4c4efbb1cce0ab98375d033,True,5,24
b2,b2-k16-andor_dom-shared-1-98d2a1ad94ad,16,16,andor_dom,shared,words,12,13,37,26,28,41,25,27,37,94960.0,144050.0,118820.0,178390.0,0.7991920552095607,1.2123379902373337,0.5323168339032457,0.807500420427154,0.6660687258254386,67940.0,114080.0,82200.0,108130.0,115870.0,157490.0,61cb2b2132400af1e104646086523433a7a1ab97ee1ca0017395caa45fe33395,61cb2b2132400af1e104646086523433a7a1ab97ee1ca0017395caa45fe33395,True,5,24
b2,b2-k16-andor_dom-shared-2-cf190eb487c4,16,16,andor_dom,shared,words,21,21,38,40,40,47,34,34,40,124330.0,180840.0,141360.0,171930.0,0.8795274476513866,1.2792869269949065,0.7231431396498575,1.051823416506718,0.8221950793927761,143080.0,119460.0,127110.0,127070.0,144860.0,165490.0,a27c9206f7b3a6994f380287bd0875302344283e44383b01cd4424959ada4433,a27c9206f7b3a6994f380287bd0875302344283e44383b01cd4424959ada4433,True,5,24
b2,b2-k16-andor_dom-shared-3-b995a8e54fc8,16,16,andor_dom,shared,words,16,16,42,34,35,49,30,31,45,105820.0,157080.0,114100.0,167040.0,0.9274320771253287,1.3766871165644172,0.6335009578544061,0.9403735632183908,0.6830699233716475,133520.0,165010.0,140840.0,141230.0,178340.0,230670.0,a858d9c33bba4c22c5645d0238026ec68895f78131c09866ba049ac1213930f0,a858d9c33bba4c22c5645d0238026ec68895f78131c09866ba049ac1213930f0,True,5,24
b2,b2-k16-andor_dom-shared-4-00fae4d6add7,16,16,andor_dom,shared,words,16,17,39,33,34,52,29,30,45,123320.0,177120.0,104660.0,166050.0,1.1782916109306325,1.6923370915344926,0.7426678711231557,1.0666666666666667,0.6302920806985848,136820.0,136120.0,133410.0,124250.0,216490.0,176330.0,7b9b7ab938f677f2eeba5f8f4b683b2e08a62006f1718fd09dbd9982634affb7,7b9b7ab938f677f2eeba5f8f4b683b2e08a62006f1718fd09dbd9982634affb7,True,5,24
b2,b2-k16-impeqv_dom-tree-1-e08d580f6edb,16,16,impeqv_dom,tree,words,24,24,24,65,65,65,44,44,44,132400.0,168220.0,134810.0,145830.0,0.9821229879089088,1.2478302796528447,0.9079064664335185,1.1535349379414386,0.924432558458479,287080.0,143440.0,293520.0,151100.0,307040.0,151870.0,28939964043b92825c69db3a62cc0fd0e572fe878bc09d6abe48f167e8f38c56,28939964043b92825c69db3a62cc0fd0e572fe878bc09d6abe48f167e8f38c56,True,5,24
b2,b2-k16-impeqv_dom-tree-2-c47a93c76ff1,16,16,impeqv_dom,tree,words,21,21,22,56,56,56,37,37,37,119180.0,180450.0,126050.0,123860.0,0.9454978183260611,1.4315747719159064,0.9622154044889392,1.4568868076860972,1.0176812530276118,248880.0,139650.0,265370.0,153740.0,266210.0,131510.0,b02ee6a9490f8f01dae562dfc4eaee99f6b91c56c9a55de5075e040c2c8badb0,b02ee6a9490f8f01dae562dfc4eaee99f6b91c56c9a55de5075e040c2c8badb0,True,5,24
b2,b2-k16-impeqv_dom-tree-3-01da67660395,16,16,impeqv_dom,tree,words,23,23,24,60,60,60,41,41,41,149570.0,195960.0,155380.0,142470.0,0.96260780023169,1.2611661732526709,1.0498350529936127,1.3754474626237103,1.0906155681897944,273900.0,141970.0,277650.0,156960.0,282750.0,156120.0,6eca2c4bc082b0802c1c2ec4897191c392a9aa04049295ebb289b5966f58ca11,6eca2c4bc082b0802c1c2ec4897191c392a9aa04049295ebb289b5966f58ca11,True,5,24
b2,b2-k16-impeqv_dom-tree-4-f1d16cc1ccd8,16,16,impeqv_dom,tree,words,20,20,20,54,54,54,35,35,35,119960.0,162960.0,123460.0,145620.0,0.9716507370808359,1.3199416815162806,0.8237879412168658,1.119077049855789,0.8478231012223596,359530.0,181570.0,342510.0,170380.0,328230.0,176640.0,b2800e59b7e91c0103d66c14b98bd8f6bd2802fc6614fcd1cba5ce28391b0a8d,b2800e59b7e91c0103d66c14b98bd8f6bd2802fc6614fcd1cba5ce28391b0a8d,True,5,24
b2,b2-k16-impeqv_dom-shared-1-37e51ffa951a,16,16,impeqv_dom,shared,words,30,30,39,77,77,93,52,52,64,158200.0,207720.0,161940.0,207700.0,0.9769050265530443,1.2826972952945535,0.7616754935002408,1.0000962927298989,0.7796822339913336,385650.0,191610.0,386660.0,187760.0,486010.0,234950.0,3750f3194b5162b24abdb770fe535cd77b4bef4322b4e5dfa973574f347c175c,3750f3194b5162b24abdb770fe535cd77b4bef4322b4e5dfa973574f347c175c,True,5,24
b2,b2-k16-impeqv_dom-shared-2-c84cd9722277,16,16,impeqv_dom,shared,words,33,36,58,80,87,118,54,59,82,176750.0,225930.0,192560.0,312390.0,0.9178957208142916,1.1732966348151226,0.5657991613047793,0.7232305771631614,0.6164089759595378,436200.0,193330.0,558010.0,257220.0,754740.0,352210.0,1c30a6291e46f89c84bcae3dadbeef7d015272b03ccf65928a8dfa7f459ee9b9,1c30a6291e46f89c84bcae3dadbeef7d015272b03ccf65928a8dfa7f459ee9b9,True,5,24
b2,b2-k16-impeqv_dom-shared-3-dd3d88c4a1c4,16,16,impeqv_dom,shared,words,26,31,63,74,89,185,49,59,123,233040.0,286220.0,288860.0,538770.0,0.8067575988368068,0.9908606245239908,0.4325407873489615,0.5312470998756427,0.5361471499897915,389810.0,163540.0,426270.0,193480.0,894530.0,374540.0,5d121794535354beda6ba2813e5aba86727dc7c786f7fc871639de7cbca6eb44,5d121794535354beda6ba2813e5aba86727dc7c786f7fc871639de7cbca6eb44,True,5,24
b2,b2-k16-impeqv_dom-shared-4-750f3169f2d6,16,16,impeqv_dom,shared,words,23,24,44,67,69,124,44,46,81,141630.0,182660.0,150190.0,245050.0,0.9430055263333111,1.2161928224249283,0.5779636808814528,0.745398898184044,0.6128953274841868,357280.0,149530.0,414170.0,164280.0,748440.0,333960.0,516f91b25b608fbd7314967bd76f9d270ad918c97cc184abb9d442d58cab63a2,516f91b25b608fbd7314967bd76f9d270ad918c97cc184abb9d442d58cab63a2,True,5,24
b2,b2-k16-mixed-tree-1-d1b5689114e3,16,16,mixed,tree,words,13,13,16,25,25,25,20,20,20,107930.0,162060.0,108640.0,113170.0,0.9934646539027983,1.4917157584683358,0.9536979764955377,1.4320049483078554,0.9599717239551118,140240.0,105380.0,148710.0,99470.0,122120.0,113430.0,cfd9c47fbac4cfe26ed662ae3188f5f7e58968533c6a4898b9d815378ce18e20,cfd9c47fbac4cfe26ed662ae3188f5f7e58968533c6a4898b9d815378ce18e20,True,5,24
b2,b2-k16-mixed-tree-2-9cf5c64922ce,16,16,mixed,tree,words,16,16,16,26,26,26,21,21,21,92850.0,145070.0,88680.0,88440.0,1.0470230040595399,1.6358818222823635,1.049864314789688,1.6403211216644054,1.0027137042062415,104940.0,97560.0,103780.0,102480.0,92730.0,105500.0,c4c0eb0b91911ee77095e3f1861624778ca5fc74b348b68586b378949000912b,c4c0eb0b91911ee77095e3f1861624778ca5fc74b348b68586b378949000912b,True,5,24
b2,b2-k16-mixed-tree-3-813773e1451b,16,16,mixed,tree,words,24,24,24,53,53,53,38,38,38,222280.0,269920.0,212230.0,238280.0,1.047354285445036,1.2718277340621025,0.9328521067651503,1.1327849588719154,0.8906748363270103,381490.0,194100.0,369120.0,194760.0,362180.0,198450.0,a95812dc6dbc063bb8164d6abbc45375d73fcfc19d0625b01d15b5c6e8414b8e,a95812dc6dbc063bb8164d6abbc45375d73fcfc19d0625b01d15b5c6e8414b8e,True,5,24
b2,b2-k16-mixed-tree-4-8eb11693eacf,16,16,mixed,tree,words,20,20,21,43,43,43,32,32,32,144940.0,214240.0,144680.0,154500.0,1.001797069394526,1.4807851810893005,0.9381229773462784,1.3866666666666667,0.9364401294498382,201200.0,165540.0,262810.0,176410.0,262140.0,177400.0,4d6d9f055df5a6ee20cb816584dc2ae46a7f5e44347816ed8de2c611a8529f3b,4d6d9f055df5a6ee20cb816584dc2ae46a7f5e44347816ed8de2c611a8529f3b,True,5,24
b2,b2-k16-mixed-shared-1-ee24b1b1bb48,16,16,mixed,shared,words,17,17,38,39,39,54,32,32,46,133520.0,186710.0,148390.0,223040.0,0.8997910910438709,1.2582384257699306,0.5986370157819225,0.8371144189383071,0.6653066714490674,222170.0,165720.0,221200.0,166960.0,238950.0,244760.0,c1e3d8599b12aecc02b1037e39548ef97c9b307728c1dd11c2724784ceae6cb0,c1e3d8599b12aecc02b1037e39548ef97c9b307728c1dd11c2724784ceae6cb0,True,5,24
b2,b2-k16-mixed-shared-2-bc31f42a45c2,16,16,mixed,shared,words,18,18,50,51,51,107,39,39,76,132390.0,184630.0,128910.0,242720.0,1.0269955783104492,1.4322395469707547,0.5454433091628214,0.760670731707317,0.5311058009228741,172940.0,126060.0,172460.0,122400.0,383170.0,231760.0,7a725401fb035c3469721894db466607939804371e65638031032201203731b2,7a725401fb035c3469721894db466607939804371e65638031032201203731b2,True,5,24
b2,b2-k16-mixed-shared-3-8dda327e304f,16,16,mixed,shared,words,23,23,42,50,50,70,40,40,56,134980.0,174200.0,140020.0,185460.0,0.964005142122554,1.2441079845736323,0.7278119271001833,0.9392860994284482,0.7549875984039686,172190.0,139670.0,169890.0,141110.0,245440.0,207350.0,5a5dd23628309d8254036753447cc7855664935af517dc86b3a9c8b57d120b9f,5a5dd23628309d8254036753447cc7855664935af517dc86b3a9c8b57d120b9f,True,5,24
b2,b2-k16-mixed-shared-4-8dafe13fc96b,16,16,mixed,shared,words,16,16,34,45,45,68,35,35,51,111720.0,150740.0,117640.0,159750.0,0.9496769806188371,1.2813668820129207,0.6993427230046948,0.9435993740219092,0.7364006259780908,197640.0,122960.0,194990.0,127660.0,347340.0,200390.0,2b01e9e55fa763957fceaf6cf7170bb8e75ab3237ef34252d83ab4a5e9c39ccc,2b01e9e55fa763957fceaf6cf7170bb8e75ab3237ef34252d83ab4a5e9c39ccc,True,5,24
b4,b4-k8-xor_dom-tree-ab2bcaf5515c,8,16,xor_dom,tree,flat,10,10,12,18,18,18,14,14,14,7228.0,36718.5,7843.5,6533.5,0.9215273793587047,4.681392235609103,1.1062983087166143,5.620035203183592,1.2005050891558888,8194.0,31832.5,10951.0,30794.0,6420.0,31306.5,823aa951aee024175797ffa99d222f8da97c11c52f04fc164a37034077636b58,823aa951aee024175797ffa99d222f8da97c11c52f04fc164a37034077636b58,True,100,24
b4,b4-k8-xor_dom-tree-ab2bcaf5515c,8,20,xor_dom,tree,flat,10,10,12,18,18,18,14,14,14,7628.5,42322.0,8973.0,7222.5,0.8501615958988076,4.716594227125822,1.0562132225683627,5.859743856005538,1.242367601246106,10858.5,34137.0,8426.5,32574.5,6923.5,35337.5,823aa951aee024175797ffa99d222f8da97c11c52f04fc164a37034077636b58,823aa951aee024175797ffa99d222f8da97c11c52f04fc164a37034077636b58,True,100,24
b4,b4-k8-xor_dom-tree-ab2bcaf5515c,8,24,xor_dom,tree,flat,10,10,12,18,18,18,14,14,14,7191.5,39769.5,7903.0,6545.5,0.909970897127673,5.032202960900924,1.0986937590711177,6.0758536399052785,1.2073943930944924,8638.5,32630.0,7859.5,28752.0,6804.0,32054.5,823aa951aee024175797ffa99d222f8da97c11c52f04fc164a37034077636b58,823aa951aee024175797ffa99d222f8da97c11c52f04fc164a37034077636b58,True,100,24
b4,b4-k8-xor_dom-shared-97977d46abf4,8,16,xor_dom,shared,flat,6,8,25,15,23,26,14,22,25,5977.0,33738.5,8424.0,10293.0,0.7095204178537512,4.005045109211776,0.5806859030409016,3.277810162246187,0.8184202856310113,5774.5,26255.0,8580.5,42698.0,10261.5,62353.0,017ba139dc30dfb0539cf87bde3bc946b2d0b5ed110d6dc992ae96aeb48b8135,017ba139dc30dfb0539cf87bde3bc946b2d0b5ed110d6dc992ae96aeb48b8135,True,100,24
b4,b4-k8-xor_dom-shared-97977d46abf4,8,20,xor_dom,shared,flat,6,8,25,15,23,26,14,22,25,5828.0,36844.5,8503.0,10300.5,0.685405151123133,4.333117723156533,0.5657977768069511,3.5769622833843018,0.8254939080627154,6044.0,28297.5,8844.0,41772.5,9847.0,64381.0,017ba139dc30dfb0539cf87bde3bc946b2d0b5ed110d6dc992ae96aeb48b8135,017ba139dc30dfb0539cf87bde3bc946b2d0b5ed110d6dc992ae96aeb48b8135,True,100,24
b4,b4-k8-xor_dom-shared-97977d46abf4,8,24,xor_dom,shared,flat,6,8,25,15,23,26,14,22,25,6211.0,35720.5,9291.0,10887.0,0.6684963943601334,3.8446345926165106,0.5704969229356113,3.281023238725085,0.8534031413612565,7868.5,32227.5,11226.0,53602.0,11278.0,66973.5,017ba139dc30dfb0539cf87bde3bc946b2d0b5ed110d6dc992ae96aeb48b8135,017ba139dc30dfb0539cf87bde3bc946b2d0b5ed110d6dc992ae96aeb48b8135,True,100,24
b4,b4-k8-andor_dom-tree-1deffbce22ed,8,16,andor_dom,tree,flat,4,4,8,8,8,8,8,8,8,4353.5,27892.0,4903.0,4173.5,0.8879257597389354,5.688761982459718,1.0431292680004791,6.683119683718702,1.1747933389241643,4181.0,17314.5,4919.0,16726.5,3943.5,19418.5,1216dd8bfb814cb128b9734bec0c1c5daa4778792a3a78d9a65c1c2a8eb7d712,1216dd8bfb814cb128b9734bec0c1c5daa4778792a3a78d9a65c1c2a8eb7d712,True,100,24
b4,b4-k8-andor_dom-tree-1deffbce22ed,8,20,andor_dom,tree,flat,4,4,8,8,8,8,8,8,8,5234.0,36972.5,6199.5,4883.0,0.8442616340027421,5.963787402209856,1.0718820397296744,7.571677247593692,1.2696088470202744,4285.0,18831.0,5856.0,18666.0,4098.0,22020.5,1216dd8bfb814cb128b9734bec0c1c5daa4778792a3a78d9a65c1c2a8eb7d712,1216dd8bfb814cb128b9734bec0c1c5daa4778792a3a78d9a65c1c2a8eb7d712,True,100,24
b4,b4-k8-andor_dom-tree-1deffbce22ed,8,24,andor_dom,tree,flat,4,4,8,8,8,8,8,8,8,4397.0,31126.0,4921.5,4235.5,0.8934268007721223,6.324494564665244,1.038130090898359,7.348837209302325,1.1619643489552591,5038.5,22497.5,5835.5,20701.0,4883.5,24542.5,1216dd8bfb814cb128b9734bec0c1c5daa4778792a3a78d9a65c1c2a8eb7d712,1216dd8bfb814cb128b9734bec0c1c5daa4778792a3a78d9a65c1c2a8eb7d712,True,100,24
b4,b4-k8-andor_dom-shared-ddfd4bb6253b,8,16,andor_dom,shared,flat,17,17,63,33,33,107,27,27,84,11176.5,41774.0,13033.0,28357.0,0.8575539016343129,3.205248216066907,0.394135486828649,1.4731459604330501,0.45960433050040556,11867.5,52971.0,12877.0,52391.5,28417.0,168514.0,21e6cd49b1dabe9dd26edc61b1cde6776927d9a4c3f6022ebe270e6c26d8fccd,21e6cd49b1dabe9dd26edc61b1cde6776927d9a4c3f6022ebe270e6c26d8fccd,True,100,24
b4,b4-k8-andor_dom-shared-ddfd4bb6253b,8,20,andor_dom,shared,flat,17,17,63,33,33,107,27,27,84,11786.5,42491.0,11838.0,27419.5,0.9956496029734753,3.5893732049332656,0.4298583125148161,1.5496635606046791,0.4317365378653878,11520.0,55324.5,11957.5,50701.5,25552.5,174116.0,21e6cd49b1dabe9dd26edc61b1cde6776927d9a4c3f6022ebe270e6c26d8fccd,21e6cd49b1dabe9dd26edc61b1cde6776927d9a4c3f6022ebe270e6c26d8fccd,True,100,24
b4,b4-k8-andor_dom-shared-ddfd4bb6253b,8,24,andor_dom,shared,flat,17,17,63,33,33,107,27,27,84,11601.5,46787.5,12358.5,26332.0,0.9387466116438079,3.785855888659627,0.44058559927084917,1.7768304724289838,0.4693338903235607,12944.0,58069.5,15727.5,61447.0,30677.0,196979.0,21e6cd49b1dabe9dd26edc61b1cde6776927d9a4c3f6022ebe270e6c26d8fccd,21e6cd49b1dabe9dd26edc61b1cde6776927d9a4c3f6022ebe270e6c26d8fccd,True,100,24
b4,b4-k8-impeqv_dom-tree-d790fcb10088,8,16,impeqv_dom,tree,flat,11,11,12,27,27,27,19,19,19,8378.5,37912.5,9244.0,8207.5,0.906371700562527,4.101308957161402,1.0208346024977155,4.619250685348766,1.1262869326835212,8535.0,45331.5,9385.5,41111.0,8928.0,45383.5,355abca755daacfcb02e12760e29610f3937fc96f02a8a36801d06c7752272c6,355abca755daacfcb02e12760e29610f3937fc96f02a8a36801d06c7752272c6,True,100,24
b4,b4-k8-impeqv_dom-tree-d790fcb10088,8,20,impeqv_dom,tree,flat,11,11,12,27,27,27,19,19,19,10033.0,49145.0,10517.0,8554.0,0.9539792716554151,4.672910525815347,1.1729015665185878,5.745265372924948,1.2294832826747721,11170.5,45960.5,13341.0,39070.5,9294.0,45281.0,355abca755daacfcb02e12760e29610f3937fc96f02a8a36801d06c7752272c6,355abca755daacfcb02e12760e29610f3937fc96f02a8a36801d06c7752272c6,True,100,24
b4,b4-k8-impeqv_dom-tree-d790fcb10088,8,24,impeqv_dom,tree,flat,11,11,12,27,27,27,19,19,19,10244.5,40906.0,10908.0,10091.0,0.9391730839750642,3.75009167583425,1.0152115746704984,4.053711227826776,1.0809632345654543,12483.0,47581.0,11667.5,45175.0,12218.0,50005.5,355abca755daacfcb02e12760e29610f3937fc96f02a8a36801d06c7752272c6,355abca755daacfcb02e12760e29610f3937fc96f02a8a36801d06c7752272c6,True,100,24
b4,b4-k8-impeqv_dom-shared-4bd4845b3576,8,16,impeqv_dom,shared,flat,17,19,25,43,48,61,29,33,42,12018.5,44780.5,15337.5,16979.5,0.78360228198859,2.919674001629992,0.707824140875762,2.637327365352337,0.9032951500338644,12680.5,51460.5,14452.0,62399.0,15160.5,84167.0,7615702cd3fa4a222f82f10801b889512640175fafd82cd14a65d5b92895e025,7615702cd3fa4a222f82f10801b889512640175fafd82cd14a65d5b92895e025,True,100,24
b4,b4-k8-impeqv_dom-shared-4bd4845b3576,8,20,impeqv_dom,shared,flat,17,19,25,43,48,61,29,33,42,12867.0,46426.5,17985.0,18055.5,0.7154295246038366,2.5814011676397,0.7126360388801196,2.5713217579131014,0.9960953726011464,12154.5,52349.0,15337.5,62658.0,16742.5,79182.5,7615702cd3fa4a222f82f10801b889512640175fafd82cd14a65d5b92895e025,7615702cd3fa4a222f82f10801b889512640175fafd82cd14a65d5b92895e025,True,100,24
b4,b4-k8-impeqv_dom-shared-4bd4845b3576,8,24,impeqv_dom,shared,flat,17,19,25,43,48,61,29,33,42,12871.0,42516.0,15340.0,16021.5,0.8390482398956975,2.7715775749674054,0.8033579877040227,2.6536841119745342,0.957463408544768,12703.5,54527.0,14609.5,58754.0,15873.0,80839.5,7615702cd3fa4a222f82f10801b889512640175fafd82cd14a65d5b92895e025,7615702cd3fa4a222f82f10801b889512640175fafd82cd14a65d5b92895e025,True,100,24
b4,b4-k8-mixed-tree-e2387dd52311,8,16,mixed,tree,flat,9,9,9,19,19,19,13,13,13,7567.5,36858.0,7805.5,7125.0,0.9695086797770802,4.722054961245275,1.0621052631578947,5.173052631578948,1.0955087719298247,7671.5,26958.5,10316.5,31462.5,9019.5,31975.0,a6ffb8e839203583587a595caf3f30754611c071319effcd06249814e0098c42,a6ffb8e839203583587a595caf3f30754611c071319effcd06249814e0098c42,True,100,24
b4,b4-k8-mixed-tree-e2387dd52311,8,20,mixed,tree,flat,9,9,9,19,19,19,13,13,13,7199.0,42596.0,7999.0,6121.0,0.8999874984373046,5.325165645705713,1.1761150138866199,6.958993628492077,1.3068126123182486,6592.5,24749.0,7461.0,26030.5,6126.0,27723.5,a6ffb8e839203583587a595caf3f30754611c071319effcd06249814e0098c42,a6ffb8e839203583587a595caf3f30754611c071319effcd06249814e0098c42,True,100,24
b4,b4-k8-mixed-tree-e2387dd52311,8,24,mixed,tree,flat,9,9,9,19,19,19,13,13,13,7057.0,36934.0,7326.0,6315.0,0.9632814632814632,5.041496041496042,1.1174980205859066,5.8486144101346005,1.1600950118764846,6964.5,32033.5,8480.0,30735.5,6167.5,30840.5,a6ffb8e839203583587a595caf3f30754611c071319effcd06249814e0098c42,a6ffb8e839203583587a595caf3f30754611c071319effcd06249814e0098c42,True,100,24
b4,b4-k8-mixed-shared-af0d30e3fab9,8,16,mixed,shared,flat,12,12,28,31,31,49,25,25,38,9060.0,36865.5,10250.0,12736.0,0.8839024390243903,3.5966341463414633,0.7113693467336684,2.8945901381909547,0.8048052763819096,9144.0,49890.5,9928.5,49059.0,13983.5,77808.5,fd72235f91772c02350df5deef3c4e1419297226d4cd1f56ef6fb0057cf4caf1,fd72235f91772c02350df5deef3c4e1419297226d4cd1f56ef6fb0057cf4caf1,True,100,24
b4,b4-k8-mixed-shared-af0d30e3fab9,8,20,mixed,shared,flat,12,12,28,31,31,49,25,25,38,10421.5,42546.0,12221.5,14051.0,0.8527185697336661,3.4812420733952463,0.7416909828481959,3.0279695395345527,0.8697957440751548,8867.5,47779.5,9838.5,45684.0,13384.0,81127.5,fd72235f91772c02350df5deef3c4e1419297226d4cd1f56ef6fb0057cf4caf1,fd72235f91772c02350df5deef3c4e1419297226d4cd1f56ef6fb0057cf4caf1,True,100,24
b4,b4-k8-mixed-shared-af0d30e3fab9,8,24,mixed,shared,flat,12,12,28,31,31,49,25,25,38,10482.5,43467.5,9799.5,13368.5,1.0696974335425278,4.435685494157865,0.7841193851217414,3.2514867038186783,0.7330291356547107,9043.0,45030.0,9907.0,49223.0,13186.5,80933.5,fd72235f91772c02350df5deef3c4e1419297226d4cd1f56ef6fb0057cf4caf1,fd72235f91772c02350df5deef3c4e1419297226d4cd1f56ef6fb0057cf4caf1,True,100,24
b4,b4-k12-xor_dom-tree-8d4df9a5aa26,12,16,xor_dom,tree,flat,6,6,11,15,15,15,13,13,13,12542.0,44664.0,12424.0,11110.0,1.0094977462974888,3.5949774629748874,1.128892889288929,4.0201620162016205,1.1182718271827183,11006.0,31618.0,11944.0,26304.0,10896.0,34730.0,21fcd61bfa4cf4bce0a55a11cb66e07a50691ac4939aa18a3c3be22b3fbd521b,21fcd61bfa4cf4bce0a55a11cb66e07a50691ac4939aa18a3c3be22b3fbd521b,True,25,24
b4,b4-k12-xor_dom-tree-8d4df9a5aa26,12,20,xor_dom,tree,flat,6,6,11,15,15,15,13,13,13,15582.0,53508.0,17952.0,15976.0,0.86798128342246,2.980614973262032,0.9753380070105158,3.3492739108662994,1.1236855282924387,11838.0,29552.0,12150.0,30202.0,12972.0,42134.0,21fcd61bfa4cf4bce0a55a11cb66e07a50691ac4939aa18a3c3be22b3fbd521b,21fcd61bfa4cf4bce0a55a11cb66e07a50691ac4939aa18a3c3be22b3fbd521b,True,25,24
b4,b4-k12-xor_dom-tree-8d4df9a5aa26,12,24,xor_dom,tree,flat,6,6,11,15,15,15,13,13,13,10914.0,41110.0,11520.0,10982.0,0.9473958333333333,3.568576388888889,0.9938080495356038,3.7433982881078127,1.0489892551447824,10732.0,27668.0,11746.0,26122.0,10824.0,29786.0,21fcd61bfa4cf4bce0a55a11cb66e07a50691ac4939aa18a3c3be22b3fbd521b,21fcd61bfa4cf4bce0a55a11cb66e07a50691ac4939aa18a3c3be22b3fbd521b,True,25,24
b4,b4-k12-xor_dom-shared-221d38307c2c,12,16,xor_dom,shared,flat,7,7,36,20,24,37,19,23,36,11546.0,39502.0,13294.0,20824.0,0.8685121107266436,2.9714156762449226,0.5544563964656166,1.8969458317326162,0.6383980023050326,11840.0,36526.0,14048.0,41772.0,21854.0,83802.0,7c87f58d0aade6bc2554ac3faaa1b721bcb1db7833fd31f5e6b066cd2c6b3330,7c87f58d0aade6bc2554ac3faaa1b721bcb1db7833fd31f5e6b066cd2c6b3330,True,25,24
b4,b4-k12-xor_dom-shared-221d38307c2c,12,20,xor_dom,shared,flat,7,7,36,20,24,37,19,23,36,13828.0,46636.0,13990.0,24936.0,0.9884203002144388,3.3335239456754824,0.554539621430863,1.8702277831247995,0.5610362528071864,12086.0,35578.0,14040.0,41744.0,21222.0,86222.0,7c87f58d0aade6bc2554ac3faaa1b721bcb1db7833fd31f5e6b066cd2c6b3330,7c87f58d0aade6bc2554ac3faaa1b721bcb1db7833fd31f5e6b066cd2c6b3330,True,25,24
b4,b4-k12-xor_dom-shared-221d38307c2c,12,24,xor_dom,shared,flat,7,7,36,20,24,37,19,23,36,12034.0,42436.0,14816.0,21944.0,0.8122300215982722,2.8642008639308854,0.5483959168793292,1.9338315712723295,0.6751731680641633,12070.0,35874.0,13980.0,40604.0,21492.0,84992.0,7c87f58d0aade6bc2554ac3faaa1b721bcb1db7833fd31f5e6b066cd2c6b3330,7c87f58d0aade6bc2554ac3faaa1b721bcb1db7833fd31f5e6b066cd2c6b3330,True,25,24
b4,b4-k12-andor_dom-tree-c5f4154e06f3,12,16,andor_dom,tree,flat,11,11,14,14,15,15,13,14,14,11018.0,39326.0,12004.0,9692.0,0.9178607130956348,3.2760746417860713,1.1368138671068924,4.057573256293851,1.2385472554684276,10726.0,31250.0,12712.0,33682.0,9848.0,34226.0,d949c9d8a9f40eebbffa0da6e11d31d1ecf796cd3a1d92283264a320038b8261,d949c9d8a9f40eebbffa0da6e11d31d1ecf796cd3a1d92283264a320038b8261,True,25,24
b4,b4-k12-andor_dom-tree-c5f4154e06f3,12,20,andor_dom,tree,flat,11,11,14,14,15,15,13,14,14,10974.0,37714.0,11912.0,9992.0,0.9212558764271324,3.166051040967092,1.0982786228983186,3.774419535628503,1.1921537229783827,11744.0,40198.0,13900.0,36256.0,11150.0,46300.0,d949c9d8a9f40eebbffa0da6e11d31d1ecf796cd3a1d92283264a320038b8261,d949c9d8a9f40eebbffa0da6e11d31d1ecf796cd3a1d92283264a320038b8261,True,25,24
b4,b4-k12-andor_dom-tree-c5f4154e06f3,12,24,andor_dom,tree,flat,11,11,14,14,15,15,13,14,14,11248.0,46706.0,13170.0,9792.0,0.8540622627182992,3.5463933181473046,1.1486928104575163,4.769812091503268,1.3449754901960784,11078.0,31994.0,13058.0,34138.0,9792.0,34664.0,d949c9d8a9f40eebbffa0da6e11d31d1ecf796cd3a1d92283264a320038b8261,d949c9d8a9f40eebbffa0da6e11d31d1ecf796cd3a1d92283264a320038b8261,True,25,24
b4,b4-k12-andor_dom-shared-86ccd155e598,12,16,andor_dom,shared,flat,9,11,26,24,27,31,21,24,28,14728.0,45650.0,16066.0,18004.0,0.9167185360388398,2.8414042076434707,0.8180404354587869,2.5355476560764276,0.8923572539435681,21208.0,60378.0,27478.0,70328.0,27024.0,85964.0,3a691de90fd2e568f22c76b8493ad1468f9dc78745dd407b116b6fd267145db2,3a691de90fd2e568f22c76b8493ad1468f9dc78745dd407b116b6fd267145db2,True,25,24
b4,b4-k12-andor_dom-shared-86ccd155e598,12,20,andor_dom,shared,flat,9,11,26,24,27,31,21,24,28,18020.0,54262.0,22262.0,21344.0,0.8094510825622137,2.437427005659869,0.8442653673163418,2.54226011994003,1.0430097451274363,17260.0,45368.0,21316.0,58950.0,26664.0,81422.0,3a691de90fd2e568f22c76b8493ad1468f9dc78745dd407b116b6fd267145db2,3a691de90fd2e568f22c76b8493ad1468f9dc78745dd407b116b6fd267145db2,True,25,24
b4,b4-k12-andor_dom-shared-86ccd155e598,12,24,andor_dom,shared,flat,9,11,26,24,27,31,21,24,28,25672.0,75728.0,27128.0,28694.0,0.9463285166617517,2.7915069301091124,0.8946818150135917,2.639158012127971,0.9454241304802398,16880.0,43432.0,18204.0,47858.0,19874.0,68828.0,3a691de90fd2e568f22c76b8493ad1468f9dc78745dd407b116b6fd267145db2,3a691de90fd2e568f22c76b8493ad1468f9dc78745dd407b116b6fd267145db2,True,25,24
b4,b4-k12-impeqv_dom-tree-8fe562209709,12,16,impeqv_dom,tree,flat,13,13,13,31,31,31,21,21,21,21888.0,51652.0,22890.0,21066.0,0.9562254259501966,2.25653123634775,1.039020222158929,2.4519130352226335,1.0865850185132442,22450.0,38116.0,23490.0,37770.0,20972.0,38444.0,e245efb7c6cdd5382da73a305e702450dcc37d19e564d38fcf7a87fd90239187,e245efb7c6cdd5382da73a305e702450dcc37d19e564d38fcf7a87fd90239187,True,25,24
b4,b4-k12-impeqv_dom-tree-8fe562209709,12,20,impeqv_dom,tree,flat,13,13,13,31,31,31,21,21,21,21986.0,53252.0,22702.0,21414.0,0.9684609285525504,2.345696414412827,1.0267114971513962,2.486784346689082,1.060147567012235,22674.0,38390.0,24350.0,37470.0,21970.0,40566.0,e245efb7c6cdd5382da73a305e702450dcc37d19e564d38fcf7a87fd90239187,e245efb7c6cdd5382da73a305e702450dcc37d19e564d38fcf7a87fd90239187,True,25,24
b4,b4-k12-impeqv_dom-tree-8fe562209709,12,24,impeqv_dom,tree,flat,13,13,13,31,31,31,21,21,21,21788.0,63110.0,24466.0,21626.0,0.8905419766206164,2.5794980789667292,1.007490983075927,2.918246555072598,1.1313234070100804,25020.0,49400.0,23424.0,41758.0,23248.0,44602.0,e245efb7c6cdd5382da73a305e702450dcc37d19e564d38fcf7a87fd90239187,e245efb7c6cdd5382da73a305e702450dcc37d19e564d38fcf7a87fd90239187,True,25,24
b4,b4-k12-impeqv_dom-shared-a906e175a694,12,16,impeqv_dom,shared,flat,22,22,35,59,59,94,40,40,64,36892.0,65116.0,37990.0,53034.0,0.9710976572782312,1.714030007896815,0.6956292189915902,1.2278161179620621,0.7163329185051099,37142.0,67730.0,40514.0,68786.0,54188.0,112892.0,b7fb5e2f2206b97a1fe6625049c4a5e6c76425cfc7fb3a538e8ed62a44d98b8f,b7fb5e2f2206b97a1fe6625049c4a5e6c76425cfc7fb3a538e8ed62a44d98b8f,True,25,24
b4,b4-k12-impeqv_dom-shared-a906e175a694,12,20,impeqv_dom,shared,flat,22,22,35,59,59,94,40,40,64,55900.0,96300.0,49012.0,80386.0,1.1405370113441606,1.964824940830817,0.6953947204737143,1.197969795735576,0.609708158136989,39046.0,67292.0,38594.0,67618.0,55064.0,103018.0,b7fb5e2f2206b97a1fe6625049c4a5e6c76425cfc7fb3a538e8ed62a44d98b8f,b7fb5e2f2206b97a1fe6625049c4a5e6c76425cfc7fb3a538e8ed62a44d98b8f,True,25,24
b4,b4-k12-impeqv_dom-shared-a906e175a694,12,24,impeqv_dom,shared,flat,22,22,35,59,59,94,40,40,64,37116.0,69064.0,38010.0,53080.0,0.9764798737174428,1.8169955274927652,0.6992464204973625,1.3011303692539562,0.7160889223813113,39236.0,68788.0,41544.0,66936.0,55340.0,114026.0,b7fb5e2f2206b97a1fe6625049c4a5e6c76425cfc7fb3a538e8ed62a44d98b8f,b7fb5e2f2206b97a1fe6625049c4a5e6c76425cfc7fb3a538e8ed62a44d98b8f,True,25,24
b4,b4-k12-mixed-tree-646cf634cbc9,12,16,mixed,tree,flat,8,8,11,15,15,15,13,13,13,11588.0,40488.0,12906.0,10934.0,0.8978769564543623,3.137145513714551,1.0598134260106091,3.702944942381562,1.1803548564111945,13160.0,28458.0,12698.0,27862.0,10840.0,30046.0,f113a50e484a199a624fd6fe2572894e730c3ae9debcf3c8534e9bb10a6a592e,f113a50e484a199a624fd6fe2572894e730c3ae9debcf3c8534e9bb10a6a592e,True,25,24
b4,b4-k12-mixed-tree-646cf634cbc9,12,20,mixed,tree,flat,8,8,11,15,15,15,13,13,13,18202.0,58154.0,19592.0,17584.0,0.9290526745610453,2.968252347897101,1.0351455868971793,3.30721110100091,1.1141947224749773,18542.0,45798.0,19918.0,44800.0,17196.0,46150.0,f113a50e484a199a624fd6fe2572894e730c3ae9debcf3c8534e9bb10a6a592e,f113a50e484a199a624fd6fe2572894e730c3ae9debcf3c8534e9bb10a6a592e,True,25,24
b4,b4-k12-mixed-tree-646cf634cbc9,12,24,mixed,tree,flat,8,8,11,15,15,15,13,13,13,11874.0,41210.0,12432.0,11386.0,0.9551158301158301,3.3148326898326896,1.0428596522044615,3.619357105216933,1.091867205339891,11778.0,29328.0,12490.0,28166.0,10860.0,30114.0,f113a50e484a199a624fd6fe2572894e730c3ae9debcf3c8534e9bb10a6a592e,f113a50e484a199a624fd6fe2572894e730c3ae9debcf3c8534e9bb10a6a592e,True,25,24
b4,b4-k12-mixed-shared-f8025aa2f7b1,12,16,mixed,shared,flat,26,26,64,57,57,99,46,46,78,36648.0,73208.0,37070.0,62916.0,0.9886161316428379,1.9748583760453198,0.5824909403013542,1.1635831902854599,0.5891982961408863,35290.0,82230.0,37542.0,82356.0,58702.0,153666.0,8494d33604500637a75915e0e76744108fbf8497359191e7246cc7982d6f54ed,8494d33604500637a75915e0e76744108fbf8497359191e7246cc7982d6f54ed,True,25,24
b4,b4-k12-mixed-shared-f8025aa2f7b1,12,20,mixed,shared,flat,26,26,64,57,57,99,46,46,78,41126.0,71056.0,41990.0,77870.0,0.9794236723029293,1.692212431531317,0.5281366379863875,0.9124951842814948,0.5392320534223706,43150.0,96380.0,41282.0,95326.0,74562.0,173172.0,8494d33604500637a75915e0e76744108fbf8497359191e7246cc7982d6f54ed,8494d33604500637a75915e0e76744108fbf8497359191e7246cc7982d6f54ed,True,25,24
b4,b4-k12-mixed-shared-f8025aa2f7b1,12,24,mixed,shared,flat,26,26,64,57,57,99,46,46,78,43606.0,84774.0,42652.0,76542.0,1.0223670636781395,1.9875738535121448,0.5697002952627316,1.1075487967390452,0.5572365498680463,36502.0,82484.0,44108.0,85094.0,70748.0,159728.0,8494d33604500637a75915e0e76744108fbf8497359191e7246cc7982d6f54ed,8494d33604500637a75915e0e76744108fbf8497359191e7246cc7982d6f54ed,True,25,24
b4,b4-k16-xor_dom-tree-6109348803ab,16,16,xor_dom,tree,words,12,12,20,26,26,26,21,21,21,78810.0,118770.0,82500.0,87760.0,0.9552727272727273,1.4396363636363636,0.898017319963537,1.3533500455788514,0.9400638103919782,80250.0,87240.0,84540.0,83640.0,83530.0,89510.0,19c03725e5cc1b5e01e0eba58c63c0d7865a9bbd3f4e219e74aa34c68266be7b,19c03725e5cc1b5e01e0eba58c63c0d7865a9bbd3f4e219e74aa34c68266be7b,True,5,24
b4,b4-k16-xor_dom-tree-6109348803ab,16,20,xor_dom,tree,words,12,12,20,26,26,26,21,21,21,111350.0,162260.0,113620.0,118930.0,0.980021123041718,1.4280936454849498,0.9362650298494913,1.3643319599764567,0.955351887665013,82730.0,84070.0,82560.0,84280.0,82040.0,102370.0,19c03725e5cc1b5e01e0eba58c63c0d7865a9bbd3f4e219e74aa34c68266be7b,19c03725e5cc1b5e01e0eba58c63c0d7865a9bbd3f4e219e74aa34c68266be7b,True,5,24
b4,b4-k16-xor_dom-tree-6109348803ab,16,24,xor_dom,tree,words,12,12,20,26,26,26,21,21,21,79100.0,119550.0,77750.0,87480.0,1.017363344051447,1.537620578778135,0.9042066758116141,1.3665980795610426,0.888774577046182,81060.0,79490.0,83480.0,78970.0,83540.0,84630.0,19c03725e5cc1b5e01e0eba58c63c0d7865a9bbd3f4e219e74aa34c68266be7b,19c03725e5cc1b5e01e0eba58c63c0d7865a9bbd3f4e219e74aa34c68266be7b,True,5,24
b4,b4-k16-xor_dom-shared-24aebb58ba91,16,16,xor_dom,shared,words,7,8,30,23,26,38,21,24,33,94430.0,141770.0,118680.0,169030.0,0.7956690259521402,1.194556791371756,0.558658226350352,0.8387268532213217,0.7021238833343193,79050.0,83050.0,79170.0,105810.0,131150.0,135340.0,1982b9f6474e902be78ea310337c95bf2c53ff56d74d5ef3bb976d45a2fd7b0c,1982b9f6474e902be78ea310337c95bf2c53ff56d74d5ef3bb976d45a2fd7b0c,True,5,24
b4,b4-k16-xor_dom-shared-24aebb58ba91,16,20,xor_dom,shared,words,7,8,30,23,26,38,21,24,33,84870.0,133360.0,119980.0,138580.0,0.7073678946491082,1.111518586431072,0.6124260355029586,0.9623322268725646,0.8657814980516669,65620.0,90070.0,79000.0,93090.0,136090.0,154590.0,1982b9f6474e902be78ea310337c95bf2c53ff56d74d5ef3bb976d45a2fd7b0c,1982b9f6474e902be78ea310337c95bf2c53ff56d74d5ef3bb976d45a2fd7b0c,True,5,24
b4,b4-k16-xor_dom-shared-24aebb58ba91,16,24,xor_dom,shared,words,7,8,30,23,26,38,21,24,33,79580.0,134090.0,89740.0,137170.0,0.886784042790283,1.4942054825050144,0.5801560107895313,0.9775461106655974,0.6542246846978202,66330.0,81360.0,75670.0,86560.0,126770.0,143360.0,1982b9f6474e902be78ea310337c95bf2c53ff56d74d5ef3bb976d45a2fd7b0c,1982b9f6474e902be78ea310337c95bf2c53ff56d74d5ef3bb976d45a2fd7b0c,True,5,24
b4,b4-k16-andor_dom-tree-2f1233215648,16,16,andor_dom,tree,words,13,13,16,17,17,17,16,16,16,100000.0,130580.0,72930.0,100760.0,1.3711778417660772,1.7904840257781434,0.9924573243350536,1.295950774116713,0.7237991266375546,47910.0,71740.0,52930.0,76940.0,46220.0,81300.0,65bbc846767fb03a5bb45d48fb90329a7345a0c94bfcb0f57ec1c170dd3156b1,65bbc846767fb03a5bb45d48fb90329a7345a0c94bfcb0f57ec1c170dd3156b1,True,5,24
b4,b4-k16-andor_dom-tree-2f1233215648,16,20,andor_dom,tree,words,13,13,16,17,17,17,16,16,16,71040.0,110810.0,69790.0,72140.0,1.0179108754835937,1.5877632898696088,0.984751871361242,1.5360410313279733,0.9674244524535626,61740.0,96400.0,67640.0,98190.0,46120.0,95400.0,65bbc846767fb03a5bb45d48fb90329a7345a0c94bfcb0f57ec1c170dd3156b1,65bbc846767fb03a5bb45d48fb90329a7345a0c94bfcb0f57ec1c170dd3156b1,True,5,24
b4,b4-k16-andor_dom-tree-2f1233215648,16,24,andor_dom,tree,words,13,13,16,17,17,17,16,16,16,71850.0,115890.0,70750.0,73970.0,1.015547703180212,1.6380212014134277,0.9713397323239151,1.5667162363120184,0.9564688387183994,46840.0,70610.0,48900.0,69100.0,44380.0,72800.0,65bbc846767fb03a5bb45d48fb90329a7345a0c94bfcb0f57ec1c170dd3156b1,65bbc846767fb03a5bb45d48fb90329a7345a0c94bfcb0f57ec1c170dd3156b1,True,5,24
b4,b4-k16-andor_dom-shared-3f5171ea0365,16,16,andor_dom,shared,words,11,11,31,27,27,35,26,26,33,96630.0,137640.0,96170.0,135330.0,1.004783196423001,1.4312155557866277,0.7140323653291953,1.0170693859454667,0.7106332668292322,66540.0,103030.0,90060.0,114510.0,93060.0,151710.0,a3e9a89e15f43111479cb1c649762223a1020c7ff05a0790a1dbd724c186d43d,a3e9a89e15f43111479cb1c649762223a1020c7ff05a0790a1dbd724c186d43d,True,5,24
b4,b4-k16-andor_dom-shared-3f5171ea0365,16,20,andor_dom,shared,words,11,11,31,27,27,35,26,26,33,97390.0,144020.0,98250.0,130170.0,0.9912468193384224,1.465852417302799,0.7481754628562649,1.1063993239609742,0.7547822078820005,98430.0,139840.0,101000.0,143870.0,137560.0,194040.0,a3e9a89e15f43111479cb1c649762223a1020c7ff05a0790a1dbd724c186d43d,a3e9a89e15f43111479cb1c649762223a1020c7ff05a0790a1dbd724c186d43d,True,5,24
b4,b4-k16-andor_dom-shared-3f5171ea0365,16,24,andor_dom,shared,words,11,11,31,27,27,35,26,26,33,149550.0,215900.0,150430.0,207330.0,0.9941501030379578,1.4352190387555674,0.7213138474895094,1.0413350696956543,0.7255582887184682,71490.0,137520.0,84590.0,134990.0,127870.0,165350.0,a3e9a89e15f43111479cb1c649762223a1020c7ff05a0790a1dbd724c186d43d,a3e9a89e15f43111479cb1c649762223a1020c7ff05a0790a1dbd724c186d43d,True,5,24
b4,b4-k16-impeqv_dom-tree-e8f2b17bc687,16,16,impeqv_dom,tree,words,21,21,21,58,58,58,39,39,39,117870.0,153570.0,117830.0,119870.0,1.000339472120852,1.303318339981329,0.9833152581963794,1.281137899391007,0.982981563360307,248070.0,123760.0,249930.0,122700.0,243550.0,126390.0,f34ccea8f4207e4c2911132f497a2011bae9b60d87ac450aaba9658a05c39d6b,f34ccea8f4207e4c2911132f497a2011bae9b60d87ac450aaba9658a05c39d6b,True,5,24
b4,b4-k16-impeqv_dom-tree-e8f2b17bc687,16,20,impeqv_dom,tree,words,21,21,21,58,58,58,39,39,39,120610.0,170050.0,119440.0,123370.0,1.009795713328868,1.4237273945077027,0.977628272675691,1.3783739969198348,0.9681446056577774,249910.0,128300.0,251040.0,126630.0,260210.0,134740.0,f34ccea8f4207e4c2911132f497a2011bae9b60d87ac450aaba9658a05c39d6b,f34ccea8f4207e4c2911132f497a2011bae9b60d87ac450aaba9658a05c39d6b,True,5,24
b4,b4-k16-impeqv_dom-tree-e8f2b17bc687,16,24,impeqv_dom,tree,words,21,21,21,58,58,58,39,39,39,123550.0,170230.0,136660.0,144670.0,0.9040684911459096,1.2456461290794674,0.8540125803552914,1.1766779567291077,0.9446326121517937,267350.0,126800.0,249170.0,129020.0,259730.0,129450.0,f34ccea8f4207e4c2911132f497a2011bae9b60d87ac450aaba9658a05c39d6b,f34ccea8f4207e4c2911132f497a2011bae9b60d87ac450aaba9658a05c39d6b,True,5,24
b4,b4-k16-impeqv_dom-shared-e99fa645e56f,16,16,impeqv_dom,shared,words,32,32,50,78,78,118,53,53,80,172100.0,227300.0,177050.0,268390.0,0.9720417961027958,1.283818130471618,0.6412310443757219,0.8469018964939081,0.6596743544841462,380900.0,176170.0,351160.0,178340.0,554910.0,280630.0,5ea1738aec3cdb44c3738da5cb0360c64d34b37e30d0513696bf11f50671ba93,5ea1738aec3cdb44c3738da5cb0360c64d34b37e30d0513696bf11f50671ba93,True,5,24
b4,b4-k16-impeqv_dom-shared-e99fa645e56f,16,20,impeqv_dom,shared,words,32,32,50,78,78,118,53,53,80,175930.0,282310.0,185520.0,277950.0,0.9483074601121173,1.5217227253126349,0.6329555675481202,1.0156862745098039,0.6674581759309228,359220.0,184020.0,371430.0,205290.0,464240.0,243660.0,5ea1738aec3cdb44c3738da5cb0360c64d34b37e30d0513696bf11f50671ba93,5ea1738aec3cdb44c3738da5cb0360c64d34b37e30d0513696bf11f50671ba93,True,5,24
b4,b4-k16-impeqv_dom-shared-e99fa645e56f,16,24,impeqv_dom,shared,words,32,32,50,78,78,118,53,53,80,166050.0,219970.0,165760.0,246700.0,1.0017495173745175,1.3270390926640927,0.6730847182813133,0.8916497770571544,0.6719092014592623,369630.0,199200.0,358270.0,170440.0,489860.0,265590.0,5ea1738aec3cdb44c3738da5cb0360c64d34b37e30d0513696bf11f50671ba93,5ea1738aec3cdb44c3738da5cb0360c64d34b37e30d0513696bf11f50671ba93,True,5,24
b4,b4-k16-mixed-tree-1a32ec4e774b,16,16,mixed,tree,words,19,19,24,43,43,43,33,33,33,113650.0,153400.0,113110.0,120660.0,1.0047741136946335,1.3562019273273804,0.9419028675617438,1.2713409580639814,0.937427482181336,183240.0,155690.0,196670.0,127790.0,174460.0,135410.0,3415d1f4d1c6bbc5eebc32a426fbf05984a23c3baa2a116928ee575577748dad,3415d1f4d1c6bbc5eebc32a426fbf05984a23c3baa2a116928ee575577748dad,True,5,24
b4,b4-k16-mixed-tree-1a32ec4e774b,16,20,mixed,tree,words,19,19,24,43,43,43,33,33,33,112260.0,161100.0,113650.0,123120.0,0.9877694676638803,1.4175098988121426,0.9117933723196882,1.3084795321637428,0.9230831708901884,150020.0,115140.0,152130.0,118860.0,151280.0,124140.0,3415d1f4d1c6bbc5eebc32a426fbf05984a23c3baa2a116928ee575577748dad,3415d1f4d1c6bbc5eebc32a426fbf05984a23c3baa2a116928ee575577748dad,True,5,24
b4,b4-k16-mixed-tree-1a32ec4e774b,16,24,mixed,tree,words,19,19,24,43,43,43,33,33,33,132260.0,179070.0,134970.0,134620.0,0.9799214640290435,1.3267392753945322,0.9824691724855148,1.330188679245283,1.002599910860199,151920.0,116390.0,151150.0,118710.0,157240.0,124020.0,3415d1f4d1c6bbc5eebc32a426fbf05984a23c3baa2a116928ee575577748dad,3415d1f4d1c6bbc5eebc32a426fbf05984a23c3baa2a116928ee575577748dad,True,5,24
b4,b4-k16-mixed-shared-53b17b68c3f4,16,16,mixed,shared,words,23,23,43,56,56,82,43,43,62,141050.0,211670.0,142490.0,198510.0,0.9898940276510633,1.4855077549301705,0.710543549443353,1.0662938894766008,0.7177975920608534,216820.0,152780.0,207570.0,159510.0,389720.0,300910.0,429f1bf7f7d888e276b72b8eb279d92843030c475661ddee10c10f18895a7dd0,429f1bf7f7d888e276b72b8eb279d92843030c475661ddee10c10f18895a7dd0,True,5,24
b4,b4-k16-mixed-shared-53b17b68c3f4,16,20,mixed,shared,words,23,23,43,56,56,82,43,43,62,137330.0,183160.0,138280.0,222960.0,0.9931298814000579,1.3245588660688459,0.6159400789379261,0.8214926444205238,0.6202009329027628,230270.0,159490.0,263650.0,148680.0,338460.0,204630.0,429f1bf7f7d888e276b72b8eb279d92843030c475661ddee10c10f18895a7dd0,429f1bf7f7d888e276b72b8eb279d92843030c475661ddee10c10f18895a7dd0,True,5,24
b4,b4-k16-mixed-shared-53b17b68c3f4,16,24,mixed,shared,words,23,23,43,56,56,82,43,43,62,166790.0,223020.0,148570.0,222930.0,1.1226357945749479,1.5011105876018038,0.7481720719508366,1.0004037141703674,0.6664423810164626,281720.0,184870.0,262550.0,179060.0,333980.0,228990.0,429f1bf7f7d888e276b72b8eb279d92843030c475661ddee10c10f18895a7dd0,429f1bf7f7d888e276b72b8eb279d92843030c475661ddee10c10f18895a7dd0,True,5,24
