source,line,literal,context,classification
cm_master_build_2026_08_03.py,1,2026,"""""""CM master knowledge-base builder (2026-08-03, evidence updated 2026-08-27).","reviewed static/structural, formatting constant, protocol label, or corrections-ledger value"
cm_master_build_2026_08_03.py,1,08,"""""""CM master knowledge-base builder (2026-08-03, evidence updated 2026-08-27).","reviewed static/structural, formatting constant, protocol label, or corrections-ledger value"
cm_master_build_2026_08_03.py,1,03,"""""""CM master knowledge-base builder (2026-08-03, evidence updated 2026-08-27).","reviewed static/structural, formatting constant, protocol label, or corrections-ledger value"
cm_master_build_2026_08_03.py,1,2026,"""""""CM master knowledge-base builder (2026-08-03, evidence updated 2026-08-27).","reviewed static/structural, formatting constant, protocol label, or corrections-ledger value"
cm_master_build_2026_08_03.py,1,08,"""""""CM master knowledge-base builder (2026-08-03, evidence updated 2026-08-27).","reviewed static/structural, formatting constant, protocol label, or corrections-ledger value"
cm_master_build_2026_08_03.py,1,27,"""""""CM master knowledge-base builder (2026-08-03, evidence updated 2026-08-27).","reviewed static/structural, formatting constant, protocol label, or corrections-ledger value"
cm_master_build_2026_08_03.py,3,2026,Reads the refreshed evidence of the 2026-08-03 comprehensive benchmark,"reviewed static/structural, formatting constant, protocol label, or corrections-ledger value"
cm_master_build_2026_08_03.py,3,08,Reads the refreshed evidence of the 2026-08-03 comprehensive benchmark,"reviewed static/structural, formatting constant, protocol label, or corrections-ledger value"
cm_master_build_2026_08_03.py,3,03,Reads the refreshed evidence of the 2026-08-03 comprehensive benchmark,"reviewed static/structural, formatting constant, protocol label, or corrections-ledger value"
cm_master_build_2026_08_03.py,4,2026,"campaign (B1-B7 + BX1/BX2), the accepted 2026-08-25 symmetric V3 correction,","reviewed static/structural, formatting constant, protocol label, or corrections-ledger value"
cm_master_build_2026_08_03.py,4,08,"campaign (B1-B7 + BX1/BX2), the accepted 2026-08-25 symmetric V3 correction,","reviewed static/structural, formatting constant, protocol label, or corrections-ledger value"
cm_master_build_2026_08_03.py,4,25,"campaign (B1-B7 + BX1/BX2), the accepted 2026-08-25 symmetric V3 correction,","reviewed static/structural, formatting constant, protocol label, or corrections-ledger value"
cm_master_build_2026_08_03.py,5,2026,"the 2026-08-26/27 repeatability, guard, preparation, held-out selector, cache,","reviewed static/structural, formatting constant, protocol label, or corrections-ledger value"
cm_master_build_2026_08_03.py,5,08,"the 2026-08-26/27 repeatability, guard, preparation, held-out selector, cache,","reviewed static/structural, formatting constant, protocol label, or corrections-ledger value"
cm_master_build_2026_08_03.py,5,26,"the 2026-08-26/27 repeatability, guard, preparation, held-out selector, cache,","reviewed static/structural, formatting constant, protocol label, or corrections-ledger value"
cm_master_build_2026_08_03.py,5,27,"the 2026-08-26/27 repeatability, guard, preparation, held-out selector, cache,","reviewed static/structural, formatting constant, protocol label, or corrections-ledger value"
cm_master_build_2026_08_03.py,47,4,"EVIDENCE_REVISION = ""4dbfffc1db749e85401d533c5a07cb529a41eb37""","reviewed static/structural, formatting constant, protocol label, or corrections-ledger value"
cm_master_build_2026_08_03.py,57,8,"with p.open(""r"", encoding=""utf-8"") as fh:","reviewed static/structural, formatting constant, protocol label, or corrections-ledger value"
cm_master_build_2026_08_03.py,62,8,"with p.open(""r"", encoding=""utf-8"", newline="""") as fh:","reviewed static/structural, formatting constant, protocol label, or corrections-ledger value"
cm_master_build_2026_08_03.py,86,0,"""failures"": sum(int(s.attrib.get(""failures"", 0)) for s in suites),","reviewed static/structural, formatting constant, protocol label, or corrections-ledger value"
cm_master_build_2026_08_03.py,87,0,"""errors"": sum(int(s.attrib.get(""errors"", 0)) for s in suites),","reviewed static/structural, formatting constant, protocol label, or corrections-ledger value"
cm_master_build_2026_08_03.py,88,0,"""skipped"": sum(int(s.attrib.get(""skipped"", 0)) for s in suites),","reviewed static/structural, formatting constant, protocol label, or corrections-ledger value"
cm_master_build_2026_08_03.py,122,2026,"P_RERUN = REPO / ""docs"" / ""audits"" / ""2026-08-25-cm-deep-performance"" / ""reruns"" / ""campaign-20260826-132038""","reviewed static/structural, formatting constant, protocol label, or corrections-ledger value"
cm_master_build_2026_08_03.py,122,08,"P_RERUN = REPO / ""docs"" / ""audits"" / ""2026-08-25-cm-deep-performance"" / ""reruns"" / ""campaign-20260826-132038""","reviewed static/structural, formatting constant, protocol label, or corrections-ledger value"
cm_master_build_2026_08_03.py,122,25,"P_RERUN = REPO / ""docs"" / ""audits"" / ""2026-08-25-cm-deep-performance"" / ""reruns"" / ""campaign-20260826-132038""","reviewed static/structural, formatting constant, protocol label, or corrections-ledger value"
cm_master_build_2026_08_03.py,122,20260826,"P_RERUN = REPO / ""docs"" / ""audits"" / ""2026-08-25-cm-deep-performance"" / ""reruns"" / ""campaign-20260826-132038""","reviewed static/structural, formatting constant, protocol label, or corrections-ledger value"
cm_master_build_2026_08_03.py,122,132038,"P_RERUN = REPO / ""docs"" / ""audits"" / ""2026-08-25-cm-deep-performance"" / ""reruns"" / ""campaign-20260826-132038""","reviewed static/structural, formatting constant, protocol label, or corrections-ledger value"
cm_master_build_2026_08_03.py,139,2026,"P_REMAINING = REPO / ""docs"" / ""audits"" / ""2026-08-25-cm-deep-performance"" / ""remaining-work""","reviewed static/structural, formatting constant, protocol label, or corrections-ledger value"
cm_master_build_2026_08_03.py,139,08,"P_REMAINING = REPO / ""docs"" / ""audits"" / ""2026-08-25-cm-deep-performance"" / ""remaining-work""","reviewed static/structural, formatting constant, protocol label, or corrections-ledger value"
cm_master_build_2026_08_03.py,139,25,"P_REMAINING = REPO / ""docs"" / ""audits"" / ""2026-08-25-cm-deep-performance"" / ""remaining-work""","reviewed static/structural, formatting constant, protocol label, or corrections-ledger value"
cm_master_build_2026_08_03.py,140,20260826,"P_TRACE_CAMPAIGN = P_REMAINING / ""campaign-20260826-154541""","reviewed static/structural, formatting constant, protocol label, or corrections-ledger value"
cm_master_build_2026_08_03.py,140,154541,"P_TRACE_CAMPAIGN = P_REMAINING / ""campaign-20260826-154541""","reviewed static/structural, formatting constant, protocol label, or corrections-ledger value"
cm_master_build_2026_08_03.py,151,20260827,"P_THREE_LANE = P_REMAINING / ""three-lane-20260827-011536""","reviewed static/structural, formatting constant, protocol label, or corrections-ledger value"
cm_master_build_2026_08_03.py,151,011536,"P_THREE_LANE = P_REMAINING / ""three-lane-20260827-011536""","reviewed static/structural, formatting constant, protocol label, or corrections-ledger value"
cm_master_build_2026_08_03.py,157,08,"P_LATE_EVIDENCE = HERE / ""website_audit_2026-08-27"" / ""ACCEPTED-LATE-EVIDENCE.json""","reviewed static/structural, formatting constant, protocol label, or corrections-ledger value"
cm_master_build_2026_08_03.py,157,27,"P_LATE_EVIDENCE = HERE / ""website_audit_2026-08-27"" / ""ACCEPTED-LATE-EVIDENCE.json""","reviewed static/structural, formatting constant, protocol label, or corrections-ledger value"
cm_master_build_2026_08_03.py,160,08,"P_USE_CASE_CATALOG = HERE / ""use_case_benchmarks_2026-08-27"" / ""CM-USE-CASE-BENCHMARK-CATALOG.json""","reviewed static/structural, formatting constant, protocol label, or corrections-ledger value"
cm_master_build_2026_08_03.py,160,27,"P_USE_CASE_CATALOG = HERE / ""use_case_benchmarks_2026-08-27"" / ""CM-USE-CASE-BENCHMARK-CATALOG.json""","reviewed static/structural, formatting constant, protocol label, or corrections-ledger value"
cm_master_build_2026_08_03.py,235,192,"""label"": ""Local synthetic (192 formulas)"",","reviewed static/structural, formatting constant, protocol label, or corrections-ledger value"
cm_master_build_2026_08_03.py,236,2026,"""scope"": ""synthetic generator e3-corrected-2026-08-02.1 · Windows / Ryzen 5 PRO 5650U"",","reviewed static/structural, formatting constant, protocol label, or corrections-ledger value"
cm_master_build_2026_08_03.py,236,08,"""scope"": ""synthetic generator e3-corrected-2026-08-02.1 · Windows / Ryzen 5 PRO 5650U"",","reviewed static/structural, formatting constant, protocol label, or corrections-ledger value"
cm_master_build_2026_08_03.py,236,02.1,"""scope"": ""synthetic generator e3-corrected-2026-08-02.1 · Windows / Ryzen 5 PRO 5650U"",","reviewed static/structural, formatting constant, protocol label, or corrections-ledger value"
cm_master_build_2026_08_03.py,236,5,"""scope"": ""synthetic generator e3-corrected-2026-08-02.1 · Windows / Ryzen 5 PRO 5650U"",","reviewed static/structural, formatting constant, protocol label, or corrections-ledger value"
cm_master_build_2026_08_03.py,236,5650,"""scope"": ""synthetic generator e3-corrected-2026-08-02.1 · Windows / Ryzen 5 PRO 5650U"",","reviewed static/structural, formatting constant, protocol label, or corrections-ledger value"
cm_master_build_2026_08_03.py,238,0,"""lo"": b1_acc[""new_ci95_stratified""][0],","reviewed static/structural, formatting constant, protocol label, or corrections-ledger value"
cm_master_build_2026_08_03.py,239,1,"""hi"": b1_acc[""new_ci95_stratified""][1],","reviewed static/structural, formatting constant, protocol label, or corrections-ledger value"
cm_master_build_2026_08_03.py,240,4000,"""basis"": ""stratified-by-cell bootstrap (independent reaggregation, 4000 draws)"",","reviewed static/structural, formatting constant, protocol label, or corrections-ledger value"
cm_master_build_2026_08_03.py,244,129,"""label"": ""External EPFL (129 cones, 19 circuits)"",","reviewed static/structural, formatting constant, protocol label, or corrections-ledger value"
cm_master_build_2026_08_03.py,244,19,"""label"": ""External EPFL (129 cones, 19 circuits)"",","reviewed static/structural, formatting constant, protocol label, or corrections-ledger value"
cm_master_build_2026_08_03.py,245,5,"""scope"": ""EPFL AND/INV combinational cones · Windows / Ryzen 5 PRO 5650U"",","reviewed static/structural, formatting constant, protocol label, or corrections-ledger value"
cm_master_build_2026_08_03.py,245,5650,"""scope"": ""EPFL AND/INV combinational cones · Windows / Ryzen 5 PRO 5650U"",","reviewed static/structural, formatting constant, protocol label, or corrections-ledger value"
cm_master_build_2026_08_03.py,256,0,"""label"": ""Pod %s"" % name.split(""_"")[0],","reviewed static/structural, formatting constant, protocol label, or corrections-ledger value"
cm_master_build_2026_08_03.py,257,0,"""scope"": ""Linux / AMD EPYC · %s · numpy %s"" % (pod[""platform""].split(""-x86_64"")[0], pod[""numpy""]),","reviewed static/structural, formatting constant, protocol label, or corrections-ledger value"
cm_master_build_2026_08_03.py,259,0,"""lo"": pod[""ci95""][0],","reviewed static/structural, formatting constant, protocol label, or corrections-ledger value"
cm_master_build_2026_08_03.py,260,1,"""hi"": pod[""ci95""][1],","reviewed static/structural, formatting constant, protocol label, or corrections-ledger value"
cm_master_build_2026_08_03.py,276,0,"num(""kernel.local.lo"", b1_acc[""new_ci95_stratified""][0], ""ratio3"",","reviewed static/structural, formatting constant, protocol label, or corrections-ledger value"
cm_master_build_2026_08_03.py,277,0,"""%s :: new_ci95_stratified[0]"" % rel(P_B1_ACC))","reviewed static/structural, formatting constant, protocol label, or corrections-ledger value"
cm_master_build_2026_08_03.py,278,1,"num(""kernel.local.hi"", b1_acc[""new_ci95_stratified""][1], ""ratio3"",","reviewed static/structural, formatting constant, protocol label, or corrections-ledger value"
cm_master_build_2026_08_03.py,279,1,"""%s :: new_ci95_stratified[1]"" % rel(P_B1_ACC))","reviewed static/structural, formatting constant, protocol label, or corrections-ledger value"
cm_master_build_2026_08_03.py,280,100.0,"num(""kernel.local.pct"", 100.0 * (1.0 - b1_acc[""new_geomean_all_blocked""]), ""pct0"",","reviewed static/structural, formatting constant, protocol label, or corrections-ledger value"
cm_master_build_2026_08_03.py,280,1.0,"num(""kernel.local.pct"", 100.0 * (1.0 - b1_acc[""new_geomean_all_blocked""]), ""pct0"",","reviewed static/structural, formatting constant, protocol label, or corrections-ledger value"
cm_master_build_2026_08_03.py,281,100,"""%s :: 100*(1-new_geomean_all_blocked)"" % rel(P_B1_ACC))","reviewed static/structural, formatting constant, protocol label, or corrections-ledger value"
cm_master_build_2026_08_03.py,281,1,"""%s :: 100*(1-new_geomean_all_blocked)"" % rel(P_B1_ACC))","reviewed static/structural, formatting constant, protocol label, or corrections-ledger value"
cm_master_build_2026_08_03.py,288,100.0,"num(""kernel.epfl.pct"", 100.0 * (1.0 - epfl_ana[""secondary_blocked_cm_cse""][""geomean""]), ""pct0"",","reviewed static/structural, formatting constant, protocol label, or corrections-ledger value"
cm_master_build_2026_08_03.py,288,1.0,"num(""kernel.epfl.pct"", 100.0 * (1.0 - epfl_ana[""secondary_blocked_cm_cse""][""geomean""]), ""pct0"",","reviewed static/structural, formatting constant, protocol label, or corrections-ledger value"
cm_master_build_2026_08_03.py,289,100,"""%s :: 100*(1-secondary_blocked_cm_cse.geomean)"" % rel(P_EPFL_ANA))","reviewed static/structural, formatting constant, protocol label, or corrections-ledger value"
cm_master_build_2026_08_03.py,289,1,"""%s :: 100*(1-secondary_blocked_cm_cse.geomean)"" % rel(P_EPFL_ANA))","reviewed static/structural, formatting constant, protocol label, or corrections-ledger value"
cm_master_build_2026_08_03.py,313,1,if len(matches) != 1:,"reviewed static/structural, formatting constant, protocol label, or corrections-ledger value"
cm_master_build_2026_08_03.py,318,0,return matches[0],"reviewed static/structural, formatting constant, protocol label, or corrections-ledger value"
cm_master_build_2026_08_03.py,322,16,"_sym_bare_k16 = inference_row(""live_k"", ""cm_current_over_cse_flat_current"", live_k=""16"")","reviewed static/structural, formatting constant, protocol label, or corrections-ledger value"
cm_master_build_2026_08_03.py,350,4000,"""basis"": ""circuit-clustered bootstrap (4000 draws)"",","reviewed static/structural, formatting constant, protocol label, or corrections-ledger value"
cm_master_build_2026_08_03.py,359,4000,"""basis"": ""circuit-clustered bootstrap (4000 draws) — reported beside blocked, never pooled"",","reviewed static/structural, formatting constant, protocol label, or corrections-ledger value"
cm_master_build_2026_08_03.py,366,0,"""label"": ""Pod %s"" % name.split(""_"")[0],","reviewed static/structural, formatting constant, protocol label, or corrections-ledger value"
cm_master_build_2026_08_03.py,397,100.0,"num(""flat.local.residual_pct"", abs(100.0 * (b1_acc[""new_cm_vs_cse_flat_geomean""] - 1.0)), ""pct1"",","reviewed static/structural, formatting constant, protocol label, or corrections-ledger value"
cm_master_build_2026_08_03.py,397,1.0,"num(""flat.local.residual_pct"", abs(100.0 * (b1_acc[""new_cm_vs_cse_flat_geomean""] - 1.0)), ""pct1"",","reviewed static/structural, formatting constant, protocol label, or corrections-ledger value"
cm_master_build_2026_08_03.py,398,100,"""%s :: |100*(new_cm_vs_cse_flat_geomean-1)|"" % rel(P_B1_ACC))","reviewed static/structural, formatting constant, protocol label, or corrections-ledger value"
cm_master_build_2026_08_03.py,398,1,"""%s :: |100*(new_cm_vs_cse_flat_geomean-1)|"" % rel(P_B1_ACC))","reviewed static/structural, formatting constant, protocol label, or corrections-ledger value"
cm_master_build_2026_08_03.py,410,16,"""%s :: live_k/all/16/cm_current_over_cse_flat_current.paired_formula_cluster_geomean"" % rel(P_SYM_V3_INF))","reviewed static/structural, formatting constant, protocol label, or corrections-ledger value"
cm_master_build_2026_08_03.py,412,16,"""%s :: live_k/all/16/cm_current_over_cse_flat_current.paired_formula_cluster_bootstrap_ci95_low"" % rel(P_SYM_V3_INF))","reviewed static/structural, formatting constant, protocol label, or corrections-ledger value"
cm_master_build_2026_08_03.py,414,16,"""%s :: live_k/all/16/cm_current_over_cse_flat_current.paired_formula_cluster_bootstrap_ci95_high"" % rel(P_SYM_V3_INF))","reviewed static/structural, formatting constant, protocol label, or corrections-ledger value"
cm_master_build_2026_08_03.py,476,1,if len(rows) != 1:,"reviewed static/structural, formatting constant, protocol label, or corrections-ledger value"
cm_master_build_2026_08_03.py,478,0,return rows[0],"reviewed static/structural, formatting constant, protocol label, or corrections-ledger value"
cm_master_build_2026_08_03.py,523,1,"rec[""live_k""] = int(g.split(""="")[1])","reviewed static/structural, formatting constant, protocol label, or corrections-ledger value"
cm_master_build_2026_08_03.py,527,1,"rec[""family""] = fam.split(""="")[1]","reviewed static/structural, formatting constant, protocol label, or corrections-ledger value"
cm_master_build_2026_08_03.py,528,1,"rec[""shape""] = shp.split(""="")[1]","reviewed static/structural, formatting constant, protocol label, or corrections-ledger value"
cm_master_build_2026_08_03.py,538,0,"""lo"": b1_acc[""new_ci95_stratified""][0],","reviewed static/structural, formatting constant, protocol label, or corrections-ledger value"
cm_master_build_2026_08_03.py,539,1,"""hi"": b1_acc[""new_ci95_stratified""][1],","reviewed static/structural, formatting constant, protocol label, or corrections-ledger value"
cm_master_build_2026_08_03.py,589,10,"num(""epfl.clone_commit"", epfl_prov[""clone_commit_sha""][:10], ""text"",","reviewed static/structural, formatting constant, protocol label, or corrections-ledger value"
cm_master_build_2026_08_03.py,591,12,"num(""epfl.corpus_sha"", manifest[""corpora_sha256""][""epfl_corpus""][:12], ""text"",","reviewed static/structural, formatting constant, protocol label, or corrections-ledger value"
cm_master_build_2026_08_03.py,600,0,"""label"": Path(p[""pod_dir""]).name.split(""_"")[0],","reviewed static/structural, formatting constant, protocol label, or corrections-ledger value"
cm_master_build_2026_08_03.py,603,0,"""lo"": p[""ci95""][0],","reviewed static/structural, formatting constant, protocol label, or corrections-ledger value"
cm_master_build_2026_08_03.py,604,1,"""hi"": p[""ci95""][1],","reviewed static/structural, formatting constant, protocol label, or corrections-ledger value"
cm_master_build_2026_08_03.py,642,4,"""engine_note"": ""k=4 rows run the bigint/BitSet fallback (words engine engages at k>=6); uncached warmenv is not separable at k=4 and is recorded skipped."",","reviewed static/structural, formatting constant, protocol label, or corrections-ledger value"
cm_master_build_2026_08_03.py,642,6,"""engine_note"": ""k=4 rows run the bigint/BitSet fallback (words engine engages at k>=6); uncached warmenv is not separable at k=4 and is recorded skipped."",","reviewed static/structural, formatting constant, protocol label, or corrections-ledger value"
cm_master_build_2026_08_03.py,642,4,"""engine_note"": ""k=4 rows run the bigint/BitSet fallback (words engine engages at k>=6); uncached warmenv is not separable at k=4 and is recorded skipped."",","reviewed static/structural, formatting constant, protocol label, or corrections-ledger value"
cm_master_build_2026_08_03.py,664,4,"num(""wrap.k4.median"", _b2_by_k[4][""cached_median""], ""x1"", ""%s :: live_k=4 cached ratio_median"" % rel(P_B2_SUM))","reviewed static/structural, formatting constant, protocol label, or corrections-ledger value"
cm_master_build_2026_08_03.py,664,4,"num(""wrap.k4.median"", _b2_by_k[4][""cached_median""], ""x1"", ""%s :: live_k=4 cached ratio_median"" % rel(P_B2_SUM))","reviewed static/structural, formatting constant, protocol label, or corrections-ledger value"
cm_master_build_2026_08_03.py,665,16,"num(""wrap.k16.median"", _b2_by_k[16][""cached_median""], ""x2"", ""%s :: live_k=16 cached ratio_median"" % rel(P_B2_SUM))","reviewed static/structural, formatting constant, protocol label, or corrections-ledger value"
cm_master_build_2026_08_03.py,665,16,"num(""wrap.k16.median"", _b2_by_k[16][""cached_median""], ""x2"", ""%s :: live_k=16 cached ratio_median"" % rel(P_B2_SUM))","reviewed static/structural, formatting constant, protocol label, or corrections-ledger value"
cm_master_build_2026_08_03.py,666,16,"num(""wrap.k16.geomean"", _b2_by_k[16][""cached_geomean""], ""x2"", ""%s :: live_k=16 cached ratio_geomean"" % rel(P_B2_SUM))","reviewed static/structural, formatting constant, protocol label, or corrections-ledger value"
cm_master_build_2026_08_03.py,666,16,"num(""wrap.k16.geomean"", _b2_by_k[16][""cached_geomean""], ""x2"", ""%s :: live_k=16 cached ratio_geomean"" % rel(P_B2_SUM))","reviewed static/structural, formatting constant, protocol label, or corrections-ledger value"
cm_master_build_2026_08_03.py,673,1,"num(""wrap.k16.bitset_us"", D[""e7_wrapper_cost""][""rows""][-1][""bitset_us""], ""us0"",","reviewed static/structural, formatting constant, protocol label, or corrections-ledger value"
cm_master_build_2026_08_03.py,674,16,"""%s :: live_k=16 bitset_us_median"" % rel(P_B2_SUM))","reviewed static/structural, formatting constant, protocol label, or corrections-ledger value"
cm_master_build_2026_08_03.py,675,1,"num(""wrap.k16.cm_us"", D[""e7_wrapper_cost""][""rows""][-1][""cm_wrapper_us""], ""us0"",","reviewed static/structural, formatting constant, protocol label, or corrections-ledger value"
cm_master_build_2026_08_03.py,676,16,"""%s :: live_k=16 cm_wrapper_us_median"" % rel(P_B2_SUM))","reviewed static/structural, formatting constant, protocol label, or corrections-ledger value"
cm_master_build_2026_08_03.py,705,16,"_b4_k16 = [r[""geomean""] for r in D[""e8_ambient_n""][""rows""] if r[""live_k""] == 16]","reviewed static/structural, formatting constant, protocol label, or corrections-ledger value"
cm_master_build_2026_08_03.py,707,16,"""%s :: max-min of paired_ratio_geomean at live_k=16 across ambient n"" % rel(P_B4_HEAD))","reviewed static/structural, formatting constant, protocol label, or corrections-ledger value"
cm_master_build_2026_08_03.py,738,15,"""%s :: sum(trials) over 15 cells"" % rel(P_B4_GUARD))","reviewed static/structural, formatting constant, protocol label, or corrections-ledger value"
cm_master_build_2026_08_03.py,743,8,"_d8 = [r[""declined_rate""] for r in guard_rows if r[""depth""] == 8]","reviewed static/structural, formatting constant, protocol label, or corrections-ledger value"
cm_master_build_2026_08_03.py,744,100.0,"num(""guard.depth8.min_pct"", 100.0 * min(_d8), ""pct0"",","reviewed static/structural, formatting constant, protocol label, or corrections-ledger value"
cm_master_build_2026_08_03.py,745,8,"""%s :: min(declined_rate) at depth=8"" % rel(P_B4_GUARD))","reviewed static/structural, formatting constant, protocol label, or corrections-ledger value"
cm_master_build_2026_08_03.py,746,100.0,"num(""guard.depth8.max_pct"", 100.0 * max(_d8), ""pct0"",","reviewed static/structural, formatting constant, protocol label, or corrections-ledger value"
cm_master_build_2026_08_03.py,747,8,"""%s :: max(declined_rate) at depth=8"" % rel(P_B4_GUARD))","reviewed static/structural, formatting constant, protocol label, or corrections-ledger value"
cm_master_build_2026_08_03.py,748,4,"_d4 = [r[""median_live_k""] for r in guard_rows if r[""depth""] == 4]","reviewed static/structural, formatting constant, protocol label, or corrections-ledger value"
cm_master_build_2026_08_03.py,749,4,"num(""guard.depth4.medk.min"", min(_d4), ""num1"", ""%s :: min(median_live_k) at depth=4"" % rel(P_B4_GUARD))","reviewed static/structural, formatting constant, protocol label, or corrections-ledger value"
cm_master_build_2026_08_03.py,750,4,"num(""guard.depth4.medk.max"", max(_d4), ""num1"", ""%s :: max(median_live_k) at depth=4"" % rel(P_B4_GUARD))","reviewed static/structural, formatting constant, protocol label, or corrections-ledger value"
cm_master_build_2026_08_03.py,755,8,"_guard_k = re.search(r""max_full_output_vars\s*=\s*(\d+)"", P_B4_DRIVER.read_text(encoding=""utf-8""))","reviewed static/structural, formatting constant, protocol label, or corrections-ledger value"
cm_master_build_2026_08_03.py,758,1,"num(""guard.k"", int(_guard_k.group(1)), ""int"",","reviewed static/structural, formatting constant, protocol label, or corrections-ledger value"
cm_master_build_2026_08_03.py,760,16,"""wrong-guard predicate is `live_k <= 16`)"" % rel(P_B4_DRIVER))","reviewed static/structural, formatting constant, protocol label, or corrections-ledger value"
cm_master_build_2026_08_03.py,818,0,"num(""b3.prep_ratio.min"", D[""e10_compile_scaling""][""prep_ratio_range""][0], ""x1"",","reviewed static/structural, formatting constant, protocol label, or corrections-ledger value"
cm_master_build_2026_08_03.py,820,1,"num(""b3.prep_ratio.max"", D[""e10_compile_scaling""][""prep_ratio_range""][1], ""x1"",","reviewed static/structural, formatting constant, protocol label, or corrections-ledger value"
cm_master_build_2026_08_03.py,846,0,"BINS = [(0, 25), (25, 50), (50, 100), (100, 200), (200, 400), (400, 800), (800, 1e18)]","reviewed static/structural, formatting constant, protocol label, or corrections-ledger value"
cm_master_build_2026_08_03.py,846,25,"BINS = [(0, 25), (25, 50), (50, 100), (100, 200), (200, 400), (400, 800), (800, 1e18)]","reviewed static/structural, formatting constant, protocol label, or corrections-ledger value"
cm_master_build_2026_08_03.py,846,25,"BINS = [(0, 25), (25, 50), (50, 100), (100, 200), (200, 400), (400, 800), (800, 1e18)]","reviewed static/structural, formatting constant, protocol label, or corrections-ledger value"
cm_master_build_2026_08_03.py,846,50,"BINS = [(0, 25), (25, 50), (50, 100), (100, 200), (200, 400), (400, 800), (800, 1e18)]","reviewed static/structural, formatting constant, protocol label, or corrections-ledger value"
cm_master_build_2026_08_03.py,846,50,"BINS = [(0, 25), (25, 50), (50, 100), (100, 200), (200, 400), (400, 800), (800, 1e18)]","reviewed static/structural, formatting constant, protocol label, or corrections-ledger value"
cm_master_build_2026_08_03.py,846,100,"BINS = [(0, 25), (25, 50), (50, 100), (100, 200), (200, 400), (400, 800), (800, 1e18)]","reviewed static/structural, formatting constant, protocol label, or corrections-ledger value"
cm_master_build_2026_08_03.py,846,100,"BINS = [(0, 25), (25, 50), (50, 100), (100, 200), (200, 400), (400, 800), (800, 1e18)]","reviewed static/structural, formatting constant, protocol label, or corrections-ledger value"
cm_master_build_2026_08_03.py,846,200,"BINS = [(0, 25), (25, 50), (50, 100), (100, 200), (200, 400), (400, 800), (800, 1e18)]","reviewed static/structural, formatting constant, protocol label, or corrections-ledger value"
cm_master_build_2026_08_03.py,846,200,"BINS = [(0, 25), (25, 50), (50, 100), (100, 200), (200, 400), (400, 800), (800, 1e18)]","reviewed static/structural, formatting constant, protocol label, or corrections-ledger value"
cm_master_build_2026_08_03.py,846,400,"BINS = [(0, 25), (25, 50), (50, 100), (100, 200), (200, 400), (400, 800), (800, 1e18)]","reviewed static/structural, formatting constant, protocol label, or corrections-ledger value"
cm_master_build_2026_08_03.py,846,400,"BINS = [(0, 25), (25, 50), (50, 100), (100, 200), (200, 400), (400, 800), (800, 1e18)]","reviewed static/structural, formatting constant, protocol label, or corrections-ledger value"
cm_master_build_2026_08_03.py,846,800,"BINS = [(0, 25), (25, 50), (50, 100), (100, 200), (200, 400), (400, 800), (800, 1e18)]","reviewed static/structural, formatting constant, protocol label, or corrections-ledger value"
cm_master_build_2026_08_03.py,846,800,"BINS = [(0, 25), (25, 50), (50, 100), (100, 200), (200, 400), (400, 800), (800, 1e18)]","reviewed static/structural, formatting constant, protocol label, or corrections-ledger value"
cm_master_build_2026_08_03.py,846,1e18,"BINS = [(0, 25), (25, 50), (50, 100), (100, 200), (200, 400), (400, 800), (800, 1e18)]","reviewed static/structural, formatting constant, protocol label, or corrections-ledger value"
cm_master_build_2026_08_03.py,847,0,"BIN_LABELS = [""0–25"", ""25–50"", ""50–100"", ""100–200"", ""200–400"", ""400–800"", ""800+""]","reviewed static/structural, formatting constant, protocol label, or corrections-ledger value"
cm_master_build_2026_08_03.py,847,25,"BIN_LABELS = [""0–25"", ""25–50"", ""50–100"", ""100–200"", ""200–400"", ""400–800"", ""800+""]","reviewed static/structural, formatting constant, protocol label, or corrections-ledger value"
cm_master_build_2026_08_03.py,847,25,"BIN_LABELS = [""0–25"", ""25–50"", ""50–100"", ""100–200"", ""200–400"", ""400–800"", ""800+""]","reviewed static/structural, formatting constant, protocol label, or corrections-ledger value"
cm_master_build_2026_08_03.py,847,50,"BIN_LABELS = [""0–25"", ""25–50"", ""50–100"", ""100–200"", ""200–400"", ""400–800"", ""800+""]","reviewed static/structural, formatting constant, protocol label, or corrections-ledger value"
cm_master_build_2026_08_03.py,847,50,"BIN_LABELS = [""0–25"", ""25–50"", ""50–100"", ""100–200"", ""200–400"", ""400–800"", ""800+""]","reviewed static/structural, formatting constant, protocol label, or corrections-ledger value"
cm_master_build_2026_08_03.py,847,100,"BIN_LABELS = [""0–25"", ""25–50"", ""50–100"", ""100–200"", ""200–400"", ""400–800"", ""800+""]","reviewed static/structural, formatting constant, protocol label, or corrections-ledger value"
cm_master_build_2026_08_03.py,847,100,"BIN_LABELS = [""0–25"", ""25–50"", ""50–100"", ""100–200"", ""200–400"", ""400–800"", ""800+""]","reviewed static/structural, formatting constant, protocol label, or corrections-ledger value"
cm_master_build_2026_08_03.py,847,200,"BIN_LABELS = [""0–25"", ""25–50"", ""50–100"", ""100–200"", ""200–400"", ""400–800"", ""800+""]","reviewed static/structural, formatting constant, protocol label, or corrections-ledger value"
cm_master_build_2026_08_03.py,847,200,"BIN_LABELS = [""0–25"", ""25–50"", ""50–100"", ""100–200"", ""200–400"", ""400–800"", ""800+""]","reviewed static/structural, formatting constant, protocol label, or corrections-ledger value"
cm_master_build_2026_08_03.py,847,400,"BIN_LABELS = [""0–25"", ""25–50"", ""50–100"", ""100–200"", ""200–400"", ""400–800"", ""800+""]","reviewed static/structural, formatting constant, protocol label, or corrections-ledger value"
cm_master_build_2026_08_03.py,847,400,"BIN_LABELS = [""0–25"", ""25–50"", ""50–100"", ""100–200"", ""200–400"", ""400–800"", ""800+""]","reviewed static/structural, formatting constant, protocol label, or corrections-ledger value"
cm_master_build_2026_08_03.py,847,800,"BIN_LABELS = [""0–25"", ""25–50"", ""50–100"", ""100–200"", ""200–400"", ""400–800"", ""800+""]","reviewed static/structural, formatting constant, protocol label, or corrections-ledger value"
cm_master_build_2026_08_03.py,847,800,"BIN_LABELS = [""0–25"", ""25–50"", ""50–100"", ""100–200"", ""200–400"", ""400–800"", ""800+""]","reviewed static/structural, formatting constant, protocol label, or corrections-ledger value"
cm_master_build_2026_08_03.py,851,0,out = [0] * len(BINS),"reviewed static/structural, formatting constant, protocol label, or corrections-ledger value"
cm_master_build_2026_08_03.py,855,1,out[i] += 1,"reviewed static/structural, formatting constant, protocol label, or corrections-ledger value"
cm_master_build_2026_08_03.py,864,192,"""scope"": ""192 synthetic formulas (B1 fresh replay)"",","reviewed static/structural, formatting constant, protocol label, or corrections-ledger value"
cm_master_build_2026_08_03.py,878,129,"""scope"": ""129 EPFL AND/INV cones"",","reviewed static/structural, formatting constant, protocol label, or corrections-ledger value"
cm_master_build_2026_08_03.py,889,129,"""scope"": ""129 EPFL AND/INV cones — the arm that matches the synthetic corpus's baseline"",","reviewed static/structural, formatting constant, protocol label, or corrections-ledger value"
cm_master_build_2026_08_03.py,921,100.0,"num(""be.epfl.never_pct"", 100.0 * _be[""n_never""] / _be[""n_total""], ""pct0"",","reviewed static/structural, formatting constant, protocol label, or corrections-ledger value"
cm_master_build_2026_08_03.py,922,100,"""%s :: 100*never/total (vs CSE-flat)"" % rel(P_EPFL_RES))","reviewed static/structural, formatting constant, protocol label, or corrections-ledger value"
cm_master_build_2026_08_03.py,1001,16,"num(""cudd.nodes.k16"", [r for r in b5_rows_sum if r[""live_k""] == 16][0][""cudd_dag_size""], ""int"",","reviewed static/structural, formatting constant, protocol label, or corrections-ledger value"
cm_master_build_2026_08_03.py,1001,0,"num(""cudd.nodes.k16"", [r for r in b5_rows_sum if r[""live_k""] == 16][0][""cudd_dag_size""], ""int"",","reviewed static/structural, formatting constant, protocol label, or corrections-ledger value"
cm_master_build_2026_08_03.py,1002,16,"""%s :: live_k=16 cudd_dag_size_median"" % rel(P_B5_SUM))","reviewed static/structural, formatting constant, protocol label, or corrections-ledger value"
cm_master_build_2026_08_03.py,1008,16,"num(""cudd.extract.k16_ms"", [r for r in b5_rows_sum if r[""live_k""] == 16][0][""cudd_extract_full_us""] / 1000.0,","reviewed static/structural, formatting constant, protocol label, or corrections-ledger value"
cm_master_build_2026_08_03.py,1008,0,"num(""cudd.extract.k16_ms"", [r for r in b5_rows_sum if r[""live_k""] == 16][0][""cudd_extract_full_us""] / 1000.0,","reviewed static/structural, formatting constant, protocol label, or corrections-ledger value"
cm_master_build_2026_08_03.py,1008,1000.0,"num(""cudd.extract.k16_ms"", [r for r in b5_rows_sum if r[""live_k""] == 16][0][""cudd_extract_full_us""] / 1000.0,","reviewed static/structural, formatting constant, protocol label, or corrections-ledger value"
cm_master_build_2026_08_03.py,1009,16,"""ms0"", ""%s :: live_k=16 cudd_extract_full_us_median / 1000"" % rel(P_B5_SUM))","reviewed static/structural, formatting constant, protocol label, or corrections-ledger value"
cm_master_build_2026_08_03.py,1009,1000,"""ms0"", ""%s :: live_k=16 cudd_extract_full_us_median / 1000"" % rel(P_B5_SUM))","reviewed static/structural, formatting constant, protocol label, or corrections-ledger value"
cm_master_build_2026_08_03.py,1022,2026,"{""source"": ""Local synthetic (2026-08-02 archive)"", ""blocked"": fnum(arch_blocked[""geomean""]),","reviewed static/structural, formatting constant, protocol label, or corrections-ledger value"
cm_master_build_2026_08_03.py,1022,08,"{""source"": ""Local synthetic (2026-08-02 archive)"", ""blocked"": fnum(arch_blocked[""geomean""]),","reviewed static/structural, formatting constant, protocol label, or corrections-ledger value"
cm_master_build_2026_08_03.py,1022,02,"{""source"": ""Local synthetic (2026-08-02 archive)"", ""blocked"": fnum(arch_blocked[""geomean""]),","reviewed static/structural, formatting constant, protocol label, or corrections-ledger value"
cm_master_build_2026_08_03.py,1029,0,"""source"": ""Pod %s (B6)"" % Path(p[""pod_dir""]).name.split(""_"")[0],","reviewed static/structural, formatting constant, protocol label, or corrections-ledger value"
cm_master_build_2026_08_03.py,1033,100.0,"s[""delta_pct""] = 100.0 * (s[""rr""] / s[""blocked""] - 1.0)","reviewed static/structural, formatting constant, protocol label, or corrections-ledger value"
cm_master_build_2026_08_03.py,1033,1.0,"s[""delta_pct""] = 100.0 * (s[""rr""] / s[""blocked""] - 1.0)","reviewed static/structural, formatting constant, protocol label, or corrections-ledger value"
cm_master_build_2026_08_03.py,1046,100.0,"""delta_pct"": 100.0 * (fnum(rr[""geomean""]) / fnum(br[""geomean""]) - 1.0),","reviewed static/structural, formatting constant, protocol label, or corrections-ledger value"
cm_master_build_2026_08_03.py,1046,1.0,"""delta_pct"": 100.0 * (fnum(rr[""geomean""]) / fnum(br[""geomean""]) - 1.0),","reviewed static/structural, formatting constant, protocol label, or corrections-ledger value"
cm_master_build_2026_08_03.py,1056,2026,"""%s :: schedule=blocked|round_robin, group=all (archived 2026-08-02 run, for contrast)"" % rel(P_B1_ARCH),","reviewed static/structural, formatting constant, protocol label, or corrections-ledger value"
cm_master_build_2026_08_03.py,1056,08,"""%s :: schedule=blocked|round_robin, group=all (archived 2026-08-02 run, for contrast)"" % rel(P_B1_ARCH),","reviewed static/structural, formatting constant, protocol label, or corrections-ledger value"
cm_master_build_2026_08_03.py,1056,02,"""%s :: schedule=blocked|round_robin, group=all (archived 2026-08-02 run, for contrast)"" % rel(P_B1_ARCH),","reviewed static/structural, formatting constant, protocol label, or corrections-ledger value"
cm_master_build_2026_08_03.py,1062,0,"num(""sched.b1.delta_pct"", [s for s in sched if ""B1 replay"" in s[""source""]][0][""delta_pct""], ""pctsign2"",","reviewed static/structural, formatting constant, protocol label, or corrections-ledger value"
cm_master_build_2026_08_03.py,1063,100,"""%s :: 100*(round_robin/blocked-1), group=all"" % rel(P_B1_SUM))","reviewed static/structural, formatting constant, protocol label, or corrections-ledger value"
cm_master_build_2026_08_03.py,1063,1,"""%s :: 100*(round_robin/blocked-1), group=all"" % rel(P_B1_SUM))","reviewed static/structural, formatting constant, protocol label, or corrections-ledger value"
cm_master_build_2026_08_03.py,1065,100,"""%s :: max |100*(rr/blocked-1)| over per-cell groups"" % rel(P_B1_SUM))","reviewed static/structural, formatting constant, protocol label, or corrections-ledger value"
cm_master_build_2026_08_03.py,1065,1,"""%s :: max |100*(rr/blocked-1)| over per-cell groups"" % rel(P_B1_SUM))","reviewed static/structural, formatting constant, protocol label, or corrections-ledger value"
cm_master_build_2026_08_03.py,1066,0,"num(""sched.arch.delta_pct"", [s for s in sched if ""archive"" in s[""source""]][0][""delta_pct""], ""pctsign2"",","reviewed static/structural, formatting constant, protocol label, or corrections-ledger value"
cm_master_build_2026_08_03.py,1067,100,"""%s :: 100*(round_robin/blocked-1), group=all"" % rel(P_B1_ARCH))","reviewed static/structural, formatting constant, protocol label, or corrections-ledger value"
cm_master_build_2026_08_03.py,1067,1,"""%s :: 100*(round_robin/blocked-1), group=all"" % rel(P_B1_ARCH))","reviewed static/structural, formatting constant, protocol label, or corrections-ledger value"
cm_master_build_2026_08_03.py,1068,0,"num(""sched.epfl.delta_pct"", [s for s in sched if ""EPFL"" in s[""source""]][0][""delta_pct""], ""pctsign2"",","reviewed static/structural, formatting constant, protocol label, or corrections-ledger value"
cm_master_build_2026_08_03.py,1069,100,"""%s :: 100*(round_robin/blocked-1)"" % rel(P_EPFL_ANA))","reviewed static/structural, formatting constant, protocol label, or corrections-ledger value"
cm_master_build_2026_08_03.py,1069,1,"""%s :: 100*(round_robin/blocked-1)"" % rel(P_EPFL_ANA))","reviewed static/structural, formatting constant, protocol label, or corrections-ledger value"
cm_master_build_2026_08_03.py,1119,1,_guard_limit = int(_guard_k.group(1)),"reviewed static/structural, formatting constant, protocol label, or corrections-ledger value"
cm_master_build_2026_08_03.py,1120,4,"_growth_k = sorted(set([4, 8, 12, _guard_limit]))","reviewed static/structural, formatting constant, protocol label, or corrections-ledger value"
cm_master_build_2026_08_03.py,1120,8,"_growth_k = sorted(set([4, 8, 12, _guard_limit]))","reviewed static/structural, formatting constant, protocol label, or corrections-ledger value"
cm_master_build_2026_08_03.py,1120,12,"_growth_k = sorted(set([4, 8, 12, _guard_limit]))","reviewed static/structural, formatting constant, protocol label, or corrections-ledger value"
cm_master_build_2026_08_03.py,1122,2,"""rows"": [{""live_k"": k, ""assignments"": 2 ** k} for k in _growth_k],","reviewed static/structural, formatting constant, protocol label, or corrections-ledger value"
cm_master_build_2026_08_03.py,1126,2,"""Boolean truth-vector definition :: explicit assignments = 2^live_k"",","reviewed static/structural, formatting constant, protocol label, or corrections-ledger value"
cm_master_build_2026_08_03.py,1165,16,"num(""bx1.k16.wvf"", [r for r in _bx1 if r[""live_k""] == 16][0][""words_vs_flat""], ""ratio2"",","reviewed static/structural, formatting constant, protocol label, or corrections-ledger value"
cm_master_build_2026_08_03.py,1165,0,"num(""bx1.k16.wvf"", [r for r in _bx1 if r[""live_k""] == 16][0][""words_vs_flat""], ""ratio2"",","reviewed static/structural, formatting constant, protocol label, or corrections-ledger value"
cm_master_build_2026_08_03.py,1166,16,"""%s :: live_k=16 words_vs_flat_ratio_geomean"" % rel(P_BX1_SUM))","reviewed static/structural, formatting constant, protocol label, or corrections-ledger value"
cm_master_build_2026_08_03.py,1167,6,"num(""bx1.k6.wvf"", [r for r in _bx1 if r[""live_k""] == 6][0][""words_vs_flat""], ""x1"",","reviewed static/structural, formatting constant, protocol label, or corrections-ledger value"
cm_master_build_2026_08_03.py,1167,0,"num(""bx1.k6.wvf"", [r for r in _bx1 if r[""live_k""] == 6][0][""words_vs_flat""], ""x1"",","reviewed static/structural, formatting constant, protocol label, or corrections-ledger value"
cm_master_build_2026_08_03.py,1168,6,"""%s :: live_k=6 words_vs_flat_ratio_geomean"" % rel(P_BX1_SUM))","reviewed static/structural, formatting constant, protocol label, or corrections-ledger value"
cm_master_build_2026_08_03.py,1182,8,"for k in (8, 12, 16):","reviewed static/structural, formatting constant, protocol label, or corrections-ledger value"
cm_master_build_2026_08_03.py,1182,12,"for k in (8, 12, 16):","reviewed static/structural, formatting constant, protocol label, or corrections-ledger value"
cm_master_build_2026_08_03.py,1182,16,"for k in (8, 12, 16):","reviewed static/structural, formatting constant, protocol label, or corrections-ledger value"
cm_master_build_2026_08_03.py,1226,10,"""%s :: rows[].per_order[].build_us (pure 10-build sums computed here), _meta"" % rel(P_BX2_RES),","reviewed static/structural, formatting constant, protocol label, or corrections-ledger value"
cm_master_build_2026_08_03.py,1231,100.0,"num(""bx2.node_saving.min_pct"", 100.0 * (1.0 - max(r[""node_ratio_best10""] for r in _bx2)), ""pct0"",","reviewed static/structural, formatting constant, protocol label, or corrections-ledger value"
cm_master_build_2026_08_03.py,1231,1.0,"num(""bx2.node_saving.min_pct"", 100.0 * (1.0 - max(r[""node_ratio_best10""] for r in _bx2)), ""pct0"",","reviewed static/structural, formatting constant, protocol label, or corrections-ledger value"
cm_master_build_2026_08_03.py,1232,100,"""%s :: 100*(1-max(node_ratio_best10_vs_fixed_median))"" % rel(P_BX2_SUM))","reviewed static/structural, formatting constant, protocol label, or corrections-ledger value"
cm_master_build_2026_08_03.py,1232,1,"""%s :: 100*(1-max(node_ratio_best10_vs_fixed_median))"" % rel(P_BX2_SUM))","reviewed static/structural, formatting constant, protocol label, or corrections-ledger value"
cm_master_build_2026_08_03.py,1233,100.0,"num(""bx2.node_saving.max_pct"", 100.0 * (1.0 - min(r[""node_ratio_best10""] for r in _bx2)), ""pct0"",","reviewed static/structural, formatting constant, protocol label, or corrections-ledger value"
cm_master_build_2026_08_03.py,1233,1.0,"num(""bx2.node_saving.max_pct"", 100.0 * (1.0 - min(r[""node_ratio_best10""] for r in _bx2)), ""pct0"",","reviewed static/structural, formatting constant, protocol label, or corrections-ledger value"
cm_master_build_2026_08_03.py,1234,100,"""%s :: 100*(1-min(node_ratio_best10_vs_fixed_median))"" % rel(P_BX2_SUM))","reviewed static/structural, formatting constant, protocol label, or corrections-ledger value"
cm_master_build_2026_08_03.py,1234,1,"""%s :: 100*(1-min(node_ratio_best10_vs_fixed_median))"" % rel(P_BX2_SUM))","reviewed static/structural, formatting constant, protocol label, or corrections-ledger value"
cm_master_build_2026_08_03.py,1246,2026,# Accepted 2026-08-26/27 evidence that narrows formerly open website claims.,"reviewed static/structural, formatting constant, protocol label, or corrections-ledger value"
cm_master_build_2026_08_03.py,1246,08,# Accepted 2026-08-26/27 evidence that narrows formerly open website claims.,"reviewed static/structural, formatting constant, protocol label, or corrections-ledger value"
cm_master_build_2026_08_03.py,1246,26,# Accepted 2026-08-26/27 evidence that narrows formerly open website claims.,"reviewed static/structural, formatting constant, protocol label, or corrections-ledger value"
cm_master_build_2026_08_03.py,1246,27,# Accepted 2026-08-26/27 evidence that narrows formerly open website claims.,"reviewed static/structural, formatting constant, protocol label, or corrections-ledger value"
cm_master_build_2026_08_03.py,1267,16,"if int(r[""n_vars""]) == 16","reviewed static/structural, formatting constant, protocol label, or corrections-ledger value"
cm_master_build_2026_08_03.py,1268,500,"and int(float(r[""partial_context_count""])) == 500","reviewed static/structural, formatting constant, protocol label, or corrections-ledger value"
cm_master_build_2026_08_03.py,1269,1e-12,"and abs(fnum(r[""partial_fixed_var_fraction_median_median""]) - fraction) < 1e-12","reviewed static/structural, formatting constant, protocol label, or corrections-ledger value"
cm_master_build_2026_08_03.py,1271,1,if len(matches) != 1:,"reviewed static/structural, formatting constant, protocol label, or corrections-ledger value"
cm_master_build_2026_08_03.py,1272,16,"raise SystemExit(""expected one n=16,c=500 partial-context row for fraction %s; got %d"" % (fraction, len(matches)))","reviewed static/structural, formatting constant, protocol label, or corrections-ledger value"
cm_master_build_2026_08_03.py,1272,500,"raise SystemExit(""expected one n=16,c=500 partial-context row for fraction %s; got %d"" % (fraction, len(matches)))","reviewed static/structural, formatting constant, protocol label, or corrections-ledger value"
cm_master_build_2026_08_03.py,1273,0,return matches[0],"reviewed static/structural, formatting constant, protocol label, or corrections-ledger value"
cm_master_build_2026_08_03.py,1277,0.25,"for _fraction in (0.25, 0.50, 0.75):","reviewed static/structural, formatting constant, protocol label, or corrections-ledger value"
cm_master_build_2026_08_03.py,1277,0.50,"for _fraction in (0.25, 0.50, 0.75):","reviewed static/structural, formatting constant, protocol label, or corrections-ledger value"
cm_master_build_2026_08_03.py,1277,0.75,"for _fraction in (0.25, 0.50, 0.75):","reviewed static/structural, formatting constant, protocol label, or corrections-ledger value"
cm_master_build_2026_08_03.py,1288,1,_final_dep = dep_audits[-1],"reviewed static/structural, formatting constant, protocol label, or corrections-ledger value"
cm_master_build_2026_08_03.py,1289,0,"_final_dep_commands = _final_dep[""pods""][0][""state""][""commands""]","reviewed static/structural, formatting constant, protocol label, or corrections-ledger value"
cm_master_build_2026_08_03.py,1337,0,"""astutils_wheel_built"": _final_dep_commands[""build_astutils_wheel""][""returncode""] == 0,","reviewed static/structural, formatting constant, protocol label, or corrections-ledger value"
cm_master_build_2026_08_03.py,1363,1,"""%s :: pods, total_cost_usd, build_astutils_wheel, download_binary_targets"" % rel(P_DEP_AUDITS[-1]),","reviewed static/structural, formatting constant, protocol label, or corrections-ledger value"
cm_master_build_2026_08_03.py,1381,0,"_name = str(_fraction).replace(""0."", ""f"")","reviewed static/structural, formatting constant, protocol label, or corrections-ledger value"
cm_master_build_2026_08_03.py,1382,16,"num(""context.%s.ratio"" % _name, _item[""ratio""], ""ratio3"", ""%s :: n_vars=16,c=500 cm_cache_total / bitset_full_recompute_total"" % _item[""source""])","reviewed static/structural, formatting constant, protocol label, or corrections-ledger value"
cm_master_build_2026_08_03.py,1382,500,"num(""context.%s.ratio"" % _name, _item[""ratio""], ""ratio3"", ""%s :: n_vars=16,c=500 cm_cache_total / bitset_full_recompute_total"" % _item[""source""])","reviewed static/structural, formatting constant, protocol label, or corrections-ledger value"
cm_master_build_2026_08_03.py,1383,16,"num(""context.trials"", min(item[""trials""] for item in _partial_near.values()), ""int"", ""selected n=16,c=500 partial context rows :: trials"")","reviewed static/structural, formatting constant, protocol label, or corrections-ledger value"
cm_master_build_2026_08_03.py,1383,500,"num(""context.trials"", min(item[""trials""] for item in _partial_near.values()), ""int"", ""selected n=16,c=500 partial context rows :: trials"")","reviewed static/structural, formatting constant, protocol label, or corrections-ledger value"
cm_master_build_2026_08_03.py,1393,1,"num(""dependency.cost"", _final_dep[""total_cost_usd""], ""usd"", ""%s :: total_cost_usd"" % rel(P_DEP_AUDITS[-1]))","reviewed static/structural, formatting constant, protocol label, or corrections-ledger value"
cm_master_build_2026_08_03.py,1422,10,"(""BX2"", ""COMPLETE — best-of-10 smaller BDDs at ~8–10× search cost; reorder never triggers"")]","reviewed static/structural, formatting constant, protocol label, or corrections-ledger value"
cm_master_build_2026_08_03.py,1422,8,"(""BX2"", ""COMPLETE — best-of-10 smaller BDDs at ~8–10× search cost; reorder never triggers"")]","reviewed static/structural, formatting constant, protocol label, or corrections-ledger value"
cm_master_build_2026_08_03.py,1422,10×,"(""BX2"", ""COMPLETE — best-of-10 smaller BDDs at ~8–10× search cost; reorder never triggers"")]","reviewed static/structural, formatting constant, protocol label, or corrections-ledger value"
cm_master_build_2026_08_03.py,1426,0,"""python"": b1_res[""_meta""][""python""].split("" ("")[0],","reviewed static/structural, formatting constant, protocol label, or corrections-ledger value"
cm_master_build_2026_08_03.py,1432,0,"""url"": manifest[""downloads""][0][""url""],","reviewed static/structural, formatting constant, protocol label, or corrections-ledger value"
cm_master_build_2026_08_03.py,1433,0,"""commit"": manifest[""downloads""][0][""commit""],","reviewed static/structural, formatting constant, protocol label, or corrections-ledger value"
cm_master_build_2026_08_03.py,1434,0,"""staged_or_committed"": manifest[""downloads""][0][""staged_or_committed""],","reviewed static/structural, formatting constant, protocol label, or corrections-ledger value"
cm_master_build_2026_08_03.py,1447,7,"num(""meta.evidence_revision"", EVIDENCE_REVISION[:7], ""text"",","reviewed static/structural, formatting constant, protocol label, or corrections-ledger value"
cm_master_build_2026_08_03.py,1449,7,"num(""meta.campaign_revision"", manifest[""git_head""][:7], ""text"",","reviewed static/structural, formatting constant, protocol label, or corrections-ledger value"
cm_master_build_2026_08_03.py,1464,16,"""claim_row"": ""16 — “blocked and round-robin agree within ~1–2%, never pooled”"",","reviewed static/structural, formatting constant, protocol label, or corrections-ledger value"
cm_master_build_2026_08_03.py,1464,1,"""claim_row"": ""16 — “blocked and round-robin agree within ~1–2%, never pooled”"",","reviewed static/structural, formatting constant, protocol label, or corrections-ledger value"
cm_master_build_2026_08_03.py,1464,2%,"""claim_row"": ""16 — “blocked and round-robin agree within ~1–2%, never pooled”"",","reviewed static/structural, formatting constant, protocol label, or corrections-ledger value"
cm_master_build_2026_08_03.py,1466,2%,"""The ~2%% figure holds for the archived 2026-08-02 run (%+.2f%%), for EPFL (%+.2f%%) and for ""","reviewed static/structural, formatting constant, protocol label, or corrections-ledger value"
cm_master_build_2026_08_03.py,1466,2026,"""The ~2%% figure holds for the archived 2026-08-02 run (%+.2f%%), for EPFL (%+.2f%%) and for ""","reviewed static/structural, formatting constant, protocol label, or corrections-ledger value"
cm_master_build_2026_08_03.py,1466,08,"""The ~2%% figure holds for the archived 2026-08-02 run (%+.2f%%), for EPFL (%+.2f%%) and for ""","reviewed static/structural, formatting constant, protocol label, or corrections-ledger value"
cm_master_build_2026_08_03.py,1466,02,"""The ~2%% figure holds for the archived 2026-08-02 run (%+.2f%%), for EPFL (%+.2f%%) and for ""","reviewed static/structural, formatting constant, protocol label, or corrections-ledger value"
cm_master_build_2026_08_03.py,1466,2,"""The ~2%% figure holds for the archived 2026-08-02 run (%+.2f%%), for EPFL (%+.2f%%) and for ""","reviewed static/structural, formatting constant, protocol label, or corrections-ledger value"
cm_master_build_2026_08_03.py,1466,2,"""The ~2%% figure holds for the archived 2026-08-02 run (%+.2f%%), for EPFL (%+.2f%%) and for ""","reviewed static/structural, formatting constant, protocol label, or corrections-ledger value"
cm_master_build_2026_08_03.py,1467,2,"""all five pods (%+.2f%% to %+.2f%%) — but NOT for the B1 fresh replay, where the all-corpus ""","reviewed static/structural, formatting constant, protocol label, or corrections-ledger value"
cm_master_build_2026_08_03.py,1467,2,"""all five pods (%+.2f%% to %+.2f%%) — but NOT for the B1 fresh replay, where the all-corpus ""","reviewed static/structural, formatting constant, protocol label, or corrections-ledger value"
cm_master_build_2026_08_03.py,1468,2,"""gap is %+.2f%% and per-cell gaps reach %.2f%%.""","reviewed static/structural, formatting constant, protocol label, or corrections-ledger value"
cm_master_build_2026_08_03.py,1468,2,"""gap is %+.2f%% and per-cell gaps reach %.2f%%.""","reviewed static/structural, formatting constant, protocol label, or corrections-ledger value"
cm_master_build_2026_08_03.py,1470,0,"[s for s in sched if ""archive"" in s[""source""]][0][""delta_pct""],","reviewed static/structural, formatting constant, protocol label, or corrections-ledger value"
cm_master_build_2026_08_03.py,1471,0,"[s for s in sched if ""EPFL"" in s[""source""]][0][""delta_pct""],","reviewed static/structural, formatting constant, protocol label, or corrections-ledger value"
cm_master_build_2026_08_03.py,1473,0,"[s for s in sched if ""B1 replay"" in s[""source""]][0][""delta_pct""],","reviewed static/structural, formatting constant, protocol label, or corrections-ledger value"
cm_master_build_2026_08_03.py,1478,1,"""The “agree within ~1–2%” half should be narrowed to the external and pod evidence, or ""","reviewed static/structural, formatting constant, protocol label, or corrections-ledger value"
cm_master_build_2026_08_03.py,1478,2%,"""The “agree within ~1–2%” half should be narrowed to the external and pod evidence, or ""","reviewed static/structural, formatting constant, protocol label, or corrections-ledger value"
cm_master_build_2026_08_03.py,1479,2%,"""restated as “agree within ~2% except on the synthetic corpus, where the schedule effect ""","reviewed static/structural, formatting constant, protocol label, or corrections-ledger value"
cm_master_build_2026_08_03.py,1484,9,"""claim_row"": ""9 — “prep 4.30×, break-even median 78.5, 30/192 never”"",","reviewed static/structural, formatting constant, protocol label, or corrections-ledger value"
cm_master_build_2026_08_03.py,1484,4.30×,"""claim_row"": ""9 — “prep 4.30×, break-even median 78.5, 30/192 never”"",","reviewed static/structural, formatting constant, protocol label, or corrections-ledger value"
cm_master_build_2026_08_03.py,1484,78.5,"""claim_row"": ""9 — “prep 4.30×, break-even median 78.5, 30/192 never”"",","reviewed static/structural, formatting constant, protocol label, or corrections-ledger value"
cm_master_build_2026_08_03.py,1484,30,"""claim_row"": ""9 — “prep 4.30×, break-even median 78.5, 30/192 never”"",","reviewed static/structural, formatting constant, protocol label, or corrections-ledger value"
cm_master_build_2026_08_03.py,1484,192,"""claim_row"": ""9 — “prep 4.30×, break-even median 78.5, 30/192 never”"",","reviewed static/structural, formatting constant, protocol label, or corrections-ledger value"
cm_master_build_2026_08_03.py,1486,2026,"""Those are the archived 2026-08-02 numbers. Recomputed from the raw rows of the B1 fresh ""","reviewed static/structural, formatting constant, protocol label, or corrections-ledger value"
cm_master_build_2026_08_03.py,1486,08,"""Those are the archived 2026-08-02 numbers. Recomputed from the raw rows of the B1 fresh ""","reviewed static/structural, formatting constant, protocol label, or corrections-ledger value"
cm_master_build_2026_08_03.py,1486,02,"""Those are the archived 2026-08-02 numbers. Recomputed from the raw rows of the B1 fresh ""","reviewed static/structural, formatting constant, protocol label, or corrections-ledger value"
cm_master_build_2026_08_03.py,1487,2,"""replay that this campaign designates as the reference workload: prep multiple %.2f× ""","reviewed static/structural, formatting constant, protocol label, or corrections-ledger value"
cm_master_build_2026_08_03.py,1488,2,"""(archive %.2f×), break-even median %.1f over %d finite, %d/%d never (archive %s / %d). ""","reviewed static/structural, formatting constant, protocol label, or corrections-ledger value"
cm_master_build_2026_08_03.py,1488,1,"""(archive %.2f×), break-even median %.1f over %d finite, %d/%d never (archive %s / %d). ""","reviewed static/structural, formatting constant, protocol label, or corrections-ledger value"
cm_master_build_2026_08_03.py,1490,4,"""%.4f (%.4f vs %.4f) with overlapping intervals.""","reviewed static/structural, formatting constant, protocol label, or corrections-ledger value"
cm_master_build_2026_08_03.py,1490,4,"""%.4f (%.4f vs %.4f) with overlapping intervals.""","reviewed static/structural, formatting constant, protocol label, or corrections-ledger value"
cm_master_build_2026_08_03.py,1490,4,"""%.4f (%.4f vs %.4f) with overlapping intervals.""","reviewed static/structural, formatting constant, protocol label, or corrections-ledger value"
cm_master_build_2026_08_03.py,1519,9,"TOKEN_RE = re.compile(r""\{\{([a-zA-Z0-9_.]+)\}\}"")","reviewed static/structural, formatting constant, protocol label, or corrections-ledger value"
cm_master_build_2026_08_03.py,1523,9,"CALL_RE = re.compile(r'(?<![A-Za-z0-9_.$])TV?\(\s*""([a-zA-Z0-9_.]+)""\s*\)')","reviewed static/structural, formatting constant, protocol label, or corrections-ledger value"
cm_master_build_2026_08_03.py,1523,9,"CALL_RE = re.compile(r'(?<![A-Za-z0-9_.$])TV?\(\s*""([a-zA-Z0-9_.]+)""\s*\)')","reviewed static/structural, formatting constant, protocol label, or corrections-ledger value"
cm_master_build_2026_08_03.py,1550,8,"text = tpl.read_text(encoding=""utf-8"")","reviewed static/structural, formatting constant, protocol label, or corrections-ledger value"
cm_master_build_2026_08_03.py,1570,8,"with out_json.open(""w"", encoding=""utf-8"", newline=""\n"") as fh:","reviewed static/structural, formatting constant, protocol label, or corrections-ledger value"
cm_master_build_2026_08_03.py,1571,2,"json.dump(D, fh, indent=2, ensure_ascii=False)","reviewed static/structural, formatting constant, protocol label, or corrections-ledger value"
cm_master_build_2026_08_03.py,1574,8,"css = (HERE / ""cm_master_shared.css"").read_text(encoding=""utf-8"")","reviewed static/structural, formatting constant, protocol label, or corrections-ledger value"
cm_master_build_2026_08_03.py,1575,8,"lib = (HERE / ""cm_master_shared.js"").read_text(encoding=""utf-8"")","reviewed static/structural, formatting constant, protocol label, or corrections-ledger value"
cm_master_build_2026_08_03.py,1584,8,"html = tpl.read_text(encoding=""utf-8"")","reviewed static/structural, formatting constant, protocol label, or corrections-ledger value"
cm_master_build_2026_08_03.py,1589,8,"out.write_text(html, encoding=""utf-8"", newline=""\n"")","reviewed static/structural, formatting constant, protocol label, or corrections-ledger value"
cm_master_build_2026_08_03.py,1596,16,"print(""wrote %-16s (%d bytes)"" % (name, size))","reviewed static/structural, formatting constant, protocol label, or corrections-ledger value"
cm_master_build_2026_08_03.py,1605,4,"print(""sanity — kernel vs plain CSE       local %.4f [%.3f, %.3f] · EPFL %.4f · pods %.4f–%.4f"" % (","reviewed static/structural, formatting constant, protocol label, or corrections-ledger value"
cm_master_build_2026_08_03.py,1605,3,"print(""sanity — kernel vs plain CSE       local %.4f [%.3f, %.3f] · EPFL %.4f · pods %.4f–%.4f"" % (","reviewed static/structural, formatting constant, protocol label, or corrections-ledger value"
cm_master_build_2026_08_03.py,1605,3,"print(""sanity — kernel vs plain CSE       local %.4f [%.3f, %.3f] · EPFL %.4f · pods %.4f–%.4f"" % (","reviewed static/structural, formatting constant, protocol label, or corrections-ledger value"
cm_master_build_2026_08_03.py,1605,4,"print(""sanity — kernel vs plain CSE       local %.4f [%.3f, %.3f] · EPFL %.4f · pods %.4f–%.4f"" % (","reviewed static/structural, formatting constant, protocol label, or corrections-ledger value"
cm_master_build_2026_08_03.py,1605,4,"print(""sanity — kernel vs plain CSE       local %.4f [%.3f, %.3f] · EPFL %.4f · pods %.4f–%.4f"" % (","reviewed static/structural, formatting constant, protocol label, or corrections-ledger value"
cm_master_build_2026_08_03.py,1605,4,"print(""sanity — kernel vs plain CSE       local %.4f [%.3f, %.3f] · EPFL %.4f · pods %.4f–%.4f"" % (","reviewed static/structural, formatting constant, protocol label, or corrections-ledger value"
cm_master_build_2026_08_03.py,1609,4,"print(""sanity — kernel vs CSE-flat        local %.4f · EPFL %.4f [%.4f, %.4f] · pods %.4f–%.4f"" % (","reviewed static/structural, formatting constant, protocol label, or corrections-ledger value"
cm_master_build_2026_08_03.py,1609,4,"print(""sanity — kernel vs CSE-flat        local %.4f · EPFL %.4f [%.4f, %.4f] · pods %.4f–%.4f"" % (","reviewed static/structural, formatting constant, protocol label, or corrections-ledger value"
cm_master_build_2026_08_03.py,1609,4,"print(""sanity — kernel vs CSE-flat        local %.4f · EPFL %.4f [%.4f, %.4f] · pods %.4f–%.4f"" % (","reviewed static/structural, formatting constant, protocol label, or corrections-ledger value"
cm_master_build_2026_08_03.py,1609,4,"print(""sanity — kernel vs CSE-flat        local %.4f · EPFL %.4f [%.4f, %.4f] · pods %.4f–%.4f"" % (","reviewed static/structural, formatting constant, protocol label, or corrections-ledger value"
cm_master_build_2026_08_03.py,1609,4,"print(""sanity — kernel vs CSE-flat        local %.4f · EPFL %.4f [%.4f, %.4f] · pods %.4f–%.4f"" % (","reviewed static/structural, formatting constant, protocol label, or corrections-ledger value"
cm_master_build_2026_08_03.py,1609,4,"print(""sanity — kernel vs CSE-flat        local %.4f · EPFL %.4f [%.4f, %.4f] · pods %.4f–%.4f"" % (","reviewed static/structural, formatting constant, protocol label, or corrections-ledger value"
cm_master_build_2026_08_03.py,1615,4,"print(""sanity — current B2/B4 V3 bare     overall %.4f [%.4f, %.4f] · k16 %.4f [%.4f, %.4f]"" % (","reviewed static/structural, formatting constant, protocol label, or corrections-ledger value"
cm_master_build_2026_08_03.py,1615,4,"print(""sanity — current B2/B4 V3 bare     overall %.4f [%.4f, %.4f] · k16 %.4f [%.4f, %.4f]"" % (","reviewed static/structural, formatting constant, protocol label, or corrections-ledger value"
cm_master_build_2026_08_03.py,1615,4,"print(""sanity — current B2/B4 V3 bare     overall %.4f [%.4f, %.4f] · k16 %.4f [%.4f, %.4f]"" % (","reviewed static/structural, formatting constant, protocol label, or corrections-ledger value"
cm_master_build_2026_08_03.py,1615,4,"print(""sanity — current B2/B4 V3 bare     overall %.4f [%.4f, %.4f] · k16 %.4f [%.4f, %.4f]"" % (","reviewed static/structural, formatting constant, protocol label, or corrections-ledger value"
cm_master_build_2026_08_03.py,1615,4,"print(""sanity — current B2/B4 V3 bare     overall %.4f [%.4f, %.4f] · k16 %.4f [%.4f, %.4f]"" % (","reviewed static/structural, formatting constant, protocol label, or corrections-ledger value"
cm_master_build_2026_08_03.py,1615,4,"print(""sanity — current B2/B4 V3 bare     overall %.4f [%.4f, %.4f] · k16 %.4f [%.4f, %.4f]"" % (","reviewed static/structural, formatting constant, protocol label, or corrections-ledger value"
cm_master_build_2026_08_03.py,1622,4,"print(""sanity — current B2/B4 V3 wrapper  overall %.4f [%.4f, %.4f]"" % (","reviewed static/structural, formatting constant, protocol label, or corrections-ledger value"
cm_master_build_2026_08_03.py,1622,4,"print(""sanity — current B2/B4 V3 wrapper  overall %.4f [%.4f, %.4f]"" % (","reviewed static/structural, formatting constant, protocol label, or corrections-ledger value"
cm_master_build_2026_08_03.py,1622,4,"print(""sanity — current B2/B4 V3 wrapper  overall %.4f [%.4f, %.4f]"" % (","reviewed static/structural, formatting constant, protocol label, or corrections-ledger value"
cm_master_build_2026_08_03.py,1630,2,"""k%d:%.2f"" % (r[""live_k""], r[""cached_median""]) for r in D[""e6_wrapper_ratio""][""rows""]))","reviewed static/structural, formatting constant, protocol label, or corrections-ledger value"
cm_master_build_2026_08_03.py,1631,1,"print(""sanity — break-even                synthetic median %.1f, %d/%d never · EPFL median %.1f, %d/%d never"" % (","reviewed static/structural, formatting constant, protocol label, or corrections-ledger value"
cm_master_build_2026_08_03.py,1631,1,"print(""sanity — break-even                synthetic median %.1f, %d/%d never · EPFL median %.1f, %d/%d never"" % (","reviewed static/structural, formatting constant, protocol label, or corrections-ledger value"
cm_master_build_2026_08_03.py,1634,2,"print(""sanity — prep multiple             synthetic %.2f× · EPFL %.2f×"" % (","reviewed static/structural, formatting constant, protocol label, or corrections-ledger value"
cm_master_build_2026_08_03.py,1634,2,"print(""sanity — prep multiple             synthetic %.2f× · EPFL %.2f×"" % (","reviewed static/structural, formatting constant, protocol label, or corrections-ledger value"
cm_master_build_2026_08_03.py,1644,0,"""k%d:%.0f×"" % (r[""live_k""], r[""factor""]) for r in D[""e12_cudd""][""extract_vs_kernel""]))","reviewed static/structural, formatting constant, protocol label, or corrections-ledger value"
cm_master_build_2026_08_03.py,1647,10,"print(""sanity — BX2 best-10 node ratio    %s"" % "" / "".join(","reviewed static/structural, formatting constant, protocol label, or corrections-ledger value"
cm_master_build_2026_08_03.py,1648,2,"""%.2f"" % r[""node_ratio_best10""] for r in _bx2))","reviewed static/structural, formatting constant, protocol label, or corrections-ledger value"
cm_master_build_2026_08_03.py,1649,2,"print(""sanity — schedule max |delta|      %.2f%% all-corpus, %.2f%% per-cell (B1)"" % (","reviewed static/structural, formatting constant, protocol label, or corrections-ledger value"
cm_master_build_2026_08_03.py,1649,2,"print(""sanity — schedule max |delta|      %.2f%% all-corpus, %.2f%% per-cell (B1)"" % (","reviewed static/structural, formatting constant, protocol label, or corrections-ledger value"
cm_master_build_2026_08_03.py,1656,0,sys.exit(0),"reviewed static/structural, formatting constant, protocol label, or corrections-ledger value"
cm_master_content_2026_08_03.json,7,2,"""Structural facts about worked examples (2^32 = 4294967296) are arithmetic, not measurements, and are written"",","reviewed static/structural, formatting constant, protocol label, or corrections-ledger value"
cm_master_content_2026_08_03.json,7,32,"""Structural facts about worked examples (2^32 = 4294967296) are arithmetic, not measurements, and are written"",","reviewed static/structural, formatting constant, protocol label, or corrections-ledger value"
cm_master_content_2026_08_03.json,7,4294967296,"""Structural facts about worked examples (2^32 = 4294967296) are arithmetic, not measurements, and are written"",","reviewed static/structural, formatting constant, protocol label, or corrections-ledger value"
cm_master_content_2026_08_03.json,14,2026,"""honesty"": ""Every figure on this site comes from the 2026-08-03 benchmark campaign, the accepted 2026-08-25 correction, or a dated 2026-08-26/27 follow-up, and carries the file and field it was read from. Numbers that earlier versions of this project published","reviewed static/structural, formatting constant, protocol label, or corrections-ledger value"
cm_master_content_2026_08_03.json,14,08,"""honesty"": ""Every figure on this site comes from the 2026-08-03 benchmark campaign, the accepted 2026-08-25 correction, or a dated 2026-08-26/27 follow-up, and carries the file and field it was read from. Numbers that earlier versions of this project published","reviewed static/structural, formatting constant, protocol label, or corrections-ledger value"
cm_master_content_2026_08_03.json,14,03,"""honesty"": ""Every figure on this site comes from the 2026-08-03 benchmark campaign, the accepted 2026-08-25 correction, or a dated 2026-08-26/27 follow-up, and carries the file and field it was read from. Numbers that earlier versions of this project published","reviewed static/structural, formatting constant, protocol label, or corrections-ledger value"
cm_master_content_2026_08_03.json,14,2026,"""honesty"": ""Every figure on this site comes from the 2026-08-03 benchmark campaign, the accepted 2026-08-25 correction, or a dated 2026-08-26/27 follow-up, and carries the file and field it was read from. Numbers that earlier versions of this project published","reviewed static/structural, formatting constant, protocol label, or corrections-ledger value"
cm_master_content_2026_08_03.json,14,08,"""honesty"": ""Every figure on this site comes from the 2026-08-03 benchmark campaign, the accepted 2026-08-25 correction, or a dated 2026-08-26/27 follow-up, and carries the file and field it was read from. Numbers that earlier versions of this project published","reviewed static/structural, formatting constant, protocol label, or corrections-ledger value"
cm_master_content_2026_08_03.json,14,25,"""honesty"": ""Every figure on this site comes from the 2026-08-03 benchmark campaign, the accepted 2026-08-25 correction, or a dated 2026-08-26/27 follow-up, and carries the file and field it was read from. Numbers that earlier versions of this project published","reviewed static/structural, formatting constant, protocol label, or corrections-ledger value"
cm_master_content_2026_08_03.json,14,2026,"""honesty"": ""Every figure on this site comes from the 2026-08-03 benchmark campaign, the accepted 2026-08-25 correction, or a dated 2026-08-26/27 follow-up, and carries the file and field it was read from. Numbers that earlier versions of this project published","reviewed static/structural, formatting constant, protocol label, or corrections-ledger value"
cm_master_content_2026_08_03.json,14,08,"""honesty"": ""Every figure on this site comes from the 2026-08-03 benchmark campaign, the accepted 2026-08-25 correction, or a dated 2026-08-26/27 follow-up, and carries the file and field it was read from. Numbers that earlier versions of this project published","reviewed static/structural, formatting constant, protocol label, or corrections-ledger value"
cm_master_content_2026_08_03.json,14,26,"""honesty"": ""Every figure on this site comes from the 2026-08-03 benchmark campaign, the accepted 2026-08-25 correction, or a dated 2026-08-26/27 follow-up, and carries the file and field it was read from. Numbers that earlier versions of this project published","reviewed static/structural, formatting constant, protocol label, or corrections-ledger value"
cm_master_content_2026_08_03.json,14,27,"""honesty"": ""Every figure on this site comes from the 2026-08-03 benchmark campaign, the accepted 2026-08-25 correction, or a dated 2026-08-26/27 follow-up, and carries the file and field it was read from. Numbers that earlier versions of this project published","reviewed static/structural, formatting constant, protocol label, or corrections-ledger value"
cm_master_content_2026_08_03.json,42,2,"""Output boundary: explicit answer vectors grow as 2^live_k and are guarded at live_k={{guard.k}}.""","reviewed static/structural, formatting constant, protocol label, or corrections-ledger value"
cm_master_content_2026_08_03.json,73,2026,"""title"": ""What the 2026-08-26/27 evidence added"",","reviewed static/structural, formatting constant, protocol label, or corrections-ledger value"
cm_master_content_2026_08_03.json,73,08,"""title"": ""What the 2026-08-26/27 evidence added"",","reviewed static/structural, formatting constant, protocol label, or corrections-ledger value"
cm_master_content_2026_08_03.json,73,26,"""title"": ""What the 2026-08-26/27 evidence added"",","reviewed static/structural, formatting constant, protocol label, or corrections-ledger value"
cm_master_content_2026_08_03.json,73,27,"""title"": ""What the 2026-08-26/27 evidence added"",","reviewed static/structural, formatting constant, protocol label, or corrections-ledger value"
cm_master_content_2026_08_03.json,80,16,"""summary"": ""The flag called persistent cache was measured as a process-local, synthetic all-hit cache. Cached whole-call CM still took {{cache.whole.min}}–{{cache.whole.max}} BitSet time. With {{cache.evals}} cached evaluations, execution-only CM still took {{","reviewed static/structural, formatting constant, protocol label, or corrections-ledger value"
cm_master_content_2026_08_03.json,80,12,"""summary"": ""The flag called persistent cache was measured as a process-local, synthetic all-hit cache. Cached whole-call CM still took {{cache.whole.min}}–{{cache.whole.max}} BitSet time. With {{cache.evals}} cached evaluations, execution-only CM still took {{","reviewed static/structural, formatting constant, protocol label, or corrections-ledger value"
cm_master_content_2026_08_03.json,80,8,"""summary"": ""The flag called persistent cache was measured as a process-local, synthetic all-hit cache. Cached whole-call CM still took {{cache.whole.min}}–{{cache.whole.max}} BitSet time. With {{cache.evals}} cached evaluations, execution-only CM still took {{","reviewed static/structural, formatting constant, protocol label, or corrections-ledger value"
cm_master_content_2026_08_03.json,80,4,"""summary"": ""The flag called persistent cache was measured as a process-local, synthetic all-hit cache. Cached whole-call CM still took {{cache.whole.min}}–{{cache.whole.max}} BitSet time. With {{cache.evals}} cached evaluations, execution-only CM still took {{","reviewed static/structural, formatting constant, protocol label, or corrections-ledger value"
cm_master_content_2026_08_03.json,81,16,"""detail"": ""Related-family high-reuse cells remained {{family.bitset.min}}–{{family.bitset.max}} slower than BitSet. Across the synthetic partial-context grid, cached CM was {{context.speedup.min}}–{{context.speedup.max}} faster than uncached CM. The n=16, 500-","reviewed static/structural, formatting constant, protocol label, or corrections-ledger value"
cm_master_content_2026_08_03.json,81,500,"""detail"": ""Related-family high-reuse cells remained {{family.bitset.min}}–{{family.bitset.max}} slower than BitSet. Across the synthetic partial-context grid, cached CM was {{context.speedup.min}}–{{context.speedup.max}} faster than uncached CM. The n=16, 500-","reviewed static/structural, formatting constant, protocol label, or corrections-ledger value"
cm_master_content_2026_08_03.json,81,0.25,"""detail"": ""Related-family high-reuse cells remained {{family.bitset.min}}–{{family.bitset.max}} slower than BitSet. Across the synthetic partial-context grid, cached CM was {{context.speedup.min}}–{{context.speedup.max}} faster than uncached CM. The n=16, 500-","reviewed static/structural, formatting constant, protocol label, or corrections-ledger value"
cm_master_content_2026_08_03.json,81,0.50,"""detail"": ""Related-family high-reuse cells remained {{family.bitset.min}}–{{family.bitset.max}} slower than BitSet. Across the synthetic partial-context grid, cached CM was {{context.speedup.min}}–{{context.speedup.max}} faster than uncached CM. The n=16, 500-","reviewed static/structural, formatting constant, protocol label, or corrections-ledger value"
cm_master_content_2026_08_03.json,81,0.75,"""detail"": ""Related-family high-reuse cells remained {{family.bitset.min}}–{{family.bitset.max}} slower than BitSet. Across the synthetic partial-context grid, cached CM was {{context.speedup.min}}–{{context.speedup.max}} faster than uncached CM. The n=16, 500-","reviewed static/structural, formatting constant, protocol label, or corrections-ledger value"
cm_master_content_2026_08_03.json,101,0.6,"""summary"": ""Three authorized disposable CPU attempts cost {{dependency.cost}} cumulatively and ended with {{dependency.postflight_pods}} pods. The final attempt built the pinned pure-Python astutils wheel, then failed closed because dd 0.6.0 requires source-on","reviewed static/structural, formatting constant, protocol label, or corrections-ledger value"
cm_master_content_2026_08_03.json,101,0,"""summary"": ""Three authorized disposable CPU attempts cost {{dependency.cost}} cumulatively and ended with {{dependency.postflight_pods}} pods. The final attempt built the pinned pure-Python astutils wheel, then failed closed because dd 0.6.0 requires source-on","reviewed static/structural, formatting constant, protocol label, or corrections-ledger value"
cm_master_content_2026_08_03.json,101,3.10,"""summary"": ""Three authorized disposable CPU attempts cost {{dependency.cost}} cumulatively and ended with {{dependency.postflight_pods}} pods. The final attempt built the pinned pure-Python astutils wheel, then failed closed because dd 0.6.0 requires source-on","reviewed static/structural, formatting constant, protocol label, or corrections-ledger value"
cm_master_content_2026_08_03.json,115,256,"""summary"": ""DP-R3 consolidated {{dpr3.helpers.before}} duplicate exact-file SHA-256 helpers into {{dpr3.helpers.after}} streaming helper with compatibility and source-snapshot coverage. Its tiny exact smoke passed integration but failed timing gates at {{dpr3.","reviewed static/structural, formatting constant, protocol label, or corrections-ledger value"
cm_master_content_2026_08_03.json,378,4,"""measured"": ""The fastest end-to-end path at every semantic support measured here, from {{wrap.k4.median}} faster at live_k=4 down to {{wrap.k16.median}} at the guard limit."",","reviewed static/structural, formatting constant, protocol label, or corrections-ledger value"
cm_master_content_2026_08_03.json,438,16,"""measured"": ""This is the baseline the whole project is measured against. Against a plain CSE with no flattening, CM runs about {{kernel.local.pct}} faster. Against sharing-aware CSE-flat, B1/E3 and EPFL measured parity, while current B2/B4 V3 measured bare CM ","reviewed static/structural, formatting constant, protocol label, or corrections-ledger value"
cm_master_content_2026_08_03.json,472,0,"""0"",","reviewed static/structural, formatting constant, protocol label, or corrections-ledger value"
cm_master_content_2026_08_03.json,473,0,"""0"",","reviewed static/structural, formatting constant, protocol label, or corrections-ledger value"
cm_master_content_2026_08_03.json,474,0,"""0""","reviewed static/structural, formatting constant, protocol label, or corrections-ledger value"
cm_master_content_2026_08_03.json,477,0,"""0"",","reviewed static/structural, formatting constant, protocol label, or corrections-ledger value"
cm_master_content_2026_08_03.json,478,1,"""1"",","reviewed static/structural, formatting constant, protocol label, or corrections-ledger value"
cm_master_content_2026_08_03.json,479,0,"""0""","reviewed static/structural, formatting constant, protocol label, or corrections-ledger value"
cm_master_content_2026_08_03.json,482,1,"""1"",","reviewed static/structural, formatting constant, protocol label, or corrections-ledger value"
cm_master_content_2026_08_03.json,483,0,"""0"",","reviewed static/structural, formatting constant, protocol label, or corrections-ledger value"
cm_master_content_2026_08_03.json,484,0,"""0""","reviewed static/structural, formatting constant, protocol label, or corrections-ledger value"
cm_master_content_2026_08_03.json,487,1,"""1"",","reviewed static/structural, formatting constant, protocol label, or corrections-ledger value"
cm_master_content_2026_08_03.json,488,1,"""1"",","reviewed static/structural, formatting constant, protocol label, or corrections-ledger value"
cm_master_content_2026_08_03.json,489,1,"""1""","reviewed static/structural, formatting constant, protocol label, or corrections-ledger value"
cm_master_content_2026_08_03.json,494,0,"""0"",","reviewed static/structural, formatting constant, protocol label, or corrections-ledger value"
cm_master_content_2026_08_03.json,495,0,"""0""","reviewed static/structural, formatting constant, protocol label, or corrections-ledger value"
cm_master_content_2026_08_03.json,498,0,"""0"",","reviewed static/structural, formatting constant, protocol label, or corrections-ledger value"
cm_master_content_2026_08_03.json,499,1,"""1""","reviewed static/structural, formatting constant, protocol label, or corrections-ledger value"
cm_master_content_2026_08_03.json,506,32,"""Here is the single most important idea for reading any chart on this site. Suppose a system has 32 variables available, and you write the expression <code>x2 AND x17</code>."",","reviewed static/structural, formatting constant, protocol label, or corrections-ledger value"
cm_master_content_2026_08_03.json,507,32,"""Two variables matter. The other thirty do not appear and cannot change the answer. The meaningful output is four rows — every combination of two variables. The <em>ambient</em> truth table over all 32 variables has 4,294,967,296 rows, but 4,294,967,292 of the","reviewed static/structural, formatting constant, protocol label, or corrections-ledger value"
cm_master_content_2026_08_03.json,507,4,"""Two variables matter. The other thirty do not appear and cannot change the answer. The meaningful output is four rows — every combination of two variables. The <em>ambient</em> truth table over all 32 variables has 4,294,967,296 rows, but 4,294,967,292 of the","reviewed static/structural, formatting constant, protocol label, or corrections-ledger value"
cm_master_content_2026_08_03.json,507,294,"""Two variables matter. The other thirty do not appear and cannot change the answer. The meaningful output is four rows — every combination of two variables. The <em>ambient</em> truth table over all 32 variables has 4,294,967,296 rows, but 4,294,967,292 of the","reviewed static/structural, formatting constant, protocol label, or corrections-ledger value"
cm_master_content_2026_08_03.json,507,967,"""Two variables matter. The other thirty do not appear and cannot change the answer. The meaningful output is four rows — every combination of two variables. The <em>ambient</em> truth table over all 32 variables has 4,294,967,296 rows, but 4,294,967,292 of the","reviewed static/structural, formatting constant, protocol label, or corrections-ledger value"
cm_master_content_2026_08_03.json,507,296,"""Two variables matter. The other thirty do not appear and cannot change the answer. The meaningful output is four rows — every combination of two variables. The <em>ambient</em> truth table over all 32 variables has 4,294,967,296 rows, but 4,294,967,292 of the","reviewed static/structural, formatting constant, protocol label, or corrections-ledger value"
cm_master_content_2026_08_03.json,507,4,"""Two variables matter. The other thirty do not appear and cannot change the answer. The meaningful output is four rows — every combination of two variables. The <em>ambient</em> truth table over all 32 variables has 4,294,967,296 rows, but 4,294,967,292 of the","reviewed static/structural, formatting constant, protocol label, or corrections-ledger value"
cm_master_content_2026_08_03.json,507,294,"""Two variables matter. The other thirty do not appear and cannot change the answer. The meaningful output is four rows — every combination of two variables. The <em>ambient</em> truth table over all 32 variables has 4,294,967,296 rows, but 4,294,967,292 of the","reviewed static/structural, formatting constant, protocol label, or corrections-ledger value"
cm_master_content_2026_08_03.json,507,967,"""Two variables matter. The other thirty do not appear and cannot change the answer. The meaningful output is four rows — every combination of two variables. The <em>ambient</em> truth table over all 32 variables has 4,294,967,296 rows, but 4,294,967,292 of the","reviewed static/structural, formatting constant, protocol label, or corrections-ledger value"
cm_master_content_2026_08_03.json,507,292,"""Two variables matter. The other thirty do not appear and cannot change the answer. The meaningful output is four rows — every combination of two variables. The <em>ambient</em> truth table over all 32 variables has 4,294,967,296 rows, but 4,294,967,292 of the","reviewed static/structural, formatting constant, protocol label, or corrections-ledger value"
cm_master_content_2026_08_03.json,512,2,"""Explicit output size is 2<sup>live_k</sup>, not 2<sup>n</sup>. Plotting against nominal <em>n</em> without qualifying semantic support silently compares shallow sparse formulas against dense all-live ones and produces curves that mean nothing."",","reviewed static/structural, formatting constant, protocol label, or corrections-ledger value"
cm_master_content_2026_08_03.json,512,2,"""Explicit output size is 2<sup>live_k</sup>, not 2<sup>n</sup>. Plotting against nominal <em>n</em> without qualifying semantic support silently compares shallow sparse formulas against dense all-live ones and produces curves that mean nothing."",","reviewed static/structural, formatting constant, protocol label, or corrections-ledger value"
cm_master_content_2026_08_03.json,518,32,"""32"",","reviewed static/structural, formatting constant, protocol label, or corrections-ledger value"
cm_master_content_2026_08_03.json,523,2,"""2"",","reviewed static/structural, formatting constant, protocol label, or corrections-ledger value"
cm_master_content_2026_08_03.json,528,2,"""2"",","reviewed static/structural, formatting constant, protocol label, or corrections-ledger value"
cm_master_content_2026_08_03.json,533,4,"""4 bits"",","reviewed static/structural, formatting constant, protocol label, or corrections-ledger value"
cm_master_content_2026_08_03.json,534,2,"""2 to the power of live_k""","reviewed static/structural, formatting constant, protocol label, or corrections-ledger value"
cm_master_content_2026_08_03.json,538,4,"""4,294,967,296 entries"",","reviewed static/structural, formatting constant, protocol label, or corrections-ledger value"
cm_master_content_2026_08_03.json,538,294,"""4,294,967,296 entries"",","reviewed static/structural, formatting constant, protocol label, or corrections-ledger value"
cm_master_content_2026_08_03.json,538,967,"""4,294,967,296 entries"",","reviewed static/structural, formatting constant, protocol label, or corrections-ledger value"
cm_master_content_2026_08_03.json,538,296,"""4,294,967,296 entries"",","reviewed static/structural, formatting constant, protocol label, or corrections-ledger value"
cm_master_content_2026_08_03.json,539,2,"""2 to the power of n — almost entirely repetition""","reviewed static/structural, formatting constant, protocol label, or corrections-ledger value"
cm_master_content_2026_08_03.json,591,01,"""n"": ""01"",","reviewed static/structural, formatting constant, protocol label, or corrections-ledger value"
cm_master_content_2026_08_03.json,597,02,"""n"": ""02"",","reviewed static/structural, formatting constant, protocol label, or corrections-ledger value"
cm_master_content_2026_08_03.json,603,03,"""n"": ""03"",","reviewed static/structural, formatting constant, protocol label, or corrections-ledger value"
cm_master_content_2026_08_03.json,609,04,"""n"": ""04"",","reviewed static/structural, formatting constant, protocol label, or corrections-ledger value"
cm_master_content_2026_08_03.json,615,05,"""n"": ""05"",","reviewed static/structural, formatting constant, protocol label, or corrections-ledger value"
cm_master_content_2026_08_03.json,621,06,"""n"": ""06"",","reviewed static/structural, formatting constant, protocol label, or corrections-ledger value"
cm_master_content_2026_08_03.json,634,01,"""n"": ""01"",","reviewed static/structural, formatting constant, protocol label, or corrections-ledger value"
cm_master_content_2026_08_03.json,643,4,"""The measured end-to-end ratio favours BitSet at every semantic support tested, from {{wrap.k4.median}} at live_k=4 to {{wrap.k16.median}} at live_k={{wrap.max_k}} — and that is the cached case, where the CM program is already compiled. Uncached in a warm envi","reviewed static/structural, formatting constant, protocol label, or corrections-ledger value"
cm_master_content_2026_08_03.json,645,12,"""The corresponding pre-repair claim that CM was modestly ahead at controlled live_k 12 and 16 does not survive this measurement. It is listed in the corrections ledger and appears nowhere else on this site.""","reviewed static/structural, formatting constant, protocol label, or corrections-ledger value"
cm_master_content_2026_08_03.json,645,16,"""The corresponding pre-repair claim that CM was modestly ahead at controlled live_k 12 and 16 does not survive this measurement. It is listed in the corrections ledger and appears nowhere else on this site.""","reviewed static/structural, formatting constant, protocol label, or corrections-ledger value"
cm_master_content_2026_08_03.json,657,02,"""n"": ""02"",","reviewed static/structural, formatting constant, protocol label, or corrections-ledger value"
cm_master_content_2026_08_03.json,671,6,"""Because break-even is a ratio of two small timings it moves with ordinary run-to-run variation, as does the preparation multiple. The archived run of the same synthetic corpus reports slightly different values for both; the discrepancy is recorded in section ","reviewed static/structural, formatting constant, protocol label, or corrections-ledger value"
cm_master_content_2026_08_03.json,683,03,"""n"": ""03"",","reviewed static/structural, formatting constant, protocol label, or corrections-ledger value"
cm_master_content_2026_08_03.json,694,6,"""The word-packed engine's fixed dispatch cost keeps flat fastest through live_k={{bx1.last_flat_k}} on this corpus; words only wins at live_k={{bx1.first_words_k}}, at {{bx1.k16.wvf}} of flat. At live_k=6 — where a support-only rule would have switched — words","reviewed static/structural, formatting constant, protocol label, or corrections-ledger value"
cm_master_content_2026_08_03.json,695,2,"""Restate the rule as an amortisation condition: word-packed evaluation wins when the packed work, roughly 2<sup>live_k</sup> words times the operation count, is large enough to absorb the fixed dispatch cost. Deck-era corpora with larger operation counts genui","reviewed static/structural, formatting constant, protocol label, or corrections-ledger value"
cm_master_content_2026_08_03.json,708,04,"""n"": ""04"",","reviewed static/structural, formatting constant, protocol label, or corrections-ledger value"
cm_master_content_2026_08_03.json,719,16,"""Full extraction of the packed vector ran {{cudd.extract.min_x}}–{{cudd.extract.max_x}} slower than the packed kernels ({{cudd.kernel.min_us}}–{{cudd.kernel.max_us}}), reaching {{cudd.extract.k16_ms}} at live_k=16. The growth is structural: extraction is linea","reviewed static/structural, formatting constant, protocol label, or corrections-ledger value"
cm_master_content_2026_08_03.json,719,2,"""Full extraction of the packed vector ran {{cudd.extract.min_x}}–{{cudd.extract.max_x}} slower than the packed kernels ({{cudd.kernel.min_us}}–{{cudd.kernel.max_us}}), reaching {{cudd.extract.k16_ms}} at live_k=16. The growth is structural: extraction is linea","reviewed static/structural, formatting constant, protocol label, or corrections-ledger value"
cm_master_content_2026_08_03.json,733,05,"""n"": ""05"",","reviewed static/structural, formatting constant, protocol label, or corrections-ledger value"
cm_master_content_2026_08_03.json,743,256,"""{{epfl.n_cones}} AND/INV combinational cones extracted from {{epfl.n_circuits}} circuits in the EPFL suite ({{epfl.n_aig_files}} AIG files, upstream commit {{epfl.clone_commit}}, corpus SHA-256 {{epfl.corpus_sha}}). Confidence intervals are circuit-clustered,","reviewed static/structural, formatting constant, protocol label, or corrections-ledger value"
cm_master_content_2026_08_03.json,758,4,"""lede"": ""The whole of section 4 in one pass. Start at the top and stop at the first line that matches."",","reviewed static/structural, formatting constant, protocol label, or corrections-ledger value"
cm_master_content_2026_08_03.json,761,1,"""ask"": ""1 · What artifact do you actually need?"",","reviewed static/structural, formatting constant, protocol label, or corrections-ledger value"
cm_master_content_2026_08_03.json,791,2,"""ask"": ""2 · How many live variables? (live_k — variables that actually change the answer, not how many exist)"",","reviewed static/structural, formatting constant, protocol label, or corrections-ledger value"
cm_master_content_2026_08_03.json,806,3,"""ask"": ""3 · How many times will you evaluate this same expression?"",","reviewed static/structural, formatting constant, protocol label, or corrections-ledger value"
cm_master_content_2026_08_03.json,821,4,"""ask"": ""4 · What are you comparing a compiled path against?"",","reviewed static/structural, formatting constant, protocol label, or corrections-ledger value"
cm_master_content_2026_08_03.json,836,5,"""ask"": ""5 · Given equivalence on speed, do you want what CM adds?"",","reviewed static/structural, formatting constant, protocol label, or corrections-ledger value"
cm_master_content_2026_08_03.json,851,6,"""ask"": ""6 · Which evaluation kernel, once you have chosen a compiled path?"",","reviewed static/structural, formatting constant, protocol label, or corrections-ledger value"
cm_master_content_2026_08_03.json,866,1,"""ask"": ""1 · What do you actually want back?"",","reviewed static/structural, formatting constant, protocol label, or corrections-ledger value"
cm_master_content_2026_08_03.json,896,2,"""ask"": ""2 · How many of your inputs actually change the answer?"",","reviewed static/structural, formatting constant, protocol label, or corrections-ledger value"
cm_master_content_2026_08_03.json,911,3,"""ask"": ""3 · How many times will you ask this same question?"",","reviewed static/structural, formatting constant, protocol label, or corrections-ledger value"
cm_master_content_2026_08_03.json,926,4,"""ask"": ""4 · What are you comparing against?"",","reviewed static/structural, formatting constant, protocol label, or corrections-ledger value"
cm_master_content_2026_08_03.json,941,5,"""ask"": ""5 · Do you want what CM adds beyond speed?"",","reviewed static/structural, formatting constant, protocol label, or corrections-ledger value"
cm_master_content_2026_08_03.json,960,0.843,"""superseded_number"": ""0.843 [0.780, 0.894]"",","reviewed static/structural, formatting constant, protocol label, or corrections-ledger value"
cm_master_content_2026_08_03.json,960,0.780,"""superseded_number"": ""0.843 [0.780, 0.894]"",","reviewed static/structural, formatting constant, protocol label, or corrections-ledger value"
cm_master_content_2026_08_03.json,960,0.894,"""superseded_number"": ""0.843 [0.780, 0.894]"",","reviewed static/structural, formatting constant, protocol label, or corrections-ledger value"
cm_master_content_2026_08_03.json,961,96,"""what_it_claimed"": ""The kernel advantage of CM over structural CSE, from the archived E3 experiment on a 96-formula corpus."",","reviewed static/structural, formatting constant, protocol label, or corrections-ledger value"
cm_master_content_2026_08_03.json,963,192,"""replaced_by"": ""{{kernel.local}} [{{kernel.local.lo}}, {{kernel.local.hi}}] on the corrected 192-formula corpus, independently reaggregated and replayed."",","reviewed static/structural, formatting constant, protocol label, or corrections-ledger value"
cm_master_content_2026_08_03.json,964,2026,"""date_or_pass"": ""corrected E3, 2026-08-02""","reviewed static/structural, formatting constant, protocol label, or corrections-ledger value"
cm_master_content_2026_08_03.json,964,08,"""date_or_pass"": ""corrected E3, 2026-08-02""","reviewed static/structural, formatting constant, protocol label, or corrections-ledger value"
cm_master_content_2026_08_03.json,964,02,"""date_or_pass"": ""corrected E3, 2026-08-02""","reviewed static/structural, formatting constant, protocol label, or corrections-ledger value"
cm_master_content_2026_08_03.json,967,128×,"""superseded_number"": ""128× / 240×"",","reviewed static/structural, formatting constant, protocol label, or corrections-ledger value"
cm_master_content_2026_08_03.json,967,240×,"""superseded_number"": ""128× / 240×"",","reviewed static/structural, formatting constant, protocol label, or corrections-ledger value"
cm_master_content_2026_08_03.json,971,2026,"""date_or_pass"": ""gap repair, 2026-08-02""","reviewed static/structural, formatting constant, protocol label, or corrections-ledger value"
cm_master_content_2026_08_03.json,971,08,"""date_or_pass"": ""gap repair, 2026-08-02""","reviewed static/structural, formatting constant, protocol label, or corrections-ledger value"
cm_master_content_2026_08_03.json,971,02,"""date_or_pass"": ""gap repair, 2026-08-02""","reviewed static/structural, formatting constant, protocol label, or corrections-ledger value"
cm_master_content_2026_08_03.json,974,12,"""superseded_number"": ""CM modestly ahead at controlled live_k 12 and 16 (0.944 / 0.925)"",","reviewed static/structural, formatting constant, protocol label, or corrections-ledger value"
cm_master_content_2026_08_03.json,974,16,"""superseded_number"": ""CM modestly ahead at controlled live_k 12 and 16 (0.944 / 0.925)"",","reviewed static/structural, formatting constant, protocol label, or corrections-ledger value"
cm_master_content_2026_08_03.json,974,0.944,"""superseded_number"": ""CM modestly ahead at controlled live_k 12 and 16 (0.944 / 0.925)"",","reviewed static/structural, formatting constant, protocol label, or corrections-ledger value"
cm_master_content_2026_08_03.json,974,0.925,"""superseded_number"": ""CM modestly ahead at controlled live_k 12 and 16 (0.944 / 0.925)"",","reviewed static/structural, formatting constant, protocol label, or corrections-ledger value"
cm_master_content_2026_08_03.json,975,12,"""what_it_claimed"": ""That at the whole-call boundary CM overtook BitSet once semantic support reached about 12, with a clear lead by 16."",","reviewed static/structural, formatting constant, protocol label, or corrections-ledger value"
cm_master_content_2026_08_03.json,975,16,"""what_it_claimed"": ""That at the whole-call boundary CM overtook BitSet once semantic support reached about 12, with a clear lead by 16."",","reviewed static/structural, formatting constant, protocol label, or corrections-ledger value"
cm_master_content_2026_08_03.json,978,2026,"""date_or_pass"": ""benchmark refresh B2 + B4, 2026-08-03""","reviewed static/structural, formatting constant, protocol label, or corrections-ledger value"
cm_master_content_2026_08_03.json,978,08,"""date_or_pass"": ""benchmark refresh B2 + B4, 2026-08-03""","reviewed static/structural, formatting constant, protocol label, or corrections-ledger value"
cm_master_content_2026_08_03.json,978,03,"""date_or_pass"": ""benchmark refresh B2 + B4, 2026-08-03""","reviewed static/structural, formatting constant, protocol label, or corrections-ledger value"
cm_master_content_2026_08_03.json,981,23 µs,"""superseded_number"": ""23 µs median wrapper overhead"",","reviewed static/structural, formatting constant, protocol label, or corrections-ledger value"
cm_master_content_2026_08_03.json,985,2026,"""date_or_pass"": ""benchmark refresh B2, 2026-08-03""","reviewed static/structural, formatting constant, protocol label, or corrections-ledger value"
cm_master_content_2026_08_03.json,985,08,"""date_or_pass"": ""benchmark refresh B2, 2026-08-03""","reviewed static/structural, formatting constant, protocol label, or corrections-ledger value"
cm_master_content_2026_08_03.json,985,03,"""date_or_pass"": ""benchmark refresh B2, 2026-08-03""","reviewed static/structural, formatting constant, protocol label, or corrections-ledger value"
cm_master_content_2026_08_03.json,988,18,"""superseded_number"": ""pre-repair guard and headline sweeps at n ≥ 18"",","reviewed static/structural, formatting constant, protocol label, or corrections-ledger value"
cm_master_content_2026_08_03.json,991,15,"""replaced_by"": ""A fresh post-repair sweep of {{guard.trials}} trials across 15 cells: depth-8 decline rates {{guard.depth8.min_pct}}–{{guard.depth8.max_pct}}, with {{guard.wrong}} wrong guards and {{guard.oversized}} oversized outputs."",","reviewed static/structural, formatting constant, protocol label, or corrections-ledger value"
cm_master_content_2026_08_03.json,991,8,"""replaced_by"": ""A fresh post-repair sweep of {{guard.trials}} trials across 15 cells: depth-8 decline rates {{guard.depth8.min_pct}}–{{guard.depth8.max_pct}}, with {{guard.wrong}} wrong guards and {{guard.oversized}} oversized outputs."",","reviewed static/structural, formatting constant, protocol label, or corrections-ledger value"
cm_master_content_2026_08_03.json,992,2026,"""date_or_pass"": ""benchmark refresh B4, 2026-08-03""","reviewed static/structural, formatting constant, protocol label, or corrections-ledger value"
cm_master_content_2026_08_03.json,992,08,"""date_or_pass"": ""benchmark refresh B4, 2026-08-03""","reviewed static/structural, formatting constant, protocol label, or corrections-ledger value"
cm_master_content_2026_08_03.json,992,03,"""date_or_pass"": ""benchmark refresh B4, 2026-08-03""","reviewed static/structural, formatting constant, protocol label, or corrections-ledger value"
cm_master_content_2026_08_03.json,996,6,"""what_it_claimed"": ""A universal crossover point between big-integer and word-packed evaluation at live_k = 6."",","reviewed static/structural, formatting constant, protocol label, or corrections-ledger value"
cm_master_content_2026_08_03.json,999,2026,"""date_or_pass"": ""benchmark refresh BX1, 2026-08-03""","reviewed static/structural, formatting constant, protocol label, or corrections-ledger value"
cm_master_content_2026_08_03.json,999,08,"""date_or_pass"": ""benchmark refresh BX1, 2026-08-03""","reviewed static/structural, formatting constant, protocol label, or corrections-ledger value"
cm_master_content_2026_08_03.json,999,03,"""date_or_pass"": ""benchmark refresh BX1, 2026-08-03""","reviewed static/structural, formatting constant, protocol label, or corrections-ledger value"
cm_master_content_2026_08_03.json,1006,2026,"""date_or_pass"": ""benchmark refresh B6, 2026-08-03""","reviewed static/structural, formatting constant, protocol label, or corrections-ledger value"
cm_master_content_2026_08_03.json,1006,08,"""date_or_pass"": ""benchmark refresh B6, 2026-08-03""","reviewed static/structural, formatting constant, protocol label, or corrections-ledger value"
cm_master_content_2026_08_03.json,1006,03,"""date_or_pass"": ""benchmark refresh B6, 2026-08-03""","reviewed static/structural, formatting constant, protocol label, or corrections-ledger value"
cm_master_content_2026_08_03.json,1010,2026,"""lede"": ""The 2026-08-03 campaign established parity against CSE-flat on B1/E3 and EPFL. The accepted 2026-08-25 V3 correction narrowed that conclusion: current B2/B4 measured a workload-specific bare CM advantage, while the public wrapper remained slower. Thre","reviewed static/structural, formatting constant, protocol label, or corrections-ledger value"
cm_master_content_2026_08_03.json,1010,08,"""lede"": ""The 2026-08-03 campaign established parity against CSE-flat on B1/E3 and EPFL. The accepted 2026-08-25 V3 correction narrowed that conclusion: current B2/B4 measured a workload-specific bare CM advantage, while the public wrapper remained slower. Thre","reviewed static/structural, formatting constant, protocol label, or corrections-ledger value"
cm_master_content_2026_08_03.json,1010,03,"""lede"": ""The 2026-08-03 campaign established parity against CSE-flat on B1/E3 and EPFL. The accepted 2026-08-25 V3 correction narrowed that conclusion: current B2/B4 measured a workload-specific bare CM advantage, while the public wrapper remained slower. Thre","reviewed static/structural, formatting constant, protocol label, or corrections-ledger value"
cm_master_content_2026_08_03.json,1010,2026,"""lede"": ""The 2026-08-03 campaign established parity against CSE-flat on B1/E3 and EPFL. The accepted 2026-08-25 V3 correction narrowed that conclusion: current B2/B4 measured a workload-specific bare CM advantage, while the public wrapper remained slower. Thre","reviewed static/structural, formatting constant, protocol label, or corrections-ledger value"
cm_master_content_2026_08_03.json,1010,08,"""lede"": ""The 2026-08-03 campaign established parity against CSE-flat on B1/E3 and EPFL. The accepted 2026-08-25 V3 correction narrowed that conclusion: current B2/B4 measured a workload-specific bare CM advantage, while the public wrapper remained slower. Thre","reviewed static/structural, formatting constant, protocol label, or corrections-ledger value"
cm_master_content_2026_08_03.json,1010,25,"""lede"": ""The 2026-08-03 campaign established parity against CSE-flat on B1/E3 and EPFL. The accepted 2026-08-25 V3 correction narrowed that conclusion: current B2/B4 measured a workload-specific bare CM advantage, while the public wrapper remained slower. Thre","reviewed static/structural, formatting constant, protocol label, or corrections-ledger value"
cm_master_content_2026_08_03.json,1010,16,"""lede"": ""The 2026-08-03 campaign established parity against CSE-flat on B1/E3 and EPFL. The accepted 2026-08-25 V3 correction narrowed that conclusion: current B2/B4 measured a workload-specific bare CM advantage, while the public wrapper remained slower. Thre","reviewed static/structural, formatting constant, protocol label, or corrections-ledger value"
cm_master_content_2026_08_03.json,1028,4,"""why_it_matters"": ""Reuse count is the decision variable for the entire cost argument. Every recommendation in section 4 that says “it depends how many times” is waiting on this measurement."",","reviewed static/structural, formatting constant, protocol label, or corrections-ledger value"
cm_master_content_2026_08_03.json,1031,08,"""deliverables_n22_24/CM_GAP_POST_ACCEPTANCE_OPTIMIZATION_DECISION_2026-08-03.md §7 ranked next tests, item 2"",","reviewed static/structural, formatting constant, protocol label, or corrections-ledger value"
cm_master_content_2026_08_03.json,1031,03,"""deliverables_n22_24/CM_GAP_POST_ACCEPTANCE_OPTIMIZATION_DECISION_2026-08-03.md §7 ranked next tests, item 2"",","reviewed static/structural, formatting constant, protocol label, or corrections-ledger value"
cm_master_content_2026_08_03.json,1031,7,"""deliverables_n22_24/CM_GAP_POST_ACCEPTANCE_OPTIMIZATION_DECISION_2026-08-03.md §7 ranked next tests, item 2"",","reviewed static/structural, formatting constant, protocol label, or corrections-ledger value"
cm_master_content_2026_08_03.json,1031,2,"""deliverables_n22_24/CM_GAP_POST_ACCEPTANCE_OPTIMIZATION_DECISION_2026-08-03.md §7 ranked next tests, item 2"",","reviewed static/structural, formatting constant, protocol label, or corrections-ledger value"
cm_master_content_2026_08_03.json,1032,08,"""deliverables_n22_24/CM_GAP_EPFL_VALIDATION_2026-08-03.md — scope of what the external campaign did and did not measure""","reviewed static/structural, formatting constant, protocol label, or corrections-ledger value"
cm_master_content_2026_08_03.json,1032,03,"""deliverables_n22_24/CM_GAP_EPFL_VALIDATION_2026-08-03.md — scope of what the external campaign did and did not measure""","reviewed static/structural, formatting constant, protocol label, or corrections-ledger value"
cm_master_content_2026_08_03.json,1042,2026,"""technical_statement"": ""Preparation costs {{be.syn.prep}} plain-CSE prep on the synthetic corpus, {{be.epflcse.prep}} on the external corpus against the same baseline, and {{be.epfl.prep}} against CSE-flat, with a per-case range of {{b3.prep_ratio.min}}–{{b3.p","reviewed static/structural, formatting constant, protocol label, or corrections-ledger value"
cm_master_content_2026_08_03.json,1042,08,"""technical_statement"": ""Preparation costs {{be.syn.prep}} plain-CSE prep on the synthetic corpus, {{be.epflcse.prep}} on the external corpus against the same baseline, and {{be.epfl.prep}} against CSE-flat, with a per-case range of {{b3.prep_ratio.min}}–{{b3.p","reviewed static/structural, formatting constant, protocol label, or corrections-ledger value"
cm_master_content_2026_08_03.json,1042,25,"""technical_statement"": ""Preparation costs {{be.syn.prep}} plain-CSE prep on the synthetic corpus, {{be.epflcse.prep}} on the external corpus against the same baseline, and {{be.epfl.prep}} against CSE-flat, with a per-case range of {{b3.prep_ratio.min}}–{{b3.p","reviewed static/structural, formatting constant, protocol label, or corrections-ledger value"
cm_master_content_2026_08_03.json,1046,08,"""deliverables_n22_24/CM_GAP_POST_ACCEPTANCE_OPTIMIZATION_DECISION_2026-08-03.md §7 ranked next tests, item 3; §8 ranked optimizations, item 1"",","reviewed static/structural, formatting constant, protocol label, or corrections-ledger value"
cm_master_content_2026_08_03.json,1046,03,"""deliverables_n22_24/CM_GAP_POST_ACCEPTANCE_OPTIMIZATION_DECISION_2026-08-03.md §7 ranked next tests, item 3; §8 ranked optimizations, item 1"",","reviewed static/structural, formatting constant, protocol label, or corrections-ledger value"
cm_master_content_2026_08_03.json,1046,7,"""deliverables_n22_24/CM_GAP_POST_ACCEPTANCE_OPTIMIZATION_DECISION_2026-08-03.md §7 ranked next tests, item 3; §8 ranked optimizations, item 1"",","reviewed static/structural, formatting constant, protocol label, or corrections-ledger value"
cm_master_content_2026_08_03.json,1046,3,"""deliverables_n22_24/CM_GAP_POST_ACCEPTANCE_OPTIMIZATION_DECISION_2026-08-03.md §7 ranked next tests, item 3; §8 ranked optimizations, item 1"",","reviewed static/structural, formatting constant, protocol label, or corrections-ledger value"
cm_master_content_2026_08_03.json,1046,8,"""deliverables_n22_24/CM_GAP_POST_ACCEPTANCE_OPTIMIZATION_DECISION_2026-08-03.md §7 ranked next tests, item 3; §8 ranked optimizations, item 1"",","reviewed static/structural, formatting constant, protocol label, or corrections-ledger value"
cm_master_content_2026_08_03.json,1046,1,"""deliverables_n22_24/CM_GAP_POST_ACCEPTANCE_OPTIMIZATION_DECISION_2026-08-03.md §7 ranked next tests, item 3; §8 ranked optimizations, item 1"",","reviewed static/structural, formatting constant, protocol label, or corrections-ledger value"
cm_master_content_2026_08_03.json,1047,08,"""deliverables_n22_24/CM_BENCHMARK_REFRESH_CLAIM_MAP_2026-08-03.md rows 8 and 9"",","reviewed static/structural, formatting constant, protocol label, or corrections-ledger value"
cm_master_content_2026_08_03.json,1047,03,"""deliverables_n22_24/CM_BENCHMARK_REFRESH_CLAIM_MAP_2026-08-03.md rows 8 and 9"",","reviewed static/structural, formatting constant, protocol label, or corrections-ledger value"
cm_master_content_2026_08_03.json,1047,8,"""deliverables_n22_24/CM_BENCHMARK_REFRESH_CLAIM_MAP_2026-08-03.md rows 8 and 9"",","reviewed static/structural, formatting constant, protocol label, or corrections-ledger value"
cm_master_content_2026_08_03.json,1047,9,"""deliverables_n22_24/CM_BENCHMARK_REFRESH_CLAIM_MAP_2026-08-03.md rows 8 and 9"",","reviewed static/structural, formatting constant, protocol label, or corrections-ledger value"
cm_master_content_2026_08_03.json,1049,2026,"""docs/audits/2026-08-25-cm-deep-performance/CM-DEEP-PERFORMANCE-AUDIT.md"",","reviewed static/structural, formatting constant, protocol label, or corrections-ledger value"
cm_master_content_2026_08_03.json,1049,08,"""docs/audits/2026-08-25-cm-deep-performance/CM-DEEP-PERFORMANCE-AUDIT.md"",","reviewed static/structural, formatting constant, protocol label, or corrections-ledger value"
cm_master_content_2026_08_03.json,1049,25,"""docs/audits/2026-08-25-cm-deep-performance/CM-DEEP-PERFORMANCE-AUDIT.md"",","reviewed static/structural, formatting constant, protocol label, or corrections-ledger value"
cm_master_content_2026_08_03.json,1051,2026,"""docs/audits/2026-08-25-cm-deep-performance/reruns/campaign-20260826-132038/dpr1_smoke_summary.json""","reviewed static/structural, formatting constant, protocol label, or corrections-ledger value"
cm_master_content_2026_08_03.json,1051,08,"""docs/audits/2026-08-25-cm-deep-performance/reruns/campaign-20260826-132038/dpr1_smoke_summary.json""","reviewed static/structural, formatting constant, protocol label, or corrections-ledger value"
cm_master_content_2026_08_03.json,1051,25,"""docs/audits/2026-08-25-cm-deep-performance/reruns/campaign-20260826-132038/dpr1_smoke_summary.json""","reviewed static/structural, formatting constant, protocol label, or corrections-ledger value"
cm_master_content_2026_08_03.json,1051,20260826,"""docs/audits/2026-08-25-cm-deep-performance/reruns/campaign-20260826-132038/dpr1_smoke_summary.json""","reviewed static/structural, formatting constant, protocol label, or corrections-ledger value"
cm_master_content_2026_08_03.json,1051,132038,"""docs/audits/2026-08-25-cm-deep-performance/reruns/campaign-20260826-132038/dpr1_smoke_summary.json""","reviewed static/structural, formatting constant, protocol label, or corrections-ledger value"
cm_master_content_2026_08_03.json,1061,16,"""technical_statement"": ""The flag historically called persistent cache is process-local. Synthetic all-hit whole-call CM remained {{cache.whole.min}}–{{cache.whole.max}} behind BitSet, and {{cache.evals}}-evaluation execution-only ratios remained {{cache.exec.k","reviewed static/structural, formatting constant, protocol label, or corrections-ledger value"
cm_master_content_2026_08_03.json,1061,4,"""technical_statement"": ""The flag historically called persistent cache is process-local. Synthetic all-hit whole-call CM remained {{cache.whole.min}}–{{cache.whole.max}} behind BitSet, and {{cache.evals}}-evaluation execution-only ratios remained {{cache.exec.k","reviewed static/structural, formatting constant, protocol label, or corrections-ledger value"
cm_master_content_2026_08_03.json,1065,2026,"""docs/audits/2026-08-25-cm-deep-performance/reruns/campaign-20260826-132038/cache_process_local_summary.csv"",","reviewed static/structural, formatting constant, protocol label, or corrections-ledger value"
cm_master_content_2026_08_03.json,1065,08,"""docs/audits/2026-08-25-cm-deep-performance/reruns/campaign-20260826-132038/cache_process_local_summary.csv"",","reviewed static/structural, formatting constant, protocol label, or corrections-ledger value"
cm_master_content_2026_08_03.json,1065,25,"""docs/audits/2026-08-25-cm-deep-performance/reruns/campaign-20260826-132038/cache_process_local_summary.csv"",","reviewed static/structural, formatting constant, protocol label, or corrections-ledger value"
cm_master_content_2026_08_03.json,1065,20260826,"""docs/audits/2026-08-25-cm-deep-performance/reruns/campaign-20260826-132038/cache_process_local_summary.csv"",","reviewed static/structural, formatting constant, protocol label, or corrections-ledger value"
cm_master_content_2026_08_03.json,1065,132038,"""docs/audits/2026-08-25-cm-deep-performance/reruns/campaign-20260826-132038/cache_process_local_summary.csv"",","reviewed static/structural, formatting constant, protocol label, or corrections-ledger value"
cm_master_content_2026_08_03.json,1066,2026,"""docs/audits/2026-08-25-cm-deep-performance/reruns/campaign-20260826-132038/cache_reuse50_summary.csv"",","reviewed static/structural, formatting constant, protocol label, or corrections-ledger value"
cm_master_content_2026_08_03.json,1066,08,"""docs/audits/2026-08-25-cm-deep-performance/reruns/campaign-20260826-132038/cache_reuse50_summary.csv"",","reviewed static/structural, formatting constant, protocol label, or corrections-ledger value"
cm_master_content_2026_08_03.json,1066,25,"""docs/audits/2026-08-25-cm-deep-performance/reruns/campaign-20260826-132038/cache_reuse50_summary.csv"",","reviewed static/structural, formatting constant, protocol label, or corrections-ledger value"
cm_master_content_2026_08_03.json,1066,20260826,"""docs/audits/2026-08-25-cm-deep-performance/reruns/campaign-20260826-132038/cache_reuse50_summary.csv"",","reviewed static/structural, formatting constant, protocol label, or corrections-ledger value"
cm_master_content_2026_08_03.json,1066,132038,"""docs/audits/2026-08-25-cm-deep-performance/reruns/campaign-20260826-132038/cache_reuse50_summary.csv"",","reviewed static/structural, formatting constant, protocol label, or corrections-ledger value"
cm_master_content_2026_08_03.json,1067,2026,"""docs/audits/2026-08-25-cm-deep-performance/reruns/campaign-20260826-132038/RUN-RESULTS.md — Cache and repeated evaluation""","reviewed static/structural, formatting constant, protocol label, or corrections-ledger value"
cm_master_content_2026_08_03.json,1067,08,"""docs/audits/2026-08-25-cm-deep-performance/reruns/campaign-20260826-132038/RUN-RESULTS.md — Cache and repeated evaluation""","reviewed static/structural, formatting constant, protocol label, or corrections-ledger value"
cm_master_content_2026_08_03.json,1067,25,"""docs/audits/2026-08-25-cm-deep-performance/reruns/campaign-20260826-132038/RUN-RESULTS.md — Cache and repeated evaluation""","reviewed static/structural, formatting constant, protocol label, or corrections-ledger value"
cm_master_content_2026_08_03.json,1067,20260826,"""docs/audits/2026-08-25-cm-deep-performance/reruns/campaign-20260826-132038/RUN-RESULTS.md — Cache and repeated evaluation""","reviewed static/structural, formatting constant, protocol label, or corrections-ledger value"
cm_master_content_2026_08_03.json,1067,132038,"""docs/audits/2026-08-25-cm-deep-performance/reruns/campaign-20260826-132038/RUN-RESULTS.md — Cache and repeated evaluation""","reviewed static/structural, formatting constant, protocol label, or corrections-ledger value"
cm_master_content_2026_08_03.json,1073,16,"""title"": ""The simple k=16 rule transferred; a richer feature selector did not"",","reviewed static/structural, formatting constant, protocol label, or corrections-ledger value"
cm_master_content_2026_08_03.json,1077,6,"""technical_statement"": ""The older rule — big-integer evaluation below six live variables, word-packed at six and above — remains rejected: flat big-integer beat the recursive kernel at every support ({{bx1.fvr.min}}–{{bx1.fvr.max}}), stayed fastest through liv","reviewed static/structural, formatting constant, protocol label, or corrections-ledger value"
cm_master_content_2026_08_03.json,1077,16,"""technical_statement"": ""The older rule — big-integer evaluation below six live variables, word-packed at six and above — remains rejected: flat big-integer beat the recursive kernel at every support ({{bx1.fvr.min}}–{{bx1.fvr.max}}), stayed fastest through liv","reviewed static/structural, formatting constant, protocol label, or corrections-ledger value"
cm_master_content_2026_08_03.json,1079,16,"""what_would_change_the_picture"": ""A replacement must first clear its tuning-corpus cross-validation catastrophe gate, then beat k=16 on another independently frozen circuit family without using i10 for tuning. Until then the honest response is to keep the simp","reviewed static/structural, formatting constant, protocol label, or corrections-ledger value"
cm_master_content_2026_08_03.json,1081,08,"""deliverables_n22_24/CM_BENCHMARK_REFRESH_CLAIM_MAP_ADDENDUM_2026-08-03.md row 15 revisited"",","reviewed static/structural, formatting constant, protocol label, or corrections-ledger value"
cm_master_content_2026_08_03.json,1081,03,"""deliverables_n22_24/CM_BENCHMARK_REFRESH_CLAIM_MAP_ADDENDUM_2026-08-03.md row 15 revisited"",","reviewed static/structural, formatting constant, protocol label, or corrections-ledger value"
cm_master_content_2026_08_03.json,1081,15,"""deliverables_n22_24/CM_BENCHMARK_REFRESH_CLAIM_MAP_ADDENDUM_2026-08-03.md row 15 revisited"",","reviewed static/structural, formatting constant, protocol label, or corrections-ledger value"
cm_master_content_2026_08_03.json,1082,08,"""deliverables_n22_24/CM_GAP_POST_ACCEPTANCE_OPTIMIZATION_DECISION_2026-08-03.md §4 selector proposal; §8 item 2"",","reviewed static/structural, formatting constant, protocol label, or corrections-ledger value"
cm_master_content_2026_08_03.json,1082,03,"""deliverables_n22_24/CM_GAP_POST_ACCEPTANCE_OPTIMIZATION_DECISION_2026-08-03.md §4 selector proposal; §8 item 2"",","reviewed static/structural, formatting constant, protocol label, or corrections-ledger value"
cm_master_content_2026_08_03.json,1082,4,"""deliverables_n22_24/CM_GAP_POST_ACCEPTANCE_OPTIMIZATION_DECISION_2026-08-03.md §4 selector proposal; §8 item 2"",","reviewed static/structural, formatting constant, protocol label, or corrections-ledger value"
cm_master_content_2026_08_03.json,1082,8,"""deliverables_n22_24/CM_GAP_POST_ACCEPTANCE_OPTIMIZATION_DECISION_2026-08-03.md §4 selector proposal; §8 item 2"",","reviewed static/structural, formatting constant, protocol label, or corrections-ledger value"
cm_master_content_2026_08_03.json,1082,2,"""deliverables_n22_24/CM_GAP_POST_ACCEPTANCE_OPTIMIZATION_DECISION_2026-08-03.md §4 selector proposal; §8 item 2"",","reviewed static/structural, formatting constant, protocol label, or corrections-ledger value"
cm_master_content_2026_08_03.json,1084,08,"""deliverables_n22_24/heldout_abc_i10_2026_08_26/CM_ABC_I10_HELDOUT_SELECTOR_PREREGISTRATION_2026-08-26.md"",","reviewed static/structural, formatting constant, protocol label, or corrections-ledger value"
cm_master_content_2026_08_03.json,1084,26,"""deliverables_n22_24/heldout_abc_i10_2026_08_26/CM_ABC_I10_HELDOUT_SELECTOR_PREREGISTRATION_2026-08-26.md"",","reviewed static/structural, formatting constant, protocol label, or corrections-ledger value"
cm_master_content_2026_08_03.json,1095,2,"""technical_statement"": ""The current path establishes output equality, including full 2<sup>live_k</sup> packed equality against CUDD on all {{cudd.rows}} matched rows. None of that is a canonical CM-equivalence proof. Matrix equality requires the same normalis","reviewed static/structural, formatting constant, protocol label, or corrections-ledger value"
cm_master_content_2026_08_03.json,1099,2026,"""CM slide deck, frozen at Audit V4 (2026-07-24), not in-repo — “CM Equivalence Caveat” and “Basis-Normalized Representation” slides; framing quoted, never its numbers"",","reviewed static/structural, formatting constant, protocol label, or corrections-ledger value"
cm_master_content_2026_08_03.json,1099,07,"""CM slide deck, frozen at Audit V4 (2026-07-24), not in-repo — “CM Equivalence Caveat” and “Basis-Normalized Representation” slides; framing quoted, never its numbers"",","reviewed static/structural, formatting constant, protocol label, or corrections-ledger value"
cm_master_content_2026_08_03.json,1099,24,"""CM slide deck, frozen at Audit V4 (2026-07-24), not in-repo — “CM Equivalence Caveat” and “Basis-Normalized Representation” slides; framing quoted, never its numbers"",","reviewed static/structural, formatting constant, protocol label, or corrections-ledger value"
cm_master_content_2026_08_03.json,1100,08,"""deliverables_n22_24/CM_GAP_POST_ACCEPTANCE_CLARIFICATIONS_2026-08-03.md"",","reviewed static/structural, formatting constant, protocol label, or corrections-ledger value"
cm_master_content_2026_08_03.json,1100,03,"""deliverables_n22_24/CM_GAP_POST_ACCEPTANCE_CLARIFICATIONS_2026-08-03.md"",","reviewed static/structural, formatting constant, protocol label, or corrections-ledger value"
cm_master_content_2026_08_03.json,1115,2026,"""docs/audits/2026-08-25-cm-deep-performance/reruns/campaign-20260826-132038/family_high_reuse_summary.csv"",","reviewed static/structural, formatting constant, protocol label, or corrections-ledger value"
cm_master_content_2026_08_03.json,1115,08,"""docs/audits/2026-08-25-cm-deep-performance/reruns/campaign-20260826-132038/family_high_reuse_summary.csv"",","reviewed static/structural, formatting constant, protocol label, or corrections-ledger value"
cm_master_content_2026_08_03.json,1115,25,"""docs/audits/2026-08-25-cm-deep-performance/reruns/campaign-20260826-132038/family_high_reuse_summary.csv"",","reviewed static/structural, formatting constant, protocol label, or corrections-ledger value"
cm_master_content_2026_08_03.json,1115,20260826,"""docs/audits/2026-08-25-cm-deep-performance/reruns/campaign-20260826-132038/family_high_reuse_summary.csv"",","reviewed static/structural, formatting constant, protocol label, or corrections-ledger value"
cm_master_content_2026_08_03.json,1115,132038,"""docs/audits/2026-08-25-cm-deep-performance/reruns/campaign-20260826-132038/family_high_reuse_summary.csv"",","reviewed static/structural, formatting constant, protocol label, or corrections-ledger value"
cm_master_content_2026_08_03.json,1116,2026,"""docs/audits/2026-08-25-cm-deep-performance/reruns/campaign-20260826-132038/RUN-RESULTS.md — Related-expression families""","reviewed static/structural, formatting constant, protocol label, or corrections-ledger value"
cm_master_content_2026_08_03.json,1116,08,"""docs/audits/2026-08-25-cm-deep-performance/reruns/campaign-20260826-132038/RUN-RESULTS.md — Related-expression families""","reviewed static/structural, formatting constant, protocol label, or corrections-ledger value"
cm_master_content_2026_08_03.json,1116,25,"""docs/audits/2026-08-25-cm-deep-performance/reruns/campaign-20260826-132038/RUN-RESULTS.md — Related-expression families""","reviewed static/structural, formatting constant, protocol label, or corrections-ledger value"
cm_master_content_2026_08_03.json,1116,20260826,"""docs/audits/2026-08-25-cm-deep-performance/reruns/campaign-20260826-132038/RUN-RESULTS.md — Related-expression families""","reviewed static/structural, formatting constant, protocol label, or corrections-ledger value"
cm_master_content_2026_08_03.json,1116,132038,"""docs/audits/2026-08-25-cm-deep-performance/reruns/campaign-20260826-132038/RUN-RESULTS.md — Related-expression families""","reviewed static/structural, formatting constant, protocol label, or corrections-ledger value"
cm_master_content_2026_08_03.json,1125,16,"""lay_statement"": ""A larger synthetic grid found that caching made CM {{context.speedup.min}}–{{context.speedup.max}} faster than uncached CM. Three high-reuse n=16 cells came close to BitSet, but with only {{context.trials}} trials and artificial contexts this","reviewed static/structural, formatting constant, protocol label, or corrections-ledger value"
cm_master_content_2026_08_03.json,1126,16,"""technical_statement"": ""At n=16 and 500 contexts, cached CM/full-recompute BitSet ratios were {{context.f25.ratio}}, {{context.f5.ratio}}, and {{context.f75.ratio}} for fixed fractions 0.25/0.50/0.75. The grid used synthetic expressions and sliding-window cont","reviewed static/structural, formatting constant, protocol label, or corrections-ledger value"
cm_master_content_2026_08_03.json,1126,500,"""technical_statement"": ""At n=16 and 500 contexts, cached CM/full-recompute BitSet ratios were {{context.f25.ratio}}, {{context.f5.ratio}}, and {{context.f75.ratio}} for fixed fractions 0.25/0.50/0.75. The grid used synthetic expressions and sliding-window cont","reviewed static/structural, formatting constant, protocol label, or corrections-ledger value"
cm_master_content_2026_08_03.json,1126,0.25,"""technical_statement"": ""At n=16 and 500 contexts, cached CM/full-recompute BitSet ratios were {{context.f25.ratio}}, {{context.f5.ratio}}, and {{context.f75.ratio}} for fixed fractions 0.25/0.50/0.75. The grid used synthetic expressions and sliding-window cont","reviewed static/structural, formatting constant, protocol label, or corrections-ledger value"
cm_master_content_2026_08_03.json,1126,0.50,"""technical_statement"": ""At n=16 and 500 contexts, cached CM/full-recompute BitSet ratios were {{context.f25.ratio}}, {{context.f5.ratio}}, and {{context.f75.ratio}} for fixed fractions 0.25/0.50/0.75. The grid used synthetic expressions and sliding-window cont","reviewed static/structural, formatting constant, protocol label, or corrections-ledger value"
cm_master_content_2026_08_03.json,1126,0.75,"""technical_statement"": ""At n=16 and 500 contexts, cached CM/full-recompute BitSet ratios were {{context.f25.ratio}}, {{context.f5.ratio}}, and {{context.f75.ratio}} for fixed fractions 0.25/0.50/0.75. The grid used synthetic expressions and sliding-window cont","reviewed static/structural, formatting constant, protocol label, or corrections-ledger value"
cm_master_content_2026_08_03.json,1130,2026,"""docs/audits/2026-08-25-cm-deep-performance/reruns/campaign-20260826-132038/partial_f*_summary.csv"",","reviewed static/structural, formatting constant, protocol label, or corrections-ledger value"
cm_master_content_2026_08_03.json,1130,08,"""docs/audits/2026-08-25-cm-deep-performance/reruns/campaign-20260826-132038/partial_f*_summary.csv"",","reviewed static/structural, formatting constant, protocol label, or corrections-ledger value"
cm_master_content_2026_08_03.json,1130,25,"""docs/audits/2026-08-25-cm-deep-performance/reruns/campaign-20260826-132038/partial_f*_summary.csv"",","reviewed static/structural, formatting constant, protocol label, or corrections-ledger value"
cm_master_content_2026_08_03.json,1130,20260826,"""docs/audits/2026-08-25-cm-deep-performance/reruns/campaign-20260826-132038/partial_f*_summary.csv"",","reviewed static/structural, formatting constant, protocol label, or corrections-ledger value"
cm_master_content_2026_08_03.json,1130,132038,"""docs/audits/2026-08-25-cm-deep-performance/reruns/campaign-20260826-132038/partial_f*_summary.csv"",","reviewed static/structural, formatting constant, protocol label, or corrections-ledger value"
cm_master_content_2026_08_03.json,1131,2026,"""docs/audits/2026-08-25-cm-deep-performance/reruns/campaign-20260826-132038/partial_sliding_100_summary.csv"",","reviewed static/structural, formatting constant, protocol label, or corrections-ledger value"
cm_master_content_2026_08_03.json,1131,08,"""docs/audits/2026-08-25-cm-deep-performance/reruns/campaign-20260826-132038/partial_sliding_100_summary.csv"",","reviewed static/structural, formatting constant, protocol label, or corrections-ledger value"
cm_master_content_2026_08_03.json,1131,25,"""docs/audits/2026-08-25-cm-deep-performance/reruns/campaign-20260826-132038/partial_sliding_100_summary.csv"",","reviewed static/structural, formatting constant, protocol label, or corrections-ledger value"
cm_master_content_2026_08_03.json,1131,20260826,"""docs/audits/2026-08-25-cm-deep-performance/reruns/campaign-20260826-132038/partial_sliding_100_summary.csv"",","reviewed static/structural, formatting constant, protocol label, or corrections-ledger value"
cm_master_content_2026_08_03.json,1131,132038,"""docs/audits/2026-08-25-cm-deep-performance/reruns/campaign-20260826-132038/partial_sliding_100_summary.csv"",","reviewed static/structural, formatting constant, protocol label, or corrections-ledger value"
cm_master_content_2026_08_03.json,1132,2026,"""docs/audits/2026-08-25-cm-deep-performance/reruns/campaign-20260826-132038/RUN-RESULTS.md — Partial-context break-even surface""","reviewed static/structural, formatting constant, protocol label, or corrections-ledger value"
cm_master_content_2026_08_03.json,1132,08,"""docs/audits/2026-08-25-cm-deep-performance/reruns/campaign-20260826-132038/RUN-RESULTS.md — Partial-context break-even surface""","reviewed static/structural, formatting constant, protocol label, or corrections-ledger value"
cm_master_content_2026_08_03.json,1132,25,"""docs/audits/2026-08-25-cm-deep-performance/reruns/campaign-20260826-132038/RUN-RESULTS.md — Partial-context break-even surface""","reviewed static/structural, formatting constant, protocol label, or corrections-ledger value"
cm_master_content_2026_08_03.json,1132,20260826,"""docs/audits/2026-08-25-cm-deep-performance/reruns/campaign-20260826-132038/RUN-RESULTS.md — Partial-context break-even surface""","reviewed static/structural, formatting constant, protocol label, or corrections-ledger value"
cm_master_content_2026_08_03.json,1132,132038,"""docs/audits/2026-08-25-cm-deep-performance/reruns/campaign-20260826-132038/RUN-RESULTS.md — Partial-context break-even surface""","reviewed static/structural, formatting constant, protocol label, or corrections-ledger value"
cm_master_content_2026_08_03.json,1147,3,"""CM slide deck (frozen at V4), “Three CM-Value Experiments” card 3 — framing only""","reviewed static/structural, formatting constant, protocol label, or corrections-ledger value"
cm_master_content_2026_08_03.json,1161,08,"""deliverables_n22_24/CM_BENCHMARK_REFRESH_CLAIM_MAP_ADDENDUM_2026-08-03.md row 14 revisited"",","reviewed static/structural, formatting constant, protocol label, or corrections-ledger value"
cm_master_content_2026_08_03.json,1161,03,"""deliverables_n22_24/CM_BENCHMARK_REFRESH_CLAIM_MAP_ADDENDUM_2026-08-03.md row 14 revisited"",","reviewed static/structural, formatting constant, protocol label, or corrections-ledger value"
cm_master_content_2026_08_03.json,1161,14,"""deliverables_n22_24/CM_BENCHMARK_REFRESH_CLAIM_MAP_ADDENDUM_2026-08-03.md row 14 revisited"",","reviewed static/structural, formatting constant, protocol label, or corrections-ledger value"
cm_master_content_2026_08_03.json,1173,64 MiB,"""technical_statement"": ""The original guard remains correct: {{guard.wrong}} wrong decisions and {{guard.oversized}} oversized outputs across {{guard.trials}} earlier trials. The bounded subprocess follow-up then exercised exact direct kernels for live_k={{guar","reviewed static/structural, formatting constant, protocol label, or corrections-ledger value"
cm_master_content_2026_08_03.json,1173,512 MiB,"""technical_statement"": ""The original guard remains correct: {{guard.wrong}} wrong decisions and {{guard.oversized}} oversized outputs across {{guard.trials}} earlier trials. The bounded subprocess follow-up then exercised exact direct kernels for live_k={{guar","reviewed static/structural, formatting constant, protocol label, or corrections-ledger value"
cm_master_content_2026_08_03.json,1173,45,"""technical_statement"": ""The original guard remains correct: {{guard.wrong}} wrong decisions and {{guard.oversized}} oversized outputs across {{guard.trials}} earlier trials. The bounded subprocess follow-up then exercised exact direct kernels for live_k={{guar","reviewed static/structural, formatting constant, protocol label, or corrections-ledger value"
cm_master_content_2026_08_03.json,1179,08,"""deliverables_n22_24/CM_BENCHMARK_REFRESH_CLAIM_MAP_2026-08-03.md rows 4 and 7"",","reviewed static/structural, formatting constant, protocol label, or corrections-ledger value"
cm_master_content_2026_08_03.json,1179,03,"""deliverables_n22_24/CM_BENCHMARK_REFRESH_CLAIM_MAP_2026-08-03.md rows 4 and 7"",","reviewed static/structural, formatting constant, protocol label, or corrections-ledger value"
cm_master_content_2026_08_03.json,1179,4,"""deliverables_n22_24/CM_BENCHMARK_REFRESH_CLAIM_MAP_2026-08-03.md rows 4 and 7"",","reviewed static/structural, formatting constant, protocol label, or corrections-ledger value"
cm_master_content_2026_08_03.json,1179,7,"""deliverables_n22_24/CM_BENCHMARK_REFRESH_CLAIM_MAP_2026-08-03.md rows 4 and 7"",","reviewed static/structural, formatting constant, protocol label, or corrections-ledger value"
cm_master_content_2026_08_03.json,1180,2026,"""docs/audits/2026-08-25-cm-deep-performance/reruns/campaign-20260826-132038/above_guard_audit.json"",","reviewed static/structural, formatting constant, protocol label, or corrections-ledger value"
cm_master_content_2026_08_03.json,1180,08,"""docs/audits/2026-08-25-cm-deep-performance/reruns/campaign-20260826-132038/above_guard_audit.json"",","reviewed static/structural, formatting constant, protocol label, or corrections-ledger value"
cm_master_content_2026_08_03.json,1180,25,"""docs/audits/2026-08-25-cm-deep-performance/reruns/campaign-20260826-132038/above_guard_audit.json"",","reviewed static/structural, formatting constant, protocol label, or corrections-ledger value"
cm_master_content_2026_08_03.json,1180,20260826,"""docs/audits/2026-08-25-cm-deep-performance/reruns/campaign-20260826-132038/above_guard_audit.json"",","reviewed static/structural, formatting constant, protocol label, or corrections-ledger value"
cm_master_content_2026_08_03.json,1180,132038,"""docs/audits/2026-08-25-cm-deep-performance/reruns/campaign-20260826-132038/above_guard_audit.json"",","reviewed static/structural, formatting constant, protocol label, or corrections-ledger value"
cm_master_content_2026_08_03.json,1181,2026,"""docs/audits/2026-08-25-cm-deep-performance/reruns/campaign-20260826-132038/above_guard_raw.csv""","reviewed static/structural, formatting constant, protocol label, or corrections-ledger value"
cm_master_content_2026_08_03.json,1181,08,"""docs/audits/2026-08-25-cm-deep-performance/reruns/campaign-20260826-132038/above_guard_raw.csv""","reviewed static/structural, formatting constant, protocol label, or corrections-ledger value"
cm_master_content_2026_08_03.json,1181,25,"""docs/audits/2026-08-25-cm-deep-performance/reruns/campaign-20260826-132038/above_guard_raw.csv""","reviewed static/structural, formatting constant, protocol label, or corrections-ledger value"
cm_master_content_2026_08_03.json,1181,20260826,"""docs/audits/2026-08-25-cm-deep-performance/reruns/campaign-20260826-132038/above_guard_raw.csv""","reviewed static/structural, formatting constant, protocol label, or corrections-ledger value"
cm_master_content_2026_08_03.json,1181,132038,"""docs/audits/2026-08-25-cm-deep-performance/reruns/campaign-20260826-132038/above_guard_raw.csv""","reviewed static/structural, formatting constant, protocol label, or corrections-ledger value"
cm_master_content_2026_08_03.json,1188,1,"""priority"": 1,","reviewed static/structural, formatting constant, protocol label, or corrections-ledger value"
cm_master_content_2026_08_03.json,1191,1,"""cost_level"": 1,","reviewed static/structural, formatting constant, protocol label, or corrections-ledger value"
cm_master_content_2026_08_03.json,1196,2,"""priority"": 2,","reviewed static/structural, formatting constant, protocol label, or corrections-ledger value"
cm_master_content_2026_08_03.json,1199,2,"""cost_level"": 2,","reviewed static/structural, formatting constant, protocol label, or corrections-ledger value"
cm_master_content_2026_08_03.json,1204,3,"""priority"": 3,","reviewed static/structural, formatting constant, protocol label, or corrections-ledger value"
cm_master_content_2026_08_03.json,1207,2,"""cost_level"": 2,","reviewed static/structural, formatting constant, protocol label, or corrections-ledger value"
cm_master_content_2026_08_03.json,1212,4,"""priority"": 4,","reviewed static/structural, formatting constant, protocol label, or corrections-ledger value"
cm_master_content_2026_08_03.json,1215,2,"""cost_level"": 2,","reviewed static/structural, formatting constant, protocol label, or corrections-ledger value"
cm_master_content_2026_08_03.json,1220,5,"""priority"": 5,","reviewed static/structural, formatting constant, protocol label, or corrections-ledger value"
cm_master_content_2026_08_03.json,1223,2,"""cost_level"": 2,","reviewed static/structural, formatting constant, protocol label, or corrections-ledger value"
cm_master_content_2026_08_03.json,1228,6,"""priority"": 6,","reviewed static/structural, formatting constant, protocol label, or corrections-ledger value"
cm_master_content_2026_08_03.json,1231,3,"""cost_level"": 3,","reviewed static/structural, formatting constant, protocol label, or corrections-ledger value"
cm_master_content_2026_08_03.json,1244,256,"""how"": ""The frozen corpus and driver replayed on {{kernel.pod.count}} independent Linux machines with SHA-256 corpus verification and exact identity-field matching."",","reviewed static/structural, formatting constant, protocol label, or corrections-ledger value"
cm_master_content_2026_08_03.json,1263,08,"""deliverables_n22_24/CM_GAP_EPFL_VALIDATION_2026-08-03.md §2"",","reviewed static/structural, formatting constant, protocol label, or corrections-ledger value"
cm_master_content_2026_08_03.json,1263,03,"""deliverables_n22_24/CM_GAP_EPFL_VALIDATION_2026-08-03.md §2"",","reviewed static/structural, formatting constant, protocol label, or corrections-ledger value"
cm_master_content_2026_08_03.json,1263,2,"""deliverables_n22_24/CM_GAP_EPFL_VALIDATION_2026-08-03.md §2"",","reviewed static/structural, formatting constant, protocol label, or corrections-ledger value"
cm_master_content_2026_08_03.json,1271,0.95,"""technical_explanation"": ""The external protocol pre-registered the corpus source, cone-selection rules, arms, schedules, clustering basis and a three-condition materiality rule: the external CM ÷ CSE-flat geometric mean had to be at or below 0.95, <em>and</em>","reviewed static/structural, formatting constant, protocol label, or corrections-ledger value"
cm_master_content_2026_08_03.json,1271,1000,"""technical_explanation"": ""The external protocol pre-registered the corpus source, cone-selection rules, arms, schedules, clustering basis and a three-condition materiality rule: the external CM ÷ CSE-flat geometric mean had to be at or below 0.95, <em>and</em>","reviewed static/structural, formatting constant, protocol label, or corrections-ledger value"
cm_master_content_2026_08_03.json,1274,08,"""deliverables_n22_24/CM_GAP_EPFL_PROTOCOL_2026-08-03.md"",","reviewed static/structural, formatting constant, protocol label, or corrections-ledger value"
cm_master_content_2026_08_03.json,1274,03,"""deliverables_n22_24/CM_GAP_EPFL_PROTOCOL_2026-08-03.md"",","reviewed static/structural, formatting constant, protocol label, or corrections-ledger value"
cm_master_content_2026_08_03.json,1275,08,"""deliverables_n22_24/CM_GAP_EPFL_VALIDATION_2026-08-03.md §3""","reviewed static/structural, formatting constant, protocol label, or corrections-ledger value"
cm_master_content_2026_08_03.json,1275,03,"""deliverables_n22_24/CM_GAP_EPFL_VALIDATION_2026-08-03.md §3""","reviewed static/structural, formatting constant, protocol label, or corrections-ledger value"
cm_master_content_2026_08_03.json,1275,3,"""deliverables_n22_24/CM_GAP_EPFL_VALIDATION_2026-08-03.md §3""","reviewed static/structural, formatting constant, protocol label, or corrections-ledger value"
cm_master_content_2026_08_03.json,1284,08,"""deliverables_n22_24/CM_GAP_EPFL_PROTOCOL_2026-08-03.md"",","reviewed static/structural, formatting constant, protocol label, or corrections-ledger value"
cm_master_content_2026_08_03.json,1284,03,"""deliverables_n22_24/CM_GAP_EPFL_PROTOCOL_2026-08-03.md"",","reviewed static/structural, formatting constant, protocol label, or corrections-ledger value"
cm_master_content_2026_08_03.json,1306,08,"""deliverables_n22_24/CM_GAP_INDEPENDENT_SPOT_REPLICATION_2026-08-03.md"",","reviewed static/structural, formatting constant, protocol label, or corrections-ledger value"
cm_master_content_2026_08_03.json,1306,03,"""deliverables_n22_24/CM_GAP_INDEPENDENT_SPOT_REPLICATION_2026-08-03.md"",","reviewed static/structural, formatting constant, protocol label, or corrections-ledger value"
cm_master_content_2026_08_03.json,1313,256,"""technical_explanation"": ""Corpora carry SHA-256 digests recorded in the campaign manifest and verified at each point of use. The cross-machine replication verified the corpus digest on every machine and additionally required the identity fields of every row to","reviewed static/structural, formatting constant, protocol label, or corrections-ledger value"
cm_master_content_2026_08_03.json,1338,08,"""deliverables_n22_24/CM_GAP_EPFL_VALIDATION_2026-08-03.md §2"",","reviewed static/structural, formatting constant, protocol label, or corrections-ledger value"
cm_master_content_2026_08_03.json,1338,03,"""deliverables_n22_24/CM_GAP_EPFL_VALIDATION_2026-08-03.md §2"",","reviewed static/structural, formatting constant, protocol label, or corrections-ledger value"
cm_master_content_2026_08_03.json,1338,2,"""deliverables_n22_24/CM_GAP_EPFL_VALIDATION_2026-08-03.md §2"",","reviewed static/structural, formatting constant, protocol label, or corrections-ledger value"
cm_master_content_2026_08_03.json,1349,08,"""deliverables_n22_24/CM_BENCHMARK_REFRESH_CLAIM_MAP_2026-08-03.md row 13""","reviewed static/structural, formatting constant, protocol label, or corrections-ledger value"
cm_master_content_2026_08_03.json,1349,03,"""deliverables_n22_24/CM_BENCHMARK_REFRESH_CLAIM_MAP_2026-08-03.md row 13""","reviewed static/structural, formatting constant, protocol label, or corrections-ledger value"
cm_master_content_2026_08_03.json,1349,13,"""deliverables_n22_24/CM_BENCHMARK_REFRESH_CLAIM_MAP_2026-08-03.md row 13""","reviewed static/structural, formatting constant, protocol label, or corrections-ledger value"
cm_master_content_2026_08_03.json,1359,08,"""deliverables_n22_24/CM_BENCHMARK_REFRESH_CLAIM_MAP_2026-08-03.md row 6""","reviewed static/structural, formatting constant, protocol label, or corrections-ledger value"
cm_master_content_2026_08_03.json,1359,03,"""deliverables_n22_24/CM_BENCHMARK_REFRESH_CLAIM_MAP_2026-08-03.md row 6""","reviewed static/structural, formatting constant, protocol label, or corrections-ledger value"
cm_master_content_2026_08_03.json,1359,6,"""deliverables_n22_24/CM_BENCHMARK_REFRESH_CLAIM_MAP_2026-08-03.md row 6""","reviewed static/structural, formatting constant, protocol label, or corrections-ledger value"
cm_master_content_2026_08_03.json,1368,08,"""deliverables_n22_24/CM_GAP_CONSOLIDATED_AUDIT_AND_ERRATUM_2026-08-02.md"",","reviewed static/structural, formatting constant, protocol label, or corrections-ledger value"
cm_master_content_2026_08_03.json,1368,02,"""deliverables_n22_24/CM_GAP_CONSOLIDATED_AUDIT_AND_ERRATUM_2026-08-02.md"",","reviewed static/structural, formatting constant, protocol label, or corrections-ledger value"
cm_master_content_2026_08_03.json,1369,08,"""deliverables_n22_24/CM_GAP_FILE_INDEX_AND_SUPERSESSION_2026-08-02.md"",","reviewed static/structural, formatting constant, protocol label, or corrections-ledger value"
cm_master_content_2026_08_03.json,1369,02,"""deliverables_n22_24/CM_GAP_FILE_INDEX_AND_SUPERSESSION_2026-08-02.md"",","reviewed static/structural, formatting constant, protocol label, or corrections-ledger value"
cm_master_content_2026_08_03.json,1370,08,"""deliverables_n22_24/CM_BENCHMARK_REFRESH_CLAIM_MAP_2026-08-03.md""","reviewed static/structural, formatting constant, protocol label, or corrections-ledger value"
cm_master_content_2026_08_03.json,1370,03,"""deliverables_n22_24/CM_BENCHMARK_REFRESH_CLAIM_MAP_2026-08-03.md""","reviewed static/structural, formatting constant, protocol label, or corrections-ledger value"
cm_master_content_2026_08_03.json,1379,08,"""deliverables_n22_24/CM_GAP_CONSOLIDATED_AUDIT_AND_ERRATUM_2026-08-02.md"",","reviewed static/structural, formatting constant, protocol label, or corrections-ledger value"
cm_master_content_2026_08_03.json,1379,02,"""deliverables_n22_24/CM_GAP_CONSOLIDATED_AUDIT_AND_ERRATUM_2026-08-02.md"",","reviewed static/structural, formatting constant, protocol label, or corrections-ledger value"
cm_master_content_2026_08_03.json,1380,08,"""deliverables_n22_24/CM_GAP_DEEP_FOLLOWUP_2026-08-02.md""","reviewed static/structural, formatting constant, protocol label, or corrections-ledger value"
cm_master_content_2026_08_03.json,1380,02,"""deliverables_n22_24/CM_GAP_DEEP_FOLLOWUP_2026-08-02.md""","reviewed static/structural, formatting constant, protocol label, or corrections-ledger value"
cm_master_content_2026_08_03.json,1388,2026,"""date"": ""2026-07-21"",","reviewed static/structural, formatting constant, protocol label, or corrections-ledger value"
cm_master_content_2026_08_03.json,1388,07,"""date"": ""2026-07-21"",","reviewed static/structural, formatting constant, protocol label, or corrections-ledger value"
cm_master_content_2026_08_03.json,1388,21,"""date"": ""2026-07-21"",","reviewed static/structural, formatting constant, protocol label, or corrections-ledger value"
cm_master_content_2026_08_03.json,1394,2026,"""date"": ""2026-07-23"",","reviewed static/structural, formatting constant, protocol label, or corrections-ledger value"
cm_master_content_2026_08_03.json,1394,07,"""date"": ""2026-07-23"",","reviewed static/structural, formatting constant, protocol label, or corrections-ledger value"
cm_master_content_2026_08_03.json,1394,23,"""date"": ""2026-07-23"",","reviewed static/structural, formatting constant, protocol label, or corrections-ledger value"
cm_master_content_2026_08_03.json,1400,2026,"""date"": ""2026-07-24"",","reviewed static/structural, formatting constant, protocol label, or corrections-ledger value"
cm_master_content_2026_08_03.json,1400,07,"""date"": ""2026-07-24"",","reviewed static/structural, formatting constant, protocol label, or corrections-ledger value"
cm_master_content_2026_08_03.json,1400,24,"""date"": ""2026-07-24"",","reviewed static/structural, formatting constant, protocol label, or corrections-ledger value"
cm_master_content_2026_08_03.json,1402,2026,"""outcome"": ""All fixes confirmed correct with no production mismatch. This is the state the slide deck is frozen at — and the state most of whose measured numbers the 2026-08-03 campaign has since superseded.""","reviewed static/structural, formatting constant, protocol label, or corrections-ledger value"
cm_master_content_2026_08_03.json,1402,08,"""outcome"": ""All fixes confirmed correct with no production mismatch. This is the state the slide deck is frozen at — and the state most of whose measured numbers the 2026-08-03 campaign has since superseded.""","reviewed static/structural, formatting constant, protocol label, or corrections-ledger value"
cm_master_content_2026_08_03.json,1402,03,"""outcome"": ""All fixes confirmed correct with no production mismatch. This is the state the slide deck is frozen at — and the state most of whose measured numbers the 2026-08-03 campaign has since superseded.""","reviewed static/structural, formatting constant, protocol label, or corrections-ledger value"
cm_master_content_2026_08_03.json,1406,2026,"""date"": ""2026-08-01"",","reviewed static/structural, formatting constant, protocol label, or corrections-ledger value"
cm_master_content_2026_08_03.json,1406,08,"""date"": ""2026-08-01"",","reviewed static/structural, formatting constant, protocol label, or corrections-ledger value"
cm_master_content_2026_08_03.json,1406,01,"""date"": ""2026-08-01"",","reviewed static/structural, formatting constant, protocol label, or corrections-ledger value"
cm_master_content_2026_08_03.json,1412,2026,"""date"": ""2026-08-02"",","reviewed static/structural, formatting constant, protocol label, or corrections-ledger value"
cm_master_content_2026_08_03.json,1412,08,"""date"": ""2026-08-02"",","reviewed static/structural, formatting constant, protocol label, or corrections-ledger value"
cm_master_content_2026_08_03.json,1412,02,"""date"": ""2026-08-02"",","reviewed static/structural, formatting constant, protocol label, or corrections-ledger value"
cm_master_content_2026_08_03.json,1418,2026,"""date"": ""2026-08-02"",","reviewed static/structural, formatting constant, protocol label, or corrections-ledger value"
cm_master_content_2026_08_03.json,1418,08,"""date"": ""2026-08-02"",","reviewed static/structural, formatting constant, protocol label, or corrections-ledger value"
cm_master_content_2026_08_03.json,1418,02,"""date"": ""2026-08-02"",","reviewed static/structural, formatting constant, protocol label, or corrections-ledger value"
cm_master_content_2026_08_03.json,1424,2026,"""date"": ""2026-08-02"",","reviewed static/structural, formatting constant, protocol label, or corrections-ledger value"
cm_master_content_2026_08_03.json,1424,08,"""date"": ""2026-08-02"",","reviewed static/structural, formatting constant, protocol label, or corrections-ledger value"
cm_master_content_2026_08_03.json,1424,02,"""date"": ""2026-08-02"",","reviewed static/structural, formatting constant, protocol label, or corrections-ledger value"
cm_master_content_2026_08_03.json,1430,2026,"""date"": ""2026-08-03"",","reviewed static/structural, formatting constant, protocol label, or corrections-ledger value"
cm_master_content_2026_08_03.json,1430,08,"""date"": ""2026-08-03"",","reviewed static/structural, formatting constant, protocol label, or corrections-ledger value"
cm_master_content_2026_08_03.json,1430,03,"""date"": ""2026-08-03"",","reviewed static/structural, formatting constant, protocol label, or corrections-ledger value"
cm_master_content_2026_08_03.json,1436,2026,"""date"": ""2026-08-03"",","reviewed static/structural, formatting constant, protocol label, or corrections-ledger value"
cm_master_content_2026_08_03.json,1436,08,"""date"": ""2026-08-03"",","reviewed static/structural, formatting constant, protocol label, or corrections-ledger value"
cm_master_content_2026_08_03.json,1436,03,"""date"": ""2026-08-03"",","reviewed static/structural, formatting constant, protocol label, or corrections-ledger value"
cm_master_content_2026_08_03.json,1442,2026,"""date"": ""2026-08-03"",","reviewed static/structural, formatting constant, protocol label, or corrections-ledger value"
cm_master_content_2026_08_03.json,1442,08,"""date"": ""2026-08-03"",","reviewed static/structural, formatting constant, protocol label, or corrections-ledger value"
cm_master_content_2026_08_03.json,1442,03,"""date"": ""2026-08-03"",","reviewed static/structural, formatting constant, protocol label, or corrections-ledger value"
cm_master_content_2026_08_03.json,1444,12,"""outcome"": ""Replay confirmed with identity fields exact. Wrapper claim REVISED — the earlier “CM ahead at 12 and 16” did not survive. Compile scaling confirmed. Guard confirmed with {{guard.wrong}} wrong decisions in {{guard.trials}} trials.""","reviewed static/structural, formatting constant, protocol label, or corrections-ledger value"
cm_master_content_2026_08_03.json,1444,16,"""outcome"": ""Replay confirmed with identity fields exact. Wrapper claim REVISED — the earlier “CM ahead at 12 and 16” did not survive. Compile scaling confirmed. Guard confirmed with {{guard.wrong}} wrong decisions in {{guard.trials}} trials.""","reviewed static/structural, formatting constant, protocol label, or corrections-ledger value"
cm_master_content_2026_08_03.json,1448,2026,"""date"": ""2026-08-03"",","reviewed static/structural, formatting constant, protocol label, or corrections-ledger value"
cm_master_content_2026_08_03.json,1448,08,"""date"": ""2026-08-03"",","reviewed static/structural, formatting constant, protocol label, or corrections-ledger value"
cm_master_content_2026_08_03.json,1448,03,"""date"": ""2026-08-03"",","reviewed static/structural, formatting constant, protocol label, or corrections-ledger value"
cm_master_content_2026_08_03.json,1454,2026,"""date"": ""2026-08-03"",","reviewed static/structural, formatting constant, protocol label, or corrections-ledger value"
cm_master_content_2026_08_03.json,1454,08,"""date"": ""2026-08-03"",","reviewed static/structural, formatting constant, protocol label, or corrections-ledger value"
cm_master_content_2026_08_03.json,1454,03,"""date"": ""2026-08-03"",","reviewed static/structural, formatting constant, protocol label, or corrections-ledger value"
cm_master_content_2026_08_03.json,1460,2026,"""date"": ""2026-08-03"",","reviewed static/structural, formatting constant, protocol label, or corrections-ledger value"
cm_master_content_2026_08_03.json,1460,08,"""date"": ""2026-08-03"",","reviewed static/structural, formatting constant, protocol label, or corrections-ledger value"
cm_master_content_2026_08_03.json,1460,03,"""date"": ""2026-08-03"",","reviewed static/structural, formatting constant, protocol label, or corrections-ledger value"
cm_master_content_2026_08_03.json,1466,2026,"""date"": ""2026-08-03"",","reviewed static/structural, formatting constant, protocol label, or corrections-ledger value"
cm_master_content_2026_08_03.json,1466,08,"""date"": ""2026-08-03"",","reviewed static/structural, formatting constant, protocol label, or corrections-ledger value"
cm_master_content_2026_08_03.json,1466,03,"""date"": ""2026-08-03"",","reviewed static/structural, formatting constant, protocol label, or corrections-ledger value"
cm_master_content_2026_08_03.json,1472,2026,"""date"": ""2026-08-25/26"",","reviewed static/structural, formatting constant, protocol label, or corrections-ledger value"
cm_master_content_2026_08_03.json,1472,08,"""date"": ""2026-08-25/26"",","reviewed static/structural, formatting constant, protocol label, or corrections-ledger value"
cm_master_content_2026_08_03.json,1472,25,"""date"": ""2026-08-25/26"",","reviewed static/structural, formatting constant, protocol label, or corrections-ledger value"
cm_master_content_2026_08_03.json,1472,26,"""date"": ""2026-08-25/26"",","reviewed static/structural, formatting constant, protocol label, or corrections-ledger value"
cm_master_content_2026_08_03.json,1478,2026,"""date"": ""2026-08-26/27"",","reviewed static/structural, formatting constant, protocol label, or corrections-ledger value"
cm_master_content_2026_08_03.json,1478,08,"""date"": ""2026-08-26/27"",","reviewed static/structural, formatting constant, protocol label, or corrections-ledger value"
cm_master_content_2026_08_03.json,1478,26,"""date"": ""2026-08-26/27"",","reviewed static/structural, formatting constant, protocol label, or corrections-ledger value"
cm_master_content_2026_08_03.json,1478,27,"""date"": ""2026-08-26/27"",","reviewed static/structural, formatting constant, protocol label, or corrections-ledger value"
cm_master_content_2026_08_03.json,1484,2026,"""date"": ""2026-08-27"",","reviewed static/structural, formatting constant, protocol label, or corrections-ledger value"
cm_master_content_2026_08_03.json,1484,08,"""date"": ""2026-08-27"",","reviewed static/structural, formatting constant, protocol label, or corrections-ledger value"
cm_master_content_2026_08_03.json,1484,27,"""date"": ""2026-08-27"",","reviewed static/structural, formatting constant, protocol label, or corrections-ledger value"
cm_master_content_2026_08_03.json,1486,256,"""outcome"": ""{{dpr3.helpers.before}} duplicate SHA-256 helpers became {{dpr3.helpers.after}} streaming helper. Exactness/integration passed but the tiny smoke failed timing gates, so no performance claim is made. Current validation: {{tests.focused}} focused te","reviewed static/structural, formatting constant, protocol label, or corrections-ledger value"
cm_master_content_2026_08_03.json,1494,0,"""technical"": ""A mapping from {0,1}ⁿ to {0,1}. Everything on this site is about representing, evaluating and comparing such mappings.""","reviewed static/structural, formatting constant, protocol label, or corrections-ledger value"
cm_master_content_2026_08_03.json,1494,1,"""technical"": ""A mapping from {0,1}ⁿ to {0,1}. Everything on this site is about representing, evaluating and comparing such mappings.""","reviewed static/structural, formatting constant, protocol label, or corrections-ledger value"
cm_master_content_2026_08_03.json,1494,0,"""technical"": ""A mapping from {0,1}ⁿ to {0,1}. Everything on this site is about representing, evaluating and comparing such mappings.""","reviewed static/structural, formatting constant, protocol label, or corrections-ledger value"
cm_master_content_2026_08_03.json,1494,1,"""technical"": ""A mapping from {0,1}ⁿ to {0,1}. Everything on this site is about representing, evaluating and comparing such mappings.""","reviewed static/structural, formatting constant, protocol label, or corrections-ledger value"
cm_master_content_2026_08_03.json,1500,2,"""technical"": ""The explicit enumeration of a Boolean function's outputs over all 2ⁿ input assignments, under a fixed variable ordering. Complete, canonical for that ordering, and exponential in size.""","reviewed static/structural, formatting constant, protocol label, or corrections-ledger value"
cm_master_content_2026_08_03.json,1698,2,"""technical"": ""The number of variables the function genuinely depends on, measured rather than assumed. Explicit output size is 2^live_k. A variable can appear syntactically and be semantically dead.""","reviewed static/structural, formatting constant, protocol label, or corrections-ledger value"
cm_master_content_2026_08_03.json,1751,10%,"""lay"": ""One of the methods being compared in an experiment. Saying “CM was 10% faster” is meaningless without saying faster than which arm."",","reviewed static/structural, formatting constant, protocol label, or corrections-ledger value"
cm_master_content_2026_08_03.json,1781,1.25,"""lay"": ""The right kind of average for ratios. If one measurement says “twice as fast” and another says “half as fast”, an ordinary average says 1.25 — which is wrong. The geometric mean correctly says 1."",","reviewed static/structural, formatting constant, protocol label, or corrections-ledger value"
cm_master_content_2026_08_03.json,1781,1,"""lay"": ""The right kind of average for ratios. If one measurement says “twice as fast” and another says “half as fast”, an ordinary average says 1.25 — which is wrong. The geometric mean correctly says 1."",","reviewed static/structural, formatting constant, protocol label, or corrections-ledger value"
cm_master_shared.js,12,1,"const S1 = ""var(--series-1)"", S2 = ""var(--series-2)"", S3 = ""var(--series-3)"", S4 = ""var(--series-4)"";","reviewed static/structural, formatting constant, protocol label, or corrections-ledger value"
cm_master_shared.js,12,2,"const S1 = ""var(--series-1)"", S2 = ""var(--series-2)"", S3 = ""var(--series-3)"", S4 = ""var(--series-4)"";","reviewed static/structural, formatting constant, protocol label, or corrections-ledger value"
cm_master_shared.js,12,3,"const S1 = ""var(--series-1)"", S2 = ""var(--series-2)"", S3 = ""var(--series-3)"", S4 = ""var(--series-4)"";","reviewed static/structural, formatting constant, protocol label, or corrections-ledger value"
cm_master_shared.js,12,4,"const S1 = ""var(--series-1)"", S2 = ""var(--series-2)"", S3 = ""var(--series-3)"", S4 = ""var(--series-4)"";","reviewed static/structural, formatting constant, protocol label, or corrections-ledger value"
cm_master_shared.js,16,2000,"const n = document.createElementNS(""http://www.w3.org/2000/svg"", t);","reviewed static/structural, formatting constant, protocol label, or corrections-ledger value"
cm_master_shared.js,34,3,"const f = (x, d = 3) => (x === null || x === undefined) ? ""—"" : Number(x).toFixed(d);","reviewed static/structural, formatting constant, protocol label, or corrections-ledger value"
cm_master_shared.js,36,100000,": x >= 100000 ? (x / 1000).toFixed(0) + "" ms""","reviewed static/structural, formatting constant, protocol label, or corrections-ledger value"
cm_master_shared.js,36,1000,": x >= 100000 ? (x / 1000).toFixed(0) + "" ms""","reviewed static/structural, formatting constant, protocol label, or corrections-ledger value"
cm_master_shared.js,36,0,": x >= 100000 ? (x / 1000).toFixed(0) + "" ms""","reviewed static/structural, formatting constant, protocol label, or corrections-ledger value"
cm_master_shared.js,37,1000,": x >= 1000 ? (x / 1000).toFixed(x >= 10000 ? 1 : 2) + "" ms""","reviewed static/structural, formatting constant, protocol label, or corrections-ledger value"
cm_master_shared.js,37,1000,": x >= 1000 ? (x / 1000).toFixed(x >= 10000 ? 1 : 2) + "" ms""","reviewed static/structural, formatting constant, protocol label, or corrections-ledger value"
cm_master_shared.js,37,10000,": x >= 1000 ? (x / 1000).toFixed(x >= 10000 ? 1 : 2) + "" ms""","reviewed static/structural, formatting constant, protocol label, or corrections-ledger value"
cm_master_shared.js,37,1,": x >= 1000 ? (x / 1000).toFixed(x >= 10000 ? 1 : 2) + "" ms""","reviewed static/structural, formatting constant, protocol label, or corrections-ledger value"
cm_master_shared.js,37,2,": x >= 1000 ? (x / 1000).toFixed(x >= 10000 ? 1 : 2) + "" ms""","reviewed static/structural, formatting constant, protocol label, or corrections-ledger value"
cm_master_shared.js,38,10,": x.toFixed(x < 10 ? 2 : 1) + "" µs"";","reviewed static/structural, formatting constant, protocol label, or corrections-ledger value"
cm_master_shared.js,38,2,": x.toFixed(x < 10 ? 2 : 1) + "" µs"";","reviewed static/structural, formatting constant, protocol label, or corrections-ledger value"
cm_master_shared.js,38,1,": x.toFixed(x < 10 ? 2 : 1) + "" µs"";","reviewed static/structural, formatting constant, protocol label, or corrections-ledger value"
cm_master_shared.js,42,2,"ratio2: (v) => Number(v).toFixed(2),","reviewed static/structural, formatting constant, protocol label, or corrections-ledger value"
cm_master_shared.js,43,3,"ratio3: (v) => Number(v).toFixed(3),","reviewed static/structural, formatting constant, protocol label, or corrections-ledger value"
cm_master_shared.js,44,4,"ratio4: (v) => Number(v).toFixed(4),","reviewed static/structural, formatting constant, protocol label, or corrections-ledger value"
cm_master_shared.js,45,1,"num1: (v) => Number(v).toFixed(1),","reviewed static/structural, formatting constant, protocol label, or corrections-ledger value"
cm_master_shared.js,47,78,"would render a spurious tenth on a whole number (""78"" not ""78.0""). */","reviewed static/structural, formatting constant, protocol label, or corrections-ledger value"
cm_master_shared.js,47,78.0,"would render a spurious tenth on a whole number (""78"" not ""78.0""). */","reviewed static/structural, formatting constant, protocol label, or corrections-ledger value"
cm_master_shared.js,48,1,"num1s: (v) => Number(v).toFixed(1).replace(/\.0$/, """"),","reviewed static/structural, formatting constant, protocol label, or corrections-ledger value"
cm_master_shared.js,48,0,"num1s: (v) => Number(v).toFixed(1).replace(/\.0$/, """"),","reviewed static/structural, formatting constant, protocol label, or corrections-ledger value"
cm_master_shared.js,52,1,"x1: (v) => Number(v).toFixed(1) + ""×"",","reviewed static/structural, formatting constant, protocol label, or corrections-ledger value"
cm_master_shared.js,53,2,"x2: (v) => Number(v).toFixed(2) + ""×"",","reviewed static/structural, formatting constant, protocol label, or corrections-ledger value"
cm_master_shared.js,56,1,"pct1: (v) => Number(v).toFixed(1) + ""%"",","reviewed static/structural, formatting constant, protocol label, or corrections-ledger value"
cm_master_shared.js,57,2,"pct2: (v) => Number(v).toFixed(2) + ""%"",","reviewed static/structural, formatting constant, protocol label, or corrections-ledger value"
cm_master_shared.js,58,0,"pctsign2: (v) => (v >= 0 ? ""+"" : """") + Number(v).toFixed(2) + ""%"",","reviewed static/structural, formatting constant, protocol label, or corrections-ledger value"
cm_master_shared.js,58,2,"pctsign2: (v) => (v >= 0 ? ""+"" : """") + Number(v).toFixed(2) + ""%"",","reviewed static/structural, formatting constant, protocol label, or corrections-ledger value"
cm_master_shared.js,60,10,"ms0: (v) => Number(v).toFixed(v < 10 ? 1 : 0) + "" ms"",","reviewed static/structural, formatting constant, protocol label, or corrections-ledger value"
cm_master_shared.js,60,1,"ms0: (v) => Number(v).toFixed(v < 10 ? 1 : 0) + "" ms"",","reviewed static/structural, formatting constant, protocol label, or corrections-ledger value"
cm_master_shared.js,60,0,"ms0: (v) => Number(v).toFixed(v < 10 ? 1 : 0) + "" ms"",","reviewed static/structural, formatting constant, protocol label, or corrections-ledger value"
cm_master_shared.js,61,4,"usd: (v) => ""$"" + Number(v).toFixed(4),","reviewed static/structural, formatting constant, protocol label, or corrections-ledger value"
cm_master_shared.js,82,9,"return String(s).replace(/\{\{([a-zA-Z0-9_.]+)\}\}/g, (_, tok) => {","reviewed static/structural, formatting constant, protocol label, or corrections-ledger value"
cm_master_shared.js,100,1,tip.style.opacity = 1;,"reviewed static/structural, formatting constant, protocol label, or corrections-ledger value"
cm_master_shared.js,102,14,"let x = e.clientX + 14, y = e.clientY + 14;","reviewed static/structural, formatting constant, protocol label, or corrections-ledger value"
cm_master_shared.js,102,14,"let x = e.clientX + 14, y = e.clientY + 14;","reviewed static/structural, formatting constant, protocol label, or corrections-ledger value"
cm_master_shared.js,103,8,if (x + r.width > innerWidth - 8) x = e.clientX - r.width - 14;,"reviewed static/structural, formatting constant, protocol label, or corrections-ledger value"
cm_master_shared.js,103,14,if (x + r.width > innerWidth - 8) x = e.clientX - r.width - 14;,"reviewed static/structural, formatting constant, protocol label, or corrections-ledger value"
cm_master_shared.js,104,8,if (y + r.height > innerHeight - 8) y = e.clientY - r.height - 14;,"reviewed static/structural, formatting constant, protocol label, or corrections-ledger value"
cm_master_shared.js,104,14,if (y + r.height > innerHeight - 8) y = e.clientY - r.height - 14;,"reviewed static/structural, formatting constant, protocol label, or corrections-ledger value"
cm_master_shared.js,109,0,"node.addEventListener(""mouseleave"", () => tip.style.opacity = 0);","reviewed static/structural, formatting constant, protocol label, or corrections-ledger value"
cm_master_shared.js,110,0,"node.setAttribute(""tabindex"", ""0"");","reviewed static/structural, formatting constant, protocol label, or corrections-ledger value"
cm_master_shared.js,113,2,"show({ clientX: b.left + b.width / 2, clientY: b.top });","reviewed static/structural, formatting constant, protocol label, or corrections-ledger value"
cm_master_shared.js,115,0,"node.addEventListener(""blur"", () => tip.style.opacity = 0);","reviewed static/structural, formatting constant, protocol label, or corrections-ledger value"
cm_master_shared.js,131,5,"function niceTicks(lo, hi, n = 5) {","reviewed static/structural, formatting constant, protocol label, or corrections-ledger value"
cm_master_shared.js,133,10,"const mag = Math.pow(10, Math.floor(Math.log10(raw)));","reviewed static/structural, formatting constant, protocol label, or corrections-ledger value"
cm_master_shared.js,134,1,"const step = [1, 2, 2.5, 5, 10].map(m => m * mag).find(s => s >= raw) || 10 * mag;","reviewed static/structural, formatting constant, protocol label, or corrections-ledger value"
cm_master_shared.js,134,2,"const step = [1, 2, 2.5, 5, 10].map(m => m * mag).find(s => s >= raw) || 10 * mag;","reviewed static/structural, formatting constant, protocol label, or corrections-ledger value"
cm_master_shared.js,134,2.5,"const step = [1, 2, 2.5, 5, 10].map(m => m * mag).find(s => s >= raw) || 10 * mag;","reviewed static/structural, formatting constant, protocol label, or corrections-ledger value"
cm_master_shared.js,134,5,"const step = [1, 2, 2.5, 5, 10].map(m => m * mag).find(s => s >= raw) || 10 * mag;","reviewed static/structural, formatting constant, protocol label, or corrections-ledger value"
cm_master_shared.js,134,10,"const step = [1, 2, 2.5, 5, 10].map(m => m * mag).find(s => s >= raw) || 10 * mag;","reviewed static/structural, formatting constant, protocol label, or corrections-ledger value"
cm_master_shared.js,134,10,"const step = [1, 2, 2.5, 5, 10].map(m => m * mag).find(s => s >= raw) || 10 * mag;","reviewed static/structural, formatting constant, protocol label, or corrections-ledger value"
cm_master_shared.js,136,1e-9,for (let v = Math.ceil(lo / step) * step; v <= hi + 1e-9; v += step) out.push(+v.toFixed(10));,"reviewed static/structural, formatting constant, protocol label, or corrections-ledger value"
cm_master_shared.js,136,10,for (let v = Math.ceil(lo / step) * step; v <= hi + 1e-9; v += step) out.push(+v.toFixed(10));,"reviewed static/structural, formatting constant, protocol label, or corrections-ledger value"
cm_master_shared.js,142,10,"const v = Math.pow(10, e);","reviewed static/structural, formatting constant, protocol label, or corrections-ledger value"
cm_master_shared.js,143,0.999,if (v >= lo * 0.999 && v <= hi * 1.001) out.push(v);,"reviewed static/structural, formatting constant, protocol label, or corrections-ledger value"
cm_master_shared.js,143,1.001,if (v >= lo * 0.999 && v <= hi * 1.001) out.push(v);,"reviewed static/structural, formatting constant, protocol label, or corrections-ledger value"
cm_master_shared.js,265,900,"const W = opt.width || 900, padL = opt.padL || 250, padR = 92, padT = 30, rowH = 30;","reviewed static/structural, formatting constant, protocol label, or corrections-ledger value"
cm_master_shared.js,265,250,"const W = opt.width || 900, padL = opt.padL || 250, padR = 92, padT = 30, rowH = 30;","reviewed static/structural, formatting constant, protocol label, or corrections-ledger value"
cm_master_shared.js,265,92,"const W = opt.width || 900, padL = opt.padL || 250, padR = 92, padT = 30, rowH = 30;","reviewed static/structural, formatting constant, protocol label, or corrections-ledger value"
cm_master_shared.js,265,30,"const W = opt.width || 900, padL = opt.padL || 250, padR = 92, padT = 30, rowH = 30;","reviewed static/structural, formatting constant, protocol label, or corrections-ledger value"
cm_master_shared.js,265,30,"const W = opt.width || 900, padL = opt.padL || 250, padR = 92, padT = 30, rowH = 30;","reviewed static/structural, formatting constant, protocol label, or corrections-ledger value"
cm_master_shared.js,266,46,const H = padT + rows.length * rowH + 46;,"reviewed static/structural, formatting constant, protocol label, or corrections-ledger value"
cm_master_shared.js,267,0,"const lo = opt.domain[0], hi = opt.domain[1];","reviewed static/structural, formatting constant, protocol label, or corrections-ledger value"
cm_master_shared.js,267,1,"const lo = opt.domain[0], hi = opt.domain[1];","reviewed static/structural, formatting constant, protocol label, or corrections-ledger value"
cm_master_shared.js,269,0,"const g = el(""svg"", { width: W, height: H, viewBox: `0 0 ${W} ${H}`, role: ""img"",","reviewed static/structural, formatting constant, protocol label, or corrections-ledger value"
cm_master_shared.js,269,0,"const g = el(""svg"", { width: W, height: H, viewBox: `0 0 ${W} ${H}`, role: ""img"",","reviewed static/structural, formatting constant, protocol label, or corrections-ledger value"
cm_master_shared.js,272,6,"niceTicks(lo, hi, opt.ticks || 6).forEach(t => {","reviewed static/structural, formatting constant, protocol label, or corrections-ledger value"
cm_master_shared.js,273,8,"g.append(el(""line"", { x1: x(t), x2: x(t), y1: padT - 8, y2: padT + rows.length * rowH,","reviewed static/structural, formatting constant, protocol label, or corrections-ledger value"
cm_master_shared.js,274,1,"stroke: ""var(--grid)"", ""stroke-width"": 1 }));","reviewed static/structural, formatting constant, protocol label, or corrections-ledger value"
cm_master_shared.js,275,18,"g.append(el(""text"", { x: x(t), y: padT + rows.length * rowH + 18, class: ""tick"",","reviewed static/structural, formatting constant, protocol label, or corrections-ledger value"
cm_master_shared.js,276,2,"""text-anchor"": ""middle"" }, [document.createTextNode(f(t, 2))]));","reviewed static/structural, formatting constant, protocol label, or corrections-ledger value"
cm_master_shared.js,279,12,"g.append(el(""line"", { x1: x(opt.ref), x2: x(opt.ref), y1: padT - 12, y2: padT + rows.length * rowH,","reviewed static/structural, formatting constant, protocol label, or corrections-ledger value"
cm_master_shared.js,280,1.5,"stroke: ""var(--ref)"", ""stroke-width"": 1.5 }));","reviewed static/structural, formatting constant, protocol label, or corrections-ledger value"
cm_master_shared.js,281,17,"g.append(el(""text"", { x: x(opt.ref), y: padT - 17, class: ""axtitle"", ""text-anchor"": ""middle"" },","reviewed static/structural, formatting constant, protocol label, or corrections-ledger value"
cm_master_shared.js,282,1.00,"[document.createTextNode(opt.refLabel || ""parity 1.00"")]));","reviewed static/structural, formatting constant, protocol label, or corrections-ledger value"
cm_master_shared.js,284,2,"g.append(el(""text"", { x: (padL + W - padR) / 2, y: H - 8, class: ""axtitle"", ""text-anchor"": ""middle"" },","reviewed static/structural, formatting constant, protocol label, or corrections-ledger value"
cm_master_shared.js,284,8,"g.append(el(""text"", { x: (padL + W - padR) / 2, y: H - 8, class: ""axtitle"", ""text-anchor"": ""middle"" },","reviewed static/structural, formatting constant, protocol label, or corrections-ledger value"
cm_master_shared.js,288,2,const cy = padT + i * rowH + rowH / 2;,"reviewed static/structural, formatting constant, protocol label, or corrections-ledger value"
cm_master_shared.js,290,12,"g.append(el(""text"", { x: padL - 12, y: cy + 4, class: ""lab"", ""text-anchor"": ""end"" },","reviewed static/structural, formatting constant, protocol label, or corrections-ledger value"
cm_master_shared.js,290,4,"g.append(el(""text"", { x: padL - 12, y: cy + 4, class: ""lab"", ""text-anchor"": ""end"" },","reviewed static/structural, formatting constant, protocol label, or corrections-ledger value"
cm_master_shared.js,293,2,"g.append(el(""line"", { x1: x(r.lo), x2: x(r.hi), y1: cy, y2: cy, stroke: col, ""stroke-width"": 2,","reviewed static/structural, formatting constant, protocol label, or corrections-ledger value"
cm_master_shared.js,295,5,"[r.lo, r.hi].forEach(v => g.append(el(""line"", { x1: x(v), x2: x(v), y1: cy - 5, y2: cy + 5,","reviewed static/structural, formatting constant, protocol label, or corrections-ledger value"
cm_master_shared.js,295,5,"[r.lo, r.hi].forEach(v => g.append(el(""line"", { x1: x(v), x2: x(v), y1: cy - 5, y2: cy + 5,","reviewed static/structural, formatting constant, protocol label, or corrections-ledger value"
cm_master_shared.js,296,2,"stroke: col, ""stroke-width"": 2 })));","reviewed static/structural, formatting constant, protocol label, or corrections-ledger value"
cm_master_shared.js,298,5.5,"g.append(el(""circle"", { cx: x(r.value), cy, r: 5.5, fill: col,","reviewed static/structural, formatting constant, protocol label, or corrections-ledger value"
cm_master_shared.js,299,1,"stroke: ""var(--surface-1)"", ""stroke-width"": 2 }));","reviewed static/structural, formatting constant, protocol label, or corrections-ledger value"
cm_master_shared.js,299,2,"stroke: ""var(--surface-1)"", ""stroke-width"": 2 }));","reviewed static/structural, formatting constant, protocol label, or corrections-ledger value"
cm_master_shared.js,300,10,"g.append(el(""text"", { x: W - padR + 10, y: cy + 4, class: ""val"" },","reviewed static/structural, formatting constant, protocol label, or corrections-ledger value"
cm_master_shared.js,300,4,"g.append(el(""text"", { x: W - padR + 10, y: cy + 4, class: ""val"" },","reviewed static/structural, formatting constant, protocol label, or corrections-ledger value"
cm_master_shared.js,301,4,"[document.createTextNode(f(r.value, 4))]));","reviewed static/structural, formatting constant, protocol label, or corrections-ledger value"
cm_master_shared.js,302,4,"const hit = el(""rect"", { x: padL - 4, y: cy - rowH / 2, width: W - padR - padL + 8, height: rowH, class: ""hit"" });","reviewed static/structural, formatting constant, protocol label, or corrections-ledger value"
cm_master_shared.js,302,2,"const hit = el(""rect"", { x: padL - 4, y: cy - rowH / 2, width: W - padR - padL + 8, height: rowH, class: ""hit"" });","reviewed static/structural, formatting constant, protocol label, or corrections-ledger value"
cm_master_shared.js,302,8,"const hit = el(""rect"", { x: padL - 4, y: cy - rowH / 2, width: W - padR - padL + 8, height: rowH, class: ""hit"" });","reviewed static/structural, formatting constant, protocol label, or corrections-ledger value"
cm_master_shared.js,303,4,"bindTip(hit, `<b>${r.label}</b><span class=""r"">${opt.arm}: ${f(r.value, 4)}` +","reviewed static/structural, formatting constant, protocol label, or corrections-ledger value"
cm_master_shared.js,304,95%,"(r.lo != null ? ` &nbsp;95% CI [${f(r.lo, 4)}, ${f(r.hi, 4)}]` : """") +","reviewed static/structural, formatting constant, protocol label, or corrections-ledger value"
cm_master_shared.js,304,4,"(r.lo != null ? ` &nbsp;95% CI [${f(r.lo, 4)}, ${f(r.hi, 4)}]` : """") +","reviewed static/structural, formatting constant, protocol label, or corrections-ledger value"
cm_master_shared.js,304,4,"(r.lo != null ? ` &nbsp;95% CI [${f(r.lo, 4)}, ${f(r.hi, 4)}]` : """") +","reviewed static/structural, formatting constant, protocol label, or corrections-ledger value"
cm_master_shared.js,313,900,"const W = cfg.width || 900, padL = cfg.padL || 74, padR = 22, padT = 22, padB = cfg.padB || 62;","reviewed static/structural, formatting constant, protocol label, or corrections-ledger value"
cm_master_shared.js,313,74,"const W = cfg.width || 900, padL = cfg.padL || 74, padR = 22, padT = 22, padB = cfg.padB || 62;","reviewed static/structural, formatting constant, protocol label, or corrections-ledger value"
cm_master_shared.js,313,22,"const W = cfg.width || 900, padL = cfg.padL || 74, padR = 22, padT = 22, padB = cfg.padB || 62;","reviewed static/structural, formatting constant, protocol label, or corrections-ledger value"
cm_master_shared.js,313,22,"const W = cfg.width || 900, padL = cfg.padL || 74, padR = 22, padT = 22, padB = cfg.padB || 62;","reviewed static/structural, formatting constant, protocol label, or corrections-ledger value"
cm_master_shared.js,313,62,"const W = cfg.width || 900, padL = cfg.padL || 74, padR = 22, padT = 22, padB = cfg.padB || 62;","reviewed static/structural, formatting constant, protocol label, or corrections-ledger value"
cm_master_shared.js,314,320,const H = cfg.height || 320;,"reviewed static/structural, formatting constant, protocol label, or corrections-ledger value"
cm_master_shared.js,318,0,const allV = groups.flatMap(g => series.map(s => g.values[s.key]).filter(v => v != null && (!isLog || v > 0)));,"reviewed static/structural, formatting constant, protocol label, or corrections-ledger value"
cm_master_shared.js,319,1.12,const maxV = cfg.max || Math.max(...allV) * 1.12;,"reviewed static/structural, formatting constant, protocol label, or corrections-ledger value"
cm_master_shared.js,320,10,"const minV = isLog ? (cfg.min || Math.pow(10, Math.floor(Math.log10(Math.min(...allV))))) : 0;","reviewed static/structural, formatting constant, protocol label, or corrections-ledger value"
cm_master_shared.js,320,0,"const minV = isLog ? (cfg.min || Math.pow(10, Math.floor(Math.log10(Math.min(...allV))))) : 0;","reviewed static/structural, formatting constant, protocol label, or corrections-ledger value"
cm_master_shared.js,322,0,"const g = el(""svg"", { width: W, height: H, viewBox: `0 0 ${W} ${H}`, role: ""img"",","reviewed static/structural, formatting constant, protocol label, or corrections-ledger value"
cm_master_shared.js,322,0,"const g = el(""svg"", { width: W, height: H, viewBox: `0 0 ${W} ${H}`, role: ""img"",","reviewed static/structural, formatting constant, protocol label, or corrections-ledger value"
cm_master_shared.js,325,5,"(isLog ? logTicks(minV, maxV) : niceTicks(minV, maxV, 5)).forEach(t => {","reviewed static/structural, formatting constant, protocol label, or corrections-ledger value"
cm_master_shared.js,326,1,"g.append(el(""line"", { x1: padL, x2: W - padR, y1: y(t), y2: y(t), stroke: ""var(--grid)"", ""stroke-width"": 1 }));","reviewed static/structural, formatting constant, protocol label, or corrections-ledger value"
cm_master_shared.js,327,10,"g.append(el(""text"", { x: padL - 10, y: y(t) + 4, class: ""tick"", ""text-anchor"": ""end"" },","reviewed static/structural, formatting constant, protocol label, or corrections-ledger value"
cm_master_shared.js,327,4,"g.append(el(""text"", { x: padL - 10, y: y(t) + 4, class: ""tick"", ""text-anchor"": ""end"" },","reviewed static/structural, formatting constant, protocol label, or corrections-ledger value"
cm_master_shared.js,328,2,"[document.createTextNode(cfg.fmtTick ? cfg.fmtTick(t) : f(t, cfg.tickDigits ?? 2))]));","reviewed static/structural, formatting constant, protocol label, or corrections-ledger value"
cm_master_shared.js,331,1,"stroke: ""var(--axis)"", ""stroke-width"": 1 }));","reviewed static/structural, formatting constant, protocol label, or corrections-ledger value"
cm_master_shared.js,334,1.5,"stroke: ""var(--ref)"", ""stroke-width"": 1.5 }));","reviewed static/structural, formatting constant, protocol label, or corrections-ledger value"
cm_master_shared.js,335,2,"g.append(el(""text"", { x: W - padR - 2, y: y(cfg.ref) - 6, class: ""axtitle"", ""text-anchor"": ""end"" },","reviewed static/structural, formatting constant, protocol label, or corrections-ledger value"
cm_master_shared.js,335,6,"g.append(el(""text"", { x: W - padR - 2, y: y(cfg.ref) - 6, class: ""axtitle"", ""text-anchor"": ""end"" },","reviewed static/structural, formatting constant, protocol label, or corrections-ledger value"
cm_master_shared.js,336,1.00,"[document.createTextNode(cfg.refLabel || ""parity 1.00"")]));","reviewed static/structural, formatting constant, protocol label, or corrections-ledger value"
cm_master_shared.js,338,16,"g.append(el(""text"", { x: 16, y: padT + plotH / 2, class: ""axtitle"", ""text-anchor"": ""middle"",","reviewed static/structural, formatting constant, protocol label, or corrections-ledger value"
cm_master_shared.js,338,2,"g.append(el(""text"", { x: 16, y: padT + plotH / 2, class: ""axtitle"", ""text-anchor"": ""middle"",","reviewed static/structural, formatting constant, protocol label, or corrections-ledger value"
cm_master_shared.js,339,90,"transform: `rotate(-90 16 ${padT + plotH / 2})` },","reviewed static/structural, formatting constant, protocol label, or corrections-ledger value"
cm_master_shared.js,339,16,"transform: `rotate(-90 16 ${padT + plotH / 2})` },","reviewed static/structural, formatting constant, protocol label, or corrections-ledger value"
cm_master_shared.js,339,2,"transform: `rotate(-90 16 ${padT + plotH / 2})` },","reviewed static/structural, formatting constant, protocol label, or corrections-ledger value"
cm_master_shared.js,341,2,"g.append(el(""text"", { x: padL + plotW / 2, y: H - 8, class: ""axtitle"", ""text-anchor"": ""middle"" },","reviewed static/structural, formatting constant, protocol label, or corrections-ledger value"
cm_master_shared.js,341,8,"g.append(el(""text"", { x: padL + plotW / 2, y: H - 8, class: ""axtitle"", ""text-anchor"": ""middle"" },","reviewed static/structural, formatting constant, protocol label, or corrections-ledger value"
cm_master_shared.js,345,24,"const inner = Math.min(cfg.barW || 24, (bandW - 26) / series.length);","reviewed static/structural, formatting constant, protocol label, or corrections-ledger value"
cm_master_shared.js,345,26,"const inner = Math.min(cfg.barW || 24, (bandW - 26) / series.length);","reviewed static/structural, formatting constant, protocol label, or corrections-ledger value"
cm_master_shared.js,347,0.5,const cx = padL + bandW * (gi + 0.5);,"reviewed static/structural, formatting constant, protocol label, or corrections-ledger value"
cm_master_shared.js,348,1,const total = series.length * inner + (series.length - 1) * 2;,"reviewed static/structural, formatting constant, protocol label, or corrections-ledger value"
cm_master_shared.js,348,2,const total = series.length * inner + (series.length - 1) * 2;,"reviewed static/structural, formatting constant, protocol label, or corrections-ledger value"
cm_master_shared.js,351,0,if (v == null || (isLog && v <= 0)) return;,"reviewed static/structural, formatting constant, protocol label, or corrections-ledger value"
cm_master_shared.js,352,2,const bx = cx - total / 2 + si * (inner + 2);,"reviewed static/structural, formatting constant, protocol label, or corrections-ledger value"
cm_master_shared.js,352,2,const bx = cx - total / 2 + si * (inner + 2);,"reviewed static/structural, formatting constant, protocol label, or corrections-ledger value"
cm_master_shared.js,353,1,"const by = y(v), bh = Math.max(1, padT + plotH - by);","reviewed static/structural, formatting constant, protocol label, or corrections-ledger value"
cm_master_shared.js,354,4,"const r = Math.min(4, bh / 2);","reviewed static/structural, formatting constant, protocol label, or corrections-ledger value"
cm_master_shared.js,354,2,"const r = Math.min(4, bh / 2);","reviewed static/structural, formatting constant, protocol label, or corrections-ledger value"
cm_master_shared.js,359,3,"bindTip(bar, `<b>${grp.label} · ${s.label}</b><span class=""r"">${cfg.fmtVal ? cfg.fmtVal(v) : f(v, 3)}</span>` +","reviewed static/structural, formatting constant, protocol label, or corrections-ledger value"
cm_master_shared.js,363,2,"g.append(el(""text"", { x: bx + inner / 2, y: by - 6, class: ""val"", ""text-anchor"": ""middle"",","reviewed static/structural, formatting constant, protocol label, or corrections-ledger value"
cm_master_shared.js,363,6,"g.append(el(""text"", { x: bx + inner / 2, y: by - 6, class: ""val"", ""text-anchor"": ""middle"",","reviewed static/structural, formatting constant, protocol label, or corrections-ledger value"
cm_master_shared.js,364,10.5,"""font-size"": 10.5 },","reviewed static/structural, formatting constant, protocol label, or corrections-ledger value"
cm_master_shared.js,365,2,"[document.createTextNode(cfg.fmtVal ? cfg.fmtVal(v) : f(v, 2))]));","reviewed static/structural, formatting constant, protocol label, or corrections-ledger value"
cm_master_shared.js,368,18,"g.append(el(""text"", { x: cx, y: padT + plotH + 18, class: ""lab"", ""text-anchor"": ""middle"" },","reviewed static/structural, formatting constant, protocol label, or corrections-ledger value"
cm_master_shared.js,370,33,"if (grp.sub) g.append(el(""text"", { x: cx, y: padT + plotH + 33, class: ""tick"", ""text-anchor"": ""middle"",","reviewed static/structural, formatting constant, protocol label, or corrections-ledger value"
cm_master_shared.js,371,11,"""font-size"": 11 }, [document.createTextNode(grp.sub)]));","reviewed static/structural, formatting constant, protocol label, or corrections-ledger value"
cm_master_shared.js,376,2,"/* ------------------------------------- dumbbell (2 series, horizontal cats) */","reviewed static/structural, formatting constant, protocol label, or corrections-ledger value"
cm_master_shared.js,378,900,"const W = cfg.width || 900, padL = cfg.padL || 175, padR = 30, padT = 26, rowH = cfg.rowH || 24;","reviewed static/structural, formatting constant, protocol label, or corrections-ledger value"
cm_master_shared.js,378,175,"const W = cfg.width || 900, padL = cfg.padL || 175, padR = 30, padT = 26, rowH = cfg.rowH || 24;","reviewed static/structural, formatting constant, protocol label, or corrections-ledger value"
cm_master_shared.js,378,30,"const W = cfg.width || 900, padL = cfg.padL || 175, padR = 30, padT = 26, rowH = cfg.rowH || 24;","reviewed static/structural, formatting constant, protocol label, or corrections-ledger value"
cm_master_shared.js,378,26,"const W = cfg.width || 900, padL = cfg.padL || 175, padR = 30, padT = 26, rowH = cfg.rowH || 24;","reviewed static/structural, formatting constant, protocol label, or corrections-ledger value"
cm_master_shared.js,378,24,"const W = cfg.width || 900, padL = cfg.padL || 175, padR = 30, padT = 26, rowH = cfg.rowH || 24;","reviewed static/structural, formatting constant, protocol label, or corrections-ledger value"
cm_master_shared.js,379,48,const H = padT + cats.length * rowH + 48;,"reviewed static/structural, formatting constant, protocol label, or corrections-ledger value"
cm_master_shared.js,380,0,"const x = linScale(cfg.domain[0], cfg.domain[1], padL, W - padR);","reviewed static/structural, formatting constant, protocol label, or corrections-ledger value"
cm_master_shared.js,380,1,"const x = linScale(cfg.domain[0], cfg.domain[1], padL, W - padR);","reviewed static/structural, formatting constant, protocol label, or corrections-ledger value"
cm_master_shared.js,381,0,"const g = el(""svg"", { width: W, height: H, viewBox: `0 0 ${W} ${H}`, role: ""img"", ""aria-label"": cfg.title });","reviewed static/structural, formatting constant, protocol label, or corrections-ledger value"
cm_master_shared.js,381,0,"const g = el(""svg"", { width: W, height: H, viewBox: `0 0 ${W} ${H}`, role: ""img"", ""aria-label"": cfg.title });","reviewed static/structural, formatting constant, protocol label, or corrections-ledger value"
cm_master_shared.js,382,0,"niceTicks(cfg.domain[0], cfg.domain[1], 6).forEach(t => {","reviewed static/structural, formatting constant, protocol label, or corrections-ledger value"
cm_master_shared.js,382,1,"niceTicks(cfg.domain[0], cfg.domain[1], 6).forEach(t => {","reviewed static/structural, formatting constant, protocol label, or corrections-ledger value"
cm_master_shared.js,382,6,"niceTicks(cfg.domain[0], cfg.domain[1], 6).forEach(t => {","reviewed static/structural, formatting constant, protocol label, or corrections-ledger value"
cm_master_shared.js,383,6,"g.append(el(""line"", { x1: x(t), x2: x(t), y1: padT - 6, y2: padT + cats.length * rowH,","reviewed static/structural, formatting constant, protocol label, or corrections-ledger value"
cm_master_shared.js,384,1,"stroke: ""var(--grid)"", ""stroke-width"": 1 }));","reviewed static/structural, formatting constant, protocol label, or corrections-ledger value"
cm_master_shared.js,385,18,"g.append(el(""text"", { x: x(t), y: padT + cats.length * rowH + 18, class: ""tick"", ""text-anchor"": ""middle"" },","reviewed static/structural, formatting constant, protocol label, or corrections-ledger value"
cm_master_shared.js,386,2,"[document.createTextNode(f(t, 2))]));","reviewed static/structural, formatting constant, protocol label, or corrections-ledger value"
cm_master_shared.js,389,12,"g.append(el(""line"", { x1: x(cfg.ref), x2: x(cfg.ref), y1: padT - 12, y2: padT + cats.length * rowH,","reviewed static/structural, formatting constant, protocol label, or corrections-ledger value"
cm_master_shared.js,390,1.5,"stroke: ""var(--ref)"", ""stroke-width"": 1.5 }));","reviewed static/structural, formatting constant, protocol label, or corrections-ledger value"
cm_master_shared.js,391,17,"g.append(el(""text"", { x: x(cfg.ref), y: padT - 17, class: ""axtitle"", ""text-anchor"": ""middle"" },","reviewed static/structural, formatting constant, protocol label, or corrections-ledger value"
cm_master_shared.js,392,1.00,"[document.createTextNode(""parity 1.00"")]));","reviewed static/structural, formatting constant, protocol label, or corrections-ledger value"
cm_master_shared.js,394,2,"g.append(el(""text"", { x: (padL + W - padR) / 2, y: H - 8, class: ""axtitle"", ""text-anchor"": ""middle"" },","reviewed static/structural, formatting constant, protocol label, or corrections-ledger value"
cm_master_shared.js,394,8,"g.append(el(""text"", { x: (padL + W - padR) / 2, y: H - 8, class: ""axtitle"", ""text-anchor"": ""middle"" },","reviewed static/structural, formatting constant, protocol label, or corrections-ledger value"
cm_master_shared.js,397,2,const cy = padT + i * rowH + rowH / 2;,"reviewed static/structural, formatting constant, protocol label, or corrections-ledger value"
cm_master_shared.js,398,12,"g.append(el(""text"", { x: padL - 12, y: cy + 4, class: ""lab"", ""text-anchor"": ""end"" },","reviewed static/structural, formatting constant, protocol label, or corrections-ledger value"
cm_master_shared.js,398,4,"g.append(el(""text"", { x: padL - 12, y: cy + 4, class: ""lab"", ""text-anchor"": ""end"" },","reviewed static/structural, formatting constant, protocol label, or corrections-ledger value"
cm_master_shared.js,401,2,"stroke: ""var(--axis)"", ""stroke-width"": 2, ""stroke-linecap"": ""round"" }));","reviewed static/structural, formatting constant, protocol label, or corrections-ledger value"
cm_master_shared.js,402,4.5,"g.append(el(""circle"", { cx: x(c.b), cy, r: 4.5, fill: S2, stroke: ""var(--surface-1)"", ""stroke-width"": 2 }));","reviewed static/structural, formatting constant, protocol label, or corrections-ledger value"
cm_master_shared.js,402,1,"g.append(el(""circle"", { cx: x(c.b), cy, r: 4.5, fill: S2, stroke: ""var(--surface-1)"", ""stroke-width"": 2 }));","reviewed static/structural, formatting constant, protocol label, or corrections-ledger value"
cm_master_shared.js,402,2,"g.append(el(""circle"", { cx: x(c.b), cy, r: 4.5, fill: S2, stroke: ""var(--surface-1)"", ""stroke-width"": 2 }));","reviewed static/structural, formatting constant, protocol label, or corrections-ledger value"
cm_master_shared.js,403,4.5,"g.append(el(""circle"", { cx: x(c.a), cy, r: 4.5, fill: S1, stroke: ""var(--surface-1)"", ""stroke-width"": 2 }));","reviewed static/structural, formatting constant, protocol label, or corrections-ledger value"
cm_master_shared.js,403,1,"g.append(el(""circle"", { cx: x(c.a), cy, r: 4.5, fill: S1, stroke: ""var(--surface-1)"", ""stroke-width"": 2 }));","reviewed static/structural, formatting constant, protocol label, or corrections-ledger value"
cm_master_shared.js,403,2,"g.append(el(""circle"", { cx: x(c.a), cy, r: 4.5, fill: S1, stroke: ""var(--surface-1)"", ""stroke-width"": 2 }));","reviewed static/structural, formatting constant, protocol label, or corrections-ledger value"
cm_master_shared.js,404,4,"const hit = el(""rect"", { x: padL - 4, y: cy - rowH / 2, width: W - padR - padL + 8, height: rowH, class: ""hit"" });","reviewed static/structural, formatting constant, protocol label, or corrections-ledger value"
cm_master_shared.js,404,2,"const hit = el(""rect"", { x: padL - 4, y: cy - rowH / 2, width: W - padR - padL + 8, height: rowH, class: ""hit"" });","reviewed static/structural, formatting constant, protocol label, or corrections-ledger value"
cm_master_shared.js,404,8,"const hit = el(""rect"", { x: padL - 4, y: cy - rowH / 2, width: W - padR - padL + 8, height: rowH, class: ""hit"" });","reviewed static/structural, formatting constant, protocol label, or corrections-ledger value"
cm_master_shared.js,405,4,"bindTip(hit, `<b>${c.label}</b><span class=""r"">${cfg.aLabel}: ${f(c.a, 4)}<br>${cfg.bLabel}: ${f(c.b, 4)}</span>` +","reviewed static/structural, formatting constant, protocol label, or corrections-ledger value"
cm_master_shared.js,405,4,"bindTip(hit, `<b>${c.label}</b><span class=""r"">${cfg.aLabel}: ${f(c.a, 4)}<br>${cfg.bLabel}: ${f(c.b, 4)}</span>` +","reviewed static/structural, formatting constant, protocol label, or corrections-ledger value"
cm_master_shared.js,414,900,"const W = cfg.width || 900, padL = cfg.padL || 78, padR = cfg.padR || 30, padT = 24, padB = 58;","reviewed static/structural, formatting constant, protocol label, or corrections-ledger value"
cm_master_shared.js,414,78,"const W = cfg.width || 900, padL = cfg.padL || 78, padR = cfg.padR || 30, padT = 24, padB = 58;","reviewed static/structural, formatting constant, protocol label, or corrections-ledger value"
cm_master_shared.js,414,30,"const W = cfg.width || 900, padL = cfg.padL || 78, padR = cfg.padR || 30, padT = 24, padB = 58;","reviewed static/structural, formatting constant, protocol label, or corrections-ledger value"
cm_master_shared.js,414,24,"const W = cfg.width || 900, padL = cfg.padL || 78, padR = cfg.padR || 30, padT = 24, padB = 58;","reviewed static/structural, formatting constant, protocol label, or corrections-ledger value"
cm_master_shared.js,414,58,"const W = cfg.width || 900, padL = cfg.padL || 78, padR = cfg.padR || 30, padT = 24, padB = 58;","reviewed static/structural, formatting constant, protocol label, or corrections-ledger value"
cm_master_shared.js,415,320,"const H = cfg.height || 320, plotW = W - padL - padR, plotH = H - padT - padB;","reviewed static/structural, formatting constant, protocol label, or corrections-ledger value"
cm_master_shared.js,416,0,"const x = cfg.logX ? logScale(cfg.xDomain[0], cfg.xDomain[1], padL, W - padR)","reviewed static/structural, formatting constant, protocol label, or corrections-ledger value"
cm_master_shared.js,416,1,"const x = cfg.logX ? logScale(cfg.xDomain[0], cfg.xDomain[1], padL, W - padR)","reviewed static/structural, formatting constant, protocol label, or corrections-ledger value"
cm_master_shared.js,417,0,": linScale(cfg.xDomain[0], cfg.xDomain[1], padL, W - padR);","reviewed static/structural, formatting constant, protocol label, or corrections-ledger value"
cm_master_shared.js,417,1,": linScale(cfg.xDomain[0], cfg.xDomain[1], padL, W - padR);","reviewed static/structural, formatting constant, protocol label, or corrections-ledger value"
cm_master_shared.js,418,0,"const y = cfg.logY ? logScale(cfg.yDomain[0], cfg.yDomain[1], padT + plotH, padT)","reviewed static/structural, formatting constant, protocol label, or corrections-ledger value"
cm_master_shared.js,418,1,"const y = cfg.logY ? logScale(cfg.yDomain[0], cfg.yDomain[1], padT + plotH, padT)","reviewed static/structural, formatting constant, protocol label, or corrections-ledger value"
cm_master_shared.js,419,0,": linScale(cfg.yDomain[0], cfg.yDomain[1], padT + plotH, padT);","reviewed static/structural, formatting constant, protocol label, or corrections-ledger value"
cm_master_shared.js,419,1,": linScale(cfg.yDomain[0], cfg.yDomain[1], padT + plotH, padT);","reviewed static/structural, formatting constant, protocol label, or corrections-ledger value"
cm_master_shared.js,420,0,"const g = el(""svg"", { width: W, height: H, viewBox: `0 0 ${W} ${H}`, role: ""img"", ""aria-label"": cfg.title });","reviewed static/structural, formatting constant, protocol label, or corrections-ledger value"
cm_master_shared.js,420,0,"const g = el(""svg"", { width: W, height: H, viewBox: `0 0 ${W} ${H}`, role: ""img"", ""aria-label"": cfg.title });","reviewed static/structural, formatting constant, protocol label, or corrections-ledger value"
cm_master_shared.js,422,0,"(cfg.logY ? logTicks(cfg.yDomain[0], cfg.yDomain[1]) : niceTicks(cfg.yDomain[0], cfg.yDomain[1], 5)).forEach(t => {","reviewed static/structural, formatting constant, protocol label, or corrections-ledger value"
cm_master_shared.js,422,1,"(cfg.logY ? logTicks(cfg.yDomain[0], cfg.yDomain[1]) : niceTicks(cfg.yDomain[0], cfg.yDomain[1], 5)).forEach(t => {","reviewed static/structural, formatting constant, protocol label, or corrections-ledger value"
cm_master_shared.js,422,0,"(cfg.logY ? logTicks(cfg.yDomain[0], cfg.yDomain[1]) : niceTicks(cfg.yDomain[0], cfg.yDomain[1], 5)).forEach(t => {","reviewed static/structural, formatting constant, protocol label, or corrections-ledger value"
cm_master_shared.js,422,1,"(cfg.logY ? logTicks(cfg.yDomain[0], cfg.yDomain[1]) : niceTicks(cfg.yDomain[0], cfg.yDomain[1], 5)).forEach(t => {","reviewed static/structural, formatting constant, protocol label, or corrections-ledger value"
cm_master_shared.js,422,5,"(cfg.logY ? logTicks(cfg.yDomain[0], cfg.yDomain[1]) : niceTicks(cfg.yDomain[0], cfg.yDomain[1], 5)).forEach(t => {","reviewed static/structural, formatting constant, protocol label, or corrections-ledger value"
cm_master_shared.js,423,1,"g.append(el(""line"", { x1: padL, x2: W - padR, y1: y(t), y2: y(t), stroke: ""var(--grid)"", ""stroke-width"": 1 }));","reviewed static/structural, formatting constant, protocol label, or corrections-ledger value"
cm_master_shared.js,424,10,"g.append(el(""text"", { x: padL - 10, y: y(t) + 4, class: ""tick"", ""text-anchor"": ""end"" },","reviewed static/structural, formatting constant, protocol label, or corrections-ledger value"
cm_master_shared.js,424,4,"g.append(el(""text"", { x: padL - 10, y: y(t) + 4, class: ""tick"", ""text-anchor"": ""end"" },","reviewed static/structural, formatting constant, protocol label, or corrections-ledger value"
cm_master_shared.js,425,2,"[document.createTextNode(cfg.fmtY ? cfg.fmtY(t) : f(t, 2))]));","reviewed static/structural, formatting constant, protocol label, or corrections-ledger value"
cm_master_shared.js,427,0,"(cfg.xTicks || (cfg.logX ? logTicks(cfg.xDomain[0], cfg.xDomain[1]) : niceTicks(cfg.xDomain[0], cfg.xDomain[1], 6)))","reviewed static/structural, formatting constant, protocol label, or corrections-ledger value"
cm_master_shared.js,427,1,"(cfg.xTicks || (cfg.logX ? logTicks(cfg.xDomain[0], cfg.xDomain[1]) : niceTicks(cfg.xDomain[0], cfg.xDomain[1], 6)))","reviewed static/structural, formatting constant, protocol label, or corrections-ledger value"
cm_master_shared.js,427,0,"(cfg.xTicks || (cfg.logX ? logTicks(cfg.xDomain[0], cfg.xDomain[1]) : niceTicks(cfg.xDomain[0], cfg.xDomain[1], 6)))","reviewed static/structural, formatting constant, protocol label, or corrections-ledger value"
cm_master_shared.js,427,1,"(cfg.xTicks || (cfg.logX ? logTicks(cfg.xDomain[0], cfg.xDomain[1]) : niceTicks(cfg.xDomain[0], cfg.xDomain[1], 6)))","reviewed static/structural, formatting constant, protocol label, or corrections-ledger value"
cm_master_shared.js,427,6,"(cfg.xTicks || (cfg.logX ? logTicks(cfg.xDomain[0], cfg.xDomain[1]) : niceTicks(cfg.xDomain[0], cfg.xDomain[1], 6)))","reviewed static/structural, formatting constant, protocol label, or corrections-ledger value"
cm_master_shared.js,429,18,"g.append(el(""text"", { x: x(t), y: padT + plotH + 18, class: ""tick"", ""text-anchor"": ""middle"" },","reviewed static/structural, formatting constant, protocol label, or corrections-ledger value"
cm_master_shared.js,430,0,"[document.createTextNode(cfg.fmtX ? cfg.fmtX(t) : f(t, 0))]));","reviewed static/structural, formatting constant, protocol label, or corrections-ledger value"
cm_master_shared.js,433,1,"stroke: ""var(--axis)"", ""stroke-width"": 1 }));","reviewed static/structural, formatting constant, protocol label, or corrections-ledger value"
cm_master_shared.js,436,1.5,"stroke: ""var(--ref)"", ""stroke-width"": 1.5, ""stroke-dasharray"": ""4 3"" }));","reviewed static/structural, formatting constant, protocol label, or corrections-ledger value"
cm_master_shared.js,436,4,"stroke: ""var(--ref)"", ""stroke-width"": 1.5, ""stroke-dasharray"": ""4 3"" }));","reviewed static/structural, formatting constant, protocol label, or corrections-ledger value"
cm_master_shared.js,436,3,"stroke: ""var(--ref)"", ""stroke-width"": 1.5, ""stroke-dasharray"": ""4 3"" }));","reviewed static/structural, formatting constant, protocol label, or corrections-ledger value"
cm_master_shared.js,437,2,"g.append(el(""text"", { x: W - padR - 2, y: y(cfg.ref) - 6, class: ""axtitle"", ""text-anchor"": ""end"" },","reviewed static/structural, formatting constant, protocol label, or corrections-ledger value"
cm_master_shared.js,437,6,"g.append(el(""text"", { x: W - padR - 2, y: y(cfg.ref) - 6, class: ""axtitle"", ""text-anchor"": ""end"" },","reviewed static/structural, formatting constant, protocol label, or corrections-ledger value"
cm_master_shared.js,438,1.00,"[document.createTextNode(cfg.refLabel || ""parity 1.00"")]));","reviewed static/structural, formatting constant, protocol label, or corrections-ledger value"
cm_master_shared.js,440,16,"g.append(el(""text"", { x: 16, y: padT + plotH / 2, class: ""axtitle"", ""text-anchor"": ""middle"",","reviewed static/structural, formatting constant, protocol label, or corrections-ledger value"
cm_master_shared.js,440,2,"g.append(el(""text"", { x: 16, y: padT + plotH / 2, class: ""axtitle"", ""text-anchor"": ""middle"",","reviewed static/structural, formatting constant, protocol label, or corrections-ledger value"
cm_master_shared.js,441,90,"transform: `rotate(-90 16 ${padT + plotH / 2})` },","reviewed static/structural, formatting constant, protocol label, or corrections-ledger value"
cm_master_shared.js,441,16,"transform: `rotate(-90 16 ${padT + plotH / 2})` },","reviewed static/structural, formatting constant, protocol label, or corrections-ledger value"
cm_master_shared.js,441,2,"transform: `rotate(-90 16 ${padT + plotH / 2})` },","reviewed static/structural, formatting constant, protocol label, or corrections-ledger value"
cm_master_shared.js,443,2,"g.append(el(""text"", { x: padL + plotW / 2, y: H - 8, class: ""axtitle"", ""text-anchor"": ""middle"" },","reviewed static/structural, formatting constant, protocol label, or corrections-ledger value"
cm_master_shared.js,443,8,"g.append(el(""text"", { x: padL + plotW / 2, y: H - 8, class: ""axtitle"", ""text-anchor"": ""middle"" },","reviewed static/structural, formatting constant, protocol label, or corrections-ledger value"
cm_master_shared.js,449,2,"g.append(el(""path"", { d, fill: ""none"", stroke: s.color, ""stroke-width"": 2,","reviewed static/structural, formatting constant, protocol label, or corrections-ledger value"
cm_master_shared.js,454,4.5,"g.append(el(""circle"", { cx: x(p.x), cy: y(p.y), r: s.r || 4.5, fill: s.color,","reviewed static/structural, formatting constant, protocol label, or corrections-ledger value"
cm_master_shared.js,455,1,"stroke: ""var(--surface-1)"", ""stroke-width"": 2 }));","reviewed static/structural, formatting constant, protocol label, or corrections-ledger value"
cm_master_shared.js,455,2,"stroke: ""var(--surface-1)"", ""stroke-width"": 2 }));","reviewed static/structural, formatting constant, protocol label, or corrections-ledger value"
cm_master_shared.js,456,13,"const hit = el(""circle"", { cx: x(p.x), cy: y(p.y), r: 13, class: ""hit"" });","reviewed static/structural, formatting constant, protocol label, or corrections-ledger value"
cm_master_shared.js,460,0,"g.append(el(""text"", { x: x(p.x) + (p.dx || 0), y: y(p.y) - 12, class: ""val"",","reviewed static/structural, formatting constant, protocol label, or corrections-ledger value"
cm_master_shared.js,460,12,"g.append(el(""text"", { x: x(p.x) + (p.dx || 0), y: y(p.y) - 12, class: ""val"",","reviewed static/structural, formatting constant, protocol label, or corrections-ledger value"
cm_master_shared.js,461,11,"""text-anchor"": p.anchor || ""middle"", ""font-size"": 11 },","reviewed static/structural, formatting constant, protocol label, or corrections-ledger value"
cm_master_shared.js,471,880,"const W = cfg.width || 880, padL = cfg.padL || 190, padR = 74, padT = 22, rowH = cfg.rowH || 26;","reviewed static/structural, formatting constant, protocol label, or corrections-ledger value"
cm_master_shared.js,471,190,"const W = cfg.width || 880, padL = cfg.padL || 190, padR = 74, padT = 22, rowH = cfg.rowH || 26;","reviewed static/structural, formatting constant, protocol label, or corrections-ledger value"
cm_master_shared.js,471,74,"const W = cfg.width || 880, padL = cfg.padL || 190, padR = 74, padT = 22, rowH = cfg.rowH || 26;","reviewed static/structural, formatting constant, protocol label, or corrections-ledger value"
cm_master_shared.js,471,22,"const W = cfg.width || 880, padL = cfg.padL || 190, padR = 74, padT = 22, rowH = cfg.rowH || 26;","reviewed static/structural, formatting constant, protocol label, or corrections-ledger value"
cm_master_shared.js,471,26,"const W = cfg.width || 880, padL = cfg.padL || 190, padR = 74, padT = 22, rowH = cfg.rowH || 26;","reviewed static/structural, formatting constant, protocol label, or corrections-ledger value"
cm_master_shared.js,472,44,const H = padT + rows.length * rowH + 44;,"reviewed static/structural, formatting constant, protocol label, or corrections-ledger value"
cm_master_shared.js,473,1.1,const maxV = cfg.max || Math.max(...rows.map(r => r.value)) * 1.1;,"reviewed static/structural, formatting constant, protocol label, or corrections-ledger value"
cm_master_shared.js,474,0,"const x = linScale(0, maxV, padL, W - padR);","reviewed static/structural, formatting constant, protocol label, or corrections-ledger value"
cm_master_shared.js,475,0,"const g = el(""svg"", { width: W, height: H, viewBox: `0 0 ${W} ${H}`, role: ""img"", ""aria-label"": cfg.title });","reviewed static/structural, formatting constant, protocol label, or corrections-ledger value"
cm_master_shared.js,475,0,"const g = el(""svg"", { width: W, height: H, viewBox: `0 0 ${W} ${H}`, role: ""img"", ""aria-label"": cfg.title });","reviewed static/structural, formatting constant, protocol label, or corrections-ledger value"
cm_master_shared.js,476,0,"niceTicks(0, maxV, 5).forEach(t => {","reviewed static/structural, formatting constant, protocol label, or corrections-ledger value"
cm_master_shared.js,476,5,"niceTicks(0, maxV, 5).forEach(t => {","reviewed static/structural, formatting constant, protocol label, or corrections-ledger value"
cm_master_shared.js,477,6,"g.append(el(""line"", { x1: x(t), x2: x(t), y1: padT - 6, y2: padT + rows.length * rowH,","reviewed static/structural, formatting constant, protocol label, or corrections-ledger value"
cm_master_shared.js,478,1,"stroke: ""var(--grid)"", ""stroke-width"": 1 }));","reviewed static/structural, formatting constant, protocol label, or corrections-ledger value"
cm_master_shared.js,479,18,"g.append(el(""text"", { x: x(t), y: padT + rows.length * rowH + 18, class: ""tick"", ""text-anchor"": ""middle"" },","reviewed static/structural, formatting constant, protocol label, or corrections-ledger value"
cm_master_shared.js,480,0,"[document.createTextNode(cfg.fmtTick ? cfg.fmtTick(t) : f(t, 0))]));","reviewed static/structural, formatting constant, protocol label, or corrections-ledger value"
cm_master_shared.js,482,0,if (cfg.ref != null && cfg.ref >= 0 && cfg.ref <= maxV) {,"reviewed static/structural, formatting constant, protocol label, or corrections-ledger value"
cm_master_shared.js,483,9,"g.append(el(""line"", { x1: x(cfg.ref), x2: x(cfg.ref), y1: padT - 9, y2: padT + rows.length * rowH,","reviewed static/structural, formatting constant, protocol label, or corrections-ledger value"
cm_master_shared.js,484,1.5,"stroke: ""var(--ref)"", ""stroke-width"": 1.5 }));","reviewed static/structural, formatting constant, protocol label, or corrections-ledger value"
cm_master_shared.js,485,13,"g.append(el(""text"", { x: x(cfg.ref), y: padT - 13, class: ""axtitle"", ""text-anchor"": ""middle"" },","reviewed static/structural, formatting constant, protocol label, or corrections-ledger value"
cm_master_shared.js,488,2,"g.append(el(""text"", { x: (padL + W - padR) / 2, y: H - 6, class: ""axtitle"", ""text-anchor"": ""middle"" },","reviewed static/structural, formatting constant, protocol label, or corrections-ledger value"
cm_master_shared.js,488,6,"g.append(el(""text"", { x: (padL + W - padR) / 2, y: H - 6, class: ""axtitle"", ""text-anchor"": ""middle"" },","reviewed static/structural, formatting constant, protocol label, or corrections-ledger value"
cm_master_shared.js,491,2,"const cy = padT + i * rowH + rowH / 2, bh = Math.min(15, rowH - 9);","reviewed static/structural, formatting constant, protocol label, or corrections-ledger value"
cm_master_shared.js,491,15,"const cy = padT + i * rowH + rowH / 2, bh = Math.min(15, rowH - 9);","reviewed static/structural, formatting constant, protocol label, or corrections-ledger value"
cm_master_shared.js,491,9,"const cy = padT + i * rowH + rowH / 2, bh = Math.min(15, rowH - 9);","reviewed static/structural, formatting constant, protocol label, or corrections-ledger value"
cm_master_shared.js,492,12,"g.append(el(""text"", { x: padL - 12, y: cy + 4, class: ""lab"", ""text-anchor"": ""end"" },","reviewed static/structural, formatting constant, protocol label, or corrections-ledger value"
cm_master_shared.js,492,4,"g.append(el(""text"", { x: padL - 12, y: cy + 4, class: ""lab"", ""text-anchor"": ""end"" },","reviewed static/structural, formatting constant, protocol label, or corrections-ledger value"
cm_master_shared.js,494,2,"const bar = el(""rect"", { x: padL, y: cy - bh / 2, width: Math.max(1, x(r.value) - padL), height: bh,","reviewed static/structural, formatting constant, protocol label, or corrections-ledger value"
cm_master_shared.js,494,1,"const bar = el(""rect"", { x: padL, y: cy - bh / 2, width: Math.max(1, x(r.value) - padL), height: bh,","reviewed static/structural, formatting constant, protocol label, or corrections-ledger value"
cm_master_shared.js,495,3,"rx: 3, fill: r.color || cfg.color || S1 });","reviewed static/structural, formatting constant, protocol label, or corrections-ledger value"
cm_master_shared.js,496,2,"bindTip(bar, `<b>${r.label}</b><span class=""r"">${cfg.fmtVal ? cfg.fmtVal(r.value) : f(r.value, 2)}</span>` +","reviewed static/structural, formatting constant, protocol label, or corrections-ledger value"
cm_master_shared.js,499,8,"g.append(el(""text"", { x: x(r.value) + 8, y: cy + 4, class: ""val"", ""font-size"": 11.5 },","reviewed static/structural, formatting constant, protocol label, or corrections-ledger value"
cm_master_shared.js,499,4,"g.append(el(""text"", { x: x(r.value) + 8, y: cy + 4, class: ""val"", ""font-size"": 11.5 },","reviewed static/structural, formatting constant, protocol label, or corrections-ledger value"
cm_master_shared.js,499,11.5,"g.append(el(""text"", { x: x(r.value) + 8, y: cy + 4, class: ""val"", ""font-size"": 11.5 },","reviewed static/structural, formatting constant, protocol label, or corrections-ledger value"
cm_master_shared.js,500,2,"[document.createTextNode(cfg.fmtVal ? cfg.fmtVal(r.value) : f(r.value, 2))]));","reviewed static/structural, formatting constant, protocol label, or corrections-ledger value"
cm_master_shared.js,505,100%,/* ----------------------------------- 100% stacked horizontal outcome bars */,"reviewed static/structural, formatting constant, protocol label, or corrections-ledger value"
cm_master_shared.js,507,900,"const W = cfg.width || 900, padL = cfg.padL || 245, padR = 128, padT = 30, rowH = cfg.rowH || 46;","reviewed static/structural, formatting constant, protocol label, or corrections-ledger value"
cm_master_shared.js,507,245,"const W = cfg.width || 900, padL = cfg.padL || 245, padR = 128, padT = 30, rowH = cfg.rowH || 46;","reviewed static/structural, formatting constant, protocol label, or corrections-ledger value"
cm_master_shared.js,507,128,"const W = cfg.width || 900, padL = cfg.padL || 245, padR = 128, padT = 30, rowH = cfg.rowH || 46;","reviewed static/structural, formatting constant, protocol label, or corrections-ledger value"
cm_master_shared.js,507,30,"const W = cfg.width || 900, padL = cfg.padL || 245, padR = 128, padT = 30, rowH = cfg.rowH || 46;","reviewed static/structural, formatting constant, protocol label, or corrections-ledger value"
cm_master_shared.js,507,46,"const W = cfg.width || 900, padL = cfg.padL || 245, padR = 128, padT = 30, rowH = cfg.rowH || 46;","reviewed static/structural, formatting constant, protocol label, or corrections-ledger value"
cm_master_shared.js,508,46,const H = padT + rows.length * rowH + 46;,"reviewed static/structural, formatting constant, protocol label, or corrections-ledger value"
cm_master_shared.js,509,0,"const x = linScale(0, 100, padL, W - padR);","reviewed static/structural, formatting constant, protocol label, or corrections-ledger value"
cm_master_shared.js,509,100,"const x = linScale(0, 100, padL, W - padR);","reviewed static/structural, formatting constant, protocol label, or corrections-ledger value"
cm_master_shared.js,510,0,"const g = el(""svg"", { width: W, height: H, viewBox: `0 0 ${W} ${H}`, role: ""img"", ""aria-label"": cfg.title });","reviewed static/structural, formatting constant, protocol label, or corrections-ledger value"
cm_master_shared.js,510,0,"const g = el(""svg"", { width: W, height: H, viewBox: `0 0 ${W} ${H}`, role: ""img"", ""aria-label"": cfg.title });","reviewed static/structural, formatting constant, protocol label, or corrections-ledger value"
cm_master_shared.js,511,0,"[0, 25, 50, 75, 100].forEach(t => {","reviewed static/structural, formatting constant, protocol label, or corrections-ledger value"
cm_master_shared.js,511,25,"[0, 25, 50, 75, 100].forEach(t => {","reviewed static/structural, formatting constant, protocol label, or corrections-ledger value"
cm_master_shared.js,511,50,"[0, 25, 50, 75, 100].forEach(t => {","reviewed static/structural, formatting constant, protocol label, or corrections-ledger value"
cm_master_shared.js,511,75,"[0, 25, 50, 75, 100].forEach(t => {","reviewed static/structural, formatting constant, protocol label, or corrections-ledger value"
cm_master_shared.js,511,100,"[0, 25, 50, 75, 100].forEach(t => {","reviewed static/structural, formatting constant, protocol label, or corrections-ledger value"
cm_master_shared.js,512,8,"g.append(el(""line"", { x1: x(t), x2: x(t), y1: padT - 8, y2: padT + rows.length * rowH,","reviewed static/structural, formatting constant, protocol label, or corrections-ledger value"
cm_master_shared.js,513,1,"stroke: ""var(--grid)"", ""stroke-width"": 1 }));","reviewed static/structural, formatting constant, protocol label, or corrections-ledger value"
cm_master_shared.js,514,18,"g.append(el(""text"", { x: x(t), y: padT + rows.length * rowH + 18, class: ""tick"", ""text-anchor"": ""middle"" },","reviewed static/structural, formatting constant, protocol label, or corrections-ledger value"
cm_master_shared.js,517,2,"g.append(el(""text"", { x: (padL + W - padR) / 2, y: H - 7, class: ""axtitle"", ""text-anchor"": ""middle"" },","reviewed static/structural, formatting constant, protocol label, or corrections-ledger value"
cm_master_shared.js,517,7,"g.append(el(""text"", { x: (padL + W - padR) / 2, y: H - 7, class: ""axtitle"", ""text-anchor"": ""middle"" },","reviewed static/structural, formatting constant, protocol label, or corrections-ledger value"
cm_master_shared.js,520,2,const cy = padT + i * rowH + rowH / 2;,"reviewed static/structural, formatting constant, protocol label, or corrections-ledger value"
cm_master_shared.js,521,100,"const finitePct = 100 * r.finite / r.total, neverPct = 100 - finitePct;","reviewed static/structural, formatting constant, protocol label, or corrections-ledger value"
cm_master_shared.js,521,100,"const finitePct = 100 * r.finite / r.total, neverPct = 100 - finitePct;","reviewed static/structural, formatting constant, protocol label, or corrections-ledger value"
cm_master_shared.js,522,12,"g.append(el(""text"", { x: padL - 12, y: cy - 3, class: ""lab"", ""text-anchor"": ""end"" },","reviewed static/structural, formatting constant, protocol label, or corrections-ledger value"
cm_master_shared.js,522,3,"g.append(el(""text"", { x: padL - 12, y: cy - 3, class: ""lab"", ""text-anchor"": ""end"" },","reviewed static/structural, formatting constant, protocol label, or corrections-ledger value"
cm_master_shared.js,524,12,"g.append(el(""text"", { x: padL - 12, y: cy + 13, class: ""tick"", ""text-anchor"": ""end"", ""font-size"": 10.5 },","reviewed static/structural, formatting constant, protocol label, or corrections-ledger value"
cm_master_shared.js,524,13,"g.append(el(""text"", { x: padL - 12, y: cy + 13, class: ""tick"", ""text-anchor"": ""end"", ""font-size"": 10.5 },","reviewed static/structural, formatting constant, protocol label, or corrections-ledger value"
cm_master_shared.js,524,10.5,"g.append(el(""text"", { x: padL - 12, y: cy + 13, class: ""tick"", ""text-anchor"": ""end"", ""font-size"": 10.5 },","reviewed static/structural, formatting constant, protocol label, or corrections-ledger value"
cm_master_shared.js,526,0,"const finite = el(""rect"", { x: x(0), y: cy - 9, width: x(finitePct) - x(0), height: 18, rx: 4, fill: S1 });","reviewed static/structural, formatting constant, protocol label, or corrections-ledger value"
cm_master_shared.js,526,9,"const finite = el(""rect"", { x: x(0), y: cy - 9, width: x(finitePct) - x(0), height: 18, rx: 4, fill: S1 });","reviewed static/structural, formatting constant, protocol label, or corrections-ledger value"
cm_master_shared.js,526,0,"const finite = el(""rect"", { x: x(0), y: cy - 9, width: x(finitePct) - x(0), height: 18, rx: 4, fill: S1 });","reviewed static/structural, formatting constant, protocol label, or corrections-ledger value"
cm_master_shared.js,526,18,"const finite = el(""rect"", { x: x(0), y: cy - 9, width: x(finitePct) - x(0), height: 18, rx: 4, fill: S1 });","reviewed static/structural, formatting constant, protocol label, or corrections-ledger value"
cm_master_shared.js,526,4,"const finite = el(""rect"", { x: x(0), y: cy - 9, width: x(finitePct) - x(0), height: 18, rx: 4, fill: S1 });","reviewed static/structural, formatting constant, protocol label, or corrections-ledger value"
cm_master_shared.js,527,9,"const never = el(""rect"", { x: x(finitePct), y: cy - 9, width: x(100) - x(finitePct), height: 18,","reviewed static/structural, formatting constant, protocol label, or corrections-ledger value"
cm_master_shared.js,527,100,"const never = el(""rect"", { x: x(finitePct), y: cy - 9, width: x(100) - x(finitePct), height: 18,","reviewed static/structural, formatting constant, protocol label, or corrections-ledger value"
cm_master_shared.js,527,18,"const never = el(""rect"", { x: x(finitePct), y: cy - 9, width: x(100) - x(finitePct), height: 18,","reviewed static/structural, formatting constant, protocol label, or corrections-ledger value"
cm_master_shared.js,528,4,"rx: 4, fill: ""var(--critical)"" });","reviewed static/structural, formatting constant, protocol label, or corrections-ledger value"
cm_master_shared.js,529,1,"bindTip(finite, `<b>${r.label}</b><span class=""r"">${r.finite}/${r.total} finite break-even (${f(finitePct, 1)}%)<br>` +","reviewed static/structural, formatting constant, protocol label, or corrections-ledger value"
cm_master_shared.js,531,1,"bindTip(never, `<b>${r.label}</b><span class=""r"">${r.never}/${r.total} never break even (${f(neverPct, 1)}%)</span>`);","reviewed static/structural, formatting constant, protocol label, or corrections-ledger value"
cm_master_shared.js,533,10,"g.append(el(""text"", { x: W - padR + 10, y: cy - 2, class: ""val"", ""font-size"": 11.5 },","reviewed static/structural, formatting constant, protocol label, or corrections-ledger value"
cm_master_shared.js,533,2,"g.append(el(""text"", { x: W - padR + 10, y: cy - 2, class: ""val"", ""font-size"": 11.5 },","reviewed static/structural, formatting constant, protocol label, or corrections-ledger value"
cm_master_shared.js,533,11.5,"g.append(el(""text"", { x: W - padR + 10, y: cy - 2, class: ""val"", ""font-size"": 11.5 },","reviewed static/structural, formatting constant, protocol label, or corrections-ledger value"
cm_master_shared.js,535,10,"g.append(el(""text"", { x: W - padR + 10, y: cy + 13, class: ""tick"", ""font-size"": 10.5 },","reviewed static/structural, formatting constant, protocol label, or corrections-ledger value"
cm_master_shared.js,535,13,"g.append(el(""text"", { x: W - padR + 10, y: cy + 13, class: ""tick"", ""font-size"": 10.5 },","reviewed static/structural, formatting constant, protocol label, or corrections-ledger value"
cm_master_shared.js,535,10.5,"g.append(el(""text"", { x: W - padR + 10, y: cy + 13, class: ""tick"", ""font-size"": 10.5 },","reviewed static/structural, formatting constant, protocol label, or corrections-ledger value"
cm_master_shared.js,543,880,"const W = cfg.width || 880, padL = cfg.padL || 180, padR = 96, padT = 26, rowH = cfg.rowH || 26;","reviewed static/structural, formatting constant, protocol label, or corrections-ledger value"
cm_master_shared.js,543,180,"const W = cfg.width || 880, padL = cfg.padL || 180, padR = 96, padT = 26, rowH = cfg.rowH || 26;","reviewed static/structural, formatting constant, protocol label, or corrections-ledger value"
cm_master_shared.js,543,96,"const W = cfg.width || 880, padL = cfg.padL || 180, padR = 96, padT = 26, rowH = cfg.rowH || 26;","reviewed static/structural, formatting constant, protocol label, or corrections-ledger value"
cm_master_shared.js,543,26,"const W = cfg.width || 880, padL = cfg.padL || 180, padR = 96, padT = 26, rowH = cfg.rowH || 26;","reviewed static/structural, formatting constant, protocol label, or corrections-ledger value"
cm_master_shared.js,543,26,"const W = cfg.width || 880, padL = cfg.padL || 180, padR = 96, padT = 26, rowH = cfg.rowH || 26;","reviewed static/structural, formatting constant, protocol label, or corrections-ledger value"
cm_master_shared.js,544,46,const H = padT + rows.length * rowH + 46;,"reviewed static/structural, formatting constant, protocol label, or corrections-ledger value"
cm_master_shared.js,545,0,const vals = rows.flatMap(r => r.points.map(p => p.v)).filter(v => v > 0);,"reviewed static/structural, formatting constant, protocol label, or corrections-ledger value"
cm_master_shared.js,546,10,"const lo = cfg.min || Math.pow(10, Math.floor(Math.log10(Math.min(...vals))));","reviewed static/structural, formatting constant, protocol label, or corrections-ledger value"
cm_master_shared.js,547,10,"const hi = cfg.max || Math.pow(10, Math.ceil(Math.log10(Math.max(...vals))));","reviewed static/structural, formatting constant, protocol label, or corrections-ledger value"
cm_master_shared.js,549,0,"const g = el(""svg"", { width: W, height: H, viewBox: `0 0 ${W} ${H}`, role: ""img"", ""aria-label"": cfg.title });","reviewed static/structural, formatting constant, protocol label, or corrections-ledger value"
cm_master_shared.js,549,0,"const g = el(""svg"", { width: W, height: H, viewBox: `0 0 ${W} ${H}`, role: ""img"", ""aria-label"": cfg.title });","reviewed static/structural, formatting constant, protocol label, or corrections-ledger value"
cm_master_shared.js,551,6,"g.append(el(""line"", { x1: x(t), x2: x(t), y1: padT - 6, y2: padT + rows.length * rowH,","reviewed static/structural, formatting constant, protocol label, or corrections-ledger value"
cm_master_shared.js,552,1,"stroke: ""var(--grid)"", ""stroke-width"": 1 }));","reviewed static/structural, formatting constant, protocol label, or corrections-ledger value"
cm_master_shared.js,553,18,"g.append(el(""text"", { x: x(t), y: padT + rows.length * rowH + 18, class: ""tick"", ""text-anchor"": ""middle"" },","reviewed static/structural, formatting constant, protocol label, or corrections-ledger value"
cm_master_shared.js,556,2,"g.append(el(""text"", { x: (padL + W - padR) / 2, y: H - 6, class: ""axtitle"", ""text-anchor"": ""middle"" },","reviewed static/structural, formatting constant, protocol label, or corrections-ledger value"
cm_master_shared.js,556,6,"g.append(el(""text"", { x: (padL + W - padR) / 2, y: H - 6, class: ""axtitle"", ""text-anchor"": ""middle"" },","reviewed static/structural, formatting constant, protocol label, or corrections-ledger value"
cm_master_shared.js,559,2,const cy = padT + i * rowH + rowH / 2;,"reviewed static/structural, formatting constant, protocol label, or corrections-ledger value"
cm_master_shared.js,560,12,"g.append(el(""text"", { x: padL - 12, y: cy + 4, class: ""lab"", ""text-anchor"": ""end"" },","reviewed static/structural, formatting constant, protocol label, or corrections-ledger value"
cm_master_shared.js,560,4,"g.append(el(""text"", { x: padL - 12, y: cy + 4, class: ""lab"", ""text-anchor"": ""end"" },","reviewed static/structural, formatting constant, protocol label, or corrections-ledger value"
cm_master_shared.js,562,0,const xs = r.points.filter(p => p.v > 0).map(p => x(p.v));,"reviewed static/structural, formatting constant, protocol label, or corrections-ledger value"
cm_master_shared.js,563,1,if (xs.length > 1) {,"reviewed static/structural, formatting constant, protocol label, or corrections-ledger value"
cm_master_shared.js,565,1.5,"stroke: ""var(--axis)"", ""stroke-width"": 1.5, ""stroke-linecap"": ""round"" }));","reviewed static/structural, formatting constant, protocol label, or corrections-ledger value"
cm_master_shared.js,568,0,if (!(p.v > 0)) return;,"reviewed static/structural, formatting constant, protocol label, or corrections-ledger value"
cm_master_shared.js,569,5,"const c = el(""circle"", { cx: x(p.v), cy, r: 5, fill: p.color, stroke: ""var(--surface-1)"", ""stroke-width"": 2 });","reviewed static/structural, formatting constant, protocol label, or corrections-ledger value"
cm_master_shared.js,569,1,"const c = el(""circle"", { cx: x(p.v), cy, r: 5, fill: p.color, stroke: ""var(--surface-1)"", ""stroke-width"": 2 });","reviewed static/structural, formatting constant, protocol label, or corrections-ledger value"
cm_master_shared.js,569,2,"const c = el(""circle"", { cx: x(p.v), cy, r: 5, fill: p.color, stroke: ""var(--surface-1)"", ""stroke-width"": 2 });","reviewed static/structural, formatting constant, protocol label, or corrections-ledger value"
cm_master_shared.js,575,10,"g.append(el(""text"", { x: W - padR + 10, y: cy + 4, class: ""val"", ""font-size"": 11.5 },","reviewed static/structural, formatting constant, protocol label, or corrections-ledger value"
cm_master_shared.js,575,4,"g.append(el(""text"", { x: W - padR + 10, y: cy + 4, class: ""val"", ""font-size"": 11.5 },","reviewed static/structural, formatting constant, protocol label, or corrections-ledger value"
cm_master_shared.js,575,11.5,"g.append(el(""text"", { x: W - padR + 10, y: cy + 4, class: ""val"", ""font-size"": 11.5 },","reviewed static/structural, formatting constant, protocol label, or corrections-ledger value"
cm_master_shared.js,584,880,"const W = cfg.width || 880, padL = 60, padR = 22, padT = 24, padB = 62;","reviewed static/structural, formatting constant, protocol label, or corrections-ledger value"
cm_master_shared.js,584,60,"const W = cfg.width || 880, padL = 60, padR = 22, padT = 24, padB = 62;","reviewed static/structural, formatting constant, protocol label, or corrections-ledger value"
cm_master_shared.js,584,22,"const W = cfg.width || 880, padL = 60, padR = 22, padT = 24, padB = 62;","reviewed static/structural, formatting constant, protocol label, or corrections-ledger value"
cm_master_shared.js,584,24,"const W = cfg.width || 880, padL = 60, padR = 22, padT = 24, padB = 62;","reviewed static/structural, formatting constant, protocol label, or corrections-ledger value"
cm_master_shared.js,584,62,"const W = cfg.width || 880, padL = 60, padR = 22, padT = 24, padB = 62;","reviewed static/structural, formatting constant, protocol label, or corrections-ledger value"
cm_master_shared.js,585,260,"const H = cfg.height || 260, plotW = W - padL - padR, plotH = H - padT - padB;","reviewed static/structural, formatting constant, protocol label, or corrections-ledger value"
cm_master_shared.js,586,1.15,const maxV = Math.max(...cfg.series.flatMap(s => s.counts)) * 1.15;,"reviewed static/structural, formatting constant, protocol label, or corrections-ledger value"
cm_master_shared.js,587,0,"const y = linScale(0, maxV, padT + plotH, padT);","reviewed static/structural, formatting constant, protocol label, or corrections-ledger value"
cm_master_shared.js,588,0,"const g = el(""svg"", { width: W, height: H, viewBox: `0 0 ${W} ${H}`, role: ""img"", ""aria-label"": cfg.title });","reviewed static/structural, formatting constant, protocol label, or corrections-ledger value"
cm_master_shared.js,588,0,"const g = el(""svg"", { width: W, height: H, viewBox: `0 0 ${W} ${H}`, role: ""img"", ""aria-label"": cfg.title });","reviewed static/structural, formatting constant, protocol label, or corrections-ledger value"
cm_master_shared.js,589,0,"niceTicks(0, maxV, 4).forEach(t => {","reviewed static/structural, formatting constant, protocol label, or corrections-ledger value"
cm_master_shared.js,589,4,"niceTicks(0, maxV, 4).forEach(t => {","reviewed static/structural, formatting constant, protocol label, or corrections-ledger value"
cm_master_shared.js,590,1,"g.append(el(""line"", { x1: padL, x2: W - padR, y1: y(t), y2: y(t), stroke: ""var(--grid)"", ""stroke-width"": 1 }));","reviewed static/structural, formatting constant, protocol label, or corrections-ledger value"
cm_master_shared.js,591,9,"g.append(el(""text"", { x: padL - 9, y: y(t) + 4, class: ""tick"", ""text-anchor"": ""end"" },","reviewed static/structural, formatting constant, protocol label, or corrections-ledger value"
cm_master_shared.js,591,4,"g.append(el(""text"", { x: padL - 9, y: y(t) + 4, class: ""tick"", ""text-anchor"": ""end"" },","reviewed static/structural, formatting constant, protocol label, or corrections-ledger value"
cm_master_shared.js,592,0,"[document.createTextNode(f(t, 0))]));","reviewed static/structural, formatting constant, protocol label, or corrections-ledger value"
cm_master_shared.js,595,1,"stroke: ""var(--axis)"", ""stroke-width"": 1 }));","reviewed static/structural, formatting constant, protocol label, or corrections-ledger value"
cm_master_shared.js,596,16,"g.append(el(""text"", { x: 16, y: padT + plotH / 2, class: ""axtitle"", ""text-anchor"": ""middle"",","reviewed static/structural, formatting constant, protocol label, or corrections-ledger value"
cm_master_shared.js,596,2,"g.append(el(""text"", { x: 16, y: padT + plotH / 2, class: ""axtitle"", ""text-anchor"": ""middle"",","reviewed static/structural, formatting constant, protocol label, or corrections-ledger value"
cm_master_shared.js,597,90,"transform: `rotate(-90 16 ${padT + plotH / 2})` },","reviewed static/structural, formatting constant, protocol label, or corrections-ledger value"
cm_master_shared.js,597,16,"transform: `rotate(-90 16 ${padT + plotH / 2})` },","reviewed static/structural, formatting constant, protocol label, or corrections-ledger value"
cm_master_shared.js,597,2,"transform: `rotate(-90 16 ${padT + plotH / 2})` },","reviewed static/structural, formatting constant, protocol label, or corrections-ledger value"
cm_master_shared.js,599,2,"g.append(el(""text"", { x: padL + plotW / 2, y: H - 8, class: ""axtitle"", ""text-anchor"": ""middle"" },","reviewed static/structural, formatting constant, protocol label, or corrections-ledger value"
cm_master_shared.js,599,8,"g.append(el(""text"", { x: padL + plotW / 2, y: H - 8, class: ""axtitle"", ""text-anchor"": ""middle"" },","reviewed static/structural, formatting constant, protocol label, or corrections-ledger value"
cm_master_shared.js,602,30,"const inner = Math.min(30, (bandW - 12) / cfg.series.length);","reviewed static/structural, formatting constant, protocol label, or corrections-ledger value"
cm_master_shared.js,602,12,"const inner = Math.min(30, (bandW - 12) / cfg.series.length);","reviewed static/structural, formatting constant, protocol label, or corrections-ledger value"
cm_master_shared.js,604,0.5,const cx = padL + bandW * (li + 0.5);,"reviewed static/structural, formatting constant, protocol label, or corrections-ledger value"
cm_master_shared.js,605,1,const total = cfg.series.length * inner + (cfg.series.length - 1) * 2;,"reviewed static/structural, formatting constant, protocol label, or corrections-ledger value"
cm_master_shared.js,605,2,const total = cfg.series.length * inner + (cfg.series.length - 1) * 2;,"reviewed static/structural, formatting constant, protocol label, or corrections-ledger value"
cm_master_shared.js,608,2,const bx = cx - total / 2 + si * (inner + 2);,"reviewed static/structural, formatting constant, protocol label, or corrections-ledger value"
cm_master_shared.js,608,2,const bx = cx - total / 2 + si * (inner + 2);,"reviewed static/structural, formatting constant, protocol label, or corrections-ledger value"
cm_master_shared.js,609,0.5,"const by = y(v), bh = Math.max(0.5, padT + plotH - by);","reviewed static/structural, formatting constant, protocol label, or corrections-ledger value"
cm_master_shared.js,610,2.5,"const bar = el(""rect"", { x: bx, y: by, width: inner, height: bh, rx: 2.5, fill: s.color });","reviewed static/structural, formatting constant, protocol label, or corrections-ledger value"
cm_master_shared.js,614,17,"g.append(el(""text"", { x: cx, y: padT + plotH + 17, class: ""tick"", ""text-anchor"": ""middle"", ""font-size"": 11 },","reviewed static/structural, formatting constant, protocol label, or corrections-ledger value"
cm_master_shared.js,614,11,"g.append(el(""text"", { x: cx, y: padT + plotH + 17, class: ""tick"", ""text-anchor"": ""middle"", ""font-size"": 11 },","reviewed static/structural, formatting constant, protocol label, or corrections-ledger value"
cm_master_shared.js,622,118,"const cellW = cfg.cellW || 118, cellH = 40, padL = cfg.padL || 110, padT = 34;","reviewed static/structural, formatting constant, protocol label, or corrections-ledger value"
cm_master_shared.js,622,40,"const cellW = cfg.cellW || 118, cellH = 40, padL = cfg.padL || 110, padT = 34;","reviewed static/structural, formatting constant, protocol label, or corrections-ledger value"
cm_master_shared.js,622,110,"const cellW = cfg.cellW || 118, cellH = 40, padL = cfg.padL || 110, padT = 34;","reviewed static/structural, formatting constant, protocol label, or corrections-ledger value"
cm_master_shared.js,622,34,"const cellW = cfg.cellW || 118, cellH = 40, padL = cfg.padL || 110, padT = 34;","reviewed static/structural, formatting constant, protocol label, or corrections-ledger value"
cm_master_shared.js,623,16,const W = padL + cfg.cols.length * cellW + 16;,"reviewed static/structural, formatting constant, protocol label, or corrections-ledger value"
cm_master_shared.js,624,16,const H = padT + cfg.rows.length * cellH + 16;,"reviewed static/structural, formatting constant, protocol label, or corrections-ledger value"
cm_master_shared.js,625,0,"const g = el(""svg"", { width: W, height: H, viewBox: `0 0 ${W} ${H}`, role: ""img"", ""aria-label"": cfg.title });","reviewed static/structural, formatting constant, protocol label, or corrections-ledger value"
cm_master_shared.js,625,0,"const g = el(""svg"", { width: W, height: H, viewBox: `0 0 ${W} ${H}`, role: ""img"", ""aria-label"": cfg.title });","reviewed static/structural, formatting constant, protocol label, or corrections-ledger value"
cm_master_shared.js,629,0.5,"g.append(el(""text"", { x: padL + cellW * (ci + 0.5), y: padT - 12, class: ""lab"", ""text-anchor"": ""middle"" },","reviewed static/structural, formatting constant, protocol label, or corrections-ledger value"
cm_master_shared.js,629,12,"g.append(el(""text"", { x: padL + cellW * (ci + 0.5), y: padT - 12, class: ""lab"", ""text-anchor"": ""middle"" },","reviewed static/structural, formatting constant, protocol label, or corrections-ledger value"
cm_master_shared.js,632,10,"g.append(el(""text"", { x: padL - 10, y: padT + cellH * (ri + 0.5) + 4, class: ""lab"", ""text-anchor"": ""end"" },","reviewed static/structural, formatting constant, protocol label, or corrections-ledger value"
cm_master_shared.js,632,0.5,"g.append(el(""text"", { x: padL - 10, y: padT + cellH * (ri + 0.5) + 4, class: ""lab"", ""text-anchor"": ""end"" },","reviewed static/structural, formatting constant, protocol label, or corrections-ledger value"
cm_master_shared.js,632,4,"g.append(el(""text"", { x: padL - 10, y: padT + cellH * (ri + 0.5) + 4, class: ""lab"", ""text-anchor"": ""end"" },","reviewed static/structural, formatting constant, protocol label, or corrections-ledger value"
cm_master_shared.js,636,0,if (ci < 0 || ri < 0) return;,"reviewed static/structural, formatting constant, protocol label, or corrections-ledger value"
cm_master_shared.js,636,0,if (ci < 0 || ri < 0) return;,"reviewed static/structural, formatting constant, protocol label, or corrections-ledger value"
cm_master_shared.js,637,0.5,const t = hi === lo ? 0.5 : (cell.value - lo) / (hi - lo);,"reviewed static/structural, formatting constant, protocol label, or corrections-ledger value"
cm_master_shared.js,638,3,"const x0 = padL + ci * cellW + 3, y0 = padT + ri * cellH + 3;","reviewed static/structural, formatting constant, protocol label, or corrections-ledger value"
cm_master_shared.js,638,3,"const x0 = padL + ci * cellW + 3, y0 = padT + ri * cellH + 3;","reviewed static/structural, formatting constant, protocol label, or corrections-ledger value"
cm_master_shared.js,639,6,"const rect = el(""rect"", { x: x0, y: y0, width: cellW - 6, height: cellH - 6, rx: 5,","reviewed static/structural, formatting constant, protocol label, or corrections-ledger value"
cm_master_shared.js,639,6,"const rect = el(""rect"", { x: x0, y: y0, width: cellW - 6, height: cellH - 6, rx: 5,","reviewed static/structural, formatting constant, protocol label, or corrections-ledger value"
cm_master_shared.js,639,5,"const rect = el(""rect"", { x: x0, y: y0, width: cellW - 6, height: cellH - 6, rx: 5,","reviewed static/structural, formatting constant, protocol label, or corrections-ledger value"
cm_master_shared.js,640,0.13,"fill: S1, ""fill-opacity"": (0.13 + 0.42 * (1 - t)).toFixed(3),","reviewed static/structural, formatting constant, protocol label, or corrections-ledger value"
cm_master_shared.js,640,0.42,"fill: S1, ""fill-opacity"": (0.13 + 0.42 * (1 - t)).toFixed(3),","reviewed static/structural, formatting constant, protocol label, or corrections-ledger value"
cm_master_shared.js,640,1,"fill: S1, ""fill-opacity"": (0.13 + 0.42 * (1 - t)).toFixed(3),","reviewed static/structural, formatting constant, protocol label, or corrections-ledger value"
cm_master_shared.js,640,3,"fill: S1, ""fill-opacity"": (0.13 + 0.42 * (1 - t)).toFixed(3),","reviewed static/structural, formatting constant, protocol label, or corrections-ledger value"
cm_master_shared.js,642,4,"bindTip(rect, `<b>${cell.row} × ${cell.col}</b><span class=""r"">${cfg.arm} ${f(cell.value, 4)}` +","reviewed static/structural, formatting constant, protocol label, or corrections-ledger value"
cm_master_shared.js,643,95%,"(cell.lo != null ? `<br>95% CI [${f(cell.lo, 4)}, ${f(cell.hi, 4)}]` : """") +","reviewed static/structural, formatting constant, protocol label, or corrections-ledger value"
cm_master_shared.js,643,4,"(cell.lo != null ? `<br>95% CI [${f(cell.lo, 4)}, ${f(cell.hi, 4)}]` : """") +","reviewed static/structural, formatting constant, protocol label, or corrections-ledger value"
cm_master_shared.js,643,4,"(cell.lo != null ? `<br>95% CI [${f(cell.lo, 4)}, ${f(cell.hi, 4)}]` : """") +","reviewed static/structural, formatting constant, protocol label, or corrections-ledger value"
cm_master_shared.js,647,6,"g.append(el(""text"", { x: x0 + (cellW - 6) / 2, y: y0 + (cellH - 6) / 2 + 4, class: ""val"",","reviewed static/structural, formatting constant, protocol label, or corrections-ledger value"
cm_master_shared.js,647,2,"g.append(el(""text"", { x: x0 + (cellW - 6) / 2, y: y0 + (cellH - 6) / 2 + 4, class: ""val"",","reviewed static/structural, formatting constant, protocol label, or corrections-ledger value"
cm_master_shared.js,647,6,"g.append(el(""text"", { x: x0 + (cellW - 6) / 2, y: y0 + (cellH - 6) / 2 + 4, class: ""val"",","reviewed static/structural, formatting constant, protocol label, or corrections-ledger value"
cm_master_shared.js,647,2,"g.append(el(""text"", { x: x0 + (cellW - 6) / 2, y: y0 + (cellH - 6) / 2 + 4, class: ""val"",","reviewed static/structural, formatting constant, protocol label, or corrections-ledger value"
cm_master_shared.js,647,4,"g.append(el(""text"", { x: x0 + (cellW - 6) / 2, y: y0 + (cellH - 6) / 2 + 4, class: ""val"",","reviewed static/structural, formatting constant, protocol label, or corrections-ledger value"
cm_master_shared.js,648,12.5,"""text-anchor"": ""middle"", ""font-size"": 12.5 },","reviewed static/structural, formatting constant, protocol label, or corrections-ledger value"
cm_master_shared.js,649,3,"[document.createTextNode(f(cell.value, 3))]));","reviewed static/structural, formatting constant, protocol label, or corrections-ledger value"
cm_master_shared.js,715,0,"if (rows.length) d.append(h(""p"", { html: P(rows[0]) }));","reviewed static/structural, formatting constant, protocol label, or corrections-ledger value"
cm_master_shared.js,716,1,"if (rows.length > 1) d.append(moreBlock(rows.slice(1).map(p => h(""p"", { html: P(p) }))));","reviewed static/structural, formatting constant, protocol label, or corrections-ledger value"
cm_master_shared.js,716,1,"if (rows.length > 1) d.append(moreBlock(rows.slice(1).map(p => h(""p"", { html: P(p) }))));","reviewed static/structural, formatting constant, protocol label, or corrections-ledger value"
cm_master_shared.js,771,2026,"const s = section(""latest-evidence"", ""Evidence update · 2026-08-26/27"", c.title,","reviewed static/structural, formatting constant, protocol label, or corrections-ledger value"
cm_master_shared.js,771,08,"const s = section(""latest-evidence"", ""Evidence update · 2026-08-26/27"", c.title,","reviewed static/structural, formatting constant, protocol label, or corrections-ledger value"
cm_master_shared.js,771,26,"const s = section(""latest-evidence"", ""Evidence update · 2026-08-26/27"", c.title,","reviewed static/structural, formatting constant, protocol label, or corrections-ledger value"
cm_master_shared.js,771,27,"const s = section(""latest-evidence"", ""Evidence update · 2026-08-26/27"", c.title,","reviewed static/structural, formatting constant, protocol label, or corrections-ledger value"
cm_master_shared.js,876,1,"h(""span"", { class: ""risk-num"", text: String(i + 1).padStart(2, ""0"") }),","reviewed static/structural, formatting constant, protocol label, or corrections-ledger value"
cm_master_shared.js,876,2,"h(""span"", { class: ""risk-num"", text: String(i + 1).padStart(2, ""0"") }),","reviewed static/structural, formatting constant, protocol label, or corrections-ledger value"
cm_master_shared.js,876,0,"h(""span"", { class: ""risk-num"", text: String(i + 1).padStart(2, ""0"") }),","reviewed static/structural, formatting constant, protocol label, or corrections-ledger value"
cm_master_shared.js,906,0,"const acm = a.name.startsWith(""CM ("") ? 0 : 1;","reviewed static/structural, formatting constant, protocol label, or corrections-ledger value"
cm_master_shared.js,906,1,"const acm = a.name.startsWith(""CM ("") ? 0 : 1;","reviewed static/structural, formatting constant, protocol label, or corrections-ledger value"
cm_master_shared.js,907,0,"const bcm = b.name.startsWith(""CM ("") ? 0 : 1;","reviewed static/structural, formatting constant, protocol label, or corrections-ledger value"
cm_master_shared.js,907,1,"const bcm = b.name.startsWith(""CM ("") ? 0 : 1;","reviewed static/structural, formatting constant, protocol label, or corrections-ledger value"
cm_master_shared.js,938,0,"const ordered = [...tools].sort((a, b) => (a.name.startsWith(""CM ("") ? 0 : 1) - (b.name.startsWith(""CM ("") ? 0 : 1));","reviewed static/structural, formatting constant, protocol label, or corrections-ledger value"
cm_master_shared.js,938,1,"const ordered = [...tools].sort((a, b) => (a.name.startsWith(""CM ("") ? 0 : 1) - (b.name.startsWith(""CM ("") ? 0 : 1));","reviewed static/structural, formatting constant, protocol label, or corrections-ledger value"
cm_master_shared.js,938,0,"const ordered = [...tools].sort((a, b) => (a.name.startsWith(""CM ("") ? 0 : 1) - (b.name.startsWith(""CM ("") ? 0 : 1));","reviewed static/structural, formatting constant, protocol label, or corrections-ledger value"
cm_master_shared.js,938,1,"const ordered = [...tools].sort((a, b) => (a.name.startsWith(""CM ("") ? 0 : 1) - (b.name.startsWith(""CM ("") ? 0 : 1));","reviewed static/structural, formatting constant, protocol label, or corrections-ledger value"
cm_master_shared.js,992,2,"const fmtMetric = v => r.format === ""multiple"" ? f(v, 2) + ""×""","reviewed static/structural, formatting constant, protocol label, or corrections-ledger value"
cm_master_shared.js,1031,1,"row.append(h(""div"", { class: ""audit-mark"", text: String(i + 1).padStart(2, ""0"") }));","reviewed static/structural, formatting constant, protocol label, or corrections-ledger value"
cm_master_shared.js,1031,2,"row.append(h(""div"", { class: ""audit-mark"", text: String(i + 1).padStart(2, ""0"") }));","reviewed static/structural, formatting constant, protocol label, or corrections-ledger value"
cm_master_shared.js,1031,0,"row.append(h(""div"", { class: ""audit-mark"", text: String(i + 1).padStart(2, ""0"") }));","reviewed static/structural, formatting constant, protocol label, or corrections-ledger value"
cm_master_shared.js,1034,0,"h(""b"", { text: step.stage.split("" — "")[0] }),","reviewed static/structural, formatting constant, protocol label, or corrections-ledger value"
cm_master_shared.js,1055,0,"const count = h(""span"", { class: ""empty"", style: ""padding:0"" });","reviewed static/structural, formatting constant, protocol label, or corrections-ledger value"
cm_master_shared.js,1099,01,"{ n: ""01"", question: ""One answer"", answer: ""Use BitSet"",","reviewed static/structural, formatting constant, protocol label, or corrections-ledger value"
cm_master_shared.js,1101,2,"`${f(Math.min(...wrapRows.map(r => r.cached_median)), 2)}–${f(Math.max(...wrapRows.map(r => r.cached_median)), 2)}× as long.` },","reviewed static/structural, formatting constant, protocol label, or corrections-ledger value"
cm_master_shared.js,1101,2,"`${f(Math.min(...wrapRows.map(r => r.cached_median)), 2)}–${f(Math.max(...wrapRows.map(r => r.cached_median)), 2)}× as long.` },","reviewed static/structural, formatting constant, protocol label, or corrections-ledger value"
cm_master_shared.js,1102,02,"{ n: ""02"", question: ""The same answer repeatedly"", answer: ""Measure reuse first"",","reviewed static/structural, formatting constant, protocol label, or corrections-ledger value"
cm_master_shared.js,1105,03,"{ n: ""03"", question: ""Choosing an internal engine"", answer: ""Use workload evidence"",","reviewed static/structural, formatting constant, protocol label, or corrections-ledger value"
cm_master_shared.js,1108,04,"{ n: ""04"", question: ""Canonical symbolic questions"", answer: ""Use CUDD"",","reviewed static/structural, formatting constant, protocol label, or corrections-ledger value"
cm_master_shared.js,1111,05,"{ n: ""05"", question: ""Real AND/INV circuits"", answer: ""Expect parity with a strong compiler"",","reviewed static/structural, formatting constant, protocol label, or corrections-ledger value"
cm_master_shared.js,1112,4,"evidence: `External CM ÷ CSE-flat was ${f(flatExternal.value, 4)}, with its circuit-clustered interval spanning parity.` },","reviewed static/structural, formatting constant, protocol label, or corrections-ledger value"
cm_master_shared.js,1119,4,"""shortest honest version of section 4; the full charts immediately below show the underlying measurements."",","reviewed static/structural, formatting constant, protocol label, or corrections-ledger value"
cm_master_shared.js,1137,2,"scope: ""definition of an explicit truth vector · assignments = 2^live_k"",","reviewed static/structural, formatting constant, protocol label, or corrections-ledger value"
cm_master_shared.js,1147,10,"min: 10, max: 100000, title: ""Explicit answer-vector growth"",","reviewed static/structural, formatting constant, protocol label, or corrections-ledger value"
cm_master_shared.js,1147,100000,"min: 10, max: 100000, title: ""Explicit answer-vector growth"",","reviewed static/structural, formatting constant, protocol label, or corrections-ledger value"
cm_master_shared.js,1161,3,"scope: ""3 independent scopes · never pooled · CM kernel ÷ plain structural CSE kernel"",","reviewed static/structural, formatting constant, protocol label, or corrections-ledger value"
cm_master_shared.js,1163,1.00,"caption: ""Below 1.00 means the CM kernel finished faster. Each row is its own experiment with its own "" +","reviewed static/structural, formatting constant, protocol label, or corrections-ledger value"
cm_master_shared.js,1167,1.0,"domain: pad(d.rows.flatMap(r => [r.value, r.lo, r.hi]).concat([1.0]), 0.01), ref: 1.0,","reviewed static/structural, formatting constant, protocol label, or corrections-ledger value"
cm_master_shared.js,1167,0.01,"domain: pad(d.rows.flatMap(r => [r.value, r.lo, r.hi]).concat([1.0]), 0.01), ref: 1.0,","reviewed static/structural, formatting constant, protocol label, or corrections-ledger value"
cm_master_shared.js,1167,1.0,"domain: pad(d.rows.flatMap(r => [r.value, r.lo, r.hi]).concat([1.0]), 0.01), ref: 1.0,","reviewed static/structural, formatting constant, protocol label, or corrections-ledger value"
cm_master_shared.js,1171,95%,"table: table([""scope"", ""geomean"", ""95% CI"", ""clustering basis""],","reviewed static/structural, formatting constant, protocol label, or corrections-ledger value"
cm_master_shared.js,1172,4,"d.rows.map(r => [r.label, f(r.value, 4), r.lo == null ? ""—"" : `[${f(r.lo, 4)}, ${f(r.hi, 4)}]`, r.basis])),","reviewed static/structural, formatting constant, protocol label, or corrections-ledger value"
cm_master_shared.js,1172,4,"d.rows.map(r => [r.label, f(r.value, 4), r.lo == null ? ""—"" : `[${f(r.lo, 4)}, ${f(r.hi, 4)}]`, r.basis])),","reviewed static/structural, formatting constant, protocol label, or corrections-ledger value"
cm_master_shared.js,1172,4,"d.rows.map(r => [r.label, f(r.value, 4), r.lo == null ? ""—"" : `[${f(r.lo, 4)}, ${f(r.hi, 4)}]`, r.basis])),","reviewed static/structural, formatting constant, protocol label, or corrections-ledger value"
cm_master_shared.js,1189,16,"`${T(""symv3.bare.k16"")} [${T(""symv3.bare.k16.lo"")}, ${T(""symv3.bare.k16.hi"")}] at k=16. ` +","reviewed static/structural, formatting constant, protocol label, or corrections-ledger value"
cm_master_shared.js,1196,1.0,"domain: pad(d.rows.flatMap(r => [r.value, r.lo, r.hi]).concat([1.0]), 0.01), ref: 1.0,","reviewed static/structural, formatting constant, protocol label, or corrections-ledger value"
cm_master_shared.js,1196,0.01,"domain: pad(d.rows.flatMap(r => [r.value, r.lo, r.hi]).concat([1.0]), 0.01), ref: 1.0,","reviewed static/structural, formatting constant, protocol label, or corrections-ledger value"
cm_master_shared.js,1196,1.0,"domain: pad(d.rows.flatMap(r => [r.value, r.lo, r.hi]).concat([1.0]), 0.01), ref: 1.0,","reviewed static/structural, formatting constant, protocol label, or corrections-ledger value"
cm_master_shared.js,1200,95%,"table: table([""scope"", ""geomean"", ""95% CI"", ""clustering basis""],","reviewed static/structural, formatting constant, protocol label, or corrections-ledger value"
cm_master_shared.js,1201,4,"d.rows.map(r => [r.label, f(r.value, 4), r.lo == null ? ""—"" : `[${f(r.lo, 4)}, ${f(r.hi, 4)}]`, r.basis])),","reviewed static/structural, formatting constant, protocol label, or corrections-ledger value"
cm_master_shared.js,1201,4,"d.rows.map(r => [r.label, f(r.value, 4), r.lo == null ? ""—"" : `[${f(r.lo, 4)}, ${f(r.hi, 4)}]`, r.basis])),","reviewed static/structural, formatting constant, protocol label, or corrections-ledger value"
cm_master_shared.js,1201,4,"d.rows.map(r => [r.label, f(r.value, 4), r.lo == null ? ""—"" : `[${f(r.lo, 4)}, ${f(r.hi, 4)}]`, r.basis])),","reviewed static/structural, formatting constant, protocol label, or corrections-ledger value"
cm_master_shared.js,1204,0.95,"`geomean ≤ 0.95 → <span class=""pill ${m[""cond1_geomean_le_0.95""] ? ""ok"" : ""bad""}"">${m[""cond1_geomean_le_0.95""]}</span> · ` +","reviewed static/structural, formatting constant, protocol label, or corrections-ledger value"
cm_master_shared.js,1204,95,"`geomean ≤ 0.95 → <span class=""pill ${m[""cond1_geomean_le_0.95""] ? ""ok"" : ""bad""}"">${m[""cond1_geomean_le_0.95""]}</span> · ` +","reviewed static/structural, formatting constant, protocol label, or corrections-ledger value"
cm_master_shared.js,1204,95,"`geomean ≤ 0.95 → <span class=""pill ${m[""cond1_geomean_le_0.95""] ? ""ok"" : ""bad""}"">${m[""cond1_geomean_le_0.95""]}</span> · ` +","reviewed static/structural, formatting constant, protocol label, or corrections-ledger value"
cm_master_shared.js,1206,1000,"`median break-even ≤ 1000 → <span class=""pill ${m.cond3_median_breakeven_le_1000 ? ""ok"" : ""bad""}"">${m.cond3_median_breakeven_le_1000}</span>. ` +","reviewed static/structural, formatting constant, protocol label, or corrections-ledger value"
cm_master_shared.js,1220,32,"scope: ""local synthetic exact-support corpus · 32 formulas per stratum · CM end-to-end call ÷ bare BitSet call"",","reviewed static/structural, formatting constant, protocol label, or corrections-ledger value"
cm_master_shared.js,1222,1.00,"caption: ""Above 1.00 means BitSet finished first. The cached line is the friendliest case for CM — its "" +","reviewed static/structural, formatting constant, protocol label, or corrections-ledger value"
cm_master_shared.js,1226,330,"height: 330, xDomain: [3, 17], yDomain: [0.8, 9], logY: true,","reviewed static/structural, formatting constant, protocol label, or corrections-ledger value"
cm_master_shared.js,1226,3,"height: 330, xDomain: [3, 17], yDomain: [0.8, 9], logY: true,","reviewed static/structural, formatting constant, protocol label, or corrections-ledger value"
cm_master_shared.js,1226,17,"height: 330, xDomain: [3, 17], yDomain: [0.8, 9], logY: true,","reviewed static/structural, formatting constant, protocol label, or corrections-ledger value"
cm_master_shared.js,1226,0.8,"height: 330, xDomain: [3, 17], yDomain: [0.8, 9], logY: true,","reviewed static/structural, formatting constant, protocol label, or corrections-ledger value"
cm_master_shared.js,1226,9,"height: 330, xDomain: [3, 17], yDomain: [0.8, 9], logY: true,","reviewed static/structural, formatting constant, protocol label, or corrections-ledger value"
cm_master_shared.js,1228,1.0,"fmtY: (v) => v + ""×"", ref: 1.0, refLabel: ""parity 1.00 (BitSet = CM)"",","reviewed static/structural, formatting constant, protocol label, or corrections-ledger value"
cm_master_shared.js,1228,1.00,"fmtY: (v) => v + ""×"", ref: 1.0, refLabel: ""parity 1.00 (BitSet = CM)"",","reviewed static/structural, formatting constant, protocol label, or corrections-ledger value"
cm_master_shared.js,1238,2,"tip: `live_k ${r.live_k} · median ${f(r.cached_median, 2)}× · geomean ${f(r.cached_geomean, 2)}× · ` +","reviewed static/structural, formatting constant, protocol label, or corrections-ledger value"
cm_master_shared.js,1238,2,"tip: `live_k ${r.live_k} · median ${f(r.cached_median, 2)}× · geomean ${f(r.cached_geomean, 2)}× · ` +","reviewed static/structural, formatting constant, protocol label, or corrections-ledger value"
cm_master_shared.js,1239,2,"`p10–p90 ${f(r.cached_p10, 2)}–${f(r.cached_p90, 2)} · ${r.n} formulas`,","reviewed static/structural, formatting constant, protocol label, or corrections-ledger value"
cm_master_shared.js,1239,2,"`p10–p90 ${f(r.cached_p10, 2)}–${f(r.cached_p90, 2)} · ${r.n} formulas`,","reviewed static/structural, formatting constant, protocol label, or corrections-ledger value"
cm_master_shared.js,1246,2,"tip: `live_k ${r.live_k} · median ${f(r.uncached_median, 2)}× · geomean ${f(r.uncached_geomean, 2)}×`,","reviewed static/structural, formatting constant, protocol label, or corrections-ledger value"
cm_master_shared.js,1246,2,"tip: `live_k ${r.live_k} · median ${f(r.uncached_median, 2)}× · geomean ${f(r.uncached_geomean, 2)}×`,","reviewed static/structural, formatting constant, protocol label, or corrections-ledger value"
cm_master_shared.js,1253,2,"`${f(r.cached_p10, 2)}–${f(r.cached_p90, 2)}`, r.uncached_median == null ? ""—"" : FMT.x2(r.uncached_median)])),","reviewed static/structural, formatting constant, protocol label, or corrections-ledger value"
cm_master_shared.js,1253,2,"`${f(r.cached_p10, 2)}–${f(r.cached_p90, 2)}`, r.uncached_median == null ? ""—"" : FMT.x2(r.uncached_median)])),","reviewed static/structural, formatting constant, protocol label, or corrections-ledger value"
cm_master_shared.js,1255,12,"note: d.engine_note + "" The pre-repair claim that CM was “modestly ahead at controlled live_k 12 and 16” "" +","reviewed static/structural, formatting constant, protocol label, or corrections-ledger value"
cm_master_shared.js,1255,16,"note: d.engine_note + "" The pre-repair claim that CM was “modestly ahead at controlled live_k 12 and 16” "" +","reviewed static/structural, formatting constant, protocol label, or corrections-ledger value"
cm_master_shared.js,1271,320,"height: 320, labelBars: true, fmtVal: (v) => us(v), yTitle: ""microseconds (median)"",","reviewed static/structural, formatting constant, protocol label, or corrections-ledger value"
cm_master_shared.js,1272,0,"xTitle: ""live_k — semantic support"", tickDigits: 0,","reviewed static/structural, formatting constant, protocol label, or corrections-ledger value"
cm_master_shared.js,1287,4,"note: ""Overhead is not separable at live_k=4, where the corpus runs the bigint/BitSet fallback rather than "" +","reviewed static/structural, formatting constant, protocol label, or corrections-ledger value"
cm_master_shared.js,1301,192,"scope: ""192 synthetic formulas and 129 EPFL cones · three arms, each against its named baseline"",","reviewed static/structural, formatting constant, protocol label, or corrections-ledger value"
cm_master_shared.js,1301,129,"scope: ""192 synthetic formulas and 129 EPFL cones · three arms, each against its named baseline"",","reviewed static/structural, formatting constant, protocol label, or corrections-ledger value"
cm_master_shared.js,1305,100,"`while the never-break-even share moves from ${f(100*d.synthetic.n_never/d.synthetic.n_total, 1)}% to ` +","reviewed static/structural, formatting constant, protocol label, or corrections-ledger value"
cm_master_shared.js,1305,1,"`while the never-break-even share moves from ${f(100*d.synthetic.n_never/d.synthetic.n_total, 1)}% to ` +","reviewed static/structural, formatting constant, protocol label, or corrections-ledger value"
cm_master_shared.js,1306,100,"`${f(100*d.epfl_vs_plain_cse.n_never/d.epfl_vs_plain_cse.n_total, 1)}%. Against CSE-flat, parity makes ` +","reviewed static/structural, formatting constant, protocol label, or corrections-ledger value"
cm_master_shared.js,1306,1,"`${f(100*d.epfl_vs_plain_cse.n_never/d.epfl_vs_plain_cse.n_total, 1)}%. Against CSE-flat, parity makes ` +","reviewed static/structural, formatting constant, protocol label, or corrections-ledger value"
cm_master_shared.js,1307,100,"`${f(100*d.epfl.n_never/d.epfl.n_total, 1)}% of cones never break even at any reuse count.`,","reviewed static/structural, formatting constant, protocol label, or corrections-ledger value"
cm_master_shared.js,1307,1,"`${f(100*d.epfl.n_never/d.epfl.n_total, 1)}% of cones never break even at any reuse count.`,","reviewed static/structural, formatting constant, protocol label, or corrections-ledger value"
cm_master_shared.js,1314,1,"arms.map(([name, a]) => [name, a.baseline, f(a.median_finite, 1),","reviewed static/structural, formatting constant, protocol label, or corrections-ledger value"
cm_master_shared.js,1346,1,"`than synthetic ones on the matched arm (median ${f(d.epfl_vs_plain_cse.median_finite, 1)} against ` +","reviewed static/structural, formatting constant, protocol label, or corrections-ledger value"
cm_master_shared.js,1347,1,"`${f(d.synthetic.median_finite, 1)}) — not catastrophically so. The third arm is different in kind: against ` +","reviewed static/structural, formatting constant, protocol label, or corrections-ledger value"
cm_master_shared.js,1359,2,"const labelAt = new Set([2, 8, 16]);","reviewed static/structural, formatting constant, protocol label, or corrections-ledger value"
cm_master_shared.js,1359,8,"const labelAt = new Set([2, 8, 16]);","reviewed static/structural, formatting constant, protocol label, or corrections-ledger value"
cm_master_shared.js,1359,16,"const labelAt = new Set([2, 8, 16]);","reviewed static/structural, formatting constant, protocol label, or corrections-ledger value"
cm_master_shared.js,1369,340,"height: 340, xDomain: [2, 16.6], yDomain: [1.8, 80], logY: true,","reviewed static/structural, formatting constant, protocol label, or corrections-ledger value"
cm_master_shared.js,1369,2,"height: 340, xDomain: [2, 16.6], yDomain: [1.8, 80], logY: true,","reviewed static/structural, formatting constant, protocol label, or corrections-ledger value"
cm_master_shared.js,1369,16.6,"height: 340, xDomain: [2, 16.6], yDomain: [1.8, 80], logY: true,","reviewed static/structural, formatting constant, protocol label, or corrections-ledger value"
cm_master_shared.js,1369,1.8,"height: 340, xDomain: [2, 16.6], yDomain: [1.8, 80], logY: true,","reviewed static/structural, formatting constant, protocol label, or corrections-ledger value"
cm_master_shared.js,1369,80,"height: 340, xDomain: [2, 16.6], yDomain: [1.8, 80], logY: true,","reviewed static/structural, formatting constant, protocol label, or corrections-ledger value"
cm_master_shared.js,1381,2,"tip: `live_k ${r.live_k} · ${us(r.flat_us)} · flat ÷ recursive ${f(r.flat_vs_recursive, 2)}` })) },","reviewed static/structural, formatting constant, protocol label, or corrections-ledger value"
cm_master_shared.js,1385,2,"tip: `live_k ${r.live_k} · ${us(r.words_us)} · words ÷ flat ${f(r.words_vs_flat, 2)}` })) },","reviewed static/structural, formatting constant, protocol label, or corrections-ledger value"
cm_master_shared.js,1391,2,"f(r.flat_vs_recursive, 2), r.words_vs_flat == null ? ""—"" : f(r.words_vs_flat, 2),","reviewed static/structural, formatting constant, protocol label, or corrections-ledger value"
cm_master_shared.js,1391,2,"f(r.flat_vs_recursive, 2), r.words_vs_flat == null ? ""—"" : f(r.words_vs_flat, 2),","reviewed static/structural, formatting constant, protocol label, or corrections-ledger value"
cm_master_shared.js,1405,3.0,"scope: ""matched pod run · Linux / AMD EPYC · CUDD 3.0.0 via dd.cudd · fixed natural order, single build"",","reviewed static/structural, formatting constant, protocol label, or corrections-ledger value"
cm_master_shared.js,1405,0,"scope: ""matched pod run · Linux / AMD EPYC · CUDD 3.0.0 via dd.cudd · fixed natural order, single build"",","reviewed static/structural, formatting constant, protocol label, or corrections-ledger value"
cm_master_shared.js,1406,1,"title: ""Panel 1 — building the symbolic object"",","reviewed static/structural, formatting constant, protocol label, or corrections-ledger value"
cm_master_shared.js,1408,2,"""never combined with the evaluation costs in panel 2, because the two answer different questions."",","reviewed static/structural, formatting constant, protocol label, or corrections-ledger value"
cm_master_shared.js,1411,300,"height: 300, log: true, labelBars: true, fmtVal: (v) => us(v),","reviewed static/structural, formatting constant, protocol label, or corrections-ledger value"
cm_master_shared.js,1425,0,"f(r.cudd_dag_size, 0)])),","reviewed static/structural, formatting constant, protocol label, or corrections-ledger value"
cm_master_shared.js,1429,1,"`${f(rows[rows.length - 1].cudd_dag_size, 0)} nodes at live_k=16 — which is exactly CUDD's point.`,","reviewed static/structural, formatting constant, protocol label, or corrections-ledger value"
cm_master_shared.js,1429,0,"`${f(rows[rows.length - 1].cudd_dag_size, 0)} nodes at live_k=16 — which is exactly CUDD's point.`,","reviewed static/structural, formatting constant, protocol label, or corrections-ledger value"
cm_master_shared.js,1429,16,"`${f(rows[rows.length - 1].cudd_dag_size, 0)} nodes at live_k=16 — which is exactly CUDD's point.`,","reviewed static/structural, formatting constant, protocol label, or corrections-ledger value"
cm_master_shared.js,1434,2,"title: ""Panel 2 — getting answers out"",","reviewed static/structural, formatting constant, protocol label, or corrections-ledger value"
cm_master_shared.js,1438,256,"legend: [[S1, ""CM kernel""], [S2, ""CSE-flat kernel""], [S3, ""CUDD full extraction""], [S4, ""CUDD 256-sample evaluation""]],","reviewed static/structural, formatting constant, protocol label, or corrections-ledger value"
cm_master_shared.js,1445,256,"{ v: r.cudd_eval256_us, label: ""CUDD, 256 sampled assignments"", color: S4 },","reviewed static/structural, formatting constant, protocol label, or corrections-ledger value"
cm_master_shared.js,1449,130,"padL: 130, rowH: 34, fmtTick: (v) => us(v), fmtVal: (v) => us(v),","reviewed static/structural, formatting constant, protocol label, or corrections-ledger value"
cm_master_shared.js,1449,34,"padL: 130, rowH: 34, fmtTick: (v) => us(v), fmtVal: (v) => us(v),","reviewed static/structural, formatting constant, protocol label, or corrections-ledger value"
cm_master_shared.js,1453,256,"table: table([""live_k"", ""CM kernel"", ""CSE-flat kernel"", ""CUDD 256 samples"", ""CUDD full extraction"", ""extraction ÷ CM kernel""],","reviewed static/structural, formatting constant, protocol label, or corrections-ledger value"
cm_master_shared.js,1475,10,"legend: [[S1, ""fixed natural order""], [S2, ""best of 10 seeded orders""], [S3, ""CUDD dynamic reordering""]],","reviewed static/structural, formatting constant, protocol label, or corrections-ledger value"
cm_master_shared.js,1477,280,"height: 280, labelBars: true, fmtVal: (v) => f(v, 0), tickDigits: 0,","reviewed static/structural, formatting constant, protocol label, or corrections-ledger value"
cm_master_shared.js,1477,0,"height: 280, labelBars: true, fmtVal: (v) => f(v, 0), tickDigits: 0,","reviewed static/structural, formatting constant, protocol label, or corrections-ledger value"
cm_master_shared.js,1477,0,"height: 280, labelBars: true, fmtVal: (v) => f(v, 0), tickDigits: 0,","reviewed static/structural, formatting constant, protocol label, or corrections-ledger value"
cm_master_shared.js,1481,10,"tip: `best-of-10 ÷ fixed = ${f(r.node_ratio_best10, 3)} · reordering ÷ fixed = ${f(r.node_ratio_reorder, 3)}` })),","reviewed static/structural, formatting constant, protocol label, or corrections-ledger value"
cm_master_shared.js,1481,3,"tip: `best-of-10 ÷ fixed = ${f(r.node_ratio_best10, 3)} · reordering ÷ fixed = ${f(r.node_ratio_reorder, 3)}` })),","reviewed static/structural, formatting constant, protocol label, or corrections-ledger value"
cm_master_shared.js,1481,3,"tip: `best-of-10 ÷ fixed = ${f(r.node_ratio_best10, 3)} · reordering ÷ fixed = ${f(r.node_ratio_reorder, 3)}` })),","reviewed static/structural, formatting constant, protocol label, or corrections-ledger value"
cm_master_shared.js,1484,10,"{ key: ""b10"", label: ""best of 10"", color: S2 },","reviewed static/structural, formatting constant, protocol label, or corrections-ledger value"
cm_master_shared.js,1496,130,"padL: 130, rowH: 32, fmtTick: (v) => us(v), fmtVal: (v) => us(v),","reviewed static/structural, formatting constant, protocol label, or corrections-ledger value"
cm_master_shared.js,1496,32,"padL: 130, rowH: 32, fmtTick: (v) => us(v), fmtVal: (v) => us(v),","reviewed static/structural, formatting constant, protocol label, or corrections-ledger value"
cm_master_shared.js,1500,10,"table: table([""live_k"", ""fixed nodes"", ""best-of-10 nodes"", ""reorder nodes"", ""best-10 ÷ fixed"", ""reorder ÷ fixed"", ""one build"", ""ten builds""],","reviewed static/structural, formatting constant, protocol label, or corrections-ledger value"
cm_master_shared.js,1500,10,"table: table([""live_k"", ""fixed nodes"", ""best-of-10 nodes"", ""reorder nodes"", ""best-10 ÷ fixed"", ""reorder ÷ fixed"", ""one build"", ""ten builds""],","reviewed static/structural, formatting constant, protocol label, or corrections-ledger value"
cm_master_shared.js,1501,0,"rows.map(r => [r.live_k, f(r.fixed_nodes, 0), f(r.best10_nodes, 0), f(r.reorder_nodes, 0),","reviewed static/structural, formatting constant, protocol label, or corrections-ledger value"
cm_master_shared.js,1501,0,"rows.map(r => [r.live_k, f(r.fixed_nodes, 0), f(r.best10_nodes, 0), f(r.reorder_nodes, 0),","reviewed static/structural, formatting constant, protocol label, or corrections-ledger value"
cm_master_shared.js,1501,0,"rows.map(r => [r.live_k, f(r.fixed_nodes, 0), f(r.best10_nodes, 0), f(r.reorder_nodes, 0),","reviewed static/structural, formatting constant, protocol label, or corrections-ledger value"
cm_master_shared.js,1502,3,"f(r.node_ratio_best10, 3), f(r.node_ratio_reorder, 3), us(r.fixed_build_us), us(r.pure_10build_sum_us)])),","reviewed static/structural, formatting constant, protocol label, or corrections-ledger value"
cm_master_shared.js,1502,3,"f(r.node_ratio_best10, 3), f(r.node_ratio_reorder, 3), us(r.fixed_build_us), us(r.pure_10build_sum_us)])),","reviewed static/structural, formatting constant, protocol label, or corrections-ledger value"
cm_master_shared.js,1505,0,"`${f(Math.max(...rows.map(r => r.fixed_nodes)), 0)} nodes and below, CUDD's trigger threshold is never ` +","reviewed static/structural, formatting constant, protocol label, or corrections-ledger value"
cm_master_shared.js,1506,1.00,"""reached, so its node ratio is exactly 1.00. That is a statement about this corpus being small for CUDD, "" +","reviewed static/structural, formatting constant, protocol label, or corrections-ledger value"
cm_master_shared.js,1527,1.0,"domain: pad(d.circuits.flatMap(c => [c.cm_cse_flat, c.cm_cse]).concat([1.0]), 0.02),","reviewed static/structural, formatting constant, protocol label, or corrections-ledger value"
cm_master_shared.js,1527,0.02,"domain: pad(d.circuits.flatMap(c => [c.cm_cse_flat, c.cm_cse]).concat([1.0]), 0.02),","reviewed static/structural, formatting constant, protocol label, or corrections-ledger value"
cm_master_shared.js,1528,1.0,"ref: 1.0, padL: 150,","reviewed static/structural, formatting constant, protocol label, or corrections-ledger value"
cm_master_shared.js,1528,150,"ref: 1.0, padL: 150,","reviewed static/structural, formatting constant, protocol label, or corrections-ledger value"
cm_master_shared.js,1534,4,"d.circuits.map(c => [c.circuit, c.category, c.n, f(c.cm_cse_flat, 4), f(c.cm_cse, 4)])),","reviewed static/structural, formatting constant, protocol label, or corrections-ledger value"
cm_master_shared.js,1534,4,"d.circuits.map(c => [c.circuit, c.category, c.n, f(c.cm_cse_flat, 4), f(c.cm_cse, 4)])),","reviewed static/structural, formatting constant, protocol label, or corrections-ledger value"
cm_master_shared.js,1539,3,"`${f(d.mechanism.instr_ratio_cm_cse_flat, 3)}. The mechanism predicted parity on this corpus and parity ` +","reviewed static/structural, formatting constant, protocol label, or corrections-ledger value"
cm_master_shared.js,1548,5,"scope: ""5 independent Linux pods · AMD EPYC · frozen corpus, SHA-256 verified on each pod"",","reviewed static/structural, formatting constant, protocol label, or corrections-ledger value"
cm_master_shared.js,1548,256,"scope: ""5 independent Linux pods · AMD EPYC · frozen corpus, SHA-256 verified on each pod"",","reviewed static/structural, formatting constant, protocol label, or corrections-ledger value"
cm_master_shared.js,1554,0,"scope: `${p.platform.split(""-x86_64"")[0]} · numpy ${p.numpy} · ${p.n_formulas} formulas`,","reviewed static/structural, formatting constant, protocol label, or corrections-ledger value"
cm_master_shared.js,1557,1.0,"domain: pad(d.pods.flatMap(p => [p.blocked, p.lo, p.hi]).concat([1.0]), 0.01), ref: 1.0, padL: 120,","reviewed static/structural, formatting constant, protocol label, or corrections-ledger value"
cm_master_shared.js,1557,0.01,"domain: pad(d.pods.flatMap(p => [p.blocked, p.lo, p.hi]).concat([1.0]), 0.01), ref: 1.0, padL: 120,","reviewed static/structural, formatting constant, protocol label, or corrections-ledger value"
cm_master_shared.js,1557,1.0,"domain: pad(d.pods.flatMap(p => [p.blocked, p.lo, p.hi]).concat([1.0]), 0.01), ref: 1.0, padL: 120,","reviewed static/structural, formatting constant, protocol label, or corrections-ledger value"
cm_master_shared.js,1557,120,"domain: pad(d.pods.flatMap(p => [p.blocked, p.lo, p.hi]).concat([1.0]), 0.01), ref: 1.0, padL: 120,","reviewed static/structural, formatting constant, protocol label, or corrections-ledger value"
cm_master_shared.js,1561,95%,"table: table([""pod"", ""blocked"", ""95% CI"", ""round-robin"", ""CM ÷ CSE-flat"", ""identity exact"", ""corpus SHA ok"", ""CI excludes parity""],","reviewed static/structural, formatting constant, protocol label, or corrections-ledger value"
cm_master_shared.js,1562,4,"d.pods.map(p => [p.label, f(p.blocked, 4), `[${f(p.lo, 4)}, ${f(p.hi, 4)}]`, f(p.rr, 4),","reviewed static/structural, formatting constant, protocol label, or corrections-ledger value"
cm_master_shared.js,1562,4,"d.pods.map(p => [p.label, f(p.blocked, 4), `[${f(p.lo, 4)}, ${f(p.hi, 4)}]`, f(p.rr, 4),","reviewed static/structural, formatting constant, protocol label, or corrections-ledger value"
cm_master_shared.js,1562,4,"d.pods.map(p => [p.label, f(p.blocked, 4), `[${f(p.lo, 4)}, ${f(p.hi, 4)}]`, f(p.rr, 4),","reviewed static/structural, formatting constant, protocol label, or corrections-ledger value"
cm_master_shared.js,1562,4,"d.pods.map(p => [p.label, f(p.blocked, 4), `[${f(p.lo, 4)}, ${f(p.hi, 4)}]`, f(p.rr, 4),","reviewed static/structural, formatting constant, protocol label, or corrections-ledger value"
cm_master_shared.js,1563,4,"f(p.cm_cse_flat, 4), String(p.identity_exact), String(p.corpus_sha_ok), String(p.ci_excludes_parity)])),","reviewed static/structural, formatting constant, protocol label, or corrections-ledger value"
cm_master_shared.js,1565,4,"note: `Verdict: <b>${d.verdict}</b>. Pod-to-pod spread ${f(d.spread.geomean_spread, 4)}, ` +","reviewed static/structural, formatting constant, protocol label, or corrections-ledger value"
cm_master_shared.js,1566,4,"`standard deviation ${f(d.spread.sigma_across_pods, 4)}, against a local reference of ${f(d.local_reference, 4)}. ` +","reviewed static/structural, formatting constant, protocol label, or corrections-ledger value"
cm_master_shared.js,1566,4,"`standard deviation ${f(d.spread.sigma_across_pods, 4)}, against a local reference of ${f(d.local_reference, 4)}. ` +","reviewed static/structural, formatting constant, protocol label, or corrections-ledger value"
cm_master_shared.js,1576,8,"scope: ""local synthetic · same protocol as the superseded V4 wrapper experiment · 8 formulas per cell"",","reviewed static/structural, formatting constant, protocol label, or corrections-ledger value"
cm_master_shared.js,1580,16,"`the spread at live_k=16 is ${T(""b4.k16.spread"")}. This is why every axis on this site is live_k.`,","reviewed static/structural, formatting constant, protocol label, or corrections-ledger value"
cm_master_shared.js,1581,16,"legend: [[S1, ""ambient n = 16""], [S2, ""ambient n = 20""], [S3, ""ambient n = 24""]],","reviewed static/structural, formatting constant, protocol label, or corrections-ledger value"
cm_master_shared.js,1581,20,"legend: [[S1, ""ambient n = 16""], [S2, ""ambient n = 20""], [S3, ""ambient n = 24""]],","reviewed static/structural, formatting constant, protocol label, or corrections-ledger value"
cm_master_shared.js,1581,24,"legend: [[S1, ""ambient n = 16""], [S2, ""ambient n = 20""], [S3, ""ambient n = 24""]],","reviewed static/structural, formatting constant, protocol label, or corrections-ledger value"
cm_master_shared.js,1583,290,"height: 290, labelBars: true, fmtVal: (v) => FMT.x2(v), ref: 1.0,","reviewed static/structural, formatting constant, protocol label, or corrections-ledger value"
cm_master_shared.js,1583,1.0,"height: 290, labelBars: true, fmtVal: (v) => FMT.x2(v), ref: 1.0,","reviewed static/structural, formatting constant, protocol label, or corrections-ledger value"
cm_master_shared.js,1589,0,"return { label: ""live_k = "" + k, values: v, tip: `${cells[0].n} formulas per cell` };","reviewed static/structural, formatting constant, protocol label, or corrections-ledger value"
cm_master_shared.js,1592,16,"{ key: ""n16"", label: ""n = 16"", color: S1 },","reviewed static/structural, formatting constant, protocol label, or corrections-ledger value"
cm_master_shared.js,1593,20,"{ key: ""n20"", label: ""n = 20"", color: S2 },","reviewed static/structural, formatting constant, protocol label, or corrections-ledger value"
cm_master_shared.js,1594,24,"{ key: ""n24"", label: ""n = 24"", color: S3 },","reviewed static/structural, formatting constant, protocol label, or corrections-ledger value"
cm_master_shared.js,1598,3,"d.rows.map(r => [r.live_k, r.ambient_n, r.n, f(r.geomean, 3), f(r.median, 3),","reviewed static/structural, formatting constant, protocol label, or corrections-ledger value"
cm_master_shared.js,1598,3,"d.rows.map(r => [r.live_k, r.ambient_n, r.n, f(r.geomean, 3), f(r.median, 3),","reviewed static/structural, formatting constant, protocol label, or corrections-ledger value"
cm_master_shared.js,1599,2,"`${f(r.p10, 2)}–${f(r.p90, 2)}`, us(r.cm_us), us(r.bitset_us)])),","reviewed static/structural, formatting constant, protocol label, or corrections-ledger value"
cm_master_shared.js,1599,2,"`${f(r.p10, 2)}–${f(r.p90, 2)}`, us(r.cm_us), us(r.bitset_us)])),","reviewed static/structural, formatting constant, protocol label, or corrections-ledger value"
cm_master_shared.js,1615,15,"scope: `local synthetic · ${commas(d.totals.trials)} fresh post-repair trials across 15 cells`,","reviewed static/structural, formatting constant, protocol label, or corrections-ledger value"
cm_master_shared.js,1622,3,"legend: depths.map((dep, i) => [[S1, S2, S3][i % 3], ""expression depth "" + dep]),","reviewed static/structural, formatting constant, protocol label, or corrections-ledger value"
cm_master_shared.js,1624,290,"height: 290, labelBars: true, fmtVal: (v) => Math.round(v * 100) + ""%"", max: 1.05, tickDigits: 1,","reviewed static/structural, formatting constant, protocol label, or corrections-ledger value"
cm_master_shared.js,1624,100,"height: 290, labelBars: true, fmtVal: (v) => Math.round(v * 100) + ""%"", max: 1.05, tickDigits: 1,","reviewed static/structural, formatting constant, protocol label, or corrections-ledger value"
cm_master_shared.js,1624,1.05,"height: 290, labelBars: true, fmtVal: (v) => Math.round(v * 100) + ""%"", max: 1.05, tickDigits: 1,","reviewed static/structural, formatting constant, protocol label, or corrections-ledger value"
cm_master_shared.js,1624,1,"height: 290, labelBars: true, fmtVal: (v) => Math.round(v * 100) + ""%"", max: 1.05, tickDigits: 1,","reviewed static/structural, formatting constant, protocol label, or corrections-ledger value"
cm_master_shared.js,1625,100,"fmtTick: (v) => Math.round(v * 100) + ""%"",","reviewed static/structural, formatting constant, protocol label, or corrections-ledger value"
cm_master_shared.js,1635,1,"tip: ""median live_k "" + cells.map(c => `d${c.depth}:${f(c.median_live_k, 1)}`).join("" · "") };","reviewed static/structural, formatting constant, protocol label, or corrections-ledger value"
cm_master_shared.js,1637,3,"series: depths.map((dep, i) => ({ key: ""d"" + dep, label: ""depth "" + dep, color: [S1, S2, S3][i % 3] })),","reviewed static/structural, formatting constant, protocol label, or corrections-ledger value"
cm_master_shared.js,1640,1,"d.rows.map(r => [r.n, r.depth, r.trials, f(r.median_live_k, 1), `${r.min_live_k}–${r.max_live_k}`,","reviewed static/structural, formatting constant, protocol label, or corrections-ledger value"
cm_master_shared.js,1641,100,"FMT.pct0(100 * r.declined_rate), r.wrong_guard, r.oversized])),","reviewed static/structural, formatting constant, protocol label, or corrections-ledger value"
cm_master_shared.js,1644,4,`<b>${d.totals.oversized} oversized outputs</b>. Note also that at depth 4 the median semantic support is ` +,"reviewed static/structural, formatting constant, protocol label, or corrections-ledger value"
cm_master_shared.js,1663,330,"height: 330, logX: true, logY: true,","reviewed static/structural, formatting constant, protocol label, or corrections-ledger value"
cm_master_shared.js,1664,8,"xDomain: [8, Math.max(...d.cases.map(c => Math.max(c.unfolded, 8))) * 2.5],","reviewed static/structural, formatting constant, protocol label, or corrections-ledger value"
cm_master_shared.js,1664,8,"xDomain: [8, Math.max(...d.cases.map(c => Math.max(c.unfolded, 8))) * 2.5],","reviewed static/structural, formatting constant, protocol label, or corrections-ledger value"
cm_master_shared.js,1664,2.5,"xDomain: [8, Math.max(...d.cases.map(c => Math.max(c.unfolded, 8))) * 2.5],","reviewed static/structural, formatting constant, protocol label, or corrections-ledger value"
cm_master_shared.js,1665,0.7,"yDomain: [Math.min(...d.cases.map(c => c.cm_prep_us)) * 0.7,","reviewed static/structural, formatting constant, protocol label, or corrections-ledger value"
cm_master_shared.js,1666,1.6,"Math.max(...d.cases.map(c => c.cm_prep_us)) * 1.6],","reviewed static/structural, formatting constant, protocol label, or corrections-ledger value"
cm_master_shared.js,1667,1e6,"fmtX: (v) => v >= 1e6 ? (v / 1e6) + ""M"" : v >= 1000 ? (v / 1000) + ""k"" : String(v),","reviewed static/structural, formatting constant, protocol label, or corrections-ledger value"
cm_master_shared.js,1667,1e6,"fmtX: (v) => v >= 1e6 ? (v / 1e6) + ""M"" : v >= 1000 ? (v / 1000) + ""k"" : String(v),","reviewed static/structural, formatting constant, protocol label, or corrections-ledger value"
cm_master_shared.js,1667,1000,"fmtX: (v) => v >= 1e6 ? (v / 1e6) + ""M"" : v >= 1000 ? (v / 1000) + ""k"" : String(v),","reviewed static/structural, formatting constant, protocol label, or corrections-ledger value"
cm_master_shared.js,1667,1000,"fmtX: (v) => v >= 1e6 ? (v / 1e6) + ""M"" : v >= 1000 ? (v / 1000) + ""k"" : String(v),","reviewed static/structural, formatting constant, protocol label, or corrections-ledger value"
cm_master_shared.js,1673,3.5,"{ label: ""other families"", color: S2, r: 3.5,","reviewed static/structural, formatting constant, protocol label, or corrections-ledger value"
cm_master_shared.js,1674,8,"points: others.map(c => ({ x: Math.max(c.unfolded, 8), y: c.cm_prep_us,","reviewed static/structural, formatting constant, protocol label, or corrections-ledger value"
cm_master_shared.js,1677,8,"points: ladder.map(c => ({ x: Math.max(c.unfolded, 8), y: c.cm_prep_us,","reviewed static/structural, formatting constant, protocol label, or corrections-ledger value"
cm_master_shared.js,1707,140,"title: ""Family × shape interaction grid"", cellW: 140, padL: 130,","reviewed static/structural, formatting constant, protocol label, or corrections-ledger value"
cm_master_shared.js,1707,130,"title: ""Family × shape interaction grid"", cellW: 140, padL: 130,","reviewed static/structural, formatting constant, protocol label, or corrections-ledger value"
cm_master_shared.js,1712,1.0,"})), { domain: pad(d.by_live_k.flatMap(r => [r.geomean, r.lo, r.hi]).concat([1.0]), 0.01), ref: 1.0, padL: 140,","reviewed static/structural, formatting constant, protocol label, or corrections-ledger value"
cm_master_shared.js,1712,0.01,"})), { domain: pad(d.by_live_k.flatMap(r => [r.geomean, r.lo, r.hi]).concat([1.0]), 0.01), ref: 1.0, padL: 140,","reviewed static/structural, formatting constant, protocol label, or corrections-ledger value"
cm_master_shared.js,1712,1.0,"})), { domain: pad(d.by_live_k.flatMap(r => [r.geomean, r.lo, r.hi]).concat([1.0]), 0.01), ref: 1.0, padL: 140,","reviewed static/structural, formatting constant, protocol label, or corrections-ledger value"
cm_master_shared.js,1712,140,"})), { domain: pad(d.by_live_k.flatMap(r => [r.geomean, r.lo, r.hi]).concat([1.0]), 0.01), ref: 1.0, padL: 140,","reviewed static/structural, formatting constant, protocol label, or corrections-ledger value"
cm_master_shared.js,1715,95%,"table: table([""cell"", ""formulas"", ""geomean"", ""95% CI"", ""clustering basis""],","reviewed static/structural, formatting constant, protocol label, or corrections-ledger value"
cm_master_shared.js,1716,4,"d.by_family_shape.concat(d.by_live_k).map(r => [r.group, r.n, f(r.geomean, 4),","reviewed static/structural, formatting constant, protocol label, or corrections-ledger value"
cm_master_shared.js,1717,4,"`[${f(r.lo, 4)}, ${f(r.hi, 4)}]`, r.basis])),","reviewed static/structural, formatting constant, protocol label, or corrections-ledger value"
cm_master_shared.js,1717,4,"`[${f(r.lo, 4)}, ${f(r.hi, 4)}]`, r.basis])),","reviewed static/structural, formatting constant, protocol label, or corrections-ledger value"
cm_master_shared.js,1738,0,"tip: `${r.arm} · round-robin is ${r.delta_pct >= 0 ? ""+"" : """"}${f(r.delta_pct, 2)}% versus blocked`,","reviewed static/structural, formatting constant, protocol label, or corrections-ledger value"
cm_master_shared.js,1738,2,"tip: `${r.arm} · round-robin is ${r.delta_pct >= 0 ? ""+"" : """"}${f(r.delta_pct, 2)}% versus blocked`,","reviewed static/structural, formatting constant, protocol label, or corrections-ledger value"
cm_master_shared.js,1742,1.0,"domain: pad(d.rows.flatMap(r => [r.blocked, r.rr]).concat([1.0]), 0.01),","reviewed static/structural, formatting constant, protocol label, or corrections-ledger value"
cm_master_shared.js,1742,0.01,"domain: pad(d.rows.flatMap(r => [r.blocked, r.rr]).concat([1.0]), 0.01),","reviewed static/structural, formatting constant, protocol label, or corrections-ledger value"
cm_master_shared.js,1743,1.0,"ref: 1.0, padL: 235, aLabel: ""blocked"", bLabel: ""round-robin"",","reviewed static/structural, formatting constant, protocol label, or corrections-ledger value"
cm_master_shared.js,1743,235,"ref: 1.0, padL: 235, aLabel: ""blocked"", bLabel: ""round-robin"",","reviewed static/structural, formatting constant, protocol label, or corrections-ledger value"
cm_master_shared.js,1747,4,"d.rows.map(r => [r.source, r.arm, f(r.blocked, 4), f(r.rr, 4), FMT.pctsign2(r.delta_pct)])),","reviewed static/structural, formatting constant, protocol label, or corrections-ledger value"
cm_master_shared.js,1747,4,"d.rows.map(r => [r.source, r.arm, f(r.blocked, 4), f(r.rr, 4), FMT.pctsign2(r.delta_pct)])),","reviewed static/structural, formatting constant, protocol label, or corrections-ledger value"
cm_master_shared.js,1761,1,"caption: ""The old “within about 1–2%” schedule sentence holds for the archive, EPFL and pods, but not for "" +","reviewed static/structural, formatting constant, protocol label, or corrections-ledger value"
cm_master_shared.js,1761,2%,"caption: ""The old “within about 1–2%” schedule sentence holds for the archive, EPFL and pods, but not for "" +","reviewed static/structural, formatting constant, protocol label, or corrections-ledger value"
cm_master_shared.js,1765,2,"label: r.label, value: r.delta_pct, color: r.delta_pct > 2 ? ""var(--critical)"" : S2, tip: r.scope,","reviewed static/structural, formatting constant, protocol label, or corrections-ledger value"
cm_master_shared.js,1767,15,"max: 15, ref: 2, refLabel: ""old ≈2% wording"", title: ""Absolute schedule shift"",","reviewed static/structural, formatting constant, protocol label, or corrections-ledger value"
cm_master_shared.js,1767,2,"max: 15, ref: 2, refLabel: ""old ≈2% wording"", title: ""Absolute schedule shift"",","reviewed static/structural, formatting constant, protocol label, or corrections-ledger value"
cm_master_shared.js,1767,2%,"max: 15, ref: 2, refLabel: ""old ≈2% wording"", title: ""Absolute schedule shift"",","reviewed static/structural, formatting constant, protocol label, or corrections-ledger value"
cm_master_shared.js,1768,0,"xTitle: ""absolute blocked-to-round-robin shift"", fmtTick: v => f(v, 0) + ""%"",","reviewed static/structural, formatting constant, protocol label, or corrections-ledger value"
cm_master_shared.js,1769,2,"fmtVal: v => f(v, 2) + ""%"",","reviewed static/structural, formatting constant, protocol label, or corrections-ledger value"
cm_master_shared.js,1773,2,"d.schedule_rows.map(r => [r.label, f(r.delta_pct, 2) + ""%"", r.scope])),","reviewed static/structural, formatting constant, protocol label, or corrections-ledger value"
cm_master_shared.js,1775,2%,"note: ""Red means the scope exceeds the sentence's old ~2% shorthand; it does not mean the benchmark failed. "" +","reviewed static/structural, formatting constant, protocol label, or corrections-ledger value"
cm_master_shared.js,1784,10,"scope: ""10 open questions · grouped by evidence state, not ranked by optimism"",","reviewed static/structural, formatting constant, protocol label, or corrections-ledger value"
cm_master_shared.js,1798,1,"const costName = v => ({1: ""low"", 2: ""medium"", 3: ""high""})[Math.round(v)] || """";","reviewed static/structural, formatting constant, protocol label, or corrections-ledger value"
cm_master_shared.js,1798,2,"const costName = v => ({1: ""low"", 2: ""medium"", 3: ""high""})[Math.round(v)] || """";","reviewed static/structural, formatting constant, protocol label, or corrections-ledger value"
cm_master_shared.js,1798,3,"const costName = v => ({1: ""low"", 2: ""medium"", 3: ""high""})[Math.round(v)] || """";","reviewed static/structural, formatting constant, protocol label, or corrections-ledger value"
cm_master_shared.js,1807,1,"label: r.priority + "" · "" + r.experiment, value: r.cost_level, color: r.cost_level === 1 ? S1 : r.cost_level === 2 ? S2 : S3,","reviewed static/structural, formatting constant, protocol label, or corrections-ledger value"
cm_master_shared.js,1807,2,"label: r.priority + "" · "" + r.experiment, value: r.cost_level, color: r.cost_level === 1 ? S1 : r.cost_level === 2 ? S2 : S3,","reviewed static/structural, formatting constant, protocol label, or corrections-ledger value"
cm_master_shared.js,1810,3.25,"max: 3.25, padL: 285, rowH: 34, title: ""Roadmap effort by priority"",","reviewed static/structural, formatting constant, protocol label, or corrections-ledger value"
cm_master_shared.js,1810,285,"max: 3.25, padL: 285, rowH: 34, title: ""Roadmap effort by priority"",","reviewed static/structural, formatting constant, protocol label, or corrections-ledger value"
cm_master_shared.js,1810,34,"max: 3.25, padL: 285, rowH: 34, title: ""Roadmap effort by priority"",","reviewed static/structural, formatting constant, protocol label, or corrections-ledger value"
cm_master_shared.js,1817,08,"""deliverables_n22_24/CM_GAP_POST_ACCEPTANCE_OPTIMIZATION_DECISION_2026-08-03.md :: ranked next tests and optimisations"",","reviewed static/structural, formatting constant, protocol label, or corrections-ledger value"
cm_master_shared.js,1817,03,"""deliverables_n22_24/CM_GAP_POST_ACCEPTANCE_OPTIMIZATION_DECISION_2026-08-03.md :: ranked next tests and optimisations"",","reviewed static/structural, formatting constant, protocol label, or corrections-ledger value"
cm_master_shared.js,1826,14,"scope: ""14 audit, repair, replication and external-validation passes · July–August 2026"",","reviewed static/structural, formatting constant, protocol label, or corrections-ledger value"
cm_master_shared.js,1826,2026,"scope: ""14 audit, repair, replication and external-validation passes · July–August 2026"",","reviewed static/structural, formatting constant, protocol label, or corrections-ledger value"
cm_master_shared.js,1833,1,"chain.map((step, i) => [i + 1, step.date, step.stage, P(step.outcome)]), ""wrap""),","reviewed static/structural, formatting constant, protocol label, or corrections-ledger value"
cm_master_shared.js,1873,0,"`Built from evidence revision <code>${M.evidence_revision.slice(0, 7)}</code> (campaign revision <code>${M.campaign_revision.slice(0, 7)}</code>) ` +","reviewed static/structural, formatting constant, protocol label, or corrections-ledger value"
cm_master_shared.js,1873,7,"`Built from evidence revision <code>${M.evidence_revision.slice(0, 7)}</code> (campaign revision <code>${M.campaign_revision.slice(0, 7)}</code>) ` +","reviewed static/structural, formatting constant, protocol label, or corrections-ledger value"
cm_master_shared.js,1873,0,"`Built from evidence revision <code>${M.evidence_revision.slice(0, 7)}</code> (campaign revision <code>${M.campaign_revision.slice(0, 7)}</code>) ` +","reviewed static/structural, formatting constant, protocol label, or corrections-ledger value"
cm_master_shared.js,1873,7,"`Built from evidence revision <code>${M.evidence_revision.slice(0, 7)}</code> (campaign revision <code>${M.campaign_revision.slice(0, 7)}</code>) ` +","reviewed static/structural, formatting constant, protocol label, or corrections-ledger value"
cm_master_shared.js,1881,2,`Total cloud spend for the whole campaign ${FMT.usd(M.cost_usd)} against a $${M.cost_cap_usd.toFixed(2)} cap. ` +,"reviewed static/structural, formatting constant, protocol label, or corrections-ledger value"
cm_master_template.html,4,8,"<meta charset=""utf-8"">","reviewed static/structural, formatting constant, protocol label, or corrections-ledger value"
cm_master_template.html,5,1,"<meta name=""viewport"" content=""width=device-width, initial-scale=1"">","reviewed static/structural, formatting constant, protocol label, or corrections-ledger value"
cm_master_template.html,39,1,"[""#s1"", ""1 · Why it matters""],","reviewed static/structural, formatting constant, protocol label, or corrections-ledger value"
cm_master_template.html,40,2,"[""#s2"", ""2 · The toolbox""],","reviewed static/structural, formatting constant, protocol label, or corrections-ledger value"
cm_master_template.html,41,3,"[""#s3"", ""3 · What a CM is""],","reviewed static/structural, formatting constant, protocol label, or corrections-ledger value"
cm_master_template.html,42,4,"[""#s4"", ""4 · Which is better when""],","reviewed static/structural, formatting constant, protocol label, or corrections-ledger value"
cm_master_template.html,43,5,"[""#s5"", ""5 · Open frontier""],","reviewed static/structural, formatting constant, protocol label, or corrections-ledger value"
cm_master_template.html,44,6,"[""#s6"", ""6 · How we know""],","reviewed static/structural, formatting constant, protocol label, or corrections-ledger value"
cm_master_template.html,45,7,"[""#s7"", ""7 · Glossary""],","reviewed static/structural, formatting constant, protocol label, or corrections-ledger value"
cm_master_template.html,46,8,"[""#s8"", ""8 · Other views""],","reviewed static/structural, formatting constant, protocol label, or corrections-ledger value"
cm_master_template.html,54,15,"h(""p"", { class: ""lede"", style: ""font-size:15px"", html: P(C.page.standfirst) }),","reviewed static/structural, formatting constant, protocol label, or corrections-ledger value"
cm_master_template.html,56,3,"`Evidence: comprehensive benchmark refresh of 3 August 2026 (B1–B7, BX1–BX2) · ` +","reviewed static/structural, formatting constant, protocol label, or corrections-ledger value"
cm_master_template.html,56,2026,"`Evidence: comprehensive benchmark refresh of 3 August 2026 (B1–B7, BX1–BX2) · ` +","reviewed static/structural, formatting constant, protocol label, or corrections-ledger value"
cm_master_template.html,57,0,"`evidence revision <code>${M.evidence_revision.slice(0, 7)}</code>, campaign revision <code>${M.campaign_revision.slice(0, 7)}</code>. ` +","reviewed static/structural, formatting constant, protocol label, or corrections-ledger value"
cm_master_template.html,57,7,"`evidence revision <code>${M.evidence_revision.slice(0, 7)}</code>, campaign revision <code>${M.campaign_revision.slice(0, 7)}</code>. ` +","reviewed static/structural, formatting constant, protocol label, or corrections-ledger value"
cm_master_template.html,57,0,"`evidence revision <code>${M.evidence_revision.slice(0, 7)}</code>, campaign revision <code>${M.campaign_revision.slice(0, 7)}</code>. ` +","reviewed static/structural, formatting constant, protocol label, or corrections-ledger value"
cm_master_template.html,57,7,"`evidence revision <code>${M.evidence_revision.slice(0, 7)}</code>, campaign revision <code>${M.campaign_revision.slice(0, 7)}</code>. ` +","reviewed static/structural, formatting constant, protocol label, or corrections-ledger value"
cm_master_template.html,80,0,"[""CM vs a plain CSE kernel"", f(DATA.e1_kernel_vs_cse.rows[0].value, 3),","reviewed static/structural, formatting constant, protocol label, or corrections-ledger value"
cm_master_template.html,80,3,"[""CM vs a plain CSE kernel"", f(DATA.e1_kernel_vs_cse.rows[0].value, 3),","reviewed static/structural, formatting constant, protocol label, or corrections-ledger value"
cm_master_template.html,82,1,"[""CM vs a flattened CSE kernel"", f(DATA.e2_kernel_vs_cse_flat.rows[1].value, 4),","reviewed static/structural, formatting constant, protocol label, or corrections-ledger value"
cm_master_template.html,82,4,"[""CM vs a flattened CSE kernel"", f(DATA.e2_kernel_vs_cse_flat.rows[1].value, 4),","reviewed static/structural, formatting constant, protocol label, or corrections-ledger value"
cm_master_template.html,101,1,/* ============================================================ SECTION 1 */,"reviewed static/structural, formatting constant, protocol label, or corrections-ledger value"
cm_master_template.html,103,1,"const s = section(""s1"", ""Section 1"", ""Why Boolean computation matters"", C.domains.lede);","reviewed static/structural, formatting constant, protocol label, or corrections-ledger value"
cm_master_template.html,115,4,"""measured against, via the EPFL circuits in section 4."" }));","reviewed static/structural, formatting constant, protocol label, or corrections-ledger value"
cm_master_template.html,116,10,"s.append(moreBlock([domainGrid(C.domains.items)], ""Browse all 10 candidate domains""));","reviewed static/structural, formatting constant, protocol label, or corrections-ledger value"
cm_master_template.html,120,2,/* ============================================================ SECTION 2 */,"reviewed static/structural, formatting constant, protocol label, or corrections-ledger value"
cm_master_template.html,122,2,"const s = section(""s2"", ""Section 2"", ""The toolbox, and what each tool solves"", C.toolbox.lede);","reviewed static/structural, formatting constant, protocol label, or corrections-ledger value"
cm_master_template.html,135,3,/* ============================================================ SECTION 3 */,"reviewed static/structural, formatting constant, protocol label, or corrections-ledger value"
cm_master_template.html,137,3,"const s = section(""s3"", ""Section 3"", ""What a Correspondence Matrix is"", C.whatIsCM.lede);","reviewed static/structural, formatting constant, protocol label, or corrections-ledger value"
cm_master_template.html,143,0,"const left = h(""div"", { class: ""card"", style: ""margin:0"" });","reviewed static/structural, formatting constant, protocol label, or corrections-ledger value"
cm_master_template.html,148,0,"const right = h(""div"", { class: ""card"", style: ""margin:0"" });","reviewed static/structural, formatting constant, protocol label, or corrections-ledger value"
cm_master_template.html,151,16,"right.append(h(""pre"", { style: ""font-family:ui-monospace,Consolas,monospace;font-size:16px;margin:10px 0 0;line-height:1.5"",","reviewed static/structural, formatting constant, protocol label, or corrections-ledger value"
cm_master_template.html,151,10,"right.append(h(""pre"", { style: ""font-family:ui-monospace,Consolas,monospace;font-size:16px;margin:10px 0 0;line-height:1.5"",","reviewed static/structural, formatting constant, protocol label, or corrections-ledger value"
cm_master_template.html,151,0,"right.append(h(""pre"", { style: ""font-family:ui-monospace,Consolas,monospace;font-size:16px;margin:10px 0 0;line-height:1.5"",","reviewed static/structural, formatting constant, protocol label, or corrections-ledger value"
cm_master_template.html,151,0,"right.append(h(""pre"", { style: ""font-family:ui-monospace,Consolas,monospace;font-size:16px;margin:10px 0 0;line-height:1.5"",","reviewed static/structural, formatting constant, protocol label, or corrections-ledger value"
cm_master_template.html,151,1.5,"right.append(h(""pre"", { style: ""font-family:ui-monospace,Consolas,monospace;font-size:16px;margin:10px 0 0;line-height:1.5"",","reviewed static/structural, formatting constant, protocol label, or corrections-ledger value"
cm_master_template.html,164,16,"c.append(h(""h2"", { style: ""font-size:16px"", html: ""<code>f(x0…x31) = x2 AND x17</code>"" }));","reviewed static/structural, formatting constant, protocol label, or corrections-ledger value"
cm_master_template.html,168,2,"""The ambient truth table has 2<sup>n</sup> entries, but almost all of them are repetitions. The "" +","reviewed static/structural, formatting constant, protocol label, or corrections-ledger value"
cm_master_template.html,169,2,"""semantically meaningful work scales with 2<sup>live_k</sup> — which is what CM exposes, and what "" +","reviewed static/structural, formatting constant, protocol label, or corrections-ledger value"
cm_master_template.html,186,8,"const ul = h(""ul"", { style: ""margin:8px 0 0;padding-left:18px;font-size:13.2px;color:var(--text-secondary)"" });","reviewed static/structural, formatting constant, protocol label, or corrections-ledger value"
cm_master_template.html,186,0,"const ul = h(""ul"", { style: ""margin:8px 0 0;padding-left:18px;font-size:13.2px;color:var(--text-secondary)"" });","reviewed static/structural, formatting constant, protocol label, or corrections-ledger value"
cm_master_template.html,186,0,"const ul = h(""ul"", { style: ""margin:8px 0 0;padding-left:18px;font-size:13.2px;color:var(--text-secondary)"" });","reviewed static/structural, formatting constant, protocol label, or corrections-ledger value"
cm_master_template.html,186,18,"const ul = h(""ul"", { style: ""margin:8px 0 0;padding-left:18px;font-size:13.2px;color:var(--text-secondary)"" });","reviewed static/structural, formatting constant, protocol label, or corrections-ledger value"
cm_master_template.html,186,13.2,"const ul = h(""ul"", { style: ""margin:8px 0 0;padding-left:18px;font-size:13.2px;color:var(--text-secondary)"" });","reviewed static/structural, formatting constant, protocol label, or corrections-ledger value"
cm_master_template.html,187,0,"col.items.slice(0, 1).forEach(i => ul.append(h(""li"", { html: P(i) })));","reviewed static/structural, formatting constant, protocol label, or corrections-ledger value"
cm_master_template.html,187,1,"col.items.slice(0, 1).forEach(i => ul.append(h(""li"", { html: P(i) })));","reviewed static/structural, formatting constant, protocol label, or corrections-ledger value"
cm_master_template.html,189,1,if (col.items.length > 1) {,"reviewed static/structural, formatting constant, protocol label, or corrections-ledger value"
cm_master_template.html,190,0,"const rest = h(""ul"", { style: ""margin:0;padding-left:18px;font-size:13.2px;color:var(--text-secondary)"" });","reviewed static/structural, formatting constant, protocol label, or corrections-ledger value"
cm_master_template.html,190,18,"const rest = h(""ul"", { style: ""margin:0;padding-left:18px;font-size:13.2px;color:var(--text-secondary)"" });","reviewed static/structural, formatting constant, protocol label, or corrections-ledger value"
cm_master_template.html,190,13.2,"const rest = h(""ul"", { style: ""margin:0;padding-left:18px;font-size:13.2px;color:var(--text-secondary)"" });","reviewed static/structural, formatting constant, protocol label, or corrections-ledger value"
cm_master_template.html,191,1,"col.items.slice(1).forEach(i => rest.append(h(""li"", { html: P(i) })));","reviewed static/structural, formatting constant, protocol label, or corrections-ledger value"
cm_master_template.html,207,0,"c.append(h(""p"", { class: ""why"", style: ""margin:0 0 2px"", text: st.n }));","reviewed static/structural, formatting constant, protocol label, or corrections-ledger value"
cm_master_template.html,207,0,"c.append(h(""p"", { class: ""why"", style: ""margin:0 0 2px"", text: st.n }));","reviewed static/structural, formatting constant, protocol label, or corrections-ledger value"
cm_master_template.html,207,2,"c.append(h(""p"", { class: ""why"", style: ""margin:0 0 2px"", text: st.n }));","reviewed static/structural, formatting constant, protocol label, or corrections-ledger value"
cm_master_template.html,210,8,"c.append(h(""p"", { style: ""margin:8px 0 0"" }, [","reviewed static/structural, formatting constant, protocol label, or corrections-ledger value"
cm_master_template.html,210,0,"c.append(h(""p"", { style: ""margin:8px 0 0"" }, [","reviewed static/structural, formatting constant, protocol label, or corrections-ledger value"
cm_master_template.html,210,0,"c.append(h(""p"", { style: ""margin:8px 0 0"" }, [","reviewed static/structural, formatting constant, protocol label, or corrections-ledger value"
cm_master_template.html,233,5,"""is the top-ranked open item in section 5."",","reviewed static/structural, formatting constant, protocol label, or corrections-ledger value"
cm_master_template.html,238,4,/* ============================================================ SECTION 4 */,"reviewed static/structural, formatting constant, protocol label, or corrections-ledger value"
cm_master_template.html,240,4,"const s = section(""s4"", ""Section 4 · the heart of the page"", ""Which is better when"", C.scenarios.lede);","reviewed static/structural, formatting constant, protocol label, or corrections-ledger value"
cm_master_template.html,269,5,/* ============================================================ SECTION 5 */,"reviewed static/structural, formatting constant, protocol label, or corrections-ledger value"
cm_master_template.html,272,5,"const s = section(""s5"", ""Section 5"", ""The open frontier — what is still genuinely unsolved"", F.lede);","reviewed static/structural, formatting constant, protocol label, or corrections-ledger value"
cm_master_template.html,288,17,"c.append(h(""h2"", { style: ""font-size:17px"" }, [","reviewed static/structural, formatting constant, protocol label, or corrections-ledger value"
cm_master_template.html,290,0,"h(""span"", { class: ""pill "" + k[0], text: k[1] })]));","reviewed static/structural, formatting constant, protocol label, or corrections-ledger value"
cm_master_template.html,290,1,"h(""span"", { class: ""pill "" + k[0], text: k[1] })]));","reviewed static/structural, formatting constant, protocol label, or corrections-ledger value"
cm_master_template.html,317,6,/* ============================================================ SECTION 6 */,"reviewed static/structural, formatting constant, protocol label, or corrections-ledger value"
cm_master_template.html,319,6,"const s = section(""s6"", ""Section 6"", ""How we know — the quality of the evidence"",","reviewed static/structural, formatting constant, protocol label, or corrections-ledger value"
cm_master_template.html,342,16,"c.append(h(""h2"", { style: ""font-size:16px"", text: r.rule }));","reviewed static/structural, formatting constant, protocol label, or corrections-ledger value"
cm_master_template.html,401,7,/* ============================================================ SECTION 7 */,"reviewed static/structural, formatting constant, protocol label, or corrections-ledger value"
cm_master_template.html,403,7,"const s = section(""s7"", ""Section 7"", ""Glossary"",","reviewed static/structural, formatting constant, protocol label, or corrections-ledger value"
cm_master_template.html,409,8,/* ============================================================ SECTION 8 */,"reviewed static/structural, formatting constant, protocol label, or corrections-ledger value"
cm_master_template.html,411,8,"const s = section(""s8"", ""Section 8"", ""Other ways to read this evidence"",","reviewed static/structural, formatting constant, protocol label, or corrections-ledger value"
cm_layperson_template.html,4,8,"<meta charset=""utf-8"">","reviewed static/structural, formatting constant, protocol label, or corrections-ledger value"
cm_layperson_template.html,5,1,"<meta name=""viewport"" content=""width=device-width, initial-scale=1"">","reviewed static/structural, formatting constant, protocol label, or corrections-ledger value"
cm_layperson_template.html,54,1,/* ---------------------------------------------------------------- 1 */,"reviewed static/structural, formatting constant, protocol label, or corrections-ledger value"
cm_layperson_template.html,63,0,"s.append(domainGrid(C.domains.items.slice(0, 6), { layNames: true }));","reviewed static/structural, formatting constant, protocol label, or corrections-ledger value"
cm_layperson_template.html,63,6,"s.append(domainGrid(C.domains.items.slice(0, 6), { layNames: true }));","reviewed static/structural, formatting constant, protocol label, or corrections-ledger value"
cm_layperson_template.html,70,2,/* ---------------------------------------------------------------- 2 */,"reviewed static/structural, formatting constant, protocol label, or corrections-ledger value"
cm_layperson_template.html,73,0,"s.append(layBlock(C.whatIsCM.liveK.lay.slice(0, 2)));","reviewed static/structural, formatting constant, protocol label, or corrections-ledger value"
cm_layperson_template.html,73,2,"s.append(layBlock(C.whatIsCM.liveK.lay.slice(0, 2)));","reviewed static/structural, formatting constant, protocol label, or corrections-ledger value"
cm_layperson_template.html,82,3,/* ---------------------------------------------------------------- 3 */,"reviewed static/structural, formatting constant, protocol label, or corrections-ledger value"
cm_layperson_template.html,96,4,/* ---------------------------------------------------------------- 4 */,"reviewed static/structural, formatting constant, protocol label, or corrections-ledger value"
cm_layperson_template.html,119,5,/* ---------------------------------------------------------------- 5 */,"reviewed static/structural, formatting constant, protocol label, or corrections-ledger value"
cm_layperson_template.html,145,6,/* ---------------------------------------------------------------- 6 */,"reviewed static/structural, formatting constant, protocol label, or corrections-ledger value"
cm_layperson_template.html,154,0,"h(""h4"", { text: it.title.split("" — "")[0] }),","reviewed static/structural, formatting constant, protocol label, or corrections-ledger value"
cm_layperson_template.html,165,7,/* ---------------------------------------------------------------- 7 */,"reviewed static/structural, formatting constant, protocol label, or corrections-ledger value"
cm_investor_template.html,4,8,"<meta charset=""utf-8"">","reviewed static/structural, formatting constant, protocol label, or corrections-ledger value"
cm_investor_template.html,5,1,"<meta name=""viewport"" content=""width=device-width, initial-scale=1"">","reviewed static/structural, formatting constant, protocol label, or corrections-ledger value"
cm_investor_template.html,51,3,"""Evidence: comprehensive benchmark campaign of 3 August 2026, including external validation on "" +","reviewed static/structural, formatting constant, protocol label, or corrections-ledger value"
cm_investor_template.html,51,2026,"""Evidence: comprehensive benchmark campaign of 3 August 2026, including external validation on "" +","reviewed static/structural, formatting constant, protocol label, or corrections-ledger value"
cm_investor_template.html,69,2,"""against a $"" + M.cost_cap_usd.toFixed(2) + "" cap, all machines terminated — this is a capital-light research programme""],","reviewed static/structural, formatting constant, protocol label, or corrections-ledger value"
cm_investor_template.html,74,1,"const s = section(""market"", ""1"", ""Where CM could create serious value"",","reviewed static/structural, formatting constant, protocol label, or corrections-ledger value"
cm_investor_template.html,84,10,"s.append(moreBlock([domainGrid(C.domains.items)], ""Browse all 10 candidate domains""));","reviewed static/structural, formatting constant, protocol label, or corrections-ledger value"
cm_investor_template.html,96,2,"const s = section(""proven"", ""2"", ""What is actually proven"",","reviewed static/structural, formatting constant, protocol label, or corrections-ledger value"
cm_investor_template.html,99,1,"s.append(h(""h3"", { text: ""Finding 1 — a real but modest kernel advantage over a naive baseline"" }));","reviewed static/structural, formatting constant, protocol label, or corrections-ledger value"
cm_investor_template.html,108,2,"s.append(h(""h3"", { text: ""Finding 2 — parity against a well-built baseline, confirmed externally"" }));","reviewed static/structural, formatting constant, protocol label, or corrections-ledger value"
cm_investor_template.html,117,3,"s.append(h(""h3"", { text: ""Finding 3 — the result is not an artifact of one machine"" }));","reviewed static/structural, formatting constant, protocol label, or corrections-ledger value"
cm_investor_template.html,138,3,"const s = section(""economics"", ""3"", ""The economics, which are the actual risk"",","reviewed static/structural, formatting constant, protocol label, or corrections-ledger value"
cm_investor_template.html,140,1,s.append(layBlock(C.scenarios.items[1].lay));,"reviewed static/structural, formatting constant, protocol label, or corrections-ledger value"
cm_investor_template.html,156,6,"const s = section(""credibility"", ""6"", ""Why this evidence should be believed"",","reviewed static/structural, formatting constant, protocol label, or corrections-ledger value"
cm_investor_template.html,199,4,"const s = section(""open"", ""4"", ""What could disprove or narrow the thesis"",","reviewed static/structural, formatting constant, protocol label, or corrections-ledger value"
cm_investor_template.html,211,0,"c.append(h(""h4"", {}, [document.createTextNode(it.title.split("" — "")[0] + "" ""),","reviewed static/structural, formatting constant, protocol label, or corrections-ledger value"
cm_investor_template.html,230,5,"const s = section(""roadmap"", ""5"", ""The roadmap, in the project's own priority order"",","reviewed static/structural, formatting constant, protocol label, or corrections-ledger value"
cm_investor_template.html,237,2,"`families — cost ${FMT.usd(M.cost_usd)} in cloud time against a $${M.cost_cap_usd.toFixed(2)} cap, ` +","reviewed static/structural, formatting constant, protocol label, or corrections-ledger value"
cm_expert_template.html,4,8,"<meta charset=""utf-8"">","reviewed static/structural, formatting constant, protocol label, or corrections-ledger value"
cm_expert_template.html,5,1,"<meta name=""viewport"" content=""width=device-width, initial-scale=1"">","reviewed static/structural, formatting constant, protocol label, or corrections-ledger value"
cm_expert_template.html,46,2026,"""Every measurement from the 2026-08-03 campaign, with its scope, its clustering basis, and the file it "" +","reviewed static/structural, formatting constant, protocol label, or corrections-ledger value"
cm_expert_template.html,46,08,"""Every measurement from the 2026-08-03 campaign, with its scope, its clustering basis, and the file it "" +","reviewed static/structural, formatting constant, protocol label, or corrections-ledger value"
cm_expert_template.html,46,03,"""Every measurement from the 2026-08-03 campaign, with its scope, its clustering basis, and the file it "" +","reviewed static/structural, formatting constant, protocol label, or corrections-ledger value"
cm_expert_template.html,49,0,"`Evidence revision <code>${M.evidence_revision.slice(0, 7)}</code> · campaign revision <code>${M.campaign_revision.slice(0, 7)}</code> · ` +","reviewed static/structural, formatting constant, protocol label, or corrections-ledger value"
cm_expert_template.html,49,7,"`Evidence revision <code>${M.evidence_revision.slice(0, 7)}</code> · campaign revision <code>${M.campaign_revision.slice(0, 7)}</code> · ` +","reviewed static/structural, formatting constant, protocol label, or corrections-ledger value"
cm_expert_template.html,49,0,"`Evidence revision <code>${M.evidence_revision.slice(0, 7)}</code> · campaign revision <code>${M.campaign_revision.slice(0, 7)}</code> · ` +","reviewed static/structural, formatting constant, protocol label, or corrections-ledger value"
cm_expert_template.html,49,7,"`Evidence revision <code>${M.evidence_revision.slice(0, 7)}</code> · campaign revision <code>${M.campaign_revision.slice(0, 7)}</code> · ` +","reviewed static/structural, formatting constant, protocol label, or corrections-ledger value"
cm_expert_template.html,51,2,"`pods Linux/AMD EPYC cpu3c, all terminated · campaign spend ${FMT.usd(M.cost_usd)} of $${M.cost_cap_usd.toFixed(2)} cap · ` +","reviewed static/structural, formatting constant, protocol label, or corrections-ledger value"
cm_expert_template.html,61,6,"""<b>Superseded figures appear only in §6</b>, struck through."",","reviewed static/structural, formatting constant, protocol label, or corrections-ledger value"
cm_expert_template.html,71,0,"const s = section(""verdicts"", ""0"", ""Campaign verdicts"", null);","reviewed static/structural, formatting constant, protocol label, or corrections-ledger value"
cm_expert_template.html,75,256,"table([""corpus"", ""SHA-256""], Object.entries(M.corpora_sha256).map(([k, v]) => [k, `<code>${v}</code>`]), ""wrap"")]));","reviewed static/structural, formatting constant, protocol label, or corrections-ledger value"
cm_expert_template.html,81,1,"const s = section(""x1"", ""1"", ""Kernel-level results"",","reviewed static/structural, formatting constant, protocol label, or corrections-ledger value"
cm_expert_template.html,103,2,"const s = section(""x2"", ""2"", ""Wrapper boundary and workload axis"",","reviewed static/structural, formatting constant, protocol label, or corrections-ledger value"
cm_expert_template.html,115,3,"const s = section(""x3"", ""3"", ""Preparation and break-even economics"",","reviewed static/structural, formatting constant, protocol label, or corrections-ledger value"
cm_expert_template.html,135,4,"const s = section(""x4"", ""4"", ""Symbolic construction and extraction"",","reviewed static/structural, formatting constant, protocol label, or corrections-ledger value"
cm_expert_template.html,145,5,"const s = section(""x5"", ""5"", ""Protocol and measurement discipline"",","reviewed static/structural, formatting constant, protocol label, or corrections-ledger value"
cm_expert_template.html,160,6,"const s = section(""x6"", ""6"", ""Corrections of record and open discrepancies"",","reviewed static/structural, formatting constant, protocol label, or corrections-ledger value"
cm_expert_template.html,174,7,"const s = section(""x7"", ""7"", ""Open frontier"", C.frontier.lede);","reviewed static/structural, formatting constant, protocol label, or corrections-ledger value"
cm_expert_template.html,179,16.5,"c.append(h(""h2"", { style: ""font-size:16.5px"" }, [","reviewed static/structural, formatting constant, protocol label, or corrections-ledger value"
cm_expert_template.html,207,8,"const s = section(""x8"", ""8"", ""Provenance and scope limits"", null);","reviewed static/structural, formatting constant, protocol label, or corrections-ledger value"
cm_expert_template.html,236,2,"[""Campaign cloud spend"", FMT.usd(M.cost_usd) + "" of $"" + M.cost_cap_usd.toFixed(2) + "" cap; all pods terminated: "" + M.all_pods_terminated],","reviewed static/structural, formatting constant, protocol label, or corrections-ledger value"
