corpus,role,id,cluster,live_k,structural_dag_nodes_source,unfolded_tree_nodes,ir_nodes,cm_instructions,cm_executed_bigint_ops,cm_executed_word_ops,cm_peak_live_word_buffers,raw_instructions,raw_executed_bigint_ops,raw_executed_word_ops,hash_ns_median,serde_ns_median,json_encode_ns_median,serde_bytes,compile_external_ns,ir_compile_ns,ir_canonicalize_ns,ir_rewrite_ns,ir_intern_ns,ir_live_vars_ns,lower_cm_ns_median,lower_raw_ns_median,raw_kernel_status,raw_flat_ns_median,raw_words_ns_median,cm_flat_ns_median,cm_words_ns_median,wrapper_current_ns_median,end_to_end_current_ns_median,raw_words_over_flat,cm_words_over_flat,wrapper_over_selected_bare,packed_sha256,packed_equal,output_bytes_exact,words_environment_bytes_estimate,raw_flat_temporary_bytes_estimate,raw_word_scratch_bytes_estimate,cm_word_scratch_bytes_estimate,max_kernel_temporary_bytes,kernel_batch,kernel_rounds,structural_hash
bx1,tuning,bx1-k2-1-54f10b4162e0,andor_dom,2,3,3,3,1,3,2,1,1,3,2,10800.0,15600.0,17600.0,95,65800.0,60399.994254112244,0.0,4500.0051613897085,10900.02479031682,3599.9983083456755,14400.0,8900.0,ok,1088.0,1226.0,1086.0,1179.0,27300.0,69300.0,1.1268382352941178,1.0856353591160222,25.138121546961326,2b4c342f5433ebe591a1da77e013d1b72475562d48578dca8b84bac6651c3cb9,True,1,0,3,0,0,268435456,100,5,54f10b4162e03f461c68c6c8f768e35b
bx1,tuning,bx1-k2-2-b518dd4ce7ff,andor_dom,2,4,5,3,1,1,1,1,2,2,2,8900.0,6400.0,9200.0,119,60800.0,58100.00584460795,4099.973011761904,7599.999662488699,9100.011084228754,2699.9914553016424,9000.0,6800.0,ok,1138.0,1219.0,1053.0,1138.0,31300.0,107000.0,1.071177504393673,1.080721747388414,29.72459639126306,67586e98fad27da0b9968bc039a1ef34c939b9b8e523a8bef89d478608c5ecf6,True,1,0,5,0,0,268435456,100,5,b518dd4ce7fff267e46efc2771ac579d
bx1,tuning,bx1-k2-3-95c6829453f6,andor_dom,2,3,3,3,1,1,1,1,1,1,1,13100.0,11000.0,12900.0,95,52200.0,49099.99552182853,3099.9945010989904,2399.9891709536314,9900.01717582345,2700.020559132099,9600.0,5900.0,ok,930.0,1018.0,1046.0,1123.0,19400.0,67300.0,1.0946236559139786,1.0736137667304015,18.54684512428298,beead77994cf573341ec17b58bbf7eb34d2711c993c1d976b128b3188dc1829a,True,1,0,3,0,0,268435456,100,5,95c6829453f64683b84b443462b96527
bx1,tuning,bx1-k2-4-32783dec984f,mixed,2,3,3,3,1,3,2,1,1,3,2,6000.0,4900.0,7100.0,95,50600.0,47500.0124424696,0.0,2199.9876480549574,8900.00956133008,3299.9960239976645,8500.0,5400.0,ok,1075.0,1148.0,1132.0,1211.0,23800.0,76700.0,1.067906976744186,1.0697879858657244,21.024734982332156,e7cf46a078fed4fafd0b5e3aff144802b853f8ae459a4f0c14add3314b7cc3a6,True,1,0,3,0,0,268435456,100,5,32783dec984fbaffc95cf27946092cdd
bx1,tuning,bx1-k2-5-fc111ecef3a9,impeqv_dom,2,11,31,3,1,1,1,1,15,39,27,23900.0,27700.0,17400.0,295,160100.0,156599.99917261302,4200.0028770416975,15699.974028393626,33400.021493434906,9200.040949508548,11200.0,37600.0,ok,5486.0,5646.0,1664.0,1807.0,23000.0,267200.0,1.02916514764856,1.0859375,13.822115384615385,4d7b3ef7300acf70c892d8327db8272f54434adbc61a4e130a563cb59a0d0f47,True,1,0,31,0,0,268435456,100,5,fc111ecef3a9fea0fb4436cc12779e92
bx1,tuning,bx1-k2-6-7d06ed9915a2,xor_dom,2,10,25,6,4,6,6,4,12,12,12,22900.0,27300.0,22800.0,270,274100.0,269700.01636072993,26499.939849600196,39200.00744983554,48999.96565654874,25799.99272711575,24300.0,34200.0,ok,4781.0,5078.0,2721.0,2618.0,22900.0,200300.0,1.062120895210207,0.962146269753767,8.416023520764425,e52d9c508c502347344d8c07ad91cbd6068afc75ff6292f062a09ca381c89e71,True,1,0,25,0,0,268435456,100,5,7d06ed9915a2307d619a02bbecd15e57
bx1,tuning,bx1-k2-7-1ac6b3fc16a4,andor_dom,2,5,6,4,2,3,2,2,3,4,3,8800.0,8800.0,8800.0,137,65300.0,62800.01252889633,4800.036549568176,4300.0036384910345,12799.951946362853,4999.979864805937,10100.0,7600.0,ok,1246.0,1328.0,1251.0,1338.0,18800.0,88400.0,1.0658105939004816,1.0695443645083933,15.027977617905675,4bf5122f344554c53bde2ebb8cd2b7e3d1600ad631c385a5d7cce23c7785459a,True,1,0,6,0,0,268435456,100,5,1ac6b3fc16a4f65ccac07328e95bf0b3
bx1,tuning,bx1-k2-8-7cec1b883a82,xor_dom,2,12,31,8,6,11,8,3,16,24,19,16800.0,19600.0,13500.0,310,226700.0,222200.00391826034,14800.025383010507,26399.997295811772,45800.028601661325,15600.06057843566,18300.0,26800.0,ok,5134.0,5234.0,2432.0,2459.0,34300.0,327900.0,1.0194779898714452,1.0111019736842106,14.103618421052632,ca358758f6d27e6cf45272937977a748fd88391db679ceda7dc7bf1f005ee879,True,1,0,31,0,0,268435456,100,5,7cec1b883a82113d6050c89326721bc9
bx1,tuning,bx1-k3-1-6189f2994067,andor_dom,3,6,6,5,2,4,3,2,3,4,3,15300.0,13700.0,15100.0,158,112500.0,108400.01050382853,7399.998139590025,5100.009730085731,28400.012524798512,7499.998901039362,15400.0,14000.0,ok,2198.0,2451.0,2412.0,2504.0,24900.0,133900.0,1.1151046405823475,1.0381426202321724,10.323383084577115,620bfdaa346b088fb49998d92f19a7eaf6bfc2fb0aee015753966da1028cb731,True,1,0,6,0,0,268435456,100,5,6189f29940672a4e1c71b4b746175557
bx1,tuning,bx1-k3-2-c073c4cae16c,impeqv_dom,3,16,56,16,13,32,22,6,28,59,43,37700.0,41800.0,24800.0,412,459900.0,452500.01130625606,8199.975127354264,23000.08782185614,124599.98833946884,57499.97217208147,46600.0,68300.0,ok,6320.0,6146.0,3526.0,3882.0,31700.0,242700.0,0.9724683544303797,1.100964265456608,8.99035734543392,4bf5122f344554c53bde2ebb8cd2b7e3d1600ad631c385a5d7cce23c7785459a,True,1,0,56,0,0,268435456,100,5,c073c4cae16c20ea16679fb56d345d47
bx1,tuning,bx1-k3-3-2cf6fe6bc52c,mixed,3,6,7,6,3,5,4,2,3,5,4,10200.0,9400.0,11900.0,164,83100.0,80200.02860575914,4199.973773211241,7999.97360445559,17500.01683831215,6600.021151825786,13900.0,11500.0,ok,1396.0,1461.0,1513.0,2221.0,75400.0,245200.0,1.0465616045845272,1.4679444811632518,49.83476536682089,3973e022e93220f9212c18d0d0c543ae7c309e46640da93a4a0314de999f5112,True,1,0,7,0,0,268435456,100,5,2cf6fe6bc52ca9b0c580828a67d0e3b2
bx1,tuning,bx1-k3-4-6f4b1568a0b2,impeqv_dom,3,14,37,8,5,14,9,3,19,45,31,43600.0,28600.0,16500.0,363,217300.0,211600.01051612198,7800.001185387373,20099.920220673084,47699.984861537814,19099.999917671084,24000.0,44300.0,ok,6800.0,6880.0,1855.0,1946.0,23900.0,332500.0,1.011764705882353,1.049056603773585,12.884097035040432,50868f20258bbc9cce0da2719e8654c108733dd2f663b8737c574ec0ead93eb3,True,1,0,37,0,0,268435456,100,5,6f4b1568a0b24d9f538b69e1ddaf3168
bx1,tuning,bx1-k3-5-9d6635482dd7,mixed,3,6,6,6,3,8,5,2,3,8,5,8300.0,9400.0,10000.0,158,105100.0,101000.0123642385,0.0,2800.021320581436,30999.945010989904,8799.979696050286,19700.0,14100.0,ok,1875.0,1990.0,2255.0,2858.0,71600.0,297000.0,1.0613333333333332,1.2674057649667405,31.751662971175165,beead77994cf573341ec17b58bbf7eb34d2711c993c1d976b128b3188dc1829a,True,1,0,6,0,0,268435456,100,5,9d6635482dd776daa8fdfaeb834e3d4b
bx1,tuning,bx1-k3-6-6e2e20f77614,andor_dom,3,5,5,5,2,4,3,2,2,4,3,12900.0,12200.0,13700.0,139,112700.0,107500.00365078449,3900.0005926936865,8000.002708286047,24199.98054392636,8200.004231184721,18500.0,11300.0,ok,2146.0,2618.0,1878.0,2403.0,19700.0,130200.0,1.2199440820130476,1.279552715654952,10.489882854100106,9e076ceaf246b6003d9c2680a2b4cf0bffd069805902b0b5edeebf49039fe4bd,True,1,0,5,0,0,268435456,100,5,6e2e20f7761486ffa97f9643074ee08b
bx1,tuning,bx1-k3-7-7eea095f4c98,mixed,3,5,5,5,2,4,3,2,2,4,3,20800.0,10100.0,13500.0,138,126400.0,120300.01380480826,6299.989763647318,4500.0051613897085,32900.01768618822,11800.002539530396,20300.0,12100.0,ok,1903.0,1921.0,1606.0,1449.0,20000.0,114500.0,1.0094587493431424,0.902241594022416,12.453300124533001,3e151409ace91cb3394fecd59e92b5dc42c0aad29993a1858f2f70a0866a539b,True,1,0,5,0,0,268435456,100,5,7eea095f4c986451937dd28e2dc782e7
bx1,tuning,bx1-k3-8-a6d677a5a9c6,xor_dom,3,16,38,5,2,3,3,2,19,22,20,19600.0,29700.0,16100.0,413,186500.0,183399.99951422215,16400.12487769127,27099.973522126675,25699.991965666413,8999.98121894896,16000.0,35000.0,ok,6722.0,5678.0,1371.0,1610.0,22000.0,249000.0,0.8446890806307646,1.174325309992706,16.046681254558717,fe1dcd3abfcd6b1655a026e60a05d03a7f71e4b6070f36e6c7e9c4b6f3d3bf1b,True,1,0,38,0,0,268435456,100,5,a6d677a5a9c6e5a710b944d3546e59a6
bx1,tuning,bx1-k4-1-3d5e8d379589,andor_dom,4,9,11,9,5,11,8,4,5,11,8,15600.0,16100.0,12300.0,232,153000.0,148399.9949414283,5499.983672052622,13600.016245618463,32099.98249076307,15500.059816986322,20100.0,21800.0,ok,3765.0,3882.0,4103.0,4332.0,33100.0,205500.0,1.0310756972111554,1.0558128198878869,8.067267852790641,6b50da4c7475bcec045cadc909f0de41b16eb0a92ff8b1477f0020c937f044ec,True,2,0,22,0,0,268435456,100,5,3d5e8d3795898edaa2d1f391c12bd94e
bx1,tuning,bx1-k4-2-dc59c9d65758,andor_dom,4,8,9,8,4,4,4,3,4,4,4,24500.0,18100.0,34500.0,206,183600.0,179099.9958757311,10299.991117790341,13800.017768517137,40599.95990246534,17899.99078027904,27900.0,17800.0,ok,2943.0,2768.0,3152.0,3109.0,47300.0,261200.0,0.9405368671423717,0.9863578680203046,15.006345177664974,0c3f8fb85969c5f63bbb8cd980c4089845e43c24d46f2f3d36dac81ec4a6b5e9,True,2,0,18,0,0,268435456,100,5,dc59c9d65758cde975d26a122e6a5109
bx1,tuning,bx1-k4-3-ab064aa12f01,mixed,4,9,10,8,4,8,6,3,5,8,6,18200.0,17500.0,15300.0,226,164900.0,160600.00052675605,10799.994925037026,9999.98883344233,41599.93841312826,14099.99094903469,22600.0,16500.0,ok,2604.0,2773.0,1787.0,1881.0,23000.0,137200.0,1.064900153609831,1.0526021264689425,12.870733072188024,fc5c2283015b212d975b85e56b2a75aac4b50bd5aba30cbe74f62857c380bd47,True,2,0,20,0,0,268435456,100,5,ab064aa12f01ab07398c8f0813f4e1ad
bx1,tuning,bx1-k4-4-341296acd12a,andor_dom,4,8,9,8,4,6,5,3,4,6,5,23000.0,14100.0,11300.0,207,117400.0,114299.9972216785,6199.959898367524,10500.021744519472,25699.991965666413,11100.05541704595,22900.0,11500.0,ok,2474.0,1948.0,1827.0,2280.0,22800.0,169100.0,0.7873888439773646,1.2479474548440066,12.479474548440066,dc957fb3268bfbc0fe10280b72493204a4a93b515bc94d24bd3a535c3f1cec88,True,2,0,18,0,0,268435456,100,5,341296acd12a5b8fb41f5050d99bae4c
bx1,tuning,bx1-k4-5-2c4ebec5300e,mixed,4,8,8,8,4,7,5,2,4,7,5,17400.0,15400.0,15000.0,202,127200.0,123000.0052601099,5299.982149153948,9600.014891475439,33699.99467395246,10800.024028867483,25400.0,15300.0,ok,2504.0,2701.0,1751.0,1833.0,27000.0,169900.0,1.0786741214057507,1.0468303826384924,15.419760137064534,a5f6a4547f1b079ee5452d9ca3ddca4e9c67df04289297a3865575f3f14539b3,True,2,0,16,0,0,268435456,100,5,2c4ebec5300e3642aed0c42d51ad00d1
bx1,tuning,bx1-k4-6-cfc288ac73fb,xor_dom,4,20,55,13,9,16,16,7,27,27,27,28900.0,37400.0,19600.0,516,360100.0,354999.9964889139,32700.016163289547,51399.98393133283,65300.0024612993,37899.939343333244,28100.0,42000.0,ok,4769.0,4989.0,5080.0,5418.0,48600.0,506500.0,1.0461312644160201,1.066535433070866,9.566929133858268,51cf98f7d7cc561328db7f0f423f71139a220416148bc30dc5fc9c8f495b0a7f,True,2,0,110,0,0,268435456,100,5,cfc288ac73fb764f9742ae15cc8de6be
bx1,tuning,bx1-k4-7-3e9177a0a359,andor_dom,4,7,7,6,2,5,4,2,3,5,4,9800.0,9600.0,10600.0,183,100700.0,96500.00720284879,5299.982149153948,4999.979864805937,22499.96759928763,8800.008799880743,18900.0,13900.0,ok,1353.0,1524.0,1398.0,1486.0,21000.0,115200.0,1.1263858093126387,1.0629470672389127,15.021459227467812,576058b879ad23fe9231e3e6bbc2ddb5547e70f54b9311e3ea35b63cda778021,True,2,0,14,0,0,268435456,100,5,3e9177a0a3593dfa8363df00fbb4d704
bx1,tuning,bx1-k4-8-9e6b3f348e02,mixed,4,7,7,7,3,9,6,2,3,9,6,12600.0,10300.0,10100.0,183,88600.0,85199.97936673462,0.0,4600.035026669502,19499.973859637976,8000.031812116504,15700.0,10600.0,ok,1795.0,2667.0,1925.0,2074.0,25500.0,118600.0,1.4857938718662953,1.0774025974025974,13.246753246753247,86284851da241f87363910fbd25eb577ae625901035874a8b63300e0d42d9350,True,2,0,14,0,0,268435456,100,5,9e6b3f348e02367e9f2d6939a90b0157
bx1,tuning,bx1-k5-1-034e0f291fe2,andor_dom,5,9,9,9,4,4,4,3,4,4,4,14700.0,12700.0,12300.0,225,141700.0,137600.00001639128,8399.976650252938,8099.974365904927,29699.993319809437,13900.018529966474,22800.0,12400.0,ok,1864.0,2112.0,2965.0,3091.0,30200.0,191200.0,1.1330472103004292,1.042495784148398,10.18549747048904,6f51d2666b29c657b5100faacd6816cf6bc25fb330e8ae537bb99e0ea8490e33,True,4,0,36,0,0,268435456,100,5,034e0f291fe2129ff5c840daf6a5e9e9
bx1,tuning,bx1-k5-2-2c0d115977c9,mixed,5,14,16,14,9,22,14,2,9,22,14,39200.0,29000.0,20500.0,338,211400.0,206299.99926313758,2700.020559132099,11699.972674250603,60400.05246177316,23399.974452331662,33400.0,23900.0,ok,4630.0,4992.0,3467.0,3352.0,27600.0,243800.0,1.0781857451403887,0.9668301124891837,7.9607730025959045,6143256ea532cef7b52c2b02d1b0cb8c7500d6465e1a93f315999298b376d38e,True,4,0,64,0,0,268435456,100,5,2c0d115977c91fa7c7e69867ea273f8c
bx1,tuning,bx1-k5-3-2df622ee85b3,xor_dom,5,19,53,13,8,12,9,4,26,40,33,27400.0,30600.0,19000.0,486,275800.0,271600.0017244369,20299.97995123267,35600.03824532032,54000.00372901559,25200.04636608064,26900.0,80200.0,ok,5961.0,6258.0,3182.0,3916.0,28200.0,339000.0,1.0498238550578762,1.2306725329981143,8.862350722815838,0de99e9d3584c7d8e58d818956422633581f33bfb40079949c52c7cf00ab0886,True,4,0,212,0,0,268435456,100,5,2df622ee85b309c9a2d4baf0becea65c
bx1,tuning,bx1-k5-4-c147eb2ddd37,andor_dom,5,12,14,11,6,9,7,2,7,10,8,20400.0,19400.0,14200.0,296,168600.0,164799.9742999673,11399.999493733048,13799.959560856223,35600.00914148986,14799.967175349593,26300.0,12800.0,ok,2188.0,2312.0,2514.0,2571.0,25000.0,181400.0,1.056672760511883,1.022673031026253,9.94431185361973,bca5c616901bd9250b3ff9847df58a80dce917799789900b1f45afa2f67f9ea3,True,4,0,56,0,0,268435456,100,5,c147eb2ddd37348849bdb3a05817a921
bx1,tuning,bx1-k5-5-a102e1e6ae56,impeqv_dom,5,23,82,13,8,22,14,3,47,122,78,71700.0,43300.0,22500.0,580,277300.0,272600.00933893025,4100.031219422817,30200.142646208405,60500.053223222494,23299.973690882325,25700.0,63500.0,ok,12850.0,13521.0,3171.0,3044.0,27200.0,250900.0,1.052217898832685,0.9599495427309996,8.577735730053611,917b0f241a54adf2a7621d1364c6cd65d0810137aa21ecb37539007ea88feae4,True,4,0,328,0,0,268435456,100,5,a102e1e6ae5644e6f1866b788b1b8100
bx1,tuning,bx1-k5-6-116409bdc50c,mixed,5,11,11,10,5,8,6,3,6,8,6,16600.0,15500.0,11800.0,265,146800.0,142699.98064264655,8700.008038431406,11500.029359012842,36000.070394948125,12100.004823878407,31000.0,12600.0,ok,3087.0,3038.0,3305.0,3489.0,24600.0,225300.0,0.9841269841269841,1.0556732223903178,7.443267776096823,b8c7f44e7b8503569d12a3f3c52a7540395f01a7416a8ae111c683b83b02bfea,True,4,0,44,0,0,268435456,100,5,116409bdc50c96488b8c18592d9dd143
bx1,tuning,bx1-k5-7-31414d038c89,xor_dom,5,21,52,12,7,12,10,5,27,30,27,31400.0,34900.0,20900.0,527,412900.0,407499.9887961894,36800.047382712364,58700.01041330397,79699.995694682,36399.9861292541,23500.0,43200.0,ok,5769.0,5761.0,4421.0,6425.0,60500.0,589400.0,0.9986132778644479,1.4532911106084596,13.684686722460981,c3c0795e66efdb4893dfbea5904c0264813b066194206a9d9dc51fdc29434600,True,4,0,208,0,0,268435456,100,5,31414d038c89d07ba7be4651278c13c6
bx1,tuning,bx1-k5-8-0e1e9c457194,andor_dom,5,11,11,10,5,8,6,2,6,8,6,32200.0,24500.0,18600.0,262,196600.0,191800.00526830554,12499.978765845299,11399.970389902592,50000.002374872565,17200.014553964138,25500.0,15500.0,ok,4034.0,2307.0,2697.0,2548.0,24400.0,197600.0,0.5718889439762023,0.9447534297367445,9.047089358546533,e6bef58a11fdfb6803208006b5064a62868e99ef09c185c62776cecbada1e076,True,4,0,44,0,0,268435456,100,5,0e1e9c45719487f626e2b2e3fec8739b
bx1,tuning,bx1-k6-1-ac26b8df9ebe,andor_dom,6,12,13,10,4,10,8,3,6,10,8,15700.0,21600.0,13700.0,298,164200.0,159799.99443516135,9799.987310543656,9299.983503296971,37399.93553608656,15800.00389367342,19300.0,13000.0,ok,2556.0,15645.0,3382.0,21422.0,60600.0,323000.0,6.120892018779343,6.334121821407451,2.8288675193726074,3ed2b9d2e8aead855936cc675b7dd59402c2db788ff8c164dd46d78f9a95d464,True,8,48,104,24,24,268435456,100,5,ac26b8df9ebe5cfd73a7e131c1fb6168
bx1,tuning,bx1-k6-2-ffc059d624c2,mixed,6,12,13,10,4,8,7,3,6,8,7,25800.0,24400.0,18600.0,296,258300.0,252099.99876096845,11800.031643360853,20200.00829361379,52299.99078437686,24700.0134550035,25400.0,18000.0,ok,2329.0,14728.0,3662.0,17131.0,62000.0,463200.0,6.3237440961786175,4.67804478427089,3.6191699258653904,fecdd560447fcdd00b65d7b2346f087ae28ba0a7ccad3c5a26996194d2f72e19,True,8,48,104,24,24,268435456,100,5,ffc059d624c231c84857b6d3fc7288c6
bx1,tuning,bx1-k6-3-ce65022b9fb4,andor_dom,6,11,11,11,5,9,7,3,5,9,7,34300.0,33500.0,22800.0,272,234300.0,228599.994443357,10699.99416358769,13800.017768517137,58499.97978657484,24299.981305375695,34400.0,20100.0,ok,3541.0,19015.0,2390.0,9643.0,38500.0,198400.0,5.3699519909630045,4.0347280334728035,3.9925334439489784,965425c496880102a23b9bb3b622c940f98677ee48cf209044732608565c1468,True,8,48,88,24,24,268435456,100,5,ce65022b9fb43122e39355b3447e35cc
bx1,tuning,bx1-k6-4-5eff59fb232a,mixed,6,12,13,12,6,6,6,3,6,6,6,20500.0,16700.0,12800.0,297,156100.0,152299.995534122,9800.04551820457,13400.014722719789,33499.96404722333,15599.97326694429,22100.0,12400.0,ok,1919.0,8459.0,2693.0,10403.0,41400.0,259100.0,4.408025013027618,3.862978091347939,3.9796212630971834,6eea92dc369a2dc0b787ee1e430ea8253af8bc2835240652b5a1016d0a24a40b,True,8,48,104,24,24,268435456,100,5,5eff59fb232a9934bd6d5955d0652bb2
bx1,tuning,bx1-k6-5-66ebf761dca1,andor_dom,6,11,11,9,3,7,6,2,5,7,6,15100.0,23100.0,14100.0,270,158900.0,155499.99079667032,9500.014130026102,10200.019460171461,33400.021493434906,15700.003132224083,18500.0,11900.0,ok,1920.0,8823.0,2305.0,9908.0,31500.0,207000.0,4.5953125,4.2984815618221255,3.1792490916431166,438bbe3675971dbdad9e96dfc2d1874c752fbb27cf06a3f4643eb8f8879dd493,True,8,48,88,24,16,268435456,100,5,66ebf761dca172ad2ee7a1b488dd56c5
bx1,tuning,bx1-k6-6-2d863b86e83a,impeqv_dom,6,25,65,24,18,44,30,7,35,87,58,33600.0,43400.0,24300.0,617,335600.0,329300.0045232475,11699.972674250603,23499.975213781,82400.0162538141,43500.04019215703,43700.0,52900.0,ok,11382.0,70535.0,5839.0,34711.0,101100.0,690000.0,6.197065542083992,5.944682308614489,2.912621359223301,65af7220a3badb6d357bd7ad6a22e4e99780c02e975ab5a9cf4eb72e9fac2483,True,8,48,520,40,56,268435456,100,5,2d863b86e83a8daaad1f4a3307211b06
bx1,tuning,bx1-k6-7-fa21ca943885,mixed,6,15,18,12,6,14,10,3,9,16,12,30100.0,32300.0,23200.0,370,272000.0,267099.99656304717,15399.971744045615,18100.050510838628,61499.94442239404,25400.01878514886,21900.0,18800.0,ok,3241.0,17823.0,2691.0,13608.0,36800.0,279500.0,5.49922863313792,5.05685618729097,2.704291593180482,dfa2795fd2560a0399c10a1341bffb96778104541181e1eb5bcbb1161510f7c8,True,8,48,144,32,24,268435456,100,5,fa21ca9438851982b8af7092c3b57630
bx1,tuning,bx1-k6-8-7ebdf5d9f846,xor_dom,6,20,56,12,6,10,9,3,28,29,28,37500.0,42800.0,27100.0,500,479900.0,472699.9904960394,38399.972254410386,56200.020480901,95600.05855746567,52100.01836530864,31900.0,65600.0,ok,5596.0,33756.0,4260.0,21792.0,51400.0,516900.0,6.03216583273767,5.115492957746479,2.358663729809104,e9355ae0ee1835ecb045dae2bc25d4bc454005e743fc0329c2551c4e3dec56fd,True,8,48,448,32,24,268435456,100,5,7ebdf5d9f84654a7bcaed18c98258b0d
bx1,tuning,bx1-k7-1-5ff39721fc88,andor_dom,7,14,15,9,2,6,6,2,7,7,7,17000.0,18900.0,15000.0,340,169100.0,165200.0064495951,13300.013961270452,11899.974197149277,35500.00838004053,16499.980119988322,15900.0,16500.0,ok,2046.0,9576.0,1937.0,9866.0,40900.0,286700.0,4.680351906158358,5.093443469282396,4.14555037502534,34786c07d664b0dfc25b038850de5499efd11016b94e0fc7bbf1a224d5113d48,True,16,112,240,64,32,268435456,100,5,5ff39721fc88b1a8a5a24f7bc6cbba34
bx1,tuning,bx1-k7-2-e0fc1bb3261b,mixed,7,14,15,14,7,17,12,4,7,17,12,30600.0,27500.0,20400.0,344,227200.0,222200.00391826034,5999.987479299307,13499.986380338669,57699.973694980145,28600.014047697186,35700.0,27800.0,ok,4354.0,13325.0,4655.0,17043.0,52500.0,307600.0,3.0604042259990814,3.6612244897959183,3.080443583876078,b8ee779cb8c5eb0beb1bf480e65e9803111b57412577edae72a1423f383b04f2,True,16,112,240,64,64,268435456,100,5,e0fc1bb3261b62320541d273cfbe44c6
bx1,tuning,bx1-k7-3-6c16cb84b240,xor_dom,7,26,115,19,12,25,22,6,57,69,63,43600.0,44300.0,24300.0,657,446400.0,440000.0034365803,35799.952456727624,66699.98401775956,90499.90330822766,50700.12412033975,36200.0,84100.0,ok,11056.0,68068.0,8182.0,24438.0,53100.0,529500.0,6.156657018813314,2.986800293326815,2.1728455683771175,844cd7fc286c4123bcbc0b95df454c8be52ea115c0aeaf637d2bf177f75a1163,True,16,112,1840,112,96,268435456,100,5,6c16cb84b240f21671593b323da8e05c
bx1,tuning,bx1-k7-4-8a9246588c00,andor_dom,7,16,17,14,7,13,10,3,9,13,10,21600.0,21400.0,15500.0,382,275000.0,269599.98649545014,17799.990018829703,22900.02885274589,73500.00669248402,26600.027922540903,27000.0,15800.0,ok,2590.0,11679.0,3215.0,13226.0,35400.0,270200.0,4.509266409266409,4.113841368584759,2.6765461968849236,54995ea77c2b16a8d95d3fc713813ba295f81e4847eb399e7ecec4bc4b7ce8e0,True,16,112,272,64,48,268435456,100,5,8a9246588c00c3a48bc164937853d93b
bx1,tuning,bx1-k7-5-c9bc83e08a2e,impeqv_dom,7,29,62,29,22,63,42,7,31,90,60,51400.0,66000.0,25700.0,731,384400.0,379800.01070536673,2699.9914553016424,20800.12927763164,104100.00686533749,67000.01540593803,53700.0,49400.0,ok,12256.0,46376.0,8631.0,32681.0,141500.0,1201500.0,3.783942558746736,3.7864673850075308,4.329732872311129,8f2bf1a497fa86adaf46247de1fc06111c83dd7d5acf9cd434a0de581d5fdfa6,True,16,112,992,64,112,268435456,100,5,c9bc83e08a2e5ab2a6122aefe0b3d382
bx1,tuning,bx1-k7-6-f354ff655ae6,mixed,7,13,13,12,5,8,7,3,6,8,7,18700.0,16400.0,13600.0,314,174000.0,169100.00704228878,11800.002539530396,9200.011845678091,38400.0304620713,18099.992303177714,21500.0,18300.0,ok,2084.0,9829.0,2370.0,8979.0,31600.0,578100.0,4.7164107485604605,3.788607594936709,3.5193228644615213,02b1b0272cd3edb1600af80596fed6cb2dbbce970e06855c973cc3030a75504a,True,16,112,208,48,48,268435456,100,5,f354ff655ae68d12d56ddb1694b369b8
bx1,tuning,bx1-k7-7-6f54a0caffbb,andor_dom,7,14,15,11,4,11,9,3,7,11,9,19900.0,20500.0,25400.0,343,213900.0,208999.99071843922,14500.023098662496,15099.969459697604,47100.038500502706,23300.002794712782,21200.0,14200.0,ok,2267.0,10787.0,2258.0,8842.0,31100.0,221100.0,4.758270842523158,3.91585473870682,3.517303777425922,3745959b8dc7bf972951241a7e492452284dfe12f6dacab712bb34c57f56deff,True,16,112,240,48,48,268435456,100,5,6f54a0caffbb99f01de2eaa6f04abbe3
bx1,tuning,bx1-k7-8-31960f6785ea,mixed,7,16,17,15,8,17,12,3,9,17,12,22000.0,22500.0,15300.0,384,210900.0,205300.02075247467,8499.977411702275,16900.012269616127,55100.04120878875,23000.029614195228,39700.0,30800.0,ok,2916.0,11671.0,3147.0,11244.0,36200.0,296900.0,4.002400548696845,3.5729265967588177,3.2194948416933475,fb1d0487129833c3401e3a60402f1d05d7ff1adbb6dd3ba1a3039b0fe62ec7a7,True,16,112,272,64,48,268435456,100,5,31960f6785ea570b99d64be942bc4dce
bx1,tuning,bx1-k8-1-4e47cb5cd5b6,andor_dom,8,18,20,17,9,11,10,4,10,11,10,47100.0,53100.0,32000.0,434,233200.0,227700.0166941434,16399.95025470853,18999.999156221747,50300.004659220576,24400.069378316402,30300.0,18200.0,ok,2604.0,12284.0,3787.0,12817.0,52800.0,405500.0,4.717357910906298,3.3844731977818854,4.11952875087774,9f6e49b04ee86bd513a46fd1c97e098b8eb0f96924bbd2794be3f59555a6ae30,True,32,256,640,96,128,268435456,100,5,4e47cb5cd5b69bcfd719d4ac6068c6c8
bx1,tuning,bx1-k8-2-a182f8acff49,impeqv_dom,8,28,94,28,20,54,36,6,49,128,86,60500.0,69000.0,39500.0,694,526200.0,517199.9800950289,6099.988240748644,46499.94662031531,139400.13013780117,78299.95593056083,63400.0,87200.0,ok,14031.0,80930.0,6717.0,28488.0,61000.0,450600.0,5.7679424132278525,4.241179097811523,2.141252457174951,8b7875dd32eb966f016e3fd28a016328a763518beeee69e2d6f88c364768d679,True,32,256,3008,160,192,268435456,100,5,a182f8acff49c11d3ef08d27856710fa
bx1,tuning,bx1-k8-3-afe9419ba99d,mixed,8,20,22,20,12,23,16,3,12,23,16,28800.0,27700.0,19200.0,476,239000.0,234300.00874213874,8899.951353669167,21400.104742497206,56700.02428814769,27900.008717551827,32700.0,21200.0,ok,3728.0,15267.0,4405.0,14843.0,62700.0,508400.0,4.095225321888412,3.3695800227014754,4.224213433941926,d18ac77ccd418be3ea78e236f39efa0a39eccfa942edd7a9cf6dd87e694a0ba6,True,32,256,704,96,96,268435456,100,5,afe9419ba99da1754207a2ecf55c469f
bx1,tuning,bx1-k8-4-f19b51fae83a,andor_dom,8,16,17,13,5,7,7,4,8,8,8,45700.0,38400.0,27300.0,387,355400.0,348800.0074867159,26300.083845853806,22199.994418770075,79899.99721758068,40199.98596049845,38700.0,27400.0,ok,2225.0,11526.0,4038.0,15428.0,32700.0,249400.0,5.1802247191011235,3.8207033184744925,2.1195229452942703,6bfda650328bb3de7368ee86ae030866c7c95772f0b4d56a96124e009213ca0d,True,32,256,544,96,128,268435456,100,5,f19b51fae83ab75f67f487b56c96c709
bx1,tuning,bx1-k8-5-e450c9286a4b,andor_dom,8,15,15,12,4,11,9,3,7,11,9,19100.0,19400.0,15400.0,360,174200.0,169900.01313388348,10599.964298307896,10099.989594891667,40100.01430287957,20200.03739744425,20800.0,15100.0,ok,2473.0,11320.0,3762.0,14194.0,78800.0,316500.0,4.577436312171452,3.7729930887825627,5.5516415386783144,df011df91ca5053f5dd5d482f1005f40217484210d2d70002af80d424af24c47,True,32,256,480,96,96,268435456,100,5,e450c9286a4b75188f2525837394d3f7
bx1,tuning,bx1-k8-6-64c2a6d682df,impeqv_dom,8,27,60,27,19,54,35,6,33,92,59,33900.0,43300.0,23500.0,660,282200.0,277099.9853964895,0.0,18300.022929906845,75100.01887567341,43600.04095360637,46500.0,46300.0,ok,11449.0,45386.0,6324.0,25871.0,67000.0,374700.0,3.9641890121407983,4.090923466160658,2.5897723319546984,27891780ec8e448b119c5dc9cfc94faba3eca39177fa458804258b4d4324a512,True,32,256,1920,160,192,268435456,100,5,64c2a6d682df173dee0ef1896f738c84
bx1,tuning,bx1-k8-7-09fc993513d7,mixed,8,15,15,15,7,15,11,4,7,15,11,21600.0,18600.0,14600.0,363,164700.0,160700.00128820539,6399.961421266198,10300.020221620798,40400.0747948885,19000.028260052204,24200.0,13300.0,ok,2859.0,10955.0,3171.0,10833.0,34200.0,222300.0,3.831759356418328,3.416272469252602,3.1570202160066465,4f158000b47e4689beeec4a55c010155d5f95ffe1e0643fd9eb925e725a0d601,True,32,256,480,96,128,268435456,100,5,09fc993513d7e644f90133989f40f63b
bx1,tuning,bx1-k8-8-21adfede2a12,andor_dom,8,20,23,19,11,16,13,3,12,16,13,37500.0,27400.0,19500.0,478,248600.0,243599.99224543571,15899.9755512923,20700.012100860476,55399.95618164539,26600.027922540903,31300.0,18400.0,ok,3253.0,15038.0,4202.0,14648.0,67600.0,380700.0,4.622809714110052,3.4859590671108998,4.614964500273075,dbf6879a50bc62709899f57bdbc6fa686a2113d9461a924c4daa9d566b4a94e0,True,32,256,736,128,96,268435456,100,5,21adfede2a12c2886e347d09a80ac9d1
bx1,tuning,bx1-k10-1-ce8ba79b76b0,mixed,10,21,22,20,10,20,15,3,11,20,15,33200.0,30500.0,19800.0,500,287600.0,281700.020423159,12700.00939257443,25000.01573935151,63799.991039559245,34599.97242316604,32700.0,19600.0,ok,3940.0,15342.0,4442.0,14566.0,43600.0,363200.0,3.8939086294416243,3.279153534443944,2.9932720032953455,bf1133aff1ed584dcfebd2d8cfd40ab4dbd176c9840cf4eeff1b82b6b4587f7b,True,128,1280,2816,384,384,268435456,50,5,ce8ba79b76b0ba54ca0b1db699d85b79
bx1,tuning,bx1-k10-2-e17d064cca67,andor_dom,10,23,25,22,12,21,16,3,13,21,16,54200.0,41000.0,22100.0,544,367800.0,361000.01307204366,23000.00051036477,28099.981136620045,83599.96718354523,39700.04036091268,37400.0,49900.0,ok,4190.0,19702.0,4868.0,16192.0,47400.0,337600.0,4.7021479713603815,3.326211996713229,2.927371541501976,eb4c672ced2de1a76d4a2403041d4ac0eeb2b73b824c7ec93028a5747bfbdac7,True,128,1280,3200,384,384,268435456,50,5,e17d064cca67024299d5bbac1258b783
bx1,tuning,bx1-k10-3-16f87b523a35,mixed,10,22,24,22,12,21,16,3,12,21,16,32100.0,29400.0,19500.0,526,273800.0,269499.9857340008,12300.006346777081,21000.014385208488,63500.04696287215,35899.98232200742,36300.0,19800.0,ok,4192.0,17158.0,4936.0,16066.0,44100.0,341500.0,4.093034351145038,3.254862236628849,2.744927175401469,06fed3f06e44dfc17f35ad059ace2c26aeef00978d4ae10a4763490b0a32dd83,True,128,1280,3072,512,384,268435456,50,5,16f87b523a35164be73301b34d212037
bx1,tuning,bx1-k10-4-23d83455c005,andor_dom,10,24,26,21,11,20,15,4,14,21,16,32500.0,30300.0,20600.0,567,278000.0,273000.0123847276,16499.980119988322,22999.971406534314,63899.875385686755,30600.058380514383,32100.0,21400.0,ok,4096.0,17868.0,4546.0,14998.0,42800.0,347000.0,4.3623046875,3.299164100307963,2.853713828510468,650f04850fc8aa5bdf56eb89cd57e29e202b41d5857d7a03713a5341d50bfa76,True,128,1280,3328,384,512,268435456,50,5,23d83455c005b89b0513919ce5be401d
bx1,tuning,bx1-k10-5-9bbcf8dd3e01,impeqv_dom,10,33,63,33,23,55,38,7,32,80,55,45800.0,48700.0,27500.0,807,431500.0,419299.9913357198,10600.02250596881,38399.94315057993,100899.9242912978,60299.96438883245,55100.0,49500.0,ok,11756.0,47256.0,9044.0,30938.0,67500.0,594200.0,4.019734603606669,3.4208314904909334,2.1817829206800696,fc3f1b016da13b03f0c85a6e9d3f0ab2d5bcf2150664877c4d1be31543186ee8,True,128,1280,8064,512,896,268435456,50,5,9bbcf8dd3e0149f882f57d4076f9d84c
bx1,tuning,bx1-k10-6-85ff4d86e6c8,mixed,10,20,21,20,10,20,15,3,10,20,15,28900.0,25600.0,18700.0,480,230700.0,225999.97464567423,9799.987310543656,17200.014553964138,51800.01608096063,28200.01100189984,31500.0,18700.0,ok,3990.0,14816.0,4466.0,14950.0,44100.0,302000.0,3.71328320802005,3.3475145544111062,2.9498327759197323,9ec7d6a737abdce839f03b08acdb4e6691734ca923a6cd4d01a8bbc1045e827f,True,128,1280,2688,384,384,268435456,50,5,85ff4d86e6c8c0d9e4ca8c07f394e95b
bx1,tuning,bx1-k10-7-8246a0ff1e16,andor_dom,10,21,23,19,9,15,13,5,11,15,13,30400.0,33200.0,18900.0,505,259100.0,254199.98564757407,17300.102626904845,15300.000086426735,58999.95448999107,29499.93358924985,32100.0,19600.0,ok,3314.0,14630.0,3908.0,13936.0,42100.0,328400.0,4.414604707302353,3.566018423746162,3.0209529276693456,9b89ca8226b6112656f0c4cabccc93534b4026a6150565073fd85e4c03812db1,True,128,1280,2944,640,640,268435456,50,5,8246a0ff1e166187576e293cd8d04664
bx1,tuning,bx1-k10-8-77067f84ea1d,mixed,10,23,27,19,9,18,15,4,13,19,16,32700.0,33200.0,20500.0,558,290300.0,284899.9865818769,18299.96472224593,27900.037821382284,59899.99044686556,34900.03291517496,32200.0,22300.0,ok,3912.0,17368.0,4084.0,15356.0,43400.0,351100.0,4.439672801635992,3.760039177277179,2.8262568377181556,eea5060d15db70e5e032a78ce7ea32ca0f710efc3d3bf60fe8f921498c6f3a7e,True,128,1280,3456,384,512,268435456,50,5,77067f84ea1da1bfaf0b99360374c009
bx1,tuning,bx1-k12-1-dcaeee786843,andor_dom,12,27,29,23,11,19,16,5,15,19,16,36000.0,36100.0,22600.0,635,324000.0,318500.00959821045,22799.998987466097,22299.995180219412,74899.95914511383,39199.97834600508,36300.0,23200.0,ok,6620.0,18850.0,7915.0,19580.0,46100.0,400600.0,2.8474320241691844,2.4737839545167404,2.3544433094994894,43e053d4256b86f12322d11b9de2728424bb39c997bbfaa95e97eb0032bf3958,True,512,6144,14848,2560,2560,268435456,20,5,dcaeee786843d10664d1d9075a3d551d
bx1,tuning,bx1-k12-2-56fe11ff64c7,mixed,12,23,23,21,9,17,14,3,11,17,14,31900.0,31100.0,20300.0,549,275800.0,271099.9979171902,14800.025383010507,25500.019546598196,62500.03934837878,33900.02530068159,33300.0,18800.0,ok,6250.0,16275.0,6905.0,16050.0,47100.0,355200.0,2.604,2.324402606806662,2.9345794392523366,dac62da81c27bdf3c5095c9ca757bd0e9721a3c943f4211b507a5f581fd49f26,True,512,6144,11776,1536,1536,268435456,20,5,56fe11ff64c7a692c568b910bca1f2ea
bx1,tuning,bx1-k12-3-0e386c458b97,andor_dom,12,25,26,21,9,16,14,4,13,16,14,32900.0,31800.0,21800.0,590,298100.0,292700.0168710947,20399.951608851552,21699.99061152339,67300.01769028604,35399.949410930276,32900.0,23900.0,ok,5900.0,17335.0,8045.0,19490.0,44900.0,508400.0,2.938135593220339,2.4226227470478556,2.3037455105182145,2a56b6c49cbac5a8b5c86b2ea4e0ba49adbf21af05e16d221c9b054471f1db10,True,512,6144,13312,2048,2048,268435456,20,5,0e386c458b97236a1cb5788eb0f0d157
bx1,tuning,bx1-k12-4-fa0f34a0d7ca,mixed,12,30,34,28,16,33,24,4,18,33,24,41200.0,46900.0,25100.0,711,379100.0,374399.998690933,21100.015146657825,30300.08519999683,86199.986981228,46800.036216154695,44900.0,29600.0,ok,10740.0,24235.0,11580.0,23330.0,52900.0,492200.0,2.2565176908752327,2.0146804835924006,2.26746678096871,9e02b50eac043198077de892e99d6dcd4da0c8468a8ae6ea2c46f7c87675bf83,True,512,6144,17408,2048,2048,268435456,20,5,fa0f34a0d7ca8395c44f2fe157823fdb
bx1,tuning,bx1-k12-5-933f221d92f9,andor_dom,12,23,23,20,8,11,11,6,11,11,11,32900.0,29100.0,19400.0,546,291100.0,286199.99648071826,19500.090274959803,19300.030544400215,64499.996369704604,33999.99695830047,47400.0,28800.0,ok,6125.0,23525.0,4905.0,15215.0,40300.0,380000.0,3.840816326530612,3.1019367991845055,2.6487019388761093,d480fcda3d28f9df6104543c3e49775d0f63b53c9820430ad4c7c5b4cc5a4b41,True,512,6144,11776,2560,3072,268435456,20,5,933f221d92f9e42626d06e4bac938665
bx1,tuning,bx1-k12-6-ab8ebfd94e71,impeqv_dom,12,34,72,34,22,62,41,6,38,107,70,44100.0,49100.0,27500.0,829,388200.0,381699.9960690737,2399.9891709536314,19999.97766688466,96700.03782957792,75199.96142946184,56400.0,54400.0,ok,44385.0,59125.0,21585.0,33540.0,67500.0,612800.0,1.332094175960347,1.5538568450312717,2.012522361359571,6dcea35bb2d25f0467e558a31d9fc4463da58a2739192244dc708d9963d1cf8c,True,512,6144,36864,2048,3072,268435456,20,5,ab8ebfd94e7121a69b1d94786ae9c692
bx1,tuning,bx1-k12-7-f4216d709297,mixed,12,24,24,24,12,23,17,4,12,23,17,44500.0,38000.0,26300.0,569,355700.0,349300.0112939626,16400.008462369442,29799.93587359786,81700.01092366874,39799.982914701104,38300.0,19500.0,ok,7985.0,17835.0,14385.0,35685.0,81500.0,562600.0,2.2335629304946774,2.480709071949948,2.283872775676054,ec19433f76563af73d590b5694269c71451213a84f29c0b196b80b3af6b4cf32,True,512,6144,12288,1536,2048,268435456,20,5,f4216d709297ea6daed114cf7ea737ee
bx1,tuning,bx1-k12-8-ff7ab4c2ccae,andor_dom,12,26,28,22,10,17,15,4,14,17,15,55600.0,54800.0,34000.0,616,555400.0,547100.0040415674,31600.036891177297,33700.052881613374,112699.89772699773,63300.04543997347,109700.0,25500.0,ok,6265.0,18335.0,7015.0,17100.0,45000.0,591200.0,2.92657621707901,2.437633642195296,2.6315789473684212,94d7e06d8895fe73fb4fae5f7444e7cc1bb2a5deaad8eae976d6fd963db7b568,True,512,6144,14336,2048,2048,268435456,20,5,ff7ab4c2ccae34850007d3df9a257fa0
bx1,tuning,bx1-k16-1-00faa20cf21f,andor_dom,16,33,34,30,14,22,19,4,17,22,19,59900.0,82400.0,39600.0,777,588900.0,579599.9895781279,37099.962355569005,43599.92453828454,136500.04984810948,81500.00940077007,72000.0,43400.0,ok,34640.0,44560.0,35420.0,39380.0,74500.0,489400.0,1.2863741339491916,1.1118012422360248,1.8918232605383443,d53b9a68dab51f0da8f7984fa75fa6c3b30b50a274e12d5289ebd56795db4e1f,True,8192,131072,278528,32768,32768,268435456,5,5,00faa20cf21f8654c0317cc3490477d5
bx1,tuning,bx1-k16-2-7a57c9d7559d,impeqv_dom,16,44,91,41,25,70,47,7,47,123,83,57500.0,69700.0,34800.0,1073,498800.0,490500.00961869955,4600.0059228390455,25799.99272711575,121699.99536126852,95699.97200742364,71800.0,124500.0,ok,284320.0,126400.0,354520.0,156120.0,203400.0,1358300.0,0.4445694991558807,0.4403700778517432,1.3028439661798616,4f466d23ffe144b5124259ffabcb2630adc9cb1d10c5b7384c06001c75f28433,True,8192,131072,745472,40960,57344,268435456,5,5,7a57c9d7559d9837fb9909e1ba7f8391
bx1,tuning,bx1-k16-3-5054f67d71a1,andor_dom,16,36,38,34,18,27,22,5,20,27,22,110700.0,76100.0,47500.0,845,772000.0,763600.0227648765,50000.03147870302,57599.88562203944,173500.09875372052,121600.02370364964,83300.0,51900.0,ok,93720.0,101840.0,91160.0,90460.0,177700.0,1594100.0,1.0866410584720443,0.9923211935059236,1.9644041565332744,64fc80a81adcf57aa807e2c69c4c2ad49f2659c00858bf80bb75fef476b23956,True,8192,131072,311296,32768,40960,268435456,5,5,5054f67d71a1b6ae9cb0cda4216ad5ac
bx1,tuning,bx1-k16-4-31d43debdd10,mixed,16,32,33,32,16,32,24,5,16,32,24,131900.0,106500.0,50500.0,762,911100.0,899500.009836629,34099.939512088895,58200.0648137182,237299.97337795794,135300.09891837835,97100.0,56800.0,ok,152960.0,105360.0,147600.0,100880.0,210100.0,1513800.0,0.6888075313807531,0.6834688346883468,2.0826724821570184,263344caa8e1642eea283ad058cf301e041381b05e849db068a20e6e83da75b8,True,8192,131072,270336,32768,40960,268435456,5,5,31d43debdd10c266328d907bf8e2baa1
bx1,tuning,bx1-k16-5-d9d873c51a93,xor_dom,16,39,48,26,10,28,25,5,24,29,26,110800.0,116400.0,130600.0,942,1286200.0,1271100.016310811,93399.92539025843,171899.9701552093,265999.98818710446,184699.98030923307,121700.0,70500.0,ok,93660.0,110360.0,84280.0,79280.0,213200.0,1298300.0,1.1783045056587658,0.9406739439962032,2.68920282542886,5e67584e1d859e2e584e98787eba1d799f639da7bbb5a623810d669f72232bca,True,8192,131072,393216,32768,40960,268435456,5,5,d9d873c51a93afd036c6b4946d576a42
bx1,tuning,bx1-k16-6-d8a917bace96,mixed,16,37,40,36,20,46,32,6,21,46,32,105900.0,95600.0,56900.0,874,875700.0,862400.0183772296,27700.007194653153,61499.973526224494,202999.97413530946,128800.04942417145,107500.0,71600.0,ok,179860.0,119500.0,171340.0,121600.0,203300.0,1153300.0,0.6644056488379851,0.7097000116726976,1.671875,9ac5751ddd60e313dbf1fa4f890d8b8299aa66416cd4e1c3afb92e7d3a9bc58b,True,8192,131072,327680,49152,49152,268435456,5,5,d8a917bace962a7fa02b9af71c289999
bx1,tuning,bx1-k16-7-8facb8315cfa,andor_dom,16,44,52,44,28,41,32,5,28,41,32,169500.0,121700.0,67600.0,1041,751500.0,741399.999242276,45500.02631731331,59000.01269765198,171300.0237941742,98400.0216703862,80200.0,67800.0,ok,85900.0,86520.0,137700.0,114420.0,170400.0,1201300.0,1.0072176949941793,0.8309368191721133,1.4892501310959623,58920619d6f8de9d357799535db7f88d493f01888c8ec4a9c7370c9a8816588f,True,8192,131072,425984,57344,40960,268435456,5,5,8facb8315cfa2a6fca384fb0b4853908
bx1,tuning,bx1-k16-8-a9644a6c5c5b,mixed,16,40,45,32,16,30,24,6,24,32,26,104400.0,95800.0,60800.0,945,950000.0,939499.9942742288,63599.960412830114,73299.97606575489,217399.99647252262,126500.00280700624,100100.0,68000.0,ok,96260.0,79280.0,85140.0,87960.0,81700.0,831000.0,0.8236027425722003,1.0331219168428472,0.928831286948613,ad124e329f2b7dea66f0426285fc88030ed17330d2b93901d6aec19904cb7bb7,True,8192,131072,368640,32768,49152,268435456,5,5,a9644a6c5c5b94b455663c24d3ecfa1f
b2,held_out,b2-k4-xor_dom-tree-1-8b6c553e4c62,xor_dom,4,10,12,10,6,9,7,4,6,9,7,36300.0,23800.0,19000.0,251,183300.0,178299.9897841364,10899.966582655907,16099.977074190974,42400.03181621432,16699.981642886996,29300.0,18500.0,ok,2931.0,3155.0,2296.0,2382.0,24600.0,164600.0,1.0764244285226885,1.0374564459930313,10.714285714285714,8e05696833e6832e8ad694ea4bef56ad3e4d9944c35799f8a67e1fc7312907e6,True,2,0,24,0,0,268435456,100,5,8b6c553e4c623adeaaf6b1ab12c89fbb
b2,held_out,b2-k4-xor_dom-tree-2-186a2a5c9bf0,xor_dom,4,7,7,6,2,3,3,2,3,3,3,10800.0,10300.0,10300.0,183,105100.0,101799.98935200274,6600.021151825786,9299.983503296971,22200.02352260053,7800.001185387373,13000.0,8400.0,ok,1413.0,1480.0,1432.0,1591.0,35200.0,167400.0,1.0474168435951876,1.1110335195530727,24.58100558659218,a22175a602c02145cc695f9333f8ddfcc5cf32cebe88d461f157889dfd8e9468,True,2,0,14,0,0,268435456,100,5,186a2a5c9bf05ce9f5cd3f1ba7dcfc20
b2,held_out,b2-k4-xor_dom-tree-3-128078f3da7b,xor_dom,4,12,14,11,7,11,8,3,8,11,8,25300.0,22300.0,22100.0,291,216400.0,211400.0089932233,14199.962606653571,20800.04196614027,54599.979193881154,17500.01683831215,28700.0,19700.0,ok,3457.0,3494.0,2399.0,2787.0,24600.0,191700.0,1.010702921608331,1.161734055856607,10.254272613588995,62e7c221122cae8423ae3abd29d9fc9c53287f46a67c831dc0fd497948602a48,True,2,0,28,0,0,268435456,100,5,128078f3da7bb66e7b480d8a5126b627
b2,held_out,b2-k4-xor_dom-tree-4-9a5b24a5b691,xor_dom,4,9,11,6,2,3,3,2,5,5,5,11800.0,12700.0,25300.0,232,197600.0,193199.9868247658,15800.00389367342,21199.986804276705,34199.998481199145,21800.020476803184,12900.0,11100.0,ok,1691.0,1908.0,1484.0,1560.0,17500.0,138700.0,1.1283264340626848,1.0512129380053907,11.79245283018868,bf03ae910baf5f6fdb652b910c8004017dd76989a1ecd128aef435bdf5bfdff9,True,2,0,22,0,0,268435456,100,5,9a5b24a5b691079e8950391d76714c61
b2,held_out,b2-k4-xor_dom-shared-1-b3e4cd19e589,xor_dom,4,14,35,8,4,7,6,3,17,19,18,19700.0,27700.0,14400.0,362,216400.0,212599.9890267849,17899.99078027904,27400.0340141356,40999.99205209315,19999.948563054204,16300.0,29800.0,ok,3610.0,3692.0,1888.0,1974.0,23200.0,257700.0,1.0227146814404433,1.0455508474576272,12.288135593220339,9a83c6cb1126d93de4a30715b28f1f4b26b983c57fb39e6d826d7e893ae4ee74,True,2,0,70,0,0,268435456,100,5,b3e4cd19e58938c2d0357fec6b80eb57
b2,held_out,b2-k4-xor_dom-shared-2-d4c0909c8173,xor_dom,4,20,53,11,7,14,12,5,27,29,27,26200.0,30900.0,19700.0,505,315900.0,310799.98007044196,27599.948225542903,45700.02784021199,60500.11143088341,27699.978090822697,23600.0,43300.0,ok,5023.0,5194.0,2716.0,2852.0,26000.0,363600.0,1.0340434003583516,1.0500736377025037,9.572901325478645,bfa9ad6c53bd4fa5c103452ec0f0c7e0d582abdd55bb8f39362c766dd459e870,True,2,0,106,0,0,268435456,100,5,d4c0909c81730352433585d489c6f933
b2,held_out,b2-k4-xor_dom-shared-3-88f8242fa307,xor_dom,4,20,46,8,4,8,7,3,23,24,23,35600.0,46800.0,38600.0,512,417500.0,410600.0124011189,39600.03959946334,56999.99746866524,67199.98782500625,31199.975637719035,23400.0,55700.0,ok,4307.0,4357.0,1895.0,1979.0,22600.0,337300.0,1.0116090085906664,1.0443271767810027,11.926121372031663,ae8f3419f2285fc482b01c8e22707b13699ad50038026ce4618391aa1c675671,True,2,0,92,0,0,268435456,100,5,88f8242fa3078a0b324089c8677355b4
b2,held_out,b2-k4-xor_dom-shared-4-28c644b1084a,xor_dom,4,18,43,10,6,9,8,4,21,23,22,23900.0,27400.0,23200.0,466,271800.0,267299.99808594584,25400.01878514886,36700.04662126303,50599.97783973813,27099.973522126675,19600.0,34100.0,ok,4133.0,4208.0,2337.0,2528.0,24900.0,344200.0,1.0181466247278006,1.0817287120239623,10.654685494223363,8fe99e1d4b27948fd5e99e3883f6e2954b653363a4874606a09becab762842ad,True,2,0,86,0,0,268435456,100,5,28c644b1084a1cde8e56428c422b610d
b2,held_out,b2-k4-andor_dom-tree-1-ea13a53017b8,andor_dom,4,7,7,6,2,5,4,2,3,5,4,10000.0,9500.0,10200.0,181,83500.0,80499.97268244624,3699.9699659645557,5299.982149153948,18899.99839477241,7599.999662488699,12300.0,7800.0,ok,1436.0,1548.0,1439.0,1734.0,19300.0,108000.0,1.0779944289693593,1.2050034746351632,13.412091730368312,0d9ba34f231adf13041d4ad21fdfbf7209755748963a9c4683e00cef9a30f068,True,2,0,14,0,0,268435456,100,5,ea13a53017b87e9e0931d2c14563d2c8
b2,held_out,b2-k4-andor_dom-tree-2-e674d60a6337,andor_dom,4,9,10,9,5,6,5,3,5,6,5,14700.0,12000.0,10500.0,225,114800.0,111500.00500492752,7299.997378140688,9400.013368576765,25000.01573935151,9600.014891475439,17300.0,10200.0,ok,1636.0,1716.0,2065.0,2111.0,19700.0,143600.0,1.0488997555012225,1.02227602905569,9.539951573849878,40b7b0acaa3a96600fe748a9adb72e7d390fff319c0a222f724ecd7159384a8d,True,2,0,20,0,0,268435456,100,5,e674d60a6337dea4f87502f3a49715b1
b2,held_out,b2-k4-andor_dom-tree-3-269b85d31c4b,andor_dom,4,7,7,7,3,5,4,2,3,5,4,16500.0,16900.0,9400.0,182,80400.0,77500.00804662704,4000.0013541430235,3900.029696524143,18400.05279518664,7300.026481971145,13300.0,7900.0,ok,1396.0,1503.0,2833.0,2477.0,21200.0,112900.0,1.076647564469914,0.8743381574302859,7.483233321567243,5eace7caa8a101d3105c0c338da64e3d62dd7d90b1e4f9a2846f43f9e99ab977,True,2,0,14,0,0,268435456,100,5,269b85d31c4b598a18aa024675dbc917
b2,held_out,b2-k4-andor_dom-tree-4-d96f9fff14ea,andor_dom,4,9,11,9,5,5,5,3,5,5,5,15300.0,12700.0,11400.0,231,140700.0,136999.99544769526,10199.93214868009,10000.047041103244,27799.978852272034,12000.033166259527,23600.0,16400.0,ok,1680.0,1692.0,2120.0,2185.0,20500.0,156100.0,1.0071428571428571,1.0306603773584906,9.669811320754716,830dcc860e2f53775bdab51b1b2ff210ce23f6366ac76fba9168f62702456c31,True,2,0,22,0,0,268435456,100,5,d96f9fff14eaa8f53817655268fa6ba3
b2,held_out,b2-k4-andor_dom-shared-1-17ce9f3e12c6,andor_dom,4,18,45,11,7,15,14,7,22,26,24,26300.0,28900.0,20300.0,462,288300.0,283600.00578686595,26700.02868399024,26900.117518380284,55200.01286640763,32700.07437095046,23900.0,37000.0,ok,4258.0,4113.0,2701.0,2790.0,29000.0,397500.0,0.9659464537341474,1.0329507589781561,10.736764161421696,48b576dfc3447c7a0e6b513608937a23d02e6330c5ed01b0fc4ca98b2bca1feb,True,2,0,90,0,0,268435456,100,5,17ce9f3e12c650b4e3da3174950665b6
b2,held_out,b2-k4-andor_dom-shared-2-f7cba4ce652b,andor_dom,4,16,31,10,6,10,10,5,15,15,15,23300.0,25700.0,16400.0,411,283800.0,278499.9960567802,24799.926904961467,34500.000765547156,50299.97555539012,28800.01557059586,22800.0,25700.0,ok,2969.0,3082.0,2651.0,2617.0,40800.0,327700.0,1.038059952846076,0.987174651075066,15.390418709920784,085edad400785fca7e7e90b1fac4beb776fc2beee5aa24352d5f39b5d57efcad,True,2,0,62,0,0,268435456,100,5,f7cba4ce652beb639b4716f01ea72b8a
b2,held_out,b2-k4-andor_dom-shared-3-44c5bbe1b3b1,andor_dom,4,18,48,11,7,11,9,4,26,31,26,21600.0,26700.0,20100.0,452,254600.0,251100.02025030553,22899.970645084977,25400.01878514886,46300.061512738466,26600.027922540903,21300.0,38800.0,ok,4259.0,4493.0,3331.0,2525.0,24700.0,251800.0,1.0549424747593332,0.7580306214350045,7.415190633443411,8509b81230019d2ad970d970f791dfbdc8caf54f5c594fcd327cef9feed206c1,True,2,0,96,0,0,268435456,100,5,44c5bbe1b3b124fc2ca5faf1b50a402a
b2,held_out,b2-k4-andor_dom-shared-4-f79caff75ff2,andor_dom,4,15,39,9,5,8,8,5,19,19,19,19400.0,22700.0,15500.0,387,245900.0,241399.9754935503,21400.017431005836,24599.983589723706,44699.99112188816,25799.963623285294,20600.0,42700.0,ok,3356.0,3440.0,2217.0,2301.0,25000.0,274900.0,1.0250297973778308,1.0378890392422193,11.276499774470004,474f2af47544e9c7ce4338cabd43c5ca1c26432b7300ce387406157ea433891f,True,2,0,78,0,0,268435456,100,5,f79caff75ff29481a248e8ff52e9ed81
b2,held_out,b2-k4-impeqv_dom-tree-1-d73fd085a946,impeqv_dom,4,7,7,7,3,9,6,2,3,9,6,9700.0,10300.0,10100.0,183,78400.0,75499.9928176403,0.0,4800.0074457377195,19800.0343516469,8300.034096464515,14400.0,9300.0,ok,1659.0,1756.0,1676.0,1781.0,21600.0,136900.0,1.0584689572031345,1.0626491646778042,12.88782816229117,fac7a6ffd3e55613018acf3b37a17e37f496208ce155acaa10324695365069e4,True,2,0,14,0,0,268435456,100,5,d73fd085a946a9591b8180e6bf562e1a
b2,held_out,b2-k4-impeqv_dom-tree-2-cf78873f00c4,impeqv_dom,4,8,9,8,4,12,8,3,4,12,8,20400.0,12300.0,11100.0,208,94300.0,89999.98681247234,0.0,6500.020390376449,23000.029614195228,11200.056178495288,17500.0,9500.0,ok,1829.0,2872.0,1823.0,1898.0,21900.0,169800.0,1.5702569710224166,1.0411409764125068,12.013165112452002,f3569af837bfacd4b4b6d0e65c49197d37f1adb3bea6b311aed40bf0e7c19204,True,2,0,18,0,0,268435456,100,5,cf78873f00c41b8314c06bdd1ea7b949
b2,held_out,b2-k4-impeqv_dom-tree-3-0dc01f652163,impeqv_dom,4,9,11,7,3,5,4,2,5,11,8,14200.0,13700.0,10900.0,233,100100.0,97100.01177154481,4600.0059228390455,7900.00194683671,21400.017431005836,7599.970558658242,14300.0,11500.0,ok,1939.0,2024.0,1662.0,2041.0,20300.0,163100.0,1.0438370293965962,1.2280385078219014,12.214199759326114,c06b3cef20609e99f07633eef2aced3698988d513f39c51d4537da1357179f21,True,2,0,22,0,0,268435456,100,5,0dc01f65216357ec5ed0c7856f6b0625
b2,held_out,b2-k4-impeqv_dom-tree-4-0bc2267938a0,impeqv_dom,4,7,7,7,3,9,6,2,3,9,6,10000.0,10500.0,12000.0,183,81700.0,78999.99036453664,0.0,4000.0013541430235,21500.04729628563,8599.978173151612,21000.0,12400.0,ok,1631.0,1723.0,1606.0,1691.0,20300.0,122300.0,1.0564071122011036,1.0529265255292652,12.640099626400996,15b73ef77d3f7b4473e5e2ce1c8843189467ce6fd6df11d9065c5eb3c0ff877a,True,2,0,14,0,0,268435456,100,5,0bc2267938a0eadbe8796e7cc98327a6
b2,held_out,b2-k4-impeqv_dom-shared-1-093bd06ebf38,impeqv_dom,4,17,69,17,13,30,21,6,39,73,51,25500.0,28700.0,20200.0,434,285800.0,280300.0097628683,12500.036973506212,21199.92859661579,63000.014051795006,32699.98705945909,34200.0,65400.0,ok,7700.0,7766.0,3700.0,3838.0,30000.0,249700.0,1.0085714285714287,1.0372972972972974,8.108108108108109,6bad351a721281983a6e1f281d7336daf4112fd879642799cf6db6b2c12452a7,True,2,0,138,0,0,268435456,100,5,093bd06ebf38e8e2a4952bd6d737d9f3
b2,held_out,b2-k4-impeqv_dom-shared-2-85e742aeb5d6,impeqv_dom,4,16,43,15,11,28,19,5,21,55,38,25500.0,25200.0,17000.0,414,202200.0,195200.00205375254,5999.987479299307,17700.018361210823,46499.94662031531,22500.025806948543,32400.0,42700.0,ok,5235.0,5420.0,3385.0,3425.0,27400.0,244200.0,1.0353390639923592,1.0118168389955686,8.094534711964549,29e6cfa2a6ac59fbab9d5c4d6d564f4255760cf51fd7457a3e7fe343d48ef318,True,2,0,86,0,0,268435456,100,5,85e742aeb5d6ea4aa8a62ebab266885e
b2,held_out,b2-k4-impeqv_dom-shared-3-8552cadc9761,impeqv_dom,4,19,53,19,15,41,28,7,26,72,49,26600.0,31800.0,27100.0,493,236000.0,231400.01576393843,4499.976057559252,19700.033590197563,54999.9822396785,33600.02301633358,36000.0,44200.0,ok,6565.0,6693.0,4283.0,4387.0,32700.0,439300.0,1.0194973343488194,1.0242820452953538,7.634835395750642,5eac72d678bc6b54f36eebba0a3a7394388c0d248b38358a45456a92e9fc5724,True,2,0,106,0,0,268435456,100,5,8552cadc97618657cfda9d66fdc55bd8
b2,held_out,b2-k4-impeqv_dom-shared-4-f61110d6fca7,impeqv_dom,4,19,54,9,5,14,9,3,27,80,53,53300.0,31700.0,19000.0,487,216400.0,211200.00747032464,0.0,14300.021575763822,46900.03697760403,24700.0134550035,18100.0,43600.0,ok,7736.0,7110.0,2015.0,2057.0,23500.0,200800.0,0.9190796277145812,1.0208436724565757,11.662531017369727,af35cf33330c8003d7af1221cd460af6401a1f4936caf864fc5772657e3ca072,True,2,0,108,0,0,268435456,100,5,f61110d6fca70cd8f1e204fa6bbef169
b2,held_out,b2-k4-mixed-tree-1-6a5b06e30521,mixed,4,10,12,10,6,7,6,3,6,7,6,16300.0,14700.0,11300.0,251,132900.0,129599.99730810523,8900.067768990993,12499.949662014842,27599.97732937336,11499.971151351929,19400.0,12400.0,ok,1794.0,1896.0,3074.0,3060.0,24800.0,190100.0,1.0568561872909699,0.9954456733897202,8.067664281067014,e9af142af8c43e431b89ecd40f29bbd8c1068cad8afec9b8b07d2e0e9768edf6,True,2,0,24,0,0,268435456,100,5,6a5b06e30521fe3eb7c5520703fa4ceb
b2,held_out,b2-k4-mixed-tree-2-39dcef306168,mixed,4,11,13,11,7,13,9,3,7,13,9,17000.0,17100.0,12500.0,271,142200.0,138400.00610798597,5800.01506023109,14400.022337213159,32199.95414838195,12300.064554437995,21600.0,13800.0,ok,2273.0,2374.0,2650.0,2652.0,21800.0,167700.0,1.0444346678398593,1.0007547169811322,8.226415094339623,d6702270d176bac32f4c82874128788420408e580e7c3a1be862bbfe2fb1a632,True,2,0,26,0,0,268435456,100,5,39dcef306168c12c385ff031195ea84c
b2,held_out,b2-k4-mixed-tree-3-42ca330baf1d,mixed,4,10,11,10,6,12,8,2,6,12,8,14600.0,13800.0,11100.0,245,119800.0,116899.9879155308,3900.029696524143,10000.047041103244,29899.965738877654,11199.997970834374,18200.0,12300.0,ok,2068.0,2174.0,2378.0,2402.0,25500.0,163700.0,1.051257253384913,1.0100925147182507,10.723296888141295,e8822f532ae9349b2b5743c494efd216ed4e44f9ebc82a6b1cb54895a5b88433,True,2,0,22,0,0,268435456,100,5,42ca330baf1dcce15bd68ebc23f919c1
b2,held_out,b2-k4-mixed-tree-4-21975d9e7f15,mixed,4,9,9,9,5,9,6,2,5,9,6,12900.0,12200.0,11400.0,220,99000.0,95800.00187270343,3799.9998312443495,5500.012775883079,24899.95677024126,7900.00194683671,16800.0,9600.0,ok,1690.0,1841.0,1903.0,1996.0,22300.0,136300.0,1.0893491124260355,1.048870204939569,11.718339464004204,46cc6a8cb5bcc0120f98b84c71699b2ac5b90cb34a781ae2a83305fa98cd8e67,True,2,0,18,0,0,268435456,100,5,21975d9e7f1523cda197d6a2afc034fa
b2,held_out,b2-k4-mixed-shared-1-1f8d2534cdb0,mixed,4,17,35,11,7,14,12,4,18,24,20,22800.0,27500.0,20200.0,432,262900.0,258300.01686699688,18000.04974938929,27800.00795610249,53200.02674125135,29399.903723970056,23200.0,30400.0,ok,3708.0,3845.0,2666.0,2922.0,26100.0,303900.0,1.0369471413160734,1.0960240060015003,9.789947486871718,b8811852747cfa3620c3dd2af5d59498c240f208e689b4052bac934c29faf094,True,2,0,70,0,0,268435456,100,5,1f8d2534cdb0abf755acdf0eb3981e20
b2,held_out,b2-k4-mixed-shared-2-8d20aba853af,mixed,4,17,30,14,10,20,16,6,15,22,18,24400.0,26000.0,18000.0,435,260100.0,256000.0284574926,18100.050510838628,27999.980375170708,54000.09104050696,28999.95888583362,29000.0,25900.0,ok,3352.0,3430.0,3355.0,3491.0,26100.0,281100.0,1.0232696897374702,1.0405365126676602,7.779433681073026,fcf0a6c700dd13e274b6fba8deea8dd9b26e4eedde3495717cac8408c9c5177f,True,2,0,60,0,0,268435456,100,5,8d20aba853af3734903b0b621217f515
b2,held_out,b2-k4-mixed-shared-3-8ed832ddfd1a,mixed,4,20,54,17,13,29,22,7,27,48,37,28300.0,32900.0,19000.0,510,303200.0,298400.002066046,18099.992303177714,29800.081392750144,62699.95355978608,39500.09704567492,38500.0,52200.0,ok,8298.0,8548.0,4180.0,4099.0,50000.0,471100.0,1.0301277416244878,0.980622009569378,11.961722488038278,c0ba8a33ac67f44abff5984dfbb6f56c46b880ac2b86e1f23e7fa9c402c53ae7,True,2,0,108,0,0,268435456,100,5,8ed832ddfd1a1d2e71bb9b68f38cf7c1
b2,held_out,b2-k4-mixed-shared-4-22af367a203f,mixed,4,16,37,13,9,24,18,6,18,40,29,21800.0,25200.0,17300.0,412,227600.0,223300.01229420304,12100.004823878407,19499.973859637976,47400.01168102026,29599.9925583601,27900.0,29800.0,ok,4377.0,4547.0,3186.0,3397.0,28000.0,265400.0,1.038839387708476,1.0662272441933458,8.788449466415567,339e8fdd18e00f5d48bda16256b4afabd5106771063c47c993e05676cd5264e9,True,2,0,74,0,0,268435456,100,5,22af367a203f3412d92a700f0b549191
b2,held_out,b2-k6-xor_dom-tree-1-bd603bfcb13b,xor_dom,6,12,13,10,4,8,7,3,6,8,7,16400.0,17100.0,14200.0,297,180400.0,175699.9990902841,10100.018698722124,18499.966245144606,37099.93325173855,16499.980119988322,18300.0,12600.0,ok,2182.0,9640.0,2164.0,11421.0,60800.0,227700.0,4.417965169569203,5.277726432532347,5.323526836529201,134a2372b7a31f4577e0f1881cee72029d82b9b9f47e40e5367a07212656b59a,True,8,48,104,24,24,268435456,100,5,bd603bfcb13bb478d5ff8d74c3a97524
b2,held_out,b2-k6-xor_dom-tree-2-186d01415e6e,xor_dom,6,11,11,7,1,5,5,1,5,5,5,12500.0,14500.0,12500.0,272,165200.0,160700.00128820539,11900.003300979733,20600.01133941114,33900.05440451205,15599.97326694429,17900.0,14500.0,ok,1852.0,7150.0,2466.0,9452.0,48000.0,218700.0,3.860691144708423,3.8329278183292783,5.078290308929327,1d32e4a54704fac550a359f8a10b86059decdcb9c5508b41ff340958805d1bc1,True,8,48,88,24,8,268435456,100,5,186d01415e6e19ebf25d33d46640fffa
b2,held_out,b2-k6-xor_dom-tree-3-db17c2d558b5,xor_dom,6,12,12,9,3,7,6,2,6,7,6,15000.0,15500.0,12800.0,292,170900.0,166299.98572170734,10899.966582655907,18599.9961104244,37300.02208612859,14199.962606653571,17600.0,10800.0,ok,2040.0,7922.0,2124.0,9152.0,31700.0,209800.0,3.8833333333333333,4.308851224105461,3.4637237762237763,3771c86aaf3420499795d6e04e7615973a08aa7d0e4e4225479b5e45d6d790e9,True,8,48,96,24,16,268435456,100,5,db17c2d558b5dd43e8ec864eb16dc7be
b2,held_out,b2-k6-xor_dom-tree-4-55e169562c2e,xor_dom,6,13,14,11,5,10,8,3,7,10,8,17500.0,18300.0,13900.0,317,225600.0,220599.99173507094,13499.986380338669,21999.963792040944,51799.92876946926,22799.998987466097,27800.0,18500.0,ok,3529.0,14379.0,2390.0,10966.0,38200.0,341600.0,4.07452536129215,4.588284518828452,3.4834944373518146,77ec00a4540ec379e53185390153ae3788621199fb76ecced5ba563d8587d205,True,8,48,112,24,24,268435456,100,5,55e169562c2ed5d0f95d9ee8145e7c02
b2,held_out,b2-k6-xor_dom-shared-1-9e510ec73f56,xor_dom,6,25,50,14,8,18,16,7,25,28,26,42100.0,58400.0,32300.0,628,596100.0,588299.9976165593,50900.0092279166,85100.00770911574,116300.04155449569,70900.01599863172,38600.0,57900.0,ok,4993.0,30888.0,3379.0,24522.0,48200.0,550400.0,6.1862607650711,7.257176679490974,1.9655819264334067,2aec3bc90a539e122dd54736db4e4400e5b5007095003e6c684efddffc04cfad,True,8,48,400,32,56,268435456,100,5,9e510ec73f56fd2d891893c5bffdec32
b2,held_out,b2-k6-xor_dom-shared-2-b6c3c0a8013a,xor_dom,6,20,31,10,4,8,8,3,15,15,15,22700.0,29600.0,19800.0,505,327500.0,322300.0094294548,27300.033252686262,49199.9089717865,56700.02428814769,32899.988582357764,20400.0,25700.0,ok,3599.0,19809.0,2263.0,13223.0,45400.0,405600.0,5.50402889691581,5.84312859036677,3.433411479996975,009e38e0d30da65985e43e9b34e826fd6f0eca25b432424470acf2b2d76135f2,True,8,48,248,32,24,268435456,100,5,b6c3c0a8013a4d2b1970ce811663641e
b2,held_out,b2-k6-xor_dom-shared-3-032bd0c6858d,xor_dom,6,21,47,13,7,17,14,4,23,35,29,28000.0,36800.0,30500.0,534,502000.0,495699.99100640416,40599.95990246534,64200.08139684796,97600.07378645241,71099.98841769993,27600.0,39500.0,ok,5482.0,45935.0,3060.0,27827.0,44600.0,378100.0,8.379241152863917,9.093790849673203,1.6027599094404714,647e06729ebad981aa02e88ae05b3d081a43127e3d34b56fbde7c6413b78f788,True,8,48,376,32,32,268435456,100,5,032bd0c6858d6b4afd0094a7424cfa11
b2,held_out,b2-k6-xor_dom-shared-4-2ef76830fe72,xor_dom,6,22,80,10,4,8,7,2,42,81,59,41200.0,38000.0,22000.0,553,287700.0,283300.00350251794,24700.10076649487,39000.03503076732,47900.0445920974,22799.96988363564,19400.0,63400.0,ok,10161.0,75250.0,2181.0,11411.0,33100.0,352800.0,7.405767148902667,5.232003668042182,2.9007098413811234,edef7ad9513057d8979adaa108d88fbe5f634f3a3dc3c66f9364ef7e8032213f,True,8,48,640,40,16,268435456,100,5,2ef76830fe72100cfafd3031156ddbbc
b2,held_out,b2-k6-andor_dom-tree-1-0a0c172dd63a,andor_dom,6,11,11,9,3,5,5,3,5,5,5,16200.0,18000.0,13900.0,270,150200.0,146300.00805482268,10799.994925037026,11299.969628453255,32400.013878941536,13699.987903237343,17900.0,13800.0,ok,1816.0,7652.0,1881.0,8522.0,30500.0,191600.0,4.213656387665198,4.53056884635832,3.5789720722835017,f848de93b27124b7b13eaefeb6bfa0087e5ebbdf95e1833f4dd9ff0a83e967ac,True,8,48,88,24,24,268435456,100,5,0a0c172dd63ac6dbb5654a05eaf59115
b2,held_out,b2-k6-andor_dom-tree-2-eff74425a5c6,andor_dom,6,14,17,10,4,7,7,4,8,8,8,18800.0,20800.0,14600.0,347,201900.0,197799.99274760485,16499.980119988322,18200.022168457508,39500.06794184446,20200.066501274705,19500.0,16400.0,ok,2177.0,11088.0,2121.0,10862.0,37400.0,251300.0,5.093247588424437,5.121169259783121,3.443196464739459,cad6be77a54376f1a05420a4bc3d4683a92d6e8e364fbca00e2996debd78f326,True,8,48,136,24,32,268435456,100,5,eff74425a5c62e0a8ee9f7af08b7476d
b2,held_out,b2-k6-andor_dom-tree-3-d47d0c96cf7f,andor_dom,6,13,15,11,5,8,7,3,7,9,8,19700.0,18600.0,13900.0,320,171600.0,167699.99638199806,9900.075383484364,10699.99416358769,36600.01675598323,17099.955584853888,21700.0,13700.0,ok,2235.0,10720.0,2365.0,10457.0,33100.0,209300.0,4.796420581655481,4.4215644820295985,3.1653437888495746,50914e4773046b53f84ce0f6f4539f4b538cc3fe27541eabae848d1b199cf00b,True,8,48,120,24,24,268435456,100,5,d47d0c96cf7fd5a658f4bb76c89f7a9c
b2,held_out,b2-k6-andor_dom-tree-4-9dc0cd28326c,andor_dom,6,14,17,11,5,8,8,3,8,8,8,19500.0,19300.0,14500.0,347,184700.0,180199.97514784336,13800.046872347593,12700.067600235343,39199.949242174625,19699.917174875736,21200.0,15200.0,ok,2576.0,11759.0,2302.0,12401.0,34100.0,232700.0,4.564829192546584,5.387054735013032,2.749778243690025,c9b8b2d93f46839e42d4fa0c013558ab346efeafcd9458aa0784a14e80460c26,True,8,48,136,24,24,268435456,100,5,9dc0cd28326ce254829e44c3b1a16e33
b2,held_out,b2-k6-andor_dom-shared-1-b8d344418390,andor_dom,6,24,52,16,10,18,15,6,29,36,29,36900.0,33300.0,21400.0,593,336300.0,325400.0039305538,31000.032322481275,37000.01980178058,63299.98723231256,33500.0513587147,34100.0,40900.0,ok,6229.0,31248.0,3683.0,20918.0,90400.0,378100.0,5.016535559479852,5.679609014390443,4.321636867769385,3e990d45c83fa01d9bf0c64b79ed7678df3c723614f0f7eccdc3d196fa3073e9,True,8,48,416,32,48,268435456,100,5,b8d344418390aa1b1341778c11e98f9f
b2,held_out,b2-k6-andor_dom-shared-2-64893da6cbd9,andor_dom,6,24,84,14,8,16,14,6,43,48,44,48900.0,34100.0,22700.0,598,358200.0,352300.00503361225,31300.00550299883,33599.96480867267,70500.01295283437,39899.954572319984,27600.0,64300.0,ok,7450.0,58078.0,3360.0,25215.0,65800.0,532700.0,7.795704697986578,7.504464285714286,2.609557802895102,46386ff0eccd7a7871daa3122b418bbf8e0d0180eca74808a53b2c3ed970f50e,True,8,48,672,48,48,268435456,100,5,64893da6cbd9f2e635bceb73d3fdd198
b2,held_out,b2-k6-andor_dom-shared-3-a125454cd529,andor_dom,6,21,41,12,6,15,13,4,21,25,22,40500.0,41800.0,30100.0,527,438800.0,431799.9992053956,37200.05042850971,46699.977247044444,90199.9301277101,48900.023102760315,44200.0,72400.0,ok,4283.0,27427.0,2850.0,20233.0,44300.0,454200.0,6.403689003035256,7.099298245614035,2.1894924133840754,3f710ac088db33363087de2b9a657541fe5447821debaa9fe5cbd538eb1a5f29,True,8,48,328,32,32,268435456,100,5,a125454cd529d4c8e17690dfb1168998
b2,held_out,b2-k6-andor_dom-shared-4-0dd35386d57d,andor_dom,6,20,41,13,7,15,14,5,20,22,21,26500.0,28300.0,19900.0,501,319000.0,313900.0036753714,28899.958124384284,26399.968191981316,67100.01616738737,41699.96827840805,36800.0,48300.0,ok,6670.0,39690.0,2996.0,19391.0,51200.0,396600.0,5.950524737631184,6.472296395193592,2.640400185653138,1656c269d0236784b54b17c8ef8406cea69739a8e3a204b3cbb8bfa53449f35b,True,8,48,328,32,40,268435456,100,5,0dd35386d57dfaaca3377253436c56ef
b2,held_out,b2-k6-impeqv_dom-tree-1-c05059f5591f,impeqv_dom,6,11,11,11,5,13,9,3,5,13,9,16100.0,15100.0,12400.0,272,139400.0,135500.01312978566,2000.01522898674,12100.004823878407,33700.02377778292,15400.000847876072,21300.0,11100.0,ok,2337.0,11519.0,2558.0,11846.0,35100.0,270700.0,4.928968763371844,4.63096168881939,2.9630254938375824,7524471d915b02b29cef6bb1183791a371f6ace366b980da3b4594da2e301b21,True,8,48,88,24,24,268435456,100,5,c05059f5591fb03830a6d165ccd50950
b2,held_out,b2-k6-impeqv_dom-tree-2-187a6f599749,impeqv_dom,6,14,15,14,8,20,13,4,8,20,13,21000.0,27300.0,27400.0,337,253300.0,245700.0082358718,2799.9922167509794,17499.987734481692,68999.97242726386,25599.96210038662,27700.0,14300.0,ok,3070.0,15497.0,3105.0,15094.0,39900.0,217500.0,5.047882736156351,4.861191626409018,2.6434344772757385,1e13d706fb3dda034bfb6bd79f1f24f0a35baa6c661823432c53d2ac2c6be21a,True,8,48,120,32,32,268435456,100,5,187a6f599749426908bf6ffdf8a53d6d
b2,held_out,b2-k6-impeqv_dom-tree-3-9df370a422d4,impeqv_dom,6,15,18,15,9,22,15,3,9,22,15,21100.0,22200.0,15500.0,369,167300.0,163399.99274350703,3900.029696524143,12299.977242946625,41000.021155923605,20400.009816512465,26900.0,16000.0,ok,3806.0,18826.0,3970.0,19108.0,43200.0,402500.0,4.946400420388859,4.813098236775819,2.26083315888633,28a94295a090f24e443f2d252b023381603f14ffb2377f65b6be6020665e3e9a,True,8,48,144,24,24,268435456,100,5,9df370a422d43bf095998857fb41128c
b2,held_out,b2-k6-impeqv_dom-tree-4-07d0d6da2af7,impeqv_dom,6,14,17,14,8,20,14,5,8,20,14,21400.0,20400.0,14800.0,350,178900.0,174899.9929986894,4299.974534660578,14999.968698248267,40399.95837956667,21799.991372972727,25900.0,15000.0,ok,3133.0,17619.0,3456.0,18879.0,41700.0,239500.0,5.623683370571337,5.462673611111111,2.20880343238519,8f70d951764efc3a27090723594ff891fe9fb6f0f120509230ab0b05e930f6b6,True,8,48,136,40,40,268435456,100,5,07d0d6da2af72423732742dae2858d4a
b2,held_out,b2-k6-impeqv_dom-shared-1-f68095cd3ba2,impeqv_dom,6,24,42,24,18,49,33,7,21,56,38,32500.0,44100.0,21900.0,604,429700.0,425400.0086802989,4100.0021155923605,23599.917767569423,78400.04400350153,45500.02631731331,60100.0,36500.0,ok,6936.0,48283.0,8506.0,50037.0,71100.0,475400.0,6.961216839677047,5.882553491652951,1.4209484981113976,456fa9ee42dce63c64416e513d4e929a4ee3caabd2db6c1d980b63123ef8151d,True,8,48,336,24,56,268435456,100,5,f68095cd3ba2889cdc1c29844e0c9c77
b2,held_out,b2-k6-impeqv_dom-shared-2-22089ede1135,impeqv_dom,6,21,41,20,14,39,26,6,20,56,38,42700.0,93700.0,30800.0,532,301800.0,295000.005280599,4499.976057559252,25499.932235106826,71499.90415200591,38799.94619637728,36500.0,32700.0,ok,7492.0,60254.0,4880.0,33617.0,59500.0,482600.0,8.042445274959958,6.888729508196722,1.7699378290745753,da5dc6f3940660a47e580ca74507b1073a28fc8818f12f7901782e7f17c39b91,True,8,48,328,40,48,268435456,100,5,22089ede1135fa54afe9f25462602668
b2,held_out,b2-k6-impeqv_dom-shared-3-32d1a4c2066e,impeqv_dom,6,24,49,22,16,38,26,5,27,65,43,97900.0,64500.0,72400.0,599,410900.0,402300.0074084848,10600.02250596881,37100.07877089083,102800.05517415702,54699.950851500034,42600.0,42200.0,ok,8223.0,61302.0,5561.0,32674.0,61600.0,381900.0,7.454943451295148,5.875561949289696,1.8852910571096284,ea0d9f4b80c89400af7c42e36ca3620d6893ac17c46c1fe18b9f59bbc42433b8,True,8,48,392,32,40,268435456,100,5,32d1a4c2066ea302483a5e9001e64892
b2,held_out,b2-k6-impeqv_dom-shared-4-3e4e99468c60,impeqv_dom,6,23,43,23,17,45,30,6,23,61,40,31200.0,37600.0,20900.0,573,280400.0,275700.00384002924,3399.9676816165447,22699.940018355846,69999.98004175723,39700.011257082224,41700.0,33300.0,ok,7290.0,49820.0,5967.0,40516.0,65600.0,419500.0,6.834019204389575,6.790011731188201,1.6191134366669957,f6b41ca15f86f66da7370a58a52c273cdddd507c80b432acf9de9d69ab5f6e54,True,8,48,344,32,48,268435456,100,5,3e4e99468c604c0792fd1951a4829f9a
b2,held_out,b2-k6-mixed-tree-1-9ecccc175ad2,mixed,6,13,15,13,7,15,11,4,7,15,11,20700.0,18600.0,13900.0,322,179600.0,175000.0228639692,6899.99433234334,16000.092728063464,40500.01734867692,21799.991372972727,41100.0,21200.0,ok,4630.0,19468.0,3091.0,15811.0,52700.0,244300.0,4.20475161987041,5.115173083144613,3.3331225096451838,cc748c8dd498ebf4ba264da58e9b3b3c3cd35ba8a8d734c934c91675c283fc04,True,8,48,120,32,32,268435456,100,5,9ecccc175ad277dbcf0c90e75e26c502
b2,held_out,b2-k6-mixed-tree-2-40b1238ea748,mixed,6,14,16,14,8,15,11,4,8,15,11,20900.0,18800.0,15300.0,344,342900.0,335099.9904796481,16199.977835640311,19999.948563054204,64099.993323907256,31400.006264448166,53400.0,40300.0,ok,4440.0,16366.0,3616.0,15090.0,77000.0,269900.0,3.686036036036036,4.173119469026549,5.1027170311464545,50b964a05d1cc7f170c8e535883101b324eeedb8ca72b9b15fb11465c0efdc4c,True,8,48,128,32,32,268435456,100,5,40b1238ea7485d631141d917570e7cc6
b2,held_out,b2-k6-mixed-tree-3-aeb0c639e3f5,mixed,6,12,13,11,5,10,8,3,6,10,8,18000.0,17000.0,13800.0,298,167400.0,163399.99274350703,7299.997378140688,15999.976312741637,35399.97851476073,17399.986973032355,20700.0,15500.0,ok,2277.0,10804.0,2488.0,20812.0,44800.0,211000.0,4.744839701361441,8.364951768488746,2.152604266769172,70502cbecab45d272c4e30db55dde2af39dabf59ea4cb5b06c13d6335e5470af,True,8,48,104,24,24,268435456,100,5,aeb0c639e3f54cd776046db8f6214870
b2,held_out,b2-k6-mixed-tree-4-987f3c678ab0,mixed,6,15,18,14,8,16,12,4,9,16,12,21900.0,22700.0,15000.0,367,189500.0,185200.0132203102,9199.92453418672,18000.04974938929,42400.002712383866,20399.98071268201,25900.0,16400.0,ok,2945.0,25719.0,6152.0,26415.0,41100.0,259400.0,8.733106960950764,4.293725617685306,1.5559341283361727,4506d091ec25797f922490bd81243c8f7290dc8a6844c6537f3e46dd4720faf9,True,8,48,144,24,32,268435456,100,5,987f3c678ab01dcbbc390a676451e56d
b2,held_out,b2-k6-mixed-shared-1-bf5809ef3c65,mixed,6,20,99,16,10,20,17,6,49,59,54,28900.0,30900.0,32700.0,503,293800.0,288799.98717457056,22900.057956576347,23899.920051917434,60000.02031214535,38699.9745387584,38900.0,85000.0,ok,8361.0,71422.0,3695.0,21279.0,48300.0,439200.0,8.542279631623012,5.758863328822733,2.269843507683632,d80e470e33e534894d3e5df0e299031a7e9f0ac845d9035403c74342fad902d2,True,8,48,792,48,48,268435456,100,5,bf5809ef3c65a57e44e51e7bb7da73ed
b2,held_out,b2-k6-mixed-shared-2-33593cbc9843,mixed,6,25,48,20,14,30,23,6,25,42,32,122000.0,84300.0,69800.0,624,704700.0,693899.9867998064,47000.00863522291,62400.009483098984,162599.98665191233,91500.02733804286,79000.0,78200.0,ok,5709.0,36593.0,4985.0,30631.0,64300.0,418500.0,6.409703976177965,6.144633901705116,2.0991805687049068,991201b381b64d183be8d60df0a5b23afa16a6c4f1747ae0fafc957a288b8155,True,8,48,384,32,48,268435456,100,5,33593cbc98430d981a4d52e075da2368
b2,held_out,b2-k6-mixed-shared-3-a377b00385d6,mixed,6,25,73,21,15,33,26,8,36,68,52,34100.0,38700.0,23300.0,636,549600.0,543899.9796751887,31299.947295337915,45299.93748292327,119800.06820522249,86100.01532360911,66800.0,92300.0,ok,12807.0,68985.0,5414.0,45514.0,63200.0,495700.0,5.386507378777231,8.4067233099372,1.3885837324779189,5683fd468752a8eebd3fecdf82e47864ac13a8699d5fe2495930fb25fa755b75,True,8,48,584,40,64,268435456,100,5,a377b00385d6fc357716d386b7f5b90f
b2,held_out,b2-k6-mixed-shared-4-d71d1df79e0f,mixed,6,26,62,17,11,22,17,5,34,57,42,35300.0,39200.0,22800.0,643,391900.0,383699.98219422996,27700.03629848361,34100.026823580265,82100.04307329655,45300.08300207555,32000.0,46100.0,ok,8368.0,46606.0,4927.0,31937.0,70800.0,577400.0,5.569550669216061,6.482037751167039,2.216864451889658,649807f9b389602dad3c9be515538cf94aea9d5cc3dfb85d443ffc48f9d24360,True,8,48,496,32,40,268435456,100,5,d71d1df79e0f9ab661f2b60b133e10b7
b2,held_out,b2-k8-xor_dom-tree-1-e3305253a197,xor_dom,8,19,21,16,8,13,11,3,11,13,11,57000.0,46100.0,21000.0,455,258100.0,252700.00332966447,18399.994587525725,28899.98722821474,54399.94856715202,26299.996534362435,29600.0,18200.0,ok,2941.0,13026.0,3223.0,12973.0,38800.0,306600.0,4.4291057463447805,4.025131864722308,2.9908271024435367,46af8650e56cb3d8316990197ae711b02c6005066cac2953e04fc0ca70015a55,True,32,256,672,96,96,268435456,100,5,e3305253a197e6682a020c093232fbcd
b2,held_out,b2-k8-xor_dom-tree-2-13ed19191907,xor_dom,8,20,24,16,8,17,14,4,12,17,14,26600.0,27800.0,18700.0,488,273200.0,268199.9758351594,16200.036043301225,31800.009310245514,57299.94154535234,30900.031561031938,28600.0,19500.0,ok,3392.0,15460.0,3382.0,13747.0,39200.0,323700.0,4.557783018867925,4.0647545830869305,2.85153124318033,e1816aca7b95dbe067940f525f729f06e1e3535d98b933099d96513ab738a3bc,True,32,256,768,128,128,268435456,100,5,13ed19191907ecffbdf1f46e78a39988
b2,held_out,b2-k8-xor_dom-tree-3-6411e7a81de6,xor_dom,8,20,23,16,8,18,14,3,12,18,14,36300.0,27600.0,18700.0,483,256900.0,252099.99876096845,14899.997040629387,29000.04619732499,55899.95998889208,27099.944418296218,28700.0,21400.0,ok,3477.0,15288.0,3472.0,13460.0,39400.0,328000.0,4.3968938740293355,3.8767281105990783,2.927191679049034,e3b16859071e39ef7e23d1c58adf4b4d9f7bd4834a5d7fb37c7e5bd4ffc3bf12,True,32,256,736,128,96,268435456,100,5,6411e7a81de64d918d91ddbbc4eb04ba
b2,held_out,b2-k8-xor_dom-tree-4-c77ef7ea382c,xor_dom,8,18,20,16,8,13,11,3,10,13,11,28200.0,26000.0,19900.0,435,267900.0,262900.02278983593,18599.9961104244,27800.00795610249,56800.05415342748,30700.05914196372,42200.0,28500.0,ok,2926.0,13021.0,4128.0,12888.0,37600.0,299800.0,4.4501025290498974,3.122093023255814,2.9174425822470513,64256c18b54a69684f950bf04e330c2a5d4ff3ee20ae16427bd89a85344dbdf6,True,32,256,640,96,96,268435456,100,5,c77ef7ea382c8d9f058c35d09d8210ed
b2,held_out,b2-k8-xor_dom-shared-1-39a6b403d2d3,xor_dom,8,27,54,18,10,20,17,5,27,32,29,36100.0,39900.0,23500.0,670,418900.0,413099.9732296914,34700.00228844583,56999.99746866524,77599.97970424592,48000.01624971628,32600.0,42000.0,ok,5903.0,36251.0,4005.0,19727.0,44400.0,561900.0,6.141114687447061,4.925593008739076,2.2507223602169617,969e55e56254cb0c53aae5eaf2bf2ae32c59ac1ba8cda5ed517b46ff3a91b000,True,32,256,1728,128,160,268435456,100,5,39a6b403d2d3d5be2ee0d84f8e0d87b7
b2,held_out,b2-k8-xor_dom-shared-2-13d2013b2012,xor_dom,8,23,37,10,2,10,9,2,18,24,21,21700.0,32600.0,20600.0,572,380100.0,374700.000975281,31600.00778734684,57499.97217208147,72099.96692836285,43300.0095654279,17500.0,33000.0,ok,4289.0,23476.0,2058.0,8680.0,32100.0,389300.0,5.473536955001165,4.217687074829932,3.69815668202765,c685e7aa0cf19a6f715b097a9d3252953f12dde3bf98a0f43deef53ac6245c78,True,32,256,1184,128,64,268435456,100,5,13d2013b2012467757657a68f5afedbd
b2,held_out,b2-k8-xor_dom-shared-3-c2eeb3424108,xor_dom,8,27,61,14,6,17,16,6,31,35,32,41100.0,45200.0,24400.0,673,482700.0,473399.99582618475,39000.03503076732,71900.05271695554,90200.04654303193,51799.95787329972,27200.0,47900.0,ok,6339.0,37197.0,3999.0,16306.0,56800.0,740900.0,5.867960246095599,4.077519379844961,3.4833803507911196,6eb7bcba5a6aa5f243c21c44059f0b469b9f09ed9a02eb46abb5d3b379a21f83,True,32,256,1952,128,192,268435456,100,5,c2eeb34241088cd5bbb74df3b6d20411
b2,held_out,b2-k8-xor_dom-shared-4-b7ecc9bde8c8,xor_dom,8,32,80,23,15,24,21,5,43,50,43,45600.0,82400.0,43000.0,789,568300.0,561699.9987978488,44600.01946426928,71099.98841769993,116099.92361627519,68299.99620094895,43500.0,64500.0,ok,8628.0,53559.0,5202.0,21709.0,53800.0,524100.0,6.207579972183589,4.173202614379085,2.478234833479202,288e53bef7c9f70b78ec03366f445225a7937c0d6c72724b6d60e44db6fd53a4,True,32,256,2560,128,160,268435456,100,5,b7ecc9bde8c819e66e5f06353e700999
b2,held_out,b2-k8-andor_dom-tree-1-0a99939bca63,andor_dom,8,17,18,14,6,12,10,3,9,12,10,22800.0,21400.0,16700.0,405,275300.0,269600.0155992806,17399.986973032355,14099.932741373777,61199.91303421557,29899.99484270811,26000.0,17400.0,ok,3020.0,12085.0,3458.0,10759.0,75100.0,258800.0,4.001655629139073,3.111336032388664,6.980202621061437,8fd28e1480f36482da1a002c844de2475a8c1509bb3c5f17bc852f253674c754,True,32,256,576,96,96,268435456,100,5,0a99939bca6384a8377803d74a648c72
b2,held_out,b2-k8-andor_dom-tree-2-cbc8a38367ce,andor_dom,8,16,16,15,7,9,8,3,8,9,8,24200.0,20400.0,15300.0,379,196200.0,192200.0083141029,11499.971151351929,14300.021575763822,44899.96354095638,23900.007363408804,25200.0,14600.0,ok,2448.0,10276.0,2969.0,9779.0,34600.0,264600.0,4.197712418300654,3.2937015830245873,3.5381940893751915,3d79bfe61802b728b5e2d9a5a13fc4c2e855c7614300109f66b4512e32c1ca43,True,32,256,512,96,96,268435456,100,5,cbc8a38367cef6057649fd0b31ab5dc2
b2,held_out,b2-k8-andor_dom-tree-3-329734acd78e,andor_dom,8,17,18,14,6,10,9,3,9,10,9,28400.0,25400.0,24000.0,404,295500.0,285300.0187315047,20900.01362375915,17800.077330321074,66600.01236014068,28799.986466765404,29200.0,18600.0,ok,3161.0,16789.0,4579.0,18391.0,48000.0,429700.0,5.311293894337235,4.016379122079057,2.609972269044641,de720284cb8b83b7752b2428ee149a8a958c8b0df09a2818c89b1d2e9cec3291,True,32,256,576,160,96,268435456,100,5,329734acd78e4b86f10763d7b9610e6b
b2,held_out,b2-k8-andor_dom-tree-4-fa17785afafe,andor_dom,8,18,19,17,9,12,10,4,10,12,10,25600.0,22900.0,18300.0,426,303500.0,298300.00130459666,21699.99061152339,22599.997464567423,65199.97259601951,30700.030038133264,37400.0,26600.0,ok,4598.0,17696.0,5211.0,11889.0,37700.0,294200.0,3.848629839060461,2.2815198618307426,3.1709984018840944,e81aaaaf5c7365dfb830e4ef552588ef192a92c961dc5d3b2d0774e6f5f42835,True,32,256,608,128,128,268435456,100,5,fa17785afafe122fe491d0ba167d1994
b2,held_out,b2-k8-andor_dom-shared-1-69a470723d85,andor_dom,8,24,48,16,8,18,16,7,24,37,30,29300.0,34400.0,21100.0,589,505100.0,497499.97560866177,38899.97606165707,39399.83434975147,110599.99815188348,59699.93071630597,43200.0,60700.0,ok,10600.0,92307.0,5661.0,25395.0,68700.0,409900.0,8.708207547169811,4.485956544780074,2.7052569403425872,d09260b32b9036615aa0a298b0be0cb238f5a32466a24e74b66ac6cfc665270a,True,32,256,1536,128,224,268435456,100,5,69a470723d851d46bf09a6e0ecf86c5c
b2,held_out,b2-k8-andor_dom-shared-2-775ee4cbbb58,andor_dom,8,26,47,18,10,18,16,6,24,28,25,36700.0,44900.0,23900.0,641,361600.0,355300.02787709236,28900.045435875654,36799.98917505145,71100.0757291913,39600.01049563289,35200.0,40800.0,ok,7187.0,45164.0,3991.0,21615.0,68100.0,601700.0,6.284124112981773,5.4159358556752695,3.15058986814712,64736495552f7d588011b5d4dee6824053c01ef39c79204d75808e0ed5578a72,True,32,256,1504,128,192,268435456,100,5,775ee4cbbb581588c3316bc37a8f4327
b2,held_out,b2-k8-andor_dom-shared-3-5e5303eaddfb,andor_dom,8,28,49,22,14,23,20,6,26,30,26,61800.0,61300.0,43600.0,678,410400.0,402300.0074084848,33800.08274689317,33799.96633157134,85799.98393543065,49599.97022524476,39800.0,40300.0,ok,5221.0,30505.0,6207.0,31175.0,89300.0,656000.0,5.8427504309519245,5.022555179635895,2.864474739374499,84d9f58be131996c613a24c6bad7f9cfc8fc2dced6da06cbeae5828f30c5ba7a,True,32,256,1568,160,192,268435456,100,5,5e5303eaddfb01f4cf5d65e7af708933
b2,held_out,b2-k8-andor_dom-shared-4-0f2c3ce95a60,andor_dom,8,30,55,21,13,23,21,7,28,30,28,59800.0,61700.0,58800.0,737,453100.0,445700.01773536205,38800.00440403819,46400.03317035735,91700.05796477199,56299.96303468943,41000.0,48600.0,ok,5186.0,31736.0,7483.0,34726.0,84900.0,746700.0,6.119552641727728,4.640652144861686,2.4448539998848124,25e947aaa44b7574bce0d0ac4d91d63489a7837f6af73764eab3cc83eff2b01f,True,32,256,1760,128,224,268435456,100,5,0f2c3ce95a60f2589016de0cc982f8ab
b2,held_out,b2-k8-impeqv_dom-tree-1-3976cb8a8eb7,impeqv_dom,8,17,17,17,9,21,14,3,9,21,14,37100.0,34200.0,23200.0,403,254000.0,247299.99131523073,6799.993570894003,16599.951777607203,69300.03291927278,28200.01100189984,42200.0,24800.0,ok,5259.0,19787.0,3658.0,19759.0,64900.0,381100.0,3.7625023768777335,5.401585565882996,3.2845791791082544,9531d19a39d1a78eec73434e717a83cf79fa45f90d2765dc523db518b3697bef,True,32,256,544,96,96,268435456,100,5,3976cb8a8eb7f363765825f8f085acc9
b2,held_out,b2-k8-impeqv_dom-tree-2-575c0b583dee,impeqv_dom,8,21,25,21,13,31,21,4,13,31,21,50100.0,43300.0,28700.0,507,358000.0,349599.98447448015,10899.995686486363,23300.002794712782,93800.01574754715,43700.041715055704,64400.0,40200.0,ok,5540.0,23235.0,4825.0,18980.0,49500.0,332700.0,4.194043321299639,3.933678756476684,2.608008429926238,f88dc445236ad27d04c5a74e2871821110c0dc36e8dae49131312ad077f3261a,True,32,256,800,128,128,268435456,100,5,575c0b583dee690032fc991b41af0c90
b2,held_out,b2-k8-impeqv_dom-tree-3-d5e4f370e98e,impeqv_dom,8,21,25,21,13,31,21,4,13,31,21,29100.0,30300.0,19400.0,508,256300.0,250400.01492016017,6500.020390376449,21500.018192455173,62500.068452209234,30199.997127056122,36700.0,22400.0,ok,6567.0,20560.0,7894.0,31407.0,96800.0,545300.0,3.1308055428658443,3.9785913351912847,3.0821154519693064,e673bd4ecbb357747580f30354acd0a1fe7a42af6dcd35f60e2af6c926e4ee1a,True,32,256,800,128,128,268435456,100,5,d5e4f370e98ec048d9d1c67d80fb2b49
b2,held_out,b2-k8-impeqv_dom-tree-4-e0ca29a93790,impeqv_dom,8,17,19,16,8,23,16,4,9,23,16,40400.0,42600.0,31100.0,416,364100.0,353399.9843057245,8000.002708286047,25800.021830946207,78599.92911107838,48099.958803504705,43900.0,36700.0,ok,5018.0,21421.0,3696.0,16619.0,69700.0,467000.0,4.268832204065364,4.496482683982684,4.193994825200072,f1b43719eaea9c28c2bcc7797b027fa9e77c4aaea97a7806365d47a0924e2909,True,32,256,608,128,128,268435456,100,5,e0ca29a937907c0f9057dc67633432ee
b2,held_out,b2-k8-impeqv_dom-shared-1-773a9da63c46,impeqv_dom,8,27,46,27,19,50,34,7,23,60,41,36300.0,42200.0,26800.0,668,335800.0,327999.9946244061,5800.044164061546,21399.959223344922,82400.0162538141,53299.99839887023,49900.0,40300.0,ok,7200.0,34194.0,6411.0,26798.0,99700.0,623200.0,4.7491666666666665,4.180003119638122,3.7204268975296664,3b65ebd0507c96a532e9ddb9576f815bc022606a088fa00e45975372ceca63d2,True,32,256,1472,128,224,268435456,100,5,773a9da63c46b8e86f39557860fbd1f1
b2,held_out,b2-k8-impeqv_dom-shared-2-dc9d85a45968,impeqv_dom,8,25,41,23,15,45,30,6,20,60,40,54600.0,61300.0,35200.0,627,394300.0,386699.9759338796,0.0,30599.971069023013,103400.00153519213,59200.04332438111,62100.0,53200.0,ok,7940.0,32154.0,5470.0,25023.0,54100.0,348500.0,4.049622166246851,4.574588665447898,2.162010949926068,a20f0fa32a3ae96daafe19c0fdfc34275718c1a7704b8f97b39c81440d0d66a1,True,32,256,1312,128,192,268435456,100,5,dc9d85a45968acf3f874ff03419a3765
b2,held_out,b2-k8-impeqv_dom-shared-3-94e2d9a0a313,impeqv_dom,8,27,53,27,19,50,33,6,28,68,46,35400.0,39700.0,23700.0,659,321200.0,316800.0257574022,5099.980626255274,20700.041204690933,79299.9635450542,45100.05237534642,45800.0,42000.0,ok,8259.0,36799.0,8242.0,29553.0,60200.0,404900.0,4.455624167574767,3.5856588206745936,2.0370182384191113,fd1f53f68b66014297161c5dffa9b1fc333d2a86ec2b4e2e6104bc0d6b795d70,True,32,256,1696,128,192,268435456,100,5,94e2d9a0a31342ba2b0e0ee1e73d6f38
b2,held_out,b2-k8-impeqv_dom-shared-4-2f7845a8dfa7,impeqv_dom,8,27,72,27,19,48,33,6,36,99,67,37700.0,41200.0,25300.0,673,328300.0,322699.9833714217,7600.028766319156,22799.911675974727,77799.89391565323,52099.901949986815,49700.0,54900.0,ok,11610.0,57686.0,6491.0,26188.0,61800.0,1035100.0,4.968647717484926,4.034509320597751,2.359859477623339,48e63c1a11cb0d080536dcb51cc2d060417613566341202ea999668099542938,True,32,256,2304,160,192,268435456,100,5,2f7845a8dfa7bf2d117cc43d92422a5f
b2,held_out,b2-k8-mixed-tree-1-37379aed18cc,mixed,8,18,21,17,9,17,13,4,10,18,14,25700.0,24700.0,19300.0,440,232400.0,227200.01288689673,12400.007108226418,17199.839930981398,52400.02064965665,28100.039344280958,31800.0,18600.0,ok,3218.0,14408.0,3690.0,13214.0,39300.0,278400.0,4.477315102548166,3.581029810298103,2.9741183593158773,46857c01ef2600404806313e98a00270bda713004aad3f522ef97f8b99dbf8d3,True,32,256,672,128,128,268435456,100,5,37379aed18cc805c305021311a0190aa
b2,held_out,b2-k8-mixed-tree-2-64fdfc904809,mixed,8,19,23,18,10,17,14,5,11,17,14,29100.0,26100.0,19300.0,467,249500.0,244900.0021442771,12700.00939257443,23099.97216798365,53599.91337172687,31799.980206415057,31500.0,20300.0,ok,3361.0,15389.0,3915.0,14407.0,41600.0,324800.0,4.578696816423683,3.679948914431673,2.887485250225585,3331a38050c24c8daa54e6b7c23ad776764e78a23ae0b95a773dc5d240371a38,True,32,256,736,96,160,268435456,100,5,64fdfc904809edfc6a36a760e0da469f
b2,held_out,b2-k8-mixed-tree-3-1a734e9283ab,mixed,8,15,15,14,6,11,9,4,7,11,9,22700.0,19500.0,14500.0,363,177200.0,173200.00915788114,9399.984264746308,14900.0552482903,39999.926229938865,18500.02445280552,23700.0,14000.0,ok,2524.0,10054.0,2753.0,9739.0,85700.0,247100.0,3.9833597464342314,3.537595350526698,8.79967142417086,90c94f3372b4e17bacff811f01bca854e743251196514d9791e9a8aec42244f0,True,32,256,480,96,128,268435456,100,5,1a734e9283ab3bbc670ebbbaeb95e706
b2,held_out,b2-k8-mixed-tree-4-e12838f7e137,mixed,8,19,21,16,8,15,12,3,11,15,12,24700.0,24900.0,19900.0,454,235800.0,231600.0172868371,14999.997802078724,19699.97538253665,51900.045946240425,25499.99044276774,27000.0,17500.0,ok,3010.0,13730.0,3238.0,12753.0,346700.0,485300.0,4.561461794019934,3.9385423100679433,27.18576021328315,ac5919231d3637285700f6c4c5aa7c8aac2c0236c2c6c2db742a320a6b46e66d,True,32,256,672,128,96,268435456,100,5,e12838f7e137c31dc1918fc32bd435d3
b2,held_out,b2-k8-mixed-shared-1-1c2a917da296,mixed,8,27,57,20,12,28,22,7,29,53,40,34400.0,39300.0,24300.0,670,387300.0,381499.994546175,25300.018023699522,44800.020987167954,82799.96109195054,47000.03773905337,36600.0,46700.0,ok,7038.0,37446.0,4560.0,19847.0,52000.0,437700.0,5.320545609548167,4.3524122807017545,2.620043331485867,084e640fa57cbf5f097fd08636fe5e98e23839d95c532099efe1a7a838dbafca,True,32,256,1824,160,224,268435456,100,5,1c2a917da2966f13b82ecb3bcef12690
b2,held_out,b2-k8-mixed-shared-2-3705369d2025,mixed,8,25,47,17,9,22,18,4,23,39,31,32500.0,37000.0,22200.0,623,349500.0,344100.00080242753,22999.971406534314,31999.98172931373,72499.9699741602,47500.0124424696,30400.0,36200.0,ok,5633.0,34563.0,3912.0,16559.0,45300.0,425100.0,6.1358068524764775,4.232873210633946,2.7356724439881637,ca72bc9bb4f0f6e2ddd3d641d94a62163a066af9d77ac3937cb00d134dfd46f2,True,32,256,1504,160,128,268435456,100,5,3705369d2025de285a7e3dfe402e59de
b2,held_out,b2-k8-mixed-shared-3-7ac091ab0ff3,mixed,8,28,63,23,15,35,27,6,31,49,40,38500.0,42500.0,24900.0,701,394600.0,388899.992685765,24899.985874071717,38100.02817772329,81199.9780125916,53900.03207139671,41400.0,50400.0,ok,7238.0,41047.0,5423.0,23700.0,56000.0,446300.0,5.671041724233214,4.370274755670293,2.3628691983122363,4248c9b3f703df679b477bf075256cda4912f14382e7e3af86f3adc3a2bef552,True,32,256,2016,160,192,268435456,100,5,7ac091ab0ff3bdf9cf8fd8452c50c933
b2,held_out,b2-k8-mixed-shared-4-761923963fb0,mixed,8,24,47,18,10,23,19,6,23,37,30,31600.0,33100.0,21000.0,597,326800.0,321300.00181496143,22200.02352260053,28899.929020553827,68100.02378188074,44100.015657022595,32100.0,37600.0,ok,5507.0,28916.0,4141.0,17444.0,56100.0,412200.0,5.250771745051752,4.212509055783627,3.2160055033249253,0f26ac14628db4891a38eb6cc5ecb59db84a9796c433fd0f0ff7a5eecc4fec25,True,32,256,1504,128,192,268435456,100,5,761923963fb055ac1c4654a82dea746e
b2,held_out,b2-k10-xor_dom-tree-1-77230e81be62,xor_dom,10,20,21,12,2,12,11,2,10,12,11,20800.0,25500.0,18900.0,482,280300.0,274599.99546408653,19199.942471459508,42300.031054764986,57299.82513003051,30700.030038133264,19700.0,18400.0,ok,3230.0,13330.0,2510.0,9978.0,33400.0,312900.0,4.1269349845201235,3.9752988047808766,3.347364201242734,f4bd7cb6d894da1941302437ccf55c6d9bd9cb292196c1d561dedb49901754e4,True,128,1280,2688,512,256,268435456,50,5,77230e81be62acee25486748ab10bef6
b2,held_out,b2-k10-xor_dom-tree-2-b2b59ccfcc06,xor_dom,10,20,20,15,5,11,10,3,10,11,10,24100.0,25400.0,19600.0,475,275800.0,271199.99867863953,19800.063455477357,29499.962693080306,59400.04484727979,27799.949748441577,24600.0,17200.0,ok,3092.0,12668.0,2986.0,13174.0,35600.0,306700.0,4.097024579560156,4.411922304085733,2.7022923941096098,0bbd3db6d49c182c7ead9ffb206e26b1c610422940832230be18b4c64709ee3c,True,128,1280,2560,512,384,268435456,50,5,b2b59ccfcc06124c5ef2dd69881458f8
b2,held_out,b2-k10-xor_dom-tree-3-25d12caacfcf,xor_dom,10,25,29,19,9,19,16,5,15,19,16,30900.0,34900.0,21700.0,596,348500.0,343899.99927952886,27000.03096833825,37499.96540136635,75499.96371380985,39499.95152652264,37000.0,27000.0,ok,4336.0,18872.0,4172.0,15832.0,53900.0,502300.0,4.35239852398524,3.794822627037392,3.404497220818595,761b19ded3cd7c6125a2f2da98b1c268cbc5b25a9d551d0d9f05c277c1857514,True,128,1280,3712,384,640,268435456,50,5,25d12caacfcfe89ce76a5051b2ecbff3
b2,held_out,b2-k10-xor_dom-tree-4-04f54e4b6bdc,xor_dom,10,22,24,16,6,13,12,4,12,13,12,80100.0,40800.0,21000.0,528,555100.0,529400.0147841871,35000.00457279384,55099.98300112784,99999.97564591467,54900.09789355099,45600.0,37200.0,ok,5922.0,26956.0,4134.0,23952.0,97700.0,492800.0,4.551840594393786,5.793904208998549,4.078991315965264,5000883c6bbe89a7f96ee4a08d3d04023911181e77f9d6f4ba49f6ba34e14573,True,128,1280,3072,512,512,268435456,50,5,04f54e4b6bdc564bc2f0560ae2fb9005
b2,held_out,b2-k10-xor_dom-shared-1-b1df44674c4f,xor_dom,10,29,49,14,4,12,12,3,24,24,24,54900.0,71000.0,46000.0,717,785800.0,777099.9800413847,64999.97107312083,129599.96820427477,156899.94324930012,95699.94290359318,42100.0,68200.0,ok,9400.0,47812.0,2760.0,12234.0,73500.0,608000.0,5.086382978723404,4.432608695652174,6.007846983815596,64cb1dd5e87df195d3a5640f0f16b021f2e876b208820bda0aed2845cdcf016e,True,128,1280,6272,640,384,268435456,50,5,b1df44674c4f5bc3f8fe2d3a09e403f8
b2,held_out,b2-k10-xor_dom-shared-2-972e9d7d2b36,xor_dom,10,29,63,22,12,21,20,6,31,33,32,39400.0,40000.0,24300.0,717,450300.0,444499.97949413955,37199.934013187885,55999.98985417187,88000.02979114652,62299.97961781919,38800.0,47500.0,ok,6948.0,43978.0,7648.0,21474.0,76200.0,767300.0,6.3295912492803685,2.8077928870292888,3.5484772282760546,27ddd67ef29981b9b24889ea43fac48a1ec9eb77eb37aa5a7d47feea46419c9f,True,128,1280,8064,768,768,268435456,50,5,972e9d7d2b367a6f2056ef1907bcbbaa
b2,held_out,b2-k10-xor_dom-shared-3-cf872e9babd8,xor_dom,10,33,56,19,9,23,20,6,28,35,31,57500.0,50300.0,28600.0,816,762500.0,752399.9956902117,57899.917010217905,104700.09874552488,141600.0013705343,115600.06532818079,59000.0,102000.0,ok,7270.0,34588.0,5122.0,19650.0,48600.0,620400.0,4.757634112792297,3.8363920343615776,2.4732824427480917,eb4559ebfa931806d97c952a7959464f8134746b139c9c252bbe5d8c0ffa8c64,True,128,1280,7168,512,768,268435456,50,5,cf872e9babd8b504d8d24ac093cb680b
b2,held_out,b2-k10-xor_dom-shared-4-dd24aa5a61a6,xor_dom,10,29,47,20,10,22,19,7,23,29,26,60300.0,41900.0,25700.0,720,783600.0,775599.9977234751,57999.9468754977,104900.04206076264,151700.07827691734,90700.10855793953,41100.0,40600.0,ok,8826.0,60650.0,10562.0,42912.0,130300.0,1013700.0,6.871742578744618,4.062866881272487,3.0364466815809097,b46d9f523cdf3dff3a17467140b0da2c922f1adb28d416e004eb247ddc5ee027,True,128,1280,6016,512,896,268435456,50,5,dd24aa5a61a631f86d58fb49b232dd41
b2,held_out,b2-k10-andor_dom-tree-1-a8fc7f363671,andor_dom,10,23,25,19,9,14,12,3,13,15,13,61800.0,57400.0,36800.0,543,746400.0,737399.9978881329,55899.901781231165,46400.00406652689,164599.97277706861,90599.96227733791,45600.0,26800.0,ok,3924.0,18966.0,5696.0,21796.0,59700.0,474800.0,4.833333333333333,3.826544943820225,2.739034685263351,ebf92b7e7ae41e047af3f1eb28dbb964c9771aeae2618553b6c339d4a2eedb66,True,128,1280,3200,512,384,268435456,50,5,a8fc7f36367164f959169348f8cf6d2e
b2,held_out,b2-k10-andor_dom-tree-2-7400a955a56c,andor_dom,10,25,29,25,15,25,19,5,15,25,19,59600.0,86900.0,49600.0,596,480000.0,471800.0127468258,22100.022761151195,37500.02360902727,114099.879283458,65000.00017695129,63000.0,36800.0,ok,4584.0,20360.0,5672.0,19010.0,51000.0,378400.0,4.441535776614311,3.351551480959097,2.6827985270910046,30d5060db7e2b493d9e99eef52a71ec6f1485c7ac8e517d905d958281a5b00e9,True,128,1280,3712,512,640,268435456,50,5,7400a955a56c0351caa7e26ab8375d06
b2,held_out,b2-k10-andor_dom-tree-3-42d9480de48e,andor_dom,10,23,25,19,9,16,13,4,13,17,14,29800.0,30000.0,20400.0,547,293900.0,288799.98717457056,19800.0343516469,27999.95127134025,63199.98647086322,33699.99467395246,30800.0,21200.0,ok,3774.0,17970.0,3920.0,13190.0,59100.0,431600.0,4.761526232114467,3.364795918367347,4.480667172100076,7efc6a69c4232f0ab321ee5249f71dbd53c5c70a6451e2e0f7fc4666559a3722,True,128,1280,3200,384,512,268435456,50,5,42d9480de48e8681a40165803353291b
b2,held_out,b2-k10-andor_dom-tree-4-837da4e67104,andor_dom,10,19,19,18,8,11,10,4,9,11,10,35100.0,29300.0,19200.0,452,236800.0,231800.01880973577,16300.036804750562,17799.990018829703,51800.04518479109,28799.92825910449,28000.0,16200.0,ok,2934.0,12302.0,3568.0,13534.0,38700.0,297800.0,4.192910702113156,3.7931614349775784,2.85946505098271,46b1a2a910859148f0cea6d361339e29c7f212a819e8f68dc7efafa95acf8a19,True,128,1280,2432,512,512,268435456,50,5,837da4e671045148f301e3ec75b66e39
b2,held_out,b2-k10-andor_dom-shared-1-071d6b8e4bb7,andor_dom,10,38,106,27,17,31,28,7,53,62,57,49000.0,58000.0,33100.0,944,695500.0,686299.9871373177,57000.0265724957,73799.97987300158,137499.94104728103,91899.94307234883,49200.0,81400.0,ok,10728.0,61914.0,6476.0,26850.0,63700.0,647800.0,5.7712527964205815,4.146077825818407,2.37243947858473,2023bed7c6d67a4c9d4c5e68fc10a864e8a221cce3a504eeb9a5a1df50f2397f,True,128,1280,13568,768,896,268435456,50,5,071d6b8e4bb7ae001556afc7a4e24e39
b2,held_out,b2-k10-andor_dom-shared-2-16ca12c11ee1,andor_dom,10,33,82,24,14,27,24,7,42,47,43,53200.0,77400.0,36500.0,806,628100.0,618700.0253703445,50999.95178170502,71599.96312111616,128399.90085922182,78600.07463023067,45100.0,63000.0,ok,8342.0,55570.0,5544.0,22424.0,54500.0,770800.0,6.66147206904819,4.044733044733045,2.4304316803424904,d25214afe652c886762108a089e935eff46230b85de72818e00ca84571629e82,True,128,1280,10496,768,896,268435456,50,5,16ca12c11ee14aa3365d00891b188a8a
b2,held_out,b2-k10-andor_dom-shared-3-22432c1ba51e,andor_dom,10,28,49,19,9,18,17,7,25,27,25,54400.0,53800.0,35200.0,682,550300.0,542399.9973572791,45399.96734820306,53000.05432218313,117900.111945346,74600.01506842673,52400.0,57900.0,ok,4996.0,28184.0,6066.0,26532.0,92600.0,462100.0,5.641313050440353,4.373887240356083,3.4901251319161766,61292e14dd3f798c3df8a836c0490e4eb6288368a970d63c20944478da823ce4,True,128,1280,6272,512,896,268435456,50,5,22432c1ba51e8de7860ffb6b558c6af4
b2,held_out,b2-k10-andor_dom-shared-4-7f3eabfd2bc0,andor_dom,10,34,54,25,15,30,25,6,28,35,30,43100.0,45900.0,27500.0,828,476900.0,470400.0020865351,36399.9861292541,44899.992644786835,99299.99941959977,64000.021666288376,47500.0,42000.0,ok,6316.0,32256.0,5950.0,23322.0,57300.0,535400.0,5.107029765674477,3.9196638655462186,2.456907640854129,ef41308852853f4cc52229ddade54e424af29dd99a564d4718ea4177daccf4d1,True,128,1280,6912,512,768,268435456,50,5,7f3eabfd2bc0766469a75bb178dbb53c
b2,held_out,b2-k10-impeqv_dom-tree-1-d65cd8c37d53,impeqv_dom,10,27,32,27,17,44,29,5,17,44,29,35500.0,36700.0,23300.0,647,286800.0,281599.9905578792,4400.033503770828,21099.986042827368,74000.12691505253,40099.95609521866,43900.0,28000.0,ok,6710.0,24144.0,7010.0,23320.0,54900.0,372000.0,3.5982116244411326,3.3266761768901567,2.3542024013722127,6a277e9b6f1a2c9d5406a1ad99b4f6882da9542b22cd8fbe9d99c3005a604450,True,128,1280,4096,640,640,268435456,50,5,d65cd8c37d539bec10c4ceb1925d8850
b2,held_out,b2-k10-impeqv_dom-tree-2-c28e8c343d74,impeqv_dom,10,19,19,19,9,23,16,4,9,23,16,25800.0,24100.0,19900.0,456,198700.0,194499.99672360718,4199.973773211241,15399.942640215158,49399.96870234609,25099.958293139935,30000.0,16600.0,ok,4132.0,17260.0,4590.0,14284.0,40000.0,269600.0,4.1771539206195545,3.1119825708061004,2.800336040324839,7f49ad0ac1c2e262607d04e82a59052fca7b1a050532196ae13874ad77ddf3d1,True,128,1280,2432,512,512,268435456,50,5,c28e8c343d74fa2c39bae85d0d215a51
b2,held_out,b2-k10-impeqv_dom-tree-3-4537a75ce604,impeqv_dom,10,24,28,24,14,35,24,4,14,35,24,33200.0,33800.0,20500.0,582,275000.0,269800.01712217927,5300.011252984405,21899.963030591607,69300.00381544232,38499.97301585972,40100.0,23300.0,ok,5876.0,21334.0,6142.0,20482.0,51500.0,346600.0,3.63070115724983,3.334744382937154,2.51440289034274,56d24a658c7cbe708adf0414be52f24ddc0aa1f015579185dc0cd48a1f240882,True,128,1280,3584,640,512,268435456,50,5,4537a75ce60422c1a0cdcdfca10b146e
b2,held_out,b2-k10-impeqv_dom-tree-4-146866abdaef,impeqv_dom,10,21,21,21,11,27,18,5,11,27,18,27600.0,26500.0,18400.0,495,203000.0,198699.99960064888,4799.978341907263,12800.010154023767,53600.058890879154,25299.988919869065,33500.0,19400.0,ok,4858.0,15654.0,5044.0,15362.0,42900.0,276800.0,3.2223137093454097,3.0455987311657413,2.7926051295404246,5314217abb5a6447b09852854165d1b704f2905cddd68cebeadfdaf9cceb96dd,True,128,1280,2688,768,640,268435456,50,5,146866abdaefb2c0b1597eb94371ed3f
b2,held_out,b2-k10-impeqv_dom-shared-1-a2d9511bd8a2,impeqv_dom,10,36,61,34,24,68,46,7,30,86,58,47900.0,53500.0,30700.0,903,401200.0,391500.0124834478,4299.974534660578,26499.968953430653,96600.06617195904,64900.057623162866,57500.0,48400.0,ok,12236.0,45382.0,10070.0,35442.0,72600.0,499700.0,3.7088917947041518,3.519563058589871,2.0484171322160147,3b07de64b0c63311c34ee1d14d51cd0dbff4fa063cc3cc72eda1bc51bd02dfc6,True,128,1280,7808,640,896,268435456,50,5,a2d9511bd8a201c689ebc3f5a7b55893
b2,held_out,b2-k10-impeqv_dom-shared-2-e0619ddaeb12,impeqv_dom,10,32,54,32,22,61,40,6,28,79,52,40400.0,45600.0,27000.0,778,360200.0,355700.00181905925,2499.9899324029684,24100.096197798848,94300.01955479383,58700.01041330397,53200.0,42200.0,ok,10962.0,39838.0,8986.0,30168.0,100700.0,661600.0,3.634190841087393,3.3572223458713553,3.3379740121983557,f834dbdf22fd8cf1b2092bb052117469798775d42c4cc697442cc22ba86df612,True,128,1280,6912,512,768,268435456,50,5,e0619ddaeb1211acdf3616cfa3ac87f9
b2,held_out,b2-k10-impeqv_dom-shared-3-456d3bc52660,impeqv_dom,10,35,102,30,20,51,35,5,51,114,82,72800.0,78100.0,42900.0,868,596800.0,587699.9930478632,15099.998563528061,50199.91658627987,145200.08699037135,87899.97082203627,100600.0,127500.0,ok,23560.0,72026.0,8284.0,28002.0,63200.0,480800.0,3.057130730050934,3.3802510864316755,2.2569816441682735,e90aaf1e4409cd954c1689522f626be0c05bd03a907bba5e153335cd2fa656c5,True,128,1280,13056,640,640,268435456,50,5,456d3bc526601306ff104f31f5e57ae2
b2,held_out,b2-k10-impeqv_dom-shared-4-2386e2077320,impeqv_dom,10,32,81,32,22,56,38,6,43,105,71,43200.0,45200.0,27300.0,784,382900.0,376699.9871004373,8499.977411702275,26599.940611049533,89899.84053187072,67799.99239370227,53400.0,60900.0,ok,15286.0,57092.0,9056.0,38218.0,65600.0,579700.0,3.7349208426010727,4.220185512367491,1.7164686796797322,650e7da2e8455d8ed3c88f0b1bd75c14a36dcec3d79f9bf1ab2e401e20537b2b,True,128,1280,10368,640,768,268435456,50,5,2386e2077320ecac837b776f630db81f
b2,held_out,b2-k10-mixed-tree-1-f431ce588c32,mixed,10,20,21,17,7,14,12,4,10,14,12,27400.0,26500.0,19200.0,479,247600.0,243099.98843818903,15400.000847876072,24700.071662664413,53799.97310228646,27699.978090822697,27500.0,17800.0,ok,3350.0,13838.0,3508.0,12718.0,39000.0,298600.0,4.130746268656717,3.6254275940706955,3.0665198930649473,4745731af5e9243209198887508a49500828d5e3b5b95a785cd4015c2c9746c2,True,128,1280,2688,512,512,268435456,50,5,f431ce588c32a7f3e482c89aa2729a7a
b2,held_out,b2-k10-mixed-tree-2-82994a7af72e,mixed,10,23,26,22,12,26,19,4,13,26,19,32900.0,31100.0,20200.0,554,268400.0,262999.9944474548,12199.976481497288,24199.98054392636,62200.03706403077,33699.965570122,36600.0,20700.0,ok,4988.0,18200.0,5336.0,17556.0,47700.0,351000.0,3.648757016840417,3.290104947526237,2.71701982228298,999e6cb468a0387d197bfc65cc9bfd4b994d448c970bc3da29f6bd6f9fffd95e,True,128,1280,3328,512,512,268435456,50,5,82994a7af72e9a55853afac16b489e5f
b2,held_out,b2-k10-mixed-tree-3-961dbd1e0dd8,mixed,10,22,24,20,10,15,13,3,12,15,13,31000.0,28000.0,19300.0,527,283100.0,277999.99224953353,19500.090274959803,22900.057956576347,59699.93071630597,35600.03824532032,31700.0,19800.0,ok,3562.0,15168.0,4248.0,15442.0,43200.0,354000.0,4.2582818641212805,3.6351224105461393,2.7975650822432327,c764aed964b41ffe8a6d6671bb0382489e45362d47d9f79f5f06116a50ae4f44,True,128,1280,3072,384,384,268435456,50,5,961dbd1e0dd8468c22deb7a41cd1aae8
b2,held_out,b2-k10-mixed-tree-4-a46b1cdc2617,mixed,10,19,19,19,9,15,12,3,9,15,12,28600.0,24300.0,20100.0,454,221800.0,217199.99494962394,11099.939001724124,17200.07276162505,50300.09197071195,28000.067686662078,30100.0,17000.0,ok,3426.0,13156.0,3984.0,12642.0,37300.0,394600.0,3.8400467016929363,3.1731927710843375,2.950482518588831,2482721c239c03e6563c0d339ad648261c9bde5695c190c7e3fc844e703949e8,True,128,1280,2432,384,384,268435456,50,5,a46b1cdc261747a7788db7973a2ba3f6
b2,held_out,b2-k10-mixed-shared-1-ed6b5cd37350,mixed,10,32,58,28,18,38,29,7,30,51,39,69600.0,66800.0,40100.0,781,608000.0,599300.0231683254,34699.94408078492,51599.956350401044,136000.07514469326,93400.0127017498,73000.0,112200.0,ok,8022.0,36810.0,7084.0,26122.0,60500.0,505500.0,4.588631264023935,3.6874647092038395,2.316055432202741,6d93321deb38f1132aad525ae54ba3a0281a6927f26d0ef1270e7b1a966ce072,True,128,1280,7424,512,896,268435456,50,5,ed6b5cd3735029768ba19d5fd6fe31e0
b2,held_out,b2-k10-mixed-shared-2-ee63ac52edf4,mixed,10,32,57,23,13,30,25,7,28,52,40,42000.0,45700.0,27800.0,791,450900.0,444999.98330138624,31800.03841407597,44999.964302405715,93099.98131357133,64299.99484680593,45900.0,42400.0,ok,8364.0,38560.0,5678.0,23270.0,55700.0,693800.0,4.610234337637494,4.098274040154984,2.3936398796733993,d5b9585357b8851bce30f11eac0744be80f6c99086765fbec06556e8dcba487c,True,128,1280,7296,640,896,268435456,50,5,ee63ac52edf494d15a82fdec517e2fd7
b2,held_out,b2-k10-mixed-shared-3-189118134673,mixed,10,30,59,23,13,30,24,6,29,53,41,40100.0,42900.0,25400.0,742,429400.0,422999.99040551484,25100.10381229222,43600.04095360637,89300.01058615744,61100.02868808806,41500.0,48700.0,ok,8358.0,38750.0,6128.0,26350.0,54400.0,471600.0,4.636276621201245,4.299934725848564,2.064516129032258,f63d4bbf0860a4b54fa10e72b56cdefdb2fec0a8f874429c44c8c467d12f3716,True,128,1280,7552,512,768,268435456,50,5,1891181346731b0b1f59219de651e491
b2,held_out,b2-k10-mixed-shared-4-bc98fc0156a1,mixed,10,34,76,29,19,43,33,7,38,67,52,46000.0,51100.0,34900.0,839,489200.0,481199.9970115721,28600.014047697186,43899.985030293465,103200.05821995437,71799.99374784529,50500.0,58400.0,ok,10640.0,51560.0,12032.0,40446.0,109400.0,860900.0,4.845864661654136,3.361535904255319,2.704841022598032,f7743b4d3584d737f00c61e0d0e4483f3eeeed164a52e0b4b9f6adfd08ed6134,True,128,1280,9728,640,896,268435456,50,5,bc98fc0156a176df345867ab15afbd18
b2,held_out,b2-k12-xor_dom-tree-1-58b08f43ff42,xor_dom,12,24,25,19,7,16,14,4,12,16,14,48400.0,47700.0,35800.0,575,434000.0,426100.0140104443,27799.978852272034,50199.97479394078,90199.98833537102,54499.97843243182,125500.0,53400.0,ok,10870.0,43530.0,5855.0,16660.0,44200.0,497100.0,4.00459981600736,2.8454312553373184,2.6530612244897958,b47bd399acce2d9e4a4446b7ddedd667546ab768effebe79232934adf8822fcd,True,512,6144,12800,2048,2048,268435456,20,5,58b08f43ff4235817eee5e1f0042ed14
b2,held_out,b2-k12-xor_dom-tree-2-f9f1dbfc58a0,xor_dom,12,28,30,21,9,19,16,4,16,19,16,33700.0,37100.0,23400.0,660,421100.0,415899.9945502728,31000.003218650818,52599.99306872487,93000.00965595245,44300.01717992127,32400.0,23000.0,ok,7750.0,20785.0,6515.0,18075.0,81200.0,522700.0,2.681935483870968,2.7743668457405986,4.492392807745505,427ec03b5f5d547ae32f7cfc4a065844544ee6965f1ba9ad58b8446c6e83cded,True,512,6144,15360,2048,2048,268435456,20,5,f9f1dbfc58a043dc493070b19c76313b
b2,held_out,b2-k12-xor_dom-tree-3-732256a48755,xor_dom,12,28,31,20,8,18,16,3,16,18,16,33100.0,37000.0,23800.0,669,407500.0,402300.0074084848,28400.070732459426,48399.99019168317,84200.146375224,49400.026910007,33000.0,26000.0,ok,6235.0,19645.0,6120.0,16475.0,43400.0,418600.0,3.1507618283881316,2.691993464052288,2.6342943854324736,c7302e58732f124950724bb164ab08c8e412445463d0e329387615054bd17e6f,True,512,6144,15872,2048,1536,268435456,20,5,732256a487557c763f973d17d5915df4
b2,held_out,b2-k12-xor_dom-tree-4-d425291e801e,xor_dom,12,23,23,17,5,15,13,4,11,15,13,27400.0,28100.0,20000.0,548,302700.0,297799.99749735,20399.98071268201,37799.967685714364,64999.97107312083,36000.04129111767,26500.0,19200.0,ok,5575.0,15805.0,5420.0,13560.0,40000.0,457800.0,2.8349775784753364,2.5018450184501844,2.949852507374631,882842244bf707ab8293f5c692f94aabc749c16effedfcb3c1dbd0d978b94898,True,512,6144,11776,2048,2048,268435456,20,5,d425291e801ee09b5be7583fed51e705
b2,held_out,b2-k12-xor_dom-shared-1-471ce8cfd63d,xor_dom,12,33,50,20,8,23,20,6,25,30,27,36500.0,44500.0,26800.0,806,508100.0,501400.0053051859,39600.09780712426,74800.04569515586,100300.0361379236,65799.94806088507,32600.0,40200.0,ok,9785.0,31530.0,7170.0,19290.0,49400.0,539200.0,3.2222789984670412,2.690376569037657,2.560912389839295,ac3fc79eacd1d3ed9e99f95d4d164e885aa62b794868cf4e8716c6affda9b2cb,True,512,6144,25600,2048,3072,268435456,20,5,471ce8cfd63dffec52eed3f02c923b95
b2,held_out,b2-k12-xor_dom-shared-2-c00263664ad9,xor_dom,12,43,148,23,11,27,24,8,74,97,85,51500.0,62200.0,34300.0,1072,747300.0,738700.0077869743,60400.05246177316,115700.06608963013,140100.13546794653,108900.01431107521,91600.0,182600.0,ok,28470.0,90505.0,8675.0,22890.0,57800.0,750300.0,3.1789603090972953,2.6386167146974064,2.525120139799039,33e3c96f05ea739bc01ccd8787cc5e2af60ae27c0040f5ec6696ff322370b74f,True,512,6144,75776,2560,4096,268435456,20,5,c00263664ad99d2758e4c36e5b323172
b2,held_out,b2-k12-xor_dom-shared-3-75c78e4c8980,xor_dom,12,43,85,30,18,37,31,8,43,53,47,56400.0,65000.0,36200.0,1063,677200.0,670600.013108924,52900.02445690334,89799.92708191276,127300.03800243139,93099.98131357133,51200.0,67100.0,ok,17220.0,52700.0,11975.0,30430.0,64100.0,828600.0,3.0603948896631823,2.5411273486430064,2.1064738744659874,a1b36dd03e496fe7dbb7c1055d8a78a826fa830ee6ec76048bf0b94903351520,True,512,6144,43520,2560,4096,268435456,20,5,75c78e4c89801ac4090903381cfeabe5
b2,held_out,b2-k12-xor_dom-shared-4-ef377d6180bd,xor_dom,12,33,55,23,11,24,22,7,29,35,30,40800.0,45000.0,27700.0,805,527500.0,520600.00598430634,41199.93536733091,79300.02175271511,102299.8767439276,70800.04434101284,39500.0,42400.0,ok,12775.0,34210.0,8310.0,22165.0,63000.0,575800.0,2.6778864970645793,2.667268351383875,2.8423189713512294,ad1260d2805fb2e3089ad381f925524c0c3a8d8d99c946dffde12cf6364f3bc7,True,512,6144,28160,2560,3584,268435456,20,5,ef377d6180bdac50ff2bb5858f945f18
b2,held_out,b2-k12-andor_dom-tree-1-a97f101c02c9,andor_dom,12,26,29,20,8,14,14,6,14,14,14,32900.0,32400.0,23500.0,624,357900.0,353100.01112520695,29300.048481673002,30900.00245720148,75600.05178675056,44100.015657022595,61600.0,24700.0,ok,4895.0,18100.0,5350.0,16195.0,50700.0,371900.0,3.697650663942799,3.027102803738318,3.1305958629206545,1c70364ab0c6d294988f2cd9350a324e844b3bef3795c32a0449c50168a8ef9a,True,512,6144,14848,2560,3072,268435456,20,5,a97f101c02c94fa6717a8e45e4f527bf
b2,held_out,b2-k12-andor_dom-tree-2-7c935460fe73,andor_dom,12,26,26,24,12,23,17,3,14,23,17,35300.0,32200.0,21900.0,604,291200.0,285799.9934349209,16200.006939470768,22299.995180219412,69399.94636923075,34899.97470751405,35700.0,21200.0,ok,8310.0,18480.0,10570.0,18175.0,46800.0,363800.0,2.223826714801444,1.7194891201513718,2.5749656121045392,277a0bd63a0736365059119411599b5aaf498f03c37eb8c6019cafcac3ac0c0f,True,512,6144,13312,2048,1536,268435456,20,5,7c935460fe73c450f8c766b0a0f0c05b
b2,held_out,b2-k12-andor_dom-tree-3-3425f4494063,andor_dom,12,27,31,24,12,19,17,6,15,19,17,39000.0,36400.0,23100.0,652,347800.0,341500.0101085752,22600.02656839788,30300.056096166372,75600.0226829201,43100.03714635968,42400.0,32500.0,ok,6805.0,20125.0,7715.0,19300.0,47400.0,439100.0,2.9573842762674505,2.5016202203499676,2.4559585492227978,20df078becaffb7697d484657044c06259823bed8550d38b29c0130a91510b08,True,512,6144,15872,2048,3072,268435456,20,5,3425f4494063df5c04dbe9c6ae5ab73d
b2,held_out,b2-k12-andor_dom-tree-4-4668b9a9de6a,andor_dom,12,26,28,20,8,14,13,4,14,15,14,32900.0,37900.0,22100.0,617,305100.0,299700.0119648874,22599.910153076053,21299.92935806513,67699.96252842247,34500.05897320807,30400.0,22200.0,ok,5610.0,17970.0,5520.0,14955.0,44700.0,366600.0,3.2032085561497325,2.7092391304347827,2.9889669007021062,d17d47659342e84f45d293475ae80d1440c596010bad72068c02d0538116fb8c,True,512,6144,14336,2048,2048,268435456,20,5,4668b9a9de6a9db132298188e926347c
b2,held_out,b2-k12-andor_dom-shared-1-50f526a5c97f,andor_dom,12,32,79,25,13,23,20,7,40,58,48,73300.0,42100.0,26800.0,768,432100.0,425600.0102031976,33599.99391250312,37299.96387846768,90400.01896210015,66899.98554065824,44700.0,60800.0,ok,32100.0,49780.0,15430.0,23460.0,52300.0,569800.0,1.550778816199377,1.5204147764095917,2.2293265132139815,085867a3008fc330558d9a52d31e9e1c0f9805d909277ee6f4512554def6ca0e,True,512,6144,40448,2048,3584,268435456,20,5,50f526a5c97f217dd2b68dc289572fbb
b2,held_out,b2-k12-andor_dom-shared-2-50260f8a12a2,andor_dom,12,38,83,26,14,29,27,8,43,49,44,50000.0,52400.0,90700.0,930,583000.0,574799.9821323901,49599.97022524476,56300.02124235034,118300.05678348243,89900.04425868392,45500.0,65600.0,ok,13945.0,50065.0,13585.0,41385.0,98100.0,956700.0,3.590175690211545,3.0463746779536254,2.37042406669083,af151701c29240b24d2bbdee39b0c6b4f1c3db6776f0fca3fa0a70c6e4d6c55d,True,512,6144,42496,2560,4096,268435456,20,5,50260f8a12a2adfeb77aa187e78a4609
b2,held_out,b2-k12-andor_dom-shared-3-0c0054958df2,andor_dom,12,29,49,19,7,16,15,5,24,28,26,37500.0,41200.0,31100.0,707,549000.0,541100.0165622681,42100.000428035855,52399.9915458262,113200.01794956625,65399.91591125727,33200.0,41600.0,ok,9030.0,30610.0,5575.0,15915.0,43700.0,691200.0,3.389811738648948,2.854708520179372,2.74583726044612,71edf00a5137651c0a4fb97720d8baa0b6ce7db6da6567afec547030d5499922,True,512,6144,25088,2048,2560,268435456,20,5,0c0054958df225563af528bd48e72728
b2,held_out,b2-k12-andor_dom-shared-4-4b3e0c13b861,andor_dom,12,32,48,24,12,29,24,6,24,39,31,40200.0,43800.0,28100.0,775,465100.0,458199.99650120735,32999.960239976645,45199.96582530439,101299.9564409256,72499.91176649928,42900.0,39500.0,ok,12005.0,32175.0,9380.0,26450.0,53600.0,589700.0,2.680133277800916,2.819829424307036,2.0264650283553873,05554d5b91542982023de10c6e728ca182d34cc773455cb52b396e9b54c4ea25,True,512,6144,24576,2048,3072,268435456,20,5,4b3e0c13b861338c49538c7b5f081432
b2,held_out,b2-k12-impeqv_dom-tree-1-b84e5ead9772,impeqv_dom,12,25,27,25,13,35,24,6,13,35,24,43000.0,42600.0,27900.0,602,276800.0,271600.0017244369,3599.9983083456755,19200.029782950878,67700.04983991385,44600.077671930194,39400.0,22400.0,ok,13330.0,22030.0,12795.0,21290.0,66500.0,371000.0,1.652663165791448,1.6639312231340366,3.1235321747299203,8bbf576bad1940554ba4dfbdcccbac9e5815b6edabcdc8be19495390d01d8653,True,512,6144,13824,2560,3072,268435456,20,5,b84e5ead97722466c738aaebf0d7bb64
b2,held_out,b2-k12-impeqv_dom-tree-2-efcfe8a9d099,impeqv_dom,12,31,37,31,19,47,32,5,19,47,32,42500.0,43500.0,25200.0,747,332300.0,326400.01154504716,6999.96598996222,21400.017431005836,83800.08512176573,49200.08359476924,50800.0,29700.0,ok,16115.0,28210.0,16870.0,31045.0,61300.0,441800.0,1.7505429723859758,1.8402489626556016,1.9745530681269126,12bb8d46f3dc7c1b2d765504f1204f9320b843e9936bf45b93c9dd882ea43beb,True,512,6144,18944,2560,2560,268435456,20,5,efcfe8a9d0999545edb922e8add55891
b2,held_out,b2-k12-impeqv_dom-tree-3-55ecbcba0651,impeqv_dom,12,26,27,26,14,36,24,6,14,36,24,35400.0,34800.0,22400.0,616,264600.0,259499.99690055847,3599.9983083456755,15099.940355867147,69900.06659179926,38200.05804300308,44800.0,22600.0,ok,13090.0,21275.0,13345.0,21160.0,48800.0,338900.0,1.6252864782276546,1.5856125889846384,2.3062381852551983,7706cdf872b2f54e859c5e467f810d90a27b5012d71cc14b9184bac89fa49101,True,512,6144,13824,2048,3072,268435456,20,5,55ecbcba0651567d453a83b2852bf685
b2,held_out,b2-k12-impeqv_dom-tree-4-d18fdd8343dc,impeqv_dom,12,29,34,29,17,42,29,6,17,42,29,39800.0,39800.0,39200.0,699,643100.0,633499.9925456941,12100.004823878407,42300.031054764986,168200.0292930752,94500.02107769251,60500.0,35200.0,ok,16540.0,26040.0,23015.0,25840.0,57500.0,406900.0,1.5743651753325272,1.1227460351944385,2.225232198142415,5023ff3d5a8388df2f16269410d8c0f53d8424ec6b906f93eede58371eb3e700,True,512,6144,17408,2048,3072,268435456,20,5,d18fdd8343dcadfdba4bd1ea2ecf1d01
b2,held_out,b2-k12-impeqv_dom-shared-1-a0a2c0931e69,impeqv_dom,12,37,78,37,25,67,45,8,41,102,69,48200.0,55500.0,30000.0,904,415200.0,408699.9979335815,5799.956852570176,23700.034944340587,103399.94332753122,75500.08012913167,107700.0,62300.0,ok,39090.0,56955.0,23770.0,36060.0,73200.0,672100.0,1.4570222563315427,1.5170382835506941,2.0299500831946755,c7b32fa81162ac5c89f652db28dbb2a74603fa55ad809e80665fb863c0b85982,True,512,6144,39936,2048,4096,268435456,20,5,a0a2c0931e693e4de212d7771546e6e4
b2,held_out,b2-k12-impeqv_dom-shared-2-1385a0b1080c,impeqv_dom,12,33,57,30,18,52,35,7,28,70,49,54800.0,59200.0,33300.0,812,345800.0,339799.9971639365,3799.9998312443495,23800.006601959467,83899.9985717237,59499.98740106821,76100.0,43400.0,ok,27325.0,42105.0,18060.0,29115.0,81600.0,531700.0,1.540896614821592,1.6121262458471761,2.8026790314270995,ed2456209e3c9c214dd3fb32696b3d14e49809d467d353e0e4491ef7597972ed,True,512,6144,29184,2048,3584,268435456,20,5,1385a0b1080c90d88b168bb1678be65b
b2,held_out,b2-k12-impeqv_dom-shared-3-c60cc82b0720,impeqv_dom,12,35,64,34,22,59,40,6,34,83,56,45100.0,50400.0,28500.0,851,421900.0,417100.00368766487,9299.983503296971,31700.008548796177,101200.04299096763,71300.04814825952,55800.0,50100.0,ok,25695.0,48940.0,19565.0,32885.0,87000.0,513900.0,1.9046507102549135,1.6808075645284948,2.645583092595408,1f5e30ff999fd78ba6cf030159d9c0aa183021f5f490ffadb04748179aa955dc,True,512,6144,32768,2048,3072,268435456,20,5,c60cc82b0720dc27fa80890745e3b89d
b2,held_out,b2-k12-impeqv_dom-shared-4-5d7fc59cbaf7,impeqv_dom,12,36,62,36,24,63,42,7,32,79,54,47000.0,49800.0,29300.0,875,404600.0,398100.0045314431,6399.961421266198,27999.95127134025,100700.03918372095,68400.08427388966,58600.0,47600.0,ok,24865.0,45980.0,20535.0,34170.0,101300.0,508700.0,1.8491856022521618,1.6639883126369612,2.964588820602868,65e35349e4a9010a3b6bc75bb6cd6e9387358c2ab01c9eb392d787a38e96b7ea,True,512,6144,31744,2560,3584,268435456,20,5,5d7fc59cbaf768164fa3056661b4d3f5
b2,held_out,b2-k12-mixed-tree-1-ddb82bdf8146,mixed,12,24,25,23,11,22,17,3,12,22,17,34100.0,30400.0,21200.0,576,278700.0,273399.9863266945,13799.959560856223,21400.07563866675,63399.84247460961,37299.992982298136,35200.0,20900.0,ok,7825.0,18125.0,8565.0,17725.0,44500.0,333600.0,2.31629392971246,2.069468768242849,2.5105782792665727,9c8b248d77b14f016a5c8523895940246703d3753efb78809b5f7a0d630e976e,True,512,6144,12800,2560,1536,268435456,20,5,ddb82bdf81460398f51b7b71b2b5084f
b2,held_out,b2-k12-mixed-tree-2-380dba915931,mixed,12,25,26,24,12,22,17,3,13,22,17,36600.0,31900.0,21400.0,594,295300.0,289899.99555051327,14800.054486840963,24399.982066825032,67699.96252842247,41400.05330555141,35600.0,21000.0,ok,9535.0,23075.0,8380.0,17915.0,46500.0,365000.0,2.4200314630309387,2.1378281622911692,2.595590287468602,357ab1032ff9d89f13986c91b214ecdee357db539ccc245df471924319d0755c,True,512,6144,13312,2048,1536,268435456,20,5,380dba9159313b1c381805637c2acb3e
b2,held_out,b2-k12-mixed-tree-3-e56bca913be9,mixed,12,28,31,27,15,30,22,4,16,30,22,39700.0,37800.0,24100.0,665,498000.0,488899.99743551016,22599.997464567423,46499.91751648486,109999.964479357,60499.99501556158,55700.0,31900.0,ok,9720.0,22315.0,10490.0,21780.0,50700.0,542700.0,2.2957818930041154,2.0762631077216396,2.327823691460055,83f7f5180404aaff1e4d42351c83fa2c083c68d3179ba35daa204ccc350af1fc,True,512,6144,15872,2048,2048,268435456,20,5,e56bca913be9349b5a10d57295c7207b
b2,held_out,b2-k12-mixed-tree-4-4769a3d3ef25,mixed,12,27,29,25,13,28,20,4,15,29,21,56500.0,50600.0,34200.0,640,447500.0,439900.00267513096,17900.019884109497,37399.964639917016,110800.05788244307,55500.015150755644,55600.0,35300.0,ok,15885.0,22605.0,10240.0,19500.0,49100.0,417700.0,1.4230406043437205,1.904296875,2.517948717948718,3e999714a42c4f044b430b8cc40abb720d38493759d9fe0cc549d769e03d9ad9,True,512,6144,14848,2048,2048,268435456,20,5,4769a3d3ef257f5baf500e4fadea31a5
b2,held_out,b2-k12-mixed-shared-1-f8b45cd2b4da,mixed,12,42,82,32,20,44,36,8,42,63,51,55000.0,58800.0,35700.0,1030,628200.0,620000.0061653554,47399.95347335935,61800.03401823342,132300.1051787287,95300.08537694812,54200.0,63200.0,ok,19730.0,68260.0,14375.0,33695.0,69300.0,715700.0,3.459706031424227,2.344,2.0566849680961568,58d74552627d4b7e9c125d6eb17b2f852862824480487ffbd2d2855002864947,True,512,6144,41984,2048,4096,268435456,20,5,f8b45cd2b4dae9a1f0826e7ff9df8a79
b2,held_out,b2-k12-mixed-shared-2-50e3ef4d7ce9,mixed,12,36,64,30,18,39,31,7,32,57,44,48200.0,51100.0,29100.0,885,664000.0,654200.0046465546,41500.05406700075,60499.965911731124,133499.91058930755,86699.99078847468,54300.0,54800.0,ok,17290.0,43170.0,13345.0,29350.0,61800.0,566600.0,2.496818970503181,2.199325590108655,2.1056218057921634,7d6ab2fd13b177da1853d5aba62e55a9f8bd1d2f9b1c5a128c5194b40f2544ca,True,512,6144,32768,2560,3584,268435456,20,5,50e3ef4d7ce94f2b7e5fe91738eb7758
b2,held_out,b2-k12-mixed-shared-3-b8fa1dce4b0b,mixed,12,32,73,24,12,30,24,8,36,82,59,42100.0,45600.0,27000.0,785,846000.0,835400.0165127218,40900.02039447427,53999.945521354675,143100.07099993527,112600.01338087022,57500.0,87800.0,ok,22930.0,50965.0,10225.0,22540.0,52400.0,475200.0,2.222634103794156,2.20440097799511,2.3247559893522625,d170e5645e8911a3ecb37073163e94e81699b620f5d1a07eeb2d13301d1a8f3d,True,512,6144,37376,2560,4096,268435456,20,5,b8fa1dce4b0bc619bce10a46918c22fa
b2,held_out,b2-k12-mixed-shared-4-b5d9843db5e5,mixed,12,41,92,33,21,40,32,10,47,60,52,149700.0,108200.0,52700.0,999,775200.0,764099.9974682927,56899.93849955499,72500.02818182111,170199.92810674012,115500.035462901,60700.0,76200.0,ok,41110.0,56160.0,24430.0,52055.0,108700.0,725700.0,1.3660909754317685,2.1307818256242324,2.088175967726443,f056e6820013d8b35a3a4a56d4b2e9cece0e03cb2be1884a7fe5b62e6e54439f,True,512,6144,47104,2560,5120,268435456,20,5,b5d9843db5e5a41e524408169173818c
b2,held_out,b2-k16-xor_dom-tree-1-2f5ce8a982ff,xor_dom,16,39,45,30,14,29,25,5,23,29,25,59300.0,52000.0,30400.0,934,524900.0,517999.9861866236,36400.044336915016,61499.94442239404,111400.06245113909,69599.94789212942,46900.0,37800.0,ok,47520.0,51140.0,45880.0,48160.0,147600.0,932000.0,1.0761784511784511,1.049694856146469,3.064784053156146,018e0ba07f27a37af3716edbabbd12ddb0b4c19c71b3e0d33f1ffc9c32f618c8,True,8192,131072,368640,40960,40960,268435456,5,5,2f5ce8a982ffa8fd1f0938431c39c29c
b2,held_out,b2-k16-xor_dom-tree-2-dc59bd3a0d74,xor_dom,16,35,38,27,11,22,20,4,19,22,20,42400.0,44600.0,28600.0,836,486200.0,480299.9901585281,31800.009310245514,57899.917010217905,100899.9824989587,67499.9610055238,42400.0,30900.0,ok,30880.0,43120.0,30500.0,39900.0,72300.0,542800.0,1.3963730569948187,1.3081967213114754,1.8120300751879699,b3ff3aa89347b3ff62d4d5966b626179406588b275bf6df9a7ddf9da6917a985,True,8192,131072,311296,32768,32768,268435456,5,5,dc59bd3a0d742d46cb136f3486a28cda
b2,held_out,b2-k16-xor_dom-tree-3-fd0e9542c807,xor_dom,16,40,47,31,15,34,28,4,24,34,28,49000.0,52200.0,31800.0,961,926800.0,914300.0061158091,51000.009989365935,97699.89992491901,181999.9306462705,124000.01287460327,74900.0,207800.0,ok,86180.0,112440.0,61800.0,57120.0,169000.0,814300.0,1.3047110698537945,0.9242718446601942,2.958683473389356,a3955e0d7106bf8d76e35852c93e5943f4d40a0fc2408a3793bffdf25c694402,True,8192,131072,385024,49152,32768,268435456,5,5,fd0e9542c807aa5f98d6a8a50bb4942a
b2,held_out,b2-k16-xor_dom-tree-4-ccf5dc564650,xor_dom,16,40,48,30,14,29,26,4,24,29,26,50400.0,61500.0,34400.0,965,846100.0,835899.991216138,59299.98587816954,102199.99239780009,181900.10450780392,115200.03317855299,85400.0,71800.0,ok,40880.0,64520.0,40940.0,48340.0,94600.0,640100.0,1.5782778864970646,1.180752320468979,1.9569714522134878,3c793589cc2bebc13af38a7c815bc02ed82fcfd33ae54d0a1d523e95d20eb1e3,True,8192,131072,393216,40960,32768,268435456,5,5,ccf5dc564650469fd8771eed98469d37
b2,held_out,b2-k16-xor_dom-shared-1-3867fe1a233b,xor_dom,16,50,81,33,17,35,31,7,41,47,43,57100.0,71700.0,39500.0,1227,955500.0,940800.0041730702,77499.97894279659,135799.9281026423,183699.9726947397,156599.99917261302,75200.0,113200.0,ok,119780.0,100680.0,55160.0,54840.0,94400.0,932200.0,0.8405409918183336,0.994198694706309,1.7213712618526622,61793872c60bf17fd180b9da24ec1c27aa496660279f122cdac3f9312e26df04,True,8192,131072,663552,49152,57344,268435456,5,5,3867fe1a233b8539d9c2ba0736d5141b
b2,held_out,b2-k16-xor_dom-shared-2-d28a01c0b901,xor_dom,16,41,63,26,10,27,25,5,31,39,35,47100.0,55400.0,33200.0,999,658100.0,650100.0025309622,48800.051445141435,101699.93038289249,125500.14071166515,102700.05441270769,41000.0,47300.0,ok,55460.0,68620.0,50160.0,50340.0,80700.0,762100.0,1.2372881355932204,1.0035885167464116,1.603098927294398,e6bb163b96b1e8d81c66a8d3862f9e8cc469a96a2e0c2c1627b125cc35e0d6c3,True,8192,131072,516096,32768,40960,268435456,5,5,d28a01c0b9013e8020356d64403c0f01
b2,held_out,b2-k16-xor_dom-shared-3-78849fba8a04,xor_dom,16,45,72,29,13,34,30,7,37,42,38,49400.0,66800.0,36000.0,1085,765400.0,756400.0261481851,62300.0378254801,114700.00026747584,149699.91752877831,109899.93461407721,47500.0,55300.0,ok,62280.0,73940.0,50100.0,51720.0,84000.0,1230200.0,1.1872190109184328,1.0323353293413173,1.6241299303944317,d8a6946aaef5ede9c872cb34102c54b328721c28f85ee042e221cd4e1035b1a3,True,8192,131072,589824,40960,57344,268435456,5,5,78849fba8a0496b7b3829f603bc87028
b2,held_out,b2-k16-xor_dom-shared-4-c20fb11b9c87,xor_dom,16,45,70,31,15,32,26,5,36,45,39,52800.0,61400.0,35800.0,1088,675900.0,669299.9741062522,50599.97783973813,88800.09409040213,136900.02379007638,95900.03173798323,60900.0,55900.0,ok,72260.0,73400.0,51480.0,47000.0,79500.0,698400.0,1.0157763631331305,0.912975912975913,1.6914893617021276,4ac9c3c0cad97d417ecda5976d75ae28cccf878ef50e0a5b38335576cdd355fc,True,8192,131072,573440,32768,40960,268435456,5,5,c20fb11b9c873214ba614bab4da1f4b0
b2,held_out,b2-k16-andor_dom-tree-1-9b69c21027be,andor_dom,16,32,32,31,15,17,16,4,16,17,16,48800.0,40500.0,26500.0,752,409100.0,404799.9973408878,31199.975637719035,32399.89746361971,92199.9744605273,57400.00051446259,82300.0,43500.0,ok,22840.0,39100.0,24960.0,36980.0,77600.0,558000.0,1.7119089316987741,1.4815705128205128,2.098431584640346,2ca316eb2f35ea4b8332ebc0581fd6e0804e90ea1114984111640b40d9fcc188,True,8192,131072,262144,32768,32768,268435456,5,5,9b69c21027be1612263d601c2fa605c2
b2,held_out,b2-k16-andor_dom-tree-2-4798fd76dd91,andor_dom,16,34,34,31,15,25,20,4,18,25,20,45900.0,41400.0,26400.0,795,385900.0,379399.9785557389,23299.94458705187,27500.09298324585,90899.96456168592,48699.992476031184,45100.0,28400.0,ok,41400.0,41320.0,42820.0,40060.0,69600.0,677100.0,0.9980676328502416,0.9355441382531527,1.7373939091362955,4460bf05a8bc6256ffcc79d3e2f758a8823b21313048bebf192867527f455313,True,8192,131072,278528,49152,32768,268435456,5,5,4798fd76dd91a3fedf52dc7c0edece3d
b2,held_out,b2-k16-andor_dom-tree-3-0631f9f38a59,andor_dom,16,34,34,31,15,25,20,5,18,25,20,59600.0,39800.0,27000.0,789,484800.0,477100.0239998102,29400.04924312234,34000.02606213093,116700.16101561487,66100.008552894,51200.0,41200.0,ok,45540.0,42640.0,46960.0,39900.0,70300.0,513500.0,0.9363197189284146,0.8496592844974447,1.7619047619047619,fbe9a08a73ce5575f037a20423fdff198c637108de4103c6866d2a82619d5521,True,8192,131072,278528,40960,40960,268435456,5,5,0631f9f38a59e376b1fca7715ceaf22e
b2,held_out,b2-k16-andor_dom-tree-4-63621194d872,andor_dom,16,36,39,33,17,27,22,5,20,28,23,49700.0,45600.0,28100.0,853,429900.0,422499.98659826815,25799.963623285294,35399.89120326936,97199.80880618095,56500.08097290993,51100.0,35400.0,ok,44100.0,48220.0,43640.0,46660.0,82900.0,1080100.0,1.0934240362811791,1.0692025664527955,1.7766823831975997,17f9d6bb136db54edcc941d09098c3b90ca65b39e4c4efbb1cce0ab98375d033,True,8192,131072,319488,40960,40960,268435456,5,5,63621194d872ff0fb0296bcc8a8fc619
b2,held_out,b2-k16-andor_dom-shared-1-98d2a1ad94ad,andor_dom,16,43,71,28,12,26,25,8,37,41,37,52200.0,58100.0,35200.0,1041,657400.0,648900.0224974006,54999.9822396785,73799.8925615102,131600.04164092243,102100.04984401166,46400.0,54200.0,ok,57260.0,71640.0,32760.0,46480.0,79300.0,715000.0,1.2511351728955642,1.4188034188034189,1.7061101549053357,61cb2b2132400af1e104646086523433a7a1ab97ee1ca0017395caa45fe33395,True,8192,131072,581632,32768,65536,268435456,5,5,98d2a1ad94adf2bb987a8c3d3d580016
b2,held_out,b2-k16-andor_dom-shared-2-cf190eb487c4,andor_dom,16,48,72,37,21,40,34,8,38,47,40,60500.0,61600.0,38600.0,1154,689100.0,682900.0194557011,53500.02902559936,61099.94137659669,145599.97362084687,111100.00195913017,79100.0,71000.0,ok,72680.0,73560.0,62800.0,59280.0,97400.0,743500.0,1.012107870115575,0.9439490445859873,1.6430499325236168,a27c9206f7b3a6994f380287bd0875302344283e44383b01cd4424959ada4433,True,8192,131072,589824,40960,65536,268435456,5,5,cf190eb487c43e880bdcac6247716fcf
b2,held_out,b2-k16-andor_dom-shared-3-b995a8e54fc8,andor_dom,16,44,84,32,16,34,30,9,42,49,45,56600.0,59900.0,36200.0,1069,636800.0,628300.0111579895,49399.96870234609,59599.95905868709,128800.04942417145,106199.96464811265,49900.0,61200.0,ok,75240.0,86360.0,47860.0,57820.0,90800.0,723100.0,1.1477937267410951,1.2081069786878396,1.5703908682116914,a858d9c33bba4c22c5645d0238026ec68895f78131c09866ba049ac1213930f0,True,8192,131072,688128,40960,73728,268435456,5,5,b995a8e54fc8be58fad7f1820347b1a4
b2,held_out,b2-k16-andor_dom-shared-4-00fae4d6add7,andor_dom,16,43,78,32,16,33,29,8,39,52,45,54000.0,56500.0,34300.0,1042,659500.0,650900.0086225569,48500.02005696297,59199.926909059286,130900.03631077707,104900.04206076264,52100.0,56200.0,ok,89260.0,81780.0,87960.0,76380.0,108800.0,729500.0,0.9161998655612816,0.8683492496589359,1.4244566640481802,7b9b7ab938f677f2eeba5f8f4b683b2e08a62006f1718fd09dbd9982634affb7,True,8192,131072,638976,40960,65536,268435456,5,5,00fae4d6add7f3969a304bb041c09e1d
b2,held_out,b2-k16-impeqv_dom-tree-1-e08d580f6edb,impeqv_dom,16,40,48,40,24,65,44,6,24,65,44,51300.0,57300.0,32700.0,970,420300.0,413600.0061407685,6899.99433234334,27400.092221796513,105700.10636001825,70400.04129521549,60900.0,38300.0,ok,140080.0,68820.0,141860.0,71140.0,106900.0,585800.0,0.49129069103369505,0.5014803327224023,1.502670789991566,28939964043b92825c69db3a62cc0fd0e572fe878bc09d6abe48f167e8f38c56,True,8192,131072,393216,49152,49152,268435456,5,5,e08d580f6edb5bb7f9f29d7e6b5c87b1
b2,held_out,b2-k16-impeqv_dom-tree-2-c47a93c76ff1,impeqv_dom,16,38,41,37,21,56,37,5,22,56,37,47700.0,50400.0,28700.0,896,932600.0,923799.9911420047,11299.998732283711,58999.8671784997,270599.9941099435,181700.0738810748,59900.0,36400.0,ok,178000.0,94020.0,123640.0,65180.0,97300.0,547000.0,0.5282022471910113,0.5271756713037852,1.4927891991408409,b02ee6a9490f8f01dae562dfc4eaee99f6b91c56c9a55de5075e040c2c8badb0,True,8192,131072,335872,40960,40960,268435456,5,5,c47a93c76ff1f90404d1101c7e522774
b2,held_out,b2-k16-impeqv_dom-tree-3-01da67660395,impeqv_dom,16,40,47,39,23,60,41,6,24,60,41,52700.0,54900.0,49200.0,961,513500.0,504800.0020906329,10900.02479031682,51200.040616095066,117599.84772652388,82299.98638853431,60900.0,36400.0,ok,211840.0,99460.0,140540.0,67720.0,104800.0,704100.0,0.46950528700906347,0.48185569944499784,1.5475487300649735,6eca2c4bc082b0802c1c2ec4897191c392a9aa04049295ebb289b5966f58ca11,True,8192,131072,385024,40960,49152,268435456,5,5,01da676603950bf10ac55f06ccb310ec
b2,held_out,b2-k16-impeqv_dom-tree-4-f1d16cc1ccd8,impeqv_dom,16,36,37,36,20,54,35,5,20,54,35,56300.0,46900.0,31900.0,844,347000.0,340400.0017326325,2299.9884095042944,21999.963792040944,93699.89857077599,52399.93333816528,52700.0,59200.0,ok,209500.0,94620.0,113420.0,64500.0,123400.0,507500.0,0.45164677804295944,0.568682771997884,1.9131782945736433,b2800e59b7e91c0103d66c14b98bd8f6bd2802fc6614fcd1cba5ce28391b0a8d,True,8192,131072,303104,32768,40960,268435456,5,5,f1d16cc1ccd87cd3bdbf93dc2d4cbb76
b2,held_out,b2-k16-impeqv_dom-shared-1-37e51ffa951a,impeqv_dom,16,46,75,46,30,77,52,7,39,93,64,63800.0,66700.0,105600.0,1118,847600.0,833400.001283735,13699.958799406886,50800.066674128175,209399.93555657566,179099.9958757311,75500.0,61500.0,ok,198240.0,98960.0,171340.0,85560.0,123200.0,799300.0,0.49919289749798224,0.49935800163417765,1.4399251986909771,3750f3194b5162b24abdb770fe535cd77b4bef4322b4e5dfa973574f347c175c,True,8192,131072,614400,32768,57344,268435456,5,5,37e51ffa951a5efa0431ecfe2e1e7612
b2,held_out,b2-k16-impeqv_dom-shared-2-c84cd9722277,impeqv_dom,16,52,105,49,33,80,54,8,58,118,82,71300.0,70000.0,39400.0,1262,588700.0,580100.022489205,15100.056771188974,38099.99907389283,138399.88969266415,109000.10238401592,74400.0,75600.0,ok,405120.0,136840.0,184940.0,93760.0,181900.0,1082000.0,0.33777646129541866,0.50697523521142,1.9400597269624573,1c30a6291e46f89c84bcae3dadbeef7d015272b03ccf65928a8dfa7f459ee9b9,True,8192,131072,860160,40960,65536,268435456,5,5,c84cd972227722d3994c261dbed9935f
b2,held_out,b2-k16-impeqv_dom-shared-3-dd3d88c4a1c4,impeqv_dom,16,47,125,42,26,74,49,7,63,185,123,98200.0,110600.0,66400.0,1148,506300.0,498499.98322315514,2599.9906938523054,27300.033252686262,122099.9110955745,104799.92488399148,66100.0,91300.0,ok,406380.0,174080.0,189740.0,89880.0,128700.0,634800.0,0.4283675377725282,0.47370085379993676,1.4319092122830441,5d121794535354beda6ba2813e5aba86727dc7c786f7fc871639de7cbca6eb44,True,8192,131072,1024000,49152,57344,268435456,5,5,dd3d88c4a1c4c77c937babcfe278be7c
b2,held_out,b2-k16-impeqv_dom-shared-4-750f3169f2d6,impeqv_dom,16,40,83,39,23,67,44,6,44,124,81,51100.0,55200.0,32200.0,969,501500.0,496199.99481365085,2099.9868866056204,29699.96421597898,131800.07226765156,104200.00762678683,58400.0,64200.0,ok,271080.0,115840.0,162560.0,67900.0,103600.0,623900.0,0.427327726132507,0.4176919291338583,1.5257731958762886,516f91b25b608fbd7314967bd76f9d270ad918c97cc184abb9d442d58cab63a2,True,8192,131072,679936,32768,49152,268435456,5,5,750f3169f2d63d844b1f4544bdd21e36
b2,held_out,b2-k16-mixed-tree-1-d1b5689114e3,mixed,16,32,32,29,13,25,20,6,16,25,20,42600.0,40700.0,25200.0,752,374700.0,368400.0112116337,20999.956177547574,29800.02318508923,86400.16312710941,50200.033001601696,42700.0,25700.0,ok,48960.0,40320.0,50460.0,39020.0,98700.0,482200.0,0.8235294117647058,0.7732857709076496,2.529472065607381,cfd9c47fbac4cfe26ed662ae3188f5f7e58968533c6a4898b9d815378ce18e20,True,8192,131072,262144,40960,49152,268435456,5,5,d1b5689114e3546f3a1d158264d1cd1a
b2,held_out,b2-k16-mixed-tree-2-9cf5c64922ce,mixed,16,32,33,32,16,26,21,5,16,26,21,47600.0,71200.0,27200.0,759,430900.0,425799.9826222658,20200.066501274705,34299.970138818026,94999.96667727828,61400.089180096984,54100.0,30800.0,ok,42640.0,42820.0,44300.0,42620.0,74900.0,468900.0,1.0042213883677298,0.9620767494356659,1.7573908962928202,c4c0eb0b91911ee77095e3f1861624778ca5fc74b348b68586b378949000912b,True,8192,131072,270336,40960,40960,268435456,5,5,9cf5c64922ce0571249969b7df68a600
b2,held_out,b2-k16-mixed-tree-3-813773e1451b,mixed,16,40,48,40,24,53,38,6,24,53,38,55500.0,54900.0,30700.0,966,472800.0,465300.0214602798,17300.015315413475,36400.01523308456,113400.01947246492,72600.02894327044,61100.0,37600.0,ok,122140.0,73380.0,114520.0,63640.0,100600.0,602000.0,0.6007859832978549,0.555710792874607,1.5807668133249528,a95812dc6dbc063bb8164d6abbc45375d73fcfc19d0625b01d15b5c6e8414b8e,True,8192,131072,393216,40960,49152,268435456,5,5,813773e1451bbd6a2f98e96ceefda0d9
b2,held_out,b2-k16-mixed-tree-4-8eb11693eacf,mixed,16,37,43,36,20,43,32,5,21,43,32,52300.0,51400.0,29000.0,893,435700.0,428500.0031813979,17700.076568871737,38099.94086623192,98400.0216703862,68599.96938146651,55800.0,33200.0,ok,79940.0,57020.0,83120.0,60700.0,94700.0,566900.0,0.713284963722792,0.730269489894129,1.5601317957166392,4d6d9f055df5a6ee20cb816584dc2ae46a7f5e44347816ed8de2c611a8529f3b,True,8192,131072,352256,32768,40960,268435456,5,5,8eb11693eacf1038682e614ce5d178ae
b2,held_out,b2-k16-mixed-shared-1-ee24b1b1bb48,mixed,16,41,77,33,17,39,32,6,38,54,46,53200.0,58000.0,33600.0,998,591800.0,584299.9962624162,38199.9125238508,52000.017603859305,123199.9194715172,106900.05728974938,58700.0,61400.0,ok,91760.0,83880.0,71120.0,67520.0,92800.0,801700.0,0.9141238012205755,0.9493813273340832,1.3744075829383886,c1e3d8599b12aecc02b1037e39548ef97c9b307728c1dd11c2724784ceae6cb0,True,8192,131072,630784,40960,49152,268435456,5,5,ee24b1b1bb4825011fe7d41a9efa2bb7
b2,held_out,b2-k16-mixed-shared-2-bc31f42a45c2,mixed,16,44,96,34,18,51,39,7,50,107,76,52800.0,68600.0,36900.0,1073,630000.0,621799.990767613,35100.121749565005,59299.84035901725,136599.96329806745,113899.90686438978,55400.0,73300.0,ok,203600.0,119240.0,89280.0,63120.0,99900.0,701600.0,0.5856581532416503,0.706989247311828,1.582699619771863,7a725401fb035c3469721894db466607939804371e65638031032201203731b2,True,8192,131072,786432,32768,57344,268435456,5,5,bc31f42a45c2f54a8b39ca80550f8c5f
b2,held_out,b2-k16-mixed-shared-3-8dda327e304f,mixed,16,46,85,39,23,50,40,9,42,70,56,62000.0,63500.0,37800.0,1133,638600.0,629900.0233411789,36600.07496364415,57499.97217208147,134199.82860796154,110000.02268701792,61000.0,64000.0,ok,160700.0,146280.0,88920.0,74140.0,108700.0,752300.0,0.9102675793403858,0.8337831758884391,1.4661451308335582,5a5dd23628309d8254036753447cc7855664935af517dc86b3a9c8b57d120b9f,True,8192,131072,696320,40960,73728,268435456,5,5,8dda327e304f66ada6c383e414f2a5f7
b2,held_out,b2-k16-mixed-shared-4-8dafe13fc96b,mixed,16,41,69,32,16,45,35,8,34,68,51,50500.0,60600.0,33100.0,1001,559700.0,552399.9861907214,33100.019209086895,52099.989261478186,121399.99307692051,99300.05762726068,51200.0,48900.0,ok,165280.0,105120.0,88140.0,56760.0,92400.0,667700.0,0.6360116166505324,0.6439754935330156,1.627906976744186,2b01e9e55fa763957fceaf6cf7170bb8e75ab3237ef34252d83ab4a5e9c39ccc,True,8192,131072,565248,49152,65536,268435456,5,5,8dafe13fc96bfdcb0f894634ae107e89
