corpus,role,id,cluster,live_k,structural_dag_nodes_source,unfolded_tree_nodes,ir_nodes,node_count_cold_ns_median,node_count_warm_ns_median,cm_instructions,cm_executed_bigint_ops,cm_executed_word_ops,cm_peak_live_word_buffers,raw_instructions,raw_executed_bigint_ops,raw_executed_word_ops,hash_ns_median,serde_ns_median,json_encode_ns_median,serde_bytes,compile_external_ns,ir_compile_ns,ir_canonicalize_ns,ir_rewrite_ns,ir_intern_ns,ir_live_vars_ns,lower_cm_ns_median,lower_raw_ns_median,raw_kernel_status,raw_flat_ns_median,raw_words_ns_median,cm_flat_ns_median,cm_words_ns_median,wrapper_current_ns_median,end_to_end_current_ns_median,raw_words_over_flat,cm_words_over_flat,wrapper_over_selected_bare,packed_sha256,packed_equal,output_bytes_exact,words_environment_bytes_estimate,raw_flat_temporary_bytes_estimate,raw_word_scratch_bytes_estimate,cm_word_scratch_bytes_estimate,max_kernel_temporary_bytes,kernel_batch,kernel_rounds,structural_hash
bx1,tuning,bx1-k2-1-54f10b4162e0,andor_dom,2,3,3,3,6000.0,800.0,1,3,2,1,1,3,2,8400.0,8500.0,17900.0,95,98200.0,92200.00356435776,0.0,7299.997378140688,19800.005247816443,6199.989002197981,23400.0,19400.0,ok,2487.0,2684.0,1063.0,1137.0,23400.0,82700.0,1.0792119018898272,1.0696142991533395,22.013170272812793,2b4c342f5433ebe591a1da77e013d1b72475562d48578dca8b84bac6651c3cb9,True,1,0,3,0,0,8388608,100,5,54f10b4162e03f461c68c6c8f768e35b
bx1,tuning,bx1-k2-2-b518dd4ce7ff,andor_dom,2,4,5,3,1400.0,200.0,1,1,1,1,2,2,2,8900.0,6600.0,9300.0,119,60500.0,57900.004321709275,4199.973773211241,7499.998901039362,8500.006515532732,2499.9899324029684,8700.0,7300.0,ok,1144.0,1223.0,1126.0,1213.0,13900.0,71400.0,1.069055944055944,1.0772646536412078,12.344582593250443,67586e98fad27da0b9968bc039a1ef34c939b9b8e523a8bef89d478608c5ecf6,True,1,0,5,0,0,8388608,100,5,b518dd4ce7fff267e46efc2771ac579d
bx1,tuning,bx1-k2-3-95c6829453f6,andor_dom,2,3,3,3,1500.0,200.0,1,1,1,1,1,1,1,5900.0,4600.0,7000.0,95,43900.0,41599.99662078917,2600.019797682762,2400.018274784088,8200.033335015178,3199.9952625483274,7600.0,6700.0,ok,984.0,1621.0,1048.0,1144.0,16400.0,72400.0,1.6473577235772359,1.0916030534351144,15.648854961832061,beead77994cf573341ec17b58bbf7eb34d2711c993c1d976b128b3188dc1829a,True,1,0,3,0,0,8388608,100,5,95c6829453f64683b84b443462b96527
bx1,tuning,bx1-k2-4-32783dec984f,mixed,2,3,3,3,1500.0,300.0,1,3,2,1,1,3,2,5800.0,4700.0,7300.0,95,36000.0,33699.99467395246,0.0,1200.009137392044,8400.005754083395,2500.019036233425,7700.0,5500.0,ok,1077.0,1162.0,1084.0,1173.0,15800.0,90400.0,1.0789229340761375,1.0821033210332103,14.575645756457565,e7cf46a078fed4fafd0b5e3aff144802b853f8ae459a4f0c14add3314b7cc3a6,True,1,0,3,0,0,8388608,100,5,32783dec984fbaffc95cf27946092cdd
bx1,tuning,bx1-k2-5-fc111ecef3a9,impeqv_dom,2,11,31,3,2300.0,400.0,1,1,1,1,15,39,27,29700.0,40300.0,22400.0,295,195700.0,191099.99993816018,5100.038833916187,19699.97538253665,38700.06185024977,11500.000255182385,12800.0,49800.0,ok,3632.0,3679.0,1067.0,1140.0,16200.0,132600.0,1.0129405286343611,1.0684161199625117,15.182755388940956,4d7b3ef7300acf70c892d8327db8272f54434adbc61a4e130a563cb59a0d0f47,True,1,0,31,0,0,8388608,100,5,fc111ecef3a9fea0fb4436cc12779e92
bx1,tuning,bx1-k2-6-7d06ed9915a2,xor_dom,2,10,25,6,2900.0,300.0,4,6,6,4,12,12,12,15400.0,16300.0,12400.0,270,170400.0,167399.99409765005,15499.943401664495,23200.002033263445,27500.00567175448,14999.968698248267,15100.0,23900.0,ok,2518.0,2599.0,1851.0,1946.0,14100.0,175800.0,1.0321683876092136,1.0513236088600757,7.6175040518638575,e52d9c508c502347344d8c07ad91cbd6068afc75ff6292f062a09ca381c89e71,True,1,0,25,0,0,8388608,100,5,7d06ed9915a2307d619a02bbecd15e57
bx1,tuning,bx1-k2-7-1ac6b3fc16a4,andor_dom,2,5,6,4,1600.0,200.0,2,3,2,2,3,4,3,7900.0,8800.0,8300.0,137,64000.0,61500.00263005495,4500.0051613897085,3799.9707274138927,12899.95270781219,4199.973773211241,9700.0,7200.0,ok,1295.0,1378.0,1274.0,1474.0,15600.0,92000.0,1.064092664092664,1.1569858712715855,12.244897959183673,4bf5122f344554c53bde2ebb8cd2b7e3d1600ad631c385a5d7cce23c7785459a,True,1,0,6,0,0,8388608,100,5,1ac6b3fc16a4f65ccac07328e95bf0b3
bx1,tuning,bx1-k2-8-7cec1b883a82,xor_dom,2,12,31,8,3100.0,200.0,6,11,8,3,16,24,19,16200.0,23100.0,13100.0,310,193600.0,189800.01914314926,11900.003300979733,26000.052457675338,36400.01523308456,13800.046872347593,19700.0,26900.0,ok,3362.0,3434.0,2193.0,2290.0,14500.0,179400.0,1.0214158239143367,1.0442316461468308,6.611947104423165,ca358758f6d27e6cf45272937977a748fd88391db679ceda7dc7bf1f005ee879,True,1,0,31,0,0,8388608,100,5,7cec1b883a82113d6050c89326721bc9
bx1,tuning,bx1-k3-1-6189f2994067,andor_dom,3,6,6,5,1900.0,300.0,2,4,3,2,3,4,3,8100.0,8300.0,14300.0,158,70200.0,67699.99163225293,4599.976819008589,3799.9998312443495,16300.007700920105,4700.0066842883825,10400.0,7200.0,ok,1295.0,1377.0,1420.0,1507.0,12700.0,87600.0,1.0633204633204634,1.0612676056338028,8.943661971830986,620bfdaa346b088fb49998d92f19a7eaf6bfc2fb0aee015753966da1028cb731,True,1,0,6,0,0,8388608,100,5,6189f29940672a4e1c71b4b746175557
bx1,tuning,bx1-k3-2-c073c4cae16c,impeqv_dom,3,16,56,16,5600.0,300.0,13,32,22,6,28,59,43,24200.0,27200.0,15500.0,412,205300.0,201900.02396702766,5499.983672052622,13099.98333454132,47299.894504249096,27300.004148855805,31900.0,41900.0,ok,6930.0,5942.0,3629.0,3613.0,22300.0,265800.0,0.8574314574314574,0.9955910719206393,6.144943510608983,4bf5122f344554c53bde2ebb8cd2b7e3d1600ad631c385a5d7cce23c7785459a,True,1,0,56,0,0,8388608,100,5,c073c4cae16c20ea16679fb56d345d47
bx1,tuning,bx1-k3-3-2cf6fe6bc52c,mixed,3,6,7,6,2200.0,200.0,3,5,4,2,3,5,4,10200.0,9100.0,9400.0,164,81000.0,78199.98427294195,3900.029696524143,7399.998139590025,17300.015315413475,6599.962944164872,13300.0,8400.0,ok,1398.0,1491.0,1591.0,1693.0,14400.0,116600.0,1.0665236051502145,1.064110622250157,9.050911376492772,3973e022e93220f9212c18d0d0c543ae7c309e46640da93a4a0314de999f5112,True,1,0,7,0,0,8388608,100,5,2cf6fe6bc52ca9b0c580828a67d0e3b2
bx1,tuning,bx1-k3-4-6f4b1568a0b2,impeqv_dom,3,14,37,8,2800.0,200.0,5,14,9,3,19,45,31,23700.0,24700.0,14300.0,363,188700.0,185000.01169741154,6200.018106028438,14800.08359067142,38900.00516548753,14699.995517730713,16600.0,31100.0,ok,4184.0,4287.0,1855.0,1922.0,16200.0,168100.0,1.0246175908221797,1.0361185983827492,8.733153638814017,50868f20258bbc9cce0da2719e8654c108733dd2f663b8737c574ec0ead93eb3,True,1,0,37,0,0,8388608,100,5,6f4b1568a0b24d9f538b69e1ddaf3168
bx1,tuning,bx1-k3-5-9d6635482dd7,mixed,3,6,6,6,2100.0,200.0,3,8,5,2,3,8,5,8000.0,8100.0,9000.0,158,56900.0,54200.00525191426,0.0,1500.011421740055,15500.030713155866,5000.008968636394,12000.0,7100.0,ok,1492.0,1559.0,1513.0,1577.0,13300.0,81100.0,1.0449061662198391,1.0423000660938533,8.790482485128884,beead77994cf573341ec17b58bbf7eb34d2711c993c1d976b128b3188dc1829a,True,1,0,6,0,0,8388608,100,5,9d6635482dd776daa8fdfaeb834e3d4b
bx1,tuning,bx1-k3-6-6e2e20f77614,andor_dom,3,5,5,5,1800.0,200.0,2,4,3,2,2,4,3,7900.0,6800.0,8100.0,139,61200.0,59000.01269765198,2099.9868866056204,4500.034265220165,14800.025383010507,4799.978341907263,10700.0,6400.0,ok,1239.0,1346.0,1402.0,1754.0,14100.0,85700.0,1.0863599677159,1.2510699001426533,10.057061340941512,9e076ceaf246b6003d9c2680a2b4cf0bffd069805902b0b5edeebf49039fe4bd,True,1,0,5,0,0,8388608,100,5,6e2e20f7761486ffa97f9643074ee08b
bx1,tuning,bx1-k3-7-7eea095f4c98,mixed,3,5,5,5,2200.0,200.0,2,4,3,2,2,4,3,8200.0,7200.0,8500.0,138,60800.0,58500.0088904053,2500.019036233425,2299.9884095042944,15599.97326694429,4699.977580457926,11400.0,6400.0,ok,1417.0,1386.0,1566.0,1432.0,16100.0,88100.0,0.9781227946365562,0.9144316730523627,10.280970625798211,3e151409ace91cb3394fecd59e92b5dc42c0aad29993a1858f2f70a0866a539b,True,1,0,5,0,0,8388608,100,5,7eea095f4c986451937dd28e2dc782e7
bx1,tuning,bx1-k3-8-a6d677a5a9c6,xor_dom,3,16,38,5,2100.0,300.0,2,3,3,2,19,22,20,20500.0,26100.0,16100.0,413,182600.0,179499.99892152846,16199.948731809855,26399.997295811772,25200.017262250185,8899.980457499623,11400.0,32500.0,ok,3588.0,3647.0,1424.0,1500.0,13500.0,176200.0,1.01644370122631,1.053370786516854,9.480337078651685,fe1dcd3abfcd6b1655a026e60a05d03a7f71e4b6070f36e6c7e9c4b6f3d3bf1b,True,1,0,38,0,0,8388608,100,5,a6d677a5a9c6e5a710b944d3546e59a6
bx1,tuning,bx1-k4-1-3d5e8d379589,andor_dom,4,9,11,9,2800.0,300.0,5,11,8,4,5,11,8,13800.0,12800.0,10600.0,232,107600.0,104799.9830916524,4200.0028770416975,8900.00956133008,24999.986635521054,10800.024028867483,17100.0,11300.0,ok,1921.0,2006.0,2163.0,2265.0,14100.0,128300.0,1.0442477876106195,1.0471567267683772,6.51872399445215,6b50da4c7475bcec045cadc909f0de41b16eb0a92ff8b1477f0020c937f044ec,True,2,0,22,0,0,8388608,100,5,3d5e8d3795898edaa2d1f391c12bd94e
bx1,tuning,bx1-k4-2-dc59c9d65758,andor_dom,4,8,9,8,2500.0,200.0,4,4,4,3,4,4,4,13100.0,11600.0,9700.0,206,107700.0,104899.98385310173,5700.043402612209,8300.034096464515,21700.019715353847,9499.985026195645,14700.0,9500.0,ok,1509.0,1584.0,1912.0,1996.0,13900.0,119100.0,1.0497017892644136,1.0439330543933054,7.2698744769874475,0c3f8fb85969c5f63bbb8cd980c4089845e43c24d46f2f3d36dac81ec4a6b5e9,True,2,0,18,0,0,8388608,100,5,dc59c9d65758cde975d26a122e6a5109
bx1,tuning,bx1-k4-3-ab064aa12f01,mixed,4,9,10,8,2600.0,200.0,4,8,6,3,5,8,6,12900.0,11700.0,10000.0,226,108200.0,105299.98689889908,6500.020390376449,7700.000423938036,24900.014977902174,9299.983503296971,14500.0,10100.0,ok,1732.0,1805.0,1865.0,1960.0,13300.0,122800.0,1.042147806004619,1.0509383378016086,7.131367292225201,fc5c2283015b212d975b85e56b2a75aac4b50bd5aba30cbe74f62857c380bd47,True,2,0,20,0,0,8388608,100,5,ab064aa12f01ab07398c8f0813f4e1ad
bx1,tuning,bx1-k4-4-341296acd12a,andor_dom,4,8,9,8,2600.0,200.0,4,6,5,3,4,6,5,13000.0,11400.0,10300.0,207,103400.0,100700.01007989049,5100.009730085731,8600.007276982069,22000.051103532314,9700.015652924776,14900.0,9200.0,ok,1629.0,1722.0,1920.0,2006.0,14000.0,136400.0,1.0570902394106814,1.0447916666666666,7.291666666666667,dc957fb3268bfbc0fe10280b72493204a4a93b515bc94d24bd3a535c3f1cec88,True,2,0,18,0,0,8388608,100,5,341296acd12a5b8fb41f5050d99bae4c
bx1,tuning,bx1-k4-5-2c4ebec5300e,mixed,4,8,8,8,2500.0,300.0,4,7,5,2,4,7,5,12900.0,10900.0,9700.0,202,90100.0,87299.9953571707,3599.9983083456755,6900.023436173797,20700.012100860476,7299.997378140688,15200.0,8000.0,ok,1633.0,1728.0,1766.0,1858.0,16400.0,120700.0,1.0581751377832211,1.0520951302378256,9.28652321630804,a5f6a4547f1b079ee5452d9ca3ddca4e9c67df04289297a3865575f3f14539b3,True,2,0,16,0,0,8388608,100,5,2c4ebec5300e3642aed0c42d51ad00d1
bx1,tuning,bx1-k4-6-cfc288ac73fb,xor_dom,4,20,55,13,5000.0,200.0,9,16,16,7,27,27,27,29300.0,32700.0,19900.0,516,359200.0,354399.9919202179,32899.95947852731,51800.01608096063,64100.02242773771,37999.96920861304,27300.0,40600.0,ok,4775.0,4863.0,3381.0,3480.0,16600.0,350500.0,1.0184293193717278,1.0292812777284828,4.909790002957704,51cf98f7d7cc561328db7f0f423f71139a220416148bc30dc5fc9c8f495b0a7f,True,2,0,110,0,0,8388608,100,5,cfc288ac73fb764f9742ae15cc8de6be
bx1,tuning,bx1-k4-7-3e9177a0a359,andor_dom,4,7,7,6,2000.0,200.0,2,5,4,2,3,5,4,9900.0,9600.0,9400.0,183,86000.0,83199.99324157834,3700.028173625469,4300.032742321491,19100.058125331998,7199.996616691351,12000.0,8100.0,ok,1420.0,1489.0,1430.0,1512.0,16100.0,110100.0,1.0485915492957747,1.0573426573426574,11.258741258741258,576058b879ad23fe9231e3e6bbc2ddb5547e70f54b9311e3ea35b63cda778021,True,2,0,14,0,0,8388608,100,5,3e9177a0a3593dfa8363df00fbb4d704
bx1,tuning,bx1-k4-8-9e6b3f348e02,mixed,4,7,7,7,2100.0,200.0,3,9,6,2,3,9,6,9400.0,10300.0,9800.0,183,73200.0,70599.98461045325,0.0,4400.033503770828,18699.996871873736,7500.028004869819,14700.0,8400.0,ok,1653.0,1744.0,1658.0,1754.0,15900.0,94900.0,1.0550514216575924,1.057901085645356,9.589867310012062,86284851da241f87363910fbd25eb577ae625901035874a8b63300e0d42d9350,True,2,0,14,0,0,8388608,100,5,9e6b3f348e02367e9f2d6939a90b0157
bx1,tuning,bx1-k5-1-034e0f291fe2,andor_dom,5,9,9,9,2700.0,300.0,4,4,4,3,4,4,4,14400.0,11200.0,10800.0,225,109600.0,106699.9975591898,6099.988240748644,6200.018106028438,23399.974452331662,10999.9964479357,16500.0,9900.0,ok,1540.0,1620.0,1908.0,2009.0,13800.0,150500.0,1.051948051948052,1.0529350104821802,7.232704402515723,6f51d2666b29c657b5100faacd6816cf6bc25fb330e8ae537bb99e0ea8490e33,True,4,0,36,0,0,8388608,100,5,034e0f291fe2129ff5c840daf6a5e9e9
bx1,tuning,bx1-k5-2-2c0d115977c9,mixed,5,14,16,14,4200.0,300.0,9,22,14,2,9,22,14,19200.0,19800.0,13500.0,338,151100.0,147499.98808838427,2000.01522898674,8599.978173151612,41799.93993602693,17200.043657794595,30500.0,15300.0,ok,3217.0,3256.0,3224.0,3304.0,17900.0,185200.0,1.0121230960522225,1.0248138957816377,5.552109181141439,6143256ea532cef7b52c2b02d1b0cb8c7500d6465e1a93f315999298b376d38e,True,4,0,64,0,0,8388608,100,5,2c0d115977c91fa7c7e69867ea273f8c
bx1,tuning,bx1-k5-3-2df622ee85b3,xor_dom,5,19,53,13,3900.0,300.0,8,12,9,4,26,40,33,28300.0,29400.0,19100.0,486,278700.0,274399.99394118786,20799.896446987987,35900.011425837874,56200.04958473146,24900.014977902174,22800.0,50900.0,ok,5896.0,5988.0,2949.0,3061.0,16300.0,310900.0,1.0156037991858888,1.037978975924042,5.527297388945406,0de99e9d3584c7d8e58d818956422633581f33bfb40079949c52c7cf00ab0886,True,4,0,212,0,0,8388608,100,5,2df622ee85b309c9a2d4baf0becea65c
bx1,tuning,bx1-k5-4-c147eb2ddd37,andor_dom,5,12,14,11,3400.0,300.0,6,9,7,2,7,10,8,19800.0,17800.0,13000.0,296,149400.0,145900.00500902534,9200.011845678091,13300.043065100908,30799.94348809123,14200.049918144941,24600.0,12800.0,ok,2208.0,2306.0,2414.0,2520.0,17600.0,180700.0,1.0443840579710144,1.043910521955261,7.290803645401823,bca5c616901bd9250b3ff9847df58a80dce917799789900b1f45afa2f67f9ea3,True,4,0,56,0,0,8388608,100,5,c147eb2ddd37348849bdb3a05817a921
bx1,tuning,bx1-k5-5-a102e1e6ae56,impeqv_dom,5,23,82,13,4000.0,300.0,8,22,14,3,47,122,78,32700.0,43200.0,21000.0,580,227500.0,223800.01610144973,3200.024366378784,21799.991372972727,51399.98393133283,20200.00829361379,25600.0,61200.0,ok,12579.0,12595.0,2962.0,3039.0,18300.0,241900.0,1.0012719612051832,1.0259959486833221,6.178257933828494,917b0f241a54adf2a7621d1364c6cd65d0810137aa21ecb37539007ea88feae4,True,4,0,328,0,0,8388608,100,5,a102e1e6ae5644e6f1866b788b1b8100
bx1,tuning,bx1-k5-6-116409bdc50c,mixed,5,11,11,10,2800.0,200.0,5,8,6,3,6,8,6,16000.0,15200.0,11800.0,265,132300.0,128799.99121651053,7000.05330145359,10100.018698722124,29400.078346952796,10400.050086900592,17400.0,10700.0,ok,1962.0,2063.0,2209.0,2282.0,17200.0,160900.0,1.0514780835881754,1.0330466274332277,7.786328655500227,b8c7f44e7b8503569d12a3f3c52a7540395f01a7416a8ae111c683b83b02bfea,True,4,0,44,0,0,8388608,100,5,116409bdc50c96488b8c18592d9dd143
bx1,tuning,bx1-k5-7-31414d038c89,xor_dom,5,21,52,12,3900.0,200.0,7,12,10,5,27,30,27,33600.0,31700.0,19500.0,527,306100.0,301899.99961294234,26400.055503472686,41099.992813542485,55099.98300112784,27500.034775584936,22600.0,42300.0,ok,5586.0,5655.0,2874.0,2987.0,15800.0,322900.0,1.0123523093447906,1.0393180236604036,5.497564370215727,c3c0795e66efdb4893dfbea5904c0264813b066194206a9d9dc51fdc29434600,True,4,0,208,0,0,8388608,100,5,31414d038c89d07ba7be4651278c13c6
bx1,tuning,bx1-k5-8-0e1e9c457194,andor_dom,5,11,11,10,3000.0,200.0,5,8,6,2,6,8,6,19300.0,22000.0,15500.0,262,190700.0,185500.01550465822,15400.000847876072,11600.001016631722,40100.01430287957,13399.956515058875,19100.0,10900.0,ok,1995.0,2070.0,2205.0,2302.0,15000.0,153900.0,1.037593984962406,1.0439909297052155,6.802721088435374,e6bef58a11fdfb6803208006b5064a62868e99ef09c185c62776cecbada1e076,True,4,0,44,0,0,8388608,100,5,0e1e9c45719487f626e2b2e3fec8739b
bx1,tuning,bx1-k6-1-ac26b8df9ebe,andor_dom,6,12,13,10,2900.0,300.0,4,10,8,3,6,10,8,16000.0,20200.0,12800.0,298,153100.0,149400.00255592167,8399.976650252938,9399.984264746308,37899.99755099416,16800.040611997247,18000.0,15000.0,ok,2216.0,11514.0,2219.0,11429.0,21300.0,175300.0,5.195848375451264,5.150518251464623,9.598918431726002,3ed2b9d2e8aead855936cc675b7dd59402c2db788ff8c164dd46d78f9a95d464,True,8,48,104,24,24,8388608,100,5,ac26b8df9ebe5cfd73a7e131c1fb6168
bx1,tuning,bx1-k6-2-ffc059d624c2,mixed,6,12,13,10,3200.0,300.0,4,8,7,3,6,8,7,16300.0,17000.0,13100.0,296,160800.0,156699.99993406236,8999.98121894896,17300.04441924393,33299.99162815511,15900.033758953214,18000.0,12300.0,ok,2204.0,9690.0,2405.0,10616.0,17800.0,184800.0,4.396551724137931,4.414137214137214,7.401247401247401,fecdd560447fcdd00b65d7b2346f087ae28ba0a7ccad3c5a26996194d2f72e19,True,8,48,104,24,24,8388608,100,5,ffc059d624c231c84857b6d3fc7288c6
bx1,tuning,bx1-k6-3-ce65022b9fb4,andor_dom,6,11,11,11,3200.0,300.0,5,9,7,3,5,9,7,19800.0,18700.0,13500.0,272,141000.0,136899.99468624592,6299.989763647318,8500.006515532732,32800.016924738884,13499.957276508212,22100.0,10900.0,ok,3139.0,11936.0,2420.0,10882.0,18200.0,172600.0,3.8024848677922907,4.496694214876033,7.520661157024794,965425c496880102a23b9bb3b622c940f98677ee48cf209044732608565c1468,True,8,48,88,24,24,8388608,100,5,ce65022b9fb43122e39355b3447e35cc
bx1,tuning,bx1-k6-4-5eff59fb232a,mixed,6,12,13,12,3600.0,300.0,6,6,6,3,6,6,6,22000.0,24900.0,13100.0,297,173500.0,169199.97869990766,10799.96582120657,14299.992471933365,34600.03063082695,16399.979358538985,29400.0,16200.0,ok,2007.0,8567.0,4752.0,17732.0,19200.0,215500.0,4.268560039860488,3.7314814814814814,4.040404040404041,6eea92dc369a2dc0b787ee1e430ea8253af8bc2835240652b5a1016d0a24a40b,True,8,48,104,24,24,8388608,100,5,5eff59fb232a9934bd6d5955d0652bb2
bx1,tuning,bx1-k6-5-66ebf761dca1,andor_dom,6,11,11,9,2700.0,200.0,3,7,6,2,5,7,6,14800.0,15800.0,12500.0,270,135900.0,132199.98800195754,7900.00194683671,8799.95059221983,30099.967261776328,13699.987903237343,16300.0,11600.0,ok,1912.0,9743.0,2090.0,10034.0,17900.0,157800.0,5.09571129707113,4.800956937799043,8.564593301435407,438bbe3675971dbdad9e96dfc2d1874c752fbb27cf06a3f4643eb8f8879dd493,True,8,48,88,24,16,8388608,100,5,66ebf761dca172ad2ee7a1b488dd56c5
bx1,tuning,bx1-k6-6-2d863b86e83a,impeqv_dom,6,25,65,24,15200.0,700.0,18,44,30,7,35,87,58,35400.0,40400.0,22100.0,617,334400.0,329800.00833049417,10799.96582120657,26300.025638192892,75299.96219091117,42300.0892624259,65300.0,53300.0,ok,9693.0,73378.0,6582.0,36756.0,22700.0,409300.0,7.5702053027958325,5.5843208751139475,3.4487997569127926,65af7220a3badb6d357bd7ad6a22e4e99780c02e975ab5a9cf4eb72e9fac2483,True,8,48,520,40,56,8388608,100,5,2d863b86e83a8daaad1f4a3307211b06
bx1,tuning,bx1-k6-7-fa21ca943885,mixed,6,15,18,12,3400.0,300.0,6,14,10,3,9,16,12,22700.0,31300.0,15200.0,370,182300.0,178199.98902268708,10600.02250596881,12899.894500151277,40199.98596049845,16799.953300505877,26100.0,16600.0,ok,2759.0,15286.0,2634.0,13368.0,22600.0,293300.0,5.540413193185937,5.075170842824601,8.580106302201974,dfa2795fd2560a0399c10a1341bffb96778104541181e1eb5bcbb1161510f7c8,True,8,48,144,32,24,8388608,100,5,fa21ca9438851982b8af7092c3b57630
bx1,tuning,bx1-k6-8-7ebdf5d9f846,xor_dom,6,20,56,12,4100.0,300.0,6,10,9,3,28,29,28,36900.0,64200.0,42800.0,500,388000.0,381399.99378472567,36299.985367804766,49900.00161342323,68199.99543949962,42600.033339113,29900.0,47800.0,ok,5405.0,33684.0,2636.0,12250.0,18700.0,340100.0,6.232007400555042,4.647192716236722,7.094081942336874,e9355ae0ee1835ecb045dae2bc25d4bc454005e743fc0329c2551c4e3dec56fd,True,8,48,448,32,24,8388608,100,5,7ebdf5d9f84654a7bcaed18c98258b0d
bx1,tuning,bx1-k7-1-5ff39721fc88,andor_dom,7,14,15,9,2600.0,200.0,2,6,6,2,7,7,7,17400.0,18800.0,14600.0,340,190600.0,185599.9871622771,13600.016245618463,13799.98866468668,36599.92944449186,17499.987734481692,16300.0,14700.0,ok,3018.0,12671.0,1853.0,6810.0,17700.0,255300.0,4.198475811795891,3.6751214247166755,9.552077711818672,34786c07d664b0dfc25b038850de5499efd11016b94e0fc7bbf1a224d5113d48,True,16,112,240,64,32,8388608,100,5,5ff39721fc88b1a8a5a24f7bc6cbba34
bx1,tuning,bx1-k7-2-e0fc1bb3261b,mixed,7,14,15,14,11900.0,600.0,7,17,12,4,7,17,12,54300.0,36300.0,23800.0,344,188100.0,181300.01262761652,5100.038833916187,11900.003300979733,46200.03164745867,25899.96438473463,29200.0,15600.0,ok,3487.0,12506.0,3020.0,11589.0,19800.0,191100.0,3.586464009176943,3.837417218543046,6.556291390728477,b8ee779cb8c5eb0beb1bf480e65e9803111b57412577edae72a1423f383b04f2,True,16,112,240,64,64,8388608,100,5,e0fc1bb3261b62320541d273cfbe44c6
bx1,tuning,bx1-k7-3-6c16cb84b240,xor_dom,7,26,115,19,6900.0,300.0,12,25,22,6,57,69,63,41500.0,46900.0,23300.0,657,452200.0,446599.99548457563,36500.04509836435,65099.8845230788,89599.983766675,52799.994591623545,83400.0,88300.0,ok,11051.0,72357.0,6962.0,25207.0,22300.0,445100.0,6.547552257714234,3.6206549841999425,3.20310255673657,844cd7fc286c4123bcbc0b95df454c8be52ea115c0aeaf637d2bf177f75a1163,True,16,112,1840,112,96,8388608,100,5,6c16cb84b240f21671593b323da8e05c
bx1,tuning,bx1-k7-4-8a9246588c00,andor_dom,7,16,17,14,4300.0,300.0,7,13,10,3,9,13,10,23200.0,19800.0,24700.0,382,229900.0,221499.99858811498,13500.044587999582,16500.00922381878,51899.958634749055,29899.99484270811,30700.0,20000.0,ok,4366.0,13559.0,4043.0,11088.0,20500.0,246400.0,3.1055886394869447,2.742517932228543,5.070492208755875,54995ea77c2b16a8d95d3fc713813ba295f81e4847eb399e7ecec4bc4b7ce8e0,True,16,112,272,64,48,8388608,100,5,8a9246588c00c3a48bc164937853d93b
bx1,tuning,bx1-k7-5-c9bc83e08a2e,impeqv_dom,7,29,62,29,20400.0,800.0,22,63,42,7,31,90,60,57100.0,53900.0,25100.0,731,669400.0,664199.9934799969,2899.9929782003164,35900.011425837874,160200.0556886196,126000.05720742047,102800.0,96700.0,ok,18557.0,85520.0,7247.0,35581.0,24100.0,366100.0,4.608503529665356,4.909755761004553,3.3255140057955015,8f2bf1a497fa86adaf46247de1fc06111c83dd7d5acf9cd434a0de581d5fdfa6,True,16,112,992,64,112,8388608,100,5,c9bc83e08a2e5ab2a6122aefe0b3d382
bx1,tuning,bx1-k7-6-f354ff655ae6,mixed,7,13,13,12,3500.0,300.0,5,8,7,3,6,8,7,19900.0,16200.0,13900.0,314,163300.0,159200.0189702958,10299.991117790341,9800.016414374113,38600.09019263089,17799.990018829703,20700.0,12200.0,ok,4272.0,20049.0,4755.0,9475.0,19200.0,222900.0,4.69311797752809,1.9926393270241851,4.037854889589905,02b1b0272cd3edb1600af80596fed6cb2dbbce970e06855c973cc3030a75504a,True,16,112,208,48,48,8388608,100,5,f354ff655ae68d12d56ddb1694b369b8
bx1,tuning,bx1-k7-7-6f54a0caffbb,andor_dom,7,14,15,11,3300.0,300.0,4,11,9,3,7,11,9,26600.0,26300.0,16900.0,343,234700.0,230399.9790456146,12899.95270781219,13699.987903237343,40099.985199049115,20099.978428333998,28100.0,14100.0,ok,2587.0,11156.0,2425.0,10091.0,19400.0,205200.0,4.312330885195207,4.161237113402062,8.0,3745959b8dc7bf972951241a7e492452284dfe12f6dacab712bb34c57f56deff,True,16,112,240,48,48,8388608,100,5,6f54a0caffbb99f01de2eaa6f04abbe3
bx1,tuning,bx1-k7-8-31960f6785ea,mixed,7,16,17,15,4000.0,200.0,8,17,12,3,9,17,12,27100.0,22800.0,16700.0,384,185300.0,181100.01110471785,7400.027243420482,15099.940355867147,45100.023271515965,19600.00372491777,26200.0,22300.0,ok,3024.0,13765.0,6337.0,24617.0,20700.0,296900.0,4.55191798941799,3.884645731418652,3.26652990373994,fb1d0487129833c3401e3a60402f1d05d7ff1adbb6dd3ba1a3039b0fe62ec7a7,True,16,112,272,64,48,8388608,100,5,31960f6785ea570b99d64be942bc4dce
bx1,tuning,bx1-k8-1-4e47cb5cd5b6,andor_dom,8,18,20,17,4900.0,300.0,9,11,10,4,10,11,10,34800.0,31700.0,18400.0,434,372100.0,365599.98989105225,20500.010577961802,25999.994250014424,82700.01853816211,36800.01827888191,38900.0,18400.0,ok,2713.0,13255.0,5555.0,17649.0,20400.0,334400.0,4.88573534832289,3.177137713771377,3.672367236723672,9f6e49b04ee86bd513a46fd1c97e098b8eb0f96924bbd2794be3f59555a6ae30,True,32,256,640,96,128,8388608,100,5,4e47cb5cd5b69bcfd719d4ac6068c6c8
bx1,tuning,bx1-k8-2-a182f8acff49,impeqv_dom,8,28,94,28,8300.0,300.0,20,54,36,6,49,128,86,72400.0,53000.0,25600.0,694,372400.0,367400.0035971403,4299.974534660578,27299.97504502535,89299.95237849653,54100.004490464926,59600.0,122200.0,ok,19168.0,70452.0,6751.0,28007.0,23900.0,352300.0,3.675500834724541,4.14857058213598,3.5402162642571473,8b7875dd32eb966f016e3fd28a016328a763518beeee69e2d6f88c364768d679,True,32,256,3008,160,192,8388608,100,5,a182f8acff49c11d3ef08d27856710fa
bx1,tuning,bx1-k8-3-afe9419ba99d,mixed,8,20,22,20,6300.0,300.0,12,23,16,3,12,23,16,31900.0,37800.0,49000.0,476,360300.0,353099.9820213765,13100.012438371778,33999.99695830047,82999.99171867967,42200.03029331565,44100.0,21900.0,ok,3777.0,15157.0,5581.0,19655.0,37700.0,510600.0,4.0129732592004235,3.5217702920623544,6.755061816878696,d18ac77ccd418be3ea78e236f39efa0a39eccfa942edd7a9cf6dd87e694a0ba6,True,32,256,704,96,96,8388608,100,5,afe9419ba99da1754207a2ecf55c469f
bx1,tuning,bx1-k8-4-f19b51fae83a,andor_dom,8,16,17,13,6300.0,600.0,5,7,7,4,8,8,8,45700.0,47300.0,28900.0,387,378700.0,371700.00723563135,29300.019377842546,23199.972929432988,83599.96718354523,41399.995097890496,40000.0,29400.0,ok,2256.0,18684.0,2390.0,10468.0,18000.0,218400.0,8.28191489361702,4.379916317991632,7.531380753138075,6bfda650328bb3de7368ee86ae030866c7c95772f0b4d56a96124e009213ca0d,True,32,256,544,96,128,8388608,100,5,f19b51fae83ab75f67f487b56c96c709
bx1,tuning,bx1-k8-5-e450c9286a4b,andor_dom,8,15,15,12,6200.0,500.0,4,11,9,3,7,11,9,49700.0,49800.0,29300.0,360,577800.0,570600.0083591789,21800.020476803184,47299.95271191001,212399.95840005577,47900.015488266945,40200.0,32700.0,ok,3787.0,10800.0,2451.0,9710.0,18700.0,206400.0,2.8518616318986005,3.9616483068135455,7.62953896368829,df011df91ca5053f5dd5d482f1005f40217484210d2d70002af80d424af24c47,True,32,256,480,96,96,8388608,100,5,e450c9286a4b75188f2525837394d3f7
bx1,tuning,bx1-k8-6-64c2a6d682df,impeqv_dom,8,27,60,27,11000.0,500.0,19,54,35,6,33,92,59,45000.0,54300.0,24300.0,660,294400.0,284000.0088326633,0.0,18499.966245144606,78600.04552640021,43000.00728107989,61300.0,47400.0,ok,10111.0,46473.0,10774.0,58395.0,22300.0,396200.0,4.59628127781624,5.419992574716911,2.069797661035827,27891780ec8e448b119c5dc9cfc94faba3eca39177fa458804258b4d4324a512,True,32,256,1920,160,192,8388608,100,5,64c2a6d682df173dee0ef1896f738c84
bx1,tuning,bx1-k8-7-09fc993513d7,mixed,8,15,15,15,4000.0,200.0,7,15,11,4,7,15,11,29100.0,26000.0,14500.0,363,166200.0,162300.01347139478,6099.988240748644,9700.015652924776,38399.94315057993,18399.994587525725,32000.0,14200.0,ok,4527.0,13902.0,3466.0,12733.0,37600.0,409800.0,3.07090788601723,3.6736872475476052,10.848240046162724,4f158000b47e4689beeec4a55c010155d5f95ffe1e0643fd9eb925e725a0d601,True,32,256,480,96,128,8388608,100,5,09fc993513d7e644f90133989f40f63b
bx1,tuning,bx1-k8-8-21adfede2a12,andor_dom,8,20,23,19,5500.0,300.0,11,16,13,3,12,16,13,67300.0,52400.0,21500.0,478,249700.0,244800.00138282776,15300.029190257192,20100.007532164454,54500.03664009273,27499.976567924023,34400.0,20800.0,ok,4402.0,17350.0,5576.0,16911.0,21400.0,276700.0,3.9413902771467515,3.032819225251076,3.8378766140602583,dbf6879a50bc62709899f57bdbc6fa686a2113d9461a924c4daa9d566b4a94e0,True,32,256,736,128,96,8388608,100,5,21adfede2a12c2886e347d09a80ac9d1
bx1,tuning,bx1-k10-1-ce8ba79b76b0,mixed,10,21,22,20,7900.0,300.0,10,20,15,3,11,20,15,29500.0,27100.0,18900.0,500,257800.0,253100.00637546182,11700.00177808106,21200.01590810716,64799.998654052615,32299.984013661742,42800.0,28500.0,ok,7810.0,33574.0,5706.0,20960.0,21400.0,276200.0,4.298847631241998,3.6733263231685944,3.7504381352961795,bf1133aff1ed584dcfebd2d8cfd40ab4dbd176c9840cf4eeff1b82b6b4587f7b,True,128,1280,2816,384,384,8388608,50,5,ce8ba79b76b0ba54ca0b1db699d85b79
bx1,tuning,bx1-k10-2-e17d064cca67,andor_dom,10,23,25,22,6000.0,400.0,12,21,16,3,13,21,16,33400.0,30400.0,20700.0,544,292900.0,286900.0018108636,17199.956346303225,21899.992134422064,65899.91971850395,31900.01007169485,37000.0,25400.0,ok,4250.0,17650.0,4766.0,16092.0,25700.0,410100.0,4.152941176470589,3.376416281997482,5.392362568191356,eb4c672ced2de1a76d4a2403041d4ac0eeb2b73b824c7ec93028a5747bfbdac7,True,128,1280,3200,384,384,8388608,50,5,e17d064cca67024299d5bbac1258b783
bx1,tuning,bx1-k10-3-16f87b523a35,mixed,10,22,24,22,10900.0,600.0,12,21,16,3,12,21,16,33600.0,30700.0,20500.0,526,259400.0,254899.99097771943,12300.006346777081,19099.970813840628,63499.988755211234,32599.957194179296,53400.0,22300.0,ok,4130.0,16440.0,4836.0,16248.0,20900.0,281100.0,3.9806295399515736,3.359801488833747,4.321753515301903,06fed3f06e44dfc17f35ad059ace2c26aeef00978d4ae10a4763490b0a32dd83,True,128,1280,3072,512,384,8388608,50,5,16f87b523a35164be73301b34d212037
bx1,tuning,bx1-k10-4-23d83455c005,andor_dom,10,24,26,21,6300.0,300.0,11,20,15,4,14,21,16,32800.0,35400.0,32900.0,567,570400.0,563300.0109810382,34800.00304989517,45199.93672147393,133300.05458556116,62500.03934837878,49000.0,32200.0,ok,4150.0,17660.0,4450.0,14890.0,20800.0,306000.0,4.255421686746988,3.346067415730337,4.674157303370786,650f04850fc8aa5bdf56eb89cd57e29e202b41d5857d7a03713a5341d50bfa76,True,128,1280,3328,384,512,8388608,50,5,23d83455c005b89b0513919ce5be401d
bx1,tuning,bx1-k10-5-9bbcf8dd3e01,impeqv_dom,10,33,63,33,16100.0,600.0,23,55,38,7,32,80,55,45900.0,93700.0,55100.0,807,824000.0,812999.9914672226,19999.97766688466,70200.01066848636,235600.07684864104,123099.86050240695,102100.0,85100.0,ok,14028.0,45178.0,16798.0,42262.0,30300.0,524300.0,3.220558882235529,2.5158947493749255,1.8037861650196452,fc3f1b016da13b03f0c85a6e9d3f0ab2d5bcf2150664877c4d1be31543186ee8,True,128,1280,8064,512,896,8388608,50,5,9bbcf8dd3e0149f882f57d4076f9d84c
bx1,tuning,bx1-k10-6-85ff4d86e6c8,mixed,10,20,21,20,5700.0,200.0,10,20,15,3,10,20,15,29600.0,26800.0,19300.0,480,234100.0,229199.999012053,10000.017937272787,18199.963960796595,57300.08706450462,28300.011763349175,33200.0,19100.0,ok,5018.0,27518.0,4774.0,16176.0,22300.0,262900.0,5.483858110801116,3.388353581901969,4.671135316296606,9ec7d6a737abdce839f03b08acdb4e6691734ca923a6cd4d01a8bbc1045e827f,True,128,1280,2688,384,384,8388608,50,5,85ff4d86e6c8c0d9e4ca8c07f394e95b
bx1,tuning,bx1-k10-7-8246a0ff1e16,andor_dom,10,21,23,19,5400.0,300.0,9,15,13,5,11,15,13,30600.0,26900.0,23200.0,505,249700.0,244599.99985992908,16900.041373446584,15099.998563528061,57299.9706491828,29899.965738877654,31100.0,19600.0,ok,3424.0,15026.0,4068.0,15240.0,19300.0,321100.0,4.388434579439252,3.746312684365782,4.744346116027532,9b89ca8226b6112656f0c4cabccc93534b4026a6150565073fd85e4c03812db1,True,128,1280,2944,640,640,8388608,50,5,8246a0ff1e166187576e293cd8d04664
bx1,tuning,bx1-k10-8-77067f84ea1d,mixed,10,23,27,19,5600.0,300.0,9,18,15,4,13,19,16,32500.0,41600.0,46600.0,558,308900.0,303300.01027323306,19399.914890527725,29900.023946538568,64100.02242773771,35299.977753311396,32300.0,22400.0,ok,7426.0,37030.0,8096.0,35572.0,21700.0,372600.0,4.986533800161594,4.3937747035573125,2.6803359683794468,eea5060d15db70e5e032a78ce7ea32ca0f710efc3d3bf60fe8f921498c6f3a7e,True,128,1280,3456,384,512,8388608,50,5,77067f84ea1da1bfaf0b99360374c009
bx1,tuning,bx1-k12-1-dcaeee786843,andor_dom,12,27,29,23,6600.0,400.0,11,19,16,5,15,19,16,36600.0,35400.0,22700.0,635,326000.0,320399.9949619174,21699.961507692933,22799.96988363564,75299.90398325026,39299.95000362396,36100.0,24600.0,ok,6915.0,19540.0,7220.0,17240.0,21600.0,378800.0,2.8257411424439622,2.3878116343490303,2.9916897506925206,43e053d4256b86f12322d11b9de2728424bb39c997bbfaa95e97eb0032bf3958,True,512,6144,14848,2560,2560,8388608,20,5,dcaeee786843d10664d1d9075a3d551d
bx1,tuning,bx1-k12-2-56fe11ff64c7,mixed,12,23,23,21,5600.0,300.0,9,17,14,3,11,17,14,41400.0,93300.0,25800.0,549,313300.0,308399.99089948833,18299.99382607639,26699.999580159783,68900.05897730589,37900.05575865507,51900.0,20600.0,ok,6270.0,16060.0,6810.0,15540.0,21000.0,294100.0,2.56140350877193,2.2819383259911894,3.0837004405286343,dac62da81c27bdf3c5095c9ca757bd0e9721a3c943f4211b507a5f581fd49f26,True,512,6144,11776,1536,1536,8388608,20,5,56fe11ff64c7a692c568b910bca1f2ea
bx1,tuning,bx1-k12-3-0e386c458b97,andor_dom,12,25,26,21,5700.0,300.0,9,16,14,4,13,16,14,32800.0,31500.0,22800.0,590,296300.0,291000.003926456,19899.976905435324,21400.046534836292,67900.05136281252,35200.03519952297,36700.0,25200.0,ok,5530.0,17445.0,6120.0,15790.0,21400.0,322700.0,3.1546112115732368,2.5800653594771243,3.496732026143791,2a56b6c49cbac5a8b5c86b2ea4e0ba49adbf21af05e16d221c9b054471f1db10,True,512,6144,13312,2048,2048,8388608,20,5,0e386c458b97236a1cb5788eb0f0d157
bx1,tuning,bx1-k12-4-fa0f34a0d7ca,mixed,12,30,34,28,10300.0,400.0,16,33,24,4,18,33,24,57800.0,61800.0,52900.0,711,378800.0,371100.0026669353,21200.04501193762,31400.035368278623,87099.96473044157,48799.99323748052,61100.0,39600.0,ok,16700.0,37420.0,11345.0,23510.0,28700.0,462300.0,2.2407185628742514,2.0722785368003525,2.5297487880123404,9e02b50eac043198077de892e99d6dcd4da0c8468a8ae6ea2c46f7c87675bf83,True,512,6144,17408,2048,2048,8388608,20,5,fa0f34a0d7ca8395c44f2fe157823fdb
bx1,tuning,bx1-k12-5-933f221d92f9,andor_dom,12,23,23,20,5100.0,200.0,8,11,11,6,11,11,11,39200.0,35800.0,20500.0,546,334200.0,329100.0030003488,21100.073354318738,20499.95237030089,74100.09857267141,36799.960071220994,43200.0,19700.0,ok,7760.0,32300.0,8960.0,30900.0,35100.0,569900.0,4.162371134020619,3.4486607142857144,3.9174107142857144,d480fcda3d28f9df6104543c3e49775d0f63b53c9820430ad4c7c5b4cc5a4b41,True,512,6144,11776,2560,3072,8388608,20,5,933f221d92f9e42626d06e4bac938665
bx1,tuning,bx1-k12-6-ab8ebfd94e71,impeqv_dom,12,34,72,34,16100.0,800.0,22,62,41,6,38,107,70,90900.0,94700.0,58400.0,829,708800.0,698400.0210650265,4700.0066842883825,34999.94636513293,184699.86389391124,138500.0068694353,103900.0,88600.0,ok,73055.0,61510.0,22035.0,55810.0,72000.0,420200.0,0.8419683799876805,2.532788745178126,3.2675289312457454,6dcea35bb2d25f0467e558a31d9fc4463da58a2739192244dc708d9963d1cf8c,True,512,6144,36864,2048,3072,8388608,20,5,ab8ebfd94e7121a69b1d94786ae9c692
bx1,tuning,bx1-k12-7-f4216d709297,mixed,12,24,24,24,6500.0,300.0,12,23,17,4,12,23,17,34900.0,31000.0,20400.0,569,291100.0,286299.9972421676,11399.999493733048,23999.979021027684,68800.05821585655,35399.97851476073,36600.0,20300.0,ok,8045.0,18305.0,8725.0,17555.0,24500.0,635600.0,2.2753262896208826,2.0120343839541546,2.8080229226361033,ec19433f76563af73d590b5694269c71451213a84f29c0b196b80b3af6b4cf32,True,512,6144,12288,1536,2048,8388608,20,5,f4216d709297ea6daed114cf7ea737ee
bx1,tuning,bx1-k12-8-ff7ab4c2ccae,andor_dom,12,26,28,22,6300.0,300.0,10,17,15,4,14,17,15,88300.0,134000.0,42800.0,616,408900.0,402800.0112157315,28399.983420968056,29000.017093494534,87800.0573720783,47000.00863522291,59400.0,24100.0,ok,7655.0,35925.0,8925.0,25675.0,28500.0,379000.0,4.69301110385369,2.876750700280112,3.19327731092437,94d7e06d8895fe73fb4fae5f7444e7cc1bb2a5deaad8eae976d6fd963db7b568,True,512,6144,14336,2048,2048,8388608,20,5,ff7ab4c2ccae34850007d3df9a257fa0
bx1,tuning,bx1-k16-1-00faa20cf21f,andor_dom,16,33,34,30,12800.0,700.0,14,22,19,4,17,22,19,53700.0,49400.0,56000.0,777,513100.0,503199.9899074435,28400.04162862897,34600.14704614878,171800.05670525134,62000.06464496255,68400.0,27900.0,ok,47360.0,50920.0,35280.0,39540.0,57900.0,544400.0,1.0751689189189189,1.120748299319728,1.464339908952959,d53b9a68dab51f0da8f7984fa75fa6c3b30b50a274e12d5289ebd56795db4e1f,True,8192,131072,278528,32768,32768,8388608,5,5,00faa20cf21f8654c0317cc3490477d5
bx1,tuning,bx1-k16-2-7a57c9d7559d,impeqv_dom,16,44,91,41,11300.0,300.0,25,70,47,7,47,123,83,105800.0,94400.0,69700.0,1073,584000.0,577700.0042144209,5699.985194951296,31100.091291591525,135300.04071071744,114099.96659494936,71100.0,73200.0,ok,342840.0,250120.0,173560.0,105280.0,88100.0,768400.0,0.7295531443238829,0.6065913805024199,0.8368161094224924,4f466d23ffe144b5124259ffabcb2630adc9cb1d10c5b7384c06001c75f28433,True,8192,131072,745472,40960,57344,8388608,5,5,7a57c9d7559d9837fb9909e1ba7f8391
bx1,tuning,bx1-k16-3-5054f67d71a1,andor_dom,16,36,38,34,9200.0,400.0,18,27,22,5,20,27,22,51000.0,47000.0,27800.0,845,716600.0,709300.0167515129,41699.99738223851,62500.03934837878,195900.0073838979,94800.02336204052,54500.0,31200.0,ok,45100.0,47400.0,52520.0,46540.0,83300.0,546100.0,1.0509977827050998,0.8861386138613861,1.7898581865062313,64fc80a81adcf57aa807e2c69c4c2ad49f2659c00858bf80bb75fef476b23956,True,8192,131072,311296,32768,40960,8388608,5,5,5054f67d71a1b6ae9cb0cda4216ad5ac
bx1,tuning,bx1-k16-4-31d43debdd10,mixed,16,32,33,32,7600.0,300.0,16,32,24,5,16,32,24,54100.0,59100.0,25700.0,762,416900.0,412199.9954804778,15800.00389367342,32099.98249076307,101199.95567947626,56099.90330412984,54700.0,27100.0,ok,64580.0,46860.0,74060.0,49680.0,62400.0,594900.0,0.7256116444719728,0.6708074534161491,1.2560386473429952,263344caa8e1642eea283ad058cf301e041381b05e849db068a20e6e83da75b8,True,8192,131072,270336,32768,40960,8388608,5,5,31d43debdd10c266328d907bf8e2baa1
bx1,tuning,bx1-k16-5-d9d873c51a93,xor_dom,16,39,48,26,8400.0,300.0,10,28,25,5,24,29,26,45400.0,54700.0,30800.0,942,638100.0,631299.9757938087,47400.09899251163,93299.98283647001,124900.0197276473,95800.00187270343,51800.0,37800.0,ok,49300.0,63680.0,44640.0,45300.0,64000.0,669200.0,1.291683569979716,1.0147849462365592,1.4128035320088301,5e67584e1d859e2e584e98787eba1d799f639da7bbb5a623810d669f72232bca,True,8192,131072,393216,32768,40960,8388608,5,5,d9d873c51a93afd036c6b4946d576a42
bx1,tuning,bx1-k16-6-d8a917bace96,mixed,16,37,40,36,8800.0,300.0,20,46,32,6,21,46,32,51100.0,47900.0,29400.0,874,411000.0,404499.9950565398,14600.023860111833,32200.04145987332,98499.99332800508,58799.952967092395,55200.0,32500.0,ok,88600.0,56260.0,91100.0,68340.0,72000.0,564300.0,0.6349887133182844,0.7501646542261251,1.0535557506584723,9ac5751ddd60e313dbf1fa4f890d8b8299aa66416cd4e1c3afb92e7d3a9bc58b,True,8192,131072,327680,49152,49152,8388608,5,5,d8a917bace962a7fa02b9af71c289999
bx1,tuning,bx1-k16-7-8facb8315cfa,andor_dom,16,44,52,44,19400.0,600.0,28,41,32,5,28,41,32,66200.0,68400.0,58600.0,1041,1022400.0,1009100.0003740191,63800.0201433897,76899.94527027011,243999.9661874026,144700.0540792942,130600.0,79000.0,ok,134780.0,124420.0,72380.0,71580.0,139100.0,712900.0,0.9231339961418608,0.9889472229897762,1.943280245878737,58920619d6f8de9d357799535db7f88d493f01888c8ec4a9c7370c9a8816588f,True,8192,131072,425984,57344,40960,8388608,5,5,8facb8315cfa2a6fca384fb0b4853908
bx1,tuning,bx1-k16-8-a9644a6c5c5b,mixed,16,40,45,32,11300.0,300.0,16,30,24,6,24,32,26,57300.0,57000.0,38700.0,945,503100.0,495499.9894835055,31700.008548796177,38199.941627681255,109499.9024644494,66200.00931434333,64100.0,33900.0,ok,63500.0,53500.0,66220.0,48200.0,65400.0,734600.0,0.84251968503937,0.7278767743884023,1.3568464730290457,ad124e329f2b7dea66f0426285fc88030ed17330d2b93901d6aec19904cb7bb7,True,8192,131072,368640,32768,49152,8388608,5,5,a9644a6c5c5b94b455663c24d3ecfa1f
b2,held_out,b2-k4-xor_dom-tree-1-8b6c553e4c62,xor_dom,4,10,12,10,6800.0,700.0,6,9,7,4,6,9,7,39900.0,27900.0,20700.0,251,390100.0,382700.00368356705,17999.991541728377,27699.978090822697,71799.99374784529,27099.973522126675,39500.0,33000.0,ok,3061.0,2834.0,2335.0,2910.0,19000.0,179400.0,0.9258412283567462,1.246252676659529,8.137044967880085,8e05696833e6832e8ad694ea4bef56ad3e4d9944c35799f8a67e1fc7312907e6,True,2,0,24,0,0,8388608,100,5,8b6c553e4c623adeaaf6b1ab12c89fbb
b2,held_out,b2-k4-xor_dom-tree-2-186a2a5c9bf0,xor_dom,4,7,7,6,2200.0,300.0,2,3,3,2,3,3,3,10800.0,9900.0,10400.0,183,92000.0,89399.98224377632,8100.003469735384,8700.008038431406,18899.99839477241,7299.997378140688,11900.0,8600.0,ok,1387.0,1451.0,1467.0,1559.0,14000.0,108300.0,1.046142754145638,1.0627130197682344,9.54328561690525,a22175a602c02145cc695f9333f8ddfcc5cf32cebe88d461f157889dfd8e9468,True,2,0,14,0,0,8388608,100,5,186a2a5c9bf05ce9f5cd3f1ba7dcfc20
b2,held_out,b2-k4-xor_dom-tree-3-128078f3da7b,xor_dom,4,12,14,11,3700.0,300.0,7,11,8,3,8,11,8,20400.0,18600.0,12800.0,291,168700.0,165099.9765843153,11399.970389902592,18300.022929906845,37899.939343333244,13799.98866468668,24000.0,12700.0,ok,2216.0,2486.0,2479.0,3787.0,17500.0,239900.0,1.121841155234657,1.5276321097216619,7.059298104074223,62e7c221122cae8423ae3abd29d9fc9c53287f46a67c831dc0fd497948602a48,True,2,0,28,0,0,8388608,100,5,128078f3da7bb66e7b480d8a5126b627
b2,held_out,b2-k4-xor_dom-tree-4-9a5b24a5b691,xor_dom,4,9,11,6,2200.0,200.0,2,3,3,2,5,5,5,22600.0,26700.0,25800.0,232,129500.0,126200.00052265823,9800.04551820457,15700.003132224083,23900.065571069717,9900.01717582345,12800.0,10500.0,ok,1714.0,1738.0,1447.0,1530.0,15300.0,146900.0,1.014002333722287,1.0573600552868003,10.573600552868003,bf03ae910baf5f6fdb652b910c8004017dd76989a1ecd128aef435bdf5bfdff9,True,2,0,22,0,0,8388608,100,5,9a5b24a5b691079e8950391d76714c61
b2,held_out,b2-k4-xor_dom-shared-1-b3e4cd19e589,xor_dom,4,14,35,8,3200.0,500.0,4,7,6,3,17,19,18,29000.0,23400.0,15000.0,362,261400.0,256800.00544525683,20700.012100860476,30700.000934302807,54299.97690953314,24200.009647756815,17200.0,30200.0,ok,3431.0,3623.0,2185.0,2114.0,16700.0,248000.0,1.0559603614106674,0.9675057208237986,7.643020594965675,9a83c6cb1126d93de4a30715b28f1f4b26b983c57fb39e6d826d7e893ae4ee74,True,2,0,70,0,0,8388608,100,5,b3e4cd19e58938c2d0357fec6b80eb57
b2,held_out,b2-k4-xor_dom-shared-2-d4c0909c8173,xor_dom,4,20,53,11,3900.0,300.0,7,14,12,5,27,29,27,29100.0,43200.0,19300.0,505,437100.0,431899.9999668449,40300.0449296087,59399.98663961887,86000.04366599023,36700.01751743257,26300.0,42400.0,ok,5026.0,5864.0,2855.0,3237.0,31800.0,593600.0,1.166732988460008,1.133800350262697,11.138353765323993,bfa9ad6c53bd4fa5c103452ec0f0c7e0d582abdd55bb8f39362c766dd459e870,True,2,0,106,0,0,8388608,100,5,d4c0909c81730352433585d489c6f933
b2,held_out,b2-k4-xor_dom-shared-3-88f8242fa307,xor_dom,4,20,46,8,3100.0,300.0,4,8,7,3,23,24,23,21400.0,31700.0,19700.0,512,282000.0,277000.0137388706,25999.877834692597,39300.03731511533,46399.945858865976,21500.105503946543,16900.0,36300.0,ok,4565.0,4692.0,2191.0,3132.0,27300.0,493100.0,1.0278203723986856,1.429484253765404,12.460063897763579,ae8f3419f2285fc482b01c8e22707b13699ad50038026ce4618391aa1c675671,True,2,0,92,0,0,8388608,100,5,88f8242fa3078a0b324089c8677355b4
b2,held_out,b2-k4-xor_dom-shared-4-28c644b1084a,xor_dom,4,18,43,10,3700.0,300.0,6,9,8,4,21,23,22,44900.0,56000.0,33100.0,466,471100.0,463799.9809347093,39499.95152652264,63500.04696287215,88999.95009414852,48400.04839934409,20600.0,35700.0,ok,4348.0,5246.0,2443.0,3211.0,18100.0,291100.0,1.2065317387304508,1.3143675808432256,7.408923454768727,8fe99e1d4b27948fd5e99e3883f6e2954b653363a4874606a09becab762842ad,True,2,0,86,0,0,8388608,100,5,28c644b1084a1cde8e56428c422b610d
b2,held_out,b2-k4-andor_dom-tree-1-ea13a53017b8,andor_dom,4,7,7,6,2400.0,300.0,2,5,4,2,3,5,4,10200.0,9900.0,9600.0,181,84100.0,81200.00711642206,4000.0013541430235,5399.982910603285,18999.97005239129,7399.998139590025,12900.0,8800.0,ok,1473.0,1570.0,1529.0,1651.0,13800.0,105300.0,1.0658520027155465,1.0797907128842381,9.025506867233485,0d9ba34f231adf13041d4ad21fdfbf7209755748963a9c4683e00cef9a30f068,True,2,0,14,0,0,8388608,100,5,ea13a53017b87e9e0931d2c14563d2c8
b2,held_out,b2-k4-andor_dom-tree-2-e674d60a6337,andor_dom,4,9,10,9,2600.0,200.0,5,6,5,3,5,6,5,14400.0,12500.0,10300.0,225,115200.0,112200.01033507288,7499.969797208905,9400.013368576765,27600.006433203816,9600.043995305896,17500.0,11100.0,ok,1693.0,1745.0,4164.0,4296.0,29000.0,251500.0,1.0307147076196101,1.031700288184438,6.964457252641691,40b7b0acaa3a96600fe748a9adb72e7d390fff319c0a222f724ecd7159384a8d,True,2,0,20,0,0,8388608,100,5,e674d60a6337dea4f87502f3a49715b1
b2,held_out,b2-k4-andor_dom-tree-3-269b85d31c4b,andor_dom,4,7,7,7,4700.0,600.0,3,5,4,2,3,5,4,35000.0,25300.0,17600.0,182,155800.0,150399.9810665846,8200.004231184721,6499.991286545992,36199.98460635543,14100.020052865148,24800.0,19700.0,ok,1414.0,1500.0,2462.0,2985.0,26400.0,182700.0,1.0608203677510608,1.2124289195775793,10.722989439480097,5eace7caa8a101d3105c0c338da64e3d62dd7d90b1e4f9a2846f43f9e99ab977,True,2,0,14,0,0,8388608,100,5,269b85d31c4b598a18aa024675dbc917
b2,held_out,b2-k4-andor_dom-tree-4-d96f9fff14ea,andor_dom,4,9,11,9,5300.0,300.0,5,5,5,3,5,5,5,22900.0,21100.0,20500.0,231,202000.0,197099.9874174595,16200.006939470768,14700.02462156117,40599.9890062958,18999.97005239129,32600.0,19800.0,ok,2807.0,2936.0,2038.0,2102.0,16500.0,150500.0,1.0459565372283577,1.0314033366045143,8.096172718351324,830dcc860e2f53775bdab51b1b2ff210ce23f6366ac76fba9168f62702456c31,True,2,0,22,0,0,8388608,100,5,d96f9fff14eaa8f53817655268fa6ba3
b2,held_out,b2-k4-andor_dom-shared-1-17ce9f3e12c6,andor_dom,4,18,45,11,4400.0,300.0,7,15,14,7,22,26,24,29300.0,30500.0,20100.0,462,305000.0,300300.0165335834,29999.995604157448,29200.047720223665,57099.99823011458,34800.032153725624,28600.0,39300.0,ok,4412.0,4061.0,2731.0,2813.0,17600.0,374400.0,0.9204442429737081,1.030025631636763,6.444525814719883,48b576dfc3447c7a0e6b513608937a23d02e6330c5ed01b0fc4ca98b2bca1feb,True,2,0,90,0,0,8388608,100,5,17ce9f3e12c650b4e3da3174950665b6
b2,held_out,b2-k4-andor_dom-shared-2-f7cba4ce652b,andor_dom,4,16,31,10,4300.0,200.0,6,10,10,5,15,15,15,23600.0,23900.0,16100.0,411,274600.0,270199.99106414616,25800.050934776664,27999.980375170708,51899.98773857951,28800.01557059586,22900.0,27000.0,ok,2918.0,2991.0,2432.0,2648.0,16700.0,257200.0,1.025017135023989,1.0888157894736843,6.8667763157894735,085edad400785fca7e7e90b1fac4beb776fc2beee5aa24352d5f39b5d57efcad,True,2,0,62,0,0,8388608,100,5,f7cba4ce652beb639b4716f01ea72b8a
b2,held_out,b2-k4-andor_dom-shared-3-44c5bbe1b3b1,andor_dom,4,18,48,11,3400.0,300.0,7,11,9,4,26,31,26,25500.0,27600.0,18700.0,452,262500.0,258200.01610554755,23199.94382560253,25899.96438473463,48900.023102760315,25000.01573935151,23900.0,40000.0,ok,7046.0,7328.0,4311.0,4286.0,47800.0,253000.0,1.040022707919387,0.9942008814660172,11.08791463697518,8509b81230019d2ad970d970f791dfbdc8caf54f5c594fcd327cef9feed206c1,True,2,0,96,0,0,8388608,100,5,44c5bbe1b3b124fc2ca5faf1b50a402a
b2,held_out,b2-k4-andor_dom-shared-4-f79caff75ff2,andor_dom,4,15,39,9,3400.0,300.0,5,8,8,5,19,19,19,25900.0,29100.0,17100.0,387,235400.0,230599.98056851327,21399.98832717538,22200.081730261445,42699.97589290142,25200.104573741555,21500.0,31700.0,ok,3327.0,3466.0,4322.0,4500.0,28100.0,469400.0,1.0417793808235647,1.041184636742249,6.501619620546044,474f2af47544e9c7ce4338cabd43c5ca1c26432b7300ce387406157ea433891f,True,2,0,78,0,0,8388608,100,5,f79caff75ff29481a248e8ff52e9ed81
b2,held_out,b2-k4-impeqv_dom-tree-1-d73fd085a946,impeqv_dom,4,7,7,7,2300.0,300.0,3,9,6,2,3,9,6,9700.0,11100.0,10400.0,183,74700.0,71799.99374784529,0.0,4800.036549568176,18700.05507953465,7599.999662488699,14700.0,8700.0,ok,1594.0,1685.0,1599.0,1683.0,16200.0,105100.0,1.0570890840652447,1.0525328330206378,10.131332082551594,fac7a6ffd3e55613018acf3b37a17e37f496208ce155acaa10324695365069e4,True,2,0,14,0,0,8388608,100,5,d73fd085a946a9591b8180e6bf562e1a
b2,held_out,b2-k4-impeqv_dom-tree-2-cf78873f00c4,impeqv_dom,4,8,9,8,2700.0,200.0,4,12,8,3,4,12,8,10900.0,12700.0,10600.0,208,98700.0,95399.99882690609,0.0,6599.992047995329,24299.981305375695,11099.96810555458,16300.0,9900.0,ok,1880.0,1943.0,2632.0,2008.0,16900.0,125800.0,1.0335106382978723,0.7629179331306991,6.420972644376899,f3569af837bfacd4b4b6d0e65c49197d37f1adb3bea6b311aed40bf0e7c19204,True,2,0,18,0,0,8388608,100,5,cf78873f00c41b8314c06bdd1ea7b949
b2,held_out,b2-k4-impeqv_dom-tree-3-0dc01f652163,impeqv_dom,4,9,11,7,2300.0,200.0,3,5,4,2,5,11,8,14600.0,13100.0,15800.0,233,131200.0,127899.9843634665,5100.009730085731,8600.036380812526,23000.058718025684,8600.036380812526,13900.0,11800.0,ok,1914.0,1979.0,1654.0,1734.0,21800.0,206700.0,1.0339602925809823,1.0483675937122128,13.180169286577993,c06b3cef20609e99f07633eef2aced3698988d513f39c51d4537da1357179f21,True,2,0,22,0,0,8388608,100,5,0dc01f65216357ec5ed0c7856f6b0625
b2,held_out,b2-k4-impeqv_dom-tree-4-0bc2267938a0,impeqv_dom,4,7,7,7,2500.0,300.0,3,9,6,2,3,9,6,9600.0,10200.0,9600.0,183,79500.0,76900.00347793102,0.0,3599.940100684762,18899.969290941954,7499.969797208905,14700.0,8600.0,ok,1647.0,1740.0,1620.0,1716.0,15900.0,102000.0,1.0564663023679417,1.0592592592592593,9.814814814814815,15b73ef77d3f7b4473e5e2ce1c8843189467ce6fd6df11d9065c5eb3c0ff877a,True,2,0,14,0,0,8388608,100,5,0bc2267938a0eadbe8796e7cc98327a6
b2,held_out,b2-k4-impeqv_dom-shared-1-093bd06ebf38,impeqv_dom,4,17,69,17,5500.0,300.0,13,30,21,6,39,73,51,29500.0,36300.0,18800.0,434,246600.0,242799.98615384102,10899.995686486363,16100.035281851888,51599.956350401044,27300.033252686262,34900.0,48000.0,ok,7691.0,7732.0,7276.0,7400.0,32900.0,451800.0,1.0053309062540632,1.017042330951072,4.521715228147333,6bad351a721281983a6e1f281d7336daf4112fd879642799cf6db6b2c12452a7,True,2,0,138,0,0,8388608,100,5,093bd06ebf38e8e2a4952bd6d737d9f3
b2,held_out,b2-k4-impeqv_dom-shared-2-85e742aeb5d6,impeqv_dom,4,16,43,15,8500.0,400.0,11,28,19,5,21,55,38,47200.0,52900.0,29500.0,414,355000.0,348699.9776214361,10399.991879239678,29599.876143038273,82600.04688054323,40299.98672194779,50300.0,63800.0,ok,5433.0,8984.0,3319.0,3344.0,24700.0,280200.0,1.6535983802687282,1.0075323892738777,7.442000602591142,29e6cfa2a6ac59fbab9d5c4d6d564f4255760cf51fd7457a3e7fe343d48ef318,True,2,0,86,0,0,8388608,100,5,85e742aeb5d6ea4aa8a62ebab266885e
b2,held_out,b2-k4-impeqv_dom-shared-3-8552cadc9761,impeqv_dom,4,19,53,19,6600.0,200.0,15,41,28,7,26,72,49,48800.0,40800.0,91600.0,493,268000.0,263800.0005390495,4500.034265220165,21399.930119514465,54500.03664009273,36900.0481441617,42500.0,43900.0,ok,6850.0,6335.0,4360.0,4485.0,19700.0,282200.0,0.9248175182481752,1.0286697247706422,4.518348623853211,5eac72d678bc6b54f36eebba0a3a7394388c0d248b38358a45456a92e9fc5724,True,2,0,106,0,0,8388608,100,5,8552cadc97618657cfda9d66fdc55bd8
b2,held_out,b2-k4-impeqv_dom-shared-4-f61110d6fca7,impeqv_dom,4,19,54,9,2800.0,300.0,5,14,9,3,27,80,53,25000.0,32100.0,18800.0,487,187600.0,183900.00332146883,0.0,13999.961083754897,45499.90990199149,22300.053387880325,17600.0,43500.0,ok,11969.0,12673.0,2907.0,4138.0,26600.0,337600.0,1.0588186147547831,1.4234606123151015,9.15032679738562,af35cf33330c8003d7af1221cd460af6401a1f4936caf864fc5772657e3ca072,True,2,0,108,0,0,8388608,100,5,f61110d6fca70cd8f1e204fa6bbef169
b2,held_out,b2-k4-mixed-tree-1-6a5b06e30521,mixed,4,10,12,10,5500.0,400.0,6,7,6,3,6,7,6,32000.0,25700.0,26200.0,251,229100.0,223800.01610144973,14900.026144459844,19200.029782950878,51399.95482750237,21500.018192455173,37400.0,26000.0,ok,1995.0,3200.0,2726.0,2424.0,23700.0,186800.0,1.6040100250626566,0.8892149669845928,8.694057226705796,e9af142af8c43e431b89ecd40f29bbd8c1068cad8afec9b8b07d2e0e9768edf6,True,2,0,24,0,0,8388608,100,5,6a5b06e30521fe3eb7c5520703fa4ceb
b2,held_out,b2-k4-mixed-tree-2-39dcef306168,mixed,4,11,13,11,3400.0,200.0,7,13,9,3,7,13,9,17400.0,16000.0,12300.0,271,137700.0,133299.99637790024,5099.980626255274,14099.99094903469,31100.03308393061,11700.00177808106,25100.0,13400.0,ok,2615.0,2430.0,4982.0,4810.0,23300.0,272900.0,0.9292543021032504,0.9654757125652349,4.676836611802489,d6702270d176bac32f4c82874128788420408e580e7c3a1be862bbfe2fb1a632,True,2,0,26,0,0,8388608,100,5,39dcef306168c12c385ff031195ea84c
b2,held_out,b2-k4-mixed-tree-3-42ca330baf1d,mixed,4,10,11,10,5600.0,500.0,6,12,8,2,6,12,8,27800.0,23300.0,20800.0,245,199400.0,193599.98987056315,7099.995855242014,15400.000847876072,50399.97631683946,18999.999156221747,30200.0,20600.0,ok,3891.0,3871.0,2705.0,4285.0,17500.0,157000.0,0.9948599331791314,1.5841035120147875,6.469500924214418,e8822f532ae9349b2b5743c494efd216ed4e44f9ebc82a6b1cb54895a5b88433,True,2,0,22,0,0,8388608,100,5,42ca330baf1dcce15bd68ebc23f919c1
b2,held_out,b2-k4-mixed-tree-4-21975d9e7f15,mixed,4,9,9,9,2600.0,300.0,5,9,6,2,5,9,6,13500.0,12300.0,10900.0,220,96100.0,93000.00965595245,3600.027412176132,5400.012014433742,24699.984351173043,7800.001185387373,16000.0,9500.0,ok,1730.0,1865.0,2115.0,2104.0,17300.0,138000.0,1.0780346820809248,0.9947990543735225,8.17966903073286,46cc6a8cb5bcc0120f98b84c71699b2ac5b90cb34a781ae2a83305fa98cd8e67,True,2,0,18,0,0,8388608,100,5,21975d9e7f1523cda197d6a2afc034fa
b2,held_out,b2-k4-mixed-shared-1-1f8d2534cdb0,mixed,4,17,35,11,3800.0,300.0,7,14,12,4,18,24,20,28400.0,27900.0,19400.0,432,269800.0,265100.0104378909,20000.035874545574,28399.983420968056,52299.932576715946,30699.942726641893,23300.0,31900.0,ok,3557.0,3565.0,3593.0,4807.0,24200.0,491900.0,1.002249086308687,1.337879209574172,6.735318675201781,b8811852747cfa3620c3dd2af5d59498c240f208e689b4052bac934c29faf094,True,2,0,70,0,0,8388608,100,5,1f8d2534cdb0abf755acdf0eb3981e20
b2,held_out,b2-k4-mixed-shared-2-8d20aba853af,mixed,4,17,30,14,7900.0,500.0,10,20,16,6,15,22,18,43200.0,46800.0,30400.0,435,457200.0,449599.9892242253,32000.010833144188,43400.01032687724,97099.98266771436,61600.032495334744,49900.0,47400.0,ok,4986.0,5953.0,3704.0,3783.0,19800.0,580100.0,1.1939430405134377,1.0213282937365011,5.345572354211663,fcf0a6c700dd13e274b6fba8deea8dd9b26e4eedde3495717cac8408c9c5177f,True,2,0,60,0,0,8388608,100,5,8d20aba853af3734903b0b621217f515
b2,held_out,b2-k4-mixed-shared-3-8ed832ddfd1a,mixed,4,20,54,17,13400.0,500.0,13,29,22,7,27,48,37,36100.0,68500.0,34300.0,510,433900.0,424600.0025887042,25000.01573935151,36400.07344074547,83399.99476447701,57399.94230680168,72400.0,89300.0,ok,10228.0,10283.0,6059.0,6483.0,33800.0,644700.0,1.005377395385217,1.0699785443142433,5.578478296748639,c0ba8a33ac67f44abff5984dfbb6f56c46b880ac2b86e1f23e7fa9c402c53ae7,True,2,0,108,0,0,8388608,100,5,8ed832ddfd1a1d2e71bb9b68f38cf7c1
b2,held_out,b2-k4-mixed-shared-4-22af367a203f,mixed,4,16,37,13,11600.0,500.0,9,24,18,6,18,40,29,43700.0,55100.0,32000.0,412,482600.0,467300.0075854361,23100.001271814108,43699.954403564334,107500.00365078449,71299.9317329377,78000.0,71000.0,ok,6395.0,9602.0,6258.0,7233.0,18700.0,338300.0,1.5014855355746677,1.1558005752636624,2.9881751358261424,339e8fdd18e00f5d48bda16256b4afabd5106771063c47c993e05676cd5264e9,True,2,0,74,0,0,8388608,100,5,22af367a203f3412d92a700f0b549191
b2,held_out,b2-k6-xor_dom-tree-1-bd603bfcb13b,xor_dom,6,12,13,10,3000.0,200.0,4,8,7,3,6,8,7,16400.0,17200.0,12900.0,297,160600.0,156699.99993406236,9500.014130026102,18199.99306462705,33599.96480867267,14899.96793679893,18000.0,12600.0,ok,2975.0,13880.0,3170.0,12737.0,31900.0,297300.0,4.665546218487395,4.017981072555205,10.063091482649842,134a2372b7a31f4577e0f1881cee72029d82b9b9f47e40e5367a07212656b59a,True,8,48,104,24,24,8388608,100,5,bd603bfcb13bb478d5ff8d74c3a97524
b2,held_out,b2-k6-xor_dom-tree-2-186d01415e6e,xor_dom,6,11,11,7,2900.0,200.0,1,5,5,1,5,5,5,36400.0,41800.0,40300.0,272,344800.0,337400.00799298286,24200.009647756815,39999.98443759978,67599.96176697314,29199.98951256275,13600.0,53900.0,ok,3380.0,25155.0,5031.0,30256.0,35700.0,431200.0,7.4423076923076925,6.0139137348439675,7.0960047704233755,1d32e4a54704fac550a359f8a10b86059decdcb9c5508b41ff340958805d1bc1,True,8,48,88,24,8,8388608,100,5,186d01415e6e19ebf25d33d46640fffa
b2,held_out,b2-k6-xor_dom-tree-3-db17c2d558b5,xor_dom,6,12,12,9,3100.0,200.0,3,7,6,2,6,7,6,62000.0,51800.0,35400.0,292,342700.0,337300.0072315335,18999.999156221747,27200.061595067382,94599.96363148093,23800.006601959467,18100.0,15500.0,ok,4141.0,17315.0,4083.0,21081.0,18800.0,254200.0,4.181357160106255,5.163115356355621,4.604457506735244,3771c86aaf3420499795d6e04e7615973a08aa7d0e4e4225479b5e45d6d790e9,True,8,48,96,24,16,8388608,100,5,db17c2d558b5dd43e8ec864eb16dc7be
b2,held_out,b2-k6-xor_dom-tree-4-55e169562c2e,xor_dom,6,13,14,11,3500.0,300.0,5,10,8,3,7,10,8,17900.0,18600.0,13800.0,317,208100.0,202399.9986704439,13000.01167692244,19599.974621087313,41999.99966658652,18499.995348975062,26500.0,13600.0,ok,2321.0,11004.0,3727.0,18948.0,19400.0,383200.0,4.741059887979319,5.083981754762544,5.205258921384492,77ec00a4540ec379e53185390153ae3788621199fb76ecced5ba563d8587d205,True,8,48,112,24,24,8388608,100,5,55e169562c2ed5d0f95d9ee8145e7c02
b2,held_out,b2-k6-xor_dom-shared-1-9e510ec73f56,xor_dom,6,25,50,14,12300.0,900.0,8,18,16,7,25,28,26,29400.0,38800.0,52300.0,628,672400.0,663999.9919570982,51400.12945048511,86300.01684650779,134900.0376649201,71900.02361312509,53300.0,47500.0,ok,9807.0,54343.0,3563.0,23408.0,38700.0,578500.0,5.541246048740695,6.5697445972495085,10.86163345495369,2aec3bc90a539e122dd54736db4e4400e5b5007095003e6c684efddffc04cfad,True,8,48,400,32,56,8388608,100,5,9e510ec73f56fd2d891893c5bffdec32
b2,held_out,b2-k6-xor_dom-shared-2-b6c3c0a8013a,xor_dom,6,20,31,10,7000.0,500.0,4,8,8,3,15,15,15,34000.0,52800.0,52300.0,505,353300.0,346699.99149627984,30899.973353371024,51599.956350401044,61499.973526224494,35399.949410930276,37200.0,49700.0,ok,3515.0,18737.0,2310.0,13889.0,18600.0,382900.0,5.330583214793741,6.012554112554112,8.051948051948052,009e38e0d30da65985e43e9b34e826fd6f0eca25b432424470acf2b2d76135f2,True,8,48,248,32,24,8388608,100,5,b6c3c0a8013a4d2b1970ce811663641e
b2,held_out,b2-k6-xor_dom-shared-3-032bd0c6858d,xor_dom,6,21,47,13,4400.0,300.0,7,17,14,4,23,35,29,31700.0,32500.0,20500.0,534,358400.0,351900.0019878149,27699.94898699224,48299.989430233836,68699.9992467463,41699.96827840805,26600.0,42000.0,ok,5478.0,36576.0,3184.0,19321.0,19800.0,356100.0,6.676889375684556,6.068153266331659,6.21859296482412,647e06729ebad981aa02e88ae05b3d081a43127e3d34b56fbde7c6413b78f788,True,8,48,376,32,32,8388608,100,5,032bd0c6858d6b4afd0094a7424cfa11
b2,held_out,b2-k6-xor_dom-shared-4-2ef76830fe72,xor_dom,6,22,80,10,3200.0,300.0,4,8,7,2,42,81,59,29100.0,33700.0,21300.0,553,324500.0,318899.98354017735,27500.034775584936,44499.96049515903,58600.009651854634,25299.988919869065,19100.0,79000.0,ok,10511.0,70269.0,2261.0,10647.0,17200.0,284700.0,6.685282085434307,4.708978328173375,7.607253427686865,edef7ad9513057d8979adaa108d88fbe5f634f3a3dc3c66f9364ef7e8032213f,True,8,48,640,40,16,8388608,100,5,2ef76830fe72100cfafd3031156ddbbc
b2,held_out,b2-k6-andor_dom-tree-1-0a0c172dd63a,andor_dom,6,11,11,9,2800.0,300.0,3,5,5,3,5,5,5,15500.0,16100.0,12300.0,270,142200.0,138600.00763088465,10200.048564001918,10899.995686486363,31000.032322481275,13099.954230710864,16700.0,11600.0,ok,1858.0,7585.0,3869.0,18496.0,18900.0,171900.0,4.082346609257266,4.780563453088654,4.884983199793228,f848de93b27124b7b13eaefeb6bfa0087e5ebbdf95e1833f4dd9ff0a83e967ac,True,8,48,88,24,24,8388608,100,5,0a0c172dd63ac6dbb5654a05eaf59115
b2,held_out,b2-k6-andor_dom-tree-2-eff74425a5c6,andor_dom,6,14,17,10,3300.0,300.0,4,7,7,4,8,8,8,22500.0,20000.0,14600.0,347,205100.0,200999.98801015317,17199.927242472768,17999.991541728377,41199.99357499182,20899.984519928694,20000.0,15700.0,ok,2182.0,10785.0,2206.0,10716.0,17200.0,213900.0,4.9427131072410635,4.85766092475068,7.796917497733454,cad6be77a54376f1a05420a4bc3d4683a92d6e8e364fbca00e2996debd78f326,True,8,48,136,24,32,8388608,100,5,eff74425a5c62e0a8ee9f7af08b7476d
b2,held_out,b2-k6-andor_dom-tree-3-d47d0c96cf7f,andor_dom,6,13,15,11,3400.0,200.0,5,8,7,3,7,9,8,19100.0,18400.0,13800.0,320,162800.0,159300.01973174512,10899.995686486363,10400.020983070135,34399.97090026736,16200.006939470768,21500.0,14400.0,ok,2156.0,10638.0,2372.0,9989.0,16500.0,178700.0,4.934137291280148,4.211214165261382,6.956155143338955,50914e4773046b53f84ce0f6f4539f4b538cc3fe27541eabae848d1b199cf00b,True,8,48,120,24,24,8388608,100,5,d47d0c96cf7fd5a658f4bb76c89f7a9c
b2,held_out,b2-k6-andor_dom-tree-4-9dc0cd28326c,andor_dom,6,14,17,11,3400.0,200.0,5,8,8,3,8,8,8,19600.0,18400.0,14000.0,347,184600.0,180100.00349022448,13600.04534944892,13199.954992160201,39100.03579221666,19799.917936325073,22100.0,15700.0,ok,2136.0,10501.0,4459.0,16126.0,18300.0,496200.0,4.9161985018726595,3.616505943036555,4.104059206100023,c9b8b2d93f46839e42d4fa0c013558ab346efeafcd9458aa0784a14e80460c26,True,8,48,136,24,24,8388608,100,5,9dc0cd28326ce254829e44c3b1a16e33
b2,held_out,b2-k6-andor_dom-shared-1-b8d344418390,andor_dom,6,24,52,16,4900.0,200.0,10,18,15,6,29,36,29,69700.0,37100.0,22700.0,593,326900.0,320899.9987691641,27900.096029043198,36300.04357546568,63300.04543997347,33400.05059726536,32900.0,42300.0,ok,5369.0,30126.0,4219.0,18856.0,20800.0,354800.0,5.611100763643137,4.469305522635696,4.930078217587106,3e990d45c83fa01d9bf0c64b79ed7678df3c723614f0f7eccdc3d196fa3073e9,True,8,48,416,32,48,8388608,100,5,b8d344418390aa1b1341778c11e98f9f
b2,held_out,b2-k6-andor_dom-shared-2-64893da6cbd9,andor_dom,6,24,84,14,4800.0,300.0,8,16,14,6,43,48,44,49900.0,37900.0,22400.0,598,411200.0,404699.99657943845,39800.01201853156,41399.907786399126,67799.96328987181,46699.889935553074,35500.0,63400.0,ok,7511.0,52423.0,3221.0,19349.0,20500.0,603700.0,6.979496738117428,6.007140639552934,6.364483079788886,46386ff0eccd7a7871daa3122b418bbf8e0d0180eca74808a53b2c3ed970f50e,True,8,48,672,48,48,8388608,100,5,64893da6cbd9f2e635bceb73d3fdd198
b2,held_out,b2-k6-andor_dom-shared-3-a125454cd529,andor_dom,6,21,41,12,7000.0,500.0,6,15,13,4,21,25,22,65000.0,62500.0,41200.0,527,558600.0,549799.9954968691,47500.04154630005,57999.975979328156,111200.0027205795,64199.99408535659,43600.0,63000.0,ok,6066.0,45989.0,2998.0,18676.0,18300.0,312600.0,7.58143752060666,6.229486324216144,6.104069379586391,3f710ac088db33363087de2b9a657541fe5447821debaa9fe5cbd538eb1a5f29,True,8,48,328,32,32,8388608,100,5,a125454cd529d4c8e17690dfb1168998
b2,held_out,b2-k6-andor_dom-shared-4-0dd35386d57d,andor_dom,6,20,41,13,4600.0,200.0,7,15,14,5,20,22,21,28600.0,29500.0,20000.0,501,303000.0,297399.99445155263,25400.076992809772,23999.979021027684,63999.96345862746,37899.99755099416,26500.0,34700.0,ok,3893.0,27482.0,3015.0,20308.0,35500.0,655000.0,7.059337272026714,6.735655058043117,11.774461028192372,1656c269d0236784b54b17c8ef8406cea69739a8e3a204b3cbb8bfa53449f35b,True,8,48,328,32,40,8388608,100,5,0dd35386d57dfaaca3377253436c56ef
b2,held_out,b2-k6-impeqv_dom-tree-1-c05059f5591f,impeqv_dom,6,11,11,11,3200.0,300.0,5,13,9,3,5,13,9,46100.0,37900.0,26400.0,272,127700.0,123400.00830590725,2099.9868866056204,9800.016414374113,30499.970307573676,13800.017768517137,21400.0,12100.0,ok,2402.0,12299.0,2522.0,11788.0,19300.0,202800.0,5.120316402997502,4.674068199841396,7.652656621728787,7524471d915b02b29cef6bb1183791a371f6ace366b980da3b4594da2e301b21,True,8,48,88,24,24,8388608,100,5,c05059f5591fb03830a6d165ccd50950
b2,held_out,b2-k6-impeqv_dom-tree-2-187a6f599749,impeqv_dom,6,14,15,14,10000.0,800.0,8,20,13,4,8,20,13,27500.0,26600.0,14000.0,337,168100.0,164299.99959655106,2699.9914553016424,9900.01717582345,41899.99890513718,16299.949493259192,70200.0,34900.0,ok,3064.0,16491.0,3317.0,16785.0,19800.0,239700.0,5.382180156657963,5.060295447693699,5.969249321676213,1e13d706fb3dda034bfb6bd79f1f24f0a35baa6c661823432c53d2ac2c6be21a,True,8,48,120,32,32,8388608,100,5,187a6f599749426908bf6ffdf8a53d6d
b2,held_out,b2-k6-impeqv_dom-tree-3-9df370a422d4,impeqv_dom,6,15,18,15,4200.0,300.0,9,22,15,3,9,22,15,23700.0,24300.0,15000.0,369,186600.0,182599.99342262745,4500.0051613897085,13900.018529966474,42200.00118948519,21499.989088624716,29100.0,16200.0,ok,3256.0,18043.0,3504.0,20369.0,21100.0,206000.0,5.541461916461916,5.8130707762557075,6.021689497716895,28a94295a090f24e443f2d252b023381603f14ffb2377f65b6be6020665e3e9a,True,8,48,144,24,24,8388608,100,5,9df370a422d43bf095998857fb41128c
b2,held_out,b2-k6-impeqv_dom-tree-4-07d0d6da2af7,impeqv_dom,6,14,17,14,4300.0,200.0,8,20,14,5,8,20,14,36000.0,37700.0,23100.0,350,223200.0,218200.0025641173,4999.979864805937,24599.983589723706,48899.99399892986,22399.99594166875,26700.0,16400.0,ok,3023.0,17297.0,3321.0,18064.0,19600.0,208600.0,5.72179953688389,5.439325504366154,5.901836796145739,8f70d951764efc3a27090723594ff891fe9fb6f0f120509230ab0b05e930f6b6,True,8,48,136,40,40,8388608,100,5,07d0d6da2af72423732742dae2858d4a
b2,held_out,b2-k6-impeqv_dom-shared-1-f68095cd3ba2,impeqv_dom,6,24,42,24,7700.0,300.0,18,49,33,7,21,56,38,32600.0,40500.0,21200.0,604,274900.0,269700.01636072993,3900.029696524143,20699.866581708193,67800.05060136318,38099.969970062375,44400.0,35900.0,ok,6662.0,53356.0,6027.0,38387.0,24400.0,446400.0,8.00900630441309,6.369172059067529,4.048448647751783,456fa9ee42dce63c64416e513d4e929a4ee3caabd2db6c1d980b63123ef8151d,True,8,48,336,24,56,8388608,100,5,f68095cd3ba2889cdc1c29844e0c9c77
b2,held_out,b2-k6-impeqv_dom-shared-2-22089ede1135,impeqv_dom,6,21,41,20,6600.0,300.0,14,39,26,6,20,56,38,30400.0,33000.0,20300.0,532,253800.0,248700.00197552145,3900.029696524143,21299.958461895585,63999.96345862746,34599.97242316604,37400.0,33800.0,ok,6427.0,63046.0,5026.0,30852.0,36200.0,519000.0,9.809553446398008,6.138479904496617,7.202546756864305,da5dc6f3940660a47e580ca74507b1073a28fc8818f12f7901782e7f17c39b91,True,8,48,328,40,48,8388608,100,5,22089ede1135fa54afe9f25462602668
b2,held_out,b2-k6-impeqv_dom-shared-3-32d1a4c2066e,impeqv_dom,6,24,49,22,6800.0,300.0,16,38,26,5,27,65,43,75900.0,75900.0,41600.0,599,348500.0,341699.98252764344,8899.980457499623,30500.02851523459,81499.9220892787,43399.98122304678,48300.0,40800.0,ok,7550.0,54058.0,6357.0,44010.0,21600.0,396400.0,7.16,6.923076923076923,3.3978291647003305,ea0d9f4b80c89400af7c42e36ca3620d6893ac17c46c1fe18b9f59bbc42433b8,True,8,48,392,32,40,8388608,100,5,32d1a4c2066ea302483a5e9001e64892
b2,held_out,b2-k6-impeqv_dom-shared-4-3e4e99468c60,impeqv_dom,6,23,43,23,8100.0,300.0,17,45,30,6,23,61,40,31300.0,85800.0,35700.0,573,312500.0,307400.0123888254,4400.0043999403715,25699.9337580055,79800.08376762271,44199.95821081102,44600.0,36200.0,ok,6828.0,51759.0,10895.0,60484.0,23000.0,304300.0,7.580404217926186,5.551537402478201,2.1110601193207894,f6b41ca15f86f66da7370a58a52c273cdddd507c80b432acf9de9d69ab5f6e54,True,8,48,344,32,48,8388608,100,5,3e4e99468c604c0792fd1951a4829f9a
b2,held_out,b2-k6-mixed-tree-1-9ecccc175ad2,mixed,6,13,15,13,3800.0,300.0,7,15,11,4,7,15,11,20300.0,18300.0,13900.0,322,162900.0,159099.989105016,5899.98671784997,13900.018529966474,35900.06963349879,21000.014385208488,24200.0,15100.0,ok,2614.0,13970.0,2955.0,14919.0,19000.0,194900.0,5.344299923488906,5.048730964467005,6.429780033840948,cc748c8dd498ebf4ba264da58e9b3b3c3cd35ba8a8d734c934c91675c283fc04,True,8,48,120,32,32,8388608,100,5,9ecccc175ad277dbcf0c90e75e26c502
b2,held_out,b2-k6-mixed-tree-2-40b1238ea748,mixed,6,14,16,14,4000.0,300.0,8,15,11,4,8,15,11,21500.0,20400.0,14400.0,344,170900.0,166800.0186327845,9099.981980398297,12600.008631125093,38700.03274641931,17999.991541728377,25200.0,14800.0,ok,2827.0,15059.0,4193.0,13748.0,18400.0,206300.0,5.326848249027237,3.278797996661102,4.388266157882184,50b964a05d1cc7f170c8e535883101b324eeedb8ca72b9b15fb11465c0efdc4c,True,8,48,128,32,32,8388608,100,5,40b1238ea7485d631141d917570e7cc6
b2,held_out,b2-k6-mixed-tree-3-aeb0c639e3f5,mixed,6,12,13,11,3500.0,200.0,5,10,8,3,6,10,8,20000.0,18600.0,13100.0,298,179800.0,175099.9945215881,7199.967512860894,13699.987903237343,39799.92470704019,16099.977074190974,28800.0,12600.0,ok,2208.0,10650.0,2910.0,12496.0,24400.0,259000.0,4.823369565217392,4.294158075601374,8.384879725085911,70502cbecab45d272c4e30db55dde2af39dabf59ea4cb5b06c13d6335e5470af,True,8,48,104,24,24,8388608,100,5,aeb0c639e3f54cd776046db8f6214870
b2,held_out,b2-k6-mixed-tree-4-987f3c678ab0,mixed,6,15,18,14,4700.0,300.0,8,16,12,4,9,16,12,44600.0,29800.0,19100.0,367,222100.0,216999.99342672527,10800.024028867483,20800.012862309813,46300.03240890801,21900.02123825252,29900.0,17600.0,ok,2862.0,14804.0,3247.0,14867.0,19200.0,389300.0,5.172606568832984,4.578688019710502,5.913150600554358,4506d091ec25797f922490bd81243c8f7290dc8a6844c6537f3e46dd4720faf9,True,8,48,144,24,32,8388608,100,5,987f3c678ab01dcbbc390a676451e56d
b2,held_out,b2-k6-mixed-shared-1-bf5809ef3c65,mixed,6,20,99,16,9600.0,500.0,10,20,17,6,49,59,54,56500.0,60600.0,38100.0,503,547100.0,538299.9952416867,43400.01032687724,41099.96370971203,121000.04823878407,75500.02192147076,58700.0,155900.0,ok,8627.0,76991.0,4007.0,25299.0,21200.0,361300.0,8.924423322128202,6.313701023209384,5.290741202894933,d80e470e33e534894d3e5df0e299031a7e9f0ac845d9035403c74342fad902d2,True,8,48,792,48,48,8388608,100,5,bf5809ef3c65a57e44e51e7bb7da73ed
b2,held_out,b2-k6-mixed-shared-2-33593cbc9843,mixed,6,25,48,20,6800.0,200.0,14,30,23,6,25,42,32,38800.0,43000.0,22300.0,624,369000.0,363300.00148154795,22200.1108340919,34099.88130442798,80200.02860575914,42499.91616234183,44600.0,36400.0,ok,6117.0,39965.0,4861.0,27876.0,29400.0,394200.0,6.533431420631028,5.734622505657272,6.048138243159844,991201b381b64d183be8d60df0a5b23afa16a6c4f1747ae0fafc957a288b8155,True,8,48,384,32,48,8388608,100,5,33593cbc98430d981a4d52e075da2368
b2,held_out,b2-k6-mixed-shared-3-a377b00385d6,mixed,6,25,73,21,7400.0,300.0,15,33,26,8,36,68,52,42300.0,76300.0,49400.0,636,455200.0,447800.0046219677,24399.952962994576,31499.919714406133,89100.00906325877,58399.9790251255,43700.0,58400.0,ok,15401.0,117361.0,5195.0,32152.0,35000.0,641300.0,7.620349327965717,6.18902791145332,6.737247353224254,5683fd468752a8eebd3fecdf82e47864ac13a8699d5fe2495930fb25fa755b75,True,8,48,584,40,64,8388608,100,5,a377b00385d6fc357716d386b7f5b90f
b2,held_out,b2-k6-mixed-shared-4-d71d1df79e0f,mixed,6,26,62,17,5400.0,300.0,11,22,17,5,34,57,42,67900.0,71300.0,43100.0,643,353500.0,347499.99758787453,24799.98511262238,31500.065233558416,74700.01582987607,39900.0127799809,32500.0,45700.0,ok,7643.0,45871.0,3870.0,21631.0,21400.0,438400.0,6.0017009027868635,5.589405684754522,5.529715762273902,649807f9b389602dad3c9be515538cf94aea9d5cc3dfb85d443ffc48f9d24360,True,8,48,496,32,40,8388608,100,5,d71d1df79e0f9ab661f2b60b133e10b7
b2,held_out,b2-k8-xor_dom-tree-1-e3305253a197,xor_dom,8,19,21,16,4900.0,400.0,8,13,11,3,11,13,11,25500.0,25600.0,19300.0,455,252300.0,247199.9905537814,17199.98545013368,28200.01100189984,54299.97690953314,26099.965907633305,27700.0,19400.0,ok,2927.0,12821.0,3275.0,11893.0,19300.0,285100.0,4.380252818585583,3.6314503816793895,5.893129770992366,46af8650e56cb3d8316990197ae711b02c6005066cac2953e04fc0ca70015a55,True,32,256,672,96,96,8388608,100,5,e3305253a197e6682a020c093232fbcd
b2,held_out,b2-k8-xor_dom-tree-2-13ed19191907,xor_dom,8,20,24,16,5000.0,300.0,8,17,14,4,12,17,14,26500.0,27800.0,18600.0,488,270600.0,265699.98590275645,16599.98088143766,31699.950341135263,57199.940783903,28899.958124384284,28300.0,21000.0,ok,3419.0,15372.0,3725.0,13614.0,19300.0,291000.0,4.49605147704007,3.654765100671141,5.181208053691275,e1816aca7b95dbe067940f525f729f06e1e3535d98b933099d96513ab738a3bc,True,32,256,768,128,128,8388608,100,5,13ed19191907ecffbdf1f46e78a39988
b2,held_out,b2-k8-xor_dom-tree-3-6411e7a81de6,xor_dom,8,20,23,16,4700.0,300.0,8,18,14,3,12,18,14,25900.0,27200.0,19300.0,483,254600.0,249600.00882856548,14899.96793679893,29000.04619732499,55699.90025833249,26899.971999228,27400.0,46700.0,ok,3422.0,16814.0,3349.0,13149.0,20300.0,312000.0,4.913500876680304,3.926246640788295,6.0615108987757536,e3b16859071e39ef7e23d1c58adf4b4d9f7bd4834a5d7fb37c7e5bd4ffc3bf12,True,32,256,736,128,96,8388608,100,5,6411e7a81de64d918d91ddbbc4eb04ba
b2,held_out,b2-k8-xor_dom-tree-4-c77ef7ea382c,xor_dom,8,18,20,16,4300.0,200.0,8,13,11,3,10,13,11,25700.0,23700.0,19100.0,435,237300.0,232599.9957975,14999.93959441781,24599.983589723706,50199.945690110326,27300.004148855805,27400.0,17300.0,ok,3384.0,21559.0,3309.0,12018.0,55100.0,684200.0,6.370862884160757,3.6319129646418857,16.6515563614385,64256c18b54a69684f950bf04e330c2a5d4ff3ee20ae16427bd89a85344dbdf6,True,32,256,640,96,96,8388608,100,5,c77ef7ea382c8d9f058c35d09d8210ed
b2,held_out,b2-k8-xor_dom-shared-1-39a6b403d2d3,xor_dom,8,27,54,18,11500.0,700.0,10,20,17,5,27,32,29,134100.0,93800.0,115400.0,670,1508200.0,1484900.014474988,119399.97784793377,157699.97844472528,275200.05824044347,182500.07997266948,68300.0,78500.0,ok,5761.0,33833.0,3930.0,17581.0,65000.0,494300.0,5.872765144940114,4.4735368956743,16.53944020356234,969e55e56254cb0c53aae5eaf2bf2ae32c59ac1ba8cda5ed517b46ff3a91b000,True,32,256,1728,128,160,8388608,100,5,39a6b403d2d3d5be2ee0d84f8e0d87b7
b2,held_out,b2-k8-xor_dom-shared-2-13d2013b2012,xor_dom,8,23,37,10,5600.0,500.0,2,10,9,2,18,24,21,21000.0,36000.0,21400.0,572,710000.0,701099.9834164977,56499.9645575881,102099.9625325203,144400.08089877665,80300.05847103894,30400.0,59000.0,ok,6084.0,47409.0,4173.0,18644.0,19000.0,426300.0,7.792406311637081,4.467768991133477,4.55307931943446,c685e7aa0cf19a6f715b097a9d3252953f12dde3bf98a0f43deef53ac6245c78,True,32,256,1184,128,64,8388608,100,5,13d2013b2012467757657a68f5afedbd
b2,held_out,b2-k8-xor_dom-shared-3-c2eeb3424108,xor_dom,8,27,61,14,5300.0,300.0,6,17,16,6,31,35,32,40900.0,54000.0,28800.0,673,871100.0,860700.0054325908,65400.00322274864,128299.98740926385,163200.10763593018,91399.9683689326,35800.0,50300.0,ok,9684.0,44397.0,3584.0,17102.0,20800.0,853700.0,4.58457249070632,4.771763392857143,5.803571428571429,6eb7bcba5a6aa5f243c21c44059f0b469b9f09ed9a02eb46abb5d3b379a21f83,True,32,256,1952,128,192,8388608,100,5,c2eeb34241088cd5bbb74df3b6d20411
b2,held_out,b2-k8-xor_dom-shared-4-b7ecc9bde8c8,xor_dom,8,32,80,23,8100.0,300.0,15,24,21,5,43,50,43,74900.0,101000.0,46300.0,789,645400.0,637099.9908540398,53800.002206116915,84200.02995990217,118799.94417540729,84300.00161752105,51100.0,72000.0,ok,10805.0,59258.0,5593.0,23582.0,21100.0,730900.0,5.48431281813975,4.216341855891293,3.7725728589308063,288e53bef7c9f70b78ec03366f445225a7937c0d6c72724b6d60e44db6fd53a4,True,32,256,2560,128,160,8388608,100,5,b7ecc9bde8c819e66e5f06353e700999
b2,held_out,b2-k8-andor_dom-tree-1-0a99939bca63,andor_dom,8,17,18,14,3900.0,300.0,6,12,10,3,9,12,10,25300.0,23900.0,16100.0,405,196900.0,192300.00907555223,13100.012438371778,12200.005585327744,45399.99645203352,21100.04425048828,25600.0,18300.0,ok,2668.0,14402.0,2764.0,10338.0,18900.0,388600.0,5.398050974512744,3.740231548480463,6.8379160636758325,8fd28e1480f36482da1a002c844de2475a8c1509bb3c5f17bc852f253674c754,True,32,256,576,96,96,8388608,100,5,0a99939bca6384a8377803d74a648c72
b2,held_out,b2-k8-andor_dom-tree-2-cbc8a38367ce,andor_dom,8,16,16,15,4200.0,300.0,7,9,8,3,8,9,8,36000.0,25600.0,15100.0,379,193100.0,188499.98014047742,11099.96810555458,13700.0170070678,42099.9713242054,21000.014385208488,28600.0,14900.0,ok,2325.0,9906.0,2861.0,10372.0,18400.0,224500.0,4.260645161290323,3.625305837119888,6.431317721076547,3d79bfe61802b728b5e2d9a5a13fc4c2e855c7614300109f66b4512e32c1ca43,True,32,256,512,96,96,8388608,100,5,cbc8a38367cef6057649fd0b31ab5dc2
b2,held_out,b2-k8-andor_dom-tree-3-329734acd78e,andor_dom,8,17,18,14,4100.0,200.0,6,10,9,3,9,10,9,26100.0,30200.0,16100.0,404,223500.0,218799.97802898288,16000.005416572094,13999.990187585354,49399.96870234609,23899.978259578347,26500.0,16300.0,ok,2555.0,11094.0,2858.0,10162.0,20200.0,230500.0,4.342074363992173,3.555633310006998,7.067879636109168,de720284cb8b83b7752b2428ee149a8a958c8b0df09a2818c89b1d2e9cec3291,True,32,256,576,160,96,8388608,100,5,329734acd78e4b86f10763d7b9610e6b
b2,held_out,b2-k8-andor_dom-tree-4-fa17785afafe,andor_dom,8,18,19,17,4700.0,300.0,9,12,10,4,10,12,10,29600.0,25900.0,18600.0,426,215700.0,211300.00823177397,14400.022337213159,15600.031474605203,49700.05829818547,21800.04958063364,29800.0,16700.0,ok,3000.0,12577.0,3730.0,13793.0,20800.0,317000.0,4.192333333333333,3.6978552278820374,5.576407506702413,e81aaaaf5c7365dfb830e4ef552588ef192a92c961dc5d3b2d0774e6f5f42835,True,32,256,608,128,128,8388608,100,5,fa17785afafe122fe491d0ba167d1994
b2,held_out,b2-k8-andor_dom-shared-1-69a470723d85,andor_dom,8,24,48,16,8600.0,500.0,8,18,16,7,24,37,30,44200.0,48900.0,54700.0,589,602000.0,592700.0020164996,48799.99323748052,46199.9443359673,132399.9313171953,74799.95838366449,49900.0,68300.0,ok,5436.0,32602.0,3453.0,15476.0,19300.0,378200.0,5.997424576894775,4.4818997972777295,5.589342600637127,d09260b32b9036615aa0a298b0be0cb238f5a32466a24e74b66ac6cfc665270a,True,32,256,1536,128,224,8388608,100,5,69a470723d851d46bf09a6e0ecf86c5c
b2,held_out,b2-k8-andor_dom-shared-2-775ee4cbbb58,andor_dom,8,26,47,18,5200.0,300.0,10,18,16,6,24,28,25,37100.0,46800.0,35000.0,641,392400.0,379500.0084210187,29499.875381588936,40199.98596049845,78099.95440766215,42599.97513145208,38400.0,39400.0,ok,7776.0,38748.0,4683.0,18993.0,20200.0,467000.0,4.9830246913580245,4.055733504163998,4.31347426863122,64736495552f7d588011b5d4dee6824053c01ef39c79204d75808e0ed5578a72,True,32,256,1504,128,192,8388608,100,5,775ee4cbbb581588c3316bc37a8f4327
b2,held_out,b2-k8-andor_dom-shared-3-5e5303eaddfb,andor_dom,8,28,49,22,7100.0,300.0,14,23,20,6,26,30,26,72900.0,51600.0,25200.0,678,443500.0,437600.01426562667,37800.11320486665,36099.98384490609,97400.07226355374,52399.9915458262,59900.0,69500.0,ok,9210.0,62579.0,8384.0,28395.0,22200.0,402600.0,6.794679695982627,3.38680820610687,2.6479007633587788,84d9f58be131996c613a24c6bad7f9cfc8fc2dced6da06cbeae5828f30c5ba7a,True,32,256,1568,160,192,8388608,100,5,5e5303eaddfb01f4cf5d65e7af708933
b2,held_out,b2-k8-andor_dom-shared-4-0f2c3ce95a60,andor_dom,8,30,55,21,7300.0,300.0,13,23,21,7,28,30,28,42000.0,44500.0,26200.0,737,725400.0,709100.0152286142,56699.878768995404,67599.93266314268,147900.02023801208,80200.11591725051,42300.0,47800.0,ok,5473.0,46476.0,6219.0,26692.0,33100.0,617300.0,8.491869175954687,4.292008361472906,5.322399099533687,25e947aaa44b7574bce0d0ac4d91d63489a7837f6af73764eab3cc83eff2b01f,True,32,256,1760,128,224,8388608,100,5,0f2c3ce95a60f2589016de0cc982f8ab
b2,held_out,b2-k8-impeqv_dom-tree-1-3976cb8a8eb7,impeqv_dom,8,17,17,17,8100.0,500.0,9,21,14,3,9,21,14,28000.0,26400.0,17200.0,403,342100.0,334099.98286515474,8999.98121894896,21500.018192455173,88799.91946741939,71999.99527074397,51100.0,29800.0,ok,4346.0,14284.0,3704.0,13785.0,19400.0,211700.0,3.286700414173953,3.7216522678185746,5.237580993520519,9531d19a39d1a78eec73434e717a83cf79fa45f90d2765dc523db518b3697bef,True,32,256,544,96,96,8388608,100,5,3976cb8a8eb7f363765825f8f085acc9
b2,held_out,b2-k8-impeqv_dom-tree-2-575c0b583dee,impeqv_dom,8,21,25,21,6200.0,300.0,13,31,21,4,13,31,21,29300.0,29800.0,18900.0,507,229400.0,224400.02067014575,6799.993570894003,14100.020052865148,57700.09011030197,28299.953555688262,53900.0,26300.0,ok,4439.0,17630.0,4844.0,18476.0,21700.0,267300.0,3.9716152286551023,3.81420313790256,4.479768786127168,f88dc445236ad27d04c5a74e2871821110c0dc36e8dae49131312ad077f3261a,True,32,256,800,128,128,8388608,100,5,575c0b583dee690032fc991b41af0c90
b2,held_out,b2-k8-impeqv_dom-tree-3-d5e4f370e98e,impeqv_dom,8,21,25,21,5900.0,300.0,13,31,21,4,13,31,21,30000.0,30600.0,19100.0,508,233700.0,228899.996727705,6200.018106028438,20199.979189783335,57900.03342553973,27999.980375170708,35100.0,35400.0,ok,4333.0,17920.0,4970.0,24549.0,21900.0,281400.0,4.135702746365105,4.93943661971831,4.406438631790745,e673bd4ecbb357747580f30354acd0a1fe7a42af6dcd35f60e2af6c926e4ee1a,True,32,256,800,128,128,8388608,100,5,d5e4f370e98ec048d9d1c67d80fb2b49
b2,held_out,b2-k8-impeqv_dom-tree-4-e0ca29a93790,impeqv_dom,8,17,19,16,4600.0,200.0,8,23,16,4,9,23,16,65800.0,46100.0,30500.0,416,222100.0,217299.99571107328,5200.010491535068,14900.026144459844,48000.01624971628,44999.99340623617,35100.0,18900.0,ok,3438.0,13891.0,5232.0,19099.0,28400.0,406100.0,4.04043048283886,3.650420489296636,5.428134556574924,f1b43719eaea9c28c2bcc7797b027fa9e77c4aaea97a7806365d47a0924e2909,True,32,256,608,128,128,8388608,100,5,e0ca29a937907c0f9057dc67633432ee
b2,held_out,b2-k8-impeqv_dom-shared-1-773a9da63c46,impeqv_dom,8,27,46,27,12600.0,400.0,19,50,34,7,23,60,41,63800.0,75900.0,40500.0,668,473200.0,464899.989310652,7499.998901039362,26900.001103058457,124299.98605512083,73500.00669248402,74100.0,62300.0,ok,7166.0,42851.0,6747.0,28704.0,42300.0,685900.0,5.979765559586938,4.254335260115607,6.269453090262338,3b65ebd0507c96a532e9ddb9576f815bc022606a088fa00e45975372ceca63d2,True,32,256,1472,128,224,8388608,100,5,773a9da63c46b8e86f39557860fbd1f1
b2,held_out,b2-k8-impeqv_dom-shared-2-dc9d85a45968,impeqv_dom,8,25,41,23,12700.0,600.0,15,45,30,6,20,60,40,76200.0,80100.0,45700.0,627,534800.0,526300.0202830881,0.0,43799.98426884413,137400.05670115352,78200.0133767724,79700.0,69600.0,ok,8291.0,32921.0,5451.0,23022.0,22500.0,570400.0,3.9706911108430827,4.2234452394056134,4.127682993946065,a20f0fa32a3ae96daafe19c0fdfc34275718c1a7704b8f97b39c81440d0d66a1,True,32,256,1312,128,192,8388608,100,5,dc9d85a45968acf3f874ff03419a3765
b2,held_out,b2-k8-impeqv_dom-shared-3-94e2d9a0a313,impeqv_dom,8,27,53,27,8200.0,300.0,19,50,33,6,28,68,46,38000.0,42100.0,24000.0,659,332800.0,326599.9839641154,4999.979864805937,23600.005079060793,78300.01413822174,46600.005589425564,46200.0,43700.0,ok,8775.0,41042.0,6302.0,25214.0,22900.0,521200.0,4.6771509971509975,4.000952078705173,3.633767058076801,fd1f53f68b66014297161c5dffa9b1fc333d2a86ec2b4e2e6104bc0d6b795d70,True,32,256,1696,128,192,8388608,100,5,94e2d9a0a31342ba2b0e0ee1e73d6f38
b2,held_out,b2-k8-impeqv_dom-shared-4-2f7845a8dfa7,impeqv_dom,8,27,72,27,8100.0,300.0,19,48,33,6,36,99,67,49500.0,49500.0,30700.0,673,321300.0,315500.0158585608,7800.03028921783,22499.96759928763,76900.06168559194,49199.99628327787,47400.0,57900.0,ok,10910.0,52410.0,7069.0,46466.0,24100.0,364300.0,4.803849679193401,6.573206959966049,3.409251662187014,48e63c1a11cb0d080536dcb51cc2d060417613566341202ea999668099542938,True,32,256,2304,160,192,8388608,100,5,2f7845a8dfa7bf2d117cc43d92422a5f
b2,held_out,b2-k8-mixed-tree-1-37379aed18cc,mixed,8,18,21,17,8700.0,500.0,9,17,13,4,10,18,14,26400.0,24300.0,18700.0,440,469900.0,463000.0039469451,22899.970645084977,28100.068448111415,119200.03453269601,57599.97293353081,61600.0,35900.0,ok,6210.0,25348.0,3564.0,13482.0,20700.0,270400.0,4.081803542673108,3.782828282828283,5.808080808080808,46857c01ef2600404806313e98a00270bda713004aad3f522ef97f8b99dbf8d3,True,32,256,672,128,128,8388608,100,5,37379aed18cc805c305021311a0190aa
b2,held_out,b2-k8-mixed-tree-2-64fdfc904809,mixed,8,19,23,18,9800.0,500.0,10,17,14,5,11,17,14,32100.0,39800.0,61700.0,467,477700.0,469399.9944720417,24200.009647756815,41500.02496317029,107400.00288933516,64599.99713115394,62200.0,38300.0,ok,4724.0,25214.0,3962.0,15010.0,20800.0,272200.0,5.337425910245555,3.788490661282181,5.24987380111055,3331a38050c24c8daa54e6b7c23ad776764e78a23ae0b95a773dc5d240371a38,True,32,256,736,96,160,8388608,100,5,64fdfc904809edfc6a36a760e0da469f
b2,held_out,b2-k8-mixed-tree-3-1a734e9283ab,mixed,8,15,15,14,3500.0,300.0,6,11,9,4,7,11,9,22000.0,18600.0,15100.0,363,173100.0,169100.00704228878,8699.97893460095,14800.054486840963,39899.89636465907,18200.022168457508,23500.0,14400.0,ok,2516.0,10201.0,2774.0,10215.0,19300.0,208400.0,4.054451510333863,3.6824080749819754,6.95746214852199,90c94f3372b4e17bacff811f01bca854e743251196514d9791e9a8aec42244f0,True,32,256,480,96,128,8388608,100,5,1a734e9283ab3bbc670ebbbaeb95e706
b2,held_out,b2-k8-mixed-tree-4-e12838f7e137,mixed,8,19,21,16,4300.0,300.0,8,15,12,3,11,15,12,24800.0,25100.0,19500.0,454,233400.0,228399.99292045832,14299.992471933365,19099.999917671084,52699.99383017421,25900.051696226,26900.0,18300.0,ok,3792.0,21602.0,3569.0,19190.0,20300.0,334800.0,5.696729957805907,5.376856262258336,5.687867750070048,ac5919231d3637285700f6c4c5aa7c8aac2c0236c2c6c2db742a320a6b46e66d,True,32,256,672,128,96,8388608,100,5,e12838f7e137c31dc1918fc32bd435d3
b2,held_out,b2-k8-mixed-shared-1-1c2a917da296,mixed,8,27,57,20,6500.0,300.0,12,28,22,7,29,53,40,35000.0,41000.0,24000.0,670,402700.0,396299.99082535505,25199.98815841973,45400.1419711858,84700.0046633184,51600.07276572287,36500.0,48100.0,ok,7730.0,51879.0,4551.0,21220.0,20400.0,731700.0,6.711384217335058,4.662711491979785,4.482531311799605,084e640fa57cbf5f097fd08636fe5e98e23839d95c532099efe1a7a838dbafca,True,32,256,1824,160,224,8388608,100,5,1c2a917da2966f13b82ecb3bcef12690
b2,held_out,b2-k8-mixed-shared-2-3705369d2025,mixed,8,25,47,17,5200.0,300.0,9,22,18,4,23,39,31,67200.0,72600.0,62100.0,623,432000.0,425200.00715740025,27600.006433203816,36300.04357546568,80900.00483207405,54800.03892444074,31400.0,39000.0,ok,5566.0,31527.0,3910.0,21641.0,21300.0,462800.0,5.664211282788358,5.534782608695652,5.447570332480819,ca72bc9bb4f0f6e2ddd3d641d94a62163a066af9d77ac3937cb00d134dfd46f2,True,32,256,1504,160,128,8388608,100,5,3705369d2025de285a7e3dfe402e59de
b2,held_out,b2-k8-mixed-shared-3-7ac091ab0ff3,mixed,8,28,63,23,7900.0,200.0,15,35,27,6,31,49,40,49500.0,51000.0,26000.0,701,399500.0,392799.9932784587,24500.07013976574,37399.93553608656,81400.06684698164,54999.953135848045,44100.0,52600.0,ok,7014.0,45636.0,5750.0,30814.0,23100.0,507200.0,6.506415739948674,5.35895652173913,4.017391304347826,4248c9b3f703df679b477bf075256cda4912f14382e7e3af86f3adc3a2bef552,True,32,256,2016,160,192,8388608,100,5,7ac091ab0ff3bdf9cf8fd8452c50c933
b2,held_out,b2-k8-mixed-shared-4-761923963fb0,mixed,8,24,47,18,5700.0,300.0,10,23,19,6,23,37,30,33500.0,37600.0,21800.0,597,337800.0,332399.99902434647,22899.970645084977,30299.968784675002,69999.98004175723,43900.04323795438,33700.0,37000.0,ok,5570.0,29910.0,7727.0,26665.0,27100.0,521600.0,5.36983842010772,3.450886501876537,3.507182606444933,0f26ac14628db4891a38eb6cc5ecb59db84a9796c433fd0f0ff7a5eecc4fec25,True,32,256,1504,128,192,8388608,100,5,761923963fb055ac1c4654a82dea746e
b2,held_out,b2-k10-xor_dom-tree-1-77230e81be62,xor_dom,10,20,21,12,3500.0,200.0,2,12,11,2,10,12,11,37200.0,42700.0,30800.0,482,471200.0,463600.0085156411,32500.014640390873,66999.98630210757,100600.03842227161,54399.97767098248,22000.0,25000.0,ok,4192.0,21512.0,4076.0,22628.0,18400.0,307700.0,5.1316793893129775,5.551521099116782,4.5142296368989205,f4bd7cb6d894da1941302437ccf55c6d9bd9cb292196c1d561dedb49901754e4,True,128,1280,2688,512,256,8388608,50,5,77230e81be62acee25486748ab10bef6
b2,held_out,b2-k10-xor_dom-tree-2-b2b59ccfcc06,xor_dom,10,20,20,15,4100.0,200.0,5,11,10,3,10,11,10,30300.0,26200.0,19600.0,475,253800.0,249199.97667893767,18599.967006593943,29499.962693080306,54199.94704425335,25599.96210038662,24600.0,21300.0,ok,5794.0,27298.0,5750.0,23668.0,19600.0,318100.0,4.711425612702796,4.116173913043478,3.408695652173913,0bbd3db6d49c182c7ead9ffb206e26b1c610422940832230be18b4c64709ee3c,True,128,1280,2560,512,384,8388608,50,5,b2b59ccfcc06124c5ef2dd69881458f8
b2,held_out,b2-k10-xor_dom-tree-3-25d12caacfcf,xor_dom,10,25,29,19,5700.0,300.0,9,19,16,5,15,19,16,31800.0,34500.0,22000.0,596,333100.0,327399.9900557101,24299.981305375695,35499.97927621007,71399.87428672612,36599.98765215278,32000.0,25800.0,ok,4372.0,26008.0,7934.0,22200.0,33100.0,654200.0,5.948764867337603,2.7980841946054955,4.171918326191077,761b19ded3cd7c6125a2f2da98b1c268cbc5b25a9d551d0d9f05c277c1857514,True,128,1280,3712,384,640,8388608,50,5,25d12caacfcfe89ce76a5051b2ecbff3
b2,held_out,b2-k10-xor_dom-tree-4-04f54e4b6bdc,xor_dom,10,22,24,16,4700.0,200.0,6,13,12,4,12,13,12,52500.0,55500.0,57600.0,528,324000.0,318100.0065524131,23100.05947947502,37900.08486248553,68300.05440860987,32200.012356042862,27600.0,23500.0,ok,3490.0,15082.0,3204.0,12534.0,19000.0,323000.0,4.321489971346705,3.911985018726592,5.930087390761548,5000883c6bbe89a7f96ee4a08d3d04023911181e77f9d6f4ba49f6ba34e14573,True,128,1280,3072,512,512,8388608,50,5,04f54e4b6bdc564bc2f0560ae2fb9005
b2,held_out,b2-k10-xor_dom-shared-1-b1df44674c4f,xor_dom,10,29,49,14,4300.0,300.0,4,12,12,3,24,24,24,41100.0,47500.0,24700.0,717,489000.0,483499.9854210764,43999.92758408189,78499.9574534595,93800.07395520806,53700.00144466758,31800.0,45500.0,ok,5518.0,42802.0,5506.0,23786.0,19800.0,535600.0,7.756795940558173,4.320014529604069,3.5960770069015617,64cb1dd5e87df195d3a5640f0f16b021f2e876b208820bda0aed2845cdcf016e,True,128,1280,6272,640,384,8388608,50,5,b1df44674c4f5bc3f8fe2d3a09e403f8
b2,held_out,b2-k10-xor_dom-shared-2-972e9d7d2b36,xor_dom,10,29,63,22,8700.0,300.0,12,21,20,6,31,33,32,44900.0,47200.0,26600.0,717,573300.0,564399.9902531505,46199.97343979776,69799.92031119764,110000.10999850929,77800.01033097506,48500.0,58700.0,ok,7236.0,59066.0,9348.0,45366.0,23500.0,885000.0,8.162797125483692,4.853016688061618,2.5139067180145487,27ddd67ef29981b9b24889ea43fac48a1ec9eb77eb37aa5a7d47feea46419c9f,True,128,1280,8064,768,768,8388608,50,5,972e9d7d2b367a6f2056ef1907bcbbaa
b2,held_out,b2-k10-xor_dom-shared-3-cf872e9babd8,xor_dom,10,33,56,19,10500.0,500.0,9,23,20,6,28,35,31,61600.0,91900.0,68600.0,816,1119500.0,1107699.9944634736,86799.9333422631,182700.0523917377,212300.01584626734,139099.8950228095,63600.0,86300.0,ok,12126.0,70504.0,7960.0,22738.0,28600.0,512800.0,5.814283358073561,2.856532663316583,3.592964824120603,eb4559ebfa931806d97c952a7959464f8134746b139c9c252bbe5d8c0ffa8c64,True,128,1280,7168,512,768,8388608,50,5,cf872e9babd8b504d8d24ac093cb680b
b2,held_out,b2-k10-xor_dom-shared-4-dd24aa5a61a6,xor_dom,10,29,47,20,6200.0,300.0,10,22,19,7,23,29,26,36800.0,41100.0,25200.0,720,422200.0,416199.99683462083,32799.95871707797,57200.05719922483,81499.9220892787,51200.040616095066,35200.0,40100.0,ok,5988.0,36134.0,4608.0,18194.0,20800.0,424000.0,6.03440213760855,3.9483506944444446,4.513888888888889,b46d9f523cdf3dff3a17467140b0da2c922f1adb28d416e004eb247ddc5ee027,True,128,1280,6016,512,896,8388608,50,5,dd24aa5a61a631f86d58fb49b232dd41
b2,held_out,b2-k10-andor_dom-tree-1-a8fc7f363671,andor_dom,10,23,25,19,5100.0,200.0,9,14,12,3,13,15,13,30400.0,35700.0,19500.0,543,292100.0,287300.00485666096,20500.068785622716,19399.943994358182,64000.16718544066,33399.934181943536,29900.0,21500.0,ok,3378.0,15460.0,6788.0,29546.0,19700.0,293500.0,4.576672587329781,4.35268120212139,2.9021803182086034,ebf92b7e7ae41e047af3f1eb28dbb964c9771aeae2618553b6c339d4a2eedb66,True,128,1280,3200,512,384,8388608,50,5,a8fc7f36367164f959169348f8cf6d2e
b2,held_out,b2-k10-andor_dom-tree-2-7400a955a56c,andor_dom,10,25,29,25,14000.0,600.0,15,25,19,5,15,25,19,37600.0,34500.0,21600.0,596,325700.0,320999.9995306134,16299.978597089648,28199.952794238925,73899.95153062046,40600.01811012626,88100.0,25100.0,ok,4776.0,19384.0,5604.0,19206.0,21200.0,344200.0,4.058626465661642,3.4271948608137044,3.7830121341898644,30d5060db7e2b493d9e99eef52a71ec6f1485c7ac8e517d905d958281a5b00e9,True,128,1280,3712,512,640,8388608,50,5,7400a955a56c0351caa7e26ab8375d06
b2,held_out,b2-k10-andor_dom-tree-3-42d9480de48e,andor_dom,10,23,25,19,5200.0,200.0,9,16,13,4,13,17,14,32100.0,32600.0,20400.0,547,303100.0,297299.9936901033,20800.071069970727,29200.076824054122,65900.09434148669,33699.965570122,31100.0,22100.0,ok,3782.0,15980.0,4092.0,14022.0,20000.0,308400.0,4.225277630883131,3.4266862170087977,4.887585532746823,7efc6a69c4232f0ab321ee5249f71dbd53c5c70a6451e2e0f7fc4666559a3722,True,128,1280,3200,384,512,8388608,50,5,42d9480de48e8681a40165803353291b
b2,held_out,b2-k10-andor_dom-tree-4-837da4e67104,andor_dom,10,19,19,18,4700.0,300.0,8,11,10,4,9,11,10,30600.0,31000.0,20400.0,452,227800.0,223099.9816674739,14000.01929141581,16900.012269616127,50300.06286688149,25900.022592395544,28900.0,17300.0,ok,2838.0,12160.0,3466.0,11874.0,18700.0,251100.0,4.284707540521494,3.4258511252163877,5.395268320830929,46b1a2a910859148f0cea6d361339e29c7f212a819e8f68dc7efafa95acf8a19,True,128,1280,2432,512,512,8388608,50,5,837da4e671045148f301e3ec75b66e39
b2,held_out,b2-k10-andor_dom-shared-1-071d6b8e4bb7,andor_dom,10,38,106,27,15100.0,600.0,17,31,28,7,53,62,57,49100.0,58700.0,46700.0,944,926400.0,916599.9945253134,81499.95119310915,95799.85635355115,177200.126927346,142200.06414689124,98100.0,92200.0,ok,10834.0,68956.0,6958.0,30356.0,31600.0,576900.0,6.3647775521506365,4.3627479160678355,4.541534923828687,2023bed7c6d67a4c9d4c5e68fc10a864e8a221cce3a504eeb9a5a1df50f2397f,True,128,1280,13568,768,896,8388608,50,5,071d6b8e4bb7ae001556afc7a4e24e39
b2,held_out,b2-k10-andor_dom-shared-2-16ca12c11ee1,andor_dom,10,33,82,24,9500.0,300.0,14,27,24,7,42,47,43,42700.0,44500.0,27200.0,806,655800.0,646700.0057455152,51999.95939619839,73000.00288523734,137500.05746260285,83999.97022934258,54100.0,76000.0,ok,8284.0,49236.0,5696.0,24054.0,49200.0,523100.0,5.943505552873008,4.222963483146067,8.637640449438202,d25214afe652c886762108a089e935eff46230b85de72818e00ca84571629e82,True,128,1280,10496,768,896,8388608,50,5,16ca12c11ee14aa3365d00891b188a8a
b2,held_out,b2-k10-andor_dom-shared-3-22432c1ba51e,andor_dom,10,28,49,19,5900.0,200.0,9,18,17,7,25,27,25,43800.0,45000.0,24300.0,682,410700.0,404999.99886378646,33399.934181943536,38999.94771927595,89499.89569373429,51700.015319511294,40200.0,36000.0,ok,5204.0,49382.0,4038.0,16812.0,20600.0,396700.0,9.48923904688701,4.163447251114413,5.101535413571074,61292e14dd3f798c3df8a836c0490e4eb6288368a970d63c20944478da823ce4,True,128,1280,6272,512,896,8388608,50,5,22432c1ba51e8de7860ffb6b558c6af4
b2,held_out,b2-k10-andor_dom-shared-4-7f3eabfd2bc0,andor_dom,10,34,54,25,10800.0,300.0,15,30,25,6,28,35,30,43100.0,46000.0,27500.0,828,504400.0,498500.0123269856,39599.8649764806,49400.11422149837,103600.03216192126,66700.07132925093,51100.0,43700.0,ok,6172.0,32402.0,5832.0,23400.0,23300.0,475600.0,5.2498379779650035,4.012345679012346,3.99519890260631,ef41308852853f4cc52229ddade54e424af29dd99a564d4718ea4177daccf4d1,True,128,1280,6912,512,768,8388608,50,5,7f3eabfd2bc0766469a75bb178dbb53c
b2,held_out,b2-k10-impeqv_dom-tree-1-d65cd8c37d53,impeqv_dom,10,27,32,27,13200.0,500.0,17,44,29,5,17,44,29,77200.0,59800.0,42200.0,647,574900.0,565299.9971061945,7800.001185387373,49999.94416721165,153999.9502710998,79899.96811375022,77900.0,48600.0,ok,7220.0,23694.0,7024.0,25598.0,23500.0,327600.0,3.2817174515235457,3.644362186788155,3.3456719817767655,6a277e9b6f1a2c9d5406a1ad99b4f6882da9542b22cd8fbe9d99c3005a604450,True,128,1280,4096,640,640,8388608,50,5,d65cd8c37d539bec10c4ceb1925d8850
b2,held_out,b2-k10-impeqv_dom-tree-2-c28e8c343d74,impeqv_dom,10,19,19,19,5400.0,300.0,9,23,16,4,9,23,16,34000.0,38000.0,20400.0,456,210800.0,206199.99850168824,4200.0028770416975,15299.941878765821,50800.00846646726,26599.96971487999,37900.0,16900.0,ok,4268.0,14516.0,4400.0,14342.0,53000.0,446200.0,3.401124648547329,3.2595454545454547,12.045454545454545,7f49ad0ac1c2e262607d04e82a59052fca7b1a050532196ae13874ad77ddf3d1,True,128,1280,2432,512,512,8388608,50,5,c28e8c343d74fa2c39bae85d0d215a51
b2,held_out,b2-k10-impeqv_dom-tree-3-4537a75ce604,impeqv_dom,10,24,28,24,12300.0,600.0,14,35,24,4,14,35,24,80200.0,65900.0,39900.0,582,585400.0,574900.0119976699,11199.997970834374,39600.09780712426,146000.0639781356,78800.04704929888,95500.0,46500.0,ok,9656.0,32400.0,6144.0,20430.0,22900.0,360800.0,3.355426677713339,3.3251953125,3.7272135416666665,56d24a658c7cbe708adf0414be52f24ddc0aa1f015579185dc0cd48a1f240882,True,128,1280,3584,640,512,8388608,50,5,4537a75ce60422c1a0cdcdfca10b146e
b2,held_out,b2-k10-impeqv_dom-tree-4-146866abdaef,impeqv_dom,10,21,21,21,5300.0,300.0,11,27,18,5,11,27,18,37600.0,34400.0,19400.0,495,226200.0,221299.9970652163,5100.009730085731,13699.987903237343,55399.95618164539,25300.018023699522,40900.0,18900.0,ok,6048.0,34650.0,5116.0,23592.0,27600.0,381300.0,5.729166666666667,4.611415168100078,5.394839718530101,5314217abb5a6447b09852854165d1b704f2905cddd68cebeadfdaf9cceb96dd,True,128,1280,2688,768,640,8388608,50,5,146866abdaefb2c0b1597eb94371ed3f
b2,held_out,b2-k10-impeqv_dom-shared-1-a2d9511bd8a2,impeqv_dom,10,36,61,34,9500.0,300.0,24,68,46,7,30,86,58,70500.0,67800.0,36900.0,903,415700.0,408499.9964106828,4600.0059228390455,26900.001103058457,100399.97869171202,68299.93799328804,60000.0,119400.0,ok,11918.0,44650.0,19558.0,80376.0,46300.0,793000.0,3.7464339654304415,4.109622660803764,2.3673177216484302,3b07de64b0c63311c34ee1d14d51cd0dbff4fa063cc3cc72eda1bc51bd02dfc6,True,128,1280,7808,640,896,8388608,50,5,a2d9511bd8a201c689ebc3f5a7b55893
b2,held_out,b2-k10-impeqv_dom-shared-2-e0619ddaeb12,impeqv_dom,10,32,54,32,16100.0,600.0,22,61,40,6,28,79,52,87500.0,97300.0,51400.0,778,677200.0,670100.0093016773,3900.0005926936865,45800.028601661325,178700.02193376422,111400.03334730864,102600.0,85700.0,ok,12520.0,39814.0,17388.0,68722.0,47700.0,802600.0,3.180031948881789,3.9522659305268,2.743271221532091,f834dbdf22fd8cf1b2092bb052117469798775d42c4cc697442cc22ba86df612,True,128,1280,6912,512,768,8388608,50,5,e0619ddaeb1211acdf3616cfa3ac87f9
b2,held_out,b2-k10-impeqv_dom-shared-3-456d3bc52660,impeqv_dom,10,35,102,30,8800.0,200.0,20,51,35,5,51,114,82,48700.0,52800.0,29000.0,868,442500.0,437099.9813545495,12399.978004395962,39000.005926936865,100599.86379928887,62100.065406411886,52700.0,83400.0,ok,16364.0,69262.0,8404.0,28510.0,26700.0,425900.0,4.232583720361769,3.3924321751546884,3.17705854355069,e90aaf1e4409cd954c1689522f626be0c05bd03a907bba5e153335cd2fa656c5,True,128,1280,13056,640,640,8388608,50,5,456d3bc526601306ff104f31f5e57ae2
b2,held_out,b2-k10-impeqv_dom-shared-4-2386e2077320,impeqv_dom,10,32,81,32,9600.0,300.0,22,56,38,6,43,105,71,45700.0,47700.0,27900.0,784,385100.0,378600.0015679747,8699.97893460095,26500.056264922023,91900.00128000975,68199.99543949962,55100.0,63800.0,ok,16832.0,67174.0,8888.0,29962.0,27400.0,417700.0,3.990850760456274,3.371062106210621,3.082808280828083,650e7da2e8455d8ed3c88f0b1bd75c14a36dcec3d79f9bf1ab2e401e20537b2b,True,128,1280,10368,640,768,8388608,50,5,2386e2077320ecac837b776f630db81f
b2,held_out,b2-k10-mixed-tree-1-f431ce588c32,mixed,10,20,21,17,4600.0,200.0,7,14,12,4,10,14,12,27300.0,25900.0,18500.0,479,246900.0,242000.00916607678,14800.054486840963,24300.010409206152,53900.00296756625,26799.91303011775,27900.0,21700.0,ok,3354.0,14090.0,3606.0,15514.0,19700.0,264700.0,4.200954084675015,4.302273987798114,5.463117027176927,4745731af5e9243209198887508a49500828d5e3b5b95a785cd4015c2c9746c2,True,128,1280,2688,512,512,8388608,50,5,f431ce588c32a7f3e482c89aa2729a7a
b2,held_out,b2-k10-mixed-tree-2-82994a7af72e,mixed,10,23,26,22,6300.0,200.0,12,26,19,4,13,26,19,33600.0,32100.0,20800.0,554,281000.0,275499.9732133001,12600.066838786006,25399.960577487946,63499.95965138078,35199.9478880316,35600.0,22300.0,ok,5218.0,19112.0,6334.0,19842.0,21300.0,305700.0,3.6627060176312765,3.1326176191979793,3.3628039153773286,999e6cb468a0387d197bfc65cc9bfd4b994d448c970bc3da29f6bd6f9fffd95e,True,128,1280,3328,512,512,8388608,50,5,82994a7af72e9a55853afac16b489e5f
b2,held_out,b2-k10-mixed-tree-3-961dbd1e0dd8,mixed,10,22,24,20,5600.0,300.0,10,15,13,3,12,15,13,31800.0,29300.0,20100.0,527,276600.0,271800.00324733555,16899.954061955214,23000.00051036477,60399.994254112244,35599.98003765941,31200.0,21000.0,ok,3578.0,15198.0,5490.0,29732.0,32200.0,380600.0,4.247624371157071,5.415664845173042,5.865209471766849,c764aed964b41ffe8a6d6671bb0382489e45362d47d9f79f5f06116a50ae4f44,True,128,1280,3072,384,384,8388608,50,5,961dbd1e0dd8468c22deb7a41cd1aae8
b2,held_out,b2-k10-mixed-tree-4-a46b1cdc2617,mixed,10,19,19,19,8900.0,500.0,9,15,12,3,9,15,12,28800.0,25100.0,21100.0,454,432900.0,424800.0041116029,21099.986042827368,35700.03900676966,97699.98723641038,55999.98985417187,59300.0,34600.0,ok,6624.0,29098.0,3996.0,12892.0,19800.0,254800.0,4.392814009661835,3.2262262262262262,4.954954954954955,2482721c239c03e6563c0d339ad648261c9bde5695c190c7e3fc844e703949e8,True,128,1280,2432,384,384,8388608,50,5,a46b1cdc261747a7788db7973a2ba3f6
b2,held_out,b2-k10-mixed-shared-1-ed6b5cd37350,mixed,10,32,58,28,8100.0,300.0,18,38,29,7,30,51,39,44900.0,45100.0,26100.0,781,451200.0,445400.01545101404,25799.963623285294,39099.977584555745,94800.11067353189,63600.07682815194,52000.0,43400.0,ok,8104.0,40402.0,7092.0,26058.0,22700.0,441000.0,4.985439289239881,3.6742808798646363,3.200789622109419,6d93321deb38f1132aad525ae54ba3a0281a6927f26d0ef1270e7b1a966ce072,True,128,1280,7424,512,896,8388608,50,5,ed6b5cd3735029768ba19d5fd6fe31e0
b2,held_out,b2-k10-mixed-shared-2-ee63ac52edf4,mixed,10,32,57,23,7600.0,300.0,13,30,25,7,28,52,40,41500.0,51300.0,62600.0,791,484500.0,476900.02247691154,32799.929613247514,46000.146539881825,99199.96955431998,65300.08977279067,45000.0,48300.0,ok,8214.0,39618.0,5674.0,22872.0,23700.0,448500.0,4.823228634039445,4.031018681706027,4.176947479732111,d5b9585357b8851bce30f11eac0744be80f6c99086765fbec06556e8dcba487c,True,128,1280,7296,640,896,8388608,50,5,ee63ac52edf494d15a82fdec517e2fd7
b2,held_out,b2-k10-mixed-shared-3-189118134673,mixed,10,30,59,23,7000.0,300.0,13,30,24,6,29,53,41,57500.0,45800.0,26300.0,742,409400.0,402799.98211190104,24400.01117065549,41000.07936358452,84600.06210952997,57400.00051446259,41100.0,50200.0,ok,8146.0,42584.0,5718.0,23922.0,28500.0,423300.0,5.2275963663147555,4.183630640083946,4.984260230849948,f63d4bbf0860a4b54fa10e72b56cdefdb2fec0a8f874429c44c8c467d12f3716,True,128,1280,7552,512,768,8388608,50,5,1891181346731b0b1f59219de651e491
b2,held_out,b2-k10-mixed-shared-4-bc98fc0156a1,mixed,10,34,76,29,8600.0,300.0,19,43,33,7,38,67,52,45700.0,50700.0,29000.0,839,518400.0,513199.97874088585,32199.95414838195,46800.09442381561,112300.04020035267,76800.0609241426,52200.0,63400.0,ok,11330.0,52112.0,7562.0,34408.0,24900.0,728800.0,4.599470432480142,4.550119016133298,3.2927796879132503,f7743b4d3584d737f00c61e0d0e4483f3eeeed164a52e0b4b9f6adfd08ed6134,True,128,1280,9728,640,896,8388608,50,5,bc98fc0156a176df345867ab15afbd18
b2,held_out,b2-k12-xor_dom-tree-1-58b08f43ff42,xor_dom,12,24,25,19,5300.0,300.0,7,16,14,4,12,16,14,31100.0,31200.0,20400.0,575,312700.0,307200.01086592674,19400.002202019095,35399.97851476073,67700.04983991385,37999.998312443495,32000.0,21500.0,ok,5880.0,16925.0,5670.0,14970.0,21500.0,329000.0,2.878401360544218,2.64021164021164,3.7918871252204585,b47bd399acce2d9e4a4446b7ddedd667546ab768effebe79232934adf8822fcd,True,512,6144,12800,2048,2048,8388608,20,5,58b08f43ff4235817eee5e1f0042ed14
b2,held_out,b2-k12-xor_dom-tree-2-f9f1dbfc58a0,xor_dom,12,28,30,21,5900.0,300.0,9,19,16,4,16,19,16,35300.0,37200.0,23400.0,660,522400.0,514700.01926645637,38599.9446734786,60699.996538460255,106199.90644045174,52300.04899203777,34500.0,24200.0,ok,6750.0,19395.0,6750.0,16615.0,22600.0,385500.0,2.8733333333333335,2.4614814814814814,3.348148148148148,427ec03b5f5d547ae32f7cfc4a065844544ee6965f1ba9ad58b8446c6e83cded,True,512,6144,15360,2048,2048,8388608,20,5,f9f1dbfc58a043dc493070b19c76313b
b2,held_out,b2-k12-xor_dom-tree-3-732256a48755,xor_dom,12,28,31,20,5400.0,300.0,8,18,16,3,16,18,16,40400.0,43200.0,22800.0,669,412700.0,407799.99108053744,28199.92369040847,45900.000259280205,89400.01134760678,45199.994929134846,45700.0,24400.0,ok,6675.0,19890.0,6765.0,20310.0,22900.0,767100.0,2.979775280898876,3.002217294900222,3.385070214338507,c7302e58732f124950724bb164ab08c8e412445463d0e329387615054bd17e6f,True,512,6144,15872,2048,1536,8388608,20,5,732256a487557c763f973d17d5915df4
b2,held_out,b2-k12-xor_dom-tree-4-d425291e801e,xor_dom,12,23,23,17,4500.0,300.0,5,15,13,4,11,15,13,28100.0,28400.0,20800.0,548,302700.0,297899.9982587993,19399.97309818864,37799.967685714364,65400.032326579094,34499.94255788624,27800.0,20100.0,ok,5870.0,15945.0,6080.0,21180.0,36000.0,348500.0,2.7163543441226574,3.4835526315789473,5.921052631578948,882842244bf707ab8293f5c692f94aabc749c16effedfcb3c1dbd0d978b94898,True,512,6144,11776,2048,2048,8388608,20,5,d425291e801ee09b5be7583fed51e705
b2,held_out,b2-k12-xor_dom-shared-1-471ce8cfd63d,xor_dom,12,33,50,20,7200.0,300.0,8,23,20,6,25,30,27,38600.0,48900.0,27300.0,806,555000.0,549200.0200320035,44300.046283751726,85299.9510243535,106999.91253204644,70999.9876562506,36400.0,42400.0,ok,9725.0,31580.0,7430.0,19165.0,23100.0,512000.0,3.2473007712082262,2.579407806191117,3.1090174966352624,ac3fc79eacd1d3ed9e99f95d4d164e885aa62b794868cf4e8716c6affda9b2cb,True,512,6144,25600,2048,3072,8388608,20,5,471ce8cfd63dffec52eed3f02c923b95
b2,held_out,b2-k12-xor_dom-shared-2-c00263664ad9,xor_dom,12,43,148,23,7500.0,300.0,11,27,24,8,74,97,85,53900.0,101000.0,45400.0,1072,831900.0,822100.0025514513,59899.99044686556,128200.16127079725,149900.03546699882,109799.99206028879,47000.0,117600.0,ok,55310.0,201910.0,14335.0,35205.0,25000.0,683900.0,3.650515277526668,2.4558772235786535,1.7439832577607255,33e3c96f05ea739bc01ccd8787cc5e2af60ae27c0040f5ec6696ff322370b74f,True,512,6144,75776,2560,4096,8388608,20,5,c00263664ad99d2758e4c36e5b323172
b2,held_out,b2-k12-xor_dom-shared-3-75c78e4c8980,xor_dom,12,43,85,30,9000.0,300.0,18,37,31,8,43,53,47,57700.0,64800.0,34800.0,1063,655300.0,648500.0194516033,50900.0092279166,86900.13783052564,125599.9959539622,91700.05796477199,53300.0,64600.0,ok,25985.0,53550.0,12390.0,29910.0,61000.0,615700.0,2.0608043101789493,2.414043583535109,4.923325262308313,a1b36dd03e496fe7dbb7c1055d8a78a826fa830ee6ec76048bf0b94903351520,True,512,6144,43520,2560,4096,8388608,20,5,75c78e4c89801ac4090903381cfeabe5
b2,held_out,b2-k12-xor_dom-shared-4-ef377d6180bd,xor_dom,12,33,55,23,7000.0,300.0,11,24,22,7,29,35,30,50800.0,52900.0,26500.0,805,546700.0,539900.0074248761,40099.9269913882,86099.9571159482,110600.08546337485,70199.9815646559,61200.0,41900.0,ok,11475.0,33560.0,9250.0,22175.0,23800.0,549200.0,2.9246187363834424,2.3972972972972975,2.572972972972973,ad1260d2805fb2e3089ad381f925524c0c3a8d8d99c946dffde12cf6364f3bc7,True,512,6144,28160,2560,3584,8388608,20,5,ef377d6180bdac50ff2bb5858f945f18
b2,held_out,b2-k12-andor_dom-tree-1-a97f101c02c9,andor_dom,12,26,29,20,5900.0,300.0,8,14,14,6,14,14,14,33300.0,33500.0,21600.0,624,340900.0,335899.9965712428,26299.996534362435,27800.037059932947,72099.9960321933,40000.013541430235,32700.0,23700.0,ok,5055.0,22720.0,5640.0,20260.0,37100.0,627400.0,4.494559841740851,3.5921985815602837,6.578014184397163,1c70364ab0c6d294988f2cd9350a324e844b3bef3795c32a0449c50168a8ef9a,True,512,6144,14848,2560,3072,8388608,20,5,a97f101c02c94fa6717a8e45e4f527bf
b2,held_out,b2-k12-andor_dom-tree-2-7c935460fe73,andor_dom,12,26,26,24,11400.0,600.0,12,23,17,3,14,23,17,75200.0,62900.0,44400.0,604,572800.0,566400.0054821372,34500.000765547156,40799.96142536402,146300.00805482268,73200.03351196647,69500.0,41400.0,ok,15155.0,37900.0,16120.0,36195.0,28900.0,669800.0,2.5008248102936323,2.245347394540943,1.7928039702233252,277a0bd63a0736365059119411599b5aaf498f03c37eb8c6019cafcac3ac0c0f,True,512,6144,13312,2048,1536,8388608,20,5,7c935460fe73c450f8c766b0a0f0c05b
b2,held_out,b2-k12-andor_dom-tree-3-3425f4494063,andor_dom,12,27,31,24,7000.0,300.0,12,19,17,6,15,19,17,85800.0,71900.0,36600.0,652,680500.0,673000.0022798777,48999.994760379195,54700.09637065232,153899.97861348093,85900.01380071044,82400.0,58300.0,ok,6485.0,20060.0,7575.0,24265.0,23900.0,381100.0,3.0932922127987665,3.203300330033003,3.155115511551155,20df078becaffb7697d484657044c06259823bed8550d38b29c0130a91510b08,True,512,6144,15872,2048,3072,8388608,20,5,3425f4494063df5c04dbe9c6ae5ab73d
b2,held_out,b2-k12-andor_dom-tree-4-4668b9a9de6a,andor_dom,12,26,28,20,5600.0,300.0,8,14,13,4,14,15,14,32900.0,33300.0,21800.0,617,303900.0,298900.0058732927,25699.991965666413,20900.01362375915,67500.01921318471,34000.1133736223,31700.0,23100.0,ok,5260.0,17940.0,5560.0,15120.0,20800.0,674400.0,3.4106463878326996,2.7194244604316546,3.741007194244604,d17d47659342e84f45d293475ae80d1440c596010bad72068c02d0538116fb8c,True,512,6144,14336,2048,2048,8388608,20,5,4668b9a9de6a9db132298188e926347c
b2,held_out,b2-k12-andor_dom-shared-1-50f526a5c97f,andor_dom,12,32,79,25,13400.0,600.0,13,23,20,7,40,58,48,83200.0,95300.0,75300.0,768,959400.0,950400.0190645456,75699.96523670852,89999.89950098097,199199.94520023465,146700.12751594186,83900.0,126000.0,ok,16670.0,60535.0,7835.0,20710.0,31500.0,528900.0,3.631373725254949,2.643267389917039,4.020421186981493,085867a3008fc330558d9a52d31e9e1c0f9805d909277ee6f4512554def6ca0e,True,512,6144,40448,2048,3584,8388608,20,5,50f526a5c97f217dd2b68dc289572fbb
b2,held_out,b2-k12-andor_dom-shared-2-50260f8a12a2,andor_dom,12,38,83,26,8100.0,300.0,14,29,27,8,43,49,44,62400.0,110500.0,64600.0,930,654700.0,646200.0019382685,55699.98756982386,62299.89230632782,137000.0245515257,97299.92598295212,53500.0,66200.0,ok,26955.0,50085.0,8950.0,26690.0,24900.0,622100.0,1.8580968280467445,2.982122905027933,2.782122905027933,af151701c29240b24d2bbdee39b0c6b4f1c3db6776f0fca3fa0a70c6e4d6c55d,True,512,6144,42496,2560,4096,8388608,20,5,50260f8a12a2adfeb77aa187e78a4609
b2,held_out,b2-k12-andor_dom-shared-3-0c0054958df2,andor_dom,12,29,49,19,5500.0,300.0,7,16,15,5,24,28,26,37600.0,39900.0,25500.0,707,417300.0,411500.0192541629,33699.965570122,45899.85474012792,86999.96396899223,54900.068789720535,30500.0,36400.0,ok,9235.0,30685.0,5555.0,15825.0,21000.0,475900.0,3.322685435841906,2.848784878487849,3.7803780378037803,71edf00a5137651c0a4fb97720d8baa0b6ce7db6da6567afec547030d5499922,True,512,6144,25088,2048,2560,8388608,20,5,0c0054958df225563af528bd48e72728
b2,held_out,b2-k12-andor_dom-shared-4-4b3e0c13b861,andor_dom,12,32,48,24,7000.0,300.0,12,29,24,6,24,39,31,47900.0,53000.0,27100.0,775,487500.0,480800.02306960523,31899.951864033937,43800.04247650504,105199.98613744974,65399.88680742681,48800.0,36600.0,ok,13435.0,31275.0,10500.0,23115.0,25600.0,455800.0,2.327874953479717,2.2014285714285715,2.4380952380952383,05554d5b91542982023de10c6e728ca182d34cc773455cb52b396e9b54c4ea25,True,512,6144,24576,2048,3072,8388608,20,5,4b3e0c13b861338c49538c7b5f081432
b2,held_out,b2-k12-impeqv_dom-tree-1-b84e5ead9772,impeqv_dom,12,25,27,25,6700.0,300.0,13,35,24,6,13,35,24,41800.0,40900.0,26700.0,602,283700.0,279100.00062547624,3700.028173625469,19399.943994358182,73700.0082153827,46900.03697760403,41200.0,23000.0,ok,12525.0,22085.0,12940.0,21390.0,36700.0,314400.0,1.7632734530938123,1.6530139103554868,2.8361669242658425,8bbf576bad1940554ba4dfbdcccbac9e5815b6edabcdc8be19495390d01d8653,True,512,6144,13824,2560,3072,8388608,20,5,b84e5ead97722466c738aaebf0d7bb64
b2,held_out,b2-k12-impeqv_dom-tree-2-efcfe8a9d099,impeqv_dom,12,31,37,31,8300.0,300.0,19,47,32,5,19,47,32,48700.0,49000.0,24700.0,747,343600.0,337900.01180022955,7499.998901039362,20399.922505021095,91399.9683689326,47999.95804205537,57100.0,29800.0,ok,16145.0,28215.0,16325.0,28160.0,56100.0,685500.0,1.7475998761226386,1.7249617151607963,3.4364471669218988,12bb8d46f3dc7c1b2d765504f1204f9320b843e9936bf45b93c9dd882ea43beb,True,512,6144,18944,2560,2560,8388608,20,5,efcfe8a9d0999545edb922e8add55891
b2,held_out,b2-k12-impeqv_dom-tree-3-55ecbcba0651,impeqv_dom,12,26,27,26,6600.0,300.0,14,36,24,6,14,36,24,46900.0,42100.0,21400.0,616,289600.0,284100.00959411263,3399.9967854470015,14999.997802078724,81999.95500035584,37699.96692426503,144700.0,30500.0,ok,13365.0,21690.0,12540.0,21050.0,52300.0,398300.0,1.6228956228956228,1.678628389154705,4.170653907496013,7706cdf872b2f54e859c5e467f810d90a27b5012d71cc14b9184bac89fa49101,True,512,6144,13824,2048,3072,8388608,20,5,55ecbcba0651567d453a83b2852bf685
b2,held_out,b2-k12-impeqv_dom-tree-4-d18fdd8343dc,impeqv_dom,12,29,34,29,7600.0,300.0,17,42,29,6,17,42,29,57000.0,46500.0,24100.0,699,344400.0,339699.99640248716,6899.99433234334,21000.014385208488,85400.00999346375,46200.03164745867,54300.0,27600.0,ok,14750.0,25935.0,15945.0,37320.0,39100.0,496600.0,1.7583050847457626,2.3405456255879584,2.4521793665725933,5023ff3d5a8388df2f16269410d8c0f53d8424ec6b906f93eede58371eb3e700,True,512,6144,17408,2048,3072,8388608,20,5,d18fdd8343dcadfdba4bd1ea2ecf1d01
b2,held_out,b2-k12-impeqv_dom-shared-1-a0a2c0931e69,impeqv_dom,12,37,78,37,9900.0,300.0,25,67,45,8,41,102,69,48300.0,56100.0,28600.0,904,412700.0,406200.0080011785,5600.042641162872,23200.0311370939,101700.10500587523,76799.91540499032,59900.0,62400.0,ok,33830.0,57585.0,23725.0,52885.0,46300.0,460800.0,1.7021874076263672,2.229083245521602,1.9515279241306638,c7b32fa81162ac5c89f652db28dbb2a74603fa55ad809e80665fb863c0b85982,True,512,6144,39936,2048,4096,8388608,20,5,a0a2c0931e693e4de212d7771546e6e4
b2,held_out,b2-k12-impeqv_dom-shared-2-1385a0b1080c,impeqv_dom,12,33,57,30,8200.0,200.0,18,52,35,7,28,70,49,51300.0,49700.0,26800.0,812,351100.0,345599.9831203371,3699.9990697950125,22499.96759928763,88200.06041787565,58300.00736750662,51600.0,44400.0,ok,58150.0,44145.0,29545.0,64035.0,36800.0,412500.0,0.7591573516766982,2.167371805720088,1.2455576239634456,ed2456209e3c9c214dd3fb32696b3d14e49809d467d353e0e4491ef7597972ed,True,512,6144,29184,2048,3584,8388608,20,5,1385a0b1080c90d88b168bb1678be65b
b2,held_out,b2-k12-impeqv_dom-shared-3-c60cc82b0720,impeqv_dom,12,35,64,34,9600.0,300.0,22,59,40,6,34,83,56,52600.0,58600.0,28700.0,851,439400.0,431700.0275477767,8799.979696050286,31999.98172931373,107799.97683130205,70799.8697180301,126900.0,204900.0,ok,29045.0,47770.0,20760.0,32860.0,38000.0,446000.0,1.6446892752625237,1.5828516377649327,1.8304431599229287,1f5e30ff999fd78ba6cf030159d9c0aa183021f5f490ffadb04748179aa955dc,True,512,6144,32768,2048,3072,8388608,20,5,c60cc82b0720dc27fa80890745e3b89d
b2,held_out,b2-k12-impeqv_dom-shared-4-5d7fc59cbaf7,impeqv_dom,12,36,62,36,10100.0,300.0,24,63,42,7,32,79,54,66400.0,69800.0,30000.0,875,555300.0,546499.9994728714,8100.032573565841,41500.02496317029,126099.94155354798,83000.04992634058,60600.0,49800.0,ok,31530.0,57425.0,20490.0,34080.0,37400.0,450400.0,1.82128131937837,1.6632503660322109,1.825280624694973,65e35349e4a9010a3b6bc75bb6cd6e9387358c2ab01c9eb392d787a38e96b7ea,True,512,6144,31744,2560,3584,8388608,20,5,5d7fc59cbaf768164fa3056661b4d3f5
b2,held_out,b2-k12-mixed-tree-1-ddb82bdf8146,mixed,12,24,25,23,6300.0,300.0,11,22,17,3,12,22,17,35300.0,31000.0,34400.0,576,314200.0,309900.0023212284,16200.006939470768,25299.988919869065,74299.98368024826,42500.06168149412,37900.0,21700.0,ok,7940.0,18145.0,8540.0,17830.0,24900.0,307100.0,2.2852644836272042,2.0878220140515222,2.9156908665105385,9c8b248d77b14f016a5c8523895940246703d3753efb78809b5f7a0d630e976e,True,512,6144,12800,2560,1536,8388608,20,5,ddb82bdf81460398f51b7b71b2b5084f
b2,held_out,b2-k12-mixed-tree-2-380dba915931,mixed,12,25,26,24,6000.0,300.0,12,22,17,3,13,22,17,37600.0,34800.0,22300.0,594,302000.0,296000.01289509237,14200.020814314485,25100.016500800848,67599.90355931222,42200.059397146106,36600.0,22200.0,ok,8680.0,19140.0,9020.0,18225.0,24800.0,334100.0,2.205069124423963,2.020509977827051,2.7494456762749446,357ab1032ff9d89f13986c91b214ecdee357db539ccc245df471924319d0755c,True,512,6144,13312,2048,1536,8388608,20,5,380dba9159313b1c381805637c2acb3e
b2,held_out,b2-k12-mixed-tree-3-e56bca913be9,mixed,12,28,31,27,7400.0,300.0,15,30,22,4,16,30,22,39400.0,36900.0,23400.0,665,338400.0,332800.0020701438,13999.990187585354,31300.034606829286,77800.03943480551,45900.087570771575,41700.0,28100.0,ok,10360.0,22350.0,11110.0,21660.0,26000.0,424600.0,2.1573359073359075,1.9495949594959496,2.34023402340234,83f7f5180404aaff1e4d42351c83fa2c083c68d3179ba35daa204ccc350af1fc,True,512,6144,15872,2048,2048,8388608,20,5,e56bca913be9349b5a10d57295c7207b
b2,held_out,b2-k12-mixed-tree-4-4769a3d3ef25,mixed,12,27,29,25,11500.0,500.0,13,28,20,4,15,29,21,44600.0,42300.0,36500.0,640,569700.0,563899.9864459038,27000.03096833825,75299.96219091117,136700.10957866907,71200.01828297973,81300.0,49500.0,ok,19735.0,43915.0,19780.0,29685.0,47100.0,622400.0,2.225234355206486,1.5007583417593529,2.3811931243680484,3e999714a42c4f044b430b8cc40abb720d38493759d9fe0cc549d769e03d9ad9,True,512,6144,14848,2048,2048,8388608,20,5,4769a3d3ef257f5baf500e4fadea31a5
b2,held_out,b2-k12-mixed-shared-1-f8b45cd2b4da,mixed,12,42,82,32,21600.0,1000.0,20,44,36,8,42,63,51,112800.0,115600.0,77200.0,1030,1319300.0,1299900.0027775764,119400.03605559468,118999.97480213642,276999.9555312097,202399.91135895252,104800.0,130000.0,ok,19030.0,52495.0,14050.0,42110.0,31400.0,613200.0,2.758539148712559,2.997153024911032,2.2348754448398576,58d74552627d4b7e9c125d6eb17b2f852862824480487ffbd2d2855002864947,True,512,6144,41984,2048,4096,8388608,20,5,f8b45cd2b4dae9a1f0826e7ff9df8a79
b2,held_out,b2-k12-mixed-shared-2-50e3ef4d7ce9,mixed,12,36,64,30,8200.0,300.0,18,39,31,7,32,57,44,47700.0,52200.0,29800.0,885,497600.0,490200.00733435154,32499.95643272996,49399.93959851563,105300.04510655999,70899.98689480126,50800.0,49500.0,ok,17350.0,42740.0,17195.0,29740.0,28300.0,578200.0,2.463400576368876,1.7295725501599302,1.6458272753707472,7d6ab2fd13b177da1853d5aba62e55a9f8bd1d2f9b1c5a128c5194b40f2544ca,True,512,6144,32768,2560,3584,8388608,20,5,50e3ef4d7ce94f2b7e5fe91738eb7758
b2,held_out,b2-k12-mixed-shared-3-b8fa1dce4b0b,mixed,12,32,73,24,7100.0,300.0,12,30,24,8,36,82,59,41200.0,44300.0,26400.0,785,418800.0,412399.9970033765,24300.010409206152,37599.93705898523,89299.86506700516,64300.02395063639,39000.0,57500.0,ok,23255.0,53030.0,9955.0,22570.0,25900.0,428300.0,2.280369812943453,2.2672024108488196,2.601707684580613,d170e5645e8911a3ecb37073163e94e81699b620f5d1a07eeb2d13301d1a8f3d,True,512,6144,37376,2560,4096,8388608,20,5,b8fa1dce4b0bc619bce10a46918c22fa
b2,held_out,b2-k12-mixed-shared-4-b5d9843db5e5,mixed,12,41,92,33,9600.0,300.0,21,40,32,10,47,60,52,59100.0,57700.0,33600.0,999,608800.0,603300.0245224684,44199.95821081102,54299.97690953314,122800.06194487214,90999.90711547434,63700.0,70400.0,ok,17740.0,56610.0,14025.0,34495.0,29800.0,631300.0,3.1910935738444195,2.459536541889483,2.124777183600713,f056e6820013d8b35a3a4a56d4b2e9cece0e03cb2be1884a7fe5b62e6e54439f,True,512,6144,47104,2560,5120,8388608,20,5,b5d9843db5e5a41e524408169173818c
b2,held_out,b2-k16-xor_dom-tree-1-2f5ce8a982ff,xor_dom,16,39,45,30,8800.0,300.0,14,29,25,5,23,29,25,61200.0,58300.0,81400.0,934,677600.0,668199.99483414,41599.99662078917,71500.02056732774,129199.93605464697,102899.99772794545,50500.0,37200.0,ok,48560.0,50940.0,44360.0,48360.0,64200.0,599600.0,1.049011532125206,1.090171325518485,1.3275434243176178,018e0ba07f27a37af3716edbabbd12ddb0b4c19c71b3e0d33f1ffc9c32f618c8,True,8192,131072,368640,40960,40960,8388608,5,5,2f5ce8a982ffa8fd1f0938431c39c29c
b2,held_out,b2-k16-xor_dom-tree-2-dc59bd3a0d74,xor_dom,16,35,38,27,7200.0,200.0,11,22,20,4,19,22,20,46800.0,46600.0,27400.0,836,714500.0,707300.0015225261,49600.028432905674,87200.05280338228,139200.04130341113,88399.97462928295,45300.0,47500.0,ok,31880.0,43960.0,59280.0,84540.0,111300.0,1038300.0,1.3789209535759097,1.4261133603238867,1.3165365507452094,b3ff3aa89347b3ff62d4d5966b626179406588b275bf6df9a7ddf9da6917a985,True,8192,131072,311296,32768,32768,8388608,5,5,dc59bd3a0d742d46cb136f3486a28cda
b2,held_out,b2-k16-xor_dom-tree-3-fd0e9542c807,xor_dom,16,40,47,31,14200.0,400.0,15,34,28,4,24,34,28,102100.0,102600.0,64900.0,961,1039300.0,1027299.9934386462,77300.03562755883,124300.01515895128,224399.96246248484,149900.06457082927,93500.0,69800.0,ok,54400.0,58140.0,52400.0,53440.0,69800.0,622100.0,1.06875,1.0198473282442748,1.3061377245508983,a3955e0d7106bf8d76e35852c93e5943f4d40a0fc2408a3793bffdf25c694402,True,8192,131072,385024,49152,32768,8388608,5,5,fd0e9542c807aa5f98d6a8a50bb4942a
b2,held_out,b2-k16-xor_dom-tree-4-ccf5dc564650,xor_dom,16,40,48,30,8100.0,300.0,14,29,26,4,24,29,26,53500.0,54700.0,31300.0,965,580100.0,572600.0235881656,40500.10466016829,71100.04662536085,117300.10737664998,78699.98808018863,49100.0,38500.0,ok,40040.0,53880.0,75120.0,79280.0,67500.0,636800.0,1.3456543456543457,1.055378061767838,0.8514127144298688,3c793589cc2bebc13af38a7c815bc02ed82fcfd33ae54d0a1d523e95d20eb1e3,True,8192,131072,393216,40960,32768,8388608,5,5,ccf5dc564650469fd8771eed98469d37
b2,held_out,b2-k16-xor_dom-shared-1-3867fe1a233b,xor_dom,16,50,81,33,9200.0,300.0,17,35,31,7,41,47,43,57700.0,70500.0,39200.0,1227,779100.0,770299.9864704907,62400.12589842081,105000.04282221198,146500.0386815518,118600.00086016953,54600.0,60600.0,ok,109840.0,127240.0,55520.0,55620.0,84700.0,2107400.0,1.1584122359796067,1.0018011527377522,1.5228335131247752,61793872c60bf17fd180b9da24ec1c27aa496660279f122cdac3f9312e26df04,True,8192,131072,663552,49152,57344,8388608,5,5,3867fe1a233b8539d9c2ba0736d5141b
b2,held_out,b2-k16-xor_dom-shared-2-d28a01c0b901,xor_dom,16,41,63,26,10700.0,400.0,10,27,25,5,31,39,35,70000.0,82100.0,49900.0,999,944100.0,933500.0067949295,68199.9372318387,146899.98351968825,186000.04841573536,150300.06761662662,60700.0,73800.0,ok,98460.0,143340.0,36560.0,47080.0,64500.0,702200.0,1.4558196221815967,1.287746170678337,1.3700084961767205,e6bb163b96b1e8d81c66a8d3862f9e8cc469a96a2e0c2c1627b125cc35e0d6c3,True,8192,131072,516096,32768,40960,8388608,5,5,d28a01c0b9013e8020356d64403c0f01
b2,held_out,b2-k16-xor_dom-shared-3-78849fba8a04,xor_dom,16,45,72,29,15900.0,700.0,13,34,30,7,37,42,38,122100.0,190200.0,60800.0,1085,1108100.0,1094100.0073216856,82000.01320801675,178699.93462227285,244299.96847175062,168400.05991980433,98200.0,114600.0,ok,112220.0,134560.0,50240.0,59460.0,71400.0,881300.0,1.1990732489752272,1.1835191082802548,1.2008072653884965,d8a6946aaef5ede9c872cb34102c54b328721c28f85ee042e221cd4e1035b1a3,True,8192,131072,589824,40960,57344,8388608,5,5,78849fba8a0496b7b3829f603bc87028
b2,held_out,b2-k16-xor_dom-shared-4-c20fb11b9c87,xor_dom,16,45,70,31,7900.0,300.0,15,32,26,5,36,45,39,53500.0,61400.0,36600.0,1088,685600.0,678700.0165786594,50600.036047399044,89000.00830180943,136300.01922138035,98100.04848986864,52300.0,56400.0,ok,73140.0,73900.0,51420.0,47300.0,63700.0,766200.0,1.0103910308996444,0.9198755348113574,1.346723044397463,4ac9c3c0cad97d417ecda5976d75ae28cccf878ef50e0a5b38335576cdd355fc,True,8192,131072,573440,32768,40960,8388608,5,5,c20fb11b9c873214ba614bab4da1f4b0
b2,held_out,b2-k16-andor_dom-tree-1-9b69c21027be,andor_dom,16,32,32,31,7600.0,300.0,15,17,16,4,16,17,16,47600.0,38700.0,25300.0,752,406500.0,399699.98761080205,28900.016332045197,29500.050004571676,89100.03816708922,53399.97005648911,46100.0,25800.0,ok,22660.0,36960.0,24280.0,36760.0,76800.0,469600.0,1.6310679611650485,1.514003294892916,2.0892274211099022,2ca316eb2f35ea4b8332ebc0581fd6e0804e90ea1114984111640b40d9fcc188,True,8192,131072,262144,32768,32768,8388608,5,5,9b69c21027be1612263d601c2fa605c2
b2,held_out,b2-k16-andor_dom-tree-2-4798fd76dd91,andor_dom,16,34,34,31,7500.0,300.0,15,25,20,4,18,25,20,47000.0,40000.0,26000.0,795,397900.0,391999.987186864,23599.94687139988,29500.050004571676,95799.94366504252,48300.04763789475,45700.0,27300.0,ok,41600.0,45940.0,42620.0,39960.0,87700.0,540000.0,1.104326923076923,0.9375879868606288,2.194694694694695,4460bf05a8bc6256ffcc79d3e2f758a8823b21313048bebf192867527f455313,True,8192,131072,278528,49152,32768,8388608,5,5,4798fd76dd91a3fedf52dc7c0edece3d
b2,held_out,b2-k16-andor_dom-tree-3-0631f9f38a59,andor_dom,16,34,34,31,7400.0,300.0,15,25,20,5,18,25,20,46300.0,40400.0,25700.0,789,397800.0,391499.98337961733,25500.048650428653,30399.96954612434,91300.02581514418,51299.95406605303,44500.0,27500.0,ok,47520.0,43400.0,45820.0,39860.0,57400.0,483700.0,0.9132996632996633,0.8699257965953732,1.4400401404917211,fbe9a08a73ce5575f037a20423fdff198c637108de4103c6866d2a82619d5521,True,8192,131072,278528,40960,40960,8388608,5,5,0631f9f38a59e376b1fca7715ceaf22e
b2,held_out,b2-k16-andor_dom-tree-4-63621194d872,andor_dom,16,36,39,33,8100.0,300.0,17,27,22,5,20,28,23,54200.0,51000.0,31000.0,853,444700.0,437900.0165499747,26800.058549270034,37599.96616281569,98100.01938603818,56999.93926100433,50100.0,31200.0,ok,41640.0,47980.0,48800.0,47200.0,61800.0,529700.0,1.1522574447646494,0.9672131147540983,1.3093220338983051,17f9d6bb136db54edcc941d09098c3b90ca65b39e4c4efbb1cce0ab98375d033,True,8192,131072,319488,40960,40960,8388608,5,5,63621194d872ff0fb0296bcc8a8fc619
b2,held_out,b2-k16-andor_dom-shared-1-98d2a1ad94ad,andor_dom,16,43,71,28,8900.0,300.0,12,26,25,8,37,41,37,52500.0,57500.0,35300.0,1041,718900.0,712399.9821487814,62299.95051398873,78900.04781074822,142399.8619429767,106799.99832063913,47600.0,53100.0,ok,59660.0,72220.0,33280.0,47640.0,65500.0,982200.0,1.2105263157894737,1.4314903846153846,1.374895046179681,61cb2b2132400af1e104646086523433a7a1ab97ee1ca0017395caa45fe33395,True,8192,131072,581632,32768,65536,8388608,5,5,98d2a1ad94adf2bb987a8c3d3d580016
b2,held_out,b2-k16-andor_dom-shared-2-cf190eb487c4,andor_dom,16,48,72,37,10200.0,200.0,21,40,34,8,38,47,40,60200.0,64200.0,36900.0,1154,764100.0,753400.003304705,65200.05990751088,70999.92944858968,159699.9354660511,119199.94722120464,58400.0,59600.0,ok,72360.0,74560.0,62980.0,61880.0,77800.0,756100.0,1.0304035378662244,0.9825341378215307,1.2572721396250808,a27c9206f7b3a6994f380287bd0875302344283e44383b01cd4424959ada4433,True,8192,131072,589824,40960,65536,8388608,5,5,cf190eb487c43e880bdcac6247716fcf
b2,held_out,b2-k16-andor_dom-shared-3-b995a8e54fc8,andor_dom,16,44,84,32,8800.0,400.0,16,34,30,9,42,49,45,57600.0,60200.0,35200.0,1069,638300.0,629400.0195339322,49499.94035996497,58800.09848624468,130399.91608820856,104799.95398782194,50300.0,61700.0,ok,64720.0,90700.0,48500.0,54700.0,71700.0,707700.0,1.4014215080346106,1.1278350515463917,1.3107861060329067,a858d9c33bba4c22c5645d0238026ec68895f78131c09866ba049ac1213930f0,True,8192,131072,688128,40960,73728,8388608,5,5,b995a8e54fc8be58fad7f1820347b1a4
b2,held_out,b2-k16-andor_dom-shared-4-00fae4d6add7,andor_dom,16,43,78,32,9100.0,300.0,16,33,29,8,39,52,45,55000.0,56200.0,35000.0,1042,656000.0,650300.0040538609,48699.992476031184,57199.998991563916,137900.08961223066,106999.9416358769,53300.0,61900.0,ok,90900.0,87220.0,54780.0,51620.0,69500.0,1075500.0,0.9595159515951596,0.9423147133990507,1.3463773731111972,7b9b7ab938f677f2eeba5f8f4b683b2e08a62006f1718fd09dbd9982634affb7,True,8192,131072,638976,40960,65536,8388608,5,5,00fae4d6add7f3969a304bb041c09e1d
b2,held_out,b2-k16-impeqv_dom-tree-1-e08d580f6edb,impeqv_dom,16,40,48,40,10300.0,300.0,24,65,44,6,24,65,44,53500.0,60500.0,33100.0,970,472600.0,465000.0191759318,7899.972843006253,34500.05897320807,123600.03893263638,77199.97665844858,63500.0,42700.0,ok,148220.0,70280.0,144040.0,69580.0,86900.0,650400.0,0.4741600323842936,0.4830602610386004,1.2489221040528888,28939964043b92825c69db3a62cc0fd0e572fe878bc09d6abe48f167e8f38c56,True,8192,131072,393216,49152,49152,8388608,5,5,e08d580f6edb5bb7f9f29d7e6b5c87b1
b2,held_out,b2-k16-impeqv_dom-tree-2-c47a93c76ff1,impeqv_dom,16,38,41,37,14000.0,400.0,21,56,37,5,22,56,37,68400.0,54200.0,50800.0,896,612600.0,603599.997702986,8799.979696050286,42000.028770416975,166999.9910518527,96300.00567995012,88200.0,54700.0,ok,115660.0,61020.0,114840.0,59720.0,90900.0,527500.0,0.527580840394259,0.520027864855451,1.5221031480241125,b02ee6a9490f8f01dae562dfc4eaee99f6b91c56c9a55de5075e040c2c8badb0,True,8192,131072,335872,40960,40960,8388608,5,5,c47a93c76ff1f90404d1101c7e522774
b2,held_out,b2-k16-impeqv_dom-tree-3-01da67660395,impeqv_dom,16,40,47,39,10200.0,300.0,23,60,41,6,24,60,41,53300.0,54800.0,32100.0,961,467500.0,457000.01646764576,9399.926057085395,36800.01827888191,109900.02192556858,72299.99755509198,64300.0,37600.0,ok,139680.0,67960.0,129220.0,66500.0,83600.0,574400.0,0.4865406643757159,0.514626218851571,1.2571428571428571,6eca2c4bc082b0802c1c2ec4897191c392a9aa04049295ebb289b5966f58ca11,True,8192,131072,385024,40960,49152,8388608,5,5,01da676603950bf10ac55f06ccb310ec
b2,held_out,b2-k16-impeqv_dom-tree-4-f1d16cc1ccd8,impeqv_dom,16,36,37,36,9100.0,300.0,20,54,35,5,20,54,35,48400.0,54700.0,65500.0,844,370300.0,363600.00376589596,2499.9899324029684,23799.97749812901,99800.06143450737,53399.9118488282,54600.0,29600.0,ok,118700.0,56840.0,222620.0,109720.0,144600.0,859900.0,0.4788542544229149,0.4928577845656275,1.3179001093693037,b2800e59b7e91c0103d66c14b98bd8f6bd2802fc6614fcd1cba5ce28391b0a8d,True,8192,131072,303104,32768,40960,8388608,5,5,f1d16cc1ccd87cd3bdbf93dc2d4cbb76
b2,held_out,b2-k16-impeqv_dom-shared-1-37e51ffa951a,impeqv_dom,16,46,75,46,11500.0,300.0,30,77,52,7,39,93,64,123200.0,103400.0,42800.0,1118,539400.0,530799.9963406473,9999.959729611874,35400.00761859119,129599.90999661386,102799.9387588352,73700.0,59500.0,ok,203780.0,99520.0,172140.0,80520.0,95800.0,831100.0,0.4883698105800373,0.4677588009759498,1.18976651763537,3750f3194b5162b24abdb770fe535cd77b4bef4322b4e5dfa973574f347c175c,True,8192,131072,614400,32768,57344,8388608,5,5,37e51ffa951a5efa0431ecfe2e1e7612
b2,held_out,b2-k16-impeqv_dom-shared-2-c84cd9722277,impeqv_dom,16,52,105,49,12600.0,300.0,33,80,54,8,58,118,82,111200.0,135500.0,42200.0,1262,595800.0,581800.0063300133,14899.96793679893,38199.99983534217,139000.010676682,109800.02116411924,78000.0,96400.0,ok,247400.0,123720.0,203500.0,81760.0,97500.0,760600.0,0.5000808407437348,0.40176904176904177,1.1925146771037183,1c30a6291e46f89c84bcae3dadbeef7d015272b03ccf65928a8dfa7f459ee9b9,True,8192,131072,860160,40960,65536,8388608,5,5,c84cd972227722d3994c261dbed9935f
b2,held_out,b2-k16-impeqv_dom-shared-3-dd3d88c4a1c4,impeqv_dom,16,47,125,42,10800.0,300.0,26,74,49,7,63,185,123,90800.0,69300.0,38500.0,1148,491500.0,483999.9892283231,1999.9861251562834,27199.97428357601,119600.0084746629,94999.99578110874,65200.0,98900.0,ok,433600.0,171580.0,316120.0,128480.0,146900.0,929800.0,0.395710332103321,0.4064279387574339,1.1433686176836861,5d121794535354beda6ba2813e5aba86727dc7c786f7fc871639de7cbca6eb44,True,8192,131072,1024000,49152,57344,8388608,5,5,dd3d88c4a1c4c77c937babcfe278be7c
b2,held_out,b2-k16-impeqv_dom-shared-4-750f3169f2d6,impeqv_dom,16,40,83,39,9700.0,200.0,23,67,44,6,44,124,81,86900.0,68400.0,38900.0,969,429200.0,421900.0111334026,2100.015990436077,24900.102289393544,107499.97454695404,88199.97310638428,60300.0,64100.0,ok,266660.0,117640.0,159740.0,64660.0,88000.0,539900.0,0.4411610290257256,0.40478277200450735,1.3609650479430868,516f91b25b608fbd7314967bd76f9d270ad918c97cc184abb9d442d58cab63a2,True,8192,131072,679936,32768,49152,8388608,5,5,750f3169f2d63d844b1f4544bdd21e36
b2,held_out,b2-k16-mixed-tree-1-d1b5689114e3,mixed,16,32,32,29,7000.0,300.0,13,25,20,6,16,25,20,43800.0,39800.0,25200.0,752,419300.0,411199.98786598444,22699.99822601676,32100.011594593525,97000.04011392593,57600.06024502218,42800.0,25900.0,ok,55940.0,43240.0,66320.0,45180.0,68900.0,536000.0,0.7729710404004291,0.6812424607961399,1.5250110668437362,cfd9c47fbac4cfe26ed662ae3188f5f7e58968533c6a4898b9d815378ce18e20,True,8192,131072,262144,40960,49152,8388608,5,5,d1b5689114e3546f3a1d158264d1cd1a
b2,held_out,b2-k16-mixed-tree-2-9cf5c64922ce,mixed,16,32,33,32,8100.0,200.0,16,26,21,5,16,26,21,60900.0,42600.0,25800.0,759,387200.0,380900.01908130944,19300.00144056976,33499.96404722333,90500.0779312104,54800.009820610285,49500.0,28200.0,ok,42920.0,44160.0,44140.0,43700.0,61000.0,478700.0,1.0288909599254428,0.9900317172632532,1.3958810068649885,c4c0eb0b91911ee77095e3f1861624778ca5fc74b348b68586b378949000912b,True,8192,131072,270336,40960,40960,8388608,5,5,9cf5c64922ce0571249969b7df68a600
b2,held_out,b2-k16-mixed-tree-3-813773e1451b,mixed,16,40,48,40,11100.0,300.0,24,53,38,6,24,53,38,66700.0,104700.0,69500.0,966,700200.0,693700.0143807381,23799.97749812901,48999.96565654874,174599.9325066805,107699.97606985271,69000.0,54700.0,ok,146560.0,67380.0,117800.0,66000.0,81800.0,1112700.0,0.4597434497816594,0.5602716468590832,1.2393939393939395,a95812dc6dbc063bb8164d6abbc45375d73fcfc19d0625b01d15b5c6e8414b8e,True,8192,131072,393216,40960,49152,8388608,5,5,813773e1451bbd6a2f98e96ceefda0d9
b2,held_out,b2-k16-mixed-tree-4-8eb11693eacf,mixed,16,37,43,36,9400.0,300.0,20,43,32,5,21,43,32,53900.0,51600.0,29700.0,893,445600.0,438600.02188012004,18199.99306462705,38400.00135824084,100600.06752610207,68699.97014291584,57300.0,38700.0,ok,83460.0,59780.0,81680.0,60660.0,74600.0,560700.0,0.7162712676731369,0.7426542605288933,1.2298054731289152,4d6d9f055df5a6ee20cb816584dc2ae46a7f5e44347816ed8de2c611a8529f3b,True,8192,131072,352256,32768,40960,8388608,5,5,8eb11693eacf1038682e614ce5d178ae
b2,held_out,b2-k16-mixed-shared-1-ee24b1b1bb48,mixed,16,41,77,33,9300.0,300.0,17,39,32,6,38,54,46,54400.0,57700.0,33100.0,998,976000.0,964200.0077292323,56799.99594576657,70799.89882186055,190399.96550418437,143699.930049479,62600.0,65600.0,ok,142780.0,107820.0,69440.0,56720.0,102000.0,751800.0,0.7551477798010926,0.8168202764976958,1.7983074753173485,c1e3d8599b12aecc02b1037e39548ef97c9b307728c1dd11c2724784ceae6cb0,True,8192,131072,630784,40960,49152,8388608,5,5,ee24b1b1bb4825011fe7d41a9efa2bb7
b2,held_out,b2-k16-mixed-shared-2-bc31f42a45c2,mixed,16,44,96,34,13300.0,400.0,18,51,39,7,50,107,76,53000.0,123400.0,50700.0,1073,914500.0,901199.9936774373,48799.964133650064,82800.01929961145,198899.91381205618,165600.06770305336,84400.0,124300.0,ok,366360.0,183700.0,89540.0,64280.0,82700.0,864100.0,0.5014193689267388,0.7178914451641725,1.2865588052271313,7a725401fb035c3469721894db466607939804371e65638031032201203731b2,True,8192,131072,786432,32768,57344,8388608,5,5,bc31f42a45c2f54a8b39ca80550f8c5f
b2,held_out,b2-k16-mixed-shared-3-8dda327e304f,mixed,16,46,85,39,10500.0,300.0,23,50,40,9,42,70,56,61400.0,65500.0,38200.0,1133,830600.0,820000.0156648457,47199.835535138845,71100.04662536085,180900.0677894801,141600.03047436476,64700.0,70300.0,ok,126820.0,99600.0,124120.0,91220.0,87600.0,739300.0,0.7853650843715503,0.734933934901708,0.9603157202367901,5a5dd23628309d8254036753447cc7855664935af517dc86b3a9c8b57d120b9f,True,8192,131072,696320,40960,73728,8388608,5,5,8dda327e304f66ada6c383e414f2a5f7
b2,held_out,b2-k16-mixed-shared-4-8dafe13fc96b,mixed,16,41,69,32,8800.0,300.0,16,45,35,8,34,68,51,51300.0,55500.0,34400.0,1001,568700.0,560699.9911833555,33599.99391250312,50900.0092279166,120199.95483569801,100099.94730353355,51500.0,54400.0,ok,143600.0,98220.0,102020.0,62380.0,75400.0,917400.0,0.683983286908078,0.6114487355420506,1.20872074382815,2b01e9e55fa763957fceaf6cf7170bb8e75ab3237ef34252d83ab4a5e9c39ccc,True,8192,131072,565248,49152,65536,8388608,5,5,8dafe13fc96bfdcb0f894634ae107e89
epfl,held_out,epfl-arithmetic-adder-po3-e22ec7119f,adder.aig,8,42,89,41,10800.0,300.0,33,53,34,6,61,95,61,87200.0,54200.0,31600.0,956,610700.0,602299.9878041446,38499.97301585972,36399.957025423646,165400.09528398514,54600.066505372524,75000.0,96300.0,ok,11688.0,58740.0,8549.0,32202.0,23600.0,560500.0,5.025667351129363,3.7667563457714355,2.7605567902678674,d37f25665cce1aecebbf013f996122f7faa349f58412e2d981ca965024688b71,True,32,256,2848,192,192,8388608,100,5,e22ec7119ffd1636eadffc9fcfcb4843
epfl,held_out,epfl-arithmetic-adder-po4-ed17ac917c,adder.aig,10,54,117,53,13400.0,300.0,43,69,44,8,81,127,81,69700.0,118800.0,77600.0,1222,616400.0,607100.0243537128,43699.92529973388,40100.01430287957,155000.0160932541,57899.88790638745,101400.0,91600.0,ok,18650.0,77844.0,14468.0,85990.0,53300.0,1120600.0,4.173941018766756,5.943461432126071,3.6839922587779927,9a8a466dc0641128100f47db630673764e5e229088ba532115734e5c0b50116e,True,128,1280,14976,896,1024,8388608,50,5,ed17ac917c28511b926f91df0f41f4cd
epfl,held_out,epfl-arithmetic-adder-po5-d8df03f32b,adder.aig,12,66,145,65,20500.0,500.0,53,85,54,10,101,159,101,102400.0,104100.0,46800.0,1490,747400.0,735499.9834205955,43700.01261122525,51099.981646984816,193600.07718205452,79999.99797903001,100400.0,143900.0,ok,63280.0,98740.0,50300.0,69780.0,84500.0,903400.0,1.5603666245259165,1.38727634194831,1.679920477137177,74d4ee5fb9d13f31a6dfc7bac9fa55de70a4b7638a656bf599d73d6e44730939,True,512,6144,74240,4096,5120,8388608,20,5,d8df03f32bb4ff5aac640b5056423024
epfl,held_out,epfl-arithmetic-adder-po6-5e5f8d2bf9,adder.aig,14,78,173,77,19600.0,300.0,63,101,64,12,121,191,121,97300.0,87900.0,51800.0,1758,892100.0,884900.0150803477,54599.979193881154,63500.01785904169,236900.0285398215,113700.05086064339,112700.0,336700.0,ok,195380.0,167000.0,66360.0,66900.0,125700.0,1691800.0,0.8547446002661481,1.0081374321880652,1.8942133815551536,4026f35c42e8009977267920e6c482465bf0766b5520545ad580edb8824305db,True,2048,28672,354304,18432,24576,8388608,5,5,5e5f8d2bf9194aa08af98cde3140bffc
epfl,held_out,epfl-arithmetic-adder-po7-7187a359bb,adder.aig,16,90,201,89,22600.0,300.0,73,117,74,14,141,223,141,245600.0,209700.0,117000.0,2026,1876300.0,1840499.9864287674,119199.88901354373,120199.8966280371,496600.23069009185,214599.91694428027,136800.0,154900.0,ok,498560.0,275900.0,241820.0,147400.0,138300.0,1313900.0,0.5533937740693197,0.6095442891406831,0.9382632293080054,f9ca67460fd30b4ae937350951e78284923dca2986c7337f607e05d6400cd51c,True,8192,131072,1646592,81920,114688,8388608,5,5,7187a359bb715a036d7885a01c0f65a1
epfl,held_out,epfl-arithmetic-adder-internal23-c8f7e7c3d1,adder.aig,8,37,43,35,9400.0,300.0,27,45,29,7,29,45,29,45400.0,52500.0,27500.0,844,484600.0,476200.0171467662,32199.95414838195,33899.908885359764,126999.86109510064,44499.90228749812,57400.0,34400.0,ok,6786.0,26432.0,7318.0,26425.0,37700.0,413800.0,3.895078101974654,3.610959278491391,5.1516807871003,6f04de1da7d877a6e57501a9c4c81c4cacf0e3048dba20d26c3fb349764e08b2,True,32,256,1376,160,224,8388608,100,5,c8f7e7c3d152396e9e07dab9ad5b9c81
epfl,held_out,epfl-arithmetic-adder-internal59-0da2adafe4,adder.aig,16,86,100,85,21200.0,300.0,69,111,70,16,70,111,70,104300.0,130100.0,133900.0,1932,963200.0,948500.0045970082,48300.01853406429,72599.94163177907,256400.14791861176,110900.05864389241,168400.0,87500.0,ok,199540.0,109720.0,395340.0,181080.0,124100.0,1311500.0,0.5498646887842037,0.4580361208074063,0.6853324497459686,5df178d38710a83349fc826afce8a0ad16747fc3552c986fc861bf670bf13ad0,True,8192,131072,819200,73728,131072,8388608,5,5,0da2adafe4073aa50a8272d1609ccc0e
epfl,held_out,epfl-arithmetic-bar-internal12-c0943537bc,bar.aig,8,30,38,23,11000.0,1000.0,15,31,22,8,24,35,24,34400.0,38100.0,24400.0,701,377600.0,371599.97737035155,30100.02546943724,30599.971069023013,91399.99747276306,36199.95550252497,54500.0,48000.0,ok,6084.0,25687.0,4963.0,18784.0,21000.0,461700.0,4.222057856673241,3.784807576062865,4.231311706629055,767151bfa5326f9428f125559a3cf78cf0de04049476538d2e2620e7e94ee974,True,32,256,1216,160,256,8388608,100,5,c0943537bc142f4bbb73ea82b186df6e
epfl,held_out,epfl-arithmetic-bar-internal946-d4ec02cf11,bar.aig,8,29,37,22,6600.0,300.0,14,29,21,7,23,33,23,32200.0,36300.0,24100.0,681,347600.0,341500.0101085752,24800.014216452837,29199.960408732295,83699.8806335032,34299.99924264848,35100.0,26900.0,ok,4938.0,22412.0,6806.0,25851.0,20300.0,353700.0,4.538679627379506,3.798266235674405,2.9826623567440493,f4e942665f3d820b88516cdbb483464d4fe650a13cad04a4e1b6b46ff03d3ccf,True,32,256,1184,160,224,8388608,100,5,d4ec02cf1136c41e9bd1916f1b0ee824
epfl,held_out,epfl-arithmetic-bar-internal1491-d851acd11c,bar.aig,8,28,36,21,16200.0,1100.0,13,27,20,6,22,31,22,29800.0,35700.0,22600.0,660,647500.0,637999.9977070838,51599.9854542315,49299.997044727206,160599.9714229256,67900.02225898206,59600.0,42800.0,ok,4544.0,26637.0,4516.0,17663.0,21800.0,354900.0,5.862015845070423,3.911204605845881,4.827280779450842,b81d18cf1175a51585f5376e9977ebbdab4a6868949bfd830487d4b93643841a,True,32,256,1152,160,192,8388608,100,5,d851acd11c7e46c1a61c483ea739b41e
epfl,held_out,epfl-arithmetic-bar-internal1655-92b9245782,bar.aig,8,29,37,22,9400.0,400.0,14,29,21,7,23,33,23,50800.0,52800.0,41500.0,681,490700.0,482700.0084333122,34800.00304989517,39599.89408031106,120299.92649331689,51000.009989365935,51700.0,44000.0,ok,4724.0,22592.0,4534.0,18401.0,20700.0,361300.0,4.782387806943269,4.058447287163652,4.565505072783414,060359ae0958bceff79b638e488e4ce81caaa6e468f0796d1a672393440beaf5,True,32,256,1184,160,224,8388608,100,5,92b9245782c10ad004215feb9cdf4cc1
epfl,held_out,epfl-arithmetic-bar-internal2321-8f03a00382,bar.aig,12,54,76,40,10900.0,300.0,28,57,42,8,48,69,48,57000.0,68400.0,40300.0,1268,686200.0,677200.0051569194,54300.15153251588,60600.024880841374,161800.03876797855,74899.90093745291,59900.0,55300.0,ok,19680.0,46540.0,16830.0,36830.0,32300.0,814700.0,2.3648373983739837,2.1883541295306,1.9191919191919191,1ccd113d82cef9974abc383d46f579db73cbc0688056bc9678a71b6ff2bfff48,True,512,6144,38912,2560,4096,8388608,20,5,8f03a00382f722f8356f7ce4ae9e61c6
epfl,held_out,epfl-arithmetic-div-internal11-6e2b7582e6,div.aig,8,23,23,17,4300.0,300.0,9,23,15,9,15,23,15,23900.0,28000.0,20000.0,524,250300.0,245900.00975877047,16200.065147131681,24300.03951303661,65000.0583846122,18700.05507953465,25500.0,18900.0,ok,3744.0,14971.0,3478.0,12220.0,19900.0,296800.0,3.99866452991453,3.5135135135135136,5.721679125934445,01d0fabd251fcbbe2b93b4b927b26ad2a1a99077152e45ded1e678afa45dbec5,True,32,256,736,160,288,8388608,100,5,6e2b7582e69a24a480feb20a4a258e8d
epfl,held_out,epfl-arithmetic-div-internal205-17fa719fea,div.aig,10,33,38,26,6800.0,300.0,16,35,23,11,25,38,25,37600.0,37000.0,25700.0,748,359300.0,353099.9820213765,23899.978259578347,35700.0099029392,91899.97217617929,30499.970307573676,37400.0,29400.0,ok,6534.0,23426.0,5802.0,19384.0,22600.0,362800.0,3.5852464034282217,3.3409169251982074,3.895208548776284,0f36b0fa51084ad87b21152b5ae6ea0bec2f9ba8315ecba6f3da919c42c1f71b,True,128,1280,4864,640,1408,8388608,50,5,17fa719fea419fc70e73558a1f8ddce6
epfl,held_out,epfl-arithmetic-div-internal2341-0bff27478a,div.aig,8,22,22,16,4000.0,200.0,8,21,14,8,14,21,14,21900.0,23700.0,18900.0,504,235500.0,230900.01195669174,15400.088159367442,22000.021999701858,60600.024880841374,18699.96776804328,22000.0,17700.0,ok,3499.0,13474.0,3346.0,11438.0,21400.0,373000.0,3.8508145184338383,3.418410041841004,6.3956963538553495,6cc4f0e930b34481d03a4134331852eaed66667e3b3d8605f7cd3777551d2b6f,True,32,256,704,160,256,8388608,100,5,0bff27478a11a38d9def3bd159cffbdd
epfl,held_out,epfl-arithmetic-div-internal10810-b1ae747db1,div.aig,14,41,41,29,7200.0,400.0,15,41,27,15,27,41,27,38900.0,45900.0,29600.0,924,501100.0,494800.0132571906,32600.044505670667,51200.01151226461,116700.0737041235,44300.046283751726,36300.0,29200.0,ok,37760.0,31540.0,21300.0,24640.0,36400.0,539400.0,0.8352754237288136,1.1568075117370893,1.7089201877934272,d5990a0fe875a0aa109edb831f0e95b8f0a3a46b9b78daeaea9ce05c32c7201f,True,2048,28672,83968,12288,30720,8388608,5,5,b1ae747db1c268396bdf3e86f1f55413
epfl,held_out,epfl-arithmetic-div-internal28675-2e29c8b7fc,div.aig,16,46,46,32,7500.0,300.0,16,45,30,16,30,45,30,56700.0,54600.0,35000.0,1038,517500.0,509600.00953637064,36899.98993650079,57499.91396442056,131799.95585232973,46800.00711232424,41600.0,33500.0,ok,82200.0,52340.0,73860.0,45120.0,61400.0,647800.0,0.6367396593673966,0.6108854589764419,1.3608156028368794,72efda3507f8576e0c8c053e36174a2967516d57dcf0460facd58e1238d7997a,True,8192,131072,376832,49152,131072,8388608,5,5,2e29c8b7fc05a592949476903c8a4505
epfl,held_out,epfl-arithmetic-hyp-internal65-be3998eac0,hyp.aig,8,44,67,38,10400.0,300.0,30,51,36,7,41,57,41,54000.0,55500.0,41000.0,1037,545200.0,540199.9806053936,42800.06396584213,42199.91387799382,132699.96270537376,58399.9790251255,58800.0,48000.0,ok,11286.0,40054.0,7824.0,31991.0,25900.0,544300.0,3.5489987595250754,4.088829243353783,3.3103271983640083,5c33e73f2a5983a625428579b9adb04a0be7a926c1bb5ffe0eac59c6d5f2c9b5,True,32,256,2144,192,224,8388608,100,5,be3998eac02d8153fbe2b03fa2a191da
epfl,held_out,epfl-arithmetic-hyp-internal17666-fd54aaf9b3,hyp.aig,12,58,108,53,13600.0,200.0,41,66,46,7,66,91,66,104900.0,92600.0,64600.0,1348,846700.0,832499.994430691,63400.017097592354,61100.11599957943,211799.95383135974,93799.89933222532,84000.0,84800.0,ok,28210.0,82345.0,22310.0,41735.0,38000.0,678500.0,2.9190003544842256,1.870685791125056,1.703272075302555,198de70838377fa516f8f25f259d48d2acc38d2f09f983f3f98ba3a32f0a4e07,True,512,6144,55296,3072,3584,8388608,20,5,fd54aaf9b3ed8bf0bd52a04ebb21538c
epfl,held_out,epfl-arithmetic-hyp-internal39470-7af4a2b5bd,hyp.aig,12,41,49,33,9400.0,300.0,21,39,29,6,29,39,29,47600.0,50600.0,41900.0,962,585100.0,576599.9958384782,46500.00482797623,42099.94222037494,143399.927765131,60399.96515028179,56600.0,36600.0,ok,12145.0,29475.0,12515.0,27580.0,66100.0,642800.0,2.426924660354055,2.2037554934079107,5.281662005593288,9d6d1b4f4cb9e69615ed682a9f012d7c5e34dba6e16ce2c30fe3fe08f3a41526,True,512,6144,25088,2560,3072,8388608,20,5,7af4a2b5bdfe2e940f507a680a7b93a5
epfl,held_out,epfl-arithmetic-hyp-internal60556-85a8c283b2,hyp.aig,12,47,103,41,10600.0,200.0,29,49,35,6,63,87,63,81300.0,59900.0,36500.0,1096,558100.0,549699.9947354198,41899.969801306725,39099.94848072529,136099.95949082077,65200.03080368042,61600.0,77400.0,ok,24900.0,64885.0,32290.0,74705.0,68100.0,1099100.0,2.6058232931726906,2.313564571074636,2.1090120780427375,068cc6dea0f88cf6c0cc4c18cb930df20504334f2df745ea0ba2b63d9c114d87,True,512,6144,52736,3072,3072,8388608,20,5,85a8c283b241c11a136b97590b04e7e5
epfl,held_out,epfl-arithmetic-hyp-internal76240-1bc3a2623d,hyp.aig,12,57,211,53,24900.0,500.0,41,65,45,6,131,183,131,75000.0,125100.0,94500.0,1324,1271200.0,1255100.010894239,102399.90660920739,84400.00237897038,318799.982778728,156800.0589031726,168600.0,314100.0,ok,94845.0,203635.0,26135.0,54820.0,72000.0,1317500.0,2.147029363698666,2.0975703080160706,2.7549263439831644,e7557c59ce00eb6eac61299f2e160fc750fec37af064a2bf539668e19c462bdc,True,512,6144,108032,3584,3072,8388608,20,5,1bc3a2623d755d21c2b1f52b6c23ac51
epfl,held_out,epfl-arithmetic-hyp-internal97454-29cafc7bc4,hyp.aig,10,37,45,31,15400.0,600.0,21,37,27,6,27,37,27,90400.0,88900.0,59700.0,868,876600.0,865399.9830130488,67599.96176697314,59199.89780522883,214400.00273287296,93399.95449408889,96800.0,64700.0,ok,12038.0,54670.0,12744.0,55770.0,47500.0,1236900.0,4.5414520684499085,4.376177024482109,3.7272441933458884,6ae90b00e22334d16b32f3d55eca283934424b24de7bb04bdf7380a4e42aeaaf,True,128,1280,5760,640,768,8388608,50,5,29cafc7bc498116a823b99a9af3569b8
epfl,held_out,epfl-arithmetic-hyp-internal119304-16daab6b7b,hyp.aig,12,57,107,51,21800.0,500.0,39,64,45,7,65,89,65,88700.0,106000.0,95100.0,1328,1680200.0,1663700.008066371,146100.09384341538,112700.07234998047,432799.94861222804,187400.05907602608,86600.0,150600.0,ok,31945.0,75290.0,21240.0,43360.0,56100.0,696200.0,2.356863358898106,2.041431261770245,2.6412429378531073,1c4d64d031df1f1e95ff233263a3bef9131a16bacc361ce541751c5252b84018,True,512,6144,54784,3072,3584,8388608,20,5,16daab6b7bdf7b07ea30b5ec661a047d
epfl,held_out,epfl-arithmetic-hyp-internal212060-c28ab69616,hyp.aig,8,93,635,89,24100.0,300.0,81,126,85,14,399,563,399,129000.0,122500.0,63100.0,2173,1356800.0,1340399.991022423,104499.98080730438,106199.96464811265,343999.9418333173,147300.01566931605,140900.0,472900.0,ok,75753.0,414268.0,29461.0,107048.0,37500.0,1063100.0,5.468667907541615,3.6335494382403857,1.2728692169308577,2fa3c0cff6da77d0de7047257916d615b2798236b56abd8027f87714841c5ec3,True,32,256,20320,288,448,8388608,100,5,c28ab69616b3c6909e4aa6aed555f5d6
epfl,held_out,epfl-arithmetic-log2-internal16-c3a7b25434,log2.aig,8,19,19,13,5400.0,500.0,5,15,11,5,11,15,11,19300.0,21900.0,18700.0,444,239700.0,234099.9781154096,17500.01683831215,19800.005247816443,56599.96531903744,22099.96455349028,38400.0,33800.0,ok,3887.0,16770.0,2612.0,10076.0,23400.0,309800.0,4.31438127090301,3.8575803981623276,8.95865237366003,2e0d44f2be93b23accb8e7680fa0b58e25f48e33334481a9297c8f5e9428f326,True,32,256,608,160,160,8388608,100,5,c3a7b254347e6b932fdd568eab56616c
epfl,held_out,epfl-arithmetic-log2-internal1914-5f203d9539,log2.aig,8,402,2380,291,86000.0,300.0,283,515,394,117,1476,2049,1476,1011600.0,586200.0,252600.0,10299,9865600.0,9825899.9933023,1299399.4168937206,1666600.670432672,1653299.8706679791,1678800.1521490514,528300.0,1706300.0,ok,278039.0,1537996.0,73989.0,376570.0,141400.0,15253600.0,5.531583698689752,5.089540337077133,1.9110948924840179,8fdbe99647f13782bd7cfe5edd945685c0124a9b9f30a619d9f36e39289eaf9a,True,32,256,76160,288,3744,8388608,100,5,5f203d953931fcdf28e2dfa9b241a0ae
epfl,held_out,epfl-arithmetic-log2-internal3778-4bd86194c9,log2.aig,8,64,191,44,13700.0,300.0,36,72,56,14,119,167,119,85300.0,87300.0,51700.0,1563,1027800.0,1015599.9916605651,99400.05838871002,95499.85406920314,213600.02574510872,139499.95627626777,88000.0,140400.0,ok,29006.0,144707.0,10761.0,48103.0,55300.0,842000.0,4.988864372888368,4.470123594461481,5.138927608958276,69a1386a85c58ca2140b423ff0156238367f1bd864455a6033f8463470f9b54a,True,32,256,6112,192,448,8388608,100,5,4bd86194c9caae856550eb197db8c927
epfl,held_out,epfl-arithmetic-log2-internal5717-7cc65aa43a,log2.aig,8,78,203,51,23700.0,400.0,43,88,70,21,123,167,123,75100.0,98000.0,56200.0,1922,1357300.0,1344100.0191960484,133399.96803551912,128300.13292841613,260000.11712312698,215000.03640539944,120700.0,211300.0,ok,24650.0,131673.0,11959.0,64890.0,31400.0,1242000.0,5.341703853955376,5.426038966468768,2.6256375951166486,dfca6dd25a771f5ba97e3c8ef12c844603aff1f0546fff90aac7c44b9ca40e64,True,32,256,6496,192,672,8388608,100,5,7cc65aa43a34ba3681d0dddbd21687a1
epfl,held_out,epfl-arithmetic-log2-internal7808-791f45c1ba,log2.aig,8,1563,3466426,876,357100.0,600.0,868,1953,1555,269,,,,2765800.0,2400200.0,1037600.0,42203,56879900.0,55977000.01089834,7720100.111328065,13343800.063012168,8768499.4796291,10435000.06198883,1839400.0,,skipped_source_protocol,,,261684.0,1371048.0,543100.0,55005700.0,,5.239326821662769,2.0754039222879506,66872c6dd3df0b3a63f7a9c094aecd4ebfd4177c72e89e1429592936f5dca246,True,32,256,,,8608,8388608,100,5,791f45c1ba31f5d9f05c8b492299c35d
epfl,held_out,epfl-arithmetic-log2-internal10182-8de9088c0d,log2.aig,14,1409,2572957,815,589500.0,1000.0,800,1764,1394,234,,,,3019600.0,4353200.0,905700.0,37778,52339400.0,51548400.0206925,7072299.747960642,11518600.047565997,7992800.005013123,9583200.12432523,2781400.0,,skipped_source_protocol,,,2153900.0,1489800.0,1532400.0,57059300.0,,0.6916755652537258,0.7114536422303728,a2221ded48f6649c6c243042ed5250574fc8bcbcfd522e0660964ed093e09d6f,True,2048,28672,,,479232,8388608,5,5,8de9088c0d9597039c78d1929d1274f4
epfl,held_out,epfl-arithmetic-log2-internal13053-84f396fda2,log2.aig,8,74,215,50,29000.0,600.0,42,84,66,16,135,191,135,302300.0,190300.0,226700.0,1818,4219900.0,4197600.006591529,258500.01838989556,208999.96161460876,624999.9569263309,560399.959795177,305900.0,513200.0,ok,36493.0,199286.0,11557.0,54633.0,29000.0,1166800.0,5.460937714082153,4.727264861123129,2.509301721900147,fda960dc9896a9fb7a7e56a1322a1502ea3b61e68438c3660dfa11f272b38c18,True,32,256,6880,224,512,8388608,100,5,84f396fda25c13f6ffd8d74183c72aeb
epfl,held_out,epfl-arithmetic-log2-internal32040-45f1c015f0,log2.aig,8,411,4985,295,87300.0,300.0,287,531,403,121,3111,4349,3111,1187000.0,687900.0,291100.0,10530,10416600.0,10301800.008164719,1403799.804393202,1697899.7737169266,1745799.6727898717,1718699.8156830668,517200.0,4834000.0,ok,620768.0,3873904.0,71380.0,364676.0,95100.0,12346500.0,6.240502087736481,5.108938077892967,1.3323059680582796,1725d004ee86cccb9e0f554256b25cd484770da56fc20de28e495a0f27248f34,True,32,256,159520,352,3872,8388608,100,5,45f1c015f0521faa2e84f1b97c3f9eff
epfl,held_out,epfl-arithmetic-max-internal9-16138770df,max.aig,8,28,30,26,12700.0,400.0,18,31,20,6,20,31,20,33600.0,42100.0,22300.0,636,357800.0,350599.9920889735,23399.974452331662,23100.05947947502,96099.91684556007,27000.060072168708,69700.0,51300.0,ok,4689.0,22843.0,8135.0,28351.0,29700.0,468600.0,4.871614416719983,3.485064535955747,3.6508912108174556,18a380b51a521bd77aa788c3e52c379955a4d46c69f517a67e0c1de7e7552c6c,True,32,256,960,128,192,8388608,100,5,16138770df66c40ef44ecd7a9f37d58b
epfl,held_out,epfl-arithmetic-max-internal199-d7c9bf4c7a,max.aig,11,53,110,51,12200.0,300.0,40,66,42,9,76,119,76,105500.0,90300.0,61600.0,1195,832200.0,820499.9903682619,44299.98807609081,56600.05263052881,226500.06576441228,93199.98207502067,75800.0,80700.0,ok,20615.0,66665.0,13980.0,41935.0,30000.0,710900.0,3.2338103322823186,2.9996423462088697,2.1459227467811157,671e8e82c1e10c4226a8d7db614ea2cf57e605d06b6a1a26dee10e86f7d94f8c,True,256,2816,28160,1536,2304,8388608,20,5,d7c9bf4c7a62a681ada392b093293654
epfl,held_out,epfl-arithmetic-max-internal358-1768f94bf4,max.aig,8,37,43,34,8800.0,200.0,26,45,29,8,29,45,29,93200.0,77900.0,61400.0,842,406300.0,399500.01519173384,24699.984351173043,31099.94577243924,105900.10788291693,36200.013710185885,52800.0,33500.0,ok,6159.0,33034.0,6878.0,24716.0,35000.0,520800.0,5.363533041078097,3.593486478627508,5.088688572259378,acd76adbebe3167d2e440ae38edafa037d4dd5652065f85f7909995e3ce97726,True,32,256,1376,160,256,8388608,100,5,1768f94bf4b5d294db744cf5eb0fc661
epfl,held_out,epfl-arithmetic-max-internal485-1db8c85dc1,max.aig,8,23,23,21,9700.0,500.0,13,23,15,5,15,23,15,42700.0,45200.0,33500.0,524,418300.0,410200.0093553215,25599.991204217076,28400.012524798512,116700.0737041235,35899.98232200742,37000.0,20800.0,ok,3719.0,14218.0,4280.0,18740.0,21200.0,264800.0,3.823070717934929,4.378504672897196,4.953271028037383,166a82219bc115f929f7f83f582222ffee36f1f1877812ae87edb47c42e21eb8,True,32,256,736,128,160,8388608,100,5,1db8c85dc1cff343018757029be77feb
epfl,held_out,epfl-arithmetic-max-internal888-0e6bfd375e,max.aig,8,32,36,29,7500.0,200.0,21,37,24,7,24,37,24,37700.0,35900.0,30100.0,728,349900.0,344300.0023253262,22000.051103532314,26700.02868399024,94599.90542382002,29799.994081258774,42800.0,32600.0,ok,5975.0,46888.0,5966.0,21224.0,22300.0,402800.0,7.847364016736401,3.557492457257794,3.737847804223936,271c00f4db6bccf24d1a978aebb6a0b197c522f841292b4fe0828db041119aac,True,32,256,1152,160,224,8388608,100,5,0e6bfd375eee1868b5d3069bb08892e2
epfl,held_out,epfl-arithmetic-max-internal1138-315c29a3d9,max.aig,8,34,38,33,9100.0,300.0,25,41,26,7,26,41,26,41300.0,37700.0,26100.0,768,349100.0,343500.02533756196,18900.027498602867,26099.878596141934,93700.01498609781,29799.93587359786,47900.0,26400.0,ok,6273.0,28405.0,6986.0,24757.0,38900.0,511700.0,4.528136457835166,3.543801889493272,5.568279415974807,e81e3c27ead4c5e5480c37c59a5f2ea8c71636a27712dccc15fae38b63ca114e,True,32,256,1216,160,224,8388608,100,5,315c29a3d9bcc13760721d8828cf97e9
epfl,held_out,epfl-arithmetic-multiplier-po3-d3b5084b79,multiplier.aig,8,143,2455,131,39000.0,500.0,123,198,135,14,1649,2493,1649,351700.0,305800.0,145400.0,3415,2786000.0,2766199.9920383096,216100.0156775117,223500.1011285931,775599.8231004924,357699.98794421554,225000.0,2105800.0,ok,456686.0,2059658.0,35388.0,146484.0,59300.0,2545700.0,4.510009065309644,4.139369277721261,1.6757092799819149,99bfa4e8671ec61625df12268b5b8d5fbcf3909d3975cdcea626bf95a446fa52,True,32,256,78560,288,448,8388608,100,5,d3b5084b793f95f04d04d12f1c7e366d
epfl,held_out,epfl-arithmetic-multiplier-po4-54b9cbe5da,multiplier.aig,10,231,9953,210,104900.0,600.0,199,322,220,18,6773,10367,6773,583000.0,557700.0,291400.0,5599,5616000.0,5583799.997111782,418000.1560598612,447099.7955650091,1372499.7988902032,713899.964466691,621300.0,15013100.0,ok,1916860.0,8609392.0,55556.0,188804.0,78400.0,2838800.0,4.491403649718811,3.3984448124415003,1.411188710490316,de1424d6ec38a00616f3a425e57f39bee87e08538031e1915df280c9879b6881,True,128,1280,1273984,1536,2304,8388608,50,5,54b9cbe5da5cba8980c927ad509e69c2
epfl,held_out,epfl-arithmetic-multiplier-po5-ad1045c3bc,multiplier.aig,12,307,25681,284,71100.0,300.0,272,432,295,22,17533,26919,17533,429900.0,487500.0,192100.0,7499,4082200.0,4044900.0080116093,309500.2321060747,355399.9704308808,931699.9930888414,520000.0887271017,423000.0,20435400.0,refused_temporary_budget,,,168185.0,305095.0,150500.0,3940400.0,,1.8140440586259179,0.8948479353093319,7c2d73d22a05629f5995fa794711de8f82034f685edc800cac5f0c16b4ba5aba,True,512,6144,13148672,6656,11264,8388608,20,5,ad1045c3bcbb833f4ca254e0b9e49a88
epfl,held_out,epfl-arithmetic-multiplier-po6-1ed43b9012,multiplier.aig,14,395,57571,369,99400.0,600.0,355,559,381,24,39363,60519,39363,554700.0,517700.0,254800.0,9685,5339700.0,5284400.0165350735,400199.64217208326,450300.2855926752,1274400.0123348087,736300.2223428339,580700.0,57707100.0,refused_temporary_budget,,,382000.0,369120.0,382900.0,5146800.0,,0.966282722513089,1.0023560209424083,fac3bd3e506b3b2622c0487e64dddcdd54c6b5e419225f7656413d2d1f930f8e,True,2048,28672,117905408,30720,49152,8388608,5,5,1ed43b9012def7eda7e3bf298a6db017
epfl,held_out,epfl-arithmetic-multiplier-internal72-32d8a19161,multiplier.aig,8,71,379,61,29700.0,500.0,53,92,63,10,254,384,254,82600.0,82200.0,49600.0,1667,1604500.0,1584000.012371689,121900.14240331948,131799.89764466882,402499.97982755303,177700.07252693176,188300.0,494100.0,ok,62305.0,281832.0,13219.0,63166.0,28900.0,825200.0,4.523425086269159,4.778424994326349,2.1862470686133597,4bdf875f65b6eae86be2363d8b04ee2f4943e7a688b0a3aa0077ce35abe6a620,True,32,256,12128,224,320,8388608,100,5,32d8a19161cb3892f02bb79a125cd124
epfl,held_out,epfl-arithmetic-multiplier-internal2314-b18e1af7fc,multiplier.aig,15,145,445,129,53400.0,400.0,114,193,130,24,303,465,303,230800.0,184900.0,92200.0,3422,2744500.0,2713800.0004924834,195299.94460754097,226699.89266432822,695500.144502148,319299.87017065287,305100.0,458800.0,ok,516340.0,392380.0,367040.0,263320.0,214500.0,2407700.0,0.7599256303985746,0.7174149956408021,0.5844049694856146,3512e4c1052b5d70619097be30e1cce132b19a3ee871fc5d2b9dd8f46b3a2eb8,True,4096,61440,1822720,53248,98304,8388608,5,5,b18e1af7fcbbdb5f917095d09f80a36b
epfl,held_out,epfl-arithmetic-multiplier-internal7576-a86c4496f1,multiplier.aig,16,154,480,137,33700.0,200.0,121,205,138,26,327,502,327,182900.0,180600.0,95600.0,3640,1905000.0,1883799.9959941953,135599.98478740454,162500.13140961528,464400.1310225576,215700.07083937526,211300.0,327600.0,ok,1756800.0,523300.0,521840.0,381520.0,379100.0,3694900.0,0.29787112932604737,0.7311053196382032,0.9936569511427973,73b4ff85d4bc3b833cf79354cab396be6a1b69354084e24409ef6b896109f117,True,8192,131072,3932160,114688,212992,8388608,5,5,a86c4496f10eff6ce65f60e5923f747c
epfl,held_out,epfl-arithmetic-multiplier-internal26856-ce1452e666,multiplier.aig,8,53,447,53,24400.0,600.0,45,68,45,8,307,475,307,108500.0,81800.0,45000.0,1223,765400.0,758000.0092275441,52299.9616805464,55299.95542019606,197499.96135942638,84899.94797855616,156800.0,590300.0,ok,72349.0,267516.0,11168.0,38172.0,28000.0,613400.0,3.697577022488217,3.41797994269341,2.507163323782235,c5aa1d1f7eac9cb7356a3080c0b296b1c78ec7ddd9a2dc4d897cec5d1e252e9c,True,32,256,14304,192,256,8388608,100,5,ce1452e6668b4909b91a1234dd10261d
epfl,held_out,epfl-arithmetic-sin-internal473-3d94727928,sin.aig,15,49,91,37,8900.0,300.0,22,52,34,15,61,93,61,97200.0,68700.0,44800.0,1105,707600.0,700200.0056672841,47500.07065013051,94600.02183914185,166299.92751404643,85999.95635449886,49300.0,64500.0,ok,89060.0,77560.0,49840.0,41640.0,64200.0,931600.0,0.8708735683808668,0.8354735152487961,1.2881219903691814,8f913d89cd270c5814d9dac508073534f228385c4cf5912b3697b4b13be47707,True,4096,61440,372736,16384,61440,8388608,5,5,3d94727928cfeeabc60c80b54077fd83
epfl,held_out,epfl-arithmetic-sin-internal618-7a9d438d5b,sin.aig,13,39,39,29,7800.0,200.0,16,40,26,14,26,40,26,38200.0,41800.0,28000.0,877,475300.0,469999.99904073775,29900.053050369024,61599.97428767383,121399.99307692051,51599.9854542315,39200.0,27400.0,ok,14680.0,26200.0,13940.0,22680.0,28800.0,455900.0,1.784741144414169,1.6269727403156384,2.065997130559541,786dc32a6994edcbea57edd9d3d903863ec6a063d81a8523073ffc7b85d0e8ca,True,1024,13312,39936,3072,14336,8388608,5,5,7a9d438d5b320a7176c1a8a3128853ae
epfl,held_out,epfl-arithmetic-sin-internal960-85572a6224,sin.aig,8,24,24,19,5100.0,300.0,11,25,16,9,16,25,16,24700.0,25800.0,19900.0,544,261500.0,257300.0092525035,15099.969459697604,28100.039344280958,68899.97166581452,22899.970645084977,26100.0,17600.0,ok,3915.0,14628.0,3792.0,12885.0,19700.0,286400.0,3.73639846743295,3.3979430379746836,5.1951476793248945,1b525a8e05af3ce10c077e4b6c2da56c00c1f4acfb23e3c4485a01d8eaca5d3a,True,32,256,768,96,288,8388608,100,5,85572a6224a32cb70f0fe545ea9b3cfb
epfl,held_out,epfl-arithmetic-sin-internal2610-34083b18d5,sin.aig,14,65,345,55,13500.0,200.0,41,78,51,13,235,361,235,81700.0,72200.0,44300.0,1481,919600.0,910800.0085689127,56799.99594576657,91299.90939982235,214799.86025951803,150999.89832378924,76900.0,242700.0,ok,184300.0,230380.0,40920.0,48500.0,57200.0,807700.0,1.2500271296798697,1.1852394916911047,1.3978494623655915,df19033c6b1f4ab70d304efbee4c5f41247f74b4752ecf199daf1991ca94f14e,True,2048,28672,706560,12288,26624,8388608,5,5,34083b18d5095228518a5ae37cc71e13
epfl,held_out,epfl-arithmetic-sin-internal2639-ac10ac7863,sin.aig,13,59,321,51,12400.0,200.0,38,71,46,12,219,337,219,152600.0,83500.0,57600.0,1340,816000.0,806700.0017035753,49000.02386420965,83699.90973733366,198000.05247816443,111899.9789468944,70700.0,226500.0,ok,118120.0,220340.0,26320.0,40560.0,41700.0,708700.0,1.8653911276667796,1.541033434650456,1.5843465045592706,e4883a58717eda9c71b4b6ac08a540a32e56254422565823415b393ca0c1a91b,True,1024,13312,328704,6144,12288,8388608,5,5,ac10ac78631fc2eb7adc47be3276ea49
epfl,held_out,epfl-arithmetic-sin-internal2747-d32e2cbf05,sin.aig,10,48,123,41,19600.0,700.0,31,58,38,10,84,130,84,59100.0,54900.0,34400.0,1099,574900.0,569499.9999832362,37100.02056322992,52899.93714541197,141400.05805529654,72899.97301995754,119600.0,149400.0,ok,34154.0,116356.0,12212.0,68650.0,25800.0,617900.0,3.4068044738537213,5.621519816573862,2.112676056338028,f3fec1d1d01e3850aef48e247635113a54d1d65ab4b82d15a2552b43b38c161f,True,128,1280,15744,640,1280,8388608,50,5,d32e2cbf0520534b771effcc3dc61473
epfl,held_out,epfl-arithmetic-sin-internal2767-a8eda7f06b,sin.aig,10,79,453,75,19200.0,300.0,65,106,69,12,313,487,313,107900.0,95600.0,52300.0,1817,1036700.0,1024400.0004604459,65900.03613382578,87199.93638806045,250499.92837011814,135400.04147216678,107500.0,313400.0,ok,128654.0,484636.0,34874.0,104574.0,37900.0,1501400.0,3.7669718780605344,2.9986236164477833,1.0867695131043185,aa391eb3007fa11a3812d01477814c3d357b3117b9e9824d979594b5f40e9ed5,True,128,1280,57984,896,1536,8388608,50,5,a8eda7f06b624613a7b606248bf0012b
epfl,held_out,epfl-arithmetic-sqrt-po56-f681a5806f,sqrt.aig,16,615,319537861997,492,222100.0,1300.0,476,841,599,49,,,,1375000.0,1526000.0,518700.0,15557,18224200.0,18080999.987432733,1345799.828413874,1596400.1358952373,3589400.0029657036,3805900.109000504,1320600.0,,skipped_source_protocol,,,4077440.0,1687020.0,1843600.0,21861000.0,,0.41374489876000625,1.0928145487308982,512bf45ebe1f1eceeebbad161cd193f8e041d9f5c30b95b301d774820d1b266d,True,8192,131072,,,401408,8388608,5,5,f681a5806f8a35c8f2ce27c64cdbb9a5
epfl,held_out,epfl-arithmetic-sqrt-po57-bf55ec5ca5,sqrt.aig,14,461,1366847531,370,103800.0,300.0,356,629,447,42,,,,1009800.0,712800.0,543600.0,11595,8819200.0,8657300.000777468,675400.1369699836,845899.8636342585,1837100.1060586423,1778500.3874450922,729800.0,,skipped_source_protocol,,,456360.0,440540.0,501600.0,10354700.0,,0.965334385134543,1.0991322640021035,8d1be1a466e25bc7309c5280af3e7d3c2ae65b94b2e77ea9d80d143878f48f83,True,2048,28672,,,86016,8388608,5,5,bf55ec5ca5dad499ebc74cc64b2a8a12
epfl,held_out,epfl-arithmetic-sqrt-po58-036819cd52,sqrt.aig,12,327,11332465,264,73800.0,300.0,252,445,315,33,,,,430300.0,473000.0,225500.0,8149,4886700.0,4841100.017074496,375600.0369321555,474900.12366324663,1168100.2215482295,824300.0193033367,466100.0,,skipped_source_protocol,,,264370.0,365740.0,219500.0,5344500.0,,1.3834398759314597,0.8302757498959791,acf9768976b9620ddce8a57433f093ac09ff118c8437e4f40b6c52a48d4b7a93,True,512,6144,,,16896,8388608,20,5,036819cd523fab5b811a6a6701bd597b
epfl,held_out,epfl-arithmetic-sqrt-po59-fa6cca6484,sqrt.aig,10,213,178657,177,96400.0,900.0,167,290,203,26,,,,547200.0,323900.0,168400.0,5215,5613500.0,5547300.010221079,475900.16038157046,505599.9499745667,1302399.7307755053,886299.9966368079,554000.0,,skipped_source_protocol,,,63380.0,250192.0,106500.0,5112000.0,,3.9474913221836543,1.6803408015146735,b5883022519ec3ce370a85c535785cdab6a242571420a7e65f53e67b73d066f5,True,128,1280,,,3328,8388608,50,5,fa6cca64840141a82161456bf270112e
epfl,held_out,epfl-arithmetic-sqrt-po60-dfcf257f53,sqrt.aig,8,121,5235,105,29600.0,300.0,97,165,113,18,3732,5962,3732,147600.0,156600.0,140800.0,2871,1809100.0,1786099.9796539545,134200.23606158793,176800.0947777182,437899.9874461442,233999.97735396028,183300.0,6110000.0,ok,878438.0,4484234.0,29210.0,146003.0,40800.0,2762600.0,5.1047814416043025,4.998390961999315,1.3967819239986305,b9174bd18c6b5fa66ca1b2867ebad7869afc329e1c6fc8545a2b74d2b8db806b,True,32,256,167520,352,576,8388608,100,5,dfcf257f53982cf506894d39cb27dc60
epfl,held_out,epfl-arithmetic-sqrt-internal35-0d85c1edda,sqrt.aig,8,76,749,70,17600.0,300.0,62,102,68,13,533,851,533,93200.0,87300.0,51100.0,1762,868000.0,857199.978781864,60999.85330365598,74700.01582987607,212799.9032381922,99100.05610436201,100300.0,448700.0,ok,121714.0,584615.0,16990.0,57245.0,61300.0,2416500.0,4.803186157713985,3.3693349028840496,3.6080047086521483,828b7f1206890a507bd4ead7afa8dd9e22063073fab56119d407979867d0865d,True,32,256,23968,288,416,8388608,100,5,0d85c1edda445ca2d248f877ecd2d95f
epfl,held_out,epfl-arithmetic-sqrt-internal245-d665cc05c9,sqrt.aig,12,299,5238153,247,136400.0,1300.0,235,408,287,31,,,,1021200.0,827200.0,442500.0,7407,13785000.0,13724400.021601468,828900.0252261758,986799.9178823084,3510100.330458954,1946999.953361228,862900.0,,skipped_source_protocol,,,241700.0,490275.0,308400.0,9480300.0,,2.028444352503103,1.2759619362846504,9d28810ea2e33e78032b47bae7ca4a727d0cf35d9970a1234d2631c9da69bd53,True,512,6144,,,15872,8388608,20,5,d665cc05c98f0539cebc8485d4de97bf
epfl,held_out,epfl-arithmetic-sqrt-internal572-4cc8f15071,sqrt.aig,16,642,1899735334685,509,315400.0,1200.0,493,876,626,47,,,,1746700.0,2107700.0,714700.0,16275,18589300.0,18449800.001690164,1581499.9351277947,1697099.5638985187,3688200.144097209,3755800.1931756735,1899600.0,,skipped_source_protocol,,,4470040.0,1513840.0,1705200.0,22703500.0,,0.3386636361195873,1.126407017914707,249af314f4159cfba264b67fdea5a18a08ec34e2a35d037d638185e727da9e96,True,8192,131072,,,385024,8388608,5,5,4cc8f150710053e26b2220fa48c91d68
epfl,held_out,epfl-arithmetic-square-po8-79f4d8bbc0,square.aig,8,157,2341,150,77800.0,1400.0,142,218,149,15,1411,1893,1411,485000.0,261900.0,142100.0,3764,3855100.0,3759299.9869957566,315899.9898005277,287000.00257231295,927700.1081500202,488899.9683316797,516300.0,4022700.0,ok,391086.0,2091216.0,40560.0,161926.0,58000.0,2230000.0,5.347202405608996,3.992258382642998,1.4299802761341223,7985183f0ce57e90c28d19eb0376a5707f5a08084330663b2f58fbbfc5038a95,True,32,256,74912,320,480,8388608,100,5,79f4d8bbc074cdc084c960530bf8e08b
epfl,held_out,epfl-arithmetic-square-po9-6849ed374c,square.aig,9,212,5209,204,94900.0,1000.0,195,297,203,24,3135,4197,3135,585400.0,515600.0,278500.0,5138,5010700.0,4968699.999153614,405900.0639244914,386300.06019957364,1223300.3217261285,672500.1730956137,584800.0,7550300.0,ok,600982.0,4286872.0,55530.0,211870.0,105200.0,4229200.0,7.1331121397978645,3.8154150909418334,1.8944714568701602,2031b380d4024b6b0a9e601b6b9ecafe1804fdb5d999d5e2d2dcf2a7f31d0e63,True,64,576,333376,704,1536,8388608,50,5,6849ed374cf32f09770ff27a40a0d775
epfl,held_out,epfl-arithmetic-square-po10-805e4729e4,square.aig,10,288,10477,275,136000.0,1100.0,265,407,278,18,6311,8457,6311,645500.0,778600.0,351600.0,7030,4812600.0,4791099.9855957925,423500.25614723563,387199.9215334654,1073800.0564742833,640799.8153008521,855900.0,11861200.0,ok,1439800.0,7968004.0,92214.0,485408.0,256300.0,8987300.0,5.534104736768995,5.263929555165159,2.7794044288285944,7faa180d4efbf75fe39c2d972b2ed2aa9d574330b9a6228828add8ebb6332aae,True,128,1280,1341056,1536,2304,8388608,50,5,805e4729e44fda0f5af09adb21a05a13
epfl,held_out,epfl-arithmetic-square-po11-4ea9428b58,square.aig,11,367,17285,349,159000.0,1300.0,338,521,356,19,10407,13937,10407,1162800.0,1103300.0,521300.0,9000,13323900.0,13114100.001985207,1257600.000826642,910299.9174501747,3024499.863386154,1934500.0910107046,1231500.0,30275900.0,ok,6367335.0,21806075.0,125975.0,547330.0,247700.0,6541300.0,3.4246784565285164,4.344750942647351,1.9662631474498908,631ef99fc6aec60bc88309fffcf67e93d5681843199a410db2cab2c8da54ff7b,True,256,2816,4424960,3072,4864,8388608,20,5,4ea9428b58db320f7cf290e9f6743231
epfl,held_out,epfl-arithmetic-square-po12-3163147af5,square.aig,12,459,32381,438,229500.0,1300.0,426,655,447,22,19555,26285,19555,1266900.0,1252300.0,739100.0,11288,9951500.0,9801900.014281273,842199.835460633,812199.8398564756,2406399.6970653534,1499499.8346082866,1456600.0,42452100.0,refused_temporary_budget,,,299965.0,587075.0,258800.0,7240000.0,,1.9571450002500292,0.862767322854333,ea543bb16fe595a9e80c45039dc860a028cd419c4042747ac81160e77a0cd55e,True,512,6144,16579072,7168,11264,8388608,20,5,3163147af54dcaa081b4fe8b21d13034
epfl,held_out,epfl-arithmetic-square-po13-eca0925c59,square.aig,13,551,52801,525,268200.0,1500.0,512,788,538,24,31907,42921,31907,911300.0,1440000.0,687200.0,13600,12220400.0,12008999.998215586,935800.0243082643,888500.2171155065,2792399.8422920704,1911199.8553853482,1110400.0,87261800.0,refused_temporary_budget,,,356220.0,498000.0,350800.0,9161900.0,,1.3980124642075122,0.9847846836224805,668845526a3dc1ad2144e5364153469c24e527930ba64d977a6d30c3a54f0b8c,True,1024,13312,54068224,14336,24576,8388608,5,5,eca0925c592628dc2497f28ce408e77e
epfl,held_out,epfl-arithmetic-square-po14-e64d8827d4,square.aig,14,654,80445,628,164800.0,600.0,614,941,640,39,,,,941100.0,929700.0,411600.0,16149,10104900.0,10050999.990198761,767399.7315578163,804900.3081396222,2514800.085918978,1470200.1062687486,1033700.0,,skipped_source_protocol,,,710080.0,747280.0,781700.0,10969200.0,,1.052388463271744,1.1008618747183416,da48e3a6dad3308fb9b4f5462b3cad14bdcc94c8f63cd6b4ea17a21fc42ec8a7,True,2048,28672,,,79872,8388608,5,5,e64d8827d4d43d7b6102b9359591d740
epfl,held_out,epfl-arithmetic-square-po15-ffd477ae96,square.aig,15,770,122557,737,364900.0,700.0,722,1110,755,46,,,,2269100.0,1301600.0,529400.0,19082,14780600.0,14630000.019678846,1139199.7686587274,1180200.2845797688,3419700.2823930234,2431899.7748196125,1623800.0,,skipped_source_protocol,,,2044800.0,1109840.0,1948700.0,14911900.0,,0.5427621283255086,0.9530027386541471,2ad4507aeba83ed92baceaac78ebc297375a7297ffab6d6018b57ff5ff790152,True,4096,61440,,,188416,8388608,5,5,ffd477ae96c74a84e947ac8939371503
epfl,held_out,epfl-random_control-arbiter-internal7-1db4c51be9,arbiter.aig,8,26,28,23,11300.0,600.0,15,28,18,8,19,30,19,65800.0,60000.0,43100.0,590,515000.0,505500.0074207783,30099.967261776328,37499.99450519681,142999.92471933365,44100.015657022595,67400.0,42800.0,ok,8319.0,37895.0,5237.0,17982.0,22900.0,450300.0,4.555235004207236,3.433645216727134,4.372732480427726,052241f36b27777f4e35aa8a8e10efd474e3b1dd710e826faac1db34344878f2,True,32,256,896,160,256,8388608,100,5,1db4c51be911b1a86d9e43d761107704
epfl,held_out,epfl-random_control-arbiter-internal2404-73be6ac31e,arbiter.aig,11,37,41,32,8800.0,300.0,21,40,26,11,28,44,28,47300.0,47200.0,31800.0,837,436900.0,430500.01841038465,24900.102289393544,38499.943912029266,116100.06913542747,39000.03503076732,51900.0,32900.0,ok,9445.0,29095.0,9470.0,25925.0,42100.0,733100.0,3.080465854949709,2.7375923970432945,4.445617740232312,d5ce936f3ff6a6bcd1644a07a661070de0f2550f05fc29c58711c690b20adb91,True,256,2816,10496,1024,2816,8388608,20,5,73be6ac31eaef6ba562a01ac384577f2
epfl,held_out,epfl-random_control-arbiter-internal4039-8a2c198584,arbiter.aig,14,48,54,41,21100.0,700.0,27,52,34,14,37,58,37,118700.0,105500.0,76100.0,1084,1027800.0,1016299.9969907105,62399.98037926853,81599.92285072803,283300.00350251794,106000.0213328749,141700.0,86900.0,ok,85800.0,81060.0,54560.0,58540.0,85300.0,862200.0,0.9447552447552447,1.0729472140762464,1.56341642228739,3a7f37843a943d0d0f96820babc5f66c41d2e1cdf5490842e264c65675d50ef1,True,2048,28672,110592,8192,28672,8388608,5,5,8a2c198584ee4ae28c08c8fcbe50497c
epfl,held_out,epfl-random_control-arbiter-internal11831-1c7490a3b2,arbiter.aig,16,47,47,33,14900.0,500.0,17,47,31,17,31,47,31,79000.0,98600.0,61000.0,1058,1034100.0,1021699.9799013138,75600.08089058101,113800.05162209272,275300.0007942319,97500.07302500308,82300.0,65400.0,ok,169780.0,114820.0,138720.0,84340.0,108100.0,960300.0,0.6762869595947697,0.6079873125720877,1.2817168603272469,2b8e753c2efa059010b3aecd6c00bff0a1a09c0f08d5d4522ffef4d207c1fb0c,True,8192,131072,385024,49152,139264,8388608,5,5,1c7490a3b226ba14ca0dee60f7d0858f
epfl,held_out,epfl-random_control-cavlc-po0-ba667d014f,cavlc.aig,10,235,456,208,113100.0,1000.0,198,328,225,23,317,496,317,341800.0,1018500.0,348800.0,5656,6244100.0,6199499.999638647,485499.8260270804,532599.8936314136,1510399.830294773,770300.0155743212,680600.0,615900.0,ok,77476.0,331140.0,55560.0,201936.0,73700.0,4989700.0,4.274097785120554,3.634557235421166,1.3264938804895607,b705b52f9f4c1c7262e18798ba7e9eb9ea86a1ab401d49736886ea6acedfa6ab,True,128,1280,58368,1152,2944,8388608,50,5,ba667d014f0acfe16f8b6dfe6d7986ae
epfl,held_out,epfl-random_control-cavlc-po1-8237be7ae9,cavlc.aig,10,243,458,217,57300.0,300.0,207,340,233,23,316,491,316,343100.0,323400.0,208400.0,5861,3465000.0,3410000.0048056245,255600.22913850844,309900.0023212284,817900.2034012228,416399.8819421977,871800.0,572300.0,ok,79092.0,468012.0,87852.0,299524.0,120500.0,5247300.0,5.917311485358822,3.409415835723717,1.3716250056913901,c453b768064c4386543918bfa59a187ef04b966bc3a14c5125d1905e0d7bbbc8,True,128,1280,58624,1152,2944,8388608,50,5,8237be7ae99d2205294c6d3d73e219c9
epfl,held_out,epfl-random_control-cavlc-po2-0b6bf76197,cavlc.aig,10,233,428,207,119400.0,700.0,197,326,223,21,296,461,296,618400.0,553900.0,274500.0,5598,5145700.0,5058199.98215884,430000.0437069684,425599.8646840453,1347100.071143359,692400.0626895577,939300.0,595000.0,ok,78858.0,359534.0,89348.0,236230.0,91600.0,3287900.0,4.559258413857821,2.6439315933204997,1.0252048171195773,9aae3f0bf6e6ae894cba81e12e9629cb54869a60937719151de54417dafe9e3e,True,128,1280,54784,1152,2688,8388608,50,5,0b6bf7619752055dda52cb3c98c0ba51
epfl,held_out,epfl-random_control-cavlc-po3-d0da020a7b,cavlc.aig,10,184,331,170,46500.0,300.0,160,258,174,18,229,357,229,409400.0,300100.0,143500.0,4377,2562300.0,2512000.0063907355,233000.05705095828,218900.1825172454,607699.9707147479,301100.080832839,284400.0,244100.0,ok,51756.0,208562.0,62982.0,193370.0,65200.0,2388100.0,4.029716361388052,3.0702422914483503,1.0352164110380744,4a4d4ac4fb471079d548142a69ab24417151b49a63a2604f7082133d4b03da68,True,128,1280,42368,896,2304,8388608,50,5,d0da020a7b95c11e6d7d7627199f4168
epfl,held_out,epfl-random_control-cavlc-po4-40d9e418e9,cavlc.aig,8,34,43,29,12000.0,400.0,21,39,26,8,29,45,29,65900.0,71000.0,46500.0,781,594700.0,585000.0015925616,37099.99145939946,48199.95956495404,160000.05416572094,54899.981478229165,73500.0,53600.0,ok,11306.0,32986.0,6585.0,24331.0,24400.0,425800.0,2.917565894215461,3.6949126803340926,3.7053910402429766,ac60cebadd22a434e860f6f73307225c617f3cd6cdbb46548909ffe06cc48019,True,32,256,1376,128,256,8388608,100,5,40d9e418e9ad2c10461dcd2750750511
epfl,held_out,epfl-random_control-cavlc-po5-ce52440322,cavlc.aig,8,30,38,23,12300.0,400.0,15,32,22,7,25,38,25,41900.0,36900.0,41400.0,695,657400.0,646300.0026997179,50299.97555539012,54300.03511719406,171199.96482506394,65700.00550709665,54400.0,48900.0,ok,5745.0,23371.0,5049.0,18890.0,23900.0,388200.0,4.068059181897302,3.741334917805506,4.733610615963557,659f5ee6030166cebbe4c51dc3c55637f013374236d482b2d347002e186a41fb,True,32,256,1216,160,224,8388608,100,5,ce52440322af5b36785b2ef176ab89a7
epfl,held_out,epfl-random_control-cavlc-po6-6ee697114e,cavlc.aig,10,218,415,195,102300.0,1000.0,185,304,208,22,287,447,287,294700.0,315200.0,146800.0,5245,3807500.0,3743800.0144902617,314699.9515593052,338900.07762238383,975700.0370882452,472300.1620732248,600900.0,475800.0,ok,65148.0,265902.0,53362.0,200208.0,144100.0,3744100.0,4.081506723153435,3.7518833626925527,2.700423522356733,9267d64a65148554856e64ba8078368c93533a8e1d51b4b19db7b408b50fae2f,True,128,1280,53120,1280,2816,8388608,50,5,6ee697114edf2051ba26906fbbf629b7
epfl,held_out,epfl-random_control-cavlc-po7-01ca37e2be,cavlc.aig,10,226,440,195,83900.0,600.0,185,311,216,22,301,464,301,525400.0,522200.0,292400.0,5490,5652500.0,5585699.982475489,429300.03837682307,464799.93034154177,1344599.8774841428,670599.8966936022,468600.0,457300.0,ok,74098.0,346918.0,54532.0,207394.0,71800.0,3838600.0,4.681880752516937,3.8031614464901344,1.31665810900022,b4a3b25b1e941284f21faf17e8560438231df101c66e8fe672b0110404205d11,True,128,1280,56320,1280,2816,8388608,50,5,01ca37e2be419a2c60942be2f90a1acb
epfl,held_out,epfl-random_control-dec-po0-829c8b783a,dec.aig,8,22,22,16,5200.0,400.0,8,21,14,8,14,21,14,22800.0,29100.0,20600.0,504,270900.0,265099.98133406043,19099.999917671084,24500.041035935283,69400.09188838303,21000.014385208488,43200.0,27200.0,ok,3526.0,13539.0,3195.0,11148.0,19000.0,276200.0,3.8397617697107203,3.4892018779342724,5.94679186228482,5778f985db754c6628691f56fadae50c65fddbe8eb2e93039633fefa05d45e31,True,32,256,704,160,256,8388608,100,5,829c8b783a390c59545980cb92685906
epfl,held_out,epfl-random_control-dec-po1-c4c60ec16a,dec.aig,8,21,21,15,4300.0,300.0,7,19,13,7,13,19,13,21500.0,29000.0,21300.0,484,381500.0,375300.005543977,27099.973522126675,33000.01844763756,103000.0566970557,33099.96100142598,24200.0,27900.0,ok,3775.0,20781.0,3016.0,10880.0,18400.0,246300.0,5.504900662251655,3.6074270557029178,6.10079575596817,671eaa12d76be21eb2ced2f61ac1e98df94c1952c2cdfc047895c74f15a7f3fa,True,32,256,672,160,224,8388608,100,5,c4c60ec16a7409920fc63251b4391178
epfl,held_out,epfl-random_control-dec-po2-f57f2d2e2b,dec.aig,8,21,21,15,3900.0,300.0,7,19,13,7,13,19,13,20900.0,24800.0,18900.0,484,255800.0,250100.01263581216,18200.022168457508,23100.001271814108,62300.0378254801,19800.005247816443,23700.0,17900.0,ok,3359.0,13572.0,3376.0,17607.0,21300.0,267500.0,4.040488240547782,5.215343601895735,6.309241706161138,d340dbc1256765fea41925fda295bdfeaa1055cbfeae0fdba8608e3116d746dc,True,32,256,672,160,224,8388608,100,5,f57f2d2e2b1d31675060cf3bf1219b69
epfl,held_out,epfl-random_control-dec-po3-4364177137,dec.aig,8,20,20,14,3900.0,300.0,6,17,12,6,12,17,12,22200.0,24500.0,19500.0,464,243200.0,238400.0108577311,16099.977074190974,22500.025806948543,60400.0233579427,20100.03663599491,22800.0,17700.0,ok,3354.0,13590.0,2986.0,12008.0,20100.0,326000.0,4.051878354203936,4.021433355659745,6.7314132618888145,edc0e40c3027d41914bf3144a08078742b337b96da8e503d4ff84bb6a8e97d55,True,32,256,640,160,192,8388608,100,5,4364177137cb0b31ea980fceca1a6e48
epfl,held_out,epfl-random_control-dec-po4-e56e9dcbed,dec.aig,8,21,21,15,4200.0,400.0,7,19,13,7,13,19,13,21500.0,25200.0,19100.0,484,243500.0,239000.01542642713,17000.071238726377,22900.057956576347,60400.05246177316,18799.997633323073,22300.0,20700.0,ok,3790.0,17418.0,3345.0,12934.0,18800.0,267300.0,4.595778364116095,3.8666666666666667,5.6203288490284,58d2c35ffac68bcf336a44b98aff5740823cabaee65865c608d487ffcffc95bf,True,32,256,672,160,224,8388608,100,5,e56e9dcbed4ee4d67ba188065354f781
epfl,held_out,epfl-random_control-dec-po5-8708527f1a,dec.aig,8,20,20,14,5400.0,400.0,6,17,12,6,12,17,12,20700.0,24100.0,18700.0,464,247400.0,242100.00992752612,18999.940948560834,21599.960746243596,59999.96210448444,21100.015146657825,32400.0,27500.0,ok,3776.0,13437.0,5388.0,21482.0,55000.0,238500.0,3.5585275423728815,3.9870081662954715,10.207869339272458,efd7a7e53f7f21fe9b9d4a5bf3be5ae7adb0947f8412be25f7e88a45743e6fb8,True,32,256,640,160,192,8388608,100,5,8708527f1ac0e2ae97223419ac12a345
epfl,held_out,epfl-random_control-dec-po6-0e1bce9519,dec.aig,8,20,20,14,3700.0,300.0,6,17,12,6,12,17,12,20500.0,24600.0,17900.0,464,239300.0,234400.00950358808,16999.983927235007,22000.021999701858,59300.01498199999,19500.061171129346,21000.0,16300.0,ok,3603.0,15341.0,2898.0,10521.0,18600.0,240600.0,4.257840688315293,3.630434782608696,6.418219461697722,18122cf13ab2412fa65cb693713794de6b30403b65688234a6fa940fc6d506ff,True,32,256,640,160,192,8388608,100,5,0e1bce951934e2576887c3b17c43ef96
epfl,held_out,epfl-random_control-dec-po7-07a62f5837,dec.aig,8,19,19,13,3500.0,200.0,5,15,11,5,11,15,11,19600.0,21800.0,17500.0,444,212800.0,208500.016015023,15500.059816986322,18599.9961104244,51299.98316988349,18200.022168457508,18700.0,16100.0,ok,3032.0,12644.0,2835.0,10408.0,19700.0,303900.0,4.170184696569921,3.671252204585538,6.9488536155202825,f1c19314208ec565b4e50664b650fc0d256b4eb5a177acdccefc78bef7543a6c,True,32,256,608,160,160,8388608,100,5,07a62f583752189739cdf8207581714a
epfl,held_out,epfl-random_control-i2c-po41-b4580bd004,i2c.aig,14,56,63,46,11800.0,300.0,32,64,42,12,42,64,42,93500.0,151100.0,53700.0,1273,787700.0,777700.0137139112,51100.1271661371,66100.03765672445,203100.14951974154,81399.97953549027,73600.0,49200.0,ok,39320.0,48220.0,39460.0,42080.0,56100.0,687700.0,1.2263479145473042,1.0663963507349214,1.4216928535225546,fc3af9492fc0976e2abfb7c3d08150fcd26c76cb35b529912cb5295caa7b6504,True,2048,28672,129024,12288,24576,8388608,5,5,b4580bd004a03184f80a40bf4bf57ba8
epfl,held_out,epfl-random_control-i2c-po42-455375796e,i2c.aig,15,59,66,48,21700.0,600.0,33,67,44,13,44,67,44,64500.0,66300.0,42600.0,1340,1236600.0,1220499.980263412,81999.9841041863,99599.94349628687,325500.00469200313,142500.00822357833,128600.0,88000.0,ok,86540.0,62320.0,65740.0,53760.0,190900.0,1462700.0,0.7201294199214237,0.8177669607544874,2.903863705506541,75931fddb7647533cdbc648dcbb148d39cf9be9582adacdb6779f12a57a2c581,True,4096,61440,270336,28672,53248,8388608,5,5,455375796e966a411f691ab3a7c4d3b5
epfl,held_out,epfl-random_control-i2c-po44-bebebe05c9,i2c.aig,14,88,136,77,47700.0,600.0,63,111,74,16,93,144,93,218300.0,207100.0,120100.0,2019,1527100.0,1507599.9835971743,94699.90618526936,124800.07717385888,390199.8861692846,199099.97354261577,209500.0,172200.0,ok,91920.0,142800.0,74640.0,75420.0,89800.0,1240700.0,1.5535248041775458,1.0104501607717042,1.2031082529474812,bae2a7f9518fac36d5af4a074f1be698458dd580447017cfb57741f430a80a8d,True,2048,28672,278528,18432,32768,8388608,5,5,bebebe05c902b53a25f3e3c9ee760de8
epfl,held_out,epfl-random_control-i2c-po68-6659cda0b7,i2c.aig,13,47,52,38,10100.0,300.0,25,52,34,14,35,54,35,52100.0,55200.0,35300.0,1061,529300.0,521500.01283735037,31800.154829397798,48699.93426837027,133400.02624318004,59999.96210448444,54100.0,38000.0,ok,23340.0,35880.0,21920.0,31660.0,36500.0,548300.0,1.5372750642673523,1.4443430656934306,1.6651459854014599,204b60e714c082351aa1a604ac7736349c7c25e3cc17a2dd7d2279c5c2b803d6,True,1024,13312,53248,5120,14336,8388608,5,5,6659cda0b7df92842bccc47e46449962
epfl,held_out,epfl-random_control-i2c-po71-1bdb300ea1,i2c.aig,10,60,95,57,22300.0,400.0,47,76,50,11,66,104,66,76200.0,72000.0,45900.0,1372,1176500.0,1160700.0196818262,71799.90643635392,81499.95119310915,322499.9236408621,119100.12108273804,147700.0,97000.0,ok,15378.0,67700.0,19752.0,55726.0,31700.0,781600.0,4.402393029002471,2.8212839206156337,1.6049007695423247,d1190439fa5d7d5972fb3a3b465cbb597c7fe86e926cecb9072aff0949ba6eb1,True,128,1280,12160,896,1408,8388608,50,5,1bdb300ea1180c272c3a44ce4bbaa04e
epfl,held_out,epfl-random_control-i2c-po72-e01c98e60e,i2c.aig,10,50,80,46,17000.0,500.0,36,61,40,9,55,86,55,61400.0,87800.0,45100.0,1140,596900.0,587599.9922864139,37700.11244341731,44699.90381039679,155799.99308101833,62899.955082684755,137500.0,94000.0,ok,12828.0,48702.0,19438.0,59252.0,29400.0,686200.0,3.7965388213283444,3.0482559934149602,1.5125012861405494,ae1075abfd2a5d8d76fc4ed875e1283e69b8ec1a464e6790e954290784b9fb32,True,128,1280,10240,896,1152,8388608,50,5,e01c98e60e9e792fd949c7a738e22514
epfl,held_out,epfl-random_control-i2c-po73-8b0c8a5c32,i2c.aig,11,44,52,35,8900.0,300.0,24,50,33,12,35,54,35,94600.0,130800.0,33700.0,1001,527400.0,520700.0067457557,34700.00228844583,48700.0506836921,132800.021674484,54299.97690953314,68100.0,44900.0,ok,16205.0,42270.0,17465.0,50970.0,25000.0,996800.0,2.6084541808083923,2.918408245061552,1.43143429716576,d050d5e488e447d4f91557023984ac88f5e02012623a189d7c131175c6b41223,True,256,2816,13312,1280,3072,8388608,20,5,8b0c8a5c32c3ae5544ea6374e0cf56c1
epfl,held_out,epfl-random_control-i2c-po74-3bf1791a1e,i2c.aig,14,78,136,69,17900.0,300.0,55,96,64,14,94,147,94,131300.0,106800.0,104800.0,1784,1226800.0,1183499.9895654619,77399.77445453405,91699.99975711107,311399.984639138,151100.0155005604,105000.0,97300.0,ok,92000.0,111800.0,65300.0,87760.0,135400.0,2668400.0,1.2152173913043478,1.3439509954058193,2.0735068912710566,47d3f10994a67aff5faf33721031644f1b49c96abc8bd6bcd6427901b4014266,True,2048,28672,278528,16384,28672,8388608,5,5,3bf1791a1e19a330524199cb7289b9d3
epfl,held_out,epfl-random_control-int2float-po0-03bdd5ff4c,int2float.aig,11,123,195,104,50600.0,800.0,93,164,112,17,134,208,134,274200.0,200400.0,82100.0,2902,2607400.0,2593099.983641878,210300.0006172806,212800.07786117494,665599.9750364572,343300.0238146633,338600.0,159600.0,ok,51380.0,132580.0,30565.0,105405.0,49300.0,1569300.0,2.5803814713896456,3.4485522656633405,1.6129559954195976,c1d40e61b68de7c053b00ac26ad24cf31d586843679de793f1185d334330da90,True,256,2816,49920,2048,4352,8388608,20,5,03bdd5ff4c9e7ba74dd98df4b3e13c3f
epfl,held_out,epfl-random_control-int2float-po1-5d8e7b322c,int2float.aig,11,140,250,121,33200.0,300.0,110,188,129,17,171,264,171,162600.0,168700.0,92000.0,3324,2033100.0,2011800.0102229416,154099.9801363796,178100.10467655957,472599.9606307596,251000.0776965171,190100.0,170100.0,ok,46730.0,149750.0,34485.0,124160.0,55000.0,2106100.0,3.2045794992510164,3.600405973611715,1.594896331738437,62c969474fe76c7b35083c046fbc34b2aa79cd9a3c3ce25affed1b12900006b7,True,256,2816,64000,2048,4352,8388608,20,5,5d8e7b322c52ffcea867e25a64827d0d
epfl,held_out,epfl-random_control-int2float-po2-6d30452990,int2float.aig,11,136,208,117,46000.0,400.0,106,183,125,19,139,210,139,164200.0,173800.0,94900.0,3220,2347800.0,2313200.0060286373,164699.76981170475,194799.94080029428,556199.9860219657,284999.8418241739,267400.0,237000.0,ok,34325.0,122205.0,35115.0,113540.0,96300.0,1776200.0,3.5602330662782227,3.2333760501210307,2.7424177701836823,f43bddbb529e70d504a28e16b2a363d49dc021cff3961a2211cb54011dada7cf,True,256,2816,53248,2560,4864,8388608,20,5,6d304529902c7de8d07c800e0b54ebc4
epfl,held_out,epfl-random_control-int2float-po3-15980bb2bc,int2float.aig,9,35,40,26,16100.0,800.0,17,39,26,9,26,39,26,57900.0,44200.0,37800.0,801,465600.0,458499.99878555536,30799.94348809123,38700.06185024977,115999.8937509954,42200.03029331565,49100.0,29700.0,ok,5988.0,33186.0,5706.0,20398.0,22000.0,538700.0,5.5420841683366735,3.5748335085874516,3.8555906063792498,a573479806677d7506a2ada48179a8b70543a030f81f0f11a5620998925cb16b,True,64,576,2560,320,576,8388608,50,5,15980bb2bc4ddf8ac669d986b3fe2987
epfl,held_out,epfl-random_control-int2float-po4-f28975a467,int2float.aig,11,79,116,65,18600.0,300.0,54,99,68,13,76,113,76,107200.0,102200.0,72500.0,1838,1082900.0,1068699.9885365367,88399.97462928295,95500.11600367725,262500.0779516995,135500.0422336161,102900.0,85700.0,ok,20875.0,83875.0,18685.0,63335.0,35000.0,1300100.0,4.017964071856287,3.3896173401123897,1.8731602890018733,f7af9f2be3999b51a8739e13830a8a87ba712b82fcd94e424418252894fa1c12,True,256,2816,29696,1536,3328,8388608,20,5,f28975a467467027fb13672468eee71e
epfl,held_out,epfl-random_control-int2float-po5-b67636a98e,int2float.aig,11,55,76,43,20400.0,600.0,32,62,44,8,48,69,48,59000.0,67400.0,41900.0,1288,814300.0,807100.0047493726,59899.90313537419,64299.93663914502,212000.0426657498,87700.0275067985,132300.0,98300.0,ok,12475.0,68380.0,11535.0,40205.0,46500.0,923000.0,5.481362725450902,3.485478977026441,4.031209362808843,1ee391793ed87bfb360b7b17b761d9e4d5761014768035b7d27d136d14e83f71,True,256,2816,19456,1536,2048,8388608,20,5,b67636a98ead5159e39ab86cf33ee5ec
epfl,held_out,epfl-random_control-int2float-po6-f3b25f4977,int2float.aig,9,23,23,17,5000.0,200.0,8,20,14,6,14,20,14,23900.0,27800.0,19300.0,530,337500.0,329500.00604614615,22499.996703118086,27300.033252686262,93200.06938651204,32600.01540184021,28100.0,20400.0,ok,3644.0,15916.0,3502.0,12674.0,19600.0,384200.0,4.367727771679473,3.619074814391776,5.596801827527127,36016ece63dba19a8893c3beb75e6da627dfef954fd400e4cfd4c42df03c2509,True,64,576,1472,256,384,8388608,50,5,f3b25f4977d4bcf51dda67781c43f99e
epfl,held_out,epfl-random_control-int2float-internal25-be3b3fac1d,int2float.aig,9,62,84,55,14500.0,300.0,46,80,53,10,57,88,57,116700.0,95100.0,54500.0,1423,1018100.0,1006000.0058729202,76299.94070157409,75699.93613287807,253499.95121359825,101399.89899471402,132500.0,93700.0,ok,15170.0,79032.0,15348.0,55026.0,30400.0,843600.0,5.209756097560976,3.5852228303362,1.9807140995569454,f6acbb5df0ab125c4cff549f5deacb5619d5dc0b6ea07ccf0ee911d616decda7,True,64,576,5376,384,640,8388608,50,5,be3b3fac1d823fd25e118a7cd2988a7f
epfl,held_out,epfl-random_control-mem_ctrl-po614-b0a54afe66,mem_ctrl.aig,13,59,85,53,13600.0,300.0,40,68,46,7,56,84,56,107100.0,71200.0,58600.0,1353,947000.0,935199.9906357378,59599.842643365264,71999.93706308305,245199.88801330328,113300.01871101558,86400.0,65200.0,ok,36660.0,63380.0,31840.0,66260.0,45000.0,892300.0,1.72885979268958,2.0810301507537687,1.4133165829145728,f2bb02963b14ad35e1a1b172b5943b40d4983b1d4c025937b5e4340d425b0631,True,1024,13312,87040,6144,7168,8388608,5,5,b0a54afe6676a053c38f0c7838100f31
epfl,held_out,epfl-random_control-mem_ctrl-po622-b73ccd172a,mem_ctrl.aig,16,111,261,95,45300.0,600.0,79,139,95,16,178,274,178,132100.0,147400.0,84200.0,2590,1559500.0,1550100.016174838,117799.99476857483,135500.15864893794,370200.0540215522,206900.14935098588,227500.0,235400.0,ok,791780.0,335920.0,251280.0,145180.0,160900.0,1745300.0,0.4242592639369522,0.577761859280484,1.1082793773247004,f2aa756708881c0cbac5cc8cac91687b31e2a9f762f2a0b6554c4a72d87cdd95,True,8192,131072,2138112,57344,131072,8388608,5,5,b73ccd172ac9991f3ef8cd79521ebe5d
epfl,held_out,epfl-random_control-mem_ctrl-po623-7f80ce9c66,mem_ctrl.aig,16,120,415,105,26900.0,300.0,89,154,104,21,286,444,286,189800.0,184300.0,76700.0,2811,1470500.0,1453099.976060912,99200.05686581135,125899.79451149702,343199.70291107893,218899.89147894084,160100.0,346200.0,ok,953400.0,550660.0,286260.0,177800.0,269200.0,2824700.0,0.5775749947556115,0.62111367288479,1.514060742407199,226f92086ca85fe2014d4fb0d2b59e28a690538a8c9ce604f2f7bb5a0b4b0017,True,8192,131072,3399680,57344,172032,8388608,5,5,7f80ce9c6606a9cff5dee7e69924c7d6
epfl,held_out,epfl-random_control-mem_ctrl-po627-7b4af14eba,mem_ctrl.aig,16,110,256,94,53800.0,500.0,78,137,94,15,173,264,173,138200.0,157800.0,85400.0,2568,2481000.0,2460199.990309775,194000.08022785187,211799.83741603792,593899.9820500612,370800.0003825873,289000.0,236400.0,ok,914200.0,522820.0,454880.0,300920.0,223700.0,3332100.0,0.5718879894990155,0.6615371086880056,0.7433869466967965,226f92086ca85fe2014d4fb0d2b59e28a690538a8c9ce604f2f7bb5a0b4b0017,True,8192,131072,2097152,57344,122880,8388608,5,5,7b4af14eba4e0fd1de4e465555a67dbb
epfl,held_out,epfl-random_control-priority-internal17-ead80e25a7,priority.aig,8,49,172,49,22500.0,500.0,41,64,41,7,118,183,118,84400.0,68000.0,41800.0,1117,630900.0,623900.0067580491,36900.019040331244,51100.1271661371,163400.1382626593,63499.95965138078,139500.0,203000.0,ok,26814.0,137236.0,14251.0,42183.0,28500.0,1090300.0,5.118072648616394,2.960002806820574,1.9998596589713002,5198a820ea6beda946ecb647e6dc6d0f91322f3515987a09936af343e07e5277,True,32,256,5504,160,224,8388608,100,5,ead80e25a7a707e58a98e54ea2ab071d
epfl,held_out,epfl-random_control-priority-internal33-6197962bc5,priority.aig,13,88,1967,88,23000.0,200.0,75,117,75,8,1358,2108,1358,248400.0,235300.0,146600.0,2000,1307200.0,1297900.0166524202,90599.87496584654,90199.98833537102,321899.977279827,175699.96998645365,284900.0,1726500.0,ok,982480.0,1374820.0,52460.0,72500.0,106400.0,1273000.0,1.3993363732595065,1.3820053373999237,2.0282119710255433,a39cc2cca5d9e8473aed67c99fd73e0151d70d7aa347dd25b16b8fd5c1ec48f3,True,1024,13312,2014208,8192,8192,8388608,5,5,6197962bc5841fedc87735bf397d9789
epfl,held_out,epfl-random_control-priority-internal390-5c1b8c3dc3,priority.aig,10,46,94,45,11300.0,300.0,35,56,36,9,66,105,66,59500.0,54300.0,46000.0,1043,634200.0,627900.0081121922,45699.969632551074,41000.108467414975,164300.1160118729,61400.03097243607,74500.0,70100.0,ok,17042.0,63316.0,10704.0,32316.0,42200.0,935600.0,3.7152916324375074,3.0190582959641254,3.9424514200298955,4e5896adb5499e172d38c766bfac5512c0654c9b2f599e25dd222c612bbf3aa1,True,128,1280,12032,896,1152,8388608,50,5,5c1b8c3dc37c9ce71c4f40cce691208e
epfl,held_out,epfl-random_control-priority-internal636-78eeeb8379,priority.aig,16,49,51,37,9300.0,300.0,21,50,33,16,34,52,34,96400.0,110000.0,86000.0,1105,1071500.0,1058299.996657297,84399.97327513993,95800.00187270343,281800.0502884388,101799.98935200274,76200.0,54100.0,ok,98680.0,59480.0,94660.0,53580.0,73000.0,678600.0,0.6027563842723956,0.5660257764631312,1.3624486748786862,59847f4736a5c5fa7083c8a7e7597345aeb5d74cd5ff52bb3e15e1a8d851e31c,True,8192,131072,417792,40960,131072,8388608,5,5,78eeeb837992edfa21763c8a541c030f
epfl,held_out,epfl-random_control-priority-internal919-8f1126a8c9,priority.aig,9,26,26,19,5500.0,300.0,10,26,17,10,17,26,17,26500.0,30600.0,22700.0,590,327100.0,322000.0071451068,21599.93164241314,40499.98824484646,82199.95652325451,31199.975637719035,27900.0,21000.0,ok,4606.0,16852.0,4252.0,14072.0,28200.0,772200.0,3.6587060356057317,3.3095014111006584,6.632173095014111,16abab341fb7f370e27e4dadcf81766dd0dfd0ae64469477bb2cf6614938b2af,True,64,576,1664,192,640,8388608,50,5,8f1126a8c958341aaed77b581b1997eb
epfl,held_out,epfl-random_control-router-internal19-4200fe3838,router.aig,8,24,24,22,10600.0,600.0,14,25,16,6,16,25,16,62700.0,56700.0,40300.0,544,488400.0,480399.9909199774,26800.029445439577,31699.950341135263,135100.06829164922,45700.02784021199,60900.0,36000.0,ok,4433.0,20780.0,7881.0,31588.0,45800.0,500500.0,4.687570494022107,4.008120796853191,5.811445248064967,9a07d705f0831a12cac6c1aed2281e9c4d390c298b72a76e5ea5cc542632adc8,True,32,256,768,96,192,8388608,100,5,4200fe38385d0b56304dad3e6eb02b81
epfl,held_out,epfl-random_control-router-internal29-ebfa4eab0e,router.aig,11,34,34,31,12900.0,400.0,20,36,23,8,23,36,23,80900.0,73200.0,52600.0,763,715700.0,704699.9817248434,39500.03883801401,43099.94983486831,183999.9749790877,73299.97606575489,70400.0,43200.0,ok,12315.0,37835.0,9045.0,33495.0,34100.0,539600.0,3.0722695899309787,3.703150912106136,3.77003869541183,1aca6476bcab2ac6bdcad62ea0972ca707d617f669b840ace41a909ce9b00165,True,256,2816,8704,768,2048,8388608,20,5,ebfa4eab0e74bc8c6ed30aeb1411544c
epfl,held_out,epfl-random_control-router-internal39-7af9c35a7e,router.aig,14,43,43,40,27500.0,2700.0,26,45,29,8,29,45,29,89600.0,88700.0,58400.0,964,724100.0,705399.9870549887,38800.12081936002,45300.17031356692,196499.8955372721,87899.99992586672,61300.0,34800.0,ok,27400.0,31720.0,39120.0,33220.0,61600.0,642500.0,1.1576642335766423,0.8491820040899796,1.574642126789366,3412e5f94eb5daec4bba482d05ee424e3319e7a68178aefb83d3df158572e04d,True,2048,28672,88064,6144,16384,8388608,5,5,7af9c35a7e112b2839cd08d8fa30b8b1
epfl,held_out,epfl-random_control-router-internal104-77af71e925,router.aig,11,42,56,33,15500.0,600.0,22,47,31,14,38,59,38,45700.0,56100.0,34800.0,958,1031000.0,1017300.0046052039,94200.04789717495,113600.0209953636,254299.95730519295,101999.99087490141,92500.0,79500.0,ok,19380.0,76310.0,16590.0,50610.0,36800.0,776600.0,3.937564499484004,3.050632911392405,2.2182037371910788,b86a0af600f27073cdf6c2cc61163f3a3da6a10bb1f8a9d19c1375504c37fda6,True,256,2816,14336,1280,3584,8388608,20,5,77af71e9251e73440cb959cf402bac43
epfl,held_out,epfl-random_control-router-internal135-565d2a3a16,router.aig,12,36,36,33,9200.0,400.0,21,37,24,7,24,37,24,69900.0,67400.0,43700.0,810,585600.0,578600.011067465,27200.00338740647,38800.00440403819,160799.97294582427,71699.93477873504,52800.0,30200.0,ok,12405.0,24905.0,13640.0,27000.0,47400.0,664700.0,2.007658202337767,1.9794721407624634,3.4750733137829912,a3d4a41597a6daf0e03ced8a9d62ae29ee4a81485b16b54bd3993415671b97e0,True,512,6144,18432,1536,3584,8388608,20,5,565d2a3a163f4b2698aa927119f22d2e
epfl,held_out,epfl-random_control-router-internal177-832d43e9af,router.aig,15,51,95,47,18700.0,700.0,32,56,36,9,65,101,65,65600.0,59700.0,36900.0,1145,1071400.0,1055500.004440546,59999.903896823525,70800.10254867375,275400.05976334214,151300.04612728953,111200.0,112700.0,ok,118400.0,99080.0,125780.0,107160.0,95800.0,642000.0,0.8368243243243243,0.851963746223565,0.7616473207187152,2d38ca4ac5568a72e6325f56cbb4162b75036fffe38c81bce7ca650f4fe8f70c,True,4096,61440,389120,16384,36864,8388608,5,5,832d43e9afe1ef2f4984e581e6acacd9
epfl,held_out,epfl-random_control-router-internal233-5ddc8d5e1b,router.aig,16,85,253,67,16800.0,300.0,51,102,69,23,175,273,175,98200.0,107700.0,72500.0,1965,1412600.0,1400000.008288771,107699.83055070043,170600.1057755202,310500.2106167376,174600.04892200232,102100.0,193700.0,ok,707400.0,303240.0,185660.0,104240.0,127200.0,1585700.0,0.42866836301950806,0.5614564257244425,1.2202609363008443,baf638738db8f84c8b58231ebc21151fff93a8c0586dbbbd85ea33a8a3777fd1,True,8192,131072,2072576,40960,188416,8388608,5,5,5ddc8d5e1b4e33d6d415cb84321f21e3
epfl,held_out,epfl-random_control-voter-internal72-661c8b218d,voter.aig,12,89,265,85,22200.0,400.0,73,119,77,8,185,291,185,109000.0,107200.0,59200.0,2034,991500.0,978899.9741431326,64700.026996433735,79799.99645613134,258800.10798573494,93600.01422464848,125200.0,182000.0,ok,95890.0,358720.0,38050.0,80520.0,56400.0,981100.0,3.740953175513609,2.1161629434954006,1.4822601839684626,00ad53b87fd6d173a86443ac94b6972381d29a677c2112133d90424185c3ee91,True,512,6144,135680,3584,4096,8388608,20,5,661c8b218d6a9527eeb662c0cb1deaf2
epfl,held_out,epfl-random_control-voter-internal3075-f8954d4f09,voter.aig,12,179,4547,168,42000.0,300.0,156,250,167,13,3161,4937,3161,228900.0,223900.0,113100.0,4274,2176200.0,2166300.022508949,168499.88605827093,190000.19528903067,527199.7069939971,269699.9872568995,262300.0,4281500.0,ok,2138775.0,3336835.0,83205.0,151580.0,126200.0,2205200.0,1.5601617748477516,1.8217655188991047,1.5167357730905595,a98bb428b83bb0cfe77da3ebc24a2014e54dba16192ca07a4d7bc565eacbcac9,True,512,6144,2328064,5632,6656,8388608,20,5,f8954d4f09d9cc98e6430789baffe087
epfl,held_out,epfl-random_control-voter-internal4823-4087895a60,voter.aig,12,167,2599,161,74800.0,1000.0,149,235,155,14,1807,2823,1807,213600.0,198700.0,105500.0,3959,2110900.0,2101899.9977968633,148800.08529871702,169000.00628083944,517099.8047105968,238300.06830394268,472300.0,3819000.0,ok,1035075.0,2017110.0,113340.0,141975.0,91800.0,2007400.0,1.9487573364248967,1.2526469031233456,0.8099523557437798,7c87f58d0aade6bc2554ac3faaa1b721bcb1db7833fd31f5e6b066cd2c6b3330,True,512,6144,1330688,5120,7168,8388608,20,5,4087895a6009aa8f117aa8f85be6db1a
epfl,held_out,epfl-random_control-voter-internal7179-1f4236d03b,voter.aig,12,171,3897,163,73300.0,700.0,151,240,159,16,2709,4231,2709,219200.0,211600.0,105400.0,4064,3950900.0,3913900.0000432134,316899.9101035297,303599.8670384288,996700.0514734536,488899.99743551016,475300.0,5461300.0,ok,1701600.0,3242145.0,119330.0,204290.0,98200.0,2065700.0,1.9053508462623414,1.7119751948378445,0.8229280147490153,4cf3323f250b6dbc49f4a2bf3c1c4c783719c0321b59a5d2af47b7670038f7a5,True,512,6144,1995264,5632,8192,8388608,20,5,1f4236d03b0184ebbfd243a0ab581e29
epfl,held_out,epfl-random_control-voter-internal9182-24dfeed155,voter.aig,12,176,3247,165,40400.0,300.0,153,246,164,17,2257,3525,2257,364800.0,378100.0,180600.0,4200,2125800.0,2102899.976307526,168300.1173660159,184099.9466367066,532600.0682543963,254799.8446971178,249900.0,4963400.0,ok,1465325.0,2836055.0,109325.0,312690.0,195600.0,2587500.0,1.9354443553477898,2.8601875142922477,1.7891607592042076,34e9b062ad65ed9a5465de3063f267745f09586c099722e9c07abd5e7eca8c54,True,512,6144,1662464,5632,8704,8388608,20,5,24dfeed155ecdb25a2b71062c9aae63d
epfl,held_out,epfl-random_control-voter-internal10038-a5538c254b,voter.aig,12,172,2598,163,40400.0,300.0,151,241,160,19,1806,2821,1806,243500.0,239700.0,131000.0,4094,2184600.0,2151199.9948415905,164299.82497356832,182999.9964684248,535800.0344131142,258899.87591654062,252100.0,2039600.0,ok,1144240.0,2130315.0,81345.0,161620.0,93600.0,2660300.0,1.8617728798154234,1.9868461491179543,1.1506546192144569,54e587828ba3e821fbf4a1af052c7cbfaafb60bb7d7b0363584941f88a901bce,True,512,6144,1330176,5120,9728,8388608,20,5,a5538c254b4d2c474716906da6d65640
epfl,held_out,epfl-random_control-voter-internal10957-7dc361262b,voter.aig,12,195,11047,182,45700.0,300.0,170,273,183,14,7681,11997,7681,327200.0,238800.0,142100.0,4685,4091800.0,4051700.0015825033,310800.0964857638,338800.0186532736,970599.7654236853,477799.91291463375,354200.0,15708000.0,ok,6215430.0,9705715.0,92455.0,209405.0,106900.0,2389400.0,1.5615516545114336,2.2649397003947866,1.1562381699205018,d4af98be3a974fa5f66ea9822e9ae42d9a7bc3a7a15b3978d33a027e25b56c66,True,512,6144,5656064,6144,7168,8388608,20,5,7dc361262ba66647abf5eecb25adf706
