id,category,circuit,root_kind,semantic_live_k,syntactic_k,context_id,fixed_fraction,fixed_count,residual_semantic_k,residual_syntactic_k,context_seed,fixed_json,packed_equal,cm_ns_median,cse_flat_ns_median,cm_over_cse_flat,cm_flat_instructions,cse_flat_instructions,cm_executed_word_ops,cse_executed_word_ops
epfl-arithmetic-adder-po3-e22ec7119f,arithmetic,adder.aig,po,8,8,fixed-000-c00,0.0,0,8,8,,{},True,50555.0,50460.0,1.0018826793499802,33,33,34,34
epfl-arithmetic-adder-po3-e22ec7119f,arithmetic,adder.aig,po,8,8,fixed-025-c00,0.25,2,6,6,4903956391192631034,"{""x3"":1,""x4"":0}",True,34455.0,34395.0,1.001744439598779,33,33,34,34
epfl-arithmetic-adder-po3-e22ec7119f,arithmetic,adder.aig,po,8,8,fixed-025-c01,0.25,2,6,6,12545115751097200073,"{""x0"":0,""x7"":1}",True,34635.0,34310.0,1.0094724570096183,33,33,34,34
epfl-arithmetic-adder-po3-e22ec7119f,arithmetic,adder.aig,po,8,8,fixed-025-c02,0.25,2,6,6,8474589476756919263,"{""x4"":0,""x6"":0}",True,44420.0,37750.0,1.1766887417218543,33,33,34,34
epfl-arithmetic-adder-po3-e22ec7119f,arithmetic,adder.aig,po,8,8,fixed-025-c03,0.25,2,6,6,18079550553801506898,"{""x0"":1,""x1"":0}",True,35410.0,34945.0,1.0133066246959508,33,33,34,34
epfl-arithmetic-adder-po3-e22ec7119f,arithmetic,adder.aig,po,8,8,fixed-050-c00,0.5,4,4,4,11399037624705762757,"{""x0"":0,""x1"":1,""x6"":1,""x7"":1}",True,8905.0,8875.0,1.003380281690141,33,33,34,34
epfl-arithmetic-adder-po3-e22ec7119f,arithmetic,adder.aig,po,8,8,fixed-050-c01,0.5,4,4,4,452406043623010777,"{""x0"":1,""x3"":0,""x6"":0,""x7"":0}",True,10905.0,10895.0,1.0009178522257915,33,33,34,34
epfl-arithmetic-adder-po3-e22ec7119f,arithmetic,adder.aig,po,8,8,fixed-050-c02,0.5,4,4,4,9239714328258371862,"{""x0"":0,""x3"":0,""x5"":0,""x6"":1}",True,8955.0,8975.0,0.9977715877437325,33,33,34,34
epfl-arithmetic-adder-po3-e22ec7119f,arithmetic,adder.aig,po,8,8,fixed-050-c03,0.5,4,4,4,3762859164706580178,"{""x1"":1,""x4"":1,""x6"":0,""x7"":0}",True,13590.0,13790.0,0.9854967367657723,33,33,34,34
epfl-arithmetic-adder-po3-e22ec7119f,arithmetic,adder.aig,po,8,8,fixed-075-c00,0.75,6,2,2,8675640246493368545,"{""x0"":0,""x1"":1,""x2"":1,""x3"":1,""x6"":1,""x7"":0}",True,14105.0,13595.0,1.0375137918352335,33,33,34,34
epfl-arithmetic-adder-po3-e22ec7119f,arithmetic,adder.aig,po,8,8,fixed-075-c01,0.75,6,2,2,7601904025372221808,"{""x1"":1,""x2"":0,""x3"":0,""x5"":1,""x6"":0,""x7"":0}",True,14385.0,14560.0,0.9879807692307693,33,33,34,34
epfl-arithmetic-adder-po3-e22ec7119f,arithmetic,adder.aig,po,8,8,fixed-075-c02,0.75,6,2,2,16081252817583464550,"{""x0"":0,""x2"":1,""x3"":0,""x4"":1,""x5"":0,""x6"":0}",True,14320.0,15450.0,0.9268608414239482,33,33,34,34
epfl-arithmetic-adder-po3-e22ec7119f,arithmetic,adder.aig,po,8,8,fixed-075-c03,0.75,6,2,2,9421533477671142337,"{""x1"":0,""x2"":1,""x3"":1,""x4"":0,""x6"":1,""x7"":1}",True,13825.0,14205.0,0.9732488560366068,33,33,34,34
epfl-arithmetic-adder-po4-ed17ac917c,arithmetic,adder.aig,po,10,10,fixed-000-c00,0.0,0,10,10,,{},True,46050.0,47620.0,0.9670306593868123,43,43,44,44
epfl-arithmetic-adder-po4-ed17ac917c,arithmetic,adder.aig,po,10,10,fixed-025-c00,0.25,2,8,8,17001974164273618607,"{""x6"":1,""x7"":1}",True,42940.0,42040.0,1.021408182683159,43,43,44,44
epfl-arithmetic-adder-po4-ed17ac917c,arithmetic,adder.aig,po,10,10,fixed-025-c01,0.25,2,8,8,10872685797617676366,"{""x6"":0,""x8"":1}",True,41025.0,40650.0,1.0092250922509225,43,43,44,44
epfl-arithmetic-adder-po4-ed17ac917c,arithmetic,adder.aig,po,10,10,fixed-025-c02,0.25,2,8,8,981375893496775758,"{""x0"":1,""x2"":1}",True,47905.0,48505.0,0.9876301412225543,43,43,44,44
epfl-arithmetic-adder-po4-ed17ac917c,arithmetic,adder.aig,po,10,10,fixed-025-c03,0.25,2,8,8,964190934524269717,"{""x2"":1,""x6"":1}",True,42295.0,41740.0,1.013296597987542,43,43,44,44
epfl-arithmetic-adder-po4-ed17ac917c,arithmetic,adder.aig,po,10,10,fixed-050-c00,0.5,5,5,5,8527624290617805750,"{""x0"":0,""x1"":1,""x2"":1,""x3"":0,""x8"":0}",True,11885.0,11985.0,0.9916562369628703,43,43,44,44
epfl-arithmetic-adder-po4-ed17ac917c,arithmetic,adder.aig,po,10,10,fixed-050-c01,0.5,5,5,5,3507958482667106082,"{""x3"":0,""x4"":1,""x5"":1,""x7"":1,""x8"":1}",True,12050.0,12150.0,0.9917695473251029,43,43,44,44
epfl-arithmetic-adder-po4-ed17ac917c,arithmetic,adder.aig,po,10,10,fixed-050-c02,0.5,5,5,5,1022593670918184900,"{""x3"":1,""x5"":0,""x6"":1,""x7"":1,""x8"":0}",True,12050.0,12160.0,0.990953947368421,43,43,44,44
epfl-arithmetic-adder-po4-ed17ac917c,arithmetic,adder.aig,po,10,10,fixed-050-c03,0.5,5,5,5,13659247831383815537,"{""x0"":0,""x1"":1,""x5"":0,""x6"":1,""x9"":0}",True,12035.0,12145.0,0.9909427748044463,43,43,44,44
epfl-arithmetic-adder-po4-ed17ac917c,arithmetic,adder.aig,po,10,10,fixed-075-c00,0.75,8,2,2,9159190342309987961,"{""x0"":1,""x1"":0,""x2"":0,""x4"":0,""x6"":0,""x7"":0,""x8"":0,""x9"":1}",True,10600.0,10605.0,0.9995285242809995,43,43,44,44
epfl-arithmetic-adder-po4-ed17ac917c,arithmetic,adder.aig,po,10,10,fixed-075-c01,0.75,8,2,2,3724556685191467192,"{""x0"":0,""x1"":0,""x3"":1,""x4"":0,""x5"":0,""x7"":0,""x8"":1,""x9"":1}",True,10655.0,10520.0,1.0128326996197718,43,43,44,44
epfl-arithmetic-adder-po4-ed17ac917c,arithmetic,adder.aig,po,10,10,fixed-075-c02,0.75,8,2,2,18244943779934255198,"{""x0"":0,""x1"":0,""x4"":1,""x5"":1,""x6"":1,""x7"":0,""x8"":1,""x9"":0}",True,10640.0,10675.0,0.9967213114754099,43,43,44,44
epfl-arithmetic-adder-po4-ed17ac917c,arithmetic,adder.aig,po,10,10,fixed-075-c03,0.75,8,2,2,10203818849799869510,"{""x1"":1,""x3"":1,""x4"":0,""x5"":0,""x6"":0,""x7"":1,""x8"":1,""x9"":1}",True,10825.0,10580.0,1.0231568998109641,43,43,44,44
epfl-arithmetic-adder-po5-d8df03f32b,arithmetic,adder.aig,po,12,12,fixed-000-c00,0.0,0,12,12,,{},True,50965.0,50650.0,1.0062191510365253,53,53,54,54
epfl-arithmetic-adder-po5-d8df03f32b,arithmetic,adder.aig,po,12,12,fixed-025-c00,0.25,3,9,9,18087864670095856036,"{""x1"":1,""x3"":0,""x7"":1}",True,53695.0,53025.0,1.0126355492692127,53,53,54,54
epfl-arithmetic-adder-po5-d8df03f32b,arithmetic,adder.aig,po,12,12,fixed-025-c01,0.25,3,9,9,1957165206040660780,"{""x10"":1,""x2"":0,""x4"":1}",True,53925.0,54580.0,0.9879992671308171,53,53,54,54
epfl-arithmetic-adder-po5-d8df03f32b,arithmetic,adder.aig,po,12,12,fixed-025-c02,0.25,3,9,9,16139712054489502389,"{""x1"":1,""x11"":1,""x6"":0}",True,52825.0,53780.0,0.9822424693194496,53,53,54,54
epfl-arithmetic-adder-po5-d8df03f32b,arithmetic,adder.aig,po,12,12,fixed-025-c03,0.25,3,9,9,11893723249520151865,"{""x11"":0,""x2"":1,""x5"":1}",True,52350.0,57230.0,0.9147300366940416,53,53,54,54
epfl-arithmetic-adder-po5-d8df03f32b,arithmetic,adder.aig,po,12,12,fixed-050-c00,0.5,6,6,6,9158220416267622835,"{""x0"":1,""x1"":0,""x11"":0,""x2"":1,""x6"":1,""x8"":1}",True,55580.0,54385.0,1.0219729704881861,53,53,54,54
epfl-arithmetic-adder-po5-d8df03f32b,arithmetic,adder.aig,po,12,12,fixed-050-c01,0.5,6,6,6,11941700832156489575,"{""x11"":0,""x4"":0,""x6"":1,""x7"":0,""x8"":1,""x9"":1}",True,53700.0,53735.0,0.9993486554387271,53,53,54,54
epfl-arithmetic-adder-po5-d8df03f32b,arithmetic,adder.aig,po,12,12,fixed-050-c02,0.5,6,6,6,6776098518823650725,"{""x10"":1,""x11"":1,""x3"":1,""x5"":1,""x7"":0,""x9"":0}",True,89295.0,65350.0,1.3664116296863045,53,53,54,54
epfl-arithmetic-adder-po5-d8df03f32b,arithmetic,adder.aig,po,12,12,fixed-050-c03,0.5,6,6,6,4026828860174486074,"{""x1"":1,""x11"":0,""x3"":0,""x4"":0,""x7"":1,""x9"":0}",True,53510.0,53320.0,1.003563390847712,53,53,54,54
epfl-arithmetic-adder-po5-d8df03f32b,arithmetic,adder.aig,po,12,12,fixed-075-c00,0.75,9,3,3,10156893525848009370,"{""x1"":0,""x10"":1,""x11"":1,""x2"":1,""x4"":0,""x5"":1,""x6"":0,""x8"":1,""x9"":0}",True,13230.0,13120.0,1.0083841463414633,53,53,54,54
epfl-arithmetic-adder-po5-d8df03f32b,arithmetic,adder.aig,po,12,12,fixed-075-c01,0.75,9,3,3,1208535326383318637,"{""x10"":0,""x11"":0,""x2"":0,""x3"":1,""x4"":0,""x5"":1,""x6"":1,""x7"":0,""x9"":1}",True,13170.0,12965.0,1.0158118010026995,53,53,54,54
epfl-arithmetic-adder-po5-d8df03f32b,arithmetic,adder.aig,po,12,12,fixed-075-c02,0.75,9,3,3,2877253345758664469,"{""x0"":1,""x10"":1,""x11"":1,""x2"":1,""x4"":0,""x5"":1,""x6"":1,""x8"":1,""x9"":0}",True,13195.0,13150.0,1.0034220532319391,53,53,54,54
epfl-arithmetic-adder-po5-d8df03f32b,arithmetic,adder.aig,po,12,12,fixed-075-c03,0.75,9,3,3,7865986720403459306,"{""x0"":1,""x1"":0,""x11"":0,""x2"":0,""x3"":1,""x4"":0,""x5"":1,""x6"":1,""x8"":1}",True,12890.0,13140.0,0.9809741248097412,53,53,54,54
epfl-arithmetic-adder-po6-5e5f8d2bf9,arithmetic,adder.aig,po,14,14,fixed-000-c00,0.0,0,14,14,,{},True,69095.0,68465.0,1.0092017819323742,63,63,64,64
epfl-arithmetic-adder-po6-5e5f8d2bf9,arithmetic,adder.aig,po,14,14,fixed-025-c00,0.25,4,10,10,88462535335460675,"{""x11"":1,""x13"":0,""x4"":1,""x7"":1}",True,63865.0,64080.0,0.9966448189762797,63,63,64,64
epfl-arithmetic-adder-po6-5e5f8d2bf9,arithmetic,adder.aig,po,14,14,fixed-025-c01,0.25,4,10,10,2934520047730989896,"{""x1"":0,""x6"":0,""x7"":1,""x9"":0}",True,100915.0,100005.0,1.009099545022749,63,63,64,64
epfl-arithmetic-adder-po6-5e5f8d2bf9,arithmetic,adder.aig,po,14,14,fixed-025-c02,0.25,4,10,10,15660105881986195322,"{""x10"":0,""x11"":0,""x3"":0,""x7"":0}",True,61460.0,60785.0,1.0111047133338817,63,63,64,64
epfl-arithmetic-adder-po6-5e5f8d2bf9,arithmetic,adder.aig,po,14,14,fixed-025-c03,0.25,4,10,10,9312316086668391495,"{""x2"":0,""x3"":1,""x7"":0,""x9"":1}",True,59910.0,60035.0,0.9979178812359457,63,63,64,64
epfl-arithmetic-adder-po6-5e5f8d2bf9,arithmetic,adder.aig,po,14,14,fixed-050-c00,0.5,7,7,7,7811487593287229560,"{""x1"":1,""x10"":0,""x2"":1,""x3"":0,""x4"":0,""x5"":0,""x9"":0}",True,60345.0,62130.0,0.9712699179140512,63,63,64,64
epfl-arithmetic-adder-po6-5e5f8d2bf9,arithmetic,adder.aig,po,14,14,fixed-050-c01,0.5,7,7,7,15780407694291419407,"{""x0"":0,""x13"":1,""x2"":1,""x5"":1,""x7"":1,""x8"":0,""x9"":0}",True,62300.0,62615.0,0.994969256567915,63,63,64,64
epfl-arithmetic-adder-po6-5e5f8d2bf9,arithmetic,adder.aig,po,14,14,fixed-050-c02,0.5,7,7,7,6877479620420426662,"{""x10"":1,""x12"":1,""x3"":0,""x4"":1,""x5"":0,""x6"":0,""x7"":1}",True,79005.0,96415.0,0.819426437794949,63,63,64,64
epfl-arithmetic-adder-po6-5e5f8d2bf9,arithmetic,adder.aig,po,14,14,fixed-050-c03,0.5,7,7,7,1586370460744994469,"{""x0"":0,""x11"":0,""x12"":0,""x13"":0,""x2"":0,""x5"":1,""x9"":1}",True,97540.0,98390.0,0.9913609106616527,63,63,64,64
epfl-arithmetic-adder-po6-5e5f8d2bf9,arithmetic,adder.aig,po,14,14,fixed-075-c00,0.75,10,4,4,3471868443213568661,"{""x0"":1,""x1"":0,""x10"":1,""x12"":1,""x13"":1,""x2"":0,""x4"":0,""x7"":1,""x8"":1,""x9"":1}",True,23610.0,24000.0,0.98375,63,63,64,64
epfl-arithmetic-adder-po6-5e5f8d2bf9,arithmetic,adder.aig,po,14,14,fixed-075-c01,0.75,10,4,4,737328100683560015,"{""x1"":0,""x10"":0,""x11"":0,""x12"":1,""x13"":1,""x2"":1,""x3"":1,""x4"":1,""x7"":0,""x9"":0}",True,24440.0,24850.0,0.9835010060362173,63,63,64,64
epfl-arithmetic-adder-po6-5e5f8d2bf9,arithmetic,adder.aig,po,14,14,fixed-075-c02,0.75,10,4,4,16208924331116554009,"{""x0"":1,""x1"":1,""x10"":1,""x11"":1,""x13"":0,""x4"":0,""x5"":0,""x6"":0,""x7"":0,""x8"":0}",True,24435.0,24975.0,0.9783783783783784,63,63,64,64
epfl-arithmetic-adder-po6-5e5f8d2bf9,arithmetic,adder.aig,po,14,14,fixed-075-c03,0.75,10,4,4,800170364425689235,"{""x0"":0,""x1"":1,""x10"":1,""x12"":1,""x2"":1,""x3"":0,""x5"":0,""x6"":0,""x7"":1,""x9"":1}",True,25290.0,25490.0,0.9921537857983523,63,63,64,64
epfl-arithmetic-adder-po7-7187a359bb,arithmetic,adder.aig,po,16,16,fixed-000-c00,0.0,0,16,16,,{},True,123005.0,126530.0,0.9721409942306173,73,73,74,74
epfl-arithmetic-adder-po7-7187a359bb,arithmetic,adder.aig,po,16,16,fixed-025-c00,0.25,4,12,12,16079899254236472140,"{""x1"":1,""x15"":0,""x6"":1,""x7"":0}",True,76410.0,75860.0,1.0072501977326653,73,73,74,74
epfl-arithmetic-adder-po7-7187a359bb,arithmetic,adder.aig,po,16,16,fixed-025-c01,0.25,4,12,12,10832434123080348075,"{""x10"":1,""x15"":1,""x6"":1,""x9"":0}",True,76340.0,75745.0,1.0078553039804607,73,73,74,74
epfl-arithmetic-adder-po7-7187a359bb,arithmetic,adder.aig,po,16,16,fixed-025-c02,0.25,4,12,12,15921347739349737048,"{""x0"":1,""x11"":1,""x13"":1,""x4"":0}",True,76565.0,76365.0,1.0026190008511753,73,73,74,74
epfl-arithmetic-adder-po7-7187a359bb,arithmetic,adder.aig,po,16,16,fixed-025-c03,0.25,4,12,12,17773824161572281887,"{""x1"":0,""x11"":0,""x5"":1,""x6"":1}",True,71340.0,69905.0,1.0205278592375366,73,73,74,74
epfl-arithmetic-adder-po7-7187a359bb,arithmetic,adder.aig,po,16,16,fixed-050-c00,0.5,8,8,8,4150960950961189032,"{""x0"":1,""x1"":0,""x12"":0,""x14"":0,""x15"":1,""x3"":0,""x6"":1,""x8"":1}",True,70275.0,71550.0,0.9821802935010482,73,73,74,74
epfl-arithmetic-adder-po7-7187a359bb,arithmetic,adder.aig,po,16,16,fixed-050-c01,0.5,8,8,8,7440426678050838958,"{""x11"":1,""x12"":0,""x13"":0,""x15"":0,""x2"":1,""x3"":0,""x4"":1,""x5"":1}",True,71480.0,70725.0,1.010675150229763,73,73,74,74
epfl-arithmetic-adder-po7-7187a359bb,arithmetic,adder.aig,po,16,16,fixed-050-c02,0.5,8,8,8,244119135634771010,"{""x1"":0,""x14"":1,""x15"":0,""x2"":0,""x3"":1,""x5"":1,""x8"":0,""x9"":1}",True,72005.0,69710.0,1.032922105867164,73,73,74,74
epfl-arithmetic-adder-po7-7187a359bb,arithmetic,adder.aig,po,16,16,fixed-050-c03,0.5,8,8,8,4931211106778655149,"{""x10"":0,""x11"":0,""x13"":1,""x15"":0,""x2"":0,""x3"":1,""x8"":1,""x9"":1}",True,113635.0,88965.0,1.277300061822065,73,73,74,74
epfl-arithmetic-adder-po7-7187a359bb,arithmetic,adder.aig,po,16,16,fixed-075-c00,0.75,12,4,4,9114564637592984109,"{""x0"":0,""x13"":0,""x14"":0,""x15"":0,""x2"":1,""x3"":1,""x4"":1,""x5"":1,""x6"":1,""x7"":0,""x8"":1,""x9"":1}",True,18495.0,18550.0,0.9970350404312669,73,73,74,74
epfl-arithmetic-adder-po7-7187a359bb,arithmetic,adder.aig,po,16,16,fixed-075-c01,0.75,12,4,4,4178787007536949099,"{""x0"":0,""x1"":1,""x10"":1,""x12"":1,""x2"":1,""x3"":0,""x4"":1,""x5"":0,""x6"":1,""x7"":0,""x8"":0,""x9"":0}",True,18260.0,18240.0,1.0010964912280702,73,73,74,74
epfl-arithmetic-adder-po7-7187a359bb,arithmetic,adder.aig,po,16,16,fixed-075-c02,0.75,12,4,4,18049770684118260231,"{""x0"":0,""x1"":1,""x11"":1,""x12"":1,""x13"":0,""x15"":0,""x2"":0,""x3"":0,""x4"":1,""x5"":0,""x7"":1,""x9"":0}",True,18165.0,17865.0,1.0167926112510495,73,73,74,74
epfl-arithmetic-adder-po7-7187a359bb,arithmetic,adder.aig,po,16,16,fixed-075-c03,0.75,12,4,4,10727627660631827904,"{""x0"":0,""x10"":0,""x11"":0,""x12"":0,""x13"":1,""x14"":1,""x15"":0,""x3"":0,""x4"":0,""x5"":1,""x6"":0,""x7"":1}",True,18355.0,18015.0,1.01887316125451,73,73,74,74
epfl-arithmetic-adder-internal23-c8f7e7c3d1,arithmetic,adder.aig,internal,8,8,fixed-000-c00,0.0,0,8,8,,{},True,26775.0,26870.0,0.9964644585039077,27,27,29,29
epfl-arithmetic-adder-internal23-c8f7e7c3d1,arithmetic,adder.aig,internal,8,8,fixed-025-c00,0.25,2,6,6,1081448803228340471,"{""x2"":1,""x7"":0}",True,30380.0,30420.0,0.9986850756081526,27,27,29,29
epfl-arithmetic-adder-internal23-c8f7e7c3d1,arithmetic,adder.aig,internal,8,8,fixed-025-c01,0.25,2,6,6,1738963721993078513,"{""x2"":0,""x4"":1}",True,30360.0,30300.0,1.001980198019802,27,27,29,29
epfl-arithmetic-adder-internal23-c8f7e7c3d1,arithmetic,adder.aig,internal,8,8,fixed-025-c02,0.25,2,6,6,6917724101921105255,"{""x0"":1,""x5"":1}",True,31100.0,31955.0,0.9732436238460335,27,27,29,29
epfl-arithmetic-adder-internal23-c8f7e7c3d1,arithmetic,adder.aig,internal,8,8,fixed-025-c03,0.25,2,6,6,8950225639245711394,"{""x1"":0,""x5"":0}",True,29995.0,30415.0,0.9861910241657077,27,27,29,29
epfl-arithmetic-adder-internal23-c8f7e7c3d1,arithmetic,adder.aig,internal,8,8,fixed-050-c00,0.5,4,4,4,7896441818074228282,"{""x0"":0,""x4"":1,""x6"":1,""x7"":1}",True,7375.0,7405.0,0.9959486833220796,27,27,29,29
epfl-arithmetic-adder-internal23-c8f7e7c3d1,arithmetic,adder.aig,internal,8,8,fixed-050-c01,0.5,4,4,4,14130233072691962020,"{""x1"":0,""x4"":1,""x6"":1,""x7"":1}",True,7375.0,7245.0,1.017943409247757,27,27,29,29
epfl-arithmetic-adder-internal23-c8f7e7c3d1,arithmetic,adder.aig,internal,8,8,fixed-050-c02,0.5,4,4,4,7286475715528128922,"{""x1"":0,""x2"":1,""x3"":1,""x4"":0}",True,7220.0,7660.0,0.9425587467362925,27,27,29,29
epfl-arithmetic-adder-internal23-c8f7e7c3d1,arithmetic,adder.aig,internal,8,8,fixed-050-c03,0.5,4,4,4,10231236906609116869,"{""x2"":1,""x3"":1,""x5"":1,""x6"":0}",True,7435.0,7910.0,0.9399494310998736,27,27,29,29
epfl-arithmetic-adder-internal23-c8f7e7c3d1,arithmetic,adder.aig,internal,8,8,fixed-075-c00,0.75,6,2,2,8539765894009558797,"{""x0"":0,""x1"":1,""x2"":1,""x3"":0,""x4"":0,""x7"":0}",True,7200.0,7080.0,1.0169491525423728,27,27,29,29
epfl-arithmetic-adder-internal23-c8f7e7c3d1,arithmetic,adder.aig,internal,8,8,fixed-075-c01,0.75,6,2,2,8940475142125578578,"{""x0"":1,""x1"":1,""x2"":0,""x3"":1,""x4"":0,""x6"":0}",True,7165.0,7145.0,1.0027991602519244,27,27,29,29
epfl-arithmetic-adder-internal23-c8f7e7c3d1,arithmetic,adder.aig,internal,8,8,fixed-075-c02,0.75,6,2,2,6352252707993393537,"{""x1"":1,""x2"":1,""x3"":1,""x5"":1,""x6"":1,""x7"":1}",True,7285.0,7300.0,0.9979452054794521,27,27,29,29
epfl-arithmetic-adder-internal23-c8f7e7c3d1,arithmetic,adder.aig,internal,8,8,fixed-075-c03,0.75,6,2,2,5312596549612348640,"{""x0"":1,""x1"":0,""x2"":1,""x3"":1,""x5"":1,""x7"":0}",True,7325.0,7350.0,0.9965986394557823,27,27,29,29
epfl-arithmetic-adder-internal59-0da2adafe4,arithmetic,adder.aig,internal,16,16,fixed-000-c00,0.0,0,16,16,,{},True,137515.0,122055.0,1.1266642087583467,69,69,70,70
epfl-arithmetic-adder-internal59-0da2adafe4,arithmetic,adder.aig,internal,16,16,fixed-025-c00,0.25,4,12,12,2274762476345344530,"{""x10"":1,""x11"":0,""x7"":0,""x8"":1}",True,67920.0,68385.0,0.9932002632156175,69,69,70,70
epfl-arithmetic-adder-internal59-0da2adafe4,arithmetic,adder.aig,internal,16,16,fixed-025-c01,0.25,4,12,12,12779776934155632403,"{""x11"":0,""x13"":0,""x14"":0,""x2"":1}",True,72485.0,69930.0,1.0365365365365364,69,69,70,70
epfl-arithmetic-adder-internal59-0da2adafe4,arithmetic,adder.aig,internal,16,16,fixed-025-c02,0.25,4,12,12,8415980035065547770,"{""x10"":0,""x11"":1,""x15"":0,""x4"":0}",True,71360.0,73010.0,0.9774003561156006,69,69,70,70
epfl-arithmetic-adder-internal59-0da2adafe4,arithmetic,adder.aig,internal,16,16,fixed-025-c03,0.25,4,12,12,8652548162996359110,"{""x0"":0,""x1"":1,""x12"":1,""x2"":1}",True,69120.0,69005.0,1.0016665459024707,69,69,70,70
epfl-arithmetic-adder-internal59-0da2adafe4,arithmetic,adder.aig,internal,16,16,fixed-050-c00,0.5,8,8,8,5085885399359769621,"{""x1"":0,""x15"":1,""x2"":1,""x3"":0,""x5"":0,""x7"":1,""x8"":0,""x9"":1}",True,68390.0,67875.0,1.0075874769797422,69,69,70,70
epfl-arithmetic-adder-internal59-0da2adafe4,arithmetic,adder.aig,internal,16,16,fixed-050-c01,0.5,8,8,8,8308812976388500014,"{""x0"":0,""x1"":1,""x10"":0,""x14"":1,""x2"":0,""x5"":0,""x6"":0,""x9"":1}",True,81300.0,74890.0,1.0855922018961144,69,69,70,70
epfl-arithmetic-adder-internal59-0da2adafe4,arithmetic,adder.aig,internal,16,16,fixed-050-c02,0.5,8,8,8,11174299272328974218,"{""x0"":0,""x10"":1,""x14"":1,""x2"":0,""x4"":1,""x5"":0,""x6"":1,""x8"":0}",True,71395.0,69185.0,1.0319433403194334,69,69,70,70
epfl-arithmetic-adder-internal59-0da2adafe4,arithmetic,adder.aig,internal,16,16,fixed-050-c03,0.5,8,8,8,4799017247698353223,"{""x11"":1,""x12"":1,""x13"":0,""x14"":1,""x2"":0,""x3"":1,""x5"":0,""x8"":0}",True,71260.0,71335.0,0.9989486226957314,69,69,70,70
epfl-arithmetic-adder-internal59-0da2adafe4,arithmetic,adder.aig,internal,16,16,fixed-075-c00,0.75,12,4,4,14270549567852962896,"{""x0"":1,""x10"":1,""x11"":0,""x12"":1,""x13"":1,""x14"":0,""x15"":0,""x2"":0,""x4"":0,""x5"":0,""x6"":0,""x8"":0}",True,18375.0,33650.0,0.5460624071322436,69,69,70,70
epfl-arithmetic-adder-internal59-0da2adafe4,arithmetic,adder.aig,internal,16,16,fixed-075-c01,0.75,12,4,4,10479480816093225877,"{""x0"":1,""x10"":1,""x11"":1,""x12"":1,""x13"":0,""x14"":1,""x2"":0,""x4"":1,""x5"":1,""x6"":0,""x8"":1,""x9"":1}",True,36095.0,35460.0,1.0179075014100394,69,69,70,70
epfl-arithmetic-adder-internal59-0da2adafe4,arithmetic,adder.aig,internal,16,16,fixed-075-c02,0.75,12,4,4,12273997745601137127,"{""x1"":0,""x10"":0,""x12"":1,""x14"":1,""x15"":1,""x2"":1,""x3"":1,""x4"":1,""x6"":1,""x7"":0,""x8"":0,""x9"":1}",True,18040.0,17880.0,1.0089485458612975,69,69,70,70
epfl-arithmetic-adder-internal59-0da2adafe4,arithmetic,adder.aig,internal,16,16,fixed-075-c03,0.75,12,4,4,2001949910397791554,"{""x0"":0,""x11"":1,""x12"":0,""x13"":1,""x14"":0,""x15"":1,""x2"":0,""x3"":0,""x4"":0,""x5"":1,""x6"":0,""x7"":1}",True,17940.0,17910.0,1.001675041876047,69,69,70,70
epfl-arithmetic-bar-internal12-c0943537bc,arithmetic,bar.aig,internal,8,8,fixed-000-c00,0.0,0,8,8,,{},True,21050.0,21035.0,1.0007130972189209,15,15,22,22
epfl-arithmetic-bar-internal12-c0943537bc,arithmetic,bar.aig,internal,8,8,fixed-025-c00,0.25,2,6,6,10896482933565025135,"{""x2"":0,""x7"":1}",True,27420.0,27320.0,1.0036603221083455,15,15,22,22
epfl-arithmetic-bar-internal12-c0943537bc,arithmetic,bar.aig,internal,8,8,fixed-025-c01,0.25,2,6,6,3674081337217998419,"{""x0"":0,""x2"":0}",True,27765.0,27830.0,0.9976643909450233,15,15,22,22
epfl-arithmetic-bar-internal12-c0943537bc,arithmetic,bar.aig,internal,8,8,fixed-025-c02,0.25,2,6,6,8116458216453631329,"{""x0"":0,""x3"":0}",True,27370.0,27580.0,0.9923857868020305,15,15,22,22
epfl-arithmetic-bar-internal12-c0943537bc,arithmetic,bar.aig,internal,8,8,fixed-025-c03,0.25,2,6,6,17564978748528342406,"{""x3"":0,""x7"":0}",True,27380.0,27275.0,1.0038496791934006,15,15,22,22
epfl-arithmetic-bar-internal12-c0943537bc,arithmetic,bar.aig,internal,8,8,fixed-050-c00,0.5,4,4,4,4866115374641355462,"{""x3"":0,""x5"":1,""x6"":1,""x7"":1}",True,5315.0,5325.0,0.9981220657276996,15,15,22,22
epfl-arithmetic-bar-internal12-c0943537bc,arithmetic,bar.aig,internal,8,8,fixed-050-c01,0.5,4,4,4,5194232578324416831,"{""x1"":1,""x2"":1,""x3"":1,""x5"":0}",True,5260.0,5300.0,0.9924528301886792,15,15,22,22
epfl-arithmetic-bar-internal12-c0943537bc,arithmetic,bar.aig,internal,8,8,fixed-050-c02,0.5,4,4,4,10061389888541189522,"{""x3"":1,""x4"":0,""x5"":1,""x7"":0}",True,5170.0,5190.0,0.9961464354527938,15,15,22,22
epfl-arithmetic-bar-internal12-c0943537bc,arithmetic,bar.aig,internal,8,8,fixed-050-c03,0.5,4,4,4,4169327383072941052,"{""x1"":0,""x3"":0,""x4"":1,""x7"":0}",True,5205.0,5180.0,1.0048262548262548,15,15,22,22
epfl-arithmetic-bar-internal12-c0943537bc,arithmetic,bar.aig,internal,8,8,fixed-075-c00,0.75,6,2,2,17951525091557113087,"{""x0"":1,""x2"":1,""x3"":0,""x5"":1,""x6"":1,""x7"":1}",True,5340.0,5330.0,1.00187617260788,15,15,22,22
epfl-arithmetic-bar-internal12-c0943537bc,arithmetic,bar.aig,internal,8,8,fixed-075-c01,0.75,6,2,2,15290442342068207322,"{""x1"":0,""x2"":1,""x3"":1,""x5"":1,""x6"":1,""x7"":1}",True,5425.0,5400.0,1.0046296296296295,15,15,22,22
epfl-arithmetic-bar-internal12-c0943537bc,arithmetic,bar.aig,internal,8,8,fixed-075-c02,0.75,6,2,2,681819592601620384,"{""x1"":1,""x2"":1,""x3"":0,""x5"":0,""x6"":0,""x7"":0}",True,5900.0,5555.0,1.0621062106210621,15,15,22,22
epfl-arithmetic-bar-internal12-c0943537bc,arithmetic,bar.aig,internal,8,8,fixed-075-c03,0.75,6,2,2,11533879391335385611,"{""x0"":1,""x1"":1,""x2"":0,""x3"":1,""x4"":1,""x6"":0}",True,5550.0,5545.0,1.000901713255185,15,15,22,22
epfl-arithmetic-bar-internal946-d4ec02cf11,arithmetic,bar.aig,internal,8,8,fixed-000-c00,0.0,0,8,8,,{},True,20435.0,20310.0,1.0061546036435254,14,14,21,21
epfl-arithmetic-bar-internal946-d4ec02cf11,arithmetic,bar.aig,internal,8,8,fixed-025-c00,0.25,2,6,6,4394699178927732131,"{""x3"":0,""x4"":1}",True,27900.0,27665.0,1.0084944876197361,14,14,21,21
epfl-arithmetic-bar-internal946-d4ec02cf11,arithmetic,bar.aig,internal,8,8,fixed-025-c01,0.25,2,6,6,55328130564883252,"{""x2"":0,""x3"":0}",True,45890.0,46415.0,0.9886890014004094,14,14,21,21
epfl-arithmetic-bar-internal946-d4ec02cf11,arithmetic,bar.aig,internal,8,8,fixed-025-c02,0.25,2,6,6,7417364375688362868,"{""x1"":0,""x4"":0}",True,29075.0,28770.0,1.0106013208202989,14,14,21,21
epfl-arithmetic-bar-internal946-d4ec02cf11,arithmetic,bar.aig,internal,8,8,fixed-025-c03,0.25,2,6,6,403315077635555762,"{""x5"":1,""x7"":0}",True,29420.0,29340.0,1.0027266530334016,14,14,21,21
epfl-arithmetic-bar-internal946-d4ec02cf11,arithmetic,bar.aig,internal,8,8,fixed-050-c00,0.5,4,4,4,2964127952200865075,"{""x0"":0,""x3"":1,""x4"":1,""x5"":0}",True,5490.0,5490.0,1.0,14,14,21,21
epfl-arithmetic-bar-internal946-d4ec02cf11,arithmetic,bar.aig,internal,8,8,fixed-050-c01,0.5,4,4,4,8699712350671638152,"{""x2"":1,""x3"":1,""x4"":1,""x7"":0}",True,5520.0,5595.0,0.9865951742627346,14,14,21,21
epfl-arithmetic-bar-internal946-d4ec02cf11,arithmetic,bar.aig,internal,8,8,fixed-050-c02,0.5,4,4,4,7525587439100224476,"{""x0"":0,""x1"":1,""x3"":1,""x7"":1}",True,5480.0,5500.0,0.9963636363636363,14,14,21,21
epfl-arithmetic-bar-internal946-d4ec02cf11,arithmetic,bar.aig,internal,8,8,fixed-050-c03,0.5,4,4,4,10849481832719895195,"{""x0"":0,""x2"":0,""x3"":1,""x6"":0}",True,5325.0,5365.0,0.9925442684063374,14,14,21,21
epfl-arithmetic-bar-internal946-d4ec02cf11,arithmetic,bar.aig,internal,8,8,fixed-075-c00,0.75,6,2,2,546508127871169516,"{""x0"":0,""x2"":1,""x3"":0,""x4"":1,""x5"":1,""x7"":0}",True,5310.0,5325.0,0.9971830985915493,14,14,21,21
epfl-arithmetic-bar-internal946-d4ec02cf11,arithmetic,bar.aig,internal,8,8,fixed-075-c01,0.75,6,2,2,12280470508122981377,"{""x0"":1,""x2"":0,""x3"":1,""x4"":0,""x6"":1,""x7"":1}",True,5375.0,5355.0,1.003734827264239,14,14,21,21
epfl-arithmetic-bar-internal946-d4ec02cf11,arithmetic,bar.aig,internal,8,8,fixed-075-c02,0.75,6,2,2,1812441191217587770,"{""x0"":1,""x1"":1,""x3"":1,""x5"":1,""x6"":0,""x7"":1}",True,5345.0,5355.0,0.9981325863678805,14,14,21,21
epfl-arithmetic-bar-internal946-d4ec02cf11,arithmetic,bar.aig,internal,8,8,fixed-075-c03,0.75,6,2,2,3513852723360707660,"{""x0"":1,""x1"":1,""x2"":1,""x3"":0,""x4"":0,""x7"":0}",True,5175.0,5205.0,0.9942363112391931,14,14,21,21
epfl-arithmetic-bar-internal1491-d851acd11c,arithmetic,bar.aig,internal,8,8,fixed-000-c00,0.0,0,8,8,,{},True,19255.0,19430.0,0.9909933093154915,13,13,20,20
epfl-arithmetic-bar-internal1491-d851acd11c,arithmetic,bar.aig,internal,8,8,fixed-025-c00,0.25,2,6,6,8705708127963448823,"{""x0"":1,""x6"":1}",True,25785.0,25825.0,0.9984511132623427,13,13,20,20
epfl-arithmetic-bar-internal1491-d851acd11c,arithmetic,bar.aig,internal,8,8,fixed-025-c01,0.25,2,6,6,12915069574511071166,"{""x3"":0,""x7"":0}",True,25710.0,26805.0,0.9591494124230554,13,13,20,20
epfl-arithmetic-bar-internal1491-d851acd11c,arithmetic,bar.aig,internal,8,8,fixed-025-c02,0.25,2,6,6,2390090217657468094,"{""x1"":0,""x5"":1}",True,26135.0,26075.0,1.002301054650048,13,13,20,20
epfl-arithmetic-bar-internal1491-d851acd11c,arithmetic,bar.aig,internal,8,8,fixed-025-c03,0.25,2,6,6,9679728427874617971,"{""x1"":1,""x7"":0}",True,42440.0,30800.0,1.377922077922078,13,13,20,20
epfl-arithmetic-bar-internal1491-d851acd11c,arithmetic,bar.aig,internal,8,8,fixed-050-c00,0.5,4,4,4,18053458210677967237,"{""x0"":0,""x2"":1,""x4"":1,""x7"":1}",True,9655.0,9720.0,0.9933127572016461,13,13,20,20
epfl-arithmetic-bar-internal1491-d851acd11c,arithmetic,bar.aig,internal,8,8,fixed-050-c01,0.5,4,4,4,3677074407970647945,"{""x0"":1,""x1"":1,""x5"":1,""x6"":0}",True,9435.0,9650.0,0.977720207253886,13,13,20,20
epfl-arithmetic-bar-internal1491-d851acd11c,arithmetic,bar.aig,internal,8,8,fixed-050-c02,0.5,4,4,4,11800501323843768003,"{""x0"":1,""x1"":0,""x2"":1,""x5"":1}",True,9315.0,9090.0,1.0247524752475248,13,13,20,20
epfl-arithmetic-bar-internal1491-d851acd11c,arithmetic,bar.aig,internal,8,8,fixed-050-c03,0.5,4,4,4,6582540245452100264,"{""x1"":0,""x2"":0,""x5"":1,""x7"":1}",True,9215.0,9265.0,0.9946033459255261,13,13,20,20
epfl-arithmetic-bar-internal1491-d851acd11c,arithmetic,bar.aig,internal,8,8,fixed-075-c00,0.75,6,2,2,6666741525195099323,"{""x0"":0,""x2"":0,""x3"":0,""x5"":1,""x6"":0,""x7"":1}",True,9145.0,9210.0,0.992942453854506,13,13,20,20
epfl-arithmetic-bar-internal1491-d851acd11c,arithmetic,bar.aig,internal,8,8,fixed-075-c01,0.75,6,2,2,11666888396934555315,"{""x2"":0,""x3"":1,""x4"":0,""x5"":0,""x6"":0,""x7"":0}",True,8990.0,9050.0,0.9933701657458563,13,13,20,20
epfl-arithmetic-bar-internal1491-d851acd11c,arithmetic,bar.aig,internal,8,8,fixed-075-c02,0.75,6,2,2,4708475454771682026,"{""x1"":0,""x2"":1,""x4"":0,""x5"":0,""x6"":1,""x7"":1}",True,9105.0,9110.0,0.9994511525795828,13,13,20,20
epfl-arithmetic-bar-internal1491-d851acd11c,arithmetic,bar.aig,internal,8,8,fixed-075-c03,0.75,6,2,2,9835932928806815790,"{""x0"":1,""x2"":1,""x3"":1,""x4"":0,""x5"":1,""x6"":0}",True,9160.0,9145.0,1.0016402405686167,13,13,20,20
epfl-arithmetic-bar-internal1655-92b9245782,arithmetic,bar.aig,internal,8,8,fixed-000-c00,0.0,0,8,8,,{},True,20765.0,18855.0,1.1012993900822063,14,14,21,21
epfl-arithmetic-bar-internal1655-92b9245782,arithmetic,bar.aig,internal,8,8,fixed-025-c00,0.25,2,6,6,16834058428309255881,"{""x3"":0,""x4"":0}",True,26810.0,26635.0,1.0065703022339028,14,14,21,21
epfl-arithmetic-bar-internal1655-92b9245782,arithmetic,bar.aig,internal,8,8,fixed-025-c01,0.25,2,6,6,4590967498427457587,"{""x0"":0,""x2"":0}",True,49575.0,34495.0,1.4371648064936948,14,14,21,21
epfl-arithmetic-bar-internal1655-92b9245782,arithmetic,bar.aig,internal,8,8,fixed-025-c02,0.25,2,6,6,15868376992616072439,"{""x1"":1,""x7"":0}",True,27420.0,27050.0,1.0136783733826247,14,14,21,21
epfl-arithmetic-bar-internal1655-92b9245782,arithmetic,bar.aig,internal,8,8,fixed-025-c03,0.25,2,6,6,10215286861685943765,"{""x4"":0,""x5"":0}",True,28590.0,27955.0,1.022715077803613,14,14,21,21
epfl-arithmetic-bar-internal1655-92b9245782,arithmetic,bar.aig,internal,8,8,fixed-050-c00,0.5,4,4,4,11400354521023208953,"{""x0"":1,""x2"":1,""x3"":0,""x5"":0}",True,5140.0,5130.0,1.0019493177387915,14,14,21,21
epfl-arithmetic-bar-internal1655-92b9245782,arithmetic,bar.aig,internal,8,8,fixed-050-c01,0.5,4,4,4,9397060666507638112,"{""x2"":0,""x3"":0,""x4"":0,""x5"":0}",True,4960.0,5125.0,0.9678048780487805,14,14,21,21
epfl-arithmetic-bar-internal1655-92b9245782,arithmetic,bar.aig,internal,8,8,fixed-050-c02,0.5,4,4,4,9486518245048882874,"{""x0"":1,""x1"":0,""x2"":0,""x4"":1}",True,5115.0,5160.0,0.9912790697674418,14,14,21,21
epfl-arithmetic-bar-internal1655-92b9245782,arithmetic,bar.aig,internal,8,8,fixed-050-c03,0.5,4,4,4,9714827289814052664,"{""x0"":1,""x2"":0,""x3"":1,""x6"":1}",True,5250.0,5285.0,0.9933774834437086,14,14,21,21
epfl-arithmetic-bar-internal1655-92b9245782,arithmetic,bar.aig,internal,8,8,fixed-075-c00,0.75,6,2,2,3211436359085785303,"{""x0"":1,""x1"":0,""x3"":0,""x4"":1,""x5"":0,""x7"":0}",True,5140.0,5160.0,0.9961240310077519,14,14,21,21
epfl-arithmetic-bar-internal1655-92b9245782,arithmetic,bar.aig,internal,8,8,fixed-075-c01,0.75,6,2,2,11782536925874081603,"{""x0"":1,""x1"":0,""x2"":0,""x3"":1,""x4"":1,""x5"":1}",True,6550.0,6105.0,1.072891072891073,14,14,21,21
epfl-arithmetic-bar-internal1655-92b9245782,arithmetic,bar.aig,internal,8,8,fixed-075-c02,0.75,6,2,2,17911814575716075777,"{""x0"":1,""x2"":0,""x3"":0,""x4"":1,""x5"":0,""x7"":0}",True,5170.0,5215.0,0.9913710450623202,14,14,21,21
epfl-arithmetic-bar-internal1655-92b9245782,arithmetic,bar.aig,internal,8,8,fixed-075-c03,0.75,6,2,2,13495337753447573818,"{""x0"":1,""x2"":1,""x3"":0,""x4"":0,""x5"":1,""x6"":1}",True,5380.0,5295.0,1.016052880075543,14,14,21,21
epfl-arithmetic-bar-internal2321-8f03a00382,arithmetic,bar.aig,internal,12,12,fixed-000-c00,0.0,0,12,12,,{},True,49675.0,44920.0,1.1058548530721282,28,28,42,42
epfl-arithmetic-bar-internal2321-8f03a00382,arithmetic,bar.aig,internal,12,12,fixed-025-c00,0.25,3,9,9,18394383701326277717,"{""x1"":1,""x11"":0,""x2"":0}",True,42805.0,43025.0,0.9948866937826845,28,28,42,42
epfl-arithmetic-bar-internal2321-8f03a00382,arithmetic,bar.aig,internal,12,12,fixed-025-c01,0.25,3,9,9,14789472282458842340,"{""x11"":0,""x3"":0,""x6"":0}",True,42060.0,48130.0,0.8738832329108664,28,28,42,42
epfl-arithmetic-bar-internal2321-8f03a00382,arithmetic,bar.aig,internal,12,12,fixed-025-c02,0.25,3,9,9,11564771583893543763,"{""x10"":0,""x5"":1,""x8"":1}",True,42625.0,42415.0,1.004951078627844,28,28,42,42
epfl-arithmetic-bar-internal2321-8f03a00382,arithmetic,bar.aig,internal,12,12,fixed-025-c03,0.25,3,9,9,17574456152962094803,"{""x0"":1,""x5"":0,""x6"":0}",True,42130.0,42130.0,1.0,28,28,42,42
epfl-arithmetic-bar-internal2321-8f03a00382,arithmetic,bar.aig,internal,12,12,fixed-050-c00,0.5,6,6,6,7467596171692183289,"{""x0"":1,""x11"":1,""x4"":0,""x5"":1,""x7"":1,""x9"":0}",True,54895.0,55190.0,0.9946548287733284,28,28,42,42
epfl-arithmetic-bar-internal2321-8f03a00382,arithmetic,bar.aig,internal,12,12,fixed-050-c01,0.5,6,6,6,16826424977017606717,"{""x0"":0,""x3"":0,""x4"":1,""x5"":0,""x7"":0,""x9"":1}",True,54880.0,54420.0,1.0084527747151781,28,28,42,42
epfl-arithmetic-bar-internal2321-8f03a00382,arithmetic,bar.aig,internal,12,12,fixed-050-c02,0.5,6,6,6,6746391605797369107,"{""x11"":1,""x5"":0,""x6"":0,""x7"":1,""x8"":1,""x9"":1}",True,56655.0,55545.0,1.0199837969214152,28,28,42,42
epfl-arithmetic-bar-internal2321-8f03a00382,arithmetic,bar.aig,internal,12,12,fixed-050-c03,0.5,6,6,6,9798449731012963025,"{""x10"":0,""x11"":0,""x2"":0,""x6"":1,""x8"":0,""x9"":0}",True,88555.0,88225.0,1.0037404363842448,28,28,42,42
epfl-arithmetic-bar-internal2321-8f03a00382,arithmetic,bar.aig,internal,12,12,fixed-075-c00,0.75,9,3,3,10699617319218465494,"{""x0"":1,""x1"":1,""x11"":0,""x2"":0,""x3"":0,""x5"":1,""x6"":0,""x7"":1,""x9"":1}",True,13755.0,13735.0,1.0014561339643246,28,28,42,42
epfl-arithmetic-bar-internal2321-8f03a00382,arithmetic,bar.aig,internal,12,12,fixed-075-c01,0.75,9,3,3,16239457699909805214,"{""x0"":1,""x10"":1,""x11"":1,""x2"":1,""x3"":0,""x4"":1,""x5"":0,""x8"":1,""x9"":1}",True,9015.0,10045.0,0.8974614235938277,28,28,42,42
epfl-arithmetic-bar-internal2321-8f03a00382,arithmetic,bar.aig,internal,12,12,fixed-075-c02,0.75,9,3,3,14893366633716234286,"{""x0"":0,""x1"":0,""x10"":1,""x2"":0,""x4"":0,""x5"":1,""x6"":1,""x7"":1,""x8"":1}",True,15680.0,15690.0,0.9993626513702996,28,28,42,42
epfl-arithmetic-bar-internal2321-8f03a00382,arithmetic,bar.aig,internal,12,12,fixed-075-c03,0.75,9,3,3,3105066466539606272,"{""x0"":0,""x1"":1,""x10"":1,""x2"":0,""x3"":0,""x4"":1,""x5"":1,""x6"":1,""x7"":0}",True,16065.0,15955.0,1.006894390473206,28,28,42,42
epfl-arithmetic-div-internal11-6e2b7582e6,arithmetic,div.aig,internal,8,8,fixed-000-c00,0.0,0,8,8,,{},True,22840.0,22900.0,0.9973799126637555,9,9,15,15
epfl-arithmetic-div-internal11-6e2b7582e6,arithmetic,div.aig,internal,8,8,fixed-025-c00,0.25,2,6,6,5677076937393589924,"{""x5"":0,""x6"":0}",True,36805.0,45505.0,0.8088122184375344,9,9,15,15
epfl-arithmetic-div-internal11-6e2b7582e6,arithmetic,div.aig,internal,8,8,fixed-025-c01,0.25,2,6,6,2307331965703857,"{""x3"":0,""x5"":1}",True,18620.0,18440.0,1.009761388286334,9,9,15,15
epfl-arithmetic-div-internal11-6e2b7582e6,arithmetic,div.aig,internal,8,8,fixed-025-c02,0.25,2,6,6,16264433084245781944,"{""x5"":0,""x6"":0}",True,18710.0,18865.0,0.991783726477604,9,9,15,15
epfl-arithmetic-div-internal11-6e2b7582e6,arithmetic,div.aig,internal,8,8,fixed-025-c03,0.25,2,6,6,12678732253559863641,"{""x2"":0,""x6"":0}",True,18810.0,18745.0,1.0034675913576954,9,9,15,15
epfl-arithmetic-div-internal11-6e2b7582e6,arithmetic,div.aig,internal,8,8,fixed-050-c00,0.5,4,4,4,1452413344907202709,"{""x0"":0,""x1"":1,""x3"":1,""x6"":0}",True,3850.0,3865.0,0.9961190168175937,9,9,15,15
epfl-arithmetic-div-internal11-6e2b7582e6,arithmetic,div.aig,internal,8,8,fixed-050-c01,0.5,4,4,4,15403448760833730616,"{""x1"":1,""x3"":0,""x5"":1,""x7"":0}",True,3885.0,3890.0,0.9987146529562982,9,9,15,15
epfl-arithmetic-div-internal11-6e2b7582e6,arithmetic,div.aig,internal,8,8,fixed-050-c02,0.5,4,4,4,14809154416072983419,"{""x0"":0,""x3"":0,""x5"":0,""x6"":0}",True,3805.0,3780.0,1.0066137566137565,9,9,15,15
epfl-arithmetic-div-internal11-6e2b7582e6,arithmetic,div.aig,internal,8,8,fixed-050-c03,0.5,4,4,4,4181664994962009604,"{""x2"":1,""x3"":1,""x4"":1,""x5"":1}",True,3910.0,3910.0,1.0,9,9,15,15
epfl-arithmetic-div-internal11-6e2b7582e6,arithmetic,div.aig,internal,8,8,fixed-075-c00,0.75,6,2,2,5866447160340116342,"{""x0"":1,""x1"":1,""x2"":0,""x4"":0,""x5"":1,""x6"":0}",True,3995.0,4000.0,0.99875,9,9,15,15
epfl-arithmetic-div-internal11-6e2b7582e6,arithmetic,div.aig,internal,8,8,fixed-075-c01,0.75,6,2,2,275008350304337282,"{""x0"":0,""x2"":0,""x3"":0,""x4"":0,""x5"":0,""x7"":1}",True,3815.0,3835.0,0.9947848761408083,9,9,15,15
epfl-arithmetic-div-internal11-6e2b7582e6,arithmetic,div.aig,internal,8,8,fixed-075-c02,0.75,6,2,2,12689504023062073119,"{""x0"":1,""x3"":0,""x4"":1,""x5"":0,""x6"":1,""x7"":0}",True,3990.0,4780.0,0.8347280334728033,9,9,15,15
epfl-arithmetic-div-internal11-6e2b7582e6,arithmetic,div.aig,internal,8,8,fixed-075-c03,0.75,6,2,2,14513937402855629419,"{""x0"":0,""x2"":1,""x3"":1,""x4"":0,""x6"":1,""x7"":0}",True,6945.0,7150.0,0.9713286713286713,9,9,15,15
epfl-arithmetic-div-internal205-17fa719fea,arithmetic,div.aig,internal,10,10,fixed-000-c00,0.0,0,10,10,,{},True,21730.0,21495.0,1.0109327750639683,16,16,23,23
epfl-arithmetic-div-internal205-17fa719fea,arithmetic,div.aig,internal,10,10,fixed-025-c00,0.25,2,8,8,10077713277938647701,"{""x1"":1,""x9"":1}",True,21530.0,21845.0,0.9855802243076219,16,16,23,23
epfl-arithmetic-div-internal205-17fa719fea,arithmetic,div.aig,internal,10,10,fixed-025-c01,0.25,2,8,8,14496712783148789654,"{""x0"":1,""x9"":0}",True,21260.0,21585.0,0.984943247625666,16,16,23,23
epfl-arithmetic-div-internal205-17fa719fea,arithmetic,div.aig,internal,10,10,fixed-025-c02,0.25,2,8,8,11863056191204438529,"{""x1"":0,""x4"":1}",True,21165.0,21910.0,0.9659972615244181,16,16,23,23
epfl-arithmetic-div-internal205-17fa719fea,arithmetic,div.aig,internal,10,10,fixed-025-c03,0.25,2,8,8,4024672587542006994,"{""x2"":0,""x6"":0}",True,33140.0,23120.0,1.4333910034602075,16,16,23,23
epfl-arithmetic-div-internal205-17fa719fea,arithmetic,div.aig,internal,10,10,fixed-050-c00,0.5,5,5,5,10438993447875064379,"{""x0"":1,""x1"":0,""x3"":1,""x5"":0,""x8"":1}",True,7710.0,7645.0,1.0085022890778286,16,16,23,23
epfl-arithmetic-div-internal205-17fa719fea,arithmetic,div.aig,internal,10,10,fixed-050-c01,0.5,5,5,5,1971249848523008354,"{""x0"":0,""x3"":1,""x6"":1,""x7"":0,""x9"":1}",True,6215.0,6250.0,0.9944,16,16,23,23
epfl-arithmetic-div-internal205-17fa719fea,arithmetic,div.aig,internal,10,10,fixed-050-c02,0.5,5,5,5,18222081017319230408,"{""x0"":0,""x2"":1,""x4"":1,""x5"":1,""x9"":1}",True,6280.0,6515.0,0.9639293937068304,16,16,23,23
epfl-arithmetic-div-internal205-17fa719fea,arithmetic,div.aig,internal,10,10,fixed-050-c03,0.5,5,5,5,13710199989145204824,"{""x1"":0,""x4"":0,""x6"":0,""x7"":1,""x9"":0}",True,6180.0,6160.0,1.0032467532467533,16,16,23,23
epfl-arithmetic-div-internal205-17fa719fea,arithmetic,div.aig,internal,10,10,fixed-075-c00,0.75,8,2,2,6145225492154372127,"{""x1"":0,""x2"":0,""x3"":0,""x4"":0,""x5"":1,""x6"":0,""x7"":0,""x9"":0}",True,5635.0,5580.0,1.0098566308243728,16,16,23,23
epfl-arithmetic-div-internal205-17fa719fea,arithmetic,div.aig,internal,10,10,fixed-075-c01,0.75,8,2,2,10573290279601804821,"{""x0"":0,""x3"":1,""x4"":1,""x5"":1,""x6"":0,""x7"":0,""x8"":0,""x9"":0}",True,5715.0,5715.0,1.0,16,16,23,23
epfl-arithmetic-div-internal205-17fa719fea,arithmetic,div.aig,internal,10,10,fixed-075-c02,0.75,8,2,2,15616906540563002448,"{""x0"":0,""x1"":0,""x2"":1,""x3"":0,""x4"":0,""x5"":0,""x7"":1,""x8"":0}",True,5895.0,5825.0,1.0120171673819742,16,16,23,23
epfl-arithmetic-div-internal205-17fa719fea,arithmetic,div.aig,internal,10,10,fixed-075-c03,0.75,8,2,2,2481361774553125699,"{""x0"":1,""x1"":0,""x2"":0,""x3"":1,""x4"":1,""x5"":0,""x7"":0,""x8"":0}",True,5835.0,5820.0,1.0025773195876289,16,16,23,23
epfl-arithmetic-div-internal2341-0bff27478a,arithmetic,div.aig,internal,8,8,fixed-000-c00,0.0,0,8,8,,{},True,12635.0,12800.0,0.987109375,8,8,14,14
epfl-arithmetic-div-internal2341-0bff27478a,arithmetic,div.aig,internal,8,8,fixed-025-c00,0.25,2,6,6,11946321239792924346,"{""x2"":1,""x4"":0}",True,19175.0,19855.0,0.965751699823722,8,8,14,14
epfl-arithmetic-div-internal2341-0bff27478a,arithmetic,div.aig,internal,8,8,fixed-025-c01,0.25,2,6,6,6893576254847723798,"{""x5"":0,""x7"":0}",True,19375.0,20000.0,0.96875,8,8,14,14
epfl-arithmetic-div-internal2341-0bff27478a,arithmetic,div.aig,internal,8,8,fixed-025-c02,0.25,2,6,6,16001861905385997707,"{""x0"":1,""x6"":0}",True,20180.0,21895.0,0.9216716145238639,8,8,14,14
epfl-arithmetic-div-internal2341-0bff27478a,arithmetic,div.aig,internal,8,8,fixed-025-c03,0.25,2,6,6,17847494058211231796,"{""x4"":0,""x7"":1}",True,19850.0,20480.0,0.96923828125,8,8,14,14
epfl-arithmetic-div-internal2341-0bff27478a,arithmetic,div.aig,internal,8,8,fixed-050-c00,0.5,4,4,4,12814863721601157604,"{""x2"":1,""x3"":0,""x5"":0,""x6"":1}",True,4135.0,4040.0,1.0235148514851484,8,8,14,14
epfl-arithmetic-div-internal2341-0bff27478a,arithmetic,div.aig,internal,8,8,fixed-050-c01,0.5,4,4,4,2656681068437011438,"{""x0"":0,""x2"":0,""x6"":1,""x7"":0}",True,4345.0,4275.0,1.016374269005848,8,8,14,14
epfl-arithmetic-div-internal2341-0bff27478a,arithmetic,div.aig,internal,8,8,fixed-050-c02,0.5,4,4,4,3305104828537728298,"{""x0"":0,""x3"":0,""x4"":0,""x5"":0}",True,7370.0,7510.0,0.9813581890812251,8,8,14,14
epfl-arithmetic-div-internal2341-0bff27478a,arithmetic,div.aig,internal,8,8,fixed-050-c03,0.5,4,4,4,13323322198441159123,"{""x0"":0,""x3"":0,""x5"":0,""x6"":0}",True,3920.0,3910.0,1.0025575447570332,8,8,14,14
epfl-arithmetic-div-internal2341-0bff27478a,arithmetic,div.aig,internal,8,8,fixed-075-c00,0.75,6,2,2,11735236212602949387,"{""x0"":1,""x1"":1,""x2"":0,""x3"":1,""x4"":0,""x6"":0}",True,4140.0,4090.0,1.0122249388753055,8,8,14,14
epfl-arithmetic-div-internal2341-0bff27478a,arithmetic,div.aig,internal,8,8,fixed-075-c01,0.75,6,2,2,11490051288762727650,"{""x0"":0,""x2"":0,""x3"":0,""x4"":1,""x6"":1,""x7"":0}",True,4055.0,4060.0,0.9987684729064039,8,8,14,14
epfl-arithmetic-div-internal2341-0bff27478a,arithmetic,div.aig,internal,8,8,fixed-075-c02,0.75,6,2,2,4783830553398084387,"{""x1"":1,""x3"":1,""x4"":0,""x5"":0,""x6"":0,""x7"":1}",True,4115.0,4055.0,1.0147965474722564,8,8,14,14
epfl-arithmetic-div-internal2341-0bff27478a,arithmetic,div.aig,internal,8,8,fixed-075-c03,0.75,6,2,2,1746952839428703543,"{""x0"":1,""x1"":0,""x2"":1,""x4"":1,""x5"":1,""x6"":1}",True,4155.0,4175.0,0.9952095808383233,8,8,14,14
epfl-arithmetic-div-internal10810-b1ae747db1,arithmetic,div.aig,internal,14,14,fixed-000-c00,0.0,0,14,14,,{},True,29355.0,28460.0,1.031447645818693,15,15,27,27
epfl-arithmetic-div-internal10810-b1ae747db1,arithmetic,div.aig,internal,14,14,fixed-025-c00,0.25,4,10,10,13147559729184006174,"{""x1"":1,""x12"":0,""x3"":0,""x7"":1}",True,24085.0,24065.0,1.0008310824849367,15,15,27,27
epfl-arithmetic-div-internal10810-b1ae747db1,arithmetic,div.aig,internal,14,14,fixed-025-c01,0.25,4,10,10,11670076233022306108,"{""x10"":0,""x11"":0,""x12"":0,""x5"":1}",True,24225.0,24370.0,0.9940500615510874,15,15,27,27
epfl-arithmetic-div-internal10810-b1ae747db1,arithmetic,div.aig,internal,14,14,fixed-025-c02,0.25,4,10,10,16113338152705826380,"{""x10"":1,""x11"":1,""x12"":1,""x2"":0}",True,24790.0,24805.0,0.9993952832090305,15,15,27,27
epfl-arithmetic-div-internal10810-b1ae747db1,arithmetic,div.aig,internal,14,14,fixed-025-c03,0.25,4,10,10,2154445289327028690,"{""x1"":0,""x4"":1,""x6"":0,""x8"":1}",True,25365.0,25300.0,1.0025691699604744,15,15,27,27
epfl-arithmetic-div-internal10810-b1ae747db1,arithmetic,div.aig,internal,14,14,fixed-050-c00,0.5,7,7,7,15696760256819028397,"{""x10"":0,""x11"":0,""x12"":1,""x13"":1,""x2"":0,""x3"":1,""x7"":1}",True,25325.0,26015.0,0.9734768402844513,15,15,27,27
epfl-arithmetic-div-internal10810-b1ae747db1,arithmetic,div.aig,internal,14,14,fixed-050-c01,0.5,7,7,7,12824302599793635859,"{""x0"":1,""x11"":1,""x2"":0,""x6"":1,""x7"":0,""x8"":1,""x9"":1}",True,25860.0,25835.0,1.0009676795045481,15,15,27,27
epfl-arithmetic-div-internal10810-b1ae747db1,arithmetic,div.aig,internal,14,14,fixed-050-c02,0.5,7,7,7,9731536283707647548,"{""x0"":1,""x1"":0,""x10"":1,""x12"":0,""x3"":1,""x6"":1,""x8"":0}",True,57865.0,57855.0,1.0001728459078731,15,15,27,27
epfl-arithmetic-div-internal10810-b1ae747db1,arithmetic,div.aig,internal,14,14,fixed-050-c03,0.5,7,7,7,16675482753266029707,"{""x10"":1,""x13"":1,""x3"":1,""x4"":1,""x6"":1,""x7"":1,""x8"":0}",True,25640.0,28615.0,0.896033548838022,15,15,27,27
epfl-arithmetic-div-internal10810-b1ae747db1,arithmetic,div.aig,internal,14,14,fixed-075-c00,0.75,10,4,4,10953411966959118439,"{""x0"":1,""x10"":0,""x11"":0,""x12"":1,""x2"":0,""x3"":1,""x4"":0,""x6"":1,""x7"":1,""x9"":1}",True,7155.0,7340.0,0.9747956403269755,15,15,27,27
epfl-arithmetic-div-internal10810-b1ae747db1,arithmetic,div.aig,internal,14,14,fixed-075-c01,0.75,10,4,4,13875834283786097579,"{""x0"":1,""x10"":0,""x11"":1,""x12"":0,""x2"":0,""x3"":0,""x4"":0,""x6"":0,""x7"":0,""x8"":0}",True,6820.0,6925.0,0.9848375451263538,15,15,27,27
epfl-arithmetic-div-internal10810-b1ae747db1,arithmetic,div.aig,internal,14,14,fixed-075-c02,0.75,10,4,4,15314963285151984987,"{""x1"":1,""x11"":1,""x12"":0,""x13"":1,""x2"":0,""x3"":0,""x5"":0,""x6"":1,""x7"":0,""x9"":1}",True,7095.0,7155.0,0.9916142557651991,15,15,27,27
epfl-arithmetic-div-internal10810-b1ae747db1,arithmetic,div.aig,internal,14,14,fixed-075-c03,0.75,10,4,4,11071311080197476843,"{""x1"":1,""x12"":0,""x13"":0,""x2"":0,""x3"":1,""x4"":1,""x5"":0,""x6"":1,""x7"":1,""x9"":1}",True,7220.0,7215.0,1.0006930006930006,15,15,27,27
epfl-arithmetic-div-internal28675-2e29c8b7fc,arithmetic,div.aig,internal,16,16,fixed-000-c00,0.0,0,16,16,,{},True,56090.0,57255.0,0.9796524321019998,16,16,30,30
epfl-arithmetic-div-internal28675-2e29c8b7fc,arithmetic,div.aig,internal,16,16,fixed-025-c00,0.25,4,12,12,17610939559046282234,"{""x1"":0,""x4"":1,""x6"":0,""x8"":1}",True,76165.0,45985.0,1.656300967706861,16,16,30,30
epfl-arithmetic-div-internal28675-2e29c8b7fc,arithmetic,div.aig,internal,16,16,fixed-025-c01,0.25,4,12,12,13065645498841143717,"{""x0"":0,""x10"":0,""x15"":0,""x2"":0}",True,74870.0,72490.0,1.0328321147744517,16,16,30,30
epfl-arithmetic-div-internal28675-2e29c8b7fc,arithmetic,div.aig,internal,16,16,fixed-025-c02,0.25,4,12,12,1419551635786160903,"{""x10"":1,""x12"":0,""x5"":1,""x8"":0}",True,31220.0,59750.0,0.522510460251046,16,16,30,30
epfl-arithmetic-div-internal28675-2e29c8b7fc,arithmetic,div.aig,internal,16,16,fixed-025-c03,0.25,4,12,12,8777442126414651751,"{""x14"":0,""x15"":1,""x2"":0,""x9"":0}",True,28630.0,29175.0,0.9813196229648672,16,16,30,30
epfl-arithmetic-div-internal28675-2e29c8b7fc,arithmetic,div.aig,internal,16,16,fixed-050-c00,0.5,8,8,8,4616138278804851218,"{""x0"":0,""x12"":1,""x13"":1,""x3"":0,""x4"":0,""x5"":1,""x7"":1,""x8"":1}",True,26705.0,28395.0,0.9404824793097376,16,16,30,30
epfl-arithmetic-div-internal28675-2e29c8b7fc,arithmetic,div.aig,internal,16,16,fixed-050-c01,0.5,8,8,8,18134493871431141590,"{""x0"":0,""x14"":0,""x2"":1,""x3"":1,""x4"":0,""x6"":1,""x8"":1,""x9"":0}",True,42185.0,41965.0,1.0052424639580604,16,16,30,30
epfl-arithmetic-div-internal28675-2e29c8b7fc,arithmetic,div.aig,internal,16,16,fixed-050-c02,0.5,8,8,8,9632712790147104181,"{""x10"":1,""x13"":0,""x14"":0,""x2"":1,""x4"":0,""x6"":1,""x8"":1,""x9"":1}",True,41425.0,41690.0,0.9936435596066203,16,16,30,30
epfl-arithmetic-div-internal28675-2e29c8b7fc,arithmetic,div.aig,internal,16,16,fixed-050-c03,0.5,8,8,8,14598537947027269687,"{""x1"":1,""x12"":0,""x14"":0,""x15"":0,""x2"":0,""x5"":0,""x8"":0,""x9"":0}",True,25165.0,25755.0,0.9770918268297418,16,16,30,30
epfl-arithmetic-div-internal28675-2e29c8b7fc,arithmetic,div.aig,internal,16,16,fixed-075-c00,0.75,12,4,4,11026124020169873384,"{""x1"":0,""x10"":1,""x12"":1,""x13"":1,""x14"":1,""x15"":0,""x2"":1,""x4"":1,""x5"":1,""x6"":0,""x7"":1,""x8"":1}",True,13715.0,13460.0,1.0189450222882614,16,16,30,30
epfl-arithmetic-div-internal28675-2e29c8b7fc,arithmetic,div.aig,internal,16,16,fixed-075-c01,0.75,12,4,4,2363388669787108932,"{""x10"":1,""x11"":0,""x12"":0,""x13"":0,""x14"":1,""x15"":0,""x2"":0,""x3"":1,""x4"":0,""x7"":0,""x8"":0,""x9"":1}",True,13140.0,10700.0,1.2280373831775702,16,16,30,30
epfl-arithmetic-div-internal28675-2e29c8b7fc,arithmetic,div.aig,internal,16,16,fixed-075-c02,0.75,12,4,4,12276384868094281786,"{""x1"":0,""x10"":1,""x11"":1,""x12"":1,""x13"":1,""x14"":0,""x2"":0,""x3"":0,""x4"":1,""x6"":1,""x7"":1,""x9"":0}",True,7545.0,7360.0,1.0251358695652173,16,16,30,30
epfl-arithmetic-div-internal28675-2e29c8b7fc,arithmetic,div.aig,internal,16,16,fixed-075-c03,0.75,12,4,4,16682540396742794622,"{""x0"":0,""x10"":1,""x11"":0,""x13"":1,""x14"":1,""x15"":0,""x3"":1,""x4"":0,""x5"":1,""x7"":1,""x8"":0,""x9"":0}",True,6930.0,7005.0,0.9892933618843683,16,16,30,30
epfl-arithmetic-hyp-internal65-be3998eac0,arithmetic,hyp.aig,internal,8,8,fixed-000-c00,0.0,0,8,8,,{},True,37925.0,35890.0,1.056701030927835,30,30,36,36
epfl-arithmetic-hyp-internal65-be3998eac0,arithmetic,hyp.aig,internal,8,8,fixed-025-c00,0.25,2,6,6,11478736792912274459,"{""x0"":0,""x1"":0}",True,42570.0,43380.0,0.9813278008298755,30,30,36,36
epfl-arithmetic-hyp-internal65-be3998eac0,arithmetic,hyp.aig,internal,8,8,fixed-025-c01,0.25,2,6,6,10002958837945239231,"{""x0"":0,""x7"":0}",True,42695.0,42420.0,1.0064827911362564,30,30,36,36
epfl-arithmetic-hyp-internal65-be3998eac0,arithmetic,hyp.aig,internal,8,8,fixed-025-c02,0.25,2,6,6,8602704367556290251,"{""x1"":1,""x4"":1}",True,46655.0,50205.0,0.92928991136341,30,30,36,36
epfl-arithmetic-hyp-internal65-be3998eac0,arithmetic,hyp.aig,internal,8,8,fixed-025-c03,0.25,2,6,6,10881957760907135671,"{""x2"":1,""x7"":1}",True,49180.0,48860.0,1.0065493246009005,30,30,36,36
epfl-arithmetic-hyp-internal65-be3998eac0,arithmetic,hyp.aig,internal,8,8,fixed-050-c00,0.5,4,4,4,2531124105270546841,"{""x2"":1,""x3"":0,""x5"":0,""x6"":1}",True,9680.0,9550.0,1.013612565445026,30,30,36,36
epfl-arithmetic-hyp-internal65-be3998eac0,arithmetic,hyp.aig,internal,8,8,fixed-050-c01,0.5,4,4,4,1757333261982935980,"{""x0"":1,""x1"":0,""x2"":1,""x3"":1}",True,14470.0,14765.0,0.9800203183203522,30,30,36,36
epfl-arithmetic-hyp-internal65-be3998eac0,arithmetic,hyp.aig,internal,8,8,fixed-050-c02,0.5,4,4,4,10444106012338681288,"{""x1"":0,""x2"":0,""x3"":0,""x5"":1}",True,14120.0,13865.0,1.0183916336098089,30,30,36,36
epfl-arithmetic-hyp-internal65-be3998eac0,arithmetic,hyp.aig,internal,8,8,fixed-050-c03,0.5,4,4,4,15859052192616825906,"{""x0"":0,""x2"":1,""x3"":0,""x7"":1}",True,9305.0,9225.0,1.0086720867208672,30,30,36,36
epfl-arithmetic-hyp-internal65-be3998eac0,arithmetic,hyp.aig,internal,8,8,fixed-075-c00,0.75,6,2,2,3680792798272493906,"{""x1"":0,""x2"":1,""x3"":0,""x4"":1,""x6"":1,""x7"":1}",True,8940.0,8940.0,1.0,30,30,36,36
epfl-arithmetic-hyp-internal65-be3998eac0,arithmetic,hyp.aig,internal,8,8,fixed-075-c01,0.75,6,2,2,1233744551213602123,"{""x0"":1,""x1"":0,""x2"":0,""x3"":0,""x4"":0,""x7"":0}",True,8620.0,8640.0,0.9976851851851852,30,30,36,36
epfl-arithmetic-hyp-internal65-be3998eac0,arithmetic,hyp.aig,internal,8,8,fixed-075-c02,0.75,6,2,2,9629849163615732387,"{""x0"":0,""x1"":1,""x2"":0,""x4"":0,""x6"":1,""x7"":1}",True,9890.0,9890.0,1.0,30,30,36,36
epfl-arithmetic-hyp-internal65-be3998eac0,arithmetic,hyp.aig,internal,8,8,fixed-075-c03,0.75,6,2,2,3416642241839746499,"{""x0"":1,""x1"":0,""x4"":1,""x5"":0,""x6"":0,""x7"":0}",True,8690.0,8660.0,1.0034642032332564,30,30,36,36
epfl-arithmetic-hyp-internal17666-fd54aaf9b3,arithmetic,hyp.aig,internal,12,12,fixed-000-c00,0.0,0,12,12,,{},True,49685.0,49285.0,1.0081160596530385,41,41,46,46
epfl-arithmetic-hyp-internal17666-fd54aaf9b3,arithmetic,hyp.aig,internal,12,12,fixed-025-c00,0.25,3,9,9,16263762804932061867,"{""x1"":0,""x3"":0,""x8"":1}",True,48685.0,48445.0,1.0049540716276189,41,41,46,46
epfl-arithmetic-hyp-internal17666-fd54aaf9b3,arithmetic,hyp.aig,internal,12,12,fixed-025-c01,0.25,3,9,9,14284387932330586776,"{""x10"":1,""x3"":0,""x4"":0}",True,60495.0,54570.0,1.1085761407366685,41,41,46,46
epfl-arithmetic-hyp-internal17666-fd54aaf9b3,arithmetic,hyp.aig,internal,12,12,fixed-025-c02,0.25,3,9,9,11469297951714502545,"{""x0"":1,""x11"":1,""x2"":0}",True,47180.0,47110.0,1.0014858841010401,41,41,46,46
epfl-arithmetic-hyp-internal17666-fd54aaf9b3,arithmetic,hyp.aig,internal,12,12,fixed-025-c03,0.25,3,9,9,15905158679864721838,"{""x1"":0,""x7"":0,""x8"":0}",True,47110.0,47605.0,0.9896019325701082,41,41,46,46
epfl-arithmetic-hyp-internal17666-fd54aaf9b3,arithmetic,hyp.aig,internal,12,12,fixed-050-c00,0.5,6,6,6,2741499699007465664,"{""x0"":1,""x10"":1,""x3"":1,""x4"":0,""x5"":1,""x6"":0}",True,53405.0,55005.0,0.9709117352967912,41,41,46,46
epfl-arithmetic-hyp-internal17666-fd54aaf9b3,arithmetic,hyp.aig,internal,12,12,fixed-050-c01,0.5,6,6,6,3641915094127377283,"{""x10"":0,""x11"":0,""x2"":1,""x5"":1,""x8"":1,""x9"":1}",True,53095.0,54365.0,0.9766393819553021,41,41,46,46
epfl-arithmetic-hyp-internal17666-fd54aaf9b3,arithmetic,hyp.aig,internal,12,12,fixed-050-c02,0.5,6,6,6,18207158225266714094,"{""x10"":1,""x2"":0,""x3"":0,""x4"":0,""x7"":0,""x8"":0}",True,51155.0,50415.0,1.0146781711792126,41,41,46,46
epfl-arithmetic-hyp-internal17666-fd54aaf9b3,arithmetic,hyp.aig,internal,12,12,fixed-050-c03,0.5,6,6,6,15968783289680176535,"{""x0"":0,""x10"":0,""x2"":1,""x4"":1,""x6"":1,""x7"":0}",True,77390.0,77460.0,0.9990963077717532,41,41,46,46
epfl-arithmetic-hyp-internal17666-fd54aaf9b3,arithmetic,hyp.aig,internal,12,12,fixed-075-c00,0.75,9,3,3,7409016349708566095,"{""x1"":1,""x10"":1,""x11"":1,""x2"":0,""x3"":0,""x4"":0,""x5"":0,""x6"":0,""x9"":1}",True,20555.0,20955.0,0.9809114769744691,41,41,46,46
epfl-arithmetic-hyp-internal17666-fd54aaf9b3,arithmetic,hyp.aig,internal,12,12,fixed-075-c01,0.75,9,3,3,16198638857252819829,"{""x0"":0,""x10"":1,""x11"":1,""x3"":0,""x4"":1,""x5"":1,""x6"":1,""x7"":0,""x9"":0}",True,20135.0,20630.0,0.9760058167716917,41,41,46,46
epfl-arithmetic-hyp-internal17666-fd54aaf9b3,arithmetic,hyp.aig,internal,12,12,fixed-075-c02,0.75,9,3,3,12426926699391574159,"{""x0"":0,""x1"":0,""x10"":0,""x11"":0,""x2"":1,""x3"":0,""x5"":1,""x7"":1,""x9"":0}",True,15170.0,15565.0,0.974622550594282,41,41,46,46
epfl-arithmetic-hyp-internal17666-fd54aaf9b3,arithmetic,hyp.aig,internal,12,12,fixed-075-c03,0.75,9,3,3,11697345325309343242,"{""x1"":1,""x11"":1,""x2"":1,""x3"":1,""x4"":0,""x5"":1,""x6"":1,""x7"":0,""x8"":0}",True,10825.0,10700.0,1.0116822429906542,41,41,46,46
epfl-arithmetic-hyp-internal39470-7af4a2b5bd,arithmetic,hyp.aig,internal,12,12,fixed-000-c00,0.0,0,12,12,,{},True,29070.0,29200.0,0.9955479452054794,21,21,29,29
epfl-arithmetic-hyp-internal39470-7af4a2b5bd,arithmetic,hyp.aig,internal,12,12,fixed-025-c00,0.25,3,9,9,3896258581136907864,"{""x0"":1,""x2"":1,""x8"":0}",True,30545.0,32135.0,0.9505212385249727,21,21,29,29
epfl-arithmetic-hyp-internal39470-7af4a2b5bd,arithmetic,hyp.aig,internal,12,12,fixed-025-c01,0.25,3,9,9,671245235919341439,"{""x11"":1,""x6"":1,""x8"":1}",True,29975.0,30050.0,0.997504159733777,21,21,29,29
epfl-arithmetic-hyp-internal39470-7af4a2b5bd,arithmetic,hyp.aig,internal,12,12,fixed-025-c02,0.25,3,9,9,17210396736358553574,"{""x4"":0,""x6"":1,""x7"":0}",True,74995.0,71740.0,1.0453721773069418,21,21,29,29
epfl-arithmetic-hyp-internal39470-7af4a2b5bd,arithmetic,hyp.aig,internal,12,12,fixed-025-c03,0.25,3,9,9,6751096727376421185,"{""x1"":1,""x2"":0,""x8"":0}",True,29570.0,29630.0,0.9979750253121836,21,21,29,29
epfl-arithmetic-hyp-internal39470-7af4a2b5bd,arithmetic,hyp.aig,internal,12,12,fixed-050-c00,0.5,6,6,6,2121009233565741091,"{""x0"":1,""x11"":1,""x2"":0,""x3"":0,""x6"":0,""x8"":1}",True,39670.0,38755.0,1.023609856792672,21,21,29,29
epfl-arithmetic-hyp-internal39470-7af4a2b5bd,arithmetic,hyp.aig,internal,12,12,fixed-050-c01,0.5,6,6,6,7721799646641769038,"{""x1"":0,""x2"":1,""x3"":1,""x4"":0,""x6"":0,""x8"":0}",True,38035.0,38185.0,0.9960717559251014,21,21,29,29
epfl-arithmetic-hyp-internal39470-7af4a2b5bd,arithmetic,hyp.aig,internal,12,12,fixed-050-c02,0.5,6,6,6,14689177714165600925,"{""x0"":0,""x10"":0,""x11"":1,""x4"":1,""x6"":0,""x9"":0}",True,60565.0,61320.0,0.9876875407697325,21,21,29,29
epfl-arithmetic-hyp-internal39470-7af4a2b5bd,arithmetic,hyp.aig,internal,12,12,fixed-050-c03,0.5,6,6,6,3414254902341314006,"{""x0"":1,""x1"":1,""x11"":0,""x3"":1,""x4"":0,""x9"":1}",True,92510.0,91850.0,1.007185628742515,21,21,29,29
epfl-arithmetic-hyp-internal39470-7af4a2b5bd,arithmetic,hyp.aig,internal,12,12,fixed-075-c00,0.75,9,3,3,2772106402086494747,"{""x0"":0,""x1"":0,""x11"":0,""x2"":0,""x3"":1,""x4"":1,""x7"":0,""x8"":0,""x9"":0}",True,6700.0,6805.0,0.9845701689933872,21,21,29,29
epfl-arithmetic-hyp-internal39470-7af4a2b5bd,arithmetic,hyp.aig,internal,12,12,fixed-075-c01,0.75,9,3,3,15994136874765807761,"{""x1"":1,""x10"":0,""x11"":1,""x3"":1,""x5"":0,""x6"":1,""x7"":1,""x8"":1,""x9"":1}",True,7090.0,7140.0,0.9929971988795518,21,21,29,29
epfl-arithmetic-hyp-internal39470-7af4a2b5bd,arithmetic,hyp.aig,internal,12,12,fixed-075-c02,0.75,9,3,3,24712409564246940,"{""x0"":1,""x10"":1,""x11"":1,""x2"":0,""x3"":0,""x4"":1,""x5"":1,""x6"":0,""x9"":0}",True,7040.0,6955.0,1.0122214234363767,21,21,29,29
epfl-arithmetic-hyp-internal39470-7af4a2b5bd,arithmetic,hyp.aig,internal,12,12,fixed-075-c03,0.75,9,3,3,8544460093605719637,"{""x0"":1,""x10"":0,""x11"":1,""x2"":0,""x3"":1,""x4"":0,""x6"":1,""x7"":0,""x8"":0}",True,7090.0,8055.0,0.8801986343885785,21,21,29,29
epfl-arithmetic-hyp-internal60556-85a8c283b2,arithmetic,hyp.aig,internal,12,12,fixed-000-c00,0.0,0,12,12,,{},True,57410.0,55635.0,1.03190437674126,29,29,35,35
epfl-arithmetic-hyp-internal60556-85a8c283b2,arithmetic,hyp.aig,internal,12,12,fixed-025-c00,0.25,3,9,9,1421563145800974296,"{""x0"":1,""x2"":0,""x8"":0}",True,54660.0,55190.0,0.9903968110164885,29,29,35,35
epfl-arithmetic-hyp-internal60556-85a8c283b2,arithmetic,hyp.aig,internal,12,12,fixed-025-c01,0.25,3,9,9,13900680620467090949,"{""x10"":1,""x11"":0,""x5"":1}",True,35590.0,35625.0,0.9990175438596491,29,29,35,35
epfl-arithmetic-hyp-internal60556-85a8c283b2,arithmetic,hyp.aig,internal,12,12,fixed-025-c02,0.25,3,9,9,12614146620903122633,"{""x10"":0,""x2"":0,""x4"":1}",True,35780.0,38390.0,0.932013545194061,29,29,35,35
epfl-arithmetic-hyp-internal60556-85a8c283b2,arithmetic,hyp.aig,internal,12,12,fixed-025-c03,0.25,3,9,9,13740155757060727224,"{""x4"":0,""x6"":1,""x7"":0}",True,36855.0,37790.0,0.9752580047631648,29,29,35,35
epfl-arithmetic-hyp-internal60556-85a8c283b2,arithmetic,hyp.aig,internal,12,12,fixed-050-c00,0.5,6,6,6,10265630314667975142,"{""x1"":0,""x11"":1,""x4"":0,""x5"":1,""x7"":1,""x8"":0}",True,69980.0,70295.0,0.995518884700192,29,29,35,35
epfl-arithmetic-hyp-internal60556-85a8c283b2,arithmetic,hyp.aig,internal,12,12,fixed-050-c01,0.5,6,6,6,16870758065831420485,"{""x0"":1,""x11"":1,""x2"":1,""x4"":1,""x6"":1,""x8"":0}",True,42550.0,42210.0,1.0080549632788438,29,29,35,35
epfl-arithmetic-hyp-internal60556-85a8c283b2,arithmetic,hyp.aig,internal,12,12,fixed-050-c02,0.5,6,6,6,2143440824276731636,"{""x0"":0,""x1"":1,""x10"":1,""x5"":0,""x6"":1,""x7"":1}",True,42605.0,43315.0,0.9836084497287314,29,29,35,35
epfl-arithmetic-hyp-internal60556-85a8c283b2,arithmetic,hyp.aig,internal,12,12,fixed-050-c03,0.5,6,6,6,3890133787061145765,"{""x10"":0,""x11"":0,""x4"":1,""x5"":1,""x8"":1,""x9"":1}",True,43660.0,42150.0,1.0358244365361804,29,29,35,35
epfl-arithmetic-hyp-internal60556-85a8c283b2,arithmetic,hyp.aig,internal,12,12,fixed-075-c00,0.75,9,3,3,7562857572709145920,"{""x0"":1,""x10"":0,""x2"":1,""x3"":1,""x5"":0,""x6"":0,""x7"":0,""x8"":1,""x9"":0}",True,8570.0,8690.0,0.9861910241657077,29,29,35,35
epfl-arithmetic-hyp-internal60556-85a8c283b2,arithmetic,hyp.aig,internal,12,12,fixed-075-c01,0.75,9,3,3,13586810187436722455,"{""x0"":1,""x10"":1,""x11"":1,""x3"":1,""x4"":1,""x5"":1,""x6"":1,""x8"":1,""x9"":0}",True,8785.0,8885.0,0.9887450759707372,29,29,35,35
epfl-arithmetic-hyp-internal60556-85a8c283b2,arithmetic,hyp.aig,internal,12,12,fixed-075-c02,0.75,9,3,3,10054098575078755031,"{""x0"":1,""x1"":1,""x10"":1,""x11"":0,""x2"":0,""x5"":0,""x6"":0,""x8"":1,""x9"":1}",True,8915.0,8750.0,1.018857142857143,29,29,35,35
epfl-arithmetic-hyp-internal60556-85a8c283b2,arithmetic,hyp.aig,internal,12,12,fixed-075-c03,0.75,9,3,3,7535259230482573675,"{""x10"":1,""x11"":1,""x2"":1,""x3"":1,""x4"":1,""x5"":0,""x6"":0,""x7"":0,""x8"":1}",True,15780.0,15950.0,0.9893416927899686,29,29,35,35
epfl-arithmetic-hyp-internal76240-1bc3a2623d,arithmetic,hyp.aig,internal,12,12,fixed-000-c00,0.0,0,12,12,,{},True,49560.0,57865.0,0.8564762809988767,41,41,45,45
epfl-arithmetic-hyp-internal76240-1bc3a2623d,arithmetic,hyp.aig,internal,12,12,fixed-025-c00,0.25,3,9,9,13022793805325261015,"{""x4"":1,""x8"":0,""x9"":0}",True,46415.0,46720.0,0.9934717465753424,41,41,45,45
epfl-arithmetic-hyp-internal76240-1bc3a2623d,arithmetic,hyp.aig,internal,12,12,fixed-025-c01,0.25,3,9,9,4002625737930996305,"{""x1"":1,""x4"":1,""x9"":0}",True,46880.0,46915.0,0.9992539699456464,41,41,45,45
epfl-arithmetic-hyp-internal76240-1bc3a2623d,arithmetic,hyp.aig,internal,12,12,fixed-025-c02,0.25,3,9,9,14604550282999563911,"{""x0"":0,""x11"":0,""x4"":1}",True,71930.0,71155.0,1.010891715269482,41,41,45,45
epfl-arithmetic-hyp-internal76240-1bc3a2623d,arithmetic,hyp.aig,internal,12,12,fixed-025-c03,0.25,3,9,9,2066044263991345174,"{""x0"":1,""x6"":0,""x8"":0}",True,45075.0,44105.0,1.0219929713184446,41,41,45,45
epfl-arithmetic-hyp-internal76240-1bc3a2623d,arithmetic,hyp.aig,internal,12,12,fixed-050-c00,0.5,6,6,6,259974452815324751,"{""x1"":1,""x2"":1,""x3"":1,""x4"":1,""x5"":1,""x7"":0}",True,48685.0,48855.0,0.9965203152185037,41,41,45,45
epfl-arithmetic-hyp-internal76240-1bc3a2623d,arithmetic,hyp.aig,internal,12,12,fixed-050-c01,0.5,6,6,6,5581463420042154076,"{""x0"":1,""x11"":0,""x4"":1,""x5"":1,""x7"":0,""x9"":0}",True,49315.0,50110.0,0.9841349032129315,41,41,45,45
epfl-arithmetic-hyp-internal76240-1bc3a2623d,arithmetic,hyp.aig,internal,12,12,fixed-050-c02,0.5,6,6,6,7530441400203270259,"{""x10"":1,""x11"":0,""x5"":1,""x6"":1,""x7"":0,""x9"":1}",True,76930.0,76245.0,1.008984195684963,41,41,45,45
epfl-arithmetic-hyp-internal76240-1bc3a2623d,arithmetic,hyp.aig,internal,12,12,fixed-050-c03,0.5,6,6,6,17868223806309192574,"{""x0"":1,""x1"":0,""x4"":1,""x6"":0,""x8"":1,""x9"":0}",True,75840.0,76585.0,0.9902722465234707,41,41,45,45
epfl-arithmetic-hyp-internal76240-1bc3a2623d,arithmetic,hyp.aig,internal,12,12,fixed-075-c00,0.75,9,3,3,889568348946036574,"{""x0"":1,""x10"":0,""x11"":1,""x2"":0,""x3"":1,""x4"":1,""x5"":1,""x8"":0,""x9"":1}",True,11455.0,11060.0,1.0357142857142858,41,41,45,45
epfl-arithmetic-hyp-internal76240-1bc3a2623d,arithmetic,hyp.aig,internal,12,12,fixed-075-c01,0.75,9,3,3,5998687190899012183,"{""x0"":0,""x1"":0,""x10"":1,""x11"":1,""x3"":0,""x5"":0,""x7"":0,""x8"":1,""x9"":0}",True,10825.0,10750.0,1.0069767441860464,41,41,45,45
epfl-arithmetic-hyp-internal76240-1bc3a2623d,arithmetic,hyp.aig,internal,12,12,fixed-075-c02,0.75,9,3,3,5605370273105022682,"{""x10"":0,""x11"":0,""x2"":1,""x3"":0,""x4"":0,""x6"":1,""x7"":0,""x8"":1,""x9"":0}",True,10915.0,11000.0,0.9922727272727273,41,41,45,45
epfl-arithmetic-hyp-internal76240-1bc3a2623d,arithmetic,hyp.aig,internal,12,12,fixed-075-c03,0.75,9,3,3,10026028765199845438,"{""x0"":0,""x1"":1,""x11"":0,""x3"":0,""x4"":0,""x5"":0,""x6"":0,""x7"":0,""x9"":1}",True,11190.0,11260.0,0.9937833037300178,41,41,45,45
epfl-arithmetic-hyp-internal97454-29cafc7bc4,arithmetic,hyp.aig,internal,10,10,fixed-000-c00,0.0,0,10,10,,{},True,27625.0,27680.0,0.9980130057803468,21,21,27,27
epfl-arithmetic-hyp-internal97454-29cafc7bc4,arithmetic,hyp.aig,internal,10,10,fixed-025-c00,0.25,2,8,8,18288823990050080713,"{""x3"":1,""x5"":0}",True,29680.0,29725.0,0.9984861227922625,21,21,27,27
epfl-arithmetic-hyp-internal97454-29cafc7bc4,arithmetic,hyp.aig,internal,10,10,fixed-025-c01,0.25,2,8,8,9953676605954353504,"{""x2"":0,""x3"":1}",True,29030.0,29005.0,1.000861920358559,21,21,27,27
epfl-arithmetic-hyp-internal97454-29cafc7bc4,arithmetic,hyp.aig,internal,10,10,fixed-025-c02,0.25,2,8,8,1621214619872752220,"{""x2"":1,""x8"":0}",True,30090.0,29615.0,1.0160391693398616,21,21,27,27
epfl-arithmetic-hyp-internal97454-29cafc7bc4,arithmetic,hyp.aig,internal,10,10,fixed-025-c03,0.25,2,8,8,10292271160071006045,"{""x3"":1,""x8"":1}",True,28780.0,28500.0,1.0098245614035088,21,21,27,27
epfl-arithmetic-hyp-internal97454-29cafc7bc4,arithmetic,hyp.aig,internal,10,10,fixed-050-c00,0.5,5,5,5,10463055740534892630,"{""x1"":1,""x2"":0,""x3"":1,""x6"":1,""x7"":1}",True,7670.0,7750.0,0.9896774193548387,21,21,27,27
epfl-arithmetic-hyp-internal97454-29cafc7bc4,arithmetic,hyp.aig,internal,10,10,fixed-050-c01,0.5,5,5,5,4614641574059389535,"{""x2"":1,""x3"":0,""x4"":0,""x8"":0,""x9"":0}",True,7390.0,8025.0,0.9208722741433022,21,21,27,27
epfl-arithmetic-hyp-internal97454-29cafc7bc4,arithmetic,hyp.aig,internal,10,10,fixed-050-c02,0.5,5,5,5,776883016377730859,"{""x0"":1,""x2"":0,""x3"":1,""x4"":1,""x9"":1}",True,8505.0,8720.0,0.9753440366972477,21,21,27,27
epfl-arithmetic-hyp-internal97454-29cafc7bc4,arithmetic,hyp.aig,internal,10,10,fixed-050-c03,0.5,5,5,5,4568535539747619434,"{""x1"":0,""x3"":1,""x4"":1,""x7"":1,""x9"":1}",True,8300.0,7745.0,1.0716591349257585,21,21,27,27
epfl-arithmetic-hyp-internal97454-29cafc7bc4,arithmetic,hyp.aig,internal,10,10,fixed-075-c00,0.75,8,2,2,912870438953677110,"{""x0"":0,""x1"":1,""x3"":0,""x4"":0,""x5"":1,""x6"":1,""x8"":1,""x9"":0}",True,7010.0,7090.0,0.9887165021156559,21,21,27,27
epfl-arithmetic-hyp-internal97454-29cafc7bc4,arithmetic,hyp.aig,internal,10,10,fixed-075-c01,0.75,8,2,2,16088232072126804149,"{""x0"":0,""x2"":0,""x4"":0,""x5"":0,""x6"":0,""x7"":1,""x8"":1,""x9"":0}",True,6805.0,6845.0,0.9941563184806428,21,21,27,27
epfl-arithmetic-hyp-internal97454-29cafc7bc4,arithmetic,hyp.aig,internal,10,10,fixed-075-c02,0.75,8,2,2,2491686850524808048,"{""x0"":1,""x1"":1,""x2"":1,""x3"":1,""x4"":1,""x5"":1,""x6"":1,""x7"":1}",True,7120.0,7130.0,0.9985974754558204,21,21,27,27
epfl-arithmetic-hyp-internal97454-29cafc7bc4,arithmetic,hyp.aig,internal,10,10,fixed-075-c03,0.75,8,2,2,17079771265659246068,"{""x0"":1,""x1"":0,""x2"":1,""x3"":1,""x5"":0,""x6"":1,""x8"":0,""x9"":1}",True,6940.0,6945.0,0.9992800575953924,21,21,27,27
epfl-arithmetic-hyp-internal119304-16daab6b7b,arithmetic,hyp.aig,internal,12,12,fixed-000-c00,0.0,0,12,12,,{},True,46070.0,45805.0,1.0057853946075757,39,39,45,45
epfl-arithmetic-hyp-internal119304-16daab6b7b,arithmetic,hyp.aig,internal,12,12,fixed-025-c00,0.25,3,9,9,1770378056989918913,"{""x11"":1,""x5"":1,""x7"":0}",True,71615.0,71580.0,1.000488963397597,39,39,45,45
epfl-arithmetic-hyp-internal119304-16daab6b7b,arithmetic,hyp.aig,internal,12,12,fixed-025-c01,0.25,3,9,9,495548667357696593,"{""x11"":0,""x2"":0,""x6"":1}",True,74105.0,72915.0,1.016320373037098,39,39,45,45
epfl-arithmetic-hyp-internal119304-16daab6b7b,arithmetic,hyp.aig,internal,12,12,fixed-025-c02,0.25,3,9,9,2117497858929433448,"{""x0"":0,""x3"":0,""x7"":1}",True,73070.0,71280.0,1.0251122334455667,39,39,45,45
epfl-arithmetic-hyp-internal119304-16daab6b7b,arithmetic,hyp.aig,internal,12,12,fixed-025-c03,0.25,3,9,9,10651533130170224033,"{""x0"":0,""x4"":0,""x6"":1}",True,71430.0,70925.0,1.0071201973916108,39,39,45,45
epfl-arithmetic-hyp-internal119304-16daab6b7b,arithmetic,hyp.aig,internal,12,12,fixed-050-c00,0.5,6,6,6,10597266296975981988,"{""x0"":1,""x10"":1,""x2"":0,""x4"":1,""x7"":0,""x8"":0}",True,58180.0,56790.0,1.024476140165522,39,39,45,45
epfl-arithmetic-hyp-internal119304-16daab6b7b,arithmetic,hyp.aig,internal,12,12,fixed-050-c01,0.5,6,6,6,6565686698937711558,"{""x1"":1,""x11"":1,""x2"":0,""x5"":1,""x7"":1,""x8"":1}",True,67230.0,57005.0,1.1793702306815192,39,39,45,45
epfl-arithmetic-hyp-internal119304-16daab6b7b,arithmetic,hyp.aig,internal,12,12,fixed-050-c02,0.5,6,6,6,626239845958111841,"{""x0"":1,""x4"":0,""x5"":1,""x7"":0,""x8"":0,""x9"":1}",True,72670.0,79360.0,0.9157006048387096,39,39,45,45
epfl-arithmetic-hyp-internal119304-16daab6b7b,arithmetic,hyp.aig,internal,12,12,fixed-050-c03,0.5,6,6,6,5566338556407930044,"{""x0"":0,""x10"":0,""x11"":1,""x2"":0,""x6"":0,""x8"":1}",True,53900.0,55390.0,0.9730998375157971,39,39,45,45
epfl-arithmetic-hyp-internal119304-16daab6b7b,arithmetic,hyp.aig,internal,12,12,fixed-075-c00,0.75,9,3,3,14807653749584496622,"{""x0"":0,""x1"":1,""x10"":0,""x11"":0,""x2"":1,""x4"":1,""x6"":1,""x8"":0,""x9"":1}",True,22620.0,22665.0,0.9980145598941098,39,39,45,45
epfl-arithmetic-hyp-internal119304-16daab6b7b,arithmetic,hyp.aig,internal,12,12,fixed-075-c01,0.75,9,3,3,6005062193654023365,"{""x0"":0,""x10"":1,""x11"":0,""x2"":1,""x3"":0,""x4"":1,""x5"":0,""x6"":1,""x8"":0}",True,11895.0,11540.0,1.0307625649913346,39,39,45,45
epfl-arithmetic-hyp-internal119304-16daab6b7b,arithmetic,hyp.aig,internal,12,12,fixed-075-c02,0.75,9,3,3,11086296676426226316,"{""x1"":1,""x10"":0,""x11"":1,""x3"":1,""x4"":0,""x6"":1,""x7"":0,""x8"":0,""x9"":0}",True,11720.0,11720.0,1.0,39,39,45,45
epfl-arithmetic-hyp-internal119304-16daab6b7b,arithmetic,hyp.aig,internal,12,12,fixed-075-c03,0.75,9,3,3,16940351830019813486,"{""x0"":0,""x1"":0,""x11"":0,""x2"":1,""x3"":0,""x4"":0,""x6"":0,""x8"":1,""x9"":0}",True,11615.0,11530.0,1.007372072853426,39,39,45,45
epfl-arithmetic-hyp-internal212060-c28ab69616,arithmetic,hyp.aig,internal,8,8,fixed-000-c00,0.0,0,8,8,,{},True,85380.0,85275.0,1.001231310466139,81,81,85,85
epfl-arithmetic-hyp-internal212060-c28ab69616,arithmetic,hyp.aig,internal,8,8,fixed-025-c00,0.25,2,6,6,1959590995511634051,"{""x1"":1,""x4"":1}",True,87760.0,86010.0,1.020346471340542,81,81,85,85
epfl-arithmetic-hyp-internal212060-c28ab69616,arithmetic,hyp.aig,internal,8,8,fixed-025-c01,0.25,2,6,6,458118894983375353,"{""x2"":1,""x7"":0}",True,83875.0,85135.0,0.9851999765078993,81,81,85,85
epfl-arithmetic-hyp-internal212060-c28ab69616,arithmetic,hyp.aig,internal,8,8,fixed-025-c02,0.25,2,6,6,4865225300108615941,"{""x0"":1,""x4"":0}",True,86865.0,86295.0,1.0066052494350775,81,81,85,85
epfl-arithmetic-hyp-internal212060-c28ab69616,arithmetic,hyp.aig,internal,8,8,fixed-025-c03,0.25,2,6,6,16303945977060014010,"{""x0"":0,""x3"":0}",True,152235.0,152485.0,0.9983604944748664,81,81,85,85
epfl-arithmetic-hyp-internal212060-c28ab69616,arithmetic,hyp.aig,internal,8,8,fixed-050-c00,0.5,4,4,4,18234242786365394621,"{""x0"":1,""x1"":1,""x5"":0,""x6"":0}",True,30820.0,31090.0,0.9913155355419749,81,81,85,85
epfl-arithmetic-hyp-internal212060-c28ab69616,arithmetic,hyp.aig,internal,8,8,fixed-050-c01,0.5,4,4,4,4891292214749227239,"{""x0"":0,""x2"":1,""x3"":0,""x4"":0}",True,20550.0,21975.0,0.9351535836177475,81,81,85,85
epfl-arithmetic-hyp-internal212060-c28ab69616,arithmetic,hyp.aig,internal,8,8,fixed-050-c02,0.5,4,4,4,12210091674642395070,"{""x1"":1,""x3"":1,""x4"":1,""x7"":1}",True,21235.0,21620.0,0.9821924144310823,81,81,85,85
epfl-arithmetic-hyp-internal212060-c28ab69616,arithmetic,hyp.aig,internal,8,8,fixed-050-c03,0.5,4,4,4,10005452612213466238,"{""x0"":0,""x1"":1,""x5"":0,""x7"":1}",True,35000.0,32115.0,1.089833411178577,81,81,85,85
epfl-arithmetic-hyp-internal212060-c28ab69616,arithmetic,hyp.aig,internal,8,8,fixed-075-c00,0.75,6,2,2,10708076268207212106,"{""x1"":1,""x2"":0,""x4"":0,""x5"":0,""x6"":0,""x7"":1}",True,39940.0,44765.0,0.8922149000335083,81,81,85,85
epfl-arithmetic-hyp-internal212060-c28ab69616,arithmetic,hyp.aig,internal,8,8,fixed-075-c01,0.75,6,2,2,16780602457944339675,"{""x0"":1,""x2"":1,""x4"":1,""x5"":1,""x6"":0,""x7"":1}",True,52290.0,48005.0,1.089261535256744,81,81,85,85
epfl-arithmetic-hyp-internal212060-c28ab69616,arithmetic,hyp.aig,internal,8,8,fixed-075-c02,0.75,6,2,2,5185297623978755068,"{""x0"":1,""x1"":1,""x2"":1,""x3"":0,""x6"":0,""x7"":0}",True,39700.0,55575.0,0.7143499775078722,81,81,85,85
epfl-arithmetic-hyp-internal212060-c28ab69616,arithmetic,hyp.aig,internal,8,8,fixed-075-c03,0.75,6,2,2,14935042107088805416,"{""x0"":1,""x2"":1,""x3"":0,""x4"":1,""x5"":0,""x6"":1}",True,35085.0,45195.0,0.7763026883504812,81,81,85,85
epfl-arithmetic-log2-internal16-c3a7b25434,arithmetic,log2.aig,internal,8,8,fixed-000-c00,0.0,0,8,8,,{},True,20750.0,21285.0,0.9748649283533004,5,5,11,11
epfl-arithmetic-log2-internal16-c3a7b25434,arithmetic,log2.aig,internal,8,8,fixed-025-c00,0.25,2,6,6,15709599150766655311,"{""x0"":1,""x4"":0}",True,28155.0,22790.0,1.2354102676612548,5,5,11,11
epfl-arithmetic-log2-internal16-c3a7b25434,arithmetic,log2.aig,internal,8,8,fixed-025-c01,0.25,2,6,6,4994207856915950283,"{""x1"":1,""x4"":1}",True,25585.0,20510.0,1.2474402730375427,5,5,11,11
epfl-arithmetic-log2-internal16-c3a7b25434,arithmetic,log2.aig,internal,8,8,fixed-025-c02,0.25,2,6,6,6828869013350319942,"{""x1"":0,""x7"":1}",True,19365.0,19430.0,0.996654657745754,5,5,11,11
epfl-arithmetic-log2-internal16-c3a7b25434,arithmetic,log2.aig,internal,8,8,fixed-025-c03,0.25,2,6,6,17931715100434649256,"{""x0"":1,""x4"":1}",True,19115.0,19215.0,0.9947957325006506,5,5,11,11
epfl-arithmetic-log2-internal16-c3a7b25434,arithmetic,log2.aig,internal,8,8,fixed-050-c00,0.5,4,4,4,2122206600656893508,"{""x0"":0,""x5"":0,""x6"":0,""x7"":1}",True,5380.0,3960.0,1.3585858585858586,5,5,11,11
epfl-arithmetic-log2-internal16-c3a7b25434,arithmetic,log2.aig,internal,8,8,fixed-050-c01,0.5,4,4,4,9120730827360230745,"{""x2"":0,""x3"":1,""x4"":0,""x7"":1}",True,3570.0,3730.0,0.9571045576407506,5,5,11,11
epfl-arithmetic-log2-internal16-c3a7b25434,arithmetic,log2.aig,internal,8,8,fixed-050-c02,0.5,4,4,4,4707959712750196891,"{""x1"":1,""x2"":1,""x5"":0,""x6"":0}",True,3515.0,3605.0,0.9750346740638003,5,5,11,11
epfl-arithmetic-log2-internal16-c3a7b25434,arithmetic,log2.aig,internal,8,8,fixed-050-c03,0.5,4,4,4,8596403254844910547,"{""x1"":1,""x3"":0,""x4"":0,""x7"":1}",True,3640.0,3600.0,1.011111111111111,5,5,11,11
epfl-arithmetic-log2-internal16-c3a7b25434,arithmetic,log2.aig,internal,8,8,fixed-075-c00,0.75,6,2,2,14263317842409628393,"{""x1"":1,""x2"":1,""x3"":1,""x4"":1,""x5"":1,""x6"":1}",True,3895.0,4060.0,0.9593596059113301,5,5,11,11
epfl-arithmetic-log2-internal16-c3a7b25434,arithmetic,log2.aig,internal,8,8,fixed-075-c01,0.75,6,2,2,11476872895081906030,"{""x1"":1,""x3"":1,""x4"":1,""x5"":0,""x6"":1,""x7"":0}",True,4445.0,3890.0,1.1426735218508997,5,5,11,11
epfl-arithmetic-log2-internal16-c3a7b25434,arithmetic,log2.aig,internal,8,8,fixed-075-c02,0.75,6,2,2,1225559065137214395,"{""x0"":1,""x1"":1,""x2"":0,""x3"":1,""x4"":0,""x6"":0}",True,4300.0,3945.0,1.0899873257287707,5,5,11,11
epfl-arithmetic-log2-internal16-c3a7b25434,arithmetic,log2.aig,internal,8,8,fixed-075-c03,0.75,6,2,2,6244789920524982024,"{""x0"":1,""x1"":1,""x3"":0,""x4"":0,""x5"":1,""x6"":0}",True,6640.0,6570.0,1.0106544901065448,5,5,11,11
epfl-arithmetic-log2-internal1914-5f203d9539,arithmetic,log2.aig,internal,8,8,fixed-000-c00,0.0,0,8,8,,{},True,431405.0,379395.0,1.1370866774733457,283,283,394,394
epfl-arithmetic-log2-internal1914-5f203d9539,arithmetic,log2.aig,internal,8,8,fixed-025-c00,0.25,2,6,6,3086510733697604588,"{""x1"":1,""x6"":0}",True,760330.0,493645.0,1.540236404703785,283,283,394,394
epfl-arithmetic-log2-internal1914-5f203d9539,arithmetic,log2.aig,internal,8,8,fixed-025-c01,0.25,2,6,6,2890054269100624879,"{""x4"":0,""x5"":0}",True,538025.0,598795.0,0.8985128466336559,283,283,394,394
epfl-arithmetic-log2-internal1914-5f203d9539,arithmetic,log2.aig,internal,8,8,fixed-025-c02,0.25,2,6,6,2608507838280032758,"{""x0"":1,""x1"":1}",True,483360.0,477340.0,1.0126115557045292,283,283,394,394
epfl-arithmetic-log2-internal1914-5f203d9539,arithmetic,log2.aig,internal,8,8,fixed-025-c03,0.25,2,6,6,8212056898016956268,"{""x3"":1,""x5"":0}",True,523480.0,611705.0,0.8557719815924343,283,283,394,394
epfl-arithmetic-log2-internal1914-5f203d9539,arithmetic,log2.aig,internal,8,8,fixed-050-c00,0.5,4,4,4,1384424973219380542,"{""x1"":0,""x2"":0,""x4"":0,""x7"":0}",True,70105.0,72695.0,0.9643716899374097,283,283,394,394
epfl-arithmetic-log2-internal1914-5f203d9539,arithmetic,log2.aig,internal,8,8,fixed-050-c01,0.5,4,4,4,7804462733992420560,"{""x3"":1,""x4"":1,""x6"":0,""x7"":0}",True,72815.0,103890.0,0.7008855520261815,283,283,394,394
epfl-arithmetic-log2-internal1914-5f203d9539,arithmetic,log2.aig,internal,8,8,fixed-050-c02,0.5,4,4,4,7119762574635287577,"{""x0"":0,""x1"":1,""x3"":1,""x7"":0}",True,83385.0,88280.0,0.9445514272768464,283,283,394,394
epfl-arithmetic-log2-internal1914-5f203d9539,arithmetic,log2.aig,internal,8,8,fixed-050-c03,0.5,4,4,4,4791417751645090540,"{""x0"":1,""x2"":0,""x4"":1,""x7"":0}",True,76685.0,101660.0,0.7543281526657486,283,283,394,394
epfl-arithmetic-log2-internal1914-5f203d9539,arithmetic,log2.aig,internal,8,8,fixed-075-c00,0.75,6,2,2,4405838416705192043,"{""x0"":1,""x1"":0,""x2"":0,""x3"":1,""x4"":0,""x7"":0}",True,89675.0,76755.0,1.168327796234773,283,283,394,394
epfl-arithmetic-log2-internal1914-5f203d9539,arithmetic,log2.aig,internal,8,8,fixed-075-c01,0.75,6,2,2,552438712670086845,"{""x0"":0,""x2"":0,""x4"":0,""x5"":0,""x6"":0,""x7"":0}",True,116245.0,72580.0,1.6016120143290162,283,283,394,394
epfl-arithmetic-log2-internal1914-5f203d9539,arithmetic,log2.aig,internal,8,8,fixed-075-c02,0.75,6,2,2,13329664531044411165,"{""x1"":0,""x2"":0,""x4"":0,""x5"":1,""x6"":0,""x7"":1}",True,65510.0,67160.0,0.9754318046456224,283,283,394,394
epfl-arithmetic-log2-internal1914-5f203d9539,arithmetic,log2.aig,internal,8,8,fixed-075-c03,0.75,6,2,2,9900451080447416777,"{""x0"":0,""x1"":1,""x2"":1,""x4"":1,""x6"":0,""x7"":0}",True,67080.0,66170.0,1.0137524557956779,283,283,394,394
epfl-arithmetic-log2-internal3778-4bd86194c9,arithmetic,log2.aig,internal,8,8,fixed-000-c00,0.0,0,8,8,,{},True,63970.0,76690.0,0.8341374364323901,36,36,56,56
epfl-arithmetic-log2-internal3778-4bd86194c9,arithmetic,log2.aig,internal,8,8,fixed-025-c00,0.25,2,6,6,6059287616725873441,"{""x1"":0,""x3"":1}",True,72160.0,78395.0,0.9204668665093437,36,36,56,56
epfl-arithmetic-log2-internal3778-4bd86194c9,arithmetic,log2.aig,internal,8,8,fixed-025-c01,0.25,2,6,6,6815657048151433008,"{""x6"":1,""x7"":1}",True,71320.0,71405.0,0.9988096071703663,36,36,56,56
epfl-arithmetic-log2-internal3778-4bd86194c9,arithmetic,log2.aig,internal,8,8,fixed-025-c02,0.25,2,6,6,10075548116486001163,"{""x3"":1,""x7"":0}",True,113045.0,112270.0,1.0069030016923488,36,36,56,56
epfl-arithmetic-log2-internal3778-4bd86194c9,arithmetic,log2.aig,internal,8,8,fixed-025-c03,0.25,2,6,6,15151363700892136223,"{""x0"":0,""x6"":0}",True,97615.0,108035.0,0.903549775535706,36,36,56,56
epfl-arithmetic-log2-internal3778-4bd86194c9,arithmetic,log2.aig,internal,8,8,fixed-050-c00,0.5,4,4,4,3990688790802773790,"{""x0"":0,""x3"":1,""x5"":0,""x6"":0}",True,10120.0,10135.0,0.9985199802664035,36,36,56,56
epfl-arithmetic-log2-internal3778-4bd86194c9,arithmetic,log2.aig,internal,8,8,fixed-050-c01,0.5,4,4,4,15971436133269512788,"{""x3"":1,""x4"":0,""x5"":0,""x7"":1}",True,10135.0,10105.0,1.0029688273132114,36,36,56,56
epfl-arithmetic-log2-internal3778-4bd86194c9,arithmetic,log2.aig,internal,8,8,fixed-050-c02,0.5,4,4,4,15379160298558171481,"{""x2"":1,""x4"":0,""x6"":0,""x7"":1}",True,10680.0,10225.0,1.0444987775061125,36,36,56,56
epfl-arithmetic-log2-internal3778-4bd86194c9,arithmetic,log2.aig,internal,8,8,fixed-050-c03,0.5,4,4,4,3532707196505609095,"{""x1"":0,""x2"":1,""x5"":0,""x6"":0}",True,12095.0,15430.0,0.7838626053143227,36,36,56,56
epfl-arithmetic-log2-internal3778-4bd86194c9,arithmetic,log2.aig,internal,8,8,fixed-075-c00,0.75,6,2,2,14591341289710711742,"{""x0"":1,""x2"":0,""x3"":0,""x4"":0,""x6"":0,""x7"":0}",True,10315.0,10035.0,1.027902341803687,36,36,56,56
epfl-arithmetic-log2-internal3778-4bd86194c9,arithmetic,log2.aig,internal,8,8,fixed-075-c01,0.75,6,2,2,1050899788669012428,"{""x0"":1,""x1"":1,""x2"":0,""x3"":0,""x4"":1,""x6"":1}",True,10355.0,10375.0,0.9980722891566265,36,36,56,56
epfl-arithmetic-log2-internal3778-4bd86194c9,arithmetic,log2.aig,internal,8,8,fixed-075-c02,0.75,6,2,2,5237755975492016966,"{""x0"":1,""x1"":0,""x2"":0,""x3"":1,""x4"":1,""x7"":0}",True,18475.0,18870.0,0.9790673025967144,36,36,56,56
epfl-arithmetic-log2-internal3778-4bd86194c9,arithmetic,log2.aig,internal,8,8,fixed-075-c03,0.75,6,2,2,12746241218887468987,"{""x0"":1,""x1"":1,""x2"":0,""x3"":0,""x5"":0,""x6"":0}",True,11650.0,10940.0,1.0648994515539305,36,36,56,56
epfl-arithmetic-log2-internal5717-7cc65aa43a,arithmetic,log2.aig,internal,8,8,fixed-000-c00,0.0,0,8,8,,{},True,106040.0,105025.0,1.0096643656272317,43,43,70,70
epfl-arithmetic-log2-internal5717-7cc65aa43a,arithmetic,log2.aig,internal,8,8,fixed-025-c00,0.25,2,6,6,2337945128355090453,"{""x4"":1,""x5"":1}",True,109500.0,123865.0,0.884026964840754,43,43,70,70
epfl-arithmetic-log2-internal5717-7cc65aa43a,arithmetic,log2.aig,internal,8,8,fixed-025-c01,0.25,2,6,6,7826124712754456575,"{""x0"":1,""x5"":0}",True,155850.0,148525.0,1.0493182965830667,43,43,70,70
epfl-arithmetic-log2-internal5717-7cc65aa43a,arithmetic,log2.aig,internal,8,8,fixed-025-c02,0.25,2,6,6,16280272316997353008,"{""x2"":0,""x7"":1}",True,146915.0,149485.0,0.982807639562498,43,43,70,70
epfl-arithmetic-log2-internal5717-7cc65aa43a,arithmetic,log2.aig,internal,8,8,fixed-025-c03,0.25,2,6,6,16860908378116447654,"{""x2"":1,""x3"":0}",True,136600.0,111030.0,1.230298117625867,43,43,70,70
epfl-arithmetic-log2-internal5717-7cc65aa43a,arithmetic,log2.aig,internal,8,8,fixed-050-c00,0.5,4,4,4,16010261470181109360,"{""x1"":0,""x3"":1,""x4"":0,""x5"":0}",True,13180.0,14375.0,0.9168695652173913,43,43,70,70
epfl-arithmetic-log2-internal5717-7cc65aa43a,arithmetic,log2.aig,internal,8,8,fixed-050-c01,0.5,4,4,4,10380200508997529188,"{""x1"":1,""x2"":1,""x6"":1,""x7"":0}",True,18485.0,18795.0,0.9835062516626762,43,43,70,70
epfl-arithmetic-log2-internal5717-7cc65aa43a,arithmetic,log2.aig,internal,8,8,fixed-050-c02,0.5,4,4,4,4370731852157685018,"{""x2"":0,""x3"":1,""x6"":0,""x7"":0}",True,18405.0,18195.0,1.0115416323165705,43,43,70,70
epfl-arithmetic-log2-internal5717-7cc65aa43a,arithmetic,log2.aig,internal,8,8,fixed-050-c03,0.5,4,4,4,3848040035663532962,"{""x0"":0,""x1"":0,""x5"":1,""x7"":0}",True,23405.0,23410.0,0.9997864160615122,43,43,70,70
epfl-arithmetic-log2-internal5717-7cc65aa43a,arithmetic,log2.aig,internal,8,8,fixed-075-c00,0.75,6,2,2,12019235506974768720,"{""x0"":0,""x1"":0,""x2"":1,""x5"":1,""x6"":1,""x7"":0}",True,22735.0,22590.0,1.0064187693669766,43,43,70,70
epfl-arithmetic-log2-internal5717-7cc65aa43a,arithmetic,log2.aig,internal,8,8,fixed-075-c01,0.75,6,2,2,15223924833750712225,"{""x0"":0,""x1"":0,""x2"":0,""x3"":0,""x5"":0,""x6"":0}",True,22150.0,21820.0,1.0151237396883592,43,43,70,70
epfl-arithmetic-log2-internal5717-7cc65aa43a,arithmetic,log2.aig,internal,8,8,fixed-075-c02,0.75,6,2,2,10514340090695186915,"{""x0"":0,""x1"":1,""x2"":1,""x4"":1,""x6"":1,""x7"":0}",True,12140.0,12095.0,1.003720545680033,43,43,70,70
epfl-arithmetic-log2-internal5717-7cc65aa43a,arithmetic,log2.aig,internal,8,8,fixed-075-c03,0.75,6,2,2,16320652287391206715,"{""x0"":1,""x2"":1,""x3"":1,""x4"":0,""x6"":0,""x7"":1}",True,11665.0,11665.0,1.0,43,43,70,70
epfl-arithmetic-log2-internal7808-791f45c1ba,arithmetic,log2.aig,internal,8,8,fixed-000-c00,0.0,0,8,8,,{},True,1815590.0,1916935.0,0.9471317493811736,868,868,1555,1555
epfl-arithmetic-log2-internal7808-791f45c1ba,arithmetic,log2.aig,internal,8,8,fixed-025-c00,0.25,2,6,6,10300772238829093835,"{""x3"":1,""x5"":0}",True,2204295.0,2204120.0,1.0000793967660564,868,868,1555,1555
epfl-arithmetic-log2-internal7808-791f45c1ba,arithmetic,log2.aig,internal,8,8,fixed-025-c01,0.25,2,6,6,12067707009125873456,"{""x4"":1,""x6"":0}",True,2630755.0,2846800.0,0.9241095264858789,868,868,1555,1555
epfl-arithmetic-log2-internal7808-791f45c1ba,arithmetic,log2.aig,internal,8,8,fixed-025-c02,0.25,2,6,6,452012444317666839,"{""x2"":0,""x3"":0}",True,2041020.0,2451770.0,0.8324679721181024,868,868,1555,1555
epfl-arithmetic-log2-internal7808-791f45c1ba,arithmetic,log2.aig,internal,8,8,fixed-025-c03,0.25,2,6,6,13440661163118455663,"{""x3"":1,""x4"":1}",True,2365550.0,2317415.0,1.0207709883641902,868,868,1555,1555
epfl-arithmetic-log2-internal7808-791f45c1ba,arithmetic,log2.aig,internal,8,8,fixed-050-c00,0.5,4,4,4,16520689800158186959,"{""x0"":0,""x3"":1,""x5"":0,""x6"":1}",True,255065.0,264070.0,0.9658991933956905,868,868,1555,1555
epfl-arithmetic-log2-internal7808-791f45c1ba,arithmetic,log2.aig,internal,8,8,fixed-050-c01,0.5,4,4,4,3735036130028306007,"{""x1"":1,""x3"":1,""x5"":0,""x6"":0}",True,307700.0,252200.0,1.2200634417129264,868,868,1555,1555
epfl-arithmetic-log2-internal7808-791f45c1ba,arithmetic,log2.aig,internal,8,8,fixed-050-c02,0.5,4,4,4,3266583127411421558,"{""x0"":0,""x1"":1,""x6"":0,""x7"":1}",True,251380.0,250775.0,1.0024125211843287,868,868,1555,1555
epfl-arithmetic-log2-internal7808-791f45c1ba,arithmetic,log2.aig,internal,8,8,fixed-050-c03,0.5,4,4,4,4747301145193134357,"{""x0"":0,""x2"":0,""x3"":0,""x6"":0}",True,282840.0,241155.0,1.1728556322697021,868,868,1555,1555
epfl-arithmetic-log2-internal7808-791f45c1ba,arithmetic,log2.aig,internal,8,8,fixed-075-c00,0.75,6,2,2,5555405343264391095,"{""x0"":1,""x1"":1,""x3"":1,""x4"":1,""x5"":1,""x6"":0}",True,242650.0,218045.0,1.1128436790570753,868,868,1555,1555
epfl-arithmetic-log2-internal7808-791f45c1ba,arithmetic,log2.aig,internal,8,8,fixed-075-c01,0.75,6,2,2,17608403420182538760,"{""x2"":1,""x3"":0,""x4"":0,""x5"":0,""x6"":0,""x7"":1}",True,216735.0,211405.0,1.02521227028689,868,868,1555,1555
epfl-arithmetic-log2-internal7808-791f45c1ba,arithmetic,log2.aig,internal,8,8,fixed-075-c02,0.75,6,2,2,13232757349285522774,"{""x1"":1,""x3"":1,""x4"":0,""x5"":0,""x6"":1,""x7"":0}",True,251405.0,248130.0,1.0131987264740256,868,868,1555,1555
epfl-arithmetic-log2-internal7808-791f45c1ba,arithmetic,log2.aig,internal,8,8,fixed-075-c03,0.75,6,2,2,8725736571077517021,"{""x0"":1,""x1"":1,""x4"":0,""x5"":1,""x6"":1,""x7"":0}",True,212635.0,226845.0,0.9373581079591792,868,868,1555,1555
epfl-arithmetic-log2-internal10182-8de9088c0d,arithmetic,log2.aig,internal,14,15,fixed-000-c00,0.0,0,14,15,,{},True,2227425.0,2323995.0,0.9584465543170274,800,800,1394,1394
epfl-arithmetic-log2-internal10182-8de9088c0d,arithmetic,log2.aig,internal,14,15,fixed-025-c00,0.25,4,10,11,17644194378378804842,"{""x1"":0,""x11"":0,""x12"":0,""x13"":1}",True,1667695.0,1617430.0,1.0310770790698824,800,800,1394,1394
epfl-arithmetic-log2-internal10182-8de9088c0d,arithmetic,log2.aig,internal,14,15,fixed-025-c01,0.25,4,10,11,18153659194942127732,"{""x0"":0,""x10"":1,""x11"":1,""x8"":1}",True,1765305.0,1724660.0,1.023566963923324,800,800,1394,1394
epfl-arithmetic-log2-internal10182-8de9088c0d,arithmetic,log2.aig,internal,14,15,fixed-025-c02,0.25,4,10,11,1741602747919307826,"{""x10"":0,""x2"":1,""x4"":1,""x7"":0}",True,1334325.0,1275890.0,1.0457994027698312,800,800,1394,1394
epfl-arithmetic-log2-internal10182-8de9088c0d,arithmetic,log2.aig,internal,14,15,fixed-025-c03,0.25,4,10,11,6930521761579819606,"{""x10"":0,""x12"":1,""x5"":1,""x8"":0}",True,1211380.0,1270835.0,0.9532157990612471,800,800,1394,1394
epfl-arithmetic-log2-internal10182-8de9088c0d,arithmetic,log2.aig,internal,14,15,fixed-050-c00,0.5,7,7,8,4144631938208220278,"{""x10"":1,""x11"":0,""x13"":1,""x14"":0,""x3"":0,""x5"":1,""x8"":0}",True,1255490.0,1297525.0,0.9676037070576675,800,800,1394,1394
epfl-arithmetic-log2-internal10182-8de9088c0d,arithmetic,log2.aig,internal,14,15,fixed-050-c01,0.5,7,7,8,4091621571755275778,"{""x10"":0,""x13"":1,""x14"":0,""x4"":0,""x5"":0,""x8"":0,""x9"":0}",True,1368730.0,1314605.0,1.0411720630911947,800,800,1394,1394
epfl-arithmetic-log2-internal10182-8de9088c0d,arithmetic,log2.aig,internal,14,15,fixed-050-c02,0.5,7,7,8,8050952068464631498,"{""x0"":1,""x1"":0,""x10"":1,""x11"":0,""x12"":0,""x14"":1,""x3"":0}",True,1192020.0,1162985.0,1.024965928193399,800,800,1394,1394
epfl-arithmetic-log2-internal10182-8de9088c0d,arithmetic,log2.aig,internal,14,15,fixed-050-c03,0.5,7,7,8,7990724007207705541,"{""x1"":0,""x11"":1,""x2"":1,""x3"":0,""x7"":0,""x8"":1,""x9"":0}",True,1374375.0,1357300.0,1.0125801223016282,800,800,1394,1394
epfl-arithmetic-log2-internal10182-8de9088c0d,arithmetic,log2.aig,internal,14,15,fixed-075-c00,0.75,10,4,5,17650393663915323861,"{""x0"":0,""x1"":0,""x10"":0,""x12"":1,""x13"":1,""x14"":1,""x2"":0,""x3"":1,""x7"":1,""x8"":0}",True,260485.0,245210.0,1.0622935443089596,800,800,1394,1394
epfl-arithmetic-log2-internal10182-8de9088c0d,arithmetic,log2.aig,internal,14,15,fixed-075-c01,0.75,10,4,5,9757559147650628372,"{""x0"":0,""x13"":1,""x14"":1,""x2"":0,""x3"":0,""x4"":1,""x5"":0,""x7"":1,""x8"":1,""x9"":0}",True,250400.0,283660.0,0.8827469505746316,800,800,1394,1394
epfl-arithmetic-log2-internal10182-8de9088c0d,arithmetic,log2.aig,internal,14,15,fixed-075-c02,0.75,10,4,5,2255019163253343389,"{""x0"":0,""x11"":1,""x12"":0,""x13"":1,""x2"":1,""x3"":1,""x5"":1,""x7"":1,""x8"":0,""x9"":1}",True,253985.0,314950.0,0.80642959199873,800,800,1394,1394
epfl-arithmetic-log2-internal10182-8de9088c0d,arithmetic,log2.aig,internal,14,15,fixed-075-c03,0.75,10,4,5,17350017629340427600,"{""x1"":1,""x10"":0,""x11"":1,""x12"":0,""x13"":0,""x14"":1,""x3"":1,""x4"":1,""x5"":0,""x8"":1}",True,250500.0,255895.0,0.9789171339807343,800,800,1394,1394
epfl-arithmetic-log2-internal13053-84f396fda2,arithmetic,log2.aig,internal,8,8,fixed-000-c00,0.0,0,8,8,,{},True,57195.0,57365.0,0.9970365205264534,42,42,66,66
epfl-arithmetic-log2-internal13053-84f396fda2,arithmetic,log2.aig,internal,8,8,fixed-025-c00,0.25,2,6,6,16473479285279364384,"{""x2"":0,""x5"":1}",True,77935.0,77380.0,1.0071723959679504,42,42,66,66
epfl-arithmetic-log2-internal13053-84f396fda2,arithmetic,log2.aig,internal,8,8,fixed-025-c01,0.25,2,6,6,16824152480811040636,"{""x2"":1,""x5"":1}",True,87025.0,85610.0,1.016528442938909,42,42,66,66
epfl-arithmetic-log2-internal13053-84f396fda2,arithmetic,log2.aig,internal,8,8,fixed-025-c02,0.25,2,6,6,17258025113073746245,"{""x2"":1,""x5"":0}",True,91940.0,124295.0,0.7396918621022567,42,42,66,66
epfl-arithmetic-log2-internal13053-84f396fda2,arithmetic,log2.aig,internal,8,8,fixed-025-c03,0.25,2,6,6,12478976558122924167,"{""x0"":0,""x6"":0}",True,90910.0,84445.0,1.0765587068506128,42,42,66,66
epfl-arithmetic-log2-internal13053-84f396fda2,arithmetic,log2.aig,internal,8,8,fixed-050-c00,0.5,4,4,4,7508768486680647430,"{""x0"":1,""x1"":1,""x2"":1,""x6"":1}",True,11730.0,11950.0,0.9815899581589959,42,42,66,66
epfl-arithmetic-log2-internal13053-84f396fda2,arithmetic,log2.aig,internal,8,8,fixed-050-c01,0.5,4,4,4,15358089429619450529,"{""x1"":1,""x2"":1,""x5"":1,""x6"":1}",True,11245.0,11765.0,0.9558011049723757,42,42,66,66
epfl-arithmetic-log2-internal13053-84f396fda2,arithmetic,log2.aig,internal,8,8,fixed-050-c02,0.5,4,4,4,15415705816872919351,"{""x1"":1,""x4"":1,""x5"":0,""x7"":0}",True,11280.0,11230.0,1.0044523597506678,42,42,66,66
epfl-arithmetic-log2-internal13053-84f396fda2,arithmetic,log2.aig,internal,8,8,fixed-050-c03,0.5,4,4,4,16414282581860500994,"{""x1"":1,""x3"":1,""x4"":0,""x7"":0}",True,18280.0,14165.0,1.290504765266502,42,42,66,66
epfl-arithmetic-log2-internal13053-84f396fda2,arithmetic,log2.aig,internal,8,8,fixed-075-c00,0.75,6,2,2,6839388281446815834,"{""x0"":1,""x1"":1,""x2"":1,""x3"":0,""x5"":1,""x7"":1}",True,11645.0,11655.0,0.9991419991419992,42,42,66,66
epfl-arithmetic-log2-internal13053-84f396fda2,arithmetic,log2.aig,internal,8,8,fixed-075-c01,0.75,6,2,2,13737308362790969191,"{""x1"":0,""x2"":1,""x3"":1,""x4"":1,""x5"":0,""x7"":0}",True,11865.0,11895.0,0.9974779319041615,42,42,66,66
epfl-arithmetic-log2-internal13053-84f396fda2,arithmetic,log2.aig,internal,8,8,fixed-075-c02,0.75,6,2,2,2327541346629544906,"{""x1"":0,""x2"":0,""x3"":1,""x4"":0,""x5"":0,""x7"":0}",True,11780.0,11525.0,1.0221258134490239,42,42,66,66
epfl-arithmetic-log2-internal13053-84f396fda2,arithmetic,log2.aig,internal,8,8,fixed-075-c03,0.75,6,2,2,17385971567323676541,"{""x2"":1,""x3"":1,""x4"":1,""x5"":1,""x6"":0,""x7"":1}",True,11870.0,15830.0,0.7498420720151611,42,42,66,66
epfl-arithmetic-log2-internal32040-45f1c015f0,arithmetic,log2.aig,internal,8,8,fixed-000-c00,0.0,0,8,8,,{},True,467370.0,361675.0,1.2922375060482478,287,287,403,403
epfl-arithmetic-log2-internal32040-45f1c015f0,arithmetic,log2.aig,internal,8,8,fixed-025-c00,0.25,2,6,6,7190320122027535375,"{""x0"":0,""x7"":1}",True,463130.0,625110.0,0.7408776055414247,287,287,403,403
epfl-arithmetic-log2-internal32040-45f1c015f0,arithmetic,log2.aig,internal,8,8,fixed-025-c01,0.25,2,6,6,9710357396434039344,"{""x2"":0,""x5"":1}",True,493990.0,462310.0,1.0685254482922715,287,287,403,403
epfl-arithmetic-log2-internal32040-45f1c015f0,arithmetic,log2.aig,internal,8,8,fixed-025-c02,0.25,2,6,6,18092549227832998791,"{""x5"":0,""x6"":0}",True,444550.0,425145.0,1.0456432511260865,287,287,403,403
epfl-arithmetic-log2-internal32040-45f1c015f0,arithmetic,log2.aig,internal,8,8,fixed-025-c03,0.25,2,6,6,133344427013487128,"{""x3"":1,""x7"":1}",True,463775.0,511605.0,0.9065099051025693,287,287,403,403
epfl-arithmetic-log2-internal32040-45f1c015f0,arithmetic,log2.aig,internal,8,8,fixed-050-c00,0.5,4,4,4,5682594350630568841,"{""x1"":1,""x4"":0,""x5"":1,""x7"":0}",True,70815.0,69515.0,1.0187009997842191,287,287,403,403
epfl-arithmetic-log2-internal32040-45f1c015f0,arithmetic,log2.aig,internal,8,8,fixed-050-c01,0.5,4,4,4,11242828213086155967,"{""x0"":0,""x4"":1,""x6"":0,""x7"":1}",True,70325.0,72805.0,0.9659364054666575,287,287,403,403
epfl-arithmetic-log2-internal32040-45f1c015f0,arithmetic,log2.aig,internal,8,8,fixed-050-c02,0.5,4,4,4,9868081563798769119,"{""x0"":1,""x2"":0,""x4"":0,""x7"":0}",True,116790.0,125670.0,0.9293387443303891,287,287,403,403
epfl-arithmetic-log2-internal32040-45f1c015f0,arithmetic,log2.aig,internal,8,8,fixed-050-c03,0.5,4,4,4,1884072592032184639,"{""x0"":0,""x1"":0,""x2"":1,""x5"":0}",True,95800.0,109635.0,0.8738085465407944,287,287,403,403
epfl-arithmetic-log2-internal32040-45f1c015f0,arithmetic,log2.aig,internal,8,8,fixed-075-c00,0.75,6,2,2,3182822064329357324,"{""x0"":1,""x1"":0,""x2"":1,""x3"":1,""x5"":0,""x6"":0}",True,110985.0,112175.0,0.9893915756630265,287,287,403,403
epfl-arithmetic-log2-internal32040-45f1c015f0,arithmetic,log2.aig,internal,8,8,fixed-075-c01,0.75,6,2,2,2910441321138304840,"{""x1"":0,""x3"":0,""x4"":0,""x5"":1,""x6"":0,""x7"":0}",True,65825.0,66645.0,0.9876960012003901,287,287,403,403
epfl-arithmetic-log2-internal32040-45f1c015f0,arithmetic,log2.aig,internal,8,8,fixed-075-c02,0.75,6,2,2,12664449797618241413,"{""x1"":0,""x2"":0,""x3"":1,""x5"":0,""x6"":0,""x7"":0}",True,64855.0,65070.0,0.9966958659904718,287,287,403,403
epfl-arithmetic-log2-internal32040-45f1c015f0,arithmetic,log2.aig,internal,8,8,fixed-075-c03,0.75,6,2,2,16834529538207870141,"{""x0"":1,""x1"":0,""x2"":1,""x5"":0,""x6"":1,""x7"":1}",True,68005.0,68715.0,0.9896674670741469,287,287,403,403
epfl-arithmetic-max-internal9-16138770df,arithmetic,max.aig,internal,8,8,fixed-000-c00,0.0,0,8,8,,{},True,20175.0,20135.0,1.0019865905140304,18,18,20,20
epfl-arithmetic-max-internal9-16138770df,arithmetic,max.aig,internal,8,8,fixed-025-c00,0.25,2,6,6,9573106069820566983,"{""x1"":0,""x6"":1}",True,22315.0,22740.0,0.9813104661389622,18,18,20,20
epfl-arithmetic-max-internal9-16138770df,arithmetic,max.aig,internal,8,8,fixed-025-c01,0.25,2,6,6,4921213548590936703,"{""x5"":1,""x7"":1}",True,22455.0,22675.0,0.9902976846747519,18,18,20,20
epfl-arithmetic-max-internal9-16138770df,arithmetic,max.aig,internal,8,8,fixed-025-c02,0.25,2,6,6,7198315505625198182,"{""x0"":0,""x5"":0}",True,22600.0,22015.0,1.0265727912786737,18,18,20,20
epfl-arithmetic-max-internal9-16138770df,arithmetic,max.aig,internal,8,8,fixed-025-c03,0.25,2,6,6,1619067246733277729,"{""x0"":0,""x3"":0}",True,22180.0,22585.0,0.9820677440779279,18,18,20,20
epfl-arithmetic-max-internal9-16138770df,arithmetic,max.aig,internal,8,8,fixed-050-c00,0.5,4,4,4,10076325055223592620,"{""x0"":0,""x3"":0,""x4"":0,""x6"":1}",True,5675.0,5650.0,1.0044247787610618,18,18,20,20
epfl-arithmetic-max-internal9-16138770df,arithmetic,max.aig,internal,8,8,fixed-050-c01,0.5,4,4,4,256660308199272741,"{""x0"":1,""x2"":1,""x6"":1,""x7"":1}",True,5845.0,5780.0,1.0112456747404843,18,18,20,20
epfl-arithmetic-max-internal9-16138770df,arithmetic,max.aig,internal,8,8,fixed-050-c02,0.5,4,4,4,9419875924988671940,"{""x1"":1,""x3"":0,""x4"":0,""x6"":0}",True,5855.0,5885.0,0.9949022939677146,18,18,20,20
epfl-arithmetic-max-internal9-16138770df,arithmetic,max.aig,internal,8,8,fixed-050-c03,0.5,4,4,4,5074136457232799801,"{""x0"":1,""x2"":1,""x3"":0,""x7"":1}",True,5840.0,5895.0,0.9906700593723494,18,18,20,20
epfl-arithmetic-max-internal9-16138770df,arithmetic,max.aig,internal,8,8,fixed-075-c00,0.75,6,2,2,6209638040638529774,"{""x0"":0,""x2"":0,""x3"":1,""x4"":1,""x5"":1,""x6"":1}",True,5925.0,5955.0,0.9949622166246851,18,18,20,20
epfl-arithmetic-max-internal9-16138770df,arithmetic,max.aig,internal,8,8,fixed-075-c01,0.75,6,2,2,4683193889239368132,"{""x0"":1,""x1"":1,""x4"":0,""x5"":1,""x6"":0,""x7"":1}",True,5910.0,5885.0,1.0042480883602378,18,18,20,20
epfl-arithmetic-max-internal9-16138770df,arithmetic,max.aig,internal,8,8,fixed-075-c02,0.75,6,2,2,15961304757152425924,"{""x1"":0,""x2"":0,""x3"":0,""x5"":1,""x6"":1,""x7"":0}",True,5880.0,5810.0,1.0120481927710843,18,18,20,20
epfl-arithmetic-max-internal9-16138770df,arithmetic,max.aig,internal,8,8,fixed-075-c03,0.75,6,2,2,297378641251193306,"{""x2"":1,""x3"":1,""x4"":1,""x5"":0,""x6"":0,""x7"":1}",True,5990.0,5945.0,1.007569386038688,18,18,20,20
epfl-arithmetic-max-internal199-d7c9bf4c7a,arithmetic,max.aig,internal,11,11,fixed-000-c00,0.0,0,11,11,,{},True,44615.0,42910.0,1.0397343276625495,40,40,42,42
epfl-arithmetic-max-internal199-d7c9bf4c7a,arithmetic,max.aig,internal,11,11,fixed-025-c00,0.25,3,8,8,10173922046712233607,"{""x0"":0,""x7"":0,""x8"":0}",True,40165.0,40605.0,0.9891638960719124,40,40,42,42
epfl-arithmetic-max-internal199-d7c9bf4c7a,arithmetic,max.aig,internal,11,11,fixed-025-c01,0.25,3,8,8,17296139081358231710,"{""x2"":0,""x6"":0,""x7"":0}",True,40070.0,39875.0,1.0048902821316614,40,40,42,42
epfl-arithmetic-max-internal199-d7c9bf4c7a,arithmetic,max.aig,internal,11,11,fixed-025-c02,0.25,3,8,8,10768232490604927825,"{""x1"":1,""x2"":1,""x7"":0}",True,39370.0,96200.0,0.40925155925155926,40,40,42,42
epfl-arithmetic-max-internal199-d7c9bf4c7a,arithmetic,max.aig,internal,11,11,fixed-025-c03,0.25,3,8,8,12394062384111821128,"{""x10"":0,""x2"":1,""x8"":0}",True,38435.0,38550.0,0.9970168612191959,40,40,42,42
epfl-arithmetic-max-internal199-d7c9bf4c7a,arithmetic,max.aig,internal,11,11,fixed-050-c00,0.5,6,5,5,9644069944572863033,"{""x0"":1,""x1"":0,""x4"":1,""x5"":0,""x6"":1,""x9"":1}",True,11475.0,11325.0,1.0132450331125828,40,40,42,42
epfl-arithmetic-max-internal199-d7c9bf4c7a,arithmetic,max.aig,internal,11,11,fixed-050-c01,0.5,6,5,5,6022401682311786667,"{""x1"":1,""x10"":1,""x5"":1,""x6"":0,""x8"":1,""x9"":1}",True,11375.0,11900.0,0.9558823529411765,40,40,42,42
epfl-arithmetic-max-internal199-d7c9bf4c7a,arithmetic,max.aig,internal,11,11,fixed-050-c02,0.5,6,5,5,6280826129243828374,"{""x0"":0,""x1"":1,""x2"":0,""x3"":1,""x5"":0,""x6"":0}",True,10950.0,13975.0,0.7835420393559929,40,40,42,42
epfl-arithmetic-max-internal199-d7c9bf4c7a,arithmetic,max.aig,internal,11,11,fixed-050-c03,0.5,6,5,5,3874162739850676470,"{""x0"":0,""x10"":0,""x3"":0,""x4"":0,""x6"":1,""x7"":1}",True,11015.0,11285.0,0.9760744350908286,40,40,42,42
epfl-arithmetic-max-internal199-d7c9bf4c7a,arithmetic,max.aig,internal,11,11,fixed-075-c00,0.75,8,3,3,17490922644671049526,"{""x0"":1,""x1"":0,""x2"":0,""x3"":0,""x4"":0,""x5"":1,""x7"":1,""x9"":1}",True,9905.0,9920.0,0.9984879032258065,40,40,42,42
epfl-arithmetic-max-internal199-d7c9bf4c7a,arithmetic,max.aig,internal,11,11,fixed-075-c01,0.75,8,3,3,3474102790136876992,"{""x0"":0,""x1"":0,""x10"":0,""x2"":1,""x5"":1,""x6"":1,""x7"":1,""x9"":0}",True,10160.0,10130.0,1.0029615004935835,40,40,42,42
epfl-arithmetic-max-internal199-d7c9bf4c7a,arithmetic,max.aig,internal,11,11,fixed-075-c02,0.75,8,3,3,10942477488531808385,"{""x0"":0,""x2"":0,""x3"":1,""x4"":0,""x5"":1,""x6"":1,""x7"":0,""x9"":1}",True,10175.0,11550.0,0.8809523809523809,40,40,42,42
epfl-arithmetic-max-internal199-d7c9bf4c7a,arithmetic,max.aig,internal,11,11,fixed-075-c03,0.75,8,3,3,14529169821741127279,"{""x0"":0,""x1"":0,""x2"":1,""x3"":1,""x4"":0,""x5"":0,""x8"":0,""x9"":1}",True,10415.0,10325.0,1.0087167070217917,40,40,42,42
epfl-arithmetic-max-internal358-1768f94bf4,arithmetic,max.aig,internal,8,8,fixed-000-c00,0.0,0,8,8,,{},True,28575.0,28850.0,0.9904679376083189,26,26,29,29
epfl-arithmetic-max-internal358-1768f94bf4,arithmetic,max.aig,internal,8,8,fixed-025-c00,0.25,2,6,6,1303630927757581515,"{""x0"":1,""x2"":0}",True,30280.0,30500.0,0.9927868852459016,26,26,29,29
epfl-arithmetic-max-internal358-1768f94bf4,arithmetic,max.aig,internal,8,8,fixed-025-c01,0.25,2,6,6,1902093236193910431,"{""x5"":1,""x6"":0}",True,30485.0,30535.0,0.9983625347961356,26,26,29,29
epfl-arithmetic-max-internal358-1768f94bf4,arithmetic,max.aig,internal,8,8,fixed-025-c02,0.25,2,6,6,8438876502154540819,"{""x2"":1,""x7"":1}",True,29760.0,30275.0,0.9829892650701899,26,26,29,29
epfl-arithmetic-max-internal358-1768f94bf4,arithmetic,max.aig,internal,8,8,fixed-025-c03,0.25,2,6,6,16252477446124337771,"{""x2"":0,""x5"":0}",True,32130.0,32655.0,0.9839228295819936,26,26,29,29
epfl-arithmetic-max-internal358-1768f94bf4,arithmetic,max.aig,internal,8,8,fixed-050-c00,0.5,4,4,4,12629219850222835198,"{""x0"":0,""x4"":1,""x5"":1,""x6"":0}",True,7190.0,7050.0,1.0198581560283688,26,26,29,29
epfl-arithmetic-max-internal358-1768f94bf4,arithmetic,max.aig,internal,8,8,fixed-050-c01,0.5,4,4,4,12351574847686013868,"{""x0"":1,""x3"":0,""x4"":0,""x7"":0}",True,7065.0,7090.0,0.9964739069111425,26,26,29,29
epfl-arithmetic-max-internal358-1768f94bf4,arithmetic,max.aig,internal,8,8,fixed-050-c02,0.5,4,4,4,12684388535585507560,"{""x0"":1,""x2"":0,""x3"":1,""x6"":1}",True,7250.0,7210.0,1.0055478502080444,26,26,29,29
epfl-arithmetic-max-internal358-1768f94bf4,arithmetic,max.aig,internal,8,8,fixed-050-c03,0.5,4,4,4,13804283731491575394,"{""x0"":1,""x2"":0,""x5"":0,""x7"":0}",True,7175.0,7730.0,0.9282018111254852,26,26,29,29
epfl-arithmetic-max-internal358-1768f94bf4,arithmetic,max.aig,internal,8,8,fixed-075-c00,0.75,6,2,2,398869980172523490,"{""x1"":0,""x2"":1,""x3"":0,""x4"":1,""x5"":0,""x6"":1}",True,7195.0,7175.0,1.002787456445993,26,26,29,29
epfl-arithmetic-max-internal358-1768f94bf4,arithmetic,max.aig,internal,8,8,fixed-075-c01,0.75,6,2,2,13475845753644233350,"{""x0"":0,""x1"":0,""x2"":1,""x3"":0,""x4"":0,""x6"":0}",True,7105.0,7190.0,0.9881780250347705,26,26,29,29
epfl-arithmetic-max-internal358-1768f94bf4,arithmetic,max.aig,internal,8,8,fixed-075-c02,0.75,6,2,2,11245007824303010830,"{""x0"":0,""x1"":1,""x2"":1,""x3"":0,""x4"":0,""x6"":0}",True,7235.0,7240.0,0.9993093922651933,26,26,29,29
epfl-arithmetic-max-internal358-1768f94bf4,arithmetic,max.aig,internal,8,8,fixed-075-c03,0.75,6,2,2,2920294505895328218,"{""x0"":0,""x1"":1,""x3"":1,""x4"":1,""x6"":0,""x7"":1}",True,11100.0,10910.0,1.0174152153987168,26,26,29,29
epfl-arithmetic-max-internal485-1db8c85dc1,arithmetic,max.aig,internal,8,8,fixed-000-c00,0.0,0,8,8,,{},True,24010.0,25005.0,0.9602079584083183,13,13,15,15
epfl-arithmetic-max-internal485-1db8c85dc1,arithmetic,max.aig,internal,8,8,fixed-025-c00,0.25,2,6,6,13423522618759875362,"{""x2"":0,""x4"":1}",True,28085.0,19420.0,1.4461894953656025,13,13,15,15
epfl-arithmetic-max-internal485-1db8c85dc1,arithmetic,max.aig,internal,8,8,fixed-025-c01,0.25,2,6,6,2796253976976229253,"{""x2"":0,""x5"":0}",True,16850.0,16970.0,0.9929286977018268,13,13,15,15
epfl-arithmetic-max-internal485-1db8c85dc1,arithmetic,max.aig,internal,8,8,fixed-025-c02,0.25,2,6,6,126952480935087280,"{""x3"":1,""x7"":0}",True,17330.0,17660.0,0.9813137032842583,13,13,15,15
epfl-arithmetic-max-internal485-1db8c85dc1,arithmetic,max.aig,internal,8,8,fixed-025-c03,0.25,2,6,6,1492257366005112387,"{""x4"":1,""x6"":1}",True,17480.0,18465.0,0.9466558353642025,13,13,15,15
epfl-arithmetic-max-internal485-1db8c85dc1,arithmetic,max.aig,internal,8,8,fixed-050-c00,0.5,4,4,4,14388592619548431392,"{""x0"":0,""x1"":1,""x5"":1,""x7"":0}",True,4640.0,4610.0,1.0065075921908895,13,13,15,15
epfl-arithmetic-max-internal485-1db8c85dc1,arithmetic,max.aig,internal,8,8,fixed-050-c01,0.5,4,4,4,3139723921249289084,"{""x2"":1,""x4"":0,""x5"":1,""x6"":0}",True,4615.0,4690.0,0.9840085287846482,13,13,15,15
epfl-arithmetic-max-internal485-1db8c85dc1,arithmetic,max.aig,internal,8,8,fixed-050-c02,0.5,4,4,4,9629202728901913740,"{""x0"":0,""x2"":0,""x4"":1,""x6"":1}",True,4600.0,4630.0,0.9935205183585313,13,13,15,15
epfl-arithmetic-max-internal485-1db8c85dc1,arithmetic,max.aig,internal,8,8,fixed-050-c03,0.5,4,4,4,15693232272848614239,"{""x1"":0,""x2"":1,""x3"":1,""x4"":0}",True,4625.0,5190.0,0.8911368015414258,13,13,15,15
epfl-arithmetic-max-internal485-1db8c85dc1,arithmetic,max.aig,internal,8,8,fixed-075-c00,0.75,6,2,2,1566549911553590931,"{""x0"":1,""x1"":1,""x3"":1,""x4"":1,""x5"":0,""x7"":1}",True,4740.0,4740.0,1.0,13,13,15,15
epfl-arithmetic-max-internal485-1db8c85dc1,arithmetic,max.aig,internal,8,8,fixed-075-c01,0.75,6,2,2,15687441012955207927,"{""x0"":0,""x1"":1,""x3"":1,""x4"":1,""x5"":1,""x7"":0}",True,4745.0,4805.0,0.9875130072840791,13,13,15,15
epfl-arithmetic-max-internal485-1db8c85dc1,arithmetic,max.aig,internal,8,8,fixed-075-c02,0.75,6,2,2,1837766236824151247,"{""x0"":0,""x1"":1,""x3"":1,""x4"":0,""x6"":0,""x7"":0}",True,4660.0,4625.0,1.0075675675675675,13,13,15,15
epfl-arithmetic-max-internal485-1db8c85dc1,arithmetic,max.aig,internal,8,8,fixed-075-c03,0.75,6,2,2,11537544267648920649,"{""x1"":0,""x3"":0,""x4"":1,""x5"":0,""x6"":0,""x7"":1}",True,4740.0,4745.0,0.9989462592202318,13,13,15,15
epfl-arithmetic-max-internal888-0e6bfd375e,arithmetic,max.aig,internal,8,8,fixed-000-c00,0.0,0,8,8,,{},True,23765.0,34760.0,0.6836881472957422,21,21,24,24
epfl-arithmetic-max-internal888-0e6bfd375e,arithmetic,max.aig,internal,8,8,fixed-025-c00,0.25,2,6,6,4627174716857934545,"{""x1"":0,""x7"":1}",True,33230.0,29475.0,1.1273960983884648,21,21,24,24
epfl-arithmetic-max-internal888-0e6bfd375e,arithmetic,max.aig,internal,8,8,fixed-025-c01,0.25,2,6,6,7384813685921906532,"{""x5"":1,""x7"":0}",True,64790.0,64450.0,1.0052754072924748,21,21,24,24
epfl-arithmetic-max-internal888-0e6bfd375e,arithmetic,max.aig,internal,8,8,fixed-025-c02,0.25,2,6,6,18446535266303732606,"{""x2"":0,""x5"":1}",True,68290.0,68105.0,1.0027163938036854,21,21,24,24
epfl-arithmetic-max-internal888-0e6bfd375e,arithmetic,max.aig,internal,8,8,fixed-025-c03,0.25,2,6,6,5992605200631495503,"{""x2"":0,""x6"":1}",True,66605.0,66495.0,1.0016542597187759,21,21,24,24
epfl-arithmetic-max-internal888-0e6bfd375e,arithmetic,max.aig,internal,8,8,fixed-050-c00,0.5,4,4,4,4379777682490346408,"{""x1"":1,""x4"":1,""x5"":1,""x7"":0}",True,6245.0,6250.0,0.9992,21,21,24,24
epfl-arithmetic-max-internal888-0e6bfd375e,arithmetic,max.aig,internal,8,8,fixed-050-c01,0.5,4,4,4,4417517895419811612,"{""x0"":1,""x1"":0,""x3"":0,""x7"":0}",True,6230.0,6275.0,0.9928286852589642,21,21,24,24
epfl-arithmetic-max-internal888-0e6bfd375e,arithmetic,max.aig,internal,8,8,fixed-050-c02,0.5,4,4,4,5227838719198159205,"{""x0"":0,""x2"":1,""x5"":1,""x7"":1}",True,6135.0,6240.0,0.9831730769230769,21,21,24,24
epfl-arithmetic-max-internal888-0e6bfd375e,arithmetic,max.aig,internal,8,8,fixed-050-c03,0.5,4,4,4,8737734759941367568,"{""x1"":0,""x3"":0,""x4"":0,""x7"":1}",True,6140.0,6310.0,0.9730586370839936,21,21,24,24
epfl-arithmetic-max-internal888-0e6bfd375e,arithmetic,max.aig,internal,8,8,fixed-075-c00,0.75,6,2,2,6656797087723168430,"{""x1"":0,""x3"":1,""x4"":1,""x5"":1,""x6"":0,""x7"":0}",True,6385.0,5980.0,1.0677257525083612,21,21,24,24
epfl-arithmetic-max-internal888-0e6bfd375e,arithmetic,max.aig,internal,8,8,fixed-075-c01,0.75,6,2,2,15615292012899513757,"{""x0"":0,""x1"":0,""x3"":0,""x4"":1,""x6"":0,""x7"":1}",True,6010.0,5940.0,1.0117845117845117,21,21,24,24
epfl-arithmetic-max-internal888-0e6bfd375e,arithmetic,max.aig,internal,8,8,fixed-075-c02,0.75,6,2,2,6140273890280455197,"{""x1"":0,""x2"":1,""x3"":0,""x4"":0,""x6"":0,""x7"":1}",True,5900.0,5910.0,0.9983079526226735,21,21,24,24
epfl-arithmetic-max-internal888-0e6bfd375e,arithmetic,max.aig,internal,8,8,fixed-075-c03,0.75,6,2,2,12581635921911574066,"{""x2"":1,""x3"":0,""x4"":1,""x5"":1,""x6"":0,""x7"":0}",True,6070.0,5980.0,1.0150501672240804,21,21,24,24
epfl-arithmetic-max-internal1138-315c29a3d9,arithmetic,max.aig,internal,8,8,fixed-000-c00,0.0,0,8,8,,{},True,23985.0,24085.0,0.9958480381980486,25,25,26,26
epfl-arithmetic-max-internal1138-315c29a3d9,arithmetic,max.aig,internal,8,8,fixed-025-c00,0.25,2,6,6,10555940742678133046,"{""x0"":1,""x4"":1}",True,62730.0,63055.0,0.9948457695662517,25,25,26,26
epfl-arithmetic-max-internal1138-315c29a3d9,arithmetic,max.aig,internal,8,8,fixed-025-c01,0.25,2,6,6,9434905626481880120,"{""x5"":0,""x7"":0}",True,26105.0,26460.0,0.986583522297808,25,25,26,26
epfl-arithmetic-max-internal1138-315c29a3d9,arithmetic,max.aig,internal,8,8,fixed-025-c02,0.25,2,6,6,16265709555855141748,"{""x0"":0,""x1"":0}",True,27240.0,27225.0,1.0005509641873278,25,25,26,26
epfl-arithmetic-max-internal1138-315c29a3d9,arithmetic,max.aig,internal,8,8,fixed-025-c03,0.25,2,6,6,12154448447671859980,"{""x0"":0,""x2"":1}",True,27600.0,27565.0,1.0012697261019408,25,25,26,26
epfl-arithmetic-max-internal1138-315c29a3d9,arithmetic,max.aig,internal,8,8,fixed-050-c00,0.5,4,4,4,2835656216980302437,"{""x0"":1,""x3"":1,""x6"":0,""x7"":0}",True,7225.0,7400.0,0.9763513513513513,25,25,26,26
epfl-arithmetic-max-internal1138-315c29a3d9,arithmetic,max.aig,internal,8,8,fixed-050-c01,0.5,4,4,4,7311699892503841354,"{""x2"":1,""x3"":0,""x4"":1,""x5"":1}",True,7235.0,7310.0,0.9897400820793434,25,25,26,26
epfl-arithmetic-max-internal1138-315c29a3d9,arithmetic,max.aig,internal,8,8,fixed-050-c02,0.5,4,4,4,14707589669767776601,"{""x2"":1,""x4"":0,""x5"":0,""x6"":1}",True,7360.0,7415.0,0.9925826028320971,25,25,26,26
epfl-arithmetic-max-internal1138-315c29a3d9,arithmetic,max.aig,internal,8,8,fixed-050-c03,0.5,4,4,4,7852623602162216485,"{""x0"":0,""x1"":0,""x4"":1,""x7"":0}",True,7320.0,7320.0,1.0,25,25,26,26
epfl-arithmetic-max-internal1138-315c29a3d9,arithmetic,max.aig,internal,8,8,fixed-075-c00,0.75,6,2,2,113730440627780413,"{""x1"":0,""x2"":1,""x3"":1,""x4"":0,""x5"":1,""x6"":0}",True,7430.0,7435.0,0.9993275050437121,25,25,26,26
epfl-arithmetic-max-internal1138-315c29a3d9,arithmetic,max.aig,internal,8,8,fixed-075-c01,0.75,6,2,2,11353988061839647971,"{""x2"":0,""x3"":0,""x4"":1,""x5"":0,""x6"":1,""x7"":0}",True,7425.0,7430.0,0.9993270524899058,25,25,26,26
epfl-arithmetic-max-internal1138-315c29a3d9,arithmetic,max.aig,internal,8,8,fixed-075-c02,0.75,6,2,2,12899994159957752134,"{""x0"":0,""x1"":0,""x2"":1,""x5"":1,""x6"":1,""x7"":1}",True,7595.0,7590.0,1.0006587615283267,25,25,26,26
epfl-arithmetic-max-internal1138-315c29a3d9,arithmetic,max.aig,internal,8,8,fixed-075-c03,0.75,6,2,2,4565113049175236492,"{""x0"":0,""x1"":0,""x2"":0,""x4"":1,""x5"":0,""x6"":1}",True,7485.0,7455.0,1.0040241448692153,25,25,26,26
epfl-arithmetic-multiplier-po3-d3b5084b79,arithmetic,multiplier.aig,po,8,8,fixed-000-c00,0.0,0,8,8,,{},True,134880.0,133865.0,1.0075822657154596,123,123,135,135
epfl-arithmetic-multiplier-po3-d3b5084b79,arithmetic,multiplier.aig,po,8,8,fixed-025-c00,0.25,2,6,6,4264982505828202728,"{""x4"":0,""x7"":1}",True,206045.0,170430.0,1.2089714252185648,123,123,135,135
epfl-arithmetic-multiplier-po3-d3b5084b79,arithmetic,multiplier.aig,po,8,8,fixed-025-c01,0.25,2,6,6,8541043204937535715,"{""x4"":1,""x6"":1}",True,140610.0,139610.0,1.0071628106869135,123,123,135,135
epfl-arithmetic-multiplier-po3-d3b5084b79,arithmetic,multiplier.aig,po,8,8,fixed-025-c02,0.25,2,6,6,2170959574034269762,"{""x4"":0,""x7"":1}",True,131175.0,133365.0,0.9835789000112474,123,123,135,135
epfl-arithmetic-multiplier-po3-d3b5084b79,arithmetic,multiplier.aig,po,8,8,fixed-025-c03,0.25,2,6,6,6046161503135334675,"{""x1"":1,""x3"":0}",True,141485.0,138395.0,1.0223273962209618,123,123,135,135
epfl-arithmetic-multiplier-po3-d3b5084b79,arithmetic,multiplier.aig,po,8,8,fixed-050-c00,0.5,4,4,4,10804107175472678680,"{""x2"":1,""x3"":0,""x6"":1,""x7"":1}",True,29790.0,30170.0,0.9874047066622472,123,123,135,135
epfl-arithmetic-multiplier-po3-d3b5084b79,arithmetic,multiplier.aig,po,8,8,fixed-050-c01,0.5,4,4,4,14484195626265705375,"{""x0"":0,""x3"":0,""x4"":0,""x7"":1}",True,30200.0,30655.0,0.9851573968357528,123,123,135,135
epfl-arithmetic-multiplier-po3-d3b5084b79,arithmetic,multiplier.aig,po,8,8,fixed-050-c02,0.5,4,4,4,1215795445174813758,"{""x4"":1,""x5"":1,""x6"":0,""x7"":1}",True,30960.0,30850.0,1.0035656401944895,123,123,135,135
epfl-arithmetic-multiplier-po3-d3b5084b79,arithmetic,multiplier.aig,po,8,8,fixed-050-c03,0.5,4,4,4,3631972110884513264,"{""x0"":1,""x3"":0,""x5"":0,""x7"":1}",True,30690.0,30915.0,0.992721979621543,123,123,135,135
epfl-arithmetic-multiplier-po3-d3b5084b79,arithmetic,multiplier.aig,po,8,8,fixed-075-c00,0.75,6,2,2,2867696158788720387,"{""x0"":1,""x1"":0,""x2"":1,""x3"":0,""x4"":0,""x7"":1}",True,28820.0,29430.0,0.9792728508324838,123,123,135,135
epfl-arithmetic-multiplier-po3-d3b5084b79,arithmetic,multiplier.aig,po,8,8,fixed-075-c01,0.75,6,2,2,4779318069439821523,"{""x0"":0,""x3"":0,""x4"":1,""x5"":1,""x6"":0,""x7"":0}",True,27100.0,26855.0,1.00912306832992,123,123,135,135
epfl-arithmetic-multiplier-po3-d3b5084b79,arithmetic,multiplier.aig,po,8,8,fixed-075-c02,0.75,6,2,2,15372951990555807340,"{""x0"":0,""x1"":1,""x4"":0,""x5"":1,""x6"":0,""x7"":1}",True,39265.0,39205.0,1.001530417038643,123,123,135,135
epfl-arithmetic-multiplier-po3-d3b5084b79,arithmetic,multiplier.aig,po,8,8,fixed-075-c03,0.75,6,2,2,14581229330041210288,"{""x0"":1,""x3"":1,""x4"":0,""x5"":0,""x6"":1,""x7"":0}",True,32255.0,40665.0,0.7931882454198943,123,123,135,135
epfl-arithmetic-multiplier-po4-54b9cbe5da,arithmetic,multiplier.aig,po,10,11,fixed-000-c00,0.0,0,10,11,,{},True,208325.0,213600.0,0.9753043071161048,199,199,220,220
epfl-arithmetic-multiplier-po4-54b9cbe5da,arithmetic,multiplier.aig,po,10,11,fixed-025-c00,0.25,2,8,9,9352711731904481976,"{""x3"":0,""x7"":1}",True,208270.0,225865.0,0.9220994842051669,199,199,220,220
epfl-arithmetic-multiplier-po4-54b9cbe5da,arithmetic,multiplier.aig,po,10,11,fixed-025-c01,0.25,2,8,9,6418658181060748975,"{""x10"":1,""x7"":1}",True,203405.0,231550.0,0.8784495789246383,199,199,220,220
epfl-arithmetic-multiplier-po4-54b9cbe5da,arithmetic,multiplier.aig,po,10,11,fixed-025-c02,0.25,2,8,9,7950732135928631860,"{""x10"":1,""x6"":0}",True,210705.0,199500.0,1.0561654135338345,199,199,220,220
epfl-arithmetic-multiplier-po4-54b9cbe5da,arithmetic,multiplier.aig,po,10,11,fixed-025-c03,0.25,2,8,9,17146666459505002763,"{""x4"":1,""x8"":0}",True,212780.0,213480.0,0.9967210043095371,199,199,220,220
epfl-arithmetic-multiplier-po4-54b9cbe5da,arithmetic,multiplier.aig,po,10,11,fixed-050-c00,0.5,5,5,6,14589738181782507846,"{""x0"":1,""x10"":1,""x3"":1,""x4"":1,""x6"":0}",True,233220.0,230965.0,1.0097633840625202,199,199,220,220
epfl-arithmetic-multiplier-po4-54b9cbe5da,arithmetic,multiplier.aig,po,10,11,fixed-050-c01,0.5,5,5,6,10254488299839110086,"{""x1"":1,""x10"":0,""x2"":0,""x6"":0,""x7"":1}",True,234070.0,264940.0,0.8834830527666642,199,199,220,220
epfl-arithmetic-multiplier-po4-54b9cbe5da,arithmetic,multiplier.aig,po,10,11,fixed-050-c02,0.5,5,5,6,18278507138970898340,"{""x0"":1,""x6"":0,""x7"":1,""x8"":1,""x9"":1}",True,239705.0,223740.0,1.071355144363994,199,199,220,220
epfl-arithmetic-multiplier-po4-54b9cbe5da,arithmetic,multiplier.aig,po,10,11,fixed-050-c03,0.5,5,5,6,17488606329595756785,"{""x10"":0,""x4"":1,""x6"":1,""x7"":1,""x9"":0}",True,239925.0,279075.0,0.8597151303413061,199,199,220,220
epfl-arithmetic-multiplier-po4-54b9cbe5da,arithmetic,multiplier.aig,po,10,11,fixed-075-c00,0.75,8,2,3,17637349739194912169,"{""x0"":1,""x10"":1,""x2"":0,""x3"":1,""x4"":1,""x6"":1,""x7"":0,""x8"":1}",True,49695.0,79375.0,0.6260787401574803,199,199,220,220
epfl-arithmetic-multiplier-po4-54b9cbe5da,arithmetic,multiplier.aig,po,10,11,fixed-075-c01,0.75,8,2,3,8969280979047686444,"{""x0"":0,""x1"":1,""x2"":1,""x3"":1,""x4"":1,""x6"":0,""x7"":0,""x8"":1}",True,44965.0,45105.0,0.9968961312493072,199,199,220,220
epfl-arithmetic-multiplier-po4-54b9cbe5da,arithmetic,multiplier.aig,po,10,11,fixed-075-c02,0.75,8,2,3,5553195379972139989,"{""x0"":0,""x10"":1,""x2"":1,""x3"":1,""x4"":1,""x7"":1,""x8"":1,""x9"":1}",True,42445.0,41355.0,1.0263571514931689,199,199,220,220
epfl-arithmetic-multiplier-po4-54b9cbe5da,arithmetic,multiplier.aig,po,10,11,fixed-075-c03,0.75,8,2,3,4490239732652903413,"{""x0"":1,""x1"":0,""x10"":0,""x2"":0,""x3"":1,""x6"":1,""x7"":1,""x8"":0}",True,39630.0,39885.0,0.9936066190297104,199,199,220,220
epfl-arithmetic-multiplier-po5-ad1045c3bc,arithmetic,multiplier.aig,po,12,12,fixed-000-c00,0.0,0,12,12,,{},True,299800.0,291565.0,1.0282441308113113,272,272,295,295
epfl-arithmetic-multiplier-po5-ad1045c3bc,arithmetic,multiplier.aig,po,12,12,fixed-025-c00,0.25,3,9,9,6753458297381217653,"{""x4"":1,""x7"":0,""x8"":0}",True,273085.0,272490.0,1.002183566369408,272,272,295,295
epfl-arithmetic-multiplier-po5-ad1045c3bc,arithmetic,multiplier.aig,po,12,12,fixed-025-c01,0.25,3,9,9,16961924143080413474,"{""x10"":1,""x3"":0,""x7"":0}",True,270220.0,280150.0,0.9645547028377655,272,272,295,295
epfl-arithmetic-multiplier-po5-ad1045c3bc,arithmetic,multiplier.aig,po,12,12,fixed-025-c02,0.25,3,9,9,4952892683624788376,"{""x1"":1,""x5"":1,""x9"":1}",True,277165.0,278715.0,0.9944387636115746,272,272,295,295
epfl-arithmetic-multiplier-po5-ad1045c3bc,arithmetic,multiplier.aig,po,12,12,fixed-025-c03,0.25,3,9,9,9049986705843146681,"{""x2"":0,""x5"":1,""x7"":0}",True,279495.0,280655.0,0.9958668115658015,272,272,295,295
epfl-arithmetic-multiplier-po5-ad1045c3bc,arithmetic,multiplier.aig,po,12,12,fixed-050-c00,0.5,6,6,6,9083788367373733697,"{""x0"":0,""x11"":0,""x2"":1,""x4"":1,""x6"":1,""x7"":0}",True,302080.0,299700.0,1.0079412746079413,272,272,295,295
epfl-arithmetic-multiplier-po5-ad1045c3bc,arithmetic,multiplier.aig,po,12,12,fixed-050-c01,0.5,6,6,6,7375466113040665468,"{""x0"":1,""x1"":0,""x11"":0,""x2"":0,""x3"":0,""x8"":1}",True,302140.0,303780.0,0.9946013562446507,272,272,295,295
epfl-arithmetic-multiplier-po5-ad1045c3bc,arithmetic,multiplier.aig,po,12,12,fixed-050-c02,0.5,6,6,6,2924639008551140314,"{""x0"":1,""x1"":1,""x10"":0,""x2"":0,""x5"":0,""x8"":1}",True,389740.0,303675.0,1.2834115419445131,272,272,295,295
epfl-arithmetic-multiplier-po5-ad1045c3bc,arithmetic,multiplier.aig,po,12,12,fixed-050-c03,0.5,6,6,6,17922887373221058715,"{""x1"":0,""x11"":0,""x2"":1,""x3"":0,""x4"":0,""x5"":1}",True,300755.0,310135.0,0.9697551066471053,272,272,295,295
epfl-arithmetic-multiplier-po5-ad1045c3bc,arithmetic,multiplier.aig,po,12,12,fixed-075-c00,0.75,9,3,3,12440974473194040198,"{""x0"":1,""x10"":1,""x11"":0,""x2"":1,""x3"":0,""x5"":1,""x7"":1,""x8"":1,""x9"":1}",True,60225.0,60170.0,1.0009140767824498,272,272,295,295
epfl-arithmetic-multiplier-po5-ad1045c3bc,arithmetic,multiplier.aig,po,12,12,fixed-075-c01,0.75,9,3,3,10273036848146134797,"{""x0"":1,""x1"":1,""x10"":1,""x2"":1,""x3"":0,""x4"":1,""x6"":1,""x7"":0,""x9"":0}",True,61005.0,60750.0,1.0041975308641975,272,272,295,295
epfl-arithmetic-multiplier-po5-ad1045c3bc,arithmetic,multiplier.aig,po,12,12,fixed-075-c02,0.75,9,3,3,15764079128838863833,"{""x0"":1,""x1"":0,""x10"":0,""x11"":0,""x2"":0,""x3"":0,""x5"":1,""x7"":0,""x8"":0}",True,61085.0,60560.0,1.0086690885072656,272,272,295,295
epfl-arithmetic-multiplier-po5-ad1045c3bc,arithmetic,multiplier.aig,po,12,12,fixed-075-c03,0.75,9,3,3,6046836674977249871,"{""x0"":0,""x10"":0,""x11"":0,""x3"":1,""x5"":1,""x6"":0,""x7"":0,""x8"":0,""x9"":0}",True,61875.0,60110.0,1.0293628348028614,272,272,295,295
epfl-arithmetic-multiplier-po6-1ed43b9012,arithmetic,multiplier.aig,po,14,14,fixed-000-c00,0.0,0,14,14,,{},True,419265.0,447360.0,0.9371982296137339,355,355,381,381
epfl-arithmetic-multiplier-po6-1ed43b9012,arithmetic,multiplier.aig,po,14,14,fixed-025-c00,0.25,4,10,10,14846634350442160336,"{""x10"":0,""x13"":1,""x7"":1,""x8"":1}",True,360620.0,365875.0,0.9856371711650154,355,355,381,381
epfl-arithmetic-multiplier-po6-1ed43b9012,arithmetic,multiplier.aig,po,14,14,fixed-025-c01,0.25,4,10,10,7658989716079376448,"{""x12"":0,""x2"":0,""x3"":1,""x9"":0}",True,348905.0,357300.0,0.9765043380912398,355,355,381,381
epfl-arithmetic-multiplier-po6-1ed43b9012,arithmetic,multiplier.aig,po,14,14,fixed-025-c02,0.25,4,10,10,2014806153508241103,"{""x1"":0,""x4"":1,""x7"":1,""x8"":0}",True,375815.0,383195.0,0.9807408760552722,355,355,381,381
epfl-arithmetic-multiplier-po6-1ed43b9012,arithmetic,multiplier.aig,po,14,14,fixed-025-c03,0.25,4,10,10,9604502951575496535,"{""x10"":1,""x11"":1,""x7"":0,""x9"":0}",True,384430.0,372540.0,1.0319160358619208,355,355,381,381
epfl-arithmetic-multiplier-po6-1ed43b9012,arithmetic,multiplier.aig,po,14,14,fixed-050-c00,0.5,7,7,7,18136001165685475348,"{""x0"":0,""x10"":0,""x11"":1,""x5"":1,""x6"":0,""x7"":0,""x9"":1}",True,350170.0,364030.0,0.9619262148724006,355,355,381,381
epfl-arithmetic-multiplier-po6-1ed43b9012,arithmetic,multiplier.aig,po,14,14,fixed-050-c01,0.5,7,7,7,8982655398876691960,"{""x1"":0,""x10"":1,""x11"":0,""x12"":0,""x3"":0,""x4"":1,""x6"":0}",True,455480.0,439015.0,1.0375044132888398,355,355,381,381
epfl-arithmetic-multiplier-po6-1ed43b9012,arithmetic,multiplier.aig,po,14,14,fixed-050-c02,0.5,7,7,7,8442023906188894720,"{""x0"":1,""x10"":1,""x11"":1,""x13"":1,""x3"":1,""x7"":1,""x8"":1}",True,402035.0,357010.0,1.1261169154925632,355,355,381,381
epfl-arithmetic-multiplier-po6-1ed43b9012,arithmetic,multiplier.aig,po,14,14,fixed-050-c03,0.5,7,7,7,10408104129963464031,"{""x0"":1,""x10"":1,""x2"":0,""x4"":0,""x5"":1,""x7"":0,""x8"":1}",True,441195.0,431500.0,1.022468134414832,355,355,381,381
epfl-arithmetic-multiplier-po6-1ed43b9012,arithmetic,multiplier.aig,po,14,14,fixed-075-c00,0.75,10,4,4,1291966968522824610,"{""x0"":0,""x1"":1,""x11"":0,""x12"":1,""x13"":0,""x2"":1,""x3"":1,""x4"":1,""x5"":1,""x8"":0}",True,85920.0,91355.0,0.9405068140769526,355,355,381,381
epfl-arithmetic-multiplier-po6-1ed43b9012,arithmetic,multiplier.aig,po,14,14,fixed-075-c01,0.75,10,4,4,5972387470101394200,"{""x1"":1,""x10"":0,""x11"":0,""x12"":0,""x13"":1,""x3"":1,""x4"":0,""x6"":0,""x7"":0,""x8"":1}",True,85485.0,86975.0,0.9828686404139121,355,355,381,381
epfl-arithmetic-multiplier-po6-1ed43b9012,arithmetic,multiplier.aig,po,14,14,fixed-075-c02,0.75,10,4,4,2772618005851466706,"{""x1"":1,""x11"":1,""x12"":1,""x13"":1,""x2"":1,""x3"":0,""x4"":1,""x5"":0,""x6"":0,""x8"":1}",True,84555.0,85605.0,0.9877343613106712,355,355,381,381
epfl-arithmetic-multiplier-po6-1ed43b9012,arithmetic,multiplier.aig,po,14,14,fixed-075-c03,0.75,10,4,4,11834463429839599386,"{""x0"":1,""x1"":1,""x11"":1,""x12"":1,""x2"":0,""x3"":1,""x6"":0,""x7"":0,""x8"":0,""x9"":0}",True,84870.0,84690.0,1.002125398512221,355,355,381,381
epfl-arithmetic-multiplier-internal72-32d8a19161,arithmetic,multiplier.aig,internal,8,8,fixed-000-c00,0.0,0,8,8,,{},True,59455.0,60440.0,0.9837028457974851,53,53,63,63
epfl-arithmetic-multiplier-internal72-32d8a19161,arithmetic,multiplier.aig,internal,8,8,fixed-025-c00,0.25,2,6,6,4774373107520394620,"{""x4"":0,""x5"":1}",True,69400.0,70055.0,0.9906502034116051,53,53,63,63
epfl-arithmetic-multiplier-internal72-32d8a19161,arithmetic,multiplier.aig,internal,8,8,fixed-025-c01,0.25,2,6,6,2677466734673736957,"{""x3"":1,""x4"":1}",True,68860.0,69995.0,0.9837845560397172,53,53,63,63
epfl-arithmetic-multiplier-internal72-32d8a19161,arithmetic,multiplier.aig,internal,8,8,fixed-025-c02,0.25,2,6,6,18055871786558441253,"{""x1"":0,""x3"":0}",True,68945.0,69650.0,0.9898779612347451,53,53,63,63
epfl-arithmetic-multiplier-internal72-32d8a19161,arithmetic,multiplier.aig,internal,8,8,fixed-025-c03,0.25,2,6,6,12239199425936732470,"{""x2"":0,""x7"":0}",True,71565.0,73305.0,0.9762635563740536,53,53,63,63
epfl-arithmetic-multiplier-internal72-32d8a19161,arithmetic,multiplier.aig,internal,8,8,fixed-050-c00,0.5,4,4,4,17761022248892356058,"{""x0"":0,""x2"":1,""x4"":0,""x7"":0}",True,13845.0,13985.0,0.9899892742223811,53,53,63,63
epfl-arithmetic-multiplier-internal72-32d8a19161,arithmetic,multiplier.aig,internal,8,8,fixed-050-c01,0.5,4,4,4,10640006429842805344,"{""x0"":0,""x1"":1,""x2"":1,""x3"":0}",True,16530.0,25850.0,0.639458413926499,53,53,63,63
epfl-arithmetic-multiplier-internal72-32d8a19161,arithmetic,multiplier.aig,internal,8,8,fixed-050-c02,0.5,4,4,4,2940835940683167980,"{""x0"":0,""x2"":1,""x3"":1,""x7"":1}",True,13875.0,13935.0,0.9956942949407965,53,53,63,63
epfl-arithmetic-multiplier-internal72-32d8a19161,arithmetic,multiplier.aig,internal,8,8,fixed-050-c03,0.5,4,4,4,17430306125093760305,"{""x0"":1,""x3"":0,""x4"":1,""x5"":1}",True,13460.0,13515.0,0.9959304476507584,53,53,63,63
epfl-arithmetic-multiplier-internal72-32d8a19161,arithmetic,multiplier.aig,internal,8,8,fixed-075-c00,0.75,6,2,2,16795470647391507800,"{""x0"":0,""x2"":1,""x3"":0,""x4"":0,""x5"":0,""x7"":0}",True,12880.0,12870.0,1.0007770007770007,53,53,63,63
epfl-arithmetic-multiplier-internal72-32d8a19161,arithmetic,multiplier.aig,internal,8,8,fixed-075-c01,0.75,6,2,2,5955613323803099482,"{""x0"":1,""x1"":1,""x2"":1,""x5"":1,""x6"":0,""x7"":0}",True,12840.0,12805.0,1.0027333073018352,53,53,63,63
epfl-arithmetic-multiplier-internal72-32d8a19161,arithmetic,multiplier.aig,internal,8,8,fixed-075-c02,0.75,6,2,2,5262379617528792911,"{""x0"":1,""x1"":0,""x2"":1,""x3"":1,""x4"":1,""x5"":1}",True,17485.0,14470.0,1.2083621285418107,53,53,63,63
epfl-arithmetic-multiplier-internal72-32d8a19161,arithmetic,multiplier.aig,internal,8,8,fixed-075-c03,0.75,6,2,2,6286065932207757633,"{""x0"":1,""x1"":0,""x3"":0,""x4"":1,""x5"":0,""x7"":1}",True,13405.0,13330.0,1.0056264066016505,53,53,63,63
epfl-arithmetic-multiplier-internal2314-b18e1af7fc,arithmetic,multiplier.aig,internal,15,15,fixed-000-c00,0.0,0,15,15,,{},True,198495.0,248240.0,0.7996092491137609,114,114,130,130
epfl-arithmetic-multiplier-internal2314-b18e1af7fc,arithmetic,multiplier.aig,internal,15,15,fixed-025-c00,0.25,4,11,11,261158183692046021,"{""x0"":1,""x11"":0,""x2"":1,""x4"":0}",True,123260.0,126665.0,0.9731180673429913,114,114,130,130
epfl-arithmetic-multiplier-internal2314-b18e1af7fc,arithmetic,multiplier.aig,internal,15,15,fixed-025-c01,0.25,4,11,11,17001332145693587868,"{""x11"":1,""x14"":1,""x2"":0,""x3"":0}",True,131170.0,133310.0,0.9839471907583827,114,114,130,130
epfl-arithmetic-multiplier-internal2314-b18e1af7fc,arithmetic,multiplier.aig,internal,15,15,fixed-025-c02,0.25,4,11,11,3312567919689206355,"{""x10"":0,""x4"":0,""x5"":1,""x7"":1}",True,124965.0,124345.0,1.0049861273070892,114,114,130,130
epfl-arithmetic-multiplier-internal2314-b18e1af7fc,arithmetic,multiplier.aig,internal,15,15,fixed-025-c03,0.25,4,11,11,10875825255557229952,"{""x13"":1,""x2"":1,""x5"":1,""x8"":1}",True,124555.0,125295.0,0.9940939383055988,114,114,130,130
epfl-arithmetic-multiplier-internal2314-b18e1af7fc,arithmetic,multiplier.aig,internal,15,15,fixed-050-c00,0.5,8,7,7,2591455640132267711,"{""x0"":1,""x11"":0,""x12"":1,""x2"":0,""x4"":1,""x7"":0,""x8"":0,""x9"":0}",True,120965.0,121965.0,0.991800926495306,114,114,130,130
epfl-arithmetic-multiplier-internal2314-b18e1af7fc,arithmetic,multiplier.aig,internal,15,15,fixed-050-c01,0.5,8,7,7,4984654637551187026,"{""x10"":0,""x11"":1,""x12"":1,""x5"":1,""x6"":1,""x7"":0,""x8"":0,""x9"":0}",True,124920.0,119620.0,1.0443069720782479,114,114,130,130
epfl-arithmetic-multiplier-internal2314-b18e1af7fc,arithmetic,multiplier.aig,internal,15,15,fixed-050-c02,0.5,8,7,7,4974886889698628028,"{""x0"":1,""x10"":0,""x12"":1,""x14"":0,""x2"":1,""x4"":0,""x7"":1,""x9"":0}",True,120800.0,119135.0,1.0139757418055149,114,114,130,130
epfl-arithmetic-multiplier-internal2314-b18e1af7fc,arithmetic,multiplier.aig,internal,15,15,fixed-050-c03,0.5,8,7,7,16443297734474879439,"{""x0"":0,""x1"":1,""x10"":1,""x13"":0,""x14"":1,""x2"":0,""x7"":0,""x9"":1}",True,131530.0,128005.0,1.0275379867973908,114,114,130,130
epfl-arithmetic-multiplier-internal2314-b18e1af7fc,arithmetic,multiplier.aig,internal,15,15,fixed-075-c00,0.75,11,4,4,4761562791748015302,"{""x0"":1,""x1"":0,""x11"":1,""x14"":1,""x2"":0,""x3"":1,""x4"":0,""x5"":0,""x6"":0,""x8"":0,""x9"":1}",True,25860.0,26240.0,0.9855182926829268,114,114,130,130
epfl-arithmetic-multiplier-internal2314-b18e1af7fc,arithmetic,multiplier.aig,internal,15,15,fixed-075-c01,0.75,11,4,4,3062138560659269581,"{""x0"":0,""x1"":0,""x10"":1,""x11"":1,""x12"":1,""x13"":1,""x2"":1,""x4"":1,""x5"":1,""x7"":0,""x9"":0}",True,50750.0,41695.0,1.217172322820482,114,114,130,130
epfl-arithmetic-multiplier-internal2314-b18e1af7fc,arithmetic,multiplier.aig,internal,15,15,fixed-075-c02,0.75,11,4,4,2200164364343944742,"{""x0"":0,""x1"":0,""x10"":1,""x11"":1,""x12"":1,""x2"":0,""x4"":1,""x6"":1,""x7"":1,""x8"":1,""x9"":0}",True,27415.0,26945.0,1.0174429393208388,114,114,130,130
epfl-arithmetic-multiplier-internal2314-b18e1af7fc,arithmetic,multiplier.aig,internal,15,15,fixed-075-c03,0.75,11,4,4,17234530638728621041,"{""x0"":1,""x1"":0,""x11"":0,""x12"":1,""x14"":1,""x3"":1,""x4"":1,""x6"":1,""x7"":0,""x8"":1,""x9"":0}",True,29900.0,32495.0,0.9201415602400369,114,114,130,130
epfl-arithmetic-multiplier-internal7576-a86c4496f1,arithmetic,multiplier.aig,internal,16,16,fixed-000-c00,0.0,0,16,16,,{},True,262190.0,236650.0,1.1079230931755757,121,121,138,138
epfl-arithmetic-multiplier-internal7576-a86c4496f1,arithmetic,multiplier.aig,internal,16,16,fixed-025-c00,0.25,4,12,12,10127826989146338622,"{""x0"":0,""x1"":0,""x13"":1,""x2"":0}",True,149205.0,149665.0,0.9969264691143553,121,121,138,138
epfl-arithmetic-multiplier-internal7576-a86c4496f1,arithmetic,multiplier.aig,internal,16,16,fixed-025-c01,0.25,4,12,12,4443436167069522435,"{""x10"":1,""x3"":0,""x4"":1,""x9"":0}",True,157525.0,142810.0,1.1030390028709474,121,121,138,138
epfl-arithmetic-multiplier-internal7576-a86c4496f1,arithmetic,multiplier.aig,internal,16,16,fixed-025-c02,0.25,4,12,12,11618309925081229346,"{""x10"":1,""x13"":1,""x5"":1,""x8"":0}",True,131420.0,131690.0,0.9979497304275192,121,121,138,138
epfl-arithmetic-multiplier-internal7576-a86c4496f1,arithmetic,multiplier.aig,internal,16,16,fixed-025-c03,0.25,4,12,12,7595038111242781223,"{""x1"":1,""x13"":0,""x15"":0,""x5"":1}",True,133510.0,133730.0,0.9983548941897854,121,121,138,138
epfl-arithmetic-multiplier-internal7576-a86c4496f1,arithmetic,multiplier.aig,internal,16,16,fixed-050-c00,0.5,8,8,8,686138786724075063,"{""x0"":1,""x10"":0,""x11"":0,""x12"":1,""x15"":0,""x3"":1,""x7"":1,""x9"":1}",True,145405.0,145565.0,0.9989008346786659,121,121,138,138
epfl-arithmetic-multiplier-internal7576-a86c4496f1,arithmetic,multiplier.aig,internal,16,16,fixed-050-c01,0.5,8,8,8,14477692231808149868,"{""x1"":1,""x10"":1,""x2"":0,""x3"":1,""x4"":1,""x5"":1,""x7"":1,""x9"":0}",True,131410.0,130445.0,1.0073977538426158,121,121,138,138
epfl-arithmetic-multiplier-internal7576-a86c4496f1,arithmetic,multiplier.aig,internal,16,16,fixed-050-c02,0.5,8,8,8,17448736648132569063,"{""x0"":1,""x11"":1,""x12"":0,""x13"":1,""x14"":0,""x3"":1,""x5"":0,""x8"":1}",True,129935.0,127870.0,1.016149214045515,121,121,138,138
epfl-arithmetic-multiplier-internal7576-a86c4496f1,arithmetic,multiplier.aig,internal,16,16,fixed-050-c03,0.5,8,8,8,13230189713520122722,"{""x10"":0,""x13"":1,""x14"":1,""x15"":0,""x3"":0,""x4"":1,""x6"":1,""x7"":1}",True,139390.0,133575.0,1.0435335953584128,121,121,138,138
epfl-arithmetic-multiplier-internal7576-a86c4496f1,arithmetic,multiplier.aig,internal,16,16,fixed-075-c00,0.75,12,4,4,14564748293935475264,"{""x0"":0,""x1"":0,""x10"":1,""x11"":0,""x13"":0,""x14"":0,""x3"":0,""x4"":1,""x5"":0,""x6"":0,""x7"":0,""x9"":1}",True,30980.0,32885.0,0.9420708529724798,121,121,138,138
epfl-arithmetic-multiplier-internal7576-a86c4496f1,arithmetic,multiplier.aig,internal,16,16,fixed-075-c01,0.75,12,4,4,2488936284333920471,"{""x0"":0,""x1"":1,""x10"":1,""x11"":1,""x12"":0,""x13"":0,""x14"":1,""x15"":0,""x3"":1,""x5"":0,""x6"":1,""x8"":1}",True,29935.0,28935.0,1.0345602211854157,121,121,138,138
epfl-arithmetic-multiplier-internal7576-a86c4496f1,arithmetic,multiplier.aig,internal,16,16,fixed-075-c02,0.75,12,4,4,6122482198070574383,"{""x1"":0,""x11"":1,""x12"":0,""x13"":0,""x14"":0,""x15"":0,""x2"":1,""x3"":0,""x5"":1,""x6"":0,""x8"":0,""x9"":1}",True,42720.0,41645.0,1.0258134229799496,121,121,138,138
epfl-arithmetic-multiplier-internal7576-a86c4496f1,arithmetic,multiplier.aig,internal,16,16,fixed-075-c03,0.75,12,4,4,9295372458512953856,"{""x0"":1,""x1"":1,""x10"":1,""x11"":0,""x13"":1,""x3"":1,""x4"":1,""x5"":1,""x6"":1,""x7"":1,""x8"":0,""x9"":1}",True,28625.0,27795.0,1.0298614858787551,121,121,138,138
epfl-arithmetic-multiplier-internal26856-ce1452e666,arithmetic,multiplier.aig,internal,8,8,fixed-000-c00,0.0,0,8,8,,{},True,73320.0,75010.0,0.9774696707105719,45,45,45,45
epfl-arithmetic-multiplier-internal26856-ce1452e666,arithmetic,multiplier.aig,internal,8,8,fixed-025-c00,0.25,2,6,6,7066024022212352955,"{""x3"":1,""x7"":1}",True,53920.0,71710.0,0.7519174452656533,45,45,45,45
epfl-arithmetic-multiplier-internal26856-ce1452e666,arithmetic,multiplier.aig,internal,8,8,fixed-025-c01,0.25,2,6,6,3330300516155944132,"{""x2"":0,""x4"":0}",True,88345.0,51540.0,1.714105549088087,45,45,45,45
epfl-arithmetic-multiplier-internal26856-ce1452e666,arithmetic,multiplier.aig,internal,8,8,fixed-025-c02,0.25,2,6,6,7103414398039425211,"{""x0"":0,""x5"":0}",True,44545.0,44075.0,1.0106636415201362,45,45,45,45
epfl-arithmetic-multiplier-internal26856-ce1452e666,arithmetic,multiplier.aig,internal,8,8,fixed-025-c03,0.25,2,6,6,6904382751148123585,"{""x1"":0,""x4"":1}",True,42740.0,42670.0,1.0016404968361847,45,45,45,45
epfl-arithmetic-multiplier-internal26856-ce1452e666,arithmetic,multiplier.aig,internal,8,8,fixed-050-c00,0.5,4,4,4,15910512651778018832,"{""x1"":1,""x2"":1,""x5"":1,""x6"":1}",True,11065.0,11100.0,0.9968468468468469,45,45,45,45
epfl-arithmetic-multiplier-internal26856-ce1452e666,arithmetic,multiplier.aig,internal,8,8,fixed-050-c01,0.5,4,4,4,8002226710876976319,"{""x2"":1,""x4"":0,""x6"":1,""x7"":1}",True,10965.0,11005.0,0.9963652885052249,45,45,45,45
epfl-arithmetic-multiplier-internal26856-ce1452e666,arithmetic,multiplier.aig,internal,8,8,fixed-050-c02,0.5,4,4,4,15926957715457708293,"{""x1"":0,""x3"":1,""x4"":1,""x5"":1}",True,11005.0,11000.0,1.0004545454545455,45,45,45,45
epfl-arithmetic-multiplier-internal26856-ce1452e666,arithmetic,multiplier.aig,internal,8,8,fixed-050-c03,0.5,4,4,4,11588122672294246528,"{""x1"":0,""x5"":0,""x6"":0,""x7"":1}",True,10670.0,10635.0,1.003291020216267,45,45,45,45
epfl-arithmetic-multiplier-internal26856-ce1452e666,arithmetic,multiplier.aig,internal,8,8,fixed-075-c00,0.75,6,2,2,6955102342649368302,"{""x0"":0,""x1"":0,""x2"":0,""x3"":1,""x5"":1,""x6"":0}",True,10245.0,10330.0,0.9917715392061955,45,45,45,45
epfl-arithmetic-multiplier-internal26856-ce1452e666,arithmetic,multiplier.aig,internal,8,8,fixed-075-c01,0.75,6,2,2,9060330790541108040,"{""x0"":0,""x1"":0,""x2"":1,""x3"":1,""x4"":1,""x6"":0}",True,10315.0,10375.0,0.9942168674698795,45,45,45,45
epfl-arithmetic-multiplier-internal26856-ce1452e666,arithmetic,multiplier.aig,internal,8,8,fixed-075-c02,0.75,6,2,2,16993153765344561806,"{""x0"":1,""x2"":0,""x4"":0,""x5"":0,""x6"":1,""x7"":1}",True,10425.0,10380.0,1.004335260115607,45,45,45,45
epfl-arithmetic-multiplier-internal26856-ce1452e666,arithmetic,multiplier.aig,internal,8,8,fixed-075-c03,0.75,6,2,2,8990696785923924599,"{""x0"":0,""x1"":0,""x2"":1,""x3"":1,""x4"":1,""x7"":1}",True,10550.0,10495.0,1.0052405907575035,45,45,45,45
epfl-arithmetic-sin-internal473-3d94727928,arithmetic,sin.aig,internal,15,15,fixed-000-c00,0.0,0,15,15,,{},True,43965.0,43140.0,1.0191237830319888,22,22,34,34
epfl-arithmetic-sin-internal473-3d94727928,arithmetic,sin.aig,internal,15,15,fixed-025-c00,0.25,4,11,11,14968111092936317368,"{""x11"":0,""x12"":0,""x4"":0,""x6"":1}",True,29095.0,29130.0,0.9987984895296945,22,22,34,34
epfl-arithmetic-sin-internal473-3d94727928,arithmetic,sin.aig,internal,15,15,fixed-025-c01,0.25,4,11,11,3948939525008071248,"{""x10"":0,""x11"":0,""x4"":1,""x6"":1}",True,29635.0,29555.0,1.002706817797327,22,22,34,34
epfl-arithmetic-sin-internal473-3d94727928,arithmetic,sin.aig,internal,15,15,fixed-025-c02,0.25,4,11,11,5623725261919624459,"{""x2"":1,""x4"":1,""x5"":0,""x8"":0}",True,29455.0,29390.0,1.0022116366110922,22,22,34,34
epfl-arithmetic-sin-internal473-3d94727928,arithmetic,sin.aig,internal,15,15,fixed-025-c03,0.25,4,11,11,2454636220247283643,"{""x0"":0,""x1"":1,""x2"":1,""x6"":0}",True,29515.0,29705.0,0.993603770409022,22,22,34,34
epfl-arithmetic-sin-internal473-3d94727928,arithmetic,sin.aig,internal,15,15,fixed-050-c00,0.5,8,7,7,11014440430642463153,"{""x0"":0,""x11"":1,""x14"":1,""x4"":0,""x5"":0,""x6"":1,""x8"":0,""x9"":0}",True,30300.0,30640.0,0.9889033942558747,22,22,34,34
epfl-arithmetic-sin-internal473-3d94727928,arithmetic,sin.aig,internal,15,15,fixed-050-c01,0.5,8,7,7,8101859624961278228,"{""x0"":0,""x11"":0,""x12"":1,""x13"":1,""x14"":1,""x2"":0,""x4"":0,""x6"":1}",True,29275.0,29160.0,1.0039437585733881,22,22,34,34
epfl-arithmetic-sin-internal473-3d94727928,arithmetic,sin.aig,internal,15,15,fixed-050-c02,0.5,8,7,7,18162431545824864028,"{""x0"":0,""x1"":0,""x13"":1,""x14"":0,""x3"":1,""x6"":1,""x8"":0,""x9"":0}",True,29065.0,29140.0,0.9974262182566919,22,22,34,34
epfl-arithmetic-sin-internal473-3d94727928,arithmetic,sin.aig,internal,15,15,fixed-050-c03,0.5,8,7,7,6933145478012347034,"{""x11"":0,""x13"":1,""x14"":1,""x3"":0,""x4"":0,""x5"":1,""x7"":1,""x9"":0}",True,29475.0,29785.0,0.9895920765485983,22,22,34,34
epfl-arithmetic-sin-internal473-3d94727928,arithmetic,sin.aig,internal,15,15,fixed-075-c00,0.75,11,4,4,11196130551018070755,"{""x10"":0,""x11"":0,""x13"":0,""x14"":1,""x2"":0,""x3"":0,""x4"":0,""x5"":1,""x7"":0,""x8"":0,""x9"":1}",True,7915.0,8060.0,0.9820099255583127,22,22,34,34
epfl-arithmetic-sin-internal473-3d94727928,arithmetic,sin.aig,internal,15,15,fixed-075-c01,0.75,11,4,4,15177722958393811136,"{""x0"":0,""x1"":0,""x10"":1,""x11"":0,""x12"":0,""x13"":0,""x14"":0,""x2"":0,""x3"":1,""x8"":0,""x9"":1}",True,8040.0,8115.0,0.9907578558225508,22,22,34,34
epfl-arithmetic-sin-internal473-3d94727928,arithmetic,sin.aig,internal,15,15,fixed-075-c02,0.75,11,4,4,1646172348880488676,"{""x0"":0,""x1"":0,""x11"":0,""x12"":1,""x13"":0,""x2"":0,""x4"":1,""x5"":1,""x7"":1,""x8"":1,""x9"":0}",True,8260.0,8135.0,1.0153657037492316,22,22,34,34
epfl-arithmetic-sin-internal473-3d94727928,arithmetic,sin.aig,internal,15,15,fixed-075-c03,0.75,11,4,4,3395193663929125010,"{""x0"":0,""x1"":0,""x10"":1,""x13"":0,""x14"":0,""x2"":1,""x4"":0,""x5"":0,""x7"":0,""x8"":1,""x9"":0}",True,8255.0,8235.0,1.002428658166363,22,22,34,34
epfl-arithmetic-sin-internal618-7a9d438d5b,arithmetic,sin.aig,internal,13,13,fixed-000-c00,0.0,0,13,13,,{},True,25920.0,26020.0,0.9961568024596464,16,16,26,26
epfl-arithmetic-sin-internal618-7a9d438d5b,arithmetic,sin.aig,internal,13,13,fixed-025-c00,0.25,3,10,10,14862050611523332945,"{""x3"":0,""x4"":0,""x7"":1}",True,26235.0,24640.0,1.0647321428571428,16,16,26,26
epfl-arithmetic-sin-internal618-7a9d438d5b,arithmetic,sin.aig,internal,13,13,fixed-025-c01,0.25,3,10,10,9748574262175381516,"{""x1"":0,""x2"":1,""x9"":0}",True,37065.0,36680.0,1.0104961832061068,16,16,26,26
epfl-arithmetic-sin-internal618-7a9d438d5b,arithmetic,sin.aig,internal,13,13,fixed-025-c02,0.25,3,10,10,9679799846897917729,"{""x1"":0,""x10"":0,""x3"":0}",True,23640.0,23620.0,1.0008467400508043,16,16,26,26
epfl-arithmetic-sin-internal618-7a9d438d5b,arithmetic,sin.aig,internal,13,13,fixed-025-c03,0.25,3,10,10,10499716184146054254,"{""x2"":1,""x5"":0,""x8"":0}",True,23345.0,23345.0,1.0,16,16,26,26
epfl-arithmetic-sin-internal618-7a9d438d5b,arithmetic,sin.aig,internal,13,13,fixed-050-c00,0.5,6,7,7,13608656867630212410,"{""x0"":1,""x11"":0,""x12"":1,""x3"":1,""x5"":0,""x7"":0}",True,23445.0,23350.0,1.00406852248394,16,16,26,26
epfl-arithmetic-sin-internal618-7a9d438d5b,arithmetic,sin.aig,internal,13,13,fixed-050-c01,0.5,6,7,7,2480283914615139000,"{""x1"":1,""x10"":0,""x11"":0,""x12"":1,""x3"":0,""x9"":1}",True,23255.0,23205.0,1.002154708037061,16,16,26,26
epfl-arithmetic-sin-internal618-7a9d438d5b,arithmetic,sin.aig,internal,13,13,fixed-050-c02,0.5,6,7,7,15704809126720212911,"{""x0"":1,""x10"":0,""x11"":0,""x4"":0,""x7"":0,""x9"":1}",True,23065.0,23110.0,0.9980527909995673,16,16,26,26
epfl-arithmetic-sin-internal618-7a9d438d5b,arithmetic,sin.aig,internal,13,13,fixed-050-c03,0.5,6,7,7,3575650848830004779,"{""x0"":1,""x1"":0,""x11"":1,""x12"":0,""x4"":1,""x5"":1}",True,22935.0,23210.0,0.9881516587677726,16,16,26,26
epfl-arithmetic-sin-internal618-7a9d438d5b,arithmetic,sin.aig,internal,13,13,fixed-075-c00,0.75,10,3,3,10458857742916016885,"{""x0"":0,""x1"":0,""x10"":0,""x12"":1,""x3"":0,""x4"":0,""x5"":1,""x7"":1,""x8"":0,""x9"":1}",True,6280.0,6385.0,0.9835552075176194,16,16,26,26
epfl-arithmetic-sin-internal618-7a9d438d5b,arithmetic,sin.aig,internal,13,13,fixed-075-c01,0.75,10,3,3,17700246279845989321,"{""x0"":0,""x1"":1,""x10"":0,""x11"":0,""x12"":1,""x2"":0,""x3"":0,""x4"":1,""x8"":0,""x9"":1}",True,6330.0,6315.0,1.002375296912114,16,16,26,26
epfl-arithmetic-sin-internal618-7a9d438d5b,arithmetic,sin.aig,internal,13,13,fixed-075-c02,0.75,10,3,3,10202363581578543262,"{""x0"":1,""x1"":1,""x10"":1,""x12"":1,""x2"":0,""x3"":0,""x4"":1,""x6"":0,""x7"":0,""x9"":1}",True,6475.0,6475.0,1.0,16,16,26,26
epfl-arithmetic-sin-internal618-7a9d438d5b,arithmetic,sin.aig,internal,13,13,fixed-075-c03,0.75,10,3,3,653083351858757690,"{""x0"":0,""x1"":1,""x11"":0,""x12"":0,""x2"":0,""x3"":0,""x4"":1,""x5"":1,""x7"":1,""x8"":0}",True,5935.0,6010.0,0.9875207986688852,16,16,26,26
epfl-arithmetic-sin-internal960-85572a6224,arithmetic,sin.aig,internal,8,8,fixed-000-c00,0.0,0,8,8,,{},True,13725.0,13890.0,0.9881209503239741,11,11,16,16
epfl-arithmetic-sin-internal960-85572a6224,arithmetic,sin.aig,internal,8,8,fixed-025-c00,0.25,2,6,6,330414744308919428,"{""x0"":0,""x1"":1}",True,18520.0,18515.0,1.0002700513097489,11,11,16,16
epfl-arithmetic-sin-internal960-85572a6224,arithmetic,sin.aig,internal,8,8,fixed-025-c01,0.25,2,6,6,15402069583984117296,"{""x1"":1,""x2"":0}",True,18805.0,18815.0,0.9994685091682168,11,11,16,16
epfl-arithmetic-sin-internal960-85572a6224,arithmetic,sin.aig,internal,8,8,fixed-025-c02,0.25,2,6,6,2960491008739088729,"{""x0"":0,""x1"":1}",True,18935.0,18935.0,1.0,11,11,16,16
epfl-arithmetic-sin-internal960-85572a6224,arithmetic,sin.aig,internal,8,8,fixed-025-c03,0.25,2,6,6,6301335820597061560,"{""x2"":1,""x4"":0}",True,30375.0,30595.0,0.9928092825625102,11,11,16,16
epfl-arithmetic-sin-internal960-85572a6224,arithmetic,sin.aig,internal,8,8,fixed-050-c00,0.5,4,4,4,15574023642003750634,"{""x0"":1,""x4"":0,""x6"":0,""x7"":1}",True,8575.0,8565.0,1.0011675423234092,11,11,16,16
epfl-arithmetic-sin-internal960-85572a6224,arithmetic,sin.aig,internal,8,8,fixed-050-c01,0.5,4,4,4,83970619782115556,"{""x2"":0,""x3"":1,""x4"":0,""x6"":1}",True,8520.0,8940.0,0.9530201342281879,11,11,16,16
epfl-arithmetic-sin-internal960-85572a6224,arithmetic,sin.aig,internal,8,8,fixed-050-c02,0.5,4,4,4,5531559105132585015,"{""x0"":0,""x1"":1,""x2"":0,""x4"":1}",True,8100.0,8560.0,0.9462616822429907,11,11,16,16
epfl-arithmetic-sin-internal960-85572a6224,arithmetic,sin.aig,internal,8,8,fixed-050-c03,0.5,4,4,4,15699980812011567443,"{""x2"":1,""x5"":1,""x6"":1,""x7"":0}",True,6285.0,6270.0,1.0023923444976077,11,11,16,16
epfl-arithmetic-sin-internal960-85572a6224,arithmetic,sin.aig,internal,8,8,fixed-075-c00,0.75,6,2,2,321277144236842169,"{""x0"":1,""x1"":0,""x3"":1,""x4"":1,""x5"":1,""x6"":0}",True,6370.0,6500.0,0.98,11,11,16,16
epfl-arithmetic-sin-internal960-85572a6224,arithmetic,sin.aig,internal,8,8,fixed-075-c01,0.75,6,2,2,6917441811069549197,"{""x0"":0,""x2"":1,""x3"":0,""x5"":1,""x6"":0,""x7"":1}",True,6415.0,6355.0,1.009441384736428,11,11,16,16
epfl-arithmetic-sin-internal960-85572a6224,arithmetic,sin.aig,internal,8,8,fixed-075-c02,0.75,6,2,2,962858114723110233,"{""x0"":1,""x1"":1,""x3"":1,""x4"":0,""x5"":0,""x6"":0}",True,6410.0,6445.0,0.9945694336695112,11,11,16,16
epfl-arithmetic-sin-internal960-85572a6224,arithmetic,sin.aig,internal,8,8,fixed-075-c03,0.75,6,2,2,3970359812620048296,"{""x0"":0,""x1"":1,""x2"":1,""x4"":0,""x6"":1,""x7"":0}",True,6505.0,6520.0,0.9976993865030674,11,11,16,16
epfl-arithmetic-sin-internal2610-34083b18d5,arithmetic,sin.aig,internal,14,14,fixed-000-c00,0.0,0,14,14,,{},True,52540.0,52830.0,0.9945106946810525,41,41,51,51
epfl-arithmetic-sin-internal2610-34083b18d5,arithmetic,sin.aig,internal,14,14,fixed-025-c00,0.25,4,10,10,4159515323130045050,"{""x1"":1,""x10"":0,""x2"":1,""x6"":0}",True,46420.0,46290.0,1.0028083819399438,41,41,51,51
epfl-arithmetic-sin-internal2610-34083b18d5,arithmetic,sin.aig,internal,14,14,fixed-025-c01,0.25,4,10,10,10541024321674831319,"{""x10"":1,""x13"":0,""x5"":0,""x6"":0}",True,47385.0,46935.0,1.009587727708533,41,41,51,51
epfl-arithmetic-sin-internal2610-34083b18d5,arithmetic,sin.aig,internal,14,14,fixed-025-c02,0.25,4,10,10,17269839370697809165,"{""x0"":1,""x1"":0,""x7"":1,""x8"":1}",True,47870.0,47330.0,1.011409254172829,41,41,51,51
epfl-arithmetic-sin-internal2610-34083b18d5,arithmetic,sin.aig,internal,14,14,fixed-025-c03,0.25,4,10,10,7677071332289546902,"{""x11"":1,""x13"":1,""x3"":0,""x5"":1}",True,47655.0,47635.0,1.0004198593471187,41,41,51,51
epfl-arithmetic-sin-internal2610-34083b18d5,arithmetic,sin.aig,internal,14,14,fixed-050-c00,0.5,7,7,7,8075194034031134082,"{""x1"":1,""x10"":0,""x12"":1,""x2"":1,""x3"":1,""x7"":0,""x9"":0}",True,46760.0,46820.0,0.9987184963690731,41,41,51,51
epfl-arithmetic-sin-internal2610-34083b18d5,arithmetic,sin.aig,internal,14,14,fixed-050-c01,0.5,7,7,7,1641021762372237195,"{""x1"":1,""x11"":0,""x13"":1,""x5"":0,""x6"":1,""x8"":1,""x9"":1}",True,46675.0,46975.0,0.9936136242682277,41,41,51,51
epfl-arithmetic-sin-internal2610-34083b18d5,arithmetic,sin.aig,internal,14,14,fixed-050-c02,0.5,7,7,7,17018671774787008971,"{""x10"":1,""x11"":1,""x12"":1,""x2"":1,""x3"":1,""x5"":0,""x9"":0}",True,46465.0,46520.0,0.9988177128116938,41,41,51,51
epfl-arithmetic-sin-internal2610-34083b18d5,arithmetic,sin.aig,internal,14,14,fixed-050-c03,0.5,7,7,7,18238438822539051334,"{""x0"":0,""x1"":1,""x11"":0,""x12"":0,""x3"":0,""x5"":0,""x7"":1}",True,46830.0,46915.0,0.9981882127251412,41,41,51,51
epfl-arithmetic-sin-internal2610-34083b18d5,arithmetic,sin.aig,internal,14,14,fixed-075-c00,0.75,10,4,4,14875463084342166000,"{""x1"":1,""x10"":0,""x11"":0,""x13"":1,""x3"":0,""x4"":1,""x5"":0,""x6"":1,""x7"":0,""x9"":0}",True,11900.0,12050.0,0.9875518672199171,41,41,51,51
epfl-arithmetic-sin-internal2610-34083b18d5,arithmetic,sin.aig,internal,14,14,fixed-075-c01,0.75,10,4,4,1230137153393316083,"{""x10"":1,""x11"":1,""x12"":1,""x13"":1,""x2"":1,""x4"":0,""x6"":0,""x7"":0,""x8"":0,""x9"":1}",True,12130.0,12190.0,0.9950779327317474,41,41,51,51
epfl-arithmetic-sin-internal2610-34083b18d5,arithmetic,sin.aig,internal,14,14,fixed-075-c02,0.75,10,4,4,9948602781476588597,"{""x0"":0,""x1"":1,""x12"":1,""x13"":0,""x2"":1,""x4"":1,""x5"":1,""x6"":0,""x7"":1,""x8"":0}",True,12340.0,12220.0,1.0098199672667758,41,41,51,51
epfl-arithmetic-sin-internal2610-34083b18d5,arithmetic,sin.aig,internal,14,14,fixed-075-c03,0.75,10,4,4,10919965951182809041,"{""x0"":1,""x1"":1,""x10"":0,""x11"":1,""x2"":1,""x3"":1,""x4"":1,""x5"":0,""x6"":1,""x7"":0}",True,12505.0,12595.0,0.9928543072647876,41,41,51,51
epfl-arithmetic-sin-internal2639-ac10ac7863,arithmetic,sin.aig,internal,13,13,fixed-000-c00,0.0,0,13,13,,{},True,46125.0,47000.0,0.9813829787234043,38,38,46,46
epfl-arithmetic-sin-internal2639-ac10ac7863,arithmetic,sin.aig,internal,13,13,fixed-025-c00,0.25,3,10,10,4098813728447191472,"{""x10"":1,""x12"":1,""x4"":0}",True,43870.0,43550.0,1.0073478760045924,38,38,46,46
epfl-arithmetic-sin-internal2639-ac10ac7863,arithmetic,sin.aig,internal,13,13,fixed-025-c01,0.25,3,10,10,12980166880446565066,"{""x10"":0,""x3"":0,""x5"":0}",True,40820.0,40835.0,0.9996326680543651,38,38,46,46
epfl-arithmetic-sin-internal2639-ac10ac7863,arithmetic,sin.aig,internal,13,13,fixed-025-c02,0.25,3,10,10,17582705807463547108,"{""x11"":1,""x7"":0,""x9"":0}",True,41455.0,41570.0,0.9972335819100313,38,38,46,46
epfl-arithmetic-sin-internal2639-ac10ac7863,arithmetic,sin.aig,internal,13,13,fixed-025-c03,0.25,3,10,10,12920381014553855096,"{""x1"":1,""x2"":0,""x6"":1}",True,41580.0,41555.0,1.0006016123210204,38,38,46,46
epfl-arithmetic-sin-internal2639-ac10ac7863,arithmetic,sin.aig,internal,13,13,fixed-050-c00,0.5,6,7,7,10375171657058932795,"{""x0"":0,""x1"":1,""x11"":0,""x3"":1,""x4"":0,""x9"":0}",True,42450.0,42215.0,1.0055667416794978,38,38,46,46
epfl-arithmetic-sin-internal2639-ac10ac7863,arithmetic,sin.aig,internal,13,13,fixed-050-c01,0.5,6,7,7,3205951277582599534,"{""x1"":0,""x10"":0,""x12"":1,""x2"":1,""x4"":0,""x8"":1}",True,42960.0,43100.0,0.9967517401392111,38,38,46,46
epfl-arithmetic-sin-internal2639-ac10ac7863,arithmetic,sin.aig,internal,13,13,fixed-050-c02,0.5,6,7,7,12537660485764491914,"{""x0"":0,""x10"":0,""x12"":1,""x2"":1,""x5"":1,""x7"":1}",True,93330.0,103780.0,0.8993062247061091,38,38,46,46
epfl-arithmetic-sin-internal2639-ac10ac7863,arithmetic,sin.aig,internal,13,13,fixed-050-c03,0.5,6,7,7,15860020006415119843,"{""x0"":1,""x1"":0,""x2"":1,""x4"":0,""x7"":0,""x9"":1}",True,41350.0,42150.0,0.9810201660735468,38,38,46,46
epfl-arithmetic-sin-internal2639-ac10ac7863,arithmetic,sin.aig,internal,13,13,fixed-075-c00,0.75,10,3,3,15271573274308537243,"{""x0"":0,""x1"":1,""x10"":1,""x12"":0,""x2"":1,""x4"":0,""x5"":1,""x7"":1,""x8"":0,""x9"":1}",True,10250.0,12100.0,0.8471074380165289,38,38,46,46
epfl-arithmetic-sin-internal2639-ac10ac7863,arithmetic,sin.aig,internal,13,13,fixed-075-c01,0.75,10,3,3,2694188168016772806,"{""x0"":1,""x1"":0,""x11"":1,""x12"":1,""x2"":1,""x3"":0,""x5"":1,""x6"":1,""x7"":1,""x9"":1}",True,10245.0,10295.0,0.9951432734337057,38,38,46,46
epfl-arithmetic-sin-internal2639-ac10ac7863,arithmetic,sin.aig,internal,13,13,fixed-075-c02,0.75,10,3,3,9707321820685377958,"{""x0"":1,""x1"":0,""x10"":0,""x11"":0,""x2"":1,""x3"":0,""x4"":1,""x7"":1,""x8"":0,""x9"":0}",True,14910.0,10600.0,1.4066037735849057,38,38,46,46
epfl-arithmetic-sin-internal2639-ac10ac7863,arithmetic,sin.aig,internal,13,13,fixed-075-c03,0.75,10,3,3,1094577735477279985,"{""x1"":0,""x11"":1,""x12"":1,""x2"":1,""x3"":1,""x4"":0,""x5"":0,""x6"":1,""x7"":0,""x9"":0}",True,15125.0,15210.0,0.9944115713346483,38,38,46,46
epfl-arithmetic-sin-internal2747-d32e2cbf05,arithmetic,sin.aig,internal,10,10,fixed-000-c00,0.0,0,10,10,,{},True,51710.0,52465.0,0.9856094539216621,31,31,38,38
epfl-arithmetic-sin-internal2747-d32e2cbf05,arithmetic,sin.aig,internal,10,10,fixed-025-c00,0.25,2,8,8,10931947905609638191,"{""x5"":1,""x8"":1}",True,35740.0,35980.0,0.9933296275708727,31,31,38,38
epfl-arithmetic-sin-internal2747-d32e2cbf05,arithmetic,sin.aig,internal,10,10,fixed-025-c01,0.25,2,8,8,9994033539169912350,"{""x0"":1,""x2"":1}",True,61040.0,60345.0,1.0115171099511144,31,31,38,38
epfl-arithmetic-sin-internal2747-d32e2cbf05,arithmetic,sin.aig,internal,10,10,fixed-025-c02,0.25,2,8,8,1061440168320790090,"{""x1"":0,""x2"":1}",True,36740.0,36500.0,1.0065753424657535,31,31,38,38
epfl-arithmetic-sin-internal2747-d32e2cbf05,arithmetic,sin.aig,internal,10,10,fixed-025-c03,0.25,2,8,8,11625929644008576378,"{""x3"":1,""x4"":0}",True,37150.0,36675.0,1.012951601908657,31,31,38,38
epfl-arithmetic-sin-internal2747-d32e2cbf05,arithmetic,sin.aig,internal,10,10,fixed-050-c00,0.5,5,5,5,10744720742368324256,"{""x2"":1,""x3"":0,""x4"":1,""x6"":0,""x9"":1}",True,20265.0,20515.0,0.9878137947843042,31,31,38,38
epfl-arithmetic-sin-internal2747-d32e2cbf05,arithmetic,sin.aig,internal,10,10,fixed-050-c01,0.5,5,5,5,4700172418356756417,"{""x0"":0,""x1"":0,""x2"":0,""x7"":0,""x8"":0}",True,19815.0,19665.0,1.007627765064836,31,31,38,38
epfl-arithmetic-sin-internal2747-d32e2cbf05,arithmetic,sin.aig,internal,10,10,fixed-050-c02,0.5,5,5,5,12027828513917989565,"{""x0"":1,""x1"":0,""x2"":1,""x7"":1,""x8"":0}",True,10355.0,10195.0,1.0156939676311918,31,31,38,38
epfl-arithmetic-sin-internal2747-d32e2cbf05,arithmetic,sin.aig,internal,10,10,fixed-050-c03,0.5,5,5,5,12986523094176917832,"{""x1"":1,""x3"":1,""x4"":1,""x5"":0,""x6"":0}",True,10150.0,10225.0,0.9926650366748166,31,31,38,38
epfl-arithmetic-sin-internal2747-d32e2cbf05,arithmetic,sin.aig,internal,10,10,fixed-075-c00,0.75,8,2,2,1831927621874279731,"{""x0"":0,""x1"":1,""x2"":1,""x3"":1,""x4"":0,""x5"":1,""x7"":1,""x8"":0}",True,9450.0,9505.0,0.9942135718043135,31,31,38,38
epfl-arithmetic-sin-internal2747-d32e2cbf05,arithmetic,sin.aig,internal,10,10,fixed-075-c01,0.75,8,2,2,12366943166316819834,"{""x1"":0,""x3"":1,""x4"":1,""x5"":1,""x6"":0,""x7"":0,""x8"":0,""x9"":1}",True,9300.0,9460.0,0.9830866807610994,31,31,38,38
epfl-arithmetic-sin-internal2747-d32e2cbf05,arithmetic,sin.aig,internal,10,10,fixed-075-c02,0.75,8,2,2,14760706035291117294,"{""x0"":0,""x1"":0,""x2"":0,""x4"":0,""x5"":0,""x6"":1,""x7"":0,""x8"":1}",True,9240.0,9215.0,1.0027129679869777,31,31,38,38
epfl-arithmetic-sin-internal2747-d32e2cbf05,arithmetic,sin.aig,internal,10,10,fixed-075-c03,0.75,8,2,2,5562268480372390790,"{""x1"":0,""x3"":1,""x4"":0,""x5"":0,""x6"":1,""x7"":0,""x8"":1,""x9"":0}",True,9285.0,9325.0,0.995710455764075,31,31,38,38
epfl-arithmetic-sin-internal2767-a8eda7f06b,arithmetic,sin.aig,internal,10,10,fixed-000-c00,0.0,0,10,10,,{},True,65915.0,65420.0,1.0075664934270865,65,65,69,69
epfl-arithmetic-sin-internal2767-a8eda7f06b,arithmetic,sin.aig,internal,10,10,fixed-025-c00,0.25,2,8,8,1310819374866362112,"{""x0"":0,""x7"":1}",True,78530.0,82075.0,0.956807797745964,65,65,69,69
epfl-arithmetic-sin-internal2767-a8eda7f06b,arithmetic,sin.aig,internal,10,10,fixed-025-c01,0.25,2,8,8,2751798055825631029,"{""x4"":0,""x9"":1}",True,63535.0,63525.0,1.0001574183392365,65,65,69,69
epfl-arithmetic-sin-internal2767-a8eda7f06b,arithmetic,sin.aig,internal,10,10,fixed-025-c02,0.25,2,8,8,7984337956723090184,"{""x3"":1,""x4"":1}",True,63370.0,63720.0,0.9945072190834903,65,65,69,69
epfl-arithmetic-sin-internal2767-a8eda7f06b,arithmetic,sin.aig,internal,10,10,fixed-025-c03,0.25,2,8,8,11772614023884719600,"{""x5"":0,""x8"":1}",True,65190.0,64820.0,1.0057081147793892,65,65,69,69
epfl-arithmetic-sin-internal2767-a8eda7f06b,arithmetic,sin.aig,internal,10,10,fixed-050-c00,0.5,5,5,5,16990465808681780316,"{""x0"":1,""x1"":1,""x2"":0,""x5"":0,""x6"":0}",True,35345.0,33870.0,1.0435488633008563,65,65,69,69
epfl-arithmetic-sin-internal2767-a8eda7f06b,arithmetic,sin.aig,internal,10,10,fixed-050-c01,0.5,5,5,5,18163061842775789130,"{""x4"":0,""x5"":1,""x6"":0,""x7"":1,""x8"":1}",True,21390.0,24360.0,0.8780788177339901,65,65,69,69
epfl-arithmetic-sin-internal2767-a8eda7f06b,arithmetic,sin.aig,internal,10,10,fixed-050-c02,0.5,5,5,5,6488480023995724008,"{""x0"":0,""x1"":0,""x3"":1,""x5"":1,""x7"":1}",True,18270.0,18005.0,1.014718133851708,65,65,69,69
epfl-arithmetic-sin-internal2767-a8eda7f06b,arithmetic,sin.aig,internal,10,10,fixed-050-c03,0.5,5,5,5,16012581431214471583,"{""x1"":0,""x2"":1,""x3"":1,""x5"":0,""x7"":1}",True,28450.0,29650.0,0.9595278246205734,65,65,69,69
epfl-arithmetic-sin-internal2767-a8eda7f06b,arithmetic,sin.aig,internal,10,10,fixed-075-c00,0.75,8,2,2,4461698834000116054,"{""x0"":0,""x2"":0,""x3"":0,""x4"":0,""x5"":0,""x6"":1,""x7"":0,""x9"":1}",True,15610.0,16005.0,0.9753202124336144,65,65,69,69
epfl-arithmetic-sin-internal2767-a8eda7f06b,arithmetic,sin.aig,internal,10,10,fixed-075-c01,0.75,8,2,2,2295699247164944144,"{""x0"":1,""x1"":1,""x2"":1,""x3"":0,""x4"":1,""x6"":0,""x7"":1,""x9"":1}",True,16335.0,16295.0,1.0024547407180115,65,65,69,69
epfl-arithmetic-sin-internal2767-a8eda7f06b,arithmetic,sin.aig,internal,10,10,fixed-075-c02,0.75,8,2,2,6965634711038113901,"{""x0"":0,""x1"":1,""x2"":0,""x4"":0,""x5"":1,""x7"":1,""x8"":0,""x9"":1}",True,15935.0,15475.0,1.0297253634894992,65,65,69,69
epfl-arithmetic-sin-internal2767-a8eda7f06b,arithmetic,sin.aig,internal,10,10,fixed-075-c03,0.75,8,2,2,9865714804288863250,"{""x0"":0,""x2"":1,""x3"":1,""x5"":0,""x6"":0,""x7"":1,""x8"":1,""x9"":0}",True,29570.0,29575.0,0.9998309382924767,65,65,69,69
epfl-arithmetic-sqrt-po56-f681a5806f,arithmetic,sqrt.aig,po,16,16,fixed-000-c00,0.0,0,16,16,,{},True,978190.0,991710.0,0.9863669822831271,476,476,599,599
epfl-arithmetic-sqrt-po56-f681a5806f,arithmetic,sqrt.aig,po,16,16,fixed-025-c00,0.25,4,12,12,15688879602765829247,"{""x10"":0,""x2"":1,""x5"":1,""x9"":0}",True,555430.0,559945.0,0.9919367080695426,476,476,599,599
epfl-arithmetic-sqrt-po56-f681a5806f,arithmetic,sqrt.aig,po,16,16,fixed-025-c01,0.25,4,12,12,12195848172544331914,"{""x10"":0,""x11"":1,""x13"":1,""x7"":0}",True,560340.0,600015.0,0.933876653083673,476,476,599,599
epfl-arithmetic-sqrt-po56-f681a5806f,arithmetic,sqrt.aig,po,16,16,fixed-025-c02,0.25,4,12,12,18164180196471981771,"{""x12"":1,""x3"":1,""x4"":1,""x5"":0}",True,720535.0,664555.0,1.0842368201277546,476,476,599,599
epfl-arithmetic-sqrt-po56-f681a5806f,arithmetic,sqrt.aig,po,16,16,fixed-025-c03,0.25,4,12,12,4230051373520033426,"{""x0"":0,""x1"":1,""x2"":0,""x6"":0}",True,612630.0,680225.0,0.9006284685214451,476,476,599,599
epfl-arithmetic-sqrt-po56-f681a5806f,arithmetic,sqrt.aig,po,16,16,fixed-050-c00,0.5,8,8,8,14504444689881251300,"{""x0"":1,""x1"":0,""x12"":0,""x14"":1,""x5"":0,""x6"":0,""x7"":1,""x8"":0}",True,602450.0,583325.0,1.0327861826597522,476,476,599,599
epfl-arithmetic-sqrt-po56-f681a5806f,arithmetic,sqrt.aig,po,16,16,fixed-050-c01,0.5,8,8,8,9818650533198768003,"{""x0"":0,""x1"":1,""x10"":1,""x2"":0,""x4"":1,""x6"":1,""x7"":0,""x9"":0}",True,693670.0,600030.0,1.1560588637234805,476,476,599,599
epfl-arithmetic-sqrt-po56-f681a5806f,arithmetic,sqrt.aig,po,16,16,fixed-050-c02,0.5,8,8,8,16047705859493334355,"{""x0"":1,""x1"":0,""x10"":0,""x12"":0,""x3"":1,""x4"":1,""x5"":0,""x8"":0}",True,500080.0,508025.0,0.984361005856011,476,476,599,599
epfl-arithmetic-sqrt-po56-f681a5806f,arithmetic,sqrt.aig,po,16,16,fixed-050-c03,0.5,8,8,8,5248955077540721771,"{""x0"":1,""x1"":0,""x11"":0,""x2"":0,""x3"":0,""x6"":0,""x7"":0,""x8"":1}",True,529295.0,525020.0,1.0081425469505925,476,476,599,599
epfl-arithmetic-sqrt-po56-f681a5806f,arithmetic,sqrt.aig,po,16,16,fixed-075-c00,0.75,12,4,4,7572328956858385256,"{""x10"":1,""x11"":1,""x12"":1,""x13"":0,""x14"":1,""x15"":1,""x3"":1,""x4"":1,""x5"":0,""x6"":0,""x7"":0,""x8"":1}",True,113900.0,115205.0,0.988672366650753,476,476,599,599
epfl-arithmetic-sqrt-po56-f681a5806f,arithmetic,sqrt.aig,po,16,16,fixed-075-c01,0.75,12,4,4,17262092369631869526,"{""x0"":1,""x1"":1,""x10"":1,""x12"":1,""x14"":1,""x15"":0,""x2"":1,""x3"":0,""x4"":1,""x7"":1,""x8"":0,""x9"":0}",True,113630.0,111270.0,1.0212096701716544,476,476,599,599
epfl-arithmetic-sqrt-po56-f681a5806f,arithmetic,sqrt.aig,po,16,16,fixed-075-c02,0.75,12,4,4,10562684682518819981,"{""x0"":1,""x1"":1,""x10"":1,""x12"":0,""x13"":0,""x14"":1,""x15"":1,""x4"":0,""x5"":1,""x7"":0,""x8"":0,""x9"":0}",True,109500.0,110850.0,0.9878213802435724,476,476,599,599
epfl-arithmetic-sqrt-po56-f681a5806f,arithmetic,sqrt.aig,po,16,16,fixed-075-c03,0.75,12,4,4,8223477137039949075,"{""x0"":0,""x11"":0,""x12"":1,""x14"":1,""x15"":1,""x2"":1,""x3"":1,""x4"":0,""x5"":1,""x6"":0,""x8"":1,""x9"":1}",True,120070.0,120580.0,0.9957704428595123,476,476,599,599
epfl-arithmetic-sqrt-po57-bf55ec5ca5,arithmetic,sqrt.aig,po,14,14,fixed-000-c00,0.0,0,14,14,,{},True,472585.0,517990.0,0.9123438676422325,356,356,447,447
epfl-arithmetic-sqrt-po57-bf55ec5ca5,arithmetic,sqrt.aig,po,14,14,fixed-025-c00,0.25,4,10,10,15455082727389567820,"{""x1"":0,""x2"":1,""x8"":1,""x9"":1}",True,397800.0,427975.0,0.929493545183714,356,356,447,447
epfl-arithmetic-sqrt-po57-bf55ec5ca5,arithmetic,sqrt.aig,po,14,14,fixed-025-c01,0.25,4,10,10,4562021517582740827,"{""x10"":0,""x11"":1,""x13"":1,""x7"":0}",True,411915.0,403575.0,1.0206653038468687,356,356,447,447
epfl-arithmetic-sqrt-po57-bf55ec5ca5,arithmetic,sqrt.aig,po,14,14,fixed-025-c02,0.25,4,10,10,13760558435212678366,"{""x11"":1,""x13"":1,""x2"":1,""x5"":1}",True,395755.0,393495.0,1.0057434020762652,356,356,447,447
epfl-arithmetic-sqrt-po57-bf55ec5ca5,arithmetic,sqrt.aig,po,14,14,fixed-025-c03,0.25,4,10,10,6170724852742960459,"{""x13"":0,""x3"":0,""x4"":0,""x7"":1}",True,398530.0,395530.0,1.0075847596895304,356,356,447,447
epfl-arithmetic-sqrt-po57-bf55ec5ca5,arithmetic,sqrt.aig,po,14,14,fixed-050-c00,0.5,7,7,7,12779317428018386117,"{""x0"":0,""x12"":1,""x13"":0,""x2"":0,""x4"":1,""x8"":0,""x9"":1}",True,395655.0,395925.0,0.9993180526614889,356,356,447,447
epfl-arithmetic-sqrt-po57-bf55ec5ca5,arithmetic,sqrt.aig,po,14,14,fixed-050-c01,0.5,7,7,7,1695273467823599959,"{""x0"":0,""x10"":1,""x13"":0,""x2"":0,""x5"":0,""x7"":0,""x8"":0}",True,471600.0,394450.0,1.195588794524021,356,356,447,447
epfl-arithmetic-sqrt-po57-bf55ec5ca5,arithmetic,sqrt.aig,po,14,14,fixed-050-c02,0.5,7,7,7,11967317859526512799,"{""x1"":0,""x10"":0,""x13"":0,""x2"":1,""x7"":0,""x8"":1,""x9"":1}",True,398210.0,396145.0,1.0052127377601636,356,356,447,447
epfl-arithmetic-sqrt-po57-bf55ec5ca5,arithmetic,sqrt.aig,po,14,14,fixed-050-c03,0.5,7,7,7,5113692515987222528,"{""x1"":1,""x10"":0,""x13"":1,""x3"":1,""x5"":0,""x8"":0,""x9"":1}",True,406160.0,405445.0,1.0017634944320437,356,356,447,447
epfl-arithmetic-sqrt-po57-bf55ec5ca5,arithmetic,sqrt.aig,po,14,14,fixed-075-c00,0.75,10,4,4,14245812559008698960,"{""x0"":0,""x10"":1,""x13"":0,""x2"":0,""x4"":1,""x5"":1,""x6"":1,""x7"":0,""x8"":0,""x9"":0}",True,87725.0,87680.0,1.0005132299270072,356,356,447,447
epfl-arithmetic-sqrt-po57-bf55ec5ca5,arithmetic,sqrt.aig,po,14,14,fixed-075-c01,0.75,10,4,4,8879981372677827794,"{""x0"":1,""x10"":0,""x11"":0,""x12"":0,""x2"":1,""x3"":0,""x4"":0,""x6"":1,""x8"":0,""x9"":0}",True,92070.0,89145.0,1.032811711256941,356,356,447,447
epfl-arithmetic-sqrt-po57-bf55ec5ca5,arithmetic,sqrt.aig,po,14,14,fixed-075-c02,0.75,10,4,4,6794427940047759349,"{""x0"":0,""x1"":1,""x10"":0,""x12"":0,""x13"":1,""x3"":0,""x5"":1,""x6"":1,""x8"":0,""x9"":0}",True,90730.0,89960.0,1.008559359715429,356,356,447,447
epfl-arithmetic-sqrt-po57-bf55ec5ca5,arithmetic,sqrt.aig,po,14,14,fixed-075-c03,0.75,10,4,4,6978069247418779723,"{""x0"":0,""x1"":1,""x11"":0,""x12"":1,""x13"":0,""x2"":1,""x4"":0,""x6"":1,""x7"":1,""x8"":0}",True,82175.0,81925.0,1.003051571559353,356,356,447,447
epfl-arithmetic-sqrt-po58-036819cd52,arithmetic,sqrt.aig,po,12,12,fixed-000-c00,0.0,0,12,12,,{},True,283720.0,280315.0,1.0121470488557516,252,252,315,315
epfl-arithmetic-sqrt-po58-036819cd52,arithmetic,sqrt.aig,po,12,12,fixed-025-c00,0.25,3,9,9,12847707481729304123,"{""x10"":0,""x5"":1,""x7"":1}",True,283360.0,284185.0,0.9970969614863557,252,252,315,315
epfl-arithmetic-sqrt-po58-036819cd52,arithmetic,sqrt.aig,po,12,12,fixed-025-c01,0.25,3,9,9,14563981393013771083,"{""x5"":0,""x8"":1,""x9"":1}",True,281980.0,286470.0,0.984326456522498,252,252,315,315
epfl-arithmetic-sqrt-po58-036819cd52,arithmetic,sqrt.aig,po,12,12,fixed-025-c02,0.25,3,9,9,9134454325685375245,"{""x3"":0,""x4"":0,""x7"":0}",True,274355.0,280090.0,0.9795244385733157,252,252,315,315
epfl-arithmetic-sqrt-po58-036819cd52,arithmetic,sqrt.aig,po,12,12,fixed-025-c03,0.25,3,9,9,4953382398110304390,"{""x2"":1,""x4"":1,""x9"":1}",True,280710.0,281720.0,0.9964148800227176,252,252,315,315
epfl-arithmetic-sqrt-po58-036819cd52,arithmetic,sqrt.aig,po,12,12,fixed-050-c00,0.5,6,6,6,9354040783590875464,"{""x0"":1,""x11"":1,""x3"":1,""x5"":1,""x6"":0,""x7"":0}",True,336530.0,334895.0,1.0048821272339092,252,252,315,315
epfl-arithmetic-sqrt-po58-036819cd52,arithmetic,sqrt.aig,po,12,12,fixed-050-c01,0.5,6,6,6,17021362046920024945,"{""x1"":1,""x10"":0,""x11"":1,""x2"":1,""x3"":0,""x4"":0}",True,323850.0,323275.0,1.0017786714097905,252,252,315,315
epfl-arithmetic-sqrt-po58-036819cd52,arithmetic,sqrt.aig,po,12,12,fixed-050-c02,0.5,6,6,6,2859834313638966098,"{""x11"":0,""x2"":0,""x3"":1,""x4"":1,""x7"":1,""x8"":1}",True,337275.0,335040.0,1.0066708452722064,252,252,315,315
epfl-arithmetic-sqrt-po58-036819cd52,arithmetic,sqrt.aig,po,12,12,fixed-050-c03,0.5,6,6,6,11520101232828841842,"{""x0"":1,""x3"":1,""x5"":1,""x6"":0,""x8"":0,""x9"":0}",True,336290.0,336240.0,1.0001487033071617,252,252,315,315
epfl-arithmetic-sqrt-po58-036819cd52,arithmetic,sqrt.aig,po,12,12,fixed-075-c00,0.75,9,3,3,11521285176679928212,"{""x0"":1,""x1"":0,""x10"":0,""x11"":0,""x2"":1,""x4"":0,""x5"":1,""x6"":1,""x8"":0}",True,59285.0,59080.0,1.0034698713608665,252,252,315,315
epfl-arithmetic-sqrt-po58-036819cd52,arithmetic,sqrt.aig,po,12,12,fixed-075-c01,0.75,9,3,3,6640783432825570830,"{""x0"":1,""x10"":0,""x11"":1,""x2"":1,""x3"":0,""x5"":0,""x7"":0,""x8"":1,""x9"":0}",True,59875.0,62590.0,0.9566224636523406,252,252,315,315
epfl-arithmetic-sqrt-po58-036819cd52,arithmetic,sqrt.aig,po,12,12,fixed-075-c02,0.75,9,3,3,13164569905797638930,"{""x0"":1,""x1"":0,""x10"":0,""x2"":0,""x3"":1,""x5"":1,""x6"":1,""x7"":1,""x9"":0}",True,57415.0,59020.0,0.9728058285327008,252,252,315,315
epfl-arithmetic-sqrt-po58-036819cd52,arithmetic,sqrt.aig,po,12,12,fixed-075-c03,0.75,9,3,3,10180586530040876812,"{""x0"":1,""x1"":0,""x10"":1,""x2"":0,""x4"":1,""x6"":0,""x7"":1,""x8"":1,""x9"":0}",True,57770.0,57755.0,1.000259717773353,252,252,315,315
epfl-arithmetic-sqrt-po59-fa6cca6484,arithmetic,sqrt.aig,po,10,10,fixed-000-c00,0.0,0,10,10,,{},True,188710.0,187870.0,1.0044711768776282,167,167,203,203
epfl-arithmetic-sqrt-po59-fa6cca6484,arithmetic,sqrt.aig,po,10,10,fixed-025-c00,0.25,2,8,8,8068598581916227049,"{""x3"":0,""x5"":0}",True,181570.0,183165.0,0.9912920044768379,167,167,203,203
epfl-arithmetic-sqrt-po59-fa6cca6484,arithmetic,sqrt.aig,po,10,10,fixed-025-c01,0.25,2,8,8,17604180106046192050,"{""x0"":1,""x2"":0}",True,184420.0,182390.0,1.0111299961620703,167,167,203,203
epfl-arithmetic-sqrt-po59-fa6cca6484,arithmetic,sqrt.aig,po,10,10,fixed-025-c02,0.25,2,8,8,13752987759351870820,"{""x5"":0,""x8"":0}",True,183110.0,182965.0,1.0007925012980625,167,167,203,203
epfl-arithmetic-sqrt-po59-fa6cca6484,arithmetic,sqrt.aig,po,10,10,fixed-025-c03,0.25,2,8,8,10023335722136506618,"{""x0"":1,""x6"":1}",True,180605.0,176645.0,1.022417843697812,167,167,203,203
epfl-arithmetic-sqrt-po59-fa6cca6484,arithmetic,sqrt.aig,po,10,10,fixed-050-c00,0.5,5,5,5,15972405768079556148,"{""x2"":0,""x3"":1,""x7"":0,""x8"":1,""x9"":0}",True,44875.0,45215.0,0.9924803715581112,167,167,203,203
epfl-arithmetic-sqrt-po59-fa6cca6484,arithmetic,sqrt.aig,po,10,10,fixed-050-c01,0.5,5,5,5,941359056938492734,"{""x1"":0,""x2"":0,""x3"":1,""x6"":1,""x7"":0}",True,45085.0,47165.0,0.9558995017491784,167,167,203,203
epfl-arithmetic-sqrt-po59-fa6cca6484,arithmetic,sqrt.aig,po,10,10,fixed-050-c02,0.5,5,5,5,13156383584698802946,"{""x1"":0,""x2"":1,""x3"":0,""x4"":0,""x7"":1}",True,45615.0,45415.0,1.00440383133326,167,167,203,203
epfl-arithmetic-sqrt-po59-fa6cca6484,arithmetic,sqrt.aig,po,10,10,fixed-050-c03,0.5,5,5,5,1832027079746552146,"{""x0"":1,""x2"":1,""x5"":0,""x7"":0,""x9"":0}",True,43905.0,45030.0,0.975016655562958,167,167,203,203
epfl-arithmetic-sqrt-po59-fa6cca6484,arithmetic,sqrt.aig,po,10,10,fixed-075-c00,0.75,8,2,2,2619386210425526966,"{""x0"":1,""x2"":0,""x3"":0,""x4"":1,""x5"":1,""x6"":1,""x7"":0,""x8"":1}",True,37105.0,36275.0,1.022880771881461,167,167,203,203
epfl-arithmetic-sqrt-po59-fa6cca6484,arithmetic,sqrt.aig,po,10,10,fixed-075-c01,0.75,8,2,2,945038174598904344,"{""x0"":0,""x1"":1,""x3"":1,""x4"":1,""x5"":1,""x6"":1,""x7"":0,""x9"":0}",True,37395.0,36775.0,1.0168592794017675,167,167,203,203
epfl-arithmetic-sqrt-po59-fa6cca6484,arithmetic,sqrt.aig,po,10,10,fixed-075-c02,0.75,8,2,2,6837385415970401294,"{""x0"":0,""x1"":0,""x2"":0,""x3"":1,""x4"":1,""x5"":1,""x7"":0,""x9"":0}",True,37235.0,39600.0,0.9402777777777778,167,167,203,203
epfl-arithmetic-sqrt-po59-fa6cca6484,arithmetic,sqrt.aig,po,10,10,fixed-075-c03,0.75,8,2,2,13676865454122294967,"{""x0"":1,""x1"":1,""x2"":0,""x3"":1,""x4"":0,""x6"":1,""x7"":1,""x9"":1}",True,37825.0,37360.0,1.0124464668094217,167,167,203,203
epfl-arithmetic-sqrt-po60-dfcf257f53,arithmetic,sqrt.aig,po,8,8,fixed-000-c00,0.0,0,8,8,,{},True,98890.0,98590.0,1.003042904959935,97,97,113,113
epfl-arithmetic-sqrt-po60-dfcf257f53,arithmetic,sqrt.aig,po,8,8,fixed-025-c00,0.25,2,6,6,17315636785702526970,"{""x4"":1,""x5"":0}",True,111040.0,113005.0,0.9826113888765984,97,97,113,113
epfl-arithmetic-sqrt-po60-dfcf257f53,arithmetic,sqrt.aig,po,8,8,fixed-025-c01,0.25,2,6,6,16205407215724171387,"{""x3"":0,""x7"":1}",True,110155.0,109605.0,1.0050180192509466,97,97,113,113
epfl-arithmetic-sqrt-po60-dfcf257f53,arithmetic,sqrt.aig,po,8,8,fixed-025-c02,0.25,2,6,6,17333944869851262864,"{""x6"":1,""x7"":1}",True,116710.0,118785.0,0.9825314644104896,97,97,113,113
epfl-arithmetic-sqrt-po60-dfcf257f53,arithmetic,sqrt.aig,po,8,8,fixed-025-c03,0.25,2,6,6,2530644629233933313,"{""x0"":1,""x1"":0}",True,268670.0,269895.0,0.995461197873247,97,97,113,113
epfl-arithmetic-sqrt-po60-dfcf257f53,arithmetic,sqrt.aig,po,8,8,fixed-050-c00,0.5,4,4,4,16275083569454542492,"{""x3"":0,""x4"":1,""x5"":1,""x6"":1}",True,21390.0,21480.0,0.9958100558659218,97,97,113,113
epfl-arithmetic-sqrt-po60-dfcf257f53,arithmetic,sqrt.aig,po,8,8,fixed-050-c01,0.5,4,4,4,12475427146366754559,"{""x0"":0,""x1"":0,""x2"":1,""x6"":0}",True,21795.0,21870.0,0.9965706447187929,97,97,113,113
epfl-arithmetic-sqrt-po60-dfcf257f53,arithmetic,sqrt.aig,po,8,8,fixed-050-c02,0.5,4,4,4,8430458647891841726,"{""x0"":1,""x1"":1,""x2"":1,""x5"":1}",True,22880.0,22780.0,1.0043898156277435,97,97,113,113
epfl-arithmetic-sqrt-po60-dfcf257f53,arithmetic,sqrt.aig,po,8,8,fixed-050-c03,0.5,4,4,4,15872688046951002871,"{""x2"":1,""x3"":0,""x4"":1,""x6"":1}",True,23315.0,23175.0,1.0060409924487594,97,97,113,113
epfl-arithmetic-sqrt-po60-dfcf257f53,arithmetic,sqrt.aig,po,8,8,fixed-075-c00,0.75,6,2,2,18335882282982486259,"{""x1"":1,""x2"":1,""x3"":0,""x4"":1,""x5"":0,""x6"":1}",True,22470.0,22565.0,0.9957899401728341,97,97,113,113
epfl-arithmetic-sqrt-po60-dfcf257f53,arithmetic,sqrt.aig,po,8,8,fixed-075-c01,0.75,6,2,2,12949363951175624073,"{""x1"":1,""x2"":0,""x3"":1,""x5"":1,""x6"":0,""x7"":0}",True,22725.0,22805.0,0.9964919973689981,97,97,113,113
epfl-arithmetic-sqrt-po60-dfcf257f53,arithmetic,sqrt.aig,po,8,8,fixed-075-c02,0.75,6,2,2,10849021381064964840,"{""x0"":0,""x1"":0,""x3"":1,""x4"":1,""x5"":0,""x7"":0}",True,23010.0,22845.0,1.0072225869993434,97,97,113,113
epfl-arithmetic-sqrt-po60-dfcf257f53,arithmetic,sqrt.aig,po,8,8,fixed-075-c03,0.75,6,2,2,7775946988130839581,"{""x0"":1,""x1"":1,""x2"":0,""x4"":1,""x6"":1,""x7"":0}",True,22975.0,22915.0,1.0026183722452542,97,97,113,113
epfl-arithmetic-sqrt-internal35-0d85c1edda,arithmetic,sqrt.aig,internal,8,8,fixed-000-c00,0.0,0,8,8,,{},True,64410.0,64525.0,0.9982177450600542,62,62,68,68
epfl-arithmetic-sqrt-internal35-0d85c1edda,arithmetic,sqrt.aig,internal,8,8,fixed-025-c00,0.25,2,6,6,5668254388178223680,"{""x2"":0,""x7"":0}",True,70920.0,68645.0,1.033141525238546,62,62,68,68
epfl-arithmetic-sqrt-internal35-0d85c1edda,arithmetic,sqrt.aig,internal,8,8,fixed-025-c01,0.25,2,6,6,17463548204853425249,"{""x4"":1,""x5"":1}",True,64445.0,62655.0,1.028569148511691,62,62,68,68
epfl-arithmetic-sqrt-internal35-0d85c1edda,arithmetic,sqrt.aig,internal,8,8,fixed-025-c02,0.25,2,6,6,196467343159166426,"{""x2"":0,""x3"":0}",True,66065.0,65875.0,1.0028842504743833,62,62,68,68
epfl-arithmetic-sqrt-internal35-0d85c1edda,arithmetic,sqrt.aig,internal,8,8,fixed-025-c03,0.25,2,6,6,152768514208110187,"{""x2"":1,""x3"":1}",True,68680.0,68030.0,1.0095546082610614,62,62,68,68
epfl-arithmetic-sqrt-internal35-0d85c1edda,arithmetic,sqrt.aig,internal,8,8,fixed-050-c00,0.5,4,4,4,13784975295111329682,"{""x0"":0,""x2"":0,""x4"":0,""x5"":1}",True,15355.0,15330.0,1.0016307893020222,62,62,68,68
epfl-arithmetic-sqrt-internal35-0d85c1edda,arithmetic,sqrt.aig,internal,8,8,fixed-050-c01,0.5,4,4,4,7460737873440675796,"{""x0"":1,""x1"":0,""x3"":1,""x7"":0}",True,15360.0,15605.0,0.9842999038769625,62,62,68,68
epfl-arithmetic-sqrt-internal35-0d85c1edda,arithmetic,sqrt.aig,internal,8,8,fixed-050-c02,0.5,4,4,4,17769978125470919599,"{""x2"":1,""x4"":0,""x5"":0,""x6"":1}",True,15295.0,15500.0,0.9867741935483871,62,62,68,68
epfl-arithmetic-sqrt-internal35-0d85c1edda,arithmetic,sqrt.aig,internal,8,8,fixed-050-c03,0.5,4,4,4,1741298782559285939,"{""x0"":0,""x1"":0,""x5"":1,""x7"":0}",True,15435.0,15440.0,0.9996761658031088,62,62,68,68
epfl-arithmetic-sqrt-internal35-0d85c1edda,arithmetic,sqrt.aig,internal,8,8,fixed-075-c00,0.75,6,2,2,14239908528311332655,"{""x1"":0,""x3"":0,""x4"":0,""x5"":1,""x6"":0,""x7"":1}",True,14870.0,14800.0,1.0047297297297297,62,62,68,68
epfl-arithmetic-sqrt-internal35-0d85c1edda,arithmetic,sqrt.aig,internal,8,8,fixed-075-c01,0.75,6,2,2,11441585395793294430,"{""x0"":0,""x1"":0,""x3"":0,""x5"":1,""x6"":0,""x7"":0}",True,14980.0,15105.0,0.9917245945051307,62,62,68,68
epfl-arithmetic-sqrt-internal35-0d85c1edda,arithmetic,sqrt.aig,internal,8,8,fixed-075-c02,0.75,6,2,2,982745900991287613,"{""x0"":0,""x1"":0,""x2"":1,""x5"":0,""x6"":0,""x7"":0}",True,14945.0,14875.0,1.0047058823529411,62,62,68,68
epfl-arithmetic-sqrt-internal35-0d85c1edda,arithmetic,sqrt.aig,internal,8,8,fixed-075-c03,0.75,6,2,2,2003827768958257955,"{""x0"":1,""x1"":0,""x3"":1,""x4"":0,""x5"":1,""x6"":0}",True,15270.0,15270.0,1.0,62,62,68,68
epfl-arithmetic-sqrt-internal245-d665cc05c9,arithmetic,sqrt.aig,internal,12,12,fixed-000-c00,0.0,0,12,12,,{},True,266085.0,268725.0,0.9901758303097963,235,235,287,287
epfl-arithmetic-sqrt-internal245-d665cc05c9,arithmetic,sqrt.aig,internal,12,12,fixed-025-c00,0.25,3,9,9,16969732267782607367,"{""x2"":1,""x6"":0,""x9"":0}",True,256225.0,255480.0,1.0029160795365586,235,235,287,287
epfl-arithmetic-sqrt-internal245-d665cc05c9,arithmetic,sqrt.aig,internal,12,12,fixed-025-c01,0.25,3,9,9,9830173265711216448,"{""x11"":0,""x3"":0,""x9"":1}",True,251905.0,274105.0,0.9190091388336586,235,235,287,287
epfl-arithmetic-sqrt-internal245-d665cc05c9,arithmetic,sqrt.aig,internal,12,12,fixed-025-c02,0.25,3,9,9,94387810994852243,"{""x0"":1,""x3"":1,""x9"":0}",True,259490.0,262495.0,0.9885521628983409,235,235,287,287
epfl-arithmetic-sqrt-internal245-d665cc05c9,arithmetic,sqrt.aig,internal,12,12,fixed-025-c03,0.25,3,9,9,14706998530716533902,"{""x10"":0,""x3"":1,""x6"":0}",True,260115.0,268295.0,0.969511172403511,235,235,287,287
epfl-arithmetic-sqrt-internal245-d665cc05c9,arithmetic,sqrt.aig,internal,12,12,fixed-050-c00,0.5,6,6,6,14372375132666572155,"{""x0"":0,""x2"":0,""x6"":0,""x7"":1,""x8"":1,""x9"":0}",True,298545.0,301150.0,0.9913498256682717,235,235,287,287
epfl-arithmetic-sqrt-internal245-d665cc05c9,arithmetic,sqrt.aig,internal,12,12,fixed-050-c01,0.5,6,6,6,4851148117013417757,"{""x0"":0,""x10"":0,""x2"":1,""x5"":1,""x7"":0,""x9"":1}",True,304800.0,309115.0,0.9860407938793005,235,235,287,287
epfl-arithmetic-sqrt-internal245-d665cc05c9,arithmetic,sqrt.aig,internal,12,12,fixed-050-c02,0.5,6,6,6,8591794753902430765,"{""x10"":0,""x11"":1,""x3"":1,""x4"":0,""x7"":0,""x9"":0}",True,304460.0,302475.0,1.0065625258285809,235,235,287,287
epfl-arithmetic-sqrt-internal245-d665cc05c9,arithmetic,sqrt.aig,internal,12,12,fixed-050-c03,0.5,6,6,6,3222694783310378355,"{""x11"":1,""x2"":0,""x3"":0,""x6"":0,""x7"":0,""x8"":1}",True,302050.0,296475.0,1.0188042836664137,235,235,287,287
epfl-arithmetic-sqrt-internal245-d665cc05c9,arithmetic,sqrt.aig,internal,12,12,fixed-075-c00,0.75,9,3,3,5411732297662751390,"{""x0"":0,""x11"":0,""x2"":0,""x3"":0,""x4"":1,""x5"":0,""x6"":1,""x8"":0,""x9"":0}",True,49800.0,50275.0,0.9905519641969169,235,235,287,287
epfl-arithmetic-sqrt-internal245-d665cc05c9,arithmetic,sqrt.aig,internal,12,12,fixed-075-c01,0.75,9,3,3,12188863948473351367,"{""x0"":0,""x10"":1,""x11"":1,""x3"":0,""x4"":0,""x5"":0,""x6"":1,""x8"":0,""x9"":0}",True,52675.0,54720.0,0.9626279239766082,235,235,287,287
epfl-arithmetic-sqrt-internal245-d665cc05c9,arithmetic,sqrt.aig,internal,12,12,fixed-075-c02,0.75,9,3,3,16245965789234302720,"{""x1"":1,""x10"":1,""x11"":0,""x2"":0,""x3"":1,""x4"":0,""x5"":1,""x7"":0,""x9"":0}",True,52710.0,52580.0,1.002472422974515,235,235,287,287
epfl-arithmetic-sqrt-internal245-d665cc05c9,arithmetic,sqrt.aig,internal,12,12,fixed-075-c03,0.75,9,3,3,5727727527991880537,"{""x1"":0,""x10"":0,""x11"":0,""x3"":0,""x5"":0,""x6"":1,""x7"":1,""x8"":0,""x9"":0}",True,51885.0,51540.0,1.0066938300349244,235,235,287,287
epfl-arithmetic-sqrt-internal572-4cc8f15071,arithmetic,sqrt.aig,internal,16,16,fixed-000-c00,0.0,0,16,16,,{},True,988900.0,1004795.0,0.9841808528107724,493,493,626,626
epfl-arithmetic-sqrt-internal572-4cc8f15071,arithmetic,sqrt.aig,internal,16,16,fixed-025-c00,0.25,4,12,12,17725454847899192211,"{""x10"":0,""x11"":0,""x14"":1,""x6"":0}",True,582365.0,576990.0,1.0093155860586838,493,493,626,626
epfl-arithmetic-sqrt-internal572-4cc8f15071,arithmetic,sqrt.aig,internal,16,16,fixed-025-c01,0.25,4,12,12,14385056603871543702,"{""x0"":0,""x10"":0,""x11"":1,""x12"":1}",True,577130.0,592595.0,0.9739029185193935,493,493,626,626
epfl-arithmetic-sqrt-internal572-4cc8f15071,arithmetic,sqrt.aig,internal,16,16,fixed-025-c02,0.25,4,12,12,10371997370428186882,"{""x10"":0,""x11"":1,""x5"":0,""x9"":1}",True,582885.0,577120.0,1.0099892570002773,493,493,626,626
epfl-arithmetic-sqrt-internal572-4cc8f15071,arithmetic,sqrt.aig,internal,16,16,fixed-025-c03,0.25,4,12,12,10032265965717931651,"{""x0"":0,""x1"":1,""x10"":0,""x7"":0}",True,564280.0,593985.0,0.9499903196208659,493,493,626,626
epfl-arithmetic-sqrt-internal572-4cc8f15071,arithmetic,sqrt.aig,internal,16,16,fixed-050-c00,0.5,8,8,8,487137076700822081,"{""x0"":1,""x1"":0,""x12"":1,""x14"":0,""x15"":0,""x6"":0,""x7"":0,""x9"":0}",True,557890.0,573170.0,0.9733412425632884,493,493,626,626
epfl-arithmetic-sqrt-internal572-4cc8f15071,arithmetic,sqrt.aig,internal,16,16,fixed-050-c01,0.5,8,8,8,18084785028445542794,"{""x10"":1,""x13"":0,""x14"":0,""x15"":0,""x2"":0,""x6"":0,""x7"":0,""x8"":0}",True,550360.0,552315.0,0.9964603532404516,493,493,626,626
epfl-arithmetic-sqrt-internal572-4cc8f15071,arithmetic,sqrt.aig,internal,16,16,fixed-050-c02,0.5,8,8,8,14283286492595828972,"{""x0"":1,""x12"":0,""x15"":0,""x3"":1,""x4"":1,""x6"":0,""x7"":0,""x8"":0}",True,549170.0,622255.0,0.8825481514813059,493,493,626,626
epfl-arithmetic-sqrt-internal572-4cc8f15071,arithmetic,sqrt.aig,internal,16,16,fixed-050-c03,0.5,8,8,8,7551911512822195212,"{""x1"":0,""x11"":0,""x13"":1,""x3"":0,""x4"":1,""x5"":1,""x7"":0,""x9"":0}",True,609580.0,559100.0,1.090287962797353,493,493,626,626
epfl-arithmetic-sqrt-internal572-4cc8f15071,arithmetic,sqrt.aig,internal,16,16,fixed-075-c00,0.75,12,4,4,2715748765777739140,"{""x0"":0,""x1"":1,""x11"":0,""x13"":0,""x14"":1,""x15"":1,""x2"":0,""x4"":1,""x5"":1,""x6"":1,""x7"":1,""x8"":0}",True,126450.0,125205.0,1.0099436923445548,493,493,626,626
epfl-arithmetic-sqrt-internal572-4cc8f15071,arithmetic,sqrt.aig,internal,16,16,fixed-075-c01,0.75,12,4,4,5211214372331919785,"{""x0"":1,""x1"":1,""x10"":0,""x13"":1,""x14"":1,""x2"":0,""x3"":1,""x4"":0,""x5"":1,""x7"":0,""x8"":0,""x9"":0}",True,126315.0,126735.0,0.9966859983429992,493,493,626,626
epfl-arithmetic-sqrt-internal572-4cc8f15071,arithmetic,sqrt.aig,internal,16,16,fixed-075-c02,0.75,12,4,4,10600859388208919550,"{""x0"":1,""x1"":1,""x10"":0,""x11"":1,""x13"":1,""x14"":1,""x3"":0,""x4"":1,""x5"":1,""x6"":0,""x7"":1,""x8"":0}",True,127020.0,125105.0,1.0153071420007194,493,493,626,626
epfl-arithmetic-sqrt-internal572-4cc8f15071,arithmetic,sqrt.aig,internal,16,16,fixed-075-c03,0.75,12,4,4,18000275079465350080,"{""x0"":1,""x1"":0,""x10"":0,""x11"":0,""x12"":1,""x13"":0,""x15"":0,""x2"":0,""x3"":0,""x4"":1,""x7"":1,""x9"":0}",True,129240.0,134175.0,0.9632196757965343,493,493,626,626
epfl-arithmetic-square-po8-79f4d8bbc0,arithmetic,square.aig,po,8,8,fixed-000-c00,0.0,0,8,8,,{},True,141520.0,139325.0,1.0157545307733715,142,142,149,149
epfl-arithmetic-square-po8-79f4d8bbc0,arithmetic,square.aig,po,8,8,fixed-025-c00,0.25,2,6,6,17078846315676858741,"{""x4"":0,""x5"":0}",True,143225.0,144710.0,0.9897380968834221,142,142,149,149
epfl-arithmetic-square-po8-79f4d8bbc0,arithmetic,square.aig,po,8,8,fixed-025-c01,0.25,2,6,6,10462067224199454634,"{""x2"":0,""x4"":1}",True,147240.0,146845.0,1.002689911130784,142,142,149,149
epfl-arithmetic-square-po8-79f4d8bbc0,arithmetic,square.aig,po,8,8,fixed-025-c02,0.25,2,6,6,12499298359703526405,"{""x3"":0,""x4"":1}",True,149410.0,162060.0,0.9219424904356411,142,142,149,149
epfl-arithmetic-square-po8-79f4d8bbc0,arithmetic,square.aig,po,8,8,fixed-025-c03,0.25,2,6,6,11182427442068195195,"{""x5"":0,""x7"":1}",True,145750.0,149765.0,0.9731913330885054,142,142,149,149
epfl-arithmetic-square-po8-79f4d8bbc0,arithmetic,square.aig,po,8,8,fixed-050-c00,0.5,4,4,4,2481591678171873508,"{""x1"":1,""x2"":0,""x3"":1,""x7"":0}",True,31280.0,32175.0,0.9721833721833721,142,142,149,149
epfl-arithmetic-square-po8-79f4d8bbc0,arithmetic,square.aig,po,8,8,fixed-050-c01,0.5,4,4,4,5640243618121403833,"{""x0"":1,""x1"":1,""x6"":0,""x7"":0}",True,32815.0,32790.0,1.000762427569381,142,142,149,149
epfl-arithmetic-square-po8-79f4d8bbc0,arithmetic,square.aig,po,8,8,fixed-050-c02,0.5,4,4,4,14758106724382923184,"{""x0"":0,""x1"":1,""x4"":1,""x7"":0}",True,33080.0,33285.0,0.9938410695508487,142,142,149,149
epfl-arithmetic-square-po8-79f4d8bbc0,arithmetic,square.aig,po,8,8,fixed-050-c03,0.5,4,4,4,7622859885529649684,"{""x0"":0,""x5"":1,""x6"":1,""x7"":0}",True,32990.0,33285.0,0.9911371488658555,142,142,149,149
epfl-arithmetic-square-po8-79f4d8bbc0,arithmetic,square.aig,po,8,8,fixed-075-c00,0.75,6,2,2,18300236830264374905,"{""x0"":0,""x2"":0,""x3"":1,""x4"":1,""x5"":0,""x6"":0}",True,31245.0,31575.0,0.9895486935866984,142,142,149,149
epfl-arithmetic-square-po8-79f4d8bbc0,arithmetic,square.aig,po,8,8,fixed-075-c01,0.75,6,2,2,12562669217422919941,"{""x0"":0,""x1"":1,""x3"":1,""x5"":0,""x6"":0,""x7"":0}",True,33815.0,34335.0,0.9848551041211592,142,142,149,149
epfl-arithmetic-square-po8-79f4d8bbc0,arithmetic,square.aig,po,8,8,fixed-075-c02,0.75,6,2,2,17455058841624318156,"{""x0"":0,""x2"":1,""x4"":0,""x5"":0,""x6"":0,""x7"":1}",True,47440.0,47055.0,1.008181914780576,142,142,149,149
epfl-arithmetic-square-po8-79f4d8bbc0,arithmetic,square.aig,po,8,8,fixed-075-c03,0.75,6,2,2,16164549996685364542,"{""x0"":1,""x1"":0,""x3"":1,""x4"":0,""x5"":1,""x7"":0}",True,31405.0,30550.0,1.027986906710311,142,142,149,149
epfl-arithmetic-square-po9-6849ed374c,arithmetic,square.aig,po,9,9,fixed-000-c00,0.0,0,9,9,,{},True,187470.0,197535.0,0.9490470043283469,195,195,203,203
epfl-arithmetic-square-po9-6849ed374c,arithmetic,square.aig,po,9,9,fixed-025-c00,0.25,2,7,7,8719071626064923220,"{""x2"":1,""x6"":0}",True,186665.0,184350.0,1.0125576349335503,195,195,203,203
epfl-arithmetic-square-po9-6849ed374c,arithmetic,square.aig,po,9,9,fixed-025-c01,0.25,2,7,7,1594467535036612599,"{""x2"":0,""x5"":0}",True,204075.0,191755.0,1.0642486506218873,195,195,203,203
epfl-arithmetic-square-po9-6849ed374c,arithmetic,square.aig,po,9,9,fixed-025-c02,0.25,2,7,7,13811413586628556336,"{""x1"":0,""x7"":1}",True,192610.0,189730.0,1.0151794655563169,195,195,203,203
epfl-arithmetic-square-po9-6849ed374c,arithmetic,square.aig,po,9,9,fixed-025-c03,0.25,2,7,7,17803305518889053208,"{""x3"":1,""x5"":0}",True,204920.0,192355.0,1.065321930805022,195,195,203,203
epfl-arithmetic-square-po9-6849ed374c,arithmetic,square.aig,po,9,9,fixed-050-c00,0.5,4,5,5,8551046439551449060,"{""x2"":0,""x3"":0,""x6"":1,""x8"":0}",True,48525.0,49070.0,0.9888934175667414,195,195,203,203
epfl-arithmetic-square-po9-6849ed374c,arithmetic,square.aig,po,9,9,fixed-050-c01,0.5,4,5,5,9949826666682273801,"{""x1"":1,""x3"":0,""x4"":0,""x5"":1}",True,49315.0,49965.0,0.9869908936255378,195,195,203,203
epfl-arithmetic-square-po9-6849ed374c,arithmetic,square.aig,po,9,9,fixed-050-c02,0.5,4,5,5,16873069773547379609,"{""x0"":1,""x4"":0,""x7"":1,""x8"":1}",True,57490.0,57635.0,0.9974841676064891,195,195,203,203
epfl-arithmetic-square-po9-6849ed374c,arithmetic,square.aig,po,9,9,fixed-050-c03,0.5,4,5,5,8686552019432158312,"{""x1"":0,""x2"":0,""x4"":1,""x7"":1}",True,49150.0,49150.0,1.0,195,195,203,203
epfl-arithmetic-square-po9-6849ed374c,arithmetic,square.aig,po,9,9,fixed-075-c00,0.75,7,2,2,11526758621761610419,"{""x0"":0,""x1"":1,""x2"":0,""x3"":1,""x4"":1,""x5"":1,""x7"":1}",True,40100.0,39870.0,1.0057687484324054,195,195,203,203
epfl-arithmetic-square-po9-6849ed374c,arithmetic,square.aig,po,9,9,fixed-075-c01,0.75,7,2,2,7005932234694214091,"{""x0"":0,""x1"":1,""x4"":0,""x5"":0,""x6"":1,""x7"":1,""x8"":1}",True,40040.0,40040.0,1.0,195,195,203,203
epfl-arithmetic-square-po9-6849ed374c,arithmetic,square.aig,po,9,9,fixed-075-c02,0.75,7,2,2,9840210784850243008,"{""x1"":1,""x2"":0,""x3"":0,""x4"":0,""x5"":0,""x6"":1,""x8"":1}",True,40490.0,41735.0,0.9701689229663352,195,195,203,203
epfl-arithmetic-square-po9-6849ed374c,arithmetic,square.aig,po,9,9,fixed-075-c03,0.75,7,2,2,266435619287646353,"{""x0"":0,""x1"":0,""x3"":1,""x5"":1,""x6"":0,""x7"":1,""x8"":0}",True,39485.0,40225.0,0.9816034804226228,195,195,203,203
epfl-arithmetic-square-po10-805e4729e4,arithmetic,square.aig,po,10,10,fixed-000-c00,0.0,0,10,10,,{},True,260820.0,255950.0,1.019027153740965,265,265,278,278
epfl-arithmetic-square-po10-805e4729e4,arithmetic,square.aig,po,10,10,fixed-025-c00,0.25,2,8,8,9547582123824195721,"{""x2"":1,""x3"":0}",True,268370.0,270230.0,0.99311697442919,265,265,278,278
epfl-arithmetic-square-po10-805e4729e4,arithmetic,square.aig,po,10,10,fixed-025-c01,0.25,2,8,8,5218765502554771764,"{""x0"":0,""x1"":0}",True,265625.0,265530.0,1.0003577750160058,265,265,278,278
epfl-arithmetic-square-po10-805e4729e4,arithmetic,square.aig,po,10,10,fixed-025-c02,0.25,2,8,8,365049027427941345,"{""x0"":1,""x5"":0}",True,263870.0,263105.0,1.0029075844244693,265,265,278,278
epfl-arithmetic-square-po10-805e4729e4,arithmetic,square.aig,po,10,10,fixed-025-c03,0.25,2,8,8,4148854750603795399,"{""x2"":1,""x8"":0}",True,252695.0,257150.0,0.9826754812366323,265,265,278,278
epfl-arithmetic-square-po10-805e4729e4,arithmetic,square.aig,po,10,10,fixed-050-c00,0.5,5,5,5,17831047790960544349,"{""x1"":1,""x6"":1,""x7"":1,""x8"":1,""x9"":1}",True,66385.0,65960.0,1.0064432989690721,265,265,278,278
epfl-arithmetic-square-po10-805e4729e4,arithmetic,square.aig,po,10,10,fixed-050-c01,0.5,5,5,5,15103442051459923478,"{""x1"":0,""x3"":1,""x4"":1,""x6"":1,""x8"":1}",True,67665.0,68325.0,0.9903402854006587,265,265,278,278
epfl-arithmetic-square-po10-805e4729e4,arithmetic,square.aig,po,10,10,fixed-050-c02,0.5,5,5,5,10751420214164191888,"{""x3"":0,""x5"":1,""x7"":0,""x8"":1,""x9"":1}",True,65840.0,68120.0,0.9665296535525543,265,265,278,278
epfl-arithmetic-square-po10-805e4729e4,arithmetic,square.aig,po,10,10,fixed-050-c03,0.5,5,5,5,11176226494198809247,"{""x0"":1,""x1"":1,""x3"":1,""x7"":1,""x8"":0}",True,65615.0,66270.0,0.9901161913384638,265,265,278,278
epfl-arithmetic-square-po10-805e4729e4,arithmetic,square.aig,po,10,10,fixed-075-c00,0.75,8,2,2,11374146860490703098,"{""x1"":0,""x2"":1,""x4"":0,""x5"":1,""x6"":0,""x7"":0,""x8"":1,""x9"":0}",True,55970.0,56735.0,0.9865162598043535,265,265,278,278
epfl-arithmetic-square-po10-805e4729e4,arithmetic,square.aig,po,10,10,fixed-075-c01,0.75,8,2,2,7370327422426116684,"{""x1"":0,""x3"":0,""x4"":1,""x5"":0,""x6"":0,""x7"":0,""x8"":0,""x9"":1}",True,55985.0,55890.0,1.0016997674002506,265,265,278,278
epfl-arithmetic-square-po10-805e4729e4,arithmetic,square.aig,po,10,10,fixed-075-c02,0.75,8,2,2,17502120096553169985,"{""x0"":1,""x1"":0,""x2"":0,""x4"":1,""x5"":1,""x7"":0,""x8"":1,""x9"":0}",True,57640.0,57190.0,1.0078685084805037,265,265,278,278
epfl-arithmetic-square-po10-805e4729e4,arithmetic,square.aig,po,10,10,fixed-075-c03,0.75,8,2,2,14579267103194773458,"{""x0"":0,""x1"":1,""x2"":0,""x3"":0,""x4"":0,""x5"":0,""x8"":0,""x9"":1}",True,57305.0,54560.0,1.0503115835777126,265,265,278,278
epfl-arithmetic-square-po11-4ea9428b58,arithmetic,square.aig,po,11,11,fixed-000-c00,0.0,0,11,11,,{},True,336465.0,331845.0,1.0139221624553632,338,338,356,356
epfl-arithmetic-square-po11-4ea9428b58,arithmetic,square.aig,po,11,11,fixed-025-c00,0.25,3,8,8,3249372526625178047,"{""x0"":1,""x10"":0,""x2"":1}",True,335585.0,330570.0,1.0151707656472153,338,338,356,356
epfl-arithmetic-square-po11-4ea9428b58,arithmetic,square.aig,po,11,11,fixed-025-c01,0.25,3,8,8,11756328185899928930,"{""x1"":0,""x6"":0,""x7"":0}",True,332525.0,335325.0,0.9916498918959219,338,338,356,356
epfl-arithmetic-square-po11-4ea9428b58,arithmetic,square.aig,po,11,11,fixed-025-c02,0.25,3,8,8,10279407729733822942,"{""x0"":0,""x5"":0,""x6"":0}",True,360350.0,379985.0,0.9483269076410911,338,338,356,356
epfl-arithmetic-square-po11-4ea9428b58,arithmetic,square.aig,po,11,11,fixed-025-c03,0.25,3,8,8,6565946613218160134,"{""x10"":0,""x7"":1,""x9"":1}",True,341090.0,331655.0,1.0284482368726537,338,338,356,356
epfl-arithmetic-square-po11-4ea9428b58,arithmetic,square.aig,po,11,11,fixed-050-c00,0.5,6,5,5,9218435757720096514,"{""x0"":1,""x2"":0,""x3"":1,""x5"":1,""x6"":1,""x9"":0}",True,95565.0,98805.0,0.9672081372400182,338,338,356,356
epfl-arithmetic-square-po11-4ea9428b58,arithmetic,square.aig,po,11,11,fixed-050-c01,0.5,6,5,5,10856259244960643519,"{""x1"":1,""x10"":1,""x2"":1,""x3"":0,""x6"":1,""x7"":0}",True,91985.0,94055.0,0.9779916006591888,338,338,356,356
epfl-arithmetic-square-po11-4ea9428b58,arithmetic,square.aig,po,11,11,fixed-050-c02,0.5,6,5,5,11152404120147857595,"{""x0"":1,""x2"":0,""x3"":1,""x5"":1,""x7"":1,""x8"":1}",True,90250.0,90995.0,0.9918127369635694,338,338,356,356
epfl-arithmetic-square-po11-4ea9428b58,arithmetic,square.aig,po,11,11,fixed-050-c03,0.5,6,5,5,8228349089298373350,"{""x0"":1,""x1"":1,""x4"":0,""x6"":1,""x7"":1,""x8"":0}",True,89600.0,91450.0,0.9797703663203936,338,338,356,356
epfl-arithmetic-square-po11-4ea9428b58,arithmetic,square.aig,po,11,11,fixed-075-c00,0.75,8,3,3,1822131688047554620,"{""x0"":0,""x1"":1,""x3"":0,""x4"":1,""x6"":0,""x7"":1,""x8"":0,""x9"":1}",True,74655.0,74690.0,0.9995313964386129,338,338,356,356
epfl-arithmetic-square-po11-4ea9428b58,arithmetic,square.aig,po,11,11,fixed-075-c01,0.75,8,3,3,17468972667179077834,"{""x1"":1,""x10"":0,""x2"":0,""x4"":1,""x5"":1,""x6"":0,""x7"":0,""x9"":1}",True,76040.0,75300.0,1.0098273572377159,338,338,356,356
epfl-arithmetic-square-po11-4ea9428b58,arithmetic,square.aig,po,11,11,fixed-075-c02,0.75,8,3,3,496544504260064492,"{""x1"":1,""x10"":1,""x2"":1,""x3"":1,""x4"":1,""x5"":0,""x8"":1,""x9"":1}",True,75425.0,75355.0,1.0009289363678588,338,338,356,356
epfl-arithmetic-square-po11-4ea9428b58,arithmetic,square.aig,po,11,11,fixed-075-c03,0.75,8,3,3,6353938253426380338,"{""x0"":1,""x1"":1,""x10"":0,""x2"":1,""x5"":1,""x7"":1,""x8"":1,""x9"":1}",True,69410.0,68735.0,1.0098203244344222,338,338,356,356
epfl-arithmetic-square-po12-3163147af5,arithmetic,square.aig,po,12,12,fixed-000-c00,0.0,0,12,12,,{},True,424285.0,437050.0,0.9707928154673379,426,426,447,447
epfl-arithmetic-square-po12-3163147af5,arithmetic,square.aig,po,12,12,fixed-025-c00,0.25,3,9,9,13716555338607053504,"{""x2"":0,""x4"":0,""x6"":0}",True,442865.0,425800.0,1.0400775011742602,426,426,447,447
epfl-arithmetic-square-po12-3163147af5,arithmetic,square.aig,po,12,12,fixed-025-c01,0.25,3,9,9,16710743799704162941,"{""x1"":0,""x10"":0,""x2"":0}",True,426660.0,423715.0,1.0069504265839067,426,426,447,447
epfl-arithmetic-square-po12-3163147af5,arithmetic,square.aig,po,12,12,fixed-025-c02,0.25,3,9,9,12178849201691359696,"{""x1"":1,""x3"":1,""x7"":0}",True,430905.0,436240.0,0.9877704933064368,426,426,447,447
epfl-arithmetic-square-po12-3163147af5,arithmetic,square.aig,po,12,12,fixed-025-c03,0.25,3,9,9,9770142861983353939,"{""x0"":1,""x11"":0,""x2"":0}",True,424915.0,429750.0,0.9887492728330425,426,426,447,447
epfl-arithmetic-square-po12-3163147af5,arithmetic,square.aig,po,12,12,fixed-050-c00,0.5,6,6,6,17778143535760283015,"{""x0"":1,""x1"":1,""x11"":1,""x7"":0,""x8"":1,""x9"":0}",True,433800.0,446230.0,0.9721444098334939,426,426,447,447
epfl-arithmetic-square-po12-3163147af5,arithmetic,square.aig,po,12,12,fixed-050-c01,0.5,6,6,6,7651922172420353961,"{""x1"":0,""x10"":1,""x2"":0,""x3"":1,""x8"":1,""x9"":1}",True,467390.0,465015.0,1.0051073621281035,426,426,447,447
epfl-arithmetic-square-po12-3163147af5,arithmetic,square.aig,po,12,12,fixed-050-c02,0.5,6,6,6,5085233785254667168,"{""x0"":1,""x10"":1,""x11"":0,""x3"":0,""x8"":0,""x9"":1}",True,450970.0,458850.0,0.9828266317968836,426,426,447,447
epfl-arithmetic-square-po12-3163147af5,arithmetic,square.aig,po,12,12,fixed-050-c03,0.5,6,6,6,17763896461541562264,"{""x0"":0,""x11"":0,""x3"":1,""x4"":0,""x7"":1,""x9"":1}",True,460375.0,454035.0,1.0139636812140034,426,426,447,447
epfl-arithmetic-square-po12-3163147af5,arithmetic,square.aig,po,12,12,fixed-075-c00,0.75,9,3,3,1896848256750162008,"{""x0"":0,""x10"":1,""x11"":0,""x2"":0,""x3"":0,""x6"":0,""x7"":0,""x8"":1,""x9"":0}",True,94535.0,98125.0,0.9634140127388535,426,426,447,447
epfl-arithmetic-square-po12-3163147af5,arithmetic,square.aig,po,12,12,fixed-075-c01,0.75,9,3,3,9210905657539863736,"{""x0"":0,""x10"":0,""x11"":0,""x2"":0,""x3"":1,""x4"":1,""x5"":0,""x8"":1,""x9"":0}",True,93310.0,94660.0,0.9857384322839636,426,426,447,447
epfl-arithmetic-square-po12-3163147af5,arithmetic,square.aig,po,12,12,fixed-075-c02,0.75,9,3,3,1197370201271197294,"{""x0"":0,""x10"":1,""x2"":0,""x3"":1,""x4"":0,""x5"":0,""x7"":1,""x8"":1,""x9"":1}",True,90620.0,91430.0,0.9911407634255714,426,426,447,447
epfl-arithmetic-square-po12-3163147af5,arithmetic,square.aig,po,12,12,fixed-075-c03,0.75,9,3,3,16673593810952653100,"{""x0"":1,""x1"":0,""x10"":0,""x2"":0,""x3"":1,""x4"":1,""x5"":0,""x7"":1,""x9"":1}",True,117975.0,100255.0,1.1767492893122538,426,426,447,447
epfl-arithmetic-square-po13-eca0925c59,arithmetic,square.aig,po,13,13,fixed-000-c00,0.0,0,13,13,,{},True,547130.0,567935.0,0.9633672867493639,512,512,538,538
epfl-arithmetic-square-po13-eca0925c59,arithmetic,square.aig,po,13,13,fixed-025-c00,0.25,3,10,10,16298894617534423759,"{""x0"":0,""x11"":0,""x8"":0}",True,494570.0,513670.0,0.962816594311523,512,512,538,538
epfl-arithmetic-square-po13-eca0925c59,arithmetic,square.aig,po,13,13,fixed-025-c01,0.25,3,10,10,12222993375481405134,"{""x11"":0,""x2"":1,""x5"":1}",True,510110.0,521245.0,0.9786376847739546,512,512,538,538
epfl-arithmetic-square-po13-eca0925c59,arithmetic,square.aig,po,13,13,fixed-025-c02,0.25,3,10,10,15863899874701054643,"{""x10"":0,""x5"":0,""x8"":1}",True,526860.0,512090.0,1.0288425862641333,512,512,538,538
epfl-arithmetic-square-po13-eca0925c59,arithmetic,square.aig,po,13,13,fixed-025-c03,0.25,3,10,10,5138655620205516293,"{""x11"":0,""x5"":1,""x9"":0}",True,522030.0,522240.0,0.9995978860294118,512,512,538,538
epfl-arithmetic-square-po13-eca0925c59,arithmetic,square.aig,po,13,13,fixed-050-c00,0.5,6,7,7,2768780285557789512,"{""x10"":0,""x11"":1,""x2"":1,""x4"":0,""x5"":0,""x7"":0}",True,506015.0,495325.0,1.021581789734013,512,512,538,538
epfl-arithmetic-square-po13-eca0925c59,arithmetic,square.aig,po,13,13,fixed-050-c01,0.5,6,7,7,11329490882912402835,"{""x0"":0,""x10"":0,""x11"":1,""x12"":0,""x6"":0,""x8"":1}",True,550070.0,527915.0,1.0419669833211787,512,512,538,538
epfl-arithmetic-square-po13-eca0925c59,arithmetic,square.aig,po,13,13,fixed-050-c02,0.5,6,7,7,13186039358139641729,"{""x1"":0,""x10"":1,""x3"":1,""x5"":1,""x7"":1,""x8"":0}",True,659550.0,506105.0,1.3031880736210866,512,512,538,538
epfl-arithmetic-square-po13-eca0925c59,arithmetic,square.aig,po,13,13,fixed-050-c03,0.5,6,7,7,4317029973926622312,"{""x1"":0,""x10"":1,""x12"":1,""x2"":1,""x6"":1,""x8"":0}",True,545760.0,524870.0,1.0398003315106599,512,512,538,538
epfl-arithmetic-square-po13-eca0925c59,arithmetic,square.aig,po,13,13,fixed-075-c00,0.75,10,3,3,134002921914653754,"{""x0"":1,""x1"":0,""x10"":0,""x11"":0,""x12"":0,""x2"":0,""x4"":0,""x5"":0,""x8"":0,""x9"":1}",True,112730.0,109615.0,1.028417643570679,512,512,538,538
epfl-arithmetic-square-po13-eca0925c59,arithmetic,square.aig,po,13,13,fixed-075-c01,0.75,10,3,3,18310695873312340255,"{""x0"":1,""x1"":1,""x10"":0,""x11"":0,""x12"":0,""x2"":1,""x5"":1,""x7"":0,""x8"":1,""x9"":0}",True,119665.0,139560.0,0.857444826597879,512,512,538,538
epfl-arithmetic-square-po13-eca0925c59,arithmetic,square.aig,po,13,13,fixed-075-c02,0.75,10,3,3,17607859418987083122,"{""x0"":0,""x10"":0,""x11"":1,""x2"":0,""x3"":0,""x4"":1,""x5"":0,""x6"":1,""x8"":1,""x9"":1}",True,113460.0,116385.0,0.9748678953473385,512,512,538,538
epfl-arithmetic-square-po13-eca0925c59,arithmetic,square.aig,po,13,13,fixed-075-c03,0.75,10,3,3,17144151844086238929,"{""x1"":0,""x10"":0,""x11"":0,""x2"":0,""x3"":0,""x4"":0,""x5"":0,""x6"":0,""x8"":1,""x9"":1}",True,113970.0,109995.0,1.0361380062730123,512,512,538,538
epfl-arithmetic-square-po14-e64d8827d4,arithmetic,square.aig,po,14,14,fixed-000-c00,0.0,0,14,14,,{},True,714685.0,730425.0,0.9784509018721977,614,614,640,640
epfl-arithmetic-square-po14-e64d8827d4,arithmetic,square.aig,po,14,14,fixed-025-c00,0.25,4,10,10,1637109978871157169,"{""x1"":0,""x10"":0,""x3"":1,""x8"":0}",True,668305.0,660710.0,1.0114952096986576,614,614,640,640
epfl-arithmetic-square-po14-e64d8827d4,arithmetic,square.aig,po,14,14,fixed-025-c01,0.25,4,10,10,3838835057877782821,"{""x0"":1,""x2"":1,""x3"":0,""x5"":0}",True,685370.0,663545.0,1.0328915145167246,614,614,640,640
epfl-arithmetic-square-po14-e64d8827d4,arithmetic,square.aig,po,14,14,fixed-025-c02,0.25,4,10,10,5839378602531424683,"{""x12"":1,""x13"":1,""x7"":1,""x9"":0}",True,868520.0,870745.0,0.9974447168803725,614,614,640,640
epfl-arithmetic-square-po14-e64d8827d4,arithmetic,square.aig,po,14,14,fixed-025-c03,0.25,4,10,10,8580652347014418247,"{""x11"":0,""x5"":0,""x8"":0,""x9"":1}",True,688095.0,733175.0,0.9385139973403348,614,614,640,640
epfl-arithmetic-square-po14-e64d8827d4,arithmetic,square.aig,po,14,14,fixed-050-c00,0.5,7,7,7,1159437775509230309,"{""x0"":1,""x13"":1,""x3"":1,""x4"":0,""x6"":1,""x7"":1,""x8"":0}",True,626065.0,651785.0,0.960539134837408,614,614,640,640
epfl-arithmetic-square-po14-e64d8827d4,arithmetic,square.aig,po,14,14,fixed-050-c01,0.5,7,7,7,1884774975772202185,"{""x1"":0,""x10"":1,""x11"":0,""x4"":0,""x6"":0,""x8"":1,""x9"":0}",True,662705.0,633995.0,1.0452842688033817,614,614,640,640
epfl-arithmetic-square-po14-e64d8827d4,arithmetic,square.aig,po,14,14,fixed-050-c02,0.5,7,7,7,514763492984371112,"{""x1"":0,""x11"":0,""x12"":0,""x3"":0,""x7"":1,""x8"":0,""x9"":1}",True,622505.0,634125.0,0.9816755371575004,614,614,640,640
epfl-arithmetic-square-po14-e64d8827d4,arithmetic,square.aig,po,14,14,fixed-050-c03,0.5,7,7,7,2117124590141536737,"{""x10"":1,""x12"":0,""x13"":0,""x2"":0,""x5"":0,""x8"":1,""x9"":1}",True,666145.0,693365.0,0.9607421776409251,614,614,640,640
epfl-arithmetic-square-po14-e64d8827d4,arithmetic,square.aig,po,14,14,fixed-075-c00,0.75,10,4,4,13715097888253198880,"{""x0"":0,""x1"":1,""x11"":1,""x12"":1,""x2"":1,""x4"":0,""x5"":1,""x7"":1,""x8"":1,""x9"":1}",True,153780.0,157145.0,0.978586655636514,614,614,640,640
epfl-arithmetic-square-po14-e64d8827d4,arithmetic,square.aig,po,14,14,fixed-075-c01,0.75,10,4,4,13316221390124571710,"{""x0"":0,""x1"":0,""x10"":0,""x11"":1,""x12"":1,""x13"":1,""x2"":1,""x3"":1,""x6"":1,""x7"":1}",True,157300.0,166505.0,0.9447163748836371,614,614,640,640
epfl-arithmetic-square-po14-e64d8827d4,arithmetic,square.aig,po,14,14,fixed-075-c02,0.75,10,4,4,17192061385143585868,"{""x1"":0,""x11"":0,""x12"":1,""x13"":0,""x2"":0,""x3"":0,""x4"":1,""x5"":1,""x8"":0,""x9"":0}",True,140870.0,145355.0,0.9691445082728493,614,614,640,640
epfl-arithmetic-square-po14-e64d8827d4,arithmetic,square.aig,po,14,14,fixed-075-c03,0.75,10,4,4,11414547138644696126,"{""x1"":1,""x10"":0,""x11"":0,""x12"":1,""x13"":0,""x2"":1,""x3"":0,""x5"":1,""x6"":1,""x9"":1}",True,139830.0,139525.0,1.0021859881741624,614,614,640,640
epfl-arithmetic-square-po15-ffd477ae96,arithmetic,square.aig,po,15,15,fixed-000-c00,0.0,0,15,15,,{},True,1033705.0,1019015.0,1.0144158820036997,722,722,755,755
epfl-arithmetic-square-po15-ffd477ae96,arithmetic,square.aig,po,15,15,fixed-025-c00,0.25,4,11,11,14208040415180267866,"{""x12"":1,""x2"":1,""x5"":0,""x8"":1}",True,718995.0,722750.0,0.9948045658941542,722,722,755,755
epfl-arithmetic-square-po15-ffd477ae96,arithmetic,square.aig,po,15,15,fixed-025-c01,0.25,4,11,11,1412441250191969776,"{""x14"":1,""x2"":1,""x3"":0,""x4"":0}",True,726380.0,728350.0,0.9972952564014553,722,722,755,755
epfl-arithmetic-square-po15-ffd477ae96,arithmetic,square.aig,po,15,15,fixed-025-c02,0.25,4,11,11,16872325498322489546,"{""x13"":1,""x3"":1,""x4"":1,""x6"":0}",True,748870.0,858125.0,0.8726817188638019,722,722,755,755
epfl-arithmetic-square-po15-ffd477ae96,arithmetic,square.aig,po,15,15,fixed-025-c03,0.25,4,11,11,16150481529094074599,"{""x3"":1,""x4"":0,""x5"":0,""x9"":1}",True,742025.0,737580.0,1.0060264649258386,722,722,755,755
epfl-arithmetic-square-po15-ffd477ae96,arithmetic,square.aig,po,15,15,fixed-050-c00,0.5,8,7,7,3903851802301348329,"{""x1"":1,""x10"":0,""x14"":1,""x3"":0,""x5"":0,""x6"":0,""x7"":0,""x8"":0}",True,752485.0,719990.0,1.0451325712857122,722,722,755,755
epfl-arithmetic-square-po15-ffd477ae96,arithmetic,square.aig,po,15,15,fixed-050-c01,0.5,8,7,7,3609422224081622808,"{""x1"":0,""x12"":1,""x14"":1,""x2"":1,""x4"":0,""x6"":1,""x7"":0,""x9"":0}",True,715080.0,716220.0,0.9984083102957192,722,722,755,755
epfl-arithmetic-square-po15-ffd477ae96,arithmetic,square.aig,po,15,15,fixed-050-c02,0.5,8,7,7,9348544246285129901,"{""x1"":0,""x10"":1,""x13"":1,""x2"":1,""x5"":0,""x6"":1,""x8"":1,""x9"":0}",True,723440.0,721685.0,1.002431808891691,722,722,755,755
epfl-arithmetic-square-po15-ffd477ae96,arithmetic,square.aig,po,15,15,fixed-050-c03,0.5,8,7,7,7836663600313456534,"{""x0"":0,""x10"":1,""x12"":0,""x2"":1,""x3"":0,""x4"":1,""x5"":1,""x9"":1}",True,777435.0,731890.0,1.0622292967522442,722,722,755,755
epfl-arithmetic-square-po15-ffd477ae96,arithmetic,square.aig,po,15,15,fixed-075-c00,0.75,11,4,4,9467981869154032297,"{""x0"":0,""x1"":0,""x10"":1,""x13"":1,""x14"":1,""x2"":1,""x4"":1,""x5"":1,""x6"":1,""x8"":0,""x9"":0}",True,174660.0,171540.0,1.018188177684505,722,722,755,755
epfl-arithmetic-square-po15-ffd477ae96,arithmetic,square.aig,po,15,15,fixed-075-c01,0.75,11,4,4,16926785224624060261,"{""x0"":1,""x1"":0,""x10"":0,""x12"":1,""x14"":1,""x2"":0,""x4"":0,""x5"":0,""x6"":1,""x7"":0,""x9"":1}",True,163635.0,161150.0,1.0154204157617126,722,722,755,755
epfl-arithmetic-square-po15-ffd477ae96,arithmetic,square.aig,po,15,15,fixed-075-c02,0.75,11,4,4,957947289288611714,"{""x0"":1,""x1"":1,""x10"":1,""x11"":0,""x12"":1,""x13"":0,""x2"":0,""x3"":1,""x6"":0,""x7"":1,""x9"":1}",True,179480.0,176790.0,1.0152157927484586,722,722,755,755
epfl-arithmetic-square-po15-ffd477ae96,arithmetic,square.aig,po,15,15,fixed-075-c03,0.75,11,4,4,13300387731894274085,"{""x0"":1,""x1"":0,""x10"":0,""x11"":0,""x13"":1,""x2"":0,""x5"":0,""x6"":0,""x7"":0,""x8"":1,""x9"":1}",True,173955.0,199305.0,0.8728080078271995,722,722,755,755
epfl-random_control-arbiter-internal7-1db4c51be9,random_control,arbiter.aig,internal,8,8,fixed-000-c00,0.0,0,8,8,,{},True,17180.0,17280.0,0.9942129629629629,15,15,18,18
epfl-random_control-arbiter-internal7-1db4c51be9,random_control,arbiter.aig,internal,8,8,fixed-025-c00,0.25,2,6,6,3991942725522812003,"{""x1"":1,""x5"":0}",True,20780.0,20575.0,1.0099635479951397,15,15,18,18
epfl-random_control-arbiter-internal7-1db4c51be9,random_control,arbiter.aig,internal,8,8,fixed-025-c01,0.25,2,6,6,6457863001993298163,"{""x3"":1,""x4"":1}",True,52000.0,52415.0,0.9920824191548221,15,15,18,18
epfl-random_control-arbiter-internal7-1db4c51be9,random_control,arbiter.aig,internal,8,8,fixed-025-c02,0.25,2,6,6,2711133896832199031,"{""x5"":0,""x7"":1}",True,51355.0,50770.0,1.0115225526885956,15,15,18,18
epfl-random_control-arbiter-internal7-1db4c51be9,random_control,arbiter.aig,internal,8,8,fixed-025-c03,0.25,2,6,6,11064196187299356945,"{""x5"":0,""x6"":1}",True,20420.0,20545.0,0.9939157945972256,15,15,18,18
epfl-random_control-arbiter-internal7-1db4c51be9,random_control,arbiter.aig,internal,8,8,fixed-050-c00,0.5,4,4,4,3052759002971617787,"{""x0"":0,""x3"":0,""x5"":1,""x6"":1}",True,5140.0,5195.0,0.9894128970163619,15,15,18,18
epfl-random_control-arbiter-internal7-1db4c51be9,random_control,arbiter.aig,internal,8,8,fixed-050-c01,0.5,4,4,4,18029608916811384810,"{""x1"":0,""x2"":0,""x3"":0,""x4"":1}",True,5070.0,5055.0,1.002967359050445,15,15,18,18
epfl-random_control-arbiter-internal7-1db4c51be9,random_control,arbiter.aig,internal,8,8,fixed-050-c02,0.5,4,4,4,15863509912866776873,"{""x1"":0,""x3"":0,""x4"":0,""x5"":1}",True,5225.0,5235.0,0.9980897803247374,15,15,18,18
epfl-random_control-arbiter-internal7-1db4c51be9,random_control,arbiter.aig,internal,8,8,fixed-050-c03,0.5,4,4,4,12264185837486073348,"{""x2"":1,""x4"":1,""x5"":1,""x7"":1}",True,5215.0,5185.0,1.0057859209257474,15,15,18,18
epfl-random_control-arbiter-internal7-1db4c51be9,random_control,arbiter.aig,internal,8,8,fixed-075-c00,0.75,6,2,2,3061743694976965666,"{""x0"":0,""x1"":1,""x3"":0,""x5"":1,""x6"":0,""x7"":1}",True,5220.0,5165.0,1.010648596321394,15,15,18,18
epfl-random_control-arbiter-internal7-1db4c51be9,random_control,arbiter.aig,internal,8,8,fixed-075-c01,0.75,6,2,2,16616526382642212451,"{""x0"":1,""x1"":0,""x2"":0,""x3"":1,""x6"":0,""x7"":1}",True,5245.0,5250.0,0.9990476190476191,15,15,18,18
epfl-random_control-arbiter-internal7-1db4c51be9,random_control,arbiter.aig,internal,8,8,fixed-075-c02,0.75,6,2,2,17954145797269893421,"{""x1"":1,""x3"":0,""x4"":1,""x5"":0,""x6"":1,""x7"":1}",True,5300.0,5370.0,0.9869646182495344,15,15,18,18
epfl-random_control-arbiter-internal7-1db4c51be9,random_control,arbiter.aig,internal,8,8,fixed-075-c03,0.75,6,2,2,5104450231262543209,"{""x1"":0,""x2"":0,""x3"":0,""x4"":1,""x6"":1,""x7"":0}",True,5320.0,5385.0,0.9879294336118849,15,15,18,18
epfl-random_control-arbiter-internal2404-73be6ac31e,random_control,arbiter.aig,internal,11,11,fixed-000-c00,0.0,0,11,11,,{},True,25705.0,25830.0,0.9951606658923732,21,21,26,26
epfl-random_control-arbiter-internal2404-73be6ac31e,random_control,arbiter.aig,internal,11,11,fixed-025-c00,0.25,3,8,8,2113002661105514914,"{""x0"":1,""x2"":0,""x6"":1}",True,25450.0,25590.0,0.9945291129347401,21,21,26,26
epfl-random_control-arbiter-internal2404-73be6ac31e,random_control,arbiter.aig,internal,11,11,fixed-025-c01,0.25,3,8,8,7652021877382333019,"{""x0"":1,""x8"":1,""x9"":1}",True,25400.0,25650.0,0.9902534113060428,21,21,26,26
epfl-random_control-arbiter-internal2404-73be6ac31e,random_control,arbiter.aig,internal,11,11,fixed-025-c02,0.25,3,8,8,2013638212294678074,"{""x1"":0,""x10"":1,""x2"":0}",True,25180.0,25410.0,0.9909484454939,21,21,26,26
epfl-random_control-arbiter-internal2404-73be6ac31e,random_control,arbiter.aig,internal,11,11,fixed-025-c03,0.25,3,8,8,9730543861193105457,"{""x2"":1,""x4"":0,""x8"":1}",True,25150.0,25200.0,0.998015873015873,21,21,26,26
epfl-random_control-arbiter-internal2404-73be6ac31e,random_control,arbiter.aig,internal,11,11,fixed-050-c00,0.5,6,5,5,4980547702279092128,"{""x0"":0,""x1"":0,""x4"":1,""x5"":1,""x7"":0,""x8"":0}",True,7940.0,7840.0,1.0127551020408163,21,21,26,26
epfl-random_control-arbiter-internal2404-73be6ac31e,random_control,arbiter.aig,internal,11,11,fixed-050-c01,0.5,6,5,5,11846957009471559353,"{""x10"":0,""x3"":1,""x5"":0,""x7"":1,""x8"":0,""x9"":0}",True,7965.0,7960.0,1.0006281407035176,21,21,26,26
epfl-random_control-arbiter-internal2404-73be6ac31e,random_control,arbiter.aig,internal,11,11,fixed-050-c02,0.5,6,5,5,7141158498256874919,"{""x0"":0,""x1"":1,""x2"":1,""x3"":1,""x6"":1,""x7"":0}",True,7960.0,7830.0,1.016602809706258,21,21,26,26
epfl-random_control-arbiter-internal2404-73be6ac31e,random_control,arbiter.aig,internal,11,11,fixed-050-c03,0.5,6,5,5,5312017276704850311,"{""x3"":1,""x4"":1,""x5"":1,""x6"":0,""x7"":1,""x9"":0}",True,7940.0,8030.0,0.9887920298879203,21,21,26,26
epfl-random_control-arbiter-internal2404-73be6ac31e,random_control,arbiter.aig,internal,11,11,fixed-075-c00,0.75,8,3,3,4523955064987050400,"{""x0"":0,""x1"":1,""x2"":1,""x3"":0,""x5"":1,""x6"":0,""x7"":1,""x8"":0}",True,7220.0,7130.0,1.0126227208976157,21,21,26,26
epfl-random_control-arbiter-internal2404-73be6ac31e,random_control,arbiter.aig,internal,11,11,fixed-075-c01,0.75,8,3,3,10754351714550496142,"{""x0"":1,""x1"":1,""x10"":0,""x2"":1,""x3"":1,""x5"":0,""x6"":1,""x7"":0}",True,7430.0,7200.0,1.0319444444444446,21,21,26,26
epfl-random_control-arbiter-internal2404-73be6ac31e,random_control,arbiter.aig,internal,11,11,fixed-075-c02,0.75,8,3,3,12648037735435357127,"{""x0"":0,""x1"":1,""x2"":0,""x3"":1,""x4"":1,""x5"":1,""x8"":1,""x9"":1}",True,7415.0,7430.0,0.9979811574697174,21,21,26,26
epfl-random_control-arbiter-internal2404-73be6ac31e,random_control,arbiter.aig,internal,11,11,fixed-075-c03,0.75,8,3,3,12348736919896338141,"{""x1"":1,""x2"":1,""x3"":0,""x5"":1,""x6"":1,""x7"":1,""x8"":1,""x9"":1}",True,7430.0,7365.0,1.008825526137135,21,21,26,26
epfl-random_control-arbiter-internal4039-8a2c198584,random_control,arbiter.aig,internal,14,14,fixed-000-c00,0.0,0,14,14,,{},True,38995.0,39405.0,0.9895952290318487,27,27,34,34
epfl-random_control-arbiter-internal4039-8a2c198584,random_control,arbiter.aig,internal,14,14,fixed-025-c00,0.25,4,10,10,7300940877275041240,"{""x12"":0,""x2"":1,""x7"":1,""x9"":1}",True,33030.0,33190.0,0.9951792708647182,27,27,34,34
epfl-random_control-arbiter-internal4039-8a2c198584,random_control,arbiter.aig,internal,14,14,fixed-025-c01,0.25,4,10,10,17606069661673853571,"{""x13"":1,""x2"":1,""x4"":0,""x9"":0}",True,32915.0,32915.0,1.0,27,27,34,34
epfl-random_control-arbiter-internal4039-8a2c198584,random_control,arbiter.aig,internal,14,14,fixed-025-c02,0.25,4,10,10,3562866128268308940,"{""x0"":1,""x1"":1,""x12"":0,""x8"":1}",True,32740.0,32825.0,0.9974105102817974,27,27,34,34
epfl-random_control-arbiter-internal4039-8a2c198584,random_control,arbiter.aig,internal,14,14,fixed-025-c03,0.25,4,10,10,2237491544915304546,"{""x1"":1,""x13"":0,""x2"":1,""x7"":1}",True,32715.0,32710.0,1.0001528584530726,27,27,34,34
epfl-random_control-arbiter-internal4039-8a2c198584,random_control,arbiter.aig,internal,14,14,fixed-050-c00,0.5,7,7,7,13485762143552714522,"{""x0"":0,""x1"":0,""x10"":0,""x11"":1,""x12"":0,""x13"":0,""x5"":1}",True,32640.0,32560.0,1.0024570024570025,27,27,34,34
epfl-random_control-arbiter-internal4039-8a2c198584,random_control,arbiter.aig,internal,14,14,fixed-050-c01,0.5,7,7,7,17366847636697456018,"{""x0"":0,""x1"":1,""x12"":1,""x3"":1,""x4"":0,""x6"":0,""x9"":1}",True,32795.0,32825.0,0.9990860624523991,27,27,34,34
epfl-random_control-arbiter-internal4039-8a2c198584,random_control,arbiter.aig,internal,14,14,fixed-050-c02,0.5,7,7,7,223229527953934322,"{""x0"":0,""x10"":1,""x11"":1,""x3"":0,""x6"":1,""x7"":1,""x8"":0}",True,32580.0,32845.0,0.991931800882935,27,27,34,34
epfl-random_control-arbiter-internal4039-8a2c198584,random_control,arbiter.aig,internal,14,14,fixed-050-c03,0.5,7,7,7,11727745756996805051,"{""x0"":1,""x13"":1,""x3"":1,""x6"":0,""x7"":1,""x8"":0,""x9"":0}",True,33010.0,34815.0,0.9481545310929197,27,27,34,34
epfl-random_control-arbiter-internal4039-8a2c198584,random_control,arbiter.aig,internal,14,14,fixed-075-c00,0.75,10,4,4,9888942525073730886,"{""x0"":0,""x1"":1,""x11"":0,""x12"":1,""x13"":1,""x3"":0,""x6"":1,""x7"":1,""x8"":1,""x9"":1}",True,18160.0,18525.0,0.9802968960863697,27,27,34,34
epfl-random_control-arbiter-internal4039-8a2c198584,random_control,arbiter.aig,internal,14,14,fixed-075-c01,0.75,10,4,4,639946625225708621,"{""x0"":0,""x1"":0,""x10"":0,""x11"":1,""x13"":1,""x4"":0,""x5"":0,""x6"":1,""x8"":0,""x9"":0}",True,18140.0,18470.0,0.9821331889550623,27,27,34,34
epfl-random_control-arbiter-internal4039-8a2c198584,random_control,arbiter.aig,internal,14,14,fixed-075-c02,0.75,10,4,4,15935902243930443552,"{""x0"":0,""x1"":0,""x11"":1,""x12"":1,""x13"":0,""x3"":1,""x5"":0,""x7"":1,""x8"":0,""x9"":1}",True,17990.0,18495.0,0.9726953230602866,27,27,34,34
epfl-random_control-arbiter-internal4039-8a2c198584,random_control,arbiter.aig,internal,14,14,fixed-075-c03,0.75,10,4,4,657450183188286704,"{""x0"":0,""x1"":0,""x10"":0,""x12"":1,""x13"":0,""x2"":1,""x4"":1,""x5"":1,""x8"":0,""x9"":1}",True,18145.0,18080.0,1.0035951327433628,27,27,34,34
epfl-random_control-arbiter-internal11831-1c7490a3b2,random_control,arbiter.aig,internal,16,16,fixed-000-c00,0.0,0,16,16,,{},True,50210.0,50415.0,0.995933749876029,17,17,31,31
epfl-random_control-arbiter-internal11831-1c7490a3b2,random_control,arbiter.aig,internal,16,16,fixed-025-c00,0.25,4,12,12,8995265509975927787,"{""x0"":0,""x12"":0,""x2"":0,""x5"":0}",True,27775.0,26645.0,1.0424094576843685,17,17,31,31
epfl-random_control-arbiter-internal11831-1c7490a3b2,random_control,arbiter.aig,internal,16,16,fixed-025-c01,0.25,4,12,12,11928852206582552384,"{""x14"":1,""x2"":0,""x5"":0,""x7"":0}",True,26340.0,27455.0,0.9593880896011655,17,17,31,31
epfl-random_control-arbiter-internal11831-1c7490a3b2,random_control,arbiter.aig,internal,16,16,fixed-025-c02,0.25,4,12,12,15662982967804492917,"{""x10"":0,""x5"":0,""x6"":1,""x8"":1}",True,29810.0,31340.0,0.9511805998723676,17,17,31,31
epfl-random_control-arbiter-internal11831-1c7490a3b2,random_control,arbiter.aig,internal,16,16,fixed-025-c03,0.25,4,12,12,13876673422351018198,"{""x1"":0,""x14"":1,""x7"":1,""x8"":0}",True,27235.0,26660.0,1.0215678919729934,17,17,31,31
epfl-random_control-arbiter-internal11831-1c7490a3b2,random_control,arbiter.aig,internal,16,16,fixed-050-c00,0.5,8,8,8,18381385276775250050,"{""x11"":1,""x12"":1,""x15"":1,""x4"":0,""x5"":0,""x6"":0,""x7"":0,""x9"":1}",True,26385.0,26405.0,0.9992425676955122,17,17,31,31
epfl-random_control-arbiter-internal11831-1c7490a3b2,random_control,arbiter.aig,internal,16,16,fixed-050-c01,0.5,8,8,8,1839491604856438600,"{""x1"":0,""x10"":1,""x11"":1,""x13"":0,""x14"":1,""x15"":0,""x2"":1,""x4"":0}",True,26640.0,26790.0,0.9944008958566629,17,17,31,31
epfl-random_control-arbiter-internal11831-1c7490a3b2,random_control,arbiter.aig,internal,16,16,fixed-050-c02,0.5,8,8,8,3688287824870378657,"{""x0"":0,""x11"":0,""x12"":1,""x14"":0,""x2"":1,""x3"":1,""x7"":0,""x9"":1}",True,27220.0,26585.0,1.0238856498025202,17,17,31,31
epfl-random_control-arbiter-internal11831-1c7490a3b2,random_control,arbiter.aig,internal,16,16,fixed-050-c03,0.5,8,8,8,4521599391214722988,"{""x10"":0,""x13"":0,""x15"":0,""x3"":1,""x4"":0,""x5"":1,""x7"":1,""x9"":1}",True,26580.0,26880.0,0.9888392857142857,17,17,31,31
epfl-random_control-arbiter-internal11831-1c7490a3b2,random_control,arbiter.aig,internal,16,16,fixed-075-c00,0.75,12,4,4,3818685232804137676,"{""x0"":1,""x11"":0,""x12"":1,""x15"":0,""x2"":0,""x3"":0,""x4"":1,""x5"":1,""x6"":1,""x7"":1,""x8"":1,""x9"":0}",True,7150.0,7185.0,0.9951287404314544,17,17,31,31
epfl-random_control-arbiter-internal11831-1c7490a3b2,random_control,arbiter.aig,internal,16,16,fixed-075-c01,0.75,12,4,4,3466786909444443978,"{""x10"":0,""x12"":1,""x13"":1,""x14"":0,""x15"":1,""x2"":0,""x3"":0,""x4"":1,""x5"":0,""x6"":1,""x8"":1,""x9"":1}",True,7295.0,7275.0,1.0027491408934708,17,17,31,31
epfl-random_control-arbiter-internal11831-1c7490a3b2,random_control,arbiter.aig,internal,16,16,fixed-075-c02,0.75,12,4,4,6963878074776364861,"{""x0"":0,""x10"":1,""x11"":0,""x12"":0,""x14"":0,""x2"":0,""x3"":1,""x4"":0,""x5"":0,""x6"":0,""x7"":0,""x8"":1}",True,7005.0,7100.0,0.9866197183098592,17,17,31,31
epfl-random_control-arbiter-internal11831-1c7490a3b2,random_control,arbiter.aig,internal,16,16,fixed-075-c03,0.75,12,4,4,9489944709295107561,"{""x0"":0,""x1"":1,""x10"":0,""x11"":1,""x12"":1,""x14"":1,""x15"":1,""x2"":1,""x3"":1,""x4"":1,""x5"":0,""x6"":1}",True,7495.0,7465.0,1.0040187541862022,17,17,31,31
epfl-random_control-cavlc-po0-ba667d014f,random_control,cavlc.aig,po,10,10,fixed-000-c00,0.0,0,10,10,,{},True,208060.0,207795.0,1.0012752953632185,198,198,225,225
epfl-random_control-cavlc-po0-ba667d014f,random_control,cavlc.aig,po,10,10,fixed-025-c00,0.25,2,8,8,13937136264015203268,"{""x2"":0,""x3"":1}",True,211640.0,209100.0,1.0121472979435677,198,198,225,225
epfl-random_control-cavlc-po0-ba667d014f,random_control,cavlc.aig,po,10,10,fixed-025-c01,0.25,2,8,8,10875361367821076276,"{""x2"":0,""x8"":0}",True,207745.0,217230.0,0.9563366017585048,198,198,225,225
epfl-random_control-cavlc-po0-ba667d014f,random_control,cavlc.aig,po,10,10,fixed-025-c02,0.25,2,8,8,16922326688929603873,"{""x4"":1,""x6"":1}",True,207540.0,211335.0,0.9820427283696501,198,198,225,225
epfl-random_control-cavlc-po0-ba667d014f,random_control,cavlc.aig,po,10,10,fixed-025-c03,0.25,2,8,8,4560788044250919645,"{""x1"":0,""x4"":0}",True,212320.0,207945.0,1.0210392171006757,198,198,225,225
epfl-random_control-cavlc-po0-ba667d014f,random_control,cavlc.aig,po,10,10,fixed-050-c00,0.5,5,5,5,12752254059727994099,"{""x1"":1,""x3"":0,""x5"":1,""x7"":0,""x9"":0}",True,58035.0,59515.0,0.9751323195832984,198,198,225,225
epfl-random_control-cavlc-po0-ba667d014f,random_control,cavlc.aig,po,10,10,fixed-050-c01,0.5,5,5,5,2080596244571454854,"{""x0"":0,""x3"":0,""x5"":0,""x8"":0,""x9"":0}",True,54350.0,55000.0,0.9881818181818182,198,198,225,225
epfl-random_control-cavlc-po0-ba667d014f,random_control,cavlc.aig,po,10,10,fixed-050-c02,0.5,5,5,5,13224587329167642642,"{""x0"":0,""x1"":1,""x4"":1,""x5"":1,""x8"":1}",True,53695.0,54910.0,0.9778728828992898,198,198,225,225
epfl-random_control-cavlc-po0-ba667d014f,random_control,cavlc.aig,po,10,10,fixed-050-c03,0.5,5,5,5,10933999135733433348,"{""x1"":1,""x3"":1,""x4"":1,""x6"":1,""x9"":1}",True,56930.0,56870.0,1.0010550378055214,198,198,225,225
epfl-random_control-cavlc-po0-ba667d014f,random_control,cavlc.aig,po,10,10,fixed-075-c00,0.75,8,2,2,1349601200706861915,"{""x0"":1,""x1"":1,""x3"":0,""x4"":1,""x5"":0,""x6"":0,""x8"":1,""x9"":1}",True,46640.0,47265.0,0.9867766846503755,198,198,225,225
epfl-random_control-cavlc-po0-ba667d014f,random_control,cavlc.aig,po,10,10,fixed-075-c01,0.75,8,2,2,9806994913790367011,"{""x1"":0,""x2"":1,""x4"":1,""x5"":0,""x6"":1,""x7"":1,""x8"":0,""x9"":1}",True,44465.0,42905.0,1.0363593986714834,198,198,225,225
epfl-random_control-cavlc-po0-ba667d014f,random_control,cavlc.aig,po,10,10,fixed-075-c02,0.75,8,2,2,17653683045525138028,"{""x0"":1,""x1"":0,""x2"":1,""x3"":0,""x4"":0,""x7"":0,""x8"":0,""x9"":0}",True,45880.0,49025.0,0.9358490566037736,198,198,225,225
epfl-random_control-cavlc-po0-ba667d014f,random_control,cavlc.aig,po,10,10,fixed-075-c03,0.75,8,2,2,10766530987385836516,"{""x1"":1,""x2"":1,""x3"":0,""x5"":0,""x6"":1,""x7"":1,""x8"":0,""x9"":1}",True,45630.0,46585.0,0.9794998390039712,198,198,225,225
epfl-random_control-cavlc-po1-8237be7ae9,random_control,cavlc.aig,po,10,10,fixed-000-c00,0.0,0,10,10,,{},True,211040.0,234235.0,0.9009755160415822,207,207,233,233
epfl-random_control-cavlc-po1-8237be7ae9,random_control,cavlc.aig,po,10,10,fixed-025-c00,0.25,2,8,8,8812547330193241309,"{""x1"":1,""x5"":1}",True,222825.0,215875.0,1.0321945570353213,207,207,233,233
epfl-random_control-cavlc-po1-8237be7ae9,random_control,cavlc.aig,po,10,10,fixed-025-c01,0.25,2,8,8,18227532009419650813,"{""x5"":0,""x6"":1}",True,221270.0,225460.0,0.9814157721990597,207,207,233,233
epfl-random_control-cavlc-po1-8237be7ae9,random_control,cavlc.aig,po,10,10,fixed-025-c02,0.25,2,8,8,947267254384273232,"{""x3"":0,""x4"":1}",True,211330.0,210850.0,1.0022764998814322,207,207,233,233
epfl-random_control-cavlc-po1-8237be7ae9,random_control,cavlc.aig,po,10,10,fixed-025-c03,0.25,2,8,8,8153259753421709140,"{""x4"":0,""x6"":0}",True,326665.0,309430.0,1.0556991888310765,207,207,233,233
epfl-random_control-cavlc-po1-8237be7ae9,random_control,cavlc.aig,po,10,10,fixed-050-c00,0.5,5,5,5,275662501915845965,"{""x1"":0,""x3"":0,""x6"":1,""x8"":0,""x9"":1}",True,52070.0,55170.0,0.9438100416893239,207,207,233,233
epfl-random_control-cavlc-po1-8237be7ae9,random_control,cavlc.aig,po,10,10,fixed-050-c01,0.5,5,5,5,6467029364728487634,"{""x3"":0,""x4"":1,""x5"":1,""x7"":1,""x9"":1}",True,99835.0,108310.0,0.9217523774351398,207,207,233,233
epfl-random_control-cavlc-po1-8237be7ae9,random_control,cavlc.aig,po,10,10,fixed-050-c02,0.5,5,5,5,1577432253139038352,"{""x1"":0,""x3"":1,""x4"":0,""x5"":0,""x8"":0}",True,96600.0,66170.0,1.459876076771951,207,207,233,233
epfl-random_control-cavlc-po1-8237be7ae9,random_control,cavlc.aig,po,10,10,fixed-050-c03,0.5,5,5,5,16036429247059465108,"{""x2"":0,""x6"":0,""x7"":0,""x8"":0,""x9"":1}",True,53090.0,54340.0,0.9769966875230033,207,207,233,233
epfl-random_control-cavlc-po1-8237be7ae9,random_control,cavlc.aig,po,10,10,fixed-075-c00,0.75,8,2,2,12218773401055941044,"{""x0"":1,""x1"":1,""x2"":0,""x3"":1,""x4"":1,""x5"":0,""x6"":1,""x8"":1}",True,43995.0,44715.0,0.9838980207983898,207,207,233,233
epfl-random_control-cavlc-po1-8237be7ae9,random_control,cavlc.aig,po,10,10,fixed-075-c01,0.75,8,2,2,10692836645208378527,"{""x0"":1,""x2"":0,""x3"":1,""x5"":1,""x6"":0,""x7"":0,""x8"":1,""x9"":1}",True,45550.0,45700.0,0.9967177242888403,207,207,233,233
epfl-random_control-cavlc-po1-8237be7ae9,random_control,cavlc.aig,po,10,10,fixed-075-c02,0.75,8,2,2,10402676022766348457,"{""x1"":1,""x3"":0,""x4"":1,""x5"":1,""x6"":0,""x7"":0,""x8"":1,""x9"":1}",True,49295.0,50425.0,0.9775904809122459,207,207,233,233
epfl-random_control-cavlc-po1-8237be7ae9,random_control,cavlc.aig,po,10,10,fixed-075-c03,0.75,8,2,2,570946193092418926,"{""x0"":1,""x1"":1,""x2"":1,""x3"":1,""x4"":0,""x5"":0,""x8"":1,""x9"":0}",True,50485.0,50790.0,0.9939948808820634,207,207,233,233
epfl-random_control-cavlc-po2-0b6bf76197,random_control,cavlc.aig,po,10,10,fixed-000-c00,0.0,0,10,10,,{},True,209550.0,208005.0,1.007427706064758,197,197,223,223
epfl-random_control-cavlc-po2-0b6bf76197,random_control,cavlc.aig,po,10,10,fixed-025-c00,0.25,2,8,8,9508718414031251771,"{""x3"":1,""x8"":1}",True,206520.0,211215.0,0.9777714650948086,197,197,223,223
epfl-random_control-cavlc-po2-0b6bf76197,random_control,cavlc.aig,po,10,10,fixed-025-c01,0.25,2,8,8,1249106216538014050,"{""x4"":0,""x9"":1}",True,211425.0,206790.0,1.0224140432322646,197,197,223,223
epfl-random_control-cavlc-po2-0b6bf76197,random_control,cavlc.aig,po,10,10,fixed-025-c02,0.25,2,8,8,15575653499102504532,"{""x1"":0,""x5"":1}",True,212740.0,208120.0,1.022198731501057,197,197,223,223
epfl-random_control-cavlc-po2-0b6bf76197,random_control,cavlc.aig,po,10,10,fixed-025-c03,0.25,2,8,8,13673198103060860928,"{""x1"":0,""x2"":0}",True,263695.0,211545.0,1.2465196530289064,197,197,223,223
epfl-random_control-cavlc-po2-0b6bf76197,random_control,cavlc.aig,po,10,10,fixed-050-c00,0.5,5,5,5,11623380408610412471,"{""x1"":1,""x2"":0,""x4"":0,""x5"":1,""x8"":1}",True,51560.0,51795.0,0.9954628825176175,197,197,223,223
epfl-random_control-cavlc-po2-0b6bf76197,random_control,cavlc.aig,po,10,10,fixed-050-c01,0.5,5,5,5,199467658036888575,"{""x2"":1,""x4"":1,""x5"":0,""x6"":0,""x7"":0}",True,56580.0,57745.0,0.9798250930816521,197,197,223,223
epfl-random_control-cavlc-po2-0b6bf76197,random_control,cavlc.aig,po,10,10,fixed-050-c02,0.5,5,5,5,14284332306561139867,"{""x1"":1,""x2"":0,""x3"":1,""x5"":0,""x8"":1}",True,103680.0,103490.0,1.0018359261764422,197,197,223,223
epfl-random_control-cavlc-po2-0b6bf76197,random_control,cavlc.aig,po,10,10,fixed-050-c03,0.5,5,5,5,15668035113665952843,"{""x2"":1,""x3"":1,""x5"":0,""x7"":1,""x8"":0}",True,57170.0,55860.0,1.0234514858575008,197,197,223,223
epfl-random_control-cavlc-po2-0b6bf76197,random_control,cavlc.aig,po,10,10,fixed-075-c00,0.75,8,2,2,10920807944038242461,"{""x1"":0,""x2"":1,""x3"":0,""x5"":0,""x6"":0,""x7"":1,""x8"":0,""x9"":1}",True,44900.0,44885.0,1.0003341873677174,197,197,223,223
epfl-random_control-cavlc-po2-0b6bf76197,random_control,cavlc.aig,po,10,10,fixed-075-c01,0.75,8,2,2,16182533336151202223,"{""x0"":1,""x1"":1,""x2"":0,""x3"":0,""x4"":1,""x7"":1,""x8"":0,""x9"":1}",True,47595.0,48555.0,0.9802286067346309,197,197,223,223
epfl-random_control-cavlc-po2-0b6bf76197,random_control,cavlc.aig,po,10,10,fixed-075-c02,0.75,8,2,2,15405893813302915154,"{""x2"":1,""x3"":0,""x4"":1,""x5"":0,""x6"":1,""x7"":0,""x8"":0,""x9"":1}",True,45815.0,46135.0,0.9930638343990463,197,197,223,223
epfl-random_control-cavlc-po2-0b6bf76197,random_control,cavlc.aig,po,10,10,fixed-075-c03,0.75,8,2,2,13814747100874593758,"{""x0"":0,""x1"":1,""x3"":0,""x4"":1,""x5"":0,""x6"":1,""x7"":1,""x9"":1}",True,43200.0,43460.0,0.9940174873446848,197,197,223,223
epfl-random_control-cavlc-po3-d0da020a7b,random_control,cavlc.aig,po,10,10,fixed-000-c00,0.0,0,10,10,,{},True,161675.0,155240.0,1.0414519453749034,160,160,174,174
epfl-random_control-cavlc-po3-d0da020a7b,random_control,cavlc.aig,po,10,10,fixed-025-c00,0.25,2,8,8,17522612341663463116,"{""x3"":0,""x8"":1}",True,163715.0,160420.0,1.0205398329385365,160,160,174,174
epfl-random_control-cavlc-po3-d0da020a7b,random_control,cavlc.aig,po,10,10,fixed-025-c01,0.25,2,8,8,551133477963731323,"{""x2"":0,""x9"":1}",True,170460.0,170985.0,0.9969295552241425,160,160,174,174
epfl-random_control-cavlc-po3-d0da020a7b,random_control,cavlc.aig,po,10,10,fixed-025-c02,0.25,2,8,8,9417395716962169812,"{""x5"":1,""x8"":0}",True,166885.0,174355.0,0.9571563763585788,160,160,174,174
epfl-random_control-cavlc-po3-d0da020a7b,random_control,cavlc.aig,po,10,10,fixed-025-c03,0.25,2,8,8,7929199874307594060,"{""x0"":0,""x5"":1}",True,191270.0,157485.0,1.2145283677810585,160,160,174,174
epfl-random_control-cavlc-po3-d0da020a7b,random_control,cavlc.aig,po,10,10,fixed-050-c00,0.5,5,5,5,536651229330353192,"{""x0"":0,""x1"":0,""x2"":1,""x3"":0,""x7"":0}",True,48600.0,49845.0,0.9750225699668974,160,160,174,174
epfl-random_control-cavlc-po3-d0da020a7b,random_control,cavlc.aig,po,10,10,fixed-050-c01,0.5,5,5,5,8137327046201166066,"{""x1"":1,""x3"":1,""x6"":1,""x8"":0,""x9"":0}",True,47660.0,46665.0,1.021322190078217,160,160,174,174
epfl-random_control-cavlc-po3-d0da020a7b,random_control,cavlc.aig,po,10,10,fixed-050-c02,0.5,5,5,5,11704728705670970813,"{""x0"":0,""x2"":1,""x3"":1,""x7"":0,""x8"":0}",True,44695.0,44705.0,0.9997763113745666,160,160,174,174
epfl-random_control-cavlc-po3-d0da020a7b,random_control,cavlc.aig,po,10,10,fixed-050-c03,0.5,5,5,5,17553472203690726179,"{""x0"":0,""x3"":1,""x6"":0,""x7"":1,""x8"":1}",True,44750.0,44955.0,0.9954398843287732,160,160,174,174
epfl-random_control-cavlc-po3-d0da020a7b,random_control,cavlc.aig,po,10,10,fixed-075-c00,0.75,8,2,2,5293300268843771791,"{""x0"":1,""x1"":1,""x3"":1,""x4"":0,""x5"":0,""x7"":1,""x8"":1,""x9"":0}",True,36840.0,38420.0,0.9588755856324831,160,160,174,174
epfl-random_control-cavlc-po3-d0da020a7b,random_control,cavlc.aig,po,10,10,fixed-075-c01,0.75,8,2,2,3459511725802865563,"{""x1"":1,""x2"":1,""x3"":1,""x4"":0,""x6"":0,""x7"":0,""x8"":0,""x9"":0}",True,38190.0,37330.0,1.0230377712295742,160,160,174,174
epfl-random_control-cavlc-po3-d0da020a7b,random_control,cavlc.aig,po,10,10,fixed-075-c02,0.75,8,2,2,6259105336002702543,"{""x1"":0,""x2"":1,""x3"":0,""x4"":0,""x6"":1,""x7"":1,""x8"":1,""x9"":0}",True,34210.0,33910.0,1.008846947803008,160,160,174,174
epfl-random_control-cavlc-po3-d0da020a7b,random_control,cavlc.aig,po,10,10,fixed-075-c03,0.75,8,2,2,10723243137016308424,"{""x1"":1,""x3"":0,""x4"":1,""x5"":0,""x6"":1,""x7"":1,""x8"":0,""x9"":0}",True,33505.0,33450.0,1.001644245142003,160,160,174,174
epfl-random_control-cavlc-po4-40d9e418e9,random_control,cavlc.aig,po,8,8,fixed-000-c00,0.0,0,8,8,,{},True,24765.0,24260.0,1.0208161582852433,21,21,26,26
epfl-random_control-cavlc-po4-40d9e418e9,random_control,cavlc.aig,po,8,8,fixed-025-c00,0.25,2,6,6,1883320308029556207,"{""x0"":0,""x7"":0}",True,28105.0,29270.0,0.9601981551076187,21,21,26,26
epfl-random_control-cavlc-po4-40d9e418e9,random_control,cavlc.aig,po,8,8,fixed-025-c01,0.25,2,6,6,8853037788822738239,"{""x1"":0,""x7"":1}",True,28685.0,28465.0,1.0077287897417881,21,21,26,26
epfl-random_control-cavlc-po4-40d9e418e9,random_control,cavlc.aig,po,8,8,fixed-025-c02,0.25,2,6,6,10760660456158085008,"{""x4"":0,""x7"":1}",True,28260.0,28295.0,0.9987630323378689,21,21,26,26
epfl-random_control-cavlc-po4-40d9e418e9,random_control,cavlc.aig,po,8,8,fixed-025-c03,0.25,2,6,6,14558182765275223364,"{""x2"":1,""x5"":0}",True,30815.0,31430.0,0.9804327076041998,21,21,26,26
epfl-random_control-cavlc-po4-40d9e418e9,random_control,cavlc.aig,po,8,8,fixed-050-c00,0.5,4,4,4,16794316031875053331,"{""x0"":0,""x2"":0,""x3"":1,""x6"":1}",True,6180.0,6180.0,1.0,21,21,26,26
epfl-random_control-cavlc-po4-40d9e418e9,random_control,cavlc.aig,po,8,8,fixed-050-c01,0.5,4,4,4,15932514486467540990,"{""x0"":0,""x1"":1,""x5"":0,""x6"":1}",True,6075.0,6070.0,1.0008237232289952,21,21,26,26
epfl-random_control-cavlc-po4-40d9e418e9,random_control,cavlc.aig,po,8,8,fixed-050-c02,0.5,4,4,4,12359128585274036366,"{""x0"":1,""x2"":1,""x6"":1,""x7"":0}",True,6170.0,6115.0,1.008994276369583,21,21,26,26
epfl-random_control-cavlc-po4-40d9e418e9,random_control,cavlc.aig,po,8,8,fixed-050-c03,0.5,4,4,4,5825248641348884086,"{""x1"":1,""x2"":0,""x3"":1,""x7"":0}",True,6000.0,6000.0,1.0,21,21,26,26
epfl-random_control-cavlc-po4-40d9e418e9,random_control,cavlc.aig,po,8,8,fixed-075-c00,0.75,6,2,2,15899704868912752333,"{""x1"":0,""x3"":1,""x4"":0,""x5"":0,""x6"":0,""x7"":0}",True,5985.0,5945.0,1.0067283431455005,21,21,26,26
epfl-random_control-cavlc-po4-40d9e418e9,random_control,cavlc.aig,po,8,8,fixed-075-c01,0.75,6,2,2,5812452946080279117,"{""x0"":0,""x1"":0,""x3"":1,""x4"":0,""x6"":0,""x7"":1}",True,6030.0,5950.0,1.0134453781512605,21,21,26,26
epfl-random_control-cavlc-po4-40d9e418e9,random_control,cavlc.aig,po,8,8,fixed-075-c02,0.75,6,2,2,9922822038491852274,"{""x0"":1,""x2"":1,""x3"":0,""x5"":0,""x6"":0,""x7"":0}",True,9145.0,9170.0,0.9972737186477645,21,21,26,26
epfl-random_control-cavlc-po4-40d9e418e9,random_control,cavlc.aig,po,8,8,fixed-075-c03,0.75,6,2,2,12737079944489843522,"{""x0"":1,""x1"":1,""x3"":0,""x4"":0,""x5"":1,""x6"":0}",True,9325.0,9275.0,1.005390835579515,21,21,26,26
epfl-random_control-cavlc-po5-ce52440322,random_control,cavlc.aig,po,8,8,fixed-000-c00,0.0,0,8,8,,{},True,30730.0,30830.0,0.9967564060979566,15,15,22,22
epfl-random_control-cavlc-po5-ce52440322,random_control,cavlc.aig,po,8,8,fixed-025-c00,0.25,2,6,6,5693390242423065702,"{""x4"":0,""x7"":0}",True,26055.0,26520.0,0.9824660633484162,15,15,22,22
epfl-random_control-cavlc-po5-ce52440322,random_control,cavlc.aig,po,8,8,fixed-025-c01,0.25,2,6,6,17284462575375801189,"{""x4"":1,""x7"":0}",True,26245.0,27205.0,0.9647123690498071,15,15,22,22
epfl-random_control-cavlc-po5-ce52440322,random_control,cavlc.aig,po,8,8,fixed-025-c02,0.25,2,6,6,9066672739802178219,"{""x3"":1,""x6"":1}",True,26535.0,26435.0,1.0037828636277661,15,15,22,22
epfl-random_control-cavlc-po5-ce52440322,random_control,cavlc.aig,po,8,8,fixed-025-c03,0.25,2,6,6,16209972503246239879,"{""x0"":0,""x4"":1}",True,26850.0,27085.0,0.9913236108547167,15,15,22,22
epfl-random_control-cavlc-po5-ce52440322,random_control,cavlc.aig,po,8,8,fixed-050-c00,0.5,4,4,4,2486040127103742354,"{""x0"":0,""x2"":0,""x3"":0,""x6"":1}",True,5100.0,5095.0,1.000981354268891,15,15,22,22
epfl-random_control-cavlc-po5-ce52440322,random_control,cavlc.aig,po,8,8,fixed-050-c01,0.5,4,4,4,7744924985163370006,"{""x0"":1,""x1"":0,""x2"":1,""x6"":0}",True,5065.0,5100.0,0.9931372549019608,15,15,22,22
epfl-random_control-cavlc-po5-ce52440322,random_control,cavlc.aig,po,8,8,fixed-050-c02,0.5,4,4,4,15392086238498249083,"{""x0"":0,""x1"":1,""x5"":0,""x7"":1}",True,5080.0,5105.0,0.9951028403525954,15,15,22,22
epfl-random_control-cavlc-po5-ce52440322,random_control,cavlc.aig,po,8,8,fixed-050-c03,0.5,4,4,4,8702361173368405454,"{""x0"":1,""x2"":1,""x4"":1,""x6"":1}",True,5375.0,5745.0,0.9355961705831157,15,15,22,22
epfl-random_control-cavlc-po5-ce52440322,random_control,cavlc.aig,po,8,8,fixed-075-c00,0.75,6,2,2,6453535955523936708,"{""x0"":0,""x1"":0,""x2"":1,""x3"":1,""x4"":0,""x5"":0}",True,5205.0,5230.0,0.9952198852772467,15,15,22,22
epfl-random_control-cavlc-po5-ce52440322,random_control,cavlc.aig,po,8,8,fixed-075-c01,0.75,6,2,2,6565367179269198270,"{""x0"":0,""x1"":0,""x3"":1,""x4"":0,""x5"":1,""x6"":1}",True,5245.0,5265.0,0.9962013295346629,15,15,22,22
epfl-random_control-cavlc-po5-ce52440322,random_control,cavlc.aig,po,8,8,fixed-075-c02,0.75,6,2,2,7105259800935390426,"{""x0"":0,""x1"":0,""x2"":0,""x3"":0,""x5"":1,""x6"":0}",True,5145.0,5145.0,1.0,15,15,22,22
epfl-random_control-cavlc-po5-ce52440322,random_control,cavlc.aig,po,8,8,fixed-075-c03,0.75,6,2,2,3928762845788757139,"{""x1"":1,""x2"":0,""x3"":0,""x4"":1,""x5"":1,""x7"":0}",True,5310.0,5265.0,1.0085470085470085,15,15,22,22
epfl-random_control-cavlc-po6-6ee697114e,random_control,cavlc.aig,po,10,10,fixed-000-c00,0.0,0,10,10,,{},True,192230.0,193890.0,0.9914384444788282,185,185,208,208
epfl-random_control-cavlc-po6-6ee697114e,random_control,cavlc.aig,po,10,10,fixed-025-c00,0.25,2,8,8,3005140921971938723,"{""x7"":0,""x8"":0}",True,194255.0,191960.0,1.0119556157532819,185,185,208,208
epfl-random_control-cavlc-po6-6ee697114e,random_control,cavlc.aig,po,10,10,fixed-025-c01,0.25,2,8,8,15854658982705097807,"{""x7"":1,""x8"":0}",True,188840.0,191815.0,0.9844902640565127,185,185,208,208
epfl-random_control-cavlc-po6-6ee697114e,random_control,cavlc.aig,po,10,10,fixed-025-c02,0.25,2,8,8,10100594501933062923,"{""x0"":0,""x5"":1}",True,191215.0,194810.0,0.9815461218623274,185,185,208,208
epfl-random_control-cavlc-po6-6ee697114e,random_control,cavlc.aig,po,10,10,fixed-025-c03,0.25,2,8,8,2673575273841457828,"{""x6"":1,""x7"":0}",True,195460.0,231280.0,0.8451227948806641,185,185,208,208
epfl-random_control-cavlc-po6-6ee697114e,random_control,cavlc.aig,po,10,10,fixed-050-c00,0.5,5,5,5,18324983276063513998,"{""x2"":1,""x4"":1,""x6"":1,""x7"":1,""x8"":0}",True,49640.0,49055.0,1.011925389868515,185,185,208,208
epfl-random_control-cavlc-po6-6ee697114e,random_control,cavlc.aig,po,10,10,fixed-050-c01,0.5,5,5,5,7691886460868952303,"{""x0"":0,""x2"":1,""x5"":0,""x7"":1,""x8"":1}",True,50275.0,49995.0,1.0056005600560056,185,185,208,208
epfl-random_control-cavlc-po6-6ee697114e,random_control,cavlc.aig,po,10,10,fixed-050-c02,0.5,5,5,5,7549729860844334158,"{""x1"":1,""x2"":0,""x3"":0,""x4"":0,""x5"":0}",True,51075.0,50975.0,1.001961745953899,185,185,208,208
epfl-random_control-cavlc-po6-6ee697114e,random_control,cavlc.aig,po,10,10,fixed-050-c03,0.5,5,5,5,6527330217670953818,"{""x2"":0,""x3"":1,""x4"":0,""x5"":1,""x7"":1}",True,50070.0,49970.0,1.0020012007204322,185,185,208,208
epfl-random_control-cavlc-po6-6ee697114e,random_control,cavlc.aig,po,10,10,fixed-075-c00,0.75,8,2,2,2329994520364752902,"{""x1"":0,""x2"":1,""x3"":0,""x4"":1,""x5"":0,""x7"":0,""x8"":0,""x9"":0}",True,41555.0,41345.0,1.0050792115128795,185,185,208,208
epfl-random_control-cavlc-po6-6ee697114e,random_control,cavlc.aig,po,10,10,fixed-075-c01,0.75,8,2,2,3818749547942234008,"{""x0"":0,""x2"":0,""x3"":0,""x4"":0,""x5"":0,""x6"":0,""x7"":0,""x9"":0}",True,41105.0,40895.0,1.0051351020907202,185,185,208,208
epfl-random_control-cavlc-po6-6ee697114e,random_control,cavlc.aig,po,10,10,fixed-075-c02,0.75,8,2,2,12149435941264342759,"{""x0"":1,""x2"":0,""x3"":0,""x4"":0,""x6"":0,""x7"":1,""x8"":0,""x9"":0}",True,42055.0,41695.0,1.0086341287924212,185,185,208,208
epfl-random_control-cavlc-po6-6ee697114e,random_control,cavlc.aig,po,10,10,fixed-075-c03,0.75,8,2,2,11573655398618615379,"{""x0"":0,""x1"":0,""x2"":0,""x3"":0,""x4"":0,""x5"":0,""x7"":1,""x9"":0}",True,41385.0,41630.0,0.9941148210425174,185,185,208,208
epfl-random_control-cavlc-po7-01ca37e2be,random_control,cavlc.aig,po,10,10,fixed-000-c00,0.0,0,10,10,,{},True,213825.0,193780.0,1.1034420476829394,185,185,216,216
epfl-random_control-cavlc-po7-01ca37e2be,random_control,cavlc.aig,po,10,10,fixed-025-c00,0.25,2,8,8,6797415711193691297,"{""x0"":1,""x9"":0}",True,205745.0,194595.0,1.0572984917392534,185,185,216,216
epfl-random_control-cavlc-po7-01ca37e2be,random_control,cavlc.aig,po,10,10,fixed-025-c01,0.25,2,8,8,3255632647259507724,"{""x1"":0,""x8"":1}",True,195545.0,203430.0,0.9612397384849826,185,185,216,216
epfl-random_control-cavlc-po7-01ca37e2be,random_control,cavlc.aig,po,10,10,fixed-025-c02,0.25,2,8,8,4131966895066544371,"{""x2"":1,""x5"":0}",True,200155.0,199765.0,1.0019522939453858,185,185,216,216
epfl-random_control-cavlc-po7-01ca37e2be,random_control,cavlc.aig,po,10,10,fixed-025-c03,0.25,2,8,8,14553607515252682951,"{""x5"":1,""x7"":0}",True,203090.0,196025.0,1.0360413212600434,185,185,216,216
epfl-random_control-cavlc-po7-01ca37e2be,random_control,cavlc.aig,po,10,10,fixed-050-c00,0.5,5,5,5,13291912115502902985,"{""x1"":0,""x2"":0,""x3"":1,""x5"":1,""x6"":1}",True,48575.0,48545.0,1.0006179833144506,185,185,216,216
epfl-random_control-cavlc-po7-01ca37e2be,random_control,cavlc.aig,po,10,10,fixed-050-c01,0.5,5,5,5,13830332308517329727,"{""x1"":0,""x3"":1,""x5"":1,""x8"":1,""x9"":0}",True,50905.0,50575.0,1.006524962926347,185,185,216,216
epfl-random_control-cavlc-po7-01ca37e2be,random_control,cavlc.aig,po,10,10,fixed-050-c02,0.5,5,5,5,11669840004078170178,"{""x2"":1,""x3"":0,""x4"":1,""x7"":0,""x9"":1}",True,50385.0,50310.0,1.0014907573047107,185,185,216,216
epfl-random_control-cavlc-po7-01ca37e2be,random_control,cavlc.aig,po,10,10,fixed-050-c03,0.5,5,5,5,11057866168784849184,"{""x0"":0,""x2"":0,""x3"":0,""x5"":0,""x7"":1}",True,49575.0,49145.0,1.0087496184759386,185,185,216,216
epfl-random_control-cavlc-po7-01ca37e2be,random_control,cavlc.aig,po,10,10,fixed-075-c00,0.75,8,2,2,10070369196104611854,"{""x0"":0,""x2"":1,""x3"":1,""x4"":1,""x5"":0,""x6"":1,""x7"":1,""x8"":1}",True,40580.0,39725.0,1.0215229704216489,185,185,216,216
epfl-random_control-cavlc-po7-01ca37e2be,random_control,cavlc.aig,po,10,10,fixed-075-c01,0.75,8,2,2,15400670964037537994,"{""x0"":0,""x2"":0,""x3"":1,""x4"":0,""x5"":0,""x6"":0,""x7"":0,""x9"":0}",True,39030.0,39045.0,0.9996158278908951,185,185,216,216
epfl-random_control-cavlc-po7-01ca37e2be,random_control,cavlc.aig,po,10,10,fixed-075-c02,0.75,8,2,2,5542404615412596277,"{""x0"":0,""x1"":0,""x2"":0,""x4"":1,""x5"":0,""x7"":0,""x8"":0,""x9"":0}",True,39735.0,41375.0,0.9603625377643504,185,185,216,216
epfl-random_control-cavlc-po7-01ca37e2be,random_control,cavlc.aig,po,10,10,fixed-075-c03,0.75,8,2,2,903557476947008343,"{""x0"":1,""x2"":0,""x3"":1,""x5"":0,""x6"":1,""x7"":0,""x8"":1,""x9"":1}",True,40545.0,40540.0,1.0001233349777996,185,185,216,216
epfl-random_control-dec-po0-829c8b783a,random_control,dec.aig,po,8,8,fixed-000-c00,0.0,0,8,8,,{},True,13195.0,12820.0,1.0292511700468019,8,8,14,14
epfl-random_control-dec-po0-829c8b783a,random_control,dec.aig,po,8,8,fixed-025-c00,0.25,2,6,6,2652079607869076732,"{""x0"":0,""x5"":1}",True,18430.0,18325.0,1.0057298772169168,8,8,14,14
epfl-random_control-dec-po0-829c8b783a,random_control,dec.aig,po,8,8,fixed-025-c01,0.25,2,6,6,5821989374089882494,"{""x4"":0,""x6"":0}",True,17705.0,17475.0,1.0131616595135908,8,8,14,14
epfl-random_control-dec-po0-829c8b783a,random_control,dec.aig,po,8,8,fixed-025-c02,0.25,2,6,6,12459570486142291065,"{""x1"":1,""x4"":0}",True,17535.0,17445.0,1.0051590713671539,8,8,14,14
epfl-random_control-dec-po0-829c8b783a,random_control,dec.aig,po,8,8,fixed-025-c03,0.25,2,6,6,12234204259909272793,"{""x3"":0,""x7"":1}",True,17630.0,17465.0,1.009447466361294,8,8,14,14
epfl-random_control-dec-po0-829c8b783a,random_control,dec.aig,po,8,8,fixed-050-c00,0.5,4,4,4,4630816261918858158,"{""x1"":0,""x2"":1,""x5"":1,""x6"":1}",True,3615.0,3620.0,0.9986187845303868,8,8,14,14
epfl-random_control-dec-po0-829c8b783a,random_control,dec.aig,po,8,8,fixed-050-c01,0.5,4,4,4,7295926770998344145,"{""x2"":0,""x5"":0,""x6"":1,""x7"":0}",True,3570.0,3580.0,0.9972067039106145,8,8,14,14
epfl-random_control-dec-po0-829c8b783a,random_control,dec.aig,po,8,8,fixed-050-c02,0.5,4,4,4,9961289109822762261,"{""x1"":1,""x2"":0,""x5"":0,""x7"":0}",True,3535.0,3540.0,0.998587570621469,8,8,14,14
epfl-random_control-dec-po0-829c8b783a,random_control,dec.aig,po,8,8,fixed-050-c03,0.5,4,4,4,2437726797431879025,"{""x0"":1,""x1"":0,""x5"":0,""x7"":0}",True,3490.0,3540.0,0.9858757062146892,8,8,14,14
epfl-random_control-dec-po0-829c8b783a,random_control,dec.aig,po,8,8,fixed-075-c00,0.75,6,2,2,4859977967113077213,"{""x0"":1,""x1"":1,""x4"":0,""x5"":1,""x6"":0,""x7"":0}",True,3775.0,3825.0,0.9869281045751634,8,8,14,14
epfl-random_control-dec-po0-829c8b783a,random_control,dec.aig,po,8,8,fixed-075-c01,0.75,6,2,2,6291508598848361066,"{""x0"":0,""x1"":0,""x2"":0,""x4"":1,""x5"":1,""x7"":1}",True,3745.0,3755.0,0.9973368841544608,8,8,14,14
epfl-random_control-dec-po0-829c8b783a,random_control,dec.aig,po,8,8,fixed-075-c02,0.75,6,2,2,5523459475735583600,"{""x0"":0,""x1"":0,""x2"":0,""x4"":1,""x5"":1,""x6"":1}",True,3770.0,3795.0,0.9934123847167325,8,8,14,14
epfl-random_control-dec-po0-829c8b783a,random_control,dec.aig,po,8,8,fixed-075-c03,0.75,6,2,2,15254384418800891463,"{""x0"":1,""x2"":1,""x3"":1,""x5"":1,""x6"":0,""x7"":0}",True,3845.0,3800.0,1.0118421052631579,8,8,14,14
epfl-random_control-dec-po1-c4c60ec16a,random_control,dec.aig,po,8,8,fixed-000-c00,0.0,0,8,8,,{},True,11860.0,12055.0,0.9838241393612609,7,7,13,13
epfl-random_control-dec-po1-c4c60ec16a,random_control,dec.aig,po,8,8,fixed-025-c00,0.25,2,6,6,8857106803499303017,"{""x0"":0,""x3"":1}",True,17585.0,17475.0,1.0062947067238912,7,7,13,13
epfl-random_control-dec-po1-c4c60ec16a,random_control,dec.aig,po,8,8,fixed-025-c01,0.25,2,6,6,11570444859308443024,"{""x1"":0,""x2"":0}",True,16865.0,16845.0,1.0011872959335115,7,7,13,13
epfl-random_control-dec-po1-c4c60ec16a,random_control,dec.aig,po,8,8,fixed-025-c02,0.25,2,6,6,1327883669132657354,"{""x1"":1,""x5"":0}",True,17280.0,17195.0,1.0049432974701948,7,7,13,13
epfl-random_control-dec-po1-c4c60ec16a,random_control,dec.aig,po,8,8,fixed-025-c03,0.25,2,6,6,9031354018794630949,"{""x2"":1,""x7"":1}",True,17535.0,17545.0,0.9994300370475919,7,7,13,13
epfl-random_control-dec-po1-c4c60ec16a,random_control,dec.aig,po,8,8,fixed-050-c00,0.5,4,4,4,8560451775868644475,"{""x1"":0,""x2"":0,""x5"":1,""x6"":0}",True,3525.0,3520.0,1.0014204545454546,7,7,13,13
epfl-random_control-dec-po1-c4c60ec16a,random_control,dec.aig,po,8,8,fixed-050-c01,0.5,4,4,4,16203150471462913376,"{""x0"":1,""x2"":1,""x5"":0,""x7"":0}",True,3535.0,3590.0,0.9846796657381616,7,7,13,13
epfl-random_control-dec-po1-c4c60ec16a,random_control,dec.aig,po,8,8,fixed-050-c02,0.5,4,4,4,17390663720669001351,"{""x0"":1,""x1"":1,""x4"":1,""x6"":1}",True,3740.0,3745.0,0.9986648865153538,7,7,13,13
epfl-random_control-dec-po1-c4c60ec16a,random_control,dec.aig,po,8,8,fixed-050-c03,0.5,4,4,4,11076780026245029555,"{""x1"":1,""x4"":1,""x5"":1,""x7"":1}",True,3650.0,3695.0,0.9878213802435724,7,7,13,13
epfl-random_control-dec-po1-c4c60ec16a,random_control,dec.aig,po,8,8,fixed-075-c00,0.75,6,2,2,15877297382407544723,"{""x0"":1,""x2"":0,""x3"":1,""x5"":0,""x6"":0,""x7"":1}",True,3815.0,3815.0,1.0,7,7,13,13
epfl-random_control-dec-po1-c4c60ec16a,random_control,dec.aig,po,8,8,fixed-075-c01,0.75,6,2,2,13204178274442318687,"{""x0"":1,""x1"":1,""x3"":0,""x4"":1,""x6"":0,""x7"":1}",True,3870.0,3890.0,0.9948586118251928,7,7,13,13
epfl-random_control-dec-po1-c4c60ec16a,random_control,dec.aig,po,8,8,fixed-075-c02,0.75,6,2,2,3328615629212473728,"{""x1"":0,""x3"":0,""x4"":0,""x5"":1,""x6"":0,""x7"":0}",True,3750.0,3700.0,1.0135135135135136,7,7,13,13
epfl-random_control-dec-po1-c4c60ec16a,random_control,dec.aig,po,8,8,fixed-075-c03,0.75,6,2,2,14745459743637648928,"{""x0"":1,""x1"":0,""x2"":0,""x3"":1,""x4"":1,""x5"":1}",True,3910.0,3905.0,1.0012804097311139,7,7,13,13
epfl-random_control-dec-po2-f57f2d2e2b,random_control,dec.aig,po,8,8,fixed-000-c00,0.0,0,8,8,,{},True,12650.0,12450.0,1.0160642570281124,7,7,13,13
epfl-random_control-dec-po2-f57f2d2e2b,random_control,dec.aig,po,8,8,fixed-025-c00,0.25,2,6,6,9590689490179071502,"{""x0"":0,""x3"":0}",True,18490.0,18330.0,1.0087288597926896,7,7,13,13
epfl-random_control-dec-po2-f57f2d2e2b,random_control,dec.aig,po,8,8,fixed-025-c01,0.25,2,6,6,21291029890176439,"{""x2"":0,""x5"":1}",True,18410.0,18280.0,1.0071115973741793,7,7,13,13
epfl-random_control-dec-po2-f57f2d2e2b,random_control,dec.aig,po,8,8,fixed-025-c02,0.25,2,6,6,14356318947084703207,"{""x3"":1,""x4"":0}",True,28770.0,28690.0,1.0027884280237016,7,7,13,13
epfl-random_control-dec-po2-f57f2d2e2b,random_control,dec.aig,po,8,8,fixed-025-c03,0.25,2,6,6,11968287266782664692,"{""x5"":1,""x6"":0}",True,28350.0,28440.0,0.9968354430379747,7,7,13,13
epfl-random_control-dec-po2-f57f2d2e2b,random_control,dec.aig,po,8,8,fixed-050-c00,0.5,4,4,4,16693109128410021481,"{""x0"":1,""x1"":0,""x2"":1,""x6"":0}",True,3570.0,3630.0,0.9834710743801653,7,7,13,13
epfl-random_control-dec-po2-f57f2d2e2b,random_control,dec.aig,po,8,8,fixed-050-c01,0.5,4,4,4,12126463901045262480,"{""x1"":0,""x2"":0,""x4"":1,""x6"":0}",True,5370.0,4575.0,1.1737704918032787,7,7,13,13
epfl-random_control-dec-po2-f57f2d2e2b,random_control,dec.aig,po,8,8,fixed-050-c02,0.5,4,4,4,3151193234561217719,"{""x1"":0,""x2"":1,""x3"":0,""x5"":1}",True,5510.0,5490.0,1.0036429872495447,7,7,13,13
epfl-random_control-dec-po2-f57f2d2e2b,random_control,dec.aig,po,8,8,fixed-050-c03,0.5,4,4,4,10029441944123593667,"{""x1"":0,""x2"":1,""x4"":1,""x7"":1}",True,5545.0,5540.0,1.0009025270758123,7,7,13,13
epfl-random_control-dec-po2-f57f2d2e2b,random_control,dec.aig,po,8,8,fixed-075-c00,0.75,6,2,2,9988980957513320718,"{""x0"":1,""x2"":1,""x3"":0,""x4"":0,""x5"":1,""x6"":0}",True,5760.0,5720.0,1.006993006993007,7,7,13,13
epfl-random_control-dec-po2-f57f2d2e2b,random_control,dec.aig,po,8,8,fixed-075-c01,0.75,6,2,2,17218378239033991452,"{""x0"":1,""x1"":0,""x2"":1,""x4"":1,""x5"":0,""x6"":0}",True,3690.0,3780.0,0.9761904761904762,7,7,13,13
epfl-random_control-dec-po2-f57f2d2e2b,random_control,dec.aig,po,8,8,fixed-075-c02,0.75,6,2,2,11363340623953827217,"{""x0"":0,""x1"":1,""x4"":0,""x5"":1,""x6"":0,""x7"":0}",True,3625.0,3585.0,1.0111576011157601,7,7,13,13
epfl-random_control-dec-po2-f57f2d2e2b,random_control,dec.aig,po,8,8,fixed-075-c03,0.75,6,2,2,10450712487812563084,"{""x0"":1,""x1"":0,""x2"":0,""x3"":1,""x4"":0,""x6"":1}",True,3620.0,3645.0,0.9931412894375857,7,7,13,13
epfl-random_control-dec-po3-4364177137,random_control,dec.aig,po,8,8,fixed-000-c00,0.0,0,8,8,,{},True,11110.0,11115.0,0.9995501574448943,6,6,12,12
epfl-random_control-dec-po3-4364177137,random_control,dec.aig,po,8,8,fixed-025-c00,0.25,2,6,6,17482295728768463727,"{""x1"":0,""x6"":1}",True,16620.0,16720.0,0.9940191387559809,6,6,12,12
epfl-random_control-dec-po3-4364177137,random_control,dec.aig,po,8,8,fixed-025-c01,0.25,2,6,6,14017199794626665690,"{""x2"":0,""x7"":1}",True,39800.0,39790.0,1.0002513194269917,6,6,12,12
epfl-random_control-dec-po3-4364177137,random_control,dec.aig,po,8,8,fixed-025-c02,0.25,2,6,6,5162278897368591721,"{""x2"":1,""x5"":0}",True,38970.0,39550.0,0.9853350189633375,6,6,12,12
epfl-random_control-dec-po3-4364177137,random_control,dec.aig,po,8,8,fixed-025-c03,0.25,2,6,6,8896937267444283200,"{""x1"":1,""x3"":0}",True,18105.0,26675.0,0.6787253983130271,6,6,12,12
epfl-random_control-dec-po3-4364177137,random_control,dec.aig,po,8,8,fixed-050-c00,0.5,4,4,4,18258643719747933102,"{""x1"":1,""x3"":1,""x4"":1,""x6"":1}",True,4720.0,4725.0,0.9989417989417989,6,6,12,12
epfl-random_control-dec-po3-4364177137,random_control,dec.aig,po,8,8,fixed-050-c01,0.5,4,4,4,3306477107364435889,"{""x0"":0,""x1"":1,""x2"":1,""x6"":1}",True,4740.0,4765.0,0.9947534102833159,6,6,12,12
epfl-random_control-dec-po3-4364177137,random_control,dec.aig,po,8,8,fixed-050-c02,0.5,4,4,4,16148541064586131127,"{""x0"":1,""x1"":0,""x2"":1,""x5"":0}",True,4700.0,4710.0,0.9978768577494692,6,6,12,12
epfl-random_control-dec-po3-4364177137,random_control,dec.aig,po,8,8,fixed-050-c03,0.5,4,4,4,2774416868649915511,"{""x0"":0,""x1"":0,""x2"":1,""x5"":0}",True,4775.0,4790.0,0.9968684759916493,6,6,12,12
epfl-random_control-dec-po3-4364177137,random_control,dec.aig,po,8,8,fixed-075-c00,0.75,6,2,2,11289153430105483638,"{""x0"":0,""x1"":0,""x2"":0,""x3"":1,""x4"":0,""x5"":0}",True,4905.0,4895.0,1.0020429009193055,6,6,12,12
epfl-random_control-dec-po3-4364177137,random_control,dec.aig,po,8,8,fixed-075-c01,0.75,6,2,2,14122963487186897512,"{""x0"":0,""x1"":0,""x2"":0,""x3"":1,""x5"":1,""x6"":0}",True,5020.0,5010.0,1.001996007984032,6,6,12,12
epfl-random_control-dec-po3-4364177137,random_control,dec.aig,po,8,8,fixed-075-c02,0.75,6,2,2,12697171243597203006,"{""x0"":0,""x2"":0,""x4"":0,""x5"":0,""x6"":1,""x7"":0}",True,4870.0,4880.0,0.9979508196721312,6,6,12,12
epfl-random_control-dec-po3-4364177137,random_control,dec.aig,po,8,8,fixed-075-c03,0.75,6,2,2,1914263766536178072,"{""x0"":1,""x1"":1,""x2"":0,""x3"":1,""x4"":1,""x5"":1}",True,5205.0,5230.0,0.9952198852772467,6,6,12,12
epfl-random_control-dec-po4-e56e9dcbed,random_control,dec.aig,po,8,8,fixed-000-c00,0.0,0,8,8,,{},True,11060.0,11045.0,1.0013580805794478,7,7,13,13
epfl-random_control-dec-po4-e56e9dcbed,random_control,dec.aig,po,8,8,fixed-025-c00,0.25,2,6,6,6118861822833763563,"{""x4"":0,""x6"":1}",True,20875.0,22785.0,0.9161729207812157,7,7,13,13
epfl-random_control-dec-po4-e56e9dcbed,random_control,dec.aig,po,8,8,fixed-025-c01,0.25,2,6,6,1009685255184205791,"{""x1"":0,""x7"":0}",True,16275.0,16265.0,1.0006148170919151,7,7,13,13
epfl-random_control-dec-po4-e56e9dcbed,random_control,dec.aig,po,8,8,fixed-025-c02,0.25,2,6,6,3189870603198549967,"{""x4"":0,""x5"":0}",True,16440.0,16190.0,1.015441630636195,7,7,13,13
epfl-random_control-dec-po4-e56e9dcbed,random_control,dec.aig,po,8,8,fixed-025-c03,0.25,2,6,6,16324903134890367462,"{""x3"":1,""x5"":0}",True,16120.0,16575.0,0.9725490196078431,7,7,13,13
epfl-random_control-dec-po4-e56e9dcbed,random_control,dec.aig,po,8,8,fixed-050-c00,0.5,4,4,4,13999181132892025552,"{""x0"":0,""x1"":1,""x3"":1,""x4"":1}",True,3215.0,3220.0,0.9984472049689441,7,7,13,13
epfl-random_control-dec-po4-e56e9dcbed,random_control,dec.aig,po,8,8,fixed-050-c01,0.5,4,4,4,5860257708994547080,"{""x2"":1,""x5"":1,""x6"":0,""x7"":0}",True,3200.0,3220.0,0.9937888198757764,7,7,13,13
epfl-random_control-dec-po4-e56e9dcbed,random_control,dec.aig,po,8,8,fixed-050-c02,0.5,4,4,4,9381017840618328431,"{""x1"":0,""x3"":0,""x4"":1,""x7"":0}",True,3175.0,3165.0,1.0031595576619274,7,7,13,13
epfl-random_control-dec-po4-e56e9dcbed,random_control,dec.aig,po,8,8,fixed-050-c03,0.5,4,4,4,5933653922560168295,"{""x1"":1,""x3"":1,""x6"":0,""x7"":0}",True,3210.0,3225.0,0.9953488372093023,7,7,13,13
epfl-random_control-dec-po4-e56e9dcbed,random_control,dec.aig,po,8,8,fixed-075-c00,0.75,6,2,2,10524026016017042277,"{""x0"":0,""x2"":1,""x4"":0,""x5"":0,""x6"":0,""x7"":1}",True,3340.0,3355.0,0.9955290611028316,7,7,13,13
epfl-random_control-dec-po4-e56e9dcbed,random_control,dec.aig,po,8,8,fixed-075-c01,0.75,6,2,2,10533257812351268525,"{""x0"":1,""x1"":0,""x2"":1,""x3"":1,""x6"":0,""x7"":1}",True,3425.0,3430.0,0.9985422740524781,7,7,13,13
epfl-random_control-dec-po4-e56e9dcbed,random_control,dec.aig,po,8,8,fixed-075-c02,0.75,6,2,2,2820694832402878314,"{""x0"":1,""x1"":1,""x2"":1,""x3"":0,""x6"":0,""x7"":0}",True,4255.0,4210.0,1.010688836104513,7,7,13,13
epfl-random_control-dec-po4-e56e9dcbed,random_control,dec.aig,po,8,8,fixed-075-c03,0.75,6,2,2,14003426794302573562,"{""x0"":0,""x1"":0,""x2"":0,""x3"":1,""x4"":0,""x6"":1}",True,3435.0,3405.0,1.0088105726872247,7,7,13,13
epfl-random_control-dec-po5-8708527f1a,random_control,dec.aig,po,8,8,fixed-000-c00,0.0,0,8,8,,{},True,10645.0,10715.0,0.9934671021931871,6,6,12,12
epfl-random_control-dec-po5-8708527f1a,random_control,dec.aig,po,8,8,fixed-025-c00,0.25,2,6,6,1381461220395710392,"{""x4"":0,""x6"":1}",True,17120.0,16110.0,1.0626939788950962,6,6,12,12
epfl-random_control-dec-po5-8708527f1a,random_control,dec.aig,po,8,8,fixed-025-c01,0.25,2,6,6,10968974792660364203,"{""x0"":1,""x1"":0}",True,16425.0,16385.0,1.0024412572474826,6,6,12,12
epfl-random_control-dec-po5-8708527f1a,random_control,dec.aig,po,8,8,fixed-025-c02,0.25,2,6,6,6059233963740423340,"{""x3"":0,""x4"":0}",True,16400.0,16460.0,0.9963547995139733,6,6,12,12
epfl-random_control-dec-po5-8708527f1a,random_control,dec.aig,po,8,8,fixed-025-c03,0.25,2,6,6,863981432713352497,"{""x0"":0,""x3"":0}",True,17495.0,16160.0,1.082611386138614,6,6,12,12
epfl-random_control-dec-po5-8708527f1a,random_control,dec.aig,po,8,8,fixed-050-c00,0.5,4,4,4,14901025498873269684,"{""x0"":1,""x2"":0,""x4"":1,""x7"":0}",True,3205.0,3215.0,0.9968895800933126,6,6,12,12
epfl-random_control-dec-po5-8708527f1a,random_control,dec.aig,po,8,8,fixed-050-c01,0.5,4,4,4,8106767530170333367,"{""x3"":1,""x5"":1,""x6"":1,""x7"":0}",True,3210.0,3250.0,0.9876923076923076,6,6,12,12
epfl-random_control-dec-po5-8708527f1a,random_control,dec.aig,po,8,8,fixed-050-c02,0.5,4,4,4,14648848669599588953,"{""x1"":0,""x4"":1,""x6"":0,""x7"":0}",True,3170.0,3185.0,0.9952904238618524,6,6,12,12
epfl-random_control-dec-po5-8708527f1a,random_control,dec.aig,po,8,8,fixed-050-c03,0.5,4,4,4,4523360952116530914,"{""x1"":0,""x2"":1,""x4"":1,""x6"":1}",True,3255.0,3270.0,0.9954128440366973,6,6,12,12
epfl-random_control-dec-po5-8708527f1a,random_control,dec.aig,po,8,8,fixed-075-c00,0.75,6,2,2,2612590777472390851,"{""x0"":0,""x1"":1,""x3"":0,""x4"":0,""x6"":0,""x7"":0}",True,3280.0,3285.0,0.9984779299847792,6,6,12,12
epfl-random_control-dec-po5-8708527f1a,random_control,dec.aig,po,8,8,fixed-075-c01,0.75,6,2,2,2569132680263626441,"{""x0"":0,""x2"":1,""x3"":1,""x4"":1,""x5"":1,""x7"":0}",True,3505.0,3490.0,1.004297994269341,6,6,12,12
epfl-random_control-dec-po5-8708527f1a,random_control,dec.aig,po,8,8,fixed-075-c02,0.75,6,2,2,13304642977366556904,"{""x0"":0,""x1"":0,""x4"":1,""x5"":0,""x6"":0,""x7"":0}",True,3370.0,3430.0,0.9825072886297376,6,6,12,12
epfl-random_control-dec-po5-8708527f1a,random_control,dec.aig,po,8,8,fixed-075-c03,0.75,6,2,2,5208566688908173483,"{""x0"":0,""x1"":0,""x2"":0,""x4"":0,""x5"":1,""x6"":0}",True,3335.0,3370.0,0.9896142433234422,6,6,12,12
epfl-random_control-dec-po6-0e1bce9519,random_control,dec.aig,po,8,8,fixed-000-c00,0.0,0,8,8,,{},True,11105.0,11115.0,0.9991003148897886,6,6,12,12
epfl-random_control-dec-po6-0e1bce9519,random_control,dec.aig,po,8,8,fixed-025-c00,0.25,2,6,6,15661314183495897024,"{""x1"":0,""x7"":0}",True,16995.0,17010.0,0.9991181657848325,6,6,12,12
epfl-random_control-dec-po6-0e1bce9519,random_control,dec.aig,po,8,8,fixed-025-c01,0.25,2,6,6,16816482851775569393,"{""x1"":0,""x2"":0}",True,16475.0,16530.0,0.9966727162734422,6,6,12,12
epfl-random_control-dec-po6-0e1bce9519,random_control,dec.aig,po,8,8,fixed-025-c02,0.25,2,6,6,539846880452591948,"{""x3"":1,""x7"":0}",True,16730.0,16485.0,1.0148619957537155,6,6,12,12
epfl-random_control-dec-po6-0e1bce9519,random_control,dec.aig,po,8,8,fixed-025-c03,0.25,2,6,6,11279968907113585522,"{""x2"":1,""x5"":1}",True,16620.0,16580.0,1.002412545235223,6,6,12,12
epfl-random_control-dec-po6-0e1bce9519,random_control,dec.aig,po,8,8,fixed-050-c00,0.5,4,4,4,13948224399302551138,"{""x2"":1,""x4"":1,""x5"":1,""x7"":0}",True,3330.0,3320.0,1.0030120481927711,6,6,12,12
epfl-random_control-dec-po6-0e1bce9519,random_control,dec.aig,po,8,8,fixed-050-c01,0.5,4,4,4,4447641889821029788,"{""x0"":0,""x1"":1,""x6"":0,""x7"":0}",True,3180.0,3210.0,0.9906542056074766,6,6,12,12
epfl-random_control-dec-po6-0e1bce9519,random_control,dec.aig,po,8,8,fixed-050-c02,0.5,4,4,4,15864627448043216581,"{""x0"":1,""x1"":1,""x4"":1,""x5"":0}",True,3245.0,3300.0,0.9833333333333333,6,6,12,12
epfl-random_control-dec-po6-0e1bce9519,random_control,dec.aig,po,8,8,fixed-050-c03,0.5,4,4,4,16178602408498665077,"{""x0"":1,""x1"":1,""x2"":1,""x5"":0}",True,3300.0,3305.0,0.9984871406959153,6,6,12,12
epfl-random_control-dec-po6-0e1bce9519,random_control,dec.aig,po,8,8,fixed-075-c00,0.75,6,2,2,4159641286037422671,"{""x0"":1,""x1"":1,""x3"":1,""x5"":1,""x6"":0,""x7"":1}",True,3495.0,3485.0,1.0028694404591105,6,6,12,12
epfl-random_control-dec-po6-0e1bce9519,random_control,dec.aig,po,8,8,fixed-075-c01,0.75,6,2,2,8463582610334395645,"{""x0"":0,""x1"":0,""x2"":1,""x3"":1,""x4"":0,""x7"":1}",True,3460.0,3440.0,1.005813953488372,6,6,12,12
epfl-random_control-dec-po6-0e1bce9519,random_control,dec.aig,po,8,8,fixed-075-c02,0.75,6,2,2,11307428602760126957,"{""x0"":0,""x1"":0,""x4"":1,""x5"":0,""x6"":1,""x7"":1}",True,3480.0,3495.0,0.9957081545064378,6,6,12,12
epfl-random_control-dec-po6-0e1bce9519,random_control,dec.aig,po,8,8,fixed-075-c03,0.75,6,2,2,12484337797111464712,"{""x0"":0,""x1"":0,""x2"":1,""x3"":0,""x6"":1,""x7"":1}",True,3440.0,3445.0,0.9985486211901307,6,6,12,12
epfl-random_control-dec-po7-07a62f5837,random_control,dec.aig,po,8,8,fixed-000-c00,0.0,0,8,8,,{},True,10555.0,10620.0,0.993879472693032,5,5,11,11
epfl-random_control-dec-po7-07a62f5837,random_control,dec.aig,po,8,8,fixed-025-c00,0.25,2,6,6,15206641586756845113,"{""x1"":0,""x3"":0}",True,16400.0,16015.0,1.0240399625351233,5,5,11,11
epfl-random_control-dec-po7-07a62f5837,random_control,dec.aig,po,8,8,fixed-025-c01,0.25,2,6,6,17063134155149985066,"{""x0"":0,""x2"":0}",True,16570.0,15810.0,1.0480708412397217,5,5,11,11
epfl-random_control-dec-po7-07a62f5837,random_control,dec.aig,po,8,8,fixed-025-c02,0.25,2,6,6,1916357877891902976,"{""x0"":1,""x7"":0}",True,15960.0,15845.0,1.0072578100347114,5,5,11,11
epfl-random_control-dec-po7-07a62f5837,random_control,dec.aig,po,8,8,fixed-025-c03,0.25,2,6,6,3200400694379623601,"{""x1"":1,""x2"":0}",True,15955.0,15730.0,1.0143038779402416,5,5,11,11
epfl-random_control-dec-po7-07a62f5837,random_control,dec.aig,po,8,8,fixed-050-c00,0.5,4,4,4,1211444548720516937,"{""x0"":0,""x1"":1,""x3"":0,""x5"":1}",True,3150.0,3125.0,1.008,5,5,11,11
epfl-random_control-dec-po7-07a62f5837,random_control,dec.aig,po,8,8,fixed-050-c01,0.5,4,4,4,11363168470970510993,"{""x1"":0,""x5"":0,""x6"":1,""x7"":0}",True,3020.0,3060.0,0.9869281045751634,5,5,11,11
epfl-random_control-dec-po7-07a62f5837,random_control,dec.aig,po,8,8,fixed-050-c02,0.5,4,4,4,17894894683296100247,"{""x0"":1,""x4"":1,""x6"":1,""x7"":0}",True,3145.0,3180.0,0.9889937106918238,5,5,11,11
epfl-random_control-dec-po7-07a62f5837,random_control,dec.aig,po,8,8,fixed-050-c03,0.5,4,4,4,12221683216476328795,"{""x0"":0,""x2"":1,""x4"":1,""x5"":0}",True,3100.0,3100.0,1.0,5,5,11,11
epfl-random_control-dec-po7-07a62f5837,random_control,dec.aig,po,8,8,fixed-075-c00,0.75,6,2,2,10617292741489510205,"{""x1"":1,""x2"":0,""x3"":0,""x5"":0,""x6"":1,""x7"":1}",True,3320.0,3285.0,1.0106544901065448,5,5,11,11
epfl-random_control-dec-po7-07a62f5837,random_control,dec.aig,po,8,8,fixed-075-c01,0.75,6,2,2,326195581576179839,"{""x0"":1,""x1"":0,""x3"":0,""x4"":1,""x6"":0,""x7"":0}",True,3210.0,3255.0,0.9861751152073732,5,5,11,11
epfl-random_control-dec-po7-07a62f5837,random_control,dec.aig,po,8,8,fixed-075-c02,0.75,6,2,2,9749244162811455803,"{""x0"":0,""x1"":0,""x2"":0,""x3"":1,""x5"":1,""x6"":0}",True,3240.0,3245.0,0.9984591679506933,5,5,11,11
epfl-random_control-dec-po7-07a62f5837,random_control,dec.aig,po,8,8,fixed-075-c03,0.75,6,2,2,17256838816954178591,"{""x0"":1,""x1"":1,""x4"":0,""x5"":0,""x6"":1,""x7"":1}",True,3380.0,3355.0,1.007451564828614,5,5,11,11
epfl-random_control-i2c-po41-b4580bd004,random_control,i2c.aig,po,14,14,fixed-000-c00,0.0,0,14,14,,{},True,45850.0,46630.0,0.9832725713060262,32,32,42,42
epfl-random_control-i2c-po41-b4580bd004,random_control,i2c.aig,po,14,14,fixed-025-c00,0.25,4,10,10,8686052008843788660,"{""x13"":0,""x6"":0,""x7"":0,""x8"":1}",True,38745.0,38625.0,1.0031067961165048,32,32,42,42
epfl-random_control-i2c-po41-b4580bd004,random_control,i2c.aig,po,14,14,fixed-025-c01,0.25,4,10,10,656064351614684119,"{""x11"":1,""x2"":0,""x4"":1,""x7"":1}",True,39150.0,39090.0,1.0015349194167307,32,32,42,42
epfl-random_control-i2c-po41-b4580bd004,random_control,i2c.aig,po,14,14,fixed-025-c02,0.25,4,10,10,9975703176077461605,"{""x0"":1,""x10"":1,""x5"":0,""x9"":1}",True,40020.0,39705.0,1.0079335096335473,32,32,42,42
epfl-random_control-i2c-po41-b4580bd004,random_control,i2c.aig,po,14,14,fixed-025-c03,0.25,4,10,10,11145934324378172081,"{""x12"":0,""x13"":1,""x5"":0,""x7"":1}",True,40675.0,40860.0,0.9954723445912873,32,32,42,42
epfl-random_control-i2c-po41-b4580bd004,random_control,i2c.aig,po,14,14,fixed-050-c00,0.5,7,7,7,9441241498947780568,"{""x0"":0,""x1"":0,""x11"":1,""x2"":1,""x5"":1,""x8"":1,""x9"":1}",True,40495.0,40620.0,0.9969226981782373,32,32,42,42
epfl-random_control-i2c-po41-b4580bd004,random_control,i2c.aig,po,14,14,fixed-050-c01,0.5,7,7,7,8828293191985784334,"{""x1"":0,""x10"":1,""x11"":0,""x13"":1,""x7"":0,""x8"":0,""x9"":0}",True,40565.0,40565.0,1.0,32,32,42,42
epfl-random_control-i2c-po41-b4580bd004,random_control,i2c.aig,po,14,14,fixed-050-c02,0.5,7,7,7,8379309479985514701,"{""x12"":1,""x3"":0,""x5"":1,""x6"":0,""x7"":0,""x8"":0,""x9"":0}",True,40860.0,41025.0,0.9959780621572212,32,32,42,42
epfl-random_control-i2c-po41-b4580bd004,random_control,i2c.aig,po,14,14,fixed-050-c03,0.5,7,7,7,4593700455192557533,"{""x1"":1,""x12"":1,""x2"":0,""x3"":0,""x4"":1,""x6"":1,""x8"":0}",True,40950.0,41055.0,0.9974424552429667,32,32,42,42
epfl-random_control-i2c-po41-b4580bd004,random_control,i2c.aig,po,14,14,fixed-075-c00,0.75,10,4,4,4187181198117708845,"{""x1"":0,""x10"":0,""x11"":0,""x13"":0,""x3"":1,""x4"":0,""x5"":0,""x7"":0,""x8"":0,""x9"":1}",True,10080.0,10335.0,0.9753265602322206,32,32,42,42
epfl-random_control-i2c-po41-b4580bd004,random_control,i2c.aig,po,14,14,fixed-075-c01,0.75,10,4,4,2118893371318673169,"{""x0"":1,""x10"":1,""x11"":1,""x12"":0,""x13"":0,""x2"":0,""x3"":1,""x4"":0,""x6"":1,""x8"":0}",True,10230.0,10100.0,1.0128712871287129,32,32,42,42
epfl-random_control-i2c-po41-b4580bd004,random_control,i2c.aig,po,14,14,fixed-075-c02,0.75,10,4,4,2507154872809439849,"{""x10"":1,""x11"":1,""x12"":1,""x3"":1,""x4"":1,""x5"":1,""x6"":1,""x7"":0,""x8"":0,""x9"":0}",True,10470.0,10390.0,1.0076997112608277,32,32,42,42
epfl-random_control-i2c-po41-b4580bd004,random_control,i2c.aig,po,14,14,fixed-075-c03,0.75,10,4,4,3607846392557788588,"{""x1"":1,""x11"":1,""x12"":1,""x13"":0,""x2"":0,""x3"":0,""x4"":0,""x5"":1,""x6"":1,""x9"":0}",True,10300.0,10285.0,1.001458434613515,32,32,42,42
epfl-random_control-i2c-po42-455375796e,random_control,i2c.aig,po,15,15,fixed-000-c00,0.0,0,15,15,,{},True,60805.0,62015.0,0.9804885914698057,33,33,44,44
epfl-random_control-i2c-po42-455375796e,random_control,i2c.aig,po,15,15,fixed-025-c00,0.25,4,11,11,8536428519578026976,"{""x0"":0,""x14"":0,""x4"":1,""x5"":1}",True,39320.0,60140.0,0.6538077818423678,33,33,44,44
epfl-random_control-i2c-po42-455375796e,random_control,i2c.aig,po,15,15,fixed-025-c01,0.25,4,11,11,7650727641081940241,"{""x1"":0,""x10"":1,""x5"":0,""x8"":1}",True,46160.0,41900.0,1.1016706443914082,33,33,44,44
epfl-random_control-i2c-po42-455375796e,random_control,i2c.aig,po,15,15,fixed-025-c02,0.25,4,11,11,8987742689411357810,"{""x12"":0,""x13"":0,""x6"":0,""x9"":1}",True,43100.0,43305.0,0.9952661355501674,33,33,44,44
epfl-random_control-i2c-po42-455375796e,random_control,i2c.aig,po,15,15,fixed-025-c03,0.25,4,11,11,5834906523722383521,"{""x12"":1,""x5"":1,""x6"":0,""x9"":0}",True,43005.0,42805.0,1.0046723513608222,33,33,44,44
epfl-random_control-i2c-po42-455375796e,random_control,i2c.aig,po,15,15,fixed-050-c00,0.5,8,7,7,7885431368667322818,"{""x0"":1,""x10"":0,""x13"":1,""x3"":1,""x6"":1,""x7"":1,""x8"":0,""x9"":1}",True,43925.0,43035.0,1.020680841175787,33,33,44,44
epfl-random_control-i2c-po42-455375796e,random_control,i2c.aig,po,15,15,fixed-050-c01,0.5,8,7,7,1715783388702800611,"{""x0"":0,""x13"":0,""x14"":0,""x2"":0,""x4"":0,""x5"":1,""x6"":1,""x7"":1}",True,43205.0,43450.0,0.994361334867664,33,33,44,44
epfl-random_control-i2c-po42-455375796e,random_control,i2c.aig,po,15,15,fixed-050-c02,0.5,8,7,7,17688759913840722717,"{""x0"":1,""x11"":1,""x12"":0,""x3"":0,""x4"":1,""x6"":1,""x7"":1,""x9"":1}",True,42075.0,42130.0,0.9986945169712794,33,33,44,44
epfl-random_control-i2c-po42-455375796e,random_control,i2c.aig,po,15,15,fixed-050-c03,0.5,8,7,7,12371318481932640997,"{""x0"":0,""x1"":1,""x12"":1,""x14"":1,""x4"":0,""x5"":1,""x7"":0,""x9"":0}",True,42390.0,42240.0,1.0035511363636365,33,33,44,44
epfl-random_control-i2c-po42-455375796e,random_control,i2c.aig,po,15,15,fixed-075-c00,0.75,11,4,4,5011297978219698899,"{""x0"":1,""x1"":1,""x10"":1,""x12"":1,""x13"":1,""x14"":1,""x2"":1,""x4"":0,""x6"":0,""x8"":1,""x9"":1}",True,10740.0,10860.0,0.988950276243094,33,33,44,44
epfl-random_control-i2c-po42-455375796e,random_control,i2c.aig,po,15,15,fixed-075-c01,0.75,11,4,4,10773578443712583453,"{""x0"":1,""x1"":0,""x11"":1,""x14"":0,""x2"":1,""x4"":1,""x5"":1,""x6"":0,""x7"":1,""x8"":1,""x9"":1}",True,10570.0,10670.0,0.9906279287722587,33,33,44,44
epfl-random_control-i2c-po42-455375796e,random_control,i2c.aig,po,15,15,fixed-075-c02,0.75,11,4,4,9532138387554893791,"{""x0"":0,""x11"":1,""x13"":1,""x14"":0,""x3"":1,""x4"":1,""x5"":1,""x6"":0,""x7"":0,""x8"":1,""x9"":0}",True,10750.0,10735.0,1.0013972985561248,33,33,44,44
epfl-random_control-i2c-po42-455375796e,random_control,i2c.aig,po,15,15,fixed-075-c03,0.75,11,4,4,14347486510341760656,"{""x10"":0,""x11"":0,""x12"":1,""x13"":0,""x14"":0,""x2"":1,""x3"":0,""x4"":1,""x5"":1,""x7"":0,""x8"":1}",True,10605.0,10675.0,0.9934426229508196,33,33,44,44
epfl-random_control-i2c-po44-bebebe05c9,random_control,i2c.aig,po,14,14,fixed-000-c00,0.0,0,14,14,,{},True,80555.0,82695.0,0.9741217727794909,63,63,74,74
epfl-random_control-i2c-po44-bebebe05c9,random_control,i2c.aig,po,14,14,fixed-025-c00,0.25,4,10,10,1063160794887861905,"{""x0"":1,""x1"":1,""x6"":1,""x7"":0}",True,71050.0,71245.0,0.997262965822163,63,63,74,74
epfl-random_control-i2c-po44-bebebe05c9,random_control,i2c.aig,po,14,14,fixed-025-c01,0.25,4,10,10,14309525559111371564,"{""x11"":1,""x2"":1,""x4"":0,""x5"":0}",True,70795.0,69160.0,1.023640832851359,63,63,74,74
epfl-random_control-i2c-po44-bebebe05c9,random_control,i2c.aig,po,14,14,fixed-025-c02,0.25,4,10,10,13167543557877981556,"{""x4"":0,""x5"":1,""x6"":0,""x7"":0}",True,66700.0,67450.0,0.9888806523350631,63,63,74,74
epfl-random_control-i2c-po44-bebebe05c9,random_control,i2c.aig,po,14,14,fixed-025-c03,0.25,4,10,10,11630883786439951796,"{""x11"":1,""x3"":0,""x5"":0,""x6"":0}",True,70350.0,70175.0,1.0024937655860349,63,63,74,74
epfl-random_control-i2c-po44-bebebe05c9,random_control,i2c.aig,po,14,14,fixed-050-c00,0.5,7,7,7,12775339550892033778,"{""x0"":1,""x1"":1,""x11"":1,""x12"":1,""x5"":1,""x7"":1,""x8"":0}",True,71485.0,71570.0,0.998812351543943,63,63,74,74
epfl-random_control-i2c-po44-bebebe05c9,random_control,i2c.aig,po,14,14,fixed-050-c01,0.5,7,7,7,14258050030568269841,"{""x1"":1,""x11"":0,""x12"":1,""x3"":0,""x5"":1,""x8"":0,""x9"":1}",True,73025.0,72535.0,1.0067553594816296,63,63,74,74
epfl-random_control-i2c-po44-bebebe05c9,random_control,i2c.aig,po,14,14,fixed-050-c02,0.5,7,7,7,10453303769021170176,"{""x11"":1,""x12"":0,""x2"":1,""x3"":0,""x5"":1,""x6"":0,""x9"":0}",True,70585.0,71990.0,0.9804834004722878,63,63,74,74
epfl-random_control-i2c-po44-bebebe05c9,random_control,i2c.aig,po,14,14,fixed-050-c03,0.5,7,7,7,6170384721597699265,"{""x10"":1,""x11"":0,""x2"":1,""x4"":0,""x6"":1,""x7"":0,""x8"":1}",True,69925.0,70735.0,0.9885488089347565,63,63,74,74
epfl-random_control-i2c-po44-bebebe05c9,random_control,i2c.aig,po,14,14,fixed-075-c00,0.75,10,4,4,6870170678623017887,"{""x0"":1,""x10"":0,""x11"":0,""x13"":0,""x2"":0,""x3"":1,""x4"":1,""x5"":0,""x6"":0,""x7"":0}",True,32510.0,32635.0,0.9961697563965068,63,63,74,74
epfl-random_control-i2c-po44-bebebe05c9,random_control,i2c.aig,po,14,14,fixed-075-c01,0.75,10,4,4,9315726960678967420,"{""x0"":0,""x1"":1,""x10"":0,""x11"":1,""x12"":1,""x13"":0,""x2"":0,""x3"":1,""x7"":1,""x8"":0}",True,16105.0,16720.0,0.9632177033492823,63,63,74,74
epfl-random_control-i2c-po44-bebebe05c9,random_control,i2c.aig,po,14,14,fixed-075-c02,0.75,10,4,4,16330319486076731309,"{""x0"":1,""x10"":1,""x11"":0,""x13"":1,""x2"":0,""x3"":0,""x5"":1,""x6"":1,""x8"":0,""x9"":0}",True,16615.0,21010.0,0.790813898143741,63,63,74,74
epfl-random_control-i2c-po44-bebebe05c9,random_control,i2c.aig,po,14,14,fixed-075-c03,0.75,10,4,4,12172249698660701990,"{""x1"":0,""x10"":1,""x11"":0,""x13"":0,""x3"":0,""x4"":1,""x5"":0,""x6"":0,""x7"":0,""x9"":1}",True,18280.0,20040.0,0.9121756487025948,63,63,74,74
epfl-random_control-i2c-po68-6659cda0b7,random_control,i2c.aig,po,13,13,fixed-000-c00,0.0,0,13,13,,{},True,35230.0,34745.0,1.0139588429989927,25,25,34,34
epfl-random_control-i2c-po68-6659cda0b7,random_control,i2c.aig,po,13,13,fixed-025-c00,0.25,3,10,10,6830908915888939957,"{""x0"":1,""x12"":0,""x6"":0}",True,32625.0,32520.0,1.003228782287823,25,25,34,34
epfl-random_control-i2c-po68-6659cda0b7,random_control,i2c.aig,po,13,13,fixed-025-c01,0.25,3,10,10,13088547424611346310,"{""x0"":1,""x2"":1,""x4"":1}",True,32570.0,32605.0,0.9989265450084343,25,25,34,34
epfl-random_control-i2c-po68-6659cda0b7,random_control,i2c.aig,po,13,13,fixed-025-c02,0.25,3,10,10,6357005570805808944,"{""x10"":0,""x6"":1,""x7"":0}",True,34085.0,32910.0,1.0357034336068065,25,25,34,34
epfl-random_control-i2c-po68-6659cda0b7,random_control,i2c.aig,po,13,13,fixed-025-c03,0.25,3,10,10,6859840292678213219,"{""x10"":1,""x2"":1,""x9"":0}",True,50095.0,49520.0,1.0116114701130856,25,25,34,34
epfl-random_control-i2c-po68-6659cda0b7,random_control,i2c.aig,po,13,13,fixed-050-c00,0.5,6,7,7,740836634544385211,"{""x10"":0,""x11"":0,""x5"":0,""x6"":0,""x8"":0,""x9"":0}",True,49820.0,48205.0,1.033502748677523,25,25,34,34
epfl-random_control-i2c-po68-6659cda0b7,random_control,i2c.aig,po,13,13,fixed-050-c01,0.5,6,7,7,2782252471620108461,"{""x0"":1,""x1"":0,""x10"":1,""x2"":1,""x6"":1,""x9"":1}",True,31095.0,31080.0,1.0004826254826256,25,25,34,34
epfl-random_control-i2c-po68-6659cda0b7,random_control,i2c.aig,po,13,13,fixed-050-c02,0.5,6,7,7,17988602217775088966,"{""x0"":1,""x10"":1,""x2"":0,""x3"":0,""x4"":0,""x9"":1}",True,30390.0,30750.0,0.9882926829268293,25,25,34,34
epfl-random_control-i2c-po68-6659cda0b7,random_control,i2c.aig,po,13,13,fixed-050-c03,0.5,6,7,7,5596888173095550878,"{""x0"":1,""x10"":0,""x2"":1,""x5"":0,""x6"":1,""x9"":0}",True,30015.0,30300.0,0.9905940594059406,25,25,34,34
epfl-random_control-i2c-po68-6659cda0b7,random_control,i2c.aig,po,13,13,fixed-075-c00,0.75,10,3,3,12694674575209075337,"{""x1"":0,""x11"":1,""x12"":1,""x2"":0,""x4"":0,""x5"":1,""x6"":0,""x7"":1,""x8"":0,""x9"":0}",True,8075.0,8060.0,1.001861042183623,25,25,34,34
epfl-random_control-i2c-po68-6659cda0b7,random_control,i2c.aig,po,13,13,fixed-075-c01,0.75,10,3,3,12731555660034480726,"{""x0"":1,""x1"":0,""x10"":0,""x11"":1,""x12"":0,""x3"":0,""x5"":1,""x6"":1,""x8"":1,""x9"":1}",True,12720.0,10530.0,1.207977207977208,25,25,34,34
epfl-random_control-i2c-po68-6659cda0b7,random_control,i2c.aig,po,13,13,fixed-075-c02,0.75,10,3,3,2141335304028601945,"{""x0"":1,""x10"":0,""x11"":0,""x12"":0,""x2"":0,""x3"":0,""x4"":0,""x5"":1,""x7"":1,""x8"":0}",True,15830.0,16120.0,0.9820099255583127,25,25,34,34
epfl-random_control-i2c-po68-6659cda0b7,random_control,i2c.aig,po,13,13,fixed-075-c03,0.75,10,3,3,13507567068457254735,"{""x0"":1,""x1"":0,""x10"":0,""x11"":0,""x12"":0,""x4"":1,""x6"":1,""x7"":1,""x8"":1,""x9"":0}",True,16430.0,16310.0,1.0073574494175352,25,25,34,34
epfl-random_control-i2c-po71-1bdb300ea1,random_control,i2c.aig,po,10,10,fixed-000-c00,0.0,0,10,10,,{},True,73360.0,70565.0,1.0396088712534544,47,47,50,50
epfl-random_control-i2c-po71-1bdb300ea1,random_control,i2c.aig,po,10,10,fixed-025-c00,0.25,2,8,8,6063247198996038670,"{""x0"":0,""x6"":1}",True,71220.0,70410.0,1.0115040477204942,47,47,50,50
epfl-random_control-i2c-po71-1bdb300ea1,random_control,i2c.aig,po,10,10,fixed-025-c01,0.25,2,8,8,17704139614979048828,"{""x2"":1,""x6"":0}",True,72705.0,73340.0,0.9913416962094355,47,47,50,50
epfl-random_control-i2c-po71-1bdb300ea1,random_control,i2c.aig,po,10,10,fixed-025-c02,0.25,2,8,8,2456208922915925487,"{""x6"":0,""x9"":0}",True,45670.0,45180.0,1.010845506861443,47,47,50,50
epfl-random_control-i2c-po71-1bdb300ea1,random_control,i2c.aig,po,10,10,fixed-025-c03,0.25,2,8,8,17216058938404515062,"{""x0"":0,""x7"":0}",True,46550.0,46465.0,1.001829333907242,47,47,50,50
epfl-random_control-i2c-po71-1bdb300ea1,random_control,i2c.aig,po,10,10,fixed-050-c00,0.5,5,5,5,2503007798163245251,"{""x1"":1,""x3"":1,""x4"":1,""x8"":0,""x9"":0}",True,13535.0,13555.0,0.9985245296938399,47,47,50,50
epfl-random_control-i2c-po71-1bdb300ea1,random_control,i2c.aig,po,10,10,fixed-050-c01,0.5,5,5,5,4440014967180939101,"{""x1"":0,""x2"":0,""x4"":0,""x7"":0,""x8"":1}",True,13470.0,13540.0,0.9948301329394387,47,47,50,50
epfl-random_control-i2c-po71-1bdb300ea1,random_control,i2c.aig,po,10,10,fixed-050-c02,0.5,5,5,5,16425325964020815410,"{""x2"":1,""x3"":0,""x4"":1,""x5"":0,""x9"":0}",True,13500.0,13550.0,0.996309963099631,47,47,50,50
epfl-random_control-i2c-po71-1bdb300ea1,random_control,i2c.aig,po,10,10,fixed-050-c03,0.5,5,5,5,13729329015442070460,"{""x0"":0,""x2"":0,""x3"":0,""x5"":1,""x8"":0}",True,13995.0,13980.0,1.0010729613733906,47,47,50,50
epfl-random_control-i2c-po71-1bdb300ea1,random_control,i2c.aig,po,10,10,fixed-075-c00,0.75,8,2,2,15318865659411008931,"{""x0"":1,""x2"":0,""x3"":1,""x4"":0,""x5"":0,""x6"":0,""x7"":1,""x9"":1}",True,12340.0,12360.0,0.9983818770226537,47,47,50,50
epfl-random_control-i2c-po71-1bdb300ea1,random_control,i2c.aig,po,10,10,fixed-075-c01,0.75,8,2,2,527357048681261615,"{""x0"":1,""x1"":1,""x2"":1,""x4"":1,""x5"":0,""x6"":1,""x7"":0,""x9"":1}",True,12445.0,12455.0,0.9991971095945403,47,47,50,50
epfl-random_control-i2c-po71-1bdb300ea1,random_control,i2c.aig,po,10,10,fixed-075-c02,0.75,8,2,2,13531548885929721075,"{""x0"":0,""x1"":1,""x2"":0,""x3"":1,""x4"":1,""x7"":0,""x8"":1,""x9"":0}",True,14055.0,18745.0,0.7497999466524407,47,47,50,50
epfl-random_control-i2c-po71-1bdb300ea1,random_control,i2c.aig,po,10,10,fixed-075-c03,0.75,8,2,2,17235069026309196489,"{""x0"":1,""x1"":1,""x3"":0,""x4"":1,""x5"":1,""x6"":0,""x7"":1,""x9"":0}",True,12250.0,12085.0,1.0136532892014896,47,47,50,50
epfl-random_control-i2c-po72-e01c98e60e,random_control,i2c.aig,po,10,10,fixed-000-c00,0.0,0,10,10,,{},True,39445.0,39505.0,0.9984812049107707,36,36,40,40
epfl-random_control-i2c-po72-e01c98e60e,random_control,i2c.aig,po,10,10,fixed-025-c00,0.25,2,8,8,12813103888881562765,"{""x6"":1,""x9"":1}",True,38520.0,38695.0,0.9954774518671663,36,36,40,40
epfl-random_control-i2c-po72-e01c98e60e,random_control,i2c.aig,po,10,10,fixed-025-c01,0.25,2,8,8,3976880029954409630,"{""x3"":0,""x5"":1}",True,38955.0,39025.0,0.9982062780269059,36,36,40,40
epfl-random_control-i2c-po72-e01c98e60e,random_control,i2c.aig,po,10,10,fixed-025-c02,0.25,2,8,8,4889353272044154216,"{""x2"":1,""x4"":0}",True,39005.0,38995.0,1.000256443133735,36,36,40,40
epfl-random_control-i2c-po72-e01c98e60e,random_control,i2c.aig,po,10,10,fixed-025-c03,0.25,2,8,8,10901059177769954124,"{""x0"":1,""x5"":1}",True,38875.0,38790.0,1.0021912864140243,36,36,40,40
epfl-random_control-i2c-po72-e01c98e60e,random_control,i2c.aig,po,10,10,fixed-050-c00,0.5,5,5,5,16397126603500039280,"{""x2"":1,""x4"":1,""x5"":1,""x6"":0,""x9"":0}",True,11230.0,11190.0,1.003574620196604,36,36,40,40
epfl-random_control-i2c-po72-e01c98e60e,random_control,i2c.aig,po,10,10,fixed-050-c01,0.5,5,5,5,10904487407306358031,"{""x3"":0,""x4"":1,""x6"":0,""x7"":1,""x9"":0}",True,11240.0,11050.0,1.0171945701357465,36,36,40,40
epfl-random_control-i2c-po72-e01c98e60e,random_control,i2c.aig,po,10,10,fixed-050-c02,0.5,5,5,5,6546120516734280538,"{""x3"":1,""x5"":1,""x7"":1,""x8"":1,""x9"":0}",True,11595.0,11270.0,1.028837622005324,36,36,40,40
epfl-random_control-i2c-po72-e01c98e60e,random_control,i2c.aig,po,10,10,fixed-050-c03,0.5,5,5,5,13048272826709400048,"{""x3"":1,""x5"":0,""x6"":0,""x7"":1,""x9"":1}",True,12495.0,14330.0,0.8719469644103279,36,36,40,40
epfl-random_control-i2c-po72-e01c98e60e,random_control,i2c.aig,po,10,10,fixed-075-c00,0.75,8,2,2,15160890033170147119,"{""x0"":0,""x1"":1,""x2"":0,""x4"":0,""x5"":1,""x7"":1,""x8"":1,""x9"":0}",True,10270.0,10295.0,0.9975716367168529,36,36,40,40
epfl-random_control-i2c-po72-e01c98e60e,random_control,i2c.aig,po,10,10,fixed-075-c01,0.75,8,2,2,331629863133023028,"{""x0"":1,""x1"":1,""x2"":0,""x3"":0,""x4"":0,""x7"":1,""x8"":0,""x9"":1}",True,9960.0,9915.0,1.0045385779122542,36,36,40,40
epfl-random_control-i2c-po72-e01c98e60e,random_control,i2c.aig,po,10,10,fixed-075-c02,0.75,8,2,2,4088652317426410829,"{""x1"":1,""x2"":0,""x3"":1,""x4"":0,""x6"":0,""x7"":1,""x8"":0,""x9"":0}",True,9950.0,10085.0,0.9866137828458106,36,36,40,40
epfl-random_control-i2c-po72-e01c98e60e,random_control,i2c.aig,po,10,10,fixed-075-c03,0.75,8,2,2,18425660441594897303,"{""x0"":0,""x1"":1,""x2"":0,""x3"":0,""x4"":1,""x5"":0,""x6"":0,""x9"":1}",True,11160.0,10745.0,1.0386226151698463,36,36,40,40
epfl-random_control-i2c-po73-8b0c8a5c32,random_control,i2c.aig,po,11,11,fixed-000-c00,0.0,0,11,11,,{},True,30405.0,30485.0,0.9973757585697884,24,24,33,33
epfl-random_control-i2c-po73-8b0c8a5c32,random_control,i2c.aig,po,11,11,fixed-025-c00,0.25,3,8,8,7357758935287516513,"{""x0"":0,""x6"":0,""x9"":0}",True,29130.0,28890.0,1.008307372793354,24,24,33,33
epfl-random_control-i2c-po73-8b0c8a5c32,random_control,i2c.aig,po,11,11,fixed-025-c01,0.25,3,8,8,14045028653380189775,"{""x1"":1,""x2"":0,""x9"":0}",True,70320.0,70780.0,0.9935009889799379,24,24,33,33
epfl-random_control-i2c-po73-8b0c8a5c32,random_control,i2c.aig,po,11,11,fixed-025-c02,0.25,3,8,8,15317331527471798527,"{""x2"":0,""x5"":0,""x9"":1}",True,30180.0,30160.0,1.0006631299734747,24,24,33,33
epfl-random_control-i2c-po73-8b0c8a5c32,random_control,i2c.aig,po,11,11,fixed-025-c03,0.25,3,8,8,3256783675997642972,"{""x4"":0,""x5"":1,""x6"":0}",True,30070.0,30150.0,0.997346600331675,24,24,33,33
epfl-random_control-i2c-po73-8b0c8a5c32,random_control,i2c.aig,po,11,11,fixed-050-c00,0.5,6,5,5,15964806122905555258,"{""x0"":0,""x1"":1,""x3"":0,""x5"":1,""x6"":1,""x8"":0}",True,8480.0,8470.0,1.001180637544274,24,24,33,33
epfl-random_control-i2c-po73-8b0c8a5c32,random_control,i2c.aig,po,11,11,fixed-050-c01,0.5,6,5,5,14552066808818277029,"{""x0"":0,""x1"":0,""x2"":1,""x4"":0,""x8"":0,""x9"":0}",True,8335.0,8390.0,0.9934445768772348,24,24,33,33
epfl-random_control-i2c-po73-8b0c8a5c32,random_control,i2c.aig,po,11,11,fixed-050-c02,0.5,6,5,5,16252555703986908504,"{""x1"":1,""x3"":1,""x4"":1,""x5"":1,""x6"":1,""x8"":1}",True,8855.0,8795.0,1.006822057987493,24,24,33,33
epfl-random_control-i2c-po73-8b0c8a5c32,random_control,i2c.aig,po,11,11,fixed-050-c03,0.5,6,5,5,1664592219394625398,"{""x10"":0,""x3"":0,""x5"":0,""x7"":0,""x8"":0,""x9"":0}",True,8720.0,8480.0,1.028301886792453,24,24,33,33
epfl-random_control-i2c-po73-8b0c8a5c32,random_control,i2c.aig,po,11,11,fixed-075-c00,0.75,8,3,3,11295109487988216378,"{""x1"":0,""x2"":0,""x3"":1,""x4"":0,""x5"":1,""x7"":1,""x8"":1,""x9"":0}",True,7770.0,7730.0,1.0051746442432083,24,24,33,33
epfl-random_control-i2c-po73-8b0c8a5c32,random_control,i2c.aig,po,11,11,fixed-075-c01,0.75,8,3,3,13672390623888802359,"{""x10"":1,""x2"":1,""x4"":0,""x5"":1,""x6"":1,""x7"":1,""x8"":0,""x9"":0}",True,7900.0,7845.0,1.0070108349267048,24,24,33,33
epfl-random_control-i2c-po73-8b0c8a5c32,random_control,i2c.aig,po,11,11,fixed-075-c02,0.75,8,3,3,8420343092467060171,"{""x0"":0,""x1"":1,""x2"":0,""x3"":0,""x6"":1,""x7"":1,""x8"":0,""x9"":1}",True,8130.0,8420.0,0.9655581947743468,24,24,33,33
epfl-random_control-i2c-po73-8b0c8a5c32,random_control,i2c.aig,po,11,11,fixed-075-c03,0.75,8,3,3,12923642942912182324,"{""x0"":1,""x1"":1,""x10"":0,""x2"":1,""x3"":1,""x4"":1,""x5"":0,""x8"":0}",True,8125.0,8040.0,1.0105721393034826,24,24,33,33
epfl-random_control-i2c-po74-3bf1791a1e,random_control,i2c.aig,po,14,14,fixed-000-c00,0.0,0,14,14,,{},True,70675.0,71505.0,0.9883924201104818,55,55,64,64
epfl-random_control-i2c-po74-3bf1791a1e,random_control,i2c.aig,po,14,14,fixed-025-c00,0.25,4,10,10,4852053816265827747,"{""x13"":1,""x6"":1,""x7"":1,""x8"":1}",True,63120.0,64935.0,0.972048972048972,55,55,64,64
epfl-random_control-i2c-po74-3bf1791a1e,random_control,i2c.aig,po,14,14,fixed-025-c01,0.25,4,10,10,6772523391374117741,"{""x10"":0,""x12"":1,""x13"":1,""x4"":0}",True,56935.0,56810.0,1.0022003168456257,55,55,64,64
epfl-random_control-i2c-po74-3bf1791a1e,random_control,i2c.aig,po,14,14,fixed-025-c02,0.25,4,10,10,6709273411205344388,"{""x2"":0,""x4"":0,""x6"":0,""x7"":1}",True,55230.0,130440.0,0.4234130634774609,55,55,64,64
epfl-random_control-i2c-po74-3bf1791a1e,random_control,i2c.aig,po,14,14,fixed-025-c03,0.25,4,10,10,16680787020172494065,"{""x0"":1,""x2"":1,""x5"":1,""x9"":1}",True,59840.0,59460.0,1.0063908509922637,55,55,64,64
epfl-random_control-i2c-po74-3bf1791a1e,random_control,i2c.aig,po,14,14,fixed-050-c00,0.5,7,7,7,4667704221420508600,"{""x0"":1,""x12"":1,""x2"":0,""x3"":1,""x5"":1,""x7"":1,""x8"":1}",True,61335.0,61745.0,0.9933597862175075,55,55,64,64
epfl-random_control-i2c-po74-3bf1791a1e,random_control,i2c.aig,po,14,14,fixed-050-c01,0.5,7,7,7,1619337300774077903,"{""x0"":1,""x11"":0,""x12"":0,""x2"":1,""x6"":0,""x8"":0,""x9"":0}",True,62260.0,62315.0,0.999117387466902,55,55,64,64
epfl-random_control-i2c-po74-3bf1791a1e,random_control,i2c.aig,po,14,14,fixed-050-c02,0.5,7,7,7,12505041943281687088,"{""x0"":0,""x1"":1,""x11"":1,""x12"":0,""x5"":1,""x8"":1,""x9"":0}",True,59895.0,60050.0,0.9974188176519567,55,55,64,64
epfl-random_control-i2c-po74-3bf1791a1e,random_control,i2c.aig,po,14,14,fixed-050-c03,0.5,7,7,7,2601860228738209584,"{""x0"":1,""x1"":1,""x11"":1,""x13"":0,""x5"":1,""x6"":0,""x8"":0}",True,60865.0,61040.0,0.9971330275229358,55,55,64,64
epfl-random_control-i2c-po74-3bf1791a1e,random_control,i2c.aig,po,14,14,fixed-075-c00,0.75,10,4,4,9336382677432637803,"{""x0"":0,""x1"":0,""x10"":0,""x11"":0,""x13"":0,""x2"":0,""x4"":0,""x7"":1,""x8"":0,""x9"":0}",True,23175.0,23160.0,1.0006476683937824,55,55,64,64
epfl-random_control-i2c-po74-3bf1791a1e,random_control,i2c.aig,po,14,14,fixed-075-c01,0.75,10,4,4,3704281232917511172,"{""x0"":1,""x1"":1,""x10"":0,""x11"":0,""x12"":0,""x13"":1,""x2"":1,""x4"":1,""x5"":1,""x6"":0}",True,23295.0,16115.0,1.4455476264349985,55,55,64,64
epfl-random_control-i2c-po74-3bf1791a1e,random_control,i2c.aig,po,14,14,fixed-075-c02,0.75,10,4,4,8547649696411365334,"{""x0"":0,""x1"":1,""x10"":1,""x11"":1,""x12"":0,""x13"":1,""x4"":0,""x5"":1,""x6"":0,""x7"":1}",True,15610.0,15165.0,1.0293438839432905,55,55,64,64
epfl-random_control-i2c-po74-3bf1791a1e,random_control,i2c.aig,po,14,14,fixed-075-c03,0.75,10,4,4,1079658719642312525,"{""x0"":0,""x1"":0,""x10"":1,""x11"":0,""x13"":0,""x2"":0,""x4"":0,""x5"":0,""x7"":0,""x9"":0}",True,14490.0,15115.0,0.9586503473370823,55,55,64,64
epfl-random_control-int2float-po0-03bdd5ff4c,random_control,int2float.aig,po,11,11,fixed-000-c00,0.0,0,11,11,,{},True,103795.0,102840.0,1.0092862699338778,93,93,112,112
epfl-random_control-int2float-po0-03bdd5ff4c,random_control,int2float.aig,po,11,11,fixed-025-c00,0.25,3,8,8,15823837887258326263,"{""x10"":1,""x4"":1,""x9"":1}",True,149410.0,106695.0,1.400346782885796,93,93,112,112
epfl-random_control-int2float-po0-03bdd5ff4c,random_control,int2float.aig,po,11,11,fixed-025-c01,0.25,3,8,8,2312876137994591742,"{""x1"":0,""x2"":1,""x9"":1}",True,105265.0,114930.0,0.9159053336813713,93,93,112,112
epfl-random_control-int2float-po0-03bdd5ff4c,random_control,int2float.aig,po,11,11,fixed-025-c02,0.25,3,8,8,4934813997996581134,"{""x0"":1,""x10"":0,""x7"":1}",True,100205.0,100850.0,0.9936043629152206,93,93,112,112
epfl-random_control-int2float-po0-03bdd5ff4c,random_control,int2float.aig,po,11,11,fixed-025-c03,0.25,3,8,8,7532259608726313546,"{""x0"":0,""x1"":0,""x6"":0}",True,105200.0,107125.0,0.9820303383897316,93,93,112,112
epfl-random_control-int2float-po0-03bdd5ff4c,random_control,int2float.aig,po,11,11,fixed-050-c00,0.5,6,5,5,5301306592211145127,"{""x0"":0,""x1"":1,""x3"":1,""x7"":1,""x8"":0,""x9"":1}",True,28975.0,29985.0,0.9663164915791229,93,93,112,112
epfl-random_control-int2float-po0-03bdd5ff4c,random_control,int2float.aig,po,11,11,fixed-050-c01,0.5,6,5,5,8027273361708390394,"{""x0"":1,""x1"":0,""x4"":0,""x5"":0,""x6"":1,""x7"":0}",True,25930.0,25825.0,1.0040658276863503,93,93,112,112
epfl-random_control-int2float-po0-03bdd5ff4c,random_control,int2float.aig,po,11,11,fixed-050-c02,0.5,6,5,5,8582947066064123082,"{""x0"":1,""x1"":1,""x2"":1,""x3"":0,""x5"":1,""x6"":1}",True,26160.0,28260.0,0.9256900212314225,93,93,112,112
epfl-random_control-int2float-po0-03bdd5ff4c,random_control,int2float.aig,po,11,11,fixed-050-c03,0.5,6,5,5,5899171745297687382,"{""x1"":1,""x10"":1,""x4"":0,""x5"":1,""x6"":1,""x8"":0}",True,26070.0,25730.0,1.0132141469102216,93,93,112,112
epfl-random_control-int2float-po0-03bdd5ff4c,random_control,int2float.aig,po,11,11,fixed-075-c00,0.75,8,3,3,14095991411441044217,"{""x0"":1,""x1"":0,""x3"":0,""x5"":1,""x6"":1,""x7"":1,""x8"":1,""x9"":1}",True,21960.0,21965.0,0.9997723651263374,93,93,112,112
epfl-random_control-int2float-po0-03bdd5ff4c,random_control,int2float.aig,po,11,11,fixed-075-c01,0.75,8,3,3,13838098340638838296,"{""x0"":1,""x1"":0,""x10"":0,""x2"":1,""x5"":1,""x6"":1,""x7"":1,""x9"":0}",True,23120.0,21865.0,1.0573976675051453,93,93,112,112
epfl-random_control-int2float-po0-03bdd5ff4c,random_control,int2float.aig,po,11,11,fixed-075-c02,0.75,8,3,3,15883113361471564173,"{""x0"":0,""x10"":0,""x2"":0,""x3"":0,""x5"":1,""x7"":0,""x8"":1,""x9"":0}",True,22220.0,21910.0,1.014148790506618,93,93,112,112
epfl-random_control-int2float-po0-03bdd5ff4c,random_control,int2float.aig,po,11,11,fixed-075-c03,0.75,8,3,3,4816139928882802298,"{""x0"":0,""x1"":1,""x2"":1,""x3"":0,""x4"":1,""x5"":0,""x7"":0,""x8"":0}",True,24050.0,22220.0,1.0823582358235824,93,93,112,112
epfl-random_control-int2float-po1-5d8e7b322c,random_control,int2float.aig,po,11,11,fixed-000-c00,0.0,0,11,11,,{},True,124370.0,122590.0,1.014519944530549,110,110,129,129
epfl-random_control-int2float-po1-5d8e7b322c,random_control,int2float.aig,po,11,11,fixed-025-c00,0.25,3,8,8,13674697909199175355,"{""x0"":0,""x1"":1,""x2"":0}",True,124930.0,123030.0,1.0154433877915956,110,110,129,129
epfl-random_control-int2float-po1-5d8e7b322c,random_control,int2float.aig,po,11,11,fixed-025-c01,0.25,3,8,8,4666001335020075178,"{""x0"":0,""x3"":1,""x6"":0}",True,122510.0,126545.0,0.9681141096052788,110,110,129,129
epfl-random_control-int2float-po1-5d8e7b322c,random_control,int2float.aig,po,11,11,fixed-025-c02,0.25,3,8,8,18235638767934612632,"{""x2"":0,""x7"":1,""x9"":1}",True,125930.0,123785.0,1.0173284323625642,110,110,129,129
epfl-random_control-int2float-po1-5d8e7b322c,random_control,int2float.aig,po,11,11,fixed-025-c03,0.25,3,8,8,3573816688301354905,"{""x10"":0,""x4"":0,""x8"":0}",True,125635.0,130380.0,0.9636063813468323,110,110,129,129
epfl-random_control-int2float-po1-5d8e7b322c,random_control,int2float.aig,po,11,11,fixed-050-c00,0.5,6,5,5,15511448779946153794,"{""x0"":1,""x10"":0,""x3"":1,""x5"":0,""x8"":0,""x9"":1}",True,30285.0,30360.0,0.9975296442687747,110,110,129,129
epfl-random_control-int2float-po1-5d8e7b322c,random_control,int2float.aig,po,11,11,fixed-050-c01,0.5,6,5,5,14129515797105586418,"{""x3"":0,""x4"":1,""x5"":1,""x6"":0,""x8"":0,""x9"":0}",True,31260.0,31035.0,1.0072498791686806,110,110,129,129
epfl-random_control-int2float-po1-5d8e7b322c,random_control,int2float.aig,po,11,11,fixed-050-c02,0.5,6,5,5,5676817105847053806,"{""x1"":0,""x10"":1,""x2"":0,""x3"":0,""x6"":0,""x8"":1}",True,31610.0,33410.0,0.9461239149955103,110,110,129,129
epfl-random_control-int2float-po1-5d8e7b322c,random_control,int2float.aig,po,11,11,fixed-050-c03,0.5,6,5,5,18354307533683328617,"{""x0"":0,""x1"":0,""x10"":0,""x2"":1,""x4"":0,""x6"":1}",True,31290.0,30775.0,1.0167343623070675,110,110,129,129
epfl-random_control-int2float-po1-5d8e7b322c,random_control,int2float.aig,po,11,11,fixed-075-c00,0.75,8,3,3,3760479069862877323,"{""x0"":1,""x10"":0,""x2"":0,""x3"":1,""x6"":0,""x7"":1,""x8"":0,""x9"":1}",True,26205.0,26570.0,0.9862627022958224,110,110,129,129
epfl-random_control-int2float-po1-5d8e7b322c,random_control,int2float.aig,po,11,11,fixed-075-c01,0.75,8,3,3,2542966723408244758,"{""x1"":1,""x10"":1,""x2"":1,""x3"":0,""x5"":1,""x6"":1,""x7"":1,""x9"":0}",True,29995.0,26370.0,1.1374668183541903,110,110,129,129
epfl-random_control-int2float-po1-5d8e7b322c,random_control,int2float.aig,po,11,11,fixed-075-c02,0.75,8,3,3,4630853615684678876,"{""x0"":1,""x1"":1,""x2"":0,""x3"":1,""x4"":0,""x7"":0,""x8"":0,""x9"":1}",True,26055.0,26060.0,0.9998081350729087,110,110,129,129
epfl-random_control-int2float-po1-5d8e7b322c,random_control,int2float.aig,po,11,11,fixed-075-c03,0.75,8,3,3,29208337650121642,"{""x0"":0,""x1"":1,""x10"":1,""x3"":1,""x4"":1,""x6"":0,""x8"":0,""x9"":1}",True,26465.0,26845.0,0.9858446638107655,110,110,129,129
epfl-random_control-int2float-po2-6d30452990,random_control,int2float.aig,po,11,11,fixed-000-c00,0.0,0,11,11,,{},True,124155.0,126655.0,0.9802613398602503,106,106,125,125
epfl-random_control-int2float-po2-6d30452990,random_control,int2float.aig,po,11,11,fixed-025-c00,0.25,3,8,8,2127053897372809350,"{""x3"":0,""x4"":0,""x5"":1}",True,117465.0,125865.0,0.9332618281492074,106,106,125,125
epfl-random_control-int2float-po2-6d30452990,random_control,int2float.aig,po,11,11,fixed-025-c01,0.25,3,8,8,11444595299683686408,"{""x2"":0,""x7"":1,""x8"":1}",True,113855.0,109650.0,1.0383492932056544,106,106,125,125
epfl-random_control-int2float-po2-6d30452990,random_control,int2float.aig,po,11,11,fixed-025-c02,0.25,3,8,8,12561861608606462422,"{""x10"":0,""x4"":1,""x9"":1}",True,118215.0,117705.0,1.0043328660634638,106,106,125,125
epfl-random_control-int2float-po2-6d30452990,random_control,int2float.aig,po,11,11,fixed-025-c03,0.25,3,8,8,4439130303696689166,"{""x0"":0,""x6"":1,""x8"":0}",True,126805.0,118645.0,1.068776602469552,106,106,125,125
epfl-random_control-int2float-po2-6d30452990,random_control,int2float.aig,po,11,11,fixed-050-c00,0.5,6,5,5,12689214017201972572,"{""x0"":1,""x2"":1,""x3"":0,""x7"":0,""x8"":0,""x9"":1}",True,29170.0,31835.0,0.9162871053871525,106,106,125,125
epfl-random_control-int2float-po2-6d30452990,random_control,int2float.aig,po,11,11,fixed-050-c01,0.5,6,5,5,14714978454632987048,"{""x1"":1,""x10"":0,""x5"":0,""x6"":0,""x7"":1,""x8"":0}",True,30025.0,29475.0,1.0186598812553012,106,106,125,125
epfl-random_control-int2float-po2-6d30452990,random_control,int2float.aig,po,11,11,fixed-050-c02,0.5,6,5,5,6366904743604304729,"{""x3"":1,""x4"":1,""x5"":0,""x6"":1,""x8"":0,""x9"":0}",True,31030.0,29735.0,1.0435513704388768,106,106,125,125
epfl-random_control-int2float-po2-6d30452990,random_control,int2float.aig,po,11,11,fixed-050-c03,0.5,6,5,5,1329947998112159223,"{""x1"":1,""x10"":0,""x4"":0,""x6"":1,""x7"":0,""x9"":0}",True,30270.0,29860.0,1.0137307434695244,106,106,125,125
epfl-random_control-int2float-po2-6d30452990,random_control,int2float.aig,po,11,11,fixed-075-c00,0.75,8,3,3,6485993150713911340,"{""x0"":1,""x10"":1,""x3"":0,""x5"":1,""x6"":0,""x7"":0,""x8"":1,""x9"":1}",True,25035.0,25805.0,0.970160821546212,106,106,125,125
epfl-random_control-int2float-po2-6d30452990,random_control,int2float.aig,po,11,11,fixed-075-c01,0.75,8,3,3,13927125548473141598,"{""x0"":1,""x1"":0,""x10"":1,""x2"":1,""x4"":1,""x6"":1,""x7"":1,""x9"":0}",True,25455.0,26315.0,0.9673190195705871,106,106,125,125
epfl-random_control-int2float-po2-6d30452990,random_control,int2float.aig,po,11,11,fixed-075-c02,0.75,8,3,3,1027851286533528997,"{""x0"":0,""x10"":1,""x2"":1,""x3"":1,""x5"":1,""x6"":0,""x8"":1,""x9"":1}",True,29020.0,25460.0,1.1398271798900235,106,106,125,125
epfl-random_control-int2float-po2-6d30452990,random_control,int2float.aig,po,11,11,fixed-075-c03,0.75,8,3,3,16522067105154152833,"{""x0"":0,""x10"":0,""x2"":1,""x3"":0,""x4"":1,""x6"":1,""x7"":1,""x9"":1}",True,25255.0,25350.0,0.9962524654832348,106,106,125,125
epfl-random_control-int2float-po3-15980bb2bc,random_control,int2float.aig,po,9,9,fixed-000-c00,0.0,0,9,9,,{},True,23945.0,24325.0,0.9843782117163412,17,17,26,26
epfl-random_control-int2float-po3-15980bb2bc,random_control,int2float.aig,po,9,9,fixed-025-c00,0.25,2,7,7,524030583231843144,"{""x0"":0,""x8"":0}",True,24320.0,25120.0,0.9681528662420382,17,17,26,26
epfl-random_control-int2float-po3-15980bb2bc,random_control,int2float.aig,po,9,9,fixed-025-c01,0.25,2,7,7,15169159546500378240,"{""x0"":0,""x1"":1}",True,23710.0,23760.0,0.997895622895623,17,17,26,26
epfl-random_control-int2float-po3-15980bb2bc,random_control,int2float.aig,po,9,9,fixed-025-c02,0.25,2,7,7,8580496514636318999,"{""x2"":1,""x3"":0}",True,23995.0,23890.0,1.004395144411888,17,17,26,26
epfl-random_control-int2float-po3-15980bb2bc,random_control,int2float.aig,po,9,9,fixed-025-c03,0.25,2,7,7,18058418638862692392,"{""x2"":0,""x3"":1}",True,24400.0,23355.0,1.0447441661314494,17,17,26,26
epfl-random_control-int2float-po3-15980bb2bc,random_control,int2float.aig,po,9,9,fixed-050-c00,0.5,4,5,5,17262840281540376475,"{""x2"":0,""x5"":1,""x7"":0,""x8"":0}",True,6220.0,6390.0,0.97339593114241,17,17,26,26
epfl-random_control-int2float-po3-15980bb2bc,random_control,int2float.aig,po,9,9,fixed-050-c01,0.5,4,5,5,16842709958211166201,"{""x3"":0,""x5"":1,""x7"":0,""x8"":0}",True,6630.0,6195.0,1.0702179176755449,17,17,26,26
epfl-random_control-int2float-po3-15980bb2bc,random_control,int2float.aig,po,9,9,fixed-050-c02,0.5,4,5,5,14684427645878198501,"{""x2"":1,""x3"":1,""x5"":1,""x6"":1}",True,6355.0,6350.0,1.000787401574803,17,17,26,26
epfl-random_control-int2float-po3-15980bb2bc,random_control,int2float.aig,po,9,9,fixed-050-c03,0.5,4,5,5,5792460886871556124,"{""x0"":1,""x4"":0,""x6"":0,""x7"":1}",True,6240.0,6230.0,1.0016051364365972,17,17,26,26
epfl-random_control-int2float-po3-15980bb2bc,random_control,int2float.aig,po,9,9,fixed-075-c00,0.75,7,2,2,3378088647991583242,"{""x0"":1,""x2"":1,""x3"":0,""x4"":0,""x5"":1,""x6"":1,""x8"":1}",True,5945.0,6035.0,0.9850869925434963,17,17,26,26
epfl-random_control-int2float-po3-15980bb2bc,random_control,int2float.aig,po,9,9,fixed-075-c01,0.75,7,2,2,7866642048620342146,"{""x0"":1,""x1"":1,""x2"":0,""x3"":1,""x5"":0,""x7"":0,""x8"":0}",True,5770.0,5725.0,1.0078602620087336,17,17,26,26
epfl-random_control-int2float-po3-15980bb2bc,random_control,int2float.aig,po,9,9,fixed-075-c02,0.75,7,2,2,2907841194316396333,"{""x0"":0,""x1"":0,""x3"":0,""x4"":0,""x5"":1,""x7"":0,""x8"":0}",True,5645.0,5610.0,1.0062388591800357,17,17,26,26
epfl-random_control-int2float-po3-15980bb2bc,random_control,int2float.aig,po,9,9,fixed-075-c03,0.75,7,2,2,18009937267833070183,"{""x0"":0,""x2"":0,""x3"":1,""x4"":1,""x6"":0,""x7"":0,""x8"":1}",True,5750.0,5705.0,1.0078878177037687,17,17,26,26
epfl-random_control-int2float-po4-f28975a467,random_control,int2float.aig,po,11,11,fixed-000-c00,0.0,0,11,11,,{},True,66810.0,67785.0,0.9856162867891126,54,54,68,68
epfl-random_control-int2float-po4-f28975a467,random_control,int2float.aig,po,11,11,fixed-025-c00,0.25,3,8,8,16274039341843170730,"{""x3"":0,""x4"":0,""x9"":1}",True,63890.0,66290.0,0.9637954442600694,54,54,68,68
epfl-random_control-int2float-po4-f28975a467,random_control,int2float.aig,po,11,11,fixed-025-c01,0.25,3,8,8,568284225102630514,"{""x10"":0,""x6"":1,""x7"":0}",True,66990.0,66155.0,1.0126218728743104,54,54,68,68
epfl-random_control-int2float-po4-f28975a467,random_control,int2float.aig,po,11,11,fixed-025-c02,0.25,3,8,8,16496946615932756,"{""x3"":0,""x4"":1,""x8"":0}",True,64635.0,69095.0,0.9354511903900427,54,54,68,68
epfl-random_control-int2float-po4-f28975a467,random_control,int2float.aig,po,11,11,fixed-025-c03,0.25,3,8,8,2283784857432329006,"{""x1"":1,""x10"":0,""x3"":1}",True,63570.0,65410.0,0.9718697446873567,54,54,68,68
epfl-random_control-int2float-po4-f28975a467,random_control,int2float.aig,po,11,11,fixed-050-c00,0.5,6,5,5,6457987660858356853,"{""x0"":1,""x2"":1,""x3"":0,""x5"":0,""x6"":0,""x8"":0}",True,16685.0,17110.0,0.9751607247223846,54,54,68,68
epfl-random_control-int2float-po4-f28975a467,random_control,int2float.aig,po,11,11,fixed-050-c01,0.5,6,5,5,10574504361897193332,"{""x0"":0,""x10"":1,""x3"":1,""x5"":0,""x7"":1,""x8"":1}",True,16915.0,17290.0,0.9783111625216888,54,54,68,68
epfl-random_control-int2float-po4-f28975a467,random_control,int2float.aig,po,11,11,fixed-050-c02,0.5,6,5,5,12276210569969876653,"{""x0"":1,""x1"":0,""x10"":0,""x2"":1,""x4"":0,""x7"":1}",True,16675.0,17525.0,0.9514978601997147,54,54,68,68
epfl-random_control-int2float-po4-f28975a467,random_control,int2float.aig,po,11,11,fixed-050-c03,0.5,6,5,5,18060973418153355513,"{""x1"":0,""x3"":1,""x5"":1,""x6"":0,""x7"":0,""x9"":1}",True,16870.0,17000.0,0.9923529411764705,54,54,68,68
epfl-random_control-int2float-po4-f28975a467,random_control,int2float.aig,po,11,11,fixed-075-c00,0.75,8,3,3,11397303849207061233,"{""x10"":0,""x2"":0,""x4"":1,""x5"":0,""x6"":1,""x7"":0,""x8"":1,""x9"":1}",True,14235.0,13910.0,1.0233644859813085,54,54,68,68
epfl-random_control-int2float-po4-f28975a467,random_control,int2float.aig,po,11,11,fixed-075-c01,0.75,8,3,3,1610855533026624323,"{""x0"":0,""x10"":1,""x2"":1,""x3"":0,""x4"":1,""x6"":1,""x8"":0,""x9"":1}",True,14815.0,14265.0,1.0385559060637926,54,54,68,68
epfl-random_control-int2float-po4-f28975a467,random_control,int2float.aig,po,11,11,fixed-075-c02,0.75,8,3,3,17905141226919361209,"{""x1"":1,""x10"":1,""x2"":0,""x4"":1,""x6"":0,""x7"":1,""x8"":1,""x9"":1}",True,13895.0,13960.0,0.9953438395415473,54,54,68,68
epfl-random_control-int2float-po4-f28975a467,random_control,int2float.aig,po,11,11,fixed-075-c03,0.75,8,3,3,3174248333250498725,"{""x0"":1,""x1"":0,""x10"":0,""x2"":1,""x5"":1,""x6"":0,""x7"":0,""x9"":0}",True,13860.0,14380.0,0.9638386648122392,54,54,68,68
epfl-random_control-int2float-po5-b67636a98e,random_control,int2float.aig,po,11,11,fixed-000-c00,0.0,0,11,11,,{},True,43380.0,41940.0,1.0343347639484979,32,32,44,44
epfl-random_control-int2float-po5-b67636a98e,random_control,int2float.aig,po,11,11,fixed-025-c00,0.25,3,8,8,18175866881315347220,"{""x0"":1,""x1"":1,""x6"":0}",True,42680.0,44330.0,0.9627791563275434,32,32,44,44
epfl-random_control-int2float-po5-b67636a98e,random_control,int2float.aig,po,11,11,fixed-025-c01,0.25,3,8,8,11587721322929159692,"{""x0"":0,""x1"":1,""x6"":1}",True,41965.0,43100.0,0.9736658932714617,32,32,44,44
epfl-random_control-int2float-po5-b67636a98e,random_control,int2float.aig,po,11,11,fixed-025-c02,0.25,3,8,8,13538959545153221043,"{""x0"":1,""x1"":0,""x2"":0}",True,42985.0,43490.0,0.9883881352034951,32,32,44,44
epfl-random_control-int2float-po5-b67636a98e,random_control,int2float.aig,po,11,11,fixed-025-c03,0.25,3,8,8,6226222048885625539,"{""x5"":1,""x8"":0,""x9"":1}",True,42575.0,44045.0,0.9666250425700987,32,32,44,44
epfl-random_control-int2float-po5-b67636a98e,random_control,int2float.aig,po,11,11,fixed-050-c00,0.5,6,5,5,10045689624471838819,"{""x10"":1,""x2"":0,""x4"":1,""x5"":1,""x7"":0,""x9"":0}",True,10375.0,10490.0,0.9890371782650142,32,32,44,44
epfl-random_control-int2float-po5-b67636a98e,random_control,int2float.aig,po,11,11,fixed-050-c01,0.5,6,5,5,1831152143325650642,"{""x1"":0,""x4"":1,""x6"":1,""x7"":1,""x8"":0,""x9"":1}",True,10700.0,10515.0,1.0175939134569663,32,32,44,44
epfl-random_control-int2float-po5-b67636a98e,random_control,int2float.aig,po,11,11,fixed-050-c02,0.5,6,5,5,6453523083913425496,"{""x0"":0,""x1"":1,""x10"":0,""x6"":1,""x7"":0,""x9"":1}",True,10820.0,11125.0,0.9725842696629213,32,32,44,44
epfl-random_control-int2float-po5-b67636a98e,random_control,int2float.aig,po,11,11,fixed-050-c03,0.5,6,5,5,13183050101372773809,"{""x1"":1,""x2"":0,""x3"":1,""x4"":1,""x6"":0,""x7"":0}",True,10645.0,10465.0,1.0172001911132347,32,32,44,44
epfl-random_control-int2float-po5-b67636a98e,random_control,int2float.aig,po,11,11,fixed-075-c00,0.75,8,3,3,5644700329993800364,"{""x0"":1,""x10"":0,""x2"":0,""x3"":1,""x4"":1,""x6"":1,""x7"":1,""x8"":0}",True,9455.0,9435.0,1.0021197668256492,32,32,44,44
epfl-random_control-int2float-po5-b67636a98e,random_control,int2float.aig,po,11,11,fixed-075-c01,0.75,8,3,3,12819832114497978453,"{""x10"":0,""x2"":0,""x3"":1,""x4"":0,""x5"":0,""x7"":1,""x8"":0,""x9"":1}",True,9435.0,9350.0,1.009090909090909,32,32,44,44
epfl-random_control-int2float-po5-b67636a98e,random_control,int2float.aig,po,11,11,fixed-075-c02,0.75,8,3,3,5624292186691338621,"{""x0"":0,""x10"":0,""x2"":0,""x3"":1,""x6"":0,""x7"":0,""x8"":0,""x9"":0}",True,9400.0,9585.0,0.980699008868023,32,32,44,44
epfl-random_control-int2float-po5-b67636a98e,random_control,int2float.aig,po,11,11,fixed-075-c03,0.75,8,3,3,6721614473625260231,"{""x1"":1,""x10"":1,""x3"":0,""x4"":1,""x5"":1,""x6"":0,""x7"":0,""x8"":1}",True,10825.0,9450.0,1.1455026455026456,32,32,44,44
epfl-random_control-int2float-po6-f3b25f4977,random_control,int2float.aig,po,9,9,fixed-000-c00,0.0,0,9,9,,{},True,13885.0,13220.0,1.050302571860817,8,8,14,14
epfl-random_control-int2float-po6-f3b25f4977,random_control,int2float.aig,po,9,9,fixed-025-c00,0.25,2,7,7,8747073399108719078,"{""x0"":1,""x8"":1}",True,14005.0,13490.0,1.0381764269829503,8,8,14,14
epfl-random_control-int2float-po6-f3b25f4977,random_control,int2float.aig,po,9,9,fixed-025-c01,0.25,2,7,7,14899172000276440499,"{""x1"":0,""x4"":0}",True,14385.0,13510.0,1.0647668393782384,8,8,14,14
epfl-random_control-int2float-po6-f3b25f4977,random_control,int2float.aig,po,9,9,fixed-025-c02,0.25,2,7,7,14769193967255812517,"{""x0"":0,""x4"":0}",True,13215.0,13125.0,1.006857142857143,8,8,14,14
epfl-random_control-int2float-po6-f3b25f4977,random_control,int2float.aig,po,9,9,fixed-025-c03,0.25,2,7,7,11393047242485046572,"{""x3"":0,""x7"":0}",True,13100.0,13140.0,0.9969558599695586,8,8,14,14
epfl-random_control-int2float-po6-f3b25f4977,random_control,int2float.aig,po,9,9,fixed-050-c00,0.5,4,5,5,14835792579028051111,"{""x0"":0,""x1"":1,""x5"":1,""x7"":0}",True,4005.0,4025.0,0.9950310559006211,8,8,14,14
epfl-random_control-int2float-po6-f3b25f4977,random_control,int2float.aig,po,9,9,fixed-050-c01,0.5,4,5,5,13596339022722167414,"{""x2"":1,""x3"":1,""x4"":0,""x8"":0}",True,3880.0,3915.0,0.9910600255427842,8,8,14,14
epfl-random_control-int2float-po6-f3b25f4977,random_control,int2float.aig,po,9,9,fixed-050-c02,0.5,4,5,5,16623053959846543012,"{""x0"":0,""x3"":0,""x4"":1,""x7"":0}",True,3850.0,3780.0,1.0185185185185186,8,8,14,14
epfl-random_control-int2float-po6-f3b25f4977,random_control,int2float.aig,po,9,9,fixed-050-c03,0.5,4,5,5,247110275572300360,"{""x0"":1,""x2"":1,""x6"":1,""x8"":1}",True,3955.0,3925.0,1.0076433121019108,8,8,14,14
epfl-random_control-int2float-po6-f3b25f4977,random_control,int2float.aig,po,9,9,fixed-075-c00,0.75,7,2,2,4567893311571861540,"{""x2"":0,""x3"":1,""x4"":1,""x5"":0,""x6"":1,""x7"":0,""x8"":1}",True,3790.0,3840.0,0.9869791666666666,8,8,14,14
epfl-random_control-int2float-po6-f3b25f4977,random_control,int2float.aig,po,9,9,fixed-075-c01,0.75,7,2,2,14318630819773010666,"{""x0"":1,""x1"":0,""x2"":0,""x3"":1,""x4"":0,""x5"":1,""x7"":0}",True,3795.0,3990.0,0.9511278195488722,8,8,14,14
epfl-random_control-int2float-po6-f3b25f4977,random_control,int2float.aig,po,9,9,fixed-075-c02,0.75,7,2,2,11571903311207485023,"{""x0"":1,""x3"":0,""x4"":1,""x5"":1,""x6"":1,""x7"":0,""x8"":0}",True,3830.0,3780.0,1.0132275132275133,8,8,14,14
epfl-random_control-int2float-po6-f3b25f4977,random_control,int2float.aig,po,9,9,fixed-075-c03,0.75,7,2,2,990358064682578104,"{""x0"":0,""x1"":0,""x2"":1,""x3"":0,""x4"":0,""x6"":0,""x7"":1}",True,3735.0,3685.0,1.0135685210312075,8,8,14,14
epfl-random_control-int2float-internal25-be3b3fac1d,random_control,int2float.aig,internal,9,9,fixed-000-c00,0.0,0,9,9,,{},True,48010.0,48760.0,0.9846185397867104,46,46,53,53
epfl-random_control-int2float-internal25-be3b3fac1d,random_control,int2float.aig,internal,9,9,fixed-025-c00,0.25,2,7,7,2356353953710927947,"{""x0"":1,""x7"":1}",True,49845.0,51115.0,0.9751540643646679,46,46,53,53
epfl-random_control-int2float-internal25-be3b3fac1d,random_control,int2float.aig,internal,9,9,fixed-025-c01,0.25,2,7,7,15176275433854872618,"{""x0"":0,""x6"":0}",True,51385.0,53430.0,0.9617256223095639,46,46,53,53
epfl-random_control-int2float-internal25-be3b3fac1d,random_control,int2float.aig,internal,9,9,fixed-025-c02,0.25,2,7,7,8980104863446609820,"{""x3"":1,""x8"":0}",True,50260.0,50630.0,0.9926920797945882,46,46,53,53
epfl-random_control-int2float-internal25-be3b3fac1d,random_control,int2float.aig,internal,9,9,fixed-025-c03,0.25,2,7,7,11146584859731426145,"{""x5"":0,""x7"":1}",True,49100.0,49325.0,0.9954384186517993,46,46,53,53
epfl-random_control-int2float-internal25-be3b3fac1d,random_control,int2float.aig,internal,9,9,fixed-050-c00,0.5,4,5,5,8789892449098907921,"{""x0"":0,""x1"":1,""x6"":1,""x7"":0}",True,12705.0,13025.0,0.9754318618042227,46,46,53,53
epfl-random_control-int2float-internal25-be3b3fac1d,random_control,int2float.aig,internal,9,9,fixed-050-c01,0.5,4,5,5,8623331459470411804,"{""x0"":1,""x1"":1,""x6"":1,""x7"":1}",True,13060.0,13650.0,0.9567765567765568,46,46,53,53
epfl-random_control-int2float-internal25-be3b3fac1d,random_control,int2float.aig,internal,9,9,fixed-050-c02,0.5,4,5,5,16354739482789559233,"{""x2"":1,""x4"":0,""x5"":1,""x6"":0}",True,13465.0,12910.0,1.0429899302865995,46,46,53,53
epfl-random_control-int2float-internal25-be3b3fac1d,random_control,int2float.aig,internal,9,9,fixed-050-c03,0.5,4,5,5,12709349530463346165,"{""x0"":0,""x2"":1,""x4"":1,""x8"":1}",True,13305.0,13880.0,0.9585734870317003,46,46,53,53
epfl-random_control-int2float-internal25-be3b3fac1d,random_control,int2float.aig,internal,9,9,fixed-075-c00,0.75,7,2,2,11537843621209234783,"{""x0"":0,""x1"":1,""x4"":1,""x5"":1,""x6"":1,""x7"":1,""x8"":1}",True,11685.0,11785.0,0.9915146372507425,46,46,53,53
epfl-random_control-int2float-internal25-be3b3fac1d,random_control,int2float.aig,internal,9,9,fixed-075-c01,0.75,7,2,2,4146515538640862953,"{""x0"":1,""x1"":0,""x2"":0,""x3"":0,""x4"":1,""x5"":0,""x8"":1}",True,12280.0,13435.0,0.9140305173055452,46,46,53,53
epfl-random_control-int2float-internal25-be3b3fac1d,random_control,int2float.aig,internal,9,9,fixed-075-c02,0.75,7,2,2,16219295492001358872,"{""x0"":0,""x2"":0,""x3"":1,""x5"":0,""x6"":1,""x7"":1,""x8"":0}",True,11710.0,12170.0,0.9622021364009861,46,46,53,53
epfl-random_control-int2float-internal25-be3b3fac1d,random_control,int2float.aig,internal,9,9,fixed-075-c03,0.75,7,2,2,158788941834676069,"{""x0"":0,""x1"":1,""x3"":1,""x4"":0,""x5"":0,""x6"":0,""x7"":0}",True,11585.0,11625.0,0.9965591397849463,46,46,53,53
epfl-random_control-mem_ctrl-po614-b0a54afe66,random_control,mem_ctrl.aig,po,13,13,fixed-000-c00,0.0,0,13,13,,{},True,49695.0,50845.0,0.9773822401416068,40,40,46,46
epfl-random_control-mem_ctrl-po614-b0a54afe66,random_control,mem_ctrl.aig,po,13,13,fixed-025-c00,0.25,3,10,10,6117434583208887332,"{""x11"":0,""x2"":1,""x7"":0}",True,51705.0,54200.0,0.9539667896678967,40,40,46,46
epfl-random_control-mem_ctrl-po614-b0a54afe66,random_control,mem_ctrl.aig,po,13,13,fixed-025-c01,0.25,3,10,10,4842188355461653998,"{""x12"":0,""x3"":1,""x4"":1}",True,83255.0,80015.0,1.040492407673561,40,40,46,46
epfl-random_control-mem_ctrl-po614-b0a54afe66,random_control,mem_ctrl.aig,po,13,13,fixed-025-c02,0.25,3,10,10,3687752854577015877,"{""x2"":1,""x3"":0,""x9"":1}",True,74500.0,74685.0,0.9975229296378122,40,40,46,46
epfl-random_control-mem_ctrl-po614-b0a54afe66,random_control,mem_ctrl.aig,po,13,13,fixed-025-c03,0.25,3,10,10,11559905288311830768,"{""x12"":0,""x3"":1,""x5"":0}",True,74400.0,74190.0,1.0028305701577032,40,40,46,46
epfl-random_control-mem_ctrl-po614-b0a54afe66,random_control,mem_ctrl.aig,po,13,13,fixed-050-c00,0.5,6,7,7,9336715978733985226,"{""x10"":0,""x11"":0,""x2"":1,""x3"":1,""x5"":0,""x8"":0}",True,48150.0,47730.0,1.0087994971715901,40,40,46,46
epfl-random_control-mem_ctrl-po614-b0a54afe66,random_control,mem_ctrl.aig,po,13,13,fixed-050-c01,0.5,6,7,7,2992156992017060961,"{""x10"":1,""x11"":1,""x12"":0,""x3"":1,""x4"":1,""x8"":0}",True,46280.0,51400.0,0.9003891050583658,40,40,46,46
epfl-random_control-mem_ctrl-po614-b0a54afe66,random_control,mem_ctrl.aig,po,13,13,fixed-050-c02,0.5,6,7,7,10240052670692353228,"{""x0"":1,""x1"":1,""x10"":1,""x2"":0,""x4"":1,""x9"":0}",True,49730.0,48070.0,1.0345329727480757,40,40,46,46
epfl-random_control-mem_ctrl-po614-b0a54afe66,random_control,mem_ctrl.aig,po,13,13,fixed-050-c03,0.5,6,7,7,8941462008099587949,"{""x10"":0,""x11"":0,""x12"":1,""x2"":0,""x5"":1,""x9"":0}",True,78505.0,78945.0,0.9944264994616505,40,40,46,46
epfl-random_control-mem_ctrl-po614-b0a54afe66,random_control,mem_ctrl.aig,po,13,13,fixed-075-c00,0.75,10,3,3,3528249003621404196,"{""x0"":0,""x10"":1,""x11"":1,""x12"":1,""x3"":1,""x4"":0,""x6"":0,""x7"":1,""x8"":0,""x9"":1}",True,10900.0,10940.0,0.9963436928702011,40,40,46,46
epfl-random_control-mem_ctrl-po614-b0a54afe66,random_control,mem_ctrl.aig,po,13,13,fixed-075-c01,0.75,10,3,3,8753881066353899992,"{""x0"":0,""x1"":1,""x10"":0,""x12"":0,""x3"":1,""x5"":1,""x6"":0,""x7"":0,""x8"":1,""x9"":0}",True,12790.0,10965.0,1.166438668490652,40,40,46,46
epfl-random_control-mem_ctrl-po614-b0a54afe66,random_control,mem_ctrl.aig,po,13,13,fixed-075-c02,0.75,10,3,3,17268894695908438618,"{""x0"":1,""x1"":0,""x10"":1,""x12"":0,""x3"":1,""x5"":1,""x6"":1,""x7"":1,""x8"":1,""x9"":0}",True,11295.0,11580.0,0.9753886010362695,40,40,46,46
epfl-random_control-mem_ctrl-po614-b0a54afe66,random_control,mem_ctrl.aig,po,13,13,fixed-075-c03,0.75,10,3,3,15433891263516049260,"{""x0"":1,""x1"":0,""x10"":1,""x12"":1,""x2"":1,""x3"":1,""x4"":1,""x5"":1,""x6"":1,""x9"":0}",True,11925.0,11140.0,1.0704667863554758,40,40,46,46
epfl-random_control-mem_ctrl-po622-b73ccd172a,random_control,mem_ctrl.aig,po,16,16,fixed-000-c00,0.0,0,16,16,,{},True,176490.0,173865.0,1.0150979208006212,79,79,95,95
epfl-random_control-mem_ctrl-po622-b73ccd172a,random_control,mem_ctrl.aig,po,16,16,fixed-025-c00,0.25,4,12,12,3289793466056927408,"{""x1"":0,""x11"":0,""x13"":1,""x9"":1}",True,103900.0,105625.0,0.9836686390532544,79,79,95,95
epfl-random_control-mem_ctrl-po622-b73ccd172a,random_control,mem_ctrl.aig,po,16,16,fixed-025-c01,0.25,4,12,12,10229090057699563081,"{""x14"":0,""x5"":0,""x6"":0,""x9"":0}",True,96600.0,96505.0,1.0009844049531111,79,79,95,95
epfl-random_control-mem_ctrl-po622-b73ccd172a,random_control,mem_ctrl.aig,po,16,16,fixed-025-c02,0.25,4,12,12,10507694688151336033,"{""x13"":0,""x2"":0,""x5"":0,""x8"":1}",True,119720.0,142725.0,0.8388159047118585,79,79,95,95
epfl-random_control-mem_ctrl-po622-b73ccd172a,random_control,mem_ctrl.aig,po,16,16,fixed-025-c03,0.25,4,12,12,5521189635575974765,"{""x1"":1,""x12"":0,""x2"":1,""x5"":0}",True,215885.0,211690.0,1.019816713118239,79,79,95,95
epfl-random_control-mem_ctrl-po622-b73ccd172a,random_control,mem_ctrl.aig,po,16,16,fixed-050-c00,0.5,8,8,8,7547764254030789222,"{""x11"":1,""x13"":0,""x14"":1,""x2"":1,""x3"":0,""x5"":0,""x6"":0,""x9"":0}",True,89405.0,88645.0,1.0085735236053923,79,79,95,95
epfl-random_control-mem_ctrl-po622-b73ccd172a,random_control,mem_ctrl.aig,po,16,16,fixed-050-c01,0.5,8,8,8,13060818063324477467,"{""x0"":1,""x10"":1,""x12"":0,""x13"":1,""x3"":0,""x6"":1,""x7"":0,""x9"":1}",True,85920.0,89635.0,0.9585541362191108,79,79,95,95
epfl-random_control-mem_ctrl-po622-b73ccd172a,random_control,mem_ctrl.aig,po,16,16,fixed-050-c02,0.5,8,8,8,9018115355621803466,"{""x10"":0,""x13"":1,""x14"":0,""x2"":0,""x3"":1,""x4"":1,""x7"":1,""x8"":1}",True,88835.0,102670.0,0.8652478815622869,79,79,95,95
epfl-random_control-mem_ctrl-po622-b73ccd172a,random_control,mem_ctrl.aig,po,16,16,fixed-050-c03,0.5,8,8,8,17516327549122244272,"{""x0"":0,""x1"":0,""x11"":1,""x14"":1,""x15"":0,""x4"":1,""x7"":1,""x8"":1}",True,91875.0,88770.0,1.034978033119297,79,79,95,95
epfl-random_control-mem_ctrl-po622-b73ccd172a,random_control,mem_ctrl.aig,po,16,16,fixed-075-c00,0.75,12,4,4,3415880727697984302,"{""x0"":1,""x10"":0,""x11"":1,""x12"":0,""x13"":1,""x14"":1,""x15"":1,""x3"":0,""x4"":0,""x5"":1,""x6"":0,""x9"":1}",True,22945.0,20905.0,1.0975843099736906,79,79,95,95
epfl-random_control-mem_ctrl-po622-b73ccd172a,random_control,mem_ctrl.aig,po,16,16,fixed-075-c01,0.75,12,4,4,2110012985418012073,"{""x0"":0,""x1"":0,""x10"":0,""x11"":0,""x12"":0,""x13"":0,""x14"":1,""x2"":1,""x3"":0,""x6"":0,""x8"":1,""x9"":0}",True,25240.0,21150.0,1.1933806146572103,79,79,95,95
epfl-random_control-mem_ctrl-po622-b73ccd172a,random_control,mem_ctrl.aig,po,16,16,fixed-075-c02,0.75,12,4,4,14123325969283468790,"{""x0"":0,""x10"":0,""x12"":1,""x13"":1,""x15"":0,""x2"":0,""x3"":1,""x4"":1,""x5"":0,""x7"":0,""x8"":0,""x9"":0}",True,21285.0,21290.0,0.9997651479567872,79,79,95,95
epfl-random_control-mem_ctrl-po622-b73ccd172a,random_control,mem_ctrl.aig,po,16,16,fixed-075-c03,0.75,12,4,4,2770964562745611538,"{""x0"":1,""x10"":0,""x11"":0,""x13"":1,""x15"":0,""x2"":0,""x3"":1,""x4"":1,""x5"":0,""x6"":0,""x7"":0,""x9"":0}",True,20690.0,22015.0,0.9398137633431751,79,79,95,95
epfl-random_control-mem_ctrl-po623-7f80ce9c66,random_control,mem_ctrl.aig,po,16,16,fixed-000-c00,0.0,0,16,16,,{},True,181415.0,177560.0,1.0217109709394008,89,89,104,104
epfl-random_control-mem_ctrl-po623-7f80ce9c66,random_control,mem_ctrl.aig,po,16,16,fixed-025-c00,0.25,4,12,12,12317670723097576350,"{""x15"":0,""x5"":1,""x6"":1,""x8"":0}",True,101240.0,104155.0,0.9720128654409294,89,89,104,104
epfl-random_control-mem_ctrl-po623-7f80ce9c66,random_control,mem_ctrl.aig,po,16,16,fixed-025-c01,0.25,4,12,12,7203863729383143509,"{""x1"":1,""x15"":1,""x6"":1,""x8"":1}",True,107080.0,110165.0,0.9719965506286026,89,89,104,104
epfl-random_control-mem_ctrl-po623-7f80ce9c66,random_control,mem_ctrl.aig,po,16,16,fixed-025-c02,0.25,4,12,12,5527484753512076227,"{""x13"":1,""x4"":0,""x6"":1,""x7"":0}",True,101575.0,102430.0,0.9916528360831788,89,89,104,104
epfl-random_control-mem_ctrl-po623-7f80ce9c66,random_control,mem_ctrl.aig,po,16,16,fixed-025-c03,0.25,4,12,12,7004605224524751827,"{""x13"":0,""x2"":0,""x4"":1,""x5"":1}",True,98855.0,103530.0,0.9548440065681445,89,89,104,104
epfl-random_control-mem_ctrl-po623-7f80ce9c66,random_control,mem_ctrl.aig,po,16,16,fixed-050-c00,0.5,8,8,8,6494456134521735070,"{""x10"":0,""x12"":0,""x13"":1,""x3"":0,""x5"":1,""x6"":0,""x8"":1,""x9"":0}",True,101120.0,100495.0,1.0062192148863127,89,89,104,104
epfl-random_control-mem_ctrl-po623-7f80ce9c66,random_control,mem_ctrl.aig,po,16,16,fixed-050-c01,0.5,8,8,8,17281837777962614491,"{""x0"":1,""x10"":0,""x11"":0,""x14"":1,""x15"":0,""x7"":1,""x8"":1,""x9"":0}",True,98435.0,98060.0,1.0038241892718744,89,89,104,104
epfl-random_control-mem_ctrl-po623-7f80ce9c66,random_control,mem_ctrl.aig,po,16,16,fixed-050-c02,0.5,8,8,8,1829147154116644506,"{""x11"":1,""x2"":1,""x3"":0,""x4"":0,""x5"":0,""x7"":0,""x8"":0,""x9"":0}",True,98090.0,99360.0,0.9872181964573269,89,89,104,104
epfl-random_control-mem_ctrl-po623-7f80ce9c66,random_control,mem_ctrl.aig,po,16,16,fixed-050-c03,0.5,8,8,8,17793322773905337284,"{""x10"":0,""x11"":1,""x12"":0,""x14"":0,""x5"":1,""x6"":0,""x7"":1,""x8"":1}",True,96265.0,100775.0,0.955246837013148,89,89,104,104
epfl-random_control-mem_ctrl-po623-7f80ce9c66,random_control,mem_ctrl.aig,po,16,16,fixed-075-c00,0.75,12,4,4,15798041896996656836,"{""x1"":0,""x10"":1,""x11"":1,""x14"":0,""x15"":1,""x2"":0,""x4"":1,""x5"":1,""x6"":1,""x7"":0,""x8"":0,""x9"":1}",True,23495.0,22825.0,1.0293537787513691,89,89,104,104
epfl-random_control-mem_ctrl-po623-7f80ce9c66,random_control,mem_ctrl.aig,po,16,16,fixed-075-c01,0.75,12,4,4,9030627882335404526,"{""x0"":1,""x1"":1,""x10"":0,""x11"":1,""x13"":0,""x14"":1,""x15"":1,""x4"":1,""x5"":0,""x6"":1,""x7"":1,""x9"":0}",True,22805.0,23280.0,0.9795962199312714,89,89,104,104
epfl-random_control-mem_ctrl-po623-7f80ce9c66,random_control,mem_ctrl.aig,po,16,16,fixed-075-c02,0.75,12,4,4,16228835345580256622,"{""x0"":0,""x1"":0,""x10"":0,""x12"":1,""x15"":0,""x2"":0,""x3"":0,""x5"":0,""x6"":1,""x7"":1,""x8"":1,""x9"":1}",True,26785.0,23095.0,1.1597748430396189,89,89,104,104
epfl-random_control-mem_ctrl-po623-7f80ce9c66,random_control,mem_ctrl.aig,po,16,16,fixed-075-c03,0.75,12,4,4,1637228817917796124,"{""x0"":0,""x1"":0,""x10"":1,""x11"":1,""x13"":1,""x14"":0,""x15"":1,""x4"":0,""x5"":1,""x7"":1,""x8"":0,""x9"":0}",True,23665.0,23670.0,0.9997887621461766,89,89,104,104
epfl-random_control-mem_ctrl-po627-7b4af14eba,random_control,mem_ctrl.aig,po,16,16,fixed-000-c00,0.0,0,16,16,,{},True,162810.0,162910.0,0.999386164139709,78,78,94,94
epfl-random_control-mem_ctrl-po627-7b4af14eba,random_control,mem_ctrl.aig,po,16,16,fixed-025-c00,0.25,4,12,12,15836096730821616456,"{""x1"":1,""x6"":0,""x8"":1,""x9"":0}",True,93120.0,97890.0,0.9512718357339871,78,78,94,94
epfl-random_control-mem_ctrl-po627-7b4af14eba,random_control,mem_ctrl.aig,po,16,16,fixed-025-c01,0.25,4,12,12,6596606019316512766,"{""x10"":0,""x3"":1,""x4"":1,""x9"":0}",True,96580.0,91875.0,1.0512108843537415,78,78,94,94
epfl-random_control-mem_ctrl-po627-7b4af14eba,random_control,mem_ctrl.aig,po,16,16,fixed-025-c02,0.25,4,12,12,989474652655415791,"{""x1"":1,""x10"":1,""x5"":1,""x8"":1}",True,94195.0,89810.0,1.0488252978510189,78,78,94,94
epfl-random_control-mem_ctrl-po627-7b4af14eba,random_control,mem_ctrl.aig,po,16,16,fixed-025-c03,0.25,4,12,12,3621588397960863889,"{""x10"":1,""x14"":1,""x15"":0,""x3"":1}",True,88170.0,88470.0,0.996609020006782,78,78,94,94
epfl-random_control-mem_ctrl-po627-7b4af14eba,random_control,mem_ctrl.aig,po,16,16,fixed-050-c00,0.5,8,8,8,11106980776639693343,"{""x1"":1,""x11"":1,""x12"":1,""x14"":0,""x15"":0,""x5"":0,""x6"":1,""x7"":0}",True,90200.0,85510.0,1.0548473862706116,78,78,94,94
epfl-random_control-mem_ctrl-po627-7b4af14eba,random_control,mem_ctrl.aig,po,16,16,fixed-050-c01,0.5,8,8,8,5091866966394650466,"{""x12"":0,""x14"":1,""x15"":0,""x2"":0,""x4"":0,""x5"":0,""x6"":1,""x7"":0}",True,88830.0,92355.0,0.9618320610687023,78,78,94,94
epfl-random_control-mem_ctrl-po627-7b4af14eba,random_control,mem_ctrl.aig,po,16,16,fixed-050-c02,0.5,8,8,8,17523430843196642516,"{""x0"":1,""x11"":1,""x13"":1,""x14"":0,""x15"":1,""x2"":1,""x3"":0,""x5"":1}",True,91650.0,92315.0,0.9927964036180469,78,78,94,94
epfl-random_control-mem_ctrl-po627-7b4af14eba,random_control,mem_ctrl.aig,po,16,16,fixed-050-c03,0.5,8,8,8,17720291840772744897,"{""x0"":0,""x10"":1,""x13"":1,""x14"":1,""x2"":0,""x3"":0,""x7"":1,""x9"":0}",True,91895.0,87680.0,1.0480725364963503,78,78,94,94
epfl-random_control-mem_ctrl-po627-7b4af14eba,random_control,mem_ctrl.aig,po,16,16,fixed-075-c00,0.75,12,4,4,17587465923797976045,"{""x0"":0,""x1"":1,""x10"":1,""x11"":0,""x12"":0,""x13"":1,""x14"":0,""x2"":0,""x4"":1,""x5"":0,""x7"":0,""x8"":0}",True,20015.0,20460.0,0.9782502443792767,78,78,94,94
epfl-random_control-mem_ctrl-po627-7b4af14eba,random_control,mem_ctrl.aig,po,16,16,fixed-075-c01,0.75,12,4,4,8482006795206664145,"{""x0"":1,""x1"":0,""x10"":1,""x11"":0,""x12"":0,""x13"":1,""x15"":0,""x2"":0,""x3"":0,""x5"":1,""x7"":1,""x9"":0}",True,20970.0,20750.0,1.0106024096385542,78,78,94,94
epfl-random_control-mem_ctrl-po627-7b4af14eba,random_control,mem_ctrl.aig,po,16,16,fixed-075-c02,0.75,12,4,4,6734531577225255022,"{""x1"":1,""x10"":1,""x11"":1,""x12"":0,""x13"":1,""x14"":1,""x15"":1,""x2"":0,""x3"":0,""x4"":1,""x7"":0,""x8"":1}",True,21670.0,21190.0,1.0226521944313356,78,78,94,94
epfl-random_control-mem_ctrl-po627-7b4af14eba,random_control,mem_ctrl.aig,po,16,16,fixed-075-c03,0.75,12,4,4,10287470615165995416,"{""x0"":0,""x1"":0,""x11"":0,""x12"":1,""x13"":0,""x14"":1,""x2"":0,""x3"":1,""x5"":0,""x6"":1,""x8"":1,""x9"":1}",True,21630.0,22225.0,0.9732283464566929,78,78,94,94
epfl-random_control-priority-internal17-ead80e25a7,random_control,priority.aig,internal,8,8,fixed-000-c00,0.0,0,8,8,,{},True,39450.0,41100.0,0.9598540145985401,41,41,41,41
epfl-random_control-priority-internal17-ead80e25a7,random_control,priority.aig,internal,8,8,fixed-025-c00,0.25,2,6,6,4698792656910009625,"{""x0"":1,""x4"":0}",True,42275.0,41755.0,1.0124535983714524,41,41,41,41
epfl-random_control-priority-internal17-ead80e25a7,random_control,priority.aig,internal,8,8,fixed-025-c01,0.25,2,6,6,10304736298490718989,"{""x1"":0,""x7"":1}",True,39840.0,39905.0,0.9983711314371633,41,41,41,41
epfl-random_control-priority-internal17-ead80e25a7,random_control,priority.aig,internal,8,8,fixed-025-c02,0.25,2,6,6,6030267482849897012,"{""x2"":1,""x3"":0}",True,40080.0,39895.0,1.0046371725780172,41,41,41,41
epfl-random_control-priority-internal17-ead80e25a7,random_control,priority.aig,internal,8,8,fixed-025-c03,0.25,2,6,6,13017476254170507526,"{""x0"":0,""x6"":1}",True,41225.0,42210.0,0.97666429755982,41,41,41,41
epfl-random_control-priority-internal17-ead80e25a7,random_control,priority.aig,internal,8,8,fixed-050-c00,0.5,4,4,4,3849902280694876441,"{""x0"":1,""x3"":1,""x4"":1,""x5"":1}",True,9990.0,10635.0,0.9393511988716502,41,41,41,41
epfl-random_control-priority-internal17-ead80e25a7,random_control,priority.aig,internal,8,8,fixed-050-c01,0.5,4,4,4,8853214946693678774,"{""x0"":0,""x2"":1,""x4"":0,""x7"":0}",True,11340.0,9850.0,1.1512690355329949,41,41,41,41
epfl-random_control-priority-internal17-ead80e25a7,random_control,priority.aig,internal,8,8,fixed-050-c02,0.5,4,4,4,5109135072793772322,"{""x0"":0,""x3"":0,""x4"":0,""x6"":1}",True,10195.0,10285.0,0.9912493923189111,41,41,41,41
epfl-random_control-priority-internal17-ead80e25a7,random_control,priority.aig,internal,8,8,fixed-050-c03,0.5,4,4,4,13973503962035584571,"{""x0"":0,""x2"":0,""x3"":1,""x4"":0}",True,10320.0,10250.0,1.006829268292683,41,41,41,41
epfl-random_control-priority-internal17-ead80e25a7,random_control,priority.aig,internal,8,8,fixed-075-c00,0.75,6,2,2,13228901987530427711,"{""x1"":0,""x2"":0,""x3"":1,""x4"":1,""x5"":1,""x7"":1}",True,10185.0,10125.0,1.005925925925926,41,41,41,41
epfl-random_control-priority-internal17-ead80e25a7,random_control,priority.aig,internal,8,8,fixed-075-c01,0.75,6,2,2,6836685244199964611,"{""x0"":1,""x3"":0,""x4"":1,""x5"":1,""x6"":0,""x7"":1}",True,10245.0,11940.0,0.8580402010050251,41,41,41,41
epfl-random_control-priority-internal17-ead80e25a7,random_control,priority.aig,internal,8,8,fixed-075-c02,0.75,6,2,2,3653932126539096031,"{""x0"":1,""x1"":0,""x4"":0,""x5"":0,""x6"":1,""x7"":1}",True,10205.0,10100.0,1.0103960396039604,41,41,41,41
epfl-random_control-priority-internal17-ead80e25a7,random_control,priority.aig,internal,8,8,fixed-075-c03,0.75,6,2,2,6089931008334321371,"{""x1"":0,""x2"":0,""x4"":0,""x5"":1,""x6"":1,""x7"":0}",True,10160.0,10205.0,0.9955903968642822,41,41,41,41
epfl-random_control-priority-internal33-6197962bc5,random_control,priority.aig,internal,13,13,fixed-000-c00,0.0,0,13,13,,{},True,82605.0,78645.0,1.0503528514209421,75,75,75,75
epfl-random_control-priority-internal33-6197962bc5,random_control,priority.aig,internal,13,13,fixed-025-c00,0.25,3,10,10,14168199192362646096,"{""x5"":0,""x6"":1,""x9"":0}",True,80315.0,72635.0,1.1057341502030702,75,75,75,75
epfl-random_control-priority-internal33-6197962bc5,random_control,priority.aig,internal,13,13,fixed-025-c01,0.25,3,10,10,12037332729003117243,"{""x12"":1,""x3"":0,""x5"":1}",True,74740.0,75275.0,0.9928927266688807,75,75,75,75
epfl-random_control-priority-internal33-6197962bc5,random_control,priority.aig,internal,13,13,fixed-025-c02,0.25,3,10,10,2206895951476130923,"{""x12"":1,""x4"":0,""x9"":0}",True,103590.0,75360.0,1.3746019108280254,75,75,75,75
epfl-random_control-priority-internal33-6197962bc5,random_control,priority.aig,internal,13,13,fixed-025-c03,0.25,3,10,10,8302359229451730805,"{""x1"":0,""x11"":0,""x12"":1}",True,75275.0,70715.0,1.064484197129322,75,75,75,75
epfl-random_control-priority-internal33-6197962bc5,random_control,priority.aig,internal,13,13,fixed-050-c00,0.5,6,7,7,1864795587399582207,"{""x10"":0,""x11"":0,""x2"":1,""x5"":1,""x6"":1,""x7"":0}",True,78470.0,74600.0,1.0518766756032172,75,75,75,75
epfl-random_control-priority-internal33-6197962bc5,random_control,priority.aig,internal,13,13,fixed-050-c01,0.5,6,7,7,13708318872554972035,"{""x0"":1,""x1"":0,""x12"":0,""x2"":1,""x6"":0,""x7"":1}",True,74405.0,75875.0,0.9806260296540362,75,75,75,75
epfl-random_control-priority-internal33-6197962bc5,random_control,priority.aig,internal,13,13,fixed-050-c02,0.5,6,7,7,6683454527130100006,"{""x2"":0,""x3"":1,""x4"":1,""x6"":0,""x7"":0,""x9"":0}",True,76065.0,74660.0,1.0188186445218324,75,75,75,75
epfl-random_control-priority-internal33-6197962bc5,random_control,priority.aig,internal,13,13,fixed-050-c03,0.5,6,7,7,18388166530433392536,"{""x11"":1,""x12"":1,""x2"":0,""x5"":1,""x6"":1,""x8"":1}",True,84205.0,78695.0,1.0700171548382997,75,75,75,75
epfl-random_control-priority-internal33-6197962bc5,random_control,priority.aig,internal,13,13,fixed-075-c00,0.75,10,3,3,6346615418634737004,"{""x0"":0,""x10"":0,""x11"":0,""x3"":1,""x4"":0,""x5"":1,""x6"":1,""x7"":1,""x8"":0,""x9"":1}",True,17215.0,17500.0,0.9837142857142858,75,75,75,75
epfl-random_control-priority-internal33-6197962bc5,random_control,priority.aig,internal,13,13,fixed-075-c01,0.75,10,3,3,9432990774019052844,"{""x0"":0,""x11"":0,""x12"":0,""x2"":0,""x3"":1,""x5"":0,""x6"":0,""x7"":1,""x8"":0,""x9"":1}",True,17250.0,17850.0,0.9663865546218487,75,75,75,75
epfl-random_control-priority-internal33-6197962bc5,random_control,priority.aig,internal,13,13,fixed-075-c02,0.75,10,3,3,3486902556596258174,"{""x0"":1,""x1"":1,""x10"":1,""x11"":0,""x2"":0,""x5"":0,""x6"":1,""x7"":0,""x8"":1,""x9"":0}",True,20500.0,17425.0,1.1764705882352942,75,75,75,75
epfl-random_control-priority-internal33-6197962bc5,random_control,priority.aig,internal,13,13,fixed-075-c03,0.75,10,3,3,13763278166389370794,"{""x0"":0,""x1"":1,""x10"":1,""x11"":1,""x2"":1,""x3"":0,""x4"":1,""x5"":0,""x8"":0,""x9"":1}",True,18430.0,17825.0,1.0339410939691445,75,75,75,75
epfl-random_control-priority-internal390-5c1b8c3dc3,random_control,priority.aig,internal,10,10,fixed-000-c00,0.0,0,10,10,,{},True,34545.0,34510.0,1.0010141987829615,35,35,36,36
epfl-random_control-priority-internal390-5c1b8c3dc3,random_control,priority.aig,internal,10,10,fixed-025-c00,0.25,2,8,8,8243039625735620136,"{""x5"":1,""x6"":0}",True,34435.0,34430.0,1.0001452221899507,35,35,36,36
epfl-random_control-priority-internal390-5c1b8c3dc3,random_control,priority.aig,internal,10,10,fixed-025-c01,0.25,2,8,8,4504661638855894078,"{""x0"":0,""x4"":1}",True,33695.0,35405.0,0.9517017370427906,35,35,36,36
epfl-random_control-priority-internal390-5c1b8c3dc3,random_control,priority.aig,internal,10,10,fixed-025-c02,0.25,2,8,8,7168090120721631867,"{""x7"":1,""x8"":1}",True,32665.0,32550.0,1.0035330261136712,35,35,36,36
epfl-random_control-priority-internal390-5c1b8c3dc3,random_control,priority.aig,internal,10,10,fixed-025-c03,0.25,2,8,8,11584569947423332947,"{""x3"":0,""x7"":0}",True,35990.0,33480.0,1.0749701314217444,35,35,36,36
epfl-random_control-priority-internal390-5c1b8c3dc3,random_control,priority.aig,internal,10,10,fixed-050-c00,0.5,5,5,5,11020623538044709685,"{""x0"":1,""x1"":1,""x2"":1,""x3"":1,""x8"":0}",True,10550.0,10600.0,0.9952830188679245,35,35,36,36
epfl-random_control-priority-internal390-5c1b8c3dc3,random_control,priority.aig,internal,10,10,fixed-050-c01,0.5,5,5,5,7238754788360304413,"{""x0"":0,""x1"":1,""x2"":0,""x6"":1,""x9"":1}",True,11090.0,10755.0,1.0311483031148303,35,35,36,36
epfl-random_control-priority-internal390-5c1b8c3dc3,random_control,priority.aig,internal,10,10,fixed-050-c02,0.5,5,5,5,13640238961785674189,"{""x0"":0,""x4"":0,""x6"":1,""x7"":1,""x9"":1}",True,19380.0,18835.0,1.028935492434298,35,35,36,36
epfl-random_control-priority-internal390-5c1b8c3dc3,random_control,priority.aig,internal,10,10,fixed-050-c03,0.5,5,5,5,6308382390461830616,"{""x0"":1,""x3"":1,""x5"":1,""x8"":0,""x9"":1}",True,19560.0,19780.0,0.9888776541961577,35,35,36,36
epfl-random_control-priority-internal390-5c1b8c3dc3,random_control,priority.aig,internal,10,10,fixed-075-c00,0.75,8,2,2,14588659483624695780,"{""x0"":1,""x1"":0,""x2"":1,""x4"":1,""x5"":0,""x6"":0,""x7"":1,""x9"":1}",True,11320.0,14175.0,0.7985890652557319,35,35,36,36
epfl-random_control-priority-internal390-5c1b8c3dc3,random_control,priority.aig,internal,10,10,fixed-075-c01,0.75,8,2,2,17972694895963364867,"{""x0"":1,""x1"":1,""x3"":1,""x4"":1,""x5"":0,""x6"":1,""x7"":1,""x9"":1}",True,19840.0,15215.0,1.3039763391390076,35,35,36,36
epfl-random_control-priority-internal390-5c1b8c3dc3,random_control,priority.aig,internal,10,10,fixed-075-c02,0.75,8,2,2,16689547976300789027,"{""x0"":0,""x1"":0,""x2"":1,""x3"":1,""x4"":0,""x5"":0,""x7"":1,""x9"":1}",True,10135.0,10650.0,0.9516431924882629,35,35,36,36
epfl-random_control-priority-internal390-5c1b8c3dc3,random_control,priority.aig,internal,10,10,fixed-075-c03,0.75,8,2,2,9500442536741227311,"{""x0"":0,""x1"":1,""x2"":1,""x3"":1,""x4"":1,""x5"":1,""x6"":1,""x9"":0}",True,9945.0,9920.0,1.0025201612903225,35,35,36,36
epfl-random_control-priority-internal636-78eeeb8379,random_control,priority.aig,internal,16,16,fixed-000-c00,0.0,0,16,16,,{},True,84300.0,83340.0,1.011519078473722,21,21,33,33
epfl-random_control-priority-internal636-78eeeb8379,random_control,priority.aig,internal,16,16,fixed-025-c00,0.25,4,12,12,6113128844022179188,"{""x10"":1,""x7"":0,""x8"":1,""x9"":1}",True,39685.0,48330.0,0.8211255948686116,21,21,33,33
epfl-random_control-priority-internal636-78eeeb8379,random_control,priority.aig,internal,16,16,fixed-025-c01,0.25,4,12,12,10837941365878451432,"{""x11"":1,""x12"":1,""x13"":1,""x5"":0}",True,34975.0,32090.0,1.0899033966967904,21,21,33,33
epfl-random_control-priority-internal636-78eeeb8379,random_control,priority.aig,internal,16,16,fixed-025-c02,0.25,4,12,12,2729108921945830301,"{""x14"":0,""x4"":1,""x5"":0,""x6"":0}",True,29715.0,30655.0,0.9693361604958408,21,21,33,33
epfl-random_control-priority-internal636-78eeeb8379,random_control,priority.aig,internal,16,16,fixed-025-c03,0.25,4,12,12,6801727429807123478,"{""x1"":1,""x10"":1,""x11"":1,""x3"":1}",True,29700.0,31595.0,0.9400221554043361,21,21,33,33
epfl-random_control-priority-internal636-78eeeb8379,random_control,priority.aig,internal,16,16,fixed-050-c00,0.5,8,8,8,16187584357889357762,"{""x11"":1,""x12"":1,""x14"":1,""x2"":0,""x3"":0,""x4"":1,""x6"":1,""x9"":1}",True,28510.0,28275.0,1.0083112290008842,21,21,33,33
epfl-random_control-priority-internal636-78eeeb8379,random_control,priority.aig,internal,16,16,fixed-050-c01,0.5,8,8,8,82080214945105059,"{""x0"":1,""x1"":0,""x12"":1,""x2"":0,""x3"":1,""x4"":0,""x5"":0,""x8"":1}",True,34040.0,30570.0,1.1135099771017338,21,21,33,33
epfl-random_control-priority-internal636-78eeeb8379,random_control,priority.aig,internal,16,16,fixed-050-c02,0.5,8,8,8,14252238424674697666,"{""x1"":1,""x10"":1,""x12"":1,""x2"":1,""x4"":0,""x5"":0,""x6"":0,""x9"":0}",True,28795.0,29130.0,0.9884998283556471,21,21,33,33
epfl-random_control-priority-internal636-78eeeb8379,random_control,priority.aig,internal,16,16,fixed-050-c03,0.5,8,8,8,550534612143048515,"{""x12"":0,""x13"":1,""x2"":1,""x4"":0,""x5"":0,""x6"":0,""x8"":0,""x9"":1}",True,56615.0,31700.0,1.7859621451104102,21,21,33,33
epfl-random_control-priority-internal636-78eeeb8379,random_control,priority.aig,internal,16,16,fixed-075-c00,0.75,12,4,4,11072013087199014266,"{""x0"":0,""x1"":0,""x10"":0,""x12"":1,""x14"":1,""x2"":1,""x3"":0,""x5"":1,""x6"":1,""x7"":1,""x8"":0,""x9"":0}",True,15830.0,16180.0,0.9783683559950557,21,21,33,33
epfl-random_control-priority-internal636-78eeeb8379,random_control,priority.aig,internal,16,16,fixed-075-c01,0.75,12,4,4,17615294668022417754,"{""x0"":0,""x10"":1,""x11"":1,""x12"":1,""x13"":1,""x15"":1,""x2"":0,""x5"":0,""x6"":1,""x7"":1,""x8"":1,""x9"":0}",True,8175.0,8125.0,1.0061538461538462,21,21,33,33
epfl-random_control-priority-internal636-78eeeb8379,random_control,priority.aig,internal,16,16,fixed-075-c02,0.75,12,4,4,8113906186988530781,"{""x0"":1,""x10"":0,""x11"":0,""x12"":1,""x13"":0,""x14"":0,""x15"":1,""x2"":1,""x3"":0,""x5"":0,""x6"":0,""x7"":1}",True,12395.0,12170.0,1.0184880854560394,21,21,33,33
epfl-random_control-priority-internal636-78eeeb8379,random_control,priority.aig,internal,16,16,fixed-075-c03,0.75,12,4,4,4245319993536397409,"{""x0"":0,""x11"":1,""x12"":1,""x13"":0,""x2"":1,""x3"":1,""x4"":0,""x5"":0,""x6"":1,""x7"":0,""x8"":0,""x9"":1}",True,13370.0,12535.0,1.0666134822497009,21,21,33,33
epfl-random_control-priority-internal919-8f1126a8c9,random_control,priority.aig,internal,9,9,fixed-000-c00,0.0,0,9,9,,{},True,24140.0,24310.0,0.993006993006993,10,10,17,17
epfl-random_control-priority-internal919-8f1126a8c9,random_control,priority.aig,internal,9,9,fixed-025-c00,0.25,2,7,7,9086706311628036353,"{""x3"":1,""x6"":0}",True,18540.0,18340.0,1.0109051254089423,10,10,17,17
epfl-random_control-priority-internal919-8f1126a8c9,random_control,priority.aig,internal,9,9,fixed-025-c01,0.25,2,7,7,6441611804957484005,"{""x2"":0,""x4"":1}",True,25135.0,25005.0,1.0051989602079585,10,10,17,17
epfl-random_control-priority-internal919-8f1126a8c9,random_control,priority.aig,internal,9,9,fixed-025-c02,0.25,2,7,7,7824050196446527424,"{""x1"":1,""x7"":0}",True,15705.0,15760.0,0.996510152284264,10,10,17,17
epfl-random_control-priority-internal919-8f1126a8c9,random_control,priority.aig,internal,9,9,fixed-025-c03,0.25,2,7,7,9251338246343282322,"{""x0"":0,""x5"":0}",True,24710.0,24530.0,1.0073379535262943,10,10,17,17
epfl-random_control-priority-internal919-8f1126a8c9,random_control,priority.aig,internal,9,9,fixed-050-c00,0.5,4,5,5,11261272958892156348,"{""x1"":0,""x4"":0,""x7"":0,""x8"":1}",True,7315.0,7265.0,1.0068823124569855,10,10,17,17
epfl-random_control-priority-internal919-8f1126a8c9,random_control,priority.aig,internal,9,9,fixed-050-c01,0.5,4,5,5,15942304390855729828,"{""x0"":1,""x2"":1,""x5"":0,""x7"":0}",True,7355.0,7320.0,1.0047814207650274,10,10,17,17
epfl-random_control-priority-internal919-8f1126a8c9,random_control,priority.aig,internal,9,9,fixed-050-c02,0.5,4,5,5,16788134917066387088,"{""x0"":1,""x1"":1,""x5"":0,""x7"":0}",True,7320.0,7320.0,1.0,10,10,17,17
epfl-random_control-priority-internal919-8f1126a8c9,random_control,priority.aig,internal,9,9,fixed-050-c03,0.5,4,5,5,10758744961792204697,"{""x1"":0,""x3"":1,""x5"":1,""x8"":1}",True,7335.0,7400.0,0.9912162162162163,10,10,17,17
epfl-random_control-priority-internal919-8f1126a8c9,random_control,priority.aig,internal,9,9,fixed-075-c00,0.75,7,2,2,7558127983708020430,"{""x0"":0,""x1"":0,""x2"":0,""x3"":0,""x4"":0,""x6"":1,""x7"":1}",True,4550.0,4600.0,0.9891304347826086,10,10,17,17
epfl-random_control-priority-internal919-8f1126a8c9,random_control,priority.aig,internal,9,9,fixed-075-c01,0.75,7,2,2,16314057205815560227,"{""x0"":1,""x1"":0,""x2"":0,""x3"":0,""x4"":0,""x5"":0,""x7"":0}",True,4480.0,5740.0,0.7804878048780488,10,10,17,17
epfl-random_control-priority-internal919-8f1126a8c9,random_control,priority.aig,internal,9,9,fixed-075-c02,0.75,7,2,2,2114700277630391302,"{""x0"":1,""x1"":0,""x2"":0,""x3"":1,""x4"":1,""x5"":0,""x8"":0}",True,7125.0,7120.0,1.0007022471910112,10,10,17,17
epfl-random_control-priority-internal919-8f1126a8c9,random_control,priority.aig,internal,9,9,fixed-075-c03,0.75,7,2,2,678092313974008930,"{""x0"":0,""x1"":1,""x2"":0,""x4"":0,""x6"":0,""x7"":1,""x8"":0}",True,7070.0,7080.0,0.998587570621469,10,10,17,17
epfl-random_control-router-internal19-4200fe3838,random_control,router.aig,internal,8,8,fixed-000-c00,0.0,0,8,8,,{},True,16960.0,17975.0,0.9435326842837274,14,14,16,16
epfl-random_control-router-internal19-4200fe3838,random_control,router.aig,internal,8,8,fixed-025-c00,0.25,2,6,6,12623437406848801509,"{""x4"":0,""x7"":1}",True,19655.0,20240.0,0.9710968379446641,14,14,16,16
epfl-random_control-router-internal19-4200fe3838,random_control,router.aig,internal,8,8,fixed-025-c01,0.25,2,6,6,4131831715256072749,"{""x5"":1,""x7"":0}",True,31665.0,31730.0,0.9979514654900725,14,14,16,16
epfl-random_control-router-internal19-4200fe3838,random_control,router.aig,internal,8,8,fixed-025-c02,0.25,2,6,6,4399131955854866921,"{""x3"":0,""x4"":1}",True,23410.0,20265.0,1.155193683691093,14,14,16,16
epfl-random_control-router-internal19-4200fe3838,random_control,router.aig,internal,8,8,fixed-025-c03,0.25,2,6,6,11387035936531554069,"{""x1"":0,""x3"":0}",True,32140.0,32540.0,0.9877074370006146,14,14,16,16
epfl-random_control-router-internal19-4200fe3838,random_control,router.aig,internal,8,8,fixed-050-c00,0.5,4,4,4,8240514639179237484,"{""x0"":1,""x1"":1,""x5"":1,""x7"":1}",True,5415.0,5400.0,1.0027777777777778,14,14,16,16
epfl-random_control-router-internal19-4200fe3838,random_control,router.aig,internal,8,8,fixed-050-c01,0.5,4,4,4,17397439977782165213,"{""x0"":1,""x3"":1,""x5"":1,""x6"":1}",True,5315.0,5395.0,0.9851714550509731,14,14,16,16
epfl-random_control-router-internal19-4200fe3838,random_control,router.aig,internal,8,8,fixed-050-c02,0.5,4,4,4,15412310579708144851,"{""x2"":0,""x3"":1,""x6"":0,""x7"":1}",True,5260.0,5280.0,0.9962121212121212,14,14,16,16
epfl-random_control-router-internal19-4200fe3838,random_control,router.aig,internal,8,8,fixed-050-c03,0.5,4,4,4,14591229368866707331,"{""x0"":1,""x4"":0,""x6"":1,""x7"":1}",True,5240.0,5360.0,0.9776119402985075,14,14,16,16
epfl-random_control-router-internal19-4200fe3838,random_control,router.aig,internal,8,8,fixed-075-c00,0.75,6,2,2,14486201839871070222,"{""x0"":0,""x2"":0,""x4"":0,""x5"":0,""x6"":1,""x7"":1}",True,5220.0,5180.0,1.0077220077220077,14,14,16,16
epfl-random_control-router-internal19-4200fe3838,random_control,router.aig,internal,8,8,fixed-075-c01,0.75,6,2,2,16124880163563091686,"{""x0"":0,""x3"":0,""x4"":0,""x5"":1,""x6"":0,""x7"":0}",True,5200.0,5165.0,1.0067763794772506,14,14,16,16
epfl-random_control-router-internal19-4200fe3838,random_control,router.aig,internal,8,8,fixed-075-c02,0.75,6,2,2,5515692679124965793,"{""x1"":0,""x3"":0,""x4"":1,""x5"":1,""x6"":0,""x7"":1}",True,5375.0,5305.0,1.0131950989632421,14,14,16,16
epfl-random_control-router-internal19-4200fe3838,random_control,router.aig,internal,8,8,fixed-075-c03,0.75,6,2,2,11160618776321129091,"{""x0"":1,""x1"":1,""x2"":1,""x3"":1,""x4"":1,""x5"":1}",True,5470.0,5475.0,0.9990867579908675,14,14,16,16
epfl-random_control-router-internal29-ebfa4eab0e,random_control,router.aig,internal,11,11,fixed-000-c00,0.0,0,11,11,,{},True,24665.0,24745.0,0.9967670236411397,20,20,23,23
epfl-random_control-router-internal29-ebfa4eab0e,random_control,router.aig,internal,11,11,fixed-025-c00,0.25,3,8,8,778344769083472375,"{""x1"":0,""x7"":0,""x9"":1}",True,24355.0,24345.0,1.0004107619634421,20,20,23,23
epfl-random_control-router-internal29-ebfa4eab0e,random_control,router.aig,internal,11,11,fixed-025-c01,0.25,3,8,8,11921509694068656926,"{""x3"":1,""x4"":0,""x6"":1}",True,24190.0,24295.0,0.9956781230705907,20,20,23,23
epfl-random_control-router-internal29-ebfa4eab0e,random_control,router.aig,internal,11,11,fixed-025-c02,0.25,3,8,8,3173142519527769265,"{""x1"":1,""x4"":0,""x6"":1}",True,24350.0,24300.0,1.0020576131687242,20,20,23,23
epfl-random_control-router-internal29-ebfa4eab0e,random_control,router.aig,internal,11,11,fixed-025-c03,0.25,3,8,8,12953425003489962583,"{""x2"":1,""x4"":1,""x6"":1}",True,50425.0,50115.0,1.0061857727227377,20,20,23,23
epfl-random_control-router-internal29-ebfa4eab0e,random_control,router.aig,internal,11,11,fixed-050-c00,0.5,6,5,5,5344198274034465482,"{""x0"":0,""x3"":1,""x5"":0,""x6"":0,""x7"":0,""x9"":0}",True,10135.0,13710.0,0.7392414296134209,20,20,23,23
epfl-random_control-router-internal29-ebfa4eab0e,random_control,router.aig,internal,11,11,fixed-050-c01,0.5,6,5,5,6046263548382324684,"{""x10"":0,""x2"":0,""x5"":0,""x6"":0,""x8"":1,""x9"":0}",True,7275.0,7355.0,0.9891230455472467,20,20,23,23
epfl-random_control-router-internal29-ebfa4eab0e,random_control,router.aig,internal,11,11,fixed-050-c02,0.5,6,5,5,3220952529503616402,"{""x10"":0,""x2"":0,""x3"":0,""x5"":1,""x6"":0,""x8"":1}",True,7415.0,7475.0,0.9919732441471572,20,20,23,23
epfl-random_control-router-internal29-ebfa4eab0e,random_control,router.aig,internal,11,11,fixed-050-c03,0.5,6,5,5,5501392646189548859,"{""x1"":1,""x10"":0,""x3"":1,""x6"":1,""x7"":0,""x9"":1}",True,7630.0,7605.0,1.0032873109796188,20,20,23,23
epfl-random_control-router-internal29-ebfa4eab0e,random_control,router.aig,internal,11,11,fixed-075-c00,0.75,8,3,3,11652563192306066243,"{""x1"":1,""x10"":0,""x2"":1,""x3"":0,""x4"":0,""x5"":0,""x7"":0,""x9"":1}",True,6835.0,6765.0,1.0103473762010347,20,20,23,23
epfl-random_control-router-internal29-ebfa4eab0e,random_control,router.aig,internal,11,11,fixed-075-c01,0.75,8,3,3,17791459488001084866,"{""x0"":0,""x1"":1,""x10"":1,""x2"":1,""x3"":1,""x6"":1,""x8"":1,""x9"":1}",True,7080.0,7035.0,1.0063965884861408,20,20,23,23
epfl-random_control-router-internal29-ebfa4eab0e,random_control,router.aig,internal,11,11,fixed-075-c02,0.75,8,3,3,842233099735828717,"{""x1"":0,""x10"":0,""x3"":0,""x4"":0,""x5"":1,""x7"":1,""x8"":0,""x9"":0}",True,6705.0,6790.0,0.9874815905743741,20,20,23,23
epfl-random_control-router-internal29-ebfa4eab0e,random_control,router.aig,internal,11,11,fixed-075-c03,0.75,8,3,3,16464218806242068112,"{""x0"":0,""x10"":0,""x3"":0,""x4"":0,""x5"":0,""x6"":1,""x8"":1,""x9"":1}",True,6865.0,6915.0,0.9927693420101229,20,20,23,23
epfl-random_control-router-internal39-7af9c35a7e,random_control,router.aig,internal,14,14,fixed-000-c00,0.0,0,14,14,,{},True,35480.0,35620.0,0.99606962380685,26,26,29,29
epfl-random_control-router-internal39-7af9c35a7e,random_control,router.aig,internal,14,14,fixed-025-c00,0.25,4,10,10,7697547923200901186,"{""x1"":1,""x13"":0,""x2"":0,""x4"":1}",True,30415.0,30665.0,0.9918473830099462,26,26,29,29
epfl-random_control-router-internal39-7af9c35a7e,random_control,router.aig,internal,14,14,fixed-025-c01,0.25,4,10,10,2839893367887187539,"{""x1"":0,""x11"":0,""x2"":1,""x9"":1}",True,30980.0,31090.0,0.9964618848504342,26,26,29,29
epfl-random_control-router-internal39-7af9c35a7e,random_control,router.aig,internal,14,14,fixed-025-c02,0.25,4,10,10,15061839216922651633,"{""x11"":0,""x12"":1,""x6"":1,""x8"":1}",True,30575.0,30970.0,0.9872457216661286,26,26,29,29
epfl-random_control-router-internal39-7af9c35a7e,random_control,router.aig,internal,14,14,fixed-025-c03,0.25,4,10,10,192738502154651600,"{""x1"":0,""x3"":0,""x5"":0,""x7"":0}",True,30400.0,30430.0,0.9990141307919816,26,26,29,29
epfl-random_control-router-internal39-7af9c35a7e,random_control,router.aig,internal,14,14,fixed-050-c00,0.5,7,7,7,9648914139152454345,"{""x1"":1,""x10"":0,""x12"":1,""x13"":1,""x2"":1,""x4"":0,""x6"":1}",True,29830.0,29810.0,1.000670915800067,26,26,29,29
epfl-random_control-router-internal39-7af9c35a7e,random_control,router.aig,internal,14,14,fixed-050-c01,0.5,7,7,7,6837105117170002241,"{""x0"":1,""x13"":0,""x2"":1,""x4"":0,""x5"":1,""x6"":0,""x8"":1}",True,30565.0,30340.0,1.0074159525379038,26,26,29,29
epfl-random_control-router-internal39-7af9c35a7e,random_control,router.aig,internal,14,14,fixed-050-c02,0.5,7,7,7,250227414880180253,"{""x12"":1,""x13"":0,""x2"":1,""x3"":1,""x6"":0,""x8"":0,""x9"":1}",True,30370.0,30765.0,0.9871607346010076,26,26,29,29
epfl-random_control-router-internal39-7af9c35a7e,random_control,router.aig,internal,14,14,fixed-050-c03,0.5,7,7,7,8228342250831529163,"{""x0"":1,""x1"":0,""x10"":1,""x2"":1,""x4"":0,""x6"":1,""x9"":1}",True,30450.0,30435.0,1.0004928536224742,26,26,29,29
epfl-random_control-router-internal39-7af9c35a7e,random_control,router.aig,internal,14,14,fixed-075-c00,0.75,10,4,4,14753814428189968217,"{""x0"":0,""x1"":0,""x12"":0,""x13"":1,""x2"":0,""x3"":0,""x4"":1,""x6"":0,""x7"":0,""x9"":0}",True,8810.0,8830.0,0.9977349943374858,26,26,29,29
epfl-random_control-router-internal39-7af9c35a7e,random_control,router.aig,internal,14,14,fixed-075-c01,0.75,10,4,4,980397719458750206,"{""x0"":0,""x1"":1,""x11"":0,""x12"":0,""x2"":1,""x3"":0,""x4"":1,""x6"":0,""x7"":1,""x8"":1}",True,16630.0,16640.0,0.9993990384615384,26,26,29,29
epfl-random_control-router-internal39-7af9c35a7e,random_control,router.aig,internal,14,14,fixed-075-c02,0.75,10,4,4,9081819511789648969,"{""x1"":0,""x12"":1,""x13"":1,""x2"":0,""x3"":1,""x4"":0,""x5"":0,""x6"":0,""x7"":1,""x8"":0}",True,15695.0,16345.0,0.9602324869990823,26,26,29,29
epfl-random_control-router-internal39-7af9c35a7e,random_control,router.aig,internal,14,14,fixed-075-c03,0.75,10,4,4,15594906529885180971,"{""x0"":1,""x1"":1,""x11"":1,""x12"":1,""x13"":1,""x4"":1,""x5"":0,""x6"":0,""x8"":0,""x9"":0}",True,16245.0,16180.0,1.004017305315204,26,26,29,29
epfl-random_control-router-internal104-77af71e925,random_control,router.aig,internal,11,11,fixed-000-c00,0.0,0,11,11,,{},True,29330.0,33870.0,0.8659580749926188,22,22,31,31
epfl-random_control-router-internal104-77af71e925,random_control,router.aig,internal,11,11,fixed-025-c00,0.25,3,8,8,1231842703761584838,"{""x3"":1,""x5"":1,""x7"":0}",True,56045.0,56490.0,0.9921224995574438,22,22,31,31
epfl-random_control-router-internal104-77af71e925,random_control,router.aig,internal,11,11,fixed-025-c01,0.25,3,8,8,1023216786658377459,"{""x10"":0,""x6"":0,""x7"":0}",True,57745.0,58110.0,0.9937188091550507,22,22,31,31
epfl-random_control-router-internal104-77af71e925,random_control,router.aig,internal,11,11,fixed-025-c02,0.25,3,8,8,12571066512295086491,"{""x4"":0,""x5"":0,""x9"":0}",True,31270.0,31150.0,1.003852327447833,22,22,31,31
epfl-random_control-router-internal104-77af71e925,random_control,router.aig,internal,11,11,fixed-025-c03,0.25,3,8,8,6790440671075456119,"{""x10"":1,""x3"":1,""x9"":0}",True,73750.0,73930.0,0.9975652644393345,22,22,31,31
epfl-random_control-router-internal104-77af71e925,random_control,router.aig,internal,11,11,fixed-050-c00,0.5,6,5,5,12579892970703734799,"{""x0"":1,""x1"":0,""x10"":0,""x2"":1,""x4"":1,""x8"":1}",True,16820.0,16755.0,1.0038794389734407,22,22,31,31
epfl-random_control-router-internal104-77af71e925,random_control,router.aig,internal,11,11,fixed-050-c01,0.5,6,5,5,5124239163011169220,"{""x10"":0,""x2"":0,""x3"":1,""x6"":1,""x8"":1,""x9"":1}",True,17050.0,17385.0,0.9807305148116192,22,22,31,31
epfl-random_control-router-internal104-77af71e925,random_control,router.aig,internal,11,11,fixed-050-c02,0.5,6,5,5,10474128623779337597,"{""x0"":1,""x2"":1,""x5"":0,""x6"":1,""x7"":1,""x8"":0}",True,9165.0,8760.0,1.0462328767123288,22,22,31,31
epfl-random_control-router-internal104-77af71e925,random_control,router.aig,internal,11,11,fixed-050-c03,0.5,6,5,5,10000699685338805845,"{""x0"":1,""x1"":1,""x10"":1,""x3"":0,""x7"":1,""x8"":0}",True,9870.0,8715.0,1.1325301204819278,22,22,31,31
epfl-random_control-router-internal104-77af71e925,random_control,router.aig,internal,11,11,fixed-075-c00,0.75,8,3,3,4189094802789471732,"{""x0"":1,""x1"":1,""x10"":1,""x2"":1,""x4"":0,""x5"":0,""x8"":1,""x9"":0}",True,9130.0,9795.0,0.9321082184788158,22,22,31,31
epfl-random_control-router-internal104-77af71e925,random_control,router.aig,internal,11,11,fixed-075-c01,0.75,8,3,3,929641972247690930,"{""x0"":1,""x1"":1,""x10"":0,""x2"":1,""x3"":0,""x4"":0,""x5"":1,""x7"":1}",True,9845.0,8055.0,1.2222222222222223,22,22,31,31
epfl-random_control-router-internal104-77af71e925,random_control,router.aig,internal,11,11,fixed-075-c02,0.75,8,3,3,3705817801821645788,"{""x0"":0,""x1"":0,""x10"":1,""x2"":1,""x4"":0,""x5"":1,""x6"":1,""x7"":0}",True,10240.0,10795.0,0.9485873089393237,22,22,31,31
epfl-random_control-router-internal104-77af71e925,random_control,router.aig,internal,11,11,fixed-075-c03,0.75,8,3,3,11015280263682165195,"{""x10"":1,""x2"":1,""x3"":0,""x5"":0,""x6"":0,""x7"":0,""x8"":0,""x9"":0}",True,7960.0,7880.0,1.0101522842639594,22,22,31,31
epfl-random_control-router-internal135-565d2a3a16,random_control,router.aig,internal,12,12,fixed-000-c00,0.0,0,12,12,,{},True,27265.0,27320.0,0.99798682284041,21,21,24,24
epfl-random_control-router-internal135-565d2a3a16,random_control,router.aig,internal,12,12,fixed-025-c00,0.25,3,9,9,13013485781924268294,"{""x1"":0,""x11"":1,""x7"":1}",True,26455.0,25955.0,1.0192641109612792,21,21,24,24
epfl-random_control-router-internal135-565d2a3a16,random_control,router.aig,internal,12,12,fixed-025-c01,0.25,3,9,9,11555711549215914789,"{""x0"":0,""x3"":0,""x7"":1}",True,26200.0,25860.0,1.0131477184841453,21,21,24,24
epfl-random_control-router-internal135-565d2a3a16,random_control,router.aig,internal,12,12,fixed-025-c02,0.25,3,9,9,12388121049327810021,"{""x0"":1,""x11"":0,""x9"":0}",True,32255.0,39895.0,0.8084973054267452,21,21,24,24
epfl-random_control-router-internal135-565d2a3a16,random_control,router.aig,internal,12,12,fixed-025-c03,0.25,3,9,9,11476753135311139467,"{""x2"":0,""x6"":0,""x9"":0}",True,39440.0,40405.0,0.9761168172255908,21,21,24,24
epfl-random_control-router-internal135-565d2a3a16,random_control,router.aig,internal,12,12,fixed-050-c00,0.5,6,6,6,3894609495698608422,"{""x1"":1,""x11"":0,""x2"":1,""x3"":0,""x6"":0,""x8"":1}",True,29095.0,30425.0,0.9562859490550534,21,21,24,24
epfl-random_control-router-internal135-565d2a3a16,random_control,router.aig,internal,12,12,fixed-050-c01,0.5,6,6,6,6441160667593430966,"{""x0"":1,""x1"":1,""x10"":1,""x3"":0,""x5"":1,""x8"":1}",True,32570.0,34250.0,0.950948905109489,21,21,24,24
epfl-random_control-router-internal135-565d2a3a16,random_control,router.aig,internal,12,12,fixed-050-c02,0.5,6,6,6,4152122496006336444,"{""x1"":1,""x11"":0,""x4"":1,""x5"":0,""x7"":1,""x8"":0}",True,29200.0,30585.0,0.9547163642308321,21,21,24,24
epfl-random_control-router-internal135-565d2a3a16,random_control,router.aig,internal,12,12,fixed-050-c03,0.5,6,6,6,13586598997942885455,"{""x0"":0,""x2"":0,""x5"":0,""x6"":1,""x7"":0,""x9"":0}",True,28585.0,29430.0,0.971287801563031,21,21,24,24
epfl-random_control-router-internal135-565d2a3a16,random_control,router.aig,internal,12,12,fixed-075-c00,0.75,9,3,3,5488283766575079465,"{""x0"":1,""x10"":0,""x3"":0,""x4"":0,""x5"":1,""x6"":1,""x7"":1,""x8"":1,""x9"":0}",True,7470.0,7525.0,0.9926910299003322,21,21,24,24
epfl-random_control-router-internal135-565d2a3a16,random_control,router.aig,internal,12,12,fixed-075-c01,0.75,9,3,3,7890108303767217951,"{""x0"":0,""x1"":1,""x11"":1,""x2"":0,""x3"":0,""x5"":0,""x6"":1,""x8"":1,""x9"":0}",True,7510.0,7500.0,1.0013333333333334,21,21,24,24
epfl-random_control-router-internal135-565d2a3a16,random_control,router.aig,internal,12,12,fixed-075-c02,0.75,9,3,3,6121492115594694850,"{""x0"":0,""x1"":0,""x10"":0,""x11"":0,""x2"":0,""x3"":1,""x5"":1,""x7"":0,""x8"":0}",True,7430.0,7415.0,1.002022926500337,21,21,24,24
epfl-random_control-router-internal135-565d2a3a16,random_control,router.aig,internal,12,12,fixed-075-c03,0.75,9,3,3,3535004267293167181,"{""x0"":0,""x1"":1,""x11"":1,""x2"":0,""x5"":1,""x6"":1,""x7"":1,""x8"":1,""x9"":1}",True,7680.0,7620.0,1.0078740157480315,21,21,24,24
epfl-random_control-router-internal177-832d43e9af,random_control,router.aig,internal,15,15,fixed-000-c00,0.0,0,15,15,,{},True,56105.0,59785.0,0.9384460985196956,32,32,36,36
epfl-random_control-router-internal177-832d43e9af,random_control,router.aig,internal,15,15,fixed-025-c00,0.25,4,11,11,13562113194289671869,"{""x1"":1,""x4"":1,""x5"":1,""x8"":0}",True,44495.0,42205.0,1.0542589740552066,32,32,36,36
epfl-random_control-router-internal177-832d43e9af,random_control,router.aig,internal,15,15,fixed-025-c01,0.25,4,11,11,6498283006030969651,"{""x0"":0,""x11"":0,""x14"":0,""x3"":0}",True,44425.0,44295.0,1.0029348684953154,32,32,36,36
epfl-random_control-router-internal177-832d43e9af,random_control,router.aig,internal,15,15,fixed-025-c02,0.25,4,11,11,11520582401497091244,"{""x12"":0,""x6"":1,""x8"":0,""x9"":1}",True,45445.0,48330.0,0.9403062280157253,32,32,36,36
epfl-random_control-router-internal177-832d43e9af,random_control,router.aig,internal,15,15,fixed-025-c03,0.25,4,11,11,2652053336104713065,"{""x0"":0,""x12"":0,""x14"":1,""x8"":1}",True,46280.0,41765.0,1.108104872500898,32,32,36,36
epfl-random_control-router-internal177-832d43e9af,random_control,router.aig,internal,15,15,fixed-050-c00,0.5,8,7,7,11638129640178866176,"{""x1"":0,""x10"":1,""x12"":1,""x13"":1,""x4"":0,""x5"":0,""x7"":0,""x8"":1}",True,44170.0,47715.0,0.925704705019386,32,32,36,36
epfl-random_control-router-internal177-832d43e9af,random_control,router.aig,internal,15,15,fixed-050-c01,0.5,8,7,7,4031746592075427106,"{""x0"":1,""x1"":1,""x10"":0,""x13"":1,""x14"":0,""x4"":0,""x8"":0,""x9"":0}",True,41645.0,38445.0,1.083235791390298,32,32,36,36
epfl-random_control-router-internal177-832d43e9af,random_control,router.aig,internal,15,15,fixed-050-c02,0.5,8,7,7,5760275695468468924,"{""x10"":0,""x11"":0,""x12"":1,""x2"":0,""x5"":0,""x7"":1,""x8"":0,""x9"":0}",True,37930.0,39945.0,0.9495556390036299,32,32,36,36
epfl-random_control-router-internal177-832d43e9af,random_control,router.aig,internal,15,15,fixed-050-c03,0.5,8,7,7,12382864832875193676,"{""x11"":0,""x12"":0,""x3"":1,""x5"":0,""x6"":1,""x7"":0,""x8"":0,""x9"":1}",True,36745.0,37065.0,0.9913665182786996,32,32,36,36
epfl-random_control-router-internal177-832d43e9af,random_control,router.aig,internal,15,15,fixed-075-c00,0.75,11,4,4,2454012942480116546,"{""x10"":1,""x11"":0,""x12"":1,""x13"":0,""x14"":0,""x2"":0,""x3"":0,""x5"":0,""x6"":0,""x7"":1,""x8"":1}",True,11510.0,12955.0,0.8884600540331918,32,32,36,36
epfl-random_control-router-internal177-832d43e9af,random_control,router.aig,internal,15,15,fixed-075-c01,0.75,11,4,4,11765535957850819174,"{""x0"":1,""x10"":0,""x11"":1,""x12"":0,""x13"":1,""x2"":1,""x3"":0,""x4"":0,""x6"":0,""x7"":1,""x8"":0}",True,10420.0,10515.0,0.9909652876842606,32,32,36,36
epfl-random_control-router-internal177-832d43e9af,random_control,router.aig,internal,15,15,fixed-075-c02,0.75,11,4,4,2821465527346501257,"{""x1"":1,""x10"":1,""x11"":0,""x12"":0,""x13"":1,""x2"":1,""x5"":0,""x6"":1,""x7"":0,""x8"":1,""x9"":1}",True,10320.0,10560.0,0.9772727272727273,32,32,36,36
epfl-random_control-router-internal177-832d43e9af,random_control,router.aig,internal,15,15,fixed-075-c03,0.75,11,4,4,666478277916519283,"{""x1"":0,""x10"":0,""x11"":1,""x12"":0,""x14"":1,""x2"":1,""x3"":1,""x4"":0,""x5"":1,""x7"":0,""x8"":1}",True,10375.0,11005.0,0.9427532939572921,32,32,36,36
epfl-random_control-router-internal233-5ddc8d5e1b,random_control,router.aig,internal,16,16,fixed-000-c00,0.0,0,16,16,,{},True,115990.0,116385.0,0.9966060918503243,51,51,69,69
epfl-random_control-router-internal233-5ddc8d5e1b,random_control,router.aig,internal,16,16,fixed-025-c00,0.25,4,12,12,3341994790116073368,"{""x3"":0,""x4"":0,""x6"":0,""x7"":0}",True,63195.0,64490.0,0.9799193673437743,51,51,69,69
epfl-random_control-router-internal233-5ddc8d5e1b,random_control,router.aig,internal,16,16,fixed-025-c01,0.25,4,12,12,15275358121307628213,"{""x11"":1,""x14"":0,""x2"":1,""x9"":1}",True,63215.0,65360.0,0.9671817625458996,51,51,69,69
epfl-random_control-router-internal233-5ddc8d5e1b,random_control,router.aig,internal,16,16,fixed-025-c02,0.25,4,12,12,13697462773882243299,"{""x12"":0,""x13"":1,""x14"":1,""x2"":0}",True,61730.0,64070.0,0.9634774465428437,51,51,69,69
epfl-random_control-router-internal233-5ddc8d5e1b,random_control,router.aig,internal,16,16,fixed-025-c03,0.25,4,12,12,13044845898982190724,"{""x4"":1,""x6"":1,""x7"":0,""x8"":1}",True,61975.0,62585.0,0.9902532555724215,51,51,69,69
epfl-random_control-router-internal233-5ddc8d5e1b,random_control,router.aig,internal,16,16,fixed-050-c00,0.5,8,8,8,8229222201339016244,"{""x1"":0,""x12"":0,""x13"":0,""x15"":1,""x2"":0,""x3"":1,""x6"":1,""x8"":0}",True,57730.0,57900.0,0.9970639032815198,51,51,69,69
epfl-random_control-router-internal233-5ddc8d5e1b,random_control,router.aig,internal,16,16,fixed-050-c01,0.5,8,8,8,14337161204027914384,"{""x0"":1,""x11"":0,""x15"":0,""x2"":1,""x5"":0,""x6"":1,""x7"":0,""x9"":1}",True,61495.0,60680.0,1.01343111404087,51,51,69,69
epfl-random_control-router-internal233-5ddc8d5e1b,random_control,router.aig,internal,16,16,fixed-050-c02,0.5,8,8,8,7482213024153272781,"{""x0"":0,""x1"":0,""x10"":0,""x11"":1,""x14"":1,""x15"":1,""x7"":0,""x9"":1}",True,65660.0,65290.0,1.0056670240465615,51,51,69,69
epfl-random_control-router-internal233-5ddc8d5e1b,random_control,router.aig,internal,16,16,fixed-050-c03,0.5,8,8,8,17929540141129249600,"{""x0"":1,""x1"":0,""x10"":0,""x11"":0,""x15"":0,""x4"":0,""x6"":1,""x9"":1}",True,64730.0,65095.0,0.9943928105077194,51,51,69,69
epfl-random_control-router-internal233-5ddc8d5e1b,random_control,router.aig,internal,16,16,fixed-075-c00,0.75,12,4,4,4599868591920280782,"{""x0"":0,""x10"":1,""x12"":0,""x13"":1,""x15"":0,""x2"":1,""x3"":0,""x4"":1,""x5"":0,""x6"":1,""x8"":0,""x9"":0}",True,22825.0,22880.0,0.9975961538461539,51,51,69,69
epfl-random_control-router-internal233-5ddc8d5e1b,random_control,router.aig,internal,16,16,fixed-075-c01,0.75,12,4,4,10625988104280999736,"{""x0"":0,""x1"":1,""x10"":0,""x11"":1,""x12"":1,""x13"":1,""x14"":1,""x2"":0,""x3"":0,""x4"":1,""x8"":0,""x9"":1}",True,20490.0,22520.0,0.9098579040852576,51,51,69,69
epfl-random_control-router-internal233-5ddc8d5e1b,random_control,router.aig,internal,16,16,fixed-075-c02,0.75,12,4,4,7121371903280805947,"{""x1"":0,""x10"":0,""x11"":1,""x12"":0,""x13"":1,""x15"":0,""x4"":1,""x5"":1,""x6"":1,""x7"":1,""x8"":0,""x9"":1}",True,15445.0,15530.0,0.9945267224726336,51,51,69,69
epfl-random_control-router-internal233-5ddc8d5e1b,random_control,router.aig,internal,16,16,fixed-075-c03,0.75,12,4,4,9983645414952100435,"{""x1"":1,""x11"":0,""x12"":0,""x13"":1,""x14"":1,""x15"":1,""x2"":1,""x3"":0,""x4"":0,""x5"":1,""x6"":0,""x8"":0}",True,15685.0,15505.0,1.0116091583360207,51,51,69,69
epfl-random_control-voter-internal72-661c8b218d,random_control,voter.aig,internal,12,12,fixed-000-c00,0.0,0,12,12,,{},True,75470.0,77760.0,0.9705504115226338,73,73,77,77
epfl-random_control-voter-internal72-661c8b218d,random_control,voter.aig,internal,12,12,fixed-025-c00,0.25,3,9,9,6839008119081421482,"{""x10"":1,""x3"":1,""x8"":1}",True,72815.0,73385.0,0.9922327451113988,73,73,77,77
epfl-random_control-voter-internal72-661c8b218d,random_control,voter.aig,internal,12,12,fixed-025-c01,0.25,3,9,9,11545235010123148137,"{""x4"":1,""x7"":0,""x8"":1}",True,72935.0,73530.0,0.9919080647354821,73,73,77,77
epfl-random_control-voter-internal72-661c8b218d,random_control,voter.aig,internal,12,12,fixed-025-c02,0.25,3,9,9,17359442030360350672,"{""x5"":0,""x6"":1,""x7"":1}",True,73740.0,73425.0,1.0042900919305413,73,73,77,77
epfl-random_control-voter-internal72-661c8b218d,random_control,voter.aig,internal,12,12,fixed-025-c03,0.25,3,9,9,15212104739128301768,"{""x10"":1,""x2"":0,""x9"":1}",True,73350.0,75630.0,0.9698532328441095,73,73,77,77
epfl-random_control-voter-internal72-661c8b218d,random_control,voter.aig,internal,12,12,fixed-050-c00,0.5,6,6,6,12464658830185737084,"{""x0"":1,""x3"":0,""x5"":0,""x7"":1,""x8"":1,""x9"":0}",True,76940.0,80360.0,0.9574415131906421,73,73,77,77
epfl-random_control-voter-internal72-661c8b218d,random_control,voter.aig,internal,12,12,fixed-050-c01,0.5,6,6,6,16055102365638643386,"{""x10"":1,""x11"":0,""x5"":0,""x7"":1,""x8"":0,""x9"":0}",True,77785.0,74255.0,1.0475388862702848,73,73,77,77
epfl-random_control-voter-internal72-661c8b218d,random_control,voter.aig,internal,12,12,fixed-050-c02,0.5,6,6,6,6842006298142125951,"{""x1"":1,""x11"":0,""x2"":0,""x5"":0,""x6"":1,""x8"":0}",True,78875.0,78550.0,1.0041374920432846,73,73,77,77
epfl-random_control-voter-internal72-661c8b218d,random_control,voter.aig,internal,12,12,fixed-050-c03,0.5,6,6,6,12766650437747113692,"{""x1"":0,""x10"":0,""x4"":0,""x5"":0,""x8"":0,""x9"":0}",True,78335.0,81665.0,0.9592236576256659,73,73,77,77
epfl-random_control-voter-internal72-661c8b218d,random_control,voter.aig,internal,12,12,fixed-075-c00,0.75,9,3,3,7465573389649395444,"{""x0"":1,""x1"":0,""x11"":0,""x2"":0,""x5"":0,""x6"":0,""x7"":1,""x8"":0,""x9"":1}",True,31480.0,17625.0,1.7860992907801418,73,73,77,77
epfl-random_control-voter-internal72-661c8b218d,random_control,voter.aig,internal,12,12,fixed-075-c01,0.75,9,3,3,11197540998052524225,"{""x0"":1,""x10"":0,""x2"":1,""x3"":0,""x4"":1,""x5"":0,""x6"":0,""x8"":1,""x9"":0}",True,33385.0,33870.0,0.9856805432536168,73,73,77,77
epfl-random_control-voter-internal72-661c8b218d,random_control,voter.aig,internal,12,12,fixed-075-c02,0.75,9,3,3,12527678630369849287,"{""x0"":0,""x1"":0,""x10"":1,""x11"":0,""x3"":1,""x5"":0,""x6"":0,""x8"":1,""x9"":1}",True,17220.0,18775.0,0.9171770972037283,73,73,77,77
epfl-random_control-voter-internal72-661c8b218d,random_control,voter.aig,internal,12,12,fixed-075-c03,0.75,9,3,3,15284743982278772846,"{""x0"":1,""x1"":1,""x10"":1,""x3"":0,""x4"":0,""x5"":1,""x6"":1,""x8"":0,""x9"":0}",True,16850.0,17025.0,0.9897209985315712,73,73,77,77
epfl-random_control-voter-internal3075-f8954d4f09,random_control,voter.aig,internal,12,12,fixed-000-c00,0.0,0,12,12,,{},True,156735.0,157875.0,0.9927790973871734,156,156,167,167
epfl-random_control-voter-internal3075-f8954d4f09,random_control,voter.aig,internal,12,12,fixed-025-c00,0.25,3,9,9,9031160403228454851,"{""x10"":1,""x3"":1,""x8"":0}",True,156625.0,155900.0,1.004650416933932,156,156,167,167
epfl-random_control-voter-internal3075-f8954d4f09,random_control,voter.aig,internal,12,12,fixed-025-c01,0.25,3,9,9,9722753028644893159,"{""x0"":0,""x3"":0,""x7"":1}",True,150870.0,159565.0,0.9455081001472754,156,156,167,167
epfl-random_control-voter-internal3075-f8954d4f09,random_control,voter.aig,internal,12,12,fixed-025-c02,0.25,3,9,9,16778220327450382548,"{""x0"":0,""x10"":0,""x3"":1}",True,154275.0,154540.0,0.9982852335964799,156,156,167,167
epfl-random_control-voter-internal3075-f8954d4f09,random_control,voter.aig,internal,12,12,fixed-025-c03,0.25,3,9,9,3483369697010234055,"{""x10"":1,""x3"":0,""x9"":1}",True,158030.0,153575.0,1.0290086277063324,156,156,167,167
epfl-random_control-voter-internal3075-f8954d4f09,random_control,voter.aig,internal,12,12,fixed-050-c00,0.5,6,6,6,780101209835230738,"{""x0"":0,""x1"":0,""x2"":1,""x3"":0,""x4"":1,""x5"":1}",True,168570.0,168210.0,1.0021401819154627,156,156,167,167
epfl-random_control-voter-internal3075-f8954d4f09,random_control,voter.aig,internal,12,12,fixed-050-c01,0.5,6,6,6,865052189659792649,"{""x0"":1,""x11"":0,""x2"":0,""x6"":0,""x7"":1,""x8"":0}",True,167295.0,168455.0,0.9931138879819537,156,156,167,167
epfl-random_control-voter-internal3075-f8954d4f09,random_control,voter.aig,internal,12,12,fixed-050-c02,0.5,6,6,6,8168120892901743595,"{""x10"":1,""x2"":0,""x3"":1,""x4"":1,""x6"":1,""x9"":1}",True,334120.0,294210.0,1.135651405458686,156,156,167,167
epfl-random_control-voter-internal3075-f8954d4f09,random_control,voter.aig,internal,12,12,fixed-050-c03,0.5,6,6,6,626191282682933725,"{""x1"":0,""x10"":1,""x3"":0,""x5"":0,""x7"":0,""x8"":1}",True,159935.0,172710.0,0.9260320768918997,156,156,167,167
epfl-random_control-voter-internal3075-f8954d4f09,random_control,voter.aig,internal,12,12,fixed-075-c00,0.75,9,3,3,12468364720605643530,"{""x0"":1,""x1"":0,""x10"":1,""x2"":1,""x3"":1,""x4"":1,""x5"":0,""x8"":0,""x9"":0}",True,49550.0,49680.0,0.9973832528180354,156,156,167,167
epfl-random_control-voter-internal3075-f8954d4f09,random_control,voter.aig,internal,12,12,fixed-075-c01,0.75,9,3,3,11673077334809333397,"{""x0"":1,""x1"":1,""x10"":0,""x2"":0,""x3"":0,""x5"":1,""x6"":1,""x7"":1,""x8"":0}",True,31900.0,31945.0,0.9985913288464549,156,156,167,167
epfl-random_control-voter-internal3075-f8954d4f09,random_control,voter.aig,internal,12,12,fixed-075-c02,0.75,9,3,3,1608843488189921524,"{""x0"":1,""x10"":0,""x11"":1,""x2"":0,""x3"":0,""x5"":1,""x7"":0,""x8"":1,""x9"":1}",True,32895.0,32915.0,0.9993923742974328,156,156,167,167
epfl-random_control-voter-internal3075-f8954d4f09,random_control,voter.aig,internal,12,12,fixed-075-c03,0.75,9,3,3,2834671778041376428,"{""x0"":0,""x1"":1,""x11"":0,""x2"":0,""x3"":1,""x4"":1,""x7"":0,""x8"":0,""x9"":0}",True,32740.0,35765.0,0.9154201034530967,156,156,167,167
epfl-random_control-voter-internal4823-4087895a60,random_control,voter.aig,internal,12,12,fixed-000-c00,0.0,0,12,12,,{},True,156715.0,155845.0,1.005582469761622,149,149,155,155
epfl-random_control-voter-internal4823-4087895a60,random_control,voter.aig,internal,12,12,fixed-025-c00,0.25,3,9,9,14389996860824688338,"{""x0"":0,""x4"":1,""x9"":1}",True,152820.0,151165.0,1.010948301524824,149,149,155,155
epfl-random_control-voter-internal4823-4087895a60,random_control,voter.aig,internal,12,12,fixed-025-c01,0.25,3,9,9,10656548214818546091,"{""x0"":1,""x2"":0,""x8"":0}",True,142665.0,138955.0,1.0266992911374186,149,149,155,155
epfl-random_control-voter-internal4823-4087895a60,random_control,voter.aig,internal,12,12,fixed-025-c02,0.25,3,9,9,13329358052558629408,"{""x1"":0,""x6"":0,""x8"":1}",True,143285.0,144545.0,0.991282991455948,149,149,155,155
epfl-random_control-voter-internal4823-4087895a60,random_control,voter.aig,internal,12,12,fixed-025-c03,0.25,3,9,9,3627719816999446319,"{""x1"":0,""x5"":1,""x8"":1}",True,144195.0,146785.0,0.9823551452805123,149,149,155,155
epfl-random_control-voter-internal4823-4087895a60,random_control,voter.aig,internal,12,12,fixed-050-c00,0.5,6,6,6,15623730658348820545,"{""x11"":1,""x3"":0,""x4"":0,""x6"":0,""x8"":1,""x9"":0}",True,155535.0,155200.0,1.0021585051546391,149,149,155,155
epfl-random_control-voter-internal4823-4087895a60,random_control,voter.aig,internal,12,12,fixed-050-c01,0.5,6,6,6,5128794540717834360,"{""x1"":1,""x10"":1,""x3"":1,""x5"":0,""x8"":0,""x9"":1}",True,155930.0,154570.0,1.0087986025748852,149,149,155,155
epfl-random_control-voter-internal4823-4087895a60,random_control,voter.aig,internal,12,12,fixed-050-c02,0.5,6,6,6,13535877996053601275,"{""x0"":1,""x10"":1,""x2"":0,""x4"":0,""x6"":1,""x9"":1}",True,150240.0,159445.0,0.9422684938380006,149,149,155,155
epfl-random_control-voter-internal4823-4087895a60,random_control,voter.aig,internal,12,12,fixed-050-c03,0.5,6,6,6,11026886663273182226,"{""x0"":1,""x10"":1,""x11"":1,""x6"":0,""x8"":1,""x9"":1}",True,147545.0,146870.0,1.00459590113706,149,149,155,155
epfl-random_control-voter-internal4823-4087895a60,random_control,voter.aig,internal,12,12,fixed-075-c00,0.75,9,3,3,12239952816542645559,"{""x1"":1,""x10"":1,""x11"":1,""x2"":1,""x3"":0,""x4"":0,""x6"":0,""x8"":0,""x9"":1}",True,45300.0,32270.0,1.4037806011775642,149,149,155,155
epfl-random_control-voter-internal4823-4087895a60,random_control,voter.aig,internal,12,12,fixed-075-c01,0.75,9,3,3,9910772400335093921,"{""x0"":0,""x1"":0,""x11"":1,""x2"":1,""x3"":0,""x4"":1,""x5"":0,""x8"":0,""x9"":1}",True,56410.0,63105.0,0.8939069804294429,149,149,155,155
epfl-random_control-voter-internal4823-4087895a60,random_control,voter.aig,internal,12,12,fixed-075-c02,0.75,9,3,3,619261678706065071,"{""x1"":0,""x10"":0,""x11"":1,""x4"":1,""x5"":0,""x6"":0,""x7"":0,""x8"":1,""x9"":0}",True,34220.0,34900.0,0.9805157593123209,149,149,155,155
epfl-random_control-voter-internal4823-4087895a60,random_control,voter.aig,internal,12,12,fixed-075-c03,0.75,9,3,3,14785386882444523871,"{""x0"":0,""x11"":1,""x3"":0,""x4"":0,""x5"":0,""x6"":0,""x7"":0,""x8"":0,""x9"":0}",True,34670.0,34465.0,1.005948063252575,149,149,155,155
epfl-random_control-voter-internal7179-1f4236d03b,random_control,voter.aig,internal,12,12,fixed-000-c00,0.0,0,12,12,,{},True,154875.0,154750.0,1.0008077544426495,151,151,159,159
epfl-random_control-voter-internal7179-1f4236d03b,random_control,voter.aig,internal,12,12,fixed-025-c00,0.25,3,9,9,10412028066624466975,"{""x1"":0,""x10"":0,""x8"":1}",True,145315.0,146740.0,0.990288946435873,151,151,159,159
epfl-random_control-voter-internal7179-1f4236d03b,random_control,voter.aig,internal,12,12,fixed-025-c01,0.25,3,9,9,5259514292571268461,"{""x3"":1,""x4"":0,""x6"":1}",True,149190.0,148225.0,1.006510372744139,151,151,159,159
epfl-random_control-voter-internal7179-1f4236d03b,random_control,voter.aig,internal,12,12,fixed-025-c02,0.25,3,9,9,11852054757094760232,"{""x0"":0,""x1"":1,""x10"":1}",True,149025.0,148750.0,1.0018487394957982,151,151,159,159
epfl-random_control-voter-internal7179-1f4236d03b,random_control,voter.aig,internal,12,12,fixed-025-c03,0.25,3,9,9,2456187924794834430,"{""x10"":1,""x3"":0,""x8"":1}",True,145975.0,147055.0,0.9926558090510353,151,151,159,159
epfl-random_control-voter-internal7179-1f4236d03b,random_control,voter.aig,internal,12,12,fixed-050-c00,0.5,6,6,6,10013806037609514311,"{""x1"":0,""x11"":1,""x4"":0,""x6"":0,""x7"":1,""x8"":1}",True,148500.0,161950.0,0.9169496758258722,151,151,159,159
epfl-random_control-voter-internal7179-1f4236d03b,random_control,voter.aig,internal,12,12,fixed-050-c01,0.5,6,6,6,15765678939622058282,"{""x1"":0,""x10"":1,""x2"":0,""x4"":0,""x5"":1,""x9"":1}",True,147630.0,146035.0,1.0109220392371692,151,151,159,159
epfl-random_control-voter-internal7179-1f4236d03b,random_control,voter.aig,internal,12,12,fixed-050-c02,0.5,6,6,6,2028570388173912631,"{""x1"":0,""x2"":0,""x6"":0,""x7"":0,""x8"":0,""x9"":1}",True,196530.0,167435.0,1.1737689252545764,151,151,159,159
epfl-random_control-voter-internal7179-1f4236d03b,random_control,voter.aig,internal,12,12,fixed-050-c03,0.5,6,6,6,16987302626829559114,"{""x0"":1,""x1"":1,""x10"":0,""x6"":0,""x8"":1,""x9"":1}",True,152965.0,154900.0,0.9875080697224016,151,151,159,159
epfl-random_control-voter-internal7179-1f4236d03b,random_control,voter.aig,internal,12,12,fixed-075-c00,0.75,9,3,3,13971534373266225834,"{""x0"":1,""x10"":1,""x11"":0,""x2"":1,""x3"":0,""x5"":1,""x7"":0,""x8"":0,""x9"":0}",True,46985.0,46880.0,1.00223976109215,151,151,159,159
epfl-random_control-voter-internal7179-1f4236d03b,random_control,voter.aig,internal,12,12,fixed-075-c01,0.75,9,3,3,17180975078987878083,"{""x1"":1,""x10"":0,""x11"":0,""x2"":1,""x3"":1,""x4"":1,""x5"":0,""x7"":1,""x9"":0}",True,34125.0,33785.0,1.0100636377090424,151,151,159,159
epfl-random_control-voter-internal7179-1f4236d03b,random_control,voter.aig,internal,12,12,fixed-075-c02,0.75,9,3,3,14090217081497982298,"{""x0"":0,""x10"":1,""x11"":0,""x2"":0,""x3"":1,""x4"":1,""x5"":1,""x7"":0,""x8"":1}",True,34780.0,36725.0,0.9470388019060585,151,151,159,159
epfl-random_control-voter-internal7179-1f4236d03b,random_control,voter.aig,internal,12,12,fixed-075-c03,0.75,9,3,3,15176226824502372152,"{""x0"":0,""x1"":1,""x11"":0,""x2"":0,""x4"":0,""x6"":1,""x7"":0,""x8"":1,""x9"":1}",True,32000.0,32280.0,0.9913258983890955,151,151,159,159
epfl-random_control-voter-internal9182-24dfeed155,random_control,voter.aig,internal,12,12,fixed-000-c00,0.0,0,12,12,,{},True,149790.0,147090.0,1.018356108504997,153,153,164,164
epfl-random_control-voter-internal9182-24dfeed155,random_control,voter.aig,internal,12,12,fixed-025-c00,0.25,3,9,9,13068894549248691327,"{""x1"":1,""x3"":1,""x9"":1}",True,154485.0,154185.0,1.0019457145636734,153,153,164,164
epfl-random_control-voter-internal9182-24dfeed155,random_control,voter.aig,internal,12,12,fixed-025-c01,0.25,3,9,9,11920149702425785762,"{""x2"":0,""x7"":1,""x9"":1}",True,154865.0,156045.0,0.9924380787593322,153,153,164,164
epfl-random_control-voter-internal9182-24dfeed155,random_control,voter.aig,internal,12,12,fixed-025-c02,0.25,3,9,9,7604741123497243548,"{""x0"":0,""x2"":0,""x7"":0}",True,147700.0,146750.0,1.006473594548552,153,153,164,164
epfl-random_control-voter-internal9182-24dfeed155,random_control,voter.aig,internal,12,12,fixed-025-c03,0.25,3,9,9,3052250622700944862,"{""x0"":1,""x1"":0,""x8"":0}",True,154995.0,156490.0,0.990446673908876,153,153,164,164
epfl-random_control-voter-internal9182-24dfeed155,random_control,voter.aig,internal,12,12,fixed-050-c00,0.5,6,6,6,4133330023478234360,"{""x11"":1,""x4"":0,""x5"":1,""x7"":1,""x8"":1,""x9"":0}",True,165675.0,171115.0,0.9682085147415481,153,153,164,164
epfl-random_control-voter-internal9182-24dfeed155,random_control,voter.aig,internal,12,12,fixed-050-c01,0.5,6,6,6,16246258997971737062,"{""x0"":0,""x10"":0,""x3"":1,""x7"":1,""x8"":0,""x9"":1}",True,162285.0,164355.0,0.9874053116729031,153,153,164,164
epfl-random_control-voter-internal9182-24dfeed155,random_control,voter.aig,internal,12,12,fixed-050-c02,0.5,6,6,6,3805396454651121497,"{""x2"":0,""x4"":1,""x6"":1,""x7"":0,""x8"":1,""x9"":1}",True,162485.0,178615.0,0.909694034655544,153,153,164,164
epfl-random_control-voter-internal9182-24dfeed155,random_control,voter.aig,internal,12,12,fixed-050-c03,0.5,6,6,6,2131696396011895131,"{""x0"":1,""x1"":1,""x10"":1,""x11"":1,""x5"":0,""x9"":1}",True,155450.0,158815.0,0.978811825079495,153,153,164,164
epfl-random_control-voter-internal9182-24dfeed155,random_control,voter.aig,internal,12,12,fixed-075-c00,0.75,9,3,3,12521271817051411516,"{""x0"":0,""x1"":0,""x10"":0,""x11"":0,""x2"":0,""x4"":1,""x7"":1,""x8"":1,""x9"":1}",True,33890.0,34120.0,0.9932590855803048,153,153,164,164
epfl-random_control-voter-internal9182-24dfeed155,random_control,voter.aig,internal,12,12,fixed-075-c01,0.75,9,3,3,16365789793383068311,"{""x0"":1,""x1"":1,""x10"":1,""x11"":1,""x2"":1,""x5"":0,""x6"":0,""x8"":0,""x9"":1}",True,34960.0,34805.0,1.0044533831346072,153,153,164,164
epfl-random_control-voter-internal9182-24dfeed155,random_control,voter.aig,internal,12,12,fixed-075-c02,0.75,9,3,3,14659880606549608524,"{""x1"":0,""x10"":0,""x11"":1,""x3"":0,""x4"":0,""x5"":1,""x7"":0,""x8"":0,""x9"":1}",True,40670.0,38795.0,1.0483309704858874,153,153,164,164
epfl-random_control-voter-internal9182-24dfeed155,random_control,voter.aig,internal,12,12,fixed-075-c03,0.75,9,3,3,2023739242364133976,"{""x0"":1,""x10"":1,""x11"":0,""x3"":0,""x4"":1,""x5"":1,""x6"":1,""x7"":1,""x9"":0}",True,34955.0,33855.0,1.032491507901344,153,153,164,164
epfl-random_control-voter-internal10038-a5538c254b,random_control,voter.aig,internal,12,12,fixed-000-c00,0.0,0,12,12,,{},True,166625.0,156490.0,1.064764521694677,151,151,160,160
epfl-random_control-voter-internal10038-a5538c254b,random_control,voter.aig,internal,12,12,fixed-025-c00,0.25,3,9,9,5352428631962470071,"{""x0"":1,""x7"":1,""x8"":0}",True,151315.0,151595.0,0.9981529733830271,151,151,160,160
epfl-random_control-voter-internal10038-a5538c254b,random_control,voter.aig,internal,12,12,fixed-025-c01,0.25,3,9,9,3892706779145846662,"{""x1"":1,""x3"":1,""x6"":1}",True,150405.0,151305.0,0.9940517497769407,151,151,160,160
epfl-random_control-voter-internal10038-a5538c254b,random_control,voter.aig,internal,12,12,fixed-025-c02,0.25,3,9,9,8518676791788985885,"{""x6"":1,""x7"":0,""x9"":0}",True,152150.0,151845.0,1.0020086272185453,151,151,160,160
epfl-random_control-voter-internal10038-a5538c254b,random_control,voter.aig,internal,12,12,fixed-025-c03,0.25,3,9,9,7406989172885430241,"{""x1"":0,""x5"":1,""x9"":1}",True,150020.0,152970.0,0.9807151729097209,151,151,160,160
epfl-random_control-voter-internal10038-a5538c254b,random_control,voter.aig,internal,12,12,fixed-050-c00,0.5,6,6,6,16055233341335829707,"{""x0"":1,""x1"":0,""x4"":0,""x5"":1,""x8"":1,""x9"":0}",True,164115.0,163775.0,1.002076018928408,151,151,160,160
epfl-random_control-voter-internal10038-a5538c254b,random_control,voter.aig,internal,12,12,fixed-050-c01,0.5,6,6,6,1561833014677356484,"{""x0"":1,""x11"":1,""x2"":1,""x3"":0,""x4"":0,""x8"":0}",True,167150.0,159420.0,1.0484882699786726,151,151,160,160
epfl-random_control-voter-internal10038-a5538c254b,random_control,voter.aig,internal,12,12,fixed-050-c02,0.5,6,6,6,7649472321527787726,"{""x0"":0,""x10"":1,""x5"":1,""x7"":0,""x8"":1,""x9"":0}",True,174225.0,174100.0,1.0007179781734634,151,151,160,160
epfl-random_control-voter-internal10038-a5538c254b,random_control,voter.aig,internal,12,12,fixed-050-c03,0.5,6,6,6,9881682122041141018,"{""x0"":0,""x11"":0,""x2"":0,""x5"":0,""x7"":1,""x8"":1}",True,168335.0,162490.0,1.0359714443965782,151,151,160,160
epfl-random_control-voter-internal10038-a5538c254b,random_control,voter.aig,internal,12,12,fixed-075-c00,0.75,9,3,3,17788643380398370658,"{""x0"":1,""x1"":0,""x10"":1,""x11"":0,""x2"":1,""x4"":1,""x5"":0,""x7"":0,""x8"":1}",True,35555.0,35640.0,0.9976150392817059,151,151,160,160
epfl-random_control-voter-internal10038-a5538c254b,random_control,voter.aig,internal,12,12,fixed-075-c01,0.75,9,3,3,2982823934272089200,"{""x1"":1,""x10"":1,""x11"":0,""x2"":1,""x3"":0,""x4"":0,""x5"":1,""x6"":1,""x7"":1}",True,35935.0,36320.0,0.9893997797356828,151,151,160,160
epfl-random_control-voter-internal10038-a5538c254b,random_control,voter.aig,internal,12,12,fixed-075-c02,0.75,9,3,3,2953966808222376588,"{""x0"":0,""x1"":1,""x10"":0,""x11"":0,""x2"":1,""x3"":0,""x5"":0,""x6"":0,""x8"":0}",True,35720.0,35765.0,0.9987417866629387,151,151,160,160
epfl-random_control-voter-internal10038-a5538c254b,random_control,voter.aig,internal,12,12,fixed-075-c03,0.75,9,3,3,13116509700232827513,"{""x1"":0,""x10"":1,""x2"":0,""x3"":0,""x4"":0,""x5"":1,""x6"":1,""x7"":0,""x9"":0}",True,34440.0,34600.0,0.9953757225433526,151,151,160,160
epfl-random_control-voter-internal10957-7dc361262b,random_control,voter.aig,internal,12,12,fixed-000-c00,0.0,0,12,12,,{},True,176190.0,175685.0,1.0028744628169735,170,170,183,183
epfl-random_control-voter-internal10957-7dc361262b,random_control,voter.aig,internal,12,12,fixed-025-c00,0.25,3,9,9,2539644066916706684,"{""x2"":0,""x4"":1,""x5"":1}",True,168935.0,173740.0,0.9723437320133533,170,170,183,183
epfl-random_control-voter-internal10957-7dc361262b,random_control,voter.aig,internal,12,12,fixed-025-c01,0.25,3,9,9,18440581776912468476,"{""x0"":0,""x2"":0,""x5"":0}",True,185715.0,183120.0,1.0141710353866318,170,170,183,183
epfl-random_control-voter-internal10957-7dc361262b,random_control,voter.aig,internal,12,12,fixed-025-c02,0.25,3,9,9,669491072550647854,"{""x2"":0,""x3"":0,""x9"":1}",True,177105.0,182610.0,0.969853786758666,170,170,183,183
epfl-random_control-voter-internal10957-7dc361262b,random_control,voter.aig,internal,12,12,fixed-025-c03,0.25,3,9,9,14928922895845159406,"{""x10"":0,""x5"":0,""x9"":0}",True,177980.0,168345.0,1.057233657073272,170,170,183,183
epfl-random_control-voter-internal10957-7dc361262b,random_control,voter.aig,internal,12,12,fixed-050-c00,0.5,6,6,6,11772314085115202646,"{""x0"":1,""x2"":0,""x3"":0,""x4"":1,""x6"":1,""x9"":0}",True,179245.0,188000.0,0.9534308510638297,170,170,183,183
epfl-random_control-voter-internal10957-7dc361262b,random_control,voter.aig,internal,12,12,fixed-050-c01,0.5,6,6,6,14654798407582594086,"{""x1"":0,""x11"":1,""x2"":1,""x3"":0,""x6"":0,""x7"":0}",True,207690.0,191120.0,1.0866994558392633,170,170,183,183
epfl-random_control-voter-internal10957-7dc361262b,random_control,voter.aig,internal,12,12,fixed-050-c02,0.5,6,6,6,3601347963218413280,"{""x10"":1,""x2"":0,""x4"":1,""x5"":1,""x6"":0,""x9"":1}",True,176075.0,206760.0,0.8515912168698008,170,170,183,183
epfl-random_control-voter-internal10957-7dc361262b,random_control,voter.aig,internal,12,12,fixed-050-c03,0.5,6,6,6,7036511972692282215,"{""x0"":1,""x1"":1,""x10"":0,""x4"":1,""x5"":1,""x6"":0}",True,193640.0,198460.0,0.9757129900231785,170,170,183,183
epfl-random_control-voter-internal10957-7dc361262b,random_control,voter.aig,internal,12,12,fixed-075-c00,0.75,9,3,3,7783932114062165772,"{""x0"":1,""x1"":1,""x10"":0,""x2"":0,""x3"":0,""x5"":0,""x6"":0,""x7"":0,""x8"":0}",True,38140.0,38625.0,0.9874433656957928,170,170,183,183
epfl-random_control-voter-internal10957-7dc361262b,random_control,voter.aig,internal,12,12,fixed-075-c01,0.75,9,3,3,1792374770137499904,"{""x1"":0,""x11"":1,""x2"":1,""x3"":0,""x4"":1,""x6"":1,""x7"":1,""x8"":1,""x9"":1}",True,39505.0,39560.0,0.9986097067745198,170,170,183,183
epfl-random_control-voter-internal10957-7dc361262b,random_control,voter.aig,internal,12,12,fixed-075-c02,0.75,9,3,3,7103487585379172816,"{""x0"":0,""x1"":1,""x11"":1,""x4"":1,""x5"":1,""x6"":0,""x7"":1,""x8"":1,""x9"":1}",True,40275.0,40255.0,1.000496832691591,170,170,183,183
epfl-random_control-voter-internal10957-7dc361262b,random_control,voter.aig,internal,12,12,fixed-075-c03,0.75,9,3,3,8828082054736216711,"{""x0"":0,""x10"":0,""x3"":1,""x4"":0,""x5"":0,""x6"":0,""x7"":0,""x8"":0,""x9"":1}",True,40085.0,40335.0,0.9938019090120243,170,170,183,183
