corpus,id,live_k,ambient_n,op_family,shape,current_engine,cm_instructions,cse_flat_instructions,raw_instructions,cm_executed_bigint_ops,cse_flat_executed_bigint_ops,raw_executed_bigint_ops,cm_executed_word_ops,cse_flat_executed_word_ops,raw_executed_word_ops,cm_current_ns_median,cm_wrapper_ns_median,cse_flat_current_ns_median,raw_current_ns_median,cm_current_over_cse_flat_current,cm_wrapper_over_cse_flat_current,cm_current_over_raw_current,cm_wrapper_over_raw_current,cse_flat_current_over_raw_current,cm_flat_ns_median,cm_words_ns_median,cse_flat_flat_ns_median,cse_flat_words_ns_median,raw_flat_ns_median,raw_words_ns_median,truth_sha256_expected,packed_sha256,packed_equal_all_arms,batch,rounds
b2,b2-k4-xor_dom-tree-1-8b6c553e4c62,4,4,xor_dom,tree,flat,6,6,6,9,9,9,7,7,7,3044.0,26031.5,3486.0,3236.0,0.8732071141709696,7.467441193344808,0.9406674907292955,8.044344870210136,1.07725587144623,2505.0,2564.5,3085.0,3096.0,2893.0,2815.0,8e05696833e6832e8ad694ea4bef56ad3e4d9944c35799f8a67e1fc7312907e6,8e05696833e6832e8ad694ea4bef56ad3e4d9944c35799f8a67e1fc7312907e6,True,100,24
b2,b2-k4-xor_dom-tree-2-186a2a5c9bf0,4,4,xor_dom,tree,flat,2,2,3,3,3,3,3,3,3,1729.0,21426.5,2010.0,1669.0,0.8601990049751244,10.65995024875622,1.035949670461354,12.83792690233673,1.2043139604553625,1500.0,1580.0,1823.5,1776.5,1426.5,1506.0,a22175a602c02145cc695f9333f8ddfcc5cf32cebe88d461f157889dfd8e9468,a22175a602c02145cc695f9333f8ddfcc5cf32cebe88d461f157889dfd8e9468,True,100,24
b2,b2-k4-xor_dom-tree-3-128078f3da7b,4,4,xor_dom,tree,flat,7,7,8,11,11,11,8,8,8,2636.5,20474.5,2901.0,2369.5,0.9088245432609445,7.0577387107893825,1.11268200042203,8.640852500527538,1.2243089259337412,2798.5,2817.5,3105.5,3062.0,2521.0,2514.0,62e7c221122cae8423ae3abd29d9fc9c53287f46a67c831dc0fd497948602a48,62e7c221122cae8423ae3abd29d9fc9c53287f46a67c831dc0fd497948602a48,True,100,24
b2,b2-k4-xor_dom-tree-4-9a5b24a5b691,4,4,xor_dom,tree,flat,2,2,5,3,5,5,3,5,5,1863.5,22431.0,2230.5,2161.5,0.8354629006949115,10.056489576328177,0.8621327781633125,10.377515614156836,1.0319222761970854,1731.0,1802.5,2159.5,2114.5,2024.0,2086.5,bf03ae910baf5f6fdb652b910c8004017dd76989a1ecd128aef435bdf5bfdff9,bf03ae910baf5f6fdb652b910c8004017dd76989a1ecd128aef435bdf5bfdff9,True,100,24
b2,b2-k4-xor_dom-shared-1-b3e4cd19e589,4,4,xor_dom,shared,flat,4,5,17,7,12,19,6,11,18,2231.5,21478.0,2974.0,4009.5,0.7503362474781439,7.221923335574983,0.5565531861828158,5.35677765307395,0.741738371368001,2132.0,2270.5,2854.5,2840.0,4095.0,3946.5,9a83c6cb1126d93de4a30715b28f1f4b26b983c57fb39e6d826d7e893ae4ee74,9a83c6cb1126d93de4a30715b28f1f4b26b983c57fb39e6d826d7e893ae4ee74,True,100,24
b2,b2-k4-xor_dom-shared-2-d4c0909c8173,4,4,xor_dom,shared,flat,7,8,27,14,18,29,12,16,27,2970.5,21939.5,3627.0,5439.0,0.8189964157706093,6.048938516680452,0.5461481890053319,4.033737819452105,0.6668505239933812,3081.5,3095.0,3698.5,3693.0,5852.5,5630.0,bfa9ad6c53bd4fa5c103452ec0f0c7e0d582abdd55bb8f39362c766dd459e870,bfa9ad6c53bd4fa5c103452ec0f0c7e0d582abdd55bb8f39362c766dd459e870,True,100,24
b2,b2-k4-xor_dom-shared-3-88f8242fa307,4,4,xor_dom,shared,flat,4,6,23,8,17,24,7,16,23,2197.0,20938.0,3235.5,4758.0,0.6790295163035079,6.471333642404574,0.46174863387978143,4.400588482555696,0.6800126103404792,2003.5,2033.5,3033.0,2978.5,4693.0,4487.0,ae8f3419f2285fc482b01c8e22707b13699ad50038026ce4618391aa1c675671,ae8f3419f2285fc482b01c8e22707b13699ad50038026ce4618391aa1c675671,True,100,24
b2,b2-k4-xor_dom-shared-4-28c644b1084a,4,4,xor_dom,shared,flat,6,8,21,9,16,23,8,15,22,2607.5,20937.0,3638.0,4374.5,0.7167399670148433,5.755085211654755,0.5960681220710938,4.786146988227226,0.8316379014744543,2507.0,2542.5,3520.0,3505.5,4402.5,4283.0,8fe99e1d4b27948fd5e99e3883f6e2954b653363a4874606a09becab762842ad,8fe99e1d4b27948fd5e99e3883f6e2954b653363a4874606a09becab762842ad,True,100,24
b2,b2-k4-andor_dom-tree-1-ea13a53017b8,4,4,andor_dom,tree,flat,2,2,3,5,5,5,4,4,4,1730.5,20306.5,2001.0,1741.5,0.8648175912043978,10.148175912043978,0.9936836060867069,11.660350272753373,1.1490094745908699,1585.5,1638.5,1907.0,1851.5,1567.5,1642.5,0d9ba34f231adf13041d4ad21fdfbf7209755748963a9c4683e00cef9a30f068,0d9ba34f231adf13041d4ad21fdfbf7209755748963a9c4683e00cef9a30f068,True,100,24
b2,b2-k4-andor_dom-tree-2-e674d60a6337,4,4,andor_dom,tree,flat,5,5,5,6,6,6,5,5,5,2280.5,20624.5,2579.5,1870.5,0.8840860631905408,7.995541771661174,1.219192729216787,11.026196204223469,1.3790430366212243,2182.0,2216.0,2519.5,2455.0,1772.5,1792.5,40b7b0acaa3a96600fe748a9adb72e7d390fff319c0a222f724ecd7159384a8d,40b7b0acaa3a96600fe748a9adb72e7d390fff319c0a222f724ecd7159384a8d,True,100,24
b2,b2-k4-andor_dom-tree-3-269b85d31c4b,4,4,andor_dom,tree,flat,3,3,3,5,5,5,4,4,4,1829.0,20471.5,2058.0,1608.0,0.8887269193391643,9.947278911564625,1.1374378109452736,12.731032338308458,1.2798507462686568,1725.0,1777.5,2043.5,1986.5,1484.0,1587.0,5eace7caa8a101d3105c0c338da64e3d62dd7d90b1e4f9a2846f43f9e99ab977,5eace7caa8a101d3105c0c338da64e3d62dd7d90b1e4f9a2846f43f9e99ab977,True,100,24
b2,b2-k4-andor_dom-tree-4-d96f9fff14ea,4,4,andor_dom,tree,flat,5,5,5,5,5,5,5,5,5,2355.5,21077.0,2615.0,1872.5,0.9007648183556405,8.060038240917782,1.2579439252336448,11.256074766355141,1.39652870493992,2177.5,2237.5,2500.0,2452.0,1678.0,1758.5,830dcc860e2f53775bdab51b1b2ff210ce23f6366ac76fba9168f62702456c31,830dcc860e2f53775bdab51b1b2ff210ce23f6366ac76fba9168f62702456c31,True,100,24
b2,b2-k4-andor_dom-shared-1-17ce9f3e12c6,4,4,andor_dom,shared,flat,7,8,22,15,16,26,14,15,24,3019.5,21938.0,3499.0,4296.0,0.8629608459559874,6.269791368962561,0.7028631284916201,5.106610800744879,0.8144785847299814,2921.5,2871.0,3373.5,3342.5,4286.5,4120.0,48b576dfc3447c7a0e6b513608937a23d02e6330c5ed01b0fc4ca98b2bca1feb,48b576dfc3447c7a0e6b513608937a23d02e6330c5ed01b0fc4ca98b2bca1feb,True,100,24
b2,b2-k4-andor_dom-shared-2-f7cba4ce652b,4,4,andor_dom,shared,flat,6,7,15,10,12,15,10,12,15,2765.0,21407.0,3287.0,3244.5,0.8411925768177669,6.512625494371767,0.8522114347357066,6.5979349668670055,1.0130990907689936,2791.5,2796.0,3318.0,3289.5,3343.0,3234.0,085edad400785fca7e7e90b1fac4beb776fc2beee5aa24352d5f39b5d57efcad,085edad400785fca7e7e90b1fac4beb776fc2beee5aa24352d5f39b5d57efcad,True,100,24
b2,b2-k4-andor_dom-shared-3-44c5bbe1b3b1,4,4,andor_dom,shared,flat,7,8,26,11,16,31,9,14,26,2726.5,23430.0,3462.5,4918.0,0.7874368231046931,6.7667870036101085,0.5543920292801952,4.7641317608784055,0.7040463603090688,2476.0,2523.0,3174.5,3137.0,4668.5,4529.5,8509b81230019d2ad970d970f791dfbdc8caf54f5c594fcd327cef9feed206c1,8509b81230019d2ad970d970f791dfbdc8caf54f5c594fcd327cef9feed206c1,True,100,24
b2,b2-k4-andor_dom-shared-4-f79caff75ff2,4,4,andor_dom,shared,flat,5,6,19,8,11,19,8,11,19,2402.5,20999.5,2969.0,3509.0,0.8091950151566184,7.072920175143146,0.6846679965802223,5.984468509546879,0.8461100028498147,2280.5,2341.0,2921.0,2892.5,3479.0,3471.5,474f2af47544e9c7ce4338cabd43c5ca1c26432b7300ce387406157ea433891f,474f2af47544e9c7ce4338cabd43c5ca1c26432b7300ce387406157ea433891f,True,100,24
b2,b2-k4-impeqv_dom-tree-1-d73fd085a946,4,4,impeqv_dom,tree,flat,3,3,3,9,9,9,6,6,6,1791.0,19313.0,2051.0,1804.0,0.8732325694783033,9.416382252559726,0.9927937915742794,10.705654101995565,1.1369179600886918,1736.5,1733.0,1992.0,1935.5,1732.0,1764.5,fac7a6ffd3e55613018acf3b37a17e37f496208ce155acaa10324695365069e4,fac7a6ffd3e55613018acf3b37a17e37f496208ce155acaa10324695365069e4,True,100,24
b2,b2-k4-impeqv_dom-tree-2-cf78873f00c4,4,4,impeqv_dom,tree,flat,4,4,4,12,12,12,8,8,8,2187.5,21534.0,2462.0,2180.5,0.8885052802599512,8.746547522339561,1.0032102728731942,9.875716578766339,1.1290988305434533,1973.5,1977.0,2225.5,2186.0,1988.5,1996.5,f3569af837bfacd4b4b6d0e65c49197d37f1adb3bea6b311aed40bf0e7c19204,f3569af837bfacd4b4b6d0e65c49197d37f1adb3bea6b311aed40bf0e7c19204,True,100,24
b2,b2-k4-impeqv_dom-tree-3-0dc01f652163,4,4,impeqv_dom,tree,flat,3,5,5,5,11,11,4,8,8,1858.0,20390.5,2630.0,2172.0,0.7064638783269962,7.753041825095057,0.8554327808471455,9.387891344383057,1.210865561694291,1725.5,1796.0,2540.0,2496.5,2058.0,2100.5,c06b3cef20609e99f07633eef2aced3698988d513f39c51d4537da1357179f21,c06b3cef20609e99f07633eef2aced3698988d513f39c51d4537da1357179f21,True,100,24
b2,b2-k4-impeqv_dom-tree-4-0bc2267938a0,4,4,impeqv_dom,tree,flat,3,3,3,9,9,9,6,6,6,1883.0,19970.5,2119.0,1884.5,0.8886267107126002,9.424492685228882,0.9992040328999735,10.597240647386574,1.1244361899708146,1765.0,1803.5,2039.5,2006.5,1772.5,1830.0,15b73ef77d3f7b4473e5e2ce1c8843189467ce6fd6df11d9065c5eb3c0ff877a,15b73ef77d3f7b4473e5e2ce1c8843189467ce6fd6df11d9065c5eb3c0ff877a,True,100,24
b2,b2-k4-impeqv_dom-shared-1-093bd06ebf38,4,4,impeqv_dom,shared,flat,13,13,39,30,30,73,21,21,51,4022.0,23470.5,4323.0,7809.5,0.9303724265556327,5.4292158223455935,0.5150137652858697,3.005378065177028,0.5535565657212369,4088.5,4015.0,4341.0,4271.5,8251.0,7811.5,6bad351a721281983a6e1f281d7336daf4112fd879642799cf6db6b2c12452a7,6bad351a721281983a6e1f281d7336daf4112fd879642799cf6db6b2c12452a7,True,100,24
b2,b2-k4-impeqv_dom-shared-2-85e742aeb5d6,4,4,impeqv_dom,shared,flat,11,12,21,28,30,55,19,21,38,3710.0,23937.0,4332.0,5971.5,0.8564173591874423,5.525623268698061,0.6212844343967178,4.008540567696559,0.7254458678723938,3820.0,3702.0,4272.5,4237.5,6209.5,5884.5,29e6cfa2a6ac59fbab9d5c4d6d564f4255760cf51fd7457a3e7fe343d48ef318,29e6cfa2a6ac59fbab9d5c4d6d564f4255760cf51fd7457a3e7fe343d48ef318,True,100,24
b2,b2-k4-impeqv_dom-shared-3-8552cadc9761,4,4,impeqv_dom,shared,flat,15,15,26,41,41,72,28,28,49,4985.0,25011.5,5277.5,7368.5,0.9445760303173851,4.739270487920417,0.6765284657664382,3.394381488769763,0.7162244690235462,4835.0,4626.0,4865.0,4808.5,7264.5,6863.0,5eac72d678bc6b54f36eebba0a3a7394388c0d248b38358a45456a92e9fc5724,5eac72d678bc6b54f36eebba0a3a7394388c0d248b38358a45456a92e9fc5724,True,100,24
b2,b2-k4-impeqv_dom-shared-4-f61110d6fca7,4,4,impeqv_dom,shared,flat,5,15,27,14,44,80,9,29,53,2216.5,19787.5,4863.5,7372.0,0.4557417497686851,4.068572016037833,0.30066467715680956,2.684142702116115,0.6597259902333152,2125.0,2136.5,4818.5,4732.5,7652.0,7274.5,af35cf33330c8003d7af1221cd460af6401a1f4936caf864fc5772657e3ca072,af35cf33330c8003d7af1221cd460af6401a1f4936caf864fc5772657e3ca072,True,100,24
b2,b2-k4-mixed-tree-1-6a5b06e30521,4,4,mixed,tree,flat,6,6,6,7,7,7,6,6,6,2646.5,22354.5,2925.5,2032.0,0.9046316868911297,7.641257904631687,1.3024114173228347,11.00123031496063,1.4397145669291338,2456.0,2497.0,2788.5,2734.5,1864.5,1909.5,e9af142af8c43e431b89ecd40f29bbd8c1068cad8afec9b8b07d2e0e9768edf6,e9af142af8c43e431b89ecd40f29bbd8c1068cad8afec9b8b07d2e0e9768edf6,True,100,24
b2,b2-k4-mixed-tree-2-39dcef306168,4,4,mixed,tree,flat,7,7,7,13,13,13,9,9,9,2740.0,21193.5,2979.5,2481.0,0.9196173854673603,7.113106225876825,1.1043933897621927,8.542321644498186,1.2009270455461507,2735.5,2711.5,2979.5,2938.5,2410.0,2410.0,d6702270d176bac32f4c82874128788420408e580e7c3a1be862bbfe2fb1a632,d6702270d176bac32f4c82874128788420408e580e7c3a1be862bbfe2fb1a632,True,100,24
b2,b2-k4-mixed-tree-3-42ca330baf1d,4,4,mixed,tree,flat,6,6,6,12,12,12,8,8,8,2528.0,21384.5,2796.5,2329.5,0.9039871267655999,7.646880028607187,1.0852114187593904,9.179866924232668,1.2004722043356943,2314.5,2351.5,2586.0,2570.5,2132.0,2154.0,e8822f532ae9349b2b5743c494efd216ed4e44f9ebc82a6b1cb54895a5b88433,e8822f532ae9349b2b5743c494efd216ed4e44f9ebc82a6b1cb54895a5b88433,True,100,24
b2,b2-k4-mixed-tree-4-21975d9e7f15,4,4,mixed,tree,flat,5,5,5,9,9,9,6,6,6,2365.0,23682.0,2651.0,2136.0,0.8921161825726142,8.933232742361373,1.1072097378277153,11.087078651685394,1.2411048689138577,2227.0,2275.0,2577.0,2523.0,1993.5,2054.5,46cc6a8cb5bcc0120f98b84c71699b2ac5b90cb34a781ae2a83305fa98cd8e67,46cc6a8cb5bcc0120f98b84c71699b2ac5b90cb34a781ae2a83305fa98cd8e67,True,100,24
b2,b2-k4-mixed-shared-1-1f8d2534cdb0,4,4,mixed,shared,flat,7,8,18,14,18,24,12,15,20,3124.5,23849.5,3819.0,4337.0,0.8181461115475255,6.2449594134590205,0.7204288678810238,5.499077703481669,0.8805626008761817,2761.5,2721.5,3295.0,3271.0,3894.5,3775.0,b8811852747cfa3620c3dd2af5d59498c240f208e689b4052bac934c29faf094,b8811852747cfa3620c3dd2af5d59498c240f208e689b4052bac934c29faf094,True,100,24
b2,b2-k4-mixed-shared-2-8d20aba853af,4,4,mixed,shared,flat,10,10,15,20,20,22,16,16,18,3576.5,22982.0,3950.0,3589.0,0.9054430379746835,5.818227848101266,0.9965171356923934,6.403455001393146,1.100585121203678,3503.5,3486.5,3813.0,3775.0,3572.0,3514.5,fcf0a6c700dd13e274b6fba8deea8dd9b26e4eedde3495717cac8408c9c5177f,fcf0a6c700dd13e274b6fba8deea8dd9b26e4eedde3495717cac8408c9c5177f,True,100,24
b2,b2-k4-mixed-shared-3-8ed832ddfd1a,4,4,mixed,shared,flat,13,13,27,29,29,48,22,22,37,4380.5,23262.0,4651.0,6063.5,0.9418404644162546,5.001505052676844,0.7224375360765235,3.836398119897749,0.7670487342294054,4400.5,4287.0,4509.5,4453.0,6187.5,6012.5,c0ba8a33ac67f44abff5984dfbb6f56c46b880ac2b86e1f23e7fa9c402c53ae7,c0ba8a33ac67f44abff5984dfbb6f56c46b880ac2b86e1f23e7fa9c402c53ae7,True,100,24
b2,b2-k4-mixed-shared-4-22af367a203f,4,4,mixed,shared,flat,9,9,18,24,24,40,18,18,29,3411.5,22511.5,3632.0,4697.5,0.9392896475770925,6.198100220264317,0.7262373602980309,4.792229909526344,0.7731772219265567,3369.0,3313.5,3550.5,3525.5,4746.5,4566.0,339e8fdd18e00f5d48bda16256b4afabd5106771063c47c993e05676cd5264e9,339e8fdd18e00f5d48bda16256b4afabd5106771063c47c993e05676cd5264e9,True,100,24
b2,b2-k6-xor_dom-tree-1-bd603bfcb13b,6,6,xor_dom,tree,flat,4,4,6,8,8,8,7,7,7,2586.0,23206.5,2875.5,2636.5,0.8993218570683359,8.070422535211268,0.980845818319742,8.802010240849611,1.090650483595676,2237.5,10621.5,2565.0,10728.5,2242.5,9796.5,134a2372b7a31f4577e0f1881cee72029d82b9b9f47e40e5367a07212656b59a,134a2372b7a31f4577e0f1881cee72029d82b9b9f47e40e5367a07212656b59a,True,100,24
b2,b2-k6-xor_dom-tree-2-186d01415e6e,6,6,xor_dom,tree,flat,1,1,5,5,5,5,5,5,5,1733.0,21433.0,1947.0,2097.0,0.8900873138161274,11.008217770929635,0.8264186933714831,10.220791607057702,0.9284692417739628,1605.0,9128.5,1902.5,9054.5,1978.5,7550.5,1d32e4a54704fac550a359f8a10b86059decdcb9c5508b41ff340958805d1bc1,1d32e4a54704fac550a359f8a10b86059decdcb9c5508b41ff340958805d1bc1,True,100,24
b2,b2-k6-xor_dom-tree-3-db17c2d558b5,6,6,xor_dom,tree,flat,3,3,6,7,7,7,6,6,6,2134.0,21481.5,2401.0,2280.0,0.8887963348604748,8.946897126197419,0.9359649122807018,9.42171052631579,1.0530701754385965,1958.5,9293.5,2300.5,9337.5,2144.5,8089.0,3771c86aaf3420499795d6e04e7615973a08aa7d0e4e4225479b5e45d6d790e9,3771c86aaf3420499795d6e04e7615973a08aa7d0e4e4225479b5e45d6d790e9,True,100,24
b2,b2-k6-xor_dom-tree-4-55e169562c2e,6,6,xor_dom,tree,flat,5,5,7,10,10,10,8,8,8,2461.5,20966.5,2713.0,2434.0,0.9072981938813122,7.728160707703649,1.0112982744453574,8.614009860312244,1.1146261298274445,2491.5,11380.5,2819.5,11368.0,2517.5,10593.5,77ec00a4540ec379e53185390153ae3788621199fb76ecced5ba563d8587d205,77ec00a4540ec379e53185390153ae3788621199fb76ecced5ba563d8587d205,True,100,24
b2,b2-k6-xor_dom-shared-1-9e510ec73f56,6,6,xor_dom,shared,flat,8,8,25,18,22,28,16,20,26,3818.5,24720.5,4316.5,5714.0,0.8846287501447933,5.7269778755936525,0.6682709135456772,4.32630381519076,0.7554252712635632,3501.0,21655.0,4020.0,27468.5,5496.5,30989.5,2aec3bc90a539e122dd54736db4e4400e5b5007095003e6c684efddffc04cfad,2aec3bc90a539e122dd54736db4e4400e5b5007095003e6c684efddffc04cfad,True,100,24
b2,b2-k6-xor_dom-shared-2-b6c3c0a8013a,6,6,xor_dom,shared,flat,4,4,15,8,14,15,8,14,15,2515.0,21688.0,3072.0,3767.5,0.8186848958333334,7.059895833333333,0.6675514266755143,5.756602521566025,0.8153948241539483,2380.0,12464.0,2924.5,21279.5,3723.5,18990.5,009e38e0d30da65985e43e9b34e826fd6f0eca25b432424470acf2b2d76135f2,009e38e0d30da65985e43e9b34e826fd6f0eca25b432424470acf2b2d76135f2,True,100,24
b2,b2-k6-xor_dom-shared-3-032bd0c6858d,6,6,xor_dom,shared,flat,7,7,23,17,21,35,14,18,29,3270.5,23244.5,3744.0,5459.5,0.8735309829059829,6.208466880341881,0.5990475318252587,4.2576243245718475,0.6857770858137192,3236.0,19125.0,3702.5,24422.0,5645.5,34968.5,647e06729ebad981aa02e88ae05b3d081a43127e3d34b56fbde7c6413b78f788,647e06729ebad981aa02e88ae05b3d081a43127e3d34b56fbde7c6413b78f788,True,100,24
b2,b2-k6-xor_dom-shared-4-2ef76830fe72,6,6,xor_dom,shared,flat,4,10,42,8,21,81,7,18,59,2373.0,21684.0,4430.5,10370.5,0.5356054621374563,4.894255727344544,0.22882213972325346,2.090931006219565,0.42722144544621765,2302.0,10780.0,4373.0,23462.0,11062.0,66798.5,edef7ad9513057d8979adaa108d88fbe5f634f3a3dc3c66f9364ef7e8032213f,edef7ad9513057d8979adaa108d88fbe5f634f3a3dc3c66f9364ef7e8032213f,True,100,24
b2,b2-k6-andor_dom-tree-1-0a0c172dd63a,6,6,andor_dom,tree,flat,3,3,5,5,5,5,5,5,5,2088.5,20147.5,2357.0,1982.0,0.8860840050912177,8.547942299533306,1.0537336024217963,10.165237134207871,1.1892028254288598,2076.5,8992.5,2424.5,9077.5,2008.0,7908.5,f848de93b27124b7b13eaefeb6bfa0087e5ebbdf95e1833f4dd9ff0a83e967ac,f848de93b27124b7b13eaefeb6bfa0087e5ebbdf95e1833f4dd9ff0a83e967ac,True,100,24
b2,b2-k6-andor_dom-tree-2-eff74425a5c6,6,6,andor_dom,tree,flat,4,4,8,7,8,8,7,8,8,2339.5,21001.5,2628.0,2372.0,0.890220700152207,7.991438356164384,0.9862984822934233,8.853920741989882,1.1079258010118045,2303.5,11393.5,2713.5,12901.0,2359.5,11116.0,cad6be77a54376f1a05420a4bc3d4683a92d6e8e364fbca00e2996debd78f326,cad6be77a54376f1a05420a4bc3d4683a92d6e8e364fbca00e2996debd78f326,True,100,24
b2,b2-k6-andor_dom-tree-3-d47d0c96cf7f,6,6,andor_dom,tree,flat,5,5,7,8,9,9,7,8,8,2653.5,22740.0,2946.0,2469.0,0.9007128309572301,7.718940936863544,1.074726609963548,9.210206561360875,1.1931956257594167,2501.5,10882.5,2869.0,12158.5,2369.5,11335.0,50914e4773046b53f84ce0f6f4539f4b538cc3fe27541eabae848d1b199cf00b,50914e4773046b53f84ce0f6f4539f4b538cc3fe27541eabae848d1b199cf00b,True,100,24
b2,b2-k6-andor_dom-tree-4-9dc0cd28326c,6,6,andor_dom,tree,flat,5,5,8,8,8,8,8,8,8,2772.5,24719.0,3115.5,2568.5,0.8899053121489328,7.9341999679024235,1.0794237882032314,9.623905002919992,1.2129647654272921,2405.0,12052.0,2685.0,12074.5,2183.0,10737.0,c9b8b2d93f46839e42d4fa0c013558ab346efeafcd9458aa0784a14e80460c26,c9b8b2d93f46839e42d4fa0c013558ab346efeafcd9458aa0784a14e80460c26,True,100,24
b2,b2-k6-andor_dom-shared-1-b8d344418390,6,6,andor_dom,shared,flat,10,13,29,18,21,36,15,18,29,4132.5,25135.0,5271.0,6240.5,0.7840068298235628,4.768544868146462,0.6622065539620223,4.027722137649227,0.8446438586651711,3802.5,18956.0,4814.0,22494.0,5913.0,30976.0,3e990d45c83fa01d9bf0c64b79ed7678df3c723614f0f7eccdc3d196fa3073e9,3e990d45c83fa01d9bf0c64b79ed7678df3c723614f0f7eccdc3d196fa3073e9,True,100,24
b2,b2-k6-andor_dom-shared-2-64893da6cbd9,6,6,andor_dom,shared,flat,8,12,43,16,21,48,14,19,44,3411.5,23715.5,4683.5,7920.5,0.7284082416995836,5.0636276289100035,0.43071775771731585,2.9941922858405405,0.5913136796919386,3426.0,19281.5,4693.5,24310.0,8376.5,49891.5,46386ff0eccd7a7871daa3122b418bbf8e0d0180eca74808a53b2c3ed970f50e,46386ff0eccd7a7871daa3122b418bbf8e0d0180eca74808a53b2c3ed970f50e,True,100,24
b2,b2-k6-andor_dom-shared-3-a125454cd529,6,6,andor_dom,shared,flat,6,8,21,15,18,25,13,16,22,3035.5,22504.5,3845.5,4718.5,0.7893641919126252,5.852164868027565,0.6433188513298718,4.769418247324362,0.814983575288757,2979.5,18863.0,3995.0,22853.5,4855.5,26096.5,3f710ac088db33363087de2b9a657541fe5447821debaa9fe5cbd538eb1a5f29,3f710ac088db33363087de2b9a657541fe5447821debaa9fe5cbd538eb1a5f29,True,100,24
b2,b2-k6-andor_dom-shared-4-0dd35386d57d,6,6,andor_dom,shared,flat,7,7,20,15,16,22,14,15,21,3284.5,22155.0,3631.5,4180.5,0.9044471981274955,6.100784799669558,0.7856715703863174,5.299605310369573,0.868675995694295,3299.0,20762.5,3711.5,22551.0,4289.5,26489.0,1656c269d0236784b54b17c8ef8406cea69739a8e3a204b3cbb8bfa53449f35b,1656c269d0236784b54b17c8ef8406cea69739a8e3a204b3cbb8bfa53449f35b,True,100,24
b2,b2-k6-impeqv_dom-tree-1-c05059f5591f,6,6,impeqv_dom,tree,flat,5,5,5,13,13,13,9,9,9,2753.0,22176.0,2994.5,2671.0,0.9193521456002671,7.405576890966772,1.0307001123174842,8.302508423811307,1.121115687008611,2706.0,12798.0,3005.5,12713.0,2635.0,12313.5,7524471d915b02b29cef6bb1183791a371f6ace366b980da3b4594da2e301b21,7524471d915b02b29cef6bb1183791a371f6ace366b980da3b4594da2e301b21,True,100,24
b2,b2-k6-impeqv_dom-tree-2-187a6f599749,6,6,impeqv_dom,tree,flat,8,8,8,20,20,20,13,13,13,3447.5,22301.0,3745.5,3355.5,0.92043785876385,5.95407822720598,1.027417672478021,6.64610341230815,1.116227089852481,3371.5,15795.0,3624.5,16094.0,3296.0,15850.0,1e13d706fb3dda034bfb6bd79f1f24f0a35baa6c661823432c53d2ac2c6be21a,1e13d706fb3dda034bfb6bd79f1f24f0a35baa6c661823432c53d2ac2c6be21a,True,100,24
b2,b2-k6-impeqv_dom-tree-3-9df370a422d4,6,6,impeqv_dom,tree,flat,9,9,9,22,22,22,15,15,15,3683.5,22068.5,3950.0,3473.0,0.9325316455696202,5.586962025316455,1.0606104232651885,6.354304635761589,1.1373452346674344,3617.0,18307.5,3883.5,18479.5,3375.0,18345.0,28a94295a090f24e443f2d252b023381603f14ffb2377f65b6be6020665e3e9a,28a94295a090f24e443f2d252b023381603f14ffb2377f65b6be6020665e3e9a,True,100,24
b2,b2-k6-impeqv_dom-tree-4-07d0d6da2af7,6,6,impeqv_dom,tree,flat,8,8,8,20,20,20,14,14,14,3497.5,23069.5,3770.5,3278.0,0.927595809574327,6.118419307784113,1.0669615619280048,7.037675411836486,1.1502440512507626,3600.0,18237.0,3803.5,18091.0,3294.0,18555.5,8f70d951764efc3a27090723594ff891fe9fb6f0f120509230ab0b05e930f6b6,8f70d951764efc3a27090723594ff891fe9fb6f0f120509230ab0b05e930f6b6,True,100,24
b2,b2-k6-impeqv_dom-shared-1-f68095cd3ba2,6,6,impeqv_dom,shared,flat,18,18,21,49,49,56,33,33,38,6251.0,25764.5,6549.5,6840.0,0.9544240018322009,3.933811741354302,0.9138888888888889,3.7667397660818716,0.9575292397660818,6587.5,40276.5,6634.5,39850.0,7313.5,46139.5,456fa9ee42dce63c64416e513d4e929a4ee3caabd2db6c1d980b63123ef8151d,456fa9ee42dce63c64416e513d4e929a4ee3caabd2db6c1d980b63123ef8151d,True,100,24
b2,b2-k6-impeqv_dom-shared-2-22089ede1135,6,6,impeqv_dom,shared,flat,14,15,20,39,41,56,26,28,38,5219.0,23992.5,5831.5,6798.5,0.8949669896253108,4.114293063534253,0.7676693388247408,3.529087298668824,0.8577627417812753,5564.5,31464.5,5907.0,34739.5,7245.5,47423.5,da5dc6f3940660a47e580ca74507b1073a28fc8818f12f7901782e7f17c39b91,da5dc6f3940660a47e580ca74507b1073a28fc8818f12f7901782e7f17c39b91,True,100,24
b2,b2-k6-impeqv_dom-shared-3-32d1a4c2066e,6,6,impeqv_dom,shared,flat,16,18,27,38,44,65,26,30,43,6001.0,27934.5,7041.0,8372.5,0.8522937082800739,3.9674051981252663,0.716751269035533,3.3364586443714543,0.8409674529710361,5954.0,32004.5,6830.0,38162.0,8460.0,51834.0,ea0d9f4b80c89400af7c42e36ca3620d6893ac17c46c1fe18b9f59bbc42433b8,ea0d9f4b80c89400af7c42e36ca3620d6893ac17c46c1fe18b9f59bbc42433b8,True,100,24
b2,b2-k6-impeqv_dom-shared-4-3e4e99468c60,6,6,impeqv_dom,shared,flat,17,17,23,45,45,61,30,30,40,5861.5,26221.0,6126.5,7115.5,0.956745286868522,4.27993144536032,0.8237650200267023,3.68505375588504,0.861007659335254,6384.0,37056.5,6386.0,37495.5,8012.5,49688.0,f6b41ca15f86f66da7370a58a52c273cdddd507c80b432acf9de9d69ab5f6e54,f6b41ca15f86f66da7370a58a52c273cdddd507c80b432acf9de9d69ab5f6e54,True,100,24
b2,b2-k6-mixed-tree-1-9ecccc175ad2,6,6,mixed,tree,flat,7,7,7,15,15,15,11,11,11,3177.0,22813.0,3498.0,2893.5,0.9082332761578045,6.521726700971984,1.0979782270606533,7.8842232590288575,1.2089165370658372,3108.0,15001.5,3452.5,14925.5,2812.5,14830.0,cc748c8dd498ebf4ba264da58e9b3b3c3cd35ba8a8d734c934c91675c283fc04,cc748c8dd498ebf4ba264da58e9b3b3c3cd35ba8a8d734c934c91675c283fc04,True,100,24
b2,b2-k6-mixed-tree-2-40b1238ea748,6,6,mixed,tree,flat,8,8,8,15,15,15,11,11,11,3349.0,23560.0,3651.5,2949.0,0.9171573326030399,6.452142954950021,1.1356391997287216,7.989148864021702,1.2382163445235672,3396.5,15256.0,3563.0,14819.5,2954.0,14825.0,50b964a05d1cc7f170c8e535883101b324eeedb8ca72b9b15fb11465c0efdc4c,50b964a05d1cc7f170c8e535883101b324eeedb8ca72b9b15fb11465c0efdc4c,True,100,24
b2,b2-k6-mixed-tree-3-aeb0c639e3f5,6,6,mixed,tree,flat,5,5,6,10,10,10,8,8,8,2623.5,22329.5,2898.0,2452.5,0.90527950310559,7.705141476880607,1.0697247706422017,9.104791029561671,1.181651376146789,2633.5,12041.0,3017.5,11910.0,2436.5,11549.5,70502cbecab45d272c4e30db55dde2af39dabf59ea4cb5b06c13d6335e5470af,70502cbecab45d272c4e30db55dde2af39dabf59ea4cb5b06c13d6335e5470af,True,100,24
b2,b2-k6-mixed-tree-4-987f3c678ab0,6,6,mixed,tree,flat,8,8,9,16,16,16,12,12,12,3444.0,23005.0,3698.0,3057.5,0.9313142239048134,6.22093023255814,1.1264104660670482,7.5241210139002455,1.2094848732624692,3429.5,16636.5,3663.0,15983.5,3096.0,16105.5,4506d091ec25797f922490bd81243c8f7290dc8a6844c6537f3e46dd4720faf9,4506d091ec25797f922490bd81243c8f7290dc8a6844c6537f3e46dd4720faf9,True,100,24
b2,b2-k6-mixed-shared-1-bf5809ef3c65,6,6,mixed,shared,flat,10,10,49,20,20,59,17,17,54,4018.5,23545.5,4374.5,8938.5,0.9186192707738027,5.382443707852326,0.449572075851653,2.6341668065111596,0.48939978743637075,4188.0,22968.0,4376.5,23309.5,10070.5,65347.0,d80e470e33e534894d3e5df0e299031a7e9f0ac845d9035403c74342fad902d2,d80e470e33e534894d3e5df0e299031a7e9f0ac845d9035403c74342fad902d2,True,100,24
b2,b2-k6-mixed-shared-2-33593cbc9843,6,6,mixed,shared,flat,14,15,25,30,31,42,23,24,32,5233.5,25741.5,5833.5,6372.0,0.8971457958344047,4.412702494214451,0.8213276836158192,4.0397834274952915,0.9154896421845574,5035.5,28404.5,5500.5,29533.0,6275.5,37395.5,991201b381b64d183be8d60df0a5b23afa16a6c4f1747ae0fafc957a288b8155,991201b381b64d183be8d60df0a5b23afa16a6c4f1747ae0fafc957a288b8155,True,100,24
b2,b2-k6-mixed-shared-3-a377b00385d6,6,6,mixed,shared,flat,15,15,36,33,33,68,26,26,52,5453.5,26003.0,5708.0,8690.0,0.9554134548002803,4.555536089698669,0.627560414269275,2.9922899884925203,0.6568469505178366,5611.5,33717.0,5889.0,33337.5,9124.0,62739.0,5683fd468752a8eebd3fecdf82e47864ac13a8699d5fe2495930fb25fa755b75,5683fd468752a8eebd3fecdf82e47864ac13a8699d5fe2495930fb25fa755b75,True,100,24
b2,b2-k6-mixed-shared-4-d71d1df79e0f,6,6,mixed,shared,flat,11,15,34,22,31,57,17,24,42,4229.5,23581.5,5649.5,7817.0,0.748650323037437,4.174086202318789,0.5410643469361648,3.016694384034796,0.7227197134450557,4303.5,21990.5,5721.0,30412.0,8114.0,49051.5,649807f9b389602dad3c9be515538cf94aea9d5cc3dfb85d443ffc48f9d24360,649807f9b389602dad3c9be515538cf94aea9d5cc3dfb85d443ffc48f9d24360,True,100,24
b2,b2-k8-xor_dom-tree-1-e3305253a197,8,8,xor_dom,tree,flat,8,8,11,13,13,13,11,11,11,3493.0,23313.5,3716.5,3166.5,0.9398627741154312,6.272971882147181,1.1031106900363177,7.362545397126165,1.173693352281699,3396.5,12166.0,3633.0,12343.5,3103.5,13306.5,46af8650e56cb3d8316990197ae711b02c6005066cac2953e04fc0ca70015a55,46af8650e56cb3d8316990197ae711b02c6005066cac2953e04fc0ca70015a55,True,100,24
b2,b2-k8-xor_dom-tree-2-13ed19191907,8,8,xor_dom,tree,flat,8,8,12,17,17,17,14,14,14,3846.5,25215.0,4164.5,3875.5,0.9236402929523352,6.054748469203986,0.9925170945684428,6.506257257128112,1.0745710230937944,3625.0,14608.0,3962.5,14763.5,3716.0,16361.0,e1816aca7b95dbe067940f525f729f06e1e3535d98b933099d96513ab738a3bc,e1816aca7b95dbe067940f525f729f06e1e3535d98b933099d96513ab738a3bc,True,100,24
b2,b2-k8-xor_dom-tree-3-6411e7a81de6,8,8,xor_dom,tree,flat,8,8,12,18,18,18,14,14,14,3789.0,22921.5,4061.0,3893.5,0.933021423294755,5.644299433637035,0.9731603955310132,5.887119558238089,1.043020418646462,3673.0,14280.5,3983.5,14201.5,3818.5,15802.5,e3b16859071e39ef7e23d1c58adf4b4d9f7bd4834a5d7fb37c7e5bd4ffc3bf12,e3b16859071e39ef7e23d1c58adf4b4d9f7bd4834a5d7fb37c7e5bd4ffc3bf12,True,100,24
b2,b2-k8-xor_dom-tree-4-c77ef7ea382c,8,8,xor_dom,tree,flat,8,8,10,13,13,13,11,11,11,3537.5,22858.5,3854.5,3150.0,0.9177584641328318,5.930341159683487,1.123015873015873,7.256666666666667,1.2236507936507937,3643.5,13419.0,4054.0,13608.5,3337.5,14418.5,64256c18b54a69684f950bf04e330c2a5d4ff3ee20ae16427bd89a85344dbdf6,64256c18b54a69684f950bf04e330c2a5d4ff3ee20ae16427bd89a85344dbdf6,True,100,24
b2,b2-k8-xor_dom-shared-1-39a6b403d2d3,8,8,xor_dom,shared,flat,10,10,27,20,24,32,17,21,29,4446.0,25122.0,5020.5,6409.5,0.8855691664176875,5.003884075291306,0.693657851626492,3.9194945003510413,0.783290428270536,4355.5,18327.0,4904.0,20767.5,6688.5,35492.5,969e55e56254cb0c53aae5eaf2bf2ae32c59ac1ba8cda5ed517b46ff3a91b000,969e55e56254cb0c53aae5eaf2bf2ae32c59ac1ba8cda5ed517b46ff3a91b000,True,100,24
b2,b2-k8-xor_dom-shared-2-13d2013b2012,8,8,xor_dom,shared,flat,2,3,18,10,17,24,9,16,21,2351.5,21072.5,3118.5,4764.0,0.7540484207150874,6.757255090588424,0.49359781696053734,4.423278757346767,0.6545969773299748,2263.0,9211.5,3204.0,14740.5,5011.5,25470.5,c685e7aa0cf19a6f715b097a9d3252953f12dde3bf98a0f43deef53ac6245c78,c685e7aa0cf19a6f715b097a9d3252953f12dde3bf98a0f43deef53ac6245c78,True,100,24
b2,b2-k8-xor_dom-shared-3-c2eeb3424108,8,8,xor_dom,shared,flat,6,8,31,17,22,35,16,20,32,3364.0,23000.0,4207.0,6626.0,0.7996196814832423,5.467078678393154,0.5076969514035617,3.4711741623905827,0.6349230304859644,3331.5,15441.0,4324.5,18730.0,7150.0,37246.0,6eb7bcba5a6aa5f243c21c44059f0b469b9f09ed9a02eb46abb5d3b379a21f83,6eb7bcba5a6aa5f243c21c44059f0b469b9f09ed9a02eb46abb5d3b379a21f83,True,100,24
b2,b2-k8-xor_dom-shared-4-b7ecc9bde8c8,8,8,xor_dom,shared,flat,15,16,43,24,27,50,21,24,43,5472.0,24858.5,6163.0,8841.5,0.8878792795716371,4.033506409216291,0.6188995080020359,2.811570434880959,0.6970536673641351,5578.0,23582.0,6191.0,25597.5,10144.0,50782.0,288e53bef7c9f70b78ec03366f445225a7937c0d6c72724b6d60e44db6fd53a4,288e53bef7c9f70b78ec03366f445225a7937c0d6c72724b6d60e44db6fd53a4,True,100,24
b2,b2-k8-andor_dom-tree-1-0a99939bca63,8,8,andor_dom,tree,flat,6,6,9,12,12,12,10,10,10,3035.5,23872.5,3360.0,2893.5,0.903422619047619,7.104910714285714,1.0490755140832901,8.250388802488336,1.1612234318299637,2904.5,11026.0,3313.5,11065.5,2893.5,12057.0,8fd28e1480f36482da1a002c844de2475a8c1509bb3c5f17bc852f253674c754,8fd28e1480f36482da1a002c844de2475a8c1509bb3c5f17bc852f253674c754,True,100,24
b2,b2-k8-andor_dom-tree-2-cbc8a38367ce,8,8,andor_dom,tree,flat,7,7,8,9,9,9,8,8,8,3194.0,23327.5,3514.5,2644.0,0.908806373595106,6.637501778346849,1.208018154311649,8.822806354009078,1.3292360060514372,3004.0,10047.0,3436.5,10095.5,2520.0,10462.5,3d79bfe61802b728b5e2d9a5a13fc4c2e855c7614300109f66b4512e32c1ca43,3d79bfe61802b728b5e2d9a5a13fc4c2e855c7614300109f66b4512e32c1ca43,True,100,24
b2,b2-k8-andor_dom-tree-3-329734acd78e,8,8,andor_dom,tree,flat,6,6,9,10,10,10,9,9,9,3015.5,22647.0,3268.5,2779.5,0.922594462291571,6.928866452501147,1.0849073574383883,8.147868321640583,1.1759309228278467,2998.0,10446.0,3226.5,10567.0,2685.5,11734.5,de720284cb8b83b7752b2428ee149a8a958c8b0df09a2818c89b1d2e9cec3291,de720284cb8b83b7752b2428ee149a8a958c8b0df09a2818c89b1d2e9cec3291,True,100,24
b2,b2-k8-andor_dom-tree-4-fa17785afafe,8,8,andor_dom,tree,flat,9,9,10,12,12,12,10,10,10,3950.5,25963.0,4180.5,3282.5,0.9449826575768449,6.210501136227724,1.2035034272658034,7.909520182787509,1.2735719725818735,3486.0,11824.0,3753.0,11776.0,2887.0,12030.5,e81aaaaf5c7365dfb830e4ef552588ef192a92c961dc5d3b2d0774e6f5f42835,e81aaaaf5c7365dfb830e4ef552588ef192a92c961dc5d3b2d0774e6f5f42835,True,100,24
b2,b2-k8-andor_dom-shared-1-69a470723d85,8,8,andor_dom,shared,flat,8,8,24,18,19,37,16,17,30,3634.5,23903.5,3914.5,5606.5,0.9284710691020565,6.106399284710691,0.6482654062249175,4.263533398733613,0.698207437795416,3575.5,15486.5,3912.0,16179.0,5761.5,30367.5,d09260b32b9036615aa0a298b0be0cb238f5a32466a24e74b66ac6cfc665270a,d09260b32b9036615aa0a298b0be0cb238f5a32466a24e74b66ac6cfc665270a,True,100,24
b2,b2-k8-andor_dom-shared-2-775ee4cbbb58,8,8,andor_dom,shared,flat,10,12,24,18,21,28,16,19,25,4148.5,24826.0,4997.5,5157.5,0.8301150575287644,4.967683841920961,0.8043625787687834,4.813572467280659,0.9689772176442074,4179.5,18157.5,5018.5,20409.0,5399.5,30077.0,64736495552f7d588011b5d4dee6824053c01ef39c79204d75808e0ed5578a72,64736495552f7d588011b5d4dee6824053c01ef39c79204d75808e0ed5578a72,True,100,24
b2,b2-k8-andor_dom-shared-3-5e5303eaddfb,8,8,andor_dom,shared,flat,14,14,26,23,23,30,20,20,26,5042.0,25907.0,5360.0,5373.0,0.9406716417910448,4.833395522388059,0.938395682114275,4.8217010980830075,0.9975804950679322,5008.0,21121.0,5356.0,20544.0,5558.5,29389.5,84d9f58be131996c613a24c6bad7f9cfc8fc2dced6da06cbeae5828f30c5ba7a,84d9f58be131996c613a24c6bad7f9cfc8fc2dced6da06cbeae5828f30c5ba7a,True,100,24
b2,b2-k8-andor_dom-shared-4-0f2c3ce95a60,8,8,andor_dom,shared,flat,13,14,28,23,24,30,21,22,28,4833.0,23446.0,5410.0,5309.0,0.8933456561922366,4.333826247689464,0.9103409304953852,4.4162742512714255,1.0190242983612734,4710.5,21060.5,5297.5,22038.0,5382.5,32201.0,25e947aaa44b7574bce0d0ac4d91d63489a7837f6af73764eab3cc83eff2b01f,25e947aaa44b7574bce0d0ac4d91d63489a7837f6af73764eab3cc83eff2b01f,True,100,24
b2,b2-k8-impeqv_dom-tree-1-3976cb8a8eb7,8,8,impeqv_dom,tree,flat,9,9,9,21,21,21,14,14,14,3799.0,23212.0,4046.0,3564.0,0.9389520514087988,5.737024221453288,1.0659371492704826,6.512906846240179,1.1352413019079686,3908.0,13909.0,4197.0,13965.0,3581.0,13793.0,9531d19a39d1a78eec73434e717a83cf79fa45f90d2765dc523db518b3697bef,9531d19a39d1a78eec73434e717a83cf79fa45f90d2765dc523db518b3697bef,True,100,24
b2,b2-k8-impeqv_dom-tree-2-575c0b583dee,8,8,impeqv_dom,tree,flat,13,13,13,31,31,31,21,21,21,5182.0,24567.5,5513.0,4759.0,0.9399600943225104,4.456285144204608,1.088884219373818,5.162324017650767,1.1584366463542761,5231.5,19172.0,5459.5,18965.5,4868.0,19028.0,f88dc445236ad27d04c5a74e2871821110c0dc36e8dae49131312ad077f3261a,f88dc445236ad27d04c5a74e2871821110c0dc36e8dae49131312ad077f3261a,True,100,24
b2,b2-k8-impeqv_dom-tree-3-d5e4f370e98e,8,8,impeqv_dom,tree,flat,13,13,13,31,31,31,21,21,21,5156.5,24563.0,5426.5,4794.0,0.9502441721183083,4.526490371325901,1.0756153525239882,5.1236962870254485,1.1319357530246141,5077.0,19018.5,5291.5,19123.5,4841.5,19144.5,e673bd4ecbb357747580f30354acd0a1fe7a42af6dcd35f60e2af6c926e4ee1a,e673bd4ecbb357747580f30354acd0a1fe7a42af6dcd35f60e2af6c926e4ee1a,True,100,24
b2,b2-k8-impeqv_dom-tree-4-e0ca29a93790,8,8,impeqv_dom,tree,flat,8,8,9,23,23,23,16,16,16,4233.0,25466.5,4153.0,3726.0,1.0192631832410306,6.132073200096316,1.1360708534621577,6.834809447128288,1.1146001073537306,3871.5,14656.5,4014.5,14451.5,3814.0,14821.5,f1b43719eaea9c28c2bcc7797b027fa9e77c4aaea97a7806365d47a0924e2909,f1b43719eaea9c28c2bcc7797b027fa9e77c4aaea97a7806365d47a0924e2909,True,100,24
b2,b2-k8-impeqv_dom-shared-1-773a9da63c46,8,8,impeqv_dom,shared,flat,19,19,23,50,50,60,34,34,41,7009.0,26495.0,7257.0,7858.5,0.9658260989389555,3.650957696017638,0.8919004899153783,3.371508557612776,0.9234586753197175,7166.0,29171.0,7396.0,29069.5,8005.0,35279.5,3b65ebd0507c96a532e9ddb9576f815bc022606a088fa00e45975372ceca63d2,3b65ebd0507c96a532e9ddb9576f815bc022606a088fa00e45975372ceca63d2,True,100,24
b2,b2-k8-impeqv_dom-shared-2-dc9d85a45968,8,8,impeqv_dom,shared,flat,15,17,20,45,51,60,30,34,40,5979.5,25892.0,6844.0,7399.0,0.8736849795441263,3.783167738164816,0.8081497499662117,3.499391809704014,0.924989863495067,6230.5,25048.5,6890.0,28201.5,7868.0,33443.0,a20f0fa32a3ae96daafe19c0fdfc34275718c1a7704b8f97b39c81440d0d66a1,a20f0fa32a3ae96daafe19c0fdfc34275718c1a7704b8f97b39c81440d0d66a1,True,100,24
b2,b2-k8-impeqv_dom-shared-3-94e2d9a0a313,8,8,impeqv_dom,shared,flat,19,19,28,50,50,68,33,33,46,7166.0,26779.0,7495.5,8866.0,0.9560402908411714,3.5726769394970317,0.808256259869163,3.0204150688021656,0.8454207083239341,7306.5,28014.0,7397.5,27409.5,9038.5,39068.5,fd1f53f68b66014297161c5dffa9b1fc333d2a86ec2b4e2e6104bc0d6b795d70,fd1f53f68b66014297161c5dffa9b1fc333d2a86ec2b4e2e6104bc0d6b795d70,True,100,24
b2,b2-k8-impeqv_dom-shared-4-2f7845a8dfa7,8,8,impeqv_dom,shared,flat,19,19,36,48,48,99,33,33,67,6765.0,25650.5,7055.0,11359.5,0.9588944011339475,3.6357902197023386,0.5955367753862406,2.2580659360007043,0.6210660680487697,7146.5,28560.5,7580.5,28302.0,12440.0,54790.5,48e63c1a11cb0d080536dcb51cc2d060417613566341202ea999668099542938,48e63c1a11cb0d080536dcb51cc2d060417613566341202ea999668099542938,True,100,24
b2,b2-k8-mixed-tree-1-37379aed18cc,8,8,mixed,tree,flat,9,9,10,17,18,18,13,14,14,3874.0,24261.5,4217.0,3471.0,0.9186625563196585,5.753260611809343,1.1161048689138577,6.989772399884759,1.2149236531259002,3774.0,13881.0,4031.0,14728.5,3410.5,15200.5,46857c01ef2600404806313e98a00270bda713004aad3f522ef97f8b99dbf8d3,46857c01ef2600404806313e98a00270bda713004aad3f522ef97f8b99dbf8d3,True,100,24
b2,b2-k8-mixed-tree-2-64fdfc904809,8,8,mixed,tree,flat,10,10,11,17,17,17,14,14,14,4804.0,27656.5,5148.0,3995.5,0.9331779331779332,5.372280497280498,1.2023526467275685,6.9219121511700665,1.2884495056939056,4616.0,17194.5,4945.5,18587.0,3893.5,18243.0,3331a38050c24c8daa54e6b7c23ad776764e78a23ae0b95a773dc5d240371a38,3331a38050c24c8daa54e6b7c23ad776764e78a23ae0b95a773dc5d240371a38,True,100,24
b2,b2-k8-mixed-tree-3-1a734e9283ab,8,8,mixed,tree,flat,6,6,7,11,11,11,9,9,9,3085.0,23478.5,3499.5,2823.5,0.8815545077868266,6.709101300185741,1.0926155480786257,8.315388701965645,1.2394191606162563,2962.0,10521.5,3284.5,10464.0,2649.5,10765.5,90c94f3372b4e17bacff811f01bca854e743251196514d9791e9a8aec42244f0,90c94f3372b4e17bacff811f01bca854e743251196514d9791e9a8aec42244f0,True,100,24
b2,b2-k8-mixed-tree-4-e12838f7e137,8,8,mixed,tree,flat,8,8,11,15,15,15,12,12,12,3623.0,23794.5,3897.5,3327.0,0.9295702373316228,6.10506735086594,1.0889690411782387,7.151938683498647,1.1714758040276525,3485.5,13028.5,3779.5,12918.0,3300.0,14311.0,ac5919231d3637285700f6c4c5aa7c8aac2c0236c2c6c2db742a320a6b46e66d,ac5919231d3637285700f6c4c5aa7c8aac2c0236c2c6c2db742a320a6b46e66d,True,100,24
b2,b2-k8-mixed-shared-1-1c2a917da296,8,8,mixed,shared,flat,12,13,29,28,30,53,22,24,40,5097.0,25148.5,5800.0,7750.0,0.8787931034482759,4.335948275862069,0.6576774193548387,3.2449677419354837,0.7483870967741936,5103.0,21730.5,5864.5,23519.0,8066.0,40790.0,084e640fa57cbf5f097fd08636fe5e98e23839d95c532099efe1a7a838dbafca,084e640fa57cbf5f097fd08636fe5e98e23839d95c532099efe1a7a838dbafca,True,100,24
b2,b2-k8-mixed-shared-2-3705369d2025,8,8,mixed,shared,flat,9,11,23,22,27,39,18,22,31,4222.5,23870.5,5106.0,6039.0,0.8269682726204466,4.674990207598904,0.6992051664182811,3.9527239609206823,0.8455042225534029,4184.0,17837.5,5193.5,21383.5,6250.5,31515.5,ca72bc9bb4f0f6e2ddd3d641d94a62163a066af9d77ac3937cb00d134dfd46f2,ca72bc9bb4f0f6e2ddd3d641d94a62163a066af9d77ac3937cb00d134dfd46f2,True,100,24
b2,b2-k8-mixed-shared-3-7ac091ab0ff3,8,8,mixed,shared,flat,15,16,31,35,36,49,27,28,40,5760.0,24938.5,6376.5,7425.0,0.903316866619619,3.911001333019682,0.7757575757575758,3.3587205387205388,0.8587878787878788,5962.0,25325.5,6630.0,25933.5,8003.0,41677.5,4248c9b3f703df679b477bf075256cda4912f14382e7e3af86f3adc3a2bef552,4248c9b3f703df679b477bf075256cda4912f14382e7e3af86f3adc3a2bef552,True,100,24
b2,b2-k8-mixed-shared-4-761923963fb0,8,8,mixed,shared,flat,10,10,23,23,24,37,19,20,30,4849.0,25985.0,5027.5,6374.0,0.9644952759820985,5.168572849328692,0.760746783809225,4.0767179165359275,0.7887511766551616,4413.5,18319.0,4671.0,18530.0,6008.5,30347.5,0f26ac14628db4891a38eb6cc5ecb59db84a9796c433fd0f0ff7a5eecc4fec25,0f26ac14628db4891a38eb6cc5ecb59db84a9796c433fd0f0ff7a5eecc4fec25,True,100,24
b2,b2-k10-xor_dom-tree-1-77230e81be62,10,10,xor_dom,tree,flat,2,2,10,12,12,12,11,11,11,2712.0,21128.0,2986.0,3508.0,0.9082384460817147,7.0756865371734765,0.7730900798175598,6.022805017103763,0.8511972633979475,2678.0,10652.0,2984.0,10634.0,3540.0,14178.0,f4bd7cb6d894da1941302437ccf55c6d9bd9cb292196c1d561dedb49901754e4,f4bd7cb6d894da1941302437ccf55c6d9bd9cb292196c1d561dedb49901754e4,True,25,24
b2,b2-k10-xor_dom-tree-2-b2b59ccfcc06,10,10,xor_dom,tree,flat,5,5,10,11,11,11,10,10,10,4846.0,34402.0,5334.0,5086.0,0.9085114360704912,6.4495688038995125,0.9528116397955171,6.764058198977586,1.0487613055446323,2992.0,10952.0,3318.0,10926.0,3158.0,12950.0,0bbd3db6d49c182c7ead9ffb206e26b1c610422940832230be18b4c64709ee3c,0bbd3db6d49c182c7ead9ffb206e26b1c610422940832230be18b4c64709ee3c,True,25,24
b2,b2-k10-xor_dom-tree-3-25d12caacfcf,10,10,xor_dom,tree,flat,9,9,15,19,19,19,16,16,16,4254.0,22540.0,4434.0,4254.0,0.959404600811908,5.083446098331078,1.0,5.298542548189939,1.0423131170662905,4560.0,17312.0,4876.0,17238.0,4710.0,19590.0,761b19ded3cd7c6125a2f2da98b1c268cbc5b25a9d551d0d9f05c277c1857514,761b19ded3cd7c6125a2f2da98b1c268cbc5b25a9d551d0d9f05c277c1857514,True,25,24
b2,b2-k10-xor_dom-tree-4-04f54e4b6bdc,10,10,xor_dom,tree,flat,6,6,12,13,13,13,12,12,12,3748.0,24816.0,4016.0,3980.0,0.9332669322709163,6.179282868525896,0.9417085427135679,6.235175879396985,1.0090452261306533,3416.0,13120.0,3676.0,13052.0,3656.0,15168.0,5000883c6bbe89a7f96ee4a08d3d04023911181e77f9d6f4ba49f6ba34e14573,5000883c6bbe89a7f96ee4a08d3d04023911181e77f9d6f4ba49f6ba34e14573,True,25,24
b2,b2-k10-xor_dom-shared-1-b1df44674c4f,10,10,xor_dom,shared,flat,4,8,24,12,19,24,12,19,24,3158.0,24092.0,4806.0,5786.0,0.6570952975447357,5.012900540990429,0.5458002073971656,4.163843760801936,0.8306256481161424,3060.0,12574.0,4768.0,19036.0,5924.0,29780.0,64cb1dd5e87df195d3a5640f0f16b021f2e876b208820bda0aed2845cdcf016e,64cb1dd5e87df195d3a5640f0f16b021f2e876b208820bda0aed2845cdcf016e,True,25,24
b2,b2-k10-xor_dom-shared-2-972e9d7d2b36,10,10,xor_dom,shared,flat,12,12,31,21,21,33,20,20,32,5110.0,25524.0,5430.0,6808.0,0.9410681399631676,4.700552486187846,0.750587544065805,3.7491186839012927,0.7975910693301997,5064.0,20316.0,5370.0,20514.0,7020.0,36844.0,27ddd67ef29981b9b24889ea43fac48a1ec9eb77eb37aa5a7d47feea46419c9f,27ddd67ef29981b9b24889ea43fac48a1ec9eb77eb37aa5a7d47feea46419c9f,True,25,24
b2,b2-k10-xor_dom-shared-3-cf872e9babd8,10,10,xor_dom,shared,flat,9,10,28,23,28,35,20,25,31,4688.0,24506.0,5480.0,6788.0,0.8554744525547445,4.471897810218978,0.6906305244549205,3.6101944608132,0.807307012374779,5166.0,21190.0,5994.0,25076.0,7892.0,38114.0,eb4559ebfa931806d97c952a7959464f8134746b139c9c252bbe5d8c0ffa8c64,eb4559ebfa931806d97c952a7959464f8134746b139c9c252bbe5d8c0ffa8c64,True,25,24
b2,b2-k10-xor_dom-shared-4-dd24aa5a61a6,10,10,xor_dom,shared,flat,10,12,23,22,25,29,19,22,26,5038.0,25196.0,5976.0,6362.0,0.8430388219544847,4.21619812583668,0.7918893429739076,3.960389814523735,0.9393272555800063,4936.0,19226.0,5876.0,22344.0,6458.0,30406.0,b46d9f523cdf3dff3a17467140b0da2c922f1adb28d416e004eb247ddc5ee027,b46d9f523cdf3dff3a17467140b0da2c922f1adb28d416e004eb247ddc5ee027,True,25,24
b2,b2-k10-andor_dom-tree-1-a8fc7f363671,10,10,andor_dom,tree,flat,9,9,13,14,15,15,12,13,13,4044.0,23280.0,4382.0,3722.0,0.9228662711090826,5.312642628936558,1.0865126276195594,6.2547017732401935,1.1773240193444385,3944.0,13832.0,4248.0,14626.0,3636.0,16044.0,ebf92b7e7ae41e047af3f1eb28dbb964c9771aeae2618553b6c339d4a2eedb66,ebf92b7e7ae41e047af3f1eb28dbb964c9771aeae2618553b6c339d4a2eedb66,True,25,24
b2,b2-k10-andor_dom-tree-2-7400a955a56c,10,10,andor_dom,tree,flat,15,15,15,25,25,25,19,19,19,5870.0,26354.0,6230.0,4926.0,0.942215088282504,4.230176565008025,1.191636215996752,5.349979699553391,1.2647178237921235,5908.0,19574.0,6146.0,19758.0,4936.0,19816.0,30d5060db7e2b493d9e99eef52a71ec6f1485c7ac8e517d905d958281a5b00e9,30d5060db7e2b493d9e99eef52a71ec6f1485c7ac8e517d905d958281a5b00e9,True,25,24
b2,b2-k10-andor_dom-tree-3-42d9480de48e,10,10,andor_dom,tree,flat,9,9,13,16,17,17,13,14,14,4850.0,29008.0,5242.0,4532.0,0.9252193819152995,5.533765738267837,1.0701676963812887,6.400706090026478,1.1566637246248896,4962.0,16876.0,5480.0,18554.0,4880.0,19848.0,7efc6a69c4232f0ab321ee5249f71dbd53c5c70a6451e2e0f7fc4666559a3722,7efc6a69c4232f0ab321ee5249f71dbd53c5c70a6451e2e0f7fc4666559a3722,True,25,24
b2,b2-k10-andor_dom-tree-4-837da4e67104,10,10,andor_dom,tree,flat,8,8,9,11,11,11,10,10,10,3832.0,24646.0,4174.0,3226.0,0.9180642069956876,5.904647819837087,1.1878487290762554,7.639801611903286,1.2938623682579045,3650.0,12248.0,3996.0,12300.0,3042.0,12842.0,46b1a2a910859148f0cea6d361339e29c7f212a819e8f68dc7efafa95acf8a19,46b1a2a910859148f0cea6d361339e29c7f212a819e8f68dc7efafa95acf8a19,True,25,24
b2,b2-k10-andor_dom-shared-1-071d6b8e4bb7,10,10,andor_dom,shared,flat,17,17,53,31,33,62,28,30,57,6666.0,26066.0,7128.0,10876.0,0.9351851851851852,3.6568462401795734,0.6129091577785951,2.3966531813166605,0.6553880102979036,6890.0,27730.0,7232.0,29352.0,11540.0,63624.0,2023bed7c6d67a4c9d4c5e68fc10a864e8a221cce3a504eeb9a5a1df50f2397f,2023bed7c6d67a4c9d4c5e68fc10a864e8a221cce3a504eeb9a5a1df50f2397f,True,25,24
b2,b2-k10-andor_dom-shared-2-16ca12c11ee1,10,10,andor_dom,shared,flat,14,14,42,27,27,47,24,24,43,6126.0,25720.0,6510.0,8750.0,0.9410138248847926,3.9508448540706604,0.7001142857142857,2.9394285714285715,0.744,5770.0,22880.0,6158.0,23124.0,8744.0,47322.0,d25214afe652c886762108a089e935eff46230b85de72818e00ca84571629e82,d25214afe652c886762108a089e935eff46230b85de72818e00ca84571629e82,True,25,24
b2,b2-k10-andor_dom-shared-3-22432c1ba51e,10,10,andor_dom,shared,flat,9,10,25,18,19,27,17,18,25,4366.0,23744.0,4904.0,5572.0,0.8902936378466558,4.841761827079935,0.7835606604450825,4.261306532663316,0.8801148600143575,4334.0,17802.0,4864.0,18994.0,5634.0,29784.0,61292e14dd3f798c3df8a836c0490e4eb6288368a970d63c20944478da823ce4,61292e14dd3f798c3df8a836c0490e4eb6288368a970d63c20944478da823ce4,True,25,24
b2,b2-k10-andor_dom-shared-4-7f3eabfd2bc0,10,10,andor_dom,shared,flat,15,15,28,30,31,35,25,26,30,6296.0,26830.0,6658.0,6726.0,0.9456293181135476,4.029738660258336,0.936068986024383,3.9889979185251265,0.9898899791852512,6550.0,25898.0,6904.0,26748.0,6950.0,35208.0,ef41308852853f4cc52229ddade54e424af29dd99a564d4718ea4177daccf4d1,ef41308852853f4cc52229ddade54e424af29dd99a564d4718ea4177daccf4d1,True,25,24
b2,b2-k10-impeqv_dom-tree-1-d65cd8c37d53,10,10,impeqv_dom,tree,flat,17,17,17,44,44,44,29,29,29,7438.0,28240.0,7714.0,7210.0,0.9642208970702618,3.660876328752917,1.031622746185853,3.9167822468793343,1.0699029126213593,7588.0,24808.0,7778.0,24712.0,7314.0,24818.0,6a277e9b6f1a2c9d5406a1ad99b4f6882da9542b22cd8fbe9d99c3005a604450,6a277e9b6f1a2c9d5406a1ad99b4f6882da9542b22cd8fbe9d99c3005a604450,True,25,24
b2,b2-k10-impeqv_dom-tree-2-c28e8c343d74,10,10,impeqv_dom,tree,flat,9,9,9,23,23,23,16,16,16,4496.0,24222.0,4804.0,4272.0,0.9358867610324729,5.042048293089093,1.0524344569288389,5.669943820224719,1.1245318352059925,4746.0,15116.0,4970.0,15038.0,4426.0,15038.0,7f49ad0ac1c2e262607d04e82a59052fca7b1a050532196ae13874ad77ddf3d1,7f49ad0ac1c2e262607d04e82a59052fca7b1a050532196ae13874ad77ddf3d1,True,25,24
b2,b2-k10-impeqv_dom-tree-3-4537a75ce604,10,10,impeqv_dom,tree,flat,14,14,14,35,35,35,24,24,24,6490.0,27194.0,6868.0,6172.0,0.9449621432731509,3.9595224228305184,1.0515230071289696,4.40602721970188,1.1127673363577446,6472.0,20954.0,6722.0,21062.0,6106.0,21052.0,56d24a658c7cbe708adf0414be52f24ddc0aa1f015579185dc0cd48a1f240882,56d24a658c7cbe708adf0414be52f24ddc0aa1f015579185dc0cd48a1f240882,True,25,24
b2,b2-k10-impeqv_dom-tree-4-146866abdaef,10,10,impeqv_dom,tree,flat,11,11,11,27,27,27,18,18,18,5732.0,28072.0,6074.0,5558.0,0.9436944352979915,4.621666117879486,1.0313062252608851,5.050737675422814,1.0928391507736597,5350.0,16480.0,5576.0,16278.0,5036.0,16394.0,5314217abb5a6447b09852854165d1b704f2905cddd68cebeadfdaf9cceb96dd,5314217abb5a6447b09852854165d1b704f2905cddd68cebeadfdaf9cceb96dd,True,25,24
b2,b2-k10-impeqv_dom-shared-1-a2d9511bd8a2,10,10,impeqv_dom,shared,flat,24,26,30,68,74,86,46,50,58,10448.0,30544.0,11650.0,12428.0,0.896824034334764,2.621802575107296,0.8406823302220792,2.457676214998391,0.937399420663019,11796.0,40014.0,12184.0,42350.0,13696.0,48420.0,3b07de64b0c63311c34ee1d14d51cd0dbff4fa063cc3cc72eda1bc51bd02dfc6,3b07de64b0c63311c34ee1d14d51cd0dbff4fa063cc3cc72eda1bc51bd02dfc6,True,25,24
b2,b2-k10-impeqv_dom-shared-2-e0619ddaeb12,10,10,impeqv_dom,shared,flat,22,22,28,61,61,79,40,40,52,11006.0,34362.0,11506.0,13104.0,0.9565444116113332,2.986441856422736,0.8398962148962149,2.6222527472527473,0.878052503052503,9880.0,31612.0,9910.0,32156.0,12142.0,41486.0,f834dbdf22fd8cf1b2092bb052117469798775d42c4cc697442cc22ba86df612,f834dbdf22fd8cf1b2092bb052117469798775d42c4cc697442cc22ba86df612,True,25,24
b2,b2-k10-impeqv_dom-shared-3-456d3bc52660,10,10,impeqv_dom,shared,flat,20,25,51,51,64,114,35,44,82,8760.0,29290.0,11050.0,17142.0,0.7927601809954751,2.650678733031674,0.5110255512775639,1.708668766771672,0.6446155641115389,9004.0,29214.0,11014.0,36318.0,17258.0,70770.0,e90aaf1e4409cd954c1689522f626be0c05bd03a907bba5e153335cd2fa656c5,e90aaf1e4409cd954c1689522f626be0c05bd03a907bba5e153335cd2fa656c5,True,25,24
b2,b2-k10-impeqv_dom-shared-4-2386e2077320,10,10,impeqv_dom,shared,flat,22,22,43,56,56,105,38,38,71,9260.0,29334.0,9738.0,15462.0,0.9509139453686588,3.0123228589032656,0.5988875953951623,1.8971672487388436,0.629802095459837,9756.0,31842.0,9864.0,31750.0,16362.0,59266.0,650e7da2e8455d8ed3c88f0b1bd75c14a36dcec3d79f9bf1ab2e401e20537b2b,650e7da2e8455d8ed3c88f0b1bd75c14a36dcec3d79f9bf1ab2e401e20537b2b,True,25,24
b2,b2-k10-mixed-tree-1-f431ce588c32,10,10,mixed,tree,flat,7,7,10,14,14,14,12,12,12,3722.0,23140.0,4050.0,3556.0,0.9190123456790124,5.713580246913581,1.046681664791901,6.507311586051744,1.138920134983127,3614.0,13240.0,3890.0,13052.0,3412.0,14134.0,4745731af5e9243209198887508a49500828d5e3b5b95a785cd4015c2c9746c2,4745731af5e9243209198887508a49500828d5e3b5b95a785cd4015c2c9746c2,True,25,24
b2,b2-k10-mixed-tree-2-82994a7af72e,10,10,mixed,tree,flat,12,12,13,26,26,26,19,19,19,6144.0,28752.0,6530.0,5672.0,0.9408882082695252,4.403062787136294,1.0832157968970382,5.069111424541608,1.1512693935119886,6034.0,20260.0,6430.0,20156.0,5598.0,20578.0,999e6cb468a0387d197bfc65cc9bfd4b994d448c970bc3da29f6bd6f9fffd95e,999e6cb468a0387d197bfc65cc9bfd4b994d448c970bc3da29f6bd6f9fffd95e,True,25,24
b2,b2-k10-mixed-tree-3-961dbd1e0dd8,10,10,mixed,tree,flat,10,10,12,15,15,15,13,13,13,4494.0,25148.0,4818.0,3848.0,0.9327521793275217,5.219593192195932,1.1678794178794178,6.535343035343035,1.252079002079002,4420.0,14998.0,4674.0,15042.0,3716.0,15566.0,c764aed964b41ffe8a6d6671bb0382489e45362d47d9f79f5f06116a50ae4f44,c764aed964b41ffe8a6d6671bb0382489e45362d47d9f79f5f06116a50ae4f44,True,25,24
b2,b2-k10-mixed-tree-4-a46b1cdc2617,10,10,mixed,tree,flat,9,9,9,15,15,15,12,12,12,4472.0,25142.0,4792.0,3784.0,0.9332220367278798,5.246661101836394,1.1818181818181819,6.644291754756871,1.266384778012685,4302.0,13442.0,4588.0,13616.0,3588.0,13668.0,2482721c239c03e6563c0d339ad648261c9bde5695c190c7e3fc844e703949e8,2482721c239c03e6563c0d339ad648261c9bde5695c190c7e3fc844e703949e8,True,25,24
b2,b2-k10-mixed-shared-1-ed6b5cd37350,10,10,mixed,shared,flat,18,18,30,38,38,51,29,29,39,7434.0,28198.0,7716.0,8630.0,0.963452566096423,3.6544841886988078,0.8614136732329084,3.267439165701043,0.894090382387022,7546.0,27318.0,7658.0,27130.0,8788.0,38530.0,6d93321deb38f1132aad525ae54ba3a0281a6927f26d0ef1270e7b1a966ce072,6d93321deb38f1132aad525ae54ba3a0281a6927f26d0ef1270e7b1a966ce072,True,25,24
b2,b2-k10-mixed-shared-2-ee63ac52edf4,10,10,mixed,shared,flat,13,14,28,30,34,52,25,28,40,6604.0,30068.0,7528.0,9558.0,0.8772582359192349,3.994155154091392,0.6909395270977192,3.1458464113831344,0.7876124712282905,6178.0,24278.0,7082.0,26588.0,9004.0,39176.0,d5b9585357b8851bce30f11eac0744be80f6c99086765fbec06556e8dcba487c,d5b9585357b8851bce30f11eac0744be80f6c99086765fbec06556e8dcba487c,True,25,24
b2,b2-k10-mixed-shared-3-189118134673,10,10,mixed,shared,flat,13,15,29,30,36,53,24,28,41,6086.0,27072.0,7124.0,8766.0,0.8542953396967996,3.8001122964626615,0.6942733287702487,3.0882956878850103,0.8126853753137121,6026.0,22432.0,6966.0,25414.0,8782.0,39782.0,f63d4bbf0860a4b54fa10e72b56cdefdb2fec0a8f874429c44c8c467d12f3716,f63d4bbf0860a4b54fa10e72b56cdefdb2fec0a8f874429c44c8c467d12f3716,True,25,24
b2,b2-k10-mixed-shared-4-bc98fc0156a1,10,10,mixed,shared,flat,19,19,38,43,43,67,33,33,52,8192.0,28784.0,8458.0,11214.0,0.9685504847481674,3.403168597777252,0.7305154271446407,2.5667915106117354,0.7542357767076868,8458.0,31602.0,8462.0,31642.0,11704.0,52534.0,f7743b4d3584d737f00c61e0d0e4483f3eeeed164a52e0b4b9f6adfd08ed6134,f7743b4d3584d737f00c61e0d0e4483f3eeeed164a52e0b4b9f6adfd08ed6134,True,25,24
b2,b2-k12-xor_dom-tree-1-58b08f43ff42,12,12,xor_dom,tree,flat,7,7,12,16,16,16,14,14,14,6336.0,28310.0,6810.0,6350.0,0.9303964757709251,4.15712187958884,0.9977952755905511,4.458267716535433,1.0724409448818897,5844.0,15850.0,6244.0,15878.0,5798.0,17600.0,b47bd399acce2d9e4a4446b7ddedd667546ab768effebe79232934adf8822fcd,b47bd399acce2d9e4a4446b7ddedd667546ab768effebe79232934adf8822fcd,True,25,24
b2,b2-k12-xor_dom-tree-2-f9f1dbfc58a0,12,12,xor_dom,tree,flat,9,9,16,19,19,19,16,16,16,7002.0,27762.0,7286.0,7234.0,0.9610211364260225,3.8103211638759262,0.9679292231130772,3.8377108100635886,1.0071882775781034,6794.0,17040.0,7106.0,17006.0,7110.0,20138.0,427ec03b5f5d547ae32f7cfc4a065844544ee6965f1ba9ad58b8446c6e83cded,427ec03b5f5d547ae32f7cfc4a065844544ee6965f1ba9ad58b8446c6e83cded,True,25,24
b2,b2-k12-xor_dom-tree-3-732256a48755,12,12,xor_dom,tree,flat,8,8,16,18,18,18,16,16,16,6418.0,26494.0,6672.0,6714.0,0.9619304556354916,3.970923261390887,0.955913017575216,3.946082812034555,0.9937444146559428,6286.0,17138.0,6542.0,16970.0,6582.0,20510.0,c7302e58732f124950724bb164ab08c8e412445463d0e329387615054bd17e6f,c7302e58732f124950724bb164ab08c8e412445463d0e329387615054bd17e6f,True,25,24
b2,b2-k12-xor_dom-tree-4-d425291e801e,12,12,xor_dom,tree,flat,5,5,11,15,15,15,13,13,13,5434.0,25476.0,5680.0,5674.0,0.9566901408450704,4.485211267605634,0.9577017976735989,4.48995417694748,1.0010574550581601,5488.0,14002.0,5764.0,13964.0,5712.0,16372.0,882842244bf707ab8293f5c692f94aabc749c16effedfcb3c1dbd0d978b94898,882842244bf707ab8293f5c692f94aabc749c16effedfcb3c1dbd0d978b94898,True,25,24
b2,b2-k12-xor_dom-shared-1-471ce8cfd63d,12,12,xor_dom,shared,flat,8,9,25,23,26,30,20,23,27,7448.0,27366.0,8608.0,10072.0,0.8652416356877324,3.179135687732342,0.7394757744241461,2.7170373312152503,0.8546465448768864,7778.0,20982.0,8640.0,23038.0,10416.0,34098.0,ac3fc79eacd1d3ed9e99f95d4d164e885aa62b794868cf4e8716c6affda9b2cb,ac3fc79eacd1d3ed9e99f95d4d164e885aa62b794868cf4e8716c6affda9b2cb,True,25,24
b2,b2-k12-xor_dom-shared-2-c00263664ad9,12,12,xor_dom,shared,flat,11,16,74,27,38,97,24,34,85,9296.0,31920.0,13148.0,31212.0,0.7070276848189839,2.4277456647398843,0.2978341663462771,1.0226835832372165,0.4212482378572344,8830.0,24462.0,12716.0,33586.0,31346.0,96076.0,33e3c96f05ea739bc01ccd8787cc5e2af60ae27c0040f5ec6696ff322370b74f,33e3c96f05ea739bc01ccd8787cc5e2af60ae27c0040f5ec6696ff322370b74f,True,25,24
b2,b2-k12-xor_dom-shared-3-75c78e4c8980,12,12,xor_dom,shared,flat,18,18,43,37,41,53,31,35,47,12068.0,32498.0,12896.0,16010.0,0.9357940446650124,2.520006203473945,0.7537788881948781,2.029856339787633,0.8054965646470955,12610.0,33016.0,13656.0,35414.0,17146.0,56484.0,a1b36dd03e496fe7dbb7c1055d8a78a826fa830ee6ec76048bf0b94903351520,a1b36dd03e496fe7dbb7c1055d8a78a826fa830ee6ec76048bf0b94903351520,True,25,24
b2,b2-k12-xor_dom-shared-4-ef377d6180bd,12,12,xor_dom,shared,flat,11,11,29,24,24,35,22,22,30,8038.0,26486.0,8356.0,11118.0,0.9619435136428913,3.169698420296793,0.7229717575103436,2.382262996941896,0.7515740241050549,8360.0,22982.0,8474.0,23010.0,11582.0,35258.0,ad1260d2805fb2e3089ad381f925524c0c3a8d8d99c946dffde12cf6364f3bc7,ad1260d2805fb2e3089ad381f925524c0c3a8d8d99c946dffde12cf6364f3bc7,True,25,24
b2,b2-k12-andor_dom-tree-1-a97f101c02c9,12,12,andor_dom,tree,flat,8,8,14,14,14,14,14,14,14,5376.0,24572.0,5640.0,5048.0,0.9531914893617022,4.356737588652482,1.0649762282091917,4.867670364500793,1.1172741679873217,5450.0,16742.0,5702.0,16696.0,4952.0,18606.0,1c70364ab0c6d294988f2cd9350a324e844b3bef3795c32a0449c50168a8ef9a,1c70364ab0c6d294988f2cd9350a324e844b3bef3795c32a0449c50168a8ef9a,True,25,24
b2,b2-k12-andor_dom-tree-2-7c935460fe73,12,12,andor_dom,tree,flat,12,12,14,23,23,23,17,17,17,9196.0,29912.0,9410.0,8510.0,0.9772582359192349,3.1787460148777895,1.080611045828437,3.5149236192714453,1.1057579318448885,9664.0,20060.0,9890.0,20150.0,8888.0,20984.0,277a0bd63a0736365059119411599b5aaf498f03c37eb8c6019cafcac3ac0c0f,277a0bd63a0736365059119411599b5aaf498f03c37eb8c6019cafcac3ac0c0f,True,25,24
b2,b2-k12-andor_dom-tree-3-3425f4494063,12,12,andor_dom,tree,flat,12,12,15,19,19,19,17,17,17,7862.0,28254.0,8166.0,7026.0,0.9627724712221406,3.4599559147685524,1.1189866211215485,4.02134927412468,1.162254483347566,7838.0,20284.0,8158.0,19978.0,6898.0,21288.0,20df078becaffb7697d484657044c06259823bed8550d38b29c0130a91510b08,20df078becaffb7697d484657044c06259823bed8550d38b29c0130a91510b08,True,25,24
b2,b2-k12-andor_dom-tree-4-4668b9a9de6a,12,12,andor_dom,tree,flat,8,8,14,14,15,15,13,14,14,5558.0,24518.0,6070.0,5472.0,0.9156507413509061,4.039209225700165,1.0157163742690059,4.480628654970761,1.1092836257309941,5628.0,15974.0,6132.0,16878.0,5512.0,18876.0,d17d47659342e84f45d293475ae80d1440c596010bad72068c02d0538116fb8c,d17d47659342e84f45d293475ae80d1440c596010bad72068c02d0538116fb8c,True,25,24
b2,b2-k12-andor_dom-shared-1-50f526a5c97f,12,12,andor_dom,shared,flat,13,14,40,23,24,58,20,21,48,8428.0,28696.0,9110.0,19940.0,0.9251372118551043,3.1499451152579585,0.42266800401203614,1.4391173520561684,0.45687061183550653,9012.0,23362.0,9680.0,25096.0,20500.0,55758.0,085867a3008fc330558d9a52d31e9e1c0f9805d909277ee6f4512554def6ca0e,085867a3008fc330558d9a52d31e9e1c0f9805d909277ee6f4512554def6ca0e,True,25,24
b2,b2-k12-andor_dom-shared-2-50260f8a12a2,12,12,andor_dom,shared,flat,14,14,43,29,29,49,27,27,44,11376.0,37166.0,11566.0,18234.0,0.9835725402040464,3.2133840567179663,0.6238894373149062,2.0382801360096523,0.6343095316441812,13668.0,40196.0,13028.0,46002.0,21302.0,72616.0,af151701c29240b24d2bbdee39b0c6b4f1c3db6776f0fca3fa0a70c6e4d6c55d,af151701c29240b24d2bbdee39b0c6b4f1c3db6776f0fca3fa0a70c6e4d6c55d,True,25,24
b2,b2-k12-andor_dom-shared-3-0c0054958df2,12,12,andor_dom,shared,flat,7,8,24,16,19,28,15,18,26,6732.0,33362.0,8814.0,14838.0,0.763784887678693,3.785114590424325,0.45369995956328346,2.2484162286022373,0.5940153659522847,7720.0,21290.0,8432.0,23108.0,14194.0,36776.0,71edf00a5137651c0a4fb97720d8baa0b6ce7db6da6567afec547030d5499922,71edf00a5137651c0a4fb97720d8baa0b6ce7db6da6567afec547030d5499922,True,25,24
b2,b2-k12-andor_dom-shared-4-4b3e0c13b861,12,12,andor_dom,shared,flat,12,12,24,29,29,39,24,24,31,10670.0,33344.0,10956.0,13824.0,0.9738955823293173,3.0434465133260313,0.7718460648148148,2.412037037037037,0.7925347222222222,10842.0,27092.0,11172.0,27104.0,14246.0,36920.0,05554d5b91542982023de10c6e728ca182d34cc773455cb52b396e9b54c4ea25,05554d5b91542982023de10c6e728ca182d34cc773455cb52b396e9b54c4ea25,True,25,24
b2,b2-k12-impeqv_dom-tree-1-b84e5ead9772,12,12,impeqv_dom,tree,flat,13,13,13,35,35,35,24,24,24,14194.0,37274.0,14838.0,13994.0,0.9565979242485511,2.5120636204340205,1.0142918393597256,2.6635701014720596,1.0603115620980421,13590.0,24192.0,13860.0,24160.0,13364.0,23944.0,8bbf576bad1940554ba4dfbdcccbac9e5815b6edabcdc8be19495390d01d8653,8bbf576bad1940554ba4dfbdcccbac9e5815b6edabcdc8be19495390d01d8653,True,25,24
b2,b2-k12-impeqv_dom-tree-2-efcfe8a9d099,12,12,impeqv_dom,tree,flat,19,19,19,47,47,47,32,32,32,18068.0,40596.0,18612.0,17614.0,0.9707715452396304,2.1811734364925854,1.0257749517429318,2.3047575791983648,1.0566594754172818,18652.0,32138.0,18680.0,31606.0,17790.0,31926.0,12bb8d46f3dc7c1b2d765504f1204f9320b843e9936bf45b93c9dd882ea43beb,12bb8d46f3dc7c1b2d765504f1204f9320b843e9936bf45b93c9dd882ea43beb,True,25,24
b2,b2-k12-impeqv_dom-tree-3-55ecbcba0651,12,12,impeqv_dom,tree,flat,14,14,14,36,36,36,24,24,24,14668.0,36330.0,15086.0,14394.0,0.9722921914357683,2.4081930266472225,1.019035709323329,2.523968320133389,1.0480755870501597,14756.0,23668.0,14814.0,23696.0,14234.0,23750.0,7706cdf872b2f54e859c5e467f810d90a27b5012d71cc14b9184bac89fa49101,7706cdf872b2f54e859c5e467f810d90a27b5012d71cc14b9184bac89fa49101,True,25,24
b2,b2-k12-impeqv_dom-tree-4-d18fdd8343dc,12,12,impeqv_dom,tree,flat,17,17,17,42,42,42,29,29,29,16658.0,39768.0,17030.0,15974.0,0.9781561949500881,2.335173223722842,1.0428195818204582,2.4895455114561162,1.066107424564918,17722.0,32308.0,17786.0,31126.0,16880.0,31942.0,5023ff3d5a8388df2f16269410d8c0f53d8424ec6b906f93eede58371eb3e700,5023ff3d5a8388df2f16269410d8c0f53d8424ec6b906f93eede58371eb3e700,True,25,24
b2,b2-k12-impeqv_dom-shared-1-a0a2c0931e69,12,12,impeqv_dom,shared,flat,25,25,41,67,67,102,45,45,69,30122.0,55864.0,30398.0,40838.0,0.9909204552931113,1.837752483716034,0.7375973358146825,1.367941622998188,0.7443557470982908,29526.0,44374.0,29418.0,43938.0,41178.0,68714.0,c7b32fa81162ac5c89f652db28dbb2a74603fa55ad809e80665fb863c0b85982,c7b32fa81162ac5c89f652db28dbb2a74603fa55ad809e80665fb863c0b85982,True,25,24
b2,b2-k12-impeqv_dom-shared-2-1385a0b1080c,12,12,impeqv_dom,shared,flat,18,21,28,52,59,70,35,40,49,18486.0,39022.0,21198.0,23620.0,0.8720634022077555,1.8408340409472592,0.7826418289585098,1.6520745131244707,0.8974597798475867,19760.0,33634.0,22032.0,37934.0,24624.0,48670.0,ed2456209e3c9c214dd3fb32696b3d14e49809d467d353e0e4491ef7597972ed,ed2456209e3c9c214dd3fb32696b3d14e49809d467d353e0e4491ef7597972ed,True,25,24
b2,b2-k12-impeqv_dom-shared-3-c60cc82b0720,12,12,impeqv_dom,shared,flat,22,22,34,59,59,83,40,40,56,20094.0,40988.0,20434.0,26286.0,0.9833610648918469,2.0058725653322895,0.7644373430723579,1.5593091379441528,0.7773719850871186,19962.0,34106.0,19962.0,34406.0,25954.0,49008.0,1f5e30ff999fd78ba6cf030159d9c0aa183021f5f490ffadb04748179aa955dc,1f5e30ff999fd78ba6cf030159d9c0aa183021f5f490ffadb04748179aa955dc,True,25,24
b2,b2-k12-impeqv_dom-shared-4-5d7fc59cbaf7,12,12,impeqv_dom,shared,flat,24,24,32,63,63,79,42,42,54,22350.0,44022.0,22892.0,26362.0,0.9763236065000873,1.9230298794338634,0.8478112434564904,1.6699036491920187,0.8683711402776724,25222.0,42164.0,25366.0,42824.0,29058.0,54854.0,65e35349e4a9010a3b6bc75bb6cd6e9387358c2ab01c9eb392d787a38e96b7ea,65e35349e4a9010a3b6bc75bb6cd6e9387358c2ab01c9eb392d787a38e96b7ea,True,25,24
b2,b2-k12-mixed-tree-1-ddb82bdf8146,12,12,mixed,tree,flat,11,11,12,22,22,22,17,17,17,9872.0,32714.0,10286.0,9204.0,0.9597511180244993,3.180439432237993,1.0725771403737505,3.5543242068665797,1.1175575836592786,10164.0,20624.0,10424.0,20534.0,9110.0,21492.0,9c8b248d77b14f016a5c8523895940246703d3753efb78809b5f7a0d630e976e,9c8b248d77b14f016a5c8523895940246703d3753efb78809b5f7a0d630e976e,True,25,24
b2,b2-k12-mixed-tree-2-380dba915931,12,12,mixed,tree,flat,12,12,13,22,22,22,17,17,17,10550.0,35698.0,10984.0,9780.0,0.9604879825200291,3.25,1.0787321063394684,3.6501022494887527,1.1231083844580778,9452.0,20512.0,9754.0,20576.0,8558.0,21176.0,357ab1032ff9d89f13986c91b214ecdee357db539ccc245df471924319d0755c,357ab1032ff9d89f13986c91b214ecdee357db539ccc245df471924319d0755c,True,25,24
b2,b2-k12-mixed-tree-3-e56bca913be9,12,12,mixed,tree,flat,15,15,16,30,30,30,22,22,22,11490.0,33734.0,12230.0,11210.0,0.9394930498773508,2.758299264104661,1.0249776984834968,3.009277430865299,1.0909901873327386,11114.0,22554.0,11850.0,22490.0,10518.0,22970.0,83f7f5180404aaff1e4d42351c83fa2c083c68d3179ba35daa204ccc350af1fc,83f7f5180404aaff1e4d42351c83fa2c083c68d3179ba35daa204ccc350af1fc,True,25,24
b2,b2-k12-mixed-tree-4-4769a3d3ef25,12,12,mixed,tree,flat,13,14,15,28,29,29,20,21,21,10626.0,30760.0,11402.0,10460.0,0.9319417646027013,2.697772320645501,1.015869980879541,2.9407265774378586,1.090057361376673,10604.0,20162.0,11286.0,20972.0,10334.0,21548.0,3e999714a42c4f044b430b8cc40abb720d38493759d9fe0cc549d769e03d9ad9,3e999714a42c4f044b430b8cc40abb720d38493759d9fe0cc549d769e03d9ad9,True,25,24
b2,b2-k12-mixed-shared-1-f8b45cd2b4da,12,12,mixed,shared,flat,20,20,42,44,44,63,36,36,51,14048.0,36040.0,14410.0,22180.0,0.9748785565579459,2.5010409437890355,0.6333633904418395,1.6248872858431018,0.6496844003606853,15162.0,36550.0,15324.0,35908.0,23246.0,56918.0,58d74552627d4b7e9c125d6eb17b2f852862824480487ffbd2d2855002864947,58d74552627d4b7e9c125d6eb17b2f852862824480487ffbd2d2855002864947,True,25,24
b2,b2-k12-mixed-shared-2-50e3ef4d7ce9,12,12,mixed,shared,flat,18,18,32,39,39,57,31,31,44,14290.0,35924.0,14660.0,21008.0,0.9747612551159618,2.4504774897680766,0.6802170601675552,1.71001523229246,0.6978293983244478,14670.0,32180.0,14922.0,33104.0,21402.0,47780.0,7d6ab2fd13b177da1853d5aba62e55a9f8bd1d2f9b1c5a128c5194b40f2544ca,7d6ab2fd13b177da1853d5aba62e55a9f8bd1d2f9b1c5a128c5194b40f2544ca,True,25,24
b2,b2-k12-mixed-shared-3-b8fa1dce4b0b,12,12,mixed,shared,flat,12,14,36,30,36,82,24,28,59,11118.0,33714.0,13662.0,26332.0,0.8137900746596399,2.4677206851119893,0.42222391007139604,1.2803433085219504,0.5188363967795838,10900.0,25500.0,13114.0,28996.0,28732.0,59364.0,d170e5645e8911a3ecb37073163e94e81699b620f5d1a07eeb2d13301d1a8f3d,d170e5645e8911a3ecb37073163e94e81699b620f5d1a07eeb2d13301d1a8f3d,True,25,24
b2,b2-k12-mixed-shared-4-b5d9843db5e5,12,12,mixed,shared,flat,21,23,47,40,42,60,32,34,52,14888.0,37394.0,16268.0,22182.0,0.9151708876321613,2.2986230636833045,0.6711748264358489,1.6857812640879992,0.7333874312505635,14044.0,32988.0,15104.0,35516.0,18920.0,60114.0,f056e6820013d8b35a3a4a56d4b2e9cece0e03cb2be1884a7fe5b62e6e54439f,f056e6820013d8b35a3a4a56d4b2e9cece0e03cb2be1884a7fe5b62e6e54439f,True,25,24
b2,b2-k16-xor_dom-tree-1-2f5ce8a982ff,16,16,xor_dom,tree,words,14,14,23,29,29,29,25,25,25,50750.0,76780.0,51240.0,54810.0,0.9904371584699454,1.4984387197501952,0.9259259259259259,1.4008392629082285,0.9348659003831418,49980.0,54230.0,50570.0,54780.0,51990.0,58480.0,018e0ba07f27a37af3716edbabbd12ddb0b4c19c71b3e0d33f1ffc9c32f618c8,018e0ba07f27a37af3716edbabbd12ddb0b4c19c71b3e0d33f1ffc9c32f618c8,True,5,24
b2,b2-k16-xor_dom-tree-2-dc59bd3a0d74,16,16,xor_dom,tree,words,11,11,19,22,22,22,20,20,20,43020.0,69680.0,43100.0,46970.0,0.9981438515081207,1.6167053364269142,0.9159037683627848,1.4835001064509261,0.9176069831807536,33020.0,43210.0,33380.0,43020.0,32790.0,46480.0,b3ff3aa89347b3ff62d4d5966b626179406588b275bf6df9a7ddf9da6917a985,b3ff3aa89347b3ff62d4d5966b626179406588b275bf6df9a7ddf9da6917a985,True,5,24
b2,b2-k16-xor_dom-tree-3-fd0e9542c807,16,16,xor_dom,tree,words,15,15,24,34,34,34,28,28,28,56920.0,86610.0,57290.0,60730.0,0.9935416303019724,1.5117821609355908,0.9372632965585378,1.4261485262637905,0.9433558373126956,54880.0,56570.0,55660.0,55260.0,57900.0,59680.0,a3955e0d7106bf8d76e35852c93e5943f4d40a0fc2408a3793bffdf25c694402,a3955e0d7106bf8d76e35852c93e5943f4d40a0fc2408a3793bffdf25c694402,True,5,24
b2,b2-k16-xor_dom-tree-4-ccf5dc564650,16,16,xor_dom,tree,words,14,14,24,29,29,29,26,26,26,50400.0,75990.0,51130.0,55660.0,0.9857226677097595,1.4862116174457265,0.905497664390945,1.3652533237513476,0.9186130075458139,42120.0,51500.0,42550.0,51620.0,44740.0,56140.0,3c793589cc2bebc13af38a7c815bc02ed82fcfd33ae54d0a1d523e95d20eb1e3,3c793589cc2bebc13af38a7c815bc02ed82fcfd33ae54d0a1d523e95d20eb1e3,True,5,24
b2,b2-k16-xor_dom-shared-1-3867fe1a233b,16,16,xor_dom,shared,words,17,18,41,35,40,47,31,36,43,59120.0,86380.0,66820.0,88870.0,0.8847650404070637,1.292726728524394,0.6652413637898054,0.9719815460785417,0.7518847755147969,57830.0,59870.0,65230.0,67000.0,73990.0,90470.0,61793872c60bf17fd180b9da24ec1c27aa496660279f122cdac3f9312e26df04,61793872c60bf17fd180b9da24ec1c27aa496660279f122cdac3f9312e26df04,True,5,24
b2,b2-k16-xor_dom-shared-2-d28a01c0b901,16,16,xor_dom,shared,words,10,10,31,27,29,39,25,27,35,48550.0,74590.0,51740.0,72010.0,0.938345574023966,1.4416312330885195,0.6742119150118039,1.035828357172615,0.7185113178725177,36640.0,48410.0,39270.0,51150.0,55690.0,76260.0,e6bb163b96b1e8d81c66a8d3862f9e8cc469a96a2e0c2c1627b125cc35e0d6c3,e6bb163b96b1e8d81c66a8d3862f9e8cc469a96a2e0c2c1627b125cc35e0d6c3,True,5,24
b2,b2-k16-xor_dom-shared-3-78849fba8a04,16,16,xor_dom,shared,words,13,13,37,34,34,42,30,30,38,58830.0,87930.0,59800.0,84150.0,0.9837792642140468,1.4704013377926421,0.699108734402852,1.0449197860962567,0.7106357694592988,52190.0,56370.0,52300.0,55490.0,65420.0,79350.0,d8a6946aaef5ede9c872cb34102c54b328721c28f85ee042e221cd4e1035b1a3,d8a6946aaef5ede9c872cb34102c54b328721c28f85ee042e221cd4e1035b1a3,True,5,24
b2,b2-k16-xor_dom-shared-4-c20fb11b9c87,16,16,xor_dom,shared,words,15,16,36,32,38,45,26,32,39,51470.0,76690.0,59990.0,79690.0,0.8579763293882313,1.2783797299549926,0.645877776383486,0.9623541222236165,0.7527920692684151,62660.0,58030.0,72200.0,67070.0,84330.0,90860.0,4ac9c3c0cad97d417ecda5976d75ae28cccf878ef50e0a5b38335576cdd355fc,4ac9c3c0cad97d417ecda5976d75ae28cccf878ef50e0a5b38335576cdd355fc,True,5,24
b2,b2-k16-andor_dom-tree-1-9b69c21027be,16,16,andor_dom,tree,words,15,15,16,17,17,17,16,16,16,43190.0,70780.0,43220.0,44090.0,0.9993058769088385,1.6376677464136973,0.9795872079836697,1.605352687684282,0.9802676343842142,25360.0,37890.0,25590.0,38960.0,24020.0,38440.0,2ca316eb2f35ea4b8332ebc0581fd6e0804e90ea1114984111640b40d9fcc188,2ca316eb2f35ea4b8332ebc0581fd6e0804e90ea1114984111640b40d9fcc188,True,5,24
b2,b2-k16-andor_dom-tree-2-4798fd76dd91,16,16,andor_dom,tree,words,15,15,18,25,25,25,20,20,20,42190.0,68410.0,42620.0,43830.0,0.9899108399812294,1.6051149694978883,0.9625827059091946,1.5608031028975589,0.972393337896418,44060.0,42370.0,45090.0,41600.0,43140.0,44010.0,4460bf05a8bc6256ffcc79d3e2f758a8823b21313048bebf192867527f455313,4460bf05a8bc6256ffcc79d3e2f758a8823b21313048bebf192867527f455313,True,5,24
b2,b2-k16-andor_dom-tree-3-0631f9f38a59,16,16,andor_dom,tree,words,15,15,18,25,25,25,20,20,20,43590.0,69100.0,43940.0,44860.0,0.9920345926263086,1.5725989986345017,0.9716897012929113,1.5403477485510477,0.9794917521176995,57030.0,48940.0,56330.0,49370.0,55170.0,52680.0,fbe9a08a73ce5575f037a20423fdff198c637108de4103c6866d2a82619d5521,fbe9a08a73ce5575f037a20423fdff198c637108de4103c6866d2a82619d5521,True,5,24
b2,b2-k16-andor_dom-tree-4-63621194d872,16,16,andor_dom,tree,words,17,17,20,27,28,28,22,23,23,50420.0,78250.0,52810.0,53600.0,0.9547434198068547,1.4817269456542321,0.9406716417910448,1.4598880597014925,0.9852611940298508,51770.0,53880.0,52370.0,56260.0,50240.0,58130.0,17f9d6bb136db54edcc941d09098c3b90ca65b39e4c4efbb1cce0ab98375d033,17f9d6bb136db54edcc941d09098c3b90ca65b39e4c4efbb1cce0ab98375d033,True,5,24
b2,b2-k16-andor_dom-shared-1-98d2a1ad94ad,16,16,andor_dom,shared,words,12,13,37,26,28,41,25,27,37,57590.0,89740.0,60760.0,88940.0,0.9478275181040158,1.476958525345622,0.647515178772206,1.008994827973915,0.6831571846188441,38430.0,55550.0,41670.0,58690.0,65720.0,84860.0,61cb2b2132400af1e104646086523433a7a1ab97ee1ca0017395caa45fe33395,61cb2b2132400af1e104646086523433a7a1ab97ee1ca0017395caa45fe33395,True,5,24
b2,b2-k16-andor_dom-shared-2-cf190eb487c4,16,16,andor_dom,shared,words,21,21,38,40,40,47,34,34,40,67040.0,95090.0,67560.0,84270.0,0.9923031379514505,1.4074896388395501,0.7955381511807286,1.1283968197460543,0.8017087931648273,72060.0,69410.0,72620.0,70480.0,83800.0,88250.0,a27c9206f7b3a6994f380287bd0875302344283e44383b01cd4424959ada4433,a27c9206f7b3a6994f380287bd0875302344283e44383b01cd4424959ada4433,True,5,24
b2,b2-k16-andor_dom-shared-3-b995a8e54fc8,16,16,andor_dom,shared,words,16,16,42,34,35,49,30,31,45,60410.0,86620.0,61690.0,94910.0,0.9792510941805803,1.4041173609985411,0.6364977346960278,0.9126540933515962,0.6499841955536825,51610.0,59230.0,53470.0,60560.0,71740.0,94780.0,a858d9c33bba4c22c5645d0238026ec68895f78131c09866ba049ac1213930f0,a858d9c33bba4c22c5645d0238026ec68895f78131c09866ba049ac1213930f0,True,5,24
b2,b2-k16-andor_dom-shared-4-00fae4d6add7,16,16,andor_dom,shared,words,16,17,39,33,34,52,29,30,45,59460.0,87110.0,61710.0,94380.0,0.9635391346621293,1.4116026575919625,0.6300063572790846,0.9229709684255138,0.6538461538461539,63340.0,61150.0,65200.0,61890.0,102170.0,96110.0,7b9b7ab938f677f2eeba5f8f4b683b2e08a62006f1718fd09dbd9982634affb7,7b9b7ab938f677f2eeba5f8f4b683b2e08a62006f1718fd09dbd9982634affb7,True,5,24
b2,b2-k16-impeqv_dom-tree-1-e08d580f6edb,16,16,impeqv_dom,tree,words,24,24,24,65,65,65,44,44,44,73610.0,102060.0,74180.0,73200.0,0.9923159881369641,1.3758425451604206,1.005601092896175,1.3942622950819672,1.0133879781420765,148780.0,74090.0,148850.0,72760.0,148290.0,73900.0,28939964043b92825c69db3a62cc0fd0e572fe878bc09d6abe48f167e8f38c56,28939964043b92825c69db3a62cc0fd0e572fe878bc09d6abe48f167e8f38c56,True,5,24
b2,b2-k16-impeqv_dom-tree-2-c47a93c76ff1,16,16,impeqv_dom,tree,words,21,21,22,56,56,56,37,37,37,64300.0,90260.0,64060.0,64670.0,1.0037464876678115,1.4089915704027474,0.9942786454306479,1.395701252512757,0.9905674965207979,136990.0,70300.0,134860.0,70710.0,130890.0,71870.0,b02ee6a9490f8f01dae562dfc4eaee99f6b91c56c9a55de5075e040c2c8badb0,b02ee6a9490f8f01dae562dfc4eaee99f6b91c56c9a55de5075e040c2c8badb0,True,5,24
b2,b2-k16-impeqv_dom-tree-3-01da67660395,16,16,impeqv_dom,tree,words,23,23,24,60,60,60,41,41,41,71960.0,99150.0,71780.0,73600.0,1.0025076623014768,1.3813039843967678,0.9777173913043479,1.3471467391304348,0.9752717391304347,135740.0,73090.0,136160.0,72460.0,135690.0,71740.0,6eca2c4bc082b0802c1c2ec4897191c392a9aa04049295ebb289b5966f58ca11,6eca2c4bc082b0802c1c2ec4897191c392a9aa04049295ebb289b5966f58ca11,True,5,24
b2,b2-k16-impeqv_dom-tree-4-f1d16cc1ccd8,16,16,impeqv_dom,tree,words,20,20,20,54,54,54,35,35,35,73930.0,124520.0,89030.0,66040.0,0.8303942491295069,1.3986296753903178,1.1194730466384009,1.8855239248940037,1.3481223500908541,115660.0,57610.0,113620.0,57880.0,112800.0,57780.0,b2800e59b7e91c0103d66c14b98bd8f6bd2802fc6614fcd1cba5ce28391b0a8d,b2800e59b7e91c0103d66c14b98bd8f6bd2802fc6614fcd1cba5ce28391b0a8d,True,5,24
b2,b2-k16-impeqv_dom-shared-1-37e51ffa951a,16,16,impeqv_dom,shared,words,30,30,39,77,77,93,52,52,64,87350.0,113400.0,87920.0,106410.0,0.9935168334849863,1.2898089171974523,0.8208814960999906,1.0656893149140119,0.8262381355135795,179200.0,84650.0,179150.0,84440.0,211260.0,102390.0,3750f3194b5162b24abdb770fe535cd77b4bef4322b4e5dfa973574f347c175c,3750f3194b5162b24abdb770fe535cd77b4bef4322b4e5dfa973574f347c175c,True,5,24
b2,b2-k16-impeqv_dom-shared-2-c84cd9722277,16,16,impeqv_dom,shared,words,33,36,58,80,87,118,54,59,82,85630.0,110210.0,92650.0,131970.0,0.9242309767943875,1.1895304910955207,0.6488595893005986,0.8351140410699401,0.7020534970068955,191510.0,87440.0,202810.0,94430.0,257860.0,134270.0,1c30a6291e46f89c84bcae3dadbeef7d015272b03ccf65928a8dfa7f459ee9b9,1c30a6291e46f89c84bcae3dadbeef7d015272b03ccf65928a8dfa7f459ee9b9,True,5,24
b2,b2-k16-impeqv_dom-shared-3-dd3d88c4a1c4,16,16,impeqv_dom,shared,words,26,31,63,74,89,185,49,59,123,77760.0,102220.0,91740.0,181760.0,0.8476128188358404,1.1142358840200566,0.4278169014084507,0.5623899647887324,0.504731514084507,205410.0,93160.0,231870.0,105390.0,483570.0,212720.0,5d121794535354beda6ba2813e5aba86727dc7c786f7fc871639de7cbca6eb44,5d121794535354beda6ba2813e5aba86727dc7c786f7fc871639de7cbca6eb44,True,5,24
b2,b2-k16-impeqv_dom-shared-4-750f3169f2d6,16,16,impeqv_dom,shared,words,23,24,44,67,69,124,44,46,81,70360.0,97510.0,75110.0,124550.0,0.9367594195180402,1.2982292637465052,0.5649136892814131,0.7828984343637093,0.6030509835407467,165210.0,72030.0,170280.0,73990.0,281720.0,127910.0,516f91b25b608fbd7314967bd76f9d270ad918c97cc184abb9d442d58cab63a2,516f91b25b608fbd7314967bd76f9d270ad918c97cc184abb9d442d58cab63a2,True,5,24
b2,b2-k16-mixed-tree-1-d1b5689114e3,16,16,mixed,tree,words,13,13,16,25,25,25,20,20,20,44240.0,74370.0,48080.0,46980.0,0.9201331114808652,1.5467970049916806,0.9416773094934014,1.58301404853129,1.0234142188165176,58050.0,45450.0,57540.0,45480.0,56880.0,47170.0,cfd9c47fbac4cfe26ed662ae3188f5f7e58968533c6a4898b9d815378ce18e20,cfd9c47fbac4cfe26ed662ae3188f5f7e58968533c6a4898b9d815378ce18e20,True,5,24
b2,b2-k16-mixed-tree-2-9cf5c64922ce,16,16,mixed,tree,words,16,16,16,26,26,26,21,21,21,46130.0,74080.0,45990.0,46260.0,1.0030441400304415,1.6107849532507066,0.9971897968006918,1.6013834846519672,0.9941634241245136,50130.0,48870.0,50000.0,48180.0,47690.0,48090.0,c4c0eb0b91911ee77095e3f1861624778ca5fc74b348b68586b378949000912b,c4c0eb0b91911ee77095e3f1861624778ca5fc74b348b68586b378949000912b,True,5,24
b2,b2-k16-mixed-tree-3-813773e1451b,16,16,mixed,tree,words,24,24,24,53,53,53,38,38,38,71270.0,98220.0,71830.0,71640.0,0.9922038145621607,1.3673952387581791,0.9948352875488554,1.3710217755443885,1.0026521496370742,122940.0,72790.0,122440.0,71900.0,122070.0,71520.0,a95812dc6dbc063bb8164d6abbc45375d73fcfc19d0625b01d15b5c6e8414b8e,a95812dc6dbc063bb8164d6abbc45375d73fcfc19d0625b01d15b5c6e8414b8e,True,5,24
b2,b2-k16-mixed-tree-4-8eb11693eacf,16,16,mixed,tree,words,20,20,21,43,43,43,32,32,32,60270.0,89140.0,61840.0,61860.0,0.9746119016817594,1.4414618369987064,0.9742967992240543,1.4409957969608793,0.9996766892984158,85010.0,61240.0,84880.0,60230.0,83820.0,61130.0,4d6d9f055df5a6ee20cb816584dc2ae46a7f5e44347816ed8de2c611a8529f3b,4d6d9f055df5a6ee20cb816584dc2ae46a7f5e44347816ed8de2c611a8529f3b,True,5,24
b2,b2-k16-mixed-shared-1-ee24b1b1bb48,16,16,mixed,shared,words,17,17,38,39,39,54,32,32,46,58610.0,84540.0,59680.0,87960.0,0.9820710455764075,1.4165549597855227,0.6663256025466121,0.961118690313779,0.6784902228285584,70490.0,58660.0,70570.0,58360.0,92190.0,86860.0,c1e3d8599b12aecc02b1037e39548ef97c9b307728c1dd11c2724784ceae6cb0,c1e3d8599b12aecc02b1037e39548ef97c9b307728c1dd11c2724784ceae6cb0,True,5,24
b2,b2-k16-mixed-shared-2-bc31f42a45c2,16,16,mixed,shared,words,18,18,50,51,51,107,39,39,76,63560.0,87780.0,64860.0,118920.0,0.9799568300955905,1.3533765032377427,0.53447695930037,0.7381432896064581,0.5454086781029264,91850.0,66630.0,91690.0,66440.0,203360.0,123660.0,7a725401fb035c3469721894db466607939804371e65638031032201203731b2,7a725401fb035c3469721894db466607939804371e65638031032201203731b2,True,5,24
b2,b2-k16-mixed-shared-3-8dda327e304f,16,16,mixed,shared,words,23,23,42,50,50,70,40,40,56,71760.0,96510.0,71920.0,100740.0,0.9977753058954394,1.3419076751946608,0.7123287671232876,0.9580107206670637,0.7139170140956919,89430.0,71730.0,90540.0,72970.0,128320.0,101300.0,5a5dd23628309d8254036753447cc7855664935af517dc86b3a9c8b57d120b9f,5a5dd23628309d8254036753447cc7855664935af517dc86b3a9c8b57d120b9f,True,5,24
b2,b2-k16-mixed-shared-4-8dafe13fc96b,16,16,mixed,shared,words,16,16,34,45,45,68,35,35,51,60500.0,85640.0,61360.0,88080.0,0.9859843546284224,1.395697522816167,0.6868755676657584,0.9722979109900091,0.6966394187102634,95140.0,64500.0,95650.0,64090.0,154590.0,92500.0,2b01e9e55fa763957fceaf6cf7170bb8e75ab3237ef34252d83ab4a5e9c39ccc,2b01e9e55fa763957fceaf6cf7170bb8e75ab3237ef34252d83ab4a5e9c39ccc,True,5,24
b4,b4-k8-xor_dom-tree-ab2bcaf5515c,8,16,xor_dom,tree,flat,10,10,12,18,18,18,14,14,14,4108.5,25994.0,4459.5,3719.0,0.9212916246215943,5.828904585715887,1.1047324549610111,6.989513310029578,1.1991126646948105,4050.5,15882.5,4386.0,14938.0,3629.0,15748.5,823aa951aee024175797ffa99d222f8da97c11c52f04fc164a37034077636b58,823aa951aee024175797ffa99d222f8da97c11c52f04fc164a37034077636b58,True,100,24
b4,b4-k8-xor_dom-tree-ab2bcaf5515c,8,20,xor_dom,tree,flat,10,10,12,18,18,18,14,14,14,4416.0,27705.5,4805.0,4042.0,0.9190426638917794,5.765972944849116,1.0925284512617517,6.854403760514597,1.1887679366650172,3942.0,14704.5,4158.5,14625.0,3606.0,15384.5,823aa951aee024175797ffa99d222f8da97c11c52f04fc164a37034077636b58,823aa951aee024175797ffa99d222f8da97c11c52f04fc164a37034077636b58,True,100,24
b4,b4-k8-xor_dom-tree-ab2bcaf5515c,8,24,xor_dom,tree,flat,10,10,12,18,18,18,14,14,14,5261.5,36962.0,5634.5,4826.0,0.9338006921643447,6.55994320702813,1.0902403646912557,7.658930791545794,1.167530045586407,4199.0,15212.0,4334.5,15078.0,3807.0,16440.0,823aa951aee024175797ffa99d222f8da97c11c52f04fc164a37034077636b58,823aa951aee024175797ffa99d222f8da97c11c52f04fc164a37034077636b58,True,100,24
b4,b4-k8-xor_dom-shared-97977d46abf4,8,16,xor_dom,shared,flat,6,8,25,15,23,26,14,22,25,3537.5,25127.5,4601.0,5746.0,0.7688545968267768,5.461312758096066,0.6156456665506439,4.373042116254786,0.8007309432648799,3538.0,14568.0,4618.5,21803.5,6143.5,32576.0,017ba139dc30dfb0539cf87bde3bc946b2d0b5ed110d6dc992ae96aeb48b8135,017ba139dc30dfb0539cf87bde3bc946b2d0b5ed110d6dc992ae96aeb48b8135,True,100,24
b4,b4-k8-xor_dom-shared-97977d46abf4,8,20,xor_dom,shared,flat,6,8,25,15,23,26,14,22,25,3368.0,24598.5,4580.5,5653.0,0.7352909071062111,5.3702652548848375,0.5957898460994162,4.351406332920573,0.8102777286396604,3369.0,14641.0,4621.0,21705.0,6092.5,32436.0,017ba139dc30dfb0539cf87bde3bc946b2d0b5ed110d6dc992ae96aeb48b8135,017ba139dc30dfb0539cf87bde3bc946b2d0b5ed110d6dc992ae96aeb48b8135,True,100,24
b4,b4-k8-xor_dom-shared-97977d46abf4,8,24,xor_dom,shared,flat,6,8,25,15,23,26,14,22,25,3535.5,27014.5,4794.5,5888.0,0.7374074460319116,5.634477004901449,0.6004585597826086,4.5880604619565215,0.8142832880434783,3416.0,14613.5,4716.0,21979.5,6145.0,32985.0,017ba139dc30dfb0539cf87bde3bc946b2d0b5ed110d6dc992ae96aeb48b8135,017ba139dc30dfb0539cf87bde3bc946b2d0b5ed110d6dc992ae96aeb48b8135,True,100,24
b4,b4-k8-andor_dom-tree-1deffbce22ed,8,16,andor_dom,tree,flat,4,4,8,8,8,8,8,8,8,2511.0,23513.0,2804.0,2394.5,0.895506419400856,8.385520684736091,1.0486531634996867,9.819586552516183,1.1710169137607016,2561.0,9862.0,2902.5,9939.0,2470.5,11533.5,1216dd8bfb814cb128b9734bec0c1c5daa4778792a3a78d9a65c1c2a8eb7d712,1216dd8bfb814cb128b9734bec0c1c5daa4778792a3a78d9a65c1c2a8eb7d712,True,100,24
b4,b4-k8-andor_dom-tree-1deffbce22ed,8,20,andor_dom,tree,flat,4,4,8,8,8,8,8,8,8,2761.0,24927.0,3012.0,2553.0,0.9166666666666666,8.275896414342629,1.081472777124951,9.763807285546417,1.1797884841363102,2503.0,9779.5,2858.0,10011.5,2434.5,11301.5,1216dd8bfb814cb128b9734bec0c1c5daa4778792a3a78d9a65c1c2a8eb7d712,1216dd8bfb814cb128b9734bec0c1c5daa4778792a3a78d9a65c1c2a8eb7d712,True,100,24
b4,b4-k8-andor_dom-tree-1deffbce22ed,8,24,andor_dom,tree,flat,4,4,8,8,8,8,8,8,8,2586.0,23990.0,2852.5,2463.5,0.9065731814198071,8.410166520595968,1.0497259995940735,9.73817738989243,1.1579054191191394,2439.0,9624.0,2775.5,9564.0,2341.0,10810.0,1216dd8bfb814cb128b9734bec0c1c5daa4778792a3a78d9a65c1c2a8eb7d712,1216dd8bfb814cb128b9734bec0c1c5daa4778792a3a78d9a65c1c2a8eb7d712,True,100,24
b4,b4-k8-andor_dom-shared-ddfd4bb6253b,8,16,andor_dom,shared,flat,17,17,63,33,33,107,27,27,84,6067.0,26779.0,6373.0,13610.0,0.9519849364506512,4.201945708457555,0.4457751653196179,1.9675973548861132,0.46825863335782514,6136.0,25453.5,6477.5,26312.0,14647.0,82139.0,21e6cd49b1dabe9dd26edc61b1cde6776927d9a4c3f6022ebe270e6c26d8fccd,21e6cd49b1dabe9dd26edc61b1cde6776927d9a4c3f6022ebe270e6c26d8fccd,True,100,24
b4,b4-k8-andor_dom-shared-ddfd4bb6253b,8,20,andor_dom,shared,flat,17,17,63,33,33,107,27,27,84,6150.5,27795.5,6405.5,14110.0,0.9601904613223011,4.339317773788151,0.43589652728561307,1.9699149539333807,0.4539688164422395,6665.0,27277.0,6615.0,26929.0,15172.0,84379.0,21e6cd49b1dabe9dd26edc61b1cde6776927d9a4c3f6022ebe270e6c26d8fccd,21e6cd49b1dabe9dd26edc61b1cde6776927d9a4c3f6022ebe270e6c26d8fccd,True,100,24
b4,b4-k8-andor_dom-shared-ddfd4bb6253b,8,24,andor_dom,shared,flat,17,17,63,33,33,107,27,27,84,6052.0,27790.0,6361.0,13684.0,0.9514227322747996,4.368809935544726,0.442268342589886,2.0308389359836303,0.4648494592224496,6367.0,26571.5,6507.0,26538.5,15076.5,83409.5,21e6cd49b1dabe9dd26edc61b1cde6776927d9a4c3f6022ebe270e6c26d8fccd,21e6cd49b1dabe9dd26edc61b1cde6776927d9a4c3f6022ebe270e6c26d8fccd,True,100,24
b4,b4-k8-impeqv_dom-tree-d790fcb10088,8,16,impeqv_dom,tree,flat,11,11,12,27,27,27,19,19,19,5159.5,29155.5,5612.0,5054.0,0.9193692088382038,5.1952066999287245,1.0208745548080729,5.768796992481203,1.1104075979422239,4566.0,17169.0,4745.0,17055.0,4335.5,17533.0,355abca755daacfcb02e12760e29610f3937fc96f02a8a36801d06c7752272c6,355abca755daacfcb02e12760e29610f3937fc96f02a8a36801d06c7752272c6,True,100,24
b4,b4-k8-impeqv_dom-tree-d790fcb10088,8,20,impeqv_dom,tree,flat,11,11,12,27,27,27,19,19,19,4724.5,27421.5,5040.5,4487.5,0.9373078067652019,5.440234103759548,1.0528133704735376,6.1106406685236765,1.1232311977715876,4671.0,17873.5,4842.5,17669.0,4519.0,18118.5,355abca755daacfcb02e12760e29610f3937fc96f02a8a36801d06c7752272c6,355abca755daacfcb02e12760e29610f3937fc96f02a8a36801d06c7752272c6,True,100,24
b4,b4-k8-impeqv_dom-tree-d790fcb10088,8,24,impeqv_dom,tree,flat,11,11,12,27,27,27,19,19,19,4607.5,25531.5,4917.5,4442.0,0.9369598373157092,5.19196746314184,1.0372579918955425,5.747748761819,1.1070463755065285,4687.5,17748.5,4929.5,17645.5,4532.0,18129.0,355abca755daacfcb02e12760e29610f3937fc96f02a8a36801d06c7752272c6,355abca755daacfcb02e12760e29610f3937fc96f02a8a36801d06c7752272c6,True,100,24
b4,b4-k8-impeqv_dom-shared-4bd4845b3576,8,16,impeqv_dom,shared,flat,17,19,25,43,48,61,29,33,42,6184.5,27705.5,7159.0,7881.0,0.8638776365414164,3.870023746333287,0.7847354396650171,3.5154802690013955,0.9083872604999366,6388.5,24760.5,7202.5,28439.0,8258.5,36434.0,7615702cd3fa4a222f82f10801b889512640175fafd82cd14a65d5b92895e025,7615702cd3fa4a222f82f10801b889512640175fafd82cd14a65d5b92895e025,True,100,24
b4,b4-k8-impeqv_dom-shared-4bd4845b3576,8,20,impeqv_dom,shared,flat,17,19,25,43,48,61,29,33,42,6053.5,27776.5,6996.5,7700.0,0.865218323447438,3.9700564567998287,0.7861688311688312,3.6073376623376623,0.9086363636363637,6287.0,24665.0,7121.5,28150.5,8253.5,36193.5,7615702cd3fa4a222f82f10801b889512640175fafd82cd14a65d5b92895e025,7615702cd3fa4a222f82f10801b889512640175fafd82cd14a65d5b92895e025,True,100,24
b4,b4-k8-impeqv_dom-shared-4bd4845b3576,8,24,impeqv_dom,shared,flat,17,19,25,43,48,61,29,33,42,6157.0,27809.0,7110.5,7940.5,0.8659025384994022,3.910976724562267,0.7753919778351489,3.5021724072791387,0.8954725772936213,6300.5,24541.0,7197.0,27867.5,7993.0,35806.5,7615702cd3fa4a222f82f10801b889512640175fafd82cd14a65d5b92895e025,7615702cd3fa4a222f82f10801b889512640175fafd82cd14a65d5b92895e025,True,100,24
b4,b4-k8-mixed-tree-e2387dd52311,8,16,mixed,tree,flat,9,9,9,19,19,19,13,13,13,3957.5,26257.0,4357.5,3629.5,0.9082042455536431,6.0257028112449795,1.090370574459292,7.234329797492768,1.2005785920925747,3712.5,12829.5,3925.5,12916.0,3396.0,12870.5,a6ffb8e839203583587a595caf3f30754611c071319effcd06249814e0098c42,a6ffb8e839203583587a595caf3f30754611c071319effcd06249814e0098c42,True,100,24
b4,b4-k8-mixed-tree-e2387dd52311,8,20,mixed,tree,flat,9,9,9,19,19,19,13,13,13,3609.0,24685.0,4016.5,3332.5,0.8985435080293788,6.145898170048549,1.0829707426856714,7.40735183795949,1.205251312828207,3733.5,13204.0,4216.5,13745.0,3441.5,13902.0,a6ffb8e839203583587a595caf3f30754611c071319effcd06249814e0098c42,a6ffb8e839203583587a595caf3f30754611c071319effcd06249814e0098c42,True,100,24
b4,b4-k8-mixed-tree-e2387dd52311,8,24,mixed,tree,flat,9,9,9,19,19,19,13,13,13,3830.5,25451.0,4216.5,3456.0,0.9084548796395114,6.036048855685996,1.1083622685185186,7.364293981481482,1.2200520833333333,3774.0,12759.5,4040.0,12911.5,3384.0,13003.5,a6ffb8e839203583587a595caf3f30754611c071319effcd06249814e0098c42,a6ffb8e839203583587a595caf3f30754611c071319effcd06249814e0098c42,True,100,24
b4,b4-k8-mixed-shared-af0d30e3fab9,8,16,mixed,shared,flat,12,12,28,31,31,49,25,25,38,5384.0,29539.5,5767.5,7651.0,0.9335067186822713,5.121716514954486,0.7036988628937394,3.860867860410404,0.7538230296693242,5086.5,23644.0,5338.0,23396.5,7346.5,39172.0,fd72235f91772c02350df5deef3c4e1419297226d4cd1f56ef6fb0057cf4caf1,fd72235f91772c02350df5deef3c4e1419297226d4cd1f56ef6fb0057cf4caf1,True,100,24
b4,b4-k8-mixed-shared-af0d30e3fab9,8,20,mixed,shared,flat,12,12,28,31,31,49,25,25,38,5040.0,27622.5,6010.5,7247.0,0.8385325680059895,4.595707511854255,0.6954601904236236,3.811577204360425,0.8293776735200773,5089.5,23671.5,5328.5,23944.5,7531.0,39372.5,fd72235f91772c02350df5deef3c4e1419297226d4cd1f56ef6fb0057cf4caf1,fd72235f91772c02350df5deef3c4e1419297226d4cd1f56ef6fb0057cf4caf1,True,100,24
b4,b4-k8-mixed-shared-af0d30e3fab9,8,24,mixed,shared,flat,12,12,28,31,31,49,25,25,38,5347.0,28861.0,5612.0,7474.5,0.9527797576621525,5.142729864575909,0.7153655762927286,3.861261622851027,0.7508194528062078,5034.5,22946.5,5339.5,23013.5,7367.0,37981.5,fd72235f91772c02350df5deef3c4e1419297226d4cd1f56ef6fb0057cf4caf1,fd72235f91772c02350df5deef3c4e1419297226d4cd1f56ef6fb0057cf4caf1,True,100,24
b4,b4-k12-xor_dom-tree-8d4df9a5aa26,12,16,xor_dom,tree,flat,6,6,11,15,15,15,13,13,13,6082.0,28458.0,6436.0,6276.0,0.9449968924798011,4.421690490988191,0.9690885914595284,4.534416826003824,1.0254939451880178,5946.0,14434.0,6262.0,14332.0,6050.0,16462.0,21fcd61bfa4cf4bce0a55a11cb66e07a50691ac4939aa18a3c3be22b3fbd521b,21fcd61bfa4cf4bce0a55a11cb66e07a50691ac4939aa18a3c3be22b3fbd521b,True,25,24
b4,b4-k12-xor_dom-tree-8d4df9a5aa26,12,20,xor_dom,tree,flat,6,6,11,15,15,15,13,13,13,5926.0,27232.0,6370.0,6134.0,0.930298273155416,4.275039246467818,0.9660906423214868,4.439517443756113,1.0384740789044669,6066.0,14406.0,6494.0,15074.0,6188.0,17336.0,21fcd61bfa4cf4bce0a55a11cb66e07a50691ac4939aa18a3c3be22b3fbd521b,21fcd61bfa4cf4bce0a55a11cb66e07a50691ac4939aa18a3c3be22b3fbd521b,True,25,24
b4,b4-k12-xor_dom-tree-8d4df9a5aa26,12,24,xor_dom,tree,flat,6,6,11,15,15,15,13,13,13,9708.0,42638.0,10072.0,9622.0,0.9638602065131057,4.233320095313741,1.008937850758678,4.4313032633548115,1.0467678237372688,6568.0,15160.0,7508.0,15268.0,6308.0,17922.0,21fcd61bfa4cf4bce0a55a11cb66e07a50691ac4939aa18a3c3be22b3fbd521b,21fcd61bfa4cf4bce0a55a11cb66e07a50691ac4939aa18a3c3be22b3fbd521b,True,25,24
b4,b4-k12-xor_dom-shared-221d38307c2c,12,16,xor_dom,shared,flat,7,7,36,20,24,37,19,23,36,7148.0,32544.0,8084.0,12944.0,0.88421573478476,4.025729836714498,0.5522249690976514,2.5142150803461063,0.6245364647713226,6486.0,19494.0,7402.0,22156.0,11924.0,45274.0,7c87f58d0aade6bc2554ac3faaa1b721bcb1db7833fd31f5e6b066cd2c6b3330,7c87f58d0aade6bc2554ac3faaa1b721bcb1db7833fd31f5e6b066cd2c6b3330,True,25,24
b4,b4-k12-xor_dom-shared-221d38307c2c,12,20,xor_dom,shared,flat,7,7,36,20,24,37,19,23,36,6688.0,29234.0,7634.0,12044.0,0.8760806916426513,3.829447209850668,0.5552972434407174,2.427266688807705,0.6338425772168714,6632.0,19908.0,7512.0,22494.0,12106.0,46184.0,7c87f58d0aade6bc2554ac3faaa1b721bcb1db7833fd31f5e6b066cd2c6b3330,7c87f58d0aade6bc2554ac3faaa1b721bcb1db7833fd31f5e6b066cd2c6b3330,True,25,24
b4,b4-k12-xor_dom-shared-221d38307c2c,12,24,xor_dom,shared,flat,7,7,36,20,24,37,19,23,36,6330.0,28530.0,7188.0,11408.0,0.8806343906510852,3.9691151919866443,0.5548737727910238,2.500876577840112,0.6300841514726507,6930.0,20682.0,7834.0,23304.0,12672.0,48058.0,7c87f58d0aade6bc2554ac3faaa1b721bcb1db7833fd31f5e6b066cd2c6b3330,7c87f58d0aade6bc2554ac3faaa1b721bcb1db7833fd31f5e6b066cd2c6b3330,True,25,24
b4,b4-k12-andor_dom-tree-c5f4154e06f3,12,16,andor_dom,tree,flat,11,11,14,14,15,15,13,14,14,6226.0,27750.0,6642.0,5488.0,0.9373682625715146,4.177958446251129,1.1344752186588922,5.056486880466473,1.2102769679300291,6204.0,16894.0,6616.0,18016.0,5448.0,19058.0,d949c9d8a9f40eebbffa0da6e11d31d1ecf796cd3a1d92283264a320038b8261,d949c9d8a9f40eebbffa0da6e11d31d1ecf796cd3a1d92283264a320038b8261,True,25,24
b4,b4-k12-andor_dom-tree-c5f4154e06f3,12,20,andor_dom,tree,flat,11,11,14,14,15,15,13,14,14,6198.0,28666.0,6684.0,5554.0,0.9272890484739676,4.288749251944943,1.1159524666906735,5.161325171047894,1.2034569679510263,6484.0,19140.0,7566.0,18730.0,5692.0,19654.0,d949c9d8a9f40eebbffa0da6e11d31d1ecf796cd3a1d92283264a320038b8261,d949c9d8a9f40eebbffa0da6e11d31d1ecf796cd3a1d92283264a320038b8261,True,25,24
b4,b4-k12-andor_dom-tree-c5f4154e06f3,12,24,andor_dom,tree,flat,11,11,14,14,15,15,13,14,14,6860.0,40082.0,7110.0,5760.0,0.9648382559774965,5.637412095639943,1.1909722222222223,6.9586805555555555,1.234375,6154.0,16596.0,6562.0,17492.0,5434.0,18548.0,d949c9d8a9f40eebbffa0da6e11d31d1ecf796cd3a1d92283264a320038b8261,d949c9d8a9f40eebbffa0da6e11d31d1ecf796cd3a1d92283264a320038b8261,True,25,24
b4,b4-k12-andor_dom-shared-86ccd155e598,12,16,andor_dom,shared,flat,9,11,26,24,27,31,21,24,28,8800.0,34450.0,9862.0,10474.0,0.8923139322652606,3.4932062461975257,0.8401756730952835,3.2890968111514227,0.9415696009165553,7742.0,22138.0,8606.0,25408.0,9446.0,34672.0,3a691de90fd2e568f22c76b8493ad1468f9dc78745dd407b116b6fd267145db2,3a691de90fd2e568f22c76b8493ad1468f9dc78745dd407b116b6fd267145db2,True,25,24
b4,b4-k12-andor_dom-shared-86ccd155e598,12,20,andor_dom,shared,flat,9,11,26,24,27,31,21,24,28,7630.0,30694.0,8494.0,9320.0,0.8982811396279727,3.6136096067812575,0.8186695278969958,3.2933476394849786,0.9113733905579399,7302.0,20896.0,8064.0,23944.0,9010.0,33006.0,3a691de90fd2e568f22c76b8493ad1468f9dc78745dd407b116b6fd267145db2,3a691de90fd2e568f22c76b8493ad1468f9dc78745dd407b116b6fd267145db2,True,25,24
b4,b4-k12-andor_dom-shared-86ccd155e598,12,24,andor_dom,shared,flat,9,11,26,24,27,31,21,24,28,7736.0,30190.0,9196.0,13104.0,0.8412353197042193,3.28294910830796,0.5903540903540904,2.3038766788766787,0.7017704517704517,7610.0,21322.0,8354.0,24414.0,9186.0,33668.0,3a691de90fd2e568f22c76b8493ad1468f9dc78745dd407b116b6fd267145db2,3a691de90fd2e568f22c76b8493ad1468f9dc78745dd407b116b6fd267145db2,True,25,24
b4,b4-k12-impeqv_dom-tree-8fe562209709,12,16,impeqv_dom,tree,flat,13,13,13,31,31,31,21,21,21,12376.0,35402.0,12680.0,12006.0,0.97602523659306,2.791955835962145,1.0308179243711477,2.9486923205064133,1.0561385973679827,12200.0,20224.0,12638.0,20354.0,11586.0,20366.0,e245efb7c6cdd5382da73a305e702450dcc37d19e564d38fcf7a87fd90239187,e245efb7c6cdd5382da73a305e702450dcc37d19e564d38fcf7a87fd90239187,True,25,24
b4,b4-k12-impeqv_dom-tree-8fe562209709,12,20,impeqv_dom,tree,flat,13,13,13,31,31,31,21,21,21,12966.0,38174.0,13500.0,12796.0,0.9604444444444444,2.827703703703704,1.0132854016880275,2.983276023757424,1.0550171928727727,13318.0,22176.0,13626.0,22090.0,12802.0,22318.0,e245efb7c6cdd5382da73a305e702450dcc37d19e564d38fcf7a87fd90239187,e245efb7c6cdd5382da73a305e702450dcc37d19e564d38fcf7a87fd90239187,True,25,24
b4,b4-k12-impeqv_dom-tree-8fe562209709,12,24,impeqv_dom,tree,flat,13,13,13,31,31,31,21,21,21,12640.0,36582.0,12848.0,12358.0,0.9838107098381071,2.847291407222914,1.0228192264120408,2.9601877326428223,1.0396504288719857,11736.0,19970.0,11958.0,20182.0,11302.0,19978.0,e245efb7c6cdd5382da73a305e702450dcc37d19e564d38fcf7a87fd90239187,e245efb7c6cdd5382da73a305e702450dcc37d19e564d38fcf7a87fd90239187,True,25,24
b4,b4-k12-impeqv_dom-shared-a906e175a694,12,16,impeqv_dom,shared,flat,22,22,35,59,59,94,40,40,64,21138.0,45668.0,21510.0,30130.0,0.9827057182705718,2.123105532310553,0.7015599070693661,1.5156986392300034,0.7139064055758381,22062.0,37506.0,22116.0,37268.0,32432.0,61698.0,b7fb5e2f2206b97a1fe6625049c4a5e6c76425cfc7fb3a538e8ed62a44d98b8f,b7fb5e2f2206b97a1fe6625049c4a5e6c76425cfc7fb3a538e8ed62a44d98b8f,True,25,24
b4,b4-k12-impeqv_dom-shared-a906e175a694,12,20,impeqv_dom,shared,flat,22,22,35,59,59,94,40,40,64,20556.0,42512.0,20190.0,28626.0,1.0181277860326894,2.105596830113918,0.7180884510584783,1.4850834905330819,0.7053028715154056,20002.0,34968.0,20380.0,34972.0,29114.0,55584.0,b7fb5e2f2206b97a1fe6625049c4a5e6c76425cfc7fb3a538e8ed62a44d98b8f,b7fb5e2f2206b97a1fe6625049c4a5e6c76425cfc7fb3a538e8ed62a44d98b8f,True,25,24
b4,b4-k12-impeqv_dom-shared-a906e175a694,12,24,impeqv_dom,shared,flat,22,22,35,59,59,94,40,40,64,20302.0,43172.0,20408.0,29324.0,0.9948059584476676,2.1154449235593886,0.6923339244305006,1.4722411676442504,0.6959487109534852,20184.0,34804.0,20408.0,33928.0,29148.0,55032.0,b7fb5e2f2206b97a1fe6625049c4a5e6c76425cfc7fb3a538e8ed62a44d98b8f,b7fb5e2f2206b97a1fe6625049c4a5e6c76425cfc7fb3a538e8ed62a44d98b8f,True,25,24
b4,b4-k12-mixed-tree-646cf634cbc9,12,16,mixed,tree,flat,8,8,11,15,15,15,13,13,13,7252.0,31640.0,7618.0,6754.0,0.9519558939354161,4.153321081648727,1.0737340835060705,4.684631329582469,1.1279241930707729,7454.0,17688.0,7744.0,18138.0,6864.0,18640.0,f113a50e484a199a624fd6fe2572894e730c3ae9debcf3c8534e9bb10a6a592e,f113a50e484a199a624fd6fe2572894e730c3ae9debcf3c8534e9bb10a6a592e,True,25,24
b4,b4-k12-mixed-tree-646cf634cbc9,12,20,mixed,tree,flat,8,8,11,15,15,15,13,13,13,6652.0,30388.0,6994.0,6240.0,0.9511009436659994,4.3448670288818985,1.066025641025641,4.869871794871795,1.1208333333333333,6760.0,16466.0,7040.0,16372.0,6094.0,17214.0,f113a50e484a199a624fd6fe2572894e730c3ae9debcf3c8534e9bb10a6a592e,f113a50e484a199a624fd6fe2572894e730c3ae9debcf3c8534e9bb10a6a592e,True,25,24
b4,b4-k12-mixed-tree-646cf634cbc9,12,24,mixed,tree,flat,8,8,11,15,15,15,13,13,13,6930.0,30816.0,7432.0,6502.0,0.932454251883746,4.146393972012917,1.065825899723162,4.739464780067672,1.1430329129498615,6920.0,16506.0,7306.0,16174.0,6338.0,17090.0,f113a50e484a199a624fd6fe2572894e730c3ae9debcf3c8534e9bb10a6a592e,f113a50e484a199a624fd6fe2572894e730c3ae9debcf3c8534e9bb10a6a592e,True,25,24
b4,b4-k12-mixed-shared-f8025aa2f7b1,12,16,mixed,shared,flat,26,26,64,57,57,99,46,46,78,19682.0,44886.0,20214.0,38188.0,0.9736816068071633,2.220540219649748,0.5153975070702839,1.1753954121713628,0.5293285848957788,18364.0,43812.0,18590.0,43790.0,30960.0,80638.0,8494d33604500637a75915e0e76744108fbf8497359191e7246cc7982d6f54ed,8494d33604500637a75915e0e76744108fbf8497359191e7246cc7982d6f54ed,True,25,24
b4,b4-k12-mixed-shared-f8025aa2f7b1,12,20,mixed,shared,flat,26,26,64,57,57,99,46,46,78,19782.0,45588.0,20632.0,35876.0,0.9588018611865063,2.2095773555641722,0.5513992641320102,1.2707102241052515,0.5750919834987178,19642.0,45600.0,20078.0,45640.0,37656.0,85776.0,8494d33604500637a75915e0e76744108fbf8497359191e7246cc7982d6f54ed,8494d33604500637a75915e0e76744108fbf8497359191e7246cc7982d6f54ed,True,25,24
b4,b4-k12-mixed-shared-f8025aa2f7b1,12,24,mixed,shared,flat,26,26,64,57,57,99,46,46,78,19196.0,42110.0,19538.0,32288.0,0.9824956495035316,2.1552871327669156,0.5945242814667988,1.3041997026759167,0.6051164519326065,19060.0,44954.0,19758.0,45076.0,32444.0,82618.0,8494d33604500637a75915e0e76744108fbf8497359191e7246cc7982d6f54ed,8494d33604500637a75915e0e76744108fbf8497359191e7246cc7982d6f54ed,True,25,24
b4,b4-k16-xor_dom-tree-6109348803ab,16,16,xor_dom,tree,words,12,12,20,26,26,26,21,21,21,41810.0,66590.0,42060.0,45620.0,0.9940561103185925,1.5832144555397052,0.9164839982463832,1.459666812801403,0.9219640508548882,42670.0,40860.0,43420.0,40730.0,43010.0,44820.0,19c03725e5cc1b5e01e0eba58c63c0d7865a9bbd3f4e219e74aa34c68266be7b,19c03725e5cc1b5e01e0eba58c63c0d7865a9bbd3f4e219e74aa34c68266be7b,True,5,24
b4,b4-k16-xor_dom-tree-6109348803ab,16,20,xor_dom,tree,words,12,12,20,26,26,26,21,21,21,40150.0,67570.0,40590.0,43760.0,0.989159891598916,1.6646957378664695,0.9175045703839122,1.5441042047531992,0.9275594149908593,44400.0,43310.0,44850.0,42090.0,44330.0,46690.0,19c03725e5cc1b5e01e0eba58c63c0d7865a9bbd3f4e219e74aa34c68266be7b,19c03725e5cc1b5e01e0eba58c63c0d7865a9bbd3f4e219e74aa34c68266be7b,True,5,24
b4,b4-k16-xor_dom-tree-6109348803ab,16,24,xor_dom,tree,words,12,12,20,26,26,26,21,21,21,44350.0,71300.0,43550.0,48710.0,1.0183696900114811,1.637198622273249,0.9104906590022582,1.4637651406282077,0.8940669267090946,44530.0,41680.0,45210.0,43260.0,46170.0,46770.0,19c03725e5cc1b5e01e0eba58c63c0d7865a9bbd3f4e219e74aa34c68266be7b,19c03725e5cc1b5e01e0eba58c63c0d7865a9bbd3f4e219e74aa34c68266be7b,True,5,24
b4,b4-k16-xor_dom-shared-24aebb58ba91,16,16,xor_dom,shared,words,7,8,30,23,26,38,21,24,33,42760.0,70450.0,46160.0,66670.0,0.9263431542461005,1.526213171577123,0.6413679316034199,1.056697165141743,0.6923653817309134,35720.0,43190.0,40280.0,47600.0,70850.0,69580.0,1982b9f6474e902be78ea310337c95bf2c53ff56d74d5ef3bb976d45a2fd7b0c,1982b9f6474e902be78ea310337c95bf2c53ff56d74d5ef3bb976d45a2fd7b0c,True,5,24
b4,b4-k16-xor_dom-shared-24aebb58ba91,16,20,xor_dom,shared,words,7,8,30,23,26,38,21,24,33,41280.0,68020.0,45620.0,67690.0,0.9048662867163525,1.4910127137220517,0.609838971783129,1.0048751661988478,0.6739547939134288,34990.0,41790.0,38300.0,45550.0,69530.0,68300.0,1982b9f6474e902be78ea310337c95bf2c53ff56d74d5ef3bb976d45a2fd7b0c,1982b9f6474e902be78ea310337c95bf2c53ff56d74d5ef3bb976d45a2fd7b0c,True,5,24
b4,b4-k16-xor_dom-shared-24aebb58ba91,16,24,xor_dom,shared,words,7,8,30,23,26,38,21,24,33,53410.0,98760.0,62070.0,97170.0,0.8604801031093926,1.5911068148864185,0.549655243387877,1.0163630750231554,0.6387774004322322,33590.0,40430.0,38050.0,44150.0,65790.0,65930.0,1982b9f6474e902be78ea310337c95bf2c53ff56d74d5ef3bb976d45a2fd7b0c,1982b9f6474e902be78ea310337c95bf2c53ff56d74d5ef3bb976d45a2fd7b0c,True,5,24
b4,b4-k16-andor_dom-tree-2f1233215648,16,16,andor_dom,tree,words,13,13,16,17,17,17,16,16,16,37200.0,60330.0,37150.0,38580.0,1.0013458950201883,1.623956931359354,0.9642301710730948,1.5637636080870918,0.9629341627786417,24960.0,36820.0,25210.0,36840.0,23330.0,38290.0,65bbc846767fb03a5bb45d48fb90329a7345a0c94bfcb0f57ec1c170dd3156b1,65bbc846767fb03a5bb45d48fb90329a7345a0c94bfcb0f57ec1c170dd3156b1,True,5,24
b4,b4-k16-andor_dom-tree-2f1233215648,16,20,andor_dom,tree,words,13,13,16,17,17,17,16,16,16,37530.0,65310.0,38420.0,38500.0,0.9768349817803228,1.6998958875585632,0.9748051948051948,1.6963636363636363,0.9979220779220779,25740.0,37530.0,25700.0,37190.0,23590.0,38400.0,65bbc846767fb03a5bb45d48fb90329a7345a0c94bfcb0f57ec1c170dd3156b1,65bbc846767fb03a5bb45d48fb90329a7345a0c94bfcb0f57ec1c170dd3156b1,True,5,24
b4,b4-k16-andor_dom-tree-2f1233215648,16,24,andor_dom,tree,words,13,13,16,17,17,17,16,16,16,38950.0,67310.0,38960.0,39970.0,0.9997433264887063,1.7276694045174539,0.9744808606454841,1.684013009757318,0.9747310482862147,28420.0,41570.0,27490.0,39610.0,25400.0,40790.0,65bbc846767fb03a5bb45d48fb90329a7345a0c94bfcb0f57ec1c170dd3156b1,65bbc846767fb03a5bb45d48fb90329a7345a0c94bfcb0f57ec1c170dd3156b1,True,5,24
b4,b4-k16-andor_dom-shared-3f5171ea0365,16,16,andor_dom,shared,words,11,11,31,27,27,35,26,26,33,54040.0,82470.0,54160.0,74070.0,0.9977843426883308,1.5227104874446085,0.7295801269069799,1.1134062373430538,0.7312002160118807,36860.0,52070.0,37030.0,52100.0,51320.0,72900.0,a3e9a89e15f43111479cb1c649762223a1020c7ff05a0790a1dbd724c186d43d,a3e9a89e15f43111479cb1c649762223a1020c7ff05a0790a1dbd724c186d43d,True,5,24
b4,b4-k16-andor_dom-shared-3f5171ea0365,16,20,andor_dom,shared,words,11,11,31,27,27,35,26,26,33,50440.0,76900.0,50220.0,68110.0,1.0043807248108323,1.5312624452409398,0.740566730289238,1.1290559389223316,0.7373366612832183,34700.0,50490.0,35130.0,50680.0,46850.0,68080.0,a3e9a89e15f43111479cb1c649762223a1020c7ff05a0790a1dbd724c186d43d,a3e9a89e15f43111479cb1c649762223a1020c7ff05a0790a1dbd724c186d43d,True,5,24
b4,b4-k16-andor_dom-shared-3f5171ea0365,16,24,andor_dom,shared,words,11,11,31,27,27,35,26,26,33,51560.0,79550.0,51990.0,70320.0,0.9917291786882093,1.530101942681285,0.7332195676905574,1.1312571103526734,0.7393344709897611,38350.0,55150.0,38730.0,54770.0,54090.0,75630.0,a3e9a89e15f43111479cb1c649762223a1020c7ff05a0790a1dbd724c186d43d,a3e9a89e15f43111479cb1c649762223a1020c7ff05a0790a1dbd724c186d43d,True,5,24
b4,b4-k16-impeqv_dom-tree-e8f2b17bc687,16,16,impeqv_dom,tree,words,21,21,21,58,58,58,39,39,39,71580.0,98820.0,71450.0,71260.0,1.0018194541637508,1.3830650804758573,1.0044905978108336,1.386752736458041,1.0026662924501824,141030.0,72060.0,140320.0,70940.0,139030.0,70810.0,f34ccea8f4207e4c2911132f497a2011bae9b60d87ac450aaba9658a05c39d6b,f34ccea8f4207e4c2911132f497a2011bae9b60d87ac450aaba9658a05c39d6b,True,5,24
b4,b4-k16-impeqv_dom-tree-e8f2b17bc687,16,20,impeqv_dom,tree,words,21,21,21,58,58,58,39,39,39,67920.0,104120.0,69730.0,69970.0,0.974042736268464,1.4931880108991826,0.9707017293125625,1.488066314134629,0.9965699585536658,128050.0,64770.0,127270.0,66760.0,131710.0,67420.0,f34ccea8f4207e4c2911132f497a2011bae9b60d87ac450aaba9658a05c39d6b,f34ccea8f4207e4c2911132f497a2011bae9b60d87ac450aaba9658a05c39d6b,True,5,24
b4,b4-k16-impeqv_dom-tree-e8f2b17bc687,16,24,impeqv_dom,tree,words,21,21,21,58,58,58,39,39,39,66740.0,94170.0,66920.0,66660.0,0.9973102211595936,1.4072026300059772,1.001200120012001,1.4126912691269127,1.003900390039004,126390.0,65050.0,128850.0,65560.0,126860.0,65060.0,f34ccea8f4207e4c2911132f497a2011bae9b60d87ac450aaba9658a05c39d6b,f34ccea8f4207e4c2911132f497a2011bae9b60d87ac450aaba9658a05c39d6b,True,5,24
b4,b4-k16-impeqv_dom-shared-e99fa645e56f,16,16,impeqv_dom,shared,words,32,32,50,78,78,118,53,53,80,87220.0,115120.0,88010.0,131600.0,0.991023747301443,1.308033178047949,0.6627659574468086,0.8747720364741641,0.6687689969604863,188890.0,95520.0,182630.0,95000.0,260720.0,136150.0,5ea1738aec3cdb44c3738da5cb0360c64d34b37e30d0513696bf11f50671ba93,5ea1738aec3cdb44c3738da5cb0360c64d34b37e30d0513696bf11f50671ba93,True,5,24
b4,b4-k16-impeqv_dom-shared-e99fa645e56f,16,20,impeqv_dom,shared,words,32,32,50,78,78,118,53,53,80,88060.0,116560.0,89130.0,131530.0,0.9879950633905531,1.3077527207449793,0.6695050558807877,0.8861856610659166,0.6776400821105452,174620.0,89020.0,175090.0,91140.0,252200.0,130300.0,5ea1738aec3cdb44c3738da5cb0360c64d34b37e30d0513696bf11f50671ba93,5ea1738aec3cdb44c3738da5cb0360c64d34b37e30d0513696bf11f50671ba93,True,5,24
b4,b4-k16-impeqv_dom-shared-e99fa645e56f,16,24,impeqv_dom,shared,words,32,32,50,78,78,118,53,53,80,83080.0,109150.0,84810.0,123780.0,0.9796014620917345,1.2869944582006838,0.6711908224268864,0.8818064307642591,0.6851672321861367,202720.0,97600.0,194180.0,102340.0,275090.0,145780.0,5ea1738aec3cdb44c3738da5cb0360c64d34b37e30d0513696bf11f50671ba93,5ea1738aec3cdb44c3738da5cb0360c64d34b37e30d0513696bf11f50671ba93,True,5,24
b4,b4-k16-mixed-tree-1a32ec4e774b,16,16,mixed,tree,words,19,19,24,43,43,43,33,33,33,59250.0,90260.0,60500.0,65400.0,0.9793388429752066,1.491900826446281,0.9059633027522935,1.3801223241590215,0.9250764525993884,81900.0,64180.0,84460.0,65350.0,81650.0,67960.0,3415d1f4d1c6bbc5eebc32a426fbf05984a23c3baa2a116928ee575577748dad,3415d1f4d1c6bbc5eebc32a426fbf05984a23c3baa2a116928ee575577748dad,True,5,24
b4,b4-k16-mixed-tree-1a32ec4e774b,16,20,mixed,tree,words,19,19,24,43,43,43,33,33,33,63610.0,87410.0,61450.0,61810.0,1.0351505288852725,1.4224572823433685,1.029121501375182,1.4141724640025886,0.9941756997249636,82900.0,63810.0,83510.0,64250.0,82770.0,65580.0,3415d1f4d1c6bbc5eebc32a426fbf05984a23c3baa2a116928ee575577748dad,3415d1f4d1c6bbc5eebc32a426fbf05984a23c3baa2a116928ee575577748dad,True,5,24
b4,b4-k16-mixed-tree-1a32ec4e774b,16,24,mixed,tree,words,19,19,24,43,43,43,33,33,33,61450.0,92570.0,65120.0,65600.0,0.9436425061425061,1.421529484029484,0.9367378048780488,1.4111280487804878,0.9926829268292683,77890.0,59980.0,77550.0,60320.0,76240.0,62140.0,3415d1f4d1c6bbc5eebc32a426fbf05984a23c3baa2a116928ee575577748dad,3415d1f4d1c6bbc5eebc32a426fbf05984a23c3baa2a116928ee575577748dad,True,5,24
b4,b4-k16-mixed-shared-53b17b68c3f4,16,16,mixed,shared,words,23,23,43,56,56,82,43,43,62,75470.0,99340.0,74800.0,106360.0,1.008957219251337,1.3280748663101605,0.7095712673937571,0.9339977435125987,0.7032719067318541,116320.0,78500.0,118050.0,78170.0,171620.0,115620.0,429f1bf7f7d888e276b72b8eb279d92843030c475661ddee10c10f18895a7dd0,429f1bf7f7d888e276b72b8eb279d92843030c475661ddee10c10f18895a7dd0,True,5,24
b4,b4-k16-mixed-shared-53b17b68c3f4,16,20,mixed,shared,words,23,23,43,56,56,82,43,43,62,73340.0,119700.0,81960.0,114630.0,0.8948267447535383,1.4604685212298683,0.6397976097007764,1.0442292593561895,0.7149960743260927,119930.0,78530.0,116980.0,79230.0,171700.0,114020.0,429f1bf7f7d888e276b72b8eb279d92843030c475661ddee10c10f18895a7dd0,429f1bf7f7d888e276b72b8eb279d92843030c475661ddee10c10f18895a7dd0,True,5,24
b4,b4-k16-mixed-shared-53b17b68c3f4,16,24,mixed,shared,words,23,23,43,56,56,82,43,43,62,83260.0,113930.0,83200.0,117850.0,1.0007211538461538,1.3693509615384616,0.706491302503182,0.9667373780229105,0.7059821807382266,113740.0,77710.0,112780.0,80130.0,174100.0,112770.0,429f1bf7f7d888e276b72b8eb279d92843030c475661ddee10c10f18895a7dd0,429f1bf7f7d888e276b72b8eb279d92843030c475661ddee10c10f18895a7dd0,True,5,24
