corpus,id,live_k,ambient_n,op_family,shape,current_engine,cm_instructions,cse_flat_instructions,raw_instructions,cm_executed_bigint_ops,cse_flat_executed_bigint_ops,raw_executed_bigint_ops,cm_executed_word_ops,cse_flat_executed_word_ops,raw_executed_word_ops,cm_current_ns_median,cm_wrapper_ns_median,cse_flat_current_ns_median,raw_current_ns_median,cm_current_over_cse_flat_current,cm_wrapper_over_cse_flat_current,cm_current_over_raw_current,cm_wrapper_over_raw_current,cse_flat_current_over_raw_current,cm_flat_ns_median,cm_words_ns_median,cse_flat_flat_ns_median,cse_flat_words_ns_median,raw_flat_ns_median,raw_words_ns_median,truth_sha256_expected,packed_sha256,packed_equal_all_arms,batch,rounds
b2,b2-k4-xor_dom-tree-1-8b6c553e4c62,4,4,xor_dom,tree,flat,6,6,6,9,9,9,7,7,7,3105.0,27420.0,3334.0,2454.5,0.9313137372525495,8.224355128974205,1.2650234263597473,11.171317987370136,1.3583214503972296,2696.5,2871.5,3075.5,3052.0,2156.0,2283.5,8e05696833e6832e8ad694ea4bef56ad3e4d9944c35799f8a67e1fc7312907e6,8e05696833e6832e8ad694ea4bef56ad3e4d9944c35799f8a67e1fc7312907e6,True,100,24
b2,b2-k4-xor_dom-tree-2-186a2a5c9bf0,4,4,xor_dom,tree,flat,2,2,3,3,3,3,3,3,3,1670.5,19649.5,1894.5,1516.0,0.8817629981525469,10.371865927685405,1.1019129287598945,12.96141160949868,1.2496701846965699,1560.0,1663.5,1878.5,1839.5,1403.0,1481.0,a22175a602c02145cc695f9333f8ddfcc5cf32cebe88d461f157889dfd8e9468,a22175a602c02145cc695f9333f8ddfcc5cf32cebe88d461f157889dfd8e9468,True,100,24
b2,b2-k4-xor_dom-tree-3-128078f3da7b,4,4,xor_dom,tree,flat,7,7,8,11,11,11,8,8,8,2787.5,21200.5,3033.0,2431.0,0.9190570392350808,6.989943949884602,1.1466474701768818,8.720896750308516,1.2476347182229535,2817.0,2982.5,3278.0,3214.0,2382.0,2513.0,62e7c221122cae8423ae3abd29d9fc9c53287f46a67c831dc0fd497948602a48,62e7c221122cae8423ae3abd29d9fc9c53287f46a67c831dc0fd497948602a48,True,100,24
b2,b2-k4-xor_dom-tree-4-9a5b24a5b691,4,4,xor_dom,tree,flat,2,2,5,3,5,5,3,5,5,1774.5,20692.5,2073.5,1969.0,0.8557993730407524,9.979503255365325,0.9012188928390046,10.509141696292534,1.053072625698324,1627.0,1715.0,2041.5,1980.5,1742.5,1833.0,bf03ae910baf5f6fdb652b910c8004017dd76989a1ecd128aef435bdf5bfdff9,bf03ae910baf5f6fdb652b910c8004017dd76989a1ecd128aef435bdf5bfdff9,True,100,24
b2,b2-k4-xor_dom-shared-1-b3e4cd19e589,4,4,xor_dom,shared,flat,4,5,17,7,12,19,6,11,18,2171.0,20953.5,2882.5,3773.0,0.7531656548135299,7.269210754553339,0.5754041876490856,5.553538298436258,0.7639809170421415,1939.0,2039.5,2715.5,2673.0,3437.5,3535.5,9a83c6cb1126d93de4a30715b28f1f4b26b983c57fb39e6d826d7e893ae4ee74,9a83c6cb1126d93de4a30715b28f1f4b26b983c57fb39e6d826d7e893ae4ee74,True,100,24
b2,b2-k4-xor_dom-shared-2-d4c0909c8173,4,4,xor_dom,shared,flat,7,8,27,14,18,29,12,16,27,3107.0,22541.5,3740.5,5482.0,0.8306376152920733,6.026333377890657,0.5667639547610361,4.1119117110543595,0.6823239693542503,2775.5,2867.0,3475.0,3440.0,5029.0,5128.5,bfa9ad6c53bd4fa5c103452ec0f0c7e0d582abdd55bb8f39362c766dd459e870,bfa9ad6c53bd4fa5c103452ec0f0c7e0d582abdd55bb8f39362c766dd459e870,True,100,24
b2,b2-k4-xor_dom-shared-3-88f8242fa307,4,4,xor_dom,shared,flat,4,6,23,8,17,24,7,16,23,2205.0,20325.0,3192.0,4619.5,0.6907894736842105,6.367481203007519,0.4773243857560342,4.399826821084533,0.6909838727134971,2032.5,2126.0,3090.5,3063.5,4420.5,4479.0,ae8f3419f2285fc482b01c8e22707b13699ad50038026ce4618391aa1c675671,ae8f3419f2285fc482b01c8e22707b13699ad50038026ce4618391aa1c675671,True,100,24
b2,b2-k4-xor_dom-shared-4-28c644b1084a,4,4,xor_dom,shared,flat,6,8,21,9,16,23,8,15,22,2697.5,21065.5,3751.5,4440.5,0.7190457150473144,5.615220578435292,0.6074766355140186,4.743947753631348,0.8448372930976241,2541.5,2725.0,3697.5,3699.5,4240.5,4367.0,8fe99e1d4b27948fd5e99e3883f6e2954b653363a4874606a09becab762842ad,8fe99e1d4b27948fd5e99e3883f6e2954b653363a4874606a09becab762842ad,True,100,24
b2,b2-k4-andor_dom-tree-1-ea13a53017b8,4,4,andor_dom,tree,flat,2,2,3,5,5,5,4,4,4,1630.5,18657.0,1842.0,1537.0,0.8851791530944625,10.128664495114007,1.060832791151594,12.138581652569941,1.1984385165907612,1550.5,1645.5,1873.5,1819.5,1442.5,1524.5,0d9ba34f231adf13041d4ad21fdfbf7209755748963a9c4683e00cef9a30f068,0d9ba34f231adf13041d4ad21fdfbf7209755748963a9c4683e00cef9a30f068,True,100,24
b2,b2-k4-andor_dom-tree-2-e674d60a6337,4,4,andor_dom,tree,flat,5,5,5,6,6,6,5,5,5,2323.0,20421.0,2562.5,1805.0,0.9065365853658537,7.969170731707317,1.2869806094182825,11.313573407202217,1.419667590027701,2139.0,2234.5,2499.0,2459.0,1634.0,1713.0,40b7b0acaa3a96600fe748a9adb72e7d390fff319c0a222f724ecd7159384a8d,40b7b0acaa3a96600fe748a9adb72e7d390fff319c0a222f724ecd7159384a8d,True,100,24
b2,b2-k4-andor_dom-tree-3-269b85d31c4b,4,4,andor_dom,tree,flat,3,3,3,5,5,5,4,4,4,1858.5,19900.5,2122.5,1603.5,0.8756183745583039,9.375971731448763,1.1590271281571563,12.41066417212348,1.323666978484565,1717.5,1802.0,2057.5,1987.0,1415.5,1503.0,5eace7caa8a101d3105c0c338da64e3d62dd7d90b1e4f9a2846f43f9e99ab977,5eace7caa8a101d3105c0c338da64e3d62dd7d90b1e4f9a2846f43f9e99ab977,True,100,24
b2,b2-k4-andor_dom-tree-4-d96f9fff14ea,4,4,andor_dom,tree,flat,5,5,5,5,5,5,5,5,5,2377.0,21177.0,2523.5,1797.5,0.9419457103229641,8.39191598969685,1.3223922114047288,11.781363004172462,1.403894297635605,2263.0,2332.0,2627.0,2627.5,1673.0,1754.5,830dcc860e2f53775bdab51b1b2ff210ce23f6366ac76fba9168f62702456c31,830dcc860e2f53775bdab51b1b2ff210ce23f6366ac76fba9168f62702456c31,True,100,24
b2,b2-k4-andor_dom-shared-1-17ce9f3e12c6,4,4,andor_dom,shared,flat,7,8,22,15,16,26,14,15,24,3085.5,23203.0,3599.5,4286.0,0.8572023892207251,6.446173079594388,0.7199020065328978,5.413672421838544,0.839827344843677,2903.0,2997.0,3463.0,3402.0,3995.0,4076.0,48b576dfc3447c7a0e6b513608937a23d02e6330c5ed01b0fc4ca98b2bca1feb,48b576dfc3447c7a0e6b513608937a23d02e6330c5ed01b0fc4ca98b2bca1feb,True,100,24
b2,b2-k4-andor_dom-shared-2-f7cba4ce652b,4,4,andor_dom,shared,flat,6,7,15,10,12,15,10,12,15,2834.5,21697.5,3385.0,3292.0,0.837370753323486,6.4098966026587885,0.8610267314702309,6.590978128797084,1.0282503037667072,2812.5,2929.5,3524.5,3462.5,3304.0,3336.0,085edad400785fca7e7e90b1fac4beb776fc2beee5aa24352d5f39b5d57efcad,085edad400785fca7e7e90b1fac4beb776fc2beee5aa24352d5f39b5d57efcad,True,100,24
b2,b2-k4-andor_dom-shared-3-44c5bbe1b3b1,4,4,andor_dom,shared,flat,7,8,26,11,16,31,9,14,26,2741.0,23313.0,3413.5,4687.0,0.8029881353449538,6.829646989893072,0.5848090462982718,4.973970556859398,0.7282910177085555,2494.0,2610.5,3235.0,3166.5,4312.5,4453.5,8509b81230019d2ad970d970f791dfbdc8caf54f5c594fcd327cef9feed206c1,8509b81230019d2ad970d970f791dfbdc8caf54f5c594fcd327cef9feed206c1,True,100,24
b2,b2-k4-andor_dom-shared-4-f79caff75ff2,4,4,andor_dom,shared,flat,5,6,19,8,11,19,8,11,19,2422.5,21915.0,3003.0,3467.0,0.8066933066933067,7.297702297702298,0.6987308912604557,6.3210268243438135,0.8661667147389674,2280.0,2385.0,3018.0,2931.5,3331.0,3453.5,474f2af47544e9c7ce4338cabd43c5ca1c26432b7300ce387406157ea433891f,474f2af47544e9c7ce4338cabd43c5ca1c26432b7300ce387406157ea433891f,True,100,24
b2,b2-k4-impeqv_dom-tree-1-d73fd085a946,4,4,impeqv_dom,tree,flat,3,3,3,9,9,9,6,6,6,1955.5,21066.0,2175.5,1915.5,0.8988738221098598,9.683291197425879,1.0208822761681022,10.99765074393109,1.135734795092665,1840.0,1920.5,2165.0,2113.5,1786.0,1864.5,fac7a6ffd3e55613018acf3b37a17e37f496208ce155acaa10324695365069e4,fac7a6ffd3e55613018acf3b37a17e37f496208ce155acaa10324695365069e4,True,100,24
b2,b2-k4-impeqv_dom-tree-2-cf78873f00c4,4,4,impeqv_dom,tree,flat,4,4,4,12,12,12,8,8,8,2144.5,22349.0,2437.5,2159.0,0.8797948717948718,9.168820512820513,0.9932839277443261,10.351551644279759,1.1289949050486336,1914.5,2010.5,2292.5,2244.0,1912.0,1996.0,f3569af837bfacd4b4b6d0e65c49197d37f1adb3bea6b311aed40bf0e7c19204,f3569af837bfacd4b4b6d0e65c49197d37f1adb3bea6b311aed40bf0e7c19204,True,100,24
b2,b2-k4-impeqv_dom-tree-3-0dc01f652163,4,4,impeqv_dom,tree,flat,3,5,5,5,11,11,4,8,8,1949.5,20646.5,2701.5,2200.0,0.7216361280769943,7.6426059596520455,0.8861363636363636,9.384772727272727,1.2279545454545455,1720.5,1821.0,2591.0,2512.5,1924.5,1992.5,c06b3cef20609e99f07633eef2aced3698988d513f39c51d4537da1357179f21,c06b3cef20609e99f07633eef2aced3698988d513f39c51d4537da1357179f21,True,100,24
b2,b2-k4-impeqv_dom-tree-4-0bc2267938a0,4,4,impeqv_dom,tree,flat,3,3,3,9,9,9,6,6,6,1825.0,21539.5,2115.5,1913.5,0.862680217442685,10.181753722524226,0.9537496733733996,11.256597857329501,1.1055657172720146,1688.5,1769.0,2056.0,1985.5,1678.0,1776.5,15b73ef77d3f7b4473e5e2ce1c8843189467ce6fd6df11d9065c5eb3c0ff877a,15b73ef77d3f7b4473e5e2ce1c8843189467ce6fd6df11d9065c5eb3c0ff877a,True,100,24
b2,b2-k4-impeqv_dom-shared-1-093bd06ebf38,4,4,impeqv_dom,shared,flat,13,13,39,30,30,73,21,21,51,4424.0,25185.0,4742.5,8435.5,0.9328413284132842,5.3104902477596205,0.5244502400569023,2.9855965858573885,0.5622073380356826,3997.0,4082.5,4400.0,4349.5,7711.0,7839.5,6bad351a721281983a6e1f281d7336daf4112fd879642799cf6db6b2c12452a7,6bad351a721281983a6e1f281d7336daf4112fd879642799cf6db6b2c12452a7,True,100,24
b2,b2-k4-impeqv_dom-shared-2-85e742aeb5d6,4,4,impeqv_dom,shared,flat,11,12,21,28,30,55,19,21,38,3726.5,22730.0,4359.0,5764.0,0.8548979123652214,5.214498738242717,0.6465128383067315,3.943442054129077,0.7562456627342123,3694.5,3808.5,4405.5,4375.0,5696.5,5893.0,29e6cfa2a6ac59fbab9d5c4d6d564f4255760cf51fd7457a3e7fe343d48ef318,29e6cfa2a6ac59fbab9d5c4d6d564f4255760cf51fd7457a3e7fe343d48ef318,True,100,24
b2,b2-k4-impeqv_dom-shared-3-8552cadc9761,4,4,impeqv_dom,shared,flat,15,15,26,41,41,72,28,28,49,4829.0,23944.5,5112.5,7000.5,0.9445476772616137,4.683520782396088,0.6898078708663666,3.420398542961217,0.7303049782158417,4796.0,4957.5,5219.5,5131.0,6990.5,7136.0,5eac72d678bc6b54f36eebba0a3a7394388c0d248b38358a45456a92e9fc5724,5eac72d678bc6b54f36eebba0a3a7394388c0d248b38358a45456a92e9fc5724,True,100,24
b2,b2-k4-impeqv_dom-shared-4-f61110d6fca7,4,4,impeqv_dom,shared,flat,5,15,27,14,44,80,9,29,53,2210.5,21258.5,5032.0,7495.5,0.4392885532591415,4.224662162162162,0.29491027950103393,2.836168367687279,0.671336135014342,2252.5,2338.5,5403.5,5195.0,7955.5,8011.0,af35cf33330c8003d7af1221cd460af6401a1f4936caf864fc5772657e3ca072,af35cf33330c8003d7af1221cd460af6401a1f4936caf864fc5772657e3ca072,True,100,24
b2,b2-k4-mixed-tree-1-6a5b06e30521,4,4,mixed,tree,flat,6,6,6,7,7,7,6,6,6,2714.5,23357.0,3087.5,2063.0,0.8791902834008097,7.565020242914979,1.3158022297624818,11.321861366941347,1.4966068831798351,2547.5,2638.0,2882.5,2914.5,1888.5,1939.5,e9af142af8c43e431b89ecd40f29bbd8c1068cad8afec9b8b07d2e0e9768edf6,e9af142af8c43e431b89ecd40f29bbd8c1068cad8afec9b8b07d2e0e9768edf6,True,100,24
b2,b2-k4-mixed-tree-2-39dcef306168,4,4,mixed,tree,flat,7,7,7,13,13,13,9,9,9,2893.5,23636.0,3198.0,2513.5,0.9047842401500938,7.3908692933083175,1.1511836085140243,9.40362044957231,1.27232942112592,2722.0,2840.5,3135.5,3085.0,2318.5,2409.0,d6702270d176bac32f4c82874128788420408e580e7c3a1be862bbfe2fb1a632,d6702270d176bac32f4c82874128788420408e580e7c3a1be862bbfe2fb1a632,True,100,24
b2,b2-k4-mixed-tree-3-42ca330baf1d,4,4,mixed,tree,flat,6,6,6,12,12,12,8,8,8,2587.0,21492.0,2873.5,2310.5,0.9002958065077432,7.47938054637202,1.1196710668686432,9.301882709370267,1.2436702012551395,2369.0,2463.5,2765.5,2703.0,2049.0,2141.0,e8822f532ae9349b2b5743c494efd216ed4e44f9ebc82a6b1cb54895a5b88433,e8822f532ae9349b2b5743c494efd216ed4e44f9ebc82a6b1cb54895a5b88433,True,100,24
b2,b2-k4-mixed-tree-4-21975d9e7f15,4,4,mixed,tree,flat,5,5,5,9,9,9,6,6,6,2378.5,23187.5,2646.0,2032.0,0.8989040060468632,8.763227513227513,1.1705216535433072,11.41117125984252,1.3021653543307086,2106.0,2210.5,2515.0,2466.0,1790.0,1905.0,46cc6a8cb5bcc0120f98b84c71699b2ac5b90cb34a781ae2a83305fa98cd8e67,46cc6a8cb5bcc0120f98b84c71699b2ac5b90cb34a781ae2a83305fa98cd8e67,True,100,24
b2,b2-k4-mixed-shared-1-1f8d2534cdb0,4,4,mixed,shared,flat,7,8,18,14,18,24,12,15,20,3075.5,22430.5,3671.5,4035.5,0.8376685278496527,6.1093558491079945,0.7621112625449139,5.558295130714905,0.9098005203816132,2764.0,2868.0,3419.0,3378.0,3645.5,3720.5,b8811852747cfa3620c3dd2af5d59498c240f208e689b4052bac934c29faf094,b8811852747cfa3620c3dd2af5d59498c240f208e689b4052bac934c29faf094,True,100,24
b2,b2-k4-mixed-shared-2-8d20aba853af,4,4,mixed,shared,flat,10,10,15,20,20,22,16,16,18,3918.0,24210.0,4224.0,3865.5,0.9275568181818182,5.731534090909091,1.0135816841288319,6.263096623981374,1.092743500194024,3426.5,3515.0,3851.5,3797.0,3298.0,3383.0,fcf0a6c700dd13e274b6fba8deea8dd9b26e4eedde3495717cac8408c9c5177f,fcf0a6c700dd13e274b6fba8deea8dd9b26e4eedde3495717cac8408c9c5177f,True,100,24
b2,b2-k4-mixed-shared-3-8ed832ddfd1a,4,4,mixed,shared,flat,13,13,27,29,29,48,22,22,37,4509.5,23527.0,4762.5,6091.5,0.9468766404199475,4.94005249343832,0.7402938520889765,3.86226709349093,0.7818271361733563,4244.5,4340.0,4552.0,4532.5,5771.0,5852.0,c0ba8a33ac67f44abff5984dfbb6f56c46b880ac2b86e1f23e7fa9c402c53ae7,c0ba8a33ac67f44abff5984dfbb6f56c46b880ac2b86e1f23e7fa9c402c53ae7,True,100,24
b2,b2-k4-mixed-shared-4-22af367a203f,4,4,mixed,shared,flat,9,9,18,24,24,40,18,18,29,3612.0,23222.5,3855.0,4776.5,0.9369649805447471,6.023994811932555,0.7562022401339893,4.861823510938972,0.8070763111064587,3375.0,3473.0,3722.0,3693.0,4500.5,4706.5,339e8fdd18e00f5d48bda16256b4afabd5106771063c47c993e05676cd5264e9,339e8fdd18e00f5d48bda16256b4afabd5106771063c47c993e05676cd5264e9,True,100,24
b2,b2-k6-xor_dom-tree-1-bd603bfcb13b,6,6,xor_dom,tree,flat,4,4,6,8,8,8,7,7,7,2378.5,20757.0,2656.5,2299.0,0.8953510257858084,7.813664596273292,1.0345802522836016,9.028708133971293,1.1555023923444976,2405.0,11170.0,2846.0,11361.5,2276.5,10373.0,134a2372b7a31f4577e0f1881cee72029d82b9b9f47e40e5367a07212656b59a,134a2372b7a31f4577e0f1881cee72029d82b9b9f47e40e5367a07212656b59a,True,100,24
b2,b2-k6-xor_dom-tree-2-186d01415e6e,6,6,xor_dom,tree,flat,1,1,5,5,5,5,5,5,5,1792.0,20993.0,1990.5,2099.5,0.9002763124843004,10.546596332579753,0.853536556322934,9.999047392236246,0.9480828768754466,1618.0,9212.0,1935.5,9210.5,1901.0,7558.5,1d32e4a54704fac550a359f8a10b86059decdcb9c5508b41ff340958805d1bc1,1d32e4a54704fac550a359f8a10b86059decdcb9c5508b41ff340958805d1bc1,True,100,24
b2,b2-k6-xor_dom-tree-3-db17c2d558b5,6,6,xor_dom,tree,flat,3,3,6,7,7,7,6,6,6,2135.5,21148.5,2405.5,2273.5,0.8877572230305549,8.791727291623364,0.9393006377831538,9.30217725973169,1.058060259511766,1968.0,9057.0,2295.5,9183.5,2048.5,7848.5,3771c86aaf3420499795d6e04e7615973a08aa7d0e4e4225479b5e45d6d790e9,3771c86aaf3420499795d6e04e7615973a08aa7d0e4e4225479b5e45d6d790e9,True,100,24
b2,b2-k6-xor_dom-tree-4-55e169562c2e,6,6,xor_dom,tree,flat,5,5,7,10,10,10,8,8,8,2644.0,22251.5,2949.5,2551.0,0.8964231225631463,7.544160027123241,1.0364562916503333,8.72265778126225,1.1562132497059976,2488.5,11276.5,2915.0,11582.5,2318.5,10280.5,77ec00a4540ec379e53185390153ae3788621199fb76ecced5ba563d8587d205,77ec00a4540ec379e53185390153ae3788621199fb76ecced5ba563d8587d205,True,100,24
b2,b2-k6-xor_dom-shared-1-9e510ec73f56,6,6,xor_dom,shared,flat,8,8,25,18,22,28,16,20,26,3661.0,23365.0,4163.0,5422.0,0.879413884218112,5.612539034350228,0.6752120988565106,4.309295462928809,0.7677978605680561,3483.0,21667.0,4106.5,27453.0,5033.0,30473.0,2aec3bc90a539e122dd54736db4e4400e5b5007095003e6c684efddffc04cfad,2aec3bc90a539e122dd54736db4e4400e5b5007095003e6c684efddffc04cfad,True,100,24
b2,b2-k6-xor_dom-shared-2-b6c3c0a8013a,6,6,xor_dom,shared,flat,4,4,15,8,14,15,8,14,15,2517.0,21756.0,3087.0,3671.5,0.815354713313897,7.0476190476190474,0.6855508647691679,5.925643469971401,0.8408007626310772,2330.5,12190.5,3000.0,21087.5,3425.5,18314.5,009e38e0d30da65985e43e9b34e826fd6f0eca25b432424470acf2b2d76135f2,009e38e0d30da65985e43e9b34e826fd6f0eca25b432424470acf2b2d76135f2,True,100,24
b2,b2-k6-xor_dom-shared-3-032bd0c6858d,6,6,xor_dom,shared,flat,7,7,23,17,21,35,14,18,29,3453.5,23675.0,3915.0,5647.5,0.8821200510855683,6.047254150702426,0.6115095174856131,4.19212040725985,0.6932270916334662,3224.0,19222.5,3822.5,24837.0,5351.0,34658.5,647e06729ebad981aa02e88ae05b3d081a43127e3d34b56fbde7c6413b78f788,647e06729ebad981aa02e88ae05b3d081a43127e3d34b56fbde7c6413b78f788,True,100,24
b2,b2-k6-xor_dom-shared-4-2ef76830fe72,6,6,xor_dom,shared,flat,4,10,42,8,21,81,7,18,59,2516.0,22596.5,4605.5,10770.5,0.5463033329714472,4.906416241450439,0.23360103987744302,2.0979991643841975,0.4276031753400492,2349.0,10739.5,4407.5,23222.0,10215.0,65430.0,edef7ad9513057d8979adaa108d88fbe5f634f3a3dc3c66f9364ef7e8032213f,edef7ad9513057d8979adaa108d88fbe5f634f3a3dc3c66f9364ef7e8032213f,True,100,24
b2,b2-k6-andor_dom-tree-1-0a0c172dd63a,6,6,andor_dom,tree,flat,3,3,5,5,5,5,5,5,5,2175.5,22188.0,2435.5,2006.5,0.8932457400944365,9.110244303017861,1.0842262646399203,11.05806130077249,1.2138051333167206,2001.0,8471.5,2319.0,8558.5,1779.0,7432.5,f848de93b27124b7b13eaefeb6bfa0087e5ebbdf95e1833f4dd9ff0a83e967ac,f848de93b27124b7b13eaefeb6bfa0087e5ebbdf95e1833f4dd9ff0a83e967ac,True,100,24
b2,b2-k6-andor_dom-tree-2-eff74425a5c6,6,6,andor_dom,tree,flat,4,4,8,7,8,8,7,8,8,2411.5,22160.5,2672.0,2343.5,0.9025074850299402,8.293600299401197,1.0290164284190313,9.456155323234478,1.1401749519948794,2300.0,11086.0,2637.0,12669.5,2151.5,10789.0,cad6be77a54376f1a05420a4bc3d4683a92d6e8e364fbca00e2996debd78f326,cad6be77a54376f1a05420a4bc3d4683a92d6e8e364fbca00e2996debd78f326,True,100,24
b2,b2-k6-andor_dom-tree-3-d47d0c96cf7f,6,6,andor_dom,tree,flat,5,5,7,8,9,9,7,8,8,2739.0,22785.0,3061.0,2496.0,0.8948056190787325,7.443645867363607,1.0973557692307692,9.12860576923077,1.2263621794871795,2469.0,10330.0,2875.5,11947.0,2214.5,10899.0,50914e4773046b53f84ce0f6f4539f4b538cc3fe27541eabae848d1b199cf00b,50914e4773046b53f84ce0f6f4539f4b538cc3fe27541eabae848d1b199cf00b,True,100,24
b2,b2-k6-andor_dom-tree-4-9dc0cd28326c,6,6,andor_dom,tree,flat,5,5,8,8,8,8,8,8,8,2619.0,22178.0,2846.5,2286.0,0.9200772878974178,7.79132267697172,1.1456692913385826,9.701662292213474,1.245188101487314,2515.5,12240.0,2831.0,12340.5,2169.0,10882.0,c9b8b2d93f46839e42d4fa0c013558ab346efeafcd9458aa0784a14e80460c26,c9b8b2d93f46839e42d4fa0c013558ab346efeafcd9458aa0784a14e80460c26,True,100,24
b2,b2-k6-andor_dom-shared-1-b8d344418390,6,6,andor_dom,shared,flat,10,13,29,18,21,36,15,18,29,3947.0,24260.0,5011.0,5730.0,0.7876671323089204,4.841349032129315,0.6888307155322863,4.233856893542757,0.8745200698080279,3761.0,18789.0,4852.0,22057.0,5422.0,30492.0,3e990d45c83fa01d9bf0c64b79ed7678df3c723614f0f7eccdc3d196fa3073e9,3e990d45c83fa01d9bf0c64b79ed7678df3c723614f0f7eccdc3d196fa3073e9,True,100,24
b2,b2-k6-andor_dom-shared-2-64893da6cbd9,6,6,andor_dom,shared,flat,8,12,43,16,21,48,14,19,44,3488.5,24237.5,4821.0,7769.5,0.7236050611906244,5.027483924496992,0.44899929210373896,3.119570113906944,0.6205032498873801,3327.5,18442.0,4735.0,23895.0,7341.5,48651.0,46386ff0eccd7a7871daa3122b418bbf8e0d0180eca74808a53b2c3ed970f50e,46386ff0eccd7a7871daa3122b418bbf8e0d0180eca74808a53b2c3ed970f50e,True,100,24
b2,b2-k6-andor_dom-shared-3-a125454cd529,6,6,andor_dom,shared,flat,6,8,21,15,18,25,13,16,22,3225.5,25316.5,4135.5,4811.5,0.7799540563414339,6.121750695200097,0.6703730645328899,5.261664761508885,0.8595032734074612,2822.5,17903.5,3694.0,21353.5,4189.5,24844.0,3f710ac088db33363087de2b9a657541fe5447821debaa9fe5cbd538eb1a5f29,3f710ac088db33363087de2b9a657541fe5447821debaa9fe5cbd538eb1a5f29,True,100,24
b2,b2-k6-andor_dom-shared-4-0dd35386d57d,6,6,andor_dom,shared,flat,7,7,20,15,16,22,14,15,21,3315.0,24319.0,3679.0,4135.5,0.901060070671378,6.610220168524055,0.8015959376133478,5.880546487728207,0.8896143150767742,3046.5,19730.5,3484.0,22221.5,3793.0,26221.0,1656c269d0236784b54b17c8ef8406cea69739a8e3a204b3cbb8bfa53449f35b,1656c269d0236784b54b17c8ef8406cea69739a8e3a204b3cbb8bfa53449f35b,True,100,24
b2,b2-k6-impeqv_dom-tree-1-c05059f5591f,6,6,impeqv_dom,tree,flat,5,5,5,13,13,13,9,9,9,2854.5,23089.0,3117.0,2680.0,0.9157844080846969,7.4074430542188,1.0651119402985074,8.615298507462686,1.1630597014925372,2801.5,13468.0,3232.0,12995.5,2610.5,13268.0,7524471d915b02b29cef6bb1183791a371f6ace366b980da3b4594da2e301b21,7524471d915b02b29cef6bb1183791a371f6ace366b980da3b4594da2e301b21,True,100,24
b2,b2-k6-impeqv_dom-tree-2-187a6f599749,6,6,impeqv_dom,tree,flat,8,8,8,20,20,20,13,13,13,3754.5,25542.5,4071.0,3585.0,0.9222549742078113,6.274256939326946,1.0472803347280335,7.124825662482566,1.1355648535564853,3188.0,15255.5,3602.5,15554.0,3008.5,15293.5,1e13d706fb3dda034bfb6bd79f1f24f0a35baa6c661823432c53d2ac2c6be21a,1e13d706fb3dda034bfb6bd79f1f24f0a35baa6c661823432c53d2ac2c6be21a,True,100,24
b2,b2-k6-impeqv_dom-tree-3-9df370a422d4,6,6,impeqv_dom,tree,flat,9,9,9,22,22,22,15,15,15,3899.5,24488.5,4159.0,3533.5,0.9376051935561434,5.888074056263525,1.1035800198103862,6.930380642422527,1.1770199518890618,3795.5,19417.5,4244.5,19401.0,3451.0,19341.0,28a94295a090f24e443f2d252b023381603f14ffb2377f65b6be6020665e3e9a,28a94295a090f24e443f2d252b023381603f14ffb2377f65b6be6020665e3e9a,True,100,24
b2,b2-k6-impeqv_dom-tree-4-07d0d6da2af7,6,6,impeqv_dom,tree,flat,8,8,8,20,20,20,14,14,14,3950.0,25134.5,4124.0,3516.0,0.957807953443259,6.094689621726479,1.1234357224118316,7.148606370875996,1.1729237770193401,3358.0,18699.0,3925.5,18157.0,3104.5,17758.0,8f70d951764efc3a27090723594ff891fe9fb6f0f120509230ab0b05e930f6b6,8f70d951764efc3a27090723594ff891fe9fb6f0f120509230ab0b05e930f6b6,True,100,24
b2,b2-k6-impeqv_dom-shared-1-f68095cd3ba2,6,6,impeqv_dom,shared,flat,18,18,21,49,49,56,33,33,38,6477.0,28556.0,6924.5,6861.5,0.9353743952631959,4.1239078633836375,0.943962690373825,4.161772207243314,1.0091816658165125,6341.5,39715.0,6854.5,40042.0,6815.5,45886.5,456fa9ee42dce63c64416e513d4e929a4ee3caabd2db6c1d980b63123ef8151d,456fa9ee42dce63c64416e513d4e929a4ee3caabd2db6c1d980b63123ef8151d,True,100,24
b2,b2-k6-impeqv_dom-shared-2-22089ede1135,6,6,impeqv_dom,shared,flat,14,15,20,39,41,56,26,28,38,5278.0,24395.0,5981.0,6765.0,0.8824611269018559,4.078749373014546,0.7801921655580192,3.606060606060606,0.884109386548411,4999.0,30333.5,5893.0,33324.5,6481.5,44922.5,da5dc6f3940660a47e580ca74507b1073a28fc8818f12f7901782e7f17c39b91,da5dc6f3940660a47e580ca74507b1073a28fc8818f12f7901782e7f17c39b91,True,100,24
b2,b2-k6-impeqv_dom-shared-3-32d1a4c2066e,6,6,impeqv_dom,shared,flat,16,18,27,38,44,65,26,30,43,5887.5,26788.0,6765.5,8144.0,0.8702239302342768,3.9595004064740227,0.7229248526522594,3.2892927308447937,0.830734282907662,5725.5,30594.5,6650.0,34819.0,7703.5,47798.0,ea0d9f4b80c89400af7c42e36ca3620d6893ac17c46c1fe18b9f59bbc42433b8,ea0d9f4b80c89400af7c42e36ca3620d6893ac17c46c1fe18b9f59bbc42433b8,True,100,24
b2,b2-k6-impeqv_dom-shared-4-3e4e99468c60,6,6,impeqv_dom,shared,flat,17,17,23,45,45,61,30,30,40,6209.5,27382.0,6655.5,7727.0,0.9329877544887687,4.114191270377883,0.8036107156723179,3.5436780121651354,0.861330399896467,6240.0,37372.5,6704.0,37177.5,7498.5,47745.0,f6b41ca15f86f66da7370a58a52c273cdddd507c80b432acf9de9d69ab5f6e54,f6b41ca15f86f66da7370a58a52c273cdddd507c80b432acf9de9d69ab5f6e54,True,100,24
b2,b2-k6-mixed-tree-1-9ecccc175ad2,6,6,mixed,tree,flat,7,7,7,15,15,15,11,11,11,3360.0,23972.5,3692.5,2985.0,0.909952606635071,6.49221394719025,1.1256281407035176,8.030988274706868,1.2370184254606365,3029.5,14394.0,3465.5,14684.5,2702.0,14727.0,cc748c8dd498ebf4ba264da58e9b3b3c3cd35ba8a8d734c934c91675c283fc04,cc748c8dd498ebf4ba264da58e9b3b3c3cd35ba8a8d734c934c91675c283fc04,True,100,24
b2,b2-k6-mixed-tree-2-40b1238ea748,6,6,mixed,tree,flat,8,8,8,15,15,15,11,11,11,3504.0,23308.5,3831.0,3008.0,0.9146436961628818,6.084181675802663,1.1648936170212767,7.748836436170213,1.2736037234042554,3189.5,14262.0,3495.5,13738.5,2624.0,13911.5,50b964a05d1cc7f170c8e535883101b324eeedb8ca72b9b15fb11465c0efdc4c,50b964a05d1cc7f170c8e535883101b324eeedb8ca72b9b15fb11465c0efdc4c,True,100,24
b2,b2-k6-mixed-tree-3-aeb0c639e3f5,6,6,mixed,tree,flat,5,5,6,10,10,10,8,8,8,2765.0,23474.0,3036.5,2454.0,0.9105878478511444,7.730610900708052,1.1267318663406682,9.56560717196414,1.237367563162184,2772.0,12170.0,3169.5,12282.5,2402.5,11706.5,70502cbecab45d272c4e30db55dde2af39dabf59ea4cb5b06c13d6335e5470af,70502cbecab45d272c4e30db55dde2af39dabf59ea4cb5b06c13d6335e5470af,True,100,24
b2,b2-k6-mixed-tree-4-987f3c678ab0,6,6,mixed,tree,flat,8,8,9,16,16,16,12,12,12,4054.5,26810.0,4358.5,3556.0,0.930251233222439,6.151198806928989,1.1401856017997751,7.539370078740157,1.2256749156355455,3409.0,15642.0,3738.5,15466.5,2911.5,15210.5,4506d091ec25797f922490bd81243c8f7290dc8a6844c6537f3e46dd4720faf9,4506d091ec25797f922490bd81243c8f7290dc8a6844c6537f3e46dd4720faf9,True,100,24
b2,b2-k6-mixed-shared-1-bf5809ef3c65,6,6,mixed,shared,flat,10,10,49,20,20,59,17,17,54,4302.0,26227.5,4724.5,9450.0,0.910572547359509,5.551381098528945,0.4552380952380952,2.7753968253968253,0.49994708994709,3841.0,22278.0,4324.0,22519.0,8569.0,62783.0,d80e470e33e534894d3e5df0e299031a7e9f0ac845d9035403c74342fad902d2,d80e470e33e534894d3e5df0e299031a7e9f0ac845d9035403c74342fad902d2,True,100,24
b2,b2-k6-mixed-shared-2-33593cbc9843,6,6,mixed,shared,flat,14,15,25,30,31,42,23,24,32,5077.0,25476.5,5729.5,6070.0,0.8861157169037438,4.446548564447159,0.8364085667215816,4.197116968698517,0.9439044481054366,5173.5,29972.5,5828.5,31625.5,6233.0,38509.5,991201b381b64d183be8d60df0a5b23afa16a6c4f1747ae0fafc957a288b8155,991201b381b64d183be8d60df0a5b23afa16a6c4f1747ae0fafc957a288b8155,True,100,24
b2,b2-k6-mixed-shared-3-a377b00385d6,6,6,mixed,shared,flat,15,15,36,33,33,68,26,26,52,5667.5,26374.0,5951.5,8898.5,0.9522809375787616,4.43148786020331,0.6369050963645558,2.9638703152216666,0.6688205877395067,5689.5,34058.0,6327.0,34586.0,8923.0,64627.5,5683fd468752a8eebd3fecdf82e47864ac13a8699d5fe2495930fb25fa755b75,5683fd468752a8eebd3fecdf82e47864ac13a8699d5fe2495930fb25fa755b75,True,100,24
b2,b2-k6-mixed-shared-4-d71d1df79e0f,6,6,mixed,shared,flat,11,15,34,22,31,57,17,24,42,4357.0,24382.0,5772.5,7781.0,0.7547856214811607,4.223819835426592,0.5599537334532836,3.133530394550829,0.7418712247783061,4381.5,21749.5,5979.5,30464.5,7634.5,47710.0,649807f9b389602dad3c9be515538cf94aea9d5cc3dfb85d443ffc48f9d24360,649807f9b389602dad3c9be515538cf94aea9d5cc3dfb85d443ffc48f9d24360,True,100,24
b2,b2-k8-xor_dom-tree-1-e3305253a197,8,8,xor_dom,tree,flat,8,8,11,13,13,13,11,11,11,3753.5,24474.0,4025.0,3339.0,0.9325465838509317,6.080496894409938,1.1241389637616053,7.32973944294699,1.2054507337526206,3485.0,12437.0,3822.5,12762.0,3049.0,13723.5,46af8650e56cb3d8316990197ae711b02c6005066cac2953e04fc0ca70015a55,46af8650e56cb3d8316990197ae711b02c6005066cac2953e04fc0ca70015a55,True,100,24
b2,b2-k8-xor_dom-tree-2-13ed19191907,8,8,xor_dom,tree,flat,8,8,12,17,17,17,14,14,14,3630.5,23848.5,3936.5,3521.0,0.9222659723104281,6.058300520767179,1.0310991195683044,6.7732178358420905,1.118006248224936,3683.5,14995.5,3949.0,14530.0,3354.5,16589.0,e1816aca7b95dbe067940f525f729f06e1e3535d98b933099d96513ab738a3bc,e1816aca7b95dbe067940f525f729f06e1e3535d98b933099d96513ab738a3bc,True,100,24
b2,b2-k8-xor_dom-tree-3-6411e7a81de6,8,8,xor_dom,tree,flat,8,8,12,18,18,18,14,14,14,3687.0,22875.5,3950.5,3692.0,0.9332995823313505,5.790532843943804,0.9986457204767064,6.195964247020585,1.0700162513542795,3559.5,13702.5,3854.0,14117.0,3459.5,15357.0,e3b16859071e39ef7e23d1c58adf4b4d9f7bd4834a5d7fb37c7e5bd4ffc3bf12,e3b16859071e39ef7e23d1c58adf4b4d9f7bd4834a5d7fb37c7e5bd4ffc3bf12,True,100,24
b2,b2-k8-xor_dom-tree-4-c77ef7ea382c,8,8,xor_dom,tree,flat,8,8,10,13,13,13,11,11,11,3510.5,22919.5,3891.5,3105.5,0.9020943081074136,5.889631247590903,1.130413781999678,7.380293028497826,1.2530993398808565,3329.0,12465.0,3756.5,12402.0,2909.0,13064.0,64256c18b54a69684f950bf04e330c2a5d4ff3ee20ae16427bd89a85344dbdf6,64256c18b54a69684f950bf04e330c2a5d4ff3ee20ae16427bd89a85344dbdf6,True,100,24
b2,b2-k8-xor_dom-shared-1-39a6b403d2d3,8,8,xor_dom,shared,flat,10,10,27,20,24,32,17,21,29,4335.0,24772.5,4836.0,6068.0,0.8964019851116626,5.122518610421836,0.714403427818062,4.082481872116018,0.7969676994067239,4334.5,18223.0,4998.0,20225.0,5980.5,34309.0,969e55e56254cb0c53aae5eaf2bf2ae32c59ac1ba8cda5ed517b46ff3a91b000,969e55e56254cb0c53aae5eaf2bf2ae32c59ac1ba8cda5ed517b46ff3a91b000,True,100,24
b2,b2-k8-xor_dom-shared-2-13d2013b2012,8,8,xor_dom,shared,flat,2,3,18,10,17,24,9,16,21,2292.5,21772.0,3093.0,4613.0,0.74118978338183,7.039120594891691,0.4969650986342944,4.719705181010188,0.6704964231519619,2251.0,9099.5,3225.0,14907.0,4751.5,24705.0,c685e7aa0cf19a6f715b097a9d3252953f12dde3bf98a0f43deef53ac6245c78,c685e7aa0cf19a6f715b097a9d3252953f12dde3bf98a0f43deef53ac6245c78,True,100,24
b2,b2-k8-xor_dom-shared-3-c2eeb3424108,8,8,xor_dom,shared,flat,6,8,31,17,22,35,16,20,32,3526.5,23324.5,4269.5,6635.5,0.8259749385173908,5.4630518796111955,0.5314595735061413,3.515108130510135,0.6434330495064426,3369.0,15427.0,4294.0,18478.5,6413.5,37134.5,6eb7bcba5a6aa5f243c21c44059f0b469b9f09ed9a02eb46abb5d3b379a21f83,6eb7bcba5a6aa5f243c21c44059f0b469b9f09ed9a02eb46abb5d3b379a21f83,True,100,24
b2,b2-k8-xor_dom-shared-4-b7ecc9bde8c8,8,8,xor_dom,shared,flat,15,16,43,24,27,50,21,24,43,5624.5,26364.0,6118.0,8738.0,0.9193363844393593,4.309251389342923,0.6436827649347677,3.0171663996337834,0.7001602197299153,5516.0,23373.5,6354.5,25258.0,8788.5,49991.0,288e53bef7c9f70b78ec03366f445225a7937c0d6c72724b6d60e44db6fd53a4,288e53bef7c9f70b78ec03366f445225a7937c0d6c72724b6d60e44db6fd53a4,True,100,24
b2,b2-k8-andor_dom-tree-1-0a99939bca63,8,8,andor_dom,tree,flat,6,6,9,12,12,12,10,10,10,3026.0,21966.0,3206.5,2854.5,0.9437080929362233,6.850460003118665,1.0600805745314417,7.695218076720967,1.1233140655105973,3084.5,11373.0,3382.5,11388.5,2829.5,12439.5,8fd28e1480f36482da1a002c844de2475a8c1509bb3c5f17bc852f253674c754,8fd28e1480f36482da1a002c844de2475a8c1509bb3c5f17bc852f253674c754,True,100,24
b2,b2-k8-andor_dom-tree-2-cbc8a38367ce,8,8,andor_dom,tree,flat,7,7,8,9,9,9,8,8,8,3247.5,24319.0,3504.0,2653.0,0.9267979452054794,6.940353881278539,1.2240859404447795,9.166603844704108,1.3207689408217114,2983.0,9926.5,3294.0,9913.5,2419.0,10383.5,3d79bfe61802b728b5e2d9a5a13fc4c2e855c7614300109f66b4512e32c1ca43,3d79bfe61802b728b5e2d9a5a13fc4c2e855c7614300109f66b4512e32c1ca43,True,100,24
b2,b2-k8-andor_dom-tree-3-329734acd78e,8,8,andor_dom,tree,flat,6,6,9,10,10,10,9,9,9,3010.0,22363.0,3273.5,2711.5,0.919505116847411,6.831525889720482,1.1100866678959986,8.247464503042597,1.2072653512815785,3266.0,11205.5,3382.5,11241.0,3148.0,12482.5,de720284cb8b83b7752b2428ee149a8a958c8b0df09a2818c89b1d2e9cec3291,de720284cb8b83b7752b2428ee149a8a958c8b0df09a2818c89b1d2e9cec3291,True,100,24
b2,b2-k8-andor_dom-tree-4-fa17785afafe,8,8,andor_dom,tree,flat,9,9,10,12,12,12,10,10,10,3585.5,23974.0,3892.5,2930.0,0.9211303789338472,6.159023763648041,1.2237201365187713,8.182252559726962,1.3284982935153584,3585.0,12331.0,3864.5,12199.5,2845.0,12692.0,e81aaaaf5c7365dfb830e4ef552588ef192a92c961dc5d3b2d0774e6f5f42835,e81aaaaf5c7365dfb830e4ef552588ef192a92c961dc5d3b2d0774e6f5f42835,True,100,24
b2,b2-k8-andor_dom-shared-1-69a470723d85,8,8,andor_dom,shared,flat,8,8,24,18,19,37,16,17,30,3764.5,25132.0,4242.5,6280.5,0.8873305833824396,5.923865645256335,0.5993949526311599,4.001592229918,0.6755035427115675,3816.0,16738.0,4312.0,17347.5,5906.5,32260.5,d09260b32b9036615aa0a298b0be0cb238f5a32466a24e74b66ac6cfc665270a,d09260b32b9036615aa0a298b0be0cb238f5a32466a24e74b66ac6cfc665270a,True,100,24
b2,b2-k8-andor_dom-shared-2-775ee4cbbb58,8,8,andor_dom,shared,flat,10,12,24,18,21,28,16,19,25,4089.0,24304.5,4913.0,4931.0,0.8322817016079789,4.946977406879707,0.8292435611437842,4.928919083350233,0.9963496248225512,3900.5,16330.0,4843.5,19504.5,4793.5,28070.0,64736495552f7d588011b5d4dee6824053c01ef39c79204d75808e0ed5578a72,64736495552f7d588011b5d4dee6824053c01ef39c79204d75808e0ed5578a72,True,100,24
b2,b2-k8-andor_dom-shared-3-5e5303eaddfb,8,8,andor_dom,shared,flat,14,14,26,23,23,30,20,20,26,5136.5,25775.5,5442.0,5620.5,0.9438625505328924,4.736402058066887,0.9138866648874655,4.585979895027132,0.9682412596744062,5152.5,21635.0,5630.5,21689.5,5432.0,30956.5,84d9f58be131996c613a24c6bad7f9cfc8fc2dced6da06cbeae5828f30c5ba7a,84d9f58be131996c613a24c6bad7f9cfc8fc2dced6da06cbeae5828f30c5ba7a,True,100,24
b2,b2-k8-andor_dom-shared-4-0f2c3ce95a60,8,8,andor_dom,shared,flat,13,14,28,23,24,30,21,22,28,4922.5,24999.0,5475.0,5376.5,0.8990867579908676,4.566027397260274,0.9155584488049846,4.64967915930438,1.0183204687064076,4738.5,21348.5,5513.5,22681.0,5149.0,32260.5,25e947aaa44b7574bce0d0ac4d91d63489a7837f6af73764eab3cc83eff2b01f,25e947aaa44b7574bce0d0ac4d91d63489a7837f6af73764eab3cc83eff2b01f,True,100,24
b2,b2-k8-impeqv_dom-tree-1-3976cb8a8eb7,8,8,impeqv_dom,tree,flat,9,9,9,21,21,21,14,14,14,3716.0,23079.5,3976.0,3414.5,0.9346076458752515,5.804703219315895,1.088299897495973,6.759261971006004,1.1644457460828819,3823.5,13408.5,4154.5,13245.5,3477.5,13549.0,9531d19a39d1a78eec73434e717a83cf79fa45f90d2765dc523db518b3697bef,9531d19a39d1a78eec73434e717a83cf79fa45f90d2765dc523db518b3697bef,True,100,24
b2,b2-k8-impeqv_dom-tree-2-575c0b583dee,8,8,impeqv_dom,tree,flat,13,13,13,31,31,31,21,21,21,5221.5,25684.5,5530.0,4754.5,0.9442133815551537,4.644575045207956,1.098222736355032,5.402145335997476,1.1631086339257546,5124.5,18851.5,5405.5,19087.5,4697.5,19279.5,f88dc445236ad27d04c5a74e2871821110c0dc36e8dae49131312ad077f3261a,f88dc445236ad27d04c5a74e2871821110c0dc36e8dae49131312ad077f3261a,True,100,24
b2,b2-k8-impeqv_dom-tree-3-d5e4f370e98e,8,8,impeqv_dom,tree,flat,13,13,13,31,31,31,21,21,21,5075.5,25484.0,5345.0,4718.5,0.9495790458372311,4.767820392890552,1.0756596375966938,5.400868920207693,1.1327752463706686,4798.5,18286.5,5160.0,18244.5,4372.0,18389.5,e673bd4ecbb357747580f30354acd0a1fe7a42af6dcd35f60e2af6c926e4ee1a,e673bd4ecbb357747580f30354acd0a1fe7a42af6dcd35f60e2af6c926e4ee1a,True,100,24
b2,b2-k8-impeqv_dom-tree-4-e0ca29a93790,8,8,impeqv_dom,tree,flat,8,8,9,23,23,23,16,16,16,3892.5,23469.5,4177.0,3748.0,0.9318889154895859,5.618745511132392,1.0385538954108857,6.261872998932764,1.114461045891142,3659.5,14302.0,3990.5,14243.5,3519.5,14372.5,f1b43719eaea9c28c2bcc7797b027fa9e77c4aaea97a7806365d47a0924e2909,f1b43719eaea9c28c2bcc7797b027fa9e77c4aaea97a7806365d47a0924e2909,True,100,24
b2,b2-k8-impeqv_dom-shared-1-773a9da63c46,8,8,impeqv_dom,shared,flat,19,19,23,50,50,60,34,34,41,6861.0,26364.5,7230.5,7576.0,0.9488970334001798,3.6462900214369682,0.9056230200633579,3.4800026399155226,0.9543954593453009,7848.5,32001.0,8468.0,31951.5,8576.0,38698.0,3b65ebd0507c96a532e9ddb9576f815bc022606a088fa00e45975372ceca63d2,3b65ebd0507c96a532e9ddb9576f815bc022606a088fa00e45975372ceca63d2,True,100,24
b2,b2-k8-impeqv_dom-shared-2-dc9d85a45968,8,8,impeqv_dom,shared,flat,15,17,20,45,51,60,30,34,40,6212.0,26289.0,7289.0,7842.0,0.8522431060502127,3.6066675812868705,0.7921448610048457,3.3523335883703136,0.9294822749298648,6152.0,26151.5,7358.5,29164.5,7742.5,34180.0,a20f0fa32a3ae96daafe19c0fdfc34275718c1a7704b8f97b39c81440d0d66a1,a20f0fa32a3ae96daafe19c0fdfc34275718c1a7704b8f97b39c81440d0d66a1,True,100,24
b2,b2-k8-impeqv_dom-shared-3-94e2d9a0a313,8,8,impeqv_dom,shared,flat,19,19,28,50,50,68,33,33,46,7237.0,27716.5,7519.0,8843.0,0.9624950126346589,3.686194972735736,0.8183874250819857,3.134287006671944,0.8502770552979758,7118.5,27837.0,7557.5,28177.5,8732.5,39588.5,fd1f53f68b66014297161c5dffa9b1fc333d2a86ec2b4e2e6104bc0d6b795d70,fd1f53f68b66014297161c5dffa9b1fc333d2a86ec2b4e2e6104bc0d6b795d70,True,100,24
b2,b2-k8-impeqv_dom-shared-4-2f7845a8dfa7,8,8,impeqv_dom,shared,flat,19,19,36,48,48,99,33,33,67,8159.0,32134.5,8698.0,13668.5,0.9380317314325132,3.6944699931018623,0.5969199253758642,2.3509895014083475,0.6363536598748948,6950.5,27841.5,7719.5,28447.0,12150.0,55311.5,48e63c1a11cb0d080536dcb51cc2d060417613566341202ea999668099542938,48e63c1a11cb0d080536dcb51cc2d060417613566341202ea999668099542938,True,100,24
b2,b2-k8-mixed-tree-1-37379aed18cc,8,8,mixed,tree,flat,9,9,10,17,18,18,13,14,14,3920.5,23430.5,4273.0,3479.0,0.9175052656213433,5.48338403931664,1.1269042828398965,6.734837597010635,1.228226501868353,3740.0,13623.0,4192.5,14636.5,3246.0,14763.0,46857c01ef2600404806313e98a00270bda713004aad3f522ef97f8b99dbf8d3,46857c01ef2600404806313e98a00270bda713004aad3f522ef97f8b99dbf8d3,True,100,24
b2,b2-k8-mixed-tree-2-64fdfc904809,8,8,mixed,tree,flat,10,10,11,17,17,17,14,14,14,4355.5,24974.5,4569.0,3637.5,0.9532720507769753,5.466075727730357,1.1973883161512027,6.865841924398626,1.2560824742268042,4050.5,14779.0,4422.5,14883.0,3261.5,15238.0,3331a38050c24c8daa54e6b7c23ad776764e78a23ae0b95a773dc5d240371a38,3331a38050c24c8daa54e6b7c23ad776764e78a23ae0b95a773dc5d240371a38,True,100,24
b2,b2-k8-mixed-tree-3-1a734e9283ab,8,8,mixed,tree,flat,6,6,7,11,11,11,9,9,9,3107.5,22531.5,3449.0,2783.5,0.9009857929834735,6.532763119744853,1.1164002155559547,8.094664990120352,1.2390874797916291,2887.5,10145.0,3237.0,10190.0,2476.5,10445.5,90c94f3372b4e17bacff811f01bca854e743251196514d9791e9a8aec42244f0,90c94f3372b4e17bacff811f01bca854e743251196514d9791e9a8aec42244f0,True,100,24
b2,b2-k8-mixed-tree-4-e12838f7e137,8,8,mixed,tree,flat,8,8,11,15,15,15,12,12,12,3692.5,23739.5,4018.0,3441.0,0.9189895470383276,5.908287705326033,1.0730892182505085,6.899011915140948,1.1676838128451033,3453.5,12889.5,3892.0,13038.5,3103.5,14161.5,ac5919231d3637285700f6c4c5aa7c8aac2c0236c2c6c2db742a320a6b46e66d,ac5919231d3637285700f6c4c5aa7c8aac2c0236c2c6c2db742a320a6b46e66d,True,100,24
b2,b2-k8-mixed-shared-1-1c2a917da296,8,8,mixed,shared,flat,12,13,29,28,30,53,22,24,40,5070.5,26105.5,5607.0,7719.5,0.9043160335295167,4.6558765828428745,0.6568430597836648,3.3817604767148133,0.7263423796878036,4948.5,21109.0,5592.0,22937.5,7744.5,38708.0,084e640fa57cbf5f097fd08636fe5e98e23839d95c532099efe1a7a838dbafca,084e640fa57cbf5f097fd08636fe5e98e23839d95c532099efe1a7a838dbafca,True,100,24
b2,b2-k8-mixed-shared-2-3705369d2025,8,8,mixed,shared,flat,9,11,23,22,27,39,18,22,31,4279.0,24187.5,5205.5,6066.0,0.8220151762558832,4.646527711074825,0.7054071876030333,3.9873887240356085,0.858143752060666,4099.0,17366.0,5119.5,21240.0,5773.5,31262.5,ca72bc9bb4f0f6e2ddd3d641d94a62163a066af9d77ac3937cb00d134dfd46f2,ca72bc9bb4f0f6e2ddd3d641d94a62163a066af9d77ac3937cb00d134dfd46f2,True,100,24
b2,b2-k8-mixed-shared-3-7ac091ab0ff3,8,8,mixed,shared,flat,15,16,31,35,36,49,27,28,40,6217.5,27576.0,6583.5,8007.5,0.9444064707222602,4.188653451811347,0.7764595691539182,3.4437714642522637,0.8221667187012176,5699.5,24455.5,6400.5,26245.0,7319.5,41338.0,4248c9b3f703df679b477bf075256cda4912f14382e7e3af86f3adc3a2bef552,4248c9b3f703df679b477bf075256cda4912f14382e7e3af86f3adc3a2bef552,True,100,24
b2,b2-k8-mixed-shared-4-761923963fb0,8,8,mixed,shared,flat,10,10,23,23,24,37,19,20,30,4977.0,27557.5,5256.5,6493.5,0.9468277370874156,5.2425568343955105,0.7664587664587664,4.2438592438592435,0.8095018095018095,4329.0,18574.0,4791.0,18664.5,5625.5,30800.0,0f26ac14628db4891a38eb6cc5ecb59db84a9796c433fd0f0ff7a5eecc4fec25,0f26ac14628db4891a38eb6cc5ecb59db84a9796c433fd0f0ff7a5eecc4fec25,True,100,24
b2,b2-k10-xor_dom-tree-1-77230e81be62,10,10,xor_dom,tree,flat,2,2,10,12,12,12,11,11,11,2838.0,22550.0,3088.0,3586.0,0.9190414507772021,7.302461139896373,0.7914110429447853,6.288343558282208,0.8611266034578918,2944.0,11566.0,3288.0,11734.0,3634.0,15518.0,f4bd7cb6d894da1941302437ccf55c6d9bd9cb292196c1d561dedb49901754e4,f4bd7cb6d894da1941302437ccf55c6d9bd9cb292196c1d561dedb49901754e4,True,25,24
b2,b2-k10-xor_dom-tree-2-b2b59ccfcc06,10,10,xor_dom,tree,flat,5,5,10,11,11,11,10,10,10,3360.0,24590.0,3654.0,3460.0,0.9195402298850575,6.729611384783799,0.9710982658959537,7.106936416184971,1.0560693641618497,3174.0,11310.0,3526.0,11430.0,3218.0,13314.0,0bbd3db6d49c182c7ead9ffb206e26b1c610422940832230be18b4c64709ee3c,0bbd3db6d49c182c7ead9ffb206e26b1c610422940832230be18b4c64709ee3c,True,25,24
b2,b2-k10-xor_dom-tree-3-25d12caacfcf,10,10,xor_dom,tree,flat,9,9,15,19,19,19,16,16,16,4842.0,26666.0,5090.0,4712.0,0.9512770137524558,5.238899803536346,1.0275891341256367,5.659168081494058,1.080220713073005,4298.0,16234.0,4804.0,16338.0,4248.0,18324.0,761b19ded3cd7c6125a2f2da98b1c268cbc5b25a9d551d0d9f05c277c1857514,761b19ded3cd7c6125a2f2da98b1c268cbc5b25a9d551d0d9f05c277c1857514,True,25,24
b2,b2-k10-xor_dom-tree-4-04f54e4b6bdc,10,10,xor_dom,tree,flat,6,6,12,13,13,13,12,12,12,3524.0,23414.0,3782.0,3674.0,0.9317821258593337,6.190904283447911,0.9591725639629831,6.37289058247142,1.029395753946652,3524.0,14112.0,4166.0,15200.0,3932.0,16364.0,5000883c6bbe89a7f96ee4a08d3d04023911181e77f9d6f4ba49f6ba34e14573,5000883c6bbe89a7f96ee4a08d3d04023911181e77f9d6f4ba49f6ba34e14573,True,25,24
b2,b2-k10-xor_dom-shared-1-b1df44674c4f,10,10,xor_dom,shared,flat,4,8,24,12,19,24,12,19,24,3810.0,30250.0,6136.0,7204.0,0.6209256844850065,4.929921773142112,0.5288728484175458,4.1990560799555805,0.8517490283176014,2892.0,12334.0,4596.0,18818.0,5470.0,29232.0,64cb1dd5e87df195d3a5640f0f16b021f2e876b208820bda0aed2845cdcf016e,64cb1dd5e87df195d3a5640f0f16b021f2e876b208820bda0aed2845cdcf016e,True,25,24
b2,b2-k10-xor_dom-shared-2-972e9d7d2b36,10,10,xor_dom,shared,flat,12,12,31,21,21,33,20,20,32,5270.0,25040.0,5616.0,7026.0,0.9383903133903134,4.4586894586894585,0.7500711642470823,3.563905493879875,0.7993168232280102,5164.0,20848.0,5604.0,21202.0,6746.0,37498.0,27ddd67ef29981b9b24889ea43fac48a1ec9eb77eb37aa5a7d47feea46419c9f,27ddd67ef29981b9b24889ea43fac48a1ec9eb77eb37aa5a7d47feea46419c9f,True,25,24
b2,b2-k10-xor_dom-shared-3-cf872e9babd8,10,10,xor_dom,shared,flat,9,10,28,23,28,35,20,25,31,4822.0,25424.0,5668.0,6978.0,0.8507410021171489,4.485532815808045,0.6910289481226712,3.643450845514474,0.8122671252507881,4508.0,18168.0,5304.0,21582.0,6506.0,33008.0,eb4559ebfa931806d97c952a7959464f8134746b139c9c252bbe5d8c0ffa8c64,eb4559ebfa931806d97c952a7959464f8134746b139c9c252bbe5d8c0ffa8c64,True,25,24
b2,b2-k10-xor_dom-shared-4-dd24aa5a61a6,10,10,xor_dom,shared,flat,10,12,23,22,25,29,19,22,26,4614.0,23146.0,5548.0,5780.0,0.8316510454217736,4.171953857245854,0.7982698961937716,4.004498269896194,0.9598615916955018,4592.0,17818.0,5578.0,20584.0,5652.0,27816.0,b46d9f523cdf3dff3a17467140b0da2c922f1adb28d416e004eb247ddc5ee027,b46d9f523cdf3dff3a17467140b0da2c922f1adb28d416e004eb247ddc5ee027,True,25,24
b2,b2-k10-andor_dom-tree-1-a8fc7f363671,10,10,andor_dom,tree,flat,9,9,13,14,15,15,12,13,13,3962.0,24314.0,4282.0,3548.0,0.9252685660906118,5.678187762727697,1.1166854565952649,6.852874859075536,1.2068771138669674,3792.0,13354.0,4192.0,14234.0,3378.0,15406.0,ebf92b7e7ae41e047af3f1eb28dbb964c9771aeae2618553b6c339d4a2eedb66,ebf92b7e7ae41e047af3f1eb28dbb964c9771aeae2618553b6c339d4a2eedb66,True,25,24
b2,b2-k10-andor_dom-tree-2-7400a955a56c,10,10,andor_dom,tree,flat,15,15,15,25,25,25,19,19,19,5964.0,26208.0,6346.0,4980.0,0.9398046013236685,4.129845572013867,1.1975903614457832,5.2626506024096384,1.27429718875502,5822.0,19446.0,6320.0,19886.0,4772.0,19734.0,30d5060db7e2b493d9e99eef52a71ec6f1485c7ac8e517d905d958281a5b00e9,30d5060db7e2b493d9e99eef52a71ec6f1485c7ac8e517d905d958281a5b00e9,True,25,24
b2,b2-k10-andor_dom-tree-3-42d9480de48e,10,10,andor_dom,tree,flat,9,9,13,16,17,17,13,14,14,4118.0,22686.0,4546.0,3830.0,0.9058512978442587,4.990321161460625,1.0751958224543081,5.9232375979112275,1.1869451697127937,4118.0,13862.0,4552.0,14720.0,3736.0,16162.0,7efc6a69c4232f0ab321ee5249f71dbd53c5c70a6451e2e0f7fc4666559a3722,7efc6a69c4232f0ab321ee5249f71dbd53c5c70a6451e2e0f7fc4666559a3722,True,25,24
b2,b2-k10-andor_dom-tree-4-837da4e67104,10,10,andor_dom,tree,flat,8,8,9,11,11,11,10,10,10,3908.0,23732.0,4116.0,3098.0,0.9494655004859086,5.765792031098154,1.2614590058102002,7.660426081342802,1.328599096191091,3446.0,11538.0,3762.0,11656.0,2710.0,11810.0,46b1a2a910859148f0cea6d361339e29c7f212a819e8f68dc7efafa95acf8a19,46b1a2a910859148f0cea6d361339e29c7f212a819e8f68dc7efafa95acf8a19,True,25,24
b2,b2-k10-andor_dom-shared-1-071d6b8e4bb7,10,10,andor_dom,shared,flat,17,17,53,31,33,62,28,30,57,6870.0,28172.0,7306.0,11242.0,0.940323022173556,3.8560087599233506,0.6111012275395837,2.5059597936310265,0.6498843622131293,7568.0,31210.0,7858.0,33142.0,11684.0,71456.0,2023bed7c6d67a4c9d4c5e68fc10a864e8a221cce3a504eeb9a5a1df50f2397f,2023bed7c6d67a4c9d4c5e68fc10a864e8a221cce3a504eeb9a5a1df50f2397f,True,25,24
b2,b2-k10-andor_dom-shared-2-16ca12c11ee1,10,10,andor_dom,shared,flat,14,14,42,27,27,47,24,24,43,5940.0,28578.0,6694.0,9290.0,0.8873618165521362,4.269196295189722,0.6393972012917115,3.076210979547901,0.7205597416576964,6132.0,24272.0,6584.0,24746.0,8794.0,50500.0,d25214afe652c886762108a089e935eff46230b85de72818e00ca84571629e82,d25214afe652c886762108a089e935eff46230b85de72818e00ca84571629e82,True,25,24
b2,b2-k10-andor_dom-shared-3-22432c1ba51e,10,10,andor_dom,shared,flat,9,10,25,18,19,27,17,18,25,4490.0,25534.0,5088.0,5722.0,0.8824685534591195,5.018474842767295,0.7846906675987417,4.462425725270884,0.8891995805662356,4198.0,17212.0,4816.0,18596.0,5268.0,28960.0,61292e14dd3f798c3df8a836c0490e4eb6288368a970d63c20944478da823ce4,61292e14dd3f798c3df8a836c0490e4eb6288368a970d63c20944478da823ce4,True,25,24
b2,b2-k10-andor_dom-shared-4-7f3eabfd2bc0,10,10,andor_dom,shared,flat,15,15,28,30,31,35,25,26,30,6176.0,26778.0,6616.0,6462.0,0.9334945586457074,4.047460701330109,0.9557412565769112,4.143918291550603,1.023831631073971,6380.0,24962.0,6882.0,26288.0,6450.0,35434.0,ef41308852853f4cc52229ddade54e424af29dd99a564d4718ea4177daccf4d1,ef41308852853f4cc52229ddade54e424af29dd99a564d4718ea4177daccf4d1,True,25,24
b2,b2-k10-impeqv_dom-tree-1-d65cd8c37d53,10,10,impeqv_dom,tree,flat,17,17,17,44,44,44,29,29,29,7488.0,29822.0,7864.0,7128.0,0.9521871820956256,3.7922177009155646,1.0505050505050506,4.183782267115601,1.1032547699214366,7272.0,24918.0,7716.0,24718.0,6776.0,25494.0,6a277e9b6f1a2c9d5406a1ad99b4f6882da9542b22cd8fbe9d99c3005a604450,6a277e9b6f1a2c9d5406a1ad99b4f6882da9542b22cd8fbe9d99c3005a604450,True,25,24
b2,b2-k10-impeqv_dom-tree-2-c28e8c343d74,10,10,impeqv_dom,tree,flat,9,9,9,23,23,23,16,16,16,4814.0,26676.0,5186.0,4478.0,0.9282684149633629,5.143848823756267,1.0750334970969182,5.957123715944618,1.1581062974542207,4852.0,15772.0,5210.0,15454.0,4490.0,15560.0,7f49ad0ac1c2e262607d04e82a59052fca7b1a050532196ae13874ad77ddf3d1,7f49ad0ac1c2e262607d04e82a59052fca7b1a050532196ae13874ad77ddf3d1,True,25,24
b2,b2-k10-impeqv_dom-tree-3-4537a75ce604,10,10,impeqv_dom,tree,flat,14,14,14,35,35,35,24,24,24,6634.0,28470.0,7192.0,6162.0,0.9224137931034483,3.9585650723025583,1.0765985069782538,4.620253164556962,1.1671535215839013,6296.0,21092.0,6684.0,20646.0,5730.0,20662.0,56d24a658c7cbe708adf0414be52f24ddc0aa1f015579185dc0cd48a1f240882,56d24a658c7cbe708adf0414be52f24ddc0aa1f015579185dc0cd48a1f240882,True,25,24
b2,b2-k10-impeqv_dom-tree-4-146866abdaef,10,10,impeqv_dom,tree,flat,11,11,11,27,27,27,18,18,18,5498.0,25406.0,5854.0,5156.0,0.9391868807652887,4.339938503587291,1.0663304887509697,4.927463149728472,1.1353762606671838,5362.0,16338.0,5778.0,16630.0,4992.0,16384.0,5314217abb5a6447b09852854165d1b704f2905cddd68cebeadfdaf9cceb96dd,5314217abb5a6447b09852854165d1b704f2905cddd68cebeadfdaf9cceb96dd,True,25,24
b2,b2-k10-impeqv_dom-shared-1-a2d9511bd8a2,10,10,impeqv_dom,shared,flat,24,26,30,68,74,86,46,50,58,10690.0,31154.0,11892.0,12584.0,0.8989236461486714,2.6197443659603095,0.8494914176732359,2.4756834075015894,0.9450095359186268,11352.0,38896.0,12600.0,41708.0,12956.0,48424.0,3b07de64b0c63311c34ee1d14d51cd0dbff4fa063cc3cc72eda1bc51bd02dfc6,3b07de64b0c63311c34ee1d14d51cd0dbff4fa063cc3cc72eda1bc51bd02dfc6,True,25,24
b2,b2-k10-impeqv_dom-shared-2-e0619ddaeb12,10,10,impeqv_dom,shared,flat,22,22,28,61,61,79,40,40,52,10252.0,34184.0,10664.0,12198.0,0.9613653413353338,3.205551387846962,0.8404656501065748,2.8024266273159535,0.8742416789637646,9458.0,31046.0,10112.0,31392.0,11574.0,40730.0,f834dbdf22fd8cf1b2092bb052117469798775d42c4cc697442cc22ba86df612,f834dbdf22fd8cf1b2092bb052117469798775d42c4cc697442cc22ba86df612,True,25,24
b2,b2-k10-impeqv_dom-shared-3-456d3bc52660,10,10,impeqv_dom,shared,flat,20,25,51,51,64,114,35,44,82,9166.0,30188.0,11516.0,17328.0,0.7959360889197639,2.62139631816603,0.5289704524469068,1.742151431209603,0.6645891043397969,8862.0,28948.0,11350.0,36300.0,16924.0,70350.0,e90aaf1e4409cd954c1689522f626be0c05bd03a907bba5e153335cd2fa656c5,e90aaf1e4409cd954c1689522f626be0c05bd03a907bba5e153335cd2fa656c5,True,25,24
b2,b2-k10-impeqv_dom-shared-4-2386e2077320,10,10,impeqv_dom,shared,flat,22,22,43,56,56,105,38,38,71,10340.0,32710.0,10708.0,16940.0,0.9656331714605902,3.054725438924169,0.6103896103896104,1.9309327036599764,0.6321133412042503,9516.0,29850.0,9706.0,29994.0,15362.0,55088.0,650e7da2e8455d8ed3c88f0b1bd75c14a36dcec3d79f9bf1ab2e401e20537b2b,650e7da2e8455d8ed3c88f0b1bd75c14a36dcec3d79f9bf1ab2e401e20537b2b,True,25,24
b2,b2-k10-mixed-tree-1-f431ce588c32,10,10,mixed,tree,flat,7,7,10,14,14,14,12,12,12,3686.0,23932.0,3982.0,3466.0,0.9256654947262682,6.010045203415369,1.0634737449509521,6.904789382573572,1.148874783612233,3550.0,12952.0,3958.0,13032.0,3280.0,14080.0,4745731af5e9243209198887508a49500828d5e3b5b95a785cd4015c2c9746c2,4745731af5e9243209198887508a49500828d5e3b5b95a785cd4015c2c9746c2,True,25,24
b2,b2-k10-mixed-tree-2-82994a7af72e,10,10,mixed,tree,flat,12,12,13,26,26,26,19,19,19,5648.0,26956.0,6032.0,5162.0,0.9363395225464191,4.468832891246684,1.094149554436265,5.2220069740410695,1.1685393258426966,5436.0,17930.0,5912.0,18030.0,4956.0,18272.0,999e6cb468a0387d197bfc65cc9bfd4b994d448c970bc3da29f6bd6f9fffd95e,999e6cb468a0387d197bfc65cc9bfd4b994d448c970bc3da29f6bd6f9fffd95e,True,25,24
b2,b2-k10-mixed-tree-3-961dbd1e0dd8,10,10,mixed,tree,flat,10,10,12,15,15,15,13,13,13,4534.0,25512.0,4876.0,3840.0,0.9298605414273995,5.232157506152584,1.1807291666666666,6.64375,1.2697916666666667,4270.0,14928.0,4822.0,15258.0,3624.0,15530.0,c764aed964b41ffe8a6d6671bb0382489e45362d47d9f79f5f06116a50ae4f44,c764aed964b41ffe8a6d6671bb0382489e45362d47d9f79f5f06116a50ae4f44,True,25,24
b2,b2-k10-mixed-tree-4-a46b1cdc2617,10,10,mixed,tree,flat,9,9,9,15,15,15,12,12,12,4044.0,22000.0,4362.0,3416.0,0.9270976616231087,5.0435580009170105,1.18384074941452,6.4402810304449645,1.2769320843091334,4178.0,13184.0,4554.0,13360.0,3400.0,13204.0,2482721c239c03e6563c0d339ad648261c9bde5695c190c7e3fc844e703949e8,2482721c239c03e6563c0d339ad648261c9bde5695c190c7e3fc844e703949e8,True,25,24
b2,b2-k10-mixed-shared-1-ed6b5cd37350,10,10,mixed,shared,flat,18,18,30,38,38,51,29,29,39,7554.0,28188.0,7924.0,8506.0,0.953306410903584,3.557294295810197,0.8880790030566659,3.3138960733599814,0.9315777098518693,7378.0,26808.0,7740.0,27084.0,8238.0,37984.0,6d93321deb38f1132aad525ae54ba3a0281a6927f26d0ef1270e7b1a966ce072,6d93321deb38f1132aad525ae54ba3a0281a6927f26d0ef1270e7b1a966ce072,True,25,24
b2,b2-k10-mixed-shared-2-ee63ac52edf4,10,10,mixed,shared,flat,13,14,28,30,34,52,25,28,40,6132.0,26802.0,6988.0,8826.0,0.8775042930738409,3.8354321694333144,0.6947654656696125,3.0367097212780423,0.7917516428733288,5956.0,23782.0,6908.0,25954.0,8608.0,38028.0,d5b9585357b8851bce30f11eac0744be80f6c99086765fbec06556e8dcba487c,d5b9585357b8851bce30f11eac0744be80f6c99086765fbec06556e8dcba487c,True,25,24
b2,b2-k10-mixed-shared-3-189118134673,10,10,mixed,shared,flat,13,15,29,30,36,53,24,28,41,5926.0,26438.0,6982.0,8498.0,0.848753938699513,3.786594099112002,0.697340550717816,3.1110849611673337,0.8216050835490704,5964.0,22744.0,7134.0,25832.0,8500.0,39962.0,f63d4bbf0860a4b54fa10e72b56cdefdb2fec0a8f874429c44c8c467d12f3716,f63d4bbf0860a4b54fa10e72b56cdefdb2fec0a8f874429c44c8c467d12f3716,True,25,24
b2,b2-k10-mixed-shared-4-bc98fc0156a1,10,10,mixed,shared,flat,19,19,38,43,43,67,33,33,52,8008.0,28964.0,8328.0,10948.0,0.9615754082612872,3.47790585975024,0.731457800511509,2.6455973693825356,0.7606868834490318,8928.0,33160.0,9352.0,33308.0,12118.0,55864.0,f7743b4d3584d737f00c61e0d0e4483f3eeeed164a52e0b4b9f6adfd08ed6134,f7743b4d3584d737f00c61e0d0e4483f3eeeed164a52e0b4b9f6adfd08ed6134,True,25,24
b2,b2-k12-xor_dom-tree-1-58b08f43ff42,12,12,xor_dom,tree,flat,7,7,12,16,16,16,14,14,14,6272.0,28224.0,6724.0,6100.0,0.9327781082688875,4.197501487209994,1.0281967213114753,4.626885245901639,1.102295081967213,5872.0,15926.0,6402.0,16058.0,5742.0,17942.0,b47bd399acce2d9e4a4446b7ddedd667546ab768effebe79232934adf8822fcd,b47bd399acce2d9e4a4446b7ddedd667546ab768effebe79232934adf8822fcd,True,25,24
b2,b2-k12-xor_dom-tree-2-f9f1dbfc58a0,12,12,xor_dom,tree,flat,9,9,16,19,19,19,16,16,16,6794.0,26096.0,7102.0,6978.0,0.9566319346662912,3.6744578991833285,0.9736314130123245,3.7397535110346802,1.0177701347090857,6712.0,16990.0,7062.0,17038.0,6724.0,19784.0,427ec03b5f5d547ae32f7cfc4a065844544ee6965f1ba9ad58b8446c6e83cded,427ec03b5f5d547ae32f7cfc4a065844544ee6965f1ba9ad58b8446c6e83cded,True,25,24
b2,b2-k12-xor_dom-tree-3-732256a48755,12,12,xor_dom,tree,flat,8,8,16,18,18,18,16,16,16,6370.0,26730.0,6674.0,6588.0,0.9544501048846269,4.005094396164219,0.966909532483303,4.057377049180328,1.0130540376442017,6336.0,17500.0,6732.0,17430.0,6492.0,20528.0,c7302e58732f124950724bb164ab08c8e412445463d0e329387615054bd17e6f,c7302e58732f124950724bb164ab08c8e412445463d0e329387615054bd17e6f,True,25,24
b2,b2-k12-xor_dom-tree-4-d425291e801e,12,12,xor_dom,tree,flat,5,5,11,15,15,15,13,13,13,6400.0,32354.0,6742.0,6656.0,0.9492732126965292,4.798872738059923,0.9615384615384616,4.860877403846154,1.0129206730769231,5786.0,14388.0,6148.0,14398.0,5874.0,16876.0,882842244bf707ab8293f5c692f94aabc749c16effedfcb3c1dbd0d978b94898,882842244bf707ab8293f5c692f94aabc749c16effedfcb3c1dbd0d978b94898,True,25,24
b2,b2-k12-xor_dom-shared-1-471ce8cfd63d,12,12,xor_dom,shared,flat,8,9,25,23,26,30,20,23,27,7592.0,27992.0,8696.0,10122.0,0.8730450781968722,3.218951241950322,0.7500493973523019,2.7654613712705,0.8591187512349338,7378.0,19630.0,8356.0,21922.0,9568.0,31448.0,ac3fc79eacd1d3ed9e99f95d4d164e885aa62b794868cf4e8716c6affda9b2cb,ac3fc79eacd1d3ed9e99f95d4d164e885aa62b794868cf4e8716c6affda9b2cb,True,25,24
b2,b2-k12-xor_dom-shared-2-c00263664ad9,12,12,xor_dom,shared,flat,11,16,74,27,38,97,24,34,85,8716.0,28676.0,12458.0,28406.0,0.6996307593514208,2.301814095360411,0.30683658382031964,1.0095050341477152,0.43856931634161794,8622.0,23798.0,12476.0,33142.0,28808.0,93768.0,33e3c96f05ea739bc01ccd8787cc5e2af60ae27c0040f5ec6696ff322370b74f,33e3c96f05ea739bc01ccd8787cc5e2af60ae27c0040f5ec6696ff322370b74f,True,25,24
b2,b2-k12-xor_dom-shared-3-75c78e4c8980,12,12,xor_dom,shared,flat,18,18,43,37,41,53,31,35,47,12044.0,32784.0,13066.0,16100.0,0.9217817235573244,2.5091076075309964,0.7480745341614907,2.036273291925466,0.8115527950310559,11916.0,31050.0,13006.0,34060.0,15802.0,53502.0,a1b36dd03e496fe7dbb7c1055d8a78a826fa830ee6ec76048bf0b94903351520,a1b36dd03e496fe7dbb7c1055d8a78a826fa830ee6ec76048bf0b94903351520,True,25,24
b2,b2-k12-xor_dom-shared-4-ef377d6180bd,12,12,xor_dom,shared,flat,11,11,29,24,24,35,22,22,30,8396.0,29782.0,8818.0,11594.0,0.9521433431617147,3.377409843501928,0.7241676729342763,2.5687424529929275,0.7605658099016733,8160.0,22568.0,8614.0,22584.0,11142.0,34910.0,ad1260d2805fb2e3089ad381f925524c0c3a8d8d99c946dffde12cf6364f3bc7,ad1260d2805fb2e3089ad381f925524c0c3a8d8d99c946dffde12cf6364f3bc7,True,25,24
b2,b2-k12-andor_dom-tree-1-a97f101c02c9,12,12,andor_dom,tree,flat,8,8,14,14,14,14,14,14,14,5642.0,26054.0,5966.0,5128.0,0.945692256118002,4.367080120683875,1.1002340093603744,5.080733229329173,1.1634165366614664,5678.0,17646.0,6038.0,17742.0,5068.0,19736.0,1c70364ab0c6d294988f2cd9350a324e844b3bef3795c32a0449c50168a8ef9a,1c70364ab0c6d294988f2cd9350a324e844b3bef3795c32a0449c50168a8ef9a,True,25,24
b2,b2-k12-andor_dom-tree-2-7c935460fe73,12,12,andor_dom,tree,flat,12,12,14,23,23,23,17,17,17,9280.0,32252.0,9662.0,8588.0,0.960463672117574,3.3380252535706894,1.080577550069865,3.7554727526781555,1.1250582207731719,8528.0,18278.0,8906.0,18230.0,7752.0,18764.0,277a0bd63a0736365059119411599b5aaf498f03c37eb8c6019cafcac3ac0c0f,277a0bd63a0736365059119411599b5aaf498f03c37eb8c6019cafcac3ac0c0f,True,25,24
b2,b2-k12-andor_dom-tree-3-3425f4494063,12,12,andor_dom,tree,flat,12,12,15,19,19,19,17,17,17,7800.0,28608.0,8114.0,6782.0,0.961301454276559,3.5257579492235642,1.150103214391035,4.218224712474196,1.1964022412267767,7588.0,19944.0,7930.0,20088.0,6552.0,20992.0,20df078becaffb7697d484657044c06259823bed8550d38b29c0130a91510b08,20df078becaffb7697d484657044c06259823bed8550d38b29c0130a91510b08,True,25,24
b2,b2-k12-andor_dom-tree-4-4668b9a9de6a,12,12,andor_dom,tree,flat,8,8,14,14,15,15,13,14,14,5540.0,25760.0,6108.0,5374.0,0.9070072036673216,4.217419777341192,1.0308894678079643,4.79344994417566,1.1365835504279866,5594.0,15544.0,6180.0,16608.0,5370.0,18530.0,d17d47659342e84f45d293475ae80d1440c596010bad72068c02d0538116fb8c,d17d47659342e84f45d293475ae80d1440c596010bad72068c02d0538116fb8c,True,25,24
b2,b2-k12-andor_dom-shared-1-50f526a5c97f,12,12,andor_dom,shared,flat,13,14,40,23,24,58,20,21,48,8312.0,31146.0,9212.0,20476.0,0.9023013460703431,3.381024750325662,0.40593865989451067,1.5210978706778668,0.44989255714006643,8758.0,24576.0,10260.0,25446.0,20312.0,54896.0,085867a3008fc330558d9a52d31e9e1c0f9805d909277ee6f4512554def6ca0e,085867a3008fc330558d9a52d31e9e1c0f9805d909277ee6f4512554def6ca0e,True,25,24
b2,b2-k12-andor_dom-shared-2-50260f8a12a2,12,12,andor_dom,shared,flat,14,14,43,29,29,49,27,27,44,9304.0,29966.0,9656.0,14558.0,0.9635459817729909,3.1033554266777132,0.6390987773045748,2.058387141090809,0.6632779227915923,9426.0,27070.0,9814.0,27058.0,14576.0,50838.0,af151701c29240b24d2bbdee39b0c6b4f1c3db6776f0fca3fa0a70c6e4d6c55d,af151701c29240b24d2bbdee39b0c6b4f1c3db6776f0fca3fa0a70c6e4d6c55d,True,25,24
b2,b2-k12-andor_dom-shared-3-0c0054958df2,12,12,andor_dom,shared,flat,7,8,24,16,19,28,15,18,26,5796.0,27072.0,6992.0,11770.0,0.8289473684210527,3.871853546910755,0.49243840271877654,2.3000849617672046,0.5940526762956669,5726.0,16680.0,7172.0,19442.0,12014.0,31672.0,71edf00a5137651c0a4fb97720d8baa0b6ce7db6da6567afec547030d5499922,71edf00a5137651c0a4fb97720d8baa0b6ce7db6da6567afec547030d5499922,True,25,24
b2,b2-k12-andor_dom-shared-4-4b3e0c13b861,12,12,andor_dom,shared,flat,12,12,24,29,29,39,24,24,31,9410.0,29932.0,9712.0,12246.0,0.9689044481054365,3.0819604612850084,0.7684141760574882,2.4442266862649027,0.7930752898905765,9554.0,23720.0,9914.0,23922.0,12338.0,32918.0,05554d5b91542982023de10c6e728ca182d34cc773455cb52b396e9b54c4ea25,05554d5b91542982023de10c6e728ca182d34cc773455cb52b396e9b54c4ea25,True,25,24
b2,b2-k12-impeqv_dom-tree-1-b84e5ead9772,12,12,impeqv_dom,tree,flat,13,13,13,35,35,35,24,24,24,13062.0,34944.0,13452.0,12706.0,0.9710080285459411,2.597680642283675,1.0280182590901936,2.7501967574374313,1.0587124193294506,12218.0,21202.0,12616.0,20952.0,12006.0,20998.0,8bbf576bad1940554ba4dfbdcccbac9e5815b6edabcdc8be19495390d01d8653,8bbf576bad1940554ba4dfbdcccbac9e5815b6edabcdc8be19495390d01d8653,True,25,24
b2,b2-k12-impeqv_dom-tree-2-efcfe8a9d099,12,12,impeqv_dom,tree,flat,19,19,19,47,47,47,32,32,32,24046.0,44650.0,24490.0,23314.0,0.9818701510820743,1.8231931400571662,1.0313974435961224,1.9151582739984558,1.0504417946298361,16304.0,28464.0,16748.0,28374.0,15650.0,28246.0,12bb8d46f3dc7c1b2d765504f1204f9320b843e9936bf45b93c9dd882ea43beb,12bb8d46f3dc7c1b2d765504f1204f9320b843e9936bf45b93c9dd882ea43beb,True,25,24
b2,b2-k12-impeqv_dom-tree-3-55ecbcba0651,12,12,impeqv_dom,tree,flat,14,14,14,36,36,36,24,24,24,13014.0,33404.0,13396.0,12910.0,0.9714840250821141,2.4935801731860257,1.008055770720372,2.5874515879163438,1.0376452362509683,12778.0,21240.0,13212.0,21186.0,12342.0,21416.0,7706cdf872b2f54e859c5e467f810d90a27b5012d71cc14b9184bac89fa49101,7706cdf872b2f54e859c5e467f810d90a27b5012d71cc14b9184bac89fa49101,True,25,24
b2,b2-k12-impeqv_dom-tree-4-d18fdd8343dc,12,12,impeqv_dom,tree,flat,17,17,17,42,42,42,29,29,29,14560.0,35130.0,14572.0,13916.0,0.9991765028822399,2.410787812242657,1.0462776659959758,2.5244323081345215,1.047139982753665,14704.0,25968.0,15140.0,26592.0,14246.0,26560.0,5023ff3d5a8388df2f16269410d8c0f53d8424ec6b906f93eede58371eb3e700,5023ff3d5a8388df2f16269410d8c0f53d8424ec6b906f93eede58371eb3e700,True,25,24
b2,b2-k12-impeqv_dom-shared-1-a0a2c0931e69,12,12,impeqv_dom,shared,flat,25,25,41,67,67,102,45,45,69,26190.0,48238.0,26896.0,36512.0,0.973750743604997,1.7935008923259965,0.7172984224364592,1.3211546888694128,0.7366345311130588,28134.0,41268.0,28830.0,41060.0,39462.0,64362.0,c7b32fa81162ac5c89f652db28dbb2a74603fa55ad809e80665fb863c0b85982,c7b32fa81162ac5c89f652db28dbb2a74603fa55ad809e80665fb863c0b85982,True,25,24
b2,b2-k12-impeqv_dom-shared-2-1385a0b1080c,12,12,impeqv_dom,shared,flat,18,21,28,52,59,70,35,40,49,17490.0,39516.0,20300.0,22420.0,0.861576354679803,1.9466009852216748,0.780107047279215,1.7625334522747547,0.9054415700267618,17958.0,29764.0,20550.0,34764.0,22576.0,45028.0,ed2456209e3c9c214dd3fb32696b3d14e49809d467d353e0e4491ef7597972ed,ed2456209e3c9c214dd3fb32696b3d14e49809d467d353e0e4491ef7597972ed,True,25,24
b2,b2-k12-impeqv_dom-shared-3-c60cc82b0720,12,12,impeqv_dom,shared,flat,22,22,34,59,59,83,40,40,56,20726.0,42032.0,21192.0,27188.0,0.9780105700264251,1.9833899584748962,0.7623216124760924,1.5459761659555686,0.7794615271443284,20018.0,34632.0,20344.0,35226.0,25720.0,49740.0,1f5e30ff999fd78ba6cf030159d9c0aa183021f5f490ffadb04748179aa955dc,1f5e30ff999fd78ba6cf030159d9c0aa183021f5f490ffadb04748179aa955dc,True,25,24
b2,b2-k12-impeqv_dom-shared-4-5d7fc59cbaf7,12,12,impeqv_dom,shared,flat,24,24,32,63,63,79,42,42,54,21364.0,41696.0,21870.0,25258.0,0.9768632830361226,1.906538637402835,0.8458310238340327,1.650803705756592,0.8658642806239607,20588.0,35550.0,21220.0,36130.0,24226.0,46800.0,65e35349e4a9010a3b6bc75bb6cd6e9387358c2ab01c9eb392d787a38e96b7ea,65e35349e4a9010a3b6bc75bb6cd6e9387358c2ab01c9eb392d787a38e96b7ea,True,25,24
b2,b2-k12-mixed-tree-1-ddb82bdf8146,12,12,mixed,tree,flat,11,11,12,22,22,22,17,17,17,9534.0,31712.0,9924.0,8808.0,0.9607013301088271,3.195485691253527,1.082425068119891,3.600363306085377,1.1267029972752043,8988.0,18850.0,9416.0,18916.0,8204.0,19090.0,9c8b248d77b14f016a5c8523895940246703d3753efb78809b5f7a0d630e976e,9c8b248d77b14f016a5c8523895940246703d3753efb78809b5f7a0d630e976e,True,25,24
b2,b2-k12-mixed-tree-2-380dba915931,12,12,mixed,tree,flat,12,12,13,22,22,22,17,17,17,9310.0,37268.0,10832.0,9492.0,0.8594903988183161,3.440546528803545,0.9808259587020649,3.926253687315634,1.1411715128529287,8970.0,19030.0,9260.0,19024.0,7956.0,19864.0,357ab1032ff9d89f13986c91b214ecdee357db539ccc245df471924319d0755c,357ab1032ff9d89f13986c91b214ecdee357db539ccc245df471924319d0755c,True,25,24
b2,b2-k12-mixed-tree-3-e56bca913be9,12,12,mixed,tree,flat,15,15,16,30,30,30,22,22,22,11004.0,31884.0,11510.0,10464.0,0.9560382276281494,2.770112945264987,1.051605504587156,3.0470183486238533,1.0999617737003058,11174.0,23052.0,11596.0,22736.0,10528.0,23196.0,83f7f5180404aaff1e4d42351c83fa2c083c68d3179ba35daa204ccc350af1fc,83f7f5180404aaff1e4d42351c83fa2c083c68d3179ba35daa204ccc350af1fc,True,25,24
b2,b2-k12-mixed-tree-4-4769a3d3ef25,12,12,mixed,tree,flat,13,14,15,28,29,29,20,21,21,11942.0,36500.0,12614.0,11422.0,0.946725860155383,2.8936102742983985,1.0455261775520925,3.1955874627911047,1.1043600070040274,10718.0,20744.0,11844.0,21714.0,10458.0,22304.0,3e999714a42c4f044b430b8cc40abb720d38493759d9fe0cc549d769e03d9ad9,3e999714a42c4f044b430b8cc40abb720d38493759d9fe0cc549d769e03d9ad9,True,25,24
b2,b2-k12-mixed-shared-1-f8b45cd2b4da,12,12,mixed,shared,flat,20,20,42,44,44,63,36,36,51,14594.0,35596.0,14942.0,21838.0,0.9767099451211351,2.3822781421496453,0.6682846414506823,1.6300027475043501,0.6842201666819305,14624.0,36150.0,15352.0,36020.0,22544.0,55298.0,58d74552627d4b7e9c125d6eb17b2f852862824480487ffbd2d2855002864947,58d74552627d4b7e9c125d6eb17b2f852862824480487ffbd2d2855002864947,True,25,24
b2,b2-k12-mixed-shared-2-50e3ef4d7ce9,12,12,mixed,shared,flat,18,18,32,39,39,57,31,31,44,13530.0,34416.0,13732.0,19772.0,0.9852898339644626,2.5062627439557237,0.6843010317620878,1.7406433340076877,0.6945174994942342,13960.0,31424.0,14248.0,31976.0,18110.0,46286.0,7d6ab2fd13b177da1853d5aba62e55a9f8bd1d2f9b1c5a128c5194b40f2544ca,7d6ab2fd13b177da1853d5aba62e55a9f8bd1d2f9b1c5a128c5194b40f2544ca,True,25,24
b2,b2-k12-mixed-shared-3-b8fa1dce4b0b,12,12,mixed,shared,flat,12,14,36,30,36,82,24,28,59,10812.0,33044.0,13144.0,27734.0,0.8225806451612904,2.5139987827145465,0.38984639792312686,1.1914617437080839,0.4739309151222326,11274.0,25398.0,13826.0,28534.0,28110.0,60450.0,d170e5645e8911a3ecb37073163e94e81699b620f5d1a07eeb2d13301d1a8f3d,d170e5645e8911a3ecb37073163e94e81699b620f5d1a07eeb2d13301d1a8f3d,True,25,24
b2,b2-k12-mixed-shared-4-b5d9843db5e5,12,12,mixed,shared,flat,21,23,47,40,42,60,32,34,52,15096.0,39878.0,16754.0,22318.0,0.9010385579563089,2.380207711591262,0.6764046957612689,1.7868088538399498,0.7506945066762255,14678.0,34372.0,16354.0,36878.0,21300.0,61228.0,f056e6820013d8b35a3a4a56d4b2e9cece0e03cb2be1884a7fe5b62e6e54439f,f056e6820013d8b35a3a4a56d4b2e9cece0e03cb2be1884a7fe5b62e6e54439f,True,25,24
b2,b2-k16-xor_dom-tree-1-2f5ce8a982ff,16,16,xor_dom,tree,words,14,14,23,29,29,29,25,25,25,55850.0,105770.0,68640.0,76540.0,0.8136655011655012,1.5409382284382285,0.7296838254507447,1.3818918212699243,0.8967859942513718,44810.0,47670.0,45160.0,47800.0,45970.0,51570.0,018e0ba07f27a37af3716edbabbd12ddb0b4c19c71b3e0d33f1ffc9c32f618c8,018e0ba07f27a37af3716edbabbd12ddb0b4c19c71b3e0d33f1ffc9c32f618c8,True,5,24
b2,b2-k16-xor_dom-tree-2-dc59bd3a0d74,16,16,xor_dom,tree,words,11,11,19,22,22,22,20,20,20,41230.0,66450.0,41580.0,44870.0,0.9915824915824916,1.598124098124098,0.9188767550702028,1.4809449520837976,0.9266770670826833,43150.0,54560.0,39880.0,50550.0,39380.0,54680.0,b3ff3aa89347b3ff62d4d5966b626179406588b275bf6df9a7ddf9da6917a985,b3ff3aa89347b3ff62d4d5966b626179406588b275bf6df9a7ddf9da6917a985,True,5,24
b2,b2-k16-xor_dom-tree-3-fd0e9542c807,16,16,xor_dom,tree,words,15,15,24,34,34,34,28,28,28,52410.0,76650.0,52190.0,56520.0,1.0042153669285303,1.468672159417513,0.9272823779193206,1.3561571125265393,0.9233899504600142,52850.0,52500.0,53700.0,52500.0,53790.0,57100.0,a3955e0d7106bf8d76e35852c93e5943f4d40a0fc2408a3793bffdf25c694402,a3955e0d7106bf8d76e35852c93e5943f4d40a0fc2408a3793bffdf25c694402,True,5,24
b2,b2-k16-xor_dom-tree-4-ccf5dc564650,16,16,xor_dom,tree,words,14,14,24,29,29,29,26,26,26,50560.0,74730.0,51430.0,55340.0,0.9830838032276881,1.4530429710285826,0.9136248644741597,1.3503794723527285,0.9293458619443441,47290.0,58070.0,47540.0,58170.0,53660.0,62620.0,3c793589cc2bebc13af38a7c815bc02ed82fcfd33ae54d0a1d523e95d20eb1e3,3c793589cc2bebc13af38a7c815bc02ed82fcfd33ae54d0a1d523e95d20eb1e3,True,5,24
b2,b2-k16-xor_dom-shared-1-3867fe1a233b,16,16,xor_dom,shared,words,17,18,41,35,40,47,31,36,43,64540.0,93110.0,74380.0,96350.0,0.8677063726808282,1.2518150040333422,0.6698495070057083,0.9663725998962117,0.7719771665801765,57460.0,58840.0,64890.0,67100.0,72550.0,88620.0,61793872c60bf17fd180b9da24ec1c27aa496660279f122cdac3f9312e26df04,61793872c60bf17fd180b9da24ec1c27aa496660279f122cdac3f9312e26df04,True,5,24
b2,b2-k16-xor_dom-shared-2-d28a01c0b901,16,16,xor_dom,shared,words,10,10,31,27,29,39,25,27,35,48860.0,73960.0,51220.0,72420.0,0.9539242483404919,1.443967200312378,0.6746755040044187,1.0212648439657552,0.7072631869649268,38680.0,50800.0,41020.0,54300.0,57700.0,76040.0,e6bb163b96b1e8d81c66a8d3862f9e8cc469a96a2e0c2c1627b125cc35e0d6c3,e6bb163b96b1e8d81c66a8d3862f9e8cc469a96a2e0c2c1627b125cc35e0d6c3,True,5,24
b2,b2-k16-xor_dom-shared-3-78849fba8a04,16,16,xor_dom,shared,words,13,13,37,34,34,42,30,30,38,55890.0,82990.0,56520.0,80700.0,0.9888535031847133,1.4683297947629157,0.6925650557620818,1.0283767038413878,0.7003717472118959,52870.0,56080.0,53310.0,56390.0,63450.0,79490.0,d8a6946aaef5ede9c872cb34102c54b328721c28f85ee042e221cd4e1035b1a3,d8a6946aaef5ede9c872cb34102c54b328721c28f85ee042e221cd4e1035b1a3,True,5,24
b2,b2-k16-xor_dom-shared-4-c20fb11b9c87,16,16,xor_dom,shared,words,15,16,36,32,38,45,26,32,39,49890.0,75250.0,58680.0,77590.0,0.8502044989775052,1.2823790047716428,0.6429952313442454,0.9698414744168062,0.7562830261631653,56300.0,52570.0,66610.0,62470.0,76300.0,81920.0,4ac9c3c0cad97d417ecda5976d75ae28cccf878ef50e0a5b38335576cdd355fc,4ac9c3c0cad97d417ecda5976d75ae28cccf878ef50e0a5b38335576cdd355fc,True,5,24
b2,b2-k16-andor_dom-tree-1-9b69c21027be,16,16,andor_dom,tree,words,15,15,16,17,17,17,16,16,16,41900.0,67560.0,41560.0,42120.0,1.0081809432146294,1.625601539942252,0.9947768281101614,1.603988603988604,0.9867046533713201,27870.0,41780.0,28500.0,41890.0,25840.0,42080.0,2ca316eb2f35ea4b8332ebc0581fd6e0804e90ea1114984111640b40d9fcc188,2ca316eb2f35ea4b8332ebc0581fd6e0804e90ea1114984111640b40d9fcc188,True,5,24
b2,b2-k16-andor_dom-tree-2-4798fd76dd91,16,16,andor_dom,tree,words,15,15,18,25,25,25,20,20,20,46910.0,74050.0,46480.0,47730.0,1.0092512908777969,1.59315834767642,0.9828200293316572,1.5514351560863189,0.9738110203226482,49540.0,47080.0,49770.0,47330.0,47640.0,48470.0,4460bf05a8bc6256ffcc79d3e2f758a8823b21313048bebf192867527f455313,4460bf05a8bc6256ffcc79d3e2f758a8823b21313048bebf192867527f455313,True,5,24
b2,b2-k16-andor_dom-tree-3-0631f9f38a59,16,16,andor_dom,tree,words,15,15,18,25,25,25,20,20,20,48690.0,84100.0,49070.0,50530.0,0.9922559608722233,1.7138781332789892,0.9635859885216703,1.664357807243222,0.9711062735008905,56130.0,49260.0,56610.0,49330.0,54040.0,50640.0,fbe9a08a73ce5575f037a20423fdff198c637108de4103c6866d2a82619d5521,fbe9a08a73ce5575f037a20423fdff198c637108de4103c6866d2a82619d5521,True,5,24
b2,b2-k16-andor_dom-tree-4-63621194d872,16,16,andor_dom,tree,words,17,17,20,27,28,28,22,23,23,50540.0,79460.0,52110.0,53610.0,0.9698714258299751,1.5248512761466129,0.9427345644469315,1.4821861592986383,0.9720201454952434,45660.0,48550.0,48100.0,49580.0,45450.0,50860.0,17f9d6bb136db54edcc941d09098c3b90ca65b39e4c4efbb1cce0ab98375d033,17f9d6bb136db54edcc941d09098c3b90ca65b39e4c4efbb1cce0ab98375d033,True,5,24
b2,b2-k16-andor_dom-shared-1-98d2a1ad94ad,16,16,andor_dom,shared,words,12,13,37,26,28,41,25,27,37,51140.0,75580.0,53630.0,77380.0,0.9535707626328548,1.409285847473429,0.6608942879296976,0.9767381752390799,0.6930731455156371,35880.0,51920.0,39420.0,55130.0,61680.0,79190.0,61cb2b2132400af1e104646086523433a7a1ab97ee1ca0017395caa45fe33395,61cb2b2132400af1e104646086523433a7a1ab97ee1ca0017395caa45fe33395,True,5,24
b2,b2-k16-andor_dom-shared-2-cf190eb487c4,16,16,andor_dom,shared,words,21,21,38,40,40,47,34,34,40,69270.0,98090.0,69750.0,86990.0,0.9931182795698925,1.4063082437275987,0.7962984251063341,1.1276008736636396,0.8018163007242212,68640.0,66510.0,69350.0,66360.0,78980.0,82900.0,a27c9206f7b3a6994f380287bd0875302344283e44383b01cd4424959ada4433,a27c9206f7b3a6994f380287bd0875302344283e44383b01cd4424959ada4433,True,5,24
b2,b2-k16-andor_dom-shared-3-b995a8e54fc8,16,16,andor_dom,shared,words,16,16,42,34,35,49,30,31,45,57960.0,83130.0,58660.0,90440.0,0.9880668257756563,1.4171496760995568,0.6408668730650154,0.9191729323308271,0.6486068111455109,51060.0,65800.0,53480.0,61880.0,70020.0,93830.0,a858d9c33bba4c22c5645d0238026ec68895f78131c09866ba049ac1213930f0,a858d9c33bba4c22c5645d0238026ec68895f78131c09866ba049ac1213930f0,True,5,24
b2,b2-k16-andor_dom-shared-4-00fae4d6add7,16,16,andor_dom,shared,words,16,17,39,33,34,52,29,30,45,55290.0,81910.0,57070.0,87090.0,0.9688102330471351,1.435254950061328,0.634860489149156,0.9405212998047996,0.6552991158571593,55930.0,53360.0,57900.0,55500.0,91760.0,85490.0,7b9b7ab938f677f2eeba5f8f4b683b2e08a62006f1718fd09dbd9982634affb7,7b9b7ab938f677f2eeba5f8f4b683b2e08a62006f1718fd09dbd9982634affb7,True,5,24
b2,b2-k16-impeqv_dom-tree-1-e08d580f6edb,16,16,impeqv_dom,tree,words,24,24,24,65,65,65,44,44,44,69060.0,93620.0,69540.0,68910.0,0.9930974978429681,1.3462755248777682,1.00217675228559,1.3585836598461762,1.0091423595994775,146240.0,73540.0,146490.0,73340.0,144940.0,73100.0,28939964043b92825c69db3a62cc0fd0e572fe878bc09d6abe48f167e8f38c56,28939964043b92825c69db3a62cc0fd0e572fe878bc09d6abe48f167e8f38c56,True,5,24
b2,b2-k16-impeqv_dom-tree-2-c47a93c76ff1,16,16,impeqv_dom,tree,words,21,21,22,56,56,56,37,37,37,64400.0,93070.0,64390.0,64240.0,1.0001553036185744,1.4454107780711292,1.0024906600249066,1.448785803237858,1.00233499377335,122770.0,63980.0,122770.0,64370.0,121040.0,64750.0,b02ee6a9490f8f01dae562dfc4eaee99f6b91c56c9a55de5075e040c2c8badb0,b02ee6a9490f8f01dae562dfc4eaee99f6b91c56c9a55de5075e040c2c8badb0,True,5,24
b2,b2-k16-impeqv_dom-tree-3-01da67660395,16,16,impeqv_dom,tree,words,23,23,24,60,60,60,41,41,41,71050.0,97430.0,70960.0,71820.0,1.0012683201803834,1.3730270574971815,0.9892787524366472,1.3565859092174881,0.9880256196045669,129270.0,69240.0,136450.0,69480.0,132650.0,69200.0,6eca2c4bc082b0802c1c2ec4897191c392a9aa04049295ebb289b5966f58ca11,6eca2c4bc082b0802c1c2ec4897191c392a9aa04049295ebb289b5966f58ca11,True,5,24
b2,b2-k16-impeqv_dom-tree-4-f1d16cc1ccd8,16,16,impeqv_dom,tree,words,20,20,20,54,54,54,35,35,35,60630.0,86230.0,59990.0,60340.0,1.01066844474079,1.4374062343723955,1.0048060987736163,1.429068611203182,0.994199535962877,123460.0,63820.0,125610.0,63250.0,123020.0,63420.0,b2800e59b7e91c0103d66c14b98bd8f6bd2802fc6614fcd1cba5ce28391b0a8d,b2800e59b7e91c0103d66c14b98bd8f6bd2802fc6614fcd1cba5ce28391b0a8d,True,5,24
b2,b2-k16-impeqv_dom-shared-1-37e51ffa951a,16,16,impeqv_dom,shared,words,30,30,39,77,77,93,52,52,64,83850.0,110800.0,84850.0,107060.0,0.9882144961697112,1.3058338243959928,0.7832056790584719,1.03493368204745,0.7925462357556511,178000.0,87390.0,178840.0,84290.0,208320.0,103550.0,3750f3194b5162b24abdb770fe535cd77b4bef4322b4e5dfa973574f347c175c,3750f3194b5162b24abdb770fe535cd77b4bef4322b4e5dfa973574f347c175c,True,5,24
b2,b2-k16-impeqv_dom-shared-2-c84cd9722277,16,16,impeqv_dom,shared,words,33,36,58,80,87,118,54,59,82,85120.0,123050.0,100590.0,131230.0,0.8462073764787752,1.2232826324684363,0.648632172521527,0.9376666920673626,0.7665168025603901,196820.0,87090.0,207340.0,95260.0,264140.0,134630.0,1c30a6291e46f89c84bcae3dadbeef7d015272b03ccf65928a8dfa7f459ee9b9,1c30a6291e46f89c84bcae3dadbeef7d015272b03ccf65928a8dfa7f459ee9b9,True,5,24
b2,b2-k16-impeqv_dom-shared-3-dd3d88c4a1c4,16,16,impeqv_dom,shared,words,26,31,63,74,89,185,49,59,123,74390.0,98120.0,88130.0,176420.0,0.844093952116192,1.1133552706229435,0.4216642104069833,0.5561727695272645,0.4995465366738465,187900.0,82140.0,209360.0,98580.0,441030.0,192850.0,5d121794535354beda6ba2813e5aba86727dc7c786f7fc871639de7cbca6eb44,5d121794535354beda6ba2813e5aba86727dc7c786f7fc871639de7cbca6eb44,True,5,24
b2,b2-k16-impeqv_dom-shared-4-750f3169f2d6,16,16,impeqv_dom,shared,words,23,24,44,67,69,124,44,46,81,80190.0,115230.0,85220.0,151780.0,0.9409762966439803,1.3521473832433701,0.5283304783238898,0.7591909342469364,0.5614705494795098,176270.0,74370.0,180440.0,83100.0,298160.0,134490.0,516f91b25b608fbd7314967bd76f9d270ad918c97cc184abb9d442d58cab63a2,516f91b25b608fbd7314967bd76f9d270ad918c97cc184abb9d442d58cab63a2,True,5,24
b2,b2-k16-mixed-tree-1-d1b5689114e3,16,16,mixed,tree,words,13,13,16,25,25,25,20,20,20,42010.0,67890.0,41890.0,43240.0,1.0028646455001193,1.620673191692528,0.9715541165587419,1.5700740055504163,0.9687789084181314,54970.0,43340.0,55770.0,43410.0,53480.0,44430.0,cfd9c47fbac4cfe26ed662ae3188f5f7e58968533c6a4898b9d815378ce18e20,cfd9c47fbac4cfe26ed662ae3188f5f7e58968533c6a4898b9d815378ce18e20,True,5,24
b2,b2-k16-mixed-tree-2-9cf5c64922ce,16,16,mixed,tree,words,16,16,16,26,26,26,21,21,21,69540.0,108180.0,69240.0,71850.0,1.0043327556325823,1.5623916811091854,0.9678496868475992,1.5056367432150313,0.9636743215031315,48560.0,48160.0,49370.0,48220.0,46750.0,47740.0,c4c0eb0b91911ee77095e3f1861624778ca5fc74b348b68586b378949000912b,c4c0eb0b91911ee77095e3f1861624778ca5fc74b348b68586b378949000912b,True,5,24
b2,b2-k16-mixed-tree-3-813773e1451b,16,16,mixed,tree,words,24,24,24,53,53,53,38,38,38,84570.0,116440.0,80980.0,90680.0,1.0443319338108175,1.4378858977525315,0.9326202029113365,1.2840758711954123,0.8930304367004852,122440.0,73400.0,124910.0,74340.0,121970.0,73780.0,a95812dc6dbc063bb8164d6abbc45375d73fcfc19d0625b01d15b5c6e8414b8e,a95812dc6dbc063bb8164d6abbc45375d73fcfc19d0625b01d15b5c6e8414b8e,True,5,24
b2,b2-k16-mixed-tree-4-8eb11693eacf,16,16,mixed,tree,words,20,20,21,43,43,43,32,32,32,65290.0,100320.0,65050.0,63280.0,1.0036894696387395,1.5421983089930822,1.031763590391909,1.5853350189633375,1.0279709228824274,90790.0,65570.0,90580.0,74910.0,103590.0,66100.0,4d6d9f055df5a6ee20cb816584dc2ae46a7f5e44347816ed8de2c611a8529f3b,4d6d9f055df5a6ee20cb816584dc2ae46a7f5e44347816ed8de2c611a8529f3b,True,5,24
b2,b2-k16-mixed-shared-1-ee24b1b1bb48,16,16,mixed,shared,words,17,17,38,39,39,54,32,32,46,62950.0,89790.0,61660.0,93490.0,1.0209211806681804,1.4562114823224133,0.6733340464220773,0.9604235747138732,0.6595357792277249,73640.0,61240.0,75440.0,61420.0,96980.0,91830.0,c1e3d8599b12aecc02b1037e39548ef97c9b307728c1dd11c2724784ceae6cb0,c1e3d8599b12aecc02b1037e39548ef97c9b307728c1dd11c2724784ceae6cb0,True,5,24
b2,b2-k16-mixed-shared-2-bc31f42a45c2,16,16,mixed,shared,words,18,18,50,51,51,107,39,39,76,65510.0,90560.0,65510.0,121590.0,1.0,1.3823843687986568,0.5387778600213834,0.744798091948351,0.5387778600213834,95230.0,68440.0,94910.0,69550.0,212360.0,127790.0,7a725401fb035c3469721894db466607939804371e65638031032201203731b2,7a725401fb035c3469721894db466607939804371e65638031032201203731b2,True,5,24
b2,b2-k16-mixed-shared-3-8dda327e304f,16,16,mixed,shared,words,23,23,42,50,50,70,40,40,56,70640.0,95550.0,70340.0,100000.0,1.0042649985783338,1.3584020471993177,0.7064,0.9555,0.7034,90550.0,72680.0,91440.0,72880.0,129520.0,104060.0,5a5dd23628309d8254036753447cc7855664935af517dc86b3a9c8b57d120b9f,5a5dd23628309d8254036753447cc7855664935af517dc86b3a9c8b57d120b9f,True,5,24
b2,b2-k16-mixed-shared-4-8dafe13fc96b,16,16,mixed,shared,words,16,16,34,45,45,68,35,35,51,66870.0,97000.0,65680.0,95130.0,1.0181181485992692,1.4768574908647991,0.7029328287606433,1.0196573110480396,0.6904236308209818,108500.0,84820.0,109500.0,72230.0,174040.0,111630.0,2b01e9e55fa763957fceaf6cf7170bb8e75ab3237ef34252d83ab4a5e9c39ccc,2b01e9e55fa763957fceaf6cf7170bb8e75ab3237ef34252d83ab4a5e9c39ccc,True,5,24
b4,b4-k8-xor_dom-tree-ab2bcaf5515c,8,16,xor_dom,tree,flat,10,10,12,18,18,18,14,14,14,4400.5,28689.0,4737.0,3880.0,0.9289634789951446,6.056364787840406,1.1341494845360824,7.3940721649484535,1.220876288659794,4261.0,15879.5,4662.5,16337.5,3729.0,16749.5,823aa951aee024175797ffa99d222f8da97c11c52f04fc164a37034077636b58,823aa951aee024175797ffa99d222f8da97c11c52f04fc164a37034077636b58,True,100,24
b4,b4-k8-xor_dom-tree-ab2bcaf5515c,8,20,xor_dom,tree,flat,10,10,12,18,18,18,14,14,14,7147.0,40458.5,6775.0,5677.0,1.0549077490774907,5.971734317343174,1.2589395807644883,7.126739475074864,1.1934120133873525,4344.0,17314.5,5177.5,16899.5,3797.0,17111.0,823aa951aee024175797ffa99d222f8da97c11c52f04fc164a37034077636b58,823aa951aee024175797ffa99d222f8da97c11c52f04fc164a37034077636b58,True,100,24
b4,b4-k8-xor_dom-tree-ab2bcaf5515c,8,24,xor_dom,tree,flat,10,10,12,18,18,18,14,14,14,4130.5,26335.0,4461.5,3638.0,0.9258097052560798,5.9027232993387875,1.1353765805387575,7.238867509620671,1.2263606377130292,4012.0,15286.0,4397.0,15083.0,3561.5,16339.0,823aa951aee024175797ffa99d222f8da97c11c52f04fc164a37034077636b58,823aa951aee024175797ffa99d222f8da97c11c52f04fc164a37034077636b58,True,100,24
b4,b4-k8-xor_dom-shared-97977d46abf4,8,16,xor_dom,shared,flat,6,8,25,15,23,26,14,22,25,3847.0,28148.5,5428.0,6396.0,0.7087324981577008,5.185795873249816,0.6014696685428392,4.400953721075672,0.8486554096310194,3309.5,14109.5,4633.5,21192.5,5445.0,30542.0,017ba139dc30dfb0539cf87bde3bc946b2d0b5ed110d6dc992ae96aeb48b8135,017ba139dc30dfb0539cf87bde3bc946b2d0b5ed110d6dc992ae96aeb48b8135,True,100,24
b4,b4-k8-xor_dom-shared-97977d46abf4,8,20,xor_dom,shared,flat,6,8,25,15,23,26,14,22,25,3540.0,26863.0,4685.0,5756.0,0.7556029882604055,5.733831376734258,0.6150104239054899,4.666956219596942,0.8139332870048644,3335.5,14101.5,4540.5,20643.5,5498.0,31480.5,017ba139dc30dfb0539cf87bde3bc946b2d0b5ed110d6dc992ae96aeb48b8135,017ba139dc30dfb0539cf87bde3bc946b2d0b5ed110d6dc992ae96aeb48b8135,True,100,24
b4,b4-k8-xor_dom-shared-97977d46abf4,8,24,xor_dom,shared,flat,6,8,25,15,23,26,14,22,25,3252.5,23993.0,4370.0,5392.5,0.744279176201373,5.490389016018306,0.6031525266573945,4.4493277700509966,0.8103847936949466,3376.0,14230.5,4591.0,21225.0,5509.5,31381.0,017ba139dc30dfb0539cf87bde3bc946b2d0b5ed110d6dc992ae96aeb48b8135,017ba139dc30dfb0539cf87bde3bc946b2d0b5ed110d6dc992ae96aeb48b8135,True,100,24
b4,b4-k8-andor_dom-tree-1deffbce22ed,8,16,andor_dom,tree,flat,4,4,8,8,8,8,8,8,8,2676.0,25378.5,2983.0,2490.5,0.8970834730137446,8.507710358699295,1.0744830355350332,10.1901224653684,1.1977514555310178,2643.5,9960.0,3010.5,10003.0,2364.5,11472.0,1216dd8bfb814cb128b9734bec0c1c5daa4778792a3a78d9a65c1c2a8eb7d712,1216dd8bfb814cb128b9734bec0c1c5daa4778792a3a78d9a65c1c2a8eb7d712,True,100,24
b4,b4-k8-andor_dom-tree-1deffbce22ed,8,20,andor_dom,tree,flat,4,4,8,8,8,8,8,8,8,2679.5,24948.5,2957.5,2472.5,0.9060016906170753,8.435672020287404,1.083720930232558,10.090394337714864,1.1961577350859454,2539.0,9851.0,2894.0,9815.0,2308.5,11179.0,1216dd8bfb814cb128b9734bec0c1c5daa4778792a3a78d9a65c1c2a8eb7d712,1216dd8bfb814cb128b9734bec0c1c5daa4778792a3a78d9a65c1c2a8eb7d712,True,100,24
b4,b4-k8-andor_dom-tree-1deffbce22ed,8,24,andor_dom,tree,flat,4,4,8,8,8,8,8,8,8,2471.5,22643.5,2714.5,2269.5,0.9104807515196168,8.341683551298582,1.0890063890724828,9.977307777043402,1.196078431372549,2373.5,9206.5,2664.0,9271.5,2134.0,10562.5,1216dd8bfb814cb128b9734bec0c1c5daa4778792a3a78d9a65c1c2a8eb7d712,1216dd8bfb814cb128b9734bec0c1c5daa4778792a3a78d9a65c1c2a8eb7d712,True,100,24
b4,b4-k8-andor_dom-shared-ddfd4bb6253b,8,16,andor_dom,shared,flat,17,17,63,33,33,107,27,27,84,6236.5,28416.5,6626.0,14189.5,0.9412164201629942,4.288635677633565,0.43951513443038864,2.002642799252969,0.4669650093378907,6022.0,25312.0,6432.5,25692.0,13612.5,79797.0,21e6cd49b1dabe9dd26edc61b1cde6776927d9a4c3f6022ebe270e6c26d8fccd,21e6cd49b1dabe9dd26edc61b1cde6776927d9a4c3f6022ebe270e6c26d8fccd,True,100,24
b4,b4-k8-andor_dom-shared-ddfd4bb6253b,8,20,andor_dom,shared,flat,17,17,63,33,33,107,27,27,84,6055.5,27563.0,6323.5,13462.5,0.9576184075274768,4.358820273582668,0.4498050139275766,2.0473909006499538,0.4697121634168988,6307.0,26711.0,6733.0,26851.5,14049.0,83735.5,21e6cd49b1dabe9dd26edc61b1cde6776927d9a4c3f6022ebe270e6c26d8fccd,21e6cd49b1dabe9dd26edc61b1cde6776927d9a4c3f6022ebe270e6c26d8fccd,True,100,24
b4,b4-k8-andor_dom-shared-ddfd4bb6253b,8,24,andor_dom,shared,flat,17,17,63,33,33,107,27,27,84,6221.5,27554.0,6470.0,13918.0,0.9615919629057187,4.258732612055641,0.4470110648081621,1.9797384681707142,0.4648656416151746,5922.5,24842.0,6273.0,25464.5,13442.5,78839.0,21e6cd49b1dabe9dd26edc61b1cde6776927d9a4c3f6022ebe270e6c26d8fccd,21e6cd49b1dabe9dd26edc61b1cde6776927d9a4c3f6022ebe270e6c26d8fccd,True,100,24
b4,b4-k8-impeqv_dom-tree-d790fcb10088,8,16,impeqv_dom,tree,flat,11,11,12,27,27,27,19,19,19,4673.5,25921.5,4949.0,4414.5,0.944332188320873,5.237724792887452,1.0586702910861931,5.871899422358138,1.1210782648091517,4592.5,17826.0,4998.5,17538.5,4361.5,17956.0,355abca755daacfcb02e12760e29610f3937fc96f02a8a36801d06c7752272c6,355abca755daacfcb02e12760e29610f3937fc96f02a8a36801d06c7752272c6,True,100,24
b4,b4-k8-impeqv_dom-tree-d790fcb10088,8,20,impeqv_dom,tree,flat,11,11,12,27,27,27,19,19,19,4759.5,27130.5,4997.5,4452.5,0.952376188094047,5.4288144072036015,1.0689500280741158,6.093318360471645,1.1224031443009546,4545.5,17399.0,4908.5,17442.5,4230.5,17738.0,355abca755daacfcb02e12760e29610f3937fc96f02a8a36801d06c7752272c6,355abca755daacfcb02e12760e29610f3937fc96f02a8a36801d06c7752272c6,True,100,24
b4,b4-k8-impeqv_dom-tree-d790fcb10088,8,24,impeqv_dom,tree,flat,11,11,12,27,27,27,19,19,19,4727.5,26126.0,5048.5,4485.0,0.9364167574527087,5.175002475982965,1.0540691192865106,5.825195094760312,1.1256410256410256,4324.0,16610.0,4698.0,16594.5,4099.0,17068.5,355abca755daacfcb02e12760e29610f3937fc96f02a8a36801d06c7752272c6,355abca755daacfcb02e12760e29610f3937fc96f02a8a36801d06c7752272c6,True,100,24
b4,b4-k8-impeqv_dom-shared-4bd4845b3576,8,16,impeqv_dom,shared,flat,17,19,25,43,48,61,29,33,42,6512.5,29447.5,7496.5,8140.0,0.8687387447475489,3.9281664776895884,0.8000614250614251,3.6176289926289926,0.9209459459459459,6052.0,24087.5,7193.0,27156.5,8020.5,35865.0,7615702cd3fa4a222f82f10801b889512640175fafd82cd14a65d5b92895e025,7615702cd3fa4a222f82f10801b889512640175fafd82cd14a65d5b92895e025,True,100,24
b4,b4-k8-impeqv_dom-shared-4bd4845b3576,8,20,impeqv_dom,shared,flat,17,19,25,43,48,61,29,33,42,6003.5,26904.5,7027.0,7691.0,0.8543475167212181,3.8287320335847443,0.7805876999089846,3.498179690547393,0.9136653231049279,5975.0,24009.0,7223.5,27203.5,7681.5,35453.5,7615702cd3fa4a222f82f10801b889512640175fafd82cd14a65d5b92895e025,7615702cd3fa4a222f82f10801b889512640175fafd82cd14a65d5b92895e025,True,100,24
b4,b4-k8-impeqv_dom-shared-4bd4845b3576,8,24,impeqv_dom,shared,flat,17,19,25,43,48,61,29,33,42,6099.0,27441.0,7135.5,7711.5,0.8547403825940719,3.8457010721042675,0.790896712701809,3.558451663100564,0.9253063606302275,6006.0,24131.5,7073.5,27462.5,7731.0,35206.0,7615702cd3fa4a222f82f10801b889512640175fafd82cd14a65d5b92895e025,7615702cd3fa4a222f82f10801b889512640175fafd82cd14a65d5b92895e025,True,100,24
b4,b4-k8-mixed-tree-e2387dd52311,8,16,mixed,tree,flat,9,9,9,19,19,19,13,13,13,3838.5,26481.0,4162.0,3460.5,0.922272945699183,6.362566074002883,1.1092327698309492,7.652362375379281,1.2027163704666957,3767.5,13488.0,4100.0,13471.5,3415.0,13916.0,a6ffb8e839203583587a595caf3f30754611c071319effcd06249814e0098c42,a6ffb8e839203583587a595caf3f30754611c071319effcd06249814e0098c42,True,100,24
b4,b4-k8-mixed-tree-e2387dd52311,8,20,mixed,tree,flat,9,9,9,19,19,19,13,13,13,3698.5,24957.5,4019.0,3351.0,0.9202537944762379,6.20987807912416,1.1037003879438974,7.447776783049836,1.1993434795583409,3767.5,13107.5,4157.0,13210.0,3321.5,13308.5,a6ffb8e839203583587a595caf3f30754611c071319effcd06249814e0098c42,a6ffb8e839203583587a595caf3f30754611c071319effcd06249814e0098c42,True,100,24
b4,b4-k8-mixed-tree-e2387dd52311,8,24,mixed,tree,flat,9,9,9,19,19,19,13,13,13,3729.5,25025.5,4101.5,3358.5,0.9093014750700963,6.101548214068024,1.1104659818371296,7.451391990471937,1.221229715646866,3639.0,12810.0,4052.0,12795.0,3260.0,12839.5,a6ffb8e839203583587a595caf3f30754611c071319effcd06249814e0098c42,a6ffb8e839203583587a595caf3f30754611c071319effcd06249814e0098c42,True,100,24
b4,b4-k8-mixed-shared-af0d30e3fab9,8,16,mixed,shared,flat,12,12,28,31,31,49,25,25,38,5124.0,27192.0,5438.0,7109.0,0.9422581831555719,5.000367782272894,0.7207764805176536,3.8250105500070335,0.7649458432972288,5124.0,23533.0,5543.5,23649.0,7086.0,39243.0,fd72235f91772c02350df5deef3c4e1419297226d4cd1f56ef6fb0057cf4caf1,fd72235f91772c02350df5deef3c4e1419297226d4cd1f56ef6fb0057cf4caf1,True,100,24
b4,b4-k8-mixed-shared-af0d30e3fab9,8,20,mixed,shared,flat,12,12,28,31,31,49,25,25,38,5244.0,28749.5,5573.5,7347.0,0.9408809545169103,5.158248856194492,0.7137607186606778,3.9130937797740573,0.7586089560364775,4929.0,22733.0,5416.5,22785.0,6957.5,38001.5,fd72235f91772c02350df5deef3c4e1419297226d4cd1f56ef6fb0057cf4caf1,fd72235f91772c02350df5deef3c4e1419297226d4cd1f56ef6fb0057cf4caf1,True,100,24
b4,b4-k8-mixed-shared-af0d30e3fab9,8,24,mixed,shared,flat,12,12,28,31,31,49,25,25,38,4894.0,26226.0,5281.0,6809.0,0.9267184245408067,4.966104904374172,0.7187545895138787,3.85166691144074,0.7755911293875752,4879.5,22235.0,5356.5,22208.5,6653.0,36831.0,fd72235f91772c02350df5deef3c4e1419297226d4cd1f56ef6fb0057cf4caf1,fd72235f91772c02350df5deef3c4e1419297226d4cd1f56ef6fb0057cf4caf1,True,100,24
b4,b4-k12-xor_dom-tree-8d4df9a5aa26,12,16,xor_dom,tree,flat,6,6,11,15,15,15,13,13,13,5912.0,28102.0,6234.0,5938.0,0.9483477702919474,4.507860121912095,0.9956214213539912,4.732569888851465,1.0498484338160996,6594.0,15654.0,7060.0,15534.0,6502.0,18068.0,21fcd61bfa4cf4bce0a55a11cb66e07a50691ac4939aa18a3c3be22b3fbd521b,21fcd61bfa4cf4bce0a55a11cb66e07a50691ac4939aa18a3c3be22b3fbd521b,True,25,24
b4,b4-k12-xor_dom-tree-8d4df9a5aa26,12,20,xor_dom,tree,flat,6,6,11,15,15,15,13,13,13,6632.0,32960.0,7128.0,6794.0,0.9304152637485971,4.624017957351291,0.976155431262879,4.851339417132764,1.0491610244333236,6424.0,15204.0,6888.0,15234.0,6410.0,17342.0,21fcd61bfa4cf4bce0a55a11cb66e07a50691ac4939aa18a3c3be22b3fbd521b,21fcd61bfa4cf4bce0a55a11cb66e07a50691ac4939aa18a3c3be22b3fbd521b,True,25,24
b4,b4-k12-xor_dom-tree-8d4df9a5aa26,12,24,xor_dom,tree,flat,6,6,11,15,15,15,13,13,13,6002.0,27294.0,6394.0,6074.0,0.9386925242414764,4.26868939630904,0.9881461969048403,4.493579189990122,1.0526835693118208,5794.0,14700.0,6238.0,14542.0,5770.0,16562.0,21fcd61bfa4cf4bce0a55a11cb66e07a50691ac4939aa18a3c3be22b3fbd521b,21fcd61bfa4cf4bce0a55a11cb66e07a50691ac4939aa18a3c3be22b3fbd521b,True,25,24
b4,b4-k12-xor_dom-shared-221d38307c2c,12,16,xor_dom,shared,flat,7,7,36,20,24,37,19,23,36,6402.0,28762.0,7274.0,11294.0,0.880120978828705,3.954083035468793,0.5668496546839029,2.5466619443952543,0.6440587922790862,6402.0,18782.0,7288.0,21794.0,11422.0,44260.0,7c87f58d0aade6bc2554ac3faaa1b721bcb1db7833fd31f5e6b066cd2c6b3330,7c87f58d0aade6bc2554ac3faaa1b721bcb1db7833fd31f5e6b066cd2c6b3330,True,25,24
b4,b4-k12-xor_dom-shared-221d38307c2c,12,20,xor_dom,shared,flat,7,7,36,20,24,37,19,23,36,6298.0,27442.0,7168.0,11116.0,0.8786272321428571,3.828404017857143,0.5665707088880892,2.4686937747391147,0.6448362720403022,6820.0,19756.0,7774.0,23100.0,12110.0,46922.0,7c87f58d0aade6bc2554ac3faaa1b721bcb1db7833fd31f5e6b066cd2c6b3330,7c87f58d0aade6bc2554ac3faaa1b721bcb1db7833fd31f5e6b066cd2c6b3330,True,25,24
b4,b4-k12-xor_dom-shared-221d38307c2c,12,24,xor_dom,shared,flat,7,7,36,20,24,37,19,23,36,6930.0,32614.0,7866.0,12448.0,0.8810068649885584,4.146198830409356,0.5567159383033419,2.6200192802056557,0.6319087403598972,6424.0,18774.0,7418.0,22050.0,11778.0,44432.0,7c87f58d0aade6bc2554ac3faaa1b721bcb1db7833fd31f5e6b066cd2c6b3330,7c87f58d0aade6bc2554ac3faaa1b721bcb1db7833fd31f5e6b066cd2c6b3330,True,25,24
b4,b4-k12-andor_dom-tree-c5f4154e06f3,12,16,andor_dom,tree,flat,11,11,14,14,15,15,13,14,14,6092.0,28336.0,6616.0,5388.0,0.9207980652962515,4.282950423216445,1.1306607275426874,5.25909428359317,1.2279138827023015,6178.0,17200.0,6826.0,18320.0,5350.0,19196.0,d949c9d8a9f40eebbffa0da6e11d31d1ecf796cd3a1d92283264a320038b8261,d949c9d8a9f40eebbffa0da6e11d31d1ecf796cd3a1d92283264a320038b8261,True,25,24
b4,b4-k12-andor_dom-tree-c5f4154e06f3,12,20,andor_dom,tree,flat,11,11,14,14,15,15,13,14,14,6074.0,28014.0,6602.0,5344.0,0.9200242350802788,4.243259618297485,1.1366017964071857,5.242140718562874,1.2354041916167664,5828.0,16176.0,6526.0,17180.0,5106.0,18126.0,d949c9d8a9f40eebbffa0da6e11d31d1ecf796cd3a1d92283264a320038b8261,d949c9d8a9f40eebbffa0da6e11d31d1ecf796cd3a1d92283264a320038b8261,True,25,24
b4,b4-k12-andor_dom-tree-c5f4154e06f3,12,24,andor_dom,tree,flat,11,11,14,14,15,15,13,14,14,6006.0,27228.0,6530.0,5302.0,0.9197549770290965,4.169678407350689,1.1327800829875518,5.1354205960015085,1.2316107129385139,6084.0,16892.0,6688.0,17740.0,5282.0,18800.0,d949c9d8a9f40eebbffa0da6e11d31d1ecf796cd3a1d92283264a320038b8261,d949c9d8a9f40eebbffa0da6e11d31d1ecf796cd3a1d92283264a320038b8261,True,25,24
b4,b4-k12-andor_dom-shared-86ccd155e598,12,16,andor_dom,shared,flat,9,11,26,24,27,31,21,24,28,7676.0,31176.0,8534.0,9308.0,0.8994609796109679,3.6531520974923835,0.8246669531585733,3.349376880103137,0.9168457241082939,7774.0,22112.0,8602.0,25550.0,9150.0,35152.0,3a691de90fd2e568f22c76b8493ad1468f9dc78745dd407b116b6fd267145db2,3a691de90fd2e568f22c76b8493ad1468f9dc78745dd407b116b6fd267145db2,True,25,24
b4,b4-k12-andor_dom-shared-86ccd155e598,12,20,andor_dom,shared,flat,9,11,26,24,27,31,21,24,28,7676.0,30040.0,8504.0,9322.0,0.9026340545625587,3.5324553151458136,0.823428448830723,3.222484445397983,0.9122505900021455,7694.0,21876.0,8628.0,25338.0,9170.0,34360.0,3a691de90fd2e568f22c76b8493ad1468f9dc78745dd407b116b6fd267145db2,3a691de90fd2e568f22c76b8493ad1468f9dc78745dd407b116b6fd267145db2,True,25,24
b4,b4-k12-andor_dom-shared-86ccd155e598,12,24,andor_dom,shared,flat,9,11,26,24,27,31,21,24,28,7700.0,31036.0,8518.0,9314.0,0.9039680676215074,3.6435783047663772,0.8267124758428173,3.3321881039295684,0.9145372557440412,7656.0,21910.0,8582.0,25476.0,9250.0,34586.0,3a691de90fd2e568f22c76b8493ad1468f9dc78745dd407b116b6fd267145db2,3a691de90fd2e568f22c76b8493ad1468f9dc78745dd407b116b6fd267145db2,True,25,24
b4,b4-k12-impeqv_dom-tree-8fe562209709,12,16,impeqv_dom,tree,flat,13,13,13,31,31,31,21,21,21,12000.0,35416.0,12390.0,11644.0,0.9685230024213075,2.8584342211460854,1.0305736860185504,3.041566472002748,1.0640673308141533,12420.0,21152.0,12860.0,21334.0,11788.0,21272.0,e245efb7c6cdd5382da73a305e702450dcc37d19e564d38fcf7a87fd90239187,e245efb7c6cdd5382da73a305e702450dcc37d19e564d38fcf7a87fd90239187,True,25,24
b4,b4-k12-impeqv_dom-tree-8fe562209709,12,20,impeqv_dom,tree,flat,13,13,13,31,31,31,21,21,21,12372.0,36102.0,12784.0,11862.0,0.9677722152690864,2.823998748435544,1.042994436014163,3.043500252908447,1.0777271960883494,11676.0,19668.0,12110.0,20004.0,11158.0,19786.0,e245efb7c6cdd5382da73a305e702450dcc37d19e564d38fcf7a87fd90239187,e245efb7c6cdd5382da73a305e702450dcc37d19e564d38fcf7a87fd90239187,True,25,24
b4,b4-k12-impeqv_dom-tree-8fe562209709,12,24,impeqv_dom,tree,flat,13,13,13,31,31,31,21,21,21,12004.0,34926.0,12410.0,11672.0,0.9672844480257856,2.8143432715551975,1.0284441398217958,2.992289239204935,1.063228238519534,11772.0,20046.0,12298.0,20270.0,11354.0,20128.0,e245efb7c6cdd5382da73a305e702450dcc37d19e564d38fcf7a87fd90239187,e245efb7c6cdd5382da73a305e702450dcc37d19e564d38fcf7a87fd90239187,True,25,24
b4,b4-k12-impeqv_dom-shared-a906e175a694,12,16,impeqv_dom,shared,flat,22,22,35,59,59,94,40,40,64,20782.0,44406.0,21192.0,29614.0,0.9806530766326916,2.095413363533409,0.7017626798136016,1.4994934828121835,0.7156074829472546,21074.0,36836.0,21874.0,36992.0,30388.0,58408.0,b7fb5e2f2206b97a1fe6625049c4a5e6c76425cfc7fb3a538e8ed62a44d98b8f,b7fb5e2f2206b97a1fe6625049c4a5e6c76425cfc7fb3a538e8ed62a44d98b8f,True,25,24
b4,b4-k12-impeqv_dom-shared-a906e175a694,12,20,impeqv_dom,shared,flat,22,22,35,59,59,94,40,40,64,45406.0,97292.0,46900.0,65764.0,0.9681449893390192,2.074456289978678,0.6904385378018368,1.4794112280274923,0.7131561340551061,41284.0,68870.0,42860.0,68304.0,61858.0,108712.0,b7fb5e2f2206b97a1fe6625049c4a5e6c76425cfc7fb3a538e8ed62a44d98b8f,b7fb5e2f2206b97a1fe6625049c4a5e6c76425cfc7fb3a538e8ed62a44d98b8f,True,25,24
b4,b4-k12-impeqv_dom-shared-a906e175a694,12,24,impeqv_dom,shared,flat,22,22,35,59,59,94,40,40,64,21724.0,49826.0,22526.0,32412.0,0.96439669714996,2.2119328775637044,0.6702455880538072,1.537270146859188,0.6949895100580032,21024.0,36322.0,21734.0,36988.0,30168.0,57828.0,b7fb5e2f2206b97a1fe6625049c4a5e6c76425cfc7fb3a538e8ed62a44d98b8f,b7fb5e2f2206b97a1fe6625049c4a5e6c76425cfc7fb3a538e8ed62a44d98b8f,True,25,24
b4,b4-k12-mixed-tree-646cf634cbc9,12,16,mixed,tree,flat,8,8,11,15,15,15,13,13,13,6664.0,30790.0,7014.0,6190.0,0.9500998003992016,4.389791844881665,1.0765751211631664,4.974151857835218,1.1331179321486269,6608.0,15666.0,6786.0,15774.0,5842.0,16618.0,f113a50e484a199a624fd6fe2572894e730c3ae9debcf3c8534e9bb10a6a592e,f113a50e484a199a624fd6fe2572894e730c3ae9debcf3c8534e9bb10a6a592e,True,25,24
b4,b4-k12-mixed-tree-646cf634cbc9,12,20,mixed,tree,flat,8,8,11,15,15,15,13,13,13,6610.0,28458.0,6804.0,5994.0,0.9714873603762493,4.182539682539683,1.1027694361027693,4.747747747747748,1.135135135135135,6182.0,15090.0,6492.0,14872.0,5600.0,15860.0,f113a50e484a199a624fd6fe2572894e730c3ae9debcf3c8534e9bb10a6a592e,f113a50e484a199a624fd6fe2572894e730c3ae9debcf3c8534e9bb10a6a592e,True,25,24
b4,b4-k12-mixed-tree-646cf634cbc9,12,24,mixed,tree,flat,8,8,11,15,15,15,13,13,13,6200.0,28318.0,6540.0,5698.0,0.9480122324159022,4.3299694189602445,1.0881010881010882,4.96981396981397,1.1477711477711479,6126.0,14984.0,6574.0,14794.0,5630.0,15882.0,f113a50e484a199a624fd6fe2572894e730c3ae9debcf3c8534e9bb10a6a592e,f113a50e484a199a624fd6fe2572894e730c3ae9debcf3c8534e9bb10a6a592e,True,25,24
b4,b4-k12-mixed-shared-f8025aa2f7b1,12,16,mixed,shared,flat,26,26,64,57,57,99,46,46,78,19502.0,44966.0,19854.0,32448.0,0.9822705751989523,2.2648332829656495,0.6010231755424064,1.3857864891518739,0.6118713017751479,18082.0,43300.0,18460.0,43546.0,29948.0,79600.0,8494d33604500637a75915e0e76744108fbf8497359191e7246cc7982d6f54ed,8494d33604500637a75915e0e76744108fbf8497359191e7246cc7982d6f54ed,True,25,24
b4,b4-k12-mixed-shared-f8025aa2f7b1,12,20,mixed,shared,flat,26,26,64,57,57,99,46,46,78,17824.0,40908.0,18162.0,29876.0,0.9813897147891202,2.252395110670631,0.5965992770116482,1.3692596063730085,0.6079127058508502,19082.0,44870.0,19480.0,45352.0,31736.0,84050.0,8494d33604500637a75915e0e76744108fbf8497359191e7246cc7982d6f54ed,8494d33604500637a75915e0e76744108fbf8497359191e7246cc7982d6f54ed,True,25,24
b4,b4-k12-mixed-shared-f8025aa2f7b1,12,24,mixed,shared,flat,26,26,64,57,57,99,46,46,78,18334.0,41798.0,19210.0,36196.0,0.9543987506507028,2.1758459135866737,0.5065200574649132,1.1547684827052713,0.5307216266990827,19128.0,44686.0,18928.0,43842.0,35726.0,81862.0,8494d33604500637a75915e0e76744108fbf8497359191e7246cc7982d6f54ed,8494d33604500637a75915e0e76744108fbf8497359191e7246cc7982d6f54ed,True,25,24
b4,b4-k16-xor_dom-tree-6109348803ab,16,16,xor_dom,tree,words,12,12,20,26,26,26,21,21,21,57190.0,84120.0,52800.0,61370.0,1.0831439393939395,1.5931818181818183,0.9318885448916409,1.3707022975395144,0.8603552224213785,43770.0,43350.0,44900.0,41630.0,43410.0,45110.0,19c03725e5cc1b5e01e0eba58c63c0d7865a9bbd3f4e219e74aa34c68266be7b,19c03725e5cc1b5e01e0eba58c63c0d7865a9bbd3f4e219e74aa34c68266be7b,True,5,24
b4,b4-k16-xor_dom-tree-6109348803ab,16,20,xor_dom,tree,words,12,12,20,26,26,26,21,21,21,48370.0,85440.0,47590.0,52890.0,1.0163899978987183,1.7953351544442109,0.9145396105123842,1.6154282473057289,0.8997920211760257,44830.0,43600.0,45630.0,43070.0,45090.0,46600.0,19c03725e5cc1b5e01e0eba58c63c0d7865a9bbd3f4e219e74aa34c68266be7b,19c03725e5cc1b5e01e0eba58c63c0d7865a9bbd3f4e219e74aa34c68266be7b,True,5,24
b4,b4-k16-xor_dom-tree-6109348803ab,16,24,xor_dom,tree,words,12,12,20,26,26,26,21,21,21,41360.0,68370.0,41320.0,44860.0,1.0009680542110357,1.654646660212972,0.9219794917521177,1.5240748996879179,0.9210878288007134,44410.0,42790.0,45410.0,42970.0,44970.0,46240.0,19c03725e5cc1b5e01e0eba58c63c0d7865a9bbd3f4e219e74aa34c68266be7b,19c03725e5cc1b5e01e0eba58c63c0d7865a9bbd3f4e219e74aa34c68266be7b,True,5,24
b4,b4-k16-xor_dom-shared-24aebb58ba91,16,16,xor_dom,shared,words,7,8,30,23,26,38,21,24,33,42530.0,68850.0,46300.0,68360.0,0.9185745140388769,1.4870410367170626,0.6221474546518432,1.0071679344645992,0.6772966647162083,34140.0,41070.0,38940.0,45080.0,66090.0,65930.0,1982b9f6474e902be78ea310337c95bf2c53ff56d74d5ef3bb976d45a2fd7b0c,1982b9f6474e902be78ea310337c95bf2c53ff56d74d5ef3bb976d45a2fd7b0c,True,5,24
b4,b4-k16-xor_dom-shared-24aebb58ba91,16,20,xor_dom,shared,words,7,8,30,23,26,38,21,24,33,40310.0,68330.0,44870.0,65840.0,0.8983730777802541,1.5228437708936928,0.6122417982989065,1.0378189550425274,0.6815006075334143,34340.0,40940.0,38680.0,45360.0,66820.0,66440.0,1982b9f6474e902be78ea310337c95bf2c53ff56d74d5ef3bb976d45a2fd7b0c,1982b9f6474e902be78ea310337c95bf2c53ff56d74d5ef3bb976d45a2fd7b0c,True,5,24
b4,b4-k16-xor_dom-shared-24aebb58ba91,16,24,xor_dom,shared,words,7,8,30,23,26,38,21,24,33,40360.0,67580.0,44360.0,67400.0,0.9098286744815148,1.5234445446348062,0.598813056379822,1.0026706231454006,0.6581602373887241,37050.0,44610.0,41150.0,48650.0,70490.0,71850.0,1982b9f6474e902be78ea310337c95bf2c53ff56d74d5ef3bb976d45a2fd7b0c,1982b9f6474e902be78ea310337c95bf2c53ff56d74d5ef3bb976d45a2fd7b0c,True,5,24
b4,b4-k16-andor_dom-tree-2f1233215648,16,16,andor_dom,tree,words,13,13,16,17,17,17,16,16,16,40020.0,65180.0,40090.0,40910.0,0.9982539286605139,1.6258418558243952,0.9782449278904913,1.5932534832559277,0.979956000977756,25090.0,37500.0,25700.0,37670.0,23640.0,38380.0,65bbc846767fb03a5bb45d48fb90329a7345a0c94bfcb0f57ec1c170dd3156b1,65bbc846767fb03a5bb45d48fb90329a7345a0c94bfcb0f57ec1c170dd3156b1,True,5,24
b4,b4-k16-andor_dom-tree-2f1233215648,16,20,andor_dom,tree,words,13,13,16,17,17,17,16,16,16,38760.0,66680.0,38610.0,40020.0,1.0038850038850038,1.727013727013727,0.9685157421289355,1.6661669165417292,0.9647676161919041,25170.0,37580.0,25810.0,37930.0,23600.0,38630.0,65bbc846767fb03a5bb45d48fb90329a7345a0c94bfcb0f57ec1c170dd3156b1,65bbc846767fb03a5bb45d48fb90329a7345a0c94bfcb0f57ec1c170dd3156b1,True,5,24
b4,b4-k16-andor_dom-tree-2f1233215648,16,24,andor_dom,tree,words,13,13,16,17,17,17,16,16,16,37760.0,63960.0,37530.0,38280.0,1.0061284305888623,1.7042366107114308,0.9864158829676071,1.670846394984326,0.9804075235109718,24270.0,35910.0,24510.0,36140.0,22670.0,36880.0,65bbc846767fb03a5bb45d48fb90329a7345a0c94bfcb0f57ec1c170dd3156b1,65bbc846767fb03a5bb45d48fb90329a7345a0c94bfcb0f57ec1c170dd3156b1,True,5,24
b4,b4-k16-andor_dom-shared-3f5171ea0365,16,16,andor_dom,shared,words,11,11,31,27,27,35,26,26,33,49510.0,73310.0,49250.0,66700.0,1.005279187817259,1.488527918781726,0.7422788605697151,1.0991004497751125,0.7383808095952024,34570.0,49380.0,34780.0,49510.0,46230.0,66890.0,a3e9a89e15f43111479cb1c649762223a1020c7ff05a0790a1dbd724c186d43d,a3e9a89e15f43111479cb1c649762223a1020c7ff05a0790a1dbd724c186d43d,True,5,24
b4,b4-k16-andor_dom-shared-3f5171ea0365,16,20,andor_dom,shared,words,11,11,31,27,27,35,26,26,33,48710.0,75390.0,48650.0,66600.0,1.0012332990750257,1.5496402877697841,0.7313813813813814,1.131981981981982,0.7304804804804805,34390.0,49660.0,34390.0,50450.0,48560.0,67600.0,a3e9a89e15f43111479cb1c649762223a1020c7ff05a0790a1dbd724c186d43d,a3e9a89e15f43111479cb1c649762223a1020c7ff05a0790a1dbd724c186d43d,True,5,24
b4,b4-k16-andor_dom-shared-3f5171ea0365,16,24,andor_dom,shared,words,11,11,31,27,27,35,26,26,33,53760.0,83180.0,54470.0,73340.0,0.9869653020011016,1.5270791261244723,0.7330242705208617,1.1341696209435506,0.7427052086173984,38970.0,56740.0,40010.0,56940.0,53950.0,76260.0,a3e9a89e15f43111479cb1c649762223a1020c7ff05a0790a1dbd724c186d43d,a3e9a89e15f43111479cb1c649762223a1020c7ff05a0790a1dbd724c186d43d,True,5,24
b4,b4-k16-impeqv_dom-tree-e8f2b17bc687,16,16,impeqv_dom,tree,words,21,21,21,58,58,58,39,39,39,65460.0,90420.0,65300.0,66050.0,1.0024502297090352,1.38468606431853,0.9910673732021196,1.3689629068887206,0.9886449659348978,124040.0,64210.0,124940.0,64110.0,123480.0,64090.0,f34ccea8f4207e4c2911132f497a2011bae9b60d87ac450aaba9658a05c39d6b,f34ccea8f4207e4c2911132f497a2011bae9b60d87ac450aaba9658a05c39d6b,True,5,24
b4,b4-k16-impeqv_dom-tree-e8f2b17bc687,16,20,impeqv_dom,tree,words,21,21,21,58,58,58,39,39,39,63490.0,91080.0,63290.0,63950.0,1.003160056881024,1.4390899036182652,0.9928068803752932,1.4242376856919468,0.9896794370602033,121740.0,63140.0,123000.0,63110.0,122130.0,63650.0,f34ccea8f4207e4c2911132f497a2011bae9b60d87ac450aaba9658a05c39d6b,f34ccea8f4207e4c2911132f497a2011bae9b60d87ac450aaba9658a05c39d6b,True,5,24
b4,b4-k16-impeqv_dom-tree-e8f2b17bc687,16,24,impeqv_dom,tree,words,21,21,21,58,58,58,39,39,39,67430.0,96710.0,68560.0,68700.0,0.9835180863477246,1.4105892648774796,0.981513828238719,1.4077147016011644,0.997962154294032,129260.0,67530.0,130780.0,69150.0,128340.0,67790.0,f34ccea8f4207e4c2911132f497a2011bae9b60d87ac450aaba9658a05c39d6b,f34ccea8f4207e4c2911132f497a2011bae9b60d87ac450aaba9658a05c39d6b,True,5,24
b4,b4-k16-impeqv_dom-shared-e99fa645e56f,16,16,impeqv_dom,shared,words,32,32,50,78,78,118,53,53,80,90100.0,118920.0,90890.0,135010.0,0.9913081747166905,1.308394762900209,0.6673579734834457,0.8808236426931338,0.6732093918968965,178610.0,88900.0,183180.0,92390.0,258050.0,138390.0,5ea1738aec3cdb44c3738da5cb0360c64d34b37e30d0513696bf11f50671ba93,5ea1738aec3cdb44c3738da5cb0360c64d34b37e30d0513696bf11f50671ba93,True,5,24
b4,b4-k16-impeqv_dom-shared-e99fa645e56f,16,20,impeqv_dom,shared,words,32,32,50,78,78,118,53,53,80,95560.0,126160.0,91560.0,132860.0,1.0436871996505024,1.3778942769768459,0.7192533493903357,0.9495709769682372,0.6891464699683878,177840.0,91010.0,183890.0,89320.0,249690.0,133260.0,5ea1738aec3cdb44c3738da5cb0360c64d34b37e30d0513696bf11f50671ba93,5ea1738aec3cdb44c3738da5cb0360c64d34b37e30d0513696bf11f50671ba93,True,5,24
b4,b4-k16-impeqv_dom-shared-e99fa645e56f,16,24,impeqv_dom,shared,words,32,32,50,78,78,118,53,53,80,83820.0,111600.0,83380.0,124880.0,1.0052770448548813,1.3384504677380666,0.6712043561819346,0.8936579115951313,0.6676809737347854,169680.0,85540.0,170060.0,87130.0,239200.0,126670.0,5ea1738aec3cdb44c3738da5cb0360c64d34b37e30d0513696bf11f50671ba93,5ea1738aec3cdb44c3738da5cb0360c64d34b37e30d0513696bf11f50671ba93,True,5,24
b4,b4-k16-mixed-tree-1a32ec4e774b,16,16,mixed,tree,words,19,19,24,43,43,43,33,33,33,57630.0,81290.0,58770.0,59640.0,0.9806023481368045,1.3831887017185638,0.966297786720322,1.3630114017437962,0.9854124748490946,75950.0,59530.0,76510.0,60320.0,75410.0,61380.0,3415d1f4d1c6bbc5eebc32a426fbf05984a23c3baa2a116928ee575577748dad,3415d1f4d1c6bbc5eebc32a426fbf05984a23c3baa2a116928ee575577748dad,True,5,24
b4,b4-k16-mixed-tree-1a32ec4e774b,16,20,mixed,tree,words,19,19,24,43,43,43,33,33,33,60560.0,88670.0,60740.0,62230.0,0.9970365492262101,1.4598287783997366,0.9731640687771171,1.424875461995822,0.9760565643580267,78990.0,60770.0,78750.0,60600.0,77080.0,61900.0,3415d1f4d1c6bbc5eebc32a426fbf05984a23c3baa2a116928ee575577748dad,3415d1f4d1c6bbc5eebc32a426fbf05984a23c3baa2a116928ee575577748dad,True,5,24
b4,b4-k16-mixed-tree-1a32ec4e774b,16,24,mixed,tree,words,19,19,24,43,43,43,33,33,33,59780.0,88170.0,59610.0,62650.0,1.0028518704915284,1.479114242576749,0.9541899441340782,1.407342378292099,0.9514764565043895,90610.0,92740.0,90020.0,87490.0,93590.0,75640.0,3415d1f4d1c6bbc5eebc32a426fbf05984a23c3baa2a116928ee575577748dad,3415d1f4d1c6bbc5eebc32a426fbf05984a23c3baa2a116928ee575577748dad,True,5,24
b4,b4-k16-mixed-shared-53b17b68c3f4,16,16,mixed,shared,words,23,23,43,56,56,82,43,43,62,79970.0,107880.0,79650.0,113620.0,1.0040175768989328,1.3544256120527307,0.7038373525787713,0.9494807252244323,0.7010209470163704,107240.0,72580.0,108820.0,73250.0,158470.0,106220.0,429f1bf7f7d888e276b72b8eb279d92843030c475661ddee10c10f18895a7dd0,429f1bf7f7d888e276b72b8eb279d92843030c475661ddee10c10f18895a7dd0,True,5,24
b4,b4-k16-mixed-shared-53b17b68c3f4,16,20,mixed,shared,words,23,23,43,56,56,82,43,43,62,89710.0,119970.0,85650.0,136130.0,1.0474022183304146,1.4007005253940454,0.6590024241533828,0.8812899434364211,0.6291779916256519,107430.0,76160.0,110350.0,75960.0,167690.0,111680.0,429f1bf7f7d888e276b72b8eb279d92843030c475661ddee10c10f18895a7dd0,429f1bf7f7d888e276b72b8eb279d92843030c475661ddee10c10f18895a7dd0,True,5,24
b4,b4-k16-mixed-shared-53b17b68c3f4,16,24,mixed,shared,words,23,23,43,56,56,82,43,43,62,73100.0,98420.0,72050.0,106020.0,1.0145732130464955,1.3659958362248439,0.6894925485757404,0.9283154121863799,0.6795887568383324,107400.0,73410.0,108360.0,73370.0,159250.0,106870.0,429f1bf7f7d888e276b72b8eb279d92843030c475661ddee10c10f18895a7dd0,429f1bf7f7d888e276b72b8eb279d92843030c475661ddee10c10f18895a7dd0,True,5,24
